INFO:     Will watch for changes in these directories: ['C:\\Users\\inven\\OneDrive\\Documentos\\GitHub\\watchlist\\4.Analizador cripto\\backend']
INFO:     Uvicorn running on http://127.0.0.1:10000 (Press CTRL+C to quit)
INFO:     Started reloader process [11288] using WatchFiles
2026-02-09 10:33:18 - uvicorn.error - INFO - Started server process [22456]
2026-02-09 10:33:18 - uvicorn.error - INFO - Started server process [22456]
2026-02-09 10:33:18 - uvicorn.error - INFO - Waiting for application startup.
2026-02-09 10:33:18 - uvicorn.error - INFO - Waiting for application startup.
2026-02-09 10:33:18 - alert_sender - INFO - [STARTUP] Alert sender started. Target: http://localhost:5000
2026-02-09 10:33:18 - alert_sender - INFO - [QUEUE] Alert queue processor started
2026-02-09 10:33:20 - alert_sender - WARNING - [WARN] Alert service not reachable at http://localhost:5000
2026-02-09 10:33:20 - alert_sender - INFO - [TIP] Alert service is optional. Alerts will be logged locally.
[STARTUP] Backend started successfully
[STARTUP] Alert sender initialized
[STARTUP] Proximity alerts system ready
2026-02-09 10:33:20 - swing_detector - INFO - [SWING_DETECTOR] Initialized
2026-02-09 10:33:20 - websocket_manager - INFO - WebSocketManager initialized
2026-02-09 10:33:20 - swing_service - INFO - [SWING_SERVICE] Loaded config: 13 symbols, interval=1
2026-02-09 10:33:20 - swing_service - INFO - [SWING_SERVICE] Initialized
[STARTUP] Swing config loaded: 13 symbols, interval=1m
2026-02-09 10:33:20 - config_store - INFO - Loaded configs for 2 symbols from file
2026-02-09 10:33:20 - config_store - INFO - ConfigStore initialized with 2 symbols
2026-02-09 10:33:20 - pattern_state_manager - INFO - Loaded 0 alerted patterns
2026-02-09 10:33:20 - pattern_state_manager - INFO - Loaded 23 cooldown states
2026-02-09 10:33:20 - pattern_state_manager - INFO - Loaded 100 alert records
2026-02-09 10:33:20 - pattern_state_manager - INFO - PatternStateManager initialized with 0 alerted patterns
2026-02-09 10:33:20 - realtime_pattern_service - INFO - RealtimePatternService initialized
2026-02-09 10:33:20 - realtime_pattern_service - INFO - Starting RealtimePatternService
2026-02-09 10:33:20 - realtime_pattern_service - INFO - Symbols: ['BTCUSDT', 'ETHUSDT', 'XRPUSDT', 'TRXUSDT', 'GALAUSDT', 'SUIUSDT', 'TRBUSDT', 'SOLUSDT', 'ADAUSDT', 'DOGEUSDT', 'PAXGUSDT', 'BNBUSDT', 'POLUSDT']
2026-02-09 10:33:20 - realtime_pattern_service - INFO - Intervals: ['60']
2026-02-09 10:33:20 - websocket_manager - INFO - Candle close callback registered (total: 1)
2026-02-09 10:33:20 - realtime_pattern_service - INFO - [PRELOAD] Starting historical candle preload...
2026-02-09 10:33:21 - realtime_pattern_service - INFO - [PRELOAD] Fetching 200 candles for BTCUSDT/60...
2026-02-09 10:33:21 - httpx - INFO - HTTP Request: GET https://api.bybit.com/v5/market/kline?category=linear&symbol=BTCUSDT&interval=60&limit=200 "HTTP/1.1 200 OK"
2026-02-09 10:33:21 - websocket_manager - INFO - Preloaded 200 candles, buffer now has 200 candles
2026-02-09 10:33:21 - websocket_manager - INFO - [PRELOAD] BTCUSDT/60: Preloaded 200 historical candles
2026-02-09 10:33:21 - realtime_pattern_service - INFO - [PRELOAD] ✅ BTCUSDT/60: Loaded 200 candles
2026-02-09 10:33:21 - realtime_pattern_service - INFO - [PRELOAD] Fetching 200 candles for ETHUSDT/60...
2026-02-09 10:33:22 - httpx - INFO - HTTP Request: GET https://api.bybit.com/v5/market/kline?category=linear&symbol=ETHUSDT&interval=60&limit=200 "HTTP/1.1 200 OK"
2026-02-09 10:33:22 - websocket_manager - INFO - Preloaded 200 candles, buffer now has 200 candles
2026-02-09 10:33:22 - websocket_manager - INFO - [PRELOAD] ETHUSDT/60: Preloaded 200 historical candles
2026-02-09 10:33:22 - realtime_pattern_service - INFO - [PRELOAD] ✅ ETHUSDT/60: Loaded 200 candles
2026-02-09 10:33:22 - realtime_pattern_service - INFO - [PRELOAD] Fetching 200 candles for XRPUSDT/60...
2026-02-09 10:33:22 - httpx - INFO - HTTP Request: GET https://api.bybit.com/v5/market/kline?category=linear&symbol=XRPUSDT&interval=60&limit=200 "HTTP/1.1 200 OK"
2026-02-09 10:33:22 - websocket_manager - INFO - Preloaded 200 candles, buffer now has 200 candles
2026-02-09 10:33:22 - websocket_manager - INFO - [PRELOAD] XRPUSDT/60: Preloaded 200 historical candles
2026-02-09 10:33:22 - realtime_pattern_service - INFO - [PRELOAD] ✅ XRPUSDT/60: Loaded 200 candles
2026-02-09 10:33:22 - realtime_pattern_service - INFO - [PRELOAD] Fetching 200 candles for TRXUSDT/60...
2026-02-09 10:33:22 - httpx - INFO - HTTP Request: GET https://api.bybit.com/v5/market/kline?category=linear&symbol=TRXUSDT&interval=60&limit=200 "HTTP/1.1 200 OK"
2026-02-09 10:33:22 - websocket_manager - INFO - Preloaded 200 candles, buffer now has 200 candles
2026-02-09 10:33:22 - websocket_manager - INFO - [PRELOAD] TRXUSDT/60: Preloaded 200 historical candles
2026-02-09 10:33:22 - realtime_pattern_service - INFO - [PRELOAD] ✅ TRXUSDT/60: Loaded 200 candles
2026-02-09 10:33:22 - realtime_pattern_service - INFO - [PRELOAD] Fetching 200 candles for GALAUSDT/60...
2026-02-09 10:33:23 - httpx - INFO - HTTP Request: GET https://api.bybit.com/v5/market/kline?category=linear&symbol=GALAUSDT&interval=60&limit=200 "HTTP/1.1 200 OK"
2026-02-09 10:33:23 - websocket_manager - INFO - Preloaded 200 candles, buffer now has 200 candles
2026-02-09 10:33:23 - websocket_manager - INFO - [PRELOAD] GALAUSDT/60: Preloaded 200 historical candles
2026-02-09 10:33:23 - realtime_pattern_service - INFO - [PRELOAD] ✅ GALAUSDT/60: Loaded 200 candles
2026-02-09 10:33:23 - realtime_pattern_service - INFO - [PRELOAD] Fetching 200 candles for SUIUSDT/60...
2026-02-09 10:33:23 - httpx - INFO - HTTP Request: GET https://api.bybit.com/v5/market/kline?category=linear&symbol=SUIUSDT&interval=60&limit=200 "HTTP/1.1 200 OK"
2026-02-09 10:33:23 - websocket_manager - INFO - Preloaded 200 candles, buffer now has 200 candles
2026-02-09 10:33:23 - websocket_manager - INFO - [PRELOAD] SUIUSDT/60: Preloaded 200 historical candles
2026-02-09 10:33:23 - realtime_pattern_service - INFO - [PRELOAD] ✅ SUIUSDT/60: Loaded 200 candles
2026-02-09 10:33:23 - realtime_pattern_service - INFO - [PRELOAD] Fetching 200 candles for TRBUSDT/60...
2026-02-09 10:33:24 - httpx - INFO - HTTP Request: GET https://api.bybit.com/v5/market/kline?category=linear&symbol=TRBUSDT&interval=60&limit=200 "HTTP/1.1 200 OK"
2026-02-09 10:33:24 - websocket_manager - INFO - Preloaded 200 candles, buffer now has 200 candles
2026-02-09 10:33:24 - websocket_manager - INFO - [PRELOAD] TRBUSDT/60: Preloaded 200 historical candles
2026-02-09 10:33:24 - realtime_pattern_service - INFO - [PRELOAD] ✅ TRBUSDT/60: Loaded 200 candles
2026-02-09 10:33:24 - realtime_pattern_service - INFO - [PRELOAD] Fetching 200 candles for SOLUSDT/60...
2026-02-09 10:33:24 - httpx - INFO - HTTP Request: GET https://api.bybit.com/v5/market/kline?category=linear&symbol=SOLUSDT&interval=60&limit=200 "HTTP/1.1 200 OK"
2026-02-09 10:33:24 - websocket_manager - INFO - Preloaded 200 candles, buffer now has 200 candles
2026-02-09 10:33:24 - websocket_manager - INFO - [PRELOAD] SOLUSDT/60: Preloaded 200 historical candles
2026-02-09 10:33:24 - realtime_pattern_service - INFO - [PRELOAD] ✅ SOLUSDT/60: Loaded 200 candles
2026-02-09 10:33:24 - realtime_pattern_service - INFO - [PRELOAD] Fetching 200 candles for ADAUSDT/60...
2026-02-09 10:33:24 - httpx - INFO - HTTP Request: GET https://api.bybit.com/v5/market/kline?category=linear&symbol=ADAUSDT&interval=60&limit=200 "HTTP/1.1 200 OK"
2026-02-09 10:33:24 - websocket_manager - INFO - Preloaded 200 candles, buffer now has 200 candles
2026-02-09 10:33:24 - websocket_manager - INFO - [PRELOAD] ADAUSDT/60: Preloaded 200 historical candles
2026-02-09 10:33:24 - realtime_pattern_service - INFO - [PRELOAD] ✅ ADAUSDT/60: Loaded 200 candles
2026-02-09 10:33:24 - realtime_pattern_service - INFO - [PRELOAD] Fetching 200 candles for DOGEUSDT/60...
2026-02-09 10:33:25 - httpx - INFO - HTTP Request: GET https://api.bybit.com/v5/market/kline?category=linear&symbol=DOGEUSDT&interval=60&limit=200 "HTTP/1.1 200 OK"
2026-02-09 10:33:25 - websocket_manager - INFO - Preloaded 200 candles, buffer now has 200 candles
2026-02-09 10:33:25 - websocket_manager - INFO - [PRELOAD] DOGEUSDT/60: Preloaded 200 historical candles
2026-02-09 10:33:25 - realtime_pattern_service - INFO - [PRELOAD] ✅ DOGEUSDT/60: Loaded 200 candles
2026-02-09 10:33:25 - realtime_pattern_service - INFO - [PRELOAD] Fetching 200 candles for PAXGUSDT/60...
2026-02-09 10:33:25 - httpx - INFO - HTTP Request: GET https://api.bybit.com/v5/market/kline?category=linear&symbol=PAXGUSDT&interval=60&limit=200 "HTTP/1.1 200 OK"
2026-02-09 10:33:25 - websocket_manager - INFO - Preloaded 200 candles, buffer now has 200 candles
2026-02-09 10:33:25 - websocket_manager - INFO - [PRELOAD] PAXGUSDT/60: Preloaded 200 historical candles
2026-02-09 10:33:25 - realtime_pattern_service - INFO - [PRELOAD] ✅ PAXGUSDT/60: Loaded 200 candles
2026-02-09 10:33:25 - realtime_pattern_service - INFO - [PRELOAD] Fetching 200 candles for BNBUSDT/60...
2026-02-09 10:33:25 - httpx - INFO - HTTP Request: GET https://api.bybit.com/v5/market/kline?category=linear&symbol=BNBUSDT&interval=60&limit=200 "HTTP/1.1 200 OK"
2026-02-09 10:33:25 - websocket_manager - INFO - Preloaded 200 candles, buffer now has 200 candles
2026-02-09 10:33:25 - websocket_manager - INFO - [PRELOAD] BNBUSDT/60: Preloaded 200 historical candles
2026-02-09 10:33:25 - realtime_pattern_service - INFO - [PRELOAD] ✅ BNBUSDT/60: Loaded 200 candles
2026-02-09 10:33:25 - realtime_pattern_service - INFO - [PRELOAD] Fetching 200 candles for POLUSDT/60...
2026-02-09 10:33:26 - httpx - INFO - HTTP Request: GET https://api.bybit.com/v5/market/kline?category=linear&symbol=POLUSDT&interval=60&limit=200 "HTTP/1.1 200 OK"
2026-02-09 10:33:26 - websocket_manager - INFO - Preloaded 200 candles, buffer now has 200 candles
2026-02-09 10:33:26 - websocket_manager - INFO - [PRELOAD] POLUSDT/60: Preloaded 200 historical candles
2026-02-09 10:33:26 - realtime_pattern_service - INFO - [PRELOAD] ✅ POLUSDT/60: Loaded 200 candles
2026-02-09 10:33:26 - realtime_pattern_service - INFO - [PRELOAD] Historical candle preload complete
2026-02-09 10:33:26 - websocket_manager - INFO - Starting WebSocketManager with 13 subscriptions
2026-02-09 10:33:26 - websocket_manager - INFO - Symbols: ['BTCUSDT', 'ETHUSDT', 'XRPUSDT', 'TRXUSDT', 'GALAUSDT', 'SUIUSDT', 'TRBUSDT', 'SOLUSDT', 'ADAUSDT', 'DOGEUSDT', 'PAXGUSDT', 'BNBUSDT', 'POLUSDT']
2026-02-09 10:33:26 - websocket_manager - INFO - Intervals: ['60']
2026-02-09 10:33:26 - realtime_pattern_service - INFO - RealtimePatternService started successfully
[STARTUP] Real-time pattern detection service started
[STARTUP] Monitoring symbols: ['BTCUSDT', 'ETHUSDT', 'XRPUSDT', 'TRXUSDT', 'GALAUSDT', 'SUIUSDT', 'TRBUSDT', 'SOLUSDT', 'ADAUSDT', 'DOGEUSDT', 'PAXGUSDT', 'BNBUSDT', 'POLUSDT']
[STARTUP] Initial interval: ['60']
2026-02-09 10:33:26 - vwap_service - INFO - [VWAP_SERVICE] Initialized
2026-02-09 10:33:26 - websocket_manager - INFO - Candle close listener added (total: 2)
2026-02-09 10:33:26 - vwap_service - INFO - [VWAP_SERVICE] Registered candle close listener
2026-02-09 10:33:26 - vwap_service - INFO - [VWAP_SERVICE] Starting background load of 1 day(s) historical data...
2026-02-09 10:33:26 - vwap_service - INFO - [VWAP_SERVICE] Started for symbols: ['BTCUSDT', 'ETHUSDT']
[STARTUP] VWAP service started
2026-02-09 10:33:26 - zone_service - INFO - [ZONE_SERVICE] Config cargada: 1 simbolos, interval=1
2026-02-09 10:33:26 - websocket_manager - INFO - Candle close listener added (total: 3)
2026-02-09 10:33:26 - zone_service - INFO - [ZONE_SERVICE] Iniciado - 1 simbolos @ 1m, ventana=500
[STARTUP] Zone detector realtime service started - 1 symbols @ 1m
2026-02-09 10:33:26 - websocket_manager - INFO - Connecting to wss://stream.bybit.com/v5/public/linear...
2026-02-09 10:33:26 - vwap_service - INFO - [VWAP_SERVICE] BTCUSDT: Need 24 candles (1 days @ 60m)
2026-02-09 10:33:26 - uvicorn.error - INFO - Application startup complete.
2026-02-09 10:33:26 - uvicorn.error - INFO - Application startup complete.
2026-02-09 10:33:26 - vwap_service - INFO - [VWAP_SERVICE] BTCUSDT: Total 24 candles loaded
2026-02-09 10:33:26 - vwap_service - INFO - [VWAP_SERVICE] BTCUSDT: Loaded 24 historical candles
2026-02-09 10:33:26 - vwap_service - INFO - [VWAP_SERVICE] ETHUSDT: Need 24 candles (1 days @ 60m)
2026-02-09 10:33:27 - zone_service - INFO - [ZONE_SERVICE] Cargando historico para 1 simbolos...
2026-02-09 10:33:27 - zone_service - INFO - [ZONE_SERVICE] BTCUSDT: Buffer WS tiene 0 velas, necesita 500. Cargando de API...
2026-02-09 10:33:27 - vwap_service - INFO - [VWAP_SERVICE] ETHUSDT: Total 24 candles loaded
2026-02-09 10:33:27 - vwap_service - INFO - [VWAP_SERVICE] ETHUSDT: Loaded 24 historical candles
2026-02-09 10:33:27 - vwap_service - INFO - [VWAP_SERVICE] Background initialization complete
2026-02-09 10:33:27 - httpx - INFO - HTTP Request: GET https://api.bybit.com/v5/market/kline?category=linear&symbol=BTCUSDT&interval=1&limit=1000&end=1770651207444 "HTTP/1.1 200 OK"
2026-02-09 10:33:27 - websocket_manager - INFO - Preloaded 500 candles, buffer now has 500 candles
2026-02-09 10:33:27 - websocket_manager - INFO - [PRELOAD] BTCUSDT/1: Preloaded 500 historical candles
2026-02-09 10:33:27 - zone_service - INFO - [ZONE_SERVICE] BTCUSDT: 500 velas cargadas
[ZoneDetector] ===== VERSION 3.0 (5 capas opcionales) =====
[ZoneDetector] Trading Zones: ATR global = 138.85, velas = 500
[ZoneDetector] Config: entry_mode=va_breakout, position_mode=concurrent, swing_bars=5, sl_mode=zone_opposite
[ZoneDetector] Capa 3 TTM Pre-filter: ON (7 regiones de squeeze encontradas)
[ZoneDetector] Capas v3.0 activas: Reentry(3), TTM_Squeeze
[ZoneDetector] Trading Zones: Encontradas 12 consolidaciones
[ZoneDetector] Trading Zones: 11 despues de deduplicacion
[ZoneDetector] position_mode='concurrent' (type=str)
[ZoneDetector] Trading Zones RESULTADOS (mode=va_breakout, pos=concurrent, sl=zone_opposite):
  - Total zonas: 11
  - Wins: 5, Losses: 6, Skipped: 0
  - Win Rate: 45.5%
  - Total P&L: -1.0R
  - Expectancy: -0.091R por trade

==============================================================================================================
[TIMELINE] TRADES ACTIVOS en orden cronologico (mode=concurrent)
==============================================================================================================
 TL# | Result |   Dir |     Entry Date |     Close Date |     Entry$ |        SL$ |        TP$ |    PnL | Overlap?
-----+--------+-------+----------------+----------------+------------+------------+------------+--------+-----------
   1 |    WIN |  DOWN |    02/09 02:38 |    02/09 03:28 |   70400.00 |   70746.10 |   70053.90 |  +1.0R |
   2 |    WIN |  DOWN |    02/09 03:27 |    02/09 03:32 |   70096.10 |   70577.90 |   69614.30 |  +1.0R | OVERLAP!
   3 |   LOSS |  DOWN |    02/09 03:31 |    02/09 03:31 |   69670.20 |   69983.00 |   69357.40 |  -1.0R | OVERLAP!
   4 |    WIN |  DOWN |    02/09 04:40 |    02/09 05:16 |   69563.10 |   69905.80 |   69220.40 |  +1.0R |
   5 |    WIN |  DOWN |    02/09 05:16 |    02/09 05:31 |   69239.20 |   69699.10 |   68779.30 |  +1.0R | OVERLAP!
   6 |   LOSS |    UP |    02/09 06:04 |    02/09 09:08 |   68894.00 |   68329.40 |   69458.60 |  -1.0R |
   7 |   LOSS |    UP |    02/09 07:04 |    02/09 08:55 |   69035.80 |   68662.70 |   69408.90 |  -1.0R | OVERLAP!
   8 |   LOSS |    UP |    02/09 07:41 |    02/09 08:05 |   69195.20 |   68946.20 |   69444.20 |  -1.0R | OVERLAP!
   9 |   LOSS |  DOWN |    02/09 08:04 |    02/09 08:11 |   68953.50 |   69155.40 |   68751.60 |  -1.0R | OVERLAP!
  10 |   LOSS |    UP |    02/09 08:12 |    02/09 08:50 |   69247.80 |   68899.80 |   69595.80 |  -1.0R |
  11 |    WIN |  DOWN |    02/09 08:51 |    02/09 09:08 |   68760.30 |   69181.50 |   68339.10 |  +1.0R |

*** ALERTA: 6 SOLAPAMIENTO(S) DETECTADO(S) ***
==============================================================================================================

[ZoneDetector] Deduplicación: 11 -> 11 zonas
2026-02-09 10:33:28 - zone_service - INFO - [ZONE_SERVICE] BTCUSDT: Pending zones: 0 -> 1
2026-02-09 10:33:28 - zone_service - INFO - [ZONE_SERVICE] BTCUSDT: Deteccion inicial -> 11 zonas, 10 con breakout real, 1 pendientes
2026-02-09 10:33:28 - zone_service - INFO - [ZONE_SERVICE] Historico cargado para todos los simbolos
2026-02-09 10:33:28 - websocket_manager - INFO - Connected to Bybit WebSocket
2026-02-09 10:33:28 - realtime_pattern_service - INFO - WebSocket connected
2026-02-09 10:33:28 - websocket_manager - INFO - [WS_MANAGER] Subscribing to 13 channels in 2 batch(es)
2026-02-09 10:33:28 - websocket_manager - INFO - [WS_MANAGER] Sent subscribe batch 1/2: ['kline.60.TRBUSDT', 'kline.60.BNBUSDT', 'kline.60.BTCUSDT', 'kline.60.PAXGUSDT', 'kline.60.SOLUSDT', 'kline.60.ETHUSDT', 'kline.60.TRXUSDT', 'kline.60.POLUSDT', 'kline.60.SUIUSDT', 'kline.60.ADAUSDT']
2026-02-09 10:33:28 - websocket_manager - INFO - [WS_MANAGER] Sent subscribe batch 2/2: ['kline.60.GALAUSDT', 'kline.60.XRPUSDT', 'kline.60.DOGEUSDT']
2026-02-09 10:33:28 - websocket_manager - INFO - [WS_MANAGER] Subscribed to 13 channels total
2026-02-09 10:33:28 - websocket_manager - INFO - [WS_SUBSCRIPTION] Confirmed: conn_id=d50fivt48aerbiuomheg-bniuv, data={'success': True, 'ret_msg': '', 'conn_id': 'd50fivt48aerbiuomheg-bniuv', 'req_id': '', 'op': 'subscribe'}
2026-02-09 10:33:28 - websocket_manager - INFO - [WS_SUBSCRIPTION] Confirmed: conn_id=d50fivt48aerbiuomheg-bniuv, data={'success': True, 'ret_msg': '', 'conn_id': 'd50fivt48aerbiuomheg-bniuv', 'req_id': '', 'op': 'subscribe'}
2026-02-09 10:33:29 - uvicorn.access - INFO - 127.0.0.1:61235 - "GET /api/status HTTP/1.1" 200
2026-02-09 10:33:35 - uvicorn.access - INFO - 127.0.0.1:61251 - "OPTIONS /api/realtime/set-interval HTTP/1.1" 200
[DRAWINGS] [OK] Loaded 6 shapes for BTCUSDT
2026-02-09 10:33:35 - uvicorn.access - INFO - 127.0.0.1:61251 - "GET /api/drawings/BTCUSDT HTTP/1.1" 200
2026-02-09 10:33:36 - uvicorn.access - INFO - 127.0.0.1:61256 - "GET /api/swing/status HTTP/1.1" 200
2026-02-09 10:33:36 - uvicorn.access - INFO - 127.0.0.1:61255 - "GET /api/zones/realtime/status HTTP/1.1" 200
2026-02-09 10:33:36 - uvicorn.access - INFO - 127.0.0.1:61253 - "GET /api/zones/presets HTTP/1.1" 200
2026-02-09 10:33:36 - uvicorn.access - INFO - 127.0.0.1:61252 - "GET /api/realtime/alerts/history?limit=100 HTTP/1.1" 200
2026-02-09 10:33:36 - realtime_pattern_service - INFO - [REALTIME] Updating intervals: ['60'] -> ['1']
2026-02-09 10:33:36 - realtime_pattern_service - INFO - [REALTIME] Pre-loading historical data for new intervals: {'1'}
2026-02-09 10:33:36 - realtime_pattern_service - INFO - [PRELOAD] BTCUSDT/1: Already has 500 candles, skipping
2026-02-09 10:33:36 - realtime_pattern_service - INFO - [PRELOAD] Fetching 200 candles for ETHUSDT/1...
2026-02-09 10:33:36 - uvicorn.access - INFO - 127.0.0.1:61255 - "OPTIONS /api/historical/BTCUSDT?interval=1&since_timestamp=1770650520000&t=1770651215371 HTTP/1.1" 200
[VWAP] BTCUSDT: Reloading - interval=1, days=1, vwapType=rolling
2026-02-09 10:33:36 - vwap_service - INFO - [VWAP_SERVICE] Reloading BTCUSDT with 1 days @ 1 interval...
2026-02-09 10:33:36 - vwap_service - INFO - [VWAP_SERVICE] BTCUSDT: Need 1440 candles (1 days @ 1m)
2026-02-09 10:33:36 - uvicorn.access - INFO - 127.0.0.1:61254 - "GET /api/status HTTP/1.1" 200
[BTCUSDT] [DATA] HISTORICAL INCREMENTAL: desde 1770650520000 (~21 velas esperadas) @ 1
[BTCUSDT] [DATA] Necesita 21 velas, max_requests=600
2026-02-09 10:33:37 - uvicorn.access - INFO - 127.0.0.1:61252 - "GET /api/realtime/alerts/history?limit=100 HTTP/1.1" 200
2026-02-09 10:33:37 - httpx - INFO - HTTP Request: GET https://api.bybit.com/v5/market/tickers?category=linear "HTTP/1.1 200 OK"
2026-02-09 10:33:37 - httpx - INFO - HTTP Request: GET https://api.bybit.com/v5/market/kline?category=linear&symbol=BTCUSDT&interval=1&start=1770650520000&limit=21 "HTTP/1.1 200 OK"
[BTCUSDT] [DATA] Request #1: +12 velas (total: 12/21)
2026-02-09 10:33:38 - uvicorn.access - INFO - 127.0.0.1:61251 - "GET /api/tickers?symbols=BTCUSDT,ETHUSDT,XRPUSDT,TRXUSDT,GALAUSDT,SUIUSDT,TRBUSDT,SOLUSDT,ADAUSDT,DOGEUSDT HTTP/1.1" 200
2026-02-09 10:33:38 - httpx - INFO - HTTP Request: GET https://api.bybit.com/v5/market/kline?category=linear&symbol=ETHUSDT&interval=1&limit=200 "HTTP/1.1 200 OK"
2026-02-09 10:33:38 - websocket_manager - INFO - Preloaded 200 candles, buffer now has 200 candles
2026-02-09 10:33:38 - websocket_manager - INFO - [PRELOAD] ETHUSDT/1: Preloaded 200 historical candles
2026-02-09 10:33:38 - realtime_pattern_service - INFO - [PRELOAD] ✅ ETHUSDT/1: Loaded 200 candles
2026-02-09 10:33:38 - realtime_pattern_service - INFO - [PRELOAD] Fetching 200 candles for XRPUSDT/1...
2026-02-09 10:33:38 - httpx - INFO - HTTP Request: GET https://api.bybit.com/v5/market/kline?category=linear&symbol=BTCUSDT&interval=1&start=1770651240000&limit=9 "HTTP/1.1 200 OK"
[BTCUSDT] [DATA] Request #2: 0 velas (fin de datos)
[BTCUSDT] [DATA] Completado: 12 velas en 2 requests
[BTCUSDT] Historical: [OK] Devolviendo 12 velas (esperadas: 21)
2026-02-09 10:33:38 - uvicorn.access - INFO - 127.0.0.1:61255 - "GET /api/historical/BTCUSDT?interval=1&since_timestamp=1770650520000&t=1770651215371 HTTP/1.1" 200
2026-02-09 10:33:38 - uvicorn.access - INFO - 127.0.0.1:61251 - "GET /api/zones/realtime/status HTTP/1.1" 200
2026-02-09 10:33:38 - httpx - INFO - HTTP Request: GET https://api.bybit.com/v5/market/kline?category=linear&symbol=XRPUSDT&interval=1&limit=200 "HTTP/1.1 200 OK"
[DRAWINGS] [OK] Loaded 6 shapes for BTCUSDT
2026-02-09 10:33:38 - uvicorn.access - INFO - 127.0.0.1:61252 - "GET /api/drawings/BTCUSDT HTTP/1.1" 200
2026-02-09 10:33:38 - websocket_manager - INFO - Preloaded 200 candles, buffer now has 200 candles
2026-02-09 10:33:38 - websocket_manager - INFO - [PRELOAD] XRPUSDT/1: Preloaded 200 historical candles
2026-02-09 10:33:38 - realtime_pattern_service - INFO - [PRELOAD] ✅ XRPUSDT/1: Loaded 200 candles
2026-02-09 10:33:38 - realtime_pattern_service - INFO - [PRELOAD] Fetching 200 candles for TRXUSDT/1...
2026-02-09 10:33:38 - uvicorn.access - INFO - 127.0.0.1:61251 - "GET /api/zones/realtime/zones/BTCUSDT HTTP/1.1" 200
2026-02-09 10:33:39 - httpx - INFO - HTTP Request: GET https://api.bybit.com/v5/market/kline?category=linear&symbol=TRXUSDT&interval=1&limit=200 "HTTP/1.1 200 OK"
2026-02-09 10:33:39 - websocket_manager - INFO - Preloaded 200 candles, buffer now has 200 candles
2026-02-09 10:33:39 - websocket_manager - INFO - [PRELOAD] TRXUSDT/1: Preloaded 200 historical candles
2026-02-09 10:33:39 - realtime_pattern_service - INFO - [PRELOAD] ✅ TRXUSDT/1: Loaded 200 candles
2026-02-09 10:33:39 - realtime_pattern_service - INFO - [PRELOAD] Fetching 200 candles for GALAUSDT/1...
2026-02-09 10:33:39 - httpx - INFO - HTTP Request: GET https://api.bybit.com/v5/market/kline?category=linear&symbol=GALAUSDT&interval=1&limit=200 "HTTP/1.1 200 OK"
2026-02-09 10:33:39 - websocket_manager - INFO - Preloaded 200 candles, buffer now has 200 candles
2026-02-09 10:33:39 - websocket_manager - INFO - [PRELOAD] GALAUSDT/1: Preloaded 200 historical candles
2026-02-09 10:33:39 - realtime_pattern_service - INFO - [PRELOAD] ✅ GALAUSDT/1: Loaded 200 candles
2026-02-09 10:33:39 - realtime_pattern_service - INFO - [PRELOAD] Fetching 200 candles for SUIUSDT/1...
2026-02-09 10:33:39 - httpx - INFO - HTTP Request: GET https://api.bybit.com/v5/market/kline?category=linear&symbol=SUIUSDT&interval=1&limit=200 "HTTP/1.1 200 OK"
2026-02-09 10:33:39 - websocket_manager - INFO - Preloaded 200 candles, buffer now has 200 candles
2026-02-09 10:33:39 - websocket_manager - INFO - [PRELOAD] SUIUSDT/1: Preloaded 200 historical candles
2026-02-09 10:33:39 - realtime_pattern_service - INFO - [PRELOAD] ✅ SUIUSDT/1: Loaded 200 candles
2026-02-09 10:33:39 - realtime_pattern_service - INFO - [PRELOAD] Fetching 200 candles for TRBUSDT/1...
2026-02-09 10:33:40 - httpx - INFO - HTTP Request: GET https://api.bybit.com/v5/market/kline?category=linear&symbol=BTCUSDT&interval=1&start=1770046418307&limit=1000 "HTTP/1.1 200 OK"
2026-02-09 10:33:40 - httpx - INFO - HTTP Request: GET https://api.bybit.com/v5/market/kline?category=linear&symbol=TRBUSDT&interval=1&limit=200 "HTTP/1.1 200 OK"
2026-02-09 10:33:40 - websocket_manager - INFO - Preloaded 200 candles, buffer now has 200 candles
2026-02-09 10:33:40 - websocket_manager - INFO - [PRELOAD] TRBUSDT/1: Preloaded 200 historical candles
2026-02-09 10:33:40 - realtime_pattern_service - INFO - [PRELOAD] ✅ TRBUSDT/1: Loaded 200 candles
2026-02-09 10:33:40 - realtime_pattern_service - INFO - [PRELOAD] Fetching 200 candles for SOLUSDT/1...
2026-02-09 10:33:40 - httpx - INFO - HTTP Request: GET https://api.bybit.com/v5/market/kline?category=linear&symbol=SOLUSDT&interval=1&limit=200 "HTTP/1.1 200 OK"
2026-02-09 10:33:40 - websocket_manager - INFO - Preloaded 200 candles, buffer now has 200 candles
2026-02-09 10:33:40 - websocket_manager - INFO - [PRELOAD] SOLUSDT/1: Preloaded 200 historical candles
2026-02-09 10:33:40 - realtime_pattern_service - INFO - [PRELOAD] ✅ SOLUSDT/1: Loaded 200 candles
2026-02-09 10:33:40 - realtime_pattern_service - INFO - [PRELOAD] Fetching 200 candles for ADAUSDT/1...
2026-02-09 10:33:40 - httpx - INFO - HTTP Request: GET https://api.bybit.com/v5/market/kline?category=linear&symbol=BTCUSDT&interval=1&start=1770106440000&limit=1000 "HTTP/1.1 200 OK"
2026-02-09 10:33:41 - httpx - INFO - HTTP Request: GET https://api.bybit.com/v5/market/kline?category=linear&symbol=BTCUSDT&interval=1&start=1770166440000&limit=1000 "HTTP/1.1 200 OK"
2026-02-09 10:33:41 - httpx - INFO - HTTP Request: GET https://api.bybit.com/v5/market/kline?category=linear&symbol=ADAUSDT&interval=1&limit=200 "HTTP/1.1 200 OK"
[DRAWINGS] [OK] Loaded 6 shapes for BTCUSDT
2026-02-09 10:33:41 - uvicorn.access - INFO - 127.0.0.1:61251 - "GET /api/drawings/BTCUSDT HTTP/1.1" 200
2026-02-09 10:33:41 - websocket_manager - INFO - Preloaded 200 candles, buffer now has 200 candles
2026-02-09 10:33:41 - websocket_manager - INFO - [PRELOAD] ADAUSDT/1: Preloaded 200 historical candles
2026-02-09 10:33:41 - realtime_pattern_service - INFO - [PRELOAD] ✅ ADAUSDT/1: Loaded 200 candles
2026-02-09 10:33:41 - realtime_pattern_service - INFO - [PRELOAD] Fetching 200 candles for DOGEUSDT/1...
2026-02-09 10:33:41 - httpx - INFO - HTTP Request: GET https://api.bybit.com/v5/market/kline?category=linear&symbol=BTCUSDT&interval=1&start=1770226440000&limit=1000 "HTTP/1.1 200 OK"
2026-02-09 10:33:41 - httpx - INFO - HTTP Request: GET https://api.bybit.com/v5/market/kline?category=linear&symbol=DOGEUSDT&interval=1&limit=200 "HTTP/1.1 200 OK"
2026-02-09 10:33:41 - websocket_manager - INFO - Preloaded 200 candles, buffer now has 200 candles
2026-02-09 10:33:41 - websocket_manager - INFO - [PRELOAD] DOGEUSDT/1: Preloaded 200 historical candles
2026-02-09 10:33:41 - realtime_pattern_service - INFO - [PRELOAD] ✅ DOGEUSDT/1: Loaded 200 candles
2026-02-09 10:33:41 - realtime_pattern_service - INFO - [PRELOAD] Fetching 200 candles for PAXGUSDT/1...
2026-02-09 10:33:42 - httpx - INFO - HTTP Request: GET https://api.bybit.com/v5/market/kline?category=linear&symbol=PAXGUSDT&interval=1&limit=200 "HTTP/1.1 200 OK"
2026-02-09 10:33:42 - websocket_manager - INFO - Preloaded 200 candles, buffer now has 200 candles
2026-02-09 10:33:42 - websocket_manager - INFO - [PRELOAD] PAXGUSDT/1: Preloaded 200 historical candles
2026-02-09 10:33:42 - realtime_pattern_service - INFO - [PRELOAD] ✅ PAXGUSDT/1: Loaded 200 candles
2026-02-09 10:33:42 - realtime_pattern_service - INFO - [PRELOAD] Fetching 200 candles for BNBUSDT/1...
2026-02-09 10:33:42 - httpx - INFO - HTTP Request: GET https://api.bybit.com/v5/market/kline?category=linear&symbol=BNBUSDT&interval=1&limit=200 "HTTP/1.1 200 OK"
2026-02-09 10:33:42 - websocket_manager - INFO - Preloaded 200 candles, buffer now has 200 candles
2026-02-09 10:33:42 - websocket_manager - INFO - [PRELOAD] BNBUSDT/1: Preloaded 200 historical candles
2026-02-09 10:33:42 - realtime_pattern_service - INFO - [PRELOAD] ✅ BNBUSDT/1: Loaded 200 candles
2026-02-09 10:33:42 - realtime_pattern_service - INFO - [PRELOAD] Fetching 200 candles for POLUSDT/1...
2026-02-09 10:33:42 - httpx - INFO - HTTP Request: GET https://api.bybit.com/v5/market/kline?category=linear&symbol=BTCUSDT&interval=1&start=1770286440000&limit=1000 "HTTP/1.1 200 OK"
2026-02-09 10:33:42 - httpx - INFO - HTTP Request: GET https://api.bybit.com/v5/market/kline?category=linear&symbol=POLUSDT&interval=1&limit=200 "HTTP/1.1 200 OK"
2026-02-09 10:33:42 - websocket_manager - INFO - Preloaded 200 candles, buffer now has 200 candles
2026-02-09 10:33:42 - websocket_manager - INFO - [PRELOAD] POLUSDT/1: Preloaded 200 historical candles
2026-02-09 10:33:42 - realtime_pattern_service - INFO - [PRELOAD] ✅ POLUSDT/1: Loaded 200 candles
2026-02-09 10:33:42 - websocket_manager - INFO - [WS] Updating subscriptions: -13 +13
2026-02-09 10:33:42 - websocket_manager - INFO - [WS] Unsubscribed from 13 channels: {'kline.60.TRBUSDT', 'kline.60.BNBUSDT', 'kline.60.BTCUSDT', 'kline.60.PAXGUSDT', 'kline.60.SOLUSDT', 'kline.60.ETHUSDT', 'kline.60.TRXUSDT', 'kline.60.POLUSDT', 'kline.60.SUIUSDT', 'kline.60.ADAUSDT', 'kline.60.GALAUSDT', 'kline.60.XRPUSDT', 'kline.60.DOGEUSDT'}
2026-02-09 10:33:42 - websocket_manager - INFO - [WS] Subscribed to 13 channels: {'kline.1.BTCUSDT', 'kline.1.TRBUSDT', 'kline.1.BNBUSDT', 'kline.1.ETHUSDT', 'kline.1.SOLUSDT', 'kline.1.GALAUSDT', 'kline.1.TRXUSDT', 'kline.1.SUIUSDT', 'kline.1.DOGEUSDT', 'kline.1.POLUSDT', 'kline.1.XRPUSDT', 'kline.1.PAXGUSDT', 'kline.1.ADAUSDT'}
2026-02-09 10:33:42 - websocket_manager - INFO - [WS] Now monitoring 13 channels
2026-02-09 10:33:42 - realtime_pattern_service - INFO - [REALTIME] Now monitoring intervals: ['1']
[REALTIME] Active interval changed: ['60'] -> ['1']
2026-02-09 10:33:42 - uvicorn.access - INFO - 127.0.0.1:61256 - "POST /api/realtime/set-interval HTTP/1.1" 200
2026-02-09 10:33:43 - websocket_manager - INFO - [WS_SUBSCRIPTION] Confirmed: conn_id=d50fivt48aerbiuomheg-bniuv, data={'success': True, 'ret_msg': '', 'conn_id': 'd50fivt48aerbiuomheg-bniuv', 'req_id': '', 'op': 'subscribe'}
2026-02-09 10:33:43 - httpx - INFO - HTTP Request: GET https://api.bybit.com/v5/market/kline?category=linear&symbol=BTCUSDT&interval=1&start=1770346440000&limit=1000 "HTTP/1.1 200 OK"
2026-02-09 10:33:43 - httpx - INFO - HTTP Request: GET https://api.bybit.com/v5/market/kline?category=linear&symbol=BTCUSDT&interval=1&start=1770406440000&limit=1000 "HTTP/1.1 200 OK"
2026-02-09 10:33:43 - vwap_service - INFO - [VWAP_SERVICE] BTCUSDT: Total 1440 candles loaded @ 1
2026-02-09 10:33:43 - vwap_service - INFO - [VWAP_SERVICE] BTCUSDT: Reloaded 1440 candles for 1 days @ 1
2026-02-09 10:33:44 - uvicorn.access - INFO - 127.0.0.1:61253 - "GET /api/vwap-service/data/BTCUSDT?days=1&interval=1&vwapType=rolling&rollingPeriod=200 HTTP/1.1" 200
2026-02-09 10:33:44 - httpx - INFO - HTTP Request: GET https://api.bybit.com/v5/market/kline?category=linear&symbol=BTCUSDT&interval=1&start=1770466440000&limit=1000 "HTTP/1.1 200 OK"
2026-02-09 10:33:44 - uvicorn.access - INFO - 127.0.0.1:61256 - "GET /api/vwap-service/data/BTCUSDT?days=1&interval=1&vwapType=rolling&rollingPeriod=200 HTTP/1.1" 200
2026-02-09 10:33:44 - uvicorn.access - INFO - 127.0.0.1:61253 - "GET /api/vwap-service/data/BTCUSDT?days=1&interval=1&vwapType=rolling&rollingPeriod=200 HTTP/1.1" 200
[DRAWINGS] [OK] Loaded 6 shapes for BTCUSDT
2026-02-09 10:33:44 - uvicorn.access - INFO - 127.0.0.1:61253 - "GET /api/drawings/BTCUSDT HTTP/1.1" 200
2026-02-09 10:33:44 - httpx - INFO - HTTP Request: GET https://api.bybit.com/v5/market/kline?category=linear&symbol=BTCUSDT&interval=1&start=1770526440000&limit=1000 "HTTP/1.1 200 OK"
2026-02-09 10:33:45 - httpx - INFO - HTTP Request: GET https://api.bybit.com/v5/market/kline?category=linear&symbol=BTCUSDT&interval=1&start=1770586440000&limit=1000 "HTTP/1.1 200 OK"
2026-02-09 10:33:46 - httpx - INFO - HTTP Request: GET https://api.bybit.com/v5/market/kline?category=linear&symbol=BTCUSDT&interval=1&start=1770646440000&limit=80 "HTTP/1.1 200 OK"
2026-02-09 10:33:46 - uvicorn.access - INFO - 127.0.0.1:61255 - "GET /api/zones/realtime/metrics/BTCUSDT?interval=1&days=1&detection_method=trading_zones&consol_min_bars=8&consol_atr_ratio=0.6&consol_max_range_pct=2&consol_body_ratio=0.5&atr_dyn_period=200&atr_dyn_ma_period=20&atr_dyn_multiplier=1&use_ttm_prefilter=false&use_bbwp_scoring=false&atr_band_ma_period=20&ttm_atr_length=20&ttm_kc_multiplier=1.5&bbwp_lookback=252&bbwp_squeeze_threshold=20 HTTP/1.1" 200
[DRAWINGS] [OK] Loaded 6 shapes for BTCUSDT
2026-02-09 10:33:47 - uvicorn.access - INFO - 127.0.0.1:61255 - "GET /api/drawings/BTCUSDT HTTP/1.1" 200
[DRAWINGS] [OK] Loaded 6 shapes for BTCUSDT
2026-02-09 10:33:50 - uvicorn.access - INFO - 127.0.0.1:61255 - "GET /api/drawings/BTCUSDT HTTP/1.1" 200
2026-02-09 10:33:50 - uvicorn.access - INFO - 127.0.0.1:61255 - "GET /api/zones/realtime/status HTTP/1.1" 200
2026-02-09 10:33:50 - uvicorn.access - INFO - 127.0.0.1:61255 - "GET /api/swing/status HTTP/1.1" 200
[DRAWINGS] [OK] Loaded 6 shapes for BTCUSDT
2026-02-09 10:33:53 - uvicorn.access - INFO - 127.0.0.1:61255 - "GET /api/drawings/BTCUSDT HTTP/1.1" 200
2026-02-09 10:33:53 - uvicorn.access - INFO - 127.0.0.1:61255 - "GET /api/zones/realtime/zones/BTCUSDT HTTP/1.1" 200
2026-02-09 10:33:54 - httpx - INFO - HTTP Request: GET https://api.bybit.com/v5/market/kline?category=linear&symbol=BTCUSDT&interval=1&start=1770046433759&limit=1000 "HTTP/1.1 200 OK"
2026-02-09 10:33:55 - httpx - INFO - HTTP Request: GET https://api.bybit.com/v5/market/kline?category=linear&symbol=BTCUSDT&interval=1&start=1770106440000&limit=1000 "HTTP/1.1 200 OK"
2026-02-09 10:33:56 - httpx - INFO - HTTP Request: GET https://api.bybit.com/v5/market/kline?category=linear&symbol=BTCUSDT&interval=1&start=1770166440000&limit=1000 "HTTP/1.1 200 OK"
[DRAWINGS] [OK] Loaded 6 shapes for BTCUSDT
2026-02-09 10:33:56 - uvicorn.access - INFO - 127.0.0.1:61255 - "GET /api/drawings/BTCUSDT HTTP/1.1" 200
2026-02-09 10:33:56 - httpx - INFO - HTTP Request: GET https://api.bybit.com/v5/market/kline?category=linear&symbol=BTCUSDT&interval=1&start=1770226440000&limit=1000 "HTTP/1.1 200 OK"
2026-02-09 10:33:56 - httpx - INFO - HTTP Request: GET https://api.bybit.com/v5/market/kline?category=linear&symbol=BTCUSDT&interval=1&start=1770286440000&limit=1000 "HTTP/1.1 200 OK"
2026-02-09 10:33:57 - httpx - INFO - HTTP Request: GET https://api.bybit.com/v5/market/kline?category=linear&symbol=BTCUSDT&interval=1&start=1770346440000&limit=1000 "HTTP/1.1 200 OK"
2026-02-09 10:33:58 - httpx - INFO - HTTP Request: GET https://api.bybit.com/v5/market/kline?category=linear&symbol=BTCUSDT&interval=1&start=1770406440000&limit=1000 "HTTP/1.1 200 OK"
2026-02-09 10:33:59 - httpx - INFO - HTTP Request: GET https://api.bybit.com/v5/market/kline?category=linear&symbol=BTCUSDT&interval=1&start=1770466440000&limit=1000 "HTTP/1.1 200 OK"
[DRAWINGS] [OK] Loaded 6 shapes for BTCUSDT
2026-02-09 10:33:59 - uvicorn.access - INFO - 127.0.0.1:61255 - "GET /api/drawings/BTCUSDT HTTP/1.1" 200
2026-02-09 10:33:59 - httpx - INFO - HTTP Request: GET https://api.bybit.com/v5/market/kline?category=linear&symbol=BTCUSDT&interval=1&start=1770526440000&limit=1000 "HTTP/1.1 200 OK"
2026-02-09 10:34:00 - httpx - INFO - HTTP Request: GET https://api.bybit.com/v5/market/kline?category=linear&symbol=BTCUSDT&interval=1&start=1770586440000&limit=1000 "HTTP/1.1 200 OK"
2026-02-09 10:34:00 - httpx - INFO - HTTP Request: GET https://api.bybit.com/v5/market/kline?category=linear&symbol=BTCUSDT&interval=1&start=1770646440000&limit=80 "HTTP/1.1 200 OK"
2026-02-09 10:34:00 - uvicorn.access - INFO - 127.0.0.1:61264 - "GET /api/zones/realtime/metrics/BTCUSDT?interval=1&days=1&detection_method=trading_zones&consol_min_bars=8&consol_atr_ratio=0.6&consol_max_range_pct=2&consol_body_ratio=0.5&atr_dyn_period=200&atr_dyn_ma_period=20&atr_dyn_multiplier=1&use_ttm_prefilter=false&use_bbwp_scoring=false&atr_band_ma_period=20&ttm_atr_length=20&ttm_kc_multiplier=1.5&bbwp_lookback=252&bbwp_squeeze_threshold=20 HTTP/1.1" 200
2026-02-09 10:34:01 - websocket_manager - INFO - Candle closed: ADAUSDT 1 @ 0.2643 (notifying 3 listeners)
2026-02-09 10:34:01 - realtime_pattern_service - INFO - Candle closed: ADAUSDT 1m @ 0.26
2026-02-09 10:34:01 - realtime_pattern_service - INFO - [REALTIME] ADAUSDT/1: Running detection with 201 candles
2026-02-09 10:34:01 - websocket_manager - INFO - Candle closed: DOGEUSDT 1 @ 0.09417 (notifying 3 listeners)
2026-02-09 10:34:01 - realtime_pattern_service - INFO - Candle closed: DOGEUSDT 1m @ 0.09
2026-02-09 10:34:01 - realtime_pattern_service - INFO - [REALTIME] DOGEUSDT/1: Running detection with 201 candles
2026-02-09 10:34:01 - websocket_manager - INFO - Candle closed: ETHUSDT 1 @ 2036.84 (notifying 3 listeners)
2026-02-09 10:34:01 - realtime_pattern_service - INFO - Candle closed: ETHUSDT 1m @ 2036.84
2026-02-09 10:34:01 - realtime_pattern_service - INFO - [REALTIME] ETHUSDT/1: Running detection with 201 candles
2026-02-09 10:34:01 - websocket_manager - INFO - Candle closed: GALAUSDT 1 @ 0.003999 (notifying 3 listeners)
2026-02-09 10:34:01 - realtime_pattern_service - INFO - Candle closed: GALAUSDT 1m @ 0.00
2026-02-09 10:34:01 - realtime_pattern_service - INFO - [REALTIME] GALAUSDT/1: Running detection with 201 candles
2026-02-09 10:34:01 - websocket_manager - INFO - Candle closed: XRPUSDT 1 @ 1.4288 (notifying 3 listeners)
2026-02-09 10:34:01 - realtime_pattern_service - INFO - Candle closed: XRPUSDT 1m @ 1.43
2026-02-09 10:34:01 - realtime_pattern_service - INFO - [REALTIME] XRPUSDT/1: Running detection with 201 candles
2026-02-09 10:34:01 - websocket_manager - INFO - Candle closed: TRBUSDT 1 @ 14.402 (notifying 3 listeners)
2026-02-09 10:34:01 - realtime_pattern_service - INFO - Candle closed: TRBUSDT 1m @ 14.40
2026-02-09 10:34:01 - realtime_pattern_service - INFO - [REALTIME] TRBUSDT/1: Running detection with 201 candles
2026-02-09 10:34:01 - websocket_manager - INFO - Candle closed: TRXUSDT 1 @ 0.27684 (notifying 3 listeners)
2026-02-09 10:34:01 - realtime_pattern_service - INFO - Candle closed: TRXUSDT 1m @ 0.28
2026-02-09 10:34:01 - realtime_pattern_service - INFO - [REALTIME] TRXUSDT/1: Running detection with 201 candles
2026-02-09 10:34:02 - websocket_manager - INFO - Candle closed: SOLUSDT 1 @ 84.45 (notifying 3 listeners)
2026-02-09 10:34:02 - realtime_pattern_service - INFO - Candle closed: SOLUSDT 1m @ 84.45
2026-02-09 10:34:02 - realtime_pattern_service - INFO - [REALTIME] SOLUSDT/1: Running detection with 201 candles
2026-02-09 10:34:02 - websocket_manager - INFO - Candle closed: SUIUSDT 1 @ 0.943 (notifying 3 listeners)
2026-02-09 10:34:02 - realtime_pattern_service - INFO - Candle closed: SUIUSDT 1m @ 0.94
2026-02-09 10:34:02 - realtime_pattern_service - INFO - [REALTIME] SUIUSDT/1: Running detection with 201 candles
2026-02-09 10:34:02 - websocket_manager - INFO - Candle closed: BNBUSDT 1 @ 625.2 (notifying 3 listeners)
2026-02-09 10:34:02 - realtime_pattern_service - INFO - Candle closed: BNBUSDT 1m @ 625.20
2026-02-09 10:34:02 - realtime_pattern_service - INFO - [REALTIME] BNBUSDT/1: Running detection with 201 candles
2026-02-09 10:34:02 - websocket_manager - INFO - Candle closed: PAXGUSDT 1 @ 5054.3 (notifying 3 listeners)
2026-02-09 10:34:02 - realtime_pattern_service - INFO - Candle closed: PAXGUSDT 1m @ 5054.30
2026-02-09 10:34:02 - realtime_pattern_service - INFO - [REALTIME] PAXGUSDT/1: Running detection with 201 candles
2026-02-09 10:34:02 - websocket_manager - INFO - Candle closed: POLUSDT 1 @ 0.09125 (notifying 3 listeners)
2026-02-09 10:34:02 - realtime_pattern_service - INFO - Candle closed: POLUSDT 1m @ 0.09
2026-02-09 10:34:02 - realtime_pattern_service - INFO - [REALTIME] POLUSDT/1: Running detection with 201 candles
2026-02-09 10:34:02 - websocket_manager - INFO - Candle closed: BTCUSDT 1 @ 68836.1 (notifying 3 listeners)
2026-02-09 10:34:02 - realtime_pattern_service - INFO - Candle closed: BTCUSDT 1m @ 68836.10
2026-02-09 10:34:02 - realtime_pattern_service - INFO - [REALTIME] BTCUSDT/1: Running detection with 500 candles
[DRAWINGS] [OK] Loaded 6 shapes for BTCUSDT
2026-02-09 10:34:02 - uvicorn.access - INFO - 127.0.0.1:61264 - "GET /api/drawings/BTCUSDT HTTP/1.1" 200
2026-02-09 10:34:03 - uvicorn.access - INFO - 127.0.0.1:61264 - "GET /api/vwap-service/data/BTCUSDT?days=1&interval=1&vwapType=rolling&rollingPeriod=200 HTTP/1.1" 200
[DRAWINGS] [OK] Loaded 6 shapes for BTCUSDT
2026-02-09 10:34:05 - uvicorn.access - INFO - 127.0.0.1:61264 - "GET /api/drawings/BTCUSDT HTTP/1.1" 200
2026-02-09 10:34:05 - uvicorn.access - INFO - 127.0.0.1:61264 - "GET /api/realtime/alerts/history?limit=100 HTTP/1.1" 200
2026-02-09 10:34:05 - uvicorn.access - INFO - 127.0.0.1:61264 - "GET /api/status HTTP/1.1" 200
2026-02-09 10:34:05 - uvicorn.access - INFO - 127.0.0.1:61264 - "GET /api/realtime/alerts/history?limit=100 HTTP/1.1" 200
2026-02-09 10:34:05 - uvicorn.access - INFO - 127.0.0.1:61264 - "GET /api/zones/realtime/status HTTP/1.1" 200
2026-02-09 10:34:05 - uvicorn.access - INFO - 127.0.0.1:61264 - "GET /api/swing/status HTTP/1.1" 200
2026-02-09 10:34:07 - uvicorn.access - INFO - 127.0.0.1:61264 - "GET /api/zones/realtime/status HTTP/1.1" 200
[DRAWINGS] [OK] Loaded 6 shapes for BTCUSDT
2026-02-09 10:34:08 - uvicorn.access - INFO - 127.0.0.1:61270 - "GET /api/drawings/BTCUSDT HTTP/1.1" 200
2026-02-09 10:34:08 - uvicorn.access - INFO - 127.0.0.1:61270 - "GET /api/zones/realtime/zones/BTCUSDT HTTP/1.1" 200
2026-02-09 10:34:09 - httpx - INFO - HTTP Request: GET https://api.bybit.com/v5/market/kline?category=linear&symbol=BTCUSDT&interval=1&start=1770046448319&limit=1000 "HTTP/1.1 200 OK"
2026-02-09 10:34:09 - httpx - INFO - HTTP Request: GET https://api.bybit.com/v5/market/kline?category=linear&symbol=BTCUSDT&interval=1&start=1770106500000&limit=1000 "HTTP/1.1 200 OK"
2026-02-09 10:34:09 - httpx - INFO - HTTP Request: GET https://api.bybit.com/v5/market/kline?category=linear&symbol=BTCUSDT&interval=1&start=1770166500000&limit=1000 "HTTP/1.1 200 OK"
2026-02-09 10:34:10 - httpx - INFO - HTTP Request: GET https://api.bybit.com/v5/market/kline?category=linear&symbol=BTCUSDT&interval=1&start=1770226500000&limit=1000 "HTTP/1.1 200 OK"
2026-02-09 10:34:11 - httpx - INFO - HTTP Request: GET https://api.bybit.com/v5/market/kline?category=linear&symbol=BTCUSDT&interval=1&start=1770286500000&limit=1000 "HTTP/1.1 200 OK"
[DRAWINGS] [OK] Loaded 6 shapes for BTCUSDT
2026-02-09 10:34:11 - uvicorn.access - INFO - 127.0.0.1:61270 - "GET /api/drawings/BTCUSDT HTTP/1.1" 200
2026-02-09 10:34:11 - httpx - INFO - HTTP Request: GET https://api.bybit.com/v5/market/kline?category=linear&symbol=BTCUSDT&interval=1&start=1770346500000&limit=1000 "HTTP/1.1 200 OK"
2026-02-09 10:34:12 - httpx - INFO - HTTP Request: GET https://api.bybit.com/v5/market/kline?category=linear&symbol=BTCUSDT&interval=1&start=1770406500000&limit=1000 "HTTP/1.1 200 OK"
2026-02-09 10:34:13 - httpx - INFO - HTTP Request: GET https://api.bybit.com/v5/market/kline?category=linear&symbol=BTCUSDT&interval=1&start=1770466500000&limit=1000 "HTTP/1.1 200 OK"
2026-02-09 10:34:14 - httpx - INFO - HTTP Request: GET https://api.bybit.com/v5/market/kline?category=linear&symbol=BTCUSDT&interval=1&start=1770526500000&limit=1000 "HTTP/1.1 200 OK"
[DRAWINGS] [OK] Loaded 6 shapes for BTCUSDT
2026-02-09 10:34:14 - uvicorn.access - INFO - 127.0.0.1:61270 - "GET /api/drawings/BTCUSDT HTTP/1.1" 200
2026-02-09 10:34:14 - httpx - INFO - HTTP Request: GET https://api.bybit.com/v5/market/kline?category=linear&symbol=BTCUSDT&interval=1&start=1770586500000&limit=1000 "HTTP/1.1 200 OK"
2026-02-09 10:34:14 - httpx - INFO - HTTP Request: GET https://api.bybit.com/v5/market/kline?category=linear&symbol=BTCUSDT&interval=1&start=1770646500000&limit=80 "HTTP/1.1 200 OK"
2026-02-09 10:34:14 - uvicorn.access - INFO - 127.0.0.1:61264 - "GET /api/zones/realtime/metrics/BTCUSDT?interval=1&days=1&detection_method=trading_zones&consol_min_bars=8&consol_atr_ratio=0.6&consol_max_range_pct=2&consol_body_ratio=0.5&atr_dyn_period=200&atr_dyn_ma_period=20&atr_dyn_multiplier=1&use_ttm_prefilter=false&use_bbwp_scoring=false&atr_band_ma_period=20&ttm_atr_length=20&ttm_kc_multiplier=1.5&bbwp_lookback=252&bbwp_squeeze_threshold=20 HTTP/1.1" 200
[DRAWINGS] [OK] Loaded 6 shapes for BTCUSDT
2026-02-09 10:34:17 - uvicorn.access - INFO - 127.0.0.1:61264 - "GET /api/drawings/BTCUSDT HTTP/1.1" 200
2026-02-09 10:34:17 - uvicorn.access - INFO - 127.0.0.1:61264 - "GET /api/zones/realtime/status HTTP/1.1" 200
[DRAWINGS] [OK] Loaded 6 shapes for BTCUSDT
2026-02-09 10:34:20 - uvicorn.access - INFO - 127.0.0.1:61264 - "GET /api/drawings/BTCUSDT HTTP/1.1" 200
2026-02-09 10:34:20 - uvicorn.access - INFO - 127.0.0.1:61264 - "GET /api/zones/realtime/status HTTP/1.1" 200
2026-02-09 10:34:20 - uvicorn.access - INFO - 127.0.0.1:61271 - "GET /api/swing/status HTTP/1.1" 200
[DRAWINGS] [OK] Loaded 6 shapes for BTCUSDT
2026-02-09 10:34:23 - uvicorn.access - INFO - 127.0.0.1:61271 - "GET /api/drawings/BTCUSDT HTTP/1.1" 200
2026-02-09 10:34:23 - uvicorn.access - INFO - 127.0.0.1:61271 - "GET /api/zones/realtime/zones/BTCUSDT HTTP/1.1" 200
2026-02-09 10:34:24 - httpx - INFO - HTTP Request: GET https://api.bybit.com/v5/market/kline?category=linear&symbol=BTCUSDT&interval=1&start=1770046463756&limit=1000 "HTTP/1.1 200 OK"
2026-02-09 10:34:24 - httpx - INFO - HTTP Request: GET https://api.bybit.com/v5/market/kline?category=linear&symbol=BTCUSDT&interval=1&start=1770106500000&limit=1000 "HTTP/1.1 200 OK"
2026-02-09 10:34:25 - httpx - INFO - HTTP Request: GET https://api.bybit.com/v5/market/kline?category=linear&symbol=BTCUSDT&interval=1&start=1770166500000&limit=1000 "HTTP/1.1 200 OK"
2026-02-09 10:34:25 - httpx - INFO - HTTP Request: GET https://api.bybit.com/v5/market/kline?category=linear&symbol=BTCUSDT&interval=1&start=1770226500000&limit=1000 "HTTP/1.1 200 OK"
2026-02-09 10:34:26 - httpx - INFO - HTTP Request: GET https://api.bybit.com/v5/market/kline?category=linear&symbol=BTCUSDT&interval=1&start=1770286500000&limit=1000 "HTTP/1.1 200 OK"
[DRAWINGS] [OK] Loaded 6 shapes for BTCUSDT
2026-02-09 10:34:26 - uvicorn.access - INFO - 127.0.0.1:61271 - "GET /api/drawings/BTCUSDT HTTP/1.1" 200
2026-02-09 10:34:26 - httpx - INFO - HTTP Request: GET https://api.bybit.com/v5/market/kline?category=linear&symbol=BTCUSDT&interval=1&start=1770346500000&limit=1000 "HTTP/1.1 200 OK"
2026-02-09 10:34:26 - httpx - INFO - HTTP Request: GET https://api.bybit.com/v5/market/kline?category=linear&symbol=BTCUSDT&interval=1&start=1770406500000&limit=1000 "HTTP/1.1 200 OK"
2026-02-09 10:34:27 - httpx - INFO - HTTP Request: GET https://api.bybit.com/v5/market/kline?category=linear&symbol=BTCUSDT&interval=1&start=1770466500000&limit=1000 "HTTP/1.1 200 OK"
2026-02-09 10:34:27 - httpx - INFO - HTTP Request: GET https://api.bybit.com/v5/market/kline?category=linear&symbol=BTCUSDT&interval=1&start=1770526500000&limit=1000 "HTTP/1.1 200 OK"
2026-02-09 10:34:27 - uvicorn.access - INFO - 127.0.0.1:61271 - "GET /api/zones/realtime/status HTTP/1.1" 200
2026-02-09 10:34:28 - httpx - INFO - HTTP Request: GET https://api.bybit.com/v5/market/kline?category=linear&symbol=BTCUSDT&interval=1&start=1770586500000&limit=1000 "HTTP/1.1 200 OK"
2026-02-09 10:34:28 - httpx - INFO - HTTP Request: GET https://api.bybit.com/v5/market/kline?category=linear&symbol=BTCUSDT&interval=1&start=1770646500000&limit=80 "HTTP/1.1 200 OK"
2026-02-09 10:34:28 - uvicorn.access - INFO - 127.0.0.1:61264 - "GET /api/zones/realtime/metrics/BTCUSDT?interval=1&days=1&detection_method=trading_zones&consol_min_bars=8&consol_atr_ratio=0.6&consol_max_range_pct=2&consol_body_ratio=0.5&atr_dyn_period=200&atr_dyn_ma_period=20&atr_dyn_multiplier=1&use_ttm_prefilter=false&use_bbwp_scoring=false&atr_band_ma_period=20&ttm_atr_length=20&ttm_kc_multiplier=1.5&bbwp_lookback=252&bbwp_squeeze_threshold=20 HTTP/1.1" 200
[DRAWINGS] [OK] Loaded 6 shapes for BTCUSDT
2026-02-09 10:34:29 - uvicorn.access - INFO - 127.0.0.1:61264 - "GET /api/drawings/BTCUSDT HTTP/1.1" 200
[DRAWINGS] [OK] Loaded 6 shapes for BTCUSDT
2026-02-09 10:34:32 - uvicorn.access - INFO - 127.0.0.1:61264 - "GET /api/drawings/BTCUSDT HTTP/1.1" 200
[DRAWINGS] [OK] Loaded 6 shapes for BTCUSDT
2026-02-09 10:34:35 - uvicorn.access - INFO - 127.0.0.1:61264 - "GET /api/drawings/BTCUSDT HTTP/1.1" 200
2026-02-09 10:34:35 - uvicorn.access - INFO - 127.0.0.1:61273 - "GET /api/realtime/alerts/history?limit=100 HTTP/1.1" 200
2026-02-09 10:34:35 - uvicorn.access - INFO - 127.0.0.1:61279 - "GET /api/zones/realtime/status HTTP/1.1" 200
2026-02-09 10:34:35 - uvicorn.access - INFO - 127.0.0.1:61281 - "GET /api/realtime/alerts/history?limit=100 HTTP/1.1" 200
2026-02-09 10:34:35 - uvicorn.access - INFO - 127.0.0.1:61280 - "GET /api/swing/status HTTP/1.1" 200
2026-02-09 10:34:35 - uvicorn.access - INFO - 127.0.0.1:61264 - "GET /api/status HTTP/1.1" 200
2026-02-09 10:34:36 - httpx - INFO - HTTP Request: GET https://api.bybit.com/v5/market/tickers?category=linear "HTTP/1.1 200 OK"
2026-02-09 10:34:37 - uvicorn.access - INFO - 127.0.0.1:61272 - "GET /api/tickers?symbols=BTCUSDT,ETHUSDT,XRPUSDT,TRXUSDT,GALAUSDT,SUIUSDT,TRBUSDT,SOLUSDT,ADAUSDT,DOGEUSDT HTTP/1.1" 200
2026-02-09 10:34:37 - uvicorn.access - INFO - 127.0.0.1:61272 - "GET /api/zones/realtime/status HTTP/1.1" 200
2026-02-09 10:34:38 - uvicorn.access - INFO - 127.0.0.1:61272 - "GET /api/vwap-service/data/BTCUSDT?days=1&interval=1&vwapType=rolling&rollingPeriod=200 HTTP/1.1" 200
[DRAWINGS] [OK] Loaded 6 shapes for BTCUSDT
2026-02-09 10:34:38 - uvicorn.access - INFO - 127.0.0.1:61280 - "GET /api/drawings/BTCUSDT HTTP/1.1" 200
2026-02-09 10:34:38 - uvicorn.access - INFO - 127.0.0.1:61272 - "GET /api/zones/realtime/zones/BTCUSDT HTTP/1.1" 200
2026-02-09 10:34:39 - httpx - INFO - HTTP Request: GET https://api.bybit.com/v5/market/kline?category=linear&symbol=BTCUSDT&interval=1&start=1770046478392&limit=1000 "HTTP/1.1 200 OK"
2026-02-09 10:34:39 - httpx - INFO - HTTP Request: GET https://api.bybit.com/v5/market/kline?category=linear&symbol=BTCUSDT&interval=1&start=1770106500000&limit=1000 "HTTP/1.1 200 OK"
2026-02-09 10:34:40 - httpx - INFO - HTTP Request: GET https://api.bybit.com/v5/market/kline?category=linear&symbol=BTCUSDT&interval=1&start=1770166500000&limit=1000 "HTTP/1.1 200 OK"
2026-02-09 10:34:40 - httpx - INFO - HTTP Request: GET https://api.bybit.com/v5/market/kline?category=linear&symbol=BTCUSDT&interval=1&start=1770226500000&limit=1000 "HTTP/1.1 200 OK"
2026-02-09 10:34:41 - httpx - INFO - HTTP Request: GET https://api.bybit.com/v5/market/kline?category=linear&symbol=BTCUSDT&interval=1&start=1770286500000&limit=1000 "HTTP/1.1 200 OK"
[DRAWINGS] [OK] Loaded 6 shapes for BTCUSDT
2026-02-09 10:34:41 - uvicorn.access - INFO - 127.0.0.1:61272 - "GET /api/drawings/BTCUSDT HTTP/1.1" 200
2026-02-09 10:34:42 - httpx - INFO - HTTP Request: GET https://api.bybit.com/v5/market/kline?category=linear&symbol=BTCUSDT&interval=1&start=1770346500000&limit=1000 "HTTP/1.1 200 OK"
2026-02-09 10:34:42 - httpx - INFO - HTTP Request: GET https://api.bybit.com/v5/market/kline?category=linear&symbol=BTCUSDT&interval=1&start=1770406500000&limit=1000 "HTTP/1.1 200 OK"
2026-02-09 10:34:43 - httpx - INFO - HTTP Request: GET https://api.bybit.com/v5/market/kline?category=linear&symbol=BTCUSDT&interval=1&start=1770466500000&limit=1000 "HTTP/1.1 200 OK"
2026-02-09 10:34:43 - httpx - INFO - HTTP Request: GET https://api.bybit.com/v5/market/kline?category=linear&symbol=BTCUSDT&interval=1&start=1770526500000&limit=1000 "HTTP/1.1 200 OK"
2026-02-09 10:34:44 - httpx - INFO - HTTP Request: GET https://api.bybit.com/v5/market/kline?category=linear&symbol=BTCUSDT&interval=1&start=1770586500000&limit=1000 "HTTP/1.1 200 OK"
[DRAWINGS] [OK] Loaded 6 shapes for BTCUSDT
2026-02-09 10:34:44 - uvicorn.access - INFO - 127.0.0.1:61272 - "GET /api/drawings/BTCUSDT HTTP/1.1" 200
2026-02-09 10:34:44 - httpx - INFO - HTTP Request: GET https://api.bybit.com/v5/market/kline?category=linear&symbol=BTCUSDT&interval=1&start=1770646500000&limit=80 "HTTP/1.1 200 OK"
2026-02-09 10:34:44 - uvicorn.access - INFO - 127.0.0.1:61264 - "GET /api/zones/realtime/metrics/BTCUSDT?interval=1&days=1&detection_method=trading_zones&consol_min_bars=8&consol_atr_ratio=0.6&consol_max_range_pct=2&consol_body_ratio=0.5&atr_dyn_period=200&atr_dyn_ma_period=20&atr_dyn_multiplier=1&use_ttm_prefilter=false&use_bbwp_scoring=false&atr_band_ma_period=20&ttm_atr_length=20&ttm_kc_multiplier=1.5&bbwp_lookback=252&bbwp_squeeze_threshold=20 HTTP/1.1" 200
[DRAWINGS] [OK] Loaded 6 shapes for BTCUSDT
2026-02-09 10:34:47 - uvicorn.access - INFO - 127.0.0.1:61264 - "GET /api/drawings/BTCUSDT HTTP/1.1" 200
2026-02-09 10:34:47 - uvicorn.access - INFO - 127.0.0.1:61264 - "GET /api/zones/realtime/status HTTP/1.1" 200
[DRAWINGS] [OK] Loaded 6 shapes for BTCUSDT
2026-02-09 10:34:50 - uvicorn.access - INFO - 127.0.0.1:61264 - "GET /api/drawings/BTCUSDT HTTP/1.1" 200
2026-02-09 10:34:50 - uvicorn.access - INFO - 127.0.0.1:61264 - "GET /api/zones/realtime/status HTTP/1.1" 200
2026-02-09 10:34:50 - uvicorn.access - INFO - 127.0.0.1:61264 - "GET /api/swing/status HTTP/1.1" 200
[DRAWINGS] [OK] Loaded 6 shapes for BTCUSDT
2026-02-09 10:34:53 - uvicorn.access - INFO - 127.0.0.1:61264 - "GET /api/drawings/BTCUSDT HTTP/1.1" 200
2026-02-09 10:34:53 - uvicorn.access - INFO - 127.0.0.1:61264 - "GET /api/zones/realtime/zones/BTCUSDT HTTP/1.1" 200
2026-02-09 10:34:54 - httpx - INFO - HTTP Request: GET https://api.bybit.com/v5/market/kline?category=linear&symbol=BTCUSDT&interval=1&start=1770046493761&limit=1000 "HTTP/1.1 200 OK"
2026-02-09 10:34:55 - httpx - INFO - HTTP Request: GET https://api.bybit.com/v5/market/kline?category=linear&symbol=BTCUSDT&interval=1&start=1770106500000&limit=1000 "HTTP/1.1 200 OK"
2026-02-09 10:34:55 - httpx - INFO - HTTP Request: GET https://api.bybit.com/v5/market/kline?category=linear&symbol=BTCUSDT&interval=1&start=1770166500000&limit=1000 "HTTP/1.1 200 OK"
2026-02-09 10:34:56 - httpx - INFO - HTTP Request: GET https://api.bybit.com/v5/market/kline?category=linear&symbol=BTCUSDT&interval=1&start=1770226500000&limit=1000 "HTTP/1.1 200 OK"
[DRAWINGS] [OK] Loaded 6 shapes for BTCUSDT
2026-02-09 10:34:56 - uvicorn.access - INFO - 127.0.0.1:61264 - "GET /api/drawings/BTCUSDT HTTP/1.1" 200
2026-02-09 10:34:56 - httpx - INFO - HTTP Request: GET https://api.bybit.com/v5/market/kline?category=linear&symbol=BTCUSDT&interval=1&start=1770286500000&limit=1000 "HTTP/1.1 200 OK"
2026-02-09 10:34:57 - httpx - INFO - HTTP Request: GET https://api.bybit.com/v5/market/kline?category=linear&symbol=BTCUSDT&interval=1&start=1770346500000&limit=1000 "HTTP/1.1 200 OK"
2026-02-09 10:34:57 - httpx - INFO - HTTP Request: GET https://api.bybit.com/v5/market/kline?category=linear&symbol=BTCUSDT&interval=1&start=1770406500000&limit=1000 "HTTP/1.1 200 OK"
2026-02-09 10:34:57 - uvicorn.access - INFO - 127.0.0.1:61264 - "GET /api/zones/realtime/status HTTP/1.1" 200
2026-02-09 10:34:58 - httpx - INFO - HTTP Request: GET https://api.bybit.com/v5/market/kline?category=linear&symbol=BTCUSDT&interval=1&start=1770466500000&limit=1000 "HTTP/1.1 200 OK"
2026-02-09 10:34:58 - httpx - INFO - HTTP Request: GET https://api.bybit.com/v5/market/kline?category=linear&symbol=BTCUSDT&interval=1&start=1770526500000&limit=1000 "HTTP/1.1 200 OK"
2026-02-09 10:34:59 - httpx - INFO - HTTP Request: GET https://api.bybit.com/v5/market/kline?category=linear&symbol=BTCUSDT&interval=1&start=1770586500000&limit=1000 "HTTP/1.1 200 OK"
[DRAWINGS] [OK] Loaded 6 shapes for BTCUSDT
2026-02-09 10:34:59 - uvicorn.access - INFO - 127.0.0.1:61264 - "GET /api/drawings/BTCUSDT HTTP/1.1" 200
2026-02-09 10:34:59 - httpx - INFO - HTTP Request: GET https://api.bybit.com/v5/market/kline?category=linear&symbol=BTCUSDT&interval=1&start=1770646500000&limit=80 "HTTP/1.1 200 OK"
2026-02-09 10:34:59 - uvicorn.access - INFO - 127.0.0.1:61285 - "GET /api/zones/realtime/metrics/BTCUSDT?interval=1&days=1&detection_method=trading_zones&consol_min_bars=8&consol_atr_ratio=0.6&consol_max_range_pct=2&consol_body_ratio=0.5&atr_dyn_period=200&atr_dyn_ma_period=20&atr_dyn_multiplier=1&use_ttm_prefilter=false&use_bbwp_scoring=false&atr_band_ma_period=20&ttm_atr_length=20&ttm_kc_multiplier=1.5&bbwp_lookback=252&bbwp_squeeze_threshold=20 HTTP/1.1" 200
2026-02-09 10:35:00 - uvicorn.access - INFO - 127.0.0.1:61285 - "OPTIONS /api/zones/realtime/config HTTP/1.1" 200
2026-02-09 10:35:00 - zone_service - INFO - [ZONE_SERVICE] Config guardada
2026-02-09 10:35:00 - zone_service - INFO - [ZONE_SERVICE] Config actualizada: ['min_score_filter']
2026-02-09 10:35:00 - uvicorn.access - INFO - 127.0.0.1:61264 - "POST /api/zones/realtime/config HTTP/1.1" 200
2026-02-09 10:35:00 - uvicorn.access - INFO - 127.0.0.1:61264 - "GET /api/zones/realtime/status HTTP/1.1" 200
2026-02-09 10:35:01 - websocket_manager - INFO - Candle closed: ADAUSDT 1 @ 0.2647 (notifying 3 listeners)
2026-02-09 10:35:01 - realtime_pattern_service - INFO - Candle closed: ADAUSDT 1m @ 0.26
2026-02-09 10:35:01 - realtime_pattern_service - INFO - [REALTIME] ADAUSDT/1: Running detection with 202 candles
2026-02-09 10:35:01 - websocket_manager - INFO - Candle closed: BTCUSDT 1 @ 68997.8 (notifying 3 listeners)
2026-02-09 10:35:01 - realtime_pattern_service - INFO - Candle closed: BTCUSDT 1m @ 68997.80
2026-02-09 10:35:01 - websocket_manager - INFO - Candle closed: DOGEUSDT 1 @ 0.09435 (notifying 3 listeners)
2026-02-09 10:35:01 - realtime_pattern_service - INFO - Candle closed: DOGEUSDT 1m @ 0.09
2026-02-09 10:35:01 - realtime_pattern_service - INFO - [REALTIME] BTCUSDT/1: Running detection with 500 candles
2026-02-09 10:35:01 - zone_alerts - INFO - INSTANT_BREAKOUT | BTCUSDT | UP | entry=68997.80 | sl=68638.39 | tp=69357.21 | score=38.4 | mode=pending_monitor
2026-02-09 10:35:01 - zone_service - INFO - [ZONE_SERVICE] BTCUSDT: 1 nuevos trades OPEN registrados (total tracking: 1)
2026-02-09 10:35:01 - zone_alerts - INFO - OPEN_TRADE_REGISTERED | BTCUSDT | +1 trades | total_tracking=1
2026-02-09 10:35:01 - zone_service - INFO - [ZONE_SERVICE] Enviando alerta: BTCUSDT LONG -> http://localhost:5000/api/watchlist-alert
2026-02-09 10:35:01 - realtime_pattern_service - INFO - [REALTIME] DOGEUSDT/1: Running detection with 202 candles
2026-02-09 10:35:01 - websocket_manager - INFO - Candle closed: ETHUSDT 1 @ 2042.02 (notifying 3 listeners)
2026-02-09 10:35:01 - realtime_pattern_service - INFO - Candle closed: ETHUSDT 1m @ 2042.02
2026-02-09 10:35:01 - realtime_pattern_service - INFO - [REALTIME] ETHUSDT/1: Running detection with 202 candles
2026-02-09 10:35:01 - websocket_manager - INFO - Candle closed: GALAUSDT 1 @ 0.004001 (notifying 3 listeners)
2026-02-09 10:35:01 - realtime_pattern_service - INFO - Candle closed: GALAUSDT 1m @ 0.00
2026-02-09 10:35:01 - realtime_pattern_service - INFO - [REALTIME] GALAUSDT/1: Running detection with 202 candles
2026-02-09 10:35:01 - websocket_manager - INFO - Candle closed: XRPUSDT 1 @ 1.4315 (notifying 3 listeners)
2026-02-09 10:35:01 - realtime_pattern_service - INFO - Candle closed: XRPUSDT 1m @ 1.43
2026-02-09 10:35:01 - realtime_pattern_service - INFO - [REALTIME] XRPUSDT/1: Running detection with 202 candles
2026-02-09 10:35:01 - websocket_manager - INFO - Candle closed: TRBUSDT 1 @ 14.414 (notifying 3 listeners)
2026-02-09 10:35:01 - realtime_pattern_service - INFO - Candle closed: TRBUSDT 1m @ 14.41
2026-02-09 10:35:01 - realtime_pattern_service - INFO - [REALTIME] TRBUSDT/1: Running detection with 202 candles
2026-02-09 10:35:01 - websocket_manager - INFO - Candle closed: TRXUSDT 1 @ 0.27682 (notifying 3 listeners)
2026-02-09 10:35:01 - realtime_pattern_service - INFO - Candle closed: TRXUSDT 1m @ 0.28
2026-02-09 10:35:01 - realtime_pattern_service - INFO - [REALTIME] TRXUSDT/1: Running detection with 202 candles
2026-02-09 10:35:01 - websocket_manager - INFO - Candle closed: SOLUSDT 1 @ 84.66 (notifying 3 listeners)
2026-02-09 10:35:01 - realtime_pattern_service - INFO - Candle closed: SOLUSDT 1m @ 84.66
2026-02-09 10:35:01 - realtime_pattern_service - INFO - [REALTIME] SOLUSDT/1: Running detection with 202 candles
2026-02-09 10:35:02 - websocket_manager - INFO - Candle closed: SUIUSDT 1 @ 0.9445 (notifying 3 listeners)
2026-02-09 10:35:02 - realtime_pattern_service - INFO - Candle closed: SUIUSDT 1m @ 0.94
2026-02-09 10:35:02 - realtime_pattern_service - INFO - [REALTIME] SUIUSDT/1: Running detection with 202 candles
2026-02-09 10:35:02 - websocket_manager - INFO - Candle closed: BNBUSDT 1 @ 626.5 (notifying 3 listeners)
2026-02-09 10:35:02 - realtime_pattern_service - INFO - Candle closed: BNBUSDT 1m @ 626.50
2026-02-09 10:35:02 - realtime_pattern_service - INFO - [REALTIME] BNBUSDT/1: Running detection with 202 candles
2026-02-09 10:35:02 - websocket_manager - INFO - Candle closed: PAXGUSDT 1 @ 5061.1 (notifying 3 listeners)
2026-02-09 10:35:02 - realtime_pattern_service - INFO - Candle closed: PAXGUSDT 1m @ 5061.10
2026-02-09 10:35:02 - realtime_pattern_service - INFO - [REALTIME] PAXGUSDT/1: Running detection with 202 candles
2026-02-09 10:35:02 - websocket_manager - INFO - Candle closed: POLUSDT 1 @ 0.09144 (notifying 3 listeners)
2026-02-09 10:35:02 - realtime_pattern_service - INFO - Candle closed: POLUSDT 1m @ 0.09
2026-02-09 10:35:02 - realtime_pattern_service - INFO - [REALTIME] POLUSDT/1: Running detection with 202 candles
[DRAWINGS] [OK] Loaded 6 shapes for BTCUSDT
2026-02-09 10:35:02 - uvicorn.access - INFO - 127.0.0.1:61264 - "GET /api/drawings/BTCUSDT HTTP/1.1" 200
2026-02-09 10:35:02 - uvicorn.access - INFO - 127.0.0.1:61264 - "GET /api/vwap-service/data/BTCUSDT?days=1&interval=1&vwapType=rolling&rollingPeriod=200 HTTP/1.1" 200
2026-02-09 10:35:03 - zone_alerts - ERROR - ALERT_CONNECT_ERROR | BTCUSDT | LONG | TradingBot no disponible en http://localhost:5000/api/watchlist-alert
2026-02-09 10:35:03 - zone_service - ERROR - [ZONE_SERVICE] TradingBot no disponible (ConnectError)
2026-02-09 10:35:03 - zone_alerts - ERROR - ALERT_FAILED | BTCUSDT | LONG | entry=68997.80 | (ver lineas anteriores para detalle)
[ZoneDetector] ===== VERSION 3.0 (5 capas opcionales) =====
[ZoneDetector] Trading Zones: ATR global = 147.99, velas = 500
[ZoneDetector] Config: entry_mode=va_breakout, position_mode=concurrent, swing_bars=5, sl_mode=zone_opposite
[ZoneDetector] Capa 3 TTM Pre-filter: ON (7 regiones de squeeze encontradas)
[ZoneDetector] Capas v3.0 activas: Reentry(3), TTM_Squeeze
[ZoneDetector] Trading Zones: Encontradas 14 consolidaciones
[ZoneDetector] Trading Zones: 13 despues de deduplicacion
[ZoneDetector] position_mode='concurrent' (type=str)
[ZoneDetector] Trading Zones RESULTADOS (mode=va_breakout, pos=concurrent, sl=zone_opposite):
  - Total zonas: 13
  - Wins: 6, Losses: 7, Skipped: 0
  - Win Rate: 46.2%
  - Total P&L: -1.0R
  - Expectancy: -0.077R por trade

==============================================================================================================
[TIMELINE] TRADES ACTIVOS en orden cronologico (mode=concurrent)
==============================================================================================================
 TL# | Result |   Dir |     Entry Date |     Close Date |     Entry$ |        SL$ |        TP$ |    PnL | Overlap?
-----+--------+-------+----------------+----------------+------------+------------+------------+--------+-----------
   1 |    WIN |  DOWN |    02/09 02:38 |    02/09 03:28 |   70400.00 |   70746.10 |   70053.90 |  +1.0R |
   2 |    WIN |  DOWN |    02/09 03:27 |    02/09 03:32 |   70096.10 |   70577.90 |   69614.30 |  +1.0R | OVERLAP!
   3 |   LOSS |  DOWN |    02/09 03:31 |    02/09 03:31 |   69670.20 |   69983.00 |   69357.40 |  -1.0R | OVERLAP!
   4 |   LOSS |    UP |    02/09 04:07 |    02/09 04:19 |   70030.00 |   69732.20 |   70327.80 |  -1.0R |
   5 |    WIN |  DOWN |    02/09 04:40 |    02/09 05:16 |   69563.10 |   69905.80 |   69220.40 |  +1.0R |
   6 |    WIN |  DOWN |    02/09 05:16 |    02/09 05:31 |   69239.20 |   69699.10 |   68779.30 |  +1.0R | OVERLAP!
   7 |   LOSS |    UP |    02/09 06:04 |    02/09 09:08 |   68894.00 |   68329.40 |   69458.60 |  -1.0R |
   8 |    WIN |    UP |    02/09 06:26 |    02/09 07:12 |   68894.10 |   68596.40 |   69191.80 |  +1.0R | OVERLAP!
   9 |   LOSS |    UP |    02/09 07:09 |    02/09 08:55 |   69141.00 |   68643.70 |   69638.30 |  -1.0R | OVERLAP!
  10 |   LOSS |    UP |    02/09 07:41 |    02/09 08:05 |   69195.20 |   68946.20 |   69444.20 |  -1.0R | OVERLAP!
  11 |   LOSS |  DOWN |    02/09 08:04 |    02/09 08:11 |   68953.50 |   69155.40 |   68751.60 |  -1.0R | OVERLAP!
  12 |   LOSS |    UP |    02/09 08:12 |    02/09 08:50 |   69247.80 |   68899.80 |   69595.80 |  -1.0R |
  13 |    WIN |  DOWN |    02/09 08:51 |    02/09 09:08 |   68760.30 |   69181.50 |   68339.10 |  +1.0R |

*** ALERTA: 7 SOLAPAMIENTO(S) DETECTADO(S) ***
==============================================================================================================

[ZoneDetector] Deduplicación: 13 -> 13 zonas
[DRAWINGS] [OK] Loaded 6 shapes for BTCUSDT
2026-02-09 10:35:05 - uvicorn.access - INFO - 127.0.0.1:61264 - "GET /api/drawings/BTCUSDT HTTP/1.1" 200
2026-02-09 10:35:05 - uvicorn.access - INFO - 127.0.0.1:61264 - "GET /api/realtime/alerts/history?limit=100 HTTP/1.1" 200
2026-02-09 10:35:05 - uvicorn.access - INFO - 127.0.0.1:61285 - "GET /api/status HTTP/1.1" 200
2026-02-09 10:35:05 - uvicorn.access - INFO - 127.0.0.1:61264 - "GET /api/realtime/alerts/history?limit=100 HTTP/1.1" 200
2026-02-09 10:35:05 - uvicorn.access - INFO - 127.0.0.1:61264 - "GET /api/zones/realtime/status HTTP/1.1" 200
2026-02-09 10:35:05 - uvicorn.access - INFO - 127.0.0.1:61285 - "GET /api/swing/status HTTP/1.1" 200
2026-02-09 10:35:07 - uvicorn.access - INFO - 127.0.0.1:61285 - "GET /api/zones/realtime/status HTTP/1.1" 200
[DRAWINGS] [OK] Loaded 6 shapes for BTCUSDT
2026-02-09 10:35:08 - uvicorn.access - INFO - 127.0.0.1:61264 - "GET /api/drawings/BTCUSDT HTTP/1.1" 200
2026-02-09 10:35:08 - uvicorn.access - INFO - 127.0.0.1:61264 - "GET /api/zones/realtime/zones/BTCUSDT HTTP/1.1" 200
2026-02-09 10:35:09 - httpx - INFO - HTTP Request: GET https://api.bybit.com/v5/market/kline?category=linear&symbol=BTCUSDT&interval=1&start=1770046508311&limit=1000 "HTTP/1.1 200 OK"
2026-02-09 10:35:09 - httpx - INFO - HTTP Request: GET https://api.bybit.com/v5/market/kline?category=linear&symbol=BTCUSDT&interval=1&start=1770106560000&limit=1000 "HTTP/1.1 200 OK"
2026-02-09 10:35:10 - httpx - INFO - HTTP Request: GET https://api.bybit.com/v5/market/kline?category=linear&symbol=BTCUSDT&interval=1&start=1770166560000&limit=1000 "HTTP/1.1 200 OK"
2026-02-09 10:35:10 - httpx - INFO - HTTP Request: GET https://api.bybit.com/v5/market/kline?category=linear&symbol=BTCUSDT&interval=1&start=1770226560000&limit=1000 "HTTP/1.1 200 OK"
2026-02-09 10:35:11 - httpx - INFO - HTTP Request: GET https://api.bybit.com/v5/market/kline?category=linear&symbol=BTCUSDT&interval=1&start=1770286560000&limit=1000 "HTTP/1.1 200 OK"
[DRAWINGS] [OK] Loaded 6 shapes for BTCUSDT
2026-02-09 10:35:11 - uvicorn.access - INFO - 127.0.0.1:61264 - "GET /api/drawings/BTCUSDT HTTP/1.1" 200
2026-02-09 10:35:11 - httpx - INFO - HTTP Request: GET https://api.bybit.com/v5/market/kline?category=linear&symbol=BTCUSDT&interval=1&start=1770346560000&limit=1000 "HTTP/1.1 200 OK"
2026-02-09 10:35:11 - httpx - INFO - HTTP Request: GET https://api.bybit.com/v5/market/kline?category=linear&symbol=BTCUSDT&interval=1&start=1770406560000&limit=1000 "HTTP/1.1 200 OK"
2026-02-09 10:35:13 - httpx - INFO - HTTP Request: GET https://api.bybit.com/v5/market/kline?category=linear&symbol=BTCUSDT&interval=1&start=1770466560000&limit=1000 "HTTP/1.1 200 OK"
2026-02-09 10:35:13 - httpx - INFO - HTTP Request: GET https://api.bybit.com/v5/market/kline?category=linear&symbol=BTCUSDT&interval=1&start=1770526560000&limit=1000 "HTTP/1.1 200 OK"
2026-02-09 10:35:14 - httpx - INFO - HTTP Request: GET https://api.bybit.com/v5/market/kline?category=linear&symbol=BTCUSDT&interval=1&start=1770586560000&limit=1000 "HTTP/1.1 200 OK"
[DRAWINGS] [OK] Loaded 6 shapes for BTCUSDT
2026-02-09 10:35:14 - uvicorn.access - INFO - 127.0.0.1:61264 - "GET /api/drawings/BTCUSDT HTTP/1.1" 200
2026-02-09 10:35:14 - httpx - INFO - HTTP Request: GET https://api.bybit.com/v5/market/kline?category=linear&symbol=BTCUSDT&interval=1&start=1770646560000&limit=80 "HTTP/1.1 200 OK"
2026-02-09 10:35:14 - uvicorn.access - INFO - 127.0.0.1:61285 - "GET /api/zones/realtime/metrics/BTCUSDT?interval=1&days=1&detection_method=trading_zones&consol_min_bars=8&consol_atr_ratio=0.6&consol_max_range_pct=2&consol_body_ratio=0.5&atr_dyn_period=200&atr_dyn_ma_period=20&atr_dyn_multiplier=1&use_ttm_prefilter=false&use_bbwp_scoring=false&atr_band_ma_period=20&ttm_atr_length=20&ttm_kc_multiplier=1.5&bbwp_lookback=252&bbwp_squeeze_threshold=20 HTTP/1.1" 200
[DRAWINGS] [OK] Loaded 6 shapes for BTCUSDT
2026-02-09 10:35:17 - uvicorn.access - INFO - 127.0.0.1:61285 - "GET /api/drawings/BTCUSDT HTTP/1.1" 200
2026-02-09 10:35:17 - uvicorn.access - INFO - 127.0.0.1:61285 - "GET /api/zones/realtime/status HTTP/1.1" 200
[DRAWINGS] [OK] Loaded 6 shapes for BTCUSDT
2026-02-09 10:35:20 - uvicorn.access - INFO - 127.0.0.1:61285 - "GET /api/drawings/BTCUSDT HTTP/1.1" 200
2026-02-09 10:35:20 - uvicorn.access - INFO - 127.0.0.1:61285 - "GET /api/zones/realtime/status HTTP/1.1" 200
2026-02-09 10:35:20 - uvicorn.access - INFO - 127.0.0.1:61290 - "GET /api/swing/status HTTP/1.1" 200
[DRAWINGS] [OK] Loaded 6 shapes for BTCUSDT
2026-02-09 10:35:23 - uvicorn.access - INFO - 127.0.0.1:61290 - "GET /api/drawings/BTCUSDT HTTP/1.1" 200
2026-02-09 10:35:23 - uvicorn.access - INFO - 127.0.0.1:61290 - "GET /api/zones/realtime/zones/BTCUSDT HTTP/1.1" 200
2026-02-09 10:35:24 - httpx - INFO - HTTP Request: GET https://api.bybit.com/v5/market/kline?category=linear&symbol=BTCUSDT&interval=1&start=1770046523766&limit=1000 "HTTP/1.1 200 OK"
2026-02-09 10:35:25 - httpx - INFO - HTTP Request: GET https://api.bybit.com/v5/market/kline?category=linear&symbol=BTCUSDT&interval=1&start=1770106560000&limit=1000 "HTTP/1.1 200 OK"
2026-02-09 10:35:25 - httpx - INFO - HTTP Request: GET https://api.bybit.com/v5/market/kline?category=linear&symbol=BTCUSDT&interval=1&start=1770166560000&limit=1000 "HTTP/1.1 200 OK"
2026-02-09 10:35:26 - httpx - INFO - HTTP Request: GET https://api.bybit.com/v5/market/kline?category=linear&symbol=BTCUSDT&interval=1&start=1770226560000&limit=1000 "HTTP/1.1 200 OK"
[DRAWINGS] [OK] Loaded 6 shapes for BTCUSDT
2026-02-09 10:35:26 - uvicorn.access - INFO - 127.0.0.1:61290 - "GET /api/drawings/BTCUSDT HTTP/1.1" 200
2026-02-09 10:35:26 - httpx - INFO - HTTP Request: GET https://api.bybit.com/v5/market/kline?category=linear&symbol=BTCUSDT&interval=1&start=1770286560000&limit=1000 "HTTP/1.1 200 OK"
2026-02-09 10:35:27 - httpx - INFO - HTTP Request: GET https://api.bybit.com/v5/market/kline?category=linear&symbol=BTCUSDT&interval=1&start=1770346560000&limit=1000 "HTTP/1.1 200 OK"
2026-02-09 10:35:27 - uvicorn.access - INFO - 127.0.0.1:61290 - "GET /api/zones/realtime/status HTTP/1.1" 200
2026-02-09 10:35:28 - httpx - INFO - HTTP Request: GET https://api.bybit.com/v5/market/kline?category=linear&symbol=BTCUSDT&interval=1&start=1770406560000&limit=1000 "HTTP/1.1 200 OK"
2026-02-09 10:35:29 - httpx - INFO - HTTP Request: GET https://api.bybit.com/v5/market/kline?category=linear&symbol=BTCUSDT&interval=1&start=1770466560000&limit=1000 "HTTP/1.1 200 OK"
[DRAWINGS] [OK] Loaded 6 shapes for BTCUSDT
2026-02-09 10:35:29 - uvicorn.access - INFO - 127.0.0.1:61290 - "GET /api/drawings/BTCUSDT HTTP/1.1" 200
2026-02-09 10:35:30 - httpx - INFO - HTTP Request: GET https://api.bybit.com/v5/market/kline?category=linear&symbol=BTCUSDT&interval=1&start=1770526560000&limit=1000 "HTTP/1.1 200 OK"
2026-02-09 10:35:31 - httpx - INFO - HTTP Request: GET https://api.bybit.com/v5/market/kline?category=linear&symbol=BTCUSDT&interval=1&start=1770586560000&limit=1000 "HTTP/1.1 200 OK"
2026-02-09 10:35:31 - httpx - INFO - HTTP Request: GET https://api.bybit.com/v5/market/kline?category=linear&symbol=BTCUSDT&interval=1&start=1770646560000&limit=80 "HTTP/1.1 200 OK"
2026-02-09 10:35:31 - uvicorn.access - INFO - 127.0.0.1:61285 - "GET /api/zones/realtime/metrics/BTCUSDT?interval=1&days=1&detection_method=trading_zones&consol_min_bars=8&consol_atr_ratio=0.6&consol_max_range_pct=2&consol_body_ratio=0.5&atr_dyn_period=200&atr_dyn_ma_period=20&atr_dyn_multiplier=1&use_ttm_prefilter=false&use_bbwp_scoring=false&atr_band_ma_period=20&ttm_atr_length=20&ttm_kc_multiplier=1.5&bbwp_lookback=252&bbwp_squeeze_threshold=20 HTTP/1.1" 200
[DRAWINGS] [OK] Loaded 6 shapes for BTCUSDT
2026-02-09 10:35:32 - uvicorn.access - INFO - 127.0.0.1:61285 - "GET /api/drawings/BTCUSDT HTTP/1.1" 200
[DRAWINGS] [OK] Loaded 6 shapes for BTCUSDT
2026-02-09 10:35:35 - uvicorn.access - INFO - 127.0.0.1:61285 - "GET /api/drawings/BTCUSDT HTTP/1.1" 200
2026-02-09 10:35:35 - uvicorn.access - INFO - 127.0.0.1:61332 - "GET /api/realtime/alerts/history?limit=100 HTTP/1.1" 200
2026-02-09 10:35:35 - uvicorn.access - INFO - 127.0.0.1:61334 - "GET /api/zones/realtime/status HTTP/1.1" 200
2026-02-09 10:35:35 - uvicorn.access - INFO - 127.0.0.1:61335 - "GET /api/swing/status HTTP/1.1" 200
2026-02-09 10:35:35 - uvicorn.access - INFO - 127.0.0.1:61336 - "GET /api/realtime/alerts/history?limit=100 HTTP/1.1" 200
2026-02-09 10:35:35 - uvicorn.access - INFO - 127.0.0.1:61333 - "GET /api/status HTTP/1.1" 200
2026-02-09 10:35:36 - httpx - INFO - HTTP Request: GET https://api.bybit.com/v5/market/tickers?category=linear "HTTP/1.1 200 OK"
2026-02-09 10:35:36 - uvicorn.access - INFO - 127.0.0.1:61285 - "GET /api/tickers?symbols=BTCUSDT,ETHUSDT,XRPUSDT,TRXUSDT,GALAUSDT,SUIUSDT,TRBUSDT,SOLUSDT,ADAUSDT,DOGEUSDT HTTP/1.1" 200
2026-02-09 10:35:37 - uvicorn.access - INFO - 127.0.0.1:61285 - "GET /api/zones/realtime/status HTTP/1.1" 200
2026-02-09 10:35:38 - uvicorn.access - INFO - 127.0.0.1:61336 - "GET /api/vwap-service/data/BTCUSDT?days=1&interval=1&vwapType=rolling&rollingPeriod=200 HTTP/1.1" 200
[DRAWINGS] [OK] Loaded 6 shapes for BTCUSDT
2026-02-09 10:35:38 - uvicorn.access - INFO - 127.0.0.1:61333 - "GET /api/drawings/BTCUSDT HTTP/1.1" 200
2026-02-09 10:35:38 - uvicorn.access - INFO - 127.0.0.1:61335 - "GET /api/zones/realtime/zones/BTCUSDT HTTP/1.1" 200
2026-02-09 10:35:39 - httpx - INFO - HTTP Request: GET https://api.bybit.com/v5/market/kline?category=linear&symbol=BTCUSDT&interval=1&start=1770046538316&limit=1000 "HTTP/1.1 200 OK"
2026-02-09 10:35:39 - httpx - INFO - HTTP Request: GET https://api.bybit.com/v5/market/kline?category=linear&symbol=BTCUSDT&interval=1&start=1770106560000&limit=1000 "HTTP/1.1 200 OK"
2026-02-09 10:35:40 - httpx - INFO - HTTP Request: GET https://api.bybit.com/v5/market/kline?category=linear&symbol=BTCUSDT&interval=1&start=1770166560000&limit=1000 "HTTP/1.1 200 OK"
2026-02-09 10:35:40 - httpx - INFO - HTTP Request: GET https://api.bybit.com/v5/market/kline?category=linear&symbol=BTCUSDT&interval=1&start=1770226560000&limit=1000 "HTTP/1.1 200 OK"
2026-02-09 10:35:41 - httpx - INFO - HTTP Request: GET https://api.bybit.com/v5/market/kline?category=linear&symbol=BTCUSDT&interval=1&start=1770286560000&limit=1000 "HTTP/1.1 200 OK"
[DRAWINGS] [OK] Loaded 6 shapes for BTCUSDT
2026-02-09 10:35:41 - uvicorn.access - INFO - 127.0.0.1:61335 - "GET /api/drawings/BTCUSDT HTTP/1.1" 200
2026-02-09 10:35:41 - httpx - INFO - HTTP Request: GET https://api.bybit.com/v5/market/kline?category=linear&symbol=BTCUSDT&interval=1&start=1770346560000&limit=1000 "HTTP/1.1 200 OK"
2026-02-09 10:35:42 - httpx - INFO - HTTP Request: GET https://api.bybit.com/v5/market/kline?category=linear&symbol=BTCUSDT&interval=1&start=1770406560000&limit=1000 "HTTP/1.1 200 OK"
2026-02-09 10:35:43 - httpx - INFO - HTTP Request: GET https://api.bybit.com/v5/market/kline?category=linear&symbol=BTCUSDT&interval=1&start=1770466560000&limit=1000 "HTTP/1.1 200 OK"
[DRAWINGS] [OK] Loaded 6 shapes for BTCUSDT
2026-02-09 10:35:44 - uvicorn.access - INFO - 127.0.0.1:61335 - "GET /api/drawings/BTCUSDT HTTP/1.1" 200
2026-02-09 10:35:44 - httpx - INFO - HTTP Request: GET https://api.bybit.com/v5/market/kline?category=linear&symbol=BTCUSDT&interval=1&start=1770526560000&limit=1000 "HTTP/1.1 200 OK"
2026-02-09 10:35:44 - httpx - INFO - HTTP Request: GET https://api.bybit.com/v5/market/kline?category=linear&symbol=BTCUSDT&interval=1&start=1770586560000&limit=1000 "HTTP/1.1 200 OK"
2026-02-09 10:35:45 - httpx - INFO - HTTP Request: GET https://api.bybit.com/v5/market/kline?category=linear&symbol=BTCUSDT&interval=1&start=1770646560000&limit=80 "HTTP/1.1 200 OK"
2026-02-09 10:35:45 - uvicorn.access - INFO - 127.0.0.1:61285 - "GET /api/zones/realtime/metrics/BTCUSDT?interval=1&days=1&detection_method=trading_zones&consol_min_bars=8&consol_atr_ratio=0.6&consol_max_range_pct=2&consol_body_ratio=0.5&atr_dyn_period=200&atr_dyn_ma_period=20&atr_dyn_multiplier=1&use_ttm_prefilter=false&use_bbwp_scoring=false&atr_band_ma_period=20&ttm_atr_length=20&ttm_kc_multiplier=1.5&bbwp_lookback=252&bbwp_squeeze_threshold=20 HTTP/1.1" 200
[DRAWINGS] [OK] Loaded 6 shapes for BTCUSDT
2026-02-09 10:35:47 - uvicorn.access - INFO - 127.0.0.1:61285 - "GET /api/drawings/BTCUSDT HTTP/1.1" 200
2026-02-09 10:35:47 - uvicorn.access - INFO - 127.0.0.1:61285 - "GET /api/zones/realtime/status HTTP/1.1" 200
[DRAWINGS] [OK] Loaded 6 shapes for BTCUSDT
2026-02-09 10:35:50 - uvicorn.access - INFO - 127.0.0.1:61285 - "GET /api/drawings/BTCUSDT HTTP/1.1" 200
2026-02-09 10:35:50 - uvicorn.access - INFO - 127.0.0.1:61285 - "GET /api/zones/realtime/status HTTP/1.1" 200
2026-02-09 10:35:50 - uvicorn.access - INFO - 127.0.0.1:61285 - "GET /api/swing/status HTTP/1.1" 200
[DRAWINGS] [OK] Loaded 6 shapes for BTCUSDT
2026-02-09 10:35:53 - uvicorn.access - INFO - 127.0.0.1:61285 - "GET /api/drawings/BTCUSDT HTTP/1.1" 200
2026-02-09 10:35:53 - uvicorn.access - INFO - 127.0.0.1:61285 - "GET /api/zones/realtime/zones/BTCUSDT HTTP/1.1" 200
2026-02-09 10:35:54 - httpx - INFO - HTTP Request: GET https://api.bybit.com/v5/market/kline?category=linear&symbol=BTCUSDT&interval=1&start=1770046553769&limit=1000 "HTTP/1.1 200 OK"
2026-02-09 10:35:55 - httpx - INFO - HTTP Request: GET https://api.bybit.com/v5/market/kline?category=linear&symbol=BTCUSDT&interval=1&start=1770106560000&limit=1000 "HTTP/1.1 200 OK"
2026-02-09 10:35:56 - httpx - INFO - HTTP Request: GET https://api.bybit.com/v5/market/kline?category=linear&symbol=BTCUSDT&interval=1&start=1770166560000&limit=1000 "HTTP/1.1 200 OK"
[DRAWINGS] [OK] Loaded 6 shapes for BTCUSDT
2026-02-09 10:35:56 - uvicorn.access - INFO - 127.0.0.1:61285 - "GET /api/drawings/BTCUSDT HTTP/1.1" 200
2026-02-09 10:35:56 - httpx - INFO - HTTP Request: GET https://api.bybit.com/v5/market/kline?category=linear&symbol=BTCUSDT&interval=1&start=1770226560000&limit=1000 "HTTP/1.1 200 OK"
2026-02-09 10:35:56 - httpx - INFO - HTTP Request: GET https://api.bybit.com/v5/market/kline?category=linear&symbol=BTCUSDT&interval=1&start=1770286560000&limit=1000 "HTTP/1.1 200 OK"
2026-02-09 10:35:57 - httpx - INFO - HTTP Request: GET https://api.bybit.com/v5/market/kline?category=linear&symbol=BTCUSDT&interval=1&start=1770346560000&limit=1000 "HTTP/1.1 200 OK"
2026-02-09 10:35:57 - httpx - INFO - HTTP Request: GET https://api.bybit.com/v5/market/kline?category=linear&symbol=BTCUSDT&interval=1&start=1770406560000&limit=1000 "HTTP/1.1 200 OK"
2026-02-09 10:35:57 - uvicorn.access - INFO - 127.0.0.1:61285 - "GET /api/zones/realtime/status HTTP/1.1" 200
2026-02-09 10:35:58 - httpx - INFO - HTTP Request: GET https://api.bybit.com/v5/market/kline?category=linear&symbol=BTCUSDT&interval=1&start=1770466560000&limit=1000 "HTTP/1.1 200 OK"
2026-02-09 10:35:58 - httpx - INFO - HTTP Request: GET https://api.bybit.com/v5/market/kline?category=linear&symbol=BTCUSDT&interval=1&start=1770526560000&limit=1000 "HTTP/1.1 200 OK"
2026-02-09 10:35:59 - httpx - INFO - HTTP Request: GET https://api.bybit.com/v5/market/kline?category=linear&symbol=BTCUSDT&interval=1&start=1770586560000&limit=1000 "HTTP/1.1 200 OK"
[DRAWINGS] [OK] Loaded 6 shapes for BTCUSDT
2026-02-09 10:35:59 - uvicorn.access - INFO - 127.0.0.1:61285 - "GET /api/drawings/BTCUSDT HTTP/1.1" 200
2026-02-09 10:35:59 - httpx - INFO - HTTP Request: GET https://api.bybit.com/v5/market/kline?category=linear&symbol=BTCUSDT&interval=1&start=1770646560000&limit=80 "HTTP/1.1 200 OK"
2026-02-09 10:35:59 - uvicorn.access - INFO - 127.0.0.1:61344 - "GET /api/zones/realtime/metrics/BTCUSDT?interval=1&days=1&detection_method=trading_zones&consol_min_bars=8&consol_atr_ratio=0.6&consol_max_range_pct=2&consol_body_ratio=0.5&atr_dyn_period=200&atr_dyn_ma_period=20&atr_dyn_multiplier=1&use_ttm_prefilter=false&use_bbwp_scoring=false&atr_band_ma_period=20&ttm_atr_length=20&ttm_kc_multiplier=1.5&bbwp_lookback=252&bbwp_squeeze_threshold=20 HTTP/1.1" 200
2026-02-09 10:36:01 - websocket_manager - INFO - Candle closed: ADAUSDT 1 @ 0.2652 (notifying 3 listeners)
2026-02-09 10:36:01 - realtime_pattern_service - INFO - Candle closed: ADAUSDT 1m @ 0.27
2026-02-09 10:36:01 - realtime_pattern_service - INFO - [REALTIME] ADAUSDT/1: Running detection with 203 candles
2026-02-09 10:36:01 - websocket_manager - INFO - Candle closed: BTCUSDT 1 @ 69172.9 (notifying 3 listeners)
2026-02-09 10:36:01 - realtime_pattern_service - INFO - Candle closed: BTCUSDT 1m @ 69172.90
2026-02-09 10:36:01 - realtime_pattern_service - INFO - [REALTIME] BTCUSDT/1: Running detection with 500 candles
[ZoneDetector] ===== VERSION 3.0 (5 capas opcionales) =====
[ZoneDetector] Trading Zones: ATR global = 149.59, velas = 500
[ZoneDetector] Config: entry_mode=va_breakout, position_mode=concurrent, swing_bars=5, sl_mode=zone_opposite
[ZoneDetector] Capa 3 TTM Pre-filter: ON (7 regiones de squeeze encontradas)
[ZoneDetector] Capas v3.0 activas: Reentry(3), TTM_Squeeze
[ZoneDetector] Trading Zones: Encontradas 14 consolidaciones
[ZoneDetector] Trading Zones: 13 despues de deduplicacion
[ZoneDetector] position_mode='concurrent' (type=str)
[ZoneDetector] Trading Zones RESULTADOS (mode=va_breakout, pos=concurrent, sl=zone_opposite):
  - Total zonas: 13
  - Wins: 6, Losses: 7, Skipped: 0
  - Win Rate: 46.2%
  - Total P&L: -1.0R
  - Expectancy: -0.077R por trade

==============================================================================================================
[TIMELINE] TRADES ACTIVOS en orden cronologico (mode=concurrent)
==============================================================================================================
 TL# | Result |   Dir |     Entry Date |     Close Date |     Entry$ |        SL$ |        TP$ |    PnL | Overlap?
-----+--------+-------+----------------+----------------+------------+------------+------------+--------+-----------
   1 |    WIN |  DOWN |    02/09 02:38 |    02/09 03:28 |   70400.00 |   70746.10 |   70053.90 |  +1.0R |
   2 |    WIN |  DOWN |    02/09 03:27 |    02/09 03:32 |   70096.10 |   70577.90 |   69614.30 |  +1.0R | OVERLAP!
   3 |   LOSS |  DOWN |    02/09 03:31 |    02/09 03:31 |   69670.20 |   69983.00 |   69357.40 |  -1.0R | OVERLAP!
   4 |   LOSS |    UP |    02/09 04:07 |    02/09 04:19 |   70030.00 |   69732.20 |   70327.80 |  -1.0R |
   5 |    WIN |  DOWN |    02/09 04:40 |    02/09 05:16 |   69563.10 |   69905.80 |   69220.40 |  +1.0R |
   6 |    WIN |  DOWN |    02/09 05:16 |    02/09 05:31 |   69239.20 |   69699.10 |   68779.30 |  +1.0R | OVERLAP!
   7 |   LOSS |    UP |    02/09 06:04 |    02/09 09:08 |   68894.00 |   68329.40 |   69458.60 |  -1.0R |
   8 |    WIN |    UP |    02/09 06:26 |    02/09 07:12 |   68894.10 |   68596.40 |   69191.80 |  +1.0R | OVERLAP!
   9 |   LOSS |    UP |    02/09 07:09 |    02/09 08:55 |   69141.00 |   68643.70 |   69638.30 |  -1.0R | OVERLAP!
  10 |   LOSS |    UP |    02/09 07:41 |    02/09 08:05 |   69195.20 |   68946.20 |   69444.20 |  -1.0R | OVERLAP!
  11 |   LOSS |  DOWN |    02/09 08:04 |    02/09 08:11 |   68953.50 |   69155.40 |   68751.60 |  -1.0R | OVERLAP!
  12 |   LOSS |    UP |    02/09 08:12 |    02/09 08:50 |   69247.80 |   68899.80 |   69595.80 |  -1.0R |
  13 |    WIN |  DOWN |    02/09 08:51 |    02/09 09:08 |   68760.30 |   69181.50 |   68339.10 |  +1.0R |

*** ALERTA: 7 SOLAPAMIENTO(S) DETECTADO(S) ***
==============================================================================================================

[ZoneDetector] Deduplicación: 13 -> 13 zonas
2026-02-09 10:36:01 - websocket_manager - INFO - Candle closed: DOGEUSDT 1 @ 0.09454 (notifying 3 listeners)
2026-02-09 10:36:01 - realtime_pattern_service - INFO - Candle closed: DOGEUSDT 1m @ 0.09
2026-02-09 10:36:01 - realtime_pattern_service - INFO - [REALTIME] DOGEUSDT/1: Running detection with 203 candles
2026-02-09 10:36:01 - websocket_manager - INFO - Candle closed: ETHUSDT 1 @ 2048.23 (notifying 3 listeners)
2026-02-09 10:36:01 - realtime_pattern_service - INFO - Candle closed: ETHUSDT 1m @ 2048.23
2026-02-09 10:36:01 - websocket_manager - INFO - Candle closed: GALAUSDT 1 @ 0.004013 (notifying 3 listeners)
2026-02-09 10:36:01 - realtime_pattern_service - INFO - Candle closed: GALAUSDT 1m @ 0.00
2026-02-09 10:36:01 - realtime_pattern_service - INFO - [REALTIME] ETHUSDT/1: Running detection with 203 candles
2026-02-09 10:36:01 - realtime_pattern_service - INFO - [REALTIME] GALAUSDT/1: Running detection with 203 candles
2026-02-09 10:36:01 - websocket_manager - INFO - Candle closed: XRPUSDT 1 @ 1.4349 (notifying 3 listeners)
2026-02-09 10:36:01 - realtime_pattern_service - INFO - Candle closed: XRPUSDT 1m @ 1.43
2026-02-09 10:36:01 - realtime_pattern_service - INFO - [REALTIME] XRPUSDT/1: Running detection with 203 candles
2026-02-09 10:36:01 - websocket_manager - INFO - Candle closed: TRBUSDT 1 @ 14.435 (notifying 3 listeners)
2026-02-09 10:36:01 - realtime_pattern_service - INFO - Candle closed: TRBUSDT 1m @ 14.44
2026-02-09 10:36:01 - realtime_pattern_service - INFO - [REALTIME] TRBUSDT/1: Running detection with 203 candles
2026-02-09 10:36:01 - websocket_manager - INFO - Candle closed: TRXUSDT 1 @ 0.27701 (notifying 3 listeners)
2026-02-09 10:36:01 - realtime_pattern_service - INFO - Candle closed: TRXUSDT 1m @ 0.28
2026-02-09 10:36:01 - realtime_pattern_service - INFO - [REALTIME] TRXUSDT/1: Running detection with 203 candles
2026-02-09 10:36:01 - websocket_manager - INFO - Candle closed: SOLUSDT 1 @ 84.84 (notifying 3 listeners)
2026-02-09 10:36:01 - realtime_pattern_service - INFO - Candle closed: SOLUSDT 1m @ 84.84
2026-02-09 10:36:01 - realtime_pattern_service - INFO - [REALTIME] SOLUSDT/1: Running detection with 203 candles
2026-02-09 10:36:02 - websocket_manager - INFO - Candle closed: SUIUSDT 1 @ 0.9471 (notifying 3 listeners)
2026-02-09 10:36:02 - realtime_pattern_service - INFO - Candle closed: SUIUSDT 1m @ 0.95
2026-02-09 10:36:02 - realtime_pattern_service - INFO - [REALTIME] SUIUSDT/1: Running detection with 203 candles
2026-02-09 10:36:02 - websocket_manager - INFO - Candle closed: BNBUSDT 1 @ 627.3 (notifying 3 listeners)
2026-02-09 10:36:02 - realtime_pattern_service - INFO - Candle closed: BNBUSDT 1m @ 627.30
2026-02-09 10:36:02 - realtime_pattern_service - INFO - [REALTIME] BNBUSDT/1: Running detection with 203 candles
2026-02-09 10:36:02 - websocket_manager - INFO - Candle closed: PAXGUSDT 1 @ 5058.7 (notifying 3 listeners)
2026-02-09 10:36:02 - realtime_pattern_service - INFO - Candle closed: PAXGUSDT 1m @ 5058.70
2026-02-09 10:36:02 - realtime_pattern_service - INFO - [REALTIME] PAXGUSDT/1: Running detection with 203 candles
2026-02-09 10:36:02 - websocket_manager - INFO - Candle closed: POLUSDT 1 @ 0.09189 (notifying 3 listeners)
2026-02-09 10:36:02 - realtime_pattern_service - INFO - Candle closed: POLUSDT 1m @ 0.09
2026-02-09 10:36:02 - realtime_pattern_service - INFO - [REALTIME] POLUSDT/1: Running detection with 203 candles
[DRAWINGS] [OK] Loaded 6 shapes for BTCUSDT
2026-02-09 10:36:02 - uvicorn.access - INFO - 127.0.0.1:61344 - "GET /api/drawings/BTCUSDT HTTP/1.1" 200
2026-02-09 10:36:02 - uvicorn.access - INFO - 127.0.0.1:61344 - "GET /api/vwap-service/data/BTCUSDT?days=1&interval=1&vwapType=rolling&rollingPeriod=200 HTTP/1.1" 200
[DRAWINGS] [OK] Loaded 6 shapes for BTCUSDT
2026-02-09 10:36:05 - uvicorn.access - INFO - 127.0.0.1:61344 - "GET /api/drawings/BTCUSDT HTTP/1.1" 200
2026-02-09 10:36:05 - uvicorn.access - INFO - 127.0.0.1:61344 - "GET /api/realtime/alerts/history?limit=100 HTTP/1.1" 200
2026-02-09 10:36:05 - uvicorn.access - INFO - 127.0.0.1:61344 - "GET /api/status HTTP/1.1" 200
2026-02-09 10:36:05 - uvicorn.access - INFO - 127.0.0.1:61344 - "GET /api/realtime/alerts/history?limit=100 HTTP/1.1" 200
2026-02-09 10:36:05 - uvicorn.access - INFO - 127.0.0.1:61344 - "GET /api/zones/realtime/status HTTP/1.1" 200
2026-02-09 10:36:05 - uvicorn.access - INFO - 127.0.0.1:61344 - "GET /api/swing/status HTTP/1.1" 200
2026-02-09 10:36:07 - uvicorn.access - INFO - 127.0.0.1:61344 - "GET /api/zones/realtime/status HTTP/1.1" 200
[DRAWINGS] [OK] Loaded 6 shapes for BTCUSDT
2026-02-09 10:36:08 - uvicorn.access - INFO - 127.0.0.1:61350 - "GET /api/drawings/BTCUSDT HTTP/1.1" 200
2026-02-09 10:36:08 - uvicorn.access - INFO - 127.0.0.1:61350 - "GET /api/zones/realtime/zones/BTCUSDT HTTP/1.1" 200
2026-02-09 10:36:09 - httpx - INFO - HTTP Request: GET https://api.bybit.com/v5/market/kline?category=linear&symbol=BTCUSDT&interval=1&start=1770046568316&limit=1000 "HTTP/1.1 200 OK"
2026-02-09 10:36:09 - httpx - INFO - HTTP Request: GET https://api.bybit.com/v5/market/kline?category=linear&symbol=BTCUSDT&interval=1&start=1770106620000&limit=1000 "HTTP/1.1 200 OK"
2026-02-09 10:36:09 - httpx - INFO - HTTP Request: GET https://api.bybit.com/v5/market/kline?category=linear&symbol=BTCUSDT&interval=1&start=1770166620000&limit=1000 "HTTP/1.1 200 OK"
2026-02-09 10:36:10 - httpx - INFO - HTTP Request: GET https://api.bybit.com/v5/market/kline?category=linear&symbol=BTCUSDT&interval=1&start=1770226620000&limit=1000 "HTTP/1.1 200 OK"
2026-02-09 10:36:11 - httpx - INFO - HTTP Request: GET https://api.bybit.com/v5/market/kline?category=linear&symbol=BTCUSDT&interval=1&start=1770286620000&limit=1000 "HTTP/1.1 200 OK"
[DRAWINGS] [OK] Loaded 6 shapes for BTCUSDT
2026-02-09 10:36:11 - uvicorn.access - INFO - 127.0.0.1:61350 - "GET /api/drawings/BTCUSDT HTTP/1.1" 200
2026-02-09 10:36:11 - httpx - INFO - HTTP Request: GET https://api.bybit.com/v5/market/kline?category=linear&symbol=BTCUSDT&interval=1&start=1770346620000&limit=1000 "HTTP/1.1 200 OK"
2026-02-09 10:36:12 - httpx - INFO - HTTP Request: GET https://api.bybit.com/v5/market/kline?category=linear&symbol=BTCUSDT&interval=1&start=1770406620000&limit=1000 "HTTP/1.1 200 OK"
2026-02-09 10:36:12 - httpx - INFO - HTTP Request: GET https://api.bybit.com/v5/market/kline?category=linear&symbol=BTCUSDT&interval=1&start=1770466620000&limit=1000 "HTTP/1.1 200 OK"
2026-02-09 10:36:13 - httpx - INFO - HTTP Request: GET https://api.bybit.com/v5/market/kline?category=linear&symbol=BTCUSDT&interval=1&start=1770526620000&limit=1000 "HTTP/1.1 200 OK"
2026-02-09 10:36:13 - httpx - INFO - HTTP Request: GET https://api.bybit.com/v5/market/kline?category=linear&symbol=BTCUSDT&interval=1&start=1770586620000&limit=1000 "HTTP/1.1 200 OK"
2026-02-09 10:36:14 - httpx - INFO - HTTP Request: GET https://api.bybit.com/v5/market/kline?category=linear&symbol=BTCUSDT&interval=1&start=1770646620000&limit=80 "HTTP/1.1 200 OK"
2026-02-09 10:36:14 - uvicorn.access - INFO - 127.0.0.1:61344 - "GET /api/zones/realtime/metrics/BTCUSDT?interval=1&days=1&detection_method=trading_zones&consol_min_bars=8&consol_atr_ratio=0.6&consol_max_range_pct=2&consol_body_ratio=0.5&atr_dyn_period=200&atr_dyn_ma_period=20&atr_dyn_multiplier=1&use_ttm_prefilter=false&use_bbwp_scoring=false&atr_band_ma_period=20&ttm_atr_length=20&ttm_kc_multiplier=1.5&bbwp_lookback=252&bbwp_squeeze_threshold=20 HTTP/1.1" 200
[DRAWINGS] [OK] Loaded 6 shapes for BTCUSDT
2026-02-09 10:36:14 - uvicorn.access - INFO - 127.0.0.1:61344 - "GET /api/drawings/BTCUSDT HTTP/1.1" 200
[DRAWINGS] [OK] Loaded 6 shapes for BTCUSDT
2026-02-09 10:36:17 - uvicorn.access - INFO - 127.0.0.1:61344 - "GET /api/drawings/BTCUSDT HTTP/1.1" 200
2026-02-09 10:36:17 - uvicorn.access - INFO - 127.0.0.1:61344 - "GET /api/zones/realtime/status HTTP/1.1" 200
[DRAWINGS] [OK] Loaded 6 shapes for BTCUSDT
2026-02-09 10:36:20 - uvicorn.access - INFO - 127.0.0.1:61344 - "GET /api/drawings/BTCUSDT HTTP/1.1" 200
2026-02-09 10:36:20 - uvicorn.access - INFO - 127.0.0.1:61344 - "GET /api/zones/realtime/status HTTP/1.1" 200
2026-02-09 10:36:20 - uvicorn.access - INFO - 127.0.0.1:61351 - "GET /api/swing/status HTTP/1.1" 200
[DRAWINGS] [OK] Loaded 6 shapes for BTCUSDT
2026-02-09 10:36:23 - uvicorn.access - INFO - 127.0.0.1:61351 - "GET /api/drawings/BTCUSDT HTTP/1.1" 200
2026-02-09 10:36:23 - uvicorn.access - INFO - 127.0.0.1:61351 - "GET /api/zones/realtime/zones/BTCUSDT HTTP/1.1" 200
2026-02-09 10:36:24 - httpx - INFO - HTTP Request: GET https://api.bybit.com/v5/market/kline?category=linear&symbol=BTCUSDT&interval=1&start=1770046583758&limit=1000 "HTTP/1.1 200 OK"
2026-02-09 10:36:25 - httpx - INFO - HTTP Request: GET https://api.bybit.com/v5/market/kline?category=linear&symbol=BTCUSDT&interval=1&start=1770106620000&limit=1000 "HTTP/1.1 200 OK"
2026-02-09 10:36:25 - httpx - INFO - HTTP Request: GET https://api.bybit.com/v5/market/kline?category=linear&symbol=BTCUSDT&interval=1&start=1770166620000&limit=1000 "HTTP/1.1 200 OK"
[DRAWINGS] [OK] Loaded 6 shapes for BTCUSDT
2026-02-09 10:36:26 - uvicorn.access - INFO - 127.0.0.1:61351 - "GET /api/drawings/BTCUSDT HTTP/1.1" 200
2026-02-09 10:36:26 - httpx - INFO - HTTP Request: GET https://api.bybit.com/v5/market/kline?category=linear&symbol=BTCUSDT&interval=1&start=1770226620000&limit=1000 "HTTP/1.1 200 OK"
2026-02-09 10:36:27 - httpx - INFO - HTTP Request: GET https://api.bybit.com/v5/market/kline?category=linear&symbol=BTCUSDT&interval=1&start=1770286620000&limit=1000 "HTTP/1.1 200 OK"
2026-02-09 10:36:27 - httpx - INFO - HTTP Request: GET https://api.bybit.com/v5/market/kline?category=linear&symbol=BTCUSDT&interval=1&start=1770346620000&limit=1000 "HTTP/1.1 200 OK"
2026-02-09 10:36:27 - uvicorn.access - INFO - 127.0.0.1:61351 - "GET /api/zones/realtime/status HTTP/1.1" 200
2026-02-09 10:36:28 - httpx - INFO - HTTP Request: GET https://api.bybit.com/v5/market/kline?category=linear&symbol=BTCUSDT&interval=1&start=1770406620000&limit=1000 "HTTP/1.1 200 OK"
2026-02-09 10:36:29 - httpx - INFO - HTTP Request: GET https://api.bybit.com/v5/market/kline?category=linear&symbol=BTCUSDT&interval=1&start=1770466620000&limit=1000 "HTTP/1.1 200 OK"
[DRAWINGS] [OK] Loaded 6 shapes for BTCUSDT
2026-02-09 10:36:29 - uvicorn.access - INFO - 127.0.0.1:61351 - "GET /api/drawings/BTCUSDT HTTP/1.1" 200
2026-02-09 10:36:29 - httpx - INFO - HTTP Request: GET https://api.bybit.com/v5/market/kline?category=linear&symbol=BTCUSDT&interval=1&start=1770526620000&limit=1000 "HTTP/1.1 200 OK"
2026-02-09 10:36:30 - httpx - INFO - HTTP Request: GET https://api.bybit.com/v5/market/kline?category=linear&symbol=BTCUSDT&interval=1&start=1770586620000&limit=1000 "HTTP/1.1 200 OK"
2026-02-09 10:36:32 - httpx - INFO - HTTP Request: GET https://api.bybit.com/v5/market/kline?category=linear&symbol=BTCUSDT&interval=1&start=1770646620000&limit=80 "HTTP/1.1 200 OK"
2026-02-09 10:36:32 - uvicorn.access - INFO - 127.0.0.1:61344 - "GET /api/zones/realtime/metrics/BTCUSDT?interval=1&days=1&detection_method=trading_zones&consol_min_bars=8&consol_atr_ratio=0.6&consol_max_range_pct=2&consol_body_ratio=0.5&atr_dyn_period=200&atr_dyn_ma_period=20&atr_dyn_multiplier=1&use_ttm_prefilter=false&use_bbwp_scoring=false&atr_band_ma_period=20&ttm_atr_length=20&ttm_kc_multiplier=1.5&bbwp_lookback=252&bbwp_squeeze_threshold=20 HTTP/1.1" 200
[DRAWINGS] [OK] Loaded 6 shapes for BTCUSDT
2026-02-09 10:36:32 - uvicorn.access - INFO - 127.0.0.1:61344 - "GET /api/drawings/BTCUSDT HTTP/1.1" 200
[DRAWINGS] [OK] Loaded 6 shapes for BTCUSDT
2026-02-09 10:36:35 - uvicorn.access - INFO - 127.0.0.1:61344 - "GET /api/drawings/BTCUSDT HTTP/1.1" 200
2026-02-09 10:36:35 - uvicorn.access - INFO - 127.0.0.1:61353 - "GET /api/realtime/alerts/history?limit=100 HTTP/1.1" 200
2026-02-09 10:36:35 - uvicorn.access - INFO - 127.0.0.1:61353 - "GET /api/realtime/alerts/history?limit=100 HTTP/1.1" 200
2026-02-09 10:36:35 - uvicorn.access - INFO - 127.0.0.1:61385 - "GET /api/swing/status HTTP/1.1" 200
2026-02-09 10:36:35 - uvicorn.access - INFO - 127.0.0.1:61384 - "GET /api/zones/realtime/status HTTP/1.1" 200
2026-02-09 10:36:35 - uvicorn.access - INFO - 127.0.0.1:61344 - "GET /api/status HTTP/1.1" 200
2026-02-09 10:36:36 - httpx - INFO - HTTP Request: GET https://api.bybit.com/v5/market/tickers?category=linear "HTTP/1.1 200 OK"
2026-02-09 10:36:37 - uvicorn.access - INFO - 127.0.0.1:61352 - "GET /api/tickers?symbols=BTCUSDT,ETHUSDT,XRPUSDT,TRXUSDT,GALAUSDT,SUIUSDT,TRBUSDT,SOLUSDT,ADAUSDT,DOGEUSDT HTTP/1.1" 200
2026-02-09 10:36:37 - uvicorn.access - INFO - 127.0.0.1:61352 - "GET /api/zones/realtime/status HTTP/1.1" 200
[DRAWINGS] [OK] Loaded 6 shapes for BTCUSDT
2026-02-09 10:36:38 - uvicorn.access - INFO - 127.0.0.1:61344 - "GET /api/drawings/BTCUSDT HTTP/1.1" 200
2026-02-09 10:36:38 - uvicorn.access - INFO - 127.0.0.1:61384 - "GET /api/zones/realtime/zones/BTCUSDT HTTP/1.1" 200
2026-02-09 10:36:38 - uvicorn.access - INFO - 127.0.0.1:61384 - "GET /api/vwap-service/data/BTCUSDT?days=1&interval=1&vwapType=rolling&rollingPeriod=200 HTTP/1.1" 200
2026-02-09 10:36:39 - httpx - INFO - HTTP Request: GET https://api.bybit.com/v5/market/kline?category=linear&symbol=BTCUSDT&interval=1&start=1770046598309&limit=1000 "HTTP/1.1 200 OK"
2026-02-09 10:36:39 - httpx - INFO - HTTP Request: GET https://api.bybit.com/v5/market/kline?category=linear&symbol=BTCUSDT&interval=1&start=1770106620000&limit=1000 "HTTP/1.1 200 OK"
2026-02-09 10:36:40 - httpx - INFO - HTTP Request: GET https://api.bybit.com/v5/market/kline?category=linear&symbol=BTCUSDT&interval=1&start=1770166620000&limit=1000 "HTTP/1.1 200 OK"
2026-02-09 10:36:40 - httpx - INFO - HTTP Request: GET https://api.bybit.com/v5/market/kline?category=linear&symbol=BTCUSDT&interval=1&start=1770226620000&limit=1000 "HTTP/1.1 200 OK"
2026-02-09 10:36:41 - httpx - INFO - HTTP Request: GET https://api.bybit.com/v5/market/kline?category=linear&symbol=BTCUSDT&interval=1&start=1770286620000&limit=1000 "HTTP/1.1 200 OK"
[DRAWINGS] [OK] Loaded 6 shapes for BTCUSDT
2026-02-09 10:36:41 - uvicorn.access - INFO - 127.0.0.1:61384 - "GET /api/drawings/BTCUSDT HTTP/1.1" 200
2026-02-09 10:36:42 - httpx - INFO - HTTP Request: GET https://api.bybit.com/v5/market/kline?category=linear&symbol=BTCUSDT&interval=1&start=1770346620000&limit=1000 "HTTP/1.1 200 OK"
2026-02-09 10:36:43 - httpx - INFO - HTTP Request: GET https://api.bybit.com/v5/market/kline?category=linear&symbol=BTCUSDT&interval=1&start=1770406620000&limit=1000 "HTTP/1.1 200 OK"
2026-02-09 10:36:43 - httpx - INFO - HTTP Request: GET https://api.bybit.com/v5/market/kline?category=linear&symbol=BTCUSDT&interval=1&start=1770466620000&limit=1000 "HTTP/1.1 200 OK"
2026-02-09 10:36:44 - httpx - INFO - HTTP Request: GET https://api.bybit.com/v5/market/kline?category=linear&symbol=BTCUSDT&interval=1&start=1770526620000&limit=1000 "HTTP/1.1 200 OK"
[DRAWINGS] [OK] Loaded 6 shapes for BTCUSDT
2026-02-09 10:36:44 - uvicorn.access - INFO - 127.0.0.1:61384 - "GET /api/drawings/BTCUSDT HTTP/1.1" 200
2026-02-09 10:36:44 - httpx - INFO - HTTP Request: GET https://api.bybit.com/v5/market/kline?category=linear&symbol=BTCUSDT&interval=1&start=1770586620000&limit=1000 "HTTP/1.1 200 OK"
2026-02-09 10:36:45 - httpx - INFO - HTTP Request: GET https://api.bybit.com/v5/market/kline?category=linear&symbol=BTCUSDT&interval=1&start=1770646620000&limit=80 "HTTP/1.1 200 OK"
2026-02-09 10:36:45 - uvicorn.access - INFO - 127.0.0.1:61352 - "GET /api/zones/realtime/metrics/BTCUSDT?interval=1&days=1&detection_method=trading_zones&consol_min_bars=8&consol_atr_ratio=0.6&consol_max_range_pct=2&consol_body_ratio=0.5&atr_dyn_period=200&atr_dyn_ma_period=20&atr_dyn_multiplier=1&use_ttm_prefilter=false&use_bbwp_scoring=false&atr_band_ma_period=20&ttm_atr_length=20&ttm_kc_multiplier=1.5&bbwp_lookback=252&bbwp_squeeze_threshold=20 HTTP/1.1" 200
[DRAWINGS] [OK] Loaded 6 shapes for BTCUSDT
2026-02-09 10:36:47 - uvicorn.access - INFO - 127.0.0.1:61352 - "GET /api/drawings/BTCUSDT HTTP/1.1" 200
2026-02-09 10:36:47 - uvicorn.access - INFO - 127.0.0.1:61352 - "GET /api/zones/realtime/status HTTP/1.1" 200
[DRAWINGS] [OK] Loaded 6 shapes for BTCUSDT
2026-02-09 10:36:50 - uvicorn.access - INFO - 127.0.0.1:61352 - "GET /api/drawings/BTCUSDT HTTP/1.1" 200
2026-02-09 10:36:50 - uvicorn.access - INFO - 127.0.0.1:61352 - "GET /api/zones/realtime/status HTTP/1.1" 200
2026-02-09 10:36:50 - uvicorn.access - INFO - 127.0.0.1:61386 - "GET /api/swing/status HTTP/1.1" 200
[DRAWINGS] [OK] Loaded 6 shapes for BTCUSDT
2026-02-09 10:36:53 - uvicorn.access - INFO - 127.0.0.1:61386 - "GET /api/drawings/BTCUSDT HTTP/1.1" 200
2026-02-09 10:36:53 - uvicorn.access - INFO - 127.0.0.1:61386 - "GET /api/zones/realtime/zones/BTCUSDT HTTP/1.1" 200
2026-02-09 10:36:54 - httpx - INFO - HTTP Request: GET https://api.bybit.com/v5/market/kline?category=linear&symbol=BTCUSDT&interval=1&start=1770046613763&limit=1000 "HTTP/1.1 200 OK"
2026-02-09 10:36:55 - httpx - INFO - HTTP Request: GET https://api.bybit.com/v5/market/kline?category=linear&symbol=BTCUSDT&interval=1&start=1770106620000&limit=1000 "HTTP/1.1 200 OK"
2026-02-09 10:36:55 - httpx - INFO - HTTP Request: GET https://api.bybit.com/v5/market/kline?category=linear&symbol=BTCUSDT&interval=1&start=1770166620000&limit=1000 "HTTP/1.1 200 OK"
2026-02-09 10:36:56 - httpx - INFO - HTTP Request: GET https://api.bybit.com/v5/market/kline?category=linear&symbol=BTCUSDT&interval=1&start=1770226620000&limit=1000 "HTTP/1.1 200 OK"
[DRAWINGS] [OK] Loaded 6 shapes for BTCUSDT
2026-02-09 10:36:56 - uvicorn.access - INFO - 127.0.0.1:61386 - "GET /api/drawings/BTCUSDT HTTP/1.1" 200
2026-02-09 10:36:56 - httpx - INFO - HTTP Request: GET https://api.bybit.com/v5/market/kline?category=linear&symbol=BTCUSDT&interval=1&start=1770286620000&limit=1000 "HTTP/1.1 200 OK"
2026-02-09 10:36:57 - httpx - INFO - HTTP Request: GET https://api.bybit.com/v5/market/kline?category=linear&symbol=BTCUSDT&interval=1&start=1770346620000&limit=1000 "HTTP/1.1 200 OK"
2026-02-09 10:36:57 - httpx - INFO - HTTP Request: GET https://api.bybit.com/v5/market/kline?category=linear&symbol=BTCUSDT&interval=1&start=1770406620000&limit=1000 "HTTP/1.1 200 OK"
2026-02-09 10:36:57 - httpx - INFO - HTTP Request: GET https://api.bybit.com/v5/market/kline?category=linear&symbol=BTCUSDT&interval=1&start=1770466620000&limit=1000 "HTTP/1.1 200 OK"
2026-02-09 10:36:57 - uvicorn.access - INFO - 127.0.0.1:61386 - "GET /api/zones/realtime/status HTTP/1.1" 200
2026-02-09 10:36:58 - httpx - INFO - HTTP Request: GET https://api.bybit.com/v5/market/kline?category=linear&symbol=BTCUSDT&interval=1&start=1770526620000&limit=1000 "HTTP/1.1 200 OK"
2026-02-09 10:36:59 - httpx - INFO - HTTP Request: GET https://api.bybit.com/v5/market/kline?category=linear&symbol=BTCUSDT&interval=1&start=1770586620000&limit=1000 "HTTP/1.1 200 OK"
[DRAWINGS] [OK] Loaded 6 shapes for BTCUSDT
2026-02-09 10:36:59 - uvicorn.access - INFO - 127.0.0.1:61386 - "GET /api/drawings/BTCUSDT HTTP/1.1" 200
2026-02-09 10:36:59 - httpx - INFO - HTTP Request: GET https://api.bybit.com/v5/market/kline?category=linear&symbol=BTCUSDT&interval=1&start=1770646620000&limit=80 "HTTP/1.1 200 OK"
2026-02-09 10:36:59 - uvicorn.access - INFO - 127.0.0.1:61352 - "GET /api/zones/realtime/metrics/BTCUSDT?interval=1&days=1&detection_method=trading_zones&consol_min_bars=8&consol_atr_ratio=0.6&consol_max_range_pct=2&consol_body_ratio=0.5&atr_dyn_period=200&atr_dyn_ma_period=20&atr_dyn_multiplier=1&use_ttm_prefilter=false&use_bbwp_scoring=false&atr_band_ma_period=20&ttm_atr_length=20&ttm_kc_multiplier=1.5&bbwp_lookback=252&bbwp_squeeze_threshold=20 HTTP/1.1" 200
2026-02-09 10:37:01 - websocket_manager - INFO - Candle closed: ADAUSDT 1 @ 0.2659 (notifying 3 listeners)
2026-02-09 10:37:01 - realtime_pattern_service - INFO - Candle closed: ADAUSDT 1m @ 0.27
2026-02-09 10:37:01 - realtime_pattern_service - INFO - [REALTIME] ADAUSDT/1: Running detection with 204 candles
2026-02-09 10:37:01 - websocket_manager - INFO - Candle closed: DOGEUSDT 1 @ 0.09473 (notifying 3 listeners)
2026-02-09 10:37:01 - realtime_pattern_service - INFO - Candle closed: DOGEUSDT 1m @ 0.09
2026-02-09 10:37:01 - realtime_pattern_service - INFO - [REALTIME] DOGEUSDT/1: Running detection with 204 candles
2026-02-09 10:37:01 - websocket_manager - INFO - Candle closed: ETHUSDT 1 @ 2051.64 (notifying 3 listeners)
2026-02-09 10:37:01 - realtime_pattern_service - INFO - Candle closed: ETHUSDT 1m @ 2051.64
2026-02-09 10:37:01 - realtime_pattern_service - INFO - [REALTIME] ETHUSDT/1: Running detection with 204 candles
2026-02-09 10:37:01 - websocket_manager - INFO - Candle closed: GALAUSDT 1 @ 0.004026 (notifying 3 listeners)
2026-02-09 10:37:01 - realtime_pattern_service - INFO - Candle closed: GALAUSDT 1m @ 0.00
2026-02-09 10:37:01 - realtime_pattern_service - INFO - [REALTIME] GALAUSDT/1: Running detection with 204 candles
2026-02-09 10:37:01 - websocket_manager - INFO - Candle closed: XRPUSDT 1 @ 1.4369 (notifying 3 listeners)
2026-02-09 10:37:01 - realtime_pattern_service - INFO - Candle closed: XRPUSDT 1m @ 1.44
2026-02-09 10:37:01 - realtime_pattern_service - INFO - [REALTIME] XRPUSDT/1: Running detection with 204 candles
2026-02-09 10:37:01 - websocket_manager - INFO - Candle closed: TRBUSDT 1 @ 14.523 (notifying 3 listeners)
2026-02-09 10:37:01 - realtime_pattern_service - INFO - Candle closed: TRBUSDT 1m @ 14.52
2026-02-09 10:37:01 - websocket_manager - INFO - Candle closed: TRXUSDT 1 @ 0.27706 (notifying 3 listeners)
2026-02-09 10:37:01 - realtime_pattern_service - INFO - Candle closed: TRXUSDT 1m @ 0.28
2026-02-09 10:37:01 - realtime_pattern_service - INFO - [REALTIME] TRBUSDT/1: Running detection with 204 candles
2026-02-09 10:37:01 - realtime_pattern_service - INFO - [REALTIME] TRXUSDT/1: Running detection with 204 candles
2026-02-09 10:37:02 - websocket_manager - INFO - Candle closed: SOLUSDT 1 @ 85.09 (notifying 3 listeners)
2026-02-09 10:37:02 - realtime_pattern_service - INFO - Candle closed: SOLUSDT 1m @ 85.09
2026-02-09 10:37:02 - realtime_pattern_service - INFO - [REALTIME] SOLUSDT/1: Running detection with 204 candles
2026-02-09 10:37:02 - websocket_manager - INFO - Candle closed: SUIUSDT 1 @ 0.9495 (notifying 3 listeners)
2026-02-09 10:37:02 - realtime_pattern_service - INFO - Candle closed: SUIUSDT 1m @ 0.95
2026-02-09 10:37:02 - realtime_pattern_service - INFO - [REALTIME] SUIUSDT/1: Running detection with 204 candles
2026-02-09 10:37:02 - websocket_manager - INFO - Candle closed: BNBUSDT 1 @ 628.6 (notifying 3 listeners)
2026-02-09 10:37:02 - realtime_pattern_service - INFO - Candle closed: BNBUSDT 1m @ 628.60
2026-02-09 10:37:02 - realtime_pattern_service - INFO - [REALTIME] BNBUSDT/1: Running detection with 204 candles
2026-02-09 10:37:02 - websocket_manager - INFO - Candle closed: PAXGUSDT 1 @ 5057.6 (notifying 3 listeners)
2026-02-09 10:37:02 - realtime_pattern_service - INFO - Candle closed: PAXGUSDT 1m @ 5057.60
2026-02-09 10:37:02 - realtime_pattern_service - INFO - [REALTIME] PAXGUSDT/1: Running detection with 204 candles
2026-02-09 10:37:02 - websocket_manager - INFO - Candle closed: POLUSDT 1 @ 0.09253 (notifying 3 listeners)
2026-02-09 10:37:02 - realtime_pattern_service - INFO - Candle closed: POLUSDT 1m @ 0.09
2026-02-09 10:37:02 - realtime_pattern_service - INFO - [REALTIME] POLUSDT/1: Running detection with 204 candles
2026-02-09 10:37:02 - websocket_manager - INFO - Candle closed: BTCUSDT 1 @ 69230.1 (notifying 3 listeners)
2026-02-09 10:37:02 - realtime_pattern_service - INFO - Candle closed: BTCUSDT 1m @ 69230.10
2026-02-09 10:37:02 - realtime_pattern_service - INFO - [REALTIME] BTCUSDT/1: Running detection with 500 candles
[ZoneDetector] ===== VERSION 3.0 (5 capas opcionales) =====
[ZoneDetector] Trading Zones: ATR global = 154.63, velas = 500
[ZoneDetector] Config: entry_mode=va_breakout, position_mode=concurrent, swing_bars=5, sl_mode=zone_opposite
[ZoneDetector] Capa 3 TTM Pre-filter: ON (7 regiones de squeeze encontradas)
[ZoneDetector] Capas v3.0 activas: Reentry(3), TTM_Squeeze
[ZoneDetector] Trading Zones: Encontradas 14 consolidaciones
[ZoneDetector] Trading Zones: 13 despues de deduplicacion
[ZoneDetector] position_mode='concurrent' (type=str)
[ZoneDetector] Trading Zones RESULTADOS (mode=va_breakout, pos=concurrent, sl=zone_opposite):
  - Total zonas: 13
  - Wins: 6, Losses: 7, Skipped: 0
  - Win Rate: 46.2%
  - Total P&L: -1.0R
  - Expectancy: -0.077R por trade

==============================================================================================================
[TIMELINE] TRADES ACTIVOS en orden cronologico (mode=concurrent)
==============================================================================================================
 TL# | Result |   Dir |     Entry Date |     Close Date |     Entry$ |        SL$ |        TP$ |    PnL | Overlap?
-----+--------+-------+----------------+----------------+------------+------------+------------+--------+-----------
   1 |    WIN |  DOWN |    02/09 02:38 |    02/09 03:28 |   70400.00 |   70746.10 |   70053.90 |  +1.0R |
   2 |    WIN |  DOWN |    02/09 03:27 |    02/09 03:32 |   70096.10 |   70577.90 |   69614.30 |  +1.0R | OVERLAP!
   3 |   LOSS |  DOWN |    02/09 03:31 |    02/09 03:31 |   69670.20 |   69983.00 |   69357.40 |  -1.0R | OVERLAP!
   4 |   LOSS |    UP |    02/09 04:07 |    02/09 04:19 |   70030.00 |   69732.20 |   70327.80 |  -1.0R |
   5 |    WIN |  DOWN |    02/09 04:40 |    02/09 05:16 |   69563.10 |   69905.80 |   69220.40 |  +1.0R |
   6 |    WIN |  DOWN |    02/09 05:16 |    02/09 05:31 |   69239.20 |   69699.10 |   68779.30 |  +1.0R | OVERLAP!
   7 |   LOSS |    UP |    02/09 06:04 |    02/09 09:08 |   68894.00 |   68329.40 |   69458.60 |  -1.0R |
   8 |    WIN |    UP |    02/09 06:26 |    02/09 07:12 |   68894.10 |   68596.40 |   69191.80 |  +1.0R | OVERLAP!
   9 |   LOSS |    UP |    02/09 07:09 |    02/09 08:55 |   69141.00 |   68643.70 |   69638.30 |  -1.0R | OVERLAP!
  10 |   LOSS |    UP |    02/09 07:41 |    02/09 08:05 |   69195.20 |   68946.20 |   69444.20 |  -1.0R | OVERLAP!
  11 |   LOSS |  DOWN |    02/09 08:04 |    02/09 08:11 |   68953.50 |   69155.40 |   68751.60 |  -1.0R | OVERLAP!
  12 |   LOSS |    UP |    02/09 08:12 |    02/09 08:50 |   69247.80 |   68899.80 |   69595.80 |  -1.0R |
  13 |    WIN |  DOWN |    02/09 08:51 |    02/09 09:08 |   68760.30 |   69191.30 |   68329.30 |  +1.0R |

*** ALERTA: 7 SOLAPAMIENTO(S) DETECTADO(S) ***
==============================================================================================================

[ZoneDetector] Deduplicación: 13 -> 13 zonas
[DRAWINGS] [OK] Loaded 6 shapes for BTCUSDT
2026-02-09 10:37:02 - uvicorn.access - INFO - 127.0.0.1:61352 - "GET /api/drawings/BTCUSDT HTTP/1.1" 200
2026-02-09 10:37:03 - uvicorn.access - INFO - 127.0.0.1:61352 - "GET /api/vwap-service/data/BTCUSDT?days=1&interval=1&vwapType=rolling&rollingPeriod=200 HTTP/1.1" 200
[DRAWINGS] [OK] Loaded 6 shapes for BTCUSDT
2026-02-09 10:37:05 - uvicorn.access - INFO - 127.0.0.1:61352 - "GET /api/drawings/BTCUSDT HTTP/1.1" 200
2026-02-09 10:37:05 - uvicorn.access - INFO - 127.0.0.1:61352 - "GET /api/realtime/alerts/history?limit=100 HTTP/1.1" 200
2026-02-09 10:37:05 - uvicorn.access - INFO - 127.0.0.1:61352 - "GET /api/status HTTP/1.1" 200
2026-02-09 10:37:05 - uvicorn.access - INFO - 127.0.0.1:61352 - "GET /api/realtime/alerts/history?limit=100 HTTP/1.1" 200
2026-02-09 10:37:05 - uvicorn.access - INFO - 127.0.0.1:61352 - "GET /api/zones/realtime/status HTTP/1.1" 200
2026-02-09 10:37:05 - uvicorn.access - INFO - 127.0.0.1:61352 - "GET /api/swing/status HTTP/1.1" 200
2026-02-09 10:37:07 - uvicorn.access - INFO - 127.0.0.1:61352 - "GET /api/zones/realtime/status HTTP/1.1" 200
[DRAWINGS] [OK] Loaded 6 shapes for BTCUSDT
2026-02-09 10:37:08 - uvicorn.access - INFO - 127.0.0.1:61401 - "GET /api/drawings/BTCUSDT HTTP/1.1" 200
2026-02-09 10:37:08 - uvicorn.access - INFO - 127.0.0.1:61401 - "GET /api/zones/realtime/zones/BTCUSDT HTTP/1.1" 200
2026-02-09 10:37:09 - httpx - INFO - HTTP Request: GET https://api.bybit.com/v5/market/kline?category=linear&symbol=BTCUSDT&interval=1&start=1770046628310&limit=1000 "HTTP/1.1 200 OK"
2026-02-09 10:37:09 - httpx - INFO - HTTP Request: GET https://api.bybit.com/v5/market/kline?category=linear&symbol=BTCUSDT&interval=1&start=1770106680000&limit=1000 "HTTP/1.1 200 OK"
2026-02-09 10:37:10 - httpx - INFO - HTTP Request: GET https://api.bybit.com/v5/market/kline?category=linear&symbol=BTCUSDT&interval=1&start=1770166680000&limit=1000 "HTTP/1.1 200 OK"
2026-02-09 10:37:11 - httpx - INFO - HTTP Request: GET https://api.bybit.com/v5/market/kline?category=linear&symbol=BTCUSDT&interval=1&start=1770226680000&limit=1000 "HTTP/1.1 200 OK"
[DRAWINGS] [OK] Loaded 6 shapes for BTCUSDT
2026-02-09 10:37:11 - uvicorn.access - INFO - 127.0.0.1:61401 - "GET /api/drawings/BTCUSDT HTTP/1.1" 200
2026-02-09 10:37:11 - httpx - INFO - HTTP Request: GET https://api.bybit.com/v5/market/kline?category=linear&symbol=BTCUSDT&interval=1&start=1770286680000&limit=1000 "HTTP/1.1 200 OK"
2026-02-09 10:37:12 - httpx - INFO - HTTP Request: GET https://api.bybit.com/v5/market/kline?category=linear&symbol=BTCUSDT&interval=1&start=1770346680000&limit=1000 "HTTP/1.1 200 OK"
2026-02-09 10:37:12 - httpx - INFO - HTTP Request: GET https://api.bybit.com/v5/market/kline?category=linear&symbol=BTCUSDT&interval=1&start=1770406680000&limit=1000 "HTTP/1.1 200 OK"
2026-02-09 10:37:13 - httpx - INFO - HTTP Request: GET https://api.bybit.com/v5/market/kline?category=linear&symbol=BTCUSDT&interval=1&start=1770466680000&limit=1000 "HTTP/1.1 200 OK"
2026-02-09 10:37:13 - httpx - INFO - HTTP Request: GET https://api.bybit.com/v5/market/kline?category=linear&symbol=BTCUSDT&interval=1&start=1770526680000&limit=1000 "HTTP/1.1 200 OK"
2026-02-09 10:37:14 - httpx - INFO - HTTP Request: GET https://api.bybit.com/v5/market/kline?category=linear&symbol=BTCUSDT&interval=1&start=1770586680000&limit=1000 "HTTP/1.1 200 OK"
[DRAWINGS] [OK] Loaded 6 shapes for BTCUSDT
2026-02-09 10:37:14 - uvicorn.access - INFO - 127.0.0.1:61401 - "GET /api/drawings/BTCUSDT HTTP/1.1" 200
2026-02-09 10:37:14 - httpx - INFO - HTTP Request: GET https://api.bybit.com/v5/market/kline?category=linear&symbol=BTCUSDT&interval=1&start=1770646680000&limit=80 "HTTP/1.1 200 OK"
2026-02-09 10:37:14 - uvicorn.access - INFO - 127.0.0.1:61352 - "GET /api/zones/realtime/metrics/BTCUSDT?interval=1&days=1&detection_method=trading_zones&consol_min_bars=8&consol_atr_ratio=0.6&consol_max_range_pct=2&consol_body_ratio=0.5&atr_dyn_period=200&atr_dyn_ma_period=20&atr_dyn_multiplier=1&use_ttm_prefilter=false&use_bbwp_scoring=false&atr_band_ma_period=20&ttm_atr_length=20&ttm_kc_multiplier=1.5&bbwp_lookback=252&bbwp_squeeze_threshold=20 HTTP/1.1" 200
[DRAWINGS] [OK] Loaded 6 shapes for BTCUSDT
2026-02-09 10:37:17 - uvicorn.access - INFO - 127.0.0.1:61352 - "GET /api/drawings/BTCUSDT HTTP/1.1" 200
2026-02-09 10:37:17 - uvicorn.access - INFO - 127.0.0.1:61352 - "GET /api/zones/realtime/status HTTP/1.1" 200
[DRAWINGS] [OK] Loaded 6 shapes for BTCUSDT
2026-02-09 10:37:20 - uvicorn.access - INFO - 127.0.0.1:61352 - "GET /api/drawings/BTCUSDT HTTP/1.1" 200
2026-02-09 10:37:20 - uvicorn.access - INFO - 127.0.0.1:61352 - "GET /api/zones/realtime/status HTTP/1.1" 200
2026-02-09 10:37:20 - uvicorn.access - INFO - 127.0.0.1:61402 - "GET /api/swing/status HTTP/1.1" 200
[DRAWINGS] [OK] Loaded 6 shapes for BTCUSDT
2026-02-09 10:37:23 - uvicorn.access - INFO - 127.0.0.1:61402 - "GET /api/drawings/BTCUSDT HTTP/1.1" 200
2026-02-09 10:37:23 - uvicorn.access - INFO - 127.0.0.1:61402 - "GET /api/zones/realtime/zones/BTCUSDT HTTP/1.1" 200
2026-02-09 10:37:24 - httpx - INFO - HTTP Request: GET https://api.bybit.com/v5/market/kline?category=linear&symbol=BTCUSDT&interval=1&start=1770046643760&limit=1000 "HTTP/1.1 200 OK"
2026-02-09 10:37:25 - httpx - INFO - HTTP Request: GET https://api.bybit.com/v5/market/kline?category=linear&symbol=BTCUSDT&interval=1&start=1770106680000&limit=1000 "HTTP/1.1 200 OK"
2026-02-09 10:37:26 - httpx - INFO - HTTP Request: GET https://api.bybit.com/v5/market/kline?category=linear&symbol=BTCUSDT&interval=1&start=1770166680000&limit=1000 "HTTP/1.1 200 OK"
[DRAWINGS] [OK] Loaded 6 shapes for BTCUSDT
2026-02-09 10:37:26 - uvicorn.access - INFO - 127.0.0.1:61402 - "GET /api/drawings/BTCUSDT HTTP/1.1" 200
2026-02-09 10:37:27 - httpx - INFO - HTTP Request: GET https://api.bybit.com/v5/market/kline?category=linear&symbol=BTCUSDT&interval=1&start=1770226680000&limit=1000 "HTTP/1.1 200 OK"
2026-02-09 10:37:27 - httpx - INFO - HTTP Request: GET https://api.bybit.com/v5/market/kline?category=linear&symbol=BTCUSDT&interval=1&start=1770286680000&limit=1000 "HTTP/1.1 200 OK"
2026-02-09 10:37:27 - httpx - INFO - HTTP Request: GET https://api.bybit.com/v5/market/kline?category=linear&symbol=BTCUSDT&interval=1&start=1770346680000&limit=1000 "HTTP/1.1 200 OK"
2026-02-09 10:37:27 - uvicorn.access - INFO - 127.0.0.1:61402 - "GET /api/zones/realtime/status HTTP/1.1" 200
2026-02-09 10:37:29 - httpx - INFO - HTTP Request: GET https://api.bybit.com/v5/market/kline?category=linear&symbol=BTCUSDT&interval=1&start=1770406680000&limit=1000 "HTTP/1.1 200 OK"
[DRAWINGS] [OK] Loaded 6 shapes for BTCUSDT
2026-02-09 10:37:29 - uvicorn.access - INFO - 127.0.0.1:61402 - "GET /api/drawings/BTCUSDT HTTP/1.1" 200
2026-02-09 10:37:30 - httpx - INFO - HTTP Request: GET https://api.bybit.com/v5/market/kline?category=linear&symbol=BTCUSDT&interval=1&start=1770466680000&limit=1000 "HTTP/1.1 200 OK"
2026-02-09 10:37:30 - httpx - INFO - HTTP Request: GET https://api.bybit.com/v5/market/kline?category=linear&symbol=BTCUSDT&interval=1&start=1770526680000&limit=1000 "HTTP/1.1 200 OK"
2026-02-09 10:37:31 - httpx - INFO - HTTP Request: GET https://api.bybit.com/v5/market/kline?category=linear&symbol=BTCUSDT&interval=1&start=1770586680000&limit=1000 "HTTP/1.1 200 OK"
[DRAWINGS] [OK] Loaded 6 shapes for BTCUSDT
2026-02-09 10:37:32 - uvicorn.access - INFO - 127.0.0.1:61402 - "GET /api/drawings/BTCUSDT HTTP/1.1" 200
2026-02-09 10:37:32 - httpx - INFO - HTTP Request: GET https://api.bybit.com/v5/market/kline?category=linear&symbol=BTCUSDT&interval=1&start=1770646680000&limit=80 "HTTP/1.1 200 OK"
2026-02-09 10:37:32 - uvicorn.access - INFO - 127.0.0.1:61352 - "GET /api/zones/realtime/metrics/BTCUSDT?interval=1&days=1&detection_method=trading_zones&consol_min_bars=8&consol_atr_ratio=0.6&consol_max_range_pct=2&consol_body_ratio=0.5&atr_dyn_period=200&atr_dyn_ma_period=20&atr_dyn_multiplier=1&use_ttm_prefilter=false&use_bbwp_scoring=false&atr_band_ma_period=20&ttm_atr_length=20&ttm_kc_multiplier=1.5&bbwp_lookback=252&bbwp_squeeze_threshold=20 HTTP/1.1" 200
[DRAWINGS] [OK] Loaded 6 shapes for BTCUSDT
2026-02-09 10:37:35 - uvicorn.access - INFO - 127.0.0.1:61352 - "GET /api/drawings/BTCUSDT HTTP/1.1" 200
2026-02-09 10:37:35 - uvicorn.access - INFO - 127.0.0.1:61403 - "GET /api/realtime/alerts/history?limit=100 HTTP/1.1" 200
2026-02-09 10:37:35 - uvicorn.access - INFO - 127.0.0.1:61403 - "GET /api/realtime/alerts/history?limit=100 HTTP/1.1" 200
2026-02-09 10:37:35 - uvicorn.access - INFO - 127.0.0.1:61409 - "GET /api/zones/realtime/status HTTP/1.1" 200
2026-02-09 10:37:35 - uvicorn.access - INFO - 127.0.0.1:61410 - "GET /api/swing/status HTTP/1.1" 200
2026-02-09 10:37:35 - uvicorn.access - INFO - 127.0.0.1:61352 - "GET /api/status HTTP/1.1" 200
2026-02-09 10:37:36 - httpx - INFO - HTTP Request: GET https://api.bybit.com/v5/market/tickers?category=linear "HTTP/1.1 200 OK"
2026-02-09 10:37:36 - uvicorn.access - INFO - 127.0.0.1:61402 - "GET /api/tickers?symbols=BTCUSDT,ETHUSDT,XRPUSDT,TRXUSDT,GALAUSDT,SUIUSDT,TRBUSDT,SOLUSDT,ADAUSDT,DOGEUSDT HTTP/1.1" 200
2026-02-09 10:37:37 - uvicorn.access - INFO - 127.0.0.1:61402 - "GET /api/zones/realtime/status HTTP/1.1" 200
[DRAWINGS] [OK] Loaded 6 shapes for BTCUSDT
2026-02-09 10:37:38 - uvicorn.access - INFO - 127.0.0.1:61352 - "GET /api/drawings/BTCUSDT HTTP/1.1" 200
2026-02-09 10:37:38 - uvicorn.access - INFO - 127.0.0.1:61352 - "GET /api/zones/realtime/zones/BTCUSDT HTTP/1.1" 200
2026-02-09 10:37:39 - uvicorn.access - INFO - 127.0.0.1:61352 - "GET /api/vwap-service/data/BTCUSDT?days=1&interval=1&vwapType=rolling&rollingPeriod=200 HTTP/1.1" 200
2026-02-09 10:37:39 - httpx - INFO - HTTP Request: GET https://api.bybit.com/v5/market/kline?category=linear&symbol=BTCUSDT&interval=1&start=1770046658313&limit=1000 "HTTP/1.1 200 OK"
2026-02-09 10:37:39 - httpx - INFO - HTTP Request: GET https://api.bybit.com/v5/market/kline?category=linear&symbol=BTCUSDT&interval=1&start=1770106680000&limit=1000 "HTTP/1.1 200 OK"
2026-02-09 10:37:40 - httpx - INFO - HTTP Request: GET https://api.bybit.com/v5/market/kline?category=linear&symbol=BTCUSDT&interval=1&start=1770166680000&limit=1000 "HTTP/1.1 200 OK"
2026-02-09 10:37:40 - httpx - INFO - HTTP Request: GET https://api.bybit.com/v5/market/kline?category=linear&symbol=BTCUSDT&interval=1&start=1770226680000&limit=1000 "HTTP/1.1 200 OK"
[DRAWINGS] [OK] Loaded 6 shapes for BTCUSDT
2026-02-09 10:37:41 - uvicorn.access - INFO - 127.0.0.1:61352 - "GET /api/drawings/BTCUSDT HTTP/1.1" 200
2026-02-09 10:37:41 - httpx - INFO - HTTP Request: GET https://api.bybit.com/v5/market/kline?category=linear&symbol=BTCUSDT&interval=1&start=1770286680000&limit=1000 "HTTP/1.1 200 OK"
2026-02-09 10:37:42 - httpx - INFO - HTTP Request: GET https://api.bybit.com/v5/market/kline?category=linear&symbol=BTCUSDT&interval=1&start=1770346680000&limit=1000 "HTTP/1.1 200 OK"
2026-02-09 10:37:43 - httpx - INFO - HTTP Request: GET https://api.bybit.com/v5/market/kline?category=linear&symbol=BTCUSDT&interval=1&start=1770406680000&limit=1000 "HTTP/1.1 200 OK"
2026-02-09 10:37:43 - httpx - INFO - HTTP Request: GET https://api.bybit.com/v5/market/kline?category=linear&symbol=BTCUSDT&interval=1&start=1770466680000&limit=1000 "HTTP/1.1 200 OK"
[DRAWINGS] [OK] Loaded 6 shapes for BTCUSDT
2026-02-09 10:37:44 - uvicorn.access - INFO - 127.0.0.1:61352 - "GET /api/drawings/BTCUSDT HTTP/1.1" 200
2026-02-09 10:37:44 - httpx - INFO - HTTP Request: GET https://api.bybit.com/v5/market/kline?category=linear&symbol=BTCUSDT&interval=1&start=1770526680000&limit=1000 "HTTP/1.1 200 OK"
2026-02-09 10:37:45 - httpx - INFO - HTTP Request: GET https://api.bybit.com/v5/market/kline?category=linear&symbol=BTCUSDT&interval=1&start=1770586680000&limit=1000 "HTTP/1.1 200 OK"
2026-02-09 10:37:46 - httpx - INFO - HTTP Request: GET https://api.bybit.com/v5/market/kline?category=linear&symbol=BTCUSDT&interval=1&start=1770646680000&limit=80 "HTTP/1.1 200 OK"
2026-02-09 10:37:46 - uvicorn.access - INFO - 127.0.0.1:61402 - "GET /api/zones/realtime/metrics/BTCUSDT?interval=1&days=1&detection_method=trading_zones&consol_min_bars=8&consol_atr_ratio=0.6&consol_max_range_pct=2&consol_body_ratio=0.5&atr_dyn_period=200&atr_dyn_ma_period=20&atr_dyn_multiplier=1&use_ttm_prefilter=false&use_bbwp_scoring=false&atr_band_ma_period=20&ttm_atr_length=20&ttm_kc_multiplier=1.5&bbwp_lookback=252&bbwp_squeeze_threshold=20 HTTP/1.1" 200
[DRAWINGS] [OK] Loaded 6 shapes for BTCUSDT
2026-02-09 10:37:47 - uvicorn.access - INFO - 127.0.0.1:61402 - "GET /api/drawings/BTCUSDT HTTP/1.1" 200
2026-02-09 10:37:47 - uvicorn.access - INFO - 127.0.0.1:61402 - "GET /api/zones/realtime/status HTTP/1.1" 200
[DRAWINGS] [OK] Loaded 6 shapes for BTCUSDT
2026-02-09 10:37:50 - uvicorn.access - INFO - 127.0.0.1:61402 - "GET /api/drawings/BTCUSDT HTTP/1.1" 200
2026-02-09 10:37:50 - uvicorn.access - INFO - 127.0.0.1:61402 - "GET /api/zones/realtime/status HTTP/1.1" 200
2026-02-09 10:37:50 - uvicorn.access - INFO - 127.0.0.1:61411 - "GET /api/swing/status HTTP/1.1" 200
[DRAWINGS] [OK] Loaded 6 shapes for BTCUSDT
2026-02-09 10:37:53 - uvicorn.access - INFO - 127.0.0.1:61411 - "GET /api/drawings/BTCUSDT HTTP/1.1" 200
2026-02-09 10:37:53 - uvicorn.access - INFO - 127.0.0.1:61411 - "GET /api/zones/realtime/zones/BTCUSDT HTTP/1.1" 200
2026-02-09 10:37:54 - httpx - INFO - HTTP Request: GET https://api.bybit.com/v5/market/kline?category=linear&symbol=BTCUSDT&interval=1&start=1770046673757&limit=1000 "HTTP/1.1 200 OK"
2026-02-09 10:37:55 - httpx - INFO - HTTP Request: GET https://api.bybit.com/v5/market/kline?category=linear&symbol=BTCUSDT&interval=1&start=1770106680000&limit=1000 "HTTP/1.1 200 OK"
2026-02-09 10:37:55 - httpx - INFO - HTTP Request: GET https://api.bybit.com/v5/market/kline?category=linear&symbol=BTCUSDT&interval=1&start=1770166680000&limit=1000 "HTTP/1.1 200 OK"
[DRAWINGS] [OK] Loaded 6 shapes for BTCUSDT
2026-02-09 10:37:56 - uvicorn.access - INFO - 127.0.0.1:61411 - "GET /api/drawings/BTCUSDT HTTP/1.1" 200
2026-02-09 10:37:56 - httpx - INFO - HTTP Request: GET https://api.bybit.com/v5/market/kline?category=linear&symbol=BTCUSDT&interval=1&start=1770226680000&limit=1000 "HTTP/1.1 200 OK"
2026-02-09 10:37:56 - httpx - INFO - HTTP Request: GET https://api.bybit.com/v5/market/kline?category=linear&symbol=BTCUSDT&interval=1&start=1770286680000&limit=1000 "HTTP/1.1 200 OK"
2026-02-09 10:37:57 - httpx - INFO - HTTP Request: GET https://api.bybit.com/v5/market/kline?category=linear&symbol=BTCUSDT&interval=1&start=1770346680000&limit=1000 "HTTP/1.1 200 OK"
2026-02-09 10:37:57 - uvicorn.access - INFO - 127.0.0.1:61411 - "GET /api/zones/realtime/status HTTP/1.1" 200
2026-02-09 10:37:58 - httpx - INFO - HTTP Request: GET https://api.bybit.com/v5/market/kline?category=linear&symbol=BTCUSDT&interval=1&start=1770406680000&limit=1000 "HTTP/1.1 200 OK"
2026-02-09 10:37:58 - httpx - INFO - HTTP Request: GET https://api.bybit.com/v5/market/kline?category=linear&symbol=BTCUSDT&interval=1&start=1770466680000&limit=1000 "HTTP/1.1 200 OK"
2026-02-09 10:37:58 - httpx - INFO - HTTP Request: GET https://api.bybit.com/v5/market/kline?category=linear&symbol=BTCUSDT&interval=1&start=1770526680000&limit=1000 "HTTP/1.1 200 OK"
[DRAWINGS] [OK] Loaded 6 shapes for BTCUSDT
2026-02-09 10:37:59 - uvicorn.access - INFO - 127.0.0.1:61411 - "GET /api/drawings/BTCUSDT HTTP/1.1" 200
2026-02-09 10:37:59 - httpx - INFO - HTTP Request: GET https://api.bybit.com/v5/market/kline?category=linear&symbol=BTCUSDT&interval=1&start=1770586680000&limit=1000 "HTTP/1.1 200 OK"
2026-02-09 10:38:00 - httpx - INFO - HTTP Request: GET https://api.bybit.com/v5/market/kline?category=linear&symbol=BTCUSDT&interval=1&start=1770646680000&limit=80 "HTTP/1.1 200 OK"
2026-02-09 10:38:00 - uvicorn.access - INFO - 127.0.0.1:61402 - "GET /api/zones/realtime/metrics/BTCUSDT?interval=1&days=1&detection_method=trading_zones&consol_min_bars=8&consol_atr_ratio=0.6&consol_max_range_pct=2&consol_body_ratio=0.5&atr_dyn_period=200&atr_dyn_ma_period=20&atr_dyn_multiplier=1&use_ttm_prefilter=false&use_bbwp_scoring=false&atr_band_ma_period=20&ttm_atr_length=20&ttm_kc_multiplier=1.5&bbwp_lookback=252&bbwp_squeeze_threshold=20 HTTP/1.1" 200
2026-02-09 10:38:01 - websocket_manager - INFO - Candle closed: ADAUSDT 1 @ 0.2663 (notifying 3 listeners)
2026-02-09 10:38:01 - realtime_pattern_service - INFO - Candle closed: ADAUSDT 1m @ 0.27
2026-02-09 10:38:01 - realtime_pattern_service - INFO - [REALTIME] ADAUSDT/1: Running detection with 205 candles
2026-02-09 10:38:01 - websocket_manager - INFO - Candle closed: BTCUSDT 1 @ 69372.7 (notifying 3 listeners)
2026-02-09 10:38:01 - realtime_pattern_service - INFO - Candle closed: BTCUSDT 1m @ 69372.70
2026-02-09 10:38:01 - realtime_pattern_service - INFO - [REALTIME] BTCUSDT/1: Running detection with 500 candles
2026-02-09 10:38:01 - zone_alerts - INFO - TRADE_RESOLVED | BTCUSDT | WIN | dir=UP | entry=68997.80 | sl=68638.39 | tp=69357.21
[ZoneDetector] ===== VERSION 3.0 (5 capas opcionales) =====
[ZoneDetector] Trading Zones: ATR global = 156.81, velas = 500
[ZoneDetector] Config: entry_mode=va_breakout, position_mode=concurrent, swing_bars=5, sl_mode=zone_opposite
[ZoneDetector] Capa 3 TTM Pre-filter: ON (7 regiones de squeeze encontradas)
[ZoneDetector] Capas v3.0 activas: Reentry(3), TTM_Squeeze
[ZoneDetector] Trading Zones: Encontradas 14 consolidaciones
[ZoneDetector] Trading Zones: 13 despues de deduplicacion
[ZoneDetector] position_mode='concurrent' (type=str)
[ZoneDetector] Trading Zones RESULTADOS (mode=va_breakout, pos=concurrent, sl=zone_opposite):
  - Total zonas: 13
  - Wins: 6, Losses: 7, Skipped: 0
  - Win Rate: 46.2%
  - Total P&L: -1.0R
  - Expectancy: -0.077R por trade

==============================================================================================================
[TIMELINE] TRADES ACTIVOS en orden cronologico (mode=concurrent)
==============================================================================================================
 TL# | Result |   Dir |     Entry Date |     Close Date |     Entry$ |        SL$ |        TP$ |    PnL | Overlap?
-----+--------+-------+----------------+----------------+------------+------------+------------+--------+-----------
   1 |    WIN |  DOWN |    02/09 02:38 |    02/09 03:28 |   70400.00 |   70746.10 |   70053.90 |  +1.0R |
   2 |    WIN |  DOWN |    02/09 03:27 |    02/09 03:32 |   70096.10 |   70577.90 |   69614.30 |  +1.0R | OVERLAP!
   3 |   LOSS |  DOWN |    02/09 03:31 |    02/09 03:31 |   69670.20 |   69983.00 |   69357.40 |  -1.0R | OVERLAP!
   4 |   LOSS |    UP |    02/09 04:07 |    02/09 04:19 |   70030.00 |   69732.20 |   70327.80 |  -1.0R |
   5 |    WIN |  DOWN |    02/09 04:40 |    02/09 05:16 |   69563.10 |   69905.80 |   69220.40 |  +1.0R |
   6 |    WIN |  DOWN |    02/09 05:16 |    02/09 05:31 |   69239.20 |   69699.10 |   68779.30 |  +1.0R | OVERLAP!
   7 |   LOSS |    UP |    02/09 06:04 |    02/09 09:08 |   68894.00 |   68329.40 |   69458.60 |  -1.0R |
   8 |    WIN |    UP |    02/09 06:26 |    02/09 07:12 |   68894.10 |   68596.40 |   69191.80 |  +1.0R | OVERLAP!
   9 |   LOSS |    UP |    02/09 07:09 |    02/09 08:55 |   69141.00 |   68643.70 |   69638.30 |  -1.0R | OVERLAP!
  10 |   LOSS |    UP |    02/09 07:41 |    02/09 08:05 |   69195.20 |   68946.20 |   69444.20 |  -1.0R | OVERLAP!
  11 |   LOSS |  DOWN |    02/09 08:04 |    02/09 08:11 |   68953.50 |   69155.40 |   68751.60 |  -1.0R | OVERLAP!
  12 |   LOSS |    UP |    02/09 08:12 |    02/09 08:50 |   69247.80 |   68899.80 |   69595.80 |  -1.0R |
  13 |    WIN |  DOWN |    02/09 08:51 |    02/09 09:08 |   68760.30 |   69191.30 |   68329.30 |  +1.0R |

*** ALERTA: 7 SOLAPAMIENTO(S) DETECTADO(S) ***
==============================================================================================================

[ZoneDetector] Deduplicación: 13 -> 13 zonas
2026-02-09 10:38:01 - websocket_manager - INFO - Candle closed: DOGEUSDT 1 @ 0.09494 (notifying 3 listeners)
2026-02-09 10:38:01 - realtime_pattern_service - INFO - Candle closed: DOGEUSDT 1m @ 0.09
2026-02-09 10:38:01 - websocket_manager - INFO - Candle closed: ETHUSDT 1 @ 2055.74 (notifying 3 listeners)
2026-02-09 10:38:01 - realtime_pattern_service - INFO - Candle closed: ETHUSDT 1m @ 2055.74
2026-02-09 10:38:01 - websocket_manager - INFO - Candle closed: GALAUSDT 1 @ 0.004038 (notifying 3 listeners)
2026-02-09 10:38:01 - realtime_pattern_service - INFO - Candle closed: GALAUSDT 1m @ 0.00
2026-02-09 10:38:01 - realtime_pattern_service - INFO - [REALTIME] DOGEUSDT/1: Running detection with 205 candles
2026-02-09 10:38:01 - realtime_pattern_service - INFO - [REALTIME] ETHUSDT/1: Running detection with 205 candles
2026-02-09 10:38:01 - realtime_pattern_service - INFO - [REALTIME] GALAUSDT/1: Running detection with 205 candles
2026-02-09 10:38:01 - websocket_manager - INFO - Candle closed: XRPUSDT 1 @ 1.4389 (notifying 3 listeners)
2026-02-09 10:38:01 - realtime_pattern_service - INFO - Candle closed: XRPUSDT 1m @ 1.44
2026-02-09 10:38:01 - realtime_pattern_service - INFO - [REALTIME] XRPUSDT/1: Running detection with 205 candles
2026-02-09 10:38:01 - websocket_manager - INFO - Candle closed: TRBUSDT 1 @ 14.53 (notifying 3 listeners)
2026-02-09 10:38:01 - realtime_pattern_service - INFO - Candle closed: TRBUSDT 1m @ 14.53
2026-02-09 10:38:01 - realtime_pattern_service - INFO - [REALTIME] TRBUSDT/1: Running detection with 205 candles
2026-02-09 10:38:01 - websocket_manager - INFO - Candle closed: TRXUSDT 1 @ 0.27707 (notifying 3 listeners)
2026-02-09 10:38:01 - realtime_pattern_service - INFO - Candle closed: TRXUSDT 1m @ 0.28
2026-02-09 10:38:01 - realtime_pattern_service - INFO - [REALTIME] TRXUSDT/1: Running detection with 205 candles
2026-02-09 10:38:01 - websocket_manager - INFO - Candle closed: SOLUSDT 1 @ 85.31 (notifying 3 listeners)
2026-02-09 10:38:01 - realtime_pattern_service - INFO - Candle closed: SOLUSDT 1m @ 85.31
2026-02-09 10:38:01 - realtime_pattern_service - INFO - [REALTIME] SOLUSDT/1: Running detection with 205 candles
2026-02-09 10:38:02 - websocket_manager - INFO - Candle closed: SUIUSDT 1 @ 0.9525 (notifying 3 listeners)
2026-02-09 10:38:02 - realtime_pattern_service - INFO - Candle closed: SUIUSDT 1m @ 0.95
2026-02-09 10:38:02 - realtime_pattern_service - INFO - [REALTIME] SUIUSDT/1: Running detection with 205 candles
2026-02-09 10:38:02 - websocket_manager - INFO - Candle closed: BNBUSDT 1 @ 629.6 (notifying 3 listeners)
2026-02-09 10:38:02 - realtime_pattern_service - INFO - Candle closed: BNBUSDT 1m @ 629.60
2026-02-09 10:38:02 - realtime_pattern_service - INFO - [REALTIME] BNBUSDT/1: Running detection with 205 candles
2026-02-09 10:38:02 - websocket_manager - INFO - Candle closed: PAXGUSDT 1 @ 5056.1 (notifying 3 listeners)
2026-02-09 10:38:02 - realtime_pattern_service - INFO - Candle closed: PAXGUSDT 1m @ 5056.10
2026-02-09 10:38:02 - realtime_pattern_service - INFO - [REALTIME] PAXGUSDT/1: Running detection with 205 candles
2026-02-09 10:38:02 - websocket_manager - INFO - Candle closed: POLUSDT 1 @ 0.09286 (notifying 3 listeners)
2026-02-09 10:38:02 - realtime_pattern_service - INFO - Candle closed: POLUSDT 1m @ 0.09
2026-02-09 10:38:02 - realtime_pattern_service - INFO - [REALTIME] POLUSDT/1: Running detection with 205 candles
[DRAWINGS] [OK] Loaded 6 shapes for BTCUSDT
2026-02-09 10:38:02 - uvicorn.access - INFO - 127.0.0.1:61402 - "GET /api/drawings/BTCUSDT HTTP/1.1" 200
2026-02-09 10:38:02 - uvicorn.access - INFO - 127.0.0.1:61402 - "GET /api/vwap-service/data/BTCUSDT?days=1&interval=1&vwapType=rolling&rollingPeriod=200 HTTP/1.1" 200