2026-01-20 20:00:00 | INFO | SIGNAL_DETECTED | ETHUSDT | SWING_LOW | price=2950.80 | direction=LONG | volume_zscore=2.59 | interval=60
2026-01-20 20:00:03 | ERROR | ALERT_ERROR | ETHUSDT | All connection attempts failed
2026-01-21 11:48:20 | INFO | SIGNAL_DETECTED | ETHUSDT | SWING_LOW | price=2901.00 | direction=LONG | volume_zscore=2.10 | interval=1
2026-01-21 11:48:23 | ERROR | ALERT_ERROR | ETHUSDT | All connection attempts failed
2026-01-21 11:59:02 | INFO | SIGNAL_DETECTED | ETHUSDT | SWING_LOW | price=2897.23 | direction=LONG | volume_zscore=4.69 | interval=1
2026-01-21 11:59:05 | ERROR | ALERT_ERROR | ETHUSDT | All connection attempts failed
2026-01-21 17:14:00 | INFO | SIGNAL_DETECTED | ETHUSDT | SWING_HIGH | price=3042.45 | direction=SHORT | volume_zscore=2.60 | interval=1
2026-01-21 17:14:03 | ERROR | ALERT_ERROR | ETHUSDT | All connection attempts failed
2026-01-21 18:52:01 | INFO | SIGNAL_DETECTED | ETHUSDT | SWING_LOW | price=2971.98 | direction=LONG | volume_zscore=1.83 | interval=1
2026-01-21 18:52:03 | ERROR | ALERT_ERROR | ETHUSDT | All connection attempts failed
2026-01-21 20:06:10 | INFO | SIGNAL_DETECTED | ETHUSDT | SWING_HIGH | price=3017.49 | direction=SHORT | volume_zscore=4.68 | interval=1
2026-01-21 20:06:21 | ERROR | ALERT_ERROR | ETHUSDT | All connection attempts failed
2026-01-22 08:45:01 | INFO | SIGNAL_DETECTED | ETHUSDT | SWING_HIGH | price=2988.36 | direction=SHORT | volume_zscore=12.33 | interval=5
2026-01-22 08:45:14 | INFO | ALERT_SENT | ETHUSDT | SWING_HIGH | price=2988.36 | direction=SHORT | target=http://localhost:5000/api/watchlist-alert
2026-01-22 09:16:01 | INFO | SIGNAL_DETECTED | ETHUSDT | SWING_HIGH | price=2977.38 | direction=SHORT | volume_zscore=1.76 | interval=1
2026-01-22 09:16:03 | INFO | ALERT_SENT | ETHUSDT | SWING_HIGH | price=2977.38 | direction=SHORT | target=http://localhost:5000/api/watchlist-alert
2026-01-22 09:26:01 | INFO | SIGNAL_DETECTED | ETHUSDT | SWING_LOW | price=2965.06 | direction=LONG | volume_zscore=2.60 | interval=1
2026-01-22 09:26:04 | INFO | ALERT_SENT | ETHUSDT | SWING_LOW | price=2965.06 | direction=LONG | target=http://localhost:5000/api/watchlist-alert
2026-01-22 13:02:02 | INFO | SIGNAL_DETECTED | ETHUSDT | SWING_HIGH | price=2960.62 | direction=SHORT | volume_zscore=1.72 | interval=1
2026-01-22 13:02:04 | ERROR | ALERT_ERROR | ETHUSDT | All connection attempts failed
2026-01-22 13:04:01 | INFO | SIGNAL_DETECTED | BTCUSDT | SWING_HIGH | price=89500.00 | direction=SHORT | volume_zscore=0.00 | interval=1
2026-01-22 13:04:04 | ERROR | ALERT_ERROR | BTCUSDT | All connection attempts failed
2026-01-22 13:06:02 | INFO | SIGNAL_DETECTED | ETHUSDT | SWING_LOW | price=2952.90 | direction=LONG | volume_zscore=2.82 | interval=1
2026-01-22 13:06:04 | ERROR | ALERT_ERROR | ETHUSDT | All connection attempts failed
2026-01-22 13:09:02 | INFO | SIGNAL_DETECTED | BTCUSDT | SWING_LOW | price=89337.80 | direction=LONG | volume_zscore=0.00 | interval=1
2026-01-22 13:09:04 | INFO | ALERT_SENT | BTCUSDT | SWING_LOW | price=89337.80 | direction=LONG | target=http://localhost:5000/api/watchlist-alert
2026-01-22 13:13:02 | INFO | SIGNAL_DETECTED | BTCUSDT | SWING_HIGH | price=89531.00 | direction=SHORT | volume_zscore=0.00 | interval=1
2026-01-22 13:13:05 | INFO | ALERT_SENT | BTCUSDT | SWING_HIGH | price=89531.00 | direction=SHORT | target=http://localhost:5000/api/watchlist-alert
2026-01-22 13:29:02 | INFO | SIGNAL_DETECTED | ETHUSDT | SWING_LOW | price=2956.73 | direction=LONG | volume_zscore=1.54 | interval=1
2026-01-22 13:29:18 | INFO | ALERT_SENT | ETHUSDT | SWING_LOW | price=2956.73 | direction=LONG | target=http://localhost:5000/api/watchlist-alert
2026-01-22 13:31:02 | INFO | SIGNAL_DETECTED | BTCUSDT | SWING_LOW | price=89509.70 | direction=LONG | volume_zscore=0.00 | interval=1
2026-01-22 13:31:04 | INFO | ALERT_SENT | BTCUSDT | SWING_LOW | price=89509.70 | direction=LONG | target=http://localhost:5000/api/watchlist-alert
2026-01-22 13:38:02 | INFO | SIGNAL_DETECTED | BTCUSDT | SWING_HIGH | price=89683.00 | direction=SHORT | volume_zscore=0.00 | interval=1
2026-01-22 13:38:04 | INFO | ALERT_SENT | BTCUSDT | SWING_HIGH | price=89683.00 | direction=SHORT | target=http://localhost:5000/api/watchlist-alert
2026-01-22 13:41:02 | INFO | SIGNAL_DETECTED | ETHUSDT | SWING_LOW | price=2955.69 | direction=LONG | volume_zscore=7.70 | interval=1
2026-01-22 13:41:03 | INFO | ALERT_SENT | ETHUSDT | SWING_LOW | price=2955.69 | direction=LONG | target=http://localhost:5000/api/watchlist-alert
2026-01-22 13:42:02 | INFO | SIGNAL_DETECTED | BTCUSDT | SWING_LOW | price=89603.60 | direction=LONG | volume_zscore=0.00 | interval=1
2026-01-22 13:42:04 | INFO | ALERT_SENT | BTCUSDT | SWING_LOW | price=89603.60 | direction=LONG | target=http://localhost:5000/api/watchlist-alert
2026-01-22 13:45:02 | INFO | SIGNAL_DETECTED | BTCUSDT | SWING_HIGH | price=89681.50 | direction=SHORT | volume_zscore=0.00 | interval=1
2026-01-22 13:45:04 | INFO | ALERT_SENT | BTCUSDT | SWING_HIGH | price=89681.50 | direction=SHORT | target=http://localhost:5000/api/watchlist-alert
2026-01-22 14:07:00 | INFO | SIGNAL_DETECTED | BTCUSDT | SWING_LOW | price=89166.80 | direction=LONG | volume_zscore=0.00 | interval=1
2026-01-22 14:07:03 | INFO | ALERT_SENT | BTCUSDT | SWING_LOW | price=89166.80 | direction=LONG | target=http://localhost:5000/api/watchlist-alert
2026-01-22 14:18:00 | INFO | SIGNAL_DETECTED | BTCUSDT | SWING_HIGH | price=89404.60 | direction=SHORT | volume_zscore=0.00 | interval=1
2026-01-22 14:18:03 | INFO | ALERT_SENT | BTCUSDT | SWING_HIGH | price=89404.60 | direction=SHORT | target=http://localhost:5000/api/watchlist-alert
2026-01-22 14:24:00 | INFO | SIGNAL_DETECTED | BTCUSDT | SWING_LOW | price=89364.00 | direction=LONG | volume_zscore=0.00 | interval=1
2026-01-22 14:24:02 | INFO | ALERT_SENT | BTCUSDT | SWING_LOW | price=89364.00 | direction=LONG | target=http://localhost:5000/api/watchlist-alert
2026-01-22 15:00:01 | INFO | SIGNAL_DETECTED | ADAUSDT | SWING_LOW | price=0.36 | direction=LONG | volume_zscore=0.00 | interval=1
2026-01-22 15:00:16 | INFO | ALERT_SENT | ADAUSDT | SWING_LOW | price=0.36 | direction=LONG | target=http://localhost:5000/api/watchlist-alert
2026-01-22 15:01:01 | INFO | SIGNAL_DETECTED | PAXGUSDT | SWING_HIGH | price=4925.10 | direction=SHORT | volume_zscore=0.00 | interval=1
2026-01-22 15:01:01 | INFO | ALERT_SENT | PAXGUSDT | SWING_HIGH | price=4925.10 | direction=SHORT | target=http://localhost:5000/api/watchlist-alert
2026-01-22 15:04:00 | INFO | SIGNAL_DETECTED | DOGEUSDT | SWING_LOW | price=0.12 | direction=LONG | volume_zscore=0.00 | interval=1
2026-01-22 15:04:00 | INFO | SIGNAL_DETECTED | XRPUSDT | SWING_LOW | price=1.93 | direction=LONG | volume_zscore=2.30 | interval=1
2026-01-22 15:04:01 | INFO | ALERT_SENT | DOGEUSDT | SWING_LOW | price=0.12 | direction=LONG | target=http://localhost:5000/api/watchlist-alert
2026-01-22 15:04:14 | INFO | ALERT_SENT | XRPUSDT | SWING_LOW | price=1.93 | direction=LONG | target=http://localhost:5000/api/watchlist-alert
2026-01-22 15:06:00 | INFO | SIGNAL_DETECTED | DOGEUSDT | SWING_HIGH | price=0.12 | direction=SHORT | volume_zscore=0.00 | interval=1
2026-01-22 15:06:01 | INFO | ALERT_SENT | DOGEUSDT | SWING_HIGH | price=0.12 | direction=SHORT | target=http://localhost:5000/api/watchlist-alert
2026-01-22 15:08:00 | INFO | SIGNAL_DETECTED | TRBUSDT | SWING_HIGH | price=20.03 | direction=SHORT | volume_zscore=0.00 | interval=1
2026-01-22 15:08:01 | INFO | ALERT_SENT | TRBUSDT | SWING_HIGH | price=20.03 | direction=SHORT | target=http://localhost:5000/api/watchlist-alert
2026-01-22 15:09:00 | INFO | SIGNAL_DETECTED | ADAUSDT | SWING_HIGH | price=0.36 | direction=SHORT | volume_zscore=0.00 | interval=1
2026-01-22 15:09:02 | INFO | ALERT_SENT | ADAUSDT | SWING_HIGH | price=0.36 | direction=SHORT | target=http://localhost:5000/api/watchlist-alert
2026-01-22 15:10:00 | INFO | SIGNAL_DETECTED | DOGEUSDT | SWING_LOW | price=0.12 | direction=LONG | volume_zscore=0.00 | interval=1
2026-01-22 15:10:00 | INFO | SIGNAL_DETECTED | TRBUSDT | SWING_LOW | price=20.00 | direction=LONG | volume_zscore=0.00 | interval=1
2026-01-22 15:10:01 | INFO | ALERT_SENT | DOGEUSDT | SWING_LOW | price=0.12 | direction=LONG | target=http://localhost:5000/api/watchlist-alert
2026-01-22 15:10:01 | INFO | ALERT_SENT | TRBUSDT | SWING_LOW | price=20.00 | direction=LONG | target=http://localhost:5000/api/watchlist-alert
2026-01-22 15:13:01 | INFO | SIGNAL_DETECTED | PAXGUSDT | SWING_LOW | price=4936.50 | direction=LONG | volume_zscore=0.00 | interval=1
2026-01-22 15:13:01 | INFO | ALERT_SENT | PAXGUSDT | SWING_LOW | price=4936.50 | direction=LONG | target=http://localhost:5000/api/watchlist-alert
2026-01-22 15:18:00 | INFO | SIGNAL_DETECTED | ADAUSDT | SWING_HIGH | price=0.36 | direction=SHORT | volume_zscore=0.00 | interval=1
2026-01-22 15:18:00 | INFO | SIGNAL_DETECTED | DOGEUSDT | SWING_HIGH | price=0.12 | direction=SHORT | volume_zscore=0.00 | interval=1
2026-01-22 15:18:01 | INFO | ALERT_SENT | DOGEUSDT | SWING_HIGH | price=0.12 | direction=SHORT | target=http://localhost:5000/api/watchlist-alert
2026-01-22 15:18:02 | INFO | ALERT_SENT | ADAUSDT | SWING_HIGH | price=0.36 | direction=SHORT | target=http://localhost:5000/api/watchlist-alert
2026-01-22 15:21:00 | INFO | SIGNAL_DETECTED | ADAUSDT | SWING_LOW | price=0.36 | direction=LONG | volume_zscore=0.00 | interval=1
2026-01-22 15:21:00 | INFO | SIGNAL_DETECTED | DOGEUSDT | SWING_LOW | price=0.12 | direction=LONG | volume_zscore=0.00 | interval=1
2026-01-22 15:21:00 | INFO | SIGNAL_DETECTED | TRBUSDT | SWING_LOW | price=20.02 | direction=LONG | volume_zscore=0.00 | interval=1
2026-01-22 15:21:01 | INFO | ALERT_SENT | DOGEUSDT | SWING_LOW | price=0.12 | direction=LONG | target=http://localhost:5000/api/watchlist-alert
2026-01-22 15:21:01 | INFO | ALERT_SENT | TRBUSDT | SWING_LOW | price=20.02 | direction=LONG | target=http://localhost:5000/api/watchlist-alert
2026-01-22 15:21:02 | INFO | ALERT_SENT | ADAUSDT | SWING_LOW | price=0.36 | direction=LONG | target=http://localhost:5000/api/watchlist-alert
2026-01-22 15:28:01 | INFO | SIGNAL_DETECTED | PAXGUSDT | SWING_HIGH | price=4941.00 | direction=SHORT | volume_zscore=0.00 | interval=1
2026-01-22 15:28:01 | INFO | ALERT_SENT | PAXGUSDT | SWING_HIGH | price=4941.00 | direction=SHORT | target=http://localhost:5000/api/watchlist-alert
2026-01-22 15:29:00 | INFO | SIGNAL_DETECTED | DOGEUSDT | SWING_LOW | price=0.12 | direction=LONG | volume_zscore=0.00 | interval=1
2026-01-22 15:29:01 | INFO | ALERT_SENT | DOGEUSDT | SWING_LOW | price=0.12 | direction=LONG | target=http://localhost:5000/api/watchlist-alert
2026-01-22 15:30:00 | INFO | SIGNAL_DETECTED | ADAUSDT | SWING_LOW | price=0.36 | direction=LONG | volume_zscore=0.00 | interval=1
2026-01-22 15:30:00 | INFO | SIGNAL_DETECTED | XRPUSDT | SWING_LOW | price=1.92 | direction=LONG | volume_zscore=5.17 | interval=1
2026-01-22 15:30:00 | INFO | SIGNAL_DETECTED | TRBUSDT | SWING_LOW | price=19.93 | direction=LONG | volume_zscore=0.00 | interval=1
2026-01-22 15:30:01 | INFO | ALERT_SENT | TRBUSDT | SWING_LOW | price=19.93 | direction=LONG | target=http://localhost:5000/api/watchlist-alert
2026-01-22 15:30:03 | INFO | ALERT_SENT | XRPUSDT | SWING_LOW | price=1.92 | direction=LONG | target=http://localhost:5000/api/watchlist-alert
2026-01-22 15:30:03 | INFO | ALERT_SENT | ADAUSDT | SWING_LOW | price=0.36 | direction=LONG | target=http://localhost:5000/api/watchlist-alert
2026-01-22 15:32:01 | INFO | SIGNAL_DETECTED | PAXGUSDT | SWING_LOW | price=4940.30 | direction=LONG | volume_zscore=0.00 | interval=1
2026-01-22 15:32:01 | INFO | ALERT_SENT | PAXGUSDT | SWING_LOW | price=4940.30 | direction=LONG | target=http://localhost:5000/api/watchlist-alert
2026-01-22 15:33:00 | INFO | SIGNAL_DETECTED | DOGEUSDT | SWING_LOW | price=0.12 | direction=LONG | volume_zscore=0.00 | interval=1
2026-01-22 15:33:00 | INFO | BLOCKED_COOLDOWN | DOGEUSDT | SWING_LOW | remaining=60s
2026-01-22 15:35:00 | INFO | SIGNAL_DETECTED | BTCUSDT | SWING_LOW | price=89472.00 | direction=LONG | volume_zscore=0.00 | interval=1
2026-01-22 15:35:00 | INFO | SIGNAL_DETECTED | DOGEUSDT | SWING_HIGH | price=0.12 | direction=SHORT | volume_zscore=0.00 | interval=1
2026-01-22 15:35:01 | INFO | SIGNAL_DETECTED | TRBUSDT | SWING_HIGH | price=19.95 | direction=SHORT | volume_zscore=0.00 | interval=1
2026-01-22 15:35:01 | INFO | ALERT_SENT | TRBUSDT | SWING_HIGH | price=19.95 | direction=SHORT | target=http://localhost:5000/api/watchlist-alert
2026-01-22 15:35:01 | INFO | ALERT_SENT | DOGEUSDT | SWING_HIGH | price=0.12 | direction=SHORT | target=http://localhost:5000/api/watchlist-alert
2026-01-22 15:35:13 | INFO | ALERT_SENT | BTCUSDT | SWING_LOW | price=89472.00 | direction=LONG | target=http://localhost:5000/api/watchlist-alert
2026-01-22 15:48:00 | INFO | BLOCKED_HISTORICAL | BTCUSDT | SWING_LOW | price=89441.50 | signal_ts=1769114580 | service_start=1769114725
2026-01-22 15:53:00 | INFO | SIGNAL_DETECTED | ETHUSDT | SWING_HIGH | price=2936.10 | direction=SHORT | volume_zscore=0.00 | interval=1
2026-01-22 15:53:13 | INFO | ALERT_SENT | ETHUSDT | SWING_HIGH | price=2936.10 | direction=SHORT | target=http://localhost:5000/api/watchlist-alert
2026-01-22 15:54:00 | INFO | SIGNAL_DETECTED | ETHUSDT | SWING_LOW | price=2935.75 | direction=LONG | volume_zscore=0.00 | interval=1
2026-01-22 15:54:02 | INFO | ALERT_SENT | ETHUSDT | SWING_LOW | price=2935.75 | direction=LONG | target=http://localhost:5000/api/watchlist-alert
2026-01-22 15:58:00 | INFO | SIGNAL_DETECTED | ETHUSDT | SWING_HIGH | price=2936.64 | direction=SHORT | volume_zscore=0.00 | interval=1
2026-01-22 15:58:03 | INFO | ALERT_SENT | ETHUSDT | SWING_HIGH | price=2936.64 | direction=SHORT | target=http://localhost:5000/api/watchlist-alert
2026-01-22 15:59:00 | INFO | SIGNAL_DETECTED | BTCUSDT | SWING_LOW | price=89426.00 | direction=LONG | volume_zscore=0.00 | interval=1
2026-01-22 15:59:12 | INFO | ALERT_SENT | BTCUSDT | SWING_LOW | price=89426.00 | direction=LONG | target=http://localhost:5000/api/watchlist-alert
2026-01-22 16:01:00 | INFO | SIGNAL_DETECTED | ETHUSDT | SWING_LOW | price=2936.95 | direction=LONG | volume_zscore=0.00 | interval=1
2026-01-22 16:01:02 | INFO | ALERT_SENT | ETHUSDT | SWING_LOW | price=2936.95 | direction=LONG | target=http://localhost:5000/api/watchlist-alert
2026-01-22 16:03:00 | INFO | SIGNAL_DETECTED | ETHUSDT | SWING_HIGH | price=2941.20 | direction=SHORT | volume_zscore=0.00 | interval=1
2026-01-22 16:03:02 | INFO | ALERT_SENT | ETHUSDT | SWING_HIGH | price=2941.20 | direction=SHORT | target=http://localhost:5000/api/watchlist-alert
2026-01-22 16:04:00 | INFO | SIGNAL_DETECTED | BTCUSDT | SWING_LOW | price=89371.20 | direction=LONG | volume_zscore=0.00 | interval=1
2026-01-22 16:04:04 | INFO | ALERT_SENT | BTCUSDT | SWING_LOW | price=89371.20 | direction=LONG | target=http://localhost:5000/api/watchlist-alert
2026-01-22 16:06:00 | INFO | SIGNAL_DETECTED | BTCUSDT | SWING_HIGH | price=89503.10 | direction=SHORT | volume_zscore=0.00 | interval=1
2026-01-22 16:06:03 | INFO | ALERT_SENT | BTCUSDT | SWING_HIGH | price=89503.10 | direction=SHORT | target=http://localhost:5000/api/watchlist-alert
2026-01-22 16:07:05 | INFO | SIGNAL_DETECTED | ETHUSDT | SWING_LOW | price=2932.80 | direction=LONG | volume_zscore=0.00 | interval=1
2026-01-22 16:07:09 | INFO | ALERT_SENT | ETHUSDT | SWING_LOW | price=2932.80 | direction=LONG | target=http://localhost:5000/api/watchlist-alert
2026-01-22 16:09:00 | INFO | SIGNAL_DETECTED | BTCUSDT | SWING_LOW | price=89341.70 | direction=LONG | volume_zscore=0.00 | interval=1
2026-01-22 16:09:00 | INFO | BLOCKED_COOLDOWN | BTCUSDT | SWING_LOW | remaining=0s
2026-01-22 16:13:00 | INFO | SIGNAL_DETECTED | ETHUSDT | SWING_HIGH | price=2943.34 | direction=SHORT | volume_zscore=0.00 | interval=1
2026-01-22 16:13:02 | INFO | ALERT_SENT | ETHUSDT | SWING_HIGH | price=2943.34 | direction=SHORT | target=http://localhost:5000/api/watchlist-alert
2026-01-22 16:15:00 | INFO | SIGNAL_DETECTED | BTCUSDT | SWING_HIGH | price=89565.40 | direction=SHORT | volume_zscore=0.00 | interval=1
2026-01-22 16:15:03 | INFO | ALERT_SENT | BTCUSDT | SWING_HIGH | price=89565.40 | direction=SHORT | target=http://localhost:5000/api/watchlist-alert
2026-01-22 16:16:00 | INFO | SIGNAL_DETECTED | ETHUSDT | SWING_LOW | price=2939.86 | direction=LONG | volume_zscore=0.00 | interval=1
2026-01-22 16:16:02 | INFO | ALERT_SENT | ETHUSDT | SWING_LOW | price=2939.86 | direction=LONG | target=http://localhost:5000/api/watchlist-alert
2026-01-22 16:19:00 | INFO | SIGNAL_DETECTED | BTCUSDT | SWING_LOW | price=89504.30 | direction=LONG | volume_zscore=0.00 | interval=1
2026-01-22 16:19:00 | INFO | SIGNAL_DETECTED | ETHUSDT | SWING_LOW | price=2939.70 | direction=LONG | volume_zscore=0.00 | interval=1
2026-01-22 16:19:00 | INFO | BLOCKED_COOLDOWN | ETHUSDT | SWING_LOW | remaining=120s
2026-01-22 16:19:03 | INFO | ALERT_SENT | BTCUSDT | SWING_LOW | price=89504.30 | direction=LONG | target=http://localhost:5000/api/watchlist-alert
2026-01-22 16:20:00 | INFO | SIGNAL_DETECTED | ETHUSDT | SWING_HIGH | price=2946.00 | direction=SHORT | volume_zscore=0.00 | interval=1
2026-01-22 16:20:03 | INFO | ALERT_SENT | ETHUSDT | SWING_HIGH | price=2946.00 | direction=SHORT | target=http://localhost:5000/api/watchlist-alert
2026-01-22 16:22:03 | INFO | SIGNAL_DETECTED | BTCUSDT | SWING_HIGH | price=89586.80 | direction=SHORT | volume_zscore=0.00 | interval=1
2026-01-22 16:22:05 | INFO | ALERT_SENT | BTCUSDT | SWING_HIGH | price=89586.80 | direction=SHORT | target=http://localhost:5000/api/watchlist-alert
2026-01-22 16:25:00 | INFO | SIGNAL_DETECTED | ETHUSDT | SWING_HIGH | price=2948.72 | direction=SHORT | volume_zscore=0.00 | interval=1
2026-01-22 16:25:03 | INFO | ALERT_SENT | ETHUSDT | SWING_HIGH | price=2948.72 | direction=SHORT | target=http://localhost:5000/api/watchlist-alert
2026-01-22 16:27:00 | INFO | SIGNAL_DETECTED | BTCUSDT | SWING_HIGH | price=89605.40 | direction=SHORT | volume_zscore=0.00 | interval=1
2026-01-22 16:27:00 | INFO | BLOCKED_COOLDOWN | BTCUSDT | SWING_HIGH | remaining=3s
2026-01-22 16:31:00 | INFO | SIGNAL_DETECTED | ETHUSDT | SWING_HIGH | price=2949.07 | direction=SHORT | volume_zscore=0.00 | interval=1
2026-01-22 16:31:03 | INFO | ALERT_SENT | ETHUSDT | SWING_HIGH | price=2949.07 | direction=SHORT | target=http://localhost:5000/api/watchlist-alert
2026-01-22 16:34:00 | INFO | SIGNAL_DETECTED | ETHUSDT | SWING_LOW | price=2947.64 | direction=LONG | volume_zscore=0.00 | interval=1
2026-01-22 16:34:02 | INFO | ALERT_SENT | ETHUSDT | SWING_LOW | price=2947.64 | direction=LONG | target=http://localhost:5000/api/watchlist-alert
2026-01-22 16:37:00 | INFO | SIGNAL_DETECTED | BTCUSDT | SWING_LOW | price=89502.90 | direction=LONG | volume_zscore=0.00 | interval=1
2026-01-22 16:37:00 | INFO | SIGNAL_DETECTED | ETHUSDT | SWING_HIGH | price=2948.00 | direction=SHORT | volume_zscore=0.00 | interval=1
2026-01-22 16:37:03 | INFO | ALERT_SENT | BTCUSDT | SWING_LOW | price=89502.90 | direction=LONG | target=http://localhost:5000/api/watchlist-alert
2026-01-22 16:37:04 | INFO | ALERT_SENT | ETHUSDT | SWING_HIGH | price=2948.00 | direction=SHORT | target=http://localhost:5000/api/watchlist-alert
2026-01-22 16:41:00 | INFO | SIGNAL_DETECTED | ETHUSDT | SWING_HIGH | price=2948.40 | direction=SHORT | volume_zscore=0.00 | interval=1
2026-01-22 16:41:00 | INFO | BLOCKED_COOLDOWN | ETHUSDT | SWING_HIGH | remaining=60s
2026-01-22 16:44:00 | INFO | SIGNAL_DETECTED | ETHUSDT | SWING_LOW | price=2944.34 | direction=LONG | volume_zscore=0.00 | interval=1
2026-01-22 16:44:03 | INFO | ALERT_SENT | ETHUSDT | SWING_LOW | price=2944.34 | direction=LONG | target=http://localhost:5000/api/watchlist-alert
2026-01-22 16:48:00 | INFO | SIGNAL_DETECTED | ETHUSDT | SWING_LOW | price=2941.91 | direction=LONG | volume_zscore=0.00 | interval=1
2026-01-22 16:48:00 | INFO | BLOCKED_COOLDOWN | ETHUSDT | SWING_LOW | remaining=60s
2026-01-22 16:51:00 | INFO | SIGNAL_DETECTED | BTCUSDT | SWING_LOW | price=89279.90 | direction=LONG | volume_zscore=0.00 | interval=1
2026-01-22 16:51:03 | INFO | ALERT_SENT | BTCUSDT | SWING_LOW | price=89279.90 | direction=LONG | target=http://localhost:5000/api/watchlist-alert
2026-01-22 16:53:00 | INFO | SIGNAL_DETECTED | ETHUSDT | SWING_HIGH | price=2946.90 | direction=SHORT | volume_zscore=0.00 | interval=1
2026-01-22 16:53:02 | INFO | ALERT_SENT | ETHUSDT | SWING_HIGH | price=2946.90 | direction=SHORT | target=http://localhost:5000/api/watchlist-alert
2026-01-22 16:59:00 | INFO | SIGNAL_DETECTED | ETHUSDT | SWING_HIGH | price=2948.04 | direction=SHORT | volume_zscore=0.00 | interval=1
2026-01-22 16:59:03 | INFO | ALERT_SENT | ETHUSDT | SWING_HIGH | price=2948.04 | direction=SHORT | target=http://localhost:5000/api/watchlist-alert
2026-01-22 17:01:01 | INFO | SIGNAL_DETECTED | BTCUSDT | SWING_HIGH | price=89338.50 | direction=SHORT | volume_zscore=0.00 | interval=1
2026-01-22 17:01:03 | INFO | ALERT_SENT | BTCUSDT | SWING_HIGH | price=89338.50 | direction=SHORT | target=http://localhost:5000/api/watchlist-alert
2026-01-22 17:02:00 | INFO | SIGNAL_DETECTED | ETHUSDT | SWING_LOW | price=2944.76 | direction=LONG | volume_zscore=0.00 | interval=1
2026-01-22 17:02:02 | INFO | ALERT_SENT | ETHUSDT | SWING_LOW | price=2944.76 | direction=LONG | target=http://localhost:5000/api/watchlist-alert
2026-01-22 17:05:00 | INFO | SIGNAL_DETECTED | ETHUSDT | SWING_LOW | price=2943.51 | direction=LONG | volume_zscore=0.00 | interval=1
2026-01-22 17:05:00 | INFO | BLOCKED_COOLDOWN | ETHUSDT | SWING_LOW | remaining=120s
2026-01-22 17:07:00 | INFO | SIGNAL_DETECTED | BTCUSDT | SWING_LOW | price=89161.90 | direction=LONG | volume_zscore=0.00 | interval=1
2026-01-22 17:07:02 | INFO | ALERT_SENT | BTCUSDT | SWING_LOW | price=89161.90 | direction=LONG | target=http://localhost:5000/api/watchlist-alert
2026-01-22 17:09:00 | INFO | SIGNAL_DETECTED | ETHUSDT | SWING_HIGH | price=2947.24 | direction=SHORT | volume_zscore=0.00 | interval=1
2026-01-22 17:09:02 | INFO | ALERT_SENT | ETHUSDT | SWING_HIGH | price=2947.24 | direction=SHORT | target=http://localhost:5000/api/watchlist-alert
2026-01-22 17:11:00 | INFO | SIGNAL_DETECTED | ETHUSDT | SWING_LOW | price=2946.76 | direction=LONG | volume_zscore=0.00 | interval=1
2026-01-22 17:11:03 | INFO | ALERT_SENT | ETHUSDT | SWING_LOW | price=2946.76 | direction=LONG | target=http://localhost:5000/api/watchlist-alert
2026-01-22 17:12:00 | INFO | SIGNAL_DETECTED | BTCUSDT | SWING_HIGH | price=89267.80 | direction=SHORT | volume_zscore=0.00 | interval=1
2026-01-22 17:12:03 | INFO | ALERT_SENT | BTCUSDT | SWING_HIGH | price=89267.80 | direction=SHORT | target=http://localhost:5000/api/watchlist-alert
2026-01-22 17:16:00 | INFO | SIGNAL_DETECTED | ETHUSDT | SWING_HIGH | price=2954.30 | direction=SHORT | volume_zscore=0.00 | interval=1
2026-01-22 17:16:04 | INFO | ALERT_SENT | ETHUSDT | SWING_HIGH | price=2954.30 | direction=SHORT | target=http://localhost:5000/api/watchlist-alert
2026-01-22 17:18:00 | INFO | SIGNAL_DETECTED | BTCUSDT | SWING_HIGH | price=89481.90 | direction=SHORT | volume_zscore=0.00 | interval=1
2026-01-22 17:18:03 | INFO | ALERT_SENT | BTCUSDT | SWING_HIGH | price=89481.90 | direction=SHORT | target=http://localhost:5000/api/watchlist-alert
2026-01-22 17:20:00 | INFO | SIGNAL_DETECTED | ETHUSDT | SWING_LOW | price=2944.21 | direction=LONG | volume_zscore=0.00 | interval=1
2026-01-22 17:20:03 | INFO | ALERT_SENT | ETHUSDT | SWING_LOW | price=2944.21 | direction=LONG | target=http://localhost:5000/api/watchlist-alert
2026-01-22 17:29:00 | INFO | SIGNAL_DETECTED | ETHUSDT | SWING_LOW | price=2953.02 | direction=LONG | volume_zscore=0.00 | interval=1
2026-01-22 17:29:04 | INFO | ALERT_SENT | ETHUSDT | SWING_LOW | price=2953.02 | direction=LONG | target=http://localhost:5000/api/watchlist-alert
2026-01-22 17:30:00 | INFO | SIGNAL_DETECTED | ETHUSDT | SWING_HIGH | price=2955.19 | direction=SHORT | volume_zscore=0.00 | interval=1
2026-01-22 17:30:03 | INFO | ALERT_SENT | ETHUSDT | SWING_HIGH | price=2955.19 | direction=SHORT | target=http://localhost:5000/api/watchlist-alert
2026-01-22 17:32:00 | INFO | SIGNAL_DETECTED | BTCUSDT | SWING_HIGH | price=89450.00 | direction=SHORT | volume_zscore=0.00 | interval=1
2026-01-22 17:32:03 | INFO | ALERT_SENT | BTCUSDT | SWING_HIGH | price=89450.00 | direction=SHORT | target=http://localhost:5000/api/watchlist-alert
2026-01-22 17:36:00 | INFO | SIGNAL_DETECTED | ETHUSDT | SWING_LOW | price=2944.72 | direction=LONG | volume_zscore=0.00 | interval=1
2026-01-22 17:36:03 | INFO | ALERT_SENT | ETHUSDT | SWING_LOW | price=2944.72 | direction=LONG | target=http://localhost:5000/api/watchlist-alert
2026-01-22 17:39:00 | INFO | SIGNAL_DETECTED | ETHUSDT | SWING_HIGH | price=2947.20 | direction=SHORT | volume_zscore=0.00 | interval=1
2026-01-22 17:39:02 | INFO | ALERT_SENT | ETHUSDT | SWING_HIGH | price=2947.20 | direction=SHORT | target=http://localhost:5000/api/watchlist-alert
2026-01-22 17:46:00 | INFO | BLOCKED_HISTORICAL | BTCUSDT | SWING_LOW | price=89167.70 | signal_ts=1769121660 | service_start=1769121914
2026-01-22 17:50:00 | INFO | SIGNAL_DETECTED | BTCUSDT | SWING_HIGH | price=89295.00 | direction=SHORT | volume_zscore=0.00 | interval=1
2026-01-22 17:50:00 | INFO | SIGNAL_DETECTED | ETHUSDT | SWING_HIGH | price=2951.17 | direction=SHORT | volume_zscore=0.00 | interval=1
2026-01-22 17:50:03 | INFO | ALERT_SENT | BTCUSDT | SWING_HIGH | price=89295.00 | direction=SHORT | target=http://localhost:5000/api/watchlist-alert
2026-01-22 17:50:04 | INFO | ALERT_SENT | ETHUSDT | SWING_HIGH | price=2951.17 | direction=SHORT | target=http://localhost:5000/api/watchlist-alert
2026-01-22 17:56:02 | INFO | SIGNAL_DETECTED | ETHUSDT | SWING_HIGH | price=2953.38 | direction=SHORT | volume_zscore=0.00 | interval=1
2026-01-22 17:56:11 | INFO | ALERT_SENT | ETHUSDT | SWING_HIGH | price=2953.38 | direction=SHORT | target=http://localhost:5000/api/watchlist-alert
2026-01-22 17:59:05 | INFO | SIGNAL_DETECTED | BTCUSDT | SWING_HIGH | price=89332.90 | direction=SHORT | volume_zscore=0.00 | interval=1
2026-01-22 17:59:15 | INFO | ALERT_SENT | BTCUSDT | SWING_HIGH | price=89332.90 | direction=SHORT | target=http://localhost:5000/api/watchlist-alert
2026-01-22 18:00:00 | INFO | SIGNAL_DETECTED | ETHUSDT | SWING_LOW | price=2948.54 | direction=LONG | volume_zscore=0.00 | interval=1
2026-01-22 18:00:03 | INFO | ALERT_SENT | ETHUSDT | SWING_LOW | price=2948.54 | direction=LONG | target=http://localhost:5000/api/watchlist-alert
2026-01-22 18:03:01 | INFO | SIGNAL_DETECTED | ETHUSDT | SWING_HIGH | price=2945.67 | direction=SHORT | volume_zscore=0.00 | interval=1
2026-01-22 18:03:04 | INFO | ALERT_SENT | ETHUSDT | SWING_HIGH | price=2945.67 | direction=SHORT | target=http://localhost:5000/api/watchlist-alert
2026-01-22 18:05:00 | INFO | SIGNAL_DETECTED | BTCUSDT | SWING_HIGH | price=89203.40 | direction=SHORT | volume_zscore=0.00 | interval=1
2026-01-22 18:05:03 | INFO | ALERT_SENT | BTCUSDT | SWING_HIGH | price=89203.40 | direction=SHORT | target=http://localhost:5000/api/watchlist-alert
2026-01-22 18:09:01 | INFO | SIGNAL_DETECTED | ETHUSDT | SWING_LOW | price=2939.73 | direction=LONG | volume_zscore=0.00 | interval=1
2026-01-22 18:09:04 | INFO | ALERT_SENT | ETHUSDT | SWING_LOW | price=2939.73 | direction=LONG | target=http://localhost:5000/api/watchlist-alert
2026-01-22 18:11:00 | INFO | SIGNAL_DETECTED | BTCUSDT | SWING_LOW | price=89142.10 | direction=LONG | volume_zscore=0.00 | interval=1
2026-01-22 18:11:03 | INFO | ALERT_SENT | BTCUSDT | SWING_LOW | price=89142.10 | direction=LONG | target=http://localhost:5000/api/watchlist-alert
2026-01-22 18:12:01 | INFO | SIGNAL_DETECTED | ETHUSDT | SWING_HIGH | price=2945.65 | direction=SHORT | volume_zscore=0.00 | interval=1
2026-01-22 18:12:02 | INFO | ALERT_SENT | ETHUSDT | SWING_HIGH | price=2945.65 | direction=SHORT | target=http://localhost:5000/api/watchlist-alert
2026-01-22 18:21:01 | INFO | SIGNAL_DETECTED | ETHUSDT | SWING_HIGH | price=2949.21 | direction=SHORT | volume_zscore=0.00 | interval=1
2026-01-22 18:21:04 | INFO | ALERT_SENT | ETHUSDT | SWING_HIGH | price=2949.21 | direction=SHORT | target=http://localhost:5000/api/watchlist-alert
2026-01-22 18:25:01 | INFO | SIGNAL_DETECTED | ETHUSDT | SWING_HIGH | price=2947.76 | direction=SHORT | volume_zscore=0.00 | interval=1
2026-01-22 18:25:01 | INFO | BLOCKED_COOLDOWN | ETHUSDT | SWING_HIGH | remaining=60s
2026-01-22 18:29:01 | INFO | SIGNAL_DETECTED | ETHUSDT | SWING_HIGH | price=2952.04 | direction=SHORT | volume_zscore=0.00 | interval=1
2026-01-22 18:29:04 | INFO | ALERT_SENT | ETHUSDT | SWING_HIGH | price=2952.04 | direction=SHORT | target=http://localhost:5000/api/watchlist-alert
2026-01-22 18:31:00 | INFO | SIGNAL_DETECTED | BTCUSDT | SWING_HIGH | price=89453.90 | direction=SHORT | volume_zscore=0.00 | interval=1
2026-01-22 18:31:01 | INFO | SIGNAL_DETECTED | ETHUSDT | SWING_LOW | price=2948.10 | direction=LONG | volume_zscore=0.00 | interval=1
2026-01-22 18:31:03 | INFO | ALERT_SENT | BTCUSDT | SWING_HIGH | price=89453.90 | direction=SHORT | target=http://localhost:5000/api/watchlist-alert
2026-01-22 18:31:03 | INFO | ALERT_SENT | ETHUSDT | SWING_LOW | price=2948.10 | direction=LONG | target=http://localhost:5000/api/watchlist-alert
2026-01-22 18:35:00 | INFO | SIGNAL_DETECTED | BTCUSDT | SWING_LOW | price=89362.30 | direction=LONG | volume_zscore=0.00 | interval=1
2026-01-22 18:35:00 | INFO | SIGNAL_DETECTED | ETHUSDT | SWING_LOW | price=2948.30 | direction=LONG | volume_zscore=0.00 | interval=1
2026-01-22 18:35:00 | INFO | BLOCKED_COOLDOWN | ETHUSDT | SWING_LOW | remaining=60s
2026-01-22 18:35:04 | INFO | ALERT_SENT | BTCUSDT | SWING_LOW | price=89362.30 | direction=LONG | target=http://localhost:5000/api/watchlist-alert
2026-01-22 18:37:01 | INFO | SIGNAL_DETECTED | ETHUSDT | SWING_HIGH | price=2953.94 | direction=SHORT | volume_zscore=0.00 | interval=1
2026-01-22 18:37:03 | INFO | ALERT_SENT | ETHUSDT | SWING_HIGH | price=2953.94 | direction=SHORT | target=http://localhost:5000/api/watchlist-alert
2026-01-22 18:39:00 | INFO | SIGNAL_DETECTED | BTCUSDT | SWING_HIGH | price=89530.00 | direction=SHORT | volume_zscore=0.00 | interval=1
2026-01-22 18:39:02 | INFO | ALERT_SENT | BTCUSDT | SWING_HIGH | price=89530.00 | direction=SHORT | target=http://localhost:5000/api/watchlist-alert
2026-01-22 18:45:00 | INFO | SIGNAL_DETECTED | ETHUSDT | SWING_LOW | price=2947.97 | direction=LONG | volume_zscore=0.00 | interval=1
2026-01-22 18:45:03 | INFO | ALERT_SENT | ETHUSDT | SWING_LOW | price=2947.97 | direction=LONG | target=http://localhost:5000/api/watchlist-alert
2026-01-22 18:47:01 | INFO | SIGNAL_DETECTED | BTCUSDT | SWING_LOW | price=89451.30 | direction=LONG | volume_zscore=0.00 | interval=1
2026-01-22 18:47:03 | INFO | ALERT_SENT | BTCUSDT | SWING_LOW | price=89451.30 | direction=LONG | target=http://localhost:5000/api/watchlist-alert
2026-01-22 18:49:00 | INFO | SIGNAL_DETECTED | ETHUSDT | SWING_HIGH | price=2949.39 | direction=SHORT | volume_zscore=0.00 | interval=1
2026-01-22 18:49:02 | INFO | ALERT_SENT | ETHUSDT | SWING_HIGH | price=2949.39 | direction=SHORT | target=http://localhost:5000/api/watchlist-alert
2026-01-22 18:54:00 | INFO | SIGNAL_DETECTED | ETHUSDT | SWING_HIGH | price=2948.81 | direction=SHORT | volume_zscore=0.00 | interval=1
2026-01-22 18:54:03 | INFO | ALERT_SENT | ETHUSDT | SWING_HIGH | price=2948.81 | direction=SHORT | target=http://localhost:5000/api/watchlist-alert
2026-01-22 18:55:00 | INFO | SIGNAL_DETECTED | ETHUSDT | SWING_LOW | price=2949.70 | direction=LONG | volume_zscore=0.00 | interval=1
2026-01-22 18:55:03 | INFO | ALERT_SENT | ETHUSDT | SWING_LOW | price=2949.70 | direction=LONG | target=http://localhost:5000/api/watchlist-alert
2026-01-22 18:56:00 | INFO | SIGNAL_DETECTED | BTCUSDT | SWING_HIGH | price=89462.00 | direction=SHORT | volume_zscore=0.00 | interval=1
2026-01-22 18:56:02 | INFO | ALERT_SENT | BTCUSDT | SWING_HIGH | price=89462.00 | direction=SHORT | target=http://localhost:5000/api/watchlist-alert
2026-01-22 19:00:00 | INFO | SIGNAL_DETECTED | BTCUSDT | SWING_LOW | price=89491.50 | direction=LONG | volume_zscore=0.00 | interval=1
2026-01-22 19:00:00 | INFO | SIGNAL_DETECTED | ETHUSDT | SWING_HIGH | price=2951.45 | direction=SHORT | volume_zscore=0.00 | interval=1
2026-01-22 19:00:04 | INFO | ALERT_SENT | BTCUSDT | SWING_LOW | price=89491.50 | direction=LONG | target=http://localhost:5000/api/watchlist-alert
2026-01-22 19:00:05 | INFO | ALERT_SENT | ETHUSDT | SWING_HIGH | price=2951.45 | direction=SHORT | target=http://localhost:5000/api/watchlist-alert
2026-01-22 19:04:00 | INFO | SIGNAL_DETECTED | ETHUSDT | SWING_HIGH | price=2951.93 | direction=SHORT | volume_zscore=0.00 | interval=1
2026-01-22 19:04:00 | INFO | BLOCKED_COOLDOWN | ETHUSDT | SWING_HIGH | remaining=60s
2026-01-22 19:05:00 | INFO | SIGNAL_DETECTED | BTCUSDT | SWING_HIGH | price=89492.80 | direction=SHORT | volume_zscore=0.00 | interval=1
2026-01-22 19:05:03 | INFO | ALERT_SENT | BTCUSDT | SWING_HIGH | price=89492.80 | direction=SHORT | target=http://localhost:5000/api/watchlist-alert
2026-01-22 19:10:00 | INFO | SIGNAL_DETECTED | ETHUSDT | SWING_LOW | price=2948.10 | direction=LONG | volume_zscore=0.00 | interval=1
2026-01-22 19:10:03 | INFO | ALERT_SENT | ETHUSDT | SWING_LOW | price=2948.10 | direction=LONG | target=http://localhost:5000/api/watchlist-alert
2026-01-22 19:12:00 | INFO | SIGNAL_DETECTED | BTCUSDT | SWING_LOW | price=89412.00 | direction=LONG | volume_zscore=0.00 | interval=1
2026-01-22 19:12:03 | INFO | ALERT_SENT | BTCUSDT | SWING_LOW | price=89412.00 | direction=LONG | target=http://localhost:5000/api/watchlist-alert
2026-01-22 19:14:00 | INFO | SIGNAL_DETECTED | ETHUSDT | SWING_HIGH | price=2952.69 | direction=SHORT | volume_zscore=0.00 | interval=1
2026-01-22 19:14:02 | INFO | ALERT_SENT | ETHUSDT | SWING_HIGH | price=2952.69 | direction=SHORT | target=http://localhost:5000/api/watchlist-alert
2026-01-22 19:15:00 | INFO | SIGNAL_DETECTED | BTCUSDT | SWING_HIGH | price=89515.70 | direction=SHORT | volume_zscore=0.00 | interval=1
2026-01-22 19:15:02 | INFO | ALERT_SENT | BTCUSDT | SWING_HIGH | price=89515.70 | direction=SHORT | target=http://localhost:5000/api/watchlist-alert
2026-01-22 19:16:00 | INFO | SIGNAL_DETECTED | ETHUSDT | SWING_LOW | price=2951.39 | direction=LONG | volume_zscore=0.00 | interval=1
2026-01-22 19:16:03 | INFO | ALERT_SENT | ETHUSDT | SWING_LOW | price=2951.39 | direction=LONG | target=http://localhost:5000/api/watchlist-alert
2026-01-22 19:21:00 | INFO | SIGNAL_DETECTED | ETHUSDT | SWING_HIGH | price=2953.76 | direction=SHORT | volume_zscore=0.00 | interval=1
2026-01-22 19:21:03 | INFO | ALERT_SENT | ETHUSDT | SWING_HIGH | price=2953.76 | direction=SHORT | target=http://localhost:5000/api/watchlist-alert
2026-01-22 19:22:01 | INFO | SIGNAL_DETECTED | ETHUSDT | SWING_LOW | price=2953.48 | direction=LONG | volume_zscore=0.00 | interval=1
2026-01-22 19:22:02 | INFO | ALERT_SENT | ETHUSDT | SWING_LOW | price=2953.48 | direction=LONG | target=http://localhost:5000/api/watchlist-alert
2026-01-22 19:26:01 | INFO | SIGNAL_DETECTED | ETHUSDT | SWING_HIGH | price=2951.46 | direction=SHORT | volume_zscore=0.00 | interval=1
2026-01-22 19:26:03 | INFO | ALERT_SENT | ETHUSDT | SWING_HIGH | price=2951.46 | direction=SHORT | target=http://localhost:5000/api/watchlist-alert
2026-01-22 19:41:04 | INFO | BLOCKED_HISTORICAL | BTCUSDT | SWING_LOW | price=89524.60 | signal_ts=1769128560 | service_start=1769128753
2026-01-22 19:41:07 | INFO | BLOCKED_HISTORICAL | TRXUSDT | SWING_LOW | price=0.31 | signal_ts=1769128680 | service_start=1769128753
2026-01-22 19:41:07 | INFO | BLOCKED_HISTORICAL | PAXGUSDT | SWING_HIGH | price=4974.60 | signal_ts=1769128680 | service_start=1769128753
2026-01-22 19:42:06 | INFO | SIGNAL_DETECTED | ETHUSDT | SWING_HIGH | price=2947.80 | direction=SHORT | volume_zscore=0.00 | interval=1
2026-01-22 19:42:08 | INFO | SIGNAL_DETECTED | SUIUSDT | SWING_HIGH | price=1.49 | direction=SHORT | volume_zscore=0.00 | interval=1
2026-01-22 19:42:10 | INFO | ALERT_SENT | SUIUSDT | SWING_HIGH | price=1.49 | direction=SHORT | target=http://localhost:5000/api/watchlist-alert
2026-01-22 19:42:24 | ERROR | ALERT_TIMEOUT | ETHUSDT | Trading Bot not responding | url=http://localhost:5000/api/watchlist-alert
2026-01-22 22:14:00 | INFO | BLOCKED_HISTORICAL | ADAUSDT | SWING_HIGH | price=0.36 | signal_ts=1769137860 | service_start=1769138007
2026-01-22 22:14:01 | INFO | BLOCKED_HISTORICAL | DOGEUSDT | SWING_HIGH | price=0.13 | signal_ts=1769137860 | service_start=1769138007
2026-01-22 22:14:01 | INFO | BLOCKED_HISTORICAL | TRBUSDT | SWING_HIGH | price=20.25 | signal_ts=1769137860 | service_start=1769138007
2026-01-22 22:15:01 | INFO | BLOCKED_HISTORICAL | ETHUSDT | SWING_LOW | price=2956.79 | signal_ts=1769137920 | service_start=1769138007
2026-01-22 22:16:01 | INFO | SIGNAL_DETECTED | TRBUSDT | SWING_LOW | price=20.24 | direction=LONG | volume_zscore=0.00 | interval=1
2026-01-22 22:16:01 | INFO | SIGNAL_DETECTED | TRXUSDT | SWING_HIGH | price=0.31 | direction=SHORT | volume_zscore=0.00 | interval=1
2026-01-22 22:16:03 | ERROR | ALERT_ERROR | TRBUSDT | All connection attempts failed
2026-01-22 22:16:03 | ERROR | ALERT_ERROR | TRXUSDT | All connection attempts failed
2026-01-22 22:17:01 | INFO | SIGNAL_DETECTED | GALAUSDT | SWING_LOW | price=0.01 | direction=LONG | volume_zscore=0.00 | interval=1
2026-01-22 22:17:01 | INFO | SIGNAL_DETECTED | POLUSDT | SWING_LOW | price=0.13 | direction=LONG | volume_zscore=0.00 | interval=1
2026-01-22 22:17:01 | INFO | BLOCKED_ALERTS_DISABLED | POLUSDT | SWING_LOW | price=0.13
2026-01-22 22:17:03 | ERROR | ALERT_ERROR | GALAUSDT | All connection attempts failed
2026-01-22 22:21:01 | INFO | BLOCKED_HISTORICAL | ETHUSDT | SWING_HIGH | price=2960.21 | signal_ts=1769138280 | service_start=1769138354
2026-01-22 22:21:01 | INFO | BLOCKED_HISTORICAL | XRPUSDT | SWING_HIGH | price=1.92 | signal_ts=1769138280 | service_start=1769138354
2026-01-22 22:21:01 | INFO | BLOCKED_HISTORICAL | SOLUSDT | SWING_HIGH | price=128.47 | signal_ts=1769138280 | service_start=1769138354
2026-01-22 22:21:01 | INFO | BLOCKED_HISTORICAL | BNBUSDT | SWING_HIGH | price=890.80 | signal_ts=1769138280 | service_start=1769138354
2026-01-22 22:22:01 | INFO | SIGNAL_DETECTED | ETHUSDT | SWING_LOW | price=2961.14 | direction=LONG | volume_zscore=0.00 | interval=1
2026-01-22 22:22:01 | INFO | SIGNAL_DETECTED | SOLUSDT | SWING_LOW | price=128.53 | direction=LONG | volume_zscore=0.00 | interval=1
2026-01-22 22:22:03 | ERROR | ALERT_ERROR | ETHUSDT | All connection attempts failed
2026-01-22 22:22:03 | ERROR | ALERT_ERROR | SOLUSDT | All connection attempts failed
2026-01-22 22:23:01 | INFO | BLOCKED_HISTORICAL | BTCUSDT | SWING_HIGH | price=89814.20 | signal_ts=1769138280 | service_start=1769138354
2026-01-22 22:23:01 | INFO | SIGNAL_DETECTED | TRBUSDT | SWING_HIGH | price=20.30 | direction=SHORT | volume_zscore=0.00 | interval=1
2026-01-22 22:23:01 | INFO | SIGNAL_DETECTED | PAXGUSDT | SWING_LOW | price=4956.50 | direction=LONG | volume_zscore=0.00 | interval=1
2026-01-22 22:23:01 | INFO | SIGNAL_DETECTED | POLUSDT | SWING_HIGH | price=0.13 | direction=SHORT | volume_zscore=0.00 | interval=1
2026-01-22 22:23:01 | INFO | BLOCKED_ALERTS_DISABLED | POLUSDT | SWING_HIGH | price=0.13
2026-01-22 22:23:03 | ERROR | ALERT_ERROR | TRBUSDT | All connection attempts failed
2026-01-22 22:23:04 | ERROR | ALERT_ERROR | PAXGUSDT | All connection attempts failed
2026-01-22 22:24:01 | INFO | SIGNAL_DETECTED | SUIUSDT | SWING_HIGH | price=1.51 | direction=SHORT | volume_zscore=0.00 | interval=1
2026-01-22 22:24:04 | ERROR | ALERT_ERROR | SUIUSDT | All connection attempts failed
2026-01-22 22:25:01 | INFO | SIGNAL_DETECTED | TRXUSDT | SWING_HIGH | price=0.31 | direction=SHORT | volume_zscore=0.00 | interval=1
2026-01-22 22:25:03 | ERROR | ALERT_ERROR | TRXUSDT | All connection attempts failed
2026-01-22 22:26:01 | INFO | SIGNAL_DETECTED | ETHUSDT | SWING_HIGH | price=2963.41 | direction=SHORT | volume_zscore=0.00 | interval=1
2026-01-22 22:26:03 | ERROR | ALERT_ERROR | ETHUSDT | All connection attempts failed
2026-01-22 22:27:01 | INFO | SIGNAL_DETECTED | TRXUSDT | SWING_LOW | price=0.31 | direction=LONG | volume_zscore=0.00 | interval=1
2026-01-22 22:27:01 | INFO | SIGNAL_DETECTED | POLUSDT | SWING_LOW | price=0.13 | direction=LONG | volume_zscore=0.00 | interval=1
2026-01-22 22:27:01 | INFO | BLOCKED_ALERTS_DISABLED | POLUSDT | SWING_LOW | price=0.13
2026-01-22 22:27:03 | ERROR | ALERT_ERROR | TRXUSDT | All connection attempts failed
2026-01-22 22:28:01 | INFO | SIGNAL_DETECTED | PAXGUSDT | SWING_HIGH | price=4955.50 | direction=SHORT | volume_zscore=0.00 | interval=1
2026-01-22 22:28:04 | ERROR | ALERT_ERROR | PAXGUSDT | All connection attempts failed
2026-01-22 22:29:01 | INFO | SIGNAL_DETECTED | TRXUSDT | SWING_HIGH | price=0.31 | direction=SHORT | volume_zscore=0.00 | interval=1
2026-01-22 22:29:01 | INFO | SIGNAL_DETECTED | PAXGUSDT | SWING_LOW | price=4956.80 | direction=LONG | volume_zscore=0.00 | interval=1
2026-01-22 22:29:03 | ERROR | ALERT_ERROR | TRXUSDT | All connection attempts failed
2026-01-22 22:29:04 | ERROR | ALERT_ERROR | PAXGUSDT | All connection attempts failed
2026-01-22 22:30:01 | INFO | SIGNAL_DETECTED | DOGEUSDT | SWING_HIGH | price=0.13 | direction=SHORT | volume_zscore=0.00 | interval=1
2026-01-22 22:30:01 | INFO | SIGNAL_DETECTED | ETHUSDT | SWING_HIGH | price=2963.92 | direction=SHORT | volume_zscore=0.00 | interval=1
2026-01-22 22:30:01 | INFO | SIGNAL_DETECTED | SOLUSDT | SWING_HIGH | price=128.67 | direction=SHORT | volume_zscore=0.00 | interval=1
2026-01-22 22:30:01 | INFO | SIGNAL_DETECTED | SUIUSDT | SWING_HIGH | price=1.51 | direction=SHORT | volume_zscore=0.00 | interval=1
2026-01-22 22:30:01 | INFO | SIGNAL_DETECTED | BNBUSDT | SWING_HIGH | price=891.70 | direction=SHORT | volume_zscore=0.00 | interval=1
2026-01-22 22:30:03 | ERROR | ALERT_ERROR | DOGEUSDT | All connection attempts failed
2026-01-22 22:30:03 | ERROR | ALERT_ERROR | ETHUSDT | All connection attempts failed
2026-01-22 22:30:03 | ERROR | ALERT_ERROR | SOLUSDT | All connection attempts failed
2026-01-22 22:30:04 | ERROR | ALERT_ERROR | BNBUSDT | All connection attempts failed
2026-01-22 22:30:04 | ERROR | ALERT_ERROR | SUIUSDT | All connection attempts failed
2026-01-22 22:33:00 | INFO | SIGNAL_DETECTED | ADAUSDT | SWING_HIGH | price=0.36 | direction=SHORT | volume_zscore=0.00 | interval=1
2026-01-22 22:33:01 | INFO | SIGNAL_DETECTED | DOGEUSDT | SWING_HIGH | price=0.13 | direction=SHORT | volume_zscore=0.00 | interval=1
2026-01-22 22:33:01 | INFO | SIGNAL_DETECTED | PAXGUSDT | SWING_LOW | price=4959.10 | direction=LONG | volume_zscore=0.00 | interval=1
2026-01-22 22:33:01 | INFO | SIGNAL_DETECTED | POLUSDT | SWING_HIGH | price=0.13 | direction=SHORT | volume_zscore=0.00 | interval=1
2026-01-22 22:33:01 | INFO | BLOCKED_ALERTS_DISABLED | POLUSDT | SWING_HIGH | price=0.13
2026-01-22 22:33:03 | ERROR | ALERT_ERROR | ADAUSDT | All connection attempts failed
2026-01-22 22:33:03 | ERROR | ALERT_ERROR | DOGEUSDT | All connection attempts failed
2026-01-22 22:33:04 | ERROR | ALERT_ERROR | PAXGUSDT | All connection attempts failed
2026-01-22 22:34:01 | INFO | SIGNAL_DETECTED | XRPUSDT | SWING_LOW | price=1.91 | direction=LONG | volume_zscore=10.08 | interval=1
2026-01-22 22:34:01 | INFO | SIGNAL_DETECTED | TRBUSDT | SWING_HIGH | price=20.38 | direction=SHORT | volume_zscore=0.00 | interval=1
2026-01-22 22:34:03 | ERROR | ALERT_ERROR | XRPUSDT | All connection attempts failed
2026-01-22 22:34:03 | ERROR | ALERT_ERROR | TRBUSDT | All connection attempts failed
2026-01-22 22:35:01 | INFO | SIGNAL_DETECTED | BTCUSDT | SWING_HIGH | price=89842.70 | direction=SHORT | volume_zscore=0.00 | interval=1
2026-01-22 22:35:03 | ERROR | ALERT_ERROR | BTCUSDT | All connection attempts failed
2026-01-22 22:38:01 | INFO | SIGNAL_DETECTED | TRXUSDT | SWING_HIGH | price=0.31 | direction=SHORT | volume_zscore=0.00 | interval=1
2026-01-22 22:38:03 | ERROR | ALERT_ERROR | TRXUSDT | All connection attempts failed
2026-01-22 22:40:01 | INFO | SIGNAL_DETECTED | DOGEUSDT | SWING_LOW | price=0.13 | direction=LONG | volume_zscore=0.00 | interval=1
2026-01-22 22:40:01 | INFO | SIGNAL_DETECTED | ETHUSDT | SWING_LOW | price=2957.10 | direction=LONG | volume_zscore=0.00 | interval=1
2026-01-22 22:40:01 | INFO | SIGNAL_DETECTED | TRBUSDT | SWING_LOW | price=20.32 | direction=LONG | volume_zscore=0.00 | interval=1
2026-01-22 22:40:01 | INFO | SIGNAL_DETECTED | SOLUSDT | SWING_LOW | price=128.37 | direction=LONG | volume_zscore=0.00 | interval=1
2026-01-22 22:40:01 | INFO | SIGNAL_DETECTED | SUIUSDT | SWING_LOW | price=1.51 | direction=LONG | volume_zscore=0.00 | interval=1
2026-01-22 22:40:01 | INFO | SIGNAL_DETECTED | POLUSDT | SWING_LOW | price=0.13 | direction=LONG | volume_zscore=0.00 | interval=1
2026-01-22 22:40:01 | INFO | BLOCKED_ALERTS_DISABLED | POLUSDT | SWING_LOW | price=0.13
2026-01-22 22:40:03 | ERROR | ALERT_ERROR | DOGEUSDT | All connection attempts failed
2026-01-22 22:40:03 | ERROR | ALERT_ERROR | ETHUSDT | All connection attempts failed
2026-01-22 22:40:03 | ERROR | ALERT_ERROR | TRBUSDT | All connection attempts failed
2026-01-22 22:40:03 | ERROR | ALERT_ERROR | SOLUSDT | All connection attempts failed
2026-01-22 22:40:04 | ERROR | ALERT_ERROR | SUIUSDT | All connection attempts failed
2026-01-22 22:41:01 | INFO | SIGNAL_DETECTED | PAXGUSDT | SWING_HIGH | price=4965.30 | direction=SHORT | volume_zscore=0.00 | interval=1
2026-01-22 22:41:04 | ERROR | ALERT_ERROR | PAXGUSDT | All connection attempts failed
2026-01-22 22:42:01 | INFO | SIGNAL_DETECTED | BTCUSDT | SWING_LOW | price=89786.10 | direction=LONG | volume_zscore=0.00 | interval=1
2026-01-22 22:42:01 | INFO | SIGNAL_DETECTED | GALAUSDT | SWING_LOW | price=0.01 | direction=LONG | volume_zscore=0.00 | interval=1
2026-01-22 22:42:02 | INFO | SIGNAL_DETECTED | PAXGUSDT | SWING_LOW | price=4965.30 | direction=LONG | volume_zscore=0.00 | interval=1
2026-01-22 22:42:03 | ERROR | ALERT_ERROR | BTCUSDT | All connection attempts failed
2026-01-22 22:42:03 | ERROR | ALERT_ERROR | GALAUSDT | All connection attempts failed
2026-01-22 22:42:04 | ERROR | ALERT_ERROR | PAXGUSDT | All connection attempts failed
2026-01-22 22:45:01 | INFO | SIGNAL_DETECTED | ETHUSDT | SWING_HIGH | price=2961.83 | direction=SHORT | volume_zscore=0.00 | interval=1
2026-01-22 22:45:01 | INFO | SIGNAL_DETECTED | GALAUSDT | SWING_LOW | price=0.01 | direction=LONG | volume_zscore=0.00 | interval=1
2026-01-22 22:45:01 | INFO | SIGNAL_DETECTED | SUIUSDT | SWING_HIGH | price=1.51 | direction=SHORT | volume_zscore=0.00 | interval=1
2026-01-22 22:45:03 | ERROR | ALERT_ERROR | ETHUSDT | All connection attempts failed
2026-01-22 22:45:03 | ERROR | ALERT_ERROR | GALAUSDT | All connection attempts failed
2026-01-22 22:45:04 | ERROR | ALERT_ERROR | SUIUSDT | All connection attempts failed
2026-01-22 22:46:01 | INFO | SIGNAL_DETECTED | DOGEUSDT | SWING_LOW | price=0.13 | direction=LONG | volume_zscore=0.00 | interval=1
2026-01-22 22:46:01 | INFO | SIGNAL_DETECTED | ETHUSDT | SWING_LOW | price=2959.90 | direction=LONG | volume_zscore=0.00 | interval=1
2026-01-22 22:46:01 | INFO | SIGNAL_DETECTED | TRXUSDT | SWING_LOW | price=0.31 | direction=LONG | volume_zscore=0.00 | interval=1
2026-01-22 22:46:03 | ERROR | ALERT_ERROR | DOGEUSDT | All connection attempts failed
2026-01-22 22:46:03 | ERROR | ALERT_ERROR | ETHUSDT | All connection attempts failed
2026-01-22 22:46:03 | ERROR | ALERT_ERROR | TRXUSDT | All connection attempts failed
2026-01-22 22:47:00 | INFO | SIGNAL_DETECTED | ADAUSDT | SWING_HIGH | price=0.36 | direction=SHORT | volume_zscore=0.00 | interval=1
2026-01-22 22:47:01 | INFO | SIGNAL_DETECTED | BTCUSDT | SWING_HIGH | price=89852.40 | direction=SHORT | volume_zscore=0.00 | interval=1
2026-01-22 22:47:01 | INFO | SIGNAL_DETECTED | TRBUSDT | SWING_HIGH | price=20.35 | direction=SHORT | volume_zscore=0.00 | interval=1
2026-01-22 22:47:01 | INFO | SIGNAL_DETECTED | SOLUSDT | SWING_HIGH | price=128.60 | direction=SHORT | volume_zscore=0.00 | interval=1
2026-01-22 22:47:01 | INFO | SIGNAL_DETECTED | PAXGUSDT | SWING_LOW | price=4962.70 | direction=LONG | volume_zscore=0.00 | interval=1
2026-01-22 22:47:03 | ERROR | ALERT_ERROR | ADAUSDT | All connection attempts failed
2026-01-22 22:47:03 | ERROR | ALERT_ERROR | BTCUSDT | All connection attempts failed
2026-01-22 22:47:03 | ERROR | ALERT_ERROR | TRBUSDT | All connection attempts failed
2026-01-22 22:47:04 | ERROR | ALERT_ERROR | PAXGUSDT | All connection attempts failed
2026-01-22 22:47:04 | ERROR | ALERT_ERROR | SOLUSDT | All connection attempts failed
2026-01-22 22:48:01 | INFO | SIGNAL_DETECTED | POLUSDT | SWING_HIGH | price=0.13 | direction=SHORT | volume_zscore=0.00 | interval=1
2026-01-22 22:48:01 | INFO | BLOCKED_ALERTS_DISABLED | POLUSDT | SWING_HIGH | price=0.13
2026-01-22 22:50:00 | INFO | SIGNAL_DETECTED | ADAUSDT | SWING_LOW | price=0.36 | direction=LONG | volume_zscore=0.00 | interval=1
2026-01-22 22:50:01 | INFO | SIGNAL_DETECTED | DOGEUSDT | SWING_LOW | price=0.13 | direction=LONG | volume_zscore=0.00 | interval=1
2026-01-22 22:50:01 | INFO | SIGNAL_DETECTED | ETHUSDT | SWING_LOW | price=2961.25 | direction=LONG | volume_zscore=0.00 | interval=1
2026-01-22 22:50:01 | INFO | SIGNAL_DETECTED | TRBUSDT | SWING_LOW | price=20.30 | direction=LONG | volume_zscore=0.00 | interval=1
2026-01-22 22:50:01 | INFO | SIGNAL_DETECTED | SOLUSDT | SWING_LOW | price=128.62 | direction=LONG | volume_zscore=0.00 | interval=1
2026-01-22 22:50:01 | INFO | SIGNAL_DETECTED | SUIUSDT | SWING_LOW | price=1.51 | direction=LONG | volume_zscore=0.00 | interval=1
2026-01-22 22:50:03 | ERROR | ALERT_ERROR | ADAUSDT | All connection attempts failed
2026-01-22 22:50:03 | ERROR | ALERT_ERROR | DOGEUSDT | All connection attempts failed
2026-01-22 22:50:03 | ERROR | ALERT_ERROR | ETHUSDT | All connection attempts failed
2026-01-22 22:50:03 | ERROR | ALERT_ERROR | TRBUSDT | All connection attempts failed
2026-01-22 22:50:04 | ERROR | ALERT_ERROR | SOLUSDT | All connection attempts failed
2026-01-22 22:50:04 | ERROR | ALERT_ERROR | SUIUSDT | All connection attempts failed
2026-01-22 22:51:01 | INFO | SIGNAL_DETECTED | SOLUSDT | SWING_HIGH | price=128.62 | direction=SHORT | volume_zscore=0.00 | interval=1
2026-01-22 22:51:03 | ERROR | ALERT_ERROR | SOLUSDT | All connection attempts failed
2026-01-22 22:52:01 | INFO | SIGNAL_DETECTED | BTCUSDT | SWING_LOW | price=89878.50 | direction=LONG | volume_zscore=0.00 | interval=1
2026-01-22 22:52:03 | ERROR | ALERT_ERROR | BTCUSDT | All connection attempts failed
2026-01-22 22:53:01 | INFO | SIGNAL_DETECTED | TRBUSDT | SWING_HIGH | price=20.32 | direction=SHORT | volume_zscore=0.00 | interval=1
2026-01-22 22:53:01 | INFO | SIGNAL_DETECTED | BNBUSDT | SWING_HIGH | price=890.60 | direction=SHORT | volume_zscore=0.00 | interval=1
2026-01-22 22:53:03 | ERROR | ALERT_ERROR | TRBUSDT | All connection attempts failed
2026-01-22 22:53:04 | ERROR | ALERT_ERROR | BNBUSDT | All connection attempts failed
2026-01-22 22:54:01 | INFO | SIGNAL_DETECTED | DOGEUSDT | SWING_HIGH | price=0.13 | direction=SHORT | volume_zscore=0.00 | interval=1
2026-01-22 22:54:01 | INFO | SIGNAL_DETECTED | ETHUSDT | SWING_HIGH | price=2961.77 | direction=SHORT | volume_zscore=0.00 | interval=1
2026-01-22 22:54:01 | INFO | SIGNAL_DETECTED | GALAUSDT | SWING_LOW | price=0.01 | direction=LONG | volume_zscore=0.00 | interval=1
2026-01-22 22:54:01 | INFO | SIGNAL_DETECTED | SUIUSDT | SWING_HIGH | price=1.51 | direction=SHORT | volume_zscore=0.00 | interval=1
2026-01-22 22:54:03 | ERROR | ALERT_ERROR | DOGEUSDT | All connection attempts failed
2026-01-22 22:54:03 | ERROR | ALERT_ERROR | ETHUSDT | All connection attempts failed
2026-01-22 22:54:03 | ERROR | ALERT_ERROR | GALAUSDT | All connection attempts failed
2026-01-22 22:54:04 | ERROR | ALERT_ERROR | SUIUSDT | All connection attempts failed
2026-01-22 22:55:01 | INFO | SIGNAL_DETECTED | TRXUSDT | SWING_LOW | price=0.31 | direction=LONG | volume_zscore=0.00 | interval=1
2026-01-22 22:55:03 | ERROR | ALERT_ERROR | TRXUSDT | All connection attempts failed
2026-01-22 22:56:01 | INFO | SIGNAL_DETECTED | BTCUSDT | SWING_HIGH | price=89867.90 | direction=SHORT | volume_zscore=0.00 | interval=1
2026-01-22 22:56:03 | ERROR | ALERT_ERROR | BTCUSDT | All connection attempts failed
2026-01-22 22:57:01 | INFO | SIGNAL_DETECTED | DOGEUSDT | SWING_HIGH | price=0.13 | direction=SHORT | volume_zscore=0.00 | interval=1
2026-01-22 22:57:01 | INFO | SIGNAL_DETECTED | SOLUSDT | SWING_HIGH | price=128.68 | direction=SHORT | volume_zscore=0.00 | interval=1
2026-01-22 22:57:01 | INFO | SIGNAL_DETECTED | PAXGUSDT | SWING_LOW | price=4964.00 | direction=LONG | volume_zscore=0.00 | interval=1
2026-01-22 22:57:03 | ERROR | ALERT_ERROR | DOGEUSDT | All connection attempts failed
2026-01-22 22:57:04 | ERROR | ALERT_ERROR | SOLUSDT | All connection attempts failed
2026-01-22 22:57:04 | ERROR | ALERT_ERROR | PAXGUSDT | All connection attempts failed
2026-01-22 22:58:01 | INFO | SIGNAL_DETECTED | TRBUSDT | SWING_HIGH | price=20.32 | direction=SHORT | volume_zscore=0.00 | interval=1
2026-01-22 22:58:01 | INFO | SIGNAL_DETECTED | SUIUSDT | SWING_LOW | price=1.50 | direction=LONG | volume_zscore=0.00 | interval=1
2026-01-22 22:58:01 | INFO | SIGNAL_DETECTED | BNBUSDT | SWING_LOW | price=890.80 | direction=LONG | volume_zscore=0.00 | interval=1
2026-01-22 22:58:01 | INFO | SIGNAL_DETECTED | POLUSDT | SWING_LOW | price=0.13 | direction=LONG | volume_zscore=0.00 | interval=1
2026-01-22 22:58:01 | INFO | BLOCKED_ALERTS_DISABLED | POLUSDT | SWING_LOW | price=0.13
2026-01-22 22:58:03 | ERROR | ALERT_ERROR | TRBUSDT | All connection attempts failed
2026-01-22 22:58:04 | ERROR | ALERT_ERROR | BNBUSDT | All connection attempts failed
2026-01-22 22:58:04 | ERROR | ALERT_ERROR | SUIUSDT | All connection attempts failed
2026-01-22 22:59:00 | INFO | SIGNAL_DETECTED | ADAUSDT | SWING_LOW | price=0.36 | direction=LONG | volume_zscore=0.00 | interval=1
2026-01-22 22:59:01 | INFO | SIGNAL_DETECTED | DOGEUSDT | SWING_LOW | price=0.13 | direction=LONG | volume_zscore=0.00 | interval=1
2026-01-22 22:59:01 | INFO | SIGNAL_DETECTED | ETHUSDT | SWING_LOW | price=2961.42 | direction=LONG | volume_zscore=0.00 | interval=1
2026-01-22 22:59:01 | INFO | SIGNAL_DETECTED | TRBUSDT | SWING_LOW | price=20.32 | direction=LONG | volume_zscore=0.00 | interval=1
2026-01-22 22:59:03 | ERROR | ALERT_ERROR | ADAUSDT | All connection attempts failed
2026-01-22 22:59:03 | ERROR | ALERT_ERROR | DOGEUSDT | All connection attempts failed
2026-01-22 22:59:03 | ERROR | ALERT_ERROR | ETHUSDT | All connection attempts failed
2026-01-22 22:59:03 | ERROR | ALERT_ERROR | TRBUSDT | All connection attempts failed
2026-01-22 23:00:01 | INFO | SIGNAL_DETECTED | BTCUSDT | SWING_LOW | price=89839.70 | direction=LONG | volume_zscore=0.00 | interval=1
2026-01-22 23:00:01 | INFO | SIGNAL_DETECTED | BNBUSDT | SWING_HIGH | price=891.20 | direction=SHORT | volume_zscore=0.00 | interval=1
2026-01-22 23:00:03 | ERROR | ALERT_ERROR | BTCUSDT | All connection attempts failed
2026-01-22 23:00:04 | ERROR | ALERT_ERROR | BNBUSDT | All connection attempts failed
2026-01-22 23:01:00 | INFO | SIGNAL_DETECTED | ADAUSDT | SWING_HIGH | price=0.36 | direction=SHORT | volume_zscore=0.00 | interval=1
2026-01-22 23:01:01 | INFO | SIGNAL_DETECTED | SUIUSDT | SWING_HIGH | price=1.51 | direction=SHORT | volume_zscore=0.00 | interval=1
2026-01-22 23:01:03 | ERROR | ALERT_ERROR | ADAUSDT | All connection attempts failed
2026-01-22 23:01:04 | ERROR | ALERT_ERROR | SUIUSDT | All connection attempts failed
2026-01-22 23:02:01 | INFO | SIGNAL_DETECTED | DOGEUSDT | SWING_HIGH | price=0.13 | direction=SHORT | volume_zscore=0.00 | interval=1
2026-01-22 23:02:03 | ERROR | ALERT_ERROR | DOGEUSDT | All connection attempts failed
2026-01-22 23:03:01 | INFO | SIGNAL_DETECTED | ETHUSDT | SWING_HIGH | price=2962.30 | direction=SHORT | volume_zscore=0.00 | interval=1
2026-01-22 23:03:01 | INFO | SIGNAL_DETECTED | TRBUSDT | SWING_HIGH | price=20.32 | direction=SHORT | volume_zscore=0.00 | interval=1
2026-01-22 23:03:01 | INFO | SIGNAL_DETECTED | PAXGUSDT | SWING_LOW | price=4965.00 | direction=LONG | volume_zscore=0.00 | interval=1
2026-01-22 23:03:03 | ERROR | ALERT_ERROR | ETHUSDT | All connection attempts failed
2026-01-22 23:03:03 | ERROR | ALERT_ERROR | TRBUSDT | All connection attempts failed
2026-01-22 23:03:04 | ERROR | ALERT_ERROR | PAXGUSDT | All connection attempts failed
2026-01-22 23:04:01 | INFO | SIGNAL_DETECTED | TRXUSDT | SWING_HIGH | price=0.31 | direction=SHORT | volume_zscore=0.00 | interval=1
2026-01-22 23:04:01 | INFO | SIGNAL_DETECTED | POLUSDT | SWING_LOW | price=0.13 | direction=LONG | volume_zscore=0.00 | interval=1
2026-01-22 23:04:01 | INFO | BLOCKED_ALERTS_DISABLED | POLUSDT | SWING_LOW | price=0.13
2026-01-22 23:04:03 | ERROR | ALERT_ERROR | TRXUSDT | All connection attempts failed
2026-01-22 23:05:01 | INFO | SIGNAL_DETECTED | BTCUSDT | SWING_HIGH | price=89878.00 | direction=SHORT | volume_zscore=0.00 | interval=1
2026-01-22 23:05:01 | INFO | SIGNAL_DETECTED | DOGEUSDT | SWING_LOW | price=0.13 | direction=LONG | volume_zscore=0.00 | interval=1
2026-01-22 23:05:01 | INFO | SIGNAL_DETECTED | ETHUSDT | SWING_LOW | price=2962.95 | direction=LONG | volume_zscore=0.00 | interval=1
2026-01-22 23:05:01 | INFO | SIGNAL_DETECTED | GALAUSDT | SWING_LOW | price=0.01 | direction=LONG | volume_zscore=0.00 | interval=1
2026-01-22 23:05:03 | ERROR | ALERT_ERROR | BTCUSDT | All connection attempts failed
2026-01-22 23:05:03 | ERROR | ALERT_ERROR | DOGEUSDT | All connection attempts failed
2026-01-22 23:05:03 | ERROR | ALERT_ERROR | ETHUSDT | All connection attempts failed
2026-01-22 23:05:03 | ERROR | ALERT_ERROR | GALAUSDT | All connection attempts failed
2026-01-22 23:06:01 | INFO | SIGNAL_DETECTED | TRBUSDT | SWING_LOW | price=20.31 | direction=LONG | volume_zscore=0.00 | interval=1
2026-01-22 23:06:01 | INFO | SIGNAL_DETECTED | POLUSDT | SWING_HIGH | price=0.13 | direction=SHORT | volume_zscore=0.00 | interval=1
2026-01-22 23:06:01 | INFO | BLOCKED_ALERTS_DISABLED | POLUSDT | SWING_HIGH | price=0.13
2026-01-22 23:06:03 | ERROR | ALERT_ERROR | TRBUSDT | All connection attempts failed
2026-01-22 23:08:01 | INFO | SIGNAL_DETECTED | BTCUSDT | SWING_LOW | price=89835.90 | direction=LONG | volume_zscore=0.00 | interval=1
2026-01-22 23:08:01 | INFO | SIGNAL_DETECTED | ETHUSDT | SWING_LOW | price=2961.83 | direction=LONG | volume_zscore=0.00 | interval=1
2026-01-22 23:08:01 | INFO | SIGNAL_DETECTED | POLUSDT | SWING_LOW | price=0.13 | direction=LONG | volume_zscore=0.00 | interval=1
2026-01-22 23:08:01 | INFO | BLOCKED_ALERTS_DISABLED | POLUSDT | SWING_LOW | price=0.13
2026-01-22 23:08:03 | ERROR | ALERT_ERROR | BTCUSDT | All connection attempts failed
2026-01-22 23:08:03 | ERROR | ALERT_ERROR | ETHUSDT | All connection attempts failed
2026-01-22 23:09:01 | INFO | SIGNAL_DETECTED | PAXGUSDT | SWING_HIGH | price=4966.00 | direction=SHORT | volume_zscore=0.00 | interval=1
2026-01-22 23:09:04 | ERROR | ALERT_ERROR | PAXGUSDT | All connection attempts failed
2026-01-22 23:10:01 | INFO | SIGNAL_DETECTED | TRBUSDT | SWING_HIGH | price=20.32 | direction=SHORT | volume_zscore=0.00 | interval=1
2026-01-22 23:10:01 | INFO | SIGNAL_DETECTED | SUIUSDT | SWING_HIGH | price=1.51 | direction=SHORT | volume_zscore=0.00 | interval=1
2026-01-22 23:10:03 | ERROR | ALERT_ERROR | TRBUSDT | All connection attempts failed
2026-01-22 23:10:04 | ERROR | ALERT_ERROR | SUIUSDT | All connection attempts failed
2026-01-22 23:11:01 | INFO | SIGNAL_DETECTED | PAXGUSDT | SWING_LOW | price=4965.20 | direction=LONG | volume_zscore=0.00 | interval=1
2026-01-22 23:11:04 | ERROR | ALERT_ERROR | PAXGUSDT | All connection attempts failed
2026-01-22 23:13:01 | INFO | SIGNAL_DETECTED | GALAUSDT | SWING_LOW | price=0.01 | direction=LONG | volume_zscore=0.00 | interval=1
2026-01-22 23:13:03 | ERROR | ALERT_ERROR | GALAUSDT | All connection attempts failed
2026-01-22 23:16:01 | INFO | SIGNAL_DETECTED | PAXGUSDT | SWING_HIGH | price=4966.00 | direction=SHORT | volume_zscore=0.00 | interval=1
2026-01-22 23:16:04 | ERROR | ALERT_ERROR | PAXGUSDT | All connection attempts failed
2026-01-22 23:17:01 | INFO | SIGNAL_DETECTED | DOGEUSDT | SWING_HIGH | price=0.13 | direction=SHORT | volume_zscore=0.00 | interval=1
2026-01-22 23:17:01 | INFO | SIGNAL_DETECTED | ETHUSDT | SWING_HIGH | price=2976.10 | direction=SHORT | volume_zscore=0.00 | interval=1
2026-01-22 23:17:01 | INFO | SIGNAL_DETECTED | XRPUSDT | SWING_HIGH | price=1.92 | direction=SHORT | volume_zscore=2.57 | interval=1
2026-01-22 23:17:01 | INFO | SIGNAL_DETECTED | POLUSDT | SWING_HIGH | price=0.13 | direction=SHORT | volume_zscore=0.00 | interval=1
2026-01-22 23:17:01 | INFO | BLOCKED_ALERTS_DISABLED | POLUSDT | SWING_HIGH | price=0.13
2026-01-22 23:17:03 | ERROR | ALERT_ERROR | DOGEUSDT | All connection attempts failed
2026-01-22 23:17:03 | ERROR | ALERT_ERROR | ETHUSDT | All connection attempts failed
2026-01-22 23:17:03 | ERROR | ALERT_ERROR | XRPUSDT | All connection attempts failed
2026-01-22 23:18:00 | INFO | SIGNAL_DETECTED | ADAUSDT | SWING_HIGH | price=0.36 | direction=SHORT | volume_zscore=0.00 | interval=1
2026-01-22 23:18:01 | INFO | SIGNAL_DETECTED | TRBUSDT | SWING_HIGH | price=20.37 | direction=SHORT | volume_zscore=0.00 | interval=1
2026-01-22 23:18:01 | INFO | SIGNAL_DETECTED | SUIUSDT | SWING_HIGH | price=1.51 | direction=SHORT | volume_zscore=0.00 | interval=1
2026-01-22 23:18:03 | ERROR | ALERT_ERROR | ADAUSDT | All connection attempts failed
2026-01-22 23:18:03 | ERROR | ALERT_ERROR | TRBUSDT | All connection attempts failed
2026-01-22 23:18:04 | ERROR | ALERT_ERROR | SUIUSDT | All connection attempts failed
2026-01-22 23:20:00 | INFO | SIGNAL_DETECTED | ADAUSDT | SWING_LOW | price=0.36 | direction=LONG | volume_zscore=0.00 | interval=1
2026-01-22 23:20:01 | INFO | SIGNAL_DETECTED | TRBUSDT | SWING_LOW | price=20.34 | direction=LONG | volume_zscore=0.00 | interval=1
2026-01-22 23:20:01 | INFO | SIGNAL_DETECTED | TRXUSDT | SWING_LOW | price=0.31 | direction=LONG | volume_zscore=0.00 | interval=1
2026-01-22 23:20:02 | INFO | SIGNAL_DETECTED | BTCUSDT | SWING_HIGH | price=90015.00 | direction=SHORT | volume_zscore=0.00 | interval=1
2026-01-22 23:20:03 | ERROR | ALERT_ERROR | ADAUSDT | All connection attempts failed
2026-01-22 23:20:03 | ERROR | ALERT_ERROR | TRBUSDT | All connection attempts failed
2026-01-22 23:20:03 | ERROR | ALERT_ERROR | TRXUSDT | All connection attempts failed
2026-01-22 23:20:04 | ERROR | ALERT_ERROR | BTCUSDT | All connection attempts failed
2026-01-22 23:21:01 | INFO | SIGNAL_DETECTED | GALAUSDT | SWING_LOW | price=0.01 | direction=LONG | volume_zscore=0.00 | interval=1
2026-01-22 23:21:03 | ERROR | ALERT_ERROR | GALAUSDT | All connection attempts failed
2026-01-22 23:22:01 | INFO | SIGNAL_DETECTED | DOGEUSDT | SWING_LOW | price=0.13 | direction=LONG | volume_zscore=0.00 | interval=1
2026-01-22 23:22:01 | INFO | SIGNAL_DETECTED | ETHUSDT | SWING_LOW | price=2970.70 | direction=LONG | volume_zscore=0.00 | interval=1
2026-01-22 23:22:01 | INFO | SIGNAL_DETECTED | SUIUSDT | SWING_LOW | price=1.51 | direction=LONG | volume_zscore=0.00 | interval=1
2026-01-22 23:22:03 | ERROR | ALERT_ERROR | DOGEUSDT | All connection attempts failed
2026-01-22 23:22:03 | ERROR | ALERT_ERROR | ETHUSDT | All connection attempts failed
2026-01-22 23:22:04 | ERROR | ALERT_ERROR | SUIUSDT | All connection attempts failed
2026-01-22 23:23:01 | INFO | SIGNAL_DETECTED | ETHUSDT | SWING_HIGH | price=2972.58 | direction=SHORT | volume_zscore=0.00 | interval=1
2026-01-22 23:23:03 | ERROR | ALERT_ERROR | ETHUSDT | All connection attempts failed
2026-01-22 23:24:01 | INFO | SIGNAL_DETECTED | BTCUSDT | SWING_LOW | price=89940.70 | direction=LONG | volume_zscore=0.00 | interval=1
2026-01-22 23:24:01 | INFO | SIGNAL_DETECTED | PAXGUSDT | SWING_LOW | price=4965.20 | direction=LONG | volume_zscore=0.00 | interval=1
2026-01-22 23:24:01 | INFO | SIGNAL_DETECTED | POLUSDT | SWING_HIGH | price=0.13 | direction=SHORT | volume_zscore=0.00 | interval=1
2026-01-22 23:24:01 | INFO | BLOCKED_ALERTS_DISABLED | POLUSDT | SWING_HIGH | price=0.13
2026-01-22 23:24:03 | ERROR | ALERT_ERROR | BTCUSDT | All connection attempts failed
2026-01-22 23:24:04 | ERROR | ALERT_ERROR | PAXGUSDT | All connection attempts failed
2026-01-22 23:25:01 | INFO | SIGNAL_DETECTED | DOGEUSDT | SWING_HIGH | price=0.13 | direction=SHORT | volume_zscore=0.00 | interval=1
2026-01-22 23:25:01 | INFO | SIGNAL_DETECTED | TRXUSDT | SWING_HIGH | price=0.31 | direction=SHORT | volume_zscore=0.00 | interval=1
2026-01-22 23:25:01 | INFO | SIGNAL_DETECTED | SOLUSDT | SWING_HIGH | price=128.78 | direction=SHORT | volume_zscore=0.00 | interval=1
2026-01-22 23:25:01 | INFO | SIGNAL_DETECTED | BNBUSDT | SWING_HIGH | price=891.60 | direction=SHORT | volume_zscore=0.00 | interval=1
2026-01-22 23:25:03 | ERROR | ALERT_ERROR | DOGEUSDT | All connection attempts failed
2026-01-22 23:25:03 | ERROR | ALERT_ERROR | TRXUSDT | All connection attempts failed
2026-01-22 23:25:04 | ERROR | ALERT_ERROR | SOLUSDT | All connection attempts failed
2026-01-22 23:25:04 | ERROR | ALERT_ERROR | BNBUSDT | All connection attempts failed
2026-01-22 23:26:00 | INFO | SIGNAL_DETECTED | ADAUSDT | SWING_HIGH | price=0.36 | direction=SHORT | volume_zscore=0.00 | interval=1
2026-01-22 23:26:01 | INFO | SIGNAL_DETECTED | ETHUSDT | SWING_LOW | price=2970.48 | direction=LONG | volume_zscore=0.00 | interval=1
2026-01-22 23:26:01 | INFO | SIGNAL_DETECTED | BNBUSDT | SWING_LOW | price=891.60 | direction=LONG | volume_zscore=0.00 | interval=1
2026-01-22 23:26:03 | ERROR | ALERT_ERROR | ADAUSDT | All connection attempts failed
2026-01-22 23:26:03 | ERROR | ALERT_ERROR | ETHUSDT | All connection attempts failed
2026-01-22 23:26:04 | ERROR | ALERT_ERROR | BNBUSDT | All connection attempts failed
2026-01-22 23:30:01 | INFO | SIGNAL_DETECTED | DOGEUSDT | SWING_HIGH | price=0.13 | direction=SHORT | volume_zscore=0.00 | interval=1
2026-01-22 23:30:01 | INFO | SIGNAL_DETECTED | ETHUSDT | SWING_HIGH | price=2972.22 | direction=SHORT | volume_zscore=0.00 | interval=1
2026-01-22 23:30:01 | INFO | SIGNAL_DETECTED | XRPUSDT | SWING_HIGH | price=1.92 | direction=SHORT | volume_zscore=3.88 | interval=1
2026-01-22 23:30:01 | INFO | SIGNAL_DETECTED | SUIUSDT | SWING_HIGH | price=1.51 | direction=SHORT | volume_zscore=0.00 | interval=1
2026-01-22 23:30:01 | INFO | SIGNAL_DETECTED | BNBUSDT | SWING_HIGH | price=892.00 | direction=SHORT | volume_zscore=0.00 | interval=1
2026-01-22 23:30:03 | ERROR | ALERT_ERROR | DOGEUSDT | All connection attempts failed
2026-01-22 23:30:03 | ERROR | ALERT_ERROR | ETHUSDT | All connection attempts failed
2026-01-22 23:30:03 | ERROR | ALERT_ERROR | XRPUSDT | All connection attempts failed
2026-01-22 23:30:04 | ERROR | ALERT_ERROR | BNBUSDT | All connection attempts failed
2026-01-22 23:30:04 | ERROR | ALERT_ERROR | SUIUSDT | All connection attempts failed
2026-01-22 23:31:01 | INFO | SIGNAL_DETECTED | TRXUSDT | SWING_HIGH | price=0.31 | direction=SHORT | volume_zscore=0.00 | interval=1
2026-01-22 23:31:03 | ERROR | ALERT_ERROR | TRXUSDT | All connection attempts failed
2026-01-22 23:32:00 | INFO | SIGNAL_DETECTED | ADAUSDT | SWING_HIGH | price=0.36 | direction=SHORT | volume_zscore=0.00 | interval=1
2026-01-22 23:32:01 | INFO | SIGNAL_DETECTED | SOLUSDT | SWING_HIGH | price=128.87 | direction=SHORT | volume_zscore=0.00 | interval=1
2026-01-22 23:32:01 | INFO | SIGNAL_DETECTED | POLUSDT | SWING_HIGH | price=0.13 | direction=SHORT | volume_zscore=0.00 | interval=1
2026-01-22 23:32:01 | INFO | BLOCKED_ALERTS_DISABLED | POLUSDT | SWING_HIGH | price=0.13
2026-01-22 23:32:03 | ERROR | ALERT_ERROR | ADAUSDT | All connection attempts failed
2026-01-22 23:32:04 | ERROR | ALERT_ERROR | SOLUSDT | All connection attempts failed
2026-01-22 23:33:01 | INFO | SIGNAL_DETECTED | TRXUSDT | SWING_LOW | price=0.31 | direction=LONG | volume_zscore=0.00 | interval=1
2026-01-22 23:33:03 | ERROR | ALERT_ERROR | TRXUSDT | All connection attempts failed
2026-01-22 23:34:01 | INFO | SIGNAL_DETECTED | DOGEUSDT | SWING_LOW | price=0.13 | direction=LONG | volume_zscore=0.00 | interval=1
2026-01-22 23:34:01 | INFO | SIGNAL_DETECTED | ETHUSDT | SWING_LOW | price=2970.17 | direction=LONG | volume_zscore=0.00 | interval=1
2026-01-22 23:34:01 | INFO | SIGNAL_DETECTED | SOLUSDT | SWING_LOW | price=128.73 | direction=LONG | volume_zscore=0.00 | interval=1
2026-01-22 23:34:01 | INFO | SIGNAL_DETECTED | SUIUSDT | SWING_LOW | price=1.51 | direction=LONG | volume_zscore=0.00 | interval=1
2026-01-22 23:34:01 | INFO | SIGNAL_DETECTED | POLUSDT | SWING_LOW | price=0.13 | direction=LONG | volume_zscore=0.00 | interval=1
2026-01-22 23:34:01 | INFO | BLOCKED_ALERTS_DISABLED | POLUSDT | SWING_LOW | price=0.13
2026-01-22 23:34:03 | ERROR | ALERT_ERROR | DOGEUSDT | All connection attempts failed
2026-01-22 23:34:03 | ERROR | ALERT_ERROR | ETHUSDT | All connection attempts failed
2026-01-22 23:34:04 | ERROR | ALERT_ERROR | SOLUSDT | All connection attempts failed
2026-01-22 23:34:04 | ERROR | ALERT_ERROR | SUIUSDT | All connection attempts failed
2026-01-22 23:36:01 | INFO | SIGNAL_DETECTED | BTCUSDT | SWING_LOW | price=89903.60 | direction=LONG | volume_zscore=0.00 | interval=1
2026-01-22 23:36:01 | INFO | SIGNAL_DETECTED | TRBUSDT | SWING_HIGH | price=20.43 | direction=SHORT | volume_zscore=0.00 | interval=1
2026-01-22 23:36:03 | ERROR | ALERT_ERROR | BTCUSDT | All connection attempts failed
2026-01-22 23:36:03 | ERROR | ALERT_ERROR | TRBUSDT | All connection attempts failed
2026-01-22 23:37:01 | INFO | SIGNAL_DETECTED | ETHUSDT | SWING_HIGH | price=2978.66 | direction=SHORT | volume_zscore=0.00 | interval=1
2026-01-22 23:37:01 | INFO | SIGNAL_DETECTED | XRPUSDT | SWING_HIGH | price=1.92 | direction=SHORT | volume_zscore=1.10 | interval=1
2026-01-22 23:37:01 | INFO | SIGNAL_DETECTED | SOLUSDT | SWING_HIGH | price=128.97 | direction=SHORT | volume_zscore=0.00 | interval=1
2026-01-22 23:37:01 | INFO | SIGNAL_DETECTED | BNBUSDT | SWING_HIGH | price=892.00 | direction=SHORT | volume_zscore=0.00 | interval=1
2026-01-22 23:37:03 | ERROR | ALERT_ERROR | ETHUSDT | All connection attempts failed
2026-01-22 23:37:03 | ERROR | ALERT_ERROR | XRPUSDT | All connection attempts failed
2026-01-22 23:37:04 | ERROR | ALERT_ERROR | SOLUSDT | All connection attempts failed
2026-01-22 23:37:04 | ERROR | ALERT_ERROR | BNBUSDT | All connection attempts failed
2026-01-22 23:38:01 | INFO | SIGNAL_DETECTED | ADAUSDT | SWING_HIGH | price=0.36 | direction=SHORT | volume_zscore=0.00 | interval=1
2026-01-22 23:38:03 | ERROR | ALERT_ERROR | ADAUSDT | All connection attempts failed
2026-01-22 23:39:01 | INFO | SIGNAL_DETECTED | GALAUSDT | SWING_LOW | price=0.01 | direction=LONG | volume_zscore=0.00 | interval=1
2026-01-22 23:39:01 | INFO | SIGNAL_DETECTED | SUIUSDT | SWING_LOW | price=1.51 | direction=LONG | volume_zscore=0.00 | interval=1
2026-01-22 23:39:01 | INFO | SIGNAL_DETECTED | PAXGUSDT | SWING_HIGH | price=4968.70 | direction=SHORT | volume_zscore=0.00 | interval=1
2026-01-22 23:39:03 | ERROR | ALERT_ERROR | GALAUSDT | All connection attempts failed
2026-01-22 23:39:04 | ERROR | ALERT_ERROR | SUIUSDT | All connection attempts failed
2026-01-22 23:39:04 | ERROR | ALERT_ERROR | PAXGUSDT | All connection attempts failed
2026-01-22 23:41:01 | INFO | SIGNAL_DETECTED | SOLUSDT | SWING_LOW | price=128.76 | direction=LONG | volume_zscore=0.00 | interval=1
2026-01-22 23:41:04 | ERROR | ALERT_ERROR | SOLUSDT | All connection attempts failed
2026-01-22 23:43:01 | INFO | SIGNAL_DETECTED | POLUSDT | SWING_HIGH | price=0.13 | direction=SHORT | volume_zscore=0.00 | interval=1
2026-01-22 23:43:01 | INFO | BLOCKED_ALERTS_DISABLED | POLUSDT | SWING_HIGH | price=0.13
2026-01-22 23:44:01 | INFO | SIGNAL_DETECTED | ETHUSDT | SWING_HIGH | price=2978.16 | direction=SHORT | volume_zscore=0.00 | interval=1
2026-01-22 23:44:03 | ERROR | ALERT_ERROR | ETHUSDT | All connection attempts failed
2026-01-22 23:46:01 | INFO | SIGNAL_DETECTED | TRBUSDT | SWING_HIGH | price=20.42 | direction=SHORT | volume_zscore=0.00 | interval=1
2026-01-22 23:46:03 | ERROR | ALERT_ERROR | TRBUSDT | All connection attempts failed
2026-01-22 23:49:01 | INFO | SIGNAL_DETECTED | SUIUSDT | SWING_HIGH | price=1.51 | direction=SHORT | volume_zscore=0.00 | interval=1
2026-01-22 23:49:01 | INFO | SIGNAL_DETECTED | BNBUSDT | SWING_HIGH | price=893.00 | direction=SHORT | volume_zscore=0.00 | interval=1
2026-01-22 23:49:01 | INFO | SIGNAL_DETECTED | POLUSDT | SWING_HIGH | price=0.13 | direction=SHORT | volume_zscore=0.00 | interval=1
2026-01-22 23:49:01 | INFO | BLOCKED_ALERTS_DISABLED | POLUSDT | SWING_HIGH | price=0.13
2026-01-22 23:49:04 | ERROR | ALERT_ERROR | SUIUSDT | All connection attempts failed
2026-01-22 23:49:04 | ERROR | ALERT_ERROR | BNBUSDT | All connection attempts failed
2026-01-22 23:50:01 | INFO | SIGNAL_DETECTED | DOGEUSDT | SWING_HIGH | price=0.13 | direction=SHORT | volume_zscore=0.00 | interval=1
2026-01-22 23:50:01 | INFO | SIGNAL_DETECTED | ETHUSDT | SWING_HIGH | price=2980.66 | direction=SHORT | volume_zscore=0.00 | interval=1
2026-01-22 23:50:01 | INFO | SIGNAL_DETECTED | SOLUSDT | SWING_HIGH | price=129.10 | direction=SHORT | volume_zscore=0.00 | interval=1
2026-01-22 23:50:01 | INFO | SIGNAL_DETECTED | PAXGUSDT | SWING_LOW | price=4971.50 | direction=LONG | volume_zscore=0.00 | interval=1
2026-01-22 23:50:03 | ERROR | ALERT_ERROR | DOGEUSDT | All connection attempts failed
2026-01-22 23:50:03 | ERROR | ALERT_ERROR | ETHUSDT | All connection attempts failed
2026-01-22 23:50:04 | ERROR | ALERT_ERROR | SOLUSDT | All connection attempts failed
2026-01-22 23:50:04 | ERROR | ALERT_ERROR | PAXGUSDT | All connection attempts failed
2026-01-22 23:51:01 | INFO | SIGNAL_DETECTED | TRBUSDT | SWING_LOW | price=20.45 | direction=LONG | volume_zscore=0.00 | interval=1
2026-01-22 23:51:03 | ERROR | ALERT_ERROR | TRBUSDT | All connection attempts failed
2026-01-22 23:52:01 | INFO | SIGNAL_DETECTED | BTCUSDT | SWING_HIGH | price=89958.10 | direction=SHORT | volume_zscore=0.00 | interval=1
2026-01-22 23:52:01 | INFO | SIGNAL_DETECTED | DOGEUSDT | SWING_LOW | price=0.13 | direction=LONG | volume_zscore=0.00 | interval=1
2026-01-22 23:52:01 | INFO | SIGNAL_DETECTED | ETHUSDT | SWING_LOW | price=2978.55 | direction=LONG | volume_zscore=0.00 | interval=1
2026-01-22 23:52:01 | INFO | SIGNAL_DETECTED | TRBUSDT | SWING_HIGH | price=20.43 | direction=SHORT | volume_zscore=0.00 | interval=1
2026-01-22 23:52:01 | INFO | SIGNAL_DETECTED | TRXUSDT | SWING_LOW | price=0.31 | direction=LONG | volume_zscore=0.00 | interval=1
2026-01-22 23:52:01 | INFO | SIGNAL_DETECTED | SOLUSDT | SWING_LOW | price=129.03 | direction=LONG | volume_zscore=0.00 | interval=1
2026-01-22 23:52:01 | INFO | SIGNAL_DETECTED | SUIUSDT | SWING_LOW | price=1.51 | direction=LONG | volume_zscore=0.00 | interval=1
2026-01-22 23:52:01 | INFO | SIGNAL_DETECTED | BNBUSDT | SWING_LOW | price=892.10 | direction=LONG | volume_zscore=0.00 | interval=1
2026-01-22 23:52:01 | INFO | SIGNAL_DETECTED | POLUSDT | SWING_LOW | price=0.13 | direction=LONG | volume_zscore=0.00 | interval=1
2026-01-22 23:52:01 | INFO | BLOCKED_ALERTS_DISABLED | POLUSDT | SWING_LOW | price=0.13
2026-01-22 23:52:03 | ERROR | ALERT_ERROR | BTCUSDT | All connection attempts failed
2026-01-22 23:52:03 | ERROR | ALERT_ERROR | DOGEUSDT | All connection attempts failed
2026-01-22 23:52:03 | ERROR | ALERT_ERROR | ETHUSDT | All connection attempts failed
2026-01-22 23:52:03 | ERROR | ALERT_ERROR | TRBUSDT | All connection attempts failed
2026-01-22 23:52:03 | ERROR | ALERT_ERROR | TRXUSDT | All connection attempts failed
2026-01-22 23:52:04 | ERROR | ALERT_ERROR | SOLUSDT | All connection attempts failed
2026-01-22 23:52:04 | ERROR | ALERT_ERROR | SUIUSDT | All connection attempts failed
2026-01-22 23:52:04 | ERROR | ALERT_ERROR | BNBUSDT | All connection attempts failed
2026-01-22 23:54:01 | INFO | SIGNAL_DETECTED | SOLUSDT | SWING_HIGH | price=129.18 | direction=SHORT | volume_zscore=0.00 | interval=1
2026-01-22 23:54:04 | ERROR | ALERT_ERROR | SOLUSDT | All connection attempts failed
2026-01-22 23:56:01 | INFO | SIGNAL_DETECTED | POLUSDT | SWING_HIGH | price=0.13 | direction=SHORT | volume_zscore=0.00 | interval=1
2026-01-22 23:56:01 | INFO | BLOCKED_ALERTS_DISABLED | POLUSDT | SWING_HIGH | price=0.13
2026-01-22 23:57:01 | INFO | SIGNAL_DETECTED | ETHUSDT | SWING_HIGH | price=2980.36 | direction=SHORT | volume_zscore=0.00 | interval=1
2026-01-22 23:57:03 | ERROR | ALERT_ERROR | ETHUSDT | All connection attempts failed
2026-01-22 23:58:01 | INFO | SIGNAL_DETECTED | ADAUSDT | SWING_LOW | price=0.36 | direction=LONG | volume_zscore=0.00 | interval=1
2026-01-22 23:58:01 | INFO | SIGNAL_DETECTED | BTCUSDT | SWING_LOW | price=89949.80 | direction=LONG | volume_zscore=0.00 | interval=1
2026-01-22 23:58:03 | ERROR | ALERT_ERROR | ADAUSDT | All connection attempts failed
2026-01-22 23:58:03 | ERROR | ALERT_ERROR | BTCUSDT | All connection attempts failed
2026-01-22 23:59:01 | INFO | SIGNAL_DETECTED | GALAUSDT | SWING_LOW | price=0.01 | direction=LONG | volume_zscore=0.00 | interval=1
2026-01-22 23:59:01 | INFO | SIGNAL_DETECTED | TRXUSDT | SWING_HIGH | price=0.31 | direction=SHORT | volume_zscore=0.00 | interval=1
2026-01-22 23:59:01 | INFO | SIGNAL_DETECTED | BNBUSDT | SWING_LOW | price=891.80 | direction=LONG | volume_zscore=0.00 | interval=1
2026-01-22 23:59:03 | ERROR | ALERT_ERROR | GALAUSDT | All connection attempts failed
2026-01-22 23:59:03 | ERROR | ALERT_ERROR | TRXUSDT | All connection attempts failed
2026-01-22 23:59:04 | ERROR | ALERT_ERROR | BNBUSDT | All connection attempts failed
2026-01-23 00:00:01 | INFO | SIGNAL_DETECTED | ADAUSDT | SWING_HIGH | price=0.36 | direction=SHORT | volume_zscore=0.00 | interval=1
2026-01-23 00:00:01 | INFO | SIGNAL_DETECTED | DOGEUSDT | SWING_HIGH | price=0.13 | direction=SHORT | volume_zscore=0.00 | interval=1
2026-01-23 00:00:01 | INFO | SIGNAL_DETECTED | POLUSDT | SWING_HIGH | price=0.13 | direction=SHORT | volume_zscore=0.00 | interval=1
2026-01-23 00:00:01 | INFO | BLOCKED_ALERTS_DISABLED | POLUSDT | SWING_HIGH | price=0.13
2026-01-23 00:00:03 | ERROR | ALERT_ERROR | ADAUSDT | All connection attempts failed
2026-01-23 00:00:03 | ERROR | ALERT_ERROR | DOGEUSDT | All connection attempts failed
2026-01-23 00:01:01 | INFO | SIGNAL_DETECTED | SOLUSDT | SWING_HIGH | price=129.08 | direction=SHORT | volume_zscore=0.00 | interval=1
2026-01-23 00:01:01 | INFO | SIGNAL_DETECTED | SUIUSDT | SWING_HIGH | price=1.51 | direction=SHORT | volume_zscore=0.00 | interval=1
2026-01-23 00:01:04 | ERROR | ALERT_ERROR | SOLUSDT | All connection attempts failed
2026-01-23 00:01:04 | ERROR | ALERT_ERROR | SUIUSDT | All connection attempts failed
2026-01-23 00:02:01 | INFO | SIGNAL_DETECTED | TRXUSDT | SWING_HIGH | price=0.31 | direction=SHORT | volume_zscore=0.00 | interval=1
2026-01-23 00:02:03 | ERROR | ALERT_ERROR | TRXUSDT | All connection attempts failed
2026-01-23 00:03:01 | INFO | SIGNAL_DETECTED | TRBUSDT | SWING_LOW | price=20.39 | direction=LONG | volume_zscore=0.00 | interval=1
2026-01-23 00:03:01 | INFO | SIGNAL_DETECTED | PAXGUSDT | SWING_LOW | price=4969.40 | direction=LONG | volume_zscore=0.00 | interval=1
2026-01-23 00:03:03 | ERROR | ALERT_ERROR | TRBUSDT | All connection attempts failed
2026-01-23 00:03:04 | ERROR | ALERT_ERROR | PAXGUSDT | All connection attempts failed
2026-01-23 00:04:01 | INFO | SIGNAL_DETECTED | SUIUSDT | SWING_LOW | price=1.51 | direction=LONG | volume_zscore=0.00 | interval=1
2026-01-23 00:04:01 | INFO | SIGNAL_DETECTED | POLUSDT | SWING_LOW | price=0.13 | direction=LONG | volume_zscore=0.00 | interval=1
2026-01-23 00:04:01 | INFO | BLOCKED_ALERTS_DISABLED | POLUSDT | SWING_LOW | price=0.13
2026-01-23 00:04:04 | ERROR | ALERT_ERROR | SUIUSDT | All connection attempts failed
2026-01-23 00:06:01 | INFO | SIGNAL_DETECTED | GALAUSDT | SWING_LOW | price=0.01 | direction=LONG | volume_zscore=0.00 | interval=1
2026-01-23 00:06:01 | INFO | SIGNAL_DETECTED | SOLUSDT | SWING_LOW | price=128.87 | direction=LONG | volume_zscore=0.00 | interval=1
2026-01-23 00:06:03 | ERROR | ALERT_ERROR | GALAUSDT | All connection attempts failed
2026-01-23 00:06:04 | ERROR | ALERT_ERROR | SOLUSDT | All connection attempts failed
2026-01-23 00:07:01 | INFO | SIGNAL_DETECTED | SUIUSDT | SWING_HIGH | price=1.51 | direction=SHORT | volume_zscore=0.00 | interval=1
2026-01-23 00:07:04 | ERROR | ALERT_ERROR | SUIUSDT | All connection attempts failed
2026-01-23 00:08:01 | INFO | SIGNAL_DETECTED | ETHUSDT | SWING_LOW | price=2973.10 | direction=LONG | volume_zscore=0.00 | interval=1
2026-01-23 00:08:01 | INFO | SIGNAL_DETECTED | TRXUSDT | SWING_HIGH | price=0.31 | direction=SHORT | volume_zscore=0.00 | interval=1
2026-01-23 00:08:03 | ERROR | ALERT_ERROR | ETHUSDT | All connection attempts failed
2026-01-23 00:08:03 | ERROR | ALERT_ERROR | TRXUSDT | All connection attempts failed
2026-01-23 00:10:01 | INFO | SIGNAL_DETECTED | BTCUSDT | SWING_LOW | price=89850.40 | direction=LONG | volume_zscore=0.00 | interval=1
2026-01-23 00:10:01 | INFO | SIGNAL_DETECTED | TRXUSDT | SWING_LOW | price=0.31 | direction=LONG | volume_zscore=0.00 | interval=1
2026-01-23 00:10:03 | ERROR | ALERT_ERROR | BTCUSDT | All connection attempts failed
2026-01-23 00:10:03 | ERROR | ALERT_ERROR | TRXUSDT | All connection attempts failed
2026-01-23 00:11:01 | INFO | SIGNAL_DETECTED | ETHUSDT | SWING_HIGH | price=2974.26 | direction=SHORT | volume_zscore=0.00 | interval=1
2026-01-23 00:11:01 | INFO | SIGNAL_DETECTED | GALAUSDT | SWING_LOW | price=0.01 | direction=LONG | volume_zscore=0.00 | interval=1
2026-01-23 00:11:01 | INFO | SIGNAL_DETECTED | SOLUSDT | SWING_LOW | price=128.90 | direction=LONG | volume_zscore=0.00 | interval=1
2026-01-23 00:11:01 | INFO | SIGNAL_DETECTED | SUIUSDT | SWING_LOW | price=1.51 | direction=LONG | volume_zscore=0.00 | interval=1
2026-01-23 00:11:01 | INFO | SIGNAL_DETECTED | PAXGUSDT | SWING_HIGH | price=4970.90 | direction=SHORT | volume_zscore=0.00 | interval=1
2026-01-23 00:11:01 | INFO | SIGNAL_DETECTED | POLUSDT | SWING_LOW | price=0.13 | direction=LONG | volume_zscore=0.00 | interval=1
2026-01-23 00:11:01 | INFO | BLOCKED_ALERTS_DISABLED | POLUSDT | SWING_LOW | price=0.13
2026-01-23 00:11:03 | ERROR | ALERT_ERROR | ETHUSDT | All connection attempts failed
2026-01-23 00:11:03 | ERROR | ALERT_ERROR | GALAUSDT | All connection attempts failed
2026-01-23 00:11:04 | ERROR | ALERT_ERROR | SOLUSDT | All connection attempts failed
2026-01-23 00:11:04 | ERROR | ALERT_ERROR | SUIUSDT | All connection attempts failed
2026-01-23 00:11:04 | ERROR | ALERT_ERROR | PAXGUSDT | All connection attempts failed
2026-01-23 00:12:01 | INFO | SIGNAL_DETECTED | DOGEUSDT | SWING_HIGH | price=0.13 | direction=SHORT | volume_zscore=0.00 | interval=1
2026-01-23 00:12:01 | INFO | SIGNAL_DETECTED | BNBUSDT | SWING_HIGH | price=890.80 | direction=SHORT | volume_zscore=0.00 | interval=1
2026-01-23 00:12:03 | ERROR | ALERT_ERROR | DOGEUSDT | All connection attempts failed
2026-01-23 00:12:04 | ERROR | ALERT_ERROR | BNBUSDT | All connection attempts failed
2026-01-23 00:13:01 | INFO | SIGNAL_DETECTED | POLUSDT | SWING_HIGH | price=0.13 | direction=SHORT | volume_zscore=0.00 | interval=1
2026-01-23 00:13:01 | INFO | BLOCKED_ALERTS_DISABLED | POLUSDT | SWING_HIGH | price=0.13
2026-01-23 00:16:01 | INFO | SIGNAL_DETECTED | DOGEUSDT | SWING_LOW | price=0.13 | direction=LONG | volume_zscore=0.00 | interval=1
2026-01-23 00:16:01 | INFO | SIGNAL_DETECTED | ETHUSDT | SWING_LOW | price=2973.99 | direction=LONG | volume_zscore=0.00 | interval=1
2026-01-23 00:16:01 | INFO | SIGNAL_DETECTED | TRBUSDT | SWING_LOW | price=20.34 | direction=LONG | volume_zscore=0.00 | interval=1
2026-01-23 00:16:01 | INFO | SIGNAL_DETECTED | PAXGUSDT | SWING_LOW | price=4970.60 | direction=LONG | volume_zscore=0.00 | interval=1
2026-01-23 00:16:03 | ERROR | ALERT_ERROR | DOGEUSDT | All connection attempts failed
2026-01-23 00:16:03 | ERROR | ALERT_ERROR | ETHUSDT | All connection attempts failed
2026-01-23 00:16:03 | ERROR | ALERT_ERROR | TRBUSDT | All connection attempts failed
2026-01-23 00:16:04 | ERROR | ALERT_ERROR | PAXGUSDT | All connection attempts failed
2026-01-23 00:17:01 | INFO | SIGNAL_DETECTED | DOGEUSDT | SWING_HIGH | price=0.13 | direction=SHORT | volume_zscore=0.00 | interval=1
2026-01-23 00:17:01 | INFO | SIGNAL_DETECTED | ETHUSDT | SWING_HIGH | price=2976.17 | direction=SHORT | volume_zscore=0.00 | interval=1
2026-01-23 00:17:01 | INFO | SIGNAL_DETECTED | XRPUSDT | SWING_HIGH | price=1.92 | direction=SHORT | volume_zscore=6.48 | interval=1
2026-01-23 00:17:01 | INFO | SIGNAL_DETECTED | SOLUSDT | SWING_HIGH | price=128.90 | direction=SHORT | volume_zscore=0.00 | interval=1
2026-01-23 00:17:01 | INFO | SIGNAL_DETECTED | SUIUSDT | SWING_HIGH | price=1.51 | direction=SHORT | volume_zscore=0.00 | interval=1
2026-01-23 00:17:01 | INFO | SIGNAL_DETECTED | POLUSDT | SWING_HIGH | price=0.13 | direction=SHORT | volume_zscore=0.00 | interval=1
2026-01-23 00:17:01 | INFO | BLOCKED_ALERTS_DISABLED | POLUSDT | SWING_HIGH | price=0.13
2026-01-23 00:17:03 | ERROR | ALERT_ERROR | DOGEUSDT | All connection attempts failed
2026-01-23 00:17:03 | ERROR | ALERT_ERROR | ETHUSDT | All connection attempts failed
2026-01-23 00:17:03 | ERROR | ALERT_ERROR | XRPUSDT | All connection attempts failed
2026-01-23 00:17:04 | ERROR | ALERT_ERROR | SOLUSDT | All connection attempts failed
2026-01-23 00:17:04 | ERROR | ALERT_ERROR | SUIUSDT | All connection attempts failed
2026-01-23 00:18:01 | INFO | SIGNAL_DETECTED | TRXUSDT | SWING_HIGH | price=0.31 | direction=SHORT | volume_zscore=0.00 | interval=1
2026-01-23 00:18:01 | INFO | SIGNAL_DETECTED | BNBUSDT | SWING_LOW | price=891.00 | direction=LONG | volume_zscore=0.00 | interval=1
2026-01-23 00:18:03 | ERROR | ALERT_ERROR | TRXUSDT | All connection attempts failed
2026-01-23 00:18:04 | ERROR | ALERT_ERROR | BNBUSDT | All connection attempts failed
2026-01-23 00:19:00 | INFO | SIGNAL_DETECTED | POLUSDT | SWING_LOW | price=0.13 | direction=LONG | volume_zscore=0.00 | interval=1
2026-01-23 00:19:00 | INFO | BLOCKED_ALERTS_DISABLED | POLUSDT | SWING_LOW | price=0.13
2026-01-23 00:19:01 | INFO | SIGNAL_DETECTED | ETHUSDT | SWING_LOW | price=2972.93 | direction=LONG | volume_zscore=0.00 | interval=1
2026-01-23 00:19:03 | ERROR | ALERT_ERROR | ETHUSDT | All connection attempts failed
2026-01-23 00:20:01 | INFO | SIGNAL_DETECTED | DOGEUSDT | SWING_LOW | price=0.13 | direction=LONG | volume_zscore=0.00 | interval=1
2026-01-23 00:20:01 | INFO | SIGNAL_DETECTED | TRBUSDT | SWING_LOW | price=20.34 | direction=LONG | volume_zscore=0.00 | interval=1
2026-01-23 00:20:01 | INFO | SIGNAL_DETECTED | SUIUSDT | SWING_LOW | price=1.51 | direction=LONG | volume_zscore=0.00 | interval=1
2026-01-23 00:20:03 | ERROR | ALERT_ERROR | DOGEUSDT | All connection attempts failed
2026-01-23 00:20:03 | ERROR | ALERT_ERROR | TRBUSDT | All connection attempts failed
2026-01-23 00:20:04 | ERROR | ALERT_ERROR | SUIUSDT | All connection attempts failed
2026-01-23 00:21:01 | INFO | SIGNAL_DETECTED | TRXUSDT | SWING_LOW | price=0.31 | direction=LONG | volume_zscore=0.00 | interval=1
2026-01-23 00:21:03 | ERROR | ALERT_ERROR | TRXUSDT | All connection attempts failed
2026-01-23 00:22:01 | INFO | SIGNAL_DETECTED | POLUSDT | SWING_HIGH | price=0.13 | direction=SHORT | volume_zscore=0.00 | interval=1
2026-01-23 00:22:01 | INFO | BLOCKED_ALERTS_DISABLED | POLUSDT | SWING_HIGH | price=0.13
2026-01-23 00:23:01 | INFO | SIGNAL_DETECTED | SUIUSDT | SWING_HIGH | price=1.51 | direction=SHORT | volume_zscore=0.00 | interval=1
2026-01-23 00:23:04 | ERROR | ALERT_ERROR | SUIUSDT | All connection attempts failed
2026-01-23 00:24:01 | INFO | SIGNAL_DETECTED | ADAUSDT | SWING_HIGH | price=0.36 | direction=SHORT | volume_zscore=0.00 | interval=1
2026-01-23 00:24:01 | INFO | SIGNAL_DETECTED | ETHUSDT | SWING_HIGH | price=2972.62 | direction=SHORT | volume_zscore=0.00 | interval=1
2026-01-23 00:24:01 | INFO | SIGNAL_DETECTED | TRBUSDT | SWING_HIGH | price=20.38 | direction=SHORT | volume_zscore=0.00 | interval=1
2026-01-23 00:24:01 | INFO | SIGNAL_DETECTED | SOLUSDT | SWING_HIGH | price=128.76 | direction=SHORT | volume_zscore=0.00 | interval=1
2026-01-23 00:24:03 | ERROR | ALERT_ERROR | ADAUSDT | All connection attempts failed
2026-01-23 00:24:03 | ERROR | ALERT_ERROR | ETHUSDT | All connection attempts failed
2026-01-23 00:24:03 | ERROR | ALERT_ERROR | TRBUSDT | All connection attempts failed
2026-01-23 00:24:04 | ERROR | ALERT_ERROR | SOLUSDT | All connection attempts failed
2026-01-23 00:25:01 | INFO | SIGNAL_DETECTED | PAXGUSDT | SWING_HIGH | price=4973.70 | direction=SHORT | volume_zscore=0.00 | interval=1
2026-01-23 00:25:04 | ERROR | ALERT_ERROR | PAXGUSDT | All connection attempts failed
2026-01-23 00:27:01 | INFO | SIGNAL_DETECTED | TRXUSDT | SWING_LOW | price=0.31 | direction=LONG | volume_zscore=0.00 | interval=1
2026-01-23 00:27:03 | ERROR | ALERT_ERROR | TRXUSDT | All connection attempts failed
2026-01-23 00:29:01 | INFO | SIGNAL_DETECTED | DOGEUSDT | SWING_LOW | price=0.13 | direction=LONG | volume_zscore=0.00 | interval=1
2026-01-23 00:29:01 | INFO | SIGNAL_DETECTED | ETHUSDT | SWING_LOW | price=2965.13 | direction=LONG | volume_zscore=0.00 | interval=1
2026-01-23 00:29:01 | INFO | SIGNAL_DETECTED | GALAUSDT | SWING_LOW | price=0.01 | direction=LONG | volume_zscore=0.00 | interval=1
2026-01-23 00:29:01 | INFO | SIGNAL_DETECTED | TRBUSDT | SWING_LOW | price=20.34 | direction=LONG | volume_zscore=0.00 | interval=1
2026-01-23 00:29:01 | INFO | SIGNAL_DETECTED | SOLUSDT | SWING_LOW | price=128.35 | direction=LONG | volume_zscore=0.00 | interval=1
2026-01-23 00:29:01 | INFO | SIGNAL_DETECTED | SUIUSDT | SWING_LOW | price=1.50 | direction=LONG | volume_zscore=0.00 | interval=1
2026-01-23 00:29:01 | INFO | SIGNAL_DETECTED | BNBUSDT | SWING_LOW | price=889.20 | direction=LONG | volume_zscore=0.00 | interval=1
2026-01-23 00:29:01 | INFO | SIGNAL_DETECTED | PAXGUSDT | SWING_LOW | price=4971.80 | direction=LONG | volume_zscore=0.00 | interval=1
2026-01-23 00:29:01 | INFO | SIGNAL_DETECTED | POLUSDT | SWING_LOW | price=0.13 | direction=LONG | volume_zscore=0.00 | interval=1
2026-01-23 00:29:01 | INFO | BLOCKED_ALERTS_DISABLED | POLUSDT | SWING_LOW | price=0.13
2026-01-23 00:29:02 | INFO | SIGNAL_DETECTED | ADAUSDT | SWING_LOW | price=0.36 | direction=LONG | volume_zscore=0.00 | interval=1
2026-01-23 00:29:03 | ERROR | ALERT_ERROR | DOGEUSDT | All connection attempts failed
2026-01-23 00:29:03 | ERROR | ALERT_ERROR | ETHUSDT | All connection attempts failed
2026-01-23 00:29:03 | ERROR | ALERT_ERROR | GALAUSDT | All connection attempts failed
2026-01-23 00:29:03 | ERROR | ALERT_ERROR | TRBUSDT | All connection attempts failed
2026-01-23 00:29:04 | ERROR | ALERT_ERROR | SOLUSDT | All connection attempts failed
2026-01-23 00:29:04 | ERROR | ALERT_ERROR | PAXGUSDT | All connection attempts failed
2026-01-23 00:29:04 | ERROR | ALERT_ERROR | BNBUSDT | All connection attempts failed
2026-01-23 00:29:04 | ERROR | ALERT_ERROR | SUIUSDT | All connection attempts failed
2026-01-23 00:29:04 | ERROR | ALERT_ERROR | ADAUSDT | All connection attempts failed
2026-01-23 00:30:01 | INFO | SIGNAL_DETECTED | TRXUSDT | SWING_HIGH | price=0.31 | direction=SHORT | volume_zscore=0.00 | interval=1
2026-01-23 00:30:03 | ERROR | ALERT_ERROR | TRXUSDT | All connection attempts failed
2026-01-23 00:32:01 | INFO | SIGNAL_DETECTED | BTCUSDT | SWING_LOW | price=89496.00 | direction=LONG | volume_zscore=0.00 | interval=1
2026-01-23 00:32:03 | ERROR | ALERT_ERROR | BTCUSDT | All connection attempts failed
2026-01-23 00:33:01 | INFO | SIGNAL_DETECTED | ADAUSDT | SWING_HIGH | price=0.36 | direction=SHORT | volume_zscore=0.00 | interval=1
2026-01-23 00:33:01 | INFO | SIGNAL_DETECTED | DOGEUSDT | SWING_HIGH | price=0.13 | direction=SHORT | volume_zscore=0.00 | interval=1
2026-01-23 00:33:01 | INFO | SIGNAL_DETECTED | TRBUSDT | SWING_HIGH | price=20.36 | direction=SHORT | volume_zscore=0.00 | interval=1
2026-01-23 00:33:03 | ERROR | ALERT_ERROR | ADAUSDT | All connection attempts failed
2026-01-23 00:33:03 | ERROR | ALERT_ERROR | DOGEUSDT | All connection attempts failed
2026-01-23 00:33:03 | ERROR | ALERT_ERROR | TRBUSDT | All connection attempts failed
2026-01-23 00:34:01 | INFO | SIGNAL_DETECTED | ETHUSDT | SWING_HIGH | price=2968.28 | direction=SHORT | volume_zscore=0.00 | interval=1
2026-01-23 00:34:01 | INFO | SIGNAL_DETECTED | SUIUSDT | SWING_HIGH | price=1.50 | direction=SHORT | volume_zscore=0.00 | interval=1
2026-01-23 00:34:02 | INFO | SIGNAL_DETECTED | POLUSDT | SWING_HIGH | price=0.13 | direction=SHORT | volume_zscore=0.00 | interval=1
2026-01-23 00:34:02 | INFO | BLOCKED_ALERTS_DISABLED | POLUSDT | SWING_HIGH | price=0.13
2026-01-23 00:34:03 | ERROR | ALERT_ERROR | ETHUSDT | All connection attempts failed
2026-01-23 00:34:04 | ERROR | ALERT_ERROR | SUIUSDT | All connection attempts failed
2026-01-23 00:35:01 | INFO | SIGNAL_DETECTED | TRXUSDT | SWING_HIGH | price=0.31 | direction=SHORT | volume_zscore=0.00 | interval=1
2026-01-23 00:35:01 | INFO | SIGNAL_DETECTED | PAXGUSDT | SWING_HIGH | price=4975.70 | direction=SHORT | volume_zscore=0.00 | interval=1
2026-01-23 00:35:02 | INFO | SIGNAL_DETECTED | POLUSDT | SWING_LOW | price=0.13 | direction=LONG | volume_zscore=0.00 | interval=1
2026-01-23 00:35:02 | INFO | BLOCKED_ALERTS_DISABLED | POLUSDT | SWING_LOW | price=0.13
2026-01-23 00:35:03 | ERROR | ALERT_ERROR | TRXUSDT | All connection attempts failed
2026-01-23 00:35:04 | ERROR | ALERT_ERROR | PAXGUSDT | All connection attempts failed
2026-01-23 00:36:01 | INFO | SIGNAL_DETECTED | DOGEUSDT | SWING_LOW | price=0.13 | direction=LONG | volume_zscore=0.00 | interval=1
2026-01-23 00:36:01 | INFO | SIGNAL_DETECTED | TRXUSDT | SWING_LOW | price=0.31 | direction=LONG | volume_zscore=0.00 | interval=1
2026-01-23 00:36:01 | INFO | SIGNAL_DETECTED | SOLUSDT | SWING_LOW | price=128.49 | direction=LONG | volume_zscore=0.00 | interval=1
2026-01-23 00:36:03 | ERROR | ALERT_ERROR | DOGEUSDT | All connection attempts failed
2026-01-23 00:36:03 | ERROR | ALERT_ERROR | TRXUSDT | All connection attempts failed
2026-01-23 00:36:04 | ERROR | ALERT_ERROR | SOLUSDT | All connection attempts failed
2026-01-23 00:37:01 | INFO | SIGNAL_DETECTED | ADAUSDT | SWING_HIGH | price=0.36 | direction=SHORT | volume_zscore=0.00 | interval=1
2026-01-23 00:37:01 | INFO | SIGNAL_DETECTED | ETHUSDT | SWING_HIGH | price=2970.25 | direction=SHORT | volume_zscore=0.00 | interval=1
2026-01-23 00:37:01 | INFO | SIGNAL_DETECTED | GALAUSDT | SWING_LOW | price=0.01 | direction=LONG | volume_zscore=0.00 | interval=1
2026-01-23 00:37:01 | INFO | SIGNAL_DETECTED | SUIUSDT | SWING_HIGH | price=1.50 | direction=SHORT | volume_zscore=0.00 | interval=1
2026-01-23 00:37:01 | INFO | SIGNAL_DETECTED | BNBUSDT | SWING_HIGH | price=890.70 | direction=SHORT | volume_zscore=0.00 | interval=1
2026-01-23 00:37:03 | ERROR | ALERT_ERROR | ADAUSDT | All connection attempts failed
2026-01-23 00:37:03 | ERROR | ALERT_ERROR | ETHUSDT | All connection attempts failed
2026-01-23 00:37:03 | ERROR | ALERT_ERROR | GALAUSDT | All connection attempts failed
2026-01-23 00:37:04 | ERROR | ALERT_ERROR | SUIUSDT | All connection attempts failed
2026-01-23 00:37:04 | ERROR | ALERT_ERROR | BNBUSDT | All connection attempts failed
2026-01-23 00:38:01 | INFO | SIGNAL_DETECTED | SOLUSDT | SWING_HIGH | price=128.57 | direction=SHORT | volume_zscore=0.00 | interval=1
2026-01-23 00:38:04 | ERROR | ALERT_ERROR | SOLUSDT | All connection attempts failed
2026-01-23 00:39:01 | INFO | SIGNAL_DETECTED | BTCUSDT | SWING_HIGH | price=89660.40 | direction=SHORT | volume_zscore=0.00 | interval=1
2026-01-23 00:39:03 | ERROR | ALERT_ERROR | BTCUSDT | All connection attempts failed
2026-01-23 00:40:01 | INFO | SIGNAL_DETECTED | ADAUSDT | SWING_LOW | price=0.36 | direction=LONG | volume_zscore=0.00 | interval=1
2026-01-23 00:40:01 | INFO | SIGNAL_DETECTED | TRBUSDT | SWING_LOW | price=20.31 | direction=LONG | volume_zscore=0.00 | interval=1
2026-01-23 00:40:01 | INFO | SIGNAL_DETECTED | SUIUSDT | SWING_LOW | price=1.50 | direction=LONG | volume_zscore=0.00 | interval=1
2026-01-23 00:40:03 | ERROR | ALERT_ERROR | ADAUSDT | All connection attempts failed
2026-01-23 00:40:03 | ERROR | ALERT_ERROR | TRBUSDT | All connection attempts failed
2026-01-23 00:40:04 | ERROR | ALERT_ERROR | SUIUSDT | All connection attempts failed
2026-01-23 00:42:01 | INFO | SIGNAL_DETECTED | ETHUSDT | SWING_LOW | price=2967.94 | direction=LONG | volume_zscore=0.00 | interval=1
2026-01-23 00:42:01 | INFO | SIGNAL_DETECTED | TRBUSDT | SWING_HIGH | price=20.32 | direction=SHORT | volume_zscore=0.00 | interval=1
2026-01-23 00:42:01 | INFO | SIGNAL_DETECTED | SUIUSDT | SWING_HIGH | price=1.50 | direction=SHORT | volume_zscore=0.00 | interval=1
2026-01-23 00:42:03 | ERROR | ALERT_ERROR | ETHUSDT | All connection attempts failed
2026-01-23 00:42:03 | ERROR | ALERT_ERROR | TRBUSDT | All connection attempts failed
2026-01-23 00:42:04 | ERROR | ALERT_ERROR | SUIUSDT | All connection attempts failed
2026-01-23 00:43:01 | INFO | SIGNAL_DETECTED | BTCUSDT | SWING_LOW | price=89629.80 | direction=LONG | volume_zscore=0.00 | interval=1
2026-01-23 00:43:03 | ERROR | ALERT_ERROR | BTCUSDT | All connection attempts failed
2026-01-23 00:44:01 | INFO | SIGNAL_DETECTED | DOGEUSDT | SWING_HIGH | price=0.13 | direction=SHORT | volume_zscore=0.00 | interval=1
2026-01-23 00:44:01 | INFO | SIGNAL_DETECTED | ETHUSDT | SWING_HIGH | price=2971.25 | direction=SHORT | volume_zscore=0.00 | interval=1
2026-01-23 00:44:01 | INFO | SIGNAL_DETECTED | SOLUSDT | SWING_HIGH | price=128.67 | direction=SHORT | volume_zscore=0.00 | interval=1
2026-01-23 00:44:03 | ERROR | ALERT_ERROR | DOGEUSDT | All connection attempts failed
2026-01-23 00:44:03 | ERROR | ALERT_ERROR | ETHUSDT | All connection attempts failed
2026-01-23 00:44:04 | ERROR | ALERT_ERROR | SOLUSDT | All connection attempts failed
2026-01-23 00:45:01 | INFO | SIGNAL_DETECTED | BNBUSDT | SWING_HIGH | price=891.10 | direction=SHORT | volume_zscore=0.00 | interval=1
2026-01-23 00:45:04 | ERROR | ALERT_ERROR | BNBUSDT | All connection attempts failed
2026-01-23 00:46:01 | INFO | SIGNAL_DETECTED | SUIUSDT | SWING_HIGH | price=1.50 | direction=SHORT | volume_zscore=0.00 | interval=1
2026-01-23 00:46:02 | INFO | SIGNAL_DETECTED | POLUSDT | SWING_LOW | price=0.13 | direction=LONG | volume_zscore=0.00 | interval=1
2026-01-23 00:46:02 | INFO | BLOCKED_ALERTS_DISABLED | POLUSDT | SWING_LOW | price=0.13
2026-01-23 00:46:04 | ERROR | ALERT_ERROR | SUIUSDT | All connection attempts failed
2026-01-23 00:49:01 | INFO | SIGNAL_DETECTED | BNBUSDT | SWING_LOW | price=890.30 | direction=LONG | volume_zscore=0.00 | interval=1
2026-01-23 00:49:04 | ERROR | ALERT_ERROR | BNBUSDT | All connection attempts failed
2026-01-23 00:50:01 | INFO | SIGNAL_DETECTED | DOGEUSDT | SWING_LOW | price=0.13 | direction=LONG | volume_zscore=0.00 | interval=1
2026-01-23 00:50:01 | INFO | SIGNAL_DETECTED | ETHUSDT | SWING_LOW | price=2969.40 | direction=LONG | volume_zscore=0.00 | interval=1
2026-01-23 00:50:01 | INFO | SIGNAL_DETECTED | GALAUSDT | SWING_LOW | price=0.01 | direction=LONG | volume_zscore=0.00 | interval=1
2026-01-23 00:50:01 | INFO | SIGNAL_DETECTED | XRPUSDT | SWING_LOW | price=1.91 | direction=LONG | volume_zscore=13.74 | interval=1
2026-01-23 00:50:01 | INFO | SIGNAL_DETECTED | TRBUSDT | SWING_LOW | price=20.29 | direction=LONG | volume_zscore=0.00 | interval=1
2026-01-23 00:50:01 | INFO | SIGNAL_DETECTED | SOLUSDT | SWING_LOW | price=128.57 | direction=LONG | volume_zscore=0.00 | interval=1
2026-01-23 00:50:03 | ERROR | ALERT_ERROR | DOGEUSDT | All connection attempts failed
2026-01-23 00:50:03 | ERROR | ALERT_ERROR | ETHUSDT | All connection attempts failed
2026-01-23 00:50:03 | ERROR | ALERT_ERROR | GALAUSDT | All connection attempts failed
2026-01-23 00:50:03 | ERROR | ALERT_ERROR | XRPUSDT | All connection attempts failed
2026-01-23 00:50:03 | ERROR | ALERT_ERROR | TRBUSDT | All connection attempts failed
2026-01-23 00:50:04 | ERROR | ALERT_ERROR | SOLUSDT | All connection attempts failed
2026-01-23 00:51:01 | INFO | SIGNAL_DETECTED | ETHUSDT | SWING_HIGH | price=2969.51 | direction=SHORT | volume_zscore=0.00 | interval=1
2026-01-23 00:51:01 | INFO | SIGNAL_DETECTED | SOLUSDT | SWING_HIGH | price=128.60 | direction=SHORT | volume_zscore=0.00 | interval=1
2026-01-23 00:51:01 | INFO | SIGNAL_DETECTED | BNBUSDT | SWING_HIGH | price=890.80 | direction=SHORT | volume_zscore=0.00 | interval=1
2026-01-23 00:51:02 | INFO | SIGNAL_DETECTED | POLUSDT | SWING_HIGH | price=0.13 | direction=SHORT | volume_zscore=0.00 | interval=1
2026-01-23 00:51:02 | INFO | BLOCKED_ALERTS_DISABLED | POLUSDT | SWING_HIGH | price=0.13
2026-01-23 00:51:03 | ERROR | ALERT_ERROR | ETHUSDT | All connection attempts failed
2026-01-23 00:51:04 | ERROR | ALERT_ERROR | SOLUSDT | All connection attempts failed
2026-01-23 00:51:04 | ERROR | ALERT_ERROR | BNBUSDT | All connection attempts failed
2026-01-23 00:52:01 | INFO | SIGNAL_DETECTED | DOGEUSDT | SWING_HIGH | price=0.13 | direction=SHORT | volume_zscore=0.00 | interval=1
2026-01-23 00:52:01 | INFO | SIGNAL_DETECTED | SUIUSDT | SWING_HIGH | price=1.50 | direction=SHORT | volume_zscore=0.00 | interval=1
2026-01-23 00:52:03 | ERROR | ALERT_ERROR | DOGEUSDT | All connection attempts failed
2026-01-23 00:52:04 | ERROR | ALERT_ERROR | SUIUSDT | All connection attempts failed
2026-01-23 00:53:01 | INFO | SIGNAL_DETECTED | ADAUSDT | SWING_LOW | price=0.36 | direction=LONG | volume_zscore=0.00 | interval=1
2026-01-23 00:53:01 | INFO | SIGNAL_DETECTED | BTCUSDT | SWING_HIGH | price=89623.70 | direction=SHORT | volume_zscore=0.00 | interval=1
2026-01-23 00:53:01 | INFO | SIGNAL_DETECTED | DOGEUSDT | SWING_LOW | price=0.13 | direction=LONG | volume_zscore=0.00 | interval=1
2026-01-23 00:53:01 | INFO | SIGNAL_DETECTED | SOLUSDT | SWING_LOW | price=128.40 | direction=LONG | volume_zscore=0.00 | interval=1
2026-01-23 00:53:01 | INFO | SIGNAL_DETECTED | BNBUSDT | SWING_LOW | price=890.10 | direction=LONG | volume_zscore=0.00 | interval=1
2026-01-23 00:53:01 | INFO | SIGNAL_DETECTED | PAXGUSDT | SWING_HIGH | price=4980.30 | direction=SHORT | volume_zscore=0.00 | interval=1
2026-01-23 00:53:03 | ERROR | ALERT_ERROR | ADAUSDT | All connection attempts failed
2026-01-23 00:53:03 | ERROR | ALERT_ERROR | BTCUSDT | All connection attempts failed
2026-01-23 00:53:03 | ERROR | ALERT_ERROR | DOGEUSDT | All connection attempts failed
2026-01-23 00:53:04 | ERROR | ALERT_ERROR | SOLUSDT | All connection attempts failed
2026-01-23 00:53:04 | ERROR | ALERT_ERROR | BNBUSDT | All connection attempts failed
2026-01-23 00:53:04 | ERROR | ALERT_ERROR | PAXGUSDT | All connection attempts failed
2026-01-23 00:56:01 | INFO | SIGNAL_DETECTED | SOLUSDT | SWING_LOW | price=128.33 | direction=LONG | volume_zscore=0.00 | interval=1
2026-01-23 00:56:04 | ERROR | ALERT_ERROR | SOLUSDT | All connection attempts failed
2026-01-23 00:57:01 | INFO | SIGNAL_DETECTED | ETHUSDT | SWING_LOW | price=2965.80 | direction=LONG | volume_zscore=0.00 | interval=1
2026-01-23 00:57:03 | ERROR | ALERT_ERROR | ETHUSDT | All connection attempts failed
2026-01-23 00:59:01 | INFO | SIGNAL_DETECTED | ADAUSDT | SWING_LOW | price=0.36 | direction=LONG | volume_zscore=0.00 | interval=1
2026-01-23 00:59:01 | INFO | SIGNAL_DETECTED | SUIUSDT | SWING_LOW | price=1.50 | direction=LONG | volume_zscore=0.00 | interval=1
2026-01-23 00:59:03 | ERROR | ALERT_ERROR | ADAUSDT | All connection attempts failed
2026-01-23 00:59:04 | ERROR | ALERT_ERROR | SUIUSDT | All connection attempts failed
2026-01-23 01:01:01 | INFO | SIGNAL_DETECTED | BTCUSDT | SWING_LOW | price=89490.60 | direction=LONG | volume_zscore=0.00 | interval=1
2026-01-23 01:01:03 | ERROR | ALERT_ERROR | BTCUSDT | All connection attempts failed
2026-01-23 01:02:01 | INFO | SIGNAL_DETECTED | ADAUSDT | SWING_HIGH | price=0.36 | direction=SHORT | volume_zscore=0.00 | interval=1
2026-01-23 01:02:01 | INFO | SIGNAL_DETECTED | DOGEUSDT | SWING_HIGH | price=0.13 | direction=SHORT | volume_zscore=0.00 | interval=1
2026-01-23 01:02:01 | INFO | SIGNAL_DETECTED | BNBUSDT | SWING_HIGH | price=891.00 | direction=SHORT | volume_zscore=0.00 | interval=1
2026-01-23 01:02:03 | ERROR | ALERT_ERROR | ADAUSDT | All connection attempts failed
2026-01-23 01:02:03 | ERROR | ALERT_ERROR | DOGEUSDT | All connection attempts failed
2026-01-23 01:02:04 | ERROR | ALERT_ERROR | BNBUSDT | All connection attempts failed
2026-01-23 01:04:01 | INFO | SIGNAL_DETECTED | ETHUSDT | SWING_LOW | price=2965.65 | direction=LONG | volume_zscore=0.00 | interval=1
2026-01-23 01:04:01 | INFO | SIGNAL_DETECTED | TRXUSDT | SWING_LOW | price=0.31 | direction=LONG | volume_zscore=0.00 | interval=1
2026-01-23 01:04:03 | ERROR | ALERT_ERROR | ETHUSDT | All connection attempts failed
2026-01-23 01:04:03 | ERROR | ALERT_ERROR | TRXUSDT | All connection attempts failed
2026-01-23 01:05:01 | INFO | SIGNAL_DETECTED | GALAUSDT | SWING_LOW | price=0.01 | direction=LONG | volume_zscore=0.00 | interval=1
2026-01-23 01:05:03 | ERROR | ALERT_ERROR | GALAUSDT | All connection attempts failed
2026-01-23 01:08:01 | INFO | SIGNAL_DETECTED | PAXGUSDT | SWING_LOW | price=4972.40 | direction=LONG | volume_zscore=0.00 | interval=1
2026-01-23 01:08:02 | INFO | SIGNAL_DETECTED | POLUSDT | SWING_HIGH | price=0.13 | direction=SHORT | volume_zscore=0.00 | interval=1
2026-01-23 01:08:02 | INFO | BLOCKED_ALERTS_DISABLED | POLUSDT | SWING_HIGH | price=0.13
2026-01-23 01:08:04 | ERROR | ALERT_ERROR | PAXGUSDT | All connection attempts failed
2026-01-23 01:09:01 | INFO | SIGNAL_DETECTED | SOLUSDT | SWING_HIGH | price=128.91 | direction=SHORT | volume_zscore=0.00 | interval=1
2026-01-23 01:09:04 | ERROR | ALERT_ERROR | SOLUSDT | All connection attempts failed
2026-01-23 01:10:01 | INFO | SIGNAL_DETECTED | ADAUSDT | SWING_HIGH | price=0.36 | direction=SHORT | volume_zscore=0.00 | interval=1
2026-01-23 01:10:01 | INFO | SIGNAL_DETECTED | DOGEUSDT | SWING_HIGH | price=0.13 | direction=SHORT | volume_zscore=0.00 | interval=1
2026-01-23 01:10:01 | INFO | SIGNAL_DETECTED | ETHUSDT | SWING_HIGH | price=2973.46 | direction=SHORT | volume_zscore=0.00 | interval=1
2026-01-23 01:10:01 | INFO | SIGNAL_DETECTED | TRXUSDT | SWING_HIGH | price=0.31 | direction=SHORT | volume_zscore=0.00 | interval=1
2026-01-23 01:10:03 | ERROR | ALERT_ERROR | ADAUSDT | All connection attempts failed
2026-01-23 01:10:03 | ERROR | ALERT_ERROR | DOGEUSDT | All connection attempts failed
2026-01-23 01:10:03 | ERROR | ALERT_ERROR | ETHUSDT | All connection attempts failed
2026-01-23 01:10:04 | ERROR | ALERT_ERROR | TRXUSDT | All connection attempts failed
2026-01-23 01:11:02 | INFO | SIGNAL_DETECTED | POLUSDT | SWING_LOW | price=0.13 | direction=LONG | volume_zscore=0.00 | interval=1
2026-01-23 01:11:02 | INFO | BLOCKED_ALERTS_DISABLED | POLUSDT | SWING_LOW | price=0.13
2026-01-23 01:12:01 | INFO | SIGNAL_DETECTED | BTCUSDT | SWING_HIGH | price=89738.00 | direction=SHORT | volume_zscore=0.00 | interval=1
2026-01-23 01:12:03 | ERROR | ALERT_ERROR | BTCUSDT | All connection attempts failed
2026-01-23 01:13:01 | INFO | SIGNAL_DETECTED | TRXUSDT | SWING_LOW | price=0.31 | direction=LONG | volume_zscore=0.00 | interval=1
2026-01-23 01:13:04 | ERROR | ALERT_ERROR | TRXUSDT | All connection attempts failed
2026-01-23 01:14:01 | INFO | SIGNAL_DETECTED | ADAUSDT | SWING_HIGH | price=0.36 | direction=SHORT | volume_zscore=0.00 | interval=1
2026-01-23 01:14:01 | INFO | SIGNAL_DETECTED | TRBUSDT | SWING_LOW | price=20.36 | direction=LONG | volume_zscore=0.00 | interval=1
2026-01-23 01:14:01 | INFO | SIGNAL_DETECTED | SUIUSDT | SWING_LOW | price=1.51 | direction=LONG | volume_zscore=0.00 | interval=1
2026-01-23 01:14:03 | ERROR | ALERT_ERROR | ADAUSDT | All connection attempts failed
2026-01-23 01:14:03 | ERROR | ALERT_ERROR | TRBUSDT | All connection attempts failed
2026-01-23 01:14:04 | ERROR | ALERT_ERROR | SUIUSDT | All connection attempts failed
2026-01-23 01:15:01 | INFO | SIGNAL_DETECTED | ETHUSDT | SWING_LOW | price=2971.45 | direction=LONG | volume_zscore=0.00 | interval=1
2026-01-23 01:15:01 | INFO | SIGNAL_DETECTED | PAXGUSDT | SWING_LOW | price=4963.90 | direction=LONG | volume_zscore=0.00 | interval=1
2026-01-23 01:15:03 | ERROR | ALERT_ERROR | ETHUSDT | All connection attempts failed
2026-01-23 01:15:04 | ERROR | ALERT_ERROR | PAXGUSDT | All connection attempts failed
2026-01-23 01:17:01 | INFO | SIGNAL_DETECTED | XRPUSDT | SWING_HIGH | price=1.91 | direction=SHORT | volume_zscore=2.28 | interval=1
2026-01-23 01:17:01 | INFO | SIGNAL_DETECTED | TRBUSDT | SWING_HIGH | price=20.35 | direction=SHORT | volume_zscore=0.00 | interval=1
2026-01-23 01:17:01 | INFO | SIGNAL_DETECTED | TRXUSDT | SWING_HIGH | price=0.31 | direction=SHORT | volume_zscore=0.00 | interval=1
2026-01-23 01:17:01 | INFO | SIGNAL_DETECTED | SUIUSDT | SWING_HIGH | price=1.51 | direction=SHORT | volume_zscore=0.00 | interval=1
2026-01-23 01:17:03 | ERROR | ALERT_ERROR | XRPUSDT | All connection attempts failed
2026-01-23 01:17:03 | ERROR | ALERT_ERROR | TRBUSDT | All connection attempts failed
2026-01-23 01:17:04 | ERROR | ALERT_ERROR | TRXUSDT | All connection attempts failed
2026-01-23 01:17:04 | ERROR | ALERT_ERROR | SUIUSDT | All connection attempts failed
2026-01-23 01:18:01 | INFO | SIGNAL_DETECTED | ETHUSDT | SWING_LOW | price=2968.71 | direction=LONG | volume_zscore=0.00 | interval=1
2026-01-23 01:18:03 | ERROR | ALERT_ERROR | ETHUSDT | All connection attempts failed
2026-01-23 01:19:01 | INFO | SIGNAL_DETECTED | DOGEUSDT | SWING_LOW | price=0.13 | direction=LONG | volume_zscore=0.00 | interval=1
2026-01-23 01:19:01 | INFO | SIGNAL_DETECTED | GALAUSDT | SWING_LOW | price=0.01 | direction=LONG | volume_zscore=0.00 | interval=1
2026-01-23 01:19:01 | INFO | SIGNAL_DETECTED | SUIUSDT | SWING_LOW | price=1.51 | direction=LONG | volume_zscore=0.00 | interval=1
2026-01-23 01:19:01 | INFO | SIGNAL_DETECTED | PAXGUSDT | SWING_HIGH | price=4967.30 | direction=SHORT | volume_zscore=0.00 | interval=1
2026-01-23 01:19:02 | INFO | SIGNAL_DETECTED | POLUSDT | SWING_LOW | price=0.13 | direction=LONG | volume_zscore=0.00 | interval=1
2026-01-23 01:19:02 | INFO | BLOCKED_ALERTS_DISABLED | POLUSDT | SWING_LOW | price=0.13
2026-01-23 01:19:03 | ERROR | ALERT_ERROR | DOGEUSDT | All connection attempts failed
2026-01-23 01:19:03 | ERROR | ALERT_ERROR | GALAUSDT | All connection attempts failed
2026-01-23 01:19:04 | ERROR | ALERT_ERROR | SUIUSDT | All connection attempts failed
2026-01-23 01:19:04 | ERROR | ALERT_ERROR | PAXGUSDT | All connection attempts failed
2026-01-23 01:20:01 | INFO | SIGNAL_DETECTED | SOLUSDT | SWING_HIGH | price=129.00 | direction=SHORT | volume_zscore=0.00 | interval=1
2026-01-23 01:20:02 | INFO | SIGNAL_DETECTED | BTCUSDT | SWING_LOW | price=89665.20 | direction=LONG | volume_zscore=0.00 | interval=1
2026-01-23 01:20:04 | ERROR | ALERT_ERROR | SOLUSDT | All connection attempts failed
2026-01-23 01:20:04 | ERROR | ALERT_ERROR | BTCUSDT | All connection attempts failed
2026-01-23 01:21:01 | INFO | SIGNAL_DETECTED | ETHUSDT | SWING_HIGH | price=2969.84 | direction=SHORT | volume_zscore=0.00 | interval=1
2026-01-23 01:21:03 | ERROR | ALERT_ERROR | ETHUSDT | All connection attempts failed
2026-01-23 01:23:02 | INFO | SIGNAL_DETECTED | POLUSDT | SWING_HIGH | price=0.13 | direction=SHORT | volume_zscore=0.00 | interval=1
2026-01-23 01:23:02 | INFO | BLOCKED_ALERTS_DISABLED | POLUSDT | SWING_HIGH | price=0.13
2026-01-23 01:24:01 | INFO | SIGNAL_DETECTED | ETHUSDT | SWING_HIGH | price=2971.37 | direction=SHORT | volume_zscore=0.00 | interval=1
2026-01-23 01:24:01 | INFO | SIGNAL_DETECTED | TRBUSDT | SWING_HIGH | price=20.37 | direction=SHORT | volume_zscore=0.00 | interval=1
2026-01-23 01:24:01 | INFO | SIGNAL_DETECTED | TRXUSDT | SWING_HIGH | price=0.31 | direction=SHORT | volume_zscore=0.00 | interval=1
2026-01-23 01:24:01 | INFO | SIGNAL_DETECTED | SOLUSDT | SWING_HIGH | price=129.04 | direction=SHORT | volume_zscore=0.00 | interval=1
2026-01-23 01:24:01 | INFO | SIGNAL_DETECTED | SUIUSDT | SWING_HIGH | price=1.51 | direction=SHORT | volume_zscore=0.00 | interval=1
2026-01-23 01:24:03 | ERROR | ALERT_ERROR | ETHUSDT | All connection attempts failed
2026-01-23 01:24:03 | ERROR | ALERT_ERROR | TRBUSDT | All connection attempts failed
2026-01-23 01:24:04 | ERROR | ALERT_ERROR | TRXUSDT | All connection attempts failed
2026-01-23 01:24:04 | ERROR | ALERT_ERROR | SOLUSDT | All connection attempts failed
2026-01-23 01:24:04 | ERROR | ALERT_ERROR | SUIUSDT | All connection attempts failed
2026-01-23 01:29:01 | INFO | SIGNAL_DETECTED | TRXUSDT | SWING_HIGH | price=0.31 | direction=SHORT | volume_zscore=0.00 | interval=1
2026-01-23 01:29:04 | ERROR | ALERT_ERROR | TRXUSDT | All connection attempts failed
2026-01-23 01:30:01 | INFO | SIGNAL_DETECTED | GALAUSDT | SWING_LOW | price=0.01 | direction=LONG | volume_zscore=0.00 | interval=1
2026-01-23 01:30:03 | ERROR | ALERT_ERROR | GALAUSDT | All connection attempts failed
2026-01-23 01:31:01 | INFO | SIGNAL_DETECTED | ADAUSDT | SWING_LOW | price=0.36 | direction=LONG | volume_zscore=0.00 | interval=1
2026-01-23 01:31:01 | INFO | SIGNAL_DETECTED | DOGEUSDT | SWING_LOW | price=0.13 | direction=LONG | volume_zscore=0.00 | interval=1
2026-01-23 01:31:01 | INFO | SIGNAL_DETECTED | ETHUSDT | SWING_LOW | price=2943.25 | direction=LONG | volume_zscore=0.00 | interval=1
2026-01-23 01:31:01 | INFO | SIGNAL_DETECTED | XRPUSDT | SWING_LOW | price=1.90 | direction=LONG | volume_zscore=2.80 | interval=1
2026-01-23 01:31:01 | INFO | SIGNAL_DETECTED | TRBUSDT | SWING_LOW | price=20.23 | direction=LONG | volume_zscore=0.00 | interval=1
2026-01-23 01:31:01 | INFO | SIGNAL_DETECTED | TRXUSDT | SWING_LOW | price=0.31 | direction=LONG | volume_zscore=0.00 | interval=1
2026-01-23 01:31:01 | INFO | SIGNAL_DETECTED | SOLUSDT | SWING_LOW | price=128.25 | direction=LONG | volume_zscore=0.00 | interval=1
2026-01-23 01:31:01 | INFO | SIGNAL_DETECTED | SUIUSDT | SWING_LOW | price=1.50 | direction=LONG | volume_zscore=0.00 | interval=1
2026-01-23 01:31:01 | INFO | SIGNAL_DETECTED | BNBUSDT | SWING_LOW | price=889.00 | direction=LONG | volume_zscore=0.00 | interval=1
2026-01-23 01:31:02 | INFO | SIGNAL_DETECTED | POLUSDT | SWING_LOW | price=0.13 | direction=LONG | volume_zscore=0.00 | interval=1
2026-01-23 01:31:02 | INFO | BLOCKED_ALERTS_DISABLED | POLUSDT | SWING_LOW | price=0.13
2026-01-23 01:31:03 | ERROR | ALERT_ERROR | ADAUSDT | All connection attempts failed
2026-01-23 01:31:03 | ERROR | ALERT_ERROR | DOGEUSDT | All connection attempts failed
2026-01-23 01:31:03 | ERROR | ALERT_ERROR | ETHUSDT | All connection attempts failed
2026-01-23 01:31:03 | ERROR | ALERT_ERROR | XRPUSDT | All connection attempts failed
2026-01-23 01:31:03 | ERROR | ALERT_ERROR | TRBUSDT | All connection attempts failed
2026-01-23 01:31:04 | ERROR | ALERT_ERROR | TRXUSDT | All connection attempts failed
2026-01-23 01:31:04 | ERROR | ALERT_ERROR | SOLUSDT | All connection attempts failed
2026-01-23 01:31:04 | ERROR | ALERT_ERROR | SUIUSDT | All connection attempts failed
2026-01-23 01:31:04 | ERROR | ALERT_ERROR | BNBUSDT | All connection attempts failed
2026-01-23 01:33:01 | INFO | SIGNAL_DETECTED | BTCUSDT | SWING_LOW | price=89432.20 | direction=LONG | volume_zscore=0.00 | interval=1
2026-01-23 01:33:03 | ERROR | ALERT_ERROR | BTCUSDT | All connection attempts failed
2026-01-23 01:34:01 | INFO | SIGNAL_DETECTED | PAXGUSDT | SWING_HIGH | price=4969.00 | direction=SHORT | volume_zscore=0.00 | interval=1
2026-01-23 01:34:04 | ERROR | ALERT_ERROR | PAXGUSDT | All connection attempts failed
2026-01-23 01:35:01 | INFO | SIGNAL_DETECTED | ETHUSDT | SWING_HIGH | price=2946.45 | direction=SHORT | volume_zscore=0.00 | interval=1
2026-01-23 01:35:03 | ERROR | ALERT_ERROR | ETHUSDT | All connection attempts failed
2026-01-23 01:36:01 | INFO | SIGNAL_DETECTED | TRXUSDT | SWING_HIGH | price=0.31 | direction=SHORT | volume_zscore=0.00 | interval=1
2026-01-23 01:36:01 | INFO | SIGNAL_DETECTED | SOLUSDT | SWING_HIGH | price=128.37 | direction=SHORT | volume_zscore=0.00 | interval=1
2026-01-23 01:36:01 | INFO | SIGNAL_DETECTED | SUIUSDT | SWING_HIGH | price=1.50 | direction=SHORT | volume_zscore=0.00 | interval=1
2026-01-23 01:36:04 | ERROR | ALERT_ERROR | TRXUSDT | All connection attempts failed
2026-01-23 01:36:04 | ERROR | ALERT_ERROR | SOLUSDT | All connection attempts failed
2026-01-23 01:36:04 | ERROR | ALERT_ERROR | SUIUSDT | All connection attempts failed
2026-01-23 01:37:01 | INFO | SIGNAL_DETECTED | TRXUSDT | SWING_LOW | price=0.31 | direction=LONG | volume_zscore=0.00 | interval=1
2026-01-23 01:37:01 | INFO | SIGNAL_DETECTED | PAXGUSDT | SWING_LOW | price=4969.40 | direction=LONG | volume_zscore=0.00 | interval=1
2026-01-23 01:37:04 | ERROR | ALERT_ERROR | TRXUSDT | All connection attempts failed
2026-01-23 01:37:04 | ERROR | ALERT_ERROR | PAXGUSDT | All connection attempts failed
2026-01-23 01:39:01 | INFO | SIGNAL_DETECTED | ADAUSDT | SWING_LOW | price=0.36 | direction=LONG | volume_zscore=0.00 | interval=1
2026-01-23 01:39:01 | INFO | SIGNAL_DETECTED | BTCUSDT | SWING_HIGH | price=89529.40 | direction=SHORT | volume_zscore=0.00 | interval=1
2026-01-23 01:39:01 | INFO | SIGNAL_DETECTED | DOGEUSDT | SWING_LOW | price=0.13 | direction=LONG | volume_zscore=0.00 | interval=1
2026-01-23 01:39:01 | INFO | SIGNAL_DETECTED | ETHUSDT | SWING_LOW | price=2943.90 | direction=LONG | volume_zscore=0.00 | interval=1
2026-01-23 01:39:01 | INFO | SIGNAL_DETECTED | GALAUSDT | SWING_LOW | price=0.01 | direction=LONG | volume_zscore=0.00 | interval=1
2026-01-23 01:39:01 | INFO | SIGNAL_DETECTED | TRBUSDT | SWING_LOW | price=20.27 | direction=LONG | volume_zscore=0.00 | interval=1
2026-01-23 01:39:01 | INFO | SIGNAL_DETECTED | SOLUSDT | SWING_LOW | price=128.24 | direction=LONG | volume_zscore=0.00 | interval=1
2026-01-23 01:39:01 | INFO | SIGNAL_DETECTED | SUIUSDT | SWING_LOW | price=1.50 | direction=LONG | volume_zscore=0.00 | interval=1
2026-01-23 01:39:01 | INFO | SIGNAL_DETECTED | BNBUSDT | SWING_LOW | price=889.90 | direction=LONG | volume_zscore=0.00 | interval=1
2026-01-23 01:39:01 | INFO | SIGNAL_DETECTED | PAXGUSDT | SWING_HIGH | price=4969.90 | direction=SHORT | volume_zscore=0.00 | interval=1
2026-01-23 01:39:02 | INFO | SIGNAL_DETECTED | POLUSDT | SWING_LOW | price=0.13 | direction=LONG | volume_zscore=0.00 | interval=1
2026-01-23 01:39:02 | INFO | BLOCKED_ALERTS_DISABLED | POLUSDT | SWING_LOW | price=0.13
2026-01-23 01:39:03 | ERROR | ALERT_ERROR | ADAUSDT | All connection attempts failed
2026-01-23 01:39:03 | ERROR | ALERT_ERROR | BTCUSDT | All connection attempts failed
2026-01-23 01:39:03 | ERROR | ALERT_ERROR | DOGEUSDT | All connection attempts failed
2026-01-23 01:39:03 | ERROR | ALERT_ERROR | ETHUSDT | All connection attempts failed
2026-01-23 01:39:03 | ERROR | ALERT_ERROR | GALAUSDT | All connection attempts failed
2026-01-23 01:39:04 | ERROR | ALERT_ERROR | TRBUSDT | All connection attempts failed
2026-01-23 01:39:04 | ERROR | ALERT_ERROR | SOLUSDT | All connection attempts failed
2026-01-23 01:39:04 | ERROR | ALERT_ERROR | SUIUSDT | All connection attempts failed
2026-01-23 01:39:04 | ERROR | ALERT_ERROR | PAXGUSDT | All connection attempts failed
2026-01-23 01:39:04 | ERROR | ALERT_ERROR | BNBUSDT | All connection attempts failed
2026-01-23 01:40:01 | INFO | SIGNAL_DETECTED | TRBUSDT | SWING_HIGH | price=20.28 | direction=SHORT | volume_zscore=0.00 | interval=1
2026-01-23 01:40:03 | ERROR | ALERT_ERROR | TRBUSDT | All connection attempts failed
2026-01-23 01:41:01 | INFO | SIGNAL_DETECTED | BTCUSDT | SWING_LOW | price=89490.00 | direction=LONG | volume_zscore=0.00 | interval=1
2026-01-23 01:41:03 | ERROR | ALERT_ERROR | BTCUSDT | All connection attempts failed
2026-01-23 01:43:01 | INFO | SIGNAL_DETECTED | PAXGUSDT | SWING_LOW | price=4967.30 | direction=LONG | volume_zscore=0.00 | interval=1
2026-01-23 01:43:04 | ERROR | ALERT_ERROR | PAXGUSDT | All connection attempts failed
2026-01-23 01:45:01 | INFO | SIGNAL_DETECTED | ADAUSDT | SWING_HIGH | price=0.36 | direction=SHORT | volume_zscore=0.00 | interval=1
2026-01-23 01:45:01 | INFO | SIGNAL_DETECTED | DOGEUSDT | SWING_HIGH | price=0.13 | direction=SHORT | volume_zscore=0.00 | interval=1
2026-01-23 01:45:01 | INFO | SIGNAL_DETECTED | TRBUSDT | SWING_HIGH | price=20.33 | direction=SHORT | volume_zscore=0.00 | interval=1
2026-01-23 01:45:01 | INFO | SIGNAL_DETECTED | TRXUSDT | SWING_HIGH | price=0.31 | direction=SHORT | volume_zscore=0.00 | interval=1
2026-01-23 01:45:01 | INFO | SIGNAL_DETECTED | SUIUSDT | SWING_HIGH | price=1.50 | direction=SHORT | volume_zscore=0.00 | interval=1
2026-01-23 01:45:02 | INFO | SIGNAL_DETECTED | POLUSDT | SWING_HIGH | price=0.13 | direction=SHORT | volume_zscore=0.00 | interval=1
2026-01-23 01:45:02 | INFO | BLOCKED_ALERTS_DISABLED | POLUSDT | SWING_HIGH | price=0.13
2026-01-23 01:45:03 | ERROR | ALERT_ERROR | ADAUSDT | All connection attempts failed
2026-01-23 01:45:03 | ERROR | ALERT_ERROR | DOGEUSDT | All connection attempts failed
2026-01-23 01:45:03 | ERROR | ALERT_ERROR | TRBUSDT | All connection attempts failed
2026-01-23 01:45:04 | ERROR | ALERT_ERROR | TRXUSDT | All connection attempts failed
2026-01-23 01:45:04 | ERROR | ALERT_ERROR | SUIUSDT | All connection attempts failed
2026-01-23 01:47:01 | INFO | SIGNAL_DETECTED | BTCUSDT | SWING_HIGH | price=89584.60 | direction=SHORT | volume_zscore=0.00 | interval=1
2026-01-23 01:47:01 | INFO | SIGNAL_DETECTED | PAXGUSDT | SWING_HIGH | price=4968.60 | direction=SHORT | volume_zscore=0.00 | interval=1
2026-01-23 01:47:03 | ERROR | ALERT_ERROR | BTCUSDT | All connection attempts failed
2026-01-23 01:47:04 | ERROR | ALERT_ERROR | PAXGUSDT | All connection attempts failed
2026-01-23 01:48:01 | INFO | SIGNAL_DETECTED | ETHUSDT | SWING_HIGH | price=2947.72 | direction=SHORT | volume_zscore=0.00 | interval=1
2026-01-23 01:48:01 | INFO | SIGNAL_DETECTED | TRXUSDT | SWING_LOW | price=0.31 | direction=LONG | volume_zscore=0.00 | interval=1
2026-01-23 01:48:01 | INFO | SIGNAL_DETECTED | BNBUSDT | SWING_HIGH | price=891.50 | direction=SHORT | volume_zscore=0.00 | interval=1
2026-01-23 01:48:03 | ERROR | ALERT_ERROR | ETHUSDT | All connection attempts failed
2026-01-23 01:48:04 | ERROR | ALERT_ERROR | TRXUSDT | All connection attempts failed
2026-01-23 01:48:04 | ERROR | ALERT_ERROR | BNBUSDT | All connection attempts failed
2026-01-23 01:50:01 | INFO | SIGNAL_DETECTED | DOGEUSDT | SWING_LOW | price=0.13 | direction=LONG | volume_zscore=0.00 | interval=1
2026-01-23 01:50:03 | ERROR | ALERT_ERROR | DOGEUSDT | All connection attempts failed
2026-01-23 01:51:01 | INFO | SIGNAL_DETECTED | ADAUSDT | SWING_LOW | price=0.36 | direction=LONG | volume_zscore=0.00 | interval=1
2026-01-23 01:51:01 | INFO | SIGNAL_DETECTED | BTCUSDT | SWING_LOW | price=89566.60 | direction=LONG | volume_zscore=0.00 | interval=1
2026-01-23 01:51:01 | INFO | SIGNAL_DETECTED | ETHUSDT | SWING_LOW | price=2946.57 | direction=LONG | volume_zscore=0.00 | interval=1
2026-01-23 01:51:01 | INFO | SIGNAL_DETECTED | TRBUSDT | SWING_LOW | price=20.27 | direction=LONG | volume_zscore=0.00 | interval=1
2026-01-23 01:51:01 | INFO | SIGNAL_DETECTED | SOLUSDT | SWING_LOW | price=128.05 | direction=LONG | volume_zscore=0.00 | interval=1
2026-01-23 01:51:01 | INFO | SIGNAL_DETECTED | SUIUSDT | SWING_LOW | price=1.50 | direction=LONG | volume_zscore=0.00 | interval=1
2026-01-23 01:51:01 | INFO | SIGNAL_DETECTED | BNBUSDT | SWING_LOW | price=890.90 | direction=LONG | volume_zscore=0.00 | interval=1
2026-01-23 01:51:01 | INFO | SIGNAL_DETECTED | PAXGUSDT | SWING_LOW | price=4966.10 | direction=LONG | volume_zscore=0.00 | interval=1
2026-01-23 01:51:02 | INFO | SIGNAL_DETECTED | POLUSDT | SWING_LOW | price=0.13 | direction=LONG | volume_zscore=0.00 | interval=1
2026-01-23 01:51:02 | INFO | BLOCKED_ALERTS_DISABLED | POLUSDT | SWING_LOW | price=0.13
2026-01-23 01:51:03 | ERROR | ALERT_ERROR | ADAUSDT | All connection attempts failed
2026-01-23 01:51:03 | ERROR | ALERT_ERROR | BTCUSDT | All connection attempts failed
2026-01-23 01:51:03 | ERROR | ALERT_ERROR | ETHUSDT | All connection attempts failed
2026-01-23 01:51:04 | ERROR | ALERT_ERROR | TRBUSDT | All connection attempts failed
2026-01-23 01:51:04 | ERROR | ALERT_ERROR | SOLUSDT | All connection attempts failed
2026-01-23 01:51:04 | ERROR | ALERT_ERROR | BNBUSDT | All connection attempts failed
2026-01-23 01:51:04 | ERROR | ALERT_ERROR | SUIUSDT | All connection attempts failed
2026-01-23 01:51:04 | ERROR | ALERT_ERROR | PAXGUSDT | All connection attempts failed
2026-01-23 01:52:01 | INFO | SIGNAL_DETECTED | GALAUSDT | SWING_LOW | price=0.01 | direction=LONG | volume_zscore=0.00 | interval=1
2026-01-23 01:52:03 | ERROR | ALERT_ERROR | GALAUSDT | All connection attempts failed
2026-01-23 01:53:01 | INFO | SIGNAL_DETECTED | SUIUSDT | SWING_HIGH | price=1.50 | direction=SHORT | volume_zscore=0.00 | interval=1
2026-01-23 01:53:04 | ERROR | ALERT_ERROR | SUIUSDT | All connection attempts failed
2026-01-23 01:54:01 | INFO | SIGNAL_DETECTED | TRBUSDT | SWING_LOW | price=20.27 | direction=LONG | volume_zscore=0.00 | interval=1
2026-01-23 01:54:04 | ERROR | ALERT_ERROR | TRBUSDT | All connection attempts failed
2026-01-23 01:55:01 | INFO | SIGNAL_DETECTED | TRXUSDT | SWING_HIGH | price=0.31 | direction=SHORT | volume_zscore=0.00 | interval=1
2026-01-23 01:55:01 | INFO | SIGNAL_DETECTED | BNBUSDT | SWING_HIGH | price=891.00 | direction=SHORT | volume_zscore=0.00 | interval=1
2026-01-23 01:55:04 | ERROR | ALERT_ERROR | TRXUSDT | All connection attempts failed
2026-01-23 01:55:04 | ERROR | ALERT_ERROR | BNBUSDT | All connection attempts failed
2026-01-23 01:58:01 | INFO | SIGNAL_DETECTED | PAXGUSDT | SWING_HIGH | price=4968.90 | direction=SHORT | volume_zscore=0.00 | interval=1
2026-01-23 01:58:04 | ERROR | ALERT_ERROR | PAXGUSDT | All connection attempts failed
2026-01-23 01:59:01 | INFO | SIGNAL_DETECTED | ETHUSDT | SWING_LOW | price=2936.44 | direction=LONG | volume_zscore=0.00 | interval=1
2026-01-23 01:59:01 | INFO | SIGNAL_DETECTED | TRXUSDT | SWING_HIGH | price=0.31 | direction=SHORT | volume_zscore=0.00 | interval=1
2026-01-23 01:59:03 | ERROR | ALERT_ERROR | ETHUSDT | All connection attempts failed
2026-01-23 01:59:04 | ERROR | ALERT_ERROR | TRXUSDT | All connection attempts failed
2026-01-23 02:00:01 | INFO | SIGNAL_DETECTED | DOGEUSDT | SWING_LOW | price=0.12 | direction=LONG | volume_zscore=0.00 | interval=1
2026-01-23 02:00:03 | ERROR | ALERT_ERROR | DOGEUSDT | All connection attempts failed
2026-01-23 02:01:01 | INFO | SIGNAL_DETECTED | ADAUSDT | SWING_LOW | price=0.36 | direction=LONG | volume_zscore=0.00 | interval=1
2026-01-23 02:01:01 | INFO | SIGNAL_DETECTED | SOLUSDT | SWING_LOW | price=127.35 | direction=LONG | volume_zscore=0.00 | interval=1
2026-01-23 02:01:01 | INFO | SIGNAL_DETECTED | SUIUSDT | SWING_LOW | price=1.50 | direction=LONG | volume_zscore=0.00 | interval=1
2026-01-23 02:01:03 | ERROR | ALERT_ERROR | ADAUSDT | All connection attempts failed
2026-01-23 02:01:04 | ERROR | ALERT_ERROR | SOLUSDT | All connection attempts failed
2026-01-23 02:01:04 | ERROR | ALERT_ERROR | SUIUSDT | All connection attempts failed
2026-01-23 02:02:01 | INFO | SIGNAL_DETECTED | GALAUSDT | SWING_LOW | price=0.01 | direction=LONG | volume_zscore=0.00 | interval=1
2026-01-23 02:02:02 | INFO | SIGNAL_DETECTED | PAXGUSDT | SWING_HIGH | price=4970.10 | direction=SHORT | volume_zscore=0.00 | interval=1
2026-01-23 02:02:02 | INFO | SIGNAL_DETECTED | POLUSDT | SWING_LOW | price=0.13 | direction=LONG | volume_zscore=0.00 | interval=1
2026-01-23 02:02:02 | INFO | BLOCKED_ALERTS_DISABLED | POLUSDT | SWING_LOW | price=0.13
2026-01-23 02:02:03 | ERROR | ALERT_ERROR | GALAUSDT | All connection attempts failed
2026-01-23 02:02:04 | ERROR | ALERT_ERROR | PAXGUSDT | All connection attempts failed
2026-01-23 02:03:01 | INFO | SIGNAL_DETECTED | ETHUSDT | SWING_HIGH | price=2940.32 | direction=SHORT | volume_zscore=0.00 | interval=1
2026-01-23 02:03:01 | INFO | SIGNAL_DETECTED | SUIUSDT | SWING_HIGH | price=1.50 | direction=SHORT | volume_zscore=0.00 | interval=1
2026-01-23 02:03:03 | ERROR | ALERT_ERROR | ETHUSDT | All connection attempts failed
2026-01-23 02:03:04 | ERROR | ALERT_ERROR | SUIUSDT | All connection attempts failed
2026-01-23 02:04:01 | INFO | SIGNAL_DETECTED | DOGEUSDT | SWING_HIGH | price=0.13 | direction=SHORT | volume_zscore=0.00 | interval=1
2026-01-23 02:04:01 | INFO | SIGNAL_DETECTED | TRBUSDT | SWING_HIGH | price=20.23 | direction=SHORT | volume_zscore=0.00 | interval=1
2026-01-23 02:04:01 | INFO | SIGNAL_DETECTED | TRXUSDT | SWING_HIGH | price=0.31 | direction=SHORT | volume_zscore=0.00 | interval=1
2026-01-23 02:04:03 | ERROR | ALERT_ERROR | DOGEUSDT | All connection attempts failed
2026-01-23 02:04:04 | ERROR | ALERT_ERROR | TRBUSDT | All connection attempts failed
2026-01-23 02:04:04 | ERROR | ALERT_ERROR | TRXUSDT | All connection attempts failed
2026-01-23 02:05:01 | INFO | SIGNAL_DETECTED | BTCUSDT | SWING_HIGH | price=89492.80 | direction=SHORT | volume_zscore=0.00 | interval=1
2026-01-23 02:05:01 | INFO | SIGNAL_DETECTED | TRXUSDT | SWING_LOW | price=0.31 | direction=LONG | volume_zscore=0.00 | interval=1
2026-01-23 02:05:03 | ERROR | ALERT_ERROR | BTCUSDT | All connection attempts failed
2026-01-23 02:05:04 | ERROR | ALERT_ERROR | TRXUSDT | All connection attempts failed
2026-01-23 02:06:02 | INFO | SIGNAL_DETECTED | PAXGUSDT | SWING_LOW | price=4968.20 | direction=LONG | volume_zscore=0.00 | interval=1
2026-01-23 02:06:04 | ERROR | ALERT_ERROR | PAXGUSDT | All connection attempts failed
2026-01-23 02:07:01 | INFO | SIGNAL_DETECTED | ADAUSDT | SWING_LOW | price=0.36 | direction=LONG | volume_zscore=0.00 | interval=1
2026-01-23 02:07:01 | INFO | SIGNAL_DETECTED | DOGEUSDT | SWING_LOW | price=0.13 | direction=LONG | volume_zscore=0.00 | interval=1
2026-01-23 02:07:01 | INFO | SIGNAL_DETECTED | ETHUSDT | SWING_LOW | price=2940.06 | direction=LONG | volume_zscore=0.00 | interval=1
2026-01-23 02:07:01 | INFO | SIGNAL_DETECTED | TRBUSDT | SWING_LOW | price=20.22 | direction=LONG | volume_zscore=0.00 | interval=1
2026-01-23 02:07:01 | INFO | SIGNAL_DETECTED | SOLUSDT | SWING_LOW | price=127.59 | direction=LONG | volume_zscore=0.00 | interval=1
2026-01-23 02:07:01 | INFO | SIGNAL_DETECTED | SUIUSDT | SWING_LOW | price=1.50 | direction=LONG | volume_zscore=0.00 | interval=1
2026-01-23 02:07:03 | ERROR | ALERT_ERROR | ADAUSDT | All connection attempts failed
2026-01-23 02:07:03 | ERROR | ALERT_ERROR | DOGEUSDT | All connection attempts failed
2026-01-23 02:07:03 | ERROR | ALERT_ERROR | ETHUSDT | All connection attempts failed
2026-01-23 02:07:04 | ERROR | ALERT_ERROR | TRBUSDT | All connection attempts failed
2026-01-23 02:07:04 | ERROR | ALERT_ERROR | SOLUSDT | All connection attempts failed
2026-01-23 02:07:04 | ERROR | ALERT_ERROR | SUIUSDT | All connection attempts failed
2026-01-23 02:08:01 | INFO | SIGNAL_DETECTED | ETHUSDT | SWING_HIGH | price=2940.49 | direction=SHORT | volume_zscore=0.00 | interval=1
2026-01-23 02:08:01 | INFO | SIGNAL_DETECTED | TRBUSDT | SWING_HIGH | price=20.24 | direction=SHORT | volume_zscore=0.00 | interval=1
2026-01-23 02:08:01 | INFO | SIGNAL_DETECTED | TRXUSDT | SWING_HIGH | price=0.31 | direction=SHORT | volume_zscore=0.00 | interval=1
2026-01-23 02:08:01 | INFO | SIGNAL_DETECTED | SOLUSDT | SWING_HIGH | price=127.68 | direction=SHORT | volume_zscore=0.00 | interval=1
2026-01-23 02:08:01 | INFO | SIGNAL_DETECTED | SUIUSDT | SWING_HIGH | price=1.50 | direction=SHORT | volume_zscore=0.00 | interval=1
2026-01-23 02:08:02 | INFO | SIGNAL_DETECTED | POLUSDT | SWING_HIGH | price=0.13 | direction=SHORT | volume_zscore=0.00 | interval=1
2026-01-23 02:08:02 | INFO | BLOCKED_ALERTS_DISABLED | POLUSDT | SWING_HIGH | price=0.13
2026-01-23 02:08:03 | ERROR | ALERT_ERROR | ETHUSDT | All connection attempts failed
2026-01-23 02:08:04 | ERROR | ALERT_ERROR | TRBUSDT | All connection attempts failed
2026-01-23 02:08:04 | ERROR | ALERT_ERROR | TRXUSDT | All connection attempts failed
2026-01-23 02:08:04 | ERROR | ALERT_ERROR | SOLUSDT | All connection attempts failed
2026-01-23 02:08:04 | ERROR | ALERT_ERROR | SUIUSDT | All connection attempts failed
2026-01-23 02:09:01 | INFO | SIGNAL_DETECTED | BTCUSDT | SWING_LOW | price=89494.70 | direction=LONG | volume_zscore=0.00 | interval=1
2026-01-23 02:09:01 | INFO | SIGNAL_DETECTED | BNBUSDT | SWING_HIGH | price=890.40 | direction=SHORT | volume_zscore=0.00 | interval=1
2026-01-23 02:09:03 | ERROR | ALERT_ERROR | BTCUSDT | All connection attempts failed
2026-01-23 02:09:04 | ERROR | ALERT_ERROR | BNBUSDT | All connection attempts failed
2026-01-23 02:10:01 | INFO | SIGNAL_DETECTED | ETHUSDT | SWING_LOW | price=2936.63 | direction=LONG | volume_zscore=0.00 | interval=1
2026-01-23 02:10:03 | ERROR | ALERT_ERROR | ETHUSDT | All connection attempts failed
2026-01-23 02:11:01 | INFO | SIGNAL_DETECTED | SOLUSDT | SWING_HIGH | price=127.65 | direction=SHORT | volume_zscore=0.00 | interval=1
2026-01-23 02:11:04 | ERROR | ALERT_ERROR | SOLUSDT | All connection attempts failed
2026-01-23 02:12:01 | INFO | SIGNAL_DETECTED | TRXUSDT | SWING_LOW | price=0.31 | direction=LONG | volume_zscore=0.00 | interval=1
2026-01-23 02:12:04 | ERROR | ALERT_ERROR | TRXUSDT | All connection attempts failed
2026-01-23 02:13:01 | INFO | SIGNAL_DETECTED | DOGEUSDT | SWING_LOW | price=0.12 | direction=LONG | volume_zscore=0.00 | interval=1
2026-01-23 02:13:01 | INFO | SIGNAL_DETECTED | GALAUSDT | SWING_LOW | price=0.01 | direction=LONG | volume_zscore=0.00 | interval=1
2026-01-23 02:13:01 | INFO | SIGNAL_DETECTED | TRBUSDT | SWING_LOW | price=20.18 | direction=LONG | volume_zscore=0.00 | interval=1
2026-01-23 02:13:02 | INFO | SIGNAL_DETECTED | POLUSDT | SWING_LOW | price=0.13 | direction=LONG | volume_zscore=0.00 | interval=1
2026-01-23 02:13:02 | INFO | BLOCKED_ALERTS_DISABLED | POLUSDT | SWING_LOW | price=0.13
2026-01-23 02:13:03 | ERROR | ALERT_ERROR | DOGEUSDT | All connection attempts failed
2026-01-23 02:13:03 | ERROR | ALERT_ERROR | GALAUSDT | All connection attempts failed
2026-01-23 02:13:04 | ERROR | ALERT_ERROR | TRBUSDT | All connection attempts failed
2026-01-23 02:15:01 | INFO | SIGNAL_DETECTED | BTCUSDT | SWING_LOW | price=89468.40 | direction=LONG | volume_zscore=0.00 | interval=1
2026-01-23 02:15:01 | INFO | SIGNAL_DETECTED | DOGEUSDT | SWING_HIGH | price=0.12 | direction=SHORT | volume_zscore=0.00 | interval=1
2026-01-23 02:15:01 | INFO | SIGNAL_DETECTED | ETHUSDT | SWING_HIGH | price=2938.30 | direction=SHORT | volume_zscore=0.00 | interval=1
2026-01-23 02:15:01 | INFO | SIGNAL_DETECTED | SOLUSDT | SWING_HIGH | price=127.70 | direction=SHORT | volume_zscore=0.00 | interval=1
2026-01-23 02:15:03 | ERROR | ALERT_ERROR | BTCUSDT | All connection attempts failed
2026-01-23 02:15:03 | ERROR | ALERT_ERROR | DOGEUSDT | All connection attempts failed
2026-01-23 02:15:03 | ERROR | ALERT_ERROR | ETHUSDT | All connection attempts failed
2026-01-23 02:15:04 | ERROR | ALERT_ERROR | SOLUSDT | All connection attempts failed
2026-01-23 02:18:01 | INFO | SIGNAL_DETECTED | DOGEUSDT | SWING_HIGH | price=0.13 | direction=SHORT | volume_zscore=0.00 | interval=1
2026-01-23 02:18:01 | INFO | SIGNAL_DETECTED | SUIUSDT | SWING_HIGH | price=1.50 | direction=SHORT | volume_zscore=0.00 | interval=1
2026-01-23 02:18:03 | ERROR | ALERT_ERROR | DOGEUSDT | All connection attempts failed
2026-01-23 02:18:04 | ERROR | ALERT_ERROR | SUIUSDT | All connection attempts failed
2026-01-23 02:21:01 | INFO | SIGNAL_DETECTED | GALAUSDT | SWING_LOW | price=0.01 | direction=LONG | volume_zscore=0.00 | interval=1
2026-01-23 02:21:03 | ERROR | ALERT_ERROR | GALAUSDT | All connection attempts failed
2026-01-23 02:24:02 | INFO | SIGNAL_DETECTED | PAXGUSDT | SWING_HIGH | price=4971.10 | direction=SHORT | volume_zscore=0.00 | interval=1
2026-01-23 02:24:04 | ERROR | ALERT_ERROR | PAXGUSDT | All connection attempts failed
2026-01-23 02:27:01 | INFO | SIGNAL_DETECTED | ADAUSDT | SWING_HIGH | price=0.36 | direction=SHORT | volume_zscore=0.00 | interval=1
2026-01-23 02:27:01 | INFO | SIGNAL_DETECTED | DOGEUSDT | SWING_HIGH | price=0.13 | direction=SHORT | volume_zscore=0.00 | interval=1
2026-01-23 02:27:01 | INFO | SIGNAL_DETECTED | ETHUSDT | SWING_HIGH | price=2946.61 | direction=SHORT | volume_zscore=0.00 | interval=1
2026-01-23 02:27:01 | INFO | SIGNAL_DETECTED | TRBUSDT | SWING_HIGH | price=20.23 | direction=SHORT | volume_zscore=0.00 | interval=1
2026-01-23 02:27:01 | INFO | SIGNAL_DETECTED | TRXUSDT | SWING_HIGH | price=0.31 | direction=SHORT | volume_zscore=0.00 | interval=1
2026-01-23 02:27:01 | INFO | SIGNAL_DETECTED | SOLUSDT | SWING_HIGH | price=127.92 | direction=SHORT | volume_zscore=0.00 | interval=1
2026-01-23 02:27:01 | INFO | SIGNAL_DETECTED | SUIUSDT | SWING_HIGH | price=1.50 | direction=SHORT | volume_zscore=0.00 | interval=1
2026-01-23 02:27:02 | INFO | SIGNAL_DETECTED | POLUSDT | SWING_HIGH | price=0.13 | direction=SHORT | volume_zscore=0.00 | interval=1
2026-01-23 02:27:02 | INFO | BLOCKED_ALERTS_DISABLED | POLUSDT | SWING_HIGH | price=0.13
2026-01-23 02:27:03 | ERROR | ALERT_ERROR | ADAUSDT | All connection attempts failed
2026-01-23 02:27:03 | ERROR | ALERT_ERROR | DOGEUSDT | All connection attempts failed
2026-01-23 02:27:03 | ERROR | ALERT_ERROR | ETHUSDT | All connection attempts failed
2026-01-23 02:27:04 | ERROR | ALERT_ERROR | TRBUSDT | All connection attempts failed
2026-01-23 02:27:04 | ERROR | ALERT_ERROR | TRXUSDT | All connection attempts failed
2026-01-23 02:27:04 | ERROR | ALERT_ERROR | SOLUSDT | All connection attempts failed
2026-01-23 02:27:04 | ERROR | ALERT_ERROR | SUIUSDT | All connection attempts failed
2026-01-23 02:29:01 | INFO | SIGNAL_DETECTED | BTCUSDT | SWING_HIGH | price=89609.60 | direction=SHORT | volume_zscore=0.00 | interval=1
2026-01-23 02:29:01 | INFO | SIGNAL_DETECTED | GALAUSDT | SWING_LOW | price=0.01 | direction=LONG | volume_zscore=0.00 | interval=1
2026-01-23 02:29:01 | INFO | SIGNAL_DETECTED | SOLUSDT | SWING_LOW | price=127.86 | direction=LONG | volume_zscore=0.00 | interval=1
2026-01-23 02:29:03 | ERROR | ALERT_ERROR | BTCUSDT | All connection attempts failed
2026-01-23 02:29:03 | ERROR | ALERT_ERROR | GALAUSDT | All connection attempts failed
2026-01-23 02:29:04 | ERROR | ALERT_ERROR | SOLUSDT | All connection attempts failed
2026-01-23 02:30:01 | INFO | SIGNAL_DETECTED | ETHUSDT | SWING_LOW | price=2944.97 | direction=LONG | volume_zscore=0.00 | interval=1
2026-01-23 02:30:02 | INFO | SIGNAL_DETECTED | POLUSDT | SWING_LOW | price=0.13 | direction=LONG | volume_zscore=0.00 | interval=1
2026-01-23 02:30:02 | INFO | BLOCKED_ALERTS_DISABLED | POLUSDT | SWING_LOW | price=0.13
2026-01-23 02:30:03 | ERROR | ALERT_ERROR | ETHUSDT | All connection attempts failed
2026-01-23 02:32:01 | INFO | SIGNAL_DETECTED | ADAUSDT | SWING_HIGH | price=0.36 | direction=SHORT | volume_zscore=0.00 | interval=1
2026-01-23 02:32:03 | ERROR | ALERT_ERROR | ADAUSDT | All connection attempts failed
2026-01-23 02:33:01 | INFO | SIGNAL_DETECTED | ETHUSDT | SWING_LOW | price=2944.31 | direction=LONG | volume_zscore=0.00 | interval=1
2026-01-23 02:33:01 | INFO | SIGNAL_DETECTED | XRPUSDT | SWING_LOW | price=1.91 | direction=LONG | volume_zscore=1.76 | interval=1
2026-01-23 02:33:01 | INFO | SIGNAL_DETECTED | SOLUSDT | SWING_LOW | price=127.83 | direction=LONG | volume_zscore=0.00 | interval=1
2026-01-23 02:33:02 | INFO | SIGNAL_DETECTED | SUIUSDT | SWING_LOW | price=1.50 | direction=LONG | volume_zscore=0.00 | interval=1
2026-01-23 02:33:02 | INFO | SIGNAL_DETECTED | BNBUSDT | SWING_LOW | price=891.00 | direction=LONG | volume_zscore=0.00 | interval=1
2026-01-23 02:33:02 | INFO | SIGNAL_DETECTED | PAXGUSDT | SWING_HIGH | price=4972.00 | direction=SHORT | volume_zscore=0.00 | interval=1
2026-01-23 02:33:03 | ERROR | ALERT_ERROR | ETHUSDT | All connection attempts failed
2026-01-23 02:33:04 | ERROR | ALERT_ERROR | XRPUSDT | All connection attempts failed
2026-01-23 02:33:04 | ERROR | ALERT_ERROR | SOLUSDT | All connection attempts failed
2026-01-23 02:33:04 | ERROR | ALERT_ERROR | BNBUSDT | All connection attempts failed
2026-01-23 02:33:04 | ERROR | ALERT_ERROR | SUIUSDT | All connection attempts failed
2026-01-23 02:33:04 | ERROR | ALERT_ERROR | PAXGUSDT | All connection attempts failed
2026-01-23 02:35:01 | INFO | SIGNAL_DETECTED | BTCUSDT | SWING_LOW | price=89574.60 | direction=LONG | volume_zscore=0.00 | interval=1
2026-01-23 02:35:01 | INFO | SIGNAL_DETECTED | DOGEUSDT | SWING_HIGH | price=0.13 | direction=SHORT | volume_zscore=0.00 | interval=1
2026-01-23 02:35:01 | INFO | SIGNAL_DETECTED | SOLUSDT | SWING_HIGH | price=127.96 | direction=SHORT | volume_zscore=0.00 | interval=1
2026-01-23 02:35:03 | ERROR | ALERT_ERROR | BTCUSDT | All connection attempts failed
2026-01-23 02:35:03 | ERROR | ALERT_ERROR | DOGEUSDT | All connection attempts failed
2026-01-23 02:35:04 | ERROR | ALERT_ERROR | SOLUSDT | All connection attempts failed
2026-01-23 02:36:01 | INFO | SIGNAL_DETECTED | ETHUSDT | SWING_HIGH | price=2948.76 | direction=SHORT | volume_zscore=0.00 | interval=1
2026-01-23 02:36:01 | INFO | SIGNAL_DETECTED | GALAUSDT | SWING_LOW | price=0.01 | direction=LONG | volume_zscore=0.00 | interval=1
2026-01-23 02:36:01 | INFO | SIGNAL_DETECTED | TRXUSDT | SWING_LOW | price=0.31 | direction=LONG | volume_zscore=0.00 | interval=1
2026-01-23 02:36:02 | INFO | SIGNAL_DETECTED | SUIUSDT | SWING_HIGH | price=1.50 | direction=SHORT | volume_zscore=0.00 | interval=1
2026-01-23 02:36:02 | INFO | SIGNAL_DETECTED | POLUSDT | SWING_HIGH | price=0.13 | direction=SHORT | volume_zscore=0.00 | interval=1
2026-01-23 02:36:02 | INFO | BLOCKED_ALERTS_DISABLED | POLUSDT | SWING_HIGH | price=0.13
2026-01-23 02:36:03 | ERROR | ALERT_ERROR | ETHUSDT | All connection attempts failed
2026-01-23 02:36:03 | ERROR | ALERT_ERROR | GALAUSDT | All connection attempts failed
2026-01-23 02:36:04 | ERROR | ALERT_ERROR | TRXUSDT | All connection attempts failed
2026-01-23 02:36:04 | ERROR | ALERT_ERROR | SUIUSDT | All connection attempts failed
2026-01-23 02:37:01 | INFO | SIGNAL_DETECTED | TRBUSDT | SWING_HIGH | price=20.21 | direction=SHORT | volume_zscore=0.00 | interval=1
2026-01-23 02:37:04 | ERROR | ALERT_ERROR | TRBUSDT | All connection attempts failed
2026-01-23 02:38:01 | INFO | SIGNAL_DETECTED | TRXUSDT | SWING_HIGH | price=0.31 | direction=SHORT | volume_zscore=0.00 | interval=1
2026-01-23 02:38:04 | ERROR | ALERT_ERROR | TRXUSDT | All connection attempts failed
2026-01-23 02:39:02 | INFO | SIGNAL_DETECTED | PAXGUSDT | SWING_HIGH | price=4970.50 | direction=SHORT | volume_zscore=0.00 | interval=1
2026-01-23 02:39:04 | ERROR | ALERT_ERROR | PAXGUSDT | All connection attempts failed
2026-01-23 09:49:01 | INFO | SIGNAL_DETECTED | DOGEUSDT | SWING_HIGH | price=0.13 | direction=SHORT | volume_zscore=0.00 | interval=1
2026-01-23 09:49:02 | INFO | SIGNAL_DETECTED | SOLUSDT | SWING_HIGH | price=128.02 | direction=SHORT | volume_zscore=0.00 | interval=1
2026-01-23 09:49:02 | INFO | SIGNAL_DETECTED | SUIUSDT | SWING_HIGH | price=1.50 | direction=SHORT | volume_zscore=0.00 | interval=1
2026-01-23 09:49:04 | ERROR | ALERT_ERROR | DOGEUSDT | All connection attempts failed
2026-01-23 09:49:04 | ERROR | ALERT_ERROR | SOLUSDT | All connection attempts failed
2026-01-23 09:49:04 | ERROR | ALERT_ERROR | SUIUSDT | All connection attempts failed
2026-01-23 09:50:01 | INFO | SIGNAL_DETECTED | DOGEUSDT | SWING_LOW | price=0.12 | direction=LONG | volume_zscore=0.00 | interval=1
2026-01-23 09:50:02 | INFO | SIGNAL_DETECTED | XRPUSDT | SWING_LOW | price=1.89 | direction=LONG | volume_zscore=15.40 | interval=1
2026-01-23 09:50:02 | INFO | SIGNAL_DETECTED | TRBUSDT | SWING_LOW | price=19.75 | direction=LONG | volume_zscore=0.00 | interval=1
2026-01-23 09:50:02 | INFO | SIGNAL_DETECTED | SUIUSDT | SWING_LOW | price=1.46 | direction=LONG | volume_zscore=0.00 | interval=1
2026-01-23 09:50:02 | INFO | SIGNAL_DETECTED | PAXGUSDT | SWING_LOW | price=4970.80 | direction=LONG | volume_zscore=0.00 | interval=1
2026-01-23 09:50:02 | INFO | SIGNAL_DETECTED | POLUSDT | SWING_LOW | price=0.13 | direction=LONG | volume_zscore=0.00 | interval=1
2026-01-23 09:50:02 | INFO | BLOCKED_ALERTS_DISABLED | POLUSDT | SWING_LOW | price=0.13
2026-01-23 09:50:04 | ERROR | ALERT_ERROR | DOGEUSDT | All connection attempts failed
2026-01-23 09:50:04 | ERROR | ALERT_ERROR | XRPUSDT | All connection attempts failed
2026-01-23 09:50:04 | ERROR | ALERT_ERROR | TRBUSDT | All connection attempts failed
2026-01-23 09:50:04 | ERROR | ALERT_ERROR | SUIUSDT | All connection attempts failed
2026-01-23 09:50:04 | ERROR | ALERT_ERROR | PAXGUSDT | All connection attempts failed
2026-01-23 09:53:01 | INFO | SIGNAL_DETECTED | BTCUSDT | SWING_LOW | price=88718.50 | direction=LONG | volume_zscore=0.00 | interval=1
2026-01-23 09:53:04 | ERROR | ALERT_ERROR | BTCUSDT | All connection attempts failed
2026-01-23 09:55:01 | INFO | SIGNAL_DETECTED | ADAUSDT | SWING_HIGH | price=0.35 | direction=SHORT | volume_zscore=0.00 | interval=1
2026-01-23 09:55:01 | INFO | SIGNAL_DETECTED | DOGEUSDT | SWING_HIGH | price=0.12 | direction=SHORT | volume_zscore=0.00 | interval=1
2026-01-23 09:55:01 | INFO | SIGNAL_DETECTED | ETHUSDT | SWING_HIGH | price=2914.31 | direction=SHORT | volume_zscore=0.00 | interval=1
2026-01-23 09:55:02 | INFO | SIGNAL_DETECTED | XRPUSDT | SWING_HIGH | price=1.89 | direction=SHORT | volume_zscore=1.03 | interval=1
2026-01-23 09:55:02 | INFO | SIGNAL_DETECTED | TRBUSDT | SWING_HIGH | price=19.86 | direction=SHORT | volume_zscore=0.00 | interval=1
2026-01-23 09:55:02 | INFO | SIGNAL_DETECTED | SOLUSDT | SWING_HIGH | price=125.86 | direction=SHORT | volume_zscore=0.00 | interval=1
2026-01-23 09:55:02 | INFO | SIGNAL_DETECTED | SUIUSDT | SWING_HIGH | price=1.47 | direction=SHORT | volume_zscore=0.00 | interval=1
2026-01-23 09:55:02 | INFO | SIGNAL_DETECTED | BNBUSDT | SWING_HIGH | price=885.60 | direction=SHORT | volume_zscore=0.00 | interval=1
2026-01-23 09:55:02 | INFO | SIGNAL_DETECTED | POLUSDT | SWING_HIGH | price=0.13 | direction=SHORT | volume_zscore=0.00 | interval=1
2026-01-23 09:55:02 | INFO | BLOCKED_ALERTS_DISABLED | POLUSDT | SWING_HIGH | price=0.13
2026-01-23 09:55:03 | ERROR | ALERT_ERROR | ADAUSDT | All connection attempts failed
2026-01-23 09:55:04 | ERROR | ALERT_ERROR | ETHUSDT | All connection attempts failed
2026-01-23 09:55:04 | ERROR | ALERT_ERROR | DOGEUSDT | All connection attempts failed
2026-01-23 09:55:04 | ERROR | ALERT_ERROR | XRPUSDT | All connection attempts failed
2026-01-23 09:55:04 | ERROR | ALERT_ERROR | TRBUSDT | All connection attempts failed
2026-01-23 09:55:04 | ERROR | ALERT_ERROR | SOLUSDT | All connection attempts failed
2026-01-23 09:55:04 | ERROR | ALERT_ERROR | BNBUSDT | All connection attempts failed
2026-01-23 09:55:04 | ERROR | ALERT_ERROR | SUIUSDT | All connection attempts failed
2026-01-23 09:57:02 | INFO | SIGNAL_DETECTED | TRXUSDT | SWING_LOW | price=0.30 | direction=LONG | volume_zscore=0.00 | interval=1
2026-01-23 09:57:04 | ERROR | ALERT_ERROR | TRXUSDT | All connection attempts failed
2026-01-23 09:59:02 | INFO | SIGNAL_DETECTED | BNBUSDT | SWING_HIGH | price=885.90 | direction=SHORT | volume_zscore=0.00 | interval=1
2026-01-23 09:59:04 | ERROR | ALERT_ERROR | BNBUSDT | All connection attempts failed
2026-01-23 10:00:01 | INFO | SIGNAL_DETECTED | ADAUSDT | SWING_LOW | price=0.35 | direction=LONG | volume_zscore=0.00 | interval=1
2026-01-23 10:00:01 | INFO | SIGNAL_DETECTED | DOGEUSDT | SWING_LOW | price=0.12 | direction=LONG | volume_zscore=0.00 | interval=1
2026-01-23 10:00:02 | INFO | SIGNAL_DETECTED | ETHUSDT | SWING_LOW | price=2914.90 | direction=LONG | volume_zscore=0.00 | interval=1
2026-01-23 10:00:02 | INFO | SIGNAL_DETECTED | GALAUSDT | SWING_LOW | price=0.01 | direction=LONG | volume_zscore=0.00 | interval=1
2026-01-23 10:00:02 | INFO | SIGNAL_DETECTED | SOLUSDT | SWING_LOW | price=126.01 | direction=LONG | volume_zscore=0.00 | interval=1
2026-01-23 10:00:02 | INFO | SIGNAL_DETECTED | SUIUSDT | SWING_LOW | price=1.47 | direction=LONG | volume_zscore=0.00 | interval=1
2026-01-23 10:00:02 | INFO | SIGNAL_DETECTED | BNBUSDT | SWING_LOW | price=886.60 | direction=LONG | volume_zscore=0.00 | interval=1
2026-01-23 10:00:02 | INFO | SIGNAL_DETECTED | POLUSDT | SWING_LOW | price=0.13 | direction=LONG | volume_zscore=0.00 | interval=1
2026-01-23 10:00:02 | INFO | BLOCKED_ALERTS_DISABLED | POLUSDT | SWING_LOW | price=0.13
2026-01-23 10:00:04 | ERROR | ALERT_ERROR | ADAUSDT | All connection attempts failed
2026-01-23 10:00:04 | ERROR | ALERT_ERROR | DOGEUSDT | All connection attempts failed
2026-01-23 10:00:04 | ERROR | ALERT_ERROR | ETHUSDT | All connection attempts failed
2026-01-23 10:00:04 | ERROR | ALERT_ERROR | GALAUSDT | All connection attempts failed
2026-01-23 10:00:04 | ERROR | ALERT_ERROR | SOLUSDT | All connection attempts failed
2026-01-23 10:00:04 | ERROR | ALERT_ERROR | SUIUSDT | All connection attempts failed
2026-01-23 10:00:04 | ERROR | ALERT_ERROR | BNBUSDT | All connection attempts failed
2026-01-23 10:02:02 | INFO | SIGNAL_DETECTED | BTCUSDT | SWING_LOW | price=88945.70 | direction=LONG | volume_zscore=0.00 | interval=1
2026-01-23 10:02:05 | ERROR | ALERT_ERROR | BTCUSDT | All connection attempts failed
2026-01-23 10:03:02 | INFO | SIGNAL_DETECTED | PAXGUSDT | SWING_LOW | price=4962.20 | direction=LONG | volume_zscore=0.00 | interval=1
2026-01-23 10:03:04 | ERROR | ALERT_ERROR | PAXGUSDT | All connection attempts failed
2026-01-23 10:04:02 | INFO | SIGNAL_DETECTED | ETHUSDT | SWING_LOW | price=2918.00 | direction=LONG | volume_zscore=0.00 | interval=1
2026-01-23 10:04:02 | INFO | SIGNAL_DETECTED | POLUSDT | SWING_LOW | price=0.13 | direction=LONG | volume_zscore=0.00 | interval=1
2026-01-23 10:04:02 | INFO | BLOCKED_ALERTS_DISABLED | POLUSDT | SWING_LOW | price=0.13
2026-01-23 10:04:04 | ERROR | ALERT_ERROR | ETHUSDT | All connection attempts failed
2026-01-23 10:05:02 | INFO | SIGNAL_DETECTED | POLUSDT | SWING_HIGH | price=0.13 | direction=SHORT | volume_zscore=0.00 | interval=1
2026-01-23 10:05:02 | INFO | BLOCKED_ALERTS_DISABLED | POLUSDT | SWING_HIGH | price=0.13
2026-01-23 10:07:01 | INFO | SIGNAL_DETECTED | ETHUSDT | SWING_HIGH | price=2916.15 | direction=SHORT | volume_zscore=0.00 | interval=1
2026-01-23 10:07:02 | INFO | SIGNAL_DETECTED | SOLUSDT | SWING_HIGH | price=126.09 | direction=SHORT | volume_zscore=0.00 | interval=1
2026-01-23 10:07:02 | INFO | SIGNAL_DETECTED | BNBUSDT | SWING_HIGH | price=886.60 | direction=SHORT | volume_zscore=0.00 | interval=1
2026-01-23 10:07:02 | INFO | SIGNAL_DETECTED | POLUSDT | SWING_LOW | price=0.13 | direction=LONG | volume_zscore=0.00 | interval=1
2026-01-23 10:07:02 | INFO | BLOCKED_ALERTS_DISABLED | POLUSDT | SWING_LOW | price=0.13
2026-01-23 10:07:04 | ERROR | ALERT_ERROR | ETHUSDT | All connection attempts failed
2026-01-23 10:07:04 | ERROR | ALERT_ERROR | SOLUSDT | All connection attempts failed
2026-01-23 10:07:04 | ERROR | ALERT_ERROR | BNBUSDT | All connection attempts failed
2026-01-23 10:08:01 | INFO | SIGNAL_DETECTED | ETHUSDT | SWING_LOW | price=2915.40 | direction=LONG | volume_zscore=0.00 | interval=1
2026-01-23 10:08:02 | INFO | SIGNAL_DETECTED | TRXUSDT | SWING_LOW | price=0.30 | direction=LONG | volume_zscore=0.00 | interval=1
2026-01-23 10:08:02 | INFO | SIGNAL_DETECTED | SOLUSDT | SWING_LOW | price=126.05 | direction=LONG | volume_zscore=0.00 | interval=1
2026-01-23 10:08:02 | INFO | SIGNAL_DETECTED | BNBUSDT | SWING_LOW | price=886.30 | direction=LONG | volume_zscore=0.00 | interval=1
2026-01-23 10:08:04 | ERROR | ALERT_ERROR | ETHUSDT | All connection attempts failed
2026-01-23 10:08:04 | ERROR | ALERT_ERROR | TRXUSDT | All connection attempts failed
2026-01-23 10:08:04 | ERROR | ALERT_ERROR | SOLUSDT | All connection attempts failed
2026-01-23 10:08:04 | ERROR | ALERT_ERROR | BNBUSDT | All connection attempts failed
2026-01-23 10:09:01 | INFO | SIGNAL_DETECTED | BTCUSDT | SWING_HIGH | price=88994.70 | direction=SHORT | volume_zscore=0.00 | interval=1
2026-01-23 10:09:02 | INFO | SIGNAL_DETECTED | TRBUSDT | SWING_LOW | price=19.91 | direction=LONG | volume_zscore=0.00 | interval=1
2026-01-23 10:09:02 | INFO | SIGNAL_DETECTED | TRXUSDT | SWING_HIGH | price=0.30 | direction=SHORT | volume_zscore=0.00 | interval=1
2026-01-23 10:09:04 | ERROR | ALERT_ERROR | BTCUSDT | All connection attempts failed
2026-01-23 10:09:04 | ERROR | ALERT_ERROR | TRBUSDT | All connection attempts failed
2026-01-23 10:09:04 | ERROR | ALERT_ERROR | TRXUSDT | All connection attempts failed
2026-01-23 10:10:02 | INFO | SIGNAL_DETECTED | SUIUSDT | SWING_HIGH | price=1.48 | direction=SHORT | volume_zscore=0.00 | interval=1
2026-01-23 10:10:04 | ERROR | ALERT_ERROR | SUIUSDT | All connection attempts failed
2026-01-23 10:11:02 | INFO | SIGNAL_DETECTED | TRBUSDT | SWING_HIGH | price=19.97 | direction=SHORT | volume_zscore=0.00 | interval=1
2026-01-23 10:11:02 | INFO | SIGNAL_DETECTED | BNBUSDT | SWING_HIGH | price=886.90 | direction=SHORT | volume_zscore=0.00 | interval=1
2026-01-23 10:11:02 | INFO | SIGNAL_DETECTED | PAXGUSDT | SWING_LOW | price=4967.50 | direction=LONG | volume_zscore=0.00 | interval=1
2026-01-23 10:11:04 | ERROR | ALERT_ERROR | TRBUSDT | All connection attempts failed
2026-01-23 10:11:04 | ERROR | ALERT_ERROR | BNBUSDT | All connection attempts failed
2026-01-23 10:11:04 | ERROR | ALERT_ERROR | PAXGUSDT | All connection attempts failed
2026-01-23 10:12:02 | INFO | SIGNAL_DETECTED | PAXGUSDT | SWING_HIGH | price=4970.90 | direction=SHORT | volume_zscore=0.00 | interval=1
2026-01-23 10:12:04 | ERROR | ALERT_ERROR | PAXGUSDT | All connection attempts failed
2026-01-23 10:16:01 | INFO | BLOCKED_HISTORICAL | BTCUSDT | SWING_HIGH | price=89000.10 | signal_ts=1769181060 | service_start=1769181240
2026-01-23 10:20:01 | INFO | SIGNAL_DETECTED | ADAUSDT | SWING_LOW | price=0.35 | direction=LONG | volume_zscore=0.00 | interval=1
2026-01-23 10:20:01 | INFO | SIGNAL_DETECTED | DOGEUSDT | SWING_LOW | price=0.12 | direction=LONG | volume_zscore=0.00 | interval=1
2026-01-23 10:20:02 | INFO | SIGNAL_DETECTED | ETHUSDT | SWING_LOW | price=2904.90 | direction=LONG | volume_zscore=0.00 | interval=1
2026-01-23 10:20:02 | INFO | SIGNAL_DETECTED | XRPUSDT | SWING_LOW | price=1.89 | direction=LONG | volume_zscore=1.79 | interval=1
2026-01-23 10:20:02 | INFO | SIGNAL_DETECTED | TRBUSDT | SWING_LOW | price=19.80 | direction=LONG | volume_zscore=0.00 | interval=1
2026-01-23 10:20:02 | INFO | SIGNAL_DETECTED | SOLUSDT | SWING_LOW | price=125.68 | direction=LONG | volume_zscore=0.00 | interval=1
2026-01-23 10:20:02 | INFO | SIGNAL_DETECTED | SUIUSDT | SWING_LOW | price=1.47 | direction=LONG | volume_zscore=0.00 | interval=1
2026-01-23 10:20:02 | INFO | SIGNAL_DETECTED | BNBUSDT | SWING_LOW | price=884.40 | direction=LONG | volume_zscore=0.00 | interval=1
2026-01-23 10:20:02 | INFO | SIGNAL_DETECTED | PAXGUSDT | SWING_LOW | price=4960.70 | direction=LONG | volume_zscore=0.00 | interval=1
2026-01-23 10:20:02 | INFO | SIGNAL_DETECTED | POLUSDT | SWING_LOW | price=0.13 | direction=LONG | volume_zscore=0.00 | interval=1
2026-01-23 10:20:02 | INFO | BLOCKED_ALERTS_DISABLED | POLUSDT | SWING_LOW | price=0.13
2026-01-23 10:20:04 | ERROR | ALERT_ERROR | ADAUSDT | All connection attempts failed
2026-01-23 10:20:04 | ERROR | ALERT_ERROR | DOGEUSDT | All connection attempts failed
2026-01-23 10:20:04 | ERROR | ALERT_ERROR | ETHUSDT | All connection attempts failed
2026-01-23 10:20:04 | ERROR | ALERT_ERROR | XRPUSDT | All connection attempts failed
2026-01-23 10:20:04 | ERROR | ALERT_ERROR | TRBUSDT | All connection attempts failed
2026-01-23 10:20:04 | ERROR | ALERT_ERROR | SOLUSDT | All connection attempts failed
2026-01-23 10:20:04 | ERROR | ALERT_ERROR | BNBUSDT | All connection attempts failed
2026-01-23 10:20:04 | ERROR | ALERT_ERROR | SUIUSDT | All connection attempts failed
2026-01-23 10:20:04 | ERROR | ALERT_ERROR | PAXGUSDT | All connection attempts failed
2026-01-23 10:22:01 | INFO | SIGNAL_DETECTED | BTCUSDT | SWING_LOW | price=88656.00 | direction=LONG | volume_zscore=0.00 | interval=1
2026-01-23 10:22:04 | ERROR | ALERT_ERROR | BTCUSDT | All connection attempts failed
2026-01-23 10:23:02 | INFO | SIGNAL_DETECTED | PAXGUSDT | SWING_HIGH | price=4961.20 | direction=SHORT | volume_zscore=0.00 | interval=1
2026-01-23 10:23:04 | ERROR | ALERT_ERROR | PAXGUSDT | All connection attempts failed
2026-01-23 10:24:02 | INFO | SIGNAL_DETECTED | PAXGUSDT | SWING_LOW | price=4960.60 | direction=LONG | volume_zscore=0.00 | interval=1
2026-01-23 10:24:04 | ERROR | ALERT_ERROR | PAXGUSDT | All connection attempts failed
2026-01-23 10:25:01 | INFO | SIGNAL_DETECTED | ADAUSDT | SWING_HIGH | price=0.36 | direction=SHORT | volume_zscore=0.00 | interval=1
2026-01-23 10:25:01 | INFO | SIGNAL_DETECTED | DOGEUSDT | SWING_HIGH | price=0.12 | direction=SHORT | volume_zscore=0.00 | interval=1
2026-01-23 10:25:02 | INFO | SIGNAL_DETECTED | ETHUSDT | SWING_HIGH | price=2933.75 | direction=SHORT | volume_zscore=0.00 | interval=1
2026-01-23 10:25:02 | INFO | SIGNAL_DETECTED | XRPUSDT | SWING_HIGH | price=1.90 | direction=SHORT | volume_zscore=1.06 | interval=1
2026-01-23 10:25:02 | INFO | SIGNAL_DETECTED | TRBUSDT | SWING_HIGH | price=20.01 | direction=SHORT | volume_zscore=0.00 | interval=1
2026-01-23 10:25:02 | INFO | SIGNAL_DETECTED | SOLUSDT | SWING_HIGH | price=126.59 | direction=SHORT | volume_zscore=0.00 | interval=1
2026-01-23 10:25:02 | INFO | SIGNAL_DETECTED | SUIUSDT | SWING_HIGH | price=1.48 | direction=SHORT | volume_zscore=0.00 | interval=1
2026-01-23 10:25:02 | INFO | SIGNAL_DETECTED | BNBUSDT | SWING_HIGH | price=888.60 | direction=SHORT | volume_zscore=0.00 | interval=1
2026-01-23 10:25:02 | INFO | SIGNAL_DETECTED | POLUSDT | SWING_HIGH | price=0.13 | direction=SHORT | volume_zscore=0.00 | interval=1
2026-01-23 10:25:02 | INFO | BLOCKED_ALERTS_DISABLED | POLUSDT | SWING_HIGH | price=0.13
2026-01-23 10:25:04 | ERROR | ALERT_ERROR | ADAUSDT | All connection attempts failed
2026-01-23 10:25:04 | ERROR | ALERT_ERROR | ETHUSDT | All connection attempts failed
2026-01-23 10:25:04 | ERROR | ALERT_ERROR | DOGEUSDT | All connection attempts failed
2026-01-23 10:25:04 | ERROR | ALERT_ERROR | XRPUSDT | All connection attempts failed
2026-01-23 10:25:04 | ERROR | ALERT_ERROR | TRBUSDT | All connection attempts failed
2026-01-23 10:25:04 | ERROR | ALERT_ERROR | SOLUSDT | All connection attempts failed
2026-01-23 10:25:04 | ERROR | ALERT_ERROR | SUIUSDT | All connection attempts failed
2026-01-23 10:25:04 | ERROR | ALERT_ERROR | BNBUSDT | All connection attempts failed
2026-01-23 10:27:01 | INFO | SIGNAL_DETECTED | BTCUSDT | SWING_HIGH | price=89132.20 | direction=SHORT | volume_zscore=0.00 | interval=1
2026-01-23 10:27:02 | INFO | SIGNAL_DETECTED | TRBUSDT | SWING_LOW | price=19.95 | direction=LONG | volume_zscore=0.00 | interval=1
2026-01-23 10:27:04 | ERROR | ALERT_ERROR | BTCUSDT | All connection attempts failed
2026-01-23 10:27:04 | ERROR | ALERT_ERROR | TRBUSDT | All connection attempts failed
2026-01-23 10:30:02 | INFO | SIGNAL_DETECTED | TRBUSDT | SWING_HIGH | price=19.98 | direction=SHORT | volume_zscore=0.00 | interval=1
2026-01-23 10:30:02 | INFO | SIGNAL_DETECTED | PAXGUSDT | SWING_HIGH | price=4964.10 | direction=SHORT | volume_zscore=0.00 | interval=1
2026-01-23 10:30:04 | ERROR | ALERT_ERROR | TRBUSDT | All connection attempts failed
2026-01-23 10:30:05 | ERROR | ALERT_ERROR | PAXGUSDT | All connection attempts failed
2026-01-23 10:31:01 | INFO | SIGNAL_DETECTED | ADAUSDT | SWING_LOW | price=0.36 | direction=LONG | volume_zscore=0.00 | interval=1
2026-01-23 10:31:02 | INFO | SIGNAL_DETECTED | DOGEUSDT | SWING_LOW | price=0.12 | direction=LONG | volume_zscore=0.00 | interval=1
2026-01-23 10:31:02 | INFO | SIGNAL_DETECTED | ETHUSDT | SWING_LOW | price=2925.06 | direction=LONG | volume_zscore=0.00 | interval=1
2026-01-23 10:31:02 | INFO | SIGNAL_DETECTED | XRPUSDT | SWING_LOW | price=1.90 | direction=LONG | volume_zscore=1.96 | interval=1
2026-01-23 10:31:02 | INFO | SIGNAL_DETECTED | SOLUSDT | SWING_LOW | price=126.37 | direction=LONG | volume_zscore=0.00 | interval=1
2026-01-23 10:31:02 | INFO | SIGNAL_DETECTED | SUIUSDT | SWING_LOW | price=1.48 | direction=LONG | volume_zscore=0.00 | interval=1
2026-01-23 10:31:02 | INFO | SIGNAL_DETECTED | BNBUSDT | SWING_LOW | price=887.40 | direction=LONG | volume_zscore=0.00 | interval=1
2026-01-23 10:31:02 | INFO | SIGNAL_DETECTED | POLUSDT | SWING_LOW | price=0.13 | direction=LONG | volume_zscore=0.00 | interval=1
2026-01-23 10:31:02 | INFO | BLOCKED_ALERTS_DISABLED | POLUSDT | SWING_LOW | price=0.13
2026-01-23 10:31:04 | ERROR | ALERT_ERROR | ADAUSDT | All connection attempts failed
2026-01-23 10:31:04 | ERROR | ALERT_ERROR | DOGEUSDT | All connection attempts failed
2026-01-23 10:31:04 | ERROR | ALERT_ERROR | ETHUSDT | All connection attempts failed
2026-01-23 10:31:04 | ERROR | ALERT_ERROR | XRPUSDT | All connection attempts failed
2026-01-23 10:31:04 | ERROR | ALERT_ERROR | SOLUSDT | All connection attempts failed
2026-01-23 10:31:04 | ERROR | ALERT_ERROR | SUIUSDT | All connection attempts failed
2026-01-23 10:31:04 | ERROR | ALERT_ERROR | BNBUSDT | All connection attempts failed
2026-01-23 10:32:02 | INFO | SIGNAL_DETECTED | GALAUSDT | SWING_LOW | price=0.01 | direction=LONG | volume_zscore=0.00 | interval=1
2026-01-23 10:32:02 | INFO | SIGNAL_DETECTED | PAXGUSDT | SWING_LOW | price=4962.00 | direction=LONG | volume_zscore=0.00 | interval=1
2026-01-23 10:32:04 | ERROR | ALERT_ERROR | GALAUSDT | All connection attempts failed
2026-01-23 10:32:04 | ERROR | ALERT_ERROR | PAXGUSDT | All connection attempts failed
2026-01-23 10:33:01 | INFO | SIGNAL_DETECTED | BTCUSDT | SWING_LOW | price=88925.40 | direction=LONG | volume_zscore=0.00 | interval=1
2026-01-23 10:33:04 | ERROR | ALERT_ERROR | BTCUSDT | All connection attempts failed
2026-01-23 10:34:01 | INFO | SIGNAL_DETECTED | ADAUSDT | SWING_HIGH | price=0.36 | direction=SHORT | volume_zscore=0.00 | interval=1
2026-01-23 10:34:02 | INFO | SIGNAL_DETECTED | DOGEUSDT | SWING_HIGH | price=0.12 | direction=SHORT | volume_zscore=0.00 | interval=1
2026-01-23 10:34:02 | INFO | SIGNAL_DETECTED | ETHUSDT | SWING_HIGH | price=2928.30 | direction=SHORT | volume_zscore=0.00 | interval=1
2026-01-23 10:34:02 | INFO | SIGNAL_DETECTED | XRPUSDT | SWING_HIGH | price=1.90 | direction=SHORT | volume_zscore=1.03 | interval=1
2026-01-23 10:34:02 | INFO | SIGNAL_DETECTED | SOLUSDT | SWING_HIGH | price=126.59 | direction=SHORT | volume_zscore=0.00 | interval=1
2026-01-23 10:34:02 | INFO | SIGNAL_DETECTED | SUIUSDT | SWING_HIGH | price=1.48 | direction=SHORT | volume_zscore=0.00 | interval=1
2026-01-23 10:34:02 | INFO | SIGNAL_DETECTED | BNBUSDT | SWING_HIGH | price=887.80 | direction=SHORT | volume_zscore=0.00 | interval=1
2026-01-23 10:34:02 | INFO | SIGNAL_DETECTED | POLUSDT | SWING_HIGH | price=0.13 | direction=SHORT | volume_zscore=0.00 | interval=1
2026-01-23 10:34:02 | INFO | BLOCKED_ALERTS_DISABLED | POLUSDT | SWING_HIGH | price=0.13
2026-01-23 10:34:04 | ERROR | ALERT_ERROR | ADAUSDT | All connection attempts failed
2026-01-23 10:34:04 | ERROR | ALERT_ERROR | ETHUSDT | All connection attempts failed
2026-01-23 10:34:04 | ERROR | ALERT_ERROR | DOGEUSDT | All connection attempts failed
2026-01-23 10:34:04 | ERROR | ALERT_ERROR | XRPUSDT | All connection attempts failed
2026-01-23 10:34:04 | ERROR | ALERT_ERROR | SOLUSDT | All connection attempts failed
2026-01-23 10:34:04 | ERROR | ALERT_ERROR | SUIUSDT | All connection attempts failed
2026-01-23 10:34:04 | ERROR | ALERT_ERROR | BNBUSDT | All connection attempts failed
2026-01-23 10:36:01 | INFO | SIGNAL_DETECTED | ADAUSDT | SWING_LOW | price=0.36 | direction=LONG | volume_zscore=0.00 | interval=1
2026-01-23 10:36:02 | INFO | SIGNAL_DETECTED | POLUSDT | SWING_LOW | price=0.13 | direction=LONG | volume_zscore=0.00 | interval=1
2026-01-23 10:36:02 | INFO | BLOCKED_ALERTS_DISABLED | POLUSDT | SWING_LOW | price=0.13
2026-01-23 10:36:04 | ERROR | ALERT_ERROR | ADAUSDT | All connection attempts failed
2026-01-23 10:37:02 | INFO | SIGNAL_DETECTED | SUIUSDT | SWING_HIGH | price=1.48 | direction=SHORT | volume_zscore=0.00 | interval=1
2026-01-23 10:37:04 | ERROR | ALERT_ERROR | SUIUSDT | All connection attempts failed
2026-01-23 10:39:01 | INFO | SIGNAL_DETECTED | ADAUSDT | SWING_LOW | price=0.36 | direction=LONG | volume_zscore=0.00 | interval=1
2026-01-23 10:39:02 | INFO | SIGNAL_DETECTED | DOGEUSDT | SWING_LOW | price=0.12 | direction=LONG | volume_zscore=0.00 | interval=1
2026-01-23 10:39:04 | ERROR | ALERT_ERROR | ADAUSDT | All connection attempts failed
2026-01-23 10:39:04 | ERROR | ALERT_ERROR | DOGEUSDT | All connection attempts failed
2026-01-23 10:40:02 | INFO | SIGNAL_DETECTED | PAXGUSDT | SWING_LOW | price=4966.00 | direction=LONG | volume_zscore=0.00 | interval=1
2026-01-23 10:40:04 | ERROR | ALERT_ERROR | PAXGUSDT | All connection attempts failed
2026-01-23 10:42:01 | INFO | SIGNAL_DETECTED | ADAUSDT | SWING_HIGH | price=0.36 | direction=SHORT | volume_zscore=0.00 | interval=1
2026-01-23 10:42:01 | INFO | SIGNAL_DETECTED | DOGEUSDT | SWING_HIGH | price=0.12 | direction=SHORT | volume_zscore=0.00 | interval=1
2026-01-23 10:42:02 | INFO | SIGNAL_DETECTED | ETHUSDT | SWING_HIGH | price=2936.23 | direction=SHORT | volume_zscore=0.00 | interval=1
2026-01-23 10:42:02 | INFO | SIGNAL_DETECTED | XRPUSDT | SWING_HIGH | price=1.91 | direction=SHORT | volume_zscore=1.37 | interval=1
2026-01-23 10:42:02 | INFO | SIGNAL_DETECTED | SOLUSDT | SWING_HIGH | price=126.97 | direction=SHORT | volume_zscore=0.00 | interval=1
2026-01-23 10:42:02 | INFO | SIGNAL_DETECTED | SUIUSDT | SWING_HIGH | price=1.49 | direction=SHORT | volume_zscore=0.00 | interval=1
2026-01-23 10:42:02 | INFO | SIGNAL_DETECTED | BNBUSDT | SWING_HIGH | price=889.00 | direction=SHORT | volume_zscore=0.00 | interval=1
2026-01-23 10:42:04 | ERROR | ALERT_ERROR | ADAUSDT | All connection attempts failed
2026-01-23 10:42:04 | ERROR | ALERT_ERROR | DOGEUSDT | All connection attempts failed
2026-01-23 10:42:04 | ERROR | ALERT_ERROR | ETHUSDT | All connection attempts failed
2026-01-23 10:42:04 | ERROR | ALERT_ERROR | XRPUSDT | All connection attempts failed
2026-01-23 10:42:04 | ERROR | ALERT_ERROR | SOLUSDT | All connection attempts failed
2026-01-23 10:42:04 | ERROR | ALERT_ERROR | SUIUSDT | All connection attempts failed
2026-01-23 10:42:04 | ERROR | ALERT_ERROR | BNBUSDT | All connection attempts failed
2026-01-23 10:43:02 | INFO | SIGNAL_DETECTED | TRBUSDT | SWING_HIGH | price=20.08 | direction=SHORT | volume_zscore=0.00 | interval=1
2026-01-23 10:43:02 | INFO | SIGNAL_DETECTED | POLUSDT | SWING_HIGH | price=0.13 | direction=SHORT | volume_zscore=0.00 | interval=1
2026-01-23 10:43:02 | INFO | BLOCKED_ALERTS_DISABLED | POLUSDT | SWING_HIGH | price=0.13
2026-01-23 10:43:04 | ERROR | ALERT_ERROR | TRBUSDT | All connection attempts failed
2026-01-23 10:44:02 | INFO | SIGNAL_DETECTED | BTCUSDT | SWING_HIGH | price=89175.30 | direction=SHORT | volume_zscore=0.00 | interval=1
2026-01-23 10:44:04 | ERROR | ALERT_ERROR | BTCUSDT | All connection attempts failed
2026-01-23 10:46:02 | INFO | SIGNAL_DETECTED | PAXGUSDT | SWING_HIGH | price=4973.20 | direction=SHORT | volume_zscore=0.00 | interval=1
2026-01-23 10:46:04 | ERROR | ALERT_ERROR | PAXGUSDT | All connection attempts failed
2026-01-23 10:47:02 | INFO | SIGNAL_DETECTED | ETHUSDT | SWING_LOW | price=2933.48 | direction=LONG | volume_zscore=0.00 | interval=1
2026-01-23 10:47:02 | INFO | SIGNAL_DETECTED | GALAUSDT | SWING_LOW | price=0.01 | direction=LONG | volume_zscore=0.00 | interval=1
2026-01-23 10:47:02 | INFO | SIGNAL_DETECTED | BNBUSDT | SWING_LOW | price=888.40 | direction=LONG | volume_zscore=0.00 | interval=1
2026-01-23 10:47:02 | INFO | SIGNAL_DETECTED | POLUSDT | SWING_LOW | price=0.13 | direction=LONG | volume_zscore=0.00 | interval=1
2026-01-23 10:47:02 | INFO | BLOCKED_ALERTS_DISABLED | POLUSDT | SWING_LOW | price=0.13
2026-01-23 10:47:04 | ERROR | ALERT_ERROR | ETHUSDT | All connection attempts failed
2026-01-23 10:47:04 | ERROR | ALERT_ERROR | GALAUSDT | All connection attempts failed
2026-01-23 10:47:04 | ERROR | ALERT_ERROR | BNBUSDT | All connection attempts failed
2026-01-23 10:48:02 | INFO | SIGNAL_DETECTED | TRBUSDT | SWING_LOW | price=20.06 | direction=LONG | volume_zscore=0.00 | interval=1
2026-01-23 10:48:02 | INFO | SIGNAL_DETECTED | SOLUSDT | SWING_HIGH | price=127.14 | direction=SHORT | volume_zscore=0.00 | interval=1
2026-01-23 10:48:02 | INFO | SIGNAL_DETECTED | SUIUSDT | SWING_HIGH | price=1.49 | direction=SHORT | volume_zscore=0.00 | interval=1
2026-01-23 10:48:02 | INFO | SIGNAL_DETECTED | POLUSDT | SWING_HIGH | price=0.13 | direction=SHORT | volume_zscore=0.00 | interval=1
2026-01-23 10:48:02 | INFO | BLOCKED_ALERTS_DISABLED | POLUSDT | SWING_HIGH | price=0.13
2026-01-23 10:48:04 | ERROR | ALERT_ERROR | TRBUSDT | All connection attempts failed
2026-01-23 10:48:04 | ERROR | ALERT_ERROR | SOLUSDT | All connection attempts failed
2026-01-23 10:48:04 | ERROR | ALERT_ERROR | SUIUSDT | All connection attempts failed
2026-01-23 10:50:02 | INFO | SIGNAL_DETECTED | PAXGUSDT | SWING_HIGH | price=4976.90 | direction=SHORT | volume_zscore=0.00 | interval=1
2026-01-23 10:50:04 | ERROR | ALERT_ERROR | PAXGUSDT | All connection attempts failed
2026-01-23 10:52:02 | INFO | SIGNAL_DETECTED | DOGEUSDT | SWING_HIGH | price=0.12 | direction=SHORT | volume_zscore=0.00 | interval=1
2026-01-23 10:52:02 | INFO | SIGNAL_DETECTED | ETHUSDT | SWING_HIGH | price=2957.77 | direction=SHORT | volume_zscore=0.00 | interval=1
2026-01-23 10:52:02 | INFO | SIGNAL_DETECTED | XRPUSDT | SWING_HIGH | price=1.92 | direction=SHORT | volume_zscore=5.04 | interval=1
2026-01-23 10:52:02 | INFO | SIGNAL_DETECTED | TRBUSDT | SWING_HIGH | price=20.17 | direction=SHORT | volume_zscore=0.00 | interval=1
2026-01-23 10:52:02 | INFO | SIGNAL_DETECTED | SOLUSDT | SWING_HIGH | price=127.95 | direction=SHORT | volume_zscore=0.00 | interval=1
2026-01-23 10:52:02 | INFO | SIGNAL_DETECTED | SUIUSDT | SWING_HIGH | price=1.50 | direction=SHORT | volume_zscore=0.00 | interval=1
2026-01-23 10:52:02 | INFO | SIGNAL_DETECTED | BNBUSDT | SWING_HIGH | price=891.50 | direction=SHORT | volume_zscore=0.00 | interval=1
2026-01-23 10:52:02 | INFO | SIGNAL_DETECTED | POLUSDT | SWING_HIGH | price=0.13 | direction=SHORT | volume_zscore=0.00 | interval=1
2026-01-23 10:52:02 | INFO | BLOCKED_ALERTS_DISABLED | POLUSDT | SWING_HIGH | price=0.13
2026-01-23 10:52:04 | ERROR | ALERT_ERROR | DOGEUSDT | All connection attempts failed
2026-01-23 10:52:04 | ERROR | ALERT_ERROR | ETHUSDT | All connection attempts failed
2026-01-23 10:52:04 | ERROR | ALERT_ERROR | XRPUSDT | All connection attempts failed
2026-01-23 10:52:04 | ERROR | ALERT_ERROR | TRBUSDT | All connection attempts failed
2026-01-23 10:52:04 | ERROR | ALERT_ERROR | SOLUSDT | All connection attempts failed
2026-01-23 10:52:04 | ERROR | ALERT_ERROR | SUIUSDT | All connection attempts failed
2026-01-23 10:52:04 | ERROR | ALERT_ERROR | BNBUSDT | All connection attempts failed
2026-01-23 10:54:02 | INFO | SIGNAL_DETECTED | PAXGUSDT | SWING_LOW | price=4970.90 | direction=LONG | volume_zscore=0.00 | interval=1
2026-01-23 10:54:03 | INFO | SIGNAL_DETECTED | BTCUSDT | SWING_HIGH | price=89801.50 | direction=SHORT | volume_zscore=0.00 | interval=1
2026-01-23 10:54:05 | ERROR | ALERT_ERROR | PAXGUSDT | All connection attempts failed
2026-01-23 10:54:05 | ERROR | ALERT_ERROR | BTCUSDT | All connection attempts failed
2026-01-23 10:57:01 | INFO | SIGNAL_DETECTED | ADAUSDT | SWING_LOW | price=0.36 | direction=LONG | volume_zscore=0.00 | interval=1
2026-01-23 10:57:02 | INFO | SIGNAL_DETECTED | DOGEUSDT | SWING_LOW | price=0.12 | direction=LONG | volume_zscore=0.00 | interval=1
2026-01-23 10:57:02 | INFO | SIGNAL_DETECTED | ETHUSDT | SWING_LOW | price=2946.37 | direction=LONG | volume_zscore=0.00 | interval=1
2026-01-23 10:57:02 | INFO | SIGNAL_DETECTED | GALAUSDT | SWING_LOW | price=0.01 | direction=LONG | volume_zscore=0.00 | interval=1
2026-01-23 10:57:02 | INFO | SIGNAL_DETECTED | SOLUSDT | SWING_LOW | price=127.57 | direction=LONG | volume_zscore=0.00 | interval=1
2026-01-23 10:57:02 | INFO | SIGNAL_DETECTED | SUIUSDT | SWING_LOW | price=1.50 | direction=LONG | volume_zscore=0.00 | interval=1
2026-01-23 10:57:04 | ERROR | ALERT_ERROR | ADAUSDT | All connection attempts failed
2026-01-23 10:57:04 | ERROR | ALERT_ERROR | ETHUSDT | All connection attempts failed
2026-01-23 10:57:04 | ERROR | ALERT_ERROR | DOGEUSDT | All connection attempts failed
2026-01-23 10:57:04 | ERROR | ALERT_ERROR | GALAUSDT | All connection attempts failed
2026-01-23 10:57:04 | ERROR | ALERT_ERROR | SOLUSDT | All connection attempts failed
2026-01-23 10:57:04 | ERROR | ALERT_ERROR | SUIUSDT | All connection attempts failed
2026-01-23 10:58:02 | INFO | SIGNAL_DETECTED | PAXGUSDT | SWING_HIGH | price=4973.90 | direction=SHORT | volume_zscore=0.00 | interval=1
2026-01-23 10:58:04 | ERROR | ALERT_ERROR | PAXGUSDT | All connection attempts failed
2026-01-23 11:01:02 | INFO | SIGNAL_DETECTED | PAXGUSDT | SWING_LOW | price=4973.00 | direction=LONG | volume_zscore=0.00 | interval=1
2026-01-23 11:01:05 | ERROR | ALERT_ERROR | PAXGUSDT | All connection attempts failed
2026-01-23 11:04:02 | INFO | SIGNAL_DETECTED | TRBUSDT | SWING_LOW | price=20.18 | direction=LONG | volume_zscore=0.00 | interval=1
2026-01-23 11:04:02 | INFO | SIGNAL_DETECTED | SUIUSDT | SWING_LOW | price=1.50 | direction=LONG | volume_zscore=0.00 | interval=1
2026-01-23 11:04:02 | INFO | SIGNAL_DETECTED | BNBUSDT | SWING_HIGH | price=892.20 | direction=SHORT | volume_zscore=0.00 | interval=1
2026-01-23 11:04:02 | INFO | SIGNAL_DETECTED | POLUSDT | SWING_HIGH | price=0.13 | direction=SHORT | volume_zscore=0.00 | interval=1
2026-01-23 11:04:02 | INFO | BLOCKED_ALERTS_DISABLED | POLUSDT | SWING_HIGH | price=0.13
2026-01-23 11:04:02 | INFO | SIGNAL_DETECTED | ADAUSDT | SWING_HIGH | price=0.36 | direction=SHORT | volume_zscore=0.00 | interval=1
2026-01-23 11:04:04 | ERROR | ALERT_ERROR | TRBUSDT | All connection attempts failed
2026-01-23 11:04:05 | ERROR | ALERT_ERROR | SUIUSDT | All connection attempts failed
2026-01-23 11:04:05 | ERROR | ALERT_ERROR | BNBUSDT | All connection attempts failed
2026-01-23 11:04:05 | ERROR | ALERT_ERROR | ADAUSDT | All connection attempts failed
2026-01-23 11:07:02 | INFO | SIGNAL_DETECTED | DOGEUSDT | SWING_HIGH | price=0.13 | direction=SHORT | volume_zscore=0.00 | interval=1
2026-01-23 11:07:02 | INFO | SIGNAL_DETECTED | ETHUSDT | SWING_HIGH | price=2961.81 | direction=SHORT | volume_zscore=0.00 | interval=1
2026-01-23 11:07:02 | INFO | SIGNAL_DETECTED | TRBUSDT | SWING_HIGH | price=20.23 | direction=SHORT | volume_zscore=0.00 | interval=1
2026-01-23 11:07:02 | INFO | SIGNAL_DETECTED | PAXGUSDT | SWING_HIGH | price=4982.00 | direction=SHORT | volume_zscore=0.00 | interval=1
2026-01-23 11:07:04 | ERROR | ALERT_ERROR | ETHUSDT | All connection attempts failed
2026-01-23 11:07:04 | ERROR | ALERT_ERROR | DOGEUSDT | All connection attempts failed
2026-01-23 11:07:04 | ERROR | ALERT_ERROR | TRBUSDT | All connection attempts failed
2026-01-23 11:07:04 | ERROR | ALERT_ERROR | PAXGUSDT | All connection attempts failed
2026-01-23 11:08:01 | INFO | SIGNAL_DETECTED | ADAUSDT | SWING_HIGH | price=0.36 | direction=SHORT | volume_zscore=0.00 | interval=1
2026-01-23 11:08:02 | INFO | SIGNAL_DETECTED | SOLUSDT | SWING_HIGH | price=128.38 | direction=SHORT | volume_zscore=0.00 | interval=1
2026-01-23 11:08:02 | INFO | SIGNAL_DETECTED | SUIUSDT | SWING_HIGH | price=1.50 | direction=SHORT | volume_zscore=0.00 | interval=1
2026-01-23 11:08:02 | INFO | SIGNAL_DETECTED | BNBUSDT | SWING_HIGH | price=894.00 | direction=SHORT | volume_zscore=0.00 | interval=1
2026-01-23 11:08:02 | INFO | SIGNAL_DETECTED | POLUSDT | SWING_HIGH | price=0.13 | direction=SHORT | volume_zscore=0.00 | interval=1
2026-01-23 11:08:02 | INFO | BLOCKED_ALERTS_DISABLED | POLUSDT | SWING_HIGH | price=0.13
2026-01-23 11:08:04 | ERROR | ALERT_ERROR | ADAUSDT | All connection attempts failed
2026-01-23 11:08:04 | ERROR | ALERT_ERROR | SOLUSDT | All connection attempts failed
2026-01-23 11:08:04 | ERROR | ALERT_ERROR | SUIUSDT | All connection attempts failed
2026-01-23 11:08:04 | ERROR | ALERT_ERROR | BNBUSDT | All connection attempts failed
2026-01-23 11:10:02 | INFO | SIGNAL_DETECTED | BTCUSDT | SWING_HIGH | price=89818.20 | direction=SHORT | volume_zscore=0.00 | interval=1
2026-01-23 11:10:02 | INFO | SIGNAL_DETECTED | POLUSDT | SWING_LOW | price=0.13 | direction=LONG | volume_zscore=0.00 | interval=1
2026-01-23 11:10:02 | INFO | BLOCKED_ALERTS_DISABLED | POLUSDT | SWING_LOW | price=0.13
2026-01-23 11:10:04 | ERROR | ALERT_ERROR | BTCUSDT | All connection attempts failed
2026-01-23 11:11:02 | INFO | SIGNAL_DETECTED | DOGEUSDT | SWING_LOW | price=0.12 | direction=LONG | volume_zscore=0.00 | interval=1
2026-01-23 11:11:02 | INFO | SIGNAL_DETECTED | ETHUSDT | SWING_LOW | price=2954.39 | direction=LONG | volume_zscore=0.00 | interval=1
2026-01-23 11:11:02 | INFO | SIGNAL_DETECTED | GALAUSDT | SWING_LOW | price=0.01 | direction=LONG | volume_zscore=0.00 | interval=1
2026-01-23 11:11:02 | INFO | SIGNAL_DETECTED | SOLUSDT | SWING_LOW | price=128.10 | direction=LONG | volume_zscore=0.00 | interval=1
2026-01-23 11:11:02 | INFO | SIGNAL_DETECTED | SUIUSDT | SWING_LOW | price=1.50 | direction=LONG | volume_zscore=0.00 | interval=1
2026-01-23 11:11:04 | ERROR | ALERT_ERROR | ETHUSDT | All connection attempts failed
2026-01-23 11:11:04 | ERROR | ALERT_ERROR | DOGEUSDT | All connection attempts failed
2026-01-23 11:11:04 | ERROR | ALERT_ERROR | GALAUSDT | All connection attempts failed
2026-01-23 11:11:04 | ERROR | ALERT_ERROR | SOLUSDT | All connection attempts failed
2026-01-23 11:11:04 | ERROR | ALERT_ERROR | SUIUSDT | All connection attempts failed
2026-01-23 11:12:02 | INFO | SIGNAL_DETECTED | ETHUSDT | SWING_HIGH | price=2955.60 | direction=SHORT | volume_zscore=0.00 | interval=1
2026-01-23 11:12:02 | INFO | SIGNAL_DETECTED | SUIUSDT | SWING_HIGH | price=1.50 | direction=SHORT | volume_zscore=0.00 | interval=1
2026-01-23 11:12:04 | ERROR | ALERT_ERROR | ETHUSDT | All connection attempts failed
2026-01-23 11:12:04 | ERROR | ALERT_ERROR | SUIUSDT | All connection attempts failed
2026-01-23 11:13:02 | INFO | SIGNAL_DETECTED | DOGEUSDT | SWING_HIGH | price=0.12 | direction=SHORT | volume_zscore=0.00 | interval=1
2026-01-23 11:13:02 | INFO | SIGNAL_DETECTED | BNBUSDT | SWING_HIGH | price=895.10 | direction=SHORT | volume_zscore=0.00 | interval=1
2026-01-23 11:13:04 | ERROR | ALERT_ERROR | DOGEUSDT | All connection attempts failed
2026-01-23 11:13:04 | ERROR | ALERT_ERROR | BNBUSDT | All connection attempts failed
2026-01-23 11:14:02 | INFO | SIGNAL_DETECTED | PAXGUSDT | SWING_HIGH | price=4992.10 | direction=SHORT | volume_zscore=0.00 | interval=1
2026-01-23 11:14:04 | ERROR | ALERT_ERROR | PAXGUSDT | All connection attempts failed
2026-01-23 11:15:02 | INFO | SIGNAL_DETECTED | DOGEUSDT | SWING_LOW | price=0.12 | direction=LONG | volume_zscore=0.00 | interval=1
2026-01-23 11:15:02 | INFO | SIGNAL_DETECTED | ETHUSDT | SWING_LOW | price=2951.27 | direction=LONG | volume_zscore=0.00 | interval=1
2026-01-23 11:15:02 | INFO | SIGNAL_DETECTED | GALAUSDT | SWING_LOW | price=0.01 | direction=LONG | volume_zscore=0.00 | interval=1
2026-01-23 11:15:02 | INFO | SIGNAL_DETECTED | SOLUSDT | SWING_LOW | price=128.00 | direction=LONG | volume_zscore=0.00 | interval=1
2026-01-23 11:15:02 | INFO | SIGNAL_DETECTED | SUIUSDT | SWING_LOW | price=1.50 | direction=LONG | volume_zscore=0.00 | interval=1
2026-01-23 11:15:04 | ERROR | ALERT_ERROR | DOGEUSDT | All connection attempts failed
2026-01-23 11:15:04 | ERROR | ALERT_ERROR | ETHUSDT | All connection attempts failed
2026-01-23 11:15:04 | ERROR | ALERT_ERROR | GALAUSDT | All connection attempts failed
2026-01-23 11:15:04 | ERROR | ALERT_ERROR | SOLUSDT | All connection attempts failed
2026-01-23 11:15:04 | ERROR | ALERT_ERROR | SUIUSDT | All connection attempts failed
2026-01-23 11:17:02 | INFO | SIGNAL_DETECTED | DOGEUSDT | SWING_HIGH | price=0.12 | direction=SHORT | volume_zscore=0.00 | interval=1
2026-01-23 11:17:02 | INFO | SIGNAL_DETECTED | ETHUSDT | SWING_HIGH | price=2954.80 | direction=SHORT | volume_zscore=0.00 | interval=1
2026-01-23 11:17:02 | INFO | SIGNAL_DETECTED | TRBUSDT | SWING_HIGH | price=20.20 | direction=SHORT | volume_zscore=0.00 | interval=1
2026-01-23 11:17:02 | INFO | SIGNAL_DETECTED | SOLUSDT | SWING_HIGH | price=128.39 | direction=SHORT | volume_zscore=0.00 | interval=1
2026-01-23 11:17:02 | INFO | SIGNAL_DETECTED | PAXGUSDT | SWING_LOW | price=4988.60 | direction=LONG | volume_zscore=0.00 | interval=1
2026-01-23 11:17:02 | INFO | SIGNAL_DETECTED | POLUSDT | SWING_HIGH | price=0.13 | direction=SHORT | volume_zscore=0.00 | interval=1
2026-01-23 11:17:02 | INFO | BLOCKED_ALERTS_DISABLED | POLUSDT | SWING_HIGH | price=0.13
2026-01-23 11:17:04 | ERROR | ALERT_ERROR | ETHUSDT | All connection attempts failed
2026-01-23 11:17:04 | ERROR | ALERT_ERROR | DOGEUSDT | All connection attempts failed
2026-01-23 11:17:04 | ERROR | ALERT_ERROR | TRBUSDT | All connection attempts failed
2026-01-23 11:17:04 | ERROR | ALERT_ERROR | SOLUSDT | All connection attempts failed
2026-01-23 11:17:04 | ERROR | ALERT_ERROR | PAXGUSDT | All connection attempts failed
2026-01-23 11:19:02 | INFO | SIGNAL_DETECTED | SUIUSDT | SWING_HIGH | price=1.50 | direction=SHORT | volume_zscore=0.00 | interval=1
2026-01-23 11:19:05 | ERROR | ALERT_ERROR | SUIUSDT | All connection attempts failed
2026-01-23 11:21:02 | INFO | SIGNAL_DETECTED | SUIUSDT | SWING_LOW | price=1.50 | direction=LONG | volume_zscore=0.00 | interval=1
2026-01-23 11:21:02 | INFO | SIGNAL_DETECTED | POLUSDT | SWING_LOW | price=0.13 | direction=LONG | volume_zscore=0.00 | interval=1
2026-01-23 11:21:02 | INFO | BLOCKED_ALERTS_DISABLED | POLUSDT | SWING_LOW | price=0.13
2026-01-23 11:21:05 | ERROR | ALERT_ERROR | SUIUSDT | All connection attempts failed
2026-01-23 11:22:02 | INFO | SIGNAL_DETECTED | BNBUSDT | SWING_HIGH | price=894.60 | direction=SHORT | volume_zscore=0.00 | interval=1
2026-01-23 11:22:04 | ERROR | ALERT_ERROR | BNBUSDT | All connection attempts failed
2026-01-23 11:23:02 | INFO | SIGNAL_DETECTED | PAXGUSDT | SWING_HIGH | price=4998.90 | direction=SHORT | volume_zscore=0.00 | interval=1
2026-01-23 11:23:04 | ERROR | ALERT_ERROR | PAXGUSDT | All connection attempts failed
2026-01-23 11:25:02 | INFO | SIGNAL_DETECTED | DOGEUSDT | SWING_LOW | price=0.12 | direction=LONG | volume_zscore=0.00 | interval=1
2026-01-23 11:25:02 | INFO | SIGNAL_DETECTED | ETHUSDT | SWING_LOW | price=2950.10 | direction=LONG | volume_zscore=0.00 | interval=1
2026-01-23 11:25:02 | INFO | SIGNAL_DETECTED | SOLUSDT | SWING_LOW | price=128.09 | direction=LONG | volume_zscore=0.00 | interval=1
2026-01-23 11:25:02 | INFO | SIGNAL_DETECTED | BNBUSDT | SWING_LOW | price=893.50 | direction=LONG | volume_zscore=0.00 | interval=1
2026-01-23 11:25:02 | INFO | SIGNAL_DETECTED | PAXGUSDT | SWING_LOW | price=4997.70 | direction=LONG | volume_zscore=0.00 | interval=1
2026-01-23 11:25:02 | INFO | SIGNAL_DETECTED | POLUSDT | SWING_LOW | price=0.13 | direction=LONG | volume_zscore=0.00 | interval=1
2026-01-23 11:25:02 | INFO | BLOCKED_ALERTS_DISABLED | POLUSDT | SWING_LOW | price=0.13
2026-01-23 11:25:04 | ERROR | ALERT_ERROR | ETHUSDT | All connection attempts failed
2026-01-23 11:25:04 | ERROR | ALERT_ERROR | DOGEUSDT | All connection attempts failed
2026-01-23 11:25:04 | ERROR | ALERT_ERROR | SOLUSDT | All connection attempts failed
2026-01-23 11:25:04 | ERROR | ALERT_ERROR | BNBUSDT | All connection attempts failed
2026-01-23 11:25:04 | ERROR | ALERT_ERROR | PAXGUSDT | All connection attempts failed
2026-01-23 11:26:02 | INFO | SIGNAL_DETECTED | SUIUSDT | SWING_LOW | price=1.50 | direction=LONG | volume_zscore=0.00 | interval=1
2026-01-23 11:26:04 | ERROR | ALERT_ERROR | SUIUSDT | All connection attempts failed
2026-01-23 11:27:02 | INFO | SIGNAL_DETECTED | BTCUSDT | SWING_LOW | price=89624.10 | direction=LONG | volume_zscore=0.00 | interval=1
2026-01-23 11:27:02 | INFO | SIGNAL_DETECTED | SOLUSDT | SWING_HIGH | price=128.08 | direction=SHORT | volume_zscore=0.00 | interval=1
2026-01-23 11:27:04 | ERROR | ALERT_ERROR | BTCUSDT | All connection attempts failed
2026-01-23 11:27:04 | ERROR | ALERT_ERROR | SOLUSDT | All connection attempts failed
2026-01-23 11:28:02 | INFO | SIGNAL_DETECTED | ETHUSDT | SWING_HIGH | price=2948.79 | direction=SHORT | volume_zscore=0.00 | interval=1
2026-01-23 11:28:02 | INFO | SIGNAL_DETECTED | PAXGUSDT | SWING_HIGH | price=5001.70 | direction=SHORT | volume_zscore=0.00 | interval=1
2026-01-23 11:28:04 | ERROR | ALERT_ERROR | ETHUSDT | All connection attempts failed
2026-01-23 11:28:04 | ERROR | ALERT_ERROR | PAXGUSDT | All connection attempts failed
2026-01-23 11:30:01 | INFO | SIGNAL_DETECTED | ADAUSDT | SWING_HIGH | price=0.36 | direction=SHORT | volume_zscore=0.00 | interval=1
2026-01-23 11:30:04 | ERROR | ALERT_ERROR | ADAUSDT | All connection attempts failed
2026-01-23 11:31:01 | INFO | SIGNAL_DETECTED | ADAUSDT | SWING_LOW | price=0.36 | direction=LONG | volume_zscore=0.00 | interval=1
2026-01-23 11:31:02 | INFO | SIGNAL_DETECTED | ETHUSDT | SWING_LOW | price=2941.90 | direction=LONG | volume_zscore=0.00 | interval=1
2026-01-23 11:31:02 | INFO | SIGNAL_DETECTED | XRPUSDT | SWING_LOW | price=1.92 | direction=LONG | volume_zscore=1.02 | interval=1
2026-01-23 11:31:02 | INFO | SIGNAL_DETECTED | SOLUSDT | SWING_LOW | price=127.65 | direction=LONG | volume_zscore=0.00 | interval=1
2026-01-23 11:31:02 | INFO | SIGNAL_DETECTED | SUIUSDT | SWING_LOW | price=1.50 | direction=LONG | volume_zscore=0.00 | interval=1
2026-01-23 11:31:02 | INFO | SIGNAL_DETECTED | BNBUSDT | SWING_LOW | price=892.30 | direction=LONG | volume_zscore=0.00 | interval=1
2026-01-23 11:31:02 | INFO | SIGNAL_DETECTED | DOGEUSDT | SWING_LOW | price=0.12 | direction=LONG | volume_zscore=0.00 | interval=1
2026-01-23 11:31:04 | ERROR | ALERT_ERROR | ADAUSDT | All connection attempts failed
2026-01-23 11:31:04 | ERROR | ALERT_ERROR | ETHUSDT | All connection attempts failed
2026-01-23 11:31:04 | ERROR | ALERT_ERROR | XRPUSDT | All connection attempts failed
2026-01-23 11:31:04 | ERROR | ALERT_ERROR | SOLUSDT | All connection attempts failed
2026-01-23 11:31:04 | ERROR | ALERT_ERROR | SUIUSDT | All connection attempts failed
2026-01-23 11:31:04 | ERROR | ALERT_ERROR | BNBUSDT | All connection attempts failed
2026-01-23 11:31:05 | ERROR | ALERT_ERROR | DOGEUSDT | All connection attempts failed
2026-01-23 11:32:02 | INFO | SIGNAL_DETECTED | BTCUSDT | SWING_HIGH | price=89565.60 | direction=SHORT | volume_zscore=0.00 | interval=1
2026-01-23 11:32:04 | ERROR | ALERT_ERROR | BTCUSDT | All connection attempts failed
2026-01-23 11:34:02 | INFO | SIGNAL_DETECTED | PAXGUSDT | SWING_HIGH | price=5006.60 | direction=SHORT | volume_zscore=0.00 | interval=1
2026-01-23 11:34:04 | ERROR | ALERT_ERROR | PAXGUSDT | All connection attempts failed
2026-01-23 11:35:01 | INFO | SIGNAL_DETECTED | ADAUSDT | SWING_LOW | price=0.36 | direction=LONG | volume_zscore=0.00 | interval=1
2026-01-23 11:35:02 | INFO | SIGNAL_DETECTED | DOGEUSDT | SWING_LOW | price=0.12 | direction=LONG | volume_zscore=0.00 | interval=1
2026-01-23 11:35:02 | INFO | SIGNAL_DETECTED | ETHUSDT | SWING_LOW | price=2942.55 | direction=LONG | volume_zscore=0.00 | interval=1
2026-01-23 11:35:02 | INFO | SIGNAL_DETECTED | GALAUSDT | SWING_LOW | price=0.01 | direction=LONG | volume_zscore=0.00 | interval=1
2026-01-23 11:35:02 | INFO | SIGNAL_DETECTED | XRPUSDT | SWING_LOW | price=1.92 | direction=LONG | volume_zscore=1.00 | interval=1
2026-01-23 11:35:02 | INFO | SIGNAL_DETECTED | TRBUSDT | SWING_LOW | price=20.04 | direction=LONG | volume_zscore=0.00 | interval=1
2026-01-23 11:35:02 | INFO | SIGNAL_DETECTED | SOLUSDT | SWING_LOW | price=127.57 | direction=LONG | volume_zscore=0.00 | interval=1
2026-01-23 11:35:02 | INFO | SIGNAL_DETECTED | SUIUSDT | SWING_LOW | price=1.50 | direction=LONG | volume_zscore=0.00 | interval=1
2026-01-23 11:35:02 | INFO | SIGNAL_DETECTED | BNBUSDT | SWING_LOW | price=892.50 | direction=LONG | volume_zscore=0.00 | interval=1
2026-01-23 11:35:02 | INFO | SIGNAL_DETECTED | POLUSDT | SWING_LOW | price=0.13 | direction=LONG | volume_zscore=0.00 | interval=1
2026-01-23 11:35:02 | INFO | BLOCKED_ALERTS_DISABLED | POLUSDT | SWING_LOW | price=0.13
2026-01-23 11:35:04 | ERROR | ALERT_ERROR | ADAUSDT | All connection attempts failed
2026-01-23 11:35:04 | ERROR | ALERT_ERROR | DOGEUSDT | All connection attempts failed
2026-01-23 11:35:04 | ERROR | ALERT_ERROR | ETHUSDT | All connection attempts failed
2026-01-23 11:35:04 | ERROR | ALERT_ERROR | GALAUSDT | All connection attempts failed
2026-01-23 11:35:04 | ERROR | ALERT_ERROR | XRPUSDT | All connection attempts failed
2026-01-23 11:35:04 | ERROR | ALERT_ERROR | TRBUSDT | All connection attempts failed
2026-01-23 11:35:04 | ERROR | ALERT_ERROR | SOLUSDT | All connection attempts failed
2026-01-23 11:35:04 | ERROR | ALERT_ERROR | SUIUSDT | All connection attempts failed
2026-01-23 11:35:04 | ERROR | ALERT_ERROR | BNBUSDT | All connection attempts failed
2026-01-23 11:37:02 | INFO | SIGNAL_DETECTED | BTCUSDT | SWING_LOW | price=89534.30 | direction=LONG | volume_zscore=0.00 | interval=1
2026-01-23 11:37:02 | INFO | SIGNAL_DETECTED | PAXGUSDT | SWING_LOW | price=5002.50 | direction=LONG | volume_zscore=0.00 | interval=1
2026-01-23 11:37:04 | ERROR | ALERT_ERROR | BTCUSDT | All connection attempts failed
2026-01-23 11:37:04 | ERROR | ALERT_ERROR | PAXGUSDT | All connection attempts failed
2026-01-23 11:40:02 | INFO | SIGNAL_DETECTED | POLUSDT | SWING_HIGH | price=0.13 | direction=SHORT | volume_zscore=0.00 | interval=1
2026-01-23 11:40:02 | INFO | BLOCKED_ALERTS_DISABLED | POLUSDT | SWING_HIGH | price=0.13
2026-01-23 11:41:02 | INFO | SIGNAL_DETECTED | PAXGUSDT | SWING_HIGH | price=5002.30 | direction=SHORT | volume_zscore=0.00 | interval=1
2026-01-23 11:41:04 | ERROR | ALERT_ERROR | PAXGUSDT | All connection attempts failed
2026-01-23 11:44:01 | INFO | SIGNAL_DETECTED | ADAUSDT | SWING_HIGH | price=0.36 | direction=SHORT | volume_zscore=0.00 | interval=1
2026-01-23 11:44:02 | INFO | SIGNAL_DETECTED | DOGEUSDT | SWING_HIGH | price=0.13 | direction=SHORT | volume_zscore=0.00 | interval=1
2026-01-23 11:44:02 | INFO | SIGNAL_DETECTED | ETHUSDT | SWING_HIGH | price=2972.20 | direction=SHORT | volume_zscore=0.00 | interval=1
2026-01-23 11:44:02 | INFO | SIGNAL_DETECTED | TRBUSDT | SWING_HIGH | price=20.29 | direction=SHORT | volume_zscore=0.00 | interval=1
2026-01-23 11:44:02 | INFO | SIGNAL_DETECTED | SOLUSDT | SWING_HIGH | price=128.62 | direction=SHORT | volume_zscore=0.00 | interval=1
2026-01-23 11:44:02 | INFO | SIGNAL_DETECTED | SUIUSDT | SWING_HIGH | price=1.51 | direction=SHORT | volume_zscore=0.00 | interval=1
2026-01-23 11:44:02 | INFO | SIGNAL_DETECTED | BNBUSDT | SWING_HIGH | price=897.20 | direction=SHORT | volume_zscore=0.00 | interval=1
2026-01-23 11:44:02 | INFO | SIGNAL_DETECTED | POLUSDT | SWING_HIGH | price=0.13 | direction=SHORT | volume_zscore=0.00 | interval=1
2026-01-23 11:44:02 | INFO | BLOCKED_ALERTS_DISABLED | POLUSDT | SWING_HIGH | price=0.13
2026-01-23 11:44:04 | ERROR | ALERT_ERROR | ADAUSDT | All connection attempts failed
2026-01-23 11:44:04 | ERROR | ALERT_ERROR | ETHUSDT | All connection attempts failed
2026-01-23 11:44:04 | ERROR | ALERT_ERROR | DOGEUSDT | All connection attempts failed
2026-01-23 11:44:04 | ERROR | ALERT_ERROR | TRBUSDT | All connection attempts failed
2026-01-23 11:44:04 | ERROR | ALERT_ERROR | SOLUSDT | All connection attempts failed
2026-01-23 11:44:04 | ERROR | ALERT_ERROR | SUIUSDT | All connection attempts failed
2026-01-23 11:44:04 | ERROR | ALERT_ERROR | BNBUSDT | All connection attempts failed
2026-01-23 11:45:01 | INFO | SIGNAL_DETECTED | ADAUSDT | SWING_LOW | price=0.36 | direction=LONG | volume_zscore=0.00 | interval=1
2026-01-23 11:45:02 | INFO | SIGNAL_DETECTED | DOGEUSDT | SWING_LOW | price=0.13 | direction=LONG | volume_zscore=0.00 | interval=1
2026-01-23 11:45:02 | INFO | SIGNAL_DETECTED | ETHUSDT | SWING_LOW | price=2970.01 | direction=LONG | volume_zscore=0.00 | interval=1
2026-01-23 11:45:02 | INFO | SIGNAL_DETECTED | SOLUSDT | SWING_LOW | price=128.48 | direction=LONG | volume_zscore=0.00 | interval=1
2026-01-23 11:45:04 | ERROR | ALERT_ERROR | ADAUSDT | All connection attempts failed
2026-01-23 11:45:04 | ERROR | ALERT_ERROR | DOGEUSDT | All connection attempts failed
2026-01-23 11:45:04 | ERROR | ALERT_ERROR | ETHUSDT | All connection attempts failed
2026-01-23 11:45:04 | ERROR | ALERT_ERROR | SOLUSDT | All connection attempts failed
2026-01-23 11:46:02 | INFO | SIGNAL_DETECTED | BTCUSDT | SWING_HIGH | price=90199.90 | direction=SHORT | volume_zscore=0.00 | interval=1
2026-01-23 11:46:04 | ERROR | ALERT_ERROR | BTCUSDT | All connection attempts failed
2026-01-23 11:48:02 | INFO | SIGNAL_DETECTED | BTCUSDT | SWING_LOW | price=90161.80 | direction=LONG | volume_zscore=0.00 | interval=1
2026-01-23 11:48:02 | INFO | SIGNAL_DETECTED | ETHUSDT | SWING_HIGH | price=2969.22 | direction=SHORT | volume_zscore=0.00 | interval=1
2026-01-23 11:48:04 | ERROR | ALERT_ERROR | BTCUSDT | All connection attempts failed
2026-01-23 11:48:04 | ERROR | ALERT_ERROR | ETHUSDT | All connection attempts failed
2026-01-23 11:49:02 | INFO | SIGNAL_DETECTED | DOGEUSDT | SWING_HIGH | price=0.13 | direction=SHORT | volume_zscore=0.00 | interval=1
2026-01-23 11:49:02 | INFO | SIGNAL_DETECTED | TRBUSDT | SWING_HIGH | price=20.34 | direction=SHORT | volume_zscore=0.00 | interval=1
2026-01-23 11:49:04 | ERROR | ALERT_ERROR | DOGEUSDT | All connection attempts failed
2026-01-23 11:49:04 | ERROR | ALERT_ERROR | TRBUSDT | All connection attempts failed
2026-01-23 11:51:02 | INFO | SIGNAL_DETECTED | PAXGUSDT | SWING_LOW | price=4997.10 | direction=LONG | volume_zscore=0.00 | interval=1
2026-01-23 11:51:05 | ERROR | ALERT_ERROR | PAXGUSDT | All connection attempts failed
2026-01-23 11:52:02 | INFO | SIGNAL_DETECTED | TRBUSDT | SWING_HIGH | price=20.35 | direction=SHORT | volume_zscore=0.00 | interval=1
2026-01-23 11:52:04 | ERROR | ALERT_ERROR | TRBUSDT | All connection attempts failed
2026-01-23 11:53:01 | INFO | SIGNAL_DETECTED | ADAUSDT | SWING_HIGH | price=0.37 | direction=SHORT | volume_zscore=0.00 | interval=1
2026-01-23 11:53:02 | INFO | SIGNAL_DETECTED | SUIUSDT | SWING_HIGH | price=1.52 | direction=SHORT | volume_zscore=0.00 | interval=1
2026-01-23 11:53:02 | INFO | SIGNAL_DETECTED | BNBUSDT | SWING_HIGH | price=898.10 | direction=SHORT | volume_zscore=0.00 | interval=1
2026-01-23 11:53:04 | ERROR | ALERT_ERROR | ADAUSDT | All connection attempts failed
2026-01-23 11:53:04 | ERROR | ALERT_ERROR | SUIUSDT | All connection attempts failed
2026-01-23 11:53:04 | ERROR | ALERT_ERROR | BNBUSDT | All connection attempts failed
2026-01-23 11:54:02 | INFO | SIGNAL_DETECTED | DOGEUSDT | SWING_HIGH | price=0.13 | direction=SHORT | volume_zscore=0.00 | interval=1
2026-01-23 11:54:02 | INFO | SIGNAL_DETECTED | ETHUSDT | SWING_HIGH | price=2972.20 | direction=SHORT | volume_zscore=0.00 | interval=1
2026-01-23 11:54:02 | INFO | SIGNAL_DETECTED | SOLUSDT | SWING_HIGH | price=128.82 | direction=SHORT | volume_zscore=0.00 | interval=1
2026-01-23 11:54:02 | INFO | SIGNAL_DETECTED | PAXGUSDT | SWING_HIGH | price=4999.70 | direction=SHORT | volume_zscore=0.00 | interval=1
2026-01-23 11:54:02 | INFO | SIGNAL_DETECTED | POLUSDT | SWING_HIGH | price=0.13 | direction=SHORT | volume_zscore=0.00 | interval=1
2026-01-23 11:54:02 | INFO | BLOCKED_ALERTS_DISABLED | POLUSDT | SWING_HIGH | price=0.13
2026-01-23 11:54:04 | ERROR | ALERT_ERROR | DOGEUSDT | All connection attempts failed
2026-01-23 11:54:04 | ERROR | ALERT_ERROR | ETHUSDT | All connection attempts failed
2026-01-23 11:54:04 | ERROR | ALERT_ERROR | SOLUSDT | All connection attempts failed
2026-01-23 11:54:04 | ERROR | ALERT_ERROR | PAXGUSDT | All connection attempts failed
2026-01-23 11:55:02 | INFO | SIGNAL_DETECTED | TRBUSDT | SWING_HIGH | price=20.36 | direction=SHORT | volume_zscore=0.00 | interval=1
2026-01-23 11:55:04 | ERROR | ALERT_ERROR | TRBUSDT | All connection attempts failed
2026-01-23 11:56:02 | INFO | SIGNAL_DETECTED | BTCUSDT | SWING_HIGH | price=90304.50 | direction=SHORT | volume_zscore=0.00 | interval=1
2026-01-23 11:56:04 | ERROR | ALERT_ERROR | BTCUSDT | All connection attempts failed
2026-01-23 11:58:02 | INFO | SIGNAL_DETECTED | GALAUSDT | SWING_LOW | price=0.01 | direction=LONG | volume_zscore=0.00 | interval=1
2026-01-23 11:58:02 | INFO | SIGNAL_DETECTED | POLUSDT | SWING_LOW | price=0.13 | direction=LONG | volume_zscore=0.00 | interval=1
2026-01-23 11:58:02 | INFO | BLOCKED_ALERTS_DISABLED | POLUSDT | SWING_LOW | price=0.13
2026-01-23 11:58:04 | ERROR | ALERT_ERROR | GALAUSDT | All connection attempts failed
2026-01-23 12:01:02 | INFO | SIGNAL_DETECTED | PAXGUSDT | SWING_HIGH | price=4998.70 | direction=SHORT | volume_zscore=0.00 | interval=1
2026-01-23 12:01:04 | ERROR | ALERT_ERROR | PAXGUSDT | All connection attempts failed
2026-01-23 12:03:01 | INFO | SIGNAL_DETECTED | ADAUSDT | SWING_HIGH | price=0.36 | direction=SHORT | volume_zscore=0.00 | interval=1
2026-01-23 12:03:02 | INFO | SIGNAL_DETECTED | PAXGUSDT | SWING_LOW | price=4998.40 | direction=LONG | volume_zscore=0.00 | interval=1
2026-01-23 12:03:04 | ERROR | ALERT_ERROR | ADAUSDT | All connection attempts failed
2026-01-23 12:03:05 | ERROR | ALERT_ERROR | PAXGUSDT | All connection attempts failed
2026-01-23 12:04:02 | INFO | SIGNAL_DETECTED | ETHUSDT | SWING_LOW | price=2960.99 | direction=LONG | volume_zscore=0.00 | interval=1
2026-01-23 12:04:02 | INFO | SIGNAL_DETECTED | TRBUSDT | SWING_LOW | price=20.21 | direction=LONG | volume_zscore=0.00 | interval=1
2026-01-23 12:04:02 | INFO | SIGNAL_DETECTED | SUIUSDT | SWING_LOW | price=1.50 | direction=LONG | volume_zscore=0.00 | interval=1
2026-01-23 12:04:02 | INFO | SIGNAL_DETECTED | BNBUSDT | SWING_LOW | price=895.00 | direction=LONG | volume_zscore=0.00 | interval=1
2026-01-23 12:04:04 | ERROR | ALERT_ERROR | ETHUSDT | All connection attempts failed
2026-01-23 12:04:04 | ERROR | ALERT_ERROR | TRBUSDT | All connection attempts failed
2026-01-23 12:04:05 | ERROR | ALERT_ERROR | BNBUSDT | All connection attempts failed
2026-01-23 12:04:05 | ERROR | ALERT_ERROR | SUIUSDT | All connection attempts failed
2026-01-23 12:06:01 | INFO | SIGNAL_DETECTED | ADAUSDT | SWING_HIGH | price=0.36 | direction=SHORT | volume_zscore=0.00 | interval=1
2026-01-23 12:06:02 | INFO | SIGNAL_DETECTED | BTCUSDT | SWING_LOW | price=90006.10 | direction=LONG | volume_zscore=0.00 | interval=1
2026-01-23 12:06:04 | ERROR | ALERT_ERROR | ADAUSDT | All connection attempts failed
2026-01-23 12:06:04 | ERROR | ALERT_ERROR | BTCUSDT | All connection attempts failed
2026-01-23 12:07:02 | INFO | SIGNAL_DETECTED | ETHUSDT | SWING_HIGH | price=2965.83 | direction=SHORT | volume_zscore=0.00 | interval=1
2026-01-23 12:07:04 | ERROR | ALERT_ERROR | ETHUSDT | All connection attempts failed
2026-01-23 12:10:01 | INFO | SIGNAL_DETECTED | ADAUSDT | SWING_LOW | price=0.36 | direction=LONG | volume_zscore=0.00 | interval=1
2026-01-23 12:10:02 | INFO | SIGNAL_DETECTED | ETHUSDT | SWING_LOW | price=2959.05 | direction=LONG | volume_zscore=0.00 | interval=1
2026-01-23 12:10:02 | INFO | SIGNAL_DETECTED | PAXGUSDT | SWING_HIGH | price=5000.90 | direction=SHORT | volume_zscore=0.00 | interval=1
2026-01-23 12:10:04 | ERROR | ALERT_ERROR | ADAUSDT | All connection attempts failed
2026-01-23 12:10:04 | ERROR | ALERT_ERROR | ETHUSDT | All connection attempts failed
2026-01-23 12:10:04 | ERROR | ALERT_ERROR | PAXGUSDT | All connection attempts failed
2026-01-23 12:11:02 | INFO | SIGNAL_DETECTED | DOGEUSDT | SWING_LOW | price=0.13 | direction=LONG | volume_zscore=0.00 | interval=1
2026-01-23 12:11:02 | INFO | SIGNAL_DETECTED | TRBUSDT | SWING_LOW | price=20.16 | direction=LONG | volume_zscore=0.00 | interval=1
2026-01-23 12:11:02 | INFO | SIGNAL_DETECTED | SOLUSDT | SWING_LOW | price=127.93 | direction=LONG | volume_zscore=0.00 | interval=1
2026-01-23 12:11:02 | INFO | SIGNAL_DETECTED | BNBUSDT | SWING_LOW | price=894.70 | direction=LONG | volume_zscore=0.00 | interval=1
2026-01-23 12:11:02 | INFO | SIGNAL_DETECTED | POLUSDT | SWING_LOW | price=0.13 | direction=LONG | volume_zscore=0.00 | interval=1
2026-01-23 12:11:02 | INFO | BLOCKED_ALERTS_DISABLED | POLUSDT | SWING_LOW | price=0.13
2026-01-23 12:11:04 | ERROR | ALERT_ERROR | DOGEUSDT | All connection attempts failed
2026-01-23 12:11:04 | ERROR | ALERT_ERROR | TRBUSDT | All connection attempts failed
2026-01-23 12:11:04 | ERROR | ALERT_ERROR | SOLUSDT | All connection attempts failed
2026-01-23 12:11:05 | ERROR | ALERT_ERROR | BNBUSDT | All connection attempts failed
2026-01-23 12:12:02 | INFO | SIGNAL_DETECTED | BTCUSDT | SWING_LOW | price=89943.30 | direction=LONG | volume_zscore=0.00 | interval=1
2026-01-23 12:12:02 | INFO | SIGNAL_DETECTED | SUIUSDT | SWING_LOW | price=1.50 | direction=LONG | volume_zscore=0.00 | interval=1
2026-01-23 12:12:04 | ERROR | ALERT_ERROR | BTCUSDT | All connection attempts failed
2026-01-23 12:12:04 | ERROR | ALERT_ERROR | SUIUSDT | All connection attempts failed
2026-01-23 12:15:01 | INFO | SIGNAL_DETECTED | ADAUSDT | SWING_HIGH | price=0.36 | direction=SHORT | volume_zscore=0.00 | interval=1
2026-01-23 12:15:02 | INFO | SIGNAL_DETECTED | DOGEUSDT | SWING_HIGH | price=0.13 | direction=SHORT | volume_zscore=0.00 | interval=1
2026-01-23 12:15:02 | INFO | SIGNAL_DETECTED | ETHUSDT | SWING_HIGH | price=2967.80 | direction=SHORT | volume_zscore=0.00 | interval=1
2026-01-23 12:15:02 | INFO | SIGNAL_DETECTED | SUIUSDT | SWING_HIGH | price=1.50 | direction=SHORT | volume_zscore=0.00 | interval=1
2026-01-23 12:15:02 | INFO | SIGNAL_DETECTED | POLUSDT | SWING_HIGH | price=0.13 | direction=SHORT | volume_zscore=0.00 | interval=1
2026-01-23 12:15:02 | INFO | BLOCKED_ALERTS_DISABLED | POLUSDT | SWING_HIGH | price=0.13
2026-01-23 12:15:04 | ERROR | ALERT_ERROR | ADAUSDT | All connection attempts failed
2026-01-23 12:15:04 | ERROR | ALERT_ERROR | DOGEUSDT | All connection attempts failed
2026-01-23 12:15:04 | ERROR | ALERT_ERROR | ETHUSDT | All connection attempts failed
2026-01-23 12:15:04 | ERROR | ALERT_ERROR | SUIUSDT | All connection attempts failed
2026-01-23 12:16:02 | INFO | SIGNAL_DETECTED | PAXGUSDT | SWING_HIGH | price=5003.70 | direction=SHORT | volume_zscore=0.00 | interval=1
2026-01-23 12:16:05 | ERROR | ALERT_ERROR | PAXGUSDT | All connection attempts failed
2026-01-23 12:17:02 | INFO | SIGNAL_DETECTED | DOGEUSDT | SWING_LOW | price=0.13 | direction=LONG | volume_zscore=0.00 | interval=1
2026-01-23 12:17:04 | ERROR | ALERT_ERROR | DOGEUSDT | All connection attempts failed
2026-01-23 12:20:02 | INFO | SIGNAL_DETECTED | ETHUSDT | SWING_HIGH | price=2974.00 | direction=SHORT | volume_zscore=0.00 | interval=1
2026-01-23 12:20:02 | INFO | SIGNAL_DETECTED | TRBUSDT | SWING_HIGH | price=20.32 | direction=SHORT | volume_zscore=0.00 | interval=1
2026-01-23 12:20:02 | INFO | SIGNAL_DETECTED | POLUSDT | SWING_HIGH | price=0.13 | direction=SHORT | volume_zscore=0.00 | interval=1
2026-01-23 12:20:02 | INFO | BLOCKED_ALERTS_DISABLED | POLUSDT | SWING_HIGH | price=0.13
2026-01-23 12:20:04 | ERROR | ALERT_ERROR | ETHUSDT | All connection attempts failed
2026-01-23 12:20:04 | ERROR | ALERT_ERROR | TRBUSDT | All connection attempts failed
2026-01-23 12:23:02 | INFO | SIGNAL_DETECTED | ETHUSDT | SWING_HIGH | price=2971.82 | direction=SHORT | volume_zscore=0.00 | interval=1
2026-01-23 12:23:04 | ERROR | ALERT_ERROR | ETHUSDT | All connection attempts failed
2026-01-23 12:24:01 | INFO | SIGNAL_DETECTED | ADAUSDT | SWING_LOW | price=0.36 | direction=LONG | volume_zscore=0.00 | interval=1
2026-01-23 12:24:02 | INFO | SIGNAL_DETECTED | DOGEUSDT | SWING_LOW | price=0.13 | direction=LONG | volume_zscore=0.00 | interval=1
2026-01-23 12:24:02 | INFO | SIGNAL_DETECTED | ETHUSDT | SWING_LOW | price=2971.35 | direction=LONG | volume_zscore=0.00 | interval=1
2026-01-23 12:24:02 | INFO | SIGNAL_DETECTED | GALAUSDT | SWING_LOW | price=0.01 | direction=LONG | volume_zscore=0.00 | interval=1
2026-01-23 12:24:02 | INFO | SIGNAL_DETECTED | TRBUSDT | SWING_LOW | price=20.32 | direction=LONG | volume_zscore=0.00 | interval=1
2026-01-23 12:24:02 | INFO | SIGNAL_DETECTED | SOLUSDT | SWING_LOW | price=128.50 | direction=LONG | volume_zscore=0.00 | interval=1
2026-01-23 12:24:02 | INFO | SIGNAL_DETECTED | SUIUSDT | SWING_LOW | price=1.51 | direction=LONG | volume_zscore=0.00 | interval=1
2026-01-23 12:24:02 | INFO | SIGNAL_DETECTED | BNBUSDT | SWING_LOW | price=896.50 | direction=LONG | volume_zscore=0.00 | interval=1
2026-01-23 12:24:04 | ERROR | ALERT_ERROR | ADAUSDT | All connection attempts failed
2026-01-23 12:24:04 | ERROR | ALERT_ERROR | ETHUSDT | All connection attempts failed
2026-01-23 12:24:04 | ERROR | ALERT_ERROR | DOGEUSDT | All connection attempts failed
2026-01-23 12:24:04 | ERROR | ALERT_ERROR | GALAUSDT | All connection attempts failed
2026-01-23 12:24:04 | ERROR | ALERT_ERROR | TRBUSDT | All connection attempts failed
2026-01-23 12:24:04 | ERROR | ALERT_ERROR | SOLUSDT | All connection attempts failed
2026-01-23 12:24:05 | ERROR | ALERT_ERROR | BNBUSDT | All connection attempts failed
2026-01-23 12:24:05 | ERROR | ALERT_ERROR | SUIUSDT | All connection attempts failed
2026-01-23 12:25:02 | INFO | SIGNAL_DETECTED | TRBUSDT | SWING_HIGH | price=20.36 | direction=SHORT | volume_zscore=0.00 | interval=1
2026-01-23 12:25:04 | ERROR | ALERT_ERROR | TRBUSDT | All connection attempts failed
2026-01-23 12:29:01 | INFO | SIGNAL_DETECTED | ADAUSDT | SWING_HIGH | price=0.37 | direction=SHORT | volume_zscore=0.00 | interval=1
2026-01-23 12:29:02 | INFO | SIGNAL_DETECTED | ETHUSDT | SWING_HIGH | price=2990.70 | direction=SHORT | volume_zscore=0.00 | interval=1
2026-01-23 12:29:02 | INFO | SIGNAL_DETECTED | XRPUSDT | SWING_HIGH | price=1.95 | direction=SHORT | volume_zscore=17.58 | interval=1
2026-01-23 12:29:02 | INFO | SIGNAL_DETECTED | TRBUSDT | SWING_HIGH | price=20.46 | direction=SHORT | volume_zscore=0.00 | interval=1
2026-01-23 12:29:02 | INFO | SIGNAL_DETECTED | SOLUSDT | SWING_HIGH | price=129.54 | direction=SHORT | volume_zscore=0.00 | interval=1
2026-01-23 12:29:02 | INFO | SIGNAL_DETECTED | SUIUSDT | SWING_HIGH | price=1.52 | direction=SHORT | volume_zscore=0.00 | interval=1
2026-01-23 12:29:04 | ERROR | ALERT_ERROR | ADAUSDT | All connection attempts failed
2026-01-23 12:29:04 | ERROR | ALERT_ERROR | ETHUSDT | All connection attempts failed
2026-01-23 12:29:04 | ERROR | ALERT_ERROR | XRPUSDT | All connection attempts failed
2026-01-23 12:29:04 | ERROR | ALERT_ERROR | TRBUSDT | All connection attempts failed
2026-01-23 12:29:04 | ERROR | ALERT_ERROR | SOLUSDT | All connection attempts failed
2026-01-23 12:29:04 | ERROR | ALERT_ERROR | SUIUSDT | All connection attempts failed
2026-01-23 12:32:02 | INFO | SIGNAL_DETECTED | PAXGUSDT | SWING_LOW | price=5001.50 | direction=LONG | volume_zscore=0.00 | interval=1
2026-01-23 12:32:05 | ERROR | ALERT_ERROR | PAXGUSDT | All connection attempts failed
2026-01-23 12:33:01 | INFO | SIGNAL_DETECTED | ADAUSDT | SWING_HIGH | price=0.37 | direction=SHORT | volume_zscore=0.00 | interval=1
2026-01-23 12:33:02 | INFO | SIGNAL_DETECTED | DOGEUSDT | SWING_HIGH | price=0.13 | direction=SHORT | volume_zscore=0.00 | interval=1
2026-01-23 12:33:02 | INFO | SIGNAL_DETECTED | ETHUSDT | SWING_HIGH | price=2998.22 | direction=SHORT | volume_zscore=0.00 | interval=1
2026-01-23 12:33:02 | INFO | SIGNAL_DETECTED | XRPUSDT | SWING_HIGH | price=1.96 | direction=SHORT | volume_zscore=1.40 | interval=1
2026-01-23 12:33:02 | INFO | SIGNAL_DETECTED | TRBUSDT | SWING_HIGH | price=20.51 | direction=SHORT | volume_zscore=0.00 | interval=1
2026-01-23 12:33:02 | INFO | SIGNAL_DETECTED | SOLUSDT | SWING_HIGH | price=129.70 | direction=SHORT | volume_zscore=0.00 | interval=1
2026-01-23 12:33:02 | INFO | SIGNAL_DETECTED | SUIUSDT | SWING_HIGH | price=1.53 | direction=SHORT | volume_zscore=0.00 | interval=1
2026-01-23 12:33:02 | INFO | SIGNAL_DETECTED | BNBUSDT | SWING_HIGH | price=901.30 | direction=SHORT | volume_zscore=0.00 | interval=1
2026-01-23 12:33:02 | INFO | SIGNAL_DETECTED | POLUSDT | SWING_HIGH | price=0.13 | direction=SHORT | volume_zscore=0.00 | interval=1
2026-01-23 12:33:02 | INFO | BLOCKED_ALERTS_DISABLED | POLUSDT | SWING_HIGH | price=0.13
2026-01-23 12:33:04 | ERROR | ALERT_ERROR | ADAUSDT | All connection attempts failed
2026-01-23 12:33:04 | ERROR | ALERT_ERROR | DOGEUSDT | All connection attempts failed
2026-01-23 12:33:04 | ERROR | ALERT_ERROR | ETHUSDT | All connection attempts failed
2026-01-23 12:33:04 | ERROR | ALERT_ERROR | XRPUSDT | All connection attempts failed
2026-01-23 12:33:04 | ERROR | ALERT_ERROR | TRBUSDT | All connection attempts failed
2026-01-23 12:33:04 | ERROR | ALERT_ERROR | SOLUSDT | All connection attempts failed
2026-01-23 12:33:04 | ERROR | ALERT_ERROR | SUIUSDT | All connection attempts failed
2026-01-23 12:33:05 | ERROR | ALERT_ERROR | BNBUSDT | All connection attempts failed
2026-01-23 12:35:02 | INFO | SIGNAL_DETECTED | BTCUSDT | SWING_HIGH | price=90924.90 | direction=SHORT | volume_zscore=0.00 | interval=1
2026-01-23 12:35:04 | ERROR | ALERT_ERROR | BTCUSDT | All connection attempts failed
2026-01-23 12:37:01 | INFO | SIGNAL_DETECTED | ADAUSDT | SWING_LOW | price=0.37 | direction=LONG | volume_zscore=0.00 | interval=1
2026-01-23 12:37:02 | INFO | SIGNAL_DETECTED | DOGEUSDT | SWING_LOW | price=0.13 | direction=LONG | volume_zscore=0.00 | interval=1
2026-01-23 12:37:02 | INFO | SIGNAL_DETECTED | ETHUSDT | SWING_LOW | price=2991.13 | direction=LONG | volume_zscore=0.00 | interval=1
2026-01-23 12:37:02 | INFO | SIGNAL_DETECTED | GALAUSDT | SWING_LOW | price=0.01 | direction=LONG | volume_zscore=0.00 | interval=1
2026-01-23 12:37:02 | INFO | SIGNAL_DETECTED | TRBUSDT | SWING_LOW | price=20.46 | direction=LONG | volume_zscore=0.00 | interval=1
2026-01-23 12:37:02 | INFO | SIGNAL_DETECTED | SUIUSDT | SWING_LOW | price=1.52 | direction=LONG | volume_zscore=0.00 | interval=1
2026-01-23 12:37:02 | INFO | SIGNAL_DETECTED | BNBUSDT | SWING_LOW | price=901.10 | direction=LONG | volume_zscore=0.00 | interval=1
2026-01-23 12:37:02 | INFO | SIGNAL_DETECTED | POLUSDT | SWING_LOW | price=0.13 | direction=LONG | volume_zscore=0.00 | interval=1
2026-01-23 12:37:02 | INFO | BLOCKED_ALERTS_DISABLED | POLUSDT | SWING_LOW | price=0.13
2026-01-23 12:37:04 | ERROR | ALERT_ERROR | ADAUSDT | All connection attempts failed
2026-01-23 12:37:04 | ERROR | ALERT_ERROR | ETHUSDT | All connection attempts failed
2026-01-23 12:37:04 | ERROR | ALERT_ERROR | DOGEUSDT | All connection attempts failed
2026-01-23 12:37:04 | ERROR | ALERT_ERROR | GALAUSDT | All connection attempts failed
2026-01-23 12:37:04 | ERROR | ALERT_ERROR | TRBUSDT | All connection attempts failed
2026-01-23 12:37:05 | ERROR | ALERT_ERROR | SUIUSDT | All connection attempts failed
2026-01-23 12:37:05 | ERROR | ALERT_ERROR | BNBUSDT | All connection attempts failed
2026-01-23 12:39:02 | INFO | SIGNAL_DETECTED | BTCUSDT | SWING_LOW | price=90798.70 | direction=LONG | volume_zscore=0.00 | interval=1
2026-01-23 12:39:02 | INFO | SIGNAL_DETECTED | DOGEUSDT | SWING_HIGH | price=0.13 | direction=SHORT | volume_zscore=0.00 | interval=1
2026-01-23 12:39:02 | INFO | SIGNAL_DETECTED | ETHUSDT | SWING_HIGH | price=3013.64 | direction=SHORT | volume_zscore=0.00 | interval=1
2026-01-23 12:39:02 | INFO | SIGNAL_DETECTED | TRBUSDT | SWING_HIGH | price=20.57 | direction=SHORT | volume_zscore=0.00 | interval=1
2026-01-23 12:39:02 | INFO | SIGNAL_DETECTED | SOLUSDT | SWING_HIGH | price=130.01 | direction=SHORT | volume_zscore=0.00 | interval=1
2026-01-23 12:39:02 | INFO | SIGNAL_DETECTED | SUIUSDT | SWING_HIGH | price=1.53 | direction=SHORT | volume_zscore=0.00 | interval=1
2026-01-23 12:39:02 | INFO | SIGNAL_DETECTED | POLUSDT | SWING_HIGH | price=0.13 | direction=SHORT | volume_zscore=0.00 | interval=1
2026-01-23 12:39:02 | INFO | BLOCKED_ALERTS_DISABLED | POLUSDT | SWING_HIGH | price=0.13
2026-01-23 12:39:04 | ERROR | ALERT_ERROR | BTCUSDT | All connection attempts failed
2026-01-23 12:39:04 | ERROR | ALERT_ERROR | ETHUSDT | All connection attempts failed
2026-01-23 12:39:04 | ERROR | ALERT_ERROR | DOGEUSDT | All connection attempts failed
2026-01-23 12:39:04 | ERROR | ALERT_ERROR | TRBUSDT | All connection attempts failed
2026-01-23 12:39:04 | ERROR | ALERT_ERROR | SOLUSDT | All connection attempts failed
2026-01-23 12:39:04 | ERROR | ALERT_ERROR | SUIUSDT | All connection attempts failed
2026-01-23 12:40:02 | INFO | SIGNAL_DETECTED | BNBUSDT | SWING_HIGH | price=904.50 | direction=SHORT | volume_zscore=0.00 | interval=1
2026-01-23 12:40:05 | ERROR | ALERT_ERROR | BNBUSDT | All connection attempts failed
2026-01-23 12:42:02 | INFO | SIGNAL_DETECTED | BTCUSDT | SWING_HIGH | price=91155.30 | direction=SHORT | volume_zscore=0.00 | interval=1
2026-01-23 12:42:04 | ERROR | ALERT_ERROR | BTCUSDT | All connection attempts failed
2026-01-23 16:19:57 | INFO | SIGNAL_DETECTED | POLUSDT | SWING_HIGH | price=0.13 | direction=SHORT | volume_zscore=0.00 | interval=1
2026-01-23 16:19:57 | INFO | BLOCKED_ALERTS_DISABLED | POLUSDT | SWING_HIGH | price=0.13
2026-01-23 16:20:56 | INFO | SIGNAL_DETECTED | ADAUSDT | SWING_LOW | price=0.36 | direction=LONG | volume_zscore=0.00 | interval=1
2026-01-23 16:20:56 | INFO | SIGNAL_DETECTED | DOGEUSDT | SWING_LOW | price=0.12 | direction=LONG | volume_zscore=0.00 | interval=1
2026-01-23 16:20:56 | INFO | SIGNAL_DETECTED | ETHUSDT | SWING_LOW | price=2947.80 | direction=LONG | volume_zscore=0.00 | interval=1
2026-01-23 16:20:56 | INFO | SIGNAL_DETECTED | GALAUSDT | SWING_LOW | price=0.01 | direction=LONG | volume_zscore=0.00 | interval=1
2026-01-23 16:20:56 | INFO | SIGNAL_DETECTED | TRBUSDT | SWING_LOW | price=19.98 | direction=LONG | volume_zscore=0.00 | interval=1
2026-01-23 16:20:56 | INFO | SIGNAL_DETECTED | TRXUSDT | SWING_LOW | price=0.30 | direction=LONG | volume_zscore=0.00 | interval=1
2026-01-23 16:20:56 | INFO | SIGNAL_DETECTED | SOLUSDT | SWING_LOW | price=127.32 | direction=LONG | volume_zscore=0.00 | interval=1
2026-01-23 16:20:56 | INFO | SIGNAL_DETECTED | SUIUSDT | SWING_LOW | price=1.49 | direction=LONG | volume_zscore=0.00 | interval=1
2026-01-23 16:20:56 | INFO | SIGNAL_DETECTED | BNBUSDT | SWING_LOW | price=891.00 | direction=LONG | volume_zscore=0.00 | interval=1
2026-01-23 16:20:57 | INFO | SIGNAL_DETECTED | POLUSDT | SWING_LOW | price=0.13 | direction=LONG | volume_zscore=0.00 | interval=1
2026-01-23 16:20:57 | INFO | BLOCKED_ALERTS_DISABLED | POLUSDT | SWING_LOW | price=0.13
2026-01-23 16:20:58 | ERROR | ALERT_ERROR | ADAUSDT | All connection attempts failed
2026-01-23 16:20:58 | ERROR | ALERT_ERROR | DOGEUSDT | All connection attempts failed
2026-01-23 16:20:58 | ERROR | ALERT_ERROR | ETHUSDT | All connection attempts failed
2026-01-23 16:20:58 | ERROR | ALERT_ERROR | GALAUSDT | All connection attempts failed
2026-01-23 16:20:58 | ERROR | ALERT_ERROR | TRBUSDT | All connection attempts failed
2026-01-23 16:20:59 | ERROR | ALERT_ERROR | TRXUSDT | All connection attempts failed
2026-01-23 16:20:59 | ERROR | ALERT_ERROR | SOLUSDT | All connection attempts failed
2026-01-23 16:20:59 | ERROR | ALERT_ERROR | BNBUSDT | All connection attempts failed
2026-01-23 16:20:59 | ERROR | ALERT_ERROR | SUIUSDT | All connection attempts failed
2026-01-23 16:22:56 | INFO | SIGNAL_DETECTED | BTCUSDT | SWING_LOW | price=89531.90 | direction=LONG | volume_zscore=0.00 | interval=1
2026-01-23 16:22:56 | INFO | SIGNAL_DETECTED | PAXGUSDT | SWING_LOW | price=4993.80 | direction=LONG | volume_zscore=0.00 | interval=1
2026-01-23 16:22:58 | ERROR | ALERT_ERROR | BTCUSDT | All connection attempts failed
2026-01-23 16:22:59 | ERROR | ALERT_ERROR | PAXGUSDT | All connection attempts failed
2026-01-23 16:23:56 | INFO | SIGNAL_DETECTED | TRXUSDT | SWING_HIGH | price=0.30 | direction=SHORT | volume_zscore=0.00 | interval=1
2026-01-23 16:23:56 | INFO | SIGNAL_DETECTED | SOLUSDT | SWING_HIGH | price=127.44 | direction=SHORT | volume_zscore=0.00 | interval=1
2026-01-23 16:23:58 | ERROR | ALERT_ERROR | TRXUSDT | All connection attempts failed
2026-01-23 16:23:59 | ERROR | ALERT_ERROR | SOLUSDT | All connection attempts failed
2026-01-23 16:25:56 | INFO | SIGNAL_DETECTED | ETHUSDT | SWING_LOW | price=2949.23 | direction=LONG | volume_zscore=0.00 | interval=1
2026-01-23 16:25:58 | ERROR | ALERT_ERROR | ETHUSDT | All connection attempts failed
2026-01-23 16:26:56 | INFO | SIGNAL_DETECTED | DOGEUSDT | SWING_LOW | price=0.12 | direction=LONG | volume_zscore=0.00 | interval=1
2026-01-23 16:26:58 | ERROR | ALERT_ERROR | DOGEUSDT | All connection attempts failed
2026-01-23 16:27:56 | INFO | SIGNAL_DETECTED | SOLUSDT | SWING_LOW | price=127.36 | direction=LONG | volume_zscore=0.00 | interval=1
2026-01-23 16:27:59 | ERROR | ALERT_ERROR | SOLUSDT | All connection attempts failed
2026-01-23 16:29:56 | INFO | SIGNAL_DETECTED | ETHUSDT | SWING_HIGH | price=2951.16 | direction=SHORT | volume_zscore=0.00 | interval=1
2026-01-23 16:29:58 | ERROR | ALERT_ERROR | ETHUSDT | All connection attempts failed
2026-01-23 16:30:56 | INFO | SIGNAL_DETECTED | ADAUSDT | SWING_HIGH | price=0.36 | direction=SHORT | volume_zscore=0.00 | interval=1
2026-01-23 16:30:56 | INFO | SIGNAL_DETECTED | BTCUSDT | SWING_HIGH | price=89603.10 | direction=SHORT | volume_zscore=0.00 | interval=1
2026-01-23 16:30:56 | INFO | SIGNAL_DETECTED | BNBUSDT | SWING_HIGH | price=891.60 | direction=SHORT | volume_zscore=0.00 | interval=1
2026-01-23 16:30:58 | ERROR | ALERT_ERROR | ADAUSDT | All connection attempts failed
2026-01-23 16:30:58 | ERROR | ALERT_ERROR | BTCUSDT | All connection attempts failed
2026-01-23 16:30:59 | ERROR | ALERT_ERROR | BNBUSDT | All connection attempts failed
2026-01-23 16:32:56 | INFO | SIGNAL_DETECTED | DOGEUSDT | SWING_LOW | price=0.12 | direction=LONG | volume_zscore=0.00 | interval=1
2026-01-23 16:32:56 | INFO | SIGNAL_DETECTED | ETHUSDT | SWING_LOW | price=2947.93 | direction=LONG | volume_zscore=0.00 | interval=1
2026-01-23 16:32:56 | INFO | SIGNAL_DETECTED | GALAUSDT | SWING_LOW | price=0.01 | direction=LONG | volume_zscore=0.00 | interval=1
2026-01-23 16:32:56 | INFO | SIGNAL_DETECTED | SOLUSDT | SWING_LOW | price=127.28 | direction=LONG | volume_zscore=0.00 | interval=1
2026-01-23 16:32:56 | INFO | SIGNAL_DETECTED | SUIUSDT | SWING_LOW | price=1.49 | direction=LONG | volume_zscore=0.00 | interval=1
2026-01-23 16:32:57 | INFO | SIGNAL_DETECTED | POLUSDT | SWING_LOW | price=0.13 | direction=LONG | volume_zscore=0.00 | interval=1
2026-01-23 16:32:57 | INFO | BLOCKED_ALERTS_DISABLED | POLUSDT | SWING_LOW | price=0.13
2026-01-23 16:32:58 | ERROR | ALERT_ERROR | DOGEUSDT | All connection attempts failed
2026-01-23 16:32:58 | ERROR | ALERT_ERROR | ETHUSDT | All connection attempts failed
2026-01-23 16:32:58 | ERROR | ALERT_ERROR | GALAUSDT | All connection attempts failed
2026-01-23 16:32:59 | ERROR | ALERT_ERROR | SOLUSDT | All connection attempts failed
2026-01-23 16:32:59 | ERROR | ALERT_ERROR | SUIUSDT | All connection attempts failed
2026-01-23 16:33:56 | INFO | SIGNAL_DETECTED | PAXGUSDT | SWING_LOW | price=4997.00 | direction=LONG | volume_zscore=0.00 | interval=1
2026-01-23 16:33:59 | ERROR | ALERT_ERROR | PAXGUSDT | All connection attempts failed
2026-01-23 16:34:56 | INFO | SIGNAL_DETECTED | ETHUSDT | SWING_HIGH | price=2948.01 | direction=SHORT | volume_zscore=0.00 | interval=1
2026-01-23 16:34:58 | ERROR | ALERT_ERROR | ETHUSDT | All connection attempts failed
2026-01-23 16:35:56 | INFO | SIGNAL_DETECTED | ETHUSDT | SWING_LOW | price=2945.13 | direction=LONG | volume_zscore=0.00 | interval=1
2026-01-23 16:35:56 | INFO | SIGNAL_DETECTED | TRXUSDT | SWING_LOW | price=0.30 | direction=LONG | volume_zscore=0.00 | interval=1
2026-01-23 16:35:58 | ERROR | ALERT_ERROR | ETHUSDT | All connection attempts failed
2026-01-23 16:35:59 | ERROR | ALERT_ERROR | TRXUSDT | All connection attempts failed
2026-01-23 16:36:56 | INFO | SIGNAL_DETECTED | DOGEUSDT | SWING_LOW | price=0.12 | direction=LONG | volume_zscore=0.00 | interval=1
2026-01-23 16:36:56 | INFO | SIGNAL_DETECTED | SOLUSDT | SWING_LOW | price=127.30 | direction=LONG | volume_zscore=0.00 | interval=1
2026-01-23 16:36:56 | INFO | SIGNAL_DETECTED | SUIUSDT | SWING_LOW | price=1.49 | direction=LONG | volume_zscore=0.00 | interval=1
2026-01-23 16:36:57 | INFO | SIGNAL_DETECTED | POLUSDT | SWING_LOW | price=0.13 | direction=LONG | volume_zscore=0.00 | interval=1
2026-01-23 16:36:57 | INFO | BLOCKED_ALERTS_DISABLED | POLUSDT | SWING_LOW | price=0.13
2026-01-23 16:36:58 | ERROR | ALERT_ERROR | DOGEUSDT | All connection attempts failed
2026-01-23 16:36:59 | ERROR | ALERT_ERROR | SOLUSDT | All connection attempts failed
2026-01-23 16:36:59 | ERROR | ALERT_ERROR | SUIUSDT | All connection attempts failed
2026-01-23 16:37:56 | INFO | SIGNAL_DETECTED | ADAUSDT | SWING_HIGH | price=0.36 | direction=SHORT | volume_zscore=0.00 | interval=1
2026-01-23 16:37:56 | INFO | SIGNAL_DETECTED | DOGEUSDT | SWING_HIGH | price=0.12 | direction=SHORT | volume_zscore=0.00 | interval=1
2026-01-23 16:37:58 | ERROR | ALERT_ERROR | ADAUSDT | All connection attempts failed
2026-01-23 16:37:58 | ERROR | ALERT_ERROR | DOGEUSDT | All connection attempts failed
2026-01-23 16:38:56 | INFO | SIGNAL_DETECTED | ETHUSDT | SWING_HIGH | price=2947.33 | direction=SHORT | volume_zscore=0.00 | interval=1
2026-01-23 16:38:56 | INFO | SIGNAL_DETECTED | TRXUSDT | SWING_LOW | price=0.30 | direction=LONG | volume_zscore=0.00 | interval=1
2026-01-23 16:38:56 | INFO | SIGNAL_DETECTED | SOLUSDT | SWING_HIGH | price=127.28 | direction=SHORT | volume_zscore=0.00 | interval=1
2026-01-23 16:38:58 | ERROR | ALERT_ERROR | ETHUSDT | All connection attempts failed
2026-01-23 16:38:59 | ERROR | ALERT_ERROR | TRXUSDT | All connection attempts failed
2026-01-23 16:38:59 | ERROR | ALERT_ERROR | SOLUSDT | All connection attempts failed
2026-01-23 16:40:56 | INFO | SIGNAL_DETECTED | TRBUSDT | SWING_LOW | price=19.98 | direction=LONG | volume_zscore=0.00 | interval=1
2026-01-23 16:40:56 | INFO | SIGNAL_DETECTED | SUIUSDT | SWING_LOW | price=1.49 | direction=LONG | volume_zscore=0.00 | interval=1
2026-01-23 16:40:58 | ERROR | ALERT_ERROR | TRBUSDT | All connection attempts failed
2026-01-23 16:40:59 | ERROR | ALERT_ERROR | SUIUSDT | All connection attempts failed
2026-01-23 16:41:56 | INFO | SIGNAL_DETECTED | SOLUSDT | SWING_HIGH | price=127.37 | direction=SHORT | volume_zscore=0.00 | interval=1
2026-01-23 16:41:59 | ERROR | ALERT_ERROR | SOLUSDT | All connection attempts failed
2026-01-23 16:42:56 | INFO | SIGNAL_DETECTED | TRBUSDT | SWING_HIGH | price=19.98 | direction=SHORT | volume_zscore=0.00 | interval=1
2026-01-23 16:42:56 | INFO | SIGNAL_DETECTED | TRXUSDT | SWING_HIGH | price=0.30 | direction=SHORT | volume_zscore=0.00 | interval=1
2026-01-23 16:42:58 | ERROR | ALERT_ERROR | TRBUSDT | All connection attempts failed
2026-01-23 16:42:59 | ERROR | ALERT_ERROR | TRXUSDT | All connection attempts failed
2026-01-23 16:44:56 | INFO | SIGNAL_DETECTED | ETHUSDT | SWING_LOW | price=2941.86 | direction=LONG | volume_zscore=0.00 | interval=1
2026-01-23 16:44:58 | ERROR | ALERT_ERROR | ETHUSDT | All connection attempts failed
2026-01-23 16:45:56 | INFO | SIGNAL_DETECTED | DOGEUSDT | SWING_LOW | price=0.12 | direction=LONG | volume_zscore=0.00 | interval=1
2026-01-23 16:45:56 | INFO | SIGNAL_DETECTED | XRPUSDT | SWING_LOW | price=1.92 | direction=LONG | volume_zscore=1.55 | interval=1
2026-01-23 16:45:56 | INFO | SIGNAL_DETECTED | TRBUSDT | SWING_LOW | price=19.93 | direction=LONG | volume_zscore=0.00 | interval=1
2026-01-23 16:45:56 | INFO | SIGNAL_DETECTED | BNBUSDT | SWING_LOW | price=889.50 | direction=LONG | volume_zscore=0.00 | interval=1
2026-01-23 16:45:57 | INFO | SIGNAL_DETECTED | POLUSDT | SWING_LOW | price=0.13 | direction=LONG | volume_zscore=0.00 | interval=1
2026-01-23 16:45:57 | INFO | BLOCKED_ALERTS_DISABLED | POLUSDT | SWING_LOW | price=0.13
2026-01-23 16:45:58 | ERROR | ALERT_ERROR | DOGEUSDT | All connection attempts failed
2026-01-23 16:45:58 | ERROR | ALERT_ERROR | XRPUSDT | All connection attempts failed
2026-01-23 16:45:58 | ERROR | ALERT_ERROR | TRBUSDT | All connection attempts failed
2026-01-23 16:45:59 | ERROR | ALERT_ERROR | BNBUSDT | All connection attempts failed
2026-01-23 16:46:56 | INFO | SIGNAL_DETECTED | BTCUSDT | SWING_LOW | price=89368.00 | direction=LONG | volume_zscore=0.00 | interval=1
2026-01-23 16:46:58 | ERROR | ALERT_ERROR | BTCUSDT | All connection attempts failed
2026-01-23 16:48:56 | INFO | SIGNAL_DETECTED | XRPUSDT | SWING_LOW | price=1.92 | direction=LONG | volume_zscore=31.16 | interval=1
2026-01-23 16:48:58 | ERROR | ALERT_ERROR | XRPUSDT | All connection attempts failed
2026-01-23 16:50:56 | INFO | SIGNAL_DETECTED | PAXGUSDT | SWING_LOW | price=4997.30 | direction=LONG | volume_zscore=0.00 | interval=1
2026-01-23 16:50:59 | ERROR | ALERT_ERROR | PAXGUSDT | All connection attempts failed
2026-01-23 16:52:56 | INFO | SIGNAL_DETECTED | BTCUSDT | SWING_HIGH | price=89428.60 | direction=SHORT | volume_zscore=0.00 | interval=1
2026-01-23 16:52:56 | INFO | SIGNAL_DETECTED | SOLUSDT | SWING_HIGH | price=127.23 | direction=SHORT | volume_zscore=0.00 | interval=1
2026-01-23 16:52:58 | ERROR | ALERT_ERROR | BTCUSDT | All connection attempts failed
2026-01-23 16:52:59 | ERROR | ALERT_ERROR | SOLUSDT | All connection attempts failed
2026-01-23 16:53:56 | INFO | SIGNAL_DETECTED | TRBUSDT | SWING_HIGH | price=19.98 | direction=SHORT | volume_zscore=0.00 | interval=1
2026-01-23 16:53:56 | INFO | SIGNAL_DETECTED | SOLUSDT | SWING_LOW | price=127.18 | direction=LONG | volume_zscore=0.00 | interval=1
2026-01-23 16:53:56 | INFO | SIGNAL_DETECTED | BNBUSDT | SWING_LOW | price=890.30 | direction=LONG | volume_zscore=0.00 | interval=1
2026-01-23 16:53:58 | ERROR | ALERT_ERROR | TRBUSDT | All connection attempts failed
2026-01-23 16:53:59 | ERROR | ALERT_ERROR | SOLUSDT | All connection attempts failed
2026-01-23 16:53:59 | ERROR | ALERT_ERROR | BNBUSDT | All connection attempts failed
2026-01-23 16:54:56 | INFO | SIGNAL_DETECTED | ADAUSDT | SWING_HIGH | price=0.36 | direction=SHORT | volume_zscore=0.00 | interval=1
2026-01-23 16:54:56 | INFO | SIGNAL_DETECTED | DOGEUSDT | SWING_HIGH | price=0.12 | direction=SHORT | volume_zscore=0.00 | interval=1
2026-01-23 16:54:56 | INFO | SIGNAL_DETECTED | ETHUSDT | SWING_HIGH | price=2946.61 | direction=SHORT | volume_zscore=0.00 | interval=1
2026-01-23 16:54:56 | INFO | SIGNAL_DETECTED | SUIUSDT | SWING_HIGH | price=1.49 | direction=SHORT | volume_zscore=0.00 | interval=1
2026-01-23 16:54:56 | INFO | SIGNAL_DETECTED | BNBUSDT | SWING_HIGH | price=890.10 | direction=SHORT | volume_zscore=0.00 | interval=1
2026-01-23 16:54:57 | INFO | SIGNAL_DETECTED | POLUSDT | SWING_HIGH | price=0.13 | direction=SHORT | volume_zscore=0.00 | interval=1
2026-01-23 16:54:57 | INFO | BLOCKED_ALERTS_DISABLED | POLUSDT | SWING_HIGH | price=0.13
2026-01-23 16:54:58 | ERROR | ALERT_ERROR | ADAUSDT | All connection attempts failed
2026-01-23 16:54:58 | ERROR | ALERT_ERROR | DOGEUSDT | All connection attempts failed
2026-01-23 16:54:58 | ERROR | ALERT_ERROR | ETHUSDT | All connection attempts failed
2026-01-23 16:54:59 | ERROR | ALERT_ERROR | SUIUSDT | All connection attempts failed
2026-01-23 16:54:59 | ERROR | ALERT_ERROR | BNBUSDT | All connection attempts failed
2026-01-23 16:57:56 | INFO | SIGNAL_DETECTED | TRBUSDT | SWING_LOW | price=19.96 | direction=LONG | volume_zscore=0.00 | interval=1
2026-01-23 16:57:56 | INFO | SIGNAL_DETECTED | TRXUSDT | SWING_HIGH | price=0.30 | direction=SHORT | volume_zscore=0.00 | interval=1
2026-01-23 16:57:58 | ERROR | ALERT_ERROR | TRBUSDT | All connection attempts failed
2026-01-23 16:57:59 | ERROR | ALERT_ERROR | TRXUSDT | All connection attempts failed
2026-01-23 16:59:56 | INFO | SIGNAL_DETECTED | ETHUSDT | SWING_LOW | price=2942.25 | direction=LONG | volume_zscore=0.00 | interval=1
2026-01-23 16:59:58 | ERROR | ALERT_ERROR | ETHUSDT | All connection attempts failed
2026-01-23 17:00:56 | INFO | SIGNAL_DETECTED | TRXUSDT | SWING_LOW | price=0.30 | direction=LONG | volume_zscore=0.00 | interval=1
2026-01-23 17:00:56 | INFO | SIGNAL_DETECTED | PAXGUSDT | SWING_HIGH | price=5004.30 | direction=SHORT | volume_zscore=0.00 | interval=1
2026-01-23 17:00:59 | ERROR | ALERT_ERROR | TRXUSDT | All connection attempts failed
2026-01-23 17:00:59 | ERROR | ALERT_ERROR | PAXGUSDT | All connection attempts failed
2026-01-23 17:01:56 | INFO | SIGNAL_DETECTED | BTCUSDT | SWING_LOW | price=89270.00 | direction=LONG | volume_zscore=0.00 | interval=1
2026-01-23 17:01:56 | INFO | SIGNAL_DETECTED | TRBUSDT | SWING_LOW | price=19.96 | direction=LONG | volume_zscore=0.00 | interval=1
2026-01-23 17:01:58 | ERROR | ALERT_ERROR | BTCUSDT | All connection attempts failed
2026-01-23 17:01:58 | ERROR | ALERT_ERROR | TRBUSDT | All connection attempts failed
2026-01-23 17:02:56 | INFO | SIGNAL_DETECTED | ADAUSDT | SWING_LOW | price=0.36 | direction=LONG | volume_zscore=0.00 | interval=1
2026-01-23 17:02:56 | INFO | SIGNAL_DETECTED | DOGEUSDT | SWING_LOW | price=0.12 | direction=LONG | volume_zscore=0.00 | interval=1
2026-01-23 17:02:56 | INFO | SIGNAL_DETECTED | GALAUSDT | SWING_LOW | price=0.01 | direction=LONG | volume_zscore=0.00 | interval=1
2026-01-23 17:02:56 | INFO | SIGNAL_DETECTED | XRPUSDT | SWING_LOW | price=1.92 | direction=LONG | volume_zscore=9.45 | interval=1
2026-01-23 17:02:56 | INFO | SIGNAL_DETECTED | SOLUSDT | SWING_LOW | price=127.20 | direction=LONG | volume_zscore=0.00 | interval=1
2026-01-23 17:02:56 | INFO | SIGNAL_DETECTED | SUIUSDT | SWING_LOW | price=1.49 | direction=LONG | volume_zscore=0.00 | interval=1
2026-01-23 17:02:57 | INFO | SIGNAL_DETECTED | POLUSDT | SWING_LOW | price=0.13 | direction=LONG | volume_zscore=0.00 | interval=1
2026-01-23 17:02:57 | INFO | BLOCKED_ALERTS_DISABLED | POLUSDT | SWING_LOW | price=0.13
2026-01-23 17:02:58 | ERROR | ALERT_ERROR | ADAUSDT | All connection attempts failed
2026-01-23 17:02:58 | ERROR | ALERT_ERROR | DOGEUSDT | All connection attempts failed
2026-01-23 17:02:58 | ERROR | ALERT_ERROR | GALAUSDT | All connection attempts failed
2026-01-23 17:02:58 | ERROR | ALERT_ERROR | XRPUSDT | All connection attempts failed
2026-01-23 17:02:59 | ERROR | ALERT_ERROR | SOLUSDT | All connection attempts failed
2026-01-23 17:02:59 | ERROR | ALERT_ERROR | SUIUSDT | All connection attempts failed
2026-01-23 17:04:56 | INFO | SIGNAL_DETECTED | PAXGUSDT | SWING_HIGH | price=5003.20 | direction=SHORT | volume_zscore=0.00 | interval=1
2026-01-23 17:04:59 | ERROR | ALERT_ERROR | PAXGUSDT | All connection attempts failed
2026-01-23 17:05:56 | INFO | SIGNAL_DETECTED | DOGEUSDT | SWING_HIGH | price=0.12 | direction=SHORT | volume_zscore=0.00 | interval=1
2026-01-23 17:05:56 | INFO | SIGNAL_DETECTED | ETHUSDT | SWING_HIGH | price=2955.16 | direction=SHORT | volume_zscore=0.00 | interval=1
2026-01-23 17:05:56 | INFO | SIGNAL_DETECTED | SOLUSDT | SWING_HIGH | price=127.50 | direction=SHORT | volume_zscore=0.00 | interval=1
2026-01-23 17:05:56 | INFO | SIGNAL_DETECTED | SUIUSDT | SWING_HIGH | price=1.49 | direction=SHORT | volume_zscore=0.00 | interval=1
2026-01-23 17:05:57 | INFO | SIGNAL_DETECTED | POLUSDT | SWING_HIGH | price=0.13 | direction=SHORT | volume_zscore=0.00 | interval=1
2026-01-23 17:05:57 | INFO | BLOCKED_ALERTS_DISABLED | POLUSDT | SWING_HIGH | price=0.13
2026-01-23 17:05:58 | ERROR | ALERT_ERROR | DOGEUSDT | All connection attempts failed
2026-01-23 17:05:58 | ERROR | ALERT_ERROR | ETHUSDT | All connection attempts failed
2026-01-23 17:05:59 | ERROR | ALERT_ERROR | SOLUSDT | All connection attempts failed
2026-01-23 17:05:59 | ERROR | ALERT_ERROR | SUIUSDT | All connection attempts failed
2026-01-23 17:06:56 | INFO | SIGNAL_DETECTED | TRXUSDT | SWING_HIGH | price=0.30 | direction=SHORT | volume_zscore=0.00 | interval=1
2026-01-23 17:06:59 | ERROR | ALERT_ERROR | TRXUSDT | All connection attempts failed
2026-01-23 17:07:56 | INFO | SIGNAL_DETECTED | BTCUSDT | SWING_HIGH | price=89559.00 | direction=SHORT | volume_zscore=0.00 | interval=1
2026-01-23 17:07:58 | ERROR | ALERT_ERROR | BTCUSDT | All connection attempts failed
2026-01-23 17:09:56 | INFO | SIGNAL_DETECTED | DOGEUSDT | SWING_LOW | price=0.12 | direction=LONG | volume_zscore=0.00 | interval=1
2026-01-23 17:09:56 | INFO | SIGNAL_DETECTED | ETHUSDT | SWING_LOW | price=2951.31 | direction=LONG | volume_zscore=0.00 | interval=1
2026-01-23 17:09:56 | INFO | SIGNAL_DETECTED | GALAUSDT | SWING_LOW | price=0.01 | direction=LONG | volume_zscore=0.00 | interval=1
2026-01-23 17:09:56 | INFO | SIGNAL_DETECTED | SOLUSDT | SWING_LOW | price=127.34 | direction=LONG | volume_zscore=0.00 | interval=1
2026-01-23 17:09:56 | INFO | SIGNAL_DETECTED | SUIUSDT | SWING_LOW | price=1.49 | direction=LONG | volume_zscore=0.00 | interval=1
2026-01-23 17:09:56 | INFO | SIGNAL_DETECTED | BNBUSDT | SWING_LOW | price=890.70 | direction=LONG | volume_zscore=0.00 | interval=1
2026-01-23 17:09:57 | INFO | SIGNAL_DETECTED | POLUSDT | SWING_LOW | price=0.13 | direction=LONG | volume_zscore=0.00 | interval=1
2026-01-23 17:09:57 | INFO | BLOCKED_ALERTS_DISABLED | POLUSDT | SWING_LOW | price=0.13
2026-01-23 17:09:58 | ERROR | ALERT_ERROR | DOGEUSDT | All connection attempts failed
2026-01-23 17:09:58 | ERROR | ALERT_ERROR | ETHUSDT | All connection attempts failed
2026-01-23 17:09:58 | ERROR | ALERT_ERROR | GALAUSDT | All connection attempts failed
2026-01-23 17:09:59 | ERROR | ALERT_ERROR | SOLUSDT | All connection attempts failed
2026-01-23 17:09:59 | ERROR | ALERT_ERROR | SUIUSDT | All connection attempts failed
2026-01-23 17:09:59 | ERROR | ALERT_ERROR | BNBUSDT | All connection attempts failed
2026-01-23 17:10:56 | INFO | SIGNAL_DETECTED | TRBUSDT | SWING_LOW | price=20.00 | direction=LONG | volume_zscore=0.00 | interval=1
2026-01-23 17:10:57 | INFO | SIGNAL_DETECTED | PAXGUSDT | SWING_HIGH | price=5001.10 | direction=SHORT | volume_zscore=0.00 | interval=1
2026-01-23 17:10:59 | ERROR | ALERT_ERROR | TRBUSDT | All connection attempts failed
2026-01-23 17:10:59 | ERROR | ALERT_ERROR | PAXGUSDT | All connection attempts failed
2026-01-23 17:14:56 | INFO | SIGNAL_DETECTED | ADAUSDT | SWING_HIGH | price=0.36 | direction=SHORT | volume_zscore=0.00 | interval=1
2026-01-23 17:14:56 | INFO | SIGNAL_DETECTED | DOGEUSDT | SWING_HIGH | price=0.12 | direction=SHORT | volume_zscore=0.00 | interval=1
2026-01-23 17:14:56 | INFO | SIGNAL_DETECTED | ETHUSDT | SWING_HIGH | price=2955.68 | direction=SHORT | volume_zscore=0.00 | interval=1
2026-01-23 17:14:56 | INFO | SIGNAL_DETECTED | TRBUSDT | SWING_HIGH | price=20.04 | direction=SHORT | volume_zscore=0.00 | interval=1
2026-01-23 17:14:56 | INFO | SIGNAL_DETECTED | SOLUSDT | SWING_HIGH | price=127.57 | direction=SHORT | volume_zscore=0.00 | interval=1
2026-01-23 17:14:56 | INFO | SIGNAL_DETECTED | SUIUSDT | SWING_HIGH | price=1.49 | direction=SHORT | volume_zscore=0.00 | interval=1
2026-01-23 17:14:56 | INFO | SIGNAL_DETECTED | BNBUSDT | SWING_HIGH | price=892.10 | direction=SHORT | volume_zscore=0.00 | interval=1
2026-01-23 17:14:58 | ERROR | ALERT_ERROR | ADAUSDT | All connection attempts failed
2026-01-23 17:14:58 | ERROR | ALERT_ERROR | DOGEUSDT | All connection attempts failed
2026-01-23 17:14:58 | ERROR | ALERT_ERROR | ETHUSDT | All connection attempts failed
2026-01-23 17:14:59 | ERROR | ALERT_ERROR | TRBUSDT | All connection attempts failed
2026-01-23 17:14:59 | ERROR | ALERT_ERROR | SOLUSDT | All connection attempts failed
2026-01-23 17:14:59 | ERROR | ALERT_ERROR | BNBUSDT | All connection attempts failed
2026-01-23 17:14:59 | ERROR | ALERT_ERROR | SUIUSDT | All connection attempts failed
2026-01-23 17:15:57 | INFO | SIGNAL_DETECTED | POLUSDT | SWING_HIGH | price=0.13 | direction=SHORT | volume_zscore=0.00 | interval=1
2026-01-23 17:15:57 | INFO | BLOCKED_ALERTS_DISABLED | POLUSDT | SWING_HIGH | price=0.13
2026-01-23 17:16:56 | INFO | SIGNAL_DETECTED | BTCUSDT | SWING_HIGH | price=89680.30 | direction=SHORT | volume_zscore=0.00 | interval=1
2026-01-23 17:16:56 | INFO | SIGNAL_DETECTED | TRXUSDT | SWING_HIGH | price=0.30 | direction=SHORT | volume_zscore=0.00 | interval=1
2026-01-23 17:16:58 | ERROR | ALERT_ERROR | BTCUSDT | All connection attempts failed
2026-01-23 17:16:59 | ERROR | ALERT_ERROR | TRXUSDT | All connection attempts failed
2026-01-23 17:17:56 | INFO | SIGNAL_DETECTED | ETHUSDT | SWING_LOW | price=2947.72 | direction=LONG | volume_zscore=0.00 | interval=1
2026-01-23 17:17:56 | INFO | SIGNAL_DETECTED | SUIUSDT | SWING_LOW | price=1.49 | direction=LONG | volume_zscore=0.00 | interval=1
2026-01-23 17:17:56 | INFO | SIGNAL_DETECTED | BNBUSDT | SWING_LOW | price=891.00 | direction=LONG | volume_zscore=0.00 | interval=1
2026-01-23 17:17:57 | INFO | SIGNAL_DETECTED | POLUSDT | SWING_LOW | price=0.13 | direction=LONG | volume_zscore=0.00 | interval=1
2026-01-23 17:17:57 | INFO | BLOCKED_ALERTS_DISABLED | POLUSDT | SWING_LOW | price=0.13
2026-01-23 17:17:58 | ERROR | ALERT_ERROR | ETHUSDT | All connection attempts failed
2026-01-23 17:17:59 | ERROR | ALERT_ERROR | SUIUSDT | All connection attempts failed
2026-01-23 17:17:59 | ERROR | ALERT_ERROR | BNBUSDT | All connection attempts failed
2026-01-23 17:20:56 | INFO | SIGNAL_DETECTED | TRBUSDT | SWING_HIGH | price=20.02 | direction=SHORT | volume_zscore=0.00 | interval=1
2026-01-23 17:20:59 | ERROR | ALERT_ERROR | TRBUSDT | All connection attempts failed
2026-01-23 17:21:56 | INFO | SIGNAL_DETECTED | BTCUSDT | SWING_LOW | price=89558.50 | direction=LONG | volume_zscore=0.00 | interval=1
2026-01-23 17:21:58 | ERROR | ALERT_ERROR | BTCUSDT | All connection attempts failed
2026-01-23 17:23:56 | INFO | SIGNAL_DETECTED | ADAUSDT | SWING_LOW | price=0.36 | direction=LONG | volume_zscore=0.00 | interval=1
2026-01-23 17:23:56 | INFO | SIGNAL_DETECTED | ETHUSDT | SWING_LOW | price=2948.15 | direction=LONG | volume_zscore=0.00 | interval=1
2026-01-23 17:23:58 | ERROR | ALERT_ERROR | ADAUSDT | All connection attempts failed
2026-01-23 17:23:58 | ERROR | ALERT_ERROR | ETHUSDT | All connection attempts failed
2026-01-23 17:24:56 | INFO | SIGNAL_DETECTED | BNBUSDT | SWING_LOW | price=891.50 | direction=LONG | volume_zscore=0.00 | interval=1
2026-01-23 17:24:59 | ERROR | ALERT_ERROR | BNBUSDT | All connection attempts failed
2026-01-23 17:25:56 | INFO | SIGNAL_DETECTED | TRXUSDT | SWING_HIGH | price=0.30 | direction=SHORT | volume_zscore=0.00 | interval=1
2026-01-23 17:25:59 | ERROR | ALERT_ERROR | TRXUSDT | All connection attempts failed
2026-01-23 17:26:56 | INFO | SIGNAL_DETECTED | SOLUSDT | SWING_HIGH | price=127.61 | direction=SHORT | volume_zscore=0.00 | interval=1
2026-01-23 17:26:59 | ERROR | ALERT_ERROR | SOLUSDT | All connection attempts failed
2026-01-23 17:27:57 | INFO | SIGNAL_DETECTED | PAXGUSDT | SWING_HIGH | price=5007.00 | direction=SHORT | volume_zscore=0.00 | interval=1
2026-01-23 17:27:59 | ERROR | ALERT_ERROR | PAXGUSDT | All connection attempts failed
2026-01-23 17:28:56 | INFO | SIGNAL_DETECTED | ETHUSDT | SWING_HIGH | price=2955.30 | direction=SHORT | volume_zscore=0.00 | interval=1
2026-01-23 17:28:56 | INFO | SIGNAL_DETECTED | TRXUSDT | SWING_LOW | price=0.30 | direction=LONG | volume_zscore=0.00 | interval=1
2026-01-23 17:28:58 | ERROR | ALERT_ERROR | ETHUSDT | All connection attempts failed
2026-01-23 17:28:59 | ERROR | ALERT_ERROR | TRXUSDT | All connection attempts failed
2026-01-23 17:29:56 | INFO | SIGNAL_DETECTED | TRBUSDT | SWING_HIGH | price=20.06 | direction=SHORT | volume_zscore=0.00 | interval=1
2026-01-23 17:29:57 | INFO | SIGNAL_DETECTED | POLUSDT | SWING_HIGH | price=0.13 | direction=SHORT | volume_zscore=0.00 | interval=1
2026-01-23 17:29:57 | INFO | BLOCKED_ALERTS_DISABLED | POLUSDT | SWING_HIGH | price=0.13
2026-01-23 17:29:59 | ERROR | ALERT_ERROR | TRBUSDT | All connection attempts failed
2026-01-23 17:30:56 | INFO | SIGNAL_DETECTED | SOLUSDT | SWING_HIGH | price=127.62 | direction=SHORT | volume_zscore=0.00 | interval=1
2026-01-23 17:30:56 | INFO | SIGNAL_DETECTED | SUIUSDT | SWING_HIGH | price=1.49 | direction=SHORT | volume_zscore=0.00 | interval=1
2026-01-23 17:30:59 | ERROR | ALERT_ERROR | SOLUSDT | All connection attempts failed
2026-01-23 17:30:59 | ERROR | ALERT_ERROR | SUIUSDT | All connection attempts failed
2026-01-23 17:31:56 | INFO | SIGNAL_DETECTED | BTCUSDT | SWING_HIGH | price=89679.80 | direction=SHORT | volume_zscore=0.00 | interval=1
2026-01-23 17:31:56 | INFO | SIGNAL_DETECTED | XRPUSDT | SWING_LOW | price=1.92 | direction=LONG | volume_zscore=3.44 | interval=1
2026-01-23 17:31:58 | ERROR | ALERT_ERROR | BTCUSDT | All connection attempts failed
2026-01-23 17:31:58 | ERROR | ALERT_ERROR | XRPUSDT | All connection attempts failed
2026-01-23 17:32:56 | INFO | SIGNAL_DETECTED | DOGEUSDT | SWING_LOW | price=0.12 | direction=LONG | volume_zscore=0.00 | interval=1
2026-01-23 17:32:56 | INFO | SIGNAL_DETECTED | ETHUSDT | SWING_LOW | price=2954.39 | direction=LONG | volume_zscore=0.00 | interval=1
2026-01-23 17:32:56 | INFO | SIGNAL_DETECTED | GALAUSDT | SWING_LOW | price=0.01 | direction=LONG | volume_zscore=0.00 | interval=1
2026-01-23 17:32:56 | INFO | SIGNAL_DETECTED | SOLUSDT | SWING_LOW | price=127.52 | direction=LONG | volume_zscore=0.00 | interval=1
2026-01-23 17:32:56 | INFO | SIGNAL_DETECTED | SUIUSDT | SWING_LOW | price=1.49 | direction=LONG | volume_zscore=0.00 | interval=1
2026-01-23 17:32:57 | INFO | SIGNAL_DETECTED | POLUSDT | SWING_LOW | price=0.13 | direction=LONG | volume_zscore=0.00 | interval=1
2026-01-23 17:32:57 | INFO | BLOCKED_ALERTS_DISABLED | POLUSDT | SWING_LOW | price=0.13
2026-01-23 17:32:58 | ERROR | ALERT_ERROR | DOGEUSDT | All connection attempts failed
2026-01-23 17:32:58 | ERROR | ALERT_ERROR | ETHUSDT | All connection attempts failed
2026-01-23 17:32:58 | ERROR | ALERT_ERROR | GALAUSDT | All connection attempts failed
2026-01-23 17:32:59 | ERROR | ALERT_ERROR | SOLUSDT | All connection attempts failed
2026-01-23 17:32:59 | ERROR | ALERT_ERROR | SUIUSDT | All connection attempts failed
2026-01-23 17:34:56 | INFO | SIGNAL_DETECTED | ADAUSDT | SWING_HIGH | price=0.36 | direction=SHORT | volume_zscore=0.00 | interval=1
2026-01-23 17:34:56 | INFO | SIGNAL_DETECTED | BTCUSDT | SWING_LOW | price=89602.20 | direction=LONG | volume_zscore=0.00 | interval=1
2026-01-23 17:34:56 | INFO | SIGNAL_DETECTED | SOLUSDT | SWING_HIGH | price=127.66 | direction=SHORT | volume_zscore=0.00 | interval=1
2026-01-23 17:34:58 | ERROR | ALERT_ERROR | ADAUSDT | All connection attempts failed
2026-01-23 17:34:58 | ERROR | ALERT_ERROR | BTCUSDT | All connection attempts failed
2026-01-23 17:34:59 | ERROR | ALERT_ERROR | SOLUSDT | All connection attempts failed
2026-01-23 17:36:56 | INFO | SIGNAL_DETECTED | TRBUSDT | SWING_HIGH | price=20.09 | direction=SHORT | volume_zscore=0.00 | interval=1
2026-01-23 17:36:59 | ERROR | ALERT_ERROR | TRBUSDT | All connection attempts failed
2026-01-23 17:37:57 | INFO | SIGNAL_DETECTED | PAXGUSDT | SWING_HIGH | price=5003.70 | direction=SHORT | volume_zscore=0.00 | interval=1
2026-01-23 17:37:59 | ERROR | ALERT_ERROR | PAXGUSDT | All connection attempts failed
2026-01-23 17:38:57 | INFO | SIGNAL_DETECTED | POLUSDT | SWING_LOW | price=0.13 | direction=LONG | volume_zscore=0.00 | interval=1
2026-01-23 17:38:57 | INFO | BLOCKED_ALERTS_DISABLED | POLUSDT | SWING_LOW | price=0.13
2026-01-23 17:39:56 | INFO | SIGNAL_DETECTED | TRBUSDT | SWING_LOW | price=20.08 | direction=LONG | volume_zscore=0.00 | interval=1
2026-01-23 17:39:56 | INFO | SIGNAL_DETECTED | TRXUSDT | SWING_HIGH | price=0.30 | direction=SHORT | volume_zscore=0.00 | interval=1
2026-01-23 17:39:59 | ERROR | ALERT_ERROR | TRBUSDT | All connection attempts failed
2026-01-23 17:39:59 | ERROR | ALERT_ERROR | TRXUSDT | All connection attempts failed
2026-01-23 17:40:56 | INFO | SIGNAL_DETECTED | BTCUSDT | SWING_LOW | price=89573.90 | direction=LONG | volume_zscore=0.00 | interval=1
2026-01-23 17:40:58 | ERROR | ALERT_ERROR | BTCUSDT | All connection attempts failed
2026-01-23 17:41:56 | INFO | SIGNAL_DETECTED | ADAUSDT | SWING_HIGH | price=0.36 | direction=SHORT | volume_zscore=0.00 | interval=1
2026-01-23 17:41:56 | INFO | SIGNAL_DETECTED | DOGEUSDT | SWING_HIGH | price=0.12 | direction=SHORT | volume_zscore=0.00 | interval=1
2026-01-23 17:41:56 | INFO | SIGNAL_DETECTED | ETHUSDT | SWING_HIGH | price=2959.22 | direction=SHORT | volume_zscore=0.00 | interval=1
2026-01-23 17:41:56 | INFO | SIGNAL_DETECTED | XRPUSDT | SWING_HIGH | price=1.93 | direction=SHORT | volume_zscore=28.17 | interval=1
2026-01-23 17:41:56 | INFO | SIGNAL_DETECTED | TRBUSDT | SWING_HIGH | price=20.12 | direction=SHORT | volume_zscore=0.00 | interval=1
2026-01-23 17:41:56 | INFO | SIGNAL_DETECTED | SOLUSDT | SWING_HIGH | price=127.76 | direction=SHORT | volume_zscore=0.00 | interval=1
2026-01-23 17:41:56 | INFO | SIGNAL_DETECTED | SUIUSDT | SWING_HIGH | price=1.49 | direction=SHORT | volume_zscore=0.00 | interval=1
2026-01-23 17:41:57 | INFO | SIGNAL_DETECTED | BNBUSDT | SWING_HIGH | price=892.70 | direction=SHORT | volume_zscore=0.00 | interval=1
2026-01-23 17:41:58 | ERROR | ALERT_ERROR | ADAUSDT | All connection attempts failed
2026-01-23 17:41:58 | ERROR | ALERT_ERROR | DOGEUSDT | All connection attempts failed
2026-01-23 17:41:58 | ERROR | ALERT_ERROR | ETHUSDT | All connection attempts failed
2026-01-23 17:41:59 | ERROR | ALERT_ERROR | XRPUSDT | All connection attempts failed
2026-01-23 17:41:59 | ERROR | ALERT_ERROR | TRBUSDT | All connection attempts failed
2026-01-23 17:41:59 | ERROR | ALERT_ERROR | SOLUSDT | All connection attempts failed
2026-01-23 17:41:59 | ERROR | ALERT_ERROR | SUIUSDT | All connection attempts failed
2026-01-23 17:41:59 | ERROR | ALERT_ERROR | BNBUSDT | All connection attempts failed
2026-01-23 17:43:57 | INFO | SIGNAL_DETECTED | PAXGUSDT | SWING_HIGH | price=5002.20 | direction=SHORT | volume_zscore=0.00 | interval=1
2026-01-23 17:43:59 | ERROR | ALERT_ERROR | PAXGUSDT | All connection attempts failed
2026-01-23 17:44:56 | INFO | SIGNAL_DETECTED | SOLUSDT | SWING_LOW | price=127.59 | direction=LONG | volume_zscore=0.00 | interval=1
2026-01-23 17:44:57 | INFO | SIGNAL_DETECTED | BNBUSDT | SWING_LOW | price=892.20 | direction=LONG | volume_zscore=0.00 | interval=1
2026-01-23 17:44:57 | INFO | SIGNAL_DETECTED | PAXGUSDT | SWING_LOW | price=5001.70 | direction=LONG | volume_zscore=0.00 | interval=1
2026-01-23 17:44:59 | ERROR | ALERT_ERROR | SOLUSDT | All connection attempts failed
2026-01-23 17:44:59 | ERROR | ALERT_ERROR | BNBUSDT | All connection attempts failed
2026-01-23 17:44:59 | ERROR | ALERT_ERROR | PAXGUSDT | All connection attempts failed
2026-01-23 17:45:56 | INFO | SIGNAL_DETECTED | BTCUSDT | SWING_HIGH | price=89689.20 | direction=SHORT | volume_zscore=0.00 | interval=1
2026-01-23 17:45:58 | ERROR | ALERT_ERROR | BTCUSDT | All connection attempts failed
2026-01-23 17:46:56 | INFO | SIGNAL_DETECTED | ETHUSDT | SWING_LOW | price=2953.31 | direction=LONG | volume_zscore=0.00 | interval=1
2026-01-23 17:46:58 | ERROR | ALERT_ERROR | ETHUSDT | All connection attempts failed
2026-01-23 17:47:56 | INFO | SIGNAL_DETECTED | DOGEUSDT | SWING_LOW | price=0.12 | direction=LONG | volume_zscore=0.00 | interval=1
2026-01-23 17:47:56 | INFO | SIGNAL_DETECTED | GALAUSDT | SWING_LOW | price=0.01 | direction=LONG | volume_zscore=0.00 | interval=1
2026-01-23 17:47:57 | INFO | SIGNAL_DETECTED | SUIUSDT | SWING_LOW | price=1.49 | direction=LONG | volume_zscore=0.00 | interval=1
2026-01-23 17:47:58 | ERROR | ALERT_ERROR | DOGEUSDT | All connection attempts failed
2026-01-23 17:47:58 | ERROR | ALERT_ERROR | GALAUSDT | All connection attempts failed
2026-01-23 17:47:59 | ERROR | ALERT_ERROR | SUIUSDT | All connection attempts failed
2026-01-23 17:49:57 | INFO | SIGNAL_DETECTED | PAXGUSDT | SWING_HIGH | price=5000.70 | direction=SHORT | volume_zscore=0.00 | interval=1
2026-01-23 17:49:59 | ERROR | ALERT_ERROR | PAXGUSDT | All connection attempts failed
2026-01-23 17:53:56 | INFO | SIGNAL_DETECTED | TRBUSDT | SWING_HIGH | price=20.12 | direction=SHORT | volume_zscore=0.00 | interval=1
2026-01-23 17:53:59 | ERROR | ALERT_ERROR | TRBUSDT | All connection attempts failed
2026-01-23 17:54:56 | INFO | SIGNAL_DETECTED | ETHUSDT | SWING_HIGH | price=2955.36 | direction=SHORT | volume_zscore=0.00 | interval=1
2026-01-23 17:54:58 | ERROR | ALERT_ERROR | ETHUSDT | All connection attempts failed
2026-01-23 17:55:56 | INFO | SIGNAL_DETECTED | ADAUSDT | SWING_LOW | price=0.36 | direction=LONG | volume_zscore=0.00 | interval=1
2026-01-23 17:55:56 | INFO | SIGNAL_DETECTED | DOGEUSDT | SWING_LOW | price=0.12 | direction=LONG | volume_zscore=0.00 | interval=1
2026-01-23 17:55:56 | INFO | SIGNAL_DETECTED | ETHUSDT | SWING_LOW | price=2956.08 | direction=LONG | volume_zscore=0.00 | interval=1
2026-01-23 17:55:56 | INFO | SIGNAL_DETECTED | XRPUSDT | SWING_LOW | price=1.92 | direction=LONG | volume_zscore=13.87 | interval=1
2026-01-23 17:55:56 | INFO | SIGNAL_DETECTED | SOLUSDT | SWING_LOW | price=127.47 | direction=LONG | volume_zscore=0.00 | interval=1
2026-01-23 17:55:57 | INFO | SIGNAL_DETECTED | SUIUSDT | SWING_LOW | price=1.49 | direction=LONG | volume_zscore=0.00 | interval=1
2026-01-23 17:55:58 | ERROR | ALERT_ERROR | ADAUSDT | All connection attempts failed
2026-01-23 17:55:58 | ERROR | ALERT_ERROR | DOGEUSDT | All connection attempts failed
2026-01-23 17:55:58 | ERROR | ALERT_ERROR | ETHUSDT | All connection attempts failed
2026-01-23 17:55:59 | ERROR | ALERT_ERROR | XRPUSDT | All connection attempts failed
2026-01-23 17:55:59 | ERROR | ALERT_ERROR | SOLUSDT | All connection attempts failed
2026-01-23 17:55:59 | ERROR | ALERT_ERROR | SUIUSDT | All connection attempts failed
2026-01-23 17:56:57 | INFO | SIGNAL_DETECTED | PAXGUSDT | SWING_LOW | price=4999.70 | direction=LONG | volume_zscore=0.00 | interval=1
2026-01-23 17:56:59 | ERROR | ALERT_ERROR | PAXGUSDT | All connection attempts failed
2026-01-23 17:57:57 | INFO | SIGNAL_DETECTED | BTCUSDT | SWING_LOW | price=89544.20 | direction=LONG | volume_zscore=0.00 | interval=1
2026-01-23 17:57:59 | ERROR | ALERT_ERROR | BTCUSDT | All connection attempts failed
2026-01-23 17:58:57 | INFO | SIGNAL_DETECTED | POLUSDT | SWING_LOW | price=0.13 | direction=LONG | volume_zscore=0.00 | interval=1
2026-01-23 17:58:57 | INFO | BLOCKED_ALERTS_DISABLED | POLUSDT | SWING_LOW | price=0.13
2026-01-23 18:01:56 | INFO | SIGNAL_DETECTED | ADAUSDT | SWING_HIGH | price=0.36 | direction=SHORT | volume_zscore=0.00 | interval=1
2026-01-23 18:01:56 | INFO | SIGNAL_DETECTED | DOGEUSDT | SWING_HIGH | price=0.13 | direction=SHORT | volume_zscore=0.00 | interval=1
2026-01-23 18:01:56 | INFO | SIGNAL_DETECTED | ETHUSDT | SWING_HIGH | price=2958.73 | direction=SHORT | volume_zscore=0.00 | interval=1
2026-01-23 18:01:56 | INFO | SIGNAL_DETECTED | TRBUSDT | SWING_HIGH | price=20.16 | direction=SHORT | volume_zscore=0.00 | interval=1
2026-01-23 18:01:56 | INFO | SIGNAL_DETECTED | TRXUSDT | SWING_HIGH | price=0.30 | direction=SHORT | volume_zscore=0.00 | interval=1
2026-01-23 18:01:56 | INFO | SIGNAL_DETECTED | SOLUSDT | SWING_HIGH | price=127.58 | direction=SHORT | volume_zscore=0.00 | interval=1
2026-01-23 18:01:57 | INFO | SIGNAL_DETECTED | SUIUSDT | SWING_HIGH | price=1.49 | direction=SHORT | volume_zscore=0.00 | interval=1
2026-01-23 18:01:58 | ERROR | ALERT_ERROR | ADAUSDT | All connection attempts failed
2026-01-23 18:01:58 | ERROR | ALERT_ERROR | DOGEUSDT | All connection attempts failed
2026-01-23 18:01:58 | ERROR | ALERT_ERROR | ETHUSDT | All connection attempts failed
2026-01-23 18:01:59 | ERROR | ALERT_ERROR | TRBUSDT | All connection attempts failed
2026-01-23 18:01:59 | ERROR | ALERT_ERROR | TRXUSDT | All connection attempts failed
2026-01-23 18:01:59 | ERROR | ALERT_ERROR | SOLUSDT | All connection attempts failed
2026-01-23 18:01:59 | ERROR | ALERT_ERROR | SUIUSDT | All connection attempts failed
2026-01-23 18:02:57 | INFO | SIGNAL_DETECTED | PAXGUSDT | SWING_LOW | price=4999.20 | direction=LONG | volume_zscore=0.00 | interval=1
2026-01-23 18:02:59 | ERROR | ALERT_ERROR | PAXGUSDT | All connection attempts failed
2026-01-23 18:03:56 | INFO | SIGNAL_DETECTED | BTCUSDT | SWING_HIGH | price=89587.90 | direction=SHORT | volume_zscore=0.00 | interval=1
2026-01-23 18:03:58 | ERROR | ALERT_ERROR | BTCUSDT | All connection attempts failed
2026-01-23 18:04:56 | INFO | SIGNAL_DETECTED | ADAUSDT | SWING_LOW | price=0.36 | direction=LONG | volume_zscore=0.00 | interval=1
2026-01-23 18:04:56 | INFO | SIGNAL_DETECTED | DOGEUSDT | SWING_LOW | price=0.12 | direction=LONG | volume_zscore=0.00 | interval=1
2026-01-23 18:04:56 | INFO | SIGNAL_DETECTED | TRBUSDT | SWING_LOW | price=20.12 | direction=LONG | volume_zscore=0.00 | interval=1
2026-01-23 18:04:56 | INFO | SIGNAL_DETECTED | SOLUSDT | SWING_LOW | price=127.30 | direction=LONG | volume_zscore=0.00 | interval=1
2026-01-23 18:04:58 | ERROR | ALERT_ERROR | ADAUSDT | All connection attempts failed
2026-01-23 18:04:58 | ERROR | ALERT_ERROR | DOGEUSDT | All connection attempts failed
2026-01-23 18:04:59 | ERROR | ALERT_ERROR | TRBUSDT | All connection attempts failed
2026-01-23 18:04:59 | ERROR | ALERT_ERROR | SOLUSDT | All connection attempts failed
2026-01-23 18:05:56 | INFO | SIGNAL_DETECTED | ETHUSDT | SWING_LOW | price=2956.65 | direction=LONG | volume_zscore=0.00 | interval=1
2026-01-23 18:05:58 | ERROR | ALERT_ERROR | ETHUSDT | All connection attempts failed
2026-01-23 18:07:56 | INFO | SIGNAL_DETECTED | TRBUSDT | SWING_HIGH | price=20.09 | direction=SHORT | volume_zscore=0.00 | interval=1
2026-01-23 18:07:57 | INFO | SIGNAL_DETECTED | SOLUSDT | SWING_HIGH | price=127.40 | direction=SHORT | volume_zscore=0.00 | interval=1
2026-01-23 18:07:59 | ERROR | ALERT_ERROR | TRBUSDT | All connection attempts failed
2026-01-23 18:07:59 | ERROR | ALERT_ERROR | SOLUSDT | All connection attempts failed
2026-01-23 18:08:57 | INFO | SIGNAL_DETECTED | SUIUSDT | SWING_LOW | price=1.49 | direction=LONG | volume_zscore=0.00 | interval=1
2026-01-23 18:08:57 | INFO | SIGNAL_DETECTED | PAXGUSDT | SWING_HIGH | price=5000.70 | direction=SHORT | volume_zscore=0.00 | interval=1
2026-01-23 18:08:59 | ERROR | ALERT_ERROR | SUIUSDT | All connection attempts failed
2026-01-23 18:08:59 | ERROR | ALERT_ERROR | PAXGUSDT | All connection attempts failed
2026-01-23 18:09:56 | INFO | SIGNAL_DETECTED | ADAUSDT | SWING_LOW | price=0.36 | direction=LONG | volume_zscore=0.00 | interval=1
2026-01-23 18:09:56 | INFO | SIGNAL_DETECTED | DOGEUSDT | SWING_LOW | price=0.12 | direction=LONG | volume_zscore=0.00 | interval=1
2026-01-23 18:09:56 | INFO | SIGNAL_DETECTED | GALAUSDT | SWING_LOW | price=0.01 | direction=LONG | volume_zscore=0.00 | interval=1
2026-01-23 18:09:56 | INFO | SIGNAL_DETECTED | TRBUSDT | SWING_LOW | price=20.08 | direction=LONG | volume_zscore=0.00 | interval=1
2026-01-23 18:09:57 | INFO | SIGNAL_DETECTED | SOLUSDT | SWING_LOW | price=127.34 | direction=LONG | volume_zscore=0.00 | interval=1
2026-01-23 18:09:57 | INFO | SIGNAL_DETECTED | BNBUSDT | SWING_LOW | price=890.70 | direction=LONG | volume_zscore=0.00 | interval=1
2026-01-23 18:09:57 | INFO | SIGNAL_DETECTED | POLUSDT | SWING_LOW | price=0.13 | direction=LONG | volume_zscore=0.00 | interval=1
2026-01-23 18:09:57 | INFO | BLOCKED_ALERTS_DISABLED | POLUSDT | SWING_LOW | price=0.13
2026-01-23 18:09:58 | ERROR | ALERT_ERROR | ADAUSDT | All connection attempts failed
2026-01-23 18:09:58 | ERROR | ALERT_ERROR | DOGEUSDT | All connection attempts failed
2026-01-23 18:09:58 | ERROR | ALERT_ERROR | GALAUSDT | All connection attempts failed
2026-01-23 18:09:59 | ERROR | ALERT_ERROR | TRBUSDT | All connection attempts failed
2026-01-23 18:09:59 | ERROR | ALERT_ERROR | SOLUSDT | All connection attempts failed
2026-01-23 18:09:59 | ERROR | ALERT_ERROR | BNBUSDT | All connection attempts failed
2026-01-23 18:10:56 | INFO | SIGNAL_DETECTED | TRXUSDT | SWING_HIGH | price=0.30 | direction=SHORT | volume_zscore=0.00 | interval=1
2026-01-23 18:10:59 | ERROR | ALERT_ERROR | TRXUSDT | All connection attempts failed
2026-01-23 18:11:56 | INFO | SIGNAL_DETECTED | BTCUSDT | SWING_LOW | price=89499.90 | direction=LONG | volume_zscore=0.00 | interval=1
2026-01-23 18:11:58 | ERROR | ALERT_ERROR | BTCUSDT | All connection attempts failed
2026-01-23 18:15:56 | INFO | BLOCKED_HISTORICAL | BTCUSDT | SWING_HIGH | price=89538.50 | signal_ts=1769209860 | service_start=1769210074
2026-01-23 18:16:56 | INFO | SIGNAL_DETECTED | TRBUSDT | SWING_HIGH | price=20.15 | direction=SHORT | volume_zscore=0.00 | interval=1
2026-01-23 18:16:59 | ERROR | ALERT_ERROR | TRBUSDT | All connection attempts failed
2026-01-23 18:17:56 | INFO | SIGNAL_DETECTED | DOGEUSDT | SWING_LOW | price=0.12 | direction=LONG | volume_zscore=0.00 | interval=1
2026-01-23 18:17:56 | INFO | SIGNAL_DETECTED | ETHUSDT | SWING_LOW | price=2953.89 | direction=LONG | volume_zscore=0.00 | interval=1
2026-01-23 18:17:56 | INFO | SIGNAL_DETECTED | GALAUSDT | SWING_LOW | price=0.01 | direction=LONG | volume_zscore=0.00 | interval=1
2026-01-23 18:17:56 | INFO | SIGNAL_DETECTED | TRBUSDT | SWING_LOW | price=20.15 | direction=LONG | volume_zscore=0.00 | interval=1
2026-01-23 18:17:56 | INFO | SIGNAL_DETECTED | TRXUSDT | SWING_LOW | price=0.30 | direction=LONG | volume_zscore=0.00 | interval=1
2026-01-23 18:17:57 | INFO | SIGNAL_DETECTED | SUIUSDT | SWING_LOW | price=1.49 | direction=LONG | volume_zscore=0.00 | interval=1
2026-01-23 18:17:58 | ERROR | ALERT_ERROR | DOGEUSDT | All connection attempts failed
2026-01-23 18:17:58 | ERROR | ALERT_ERROR | ETHUSDT | All connection attempts failed
2026-01-23 18:17:58 | ERROR | ALERT_ERROR | GALAUSDT | All connection attempts failed
2026-01-23 18:17:59 | ERROR | ALERT_ERROR | TRXUSDT | All connection attempts failed
2026-01-23 18:17:59 | ERROR | ALERT_ERROR | TRBUSDT | All connection attempts failed
2026-01-23 18:17:59 | ERROR | ALERT_ERROR | SUIUSDT | All connection attempts failed
2026-01-23 18:19:56 | INFO | SIGNAL_DETECTED | ADAUSDT | SWING_HIGH | price=0.36 | direction=SHORT | volume_zscore=0.00 | interval=1
2026-01-23 18:19:56 | INFO | SIGNAL_DETECTED | DOGEUSDT | SWING_HIGH | price=0.12 | direction=SHORT | volume_zscore=0.00 | interval=1
2026-01-23 18:19:56 | INFO | SIGNAL_DETECTED | ETHUSDT | SWING_HIGH | price=2954.88 | direction=SHORT | volume_zscore=0.00 | interval=1
2026-01-23 18:19:56 | INFO | SIGNAL_DETECTED | TRBUSDT | SWING_HIGH | price=20.14 | direction=SHORT | volume_zscore=0.00 | interval=1
2026-01-23 18:19:56 | INFO | SIGNAL_DETECTED | TRXUSDT | SWING_HIGH | price=0.30 | direction=SHORT | volume_zscore=0.00 | interval=1
2026-01-23 18:19:57 | INFO | SIGNAL_DETECTED | SOLUSDT | SWING_HIGH | price=127.52 | direction=SHORT | volume_zscore=0.00 | interval=1
2026-01-23 18:19:57 | INFO | SIGNAL_DETECTED | SUIUSDT | SWING_HIGH | price=1.49 | direction=SHORT | volume_zscore=0.00 | interval=1
2026-01-23 18:19:57 | INFO | SIGNAL_DETECTED | BNBUSDT | SWING_HIGH | price=891.20 | direction=SHORT | volume_zscore=0.00 | interval=1
2026-01-23 18:19:57 | INFO | SIGNAL_DETECTED | POLUSDT | SWING_HIGH | price=0.13 | direction=SHORT | volume_zscore=0.00 | interval=1
2026-01-23 18:19:57 | INFO | BLOCKED_ALERTS_DISABLED | POLUSDT | SWING_HIGH | price=0.13
2026-01-23 18:19:58 | ERROR | ALERT_ERROR | ADAUSDT | All connection attempts failed
2026-01-23 18:19:58 | ERROR | ALERT_ERROR | ETHUSDT | All connection attempts failed
2026-01-23 18:19:58 | ERROR | ALERT_ERROR | DOGEUSDT | All connection attempts failed
2026-01-23 18:19:59 | ERROR | ALERT_ERROR | TRBUSDT | All connection attempts failed
2026-01-23 18:19:59 | ERROR | ALERT_ERROR | TRXUSDT | All connection attempts failed
2026-01-23 18:19:59 | ERROR | ALERT_ERROR | SOLUSDT | All connection attempts failed
2026-01-23 18:19:59 | ERROR | ALERT_ERROR | SUIUSDT | All connection attempts failed
2026-01-23 18:19:59 | ERROR | ALERT_ERROR | BNBUSDT | All connection attempts failed
2026-01-23 18:21:56 | INFO | SIGNAL_DETECTED | BTCUSDT | SWING_HIGH | price=89529.70 | direction=SHORT | volume_zscore=0.00 | interval=1
2026-01-23 18:21:56 | INFO | SIGNAL_DETECTED | TRBUSDT | SWING_LOW | price=20.09 | direction=LONG | volume_zscore=0.00 | interval=1
2026-01-23 18:21:57 | INFO | SIGNAL_DETECTED | SOLUSDT | SWING_LOW | price=127.26 | direction=LONG | volume_zscore=0.00 | interval=1
2026-01-23 18:21:58 | ERROR | ALERT_ERROR | BTCUSDT | All connection attempts failed
2026-01-23 18:21:59 | ERROR | ALERT_ERROR | TRBUSDT | All connection attempts failed
2026-01-23 18:21:59 | ERROR | ALERT_ERROR | SOLUSDT | All connection attempts failed
2026-01-23 18:22:56 | INFO | SIGNAL_DETECTED | ADAUSDT | SWING_LOW | price=0.36 | direction=LONG | volume_zscore=0.00 | interval=1
2026-01-23 18:22:56 | INFO | SIGNAL_DETECTED | ETHUSDT | SWING_LOW | price=2952.15 | direction=LONG | volume_zscore=0.00 | interval=1
2026-01-23 18:22:56 | INFO | SIGNAL_DETECTED | TRXUSDT | SWING_LOW | price=0.30 | direction=LONG | volume_zscore=0.00 | interval=1
2026-01-23 18:22:57 | INFO | SIGNAL_DETECTED | SUIUSDT | SWING_LOW | price=1.49 | direction=LONG | volume_zscore=0.00 | interval=1
2026-01-23 18:22:57 | INFO | SIGNAL_DETECTED | POLUSDT | SWING_LOW | price=0.13 | direction=LONG | volume_zscore=0.00 | interval=1
2026-01-23 18:22:57 | INFO | BLOCKED_ALERTS_DISABLED | POLUSDT | SWING_LOW | price=0.13
2026-01-23 18:22:58 | ERROR | ALERT_ERROR | ADAUSDT | All connection attempts failed
2026-01-23 18:22:58 | ERROR | ALERT_ERROR | ETHUSDT | All connection attempts failed
2026-01-23 18:22:59 | ERROR | ALERT_ERROR | TRXUSDT | All connection attempts failed
2026-01-23 18:22:59 | ERROR | ALERT_ERROR | SUIUSDT | All connection attempts failed
2026-01-23 18:25:56 | INFO | SIGNAL_DETECTED | ADAUSDT | SWING_HIGH | price=0.36 | direction=SHORT | volume_zscore=0.00 | interval=1
2026-01-23 18:25:56 | INFO | SIGNAL_DETECTED | DOGEUSDT | SWING_HIGH | price=0.12 | direction=SHORT | volume_zscore=0.00 | interval=1
2026-01-23 18:25:56 | INFO | SIGNAL_DETECTED | TRBUSDT | SWING_HIGH | price=20.12 | direction=SHORT | volume_zscore=0.00 | interval=1
2026-01-23 18:25:57 | INFO | SIGNAL_DETECTED | SOLUSDT | SWING_HIGH | price=127.34 | direction=SHORT | volume_zscore=0.00 | interval=1
2026-01-23 18:25:58 | ERROR | ALERT_ERROR | ADAUSDT | All connection attempts failed
2026-01-23 18:25:58 | ERROR | ALERT_ERROR | DOGEUSDT | All connection attempts failed
2026-01-23 18:25:59 | ERROR | ALERT_ERROR | TRBUSDT | All connection attempts failed
2026-01-23 18:25:59 | ERROR | ALERT_ERROR | SOLUSDT | All connection attempts failed
2026-01-23 18:27:56 | INFO | SIGNAL_DETECTED | BTCUSDT | SWING_HIGH | price=89524.20 | direction=SHORT | volume_zscore=0.00 | interval=1
2026-01-23 18:27:58 | ERROR | ALERT_ERROR | BTCUSDT | All connection attempts failed
2026-01-23 18:28:56 | INFO | SIGNAL_DETECTED | TRBUSDT | SWING_HIGH | price=20.15 | direction=SHORT | volume_zscore=0.00 | interval=1
2026-01-23 18:28:57 | INFO | SIGNAL_DETECTED | SOLUSDT | SWING_HIGH | price=127.38 | direction=SHORT | volume_zscore=0.00 | interval=1
2026-01-23 18:28:57 | INFO | SIGNAL_DETECTED | PAXGUSDT | SWING_HIGH | price=5002.50 | direction=SHORT | volume_zscore=0.00 | interval=1
2026-01-23 18:28:59 | ERROR | ALERT_ERROR | TRBUSDT | All connection attempts failed
2026-01-23 18:28:59 | ERROR | ALERT_ERROR | SOLUSDT | All connection attempts failed
2026-01-23 18:28:59 | ERROR | ALERT_ERROR | PAXGUSDT | All connection attempts failed
2026-01-23 18:30:56 | INFO | SIGNAL_DETECTED | ETHUSDT | SWING_HIGH | price=2954.59 | direction=SHORT | volume_zscore=0.00 | interval=1
2026-01-23 18:30:57 | INFO | SIGNAL_DETECTED | SUIUSDT | SWING_HIGH | price=1.49 | direction=SHORT | volume_zscore=0.00 | interval=1
2026-01-23 18:30:58 | ERROR | ALERT_ERROR | ETHUSDT | All connection attempts failed
2026-01-23 18:30:59 | ERROR | ALERT_ERROR | SUIUSDT | All connection attempts failed
2026-01-23 18:31:57 | INFO | SIGNAL_DETECTED | PAXGUSDT | SWING_HIGH | price=5003.40 | direction=SHORT | volume_zscore=0.00 | interval=1
2026-01-23 18:31:59 | ERROR | ALERT_ERROR | PAXGUSDT | All connection attempts failed
2026-01-23 18:32:56 | INFO | SIGNAL_DETECTED | DOGEUSDT | SWING_LOW | price=0.12 | direction=LONG | volume_zscore=0.00 | interval=1
2026-01-23 18:32:56 | INFO | SIGNAL_DETECTED | ETHUSDT | SWING_LOW | price=2953.79 | direction=LONG | volume_zscore=0.00 | interval=1
2026-01-23 18:32:56 | INFO | SIGNAL_DETECTED | XRPUSDT | SWING_LOW | price=1.92 | direction=LONG | volume_zscore=20.88 | interval=1
2026-01-23 18:32:56 | INFO | SIGNAL_DETECTED | TRBUSDT | SWING_LOW | price=20.11 | direction=LONG | volume_zscore=0.00 | interval=1
2026-01-23 18:32:58 | ERROR | ALERT_ERROR | DOGEUSDT | All connection attempts failed
2026-01-23 18:32:58 | ERROR | ALERT_ERROR | ETHUSDT | All connection attempts failed
2026-01-23 18:32:59 | ERROR | ALERT_ERROR | XRPUSDT | All connection attempts failed
2026-01-23 18:32:59 | ERROR | ALERT_ERROR | TRBUSDT | All connection attempts failed
2026-01-23 18:33:56 | INFO | SIGNAL_DETECTED | ADAUSDT | SWING_LOW | price=0.36 | direction=LONG | volume_zscore=0.00 | interval=1
2026-01-23 18:33:56 | INFO | SIGNAL_DETECTED | BTCUSDT | SWING_HIGH | price=89520.80 | direction=SHORT | volume_zscore=0.00 | interval=1
2026-01-23 18:33:56 | INFO | SIGNAL_DETECTED | GALAUSDT | SWING_LOW | price=0.01 | direction=LONG | volume_zscore=0.00 | interval=1
2026-01-23 18:33:57 | INFO | SIGNAL_DETECTED | SOLUSDT | SWING_LOW | price=127.33 | direction=LONG | volume_zscore=0.00 | interval=1
2026-01-23 18:33:58 | ERROR | ALERT_ERROR | BTCUSDT | All connection attempts failed
2026-01-23 18:33:58 | ERROR | ALERT_ERROR | ADAUSDT | All connection attempts failed
2026-01-23 18:33:59 | ERROR | ALERT_ERROR | GALAUSDT | All connection attempts failed
2026-01-23 18:33:59 | ERROR | ALERT_ERROR | SOLUSDT | All connection attempts failed
2026-01-23 18:34:56 | INFO | SIGNAL_DETECTED | BTCUSDT | SWING_LOW | price=89502.20 | direction=LONG | volume_zscore=0.00 | interval=1
2026-01-23 18:34:56 | INFO | SIGNAL_DETECTED | DOGEUSDT | SWING_HIGH | price=0.12 | direction=SHORT | volume_zscore=0.00 | interval=1
2026-01-23 18:34:56 | INFO | SIGNAL_DETECTED | ETHUSDT | SWING_HIGH | price=2955.29 | direction=SHORT | volume_zscore=0.00 | interval=1
2026-01-23 18:34:57 | INFO | SIGNAL_DETECTED | SUIUSDT | SWING_HIGH | price=1.49 | direction=SHORT | volume_zscore=0.00 | interval=1
2026-01-23 18:34:59 | ERROR | ALERT_ERROR | BTCUSDT | All connection attempts failed
2026-01-23 18:34:59 | ERROR | ALERT_ERROR | ETHUSDT | All connection attempts failed
2026-01-23 18:34:59 | ERROR | ALERT_ERROR | DOGEUSDT | All connection attempts failed
2026-01-23 18:34:59 | ERROR | ALERT_ERROR | SUIUSDT | All connection attempts failed
2026-01-23 18:35:56 | INFO | SIGNAL_DETECTED | TRXUSDT | SWING_HIGH | price=0.30 | direction=SHORT | volume_zscore=0.00 | interval=1
2026-01-23 18:35:59 | ERROR | ALERT_ERROR | TRXUSDT | All connection attempts failed
2026-01-23 18:38:56 | INFO | SIGNAL_DETECTED | DOGEUSDT | SWING_HIGH | price=0.12 | direction=SHORT | volume_zscore=0.00 | interval=1
2026-01-23 18:38:56 | INFO | SIGNAL_DETECTED | ETHUSDT | SWING_HIGH | price=2954.25 | direction=SHORT | volume_zscore=0.00 | interval=1
2026-01-23 18:38:56 | INFO | SIGNAL_DETECTED | TRBUSDT | SWING_HIGH | price=20.13 | direction=SHORT | volume_zscore=0.00 | interval=1
2026-01-23 18:38:57 | INFO | SIGNAL_DETECTED | SOLUSDT | SWING_HIGH | price=127.39 | direction=SHORT | volume_zscore=0.00 | interval=1
2026-01-23 18:38:57 | INFO | SIGNAL_DETECTED | SUIUSDT | SWING_HIGH | price=1.49 | direction=SHORT | volume_zscore=0.00 | interval=1
2026-01-23 18:38:58 | ERROR | ALERT_ERROR | ETHUSDT | All connection attempts failed
2026-01-23 18:38:58 | ERROR | ALERT_ERROR | DOGEUSDT | All connection attempts failed
2026-01-23 18:38:59 | ERROR | ALERT_ERROR | TRBUSDT | All connection attempts failed
2026-01-23 18:38:59 | ERROR | ALERT_ERROR | SOLUSDT | All connection attempts failed
2026-01-23 18:38:59 | ERROR | ALERT_ERROR | SUIUSDT | All connection attempts failed
2026-01-23 18:39:57 | INFO | SIGNAL_DETECTED | SUIUSDT | SWING_LOW | price=1.49 | direction=LONG | volume_zscore=0.00 | interval=1
2026-01-23 18:39:57 | INFO | SIGNAL_DETECTED | BNBUSDT | SWING_LOW | price=890.60 | direction=LONG | volume_zscore=0.00 | interval=1
2026-01-23 18:39:59 | ERROR | ALERT_ERROR | BNBUSDT | All connection attempts failed
2026-01-23 18:39:59 | ERROR | ALERT_ERROR | SUIUSDT | All connection attempts failed
2026-01-23 18:40:56 | INFO | SIGNAL_DETECTED | GALAUSDT | SWING_LOW | price=0.01 | direction=LONG | volume_zscore=0.00 | interval=1
2026-01-23 18:40:59 | ERROR | ALERT_ERROR | GALAUSDT | All connection attempts failed
2026-01-23 18:42:56 | INFO | SIGNAL_DETECTED | DOGEUSDT | SWING_LOW | price=0.12 | direction=LONG | volume_zscore=0.00 | interval=1
2026-01-23 18:42:56 | INFO | SIGNAL_DETECTED | ETHUSDT | SWING_LOW | price=2951.74 | direction=LONG | volume_zscore=0.00 | interval=1
2026-01-23 18:42:56 | INFO | SIGNAL_DETECTED | TRBUSDT | SWING_LOW | price=20.11 | direction=LONG | volume_zscore=0.00 | interval=1
2026-01-23 18:42:57 | INFO | SIGNAL_DETECTED | SUIUSDT | SWING_LOW | price=1.49 | direction=LONG | volume_zscore=0.00 | interval=1
2026-01-23 18:42:57 | INFO | SIGNAL_DETECTED | POLUSDT | SWING_LOW | price=0.13 | direction=LONG | volume_zscore=0.00 | interval=1
2026-01-23 18:42:57 | INFO | BLOCKED_ALERTS_DISABLED | POLUSDT | SWING_LOW | price=0.13
2026-01-23 18:42:58 | ERROR | ALERT_ERROR | DOGEUSDT | All connection attempts failed
2026-01-23 18:42:58 | ERROR | ALERT_ERROR | ETHUSDT | All connection attempts failed
2026-01-23 18:42:59 | ERROR | ALERT_ERROR | TRBUSDT | All connection attempts failed
2026-01-23 18:42:59 | ERROR | ALERT_ERROR | SUIUSDT | All connection attempts failed
2026-01-23 18:43:57 | INFO | SIGNAL_DETECTED | PAXGUSDT | SWING_HIGH | price=5004.50 | direction=SHORT | volume_zscore=0.00 | interval=1
2026-01-23 18:43:59 | ERROR | ALERT_ERROR | PAXGUSDT | All connection attempts failed
2026-01-23 18:44:56 | INFO | SIGNAL_DETECTED | DOGEUSDT | SWING_HIGH | price=0.12 | direction=SHORT | volume_zscore=0.00 | interval=1
2026-01-23 18:44:56 | INFO | SIGNAL_DETECTED | ETHUSDT | SWING_HIGH | price=2952.37 | direction=SHORT | volume_zscore=0.00 | interval=1
2026-01-23 18:44:56 | INFO | SIGNAL_DETECTED | TRBUSDT | SWING_HIGH | price=20.12 | direction=SHORT | volume_zscore=0.00 | interval=1
2026-01-23 18:44:56 | INFO | SIGNAL_DETECTED | TRXUSDT | SWING_LOW | price=0.30 | direction=LONG | volume_zscore=0.00 | interval=1
2026-01-23 18:44:57 | INFO | SIGNAL_DETECTED | SUIUSDT | SWING_HIGH | price=1.49 | direction=SHORT | volume_zscore=0.00 | interval=1
2026-01-23 18:44:57 | INFO | SIGNAL_DETECTED | BNBUSDT | SWING_HIGH | price=891.10 | direction=SHORT | volume_zscore=0.00 | interval=1
2026-01-23 18:44:58 | ERROR | ALERT_ERROR | DOGEUSDT | All connection attempts failed
2026-01-23 18:44:58 | ERROR | ALERT_ERROR | ETHUSDT | All connection attempts failed
2026-01-23 18:44:59 | ERROR | ALERT_ERROR | TRBUSDT | All connection attempts failed
2026-01-23 18:44:59 | ERROR | ALERT_ERROR | TRXUSDT | All connection attempts failed
2026-01-23 18:44:59 | ERROR | ALERT_ERROR | SUIUSDT | All connection attempts failed
2026-01-23 18:44:59 | ERROR | ALERT_ERROR | BNBUSDT | All connection attempts failed
2026-01-23 18:47:56 | INFO | SIGNAL_DETECTED | DOGEUSDT | SWING_LOW | price=0.12 | direction=LONG | volume_zscore=0.00 | interval=1
2026-01-23 18:47:56 | INFO | SIGNAL_DETECTED | TRBUSDT | SWING_LOW | price=20.10 | direction=LONG | volume_zscore=0.00 | interval=1
2026-01-23 18:47:58 | ERROR | ALERT_ERROR | DOGEUSDT | All connection attempts failed
2026-01-23 18:47:59 | ERROR | ALERT_ERROR | TRBUSDT | All connection attempts failed
2026-01-23 18:49:56 | INFO | SIGNAL_DETECTED | ADAUSDT | SWING_LOW | price=0.36 | direction=LONG | volume_zscore=0.00 | interval=1
2026-01-23 18:49:56 | INFO | SIGNAL_DETECTED | ETHUSDT | SWING_LOW | price=2951.40 | direction=LONG | volume_zscore=0.00 | interval=1
2026-01-23 18:49:56 | INFO | SIGNAL_DETECTED | TRXUSDT | SWING_HIGH | price=0.30 | direction=SHORT | volume_zscore=0.00 | interval=1
2026-01-23 18:49:57 | INFO | SIGNAL_DETECTED | SOLUSDT | SWING_LOW | price=127.25 | direction=LONG | volume_zscore=0.00 | interval=1
2026-01-23 18:49:57 | INFO | SIGNAL_DETECTED | SUIUSDT | SWING_LOW | price=1.49 | direction=LONG | volume_zscore=0.00 | interval=1
2026-01-23 18:49:57 | INFO | SIGNAL_DETECTED | BNBUSDT | SWING_LOW | price=890.30 | direction=LONG | volume_zscore=0.00 | interval=1
2026-01-23 18:49:58 | ERROR | ALERT_ERROR | ADAUSDT | All connection attempts failed
2026-01-23 18:49:59 | ERROR | ALERT_ERROR | ETHUSDT | All connection attempts failed
2026-01-23 18:49:59 | ERROR | ALERT_ERROR | TRXUSDT | All connection attempts failed
2026-01-23 18:49:59 | ERROR | ALERT_ERROR | BNBUSDT | All connection attempts failed
2026-01-23 18:49:59 | ERROR | ALERT_ERROR | SOLUSDT | All connection attempts failed
2026-01-23 18:49:59 | ERROR | ALERT_ERROR | SUIUSDT | All connection attempts failed
2026-01-23 18:50:56 | INFO | SIGNAL_DETECTED | XRPUSDT | SWING_HIGH | price=1.92 | direction=SHORT | volume_zscore=2.65 | interval=1
2026-01-23 18:50:56 | INFO | SIGNAL_DETECTED | TRXUSDT | SWING_LOW | price=0.30 | direction=LONG | volume_zscore=0.00 | interval=1
2026-01-23 18:50:59 | ERROR | ALERT_ERROR | XRPUSDT | All connection attempts failed
2026-01-23 18:50:59 | ERROR | ALERT_ERROR | TRXUSDT | All connection attempts failed
2026-01-23 18:51:56 | INFO | SIGNAL_DETECTED | BTCUSDT | SWING_LOW | price=89444.30 | direction=LONG | volume_zscore=0.00 | interval=1
2026-01-23 18:51:56 | INFO | SIGNAL_DETECTED | ETHUSDT | SWING_HIGH | price=2952.22 | direction=SHORT | volume_zscore=0.00 | interval=1
2026-01-23 18:51:57 | INFO | SIGNAL_DETECTED | POLUSDT | SWING_HIGH | price=0.13 | direction=SHORT | volume_zscore=0.00 | interval=1
2026-01-23 18:51:57 | INFO | BLOCKED_ALERTS_DISABLED | POLUSDT | SWING_HIGH | price=0.13
2026-01-23 18:51:58 | ERROR | ALERT_ERROR | BTCUSDT | All connection attempts failed
2026-01-23 18:51:58 | ERROR | ALERT_ERROR | ETHUSDT | All connection attempts failed
2026-01-23 18:53:56 | INFO | SIGNAL_DETECTED | TRBUSDT | SWING_HIGH | price=20.13 | direction=SHORT | volume_zscore=0.00 | interval=1
2026-01-23 18:53:57 | INFO | SIGNAL_DETECTED | SUIUSDT | SWING_HIGH | price=1.49 | direction=SHORT | volume_zscore=0.00 | interval=1
2026-01-23 18:53:59 | ERROR | ALERT_ERROR | TRBUSDT | All connection attempts failed
2026-01-23 18:53:59 | ERROR | ALERT_ERROR | SUIUSDT | All connection attempts failed
2026-01-23 18:55:56 | INFO | SIGNAL_DETECTED | ETHUSDT | SWING_HIGH | price=2953.78 | direction=SHORT | volume_zscore=0.00 | interval=1
2026-01-23 18:55:57 | INFO | SIGNAL_DETECTED | PAXGUSDT | SWING_LOW | price=5006.10 | direction=LONG | volume_zscore=0.00 | interval=1
2026-01-23 18:55:59 | ERROR | ALERT_ERROR | ETHUSDT | All connection attempts failed
2026-01-23 18:55:59 | ERROR | ALERT_ERROR | PAXGUSDT | All connection attempts failed
2026-01-23 18:57:56 | INFO | SIGNAL_DETECTED | ADAUSDT | SWING_LOW | price=0.36 | direction=LONG | volume_zscore=0.00 | interval=1
2026-01-23 18:57:56 | INFO | SIGNAL_DETECTED | XRPUSDT | SWING_LOW | price=1.92 | direction=LONG | volume_zscore=1.16 | interval=1
2026-01-23 18:57:56 | INFO | SIGNAL_DETECTED | TRBUSDT | SWING_HIGH | price=20.13 | direction=SHORT | volume_zscore=0.00 | interval=1
2026-01-23 18:57:58 | ERROR | ALERT_ERROR | ADAUSDT | All connection attempts failed
2026-01-23 18:57:59 | ERROR | ALERT_ERROR | XRPUSDT | All connection attempts failed
2026-01-23 18:57:59 | ERROR | ALERT_ERROR | TRBUSDT | All connection attempts failed
2026-01-23 18:58:56 | INFO | SIGNAL_DETECTED | ADAUSDT | SWING_HIGH | price=0.36 | direction=SHORT | volume_zscore=0.00 | interval=1
2026-01-23 18:58:56 | INFO | SIGNAL_DETECTED | DOGEUSDT | SWING_HIGH | price=0.12 | direction=SHORT | volume_zscore=0.00 | interval=1
2026-01-23 18:58:56 | INFO | SIGNAL_DETECTED | ETHUSDT | SWING_HIGH | price=2955.60 | direction=SHORT | volume_zscore=0.00 | interval=1
2026-01-23 18:58:57 | INFO | SIGNAL_DETECTED | SUIUSDT | SWING_HIGH | price=1.49 | direction=SHORT | volume_zscore=0.00 | interval=1
2026-01-23 18:58:59 | ERROR | ALERT_ERROR | DOGEUSDT | All connection attempts failed
2026-01-23 18:58:59 | ERROR | ALERT_ERROR | ADAUSDT | All connection attempts failed
2026-01-23 18:58:59 | ERROR | ALERT_ERROR | ETHUSDT | All connection attempts failed
2026-01-23 18:58:59 | ERROR | ALERT_ERROR | SUIUSDT | All connection attempts failed
2026-01-23 18:59:57 | INFO | SIGNAL_DETECTED | SOLUSDT | SWING_HIGH | price=127.44 | direction=SHORT | volume_zscore=0.00 | interval=1
2026-01-23 18:59:59 | ERROR | ALERT_ERROR | SOLUSDT | All connection attempts failed
2026-01-23 19:00:57 | INFO | SIGNAL_DETECTED | PAXGUSDT | SWING_LOW | price=5004.60 | direction=LONG | volume_zscore=0.00 | interval=1
2026-01-23 19:00:59 | ERROR | ALERT_ERROR | PAXGUSDT | All connection attempts failed
2026-01-23 19:01:56 | INFO | SIGNAL_DETECTED | BTCUSDT | SWING_HIGH | price=89563.80 | direction=SHORT | volume_zscore=0.00 | interval=1
2026-01-23 19:01:56 | INFO | SIGNAL_DETECTED | TRXUSDT | SWING_HIGH | price=0.30 | direction=SHORT | volume_zscore=0.00 | interval=1
2026-01-23 19:01:59 | ERROR | ALERT_ERROR | BTCUSDT | All connection attempts failed
2026-01-23 19:01:59 | ERROR | ALERT_ERROR | TRXUSDT | All connection attempts failed
2026-01-23 19:02:56 | INFO | SIGNAL_DETECTED | ADAUSDT | SWING_LOW | price=0.36 | direction=LONG | volume_zscore=0.00 | interval=1
2026-01-23 19:02:56 | INFO | SIGNAL_DETECTED | DOGEUSDT | SWING_HIGH | price=0.12 | direction=SHORT | volume_zscore=0.00 | interval=1
2026-01-23 19:02:56 | INFO | SIGNAL_DETECTED | ETHUSDT | SWING_LOW | price=2955.04 | direction=LONG | volume_zscore=0.00 | interval=1
2026-01-23 19:02:57 | INFO | SIGNAL_DETECTED | BNBUSDT | SWING_LOW | price=891.00 | direction=LONG | volume_zscore=0.00 | interval=1
2026-01-23 19:02:58 | ERROR | ALERT_ERROR | ADAUSDT | All connection attempts failed
2026-01-23 19:02:59 | ERROR | ALERT_ERROR | DOGEUSDT | All connection attempts failed
2026-01-23 19:02:59 | ERROR | ALERT_ERROR | ETHUSDT | All connection attempts failed
2026-01-23 19:02:59 | ERROR | ALERT_ERROR | BNBUSDT | All connection attempts failed
2026-01-23 19:03:56 | INFO | SIGNAL_DETECTED | GALAUSDT | SWING_LOW | price=0.01 | direction=LONG | volume_zscore=0.00 | interval=1
2026-01-23 19:03:59 | ERROR | ALERT_ERROR | GALAUSDT | All connection attempts failed
2026-01-23 19:04:57 | INFO | SIGNAL_DETECTED | SUIUSDT | SWING_HIGH | price=1.49 | direction=SHORT | volume_zscore=0.00 | interval=1
2026-01-23 19:04:59 | ERROR | ALERT_ERROR | SUIUSDT | All connection attempts failed
2026-01-23 19:05:56 | INFO | SIGNAL_DETECTED | ADAUSDT | SWING_HIGH | price=0.36 | direction=SHORT | volume_zscore=0.00 | interval=1
2026-01-23 19:05:56 | INFO | SIGNAL_DETECTED | ETHUSDT | SWING_HIGH | price=2956.44 | direction=SHORT | volume_zscore=0.00 | interval=1
2026-01-23 19:05:56 | INFO | SIGNAL_DETECTED | XRPUSDT | SWING_HIGH | price=1.92 | direction=SHORT | volume_zscore=1.39 | interval=1
2026-01-23 19:05:57 | INFO | SIGNAL_DETECTED | SOLUSDT | SWING_HIGH | price=127.57 | direction=SHORT | volume_zscore=0.00 | interval=1
2026-01-23 19:05:57 | INFO | SIGNAL_DETECTED | BNBUSDT | SWING_HIGH | price=891.50 | direction=SHORT | volume_zscore=0.00 | interval=1
2026-01-23 19:05:58 | ERROR | ALERT_ERROR | ADAUSDT | All connection attempts failed
2026-01-23 19:05:59 | ERROR | ALERT_ERROR | ETHUSDT | All connection attempts failed
2026-01-23 19:05:59 | ERROR | ALERT_ERROR | XRPUSDT | All connection attempts failed
2026-01-23 19:05:59 | ERROR | ALERT_ERROR | BNBUSDT | All connection attempts failed
2026-01-23 19:05:59 | ERROR | ALERT_ERROR | SOLUSDT | All connection attempts failed
2026-01-23 19:06:57 | INFO | SIGNAL_DETECTED | POLUSDT | SWING_HIGH | price=0.13 | direction=SHORT | volume_zscore=0.00 | interval=1
2026-01-23 19:06:57 | INFO | BLOCKED_ALERTS_DISABLED | POLUSDT | SWING_HIGH | price=0.13
2026-01-23 19:08:57 | INFO | SIGNAL_DETECTED | PAXGUSDT | SWING_HIGH | price=5007.80 | direction=SHORT | volume_zscore=0.00 | interval=1
2026-01-23 19:08:59 | ERROR | ALERT_ERROR | PAXGUSDT | All connection attempts failed
2026-01-23 19:09:56 | INFO | SIGNAL_DETECTED | ETHUSDT | SWING_LOW | price=2952.30 | direction=LONG | volume_zscore=0.00 | interval=1
2026-01-23 19:09:56 | INFO | SIGNAL_DETECTED | TRXUSDT | SWING_LOW | price=0.30 | direction=LONG | volume_zscore=0.00 | interval=1
2026-01-23 19:09:59 | ERROR | ALERT_ERROR | ETHUSDT | All connection attempts failed
2026-01-23 19:09:59 | ERROR | ALERT_ERROR | TRXUSDT | All connection attempts failed
2026-01-23 19:10:56 | INFO | SIGNAL_DETECTED | ADAUSDT | SWING_LOW | price=0.36 | direction=LONG | volume_zscore=0.00 | interval=1
2026-01-23 19:10:56 | INFO | SIGNAL_DETECTED | BTCUSDT | SWING_LOW | price=89510.20 | direction=LONG | volume_zscore=0.00 | interval=1
2026-01-23 19:10:56 | INFO | SIGNAL_DETECTED | GALAUSDT | SWING_LOW | price=0.01 | direction=LONG | volume_zscore=0.00 | interval=1
2026-01-23 19:10:56 | INFO | SIGNAL_DETECTED | TRBUSDT | SWING_LOW | price=20.12 | direction=LONG | volume_zscore=0.00 | interval=1
2026-01-23 19:10:57 | INFO | SIGNAL_DETECTED | PAXGUSDT | SWING_LOW | price=5007.30 | direction=LONG | volume_zscore=0.00 | interval=1
2026-01-23 19:10:58 | ERROR | ALERT_ERROR | ADAUSDT | All connection attempts failed
2026-01-23 19:10:58 | ERROR | ALERT_ERROR | BTCUSDT | All connection attempts failed
2026-01-23 19:10:59 | ERROR | ALERT_ERROR | GALAUSDT | All connection attempts failed
2026-01-23 19:10:59 | ERROR | ALERT_ERROR | TRBUSDT | All connection attempts failed
2026-01-23 19:10:59 | ERROR | ALERT_ERROR | PAXGUSDT | All connection attempts failed
2026-01-23 19:12:56 | INFO | SIGNAL_DETECTED | TRBUSDT | SWING_HIGH | price=20.12 | direction=SHORT | volume_zscore=0.00 | interval=1
2026-01-23 19:12:56 | INFO | SIGNAL_DETECTED | TRXUSDT | SWING_HIGH | price=0.30 | direction=SHORT | volume_zscore=0.00 | interval=1
2026-01-23 19:12:59 | ERROR | ALERT_ERROR | TRBUSDT | All connection attempts failed
2026-01-23 19:12:59 | ERROR | ALERT_ERROR | TRXUSDT | All connection attempts failed
2026-01-23 19:13:57 | INFO | SIGNAL_DETECTED | SOLUSDT | SWING_LOW | price=127.32 | direction=LONG | volume_zscore=0.00 | interval=1
2026-01-23 19:13:59 | ERROR | ALERT_ERROR | SOLUSDT | All connection attempts failed
2026-01-23 19:14:57 | INFO | SIGNAL_DETECTED | TRXUSDT | SWING_LOW | price=0.30 | direction=LONG | volume_zscore=0.00 | interval=1
2026-01-23 19:14:59 | ERROR | ALERT_ERROR | TRXUSDT | All connection attempts failed
2026-01-23 19:15:56 | INFO | SIGNAL_DETECTED | GALAUSDT | SWING_LOW | price=0.01 | direction=LONG | volume_zscore=0.00 | interval=1
2026-01-23 19:15:59 | ERROR | ALERT_ERROR | GALAUSDT | All connection attempts failed
2026-01-23 19:16:56 | INFO | SIGNAL_DETECTED | ADAUSDT | SWING_LOW | price=0.36 | direction=LONG | volume_zscore=0.00 | interval=1
2026-01-23 19:16:59 | ERROR | ALERT_ERROR | ADAUSDT | All connection attempts failed
2026-01-23 19:17:56 | INFO | SIGNAL_DETECTED | BTCUSDT | SWING_LOW | price=89458.40 | direction=LONG | volume_zscore=0.00 | interval=1
2026-01-23 19:17:56 | INFO | SIGNAL_DETECTED | DOGEUSDT | SWING_LOW | price=0.12 | direction=LONG | volume_zscore=0.00 | interval=1
2026-01-23 19:17:56 | INFO | SIGNAL_DETECTED | ETHUSDT | SWING_LOW | price=2951.66 | direction=LONG | volume_zscore=0.00 | interval=1
2026-01-23 19:17:57 | INFO | SIGNAL_DETECTED | SOLUSDT | SWING_HIGH | price=127.38 | direction=SHORT | volume_zscore=0.00 | interval=1
2026-01-23 19:17:57 | INFO | SIGNAL_DETECTED | SUIUSDT | SWING_LOW | price=1.48 | direction=LONG | volume_zscore=0.00 | interval=1
2026-01-23 19:17:57 | INFO | SIGNAL_DETECTED | POLUSDT | SWING_LOW | price=0.13 | direction=LONG | volume_zscore=0.00 | interval=1
2026-01-23 19:17:57 | INFO | BLOCKED_ALERTS_DISABLED | POLUSDT | SWING_LOW | price=0.13
2026-01-23 19:17:59 | ERROR | ALERT_ERROR | BTCUSDT | All connection attempts failed
2026-01-23 19:17:59 | ERROR | ALERT_ERROR | ETHUSDT | All connection attempts failed
2026-01-23 19:17:59 | ERROR | ALERT_ERROR | DOGEUSDT | All connection attempts failed
2026-01-23 19:17:59 | ERROR | ALERT_ERROR | SOLUSDT | All connection attempts failed
2026-01-23 19:17:59 | ERROR | ALERT_ERROR | SUIUSDT | All connection attempts failed
2026-01-23 19:20:56 | INFO | SIGNAL_DETECTED | XRPUSDT | SWING_HIGH | price=1.92 | direction=SHORT | volume_zscore=3.30 | interval=1
2026-01-23 19:20:59 | ERROR | ALERT_ERROR | XRPUSDT | All connection attempts failed
2026-01-23 19:21:56 | INFO | SIGNAL_DETECTED | ETHUSDT | SWING_HIGH | price=2953.44 | direction=SHORT | volume_zscore=0.00 | interval=1
2026-01-23 19:21:58 | ERROR | ALERT_ERROR | ETHUSDT | All connection attempts failed
2026-01-23 19:22:56 | INFO | SIGNAL_DETECTED | DOGEUSDT | SWING_LOW | price=0.12 | direction=LONG | volume_zscore=0.00 | interval=1
2026-01-23 19:22:56 | INFO | SIGNAL_DETECTED | TRBUSDT | SWING_LOW | price=20.10 | direction=LONG | volume_zscore=0.00 | interval=1
2026-01-23 19:22:57 | INFO | SIGNAL_DETECTED | PAXGUSDT | SWING_HIGH | price=5006.70 | direction=SHORT | volume_zscore=0.00 | interval=1
2026-01-23 19:22:59 | ERROR | ALERT_ERROR | DOGEUSDT | All connection attempts failed
2026-01-23 19:22:59 | ERROR | ALERT_ERROR | TRBUSDT | All connection attempts failed
2026-01-23 19:22:59 | ERROR | ALERT_ERROR | PAXGUSDT | All connection attempts failed
2026-01-23 19:23:56 | INFO | SIGNAL_DETECTED | ADAUSDT | SWING_LOW | price=0.36 | direction=LONG | volume_zscore=0.00 | interval=1
2026-01-23 19:23:56 | INFO | SIGNAL_DETECTED | ETHUSDT | SWING_LOW | price=2953.12 | direction=LONG | volume_zscore=0.00 | interval=1
2026-01-23 19:23:57 | INFO | SIGNAL_DETECTED | SOLUSDT | SWING_LOW | price=127.41 | direction=LONG | volume_zscore=0.00 | interval=1
2026-01-23 19:23:58 | ERROR | ALERT_ERROR | ADAUSDT | All connection attempts failed
2026-01-23 19:23:59 | ERROR | ALERT_ERROR | ETHUSDT | All connection attempts failed
2026-01-23 19:23:59 | ERROR | ALERT_ERROR | SOLUSDT | All connection attempts failed
2026-01-23 19:24:56 | INFO | SIGNAL_DETECTED | GALAUSDT | SWING_LOW | price=0.01 | direction=LONG | volume_zscore=0.00 | interval=1
2026-01-23 19:24:59 | ERROR | ALERT_ERROR | GALAUSDT | All connection attempts failed
2026-01-23 19:25:56 | INFO | SIGNAL_DETECTED | ADAUSDT | SWING_HIGH | price=0.36 | direction=SHORT | volume_zscore=0.00 | interval=1
2026-01-23 19:25:56 | INFO | SIGNAL_DETECTED | ETHUSDT | SWING_HIGH | price=2953.51 | direction=SHORT | volume_zscore=0.00 | interval=1
2026-01-23 19:25:56 | INFO | SIGNAL_DETECTED | TRBUSDT | SWING_HIGH | price=20.11 | direction=SHORT | volume_zscore=0.00 | interval=1
2026-01-23 19:25:57 | INFO | SIGNAL_DETECTED | TRXUSDT | SWING_LOW | price=0.30 | direction=LONG | volume_zscore=0.00 | interval=1
2026-01-23 19:25:57 | INFO | SIGNAL_DETECTED | SOLUSDT | SWING_HIGH | price=127.48 | direction=SHORT | volume_zscore=0.00 | interval=1
2026-01-23 19:25:57 | INFO | SIGNAL_DETECTED | SUIUSDT | SWING_HIGH | price=1.49 | direction=SHORT | volume_zscore=0.00 | interval=1
2026-01-23 19:25:57 | INFO | SIGNAL_DETECTED | BNBUSDT | SWING_HIGH | price=890.50 | direction=SHORT | volume_zscore=0.00 | interval=1
2026-01-23 19:25:59 | ERROR | ALERT_ERROR | ADAUSDT | All connection attempts failed
2026-01-23 19:25:59 | ERROR | ALERT_ERROR | ETHUSDT | All connection attempts failed
2026-01-23 19:25:59 | ERROR | ALERT_ERROR | TRBUSDT | All connection attempts failed
2026-01-23 19:25:59 | ERROR | ALERT_ERROR | TRXUSDT | All connection attempts failed
2026-01-23 19:25:59 | ERROR | ALERT_ERROR | SOLUSDT | All connection attempts failed
2026-01-23 19:25:59 | ERROR | ALERT_ERROR | SUIUSDT | All connection attempts failed
2026-01-23 19:25:59 | ERROR | ALERT_ERROR | BNBUSDT | All connection attempts failed
2026-01-23 19:26:57 | INFO | SIGNAL_DETECTED | BNBUSDT | SWING_LOW | price=890.10 | direction=LONG | volume_zscore=0.00 | interval=1
2026-01-23 19:26:57 | INFO | SIGNAL_DETECTED | PAXGUSDT | SWING_LOW | price=5005.30 | direction=LONG | volume_zscore=0.00 | interval=1
2026-01-23 19:26:57 | INFO | SIGNAL_DETECTED | POLUSDT | SWING_LOW | price=0.13 | direction=LONG | volume_zscore=0.00 | interval=1
2026-01-23 19:26:57 | INFO | BLOCKED_ALERTS_DISABLED | POLUSDT | SWING_LOW | price=0.13
2026-01-23 19:26:59 | ERROR | ALERT_ERROR | BNBUSDT | All connection attempts failed
2026-01-23 19:26:59 | ERROR | ALERT_ERROR | PAXGUSDT | All connection attempts failed
2026-01-23 19:27:56 | INFO | SIGNAL_DETECTED | BTCUSDT | SWING_HIGH | price=89517.50 | direction=SHORT | volume_zscore=0.00 | interval=1
2026-01-23 19:27:56 | INFO | SIGNAL_DETECTED | ETHUSDT | SWING_LOW | price=2953.94 | direction=LONG | volume_zscore=0.00 | interval=1
2026-01-23 19:27:59 | ERROR | ALERT_ERROR | BTCUSDT | All connection attempts failed
2026-01-23 19:27:59 | ERROR | ALERT_ERROR | ETHUSDT | All connection attempts failed
2026-01-23 19:28:56 | INFO | SIGNAL_DETECTED | DOGEUSDT | SWING_HIGH | price=0.12 | direction=SHORT | volume_zscore=0.00 | interval=1
2026-01-23 19:28:59 | ERROR | ALERT_ERROR | DOGEUSDT | All connection attempts failed
2026-01-23 19:31:56 | INFO | SIGNAL_DETECTED | GALAUSDT | SWING_LOW | price=0.01 | direction=LONG | volume_zscore=0.00 | interval=1
2026-01-23 19:31:56 | INFO | SIGNAL_DETECTED | XRPUSDT | SWING_LOW | price=1.92 | direction=LONG | volume_zscore=5.99 | interval=1
2026-01-23 19:31:56 | INFO | SIGNAL_DETECTED | TRBUSDT | SWING_LOW | price=20.07 | direction=LONG | volume_zscore=0.00 | interval=1
2026-01-23 19:31:57 | INFO | SIGNAL_DETECTED | SOLUSDT | SWING_LOW | price=127.34 | direction=LONG | volume_zscore=0.00 | interval=1
2026-01-23 19:31:57 | INFO | SIGNAL_DETECTED | BNBUSDT | SWING_LOW | price=889.60 | direction=LONG | volume_zscore=0.00 | interval=1
2026-01-23 19:31:57 | INFO | SIGNAL_DETECTED | POLUSDT | SWING_LOW | price=0.13 | direction=LONG | volume_zscore=0.00 | interval=1
2026-01-23 19:31:57 | INFO | BLOCKED_ALERTS_DISABLED | POLUSDT | SWING_LOW | price=0.13
2026-01-23 19:31:59 | ERROR | ALERT_ERROR | GALAUSDT | All connection attempts failed
2026-01-23 19:31:59 | ERROR | ALERT_ERROR | XRPUSDT | All connection attempts failed
2026-01-23 19:31:59 | ERROR | ALERT_ERROR | TRBUSDT | All connection attempts failed
2026-01-23 19:31:59 | ERROR | ALERT_ERROR | BNBUSDT | All connection attempts failed
2026-01-23 19:31:59 | ERROR | ALERT_ERROR | SOLUSDT | All connection attempts failed
2026-01-23 19:33:57 | INFO | SIGNAL_DETECTED | BNBUSDT | SWING_HIGH | price=890.10 | direction=SHORT | volume_zscore=0.00 | interval=1
2026-01-23 19:33:57 | INFO | SIGNAL_DETECTED | POLUSDT | SWING_HIGH | price=0.13 | direction=SHORT | volume_zscore=0.00 | interval=1
2026-01-23 19:33:57 | INFO | BLOCKED_ALERTS_DISABLED | POLUSDT | SWING_HIGH | price=0.13
2026-01-23 19:33:59 | ERROR | ALERT_ERROR | BNBUSDT | All connection attempts failed
2026-01-23 19:34:56 | INFO | SIGNAL_DETECTED | BTCUSDT | SWING_LOW | price=89443.10 | direction=LONG | volume_zscore=0.00 | interval=1
2026-01-23 19:34:58 | ERROR | ALERT_ERROR | BTCUSDT | All connection attempts failed
2026-01-23 19:36:56 | INFO | SIGNAL_DETECTED | GALAUSDT | SWING_LOW | price=0.01 | direction=LONG | volume_zscore=0.00 | interval=1
2026-01-23 19:36:59 | ERROR | ALERT_ERROR | GALAUSDT | All connection attempts failed
2026-01-23 19:37:56 | INFO | SIGNAL_DETECTED | ETHUSDT | SWING_HIGH | price=2952.69 | direction=SHORT | volume_zscore=0.00 | interval=1
2026-01-23 19:37:59 | ERROR | ALERT_ERROR | ETHUSDT | All connection attempts failed
2026-01-23 19:38:56 | INFO | SIGNAL_DETECTED | DOGEUSDT | SWING_HIGH | price=0.12 | direction=SHORT | volume_zscore=0.00 | interval=1
2026-01-23 19:38:57 | INFO | SIGNAL_DETECTED | POLUSDT | SWING_HIGH | price=0.13 | direction=SHORT | volume_zscore=0.00 | interval=1
2026-01-23 19:38:57 | INFO | BLOCKED_ALERTS_DISABLED | POLUSDT | SWING_HIGH | price=0.13
2026-01-23 19:38:59 | ERROR | ALERT_ERROR | DOGEUSDT | All connection attempts failed
2026-01-23 19:39:56 | INFO | SIGNAL_DETECTED | TRBUSDT | SWING_HIGH | price=20.09 | direction=SHORT | volume_zscore=0.00 | interval=1
2026-01-23 19:39:59 | ERROR | ALERT_ERROR | TRBUSDT | All connection attempts failed
2026-01-23 19:40:56 | INFO | SIGNAL_DETECTED | BTCUSDT | SWING_HIGH | price=89510.80 | direction=SHORT | volume_zscore=0.00 | interval=1
2026-01-23 19:40:59 | ERROR | ALERT_ERROR | BTCUSDT | All connection attempts failed
2026-01-23 19:41:57 | INFO | SIGNAL_DETECTED | TRXUSDT | SWING_HIGH | price=0.30 | direction=SHORT | volume_zscore=0.00 | interval=1
2026-01-23 19:41:57 | INFO | SIGNAL_DETECTED | PAXGUSDT | SWING_LOW | price=5010.90 | direction=LONG | volume_zscore=0.00 | interval=1
2026-01-23 19:42:00 | ERROR | ALERT_ERROR | TRXUSDT | All connection attempts failed
2026-01-23 19:42:10 | ERROR | ALERT_ERROR | PAXGUSDT | All connection attempts failed
2026-01-23 19:42:57 | INFO | SIGNAL_DETECTED | POLUSDT | SWING_LOW | price=0.13 | direction=LONG | volume_zscore=0.00 | interval=1
2026-01-23 19:42:57 | INFO | BLOCKED_ALERTS_DISABLED | POLUSDT | SWING_LOW | price=0.13
2026-01-23 19:43:56 | INFO | SIGNAL_DETECTED | ADAUSDT | SWING_LOW | price=0.36 | direction=LONG | volume_zscore=0.00 | interval=1
2026-01-23 19:43:57 | INFO | SIGNAL_DETECTED | SUIUSDT | SWING_LOW | price=1.49 | direction=LONG | volume_zscore=0.00 | interval=1
2026-01-23 19:43:59 | ERROR | ALERT_ERROR | ADAUSDT | All connection attempts failed
2026-01-23 19:43:59 | ERROR | ALERT_ERROR | SUIUSDT | All connection attempts failed
2026-01-23 19:45:57 | INFO | BLOCKED_HISTORICAL | PAXGUSDT | SWING_LOW | price=5012.60 | signal_ts=1769215380 | service_start=1769215508
2026-01-23 19:46:57 | INFO | BLOCKED_HISTORICAL | TRXUSDT | SWING_LOW | price=0.30 | signal_ts=1769215440 | service_start=1769215508
2026-01-23 19:46:57 | INFO | BLOCKED_HISTORICAL | BNBUSDT | SWING_LOW | price=889.10 | signal_ts=1769215440 | service_start=1769215508
2026-01-23 19:47:57 | INFO | SIGNAL_DETECTED | POLUSDT | SWING_LOW | price=0.13 | direction=LONG | volume_zscore=0.00 | interval=1
2026-01-23 19:47:57 | INFO | BLOCKED_ALERTS_DISABLED | POLUSDT | SWING_LOW | price=0.13
2026-01-23 19:48:57 | INFO | SIGNAL_DETECTED | XRPUSDT | SWING_LOW | price=1.92 | direction=LONG | volume_zscore=6.57 | interval=1
2026-01-23 19:48:59 | ERROR | ALERT_ERROR | XRPUSDT | All connection attempts failed
2026-01-23 19:49:56 | INFO | SIGNAL_DETECTED | DOGEUSDT | SWING_LOW | price=0.12 | direction=LONG | volume_zscore=0.00 | interval=1
2026-01-23 19:49:56 | INFO | SIGNAL_DETECTED | ETHUSDT | SWING_LOW | price=2949.02 | direction=LONG | volume_zscore=0.00 | interval=1
2026-01-23 19:49:57 | INFO | SIGNAL_DETECTED | SOLUSDT | SWING_LOW | price=127.38 | direction=LONG | volume_zscore=0.00 | interval=1
2026-01-23 19:49:59 | ERROR | ALERT_ERROR | DOGEUSDT | All connection attempts failed
2026-01-23 19:49:59 | ERROR | ALERT_ERROR | ETHUSDT | All connection attempts failed
2026-01-23 19:49:59 | ERROR | ALERT_ERROR | SOLUSDT | All connection attempts failed
2026-01-23 19:50:57 | INFO | SIGNAL_DETECTED | SUIUSDT | SWING_LOW | price=1.48 | direction=LONG | volume_zscore=0.00 | interval=1
2026-01-23 19:50:57 | INFO | SIGNAL_DETECTED | PAXGUSDT | SWING_HIGH | price=5019.10 | direction=SHORT | volume_zscore=0.00 | interval=1
2026-01-23 19:50:59 | ERROR | ALERT_ERROR | SUIUSDT | All connection attempts failed
2026-01-23 19:50:59 | ERROR | ALERT_ERROR | PAXGUSDT | All connection attempts failed
2026-01-23 19:52:56 | INFO | SIGNAL_DETECTED | BTCUSDT | SWING_LOW | price=89379.90 | direction=LONG | volume_zscore=0.00 | interval=1
2026-01-23 19:52:56 | INFO | SIGNAL_DETECTED | DOGEUSDT | SWING_HIGH | price=0.12 | direction=SHORT | volume_zscore=0.00 | interval=1
2026-01-23 19:52:56 | INFO | SIGNAL_DETECTED | ETHUSDT | SWING_HIGH | price=2950.87 | direction=SHORT | volume_zscore=0.00 | interval=1
2026-01-23 19:52:57 | INFO | SIGNAL_DETECTED | TRBUSDT | SWING_HIGH | price=20.07 | direction=SHORT | volume_zscore=0.00 | interval=1
2026-01-23 19:52:57 | INFO | SIGNAL_DETECTED | SOLUSDT | SWING_HIGH | price=127.46 | direction=SHORT | volume_zscore=0.00 | interval=1
2026-01-23 19:52:57 | INFO | SIGNAL_DETECTED | SUIUSDT | SWING_HIGH | price=1.49 | direction=SHORT | volume_zscore=0.00 | interval=1
2026-01-23 19:52:57 | INFO | SIGNAL_DETECTED | POLUSDT | SWING_HIGH | price=0.13 | direction=SHORT | volume_zscore=0.00 | interval=1
2026-01-23 19:52:57 | INFO | BLOCKED_ALERTS_DISABLED | POLUSDT | SWING_HIGH | price=0.13
2026-01-23 19:52:59 | ERROR | ALERT_ERROR | DOGEUSDT | All connection attempts failed
2026-01-23 19:52:59 | ERROR | ALERT_ERROR | BTCUSDT | All connection attempts failed
2026-01-23 19:52:59 | ERROR | ALERT_ERROR | ETHUSDT | All connection attempts failed
2026-01-23 19:52:59 | ERROR | ALERT_ERROR | TRBUSDT | All connection attempts failed
2026-01-23 19:52:59 | ERROR | ALERT_ERROR | SUIUSDT | All connection attempts failed
2026-01-23 19:52:59 | ERROR | ALERT_ERROR | SOLUSDT | All connection attempts failed
2026-01-23 19:53:57 | INFO | SIGNAL_DETECTED | TRXUSDT | SWING_HIGH | price=0.30 | direction=SHORT | volume_zscore=0.00 | interval=1
2026-01-23 19:53:57 | INFO | SIGNAL_DETECTED | PAXGUSDT | SWING_HIGH | price=5022.80 | direction=SHORT | volume_zscore=0.00 | interval=1
2026-01-23 19:53:59 | ERROR | ALERT_ERROR | PAXGUSDT | All connection attempts failed
2026-01-23 19:53:59 | ERROR | ALERT_ERROR | TRXUSDT | All connection attempts failed
2026-01-23 19:54:57 | INFO | SIGNAL_DETECTED | ETHUSDT | SWING_LOW | price=2950.80 | direction=LONG | volume_zscore=0.00 | interval=1
2026-01-23 19:54:59 | ERROR | ALERT_ERROR | ETHUSDT | All connection attempts failed
2026-01-23 19:55:57 | INFO | SIGNAL_DETECTED | TRXUSDT | SWING_LOW | price=0.30 | direction=LONG | volume_zscore=0.00 | interval=1
2026-01-23 19:55:59 | ERROR | ALERT_ERROR | TRXUSDT | All connection attempts failed
2026-01-23 19:58:57 | INFO | BLOCKED_HISTORICAL | POLUSDT | SWING_LOW | price=0.13 | signal_ts=1769216160 | service_start=1769216281
2026-01-23 19:59:56 | INFO | BLOCKED_HISTORICAL | ETHUSDT | SWING_HIGH | price=2951.93 | signal_ts=1769216220 | service_start=1769216281
2026-01-23 19:59:57 | INFO | BLOCKED_HISTORICAL | SOLUSDT | SWING_HIGH | price=127.40 | signal_ts=1769216220 | service_start=1769216281
2026-01-23 20:01:56 | INFO | BLOCKED_HISTORICAL | BTCUSDT | SWING_HIGH | price=89434.90 | signal_ts=1769216220 | service_start=1769216281
2026-01-23 20:01:57 | INFO | SIGNAL_DETECTED | TRXUSDT | SWING_LOW | price=0.30 | direction=LONG | volume_zscore=0.00 | interval=1
2026-01-23 20:01:57 | INFO | SIGNAL_DETECTED | POLUSDT | SWING_LOW | price=0.13 | direction=LONG | volume_zscore=0.00 | interval=1
2026-01-23 20:01:57 | INFO | BLOCKED_ALERTS_DISABLED | POLUSDT | SWING_LOW | price=0.13
2026-01-23 20:01:59 | ERROR | ALERT_ERROR | TRXUSDT | All connection attempts failed
2026-01-23 20:03:56 | INFO | SIGNAL_DETECTED | ADAUSDT | SWING_LOW | price=0.36 | direction=LONG | volume_zscore=0.00 | interval=1
2026-01-23 20:03:56 | INFO | SIGNAL_DETECTED | DOGEUSDT | SWING_LOW | price=0.12 | direction=LONG | volume_zscore=0.00 | interval=1
2026-01-23 20:03:56 | INFO | SIGNAL_DETECTED | ETHUSDT | SWING_LOW | price=2949.69 | direction=LONG | volume_zscore=0.00 | interval=1
2026-01-23 20:03:57 | INFO | SIGNAL_DETECTED | SOLUSDT | SWING_LOW | price=127.29 | direction=LONG | volume_zscore=0.00 | interval=1
2026-01-23 20:03:57 | INFO | SIGNAL_DETECTED | SUIUSDT | SWING_LOW | price=1.48 | direction=LONG | volume_zscore=0.00 | interval=1
2026-01-23 20:03:57 | INFO | SIGNAL_DETECTED | BNBUSDT | SWING_LOW | price=889.30 | direction=LONG | volume_zscore=0.00 | interval=1
2026-01-23 20:03:57 | INFO | SIGNAL_DETECTED | PAXGUSDT | SWING_LOW | price=5014.40 | direction=LONG | volume_zscore=0.00 | interval=1
2026-01-23 20:03:58 | ERROR | ALERT_ERROR | ADAUSDT | All connection attempts failed
2026-01-23 20:03:59 | ERROR | ALERT_ERROR | DOGEUSDT | All connection attempts failed
2026-01-23 20:03:59 | ERROR | ALERT_ERROR | ETHUSDT | All connection attempts failed
2026-01-23 20:03:59 | ERROR | ALERT_ERROR | SOLUSDT | All connection attempts failed
2026-01-23 20:03:59 | ERROR | ALERT_ERROR | BNBUSDT | All connection attempts failed
2026-01-23 20:03:59 | ERROR | ALERT_ERROR | PAXGUSDT | All connection attempts failed
2026-01-23 20:03:59 | ERROR | ALERT_ERROR | SUIUSDT | All connection attempts failed
2026-01-23 20:04:56 | INFO | SIGNAL_DETECTED | BTCUSDT | SWING_LOW | price=89410.20 | direction=LONG | volume_zscore=0.00 | interval=1
2026-01-23 20:04:56 | INFO | SIGNAL_DETECTED | DOGEUSDT | SWING_HIGH | price=0.12 | direction=SHORT | volume_zscore=0.00 | interval=1
2026-01-23 20:04:57 | INFO | SIGNAL_DETECTED | BNBUSDT | SWING_HIGH | price=889.70 | direction=SHORT | volume_zscore=0.00 | interval=1
2026-01-23 20:04:57 | INFO | SIGNAL_DETECTED | POLUSDT | SWING_HIGH | price=0.13 | direction=SHORT | volume_zscore=0.00 | interval=1
2026-01-23 20:04:57 | INFO | BLOCKED_ALERTS_DISABLED | POLUSDT | SWING_HIGH | price=0.13
2026-01-23 20:04:59 | ERROR | ALERT_ERROR | BTCUSDT | All connection attempts failed
2026-01-23 20:04:59 | ERROR | ALERT_ERROR | DOGEUSDT | All connection attempts failed
2026-01-23 20:04:59 | ERROR | ALERT_ERROR | BNBUSDT | All connection attempts failed
2026-01-23 20:05:56 | INFO | SIGNAL_DETECTED | ETHUSDT | SWING_HIGH | price=2952.35 | direction=SHORT | volume_zscore=0.00 | interval=1
2026-01-23 20:05:56 | INFO | SIGNAL_DETECTED | TRBUSDT | SWING_HIGH | price=20.05 | direction=SHORT | volume_zscore=0.00 | interval=1
2026-01-23 20:05:57 | INFO | SIGNAL_DETECTED | PAXGUSDT | SWING_HIGH | price=5023.50 | direction=SHORT | volume_zscore=0.00 | interval=1
2026-01-23 20:05:59 | ERROR | ALERT_ERROR | ETHUSDT | All connection attempts failed
2026-01-23 20:05:59 | ERROR | ALERT_ERROR | TRBUSDT | All connection attempts failed
2026-01-23 20:05:59 | ERROR | ALERT_ERROR | PAXGUSDT | All connection attempts failed
2026-01-23 20:08:56 | INFO | SIGNAL_DETECTED | ADAUSDT | SWING_LOW | price=0.36 | direction=LONG | volume_zscore=0.00 | interval=1
2026-01-23 20:08:56 | INFO | SIGNAL_DETECTED | BTCUSDT | SWING_HIGH | price=89443.80 | direction=SHORT | volume_zscore=0.00 | interval=1
2026-01-23 20:08:56 | INFO | SIGNAL_DETECTED | DOGEUSDT | SWING_LOW | price=0.12 | direction=LONG | volume_zscore=0.00 | interval=1
2026-01-23 20:08:56 | INFO | SIGNAL_DETECTED | ETHUSDT | SWING_LOW | price=2951.38 | direction=LONG | volume_zscore=0.00 | interval=1
2026-01-23 20:08:57 | INFO | SIGNAL_DETECTED | TRBUSDT | SWING_LOW | price=20.02 | direction=LONG | volume_zscore=0.00 | interval=1
2026-01-23 20:08:57 | INFO | SIGNAL_DETECTED | SOLUSDT | SWING_LOW | price=127.25 | direction=LONG | volume_zscore=0.00 | interval=1
2026-01-23 20:08:59 | ERROR | ALERT_ERROR | BTCUSDT | All connection attempts failed
2026-01-23 20:08:59 | ERROR | ALERT_ERROR | DOGEUSDT | All connection attempts failed
2026-01-23 20:08:59 | ERROR | ALERT_ERROR | ETHUSDT | All connection attempts failed
2026-01-23 20:08:59 | ERROR | ALERT_ERROR | ADAUSDT | All connection attempts failed
2026-01-23 20:08:59 | ERROR | ALERT_ERROR | TRBUSDT | All connection attempts failed
2026-01-23 20:08:59 | ERROR | ALERT_ERROR | SOLUSDT | All connection attempts failed
2026-01-23 20:09:57 | INFO | SIGNAL_DETECTED | TRXUSDT | SWING_HIGH | price=0.30 | direction=SHORT | volume_zscore=0.00 | interval=1
2026-01-23 20:09:59 | ERROR | ALERT_ERROR | TRXUSDT | All connection attempts failed
2026-01-23 20:10:57 | INFO | SIGNAL_DETECTED | PAXGUSDT | SWING_HIGH | price=5022.10 | direction=SHORT | volume_zscore=0.00 | interval=1
2026-01-23 20:10:59 | ERROR | ALERT_ERROR | PAXGUSDT | All connection attempts failed
2026-01-23 20:12:56 | INFO | SIGNAL_DETECTED | ETHUSDT | SWING_HIGH | price=2952.94 | direction=SHORT | volume_zscore=0.00 | interval=1
2026-01-23 20:12:57 | INFO | SIGNAL_DETECTED | BNBUSDT | SWING_HIGH | price=889.30 | direction=SHORT | volume_zscore=0.00 | interval=1
2026-01-23 20:12:59 | ERROR | ALERT_ERROR | ETHUSDT | All connection attempts failed
2026-01-23 20:12:59 | ERROR | ALERT_ERROR | BNBUSDT | All connection attempts failed
2026-01-23 20:13:57 | INFO | SIGNAL_DETECTED | POLUSDT | SWING_LOW | price=0.13 | direction=LONG | volume_zscore=0.00 | interval=1
2026-01-23 20:13:57 | INFO | BLOCKED_ALERTS_DISABLED | POLUSDT | SWING_LOW | price=0.13
2026-01-23 20:16:56 | INFO | SIGNAL_DETECTED | BTCUSDT | SWING_HIGH | price=89464.10 | direction=SHORT | volume_zscore=0.00 | interval=1
2026-01-23 20:16:57 | INFO | SIGNAL_DETECTED | SUIUSDT | SWING_LOW | price=1.48 | direction=LONG | volume_zscore=0.00 | interval=1
2026-01-23 20:16:59 | ERROR | ALERT_ERROR | BTCUSDT | All connection attempts failed
2026-01-23 20:16:59 | ERROR | ALERT_ERROR | SUIUSDT | All connection attempts failed
2026-01-23 20:17:57 | INFO | SIGNAL_DETECTED | BNBUSDT | SWING_HIGH | price=889.50 | direction=SHORT | volume_zscore=0.00 | interval=1
2026-01-23 20:17:59 | ERROR | ALERT_ERROR | BNBUSDT | All connection attempts failed
2026-01-23 20:18:56 | INFO | SIGNAL_DETECTED | ETHUSDT | SWING_LOW | price=2952.18 | direction=LONG | volume_zscore=0.00 | interval=1
2026-01-23 20:18:57 | INFO | SIGNAL_DETECTED | TRBUSDT | SWING_LOW | price=19.99 | direction=LONG | volume_zscore=0.00 | interval=1
2026-01-23 20:18:57 | INFO | SIGNAL_DETECTED | PAXGUSDT | SWING_LOW | price=5017.70 | direction=LONG | volume_zscore=0.00 | interval=1
2026-01-23 20:18:57 | INFO | SIGNAL_DETECTED | POLUSDT | SWING_LOW | price=0.13 | direction=LONG | volume_zscore=0.00 | interval=1
2026-01-23 20:18:57 | INFO | BLOCKED_ALERTS_DISABLED | POLUSDT | SWING_LOW | price=0.13
2026-01-23 20:18:59 | ERROR | ALERT_ERROR | ETHUSDT | All connection attempts failed
2026-01-23 20:18:59 | ERROR | ALERT_ERROR | TRBUSDT | All connection attempts failed
2026-01-23 20:18:59 | ERROR | ALERT_ERROR | PAXGUSDT | All connection attempts failed
2026-01-23 21:22:56 | INFO | BLOCKED_HISTORICAL | ADAUSDT | SWING_LOW | price=0.36 | signal_ts=1769221200 | service_start=1769221367
2026-01-23 21:22:56 | INFO | BLOCKED_HISTORICAL | DOGEUSDT | SWING_LOW | price=0.12 | signal_ts=1769221200 | service_start=1769221367
2026-01-23 21:22:57 | INFO | BLOCKED_HISTORICAL | SUIUSDT | SWING_LOW | price=1.49 | signal_ts=1769221200 | service_start=1769221367
2026-01-23 21:26:02 | INFO | SIGNAL_DETECTED | ETHUSDT | SWING_LOW | price=2957.58 | direction=LONG | volume_zscore=0.00 | interval=1
2026-01-23 21:26:02 | INFO | SIGNAL_DETECTED | GALAUSDT | SWING_LOW | price=0.01 | direction=LONG | volume_zscore=0.00 | interval=1
2026-01-23 21:26:02 | INFO | SIGNAL_DETECTED | SOLUSDT | SWING_LOW | price=127.47 | direction=LONG | volume_zscore=0.00 | interval=1
2026-01-23 21:26:02 | INFO | SIGNAL_DETECTED | SUIUSDT | SWING_LOW | price=1.49 | direction=LONG | volume_zscore=0.00 | interval=1
2026-01-23 21:26:05 | ERROR | ALERT_ERROR | ETHUSDT | All connection attempts failed
2026-01-23 21:26:05 | ERROR | ALERT_ERROR | SOLUSDT | All connection attempts failed
2026-01-23 21:26:05 | ERROR | ALERT_ERROR | SUIUSDT | All connection attempts failed
2026-01-23 21:26:05 | ERROR | ALERT_ERROR | GALAUSDT | All connection attempts failed
2026-01-23 21:27:02 | INFO | SIGNAL_DETECTED | SOLUSDT | SWING_HIGH | price=127.52 | direction=SHORT | volume_zscore=0.00 | interval=1
2026-01-23 21:27:05 | ERROR | ALERT_ERROR | SOLUSDT | All connection attempts failed
2026-01-23 21:27:56 | INFO | SIGNAL_DETECTED | BTCUSDT | SWING_LOW | price=89564.00 | direction=LONG | volume_zscore=0.00 | interval=1
2026-01-23 21:28:04 | ERROR | ALERT_ERROR | BTCUSDT | All connection attempts failed
2026-01-23 21:29:02 | INFO | SIGNAL_DETECTED | TRBUSDT | SWING_LOW | price=20.02 | direction=LONG | volume_zscore=0.00 | interval=1
2026-01-23 21:29:05 | ERROR | ALERT_ERROR | TRBUSDT | All connection attempts failed
2026-01-23 21:29:56 | INFO | SIGNAL_DETECTED | ADAUSDT | SWING_HIGH | price=0.36 | direction=SHORT | volume_zscore=0.00 | interval=1
2026-01-23 21:30:02 | INFO | SIGNAL_DETECTED | DOGEUSDT | SWING_HIGH | price=0.12 | direction=SHORT | volume_zscore=0.00 | interval=1
2026-01-23 21:30:04 | ERROR | ALERT_ERROR | ADAUSDT | All connection attempts failed
2026-01-23 21:30:05 | ERROR | ALERT_ERROR | DOGEUSDT | All connection attempts failed
2026-01-23 21:31:57 | INFO | BLOCKED_HISTORICAL | PAXGUSDT | SWING_LOW | price=5021.00 | signal_ts=1769221740 | service_start=1769221907
2026-01-23 21:32:58 | INFO | BLOCKED_HISTORICAL | ETHUSDT | SWING_LOW | price=2958.96 | signal_ts=1769221800 | service_start=1769221907
2026-01-23 21:32:58 | INFO | BLOCKED_HISTORICAL | SOLUSDT | SWING_LOW | price=127.51 | signal_ts=1769221800 | service_start=1769221907
2026-01-23 21:32:58 | INFO | BLOCKED_HISTORICAL | BNBUSDT | SWING_LOW | price=891.50 | signal_ts=1769221800 | service_start=1769221907
2026-01-23 21:32:58 | INFO | BLOCKED_HISTORICAL | POLUSDT | SWING_LOW | price=0.13 | signal_ts=1769221800 | service_start=1769221907
2026-01-23 21:33:58 | INFO | SIGNAL_DETECTED | ETHUSDT | SWING_HIGH | price=2959.27 | direction=SHORT | volume_zscore=0.00 | interval=1
2026-01-23 21:33:58 | INFO | SIGNAL_DETECTED | TRBUSDT | SWING_HIGH | price=20.06 | direction=SHORT | volume_zscore=0.00 | interval=1
2026-01-23 21:33:58 | INFO | SIGNAL_DETECTED | SUIUSDT | SWING_HIGH | price=1.49 | direction=SHORT | volume_zscore=0.00 | interval=1
2026-01-23 21:33:58 | INFO | SIGNAL_DETECTED | POLUSDT | SWING_HIGH | price=0.13 | direction=SHORT | volume_zscore=0.00 | interval=1
2026-01-23 21:33:58 | INFO | BLOCKED_ALERTS_DISABLED | POLUSDT | SWING_HIGH | price=0.13
2026-01-23 21:34:01 | ERROR | ALERT_ERROR | SUIUSDT | All connection attempts failed
2026-01-23 21:34:01 | ERROR | ALERT_ERROR | TRBUSDT | All connection attempts failed
2026-01-23 21:34:01 | ERROR | ALERT_ERROR | ETHUSDT | All connection attempts failed
2026-01-23 21:34:58 | INFO | SIGNAL_DETECTED | TRBUSDT | SWING_LOW | price=20.02 | direction=LONG | volume_zscore=0.00 | interval=1
2026-01-23 21:35:00 | ERROR | ALERT_ERROR | TRBUSDT | All connection attempts failed
2026-01-23 21:35:56 | INFO | SIGNAL_DETECTED | ADAUSDT | SWING_HIGH | price=0.36 | direction=SHORT | volume_zscore=0.00 | interval=1
2026-01-23 21:35:56 | INFO | SIGNAL_DETECTED | BTCUSDT | SWING_HIGH | price=89612.10 | direction=SHORT | volume_zscore=0.00 | interval=1
2026-01-23 21:35:58 | INFO | SIGNAL_DETECTED | DOGEUSDT | SWING_LOW | price=0.12 | direction=LONG | volume_zscore=0.00 | interval=1
2026-01-23 21:36:00 | ERROR | ALERT_ERROR | ADAUSDT | All connection attempts failed
2026-01-23 21:36:00 | ERROR | ALERT_ERROR | BTCUSDT | All connection attempts failed
2026-01-23 21:36:00 | ERROR | ALERT_ERROR | DOGEUSDT | All connection attempts failed
2026-01-23 21:36:58 | INFO | SIGNAL_DETECTED | GALAUSDT | SWING_LOW | price=0.01 | direction=LONG | volume_zscore=0.00 | interval=1
2026-01-23 21:37:00 | ERROR | ALERT_ERROR | GALAUSDT | All connection attempts failed
2026-01-23 21:37:58 | INFO | SIGNAL_DETECTED | PAXGUSDT | SWING_HIGH | price=5023.40 | direction=SHORT | volume_zscore=0.00 | interval=1
2026-01-23 21:38:00 | ERROR | ALERT_ERROR | PAXGUSDT | All connection attempts failed
2026-01-23 21:39:57 | INFO | BLOCKED_HISTORICAL | ETHUSDT | SWING_LOW | price=2956.10 | signal_ts=1769222220 | service_start=1769222374
2026-01-23 21:39:58 | INFO | BLOCKED_HISTORICAL | XRPUSDT | SWING_LOW | price=1.92 | signal_ts=1769222220 | service_start=1769222374
2026-01-23 21:40:56 | INFO | BLOCKED_HISTORICAL | BTCUSDT | SWING_LOW | price=89584.50 | signal_ts=1769222160 | service_start=1769222374
2026-01-23 21:40:58 | INFO | BLOCKED_HISTORICAL | POLUSDT | SWING_LOW | price=0.13 | signal_ts=1769222280 | service_start=1769222374
2026-01-23 21:41:58 | INFO | SIGNAL_DETECTED | ETHUSDT | SWING_HIGH | price=2958.74 | direction=SHORT | volume_zscore=0.00 | interval=1
2026-01-23 21:41:58 | INFO | SIGNAL_DETECTED | SOLUSDT | SWING_HIGH | price=127.71 | direction=SHORT | volume_zscore=0.00 | interval=1
2026-01-23 21:41:58 | INFO | SIGNAL_DETECTED | BNBUSDT | SWING_HIGH | price=892.50 | direction=SHORT | volume_zscore=0.00 | interval=1
2026-01-23 21:41:58 | INFO | SIGNAL_DETECTED | POLUSDT | SWING_HIGH | price=0.13 | direction=SHORT | volume_zscore=0.00 | interval=1
2026-01-23 21:41:58 | INFO | BLOCKED_ALERTS_DISABLED | POLUSDT | SWING_HIGH | price=0.13
2026-01-23 21:42:01 | ERROR | ALERT_ERROR | BNBUSDT | All connection attempts failed
2026-01-23 21:42:01 | ERROR | ALERT_ERROR | ETHUSDT | All connection attempts failed
2026-01-23 21:42:01 | ERROR | ALERT_ERROR | SOLUSDT | All connection attempts failed
2026-01-23 21:42:58 | INFO | SIGNAL_DETECTED | TRXUSDT | SWING_HIGH | price=0.30 | direction=SHORT | volume_zscore=0.00 | interval=1
2026-01-23 21:43:00 | ERROR | ALERT_ERROR | TRXUSDT | All connection attempts failed
2026-01-23 21:43:58 | INFO | SIGNAL_DETECTED | SUIUSDT | SWING_HIGH | price=1.49 | direction=SHORT | volume_zscore=0.00 | interval=1
2026-01-23 21:44:00 | ERROR | ALERT_ERROR | SUIUSDT | All connection attempts failed
2026-01-23 21:45:58 | INFO | SIGNAL_DETECTED | TRBUSDT | SWING_LOW | price=20.03 | direction=LONG | volume_zscore=0.00 | interval=1
2026-01-23 21:46:01 | ERROR | ALERT_ERROR | TRBUSDT | All connection attempts failed
2026-01-23 21:48:56 | INFO | BLOCKED_HISTORICAL | BTCUSDT | SWING_HIGH | price=89642.60 | signal_ts=1769222640 | service_start=1769222919
2026-01-23 21:48:56 | INFO | BLOCKED_HISTORICAL | ETHUSDT | SWING_HIGH | price=2958.00 | signal_ts=1769222760 | service_start=1769222919
2026-01-23 21:48:57 | INFO | BLOCKED_HISTORICAL | SUIUSDT | SWING_LOW | price=1.49 | signal_ts=1769222760 | service_start=1769222919
2026-01-23 21:48:57 | INFO | BLOCKED_HISTORICAL | PAXGUSDT | SWING_LOW | price=5020.60 | signal_ts=1769222760 | service_start=1769222919
2026-01-23 21:49:59 | INFO | BLOCKED_HISTORICAL | TRBUSDT | SWING_HIGH | price=20.05 | signal_ts=1769222820 | service_start=1769222977
2026-01-23 21:49:59 | INFO | BLOCKED_HISTORICAL | TRXUSDT | SWING_HIGH | price=0.30 | signal_ts=1769222820 | service_start=1769222977
2026-01-23 21:50:58 | INFO | BLOCKED_HISTORICAL | ETHUSDT | SWING_LOW | price=2956.89 | signal_ts=1769222880 | service_start=1769222977
2026-01-23 21:51:56 | INFO | SIGNAL_DETECTED | ADAUSDT | SWING_HIGH | price=0.36 | direction=SHORT | volume_zscore=0.00 | interval=1
2026-01-23 21:51:58 | INFO | SIGNAL_DETECTED | SUIUSDT | SWING_HIGH | price=1.49 | direction=SHORT | volume_zscore=0.00 | interval=1
2026-01-23 21:51:58 | INFO | SIGNAL_DETECTED | PAXGUSDT | SWING_HIGH | price=5023.00 | direction=SHORT | volume_zscore=0.00 | interval=1
2026-01-23 21:52:00 | ERROR | ALERT_ERROR | ADAUSDT | All connection attempts failed
2026-01-23 21:52:00 | ERROR | ALERT_ERROR | SUIUSDT | All connection attempts failed
2026-01-23 21:52:00 | ERROR | ALERT_ERROR | PAXGUSDT | All connection attempts failed
2026-01-23 21:53:01 | INFO | SIGNAL_DETECTED | SUIUSDT | SWING_LOW | price=1.49 | direction=LONG | volume_zscore=0.00 | interval=1
2026-01-23 21:53:03 | ERROR | ALERT_ERROR | SUIUSDT | All connection attempts failed
2026-01-23 21:53:58 | INFO | SIGNAL_DETECTED | TRBUSDT | SWING_LOW | price=20.01 | direction=LONG | volume_zscore=0.00 | interval=1
2026-01-23 21:54:00 | ERROR | ALERT_ERROR | TRBUSDT | All connection attempts failed
2026-01-23 21:54:56 | INFO | SIGNAL_DETECTED | BTCUSDT | SWING_LOW | price=89606.70 | direction=LONG | volume_zscore=0.00 | interval=1
2026-01-23 21:54:58 | INFO | SIGNAL_DETECTED | DOGEUSDT | SWING_LOW | price=0.12 | direction=LONG | volume_zscore=0.00 | interval=1
2026-01-23 21:54:58 | INFO | SIGNAL_DETECTED | GALAUSDT | SWING_LOW | price=0.01 | direction=LONG | volume_zscore=0.00 | interval=1
2026-01-23 21:54:58 | INFO | SIGNAL_DETECTED | SUIUSDT | SWING_HIGH | price=1.49 | direction=SHORT | volume_zscore=0.00 | interval=1
2026-01-23 21:55:01 | ERROR | ALERT_ERROR | DOGEUSDT | All connection attempts failed
2026-01-23 21:55:01 | ERROR | ALERT_ERROR | BTCUSDT | All connection attempts failed
2026-01-23 21:55:01 | ERROR | ALERT_ERROR | SUIUSDT | All connection attempts failed
2026-01-23 21:55:01 | ERROR | ALERT_ERROR | GALAUSDT | All connection attempts failed
2026-01-23 21:55:56 | INFO | BLOCKED_HISTORICAL | ETHUSDT | SWING_LOW | price=2956.97 | signal_ts=1769223180 | service_start=1769223342
2026-01-23 21:55:57 | INFO | BLOCKED_HISTORICAL | PAXGUSDT | SWING_HIGH | price=5022.90 | signal_ts=1769223180 | service_start=1769223342
2026-01-23 21:56:58 | INFO | BLOCKED_HISTORICAL | ETHUSDT | SWING_HIGH | price=2957.44 | signal_ts=1769223240 | service_start=1769223342
2026-01-23 21:59:58 | INFO | SIGNAL_DETECTED | SOLUSDT | SWING_LOW | price=127.65 | direction=LONG | volume_zscore=0.00 | interval=1
2026-01-23 21:59:58 | INFO | SIGNAL_DETECTED | SUIUSDT | SWING_HIGH | price=1.49 | direction=SHORT | volume_zscore=0.00 | interval=1
2026-01-23 21:59:58 | INFO | SIGNAL_DETECTED | BNBUSDT | SWING_HIGH | price=892.40 | direction=SHORT | volume_zscore=0.00 | interval=1
2026-01-23 22:00:00 | ERROR | ALERT_ERROR | SOLUSDT | All connection attempts failed
2026-01-23 22:00:00 | ERROR | ALERT_ERROR | BNBUSDT | All connection attempts failed
2026-01-23 22:00:00 | ERROR | ALERT_ERROR | SUIUSDT | All connection attempts failed
2026-01-23 22:00:58 | INFO | SIGNAL_DETECTED | TRBUSDT | SWING_HIGH | price=20.03 | direction=SHORT | volume_zscore=0.00 | interval=1
2026-01-23 22:00:58 | INFO | SIGNAL_DETECTED | PAXGUSDT | SWING_LOW | price=5017.30 | direction=LONG | volume_zscore=0.00 | interval=1
2026-01-23 22:01:01 | ERROR | ALERT_ERROR | PAXGUSDT | All connection attempts failed
2026-01-23 22:01:01 | ERROR | ALERT_ERROR | TRBUSDT | All connection attempts failed
2026-01-23 22:01:58 | INFO | SIGNAL_DETECTED | TRXUSDT | SWING_LOW | price=0.30 | direction=LONG | volume_zscore=0.00 | interval=1
2026-01-23 22:02:01 | ERROR | ALERT_ERROR | TRXUSDT | All connection attempts failed
2026-01-23 22:02:56 | INFO | SIGNAL_DETECTED | ADAUSDT | SWING_HIGH | price=0.36 | direction=SHORT | volume_zscore=0.00 | interval=1
2026-01-23 22:02:58 | INFO | SIGNAL_DETECTED | POLUSDT | SWING_HIGH | price=0.13 | direction=SHORT | volume_zscore=0.00 | interval=1
2026-01-23 22:02:58 | INFO | BLOCKED_ALERTS_DISABLED | POLUSDT | SWING_HIGH | price=0.13
2026-01-23 22:03:00 | ERROR | ALERT_ERROR | ADAUSDT | All connection attempts failed
2026-01-23 22:03:56 | INFO | SIGNAL_DETECTED | ADAUSDT | SWING_LOW | price=0.36 | direction=LONG | volume_zscore=0.00 | interval=1
2026-01-23 22:03:58 | INFO | SIGNAL_DETECTED | DOGEUSDT | SWING_LOW | price=0.12 | direction=LONG | volume_zscore=0.00 | interval=1
2026-01-23 22:03:58 | INFO | SIGNAL_DETECTED | ETHUSDT | SWING_LOW | price=2957.37 | direction=LONG | volume_zscore=0.00 | interval=1
2026-01-23 22:03:58 | INFO | SIGNAL_DETECTED | XRPUSDT | SWING_LOW | price=1.92 | direction=LONG | volume_zscore=5.47 | interval=1
2026-01-23 22:03:58 | INFO | SIGNAL_DETECTED | TRBUSDT | SWING_LOW | price=20.00 | direction=LONG | volume_zscore=0.00 | interval=1
2026-01-23 22:03:58 | INFO | SIGNAL_DETECTED | SOLUSDT | SWING_LOW | price=127.60 | direction=LONG | volume_zscore=0.00 | interval=1
2026-01-23 22:03:58 | INFO | SIGNAL_DETECTED | SUIUSDT | SWING_LOW | price=1.49 | direction=LONG | volume_zscore=0.00 | interval=1
2026-01-23 22:03:58 | INFO | SIGNAL_DETECTED | BNBUSDT | SWING_LOW | price=891.80 | direction=LONG | volume_zscore=0.00 | interval=1
2026-01-23 22:03:58 | INFO | SIGNAL_DETECTED | POLUSDT | SWING_LOW | price=0.13 | direction=LONG | volume_zscore=0.00 | interval=1
2026-01-23 22:03:58 | INFO | BLOCKED_ALERTS_DISABLED | POLUSDT | SWING_LOW | price=0.13
2026-01-23 22:04:00 | ERROR | ALERT_ERROR | ADAUSDT | All connection attempts failed
2026-01-23 22:04:00 | ERROR | ALERT_ERROR | DOGEUSDT | All connection attempts failed
2026-01-23 22:04:01 | ERROR | ALERT_ERROR | SUIUSDT | All connection attempts failed
2026-01-23 22:04:01 | ERROR | ALERT_ERROR | SOLUSDT | All connection attempts failed
2026-01-23 22:04:01 | ERROR | ALERT_ERROR | XRPUSDT | All connection attempts failed
2026-01-23 22:04:01 | ERROR | ALERT_ERROR | TRBUSDT | All connection attempts failed
2026-01-23 22:04:01 | ERROR | ALERT_ERROR | BNBUSDT | All connection attempts failed
2026-01-23 22:04:01 | ERROR | ALERT_ERROR | ETHUSDT | All connection attempts failed
2026-01-23 22:06:57 | INFO | BLOCKED_HISTORICAL | ETHUSDT | SWING_HIGH | price=2963.07 | signal_ts=1769223840 | service_start=1769223972
2026-01-23 22:08:01 | INFO | BLOCKED_HISTORICAL | POLUSDT | SWING_HIGH | price=0.13 | signal_ts=1769223900 | service_start=1769223972
2026-01-23 22:09:03 | INFO | SIGNAL_DETECTED | DOGEUSDT | SWING_HIGH | price=0.12 | direction=SHORT | volume_zscore=0.00 | interval=1
2026-01-23 22:09:06 | ERROR | ALERT_ERROR | DOGEUSDT | All connection attempts failed
2026-01-23 22:12:58 | INFO | SIGNAL_DETECTED | SUIUSDT | SWING_LOW | price=1.49 | direction=LONG | volume_zscore=0.00 | interval=1
2026-01-23 22:13:00 | ERROR | ALERT_ERROR | SUIUSDT | All connection attempts failed
2026-01-23 22:15:58 | INFO | BLOCKED_HISTORICAL | BNBUSDT | SWING_HIGH | price=892.80 | signal_ts=1769224380 | service_start=1769224496
2026-01-23 22:16:58 | INFO | SIGNAL_DETECTED | SOLUSDT | SWING_HIGH | price=127.90 | direction=SHORT | volume_zscore=0.00 | interval=1
2026-01-23 22:17:00 | ERROR | ALERT_ERROR | SOLUSDT | All connection attempts failed
