:8000/api/drawings/BTCUSDT:1  Failed to load resource: net::ERR_CONNECTION_REFUSED
:8000/api/swing/status:1  Failed to load resource: net::ERR_CONNECTION_REFUSED
:8000/api/swing/status:1  Failed to load resource: net::ERR_CONNECTION_REFUSED
:8000/api/swing/status:1  Failed to load resource: net::ERR_CONNECTION_REFUSED
:8000/api/drawings/DOGEUSDT:1  Failed to load resource: net::ERR_CONNECTION_REFUSED
:8000/api/drawings/ADAUSDT:1  Failed to load resource: net::ERR_CONNECTION_REFUSED
:8000/api/drawings/SOLUSDT:1  Failed to load resource: net::ERR_CONNECTION_REFUSED
:8000/api/drawings/TRBUSDT:1  Failed to load resource: net::ERR_CONNECTION_REFUSED
:8000/api/drawings/SUIUSDT:1  Failed to load resource: net::ERR_CONNECTION_REFUSED
:8000/api/drawings/GALAUSDT:1  Failed to load resource: net::ERR_CONNECTION_REFUSED
:8000/api/drawings/TRXUSDT:1  Failed to load resource: net::ERR_CONNECTION_REFUSED
:8000/api/drawings/DOGEUSDT:1  Failed to load resource: net::ERR_CONNECTION_REFUSED
:8000/api/drawings/ADAUSDT:1  Failed to load resource: net::ERR_CONNECTION_REFUSED
:8000/api/drawings/SOLUSDT:1  Failed to load resource: net::ERR_CONNECTION_REFUSED
:8000/api/status:1  Failed to load resource: net::ERR_CONNECTION_REFUSED
:8000/api/drawings/TRBUSDT:1  Failed to load resource: net::ERR_CONNECTION_REFUSED
:8000/api/drawings/SUIUSDT:1  Failed to load resource: net::ERR_CONNECTION_REFUSED
:8000/api/drawings/GALAUSDT:1  Failed to load resource: net::ERR_CONNECTION_REFUSED
:8000/api/drawings/TRXUSDT:1  Failed to load resource: net::ERR_CONNECTION_REFUSED
:8000/api/drawings/XRPUSDT:1  Failed to load resource: net::ERR_CONNECTION_REFUSED
:8000/api/drawings/ETHUSDT:1  Failed to load resource: net::ERR_CONNECTION_REFUSED
:8000/api/drawings/BTCUSDT:1  Failed to load resource: net::ERR_CONNECTION_REFUSED
:8000/api/drawings/XRPUSDT:1  Failed to load resource: net::ERR_CONNECTION_REFUSED
:8000/api/drawings/ETHUSDT:1  Failed to load resource: net::ERR_CONNECTION_REFUSED
:8000/api/drawings/DOGEUSDT:1  Failed to load resource: net::ERR_CONNECTION_REFUSED
:8000/api/drawings/ADAUSDT:1  Failed to load resource: net::ERR_CONNECTION_REFUSED
:8000/api/drawings/SOLUSDT:1  Failed to load resource: net::ERR_CONNECTION_REFUSED
:8000/api/drawings/TRBUSDT:1  Failed to load resource: net::ERR_CONNECTION_REFUSED
:8000/api/drawings/SUIUSDT:1  Failed to load resource: net::ERR_CONNECTION_REFUSED
:8000/api/drawings/GALAUSDT:1  Failed to load resource: net::ERR_CONNECTION_REFUSED
:8000/api/drawings/TRXUSDT:1  Failed to load resource: net::ERR_CONNECTION_REFUSED
:8000/api/drawings/XRPUSDT:1  Failed to load resource: net::ERR_CONNECTION_REFUSED
:8000/api/drawings/ETHUSDT:1  Failed to load resource: net::ERR_CONNECTION_REFUSED
:8000/api/drawings/BTCUSDT:1  Failed to load resource: net::ERR_CONNECTION_REFUSED
:8000/api/drawings/BTCUSDT:1  Failed to load resource: net::ERR_CONNECTION_REFUSED
:8000/api/swing/status:1  Failed to load resource: net::ERR_CONNECTION_REFUSED
:8000/api/swing/status:1  Failed to load resource: net::ERR_CONNECTION_REFUSED
:8000/api/swing/status:1  Failed to load resource: net::ERR_CONNECTION_REFUSED
:8000/api/swing/status:1  Failed to load resource: net::ERR_CONNECTION_REFUSED
:8000/api/swing/status:1  Failed to load resource: net::ERR_CONNECTION_REFUSED
:8000/api/swing/status:1  Failed to load resource: net::ERR_CONNECTION_REFUSED
:8000/api/swing/status:1  Failed to load resource: net::ERR_CONNECTION_REFUSED
:8000/api/swing/status:1  Failed to load resource: net::ERR_CONNECTION_REFUSED
:8000/api/swing/status:1  Failed to load resource: net::ERR_CONNECTION_REFUSED
:8000/api/swing/status:1  Failed to load resource: net::ERR_CONNECTION_REFUSED
:8000/api/swing/status:1  Failed to load resource: net::ERR_CONNECTION_REFUSED
:8000/api/swing/status:1  Failed to load resource: net::ERR_CONNECTION_REFUSED
:8000/api/swing/status:1  Failed to load resource: net::ERR_CONNECTION_REFUSED
:8000/api/swing/status:1  Failed to load resource: net::ERR_CONNECTION_REFUSED
:8000/api/swing/status:1  Failed to load resource: net::ERR_CONNECTION_REFUSED
:8000/api/swing/status:1  Failed to load resource: net::ERR_CONNECTION_REFUSED
:8000/api/swing/status:1  Failed to load resource: net::ERR_CONNECTION_REFUSED
:8000/api/swing/status:1  Failed to load resource: net::ERR_CONNECTION_REFUSED
:8000/api/swing/status:1  Failed to load resource: net::ERR_CONNECTION_REFUSED
:8000/api/swing/status:1  Failed to load resource: net::ERR_CONNECTION_REFUSED
:8000/api/swing/status:1  Failed to load resource: net::ERR_CONNECTION_REFUSED
:8000/api/swing/status:1  Failed to load resource: net::ERR_CONNECTION_REFUSED
:8000/api/swing/status:1  Failed to load resource: net::ERR_CONNECTION_REFUSED
:8000/api/swing/status:1  Failed to load resource: net::ERR_CONNECTION_REFUSED
:8000/api/swing/status:1  Failed to load resource: net::ERR_CONNECTION_REFUSED
:8000/api/swing/status:1  Failed to load resource: net::ERR_CONNECTION_REFUSED
:8000/api/swing/status:1  Failed to load resource: net::ERR_CONNECTION_REFUSED
:8000/api/swing/status:1  Failed to load resource: net::ERR_CONNECTION_REFUSED
:8000/api/swing/status:1  Failed to load resource: net::ERR_CONNECTION_REFUSED
:8000/api/swing/status:1  Failed to load resource: net::ERR_CONNECTION_REFUSED
:8000/api/swing/status:1  Failed to load resource: net::ERR_CONNECTION_REFUSED
:8000/api/swing/status:1  Failed to load resource: net::ERR_CONNECTION_REFUSED
:8000/api/swing/status:1  Failed to load resource: net::ERR_CONNECTION_REFUSED
:8000/api/drawings/DOGEUSDT:1  Failed to load resource: net::ERR_CONNECTION_REFUSED
:8000/api/drawings/ADAUSDT:1  Failed to load resource: net::ERR_CONNECTION_REFUSED
:8000/api/drawings/SOLUSDT:1  Failed to load resource: net::ERR_CONNECTION_REFUSED
:8000/api/drawings/TRBUSDT:1  Failed to load resource: net::ERR_CONNECTION_REFUSED
 ❌ [6:13:08 p. m.] [MiniChart] Error loading drawings for TRBUSDT: 
error @ Logger.js:63
:8000/api/drawings/SUIUSDT:1  Failed to load resource: net::ERR_CONNECTION_REFUSED
 ❌ [6:13:08 p. m.] [MiniChart] Error loading drawings for SUIUSDT: 
error @ Logger.js:63
:8000/api/drawings/GALAUSDT:1  Failed to load resource: net::ERR_CONNECTION_REFUSED
 ❌ [6:13:08 p. m.] [MiniChart] Error loading drawings for GALAUSDT: 
error @ Logger.js:63
:8000/api/drawings/TRXUSDT:1  Failed to load resource: net::ERR_CONNECTION_REFUSED
 ❌ [6:13:08 p. m.] [MiniChart] Error loading drawings for TRXUSDT: 
error @ Logger.js:63
:8000/api/drawings/XRPUSDT:1  Failed to load resource: net::ERR_CONNECTION_REFUSED
 ❌ [6:13:08 p. m.] [MiniChart] Error loading drawings for XRPUSDT: 
error @ Logger.js:63
:8000/api/drawings/ETHUSDT:1  Failed to load resource: net::ERR_CONNECTION_REFUSED
 ❌ [6:13:08 p. m.] [MiniChart] Error loading drawings for ETHUSDT: 
error @ Logger.js:63
:8000/api/drawings/BTCUSDT:1  Failed to load resource: net::ERR_CONNECTION_REFUSED
 ❌ [6:13:08 p. m.] [MiniChart] Error loading drawings for BTCUSDT: 
error @ Logger.js:63
:8000/api/swing/status:1  Failed to load resource: net::ERR_CONNECTION_REFUSED
 [TRBUSDT] SwingDetector status error: 
fetchStatus @ SwingDetectorIndicator.js:191
:8000/api/swing/status:1  Failed to load resource: net::ERR_CONNECTION_REFUSED
 [SUIUSDT] SwingDetector status error: 
fetchStatus @ SwingDetectorIndicator.js:191
:8000/api/drawings/DOGEUSDT:1  Failed to load resource: net::ERR_CONNECTION_REFUSED
 ❌ [6:13:11 p. m.] [MiniChart] Error loading drawings for DOGEUSDT: 
error @ Logger.js:63
:8000/api/drawings/ADAUSDT:1  Failed to load resource: net::ERR_CONNECTION_REFUSED
 ❌ [6:13:11 p. m.] [MiniChart] Error loading drawings for ADAUSDT: 
error @ Logger.js:63
:8000/api/drawings/SOLUSDT:1  Failed to load resource: net::ERR_CONNECTION_REFUSED
 ❌ [6:13:11 p. m.] [MiniChart] Error loading drawings for SOLUSDT: 
error @ Logger.js:63
:8000/api/drawings/TRBUSDT:1  Failed to load resource: net::ERR_CONNECTION_REFUSED
 ❌ [6:13:11 p. m.] [MiniChart] Error loading drawings for TRBUSDT: 
error @ Logger.js:63
:8000/api/drawings/SUIUSDT:1  Failed to load resource: net::ERR_CONNECTION_REFUSED
 ❌ [6:13:11 p. m.] [MiniChart] Error loading drawings for SUIUSDT: 
error @ Logger.js:63
:8000/api/drawings/GALAUSDT:1  Failed to load resource: net::ERR_CONNECTION_REFUSED
 ❌ [6:13:11 p. m.] [MiniChart] Error loading drawings for GALAUSDT: 
error @ Logger.js:63
:8000/api/drawings/TRXUSDT:1  Failed to load resource: net::ERR_CONNECTION_REFUSED
 ❌ [6:13:11 p. m.] [MiniChart] Error loading drawings for TRXUSDT: 
error @ Logger.js:63
:8000/api/drawings/XRPUSDT:1  Failed to load resource: net::ERR_CONNECTION_REFUSED
 ❌ [6:13:11 p. m.] [MiniChart] Error loading drawings for XRPUSDT: 
error @ Logger.js:63
:8000/api/drawings/ETHUSDT:1  Failed to load resource: net::ERR_CONNECTION_REFUSED
 ❌ [6:13:11 p. m.] [MiniChart] Error loading drawings for ETHUSDT: 
error @ Logger.js:63
:8000/api/drawings/BTCUSDT:1  Failed to load resource: net::ERR_CONNECTION_REFUSED
 ❌ [6:13:11 p. m.] [MiniChart] Error loading drawings for BTCUSDT: 
error @ Logger.js:63
:8000/api/drawings/DOGEUSDT:1  Failed to load resource: net::ERR_CONNECTION_REFUSED
 ❌ [6:13:14 p. m.] [MiniChart] Error loading drawings for DOGEUSDT: 
error @ Logger.js:63
:8000/api/drawings/ADAUSDT:1  Failed to load resource: net::ERR_CONNECTION_REFUSED
 ❌ [6:13:14 p. m.] [MiniChart] Error loading drawings for ADAUSDT: 
error @ Logger.js:63
:8000/api/drawings/SOLUSDT:1  Failed to load resource: net::ERR_CONNECTION_REFUSED
 ❌ [6:13:14 p. m.] [MiniChart] Error loading drawings for SOLUSDT: 
error @ Logger.js:63
:8000/api/drawings/TRBUSDT:1  Failed to load resource: net::ERR_CONNECTION_REFUSED
 ❌ [6:13:14 p. m.] [MiniChart] Error loading drawings for TRBUSDT: 
error @ Logger.js:63
:8000/api/drawings/SUIUSDT:1  Failed to load resource: net::ERR_CONNECTION_REFUSED
 ❌ [6:13:14 p. m.] [MiniChart] Error loading drawings for SUIUSDT: 
error @ Logger.js:63
:8000/api/drawings/GALAUSDT:1  Failed to load resource: net::ERR_CONNECTION_REFUSED
 ❌ [6:13:14 p. m.] [MiniChart] Error loading drawings for GALAUSDT: 
error @ Logger.js:63
:8000/api/drawings/TRXUSDT:1  Failed to load resource: net::ERR_CONNECTION_REFUSED
 ❌ [6:13:14 p. m.] [MiniChart] Error loading drawings for TRXUSDT: 
error @ Logger.js:63
:8000/api/drawings/XRPUSDT:1  Failed to load resource: net::ERR_CONNECTION_REFUSED
 ❌ [6:13:14 p. m.] [MiniChart] Error loading drawings for XRPUSDT: 
error @ Logger.js:63
:8000/api/drawings/ETHUSDT:1  Failed to load resource: net::ERR_CONNECTION_REFUSED
 ❌ [6:13:14 p. m.] [MiniChart] Error loading drawings for ETHUSDT: 
error @ Logger.js:63
:8000/api/drawings/BTCUSDT:1  Failed to load resource: net::ERR_CONNECTION_REFUSED
 ❌ [6:13:14 p. m.] [MiniChart] Error loading drawings for BTCUSDT: 
error @ Logger.js:63
:8000/api/drawings/DOGEUSDT:1  Failed to load resource: net::ERR_CONNECTION_REFUSED
 ❌ [6:13:17 p. m.] [MiniChart] Error loading drawings for DOGEUSDT: 
error @ Logger.js:63
:8000/api/drawings/ADAUSDT:1  Failed to load resource: net::ERR_CONNECTION_REFUSED
 ❌ [6:13:17 p. m.] [MiniChart] Error loading drawings for ADAUSDT: 
error @ Logger.js:63
:8000/api/drawings/SOLUSDT:1  Failed to load resource: net::ERR_CONNECTION_REFUSED
 ❌ [6:13:17 p. m.] [MiniChart] Error loading drawings for SOLUSDT: 
error @ Logger.js:63
:8000/api/drawings/TRBUSDT:1  Failed to load resource: net::ERR_CONNECTION_REFUSED
 ❌ [6:13:17 p. m.] [MiniChart] Error loading drawings for TRBUSDT: 
error @ Logger.js:63
:8000/api/drawings/SUIUSDT:1  Failed to load resource: net::ERR_CONNECTION_REFUSED
 ❌ [6:13:17 p. m.] [MiniChart] Error loading drawings for SUIUSDT: 
error @ Logger.js:63
:8000/api/drawings/GALAUSDT:1  Failed to load resource: net::ERR_CONNECTION_REFUSED
 ❌ [6:13:17 p. m.] [MiniChart] Error loading drawings for GALAUSDT: 
error @ Logger.js:63
:8000/api/drawings/TRXUSDT:1  Failed to load resource: net::ERR_CONNECTION_REFUSED
 ❌ [6:13:17 p. m.] [MiniChart] Error loading drawings for TRXUSDT: 
error @ Logger.js:63
:8000/api/drawings/XRPUSDT:1  Failed to load resource: net::ERR_CONNECTION_REFUSED
 ❌ [6:13:17 p. m.] [MiniChart] Error loading drawings for XRPUSDT: 
error @ Logger.js:63
:8000/api/drawings/ETHUSDT:1  Failed to load resource: net::ERR_CONNECTION_REFUSED
 ❌ [6:13:17 p. m.] [MiniChart] Error loading drawings for ETHUSDT: 
error @ Logger.js:63
:8000/api/drawings/BTCUSDT:1  Failed to load resource: net::ERR_CONNECTION_REFUSED
 ❌ [6:13:17 p. m.] [MiniChart] Error loading drawings for BTCUSDT: 
error @ Logger.js:63
:8000/api/drawings/DOGEUSDT:1  Failed to load resource: net::ERR_CONNECTION_REFUSED
 ❌ [6:13:20 p. m.] [MiniChart] Error loading drawings for DOGEUSDT: 
error @ Logger.js:63
:8000/api/drawings/ADAUSDT:1  Failed to load resource: net::ERR_CONNECTION_REFUSED
 ❌ [6:13:20 p. m.] [MiniChart] Error loading drawings for ADAUSDT: 
error @ Logger.js:63
:8000/api/drawings/SOLUSDT:1  Failed to load resource: net::ERR_CONNECTION_REFUSED
 ❌ [6:13:20 p. m.] [MiniChart] Error loading drawings for SOLUSDT: 
error @ Logger.js:63
:8000/api/drawings/TRBUSDT:1  Failed to load resource: net::ERR_CONNECTION_REFUSED
 ❌ [6:13:20 p. m.] [MiniChart] Error loading drawings for TRBUSDT: 
error @ Logger.js:63
:8000/api/drawings/SUIUSDT:1  Failed to load resource: net::ERR_CONNECTION_REFUSED
 ❌ [6:13:20 p. m.] [MiniChart] Error loading drawings for SUIUSDT: 
error @ Logger.js:63
:8000/api/drawings/GALAUSDT:1  Failed to load resource: net::ERR_CONNECTION_REFUSED
 ❌ [6:13:20 p. m.] [MiniChart] Error loading drawings for GALAUSDT: 
error @ Logger.js:63
:8000/api/drawings/TRXUSDT:1  Failed to load resource: net::ERR_CONNECTION_REFUSED
 ❌ [6:13:20 p. m.] [MiniChart] Error loading drawings for TRXUSDT: 
error @ Logger.js:63
:8000/api/drawings/XRPUSDT:1  Failed to load resource: net::ERR_CONNECTION_REFUSED
 ❌ [6:13:20 p. m.] [MiniChart] Error loading drawings for XRPUSDT: 
error @ Logger.js:63
:8000/api/drawings/ETHUSDT:1  Failed to load resource: net::ERR_CONNECTION_REFUSED
 ❌ [6:13:20 p. m.] [MiniChart] Error loading drawings for ETHUSDT: 
error @ Logger.js:63
:8000/api/drawings/BTCUSDT:1  Failed to load resource: net::ERR_CONNECTION_REFUSED
 ❌ [6:13:20 p. m.] [MiniChart] Error loading drawings for BTCUSDT: 
error @ Logger.js:63
:8000/api/realtime/alerts/history?limit=100:1  Failed to load resource: net::ERR_CONNECTION_REFUSED
 Error loading alerts from backend, falling back to localStorage: 
(anonymous) @ useGlobalAlerts.js:73
:8000/api/realtime/alerts/history?limit=100:1  Failed to load resource: net::ERR_CONNECTION_REFUSED
 Error loading alerts from backend, falling back to localStorage: 
(anonymous) @ useGlobalAlerts.js:73
:8000/api/drawings/DOGEUSDT:1  Failed to load resource: net::ERR_CONNECTION_REFUSED
 ❌ [6:13:23 p. m.] [MiniChart] Error loading drawings for DOGEUSDT: 
error @ Logger.js:63
:8000/api/drawings/ADAUSDT:1  Failed to load resource: net::ERR_CONNECTION_REFUSED
 ❌ [6:13:23 p. m.] [MiniChart] Error loading drawings for ADAUSDT: 
error @ Logger.js:63
:8000/api/drawings/SOLUSDT:1  Failed to load resource: net::ERR_CONNECTION_REFUSED
 ❌ [6:13:23 p. m.] [MiniChart] Error loading drawings for SOLUSDT: 
error @ Logger.js:63
:8000/api/drawings/TRBUSDT:1  Failed to load resource: net::ERR_CONNECTION_REFUSED
 ❌ [6:13:23 p. m.] [MiniChart] Error loading drawings for TRBUSDT: 
error @ Logger.js:63
:8000/api/drawings/SUIUSDT:1  Failed to load resource: net::ERR_CONNECTION_REFUSED
 ❌ [6:13:23 p. m.] [MiniChart] Error loading drawings for SUIUSDT: 
error @ Logger.js:63
:8000/api/drawings/GALAUSDT:1  Failed to load resource: net::ERR_CONNECTION_REFUSED
 ❌ [6:13:23 p. m.] [MiniChart] Error loading drawings for GALAUSDT: 
error @ Logger.js:63
:8000/api/drawings/TRXUSDT:1  Failed to load resource: net::ERR_CONNECTION_REFUSED
 ❌ [6:13:23 p. m.] [MiniChart] Error loading drawings for TRXUSDT: 
error @ Logger.js:63
:8000/api/drawings/XRPUSDT:1  Failed to load resource: net::ERR_CONNECTION_REFUSED
 ❌ [6:13:23 p. m.] [MiniChart] Error loading drawings for XRPUSDT: 
error @ Logger.js:63
:8000/api/drawings/ETHUSDT:1  Failed to load resource: net::ERR_CONNECTION_REFUSED
 ❌ [6:13:23 p. m.] [MiniChart] Error loading drawings for ETHUSDT: 
error @ Logger.js:63
:8000/api/drawings/BTCUSDT:1  Failed to load resource: net::ERR_CONNECTION_REFUSED
 ❌ [6:13:23 p. m.] [MiniChart] Error loading drawings for BTCUSDT: 
error @ Logger.js:63
:8000/api/drawings/DOGEUSDT:1  Failed to load resource: net::ERR_CONNECTION_REFUSED
 ❌ [6:13:26 p. m.] [MiniChart] Error loading drawings for DOGEUSDT: 
error @ Logger.js:63
:8000/api/drawings/ADAUSDT:1  Failed to load resource: net::ERR_CONNECTION_REFUSED
 ❌ [6:13:26 p. m.] [MiniChart] Error loading drawings for ADAUSDT: 
error @ Logger.js:63
:8000/api/drawings/SOLUSDT:1  Failed to load resource: net::ERR_CONNECTION_REFUSED
 ❌ [6:13:26 p. m.] [MiniChart] Error loading drawings for SOLUSDT: 
error @ Logger.js:63
:8000/api/drawings/TRBUSDT:1  Failed to load resource: net::ERR_CONNECTION_REFUSED
 ❌ [6:13:26 p. m.] [MiniChart] Error loading drawings for TRBUSDT: 
error @ Logger.js:63
:8000/api/drawings/SUIUSDT:1  Failed to load resource: net::ERR_CONNECTION_REFUSED
 ❌ [6:13:26 p. m.] [MiniChart] Error loading drawings for SUIUSDT: 
error @ Logger.js:63
:8000/api/drawings/GALAUSDT:1  Failed to load resource: net::ERR_CONNECTION_REFUSED
 ❌ [6:13:26 p. m.] [MiniChart] Error loading drawings for GALAUSDT: 
error @ Logger.js:63
:8000/api/drawings/TRXUSDT:1  Failed to load resource: net::ERR_CONNECTION_REFUSED
 ❌ [6:13:26 p. m.] [MiniChart] Error loading drawings for TRXUSDT: 
error @ Logger.js:63
:8000/api/drawings/XRPUSDT:1  Failed to load resource: net::ERR_CONNECTION_REFUSED
 ❌ [6:13:26 p. m.] [MiniChart] Error loading drawings for XRPUSDT: 
error @ Logger.js:63
:8000/api/drawings/ETHUSDT:1  Failed to load resource: net::ERR_CONNECTION_REFUSED
 ❌ [6:13:26 p. m.] [MiniChart] Error loading drawings for ETHUSDT: 
error @ Logger.js:63
:8000/api/drawings/BTCUSDT:1  Failed to load resource: net::ERR_CONNECTION_REFUSED
 ❌ [6:13:26 p. m.] [MiniChart] Error loading drawings for BTCUSDT: 
error @ Logger.js:63
:8000/api/drawings/DOGEUSDT:1  Failed to load resource: net::ERR_CONNECTION_REFUSED
 ❌ [6:13:29 p. m.] [MiniChart] Error loading drawings for DOGEUSDT: 
error @ Logger.js:63
:8000/api/drawings/ADAUSDT:1  Failed to load resource: net::ERR_CONNECTION_REFUSED
 ❌ [6:13:29 p. m.] [MiniChart] Error loading drawings for ADAUSDT: 
error @ Logger.js:63
:8000/api/drawings/SOLUSDT:1  Failed to load resource: net::ERR_CONNECTION_REFUSED
 ❌ [6:13:29 p. m.] [MiniChart] Error loading drawings for SOLUSDT: 
error @ Logger.js:63
:8000/api/drawings/TRBUSDT:1  Failed to load resource: net::ERR_CONNECTION_REFUSED
 ❌ [6:13:29 p. m.] [MiniChart] Error loading drawings for TRBUSDT: 
error @ Logger.js:63
:8000/api/drawings/SUIUSDT:1  Failed to load resource: net::ERR_CONNECTION_REFUSED
 ❌ [6:13:29 p. m.] [MiniChart] Error loading drawings for SUIUSDT: 
error @ Logger.js:63
:8000/api/drawings/GALAUSDT:1  Failed to load resource: net::ERR_CONNECTION_REFUSED
 ❌ [6:13:29 p. m.] [MiniChart] Error loading drawings for GALAUSDT: 
error @ Logger.js:63
:8000/api/drawings/TRXUSDT:1  Failed to load resource: net::ERR_CONNECTION_REFUSED
 ❌ [6:13:29 p. m.] [MiniChart] Error loading drawings for TRXUSDT: 
error @ Logger.js:63
:8000/api/drawings/XRPUSDT:1  Failed to load resource: net::ERR_CONNECTION_REFUSED
 ❌ [6:13:29 p. m.] [MiniChart] Error loading drawings for XRPUSDT: 
error @ Logger.js:63
:8000/api/drawings/ETHUSDT:1  Failed to load resource: net::ERR_CONNECTION_REFUSED
 ❌ [6:13:29 p. m.] [MiniChart] Error loading drawings for ETHUSDT: 
error @ Logger.js:63
:8000/api/drawings/BTCUSDT:1  Failed to load resource: net::ERR_CONNECTION_REFUSED
 ❌ [6:13:29 p. m.] [MiniChart] Error loading drawings for BTCUSDT: 
error @ Logger.js:63
:8000/api/status:1  Failed to load resource: net::ERR_CONNECTION_REFUSED
:8000/api/drawings/DOGEUSDT:1  Failed to load resource: net::ERR_CONNECTION_REFUSED
 ❌ [6:13:32 p. m.] [MiniChart] Error loading drawings for DOGEUSDT: 
error @ Logger.js:63
:8000/api/drawings/ADAUSDT:1  Failed to load resource: net::ERR_CONNECTION_REFUSED
 ❌ [6:13:32 p. m.] [MiniChart] Error loading drawings for ADAUSDT: 
error @ Logger.js:63
:8000/api/drawings/SOLUSDT:1  Failed to load resource: net::ERR_CONNECTION_REFUSED
 ❌ [6:13:32 p. m.] [MiniChart] Error loading drawings for SOLUSDT: 
error @ Logger.js:63
:8000/api/drawings/TRBUSDT:1  Failed to load resource: net::ERR_CONNECTION_REFUSED
 ❌ [6:13:32 p. m.] [MiniChart] Error loading drawings for TRBUSDT: 
error @ Logger.js:63
:8000/api/drawings/SUIUSDT:1  Failed to load resource: net::ERR_CONNECTION_REFUSED
 ❌ [6:13:32 p. m.] [MiniChart] Error loading drawings for SUIUSDT: 
error @ Logger.js:63
:8000/api/drawings/GALAUSDT:1  Failed to load resource: net::ERR_CONNECTION_REFUSED
 ❌ [6:13:32 p. m.] [MiniChart] Error loading drawings for GALAUSDT: 
error @ Logger.js:63
:8000/api/drawings/TRXUSDT:1  Failed to load resource: net::ERR_CONNECTION_REFUSED
 ❌ [6:13:32 p. m.] [MiniChart] Error loading drawings for TRXUSDT: 
error @ Logger.js:63
:8000/api/drawings/XRPUSDT:1  Failed to load resource: net::ERR_CONNECTION_REFUSED
 ❌ [6:13:32 p. m.] [MiniChart] Error loading drawings for XRPUSDT: 
error @ Logger.js:63
:8000/api/drawings/ETHUSDT:1  Failed to load resource: net::ERR_CONNECTION_REFUSED
 ❌ [6:13:32 p. m.] [MiniChart] Error loading drawings for ETHUSDT: 
error @ Logger.js:63
:8000/api/drawings/DOGEUSDT:1  Failed to load resource: net::ERR_CONNECTION_REFUSED
 ❌ [6:13:33 p. m.] [MiniChart] Error loading drawings for DOGEUSDT: 
error @ Logger.js:63
:8000/api/drawings/ADAUSDT:1  Failed to load resource: net::ERR_CONNECTION_REFUSED
 ❌ [6:13:35 p. m.] [MiniChart] Error loading drawings for ADAUSDT: 
error @ Logger.js:63
:8000/api/drawings/SOLUSDT:1  Failed to load resource: net::ERR_CONNECTION_REFUSED
 ❌ [6:13:35 p. m.] [MiniChart] Error loading drawings for SOLUSDT: 
error @ Logger.js:63
:8000/api/drawings/TRBUSDT:1  Failed to load resource: net::ERR_CONNECTION_REFUSED
 ❌ [6:13:35 p. m.] [MiniChart] Error loading drawings for TRBUSDT: 
error @ Logger.js:63
:8000/api/drawings/SUIUSDT:1  Failed to load resource: net::ERR_CONNECTION_REFUSED
 ❌ [6:13:35 p. m.] [MiniChart] Error loading drawings for SUIUSDT: 
error @ Logger.js:63
:8000/api/drawings/GALAUSDT:1  Failed to load resource: net::ERR_CONNECTION_REFUSED
 ❌ [6:13:35 p. m.] [MiniChart] Error loading drawings for GALAUSDT: 
error @ Logger.js:63
:8000/api/drawings/TRXUSDT:1  Failed to load resource: net::ERR_CONNECTION_REFUSED
 ❌ [6:13:35 p. m.] [MiniChart] Error loading drawings for TRXUSDT: 
error @ Logger.js:63
:8000/api/drawings/XRPUSDT:1  Failed to load resource: net::ERR_CONNECTION_REFUSED
 ❌ [6:13:35 p. m.] [MiniChart] Error loading drawings for XRPUSDT: 
error @ Logger.js:63
:8000/api/drawings/ETHUSDT:1  Failed to load resource: net::ERR_CONNECTION_REFUSED
 ❌ [6:13:35 p. m.] [MiniChart] Error loading drawings for ETHUSDT: 
error @ Logger.js:63
:8000/api/drawings/BTCUSDT:1  Failed to load resource: net::ERR_CONNECTION_REFUSED
 ❌ [6:13:35 p. m.] [MiniChart] Error loading drawings for BTCUSDT: 
error @ Logger.js:63
:8000/api/drawings/BTCUSDT:1  Failed to load resource: net::ERR_CONNECTION_REFUSED
 ❌ [6:13:35 p. m.] [MiniChart] Error loading drawings for BTCUSDT: 
error @ Logger.js:63
:8000/api/drawings/DOGEUSDT:1  Failed to load resource: net::ERR_CONNECTION_REFUSED
 ❌ [6:13:38 p. m.] [MiniChart] Error loading drawings for DOGEUSDT: 
error @ Logger.js:63
:8000/api/drawings/ADAUSDT:1  Failed to load resource: net::ERR_CONNECTION_REFUSED
 ❌ [6:13:38 p. m.] [MiniChart] Error loading drawings for ADAUSDT: 
error @ Logger.js:63
:8000/api/drawings/SOLUSDT:1  Failed to load resource: net::ERR_CONNECTION_REFUSED
 ❌ [6:13:38 p. m.] [MiniChart] Error loading drawings for SOLUSDT: 
error @ Logger.js:63
:8000/api/drawings/TRBUSDT:1  Failed to load resource: net::ERR_CONNECTION_REFUSED
 ❌ [6:13:38 p. m.] [MiniChart] Error loading drawings for TRBUSDT: 
error @ Logger.js:63
:8000/api/drawings/SUIUSDT:1  Failed to load resource: net::ERR_CONNECTION_REFUSED
 ❌ [6:13:38 p. m.] [MiniChart] Error loading drawings for SUIUSDT: 
error @ Logger.js:63
:8000/api/drawings/GALAUSDT:1  Failed to load resource: net::ERR_CONNECTION_REFUSED
 ❌ [6:13:38 p. m.] [MiniChart] Error loading drawings for GALAUSDT: 
error @ Logger.js:63
:8000/api/drawings/TRXUSDT:1  Failed to load resource: net::ERR_CONNECTION_REFUSED
 ❌ [6:13:38 p. m.] [MiniChart] Error loading drawings for TRXUSDT: 
error @ Logger.js:63
:8000/api/drawings/XRPUSDT:1  Failed to load resource: net::ERR_CONNECTION_REFUSED
 ❌ [6:13:38 p. m.] [MiniChart] Error loading drawings for XRPUSDT: 
error @ Logger.js:63
:8000/api/drawings/ETHUSDT:1  Failed to load resource: net::ERR_CONNECTION_REFUSED
 ❌ [6:13:38 p. m.] [MiniChart] Error loading drawings for ETHUSDT: 
error @ Logger.js:63
:8000/api/drawings/BTCUSDT:1  Failed to load resource: net::ERR_CONNECTION_REFUSED
 ❌ [6:13:38 p. m.] [MiniChart] Error loading drawings for BTCUSDT: 
error @ Logger.js:63
:8000/api/drawings/DOGEUSDT:1  Failed to load resource: net::ERR_CONNECTION_REFUSED
 ❌ [6:13:41 p. m.] [MiniChart] Error loading drawings for DOGEUSDT: 
error @ Logger.js:63
:8000/api/drawings/ADAUSDT:1  Failed to load resource: net::ERR_CONNECTION_REFUSED
 ❌ [6:13:41 p. m.] [MiniChart] Error loading drawings for ADAUSDT: 
error @ Logger.js:63
:8000/api/drawings/SOLUSDT:1  Failed to load resource: net::ERR_CONNECTION_REFUSED
 ❌ [6:13:41 p. m.] [MiniChart] Error loading drawings for SOLUSDT: 
error @ Logger.js:63
:8000/api/drawings/TRBUSDT:1  Failed to load resource: net::ERR_CONNECTION_REFUSED
 ❌ [6:13:41 p. m.] [MiniChart] Error loading drawings for TRBUSDT: 
error @ Logger.js:63
:8000/api/drawings/SUIUSDT:1  Failed to load resource: net::ERR_CONNECTION_REFUSED
 ❌ [6:13:41 p. m.] [MiniChart] Error loading drawings for SUIUSDT: 
error @ Logger.js:63
:8000/api/drawings/GALAUSDT:1  Failed to load resource: net::ERR_CONNECTION_REFUSED
 ❌ [6:13:41 p. m.] [MiniChart] Error loading drawings for GALAUSDT: 
error @ Logger.js:63
:8000/api/drawings/TRXUSDT:1  Failed to load resource: net::ERR_CONNECTION_REFUSED
 ❌ [6:13:41 p. m.] [MiniChart] Error loading drawings for TRXUSDT: 
error @ Logger.js:63
:8000/api/drawings/XRPUSDT:1  Failed to load resource: net::ERR_CONNECTION_REFUSED
 ❌ [6:13:41 p. m.] [MiniChart] Error loading drawings for XRPUSDT: 
error @ Logger.js:63
:8000/api/drawings/ETHUSDT:1  Failed to load resource: net::ERR_CONNECTION_REFUSED
 ❌ [6:13:41 p. m.] [MiniChart] Error loading drawings for ETHUSDT: 
error @ Logger.js:63
:8000/api/drawings/BTCUSDT:1  Failed to load resource: net::ERR_CONNECTION_REFUSED
 ❌ [6:13:41 p. m.] [MiniChart] Error loading drawings for BTCUSDT: 
error @ Logger.js:63
:8000/api/drawings/DOGEUSDT:1  Failed to load resource: net::ERR_CONNECTION_REFUSED
 ❌ [6:13:44 p. m.] [MiniChart] Error loading drawings for DOGEUSDT: 
error @ Logger.js:63
:8000/api/drawings/ADAUSDT:1  Failed to load resource: net::ERR_CONNECTION_REFUSED
 ❌ [6:13:44 p. m.] [MiniChart] Error loading drawings for ADAUSDT: 
error @ Logger.js:63
:8000/api/drawings/SOLUSDT:1  Failed to load resource: net::ERR_CONNECTION_REFUSED
 ❌ [6:13:44 p. m.] [MiniChart] Error loading drawings for SOLUSDT: 
error @ Logger.js:63
:8000/api/drawings/TRBUSDT:1  Failed to load resource: net::ERR_CONNECTION_REFUSED
 ❌ [6:13:44 p. m.] [MiniChart] Error loading drawings for TRBUSDT: 
error @ Logger.js:63
:8000/api/drawings/SUIUSDT:1  Failed to load resource: net::ERR_CONNECTION_REFUSED
 ❌ [6:13:44 p. m.] [MiniChart] Error loading drawings for SUIUSDT: 
error @ Logger.js:63
:8000/api/drawings/GALAUSDT:1  Failed to load resource: net::ERR_CONNECTION_REFUSED
 ❌ [6:13:44 p. m.] [MiniChart] Error loading drawings for GALAUSDT: 
error @ Logger.js:63
:8000/api/drawings/TRXUSDT:1  Failed to load resource: net::ERR_CONNECTION_REFUSED
 ❌ [6:13:44 p. m.] [MiniChart] Error loading drawings for TRXUSDT: 
error @ Logger.js:63
:8000/api/drawings/XRPUSDT:1  Failed to load resource: net::ERR_CONNECTION_REFUSED
 ❌ [6:13:44 p. m.] [MiniChart] Error loading drawings for XRPUSDT: 
error @ Logger.js:63
:8000/api/drawings/ETHUSDT:1  Failed to load resource: net::ERR_CONNECTION_REFUSED
 ❌ [6:13:44 p. m.] [MiniChart] Error loading drawings for ETHUSDT: 
error @ Logger.js:63
:8000/api/drawings/BTCUSDT:1  Failed to load resource: net::ERR_CONNECTION_REFUSED
 ❌ [6:13:44 p. m.] [MiniChart] Error loading drawings for BTCUSDT: 
error @ Logger.js:63
:8000/api/drawings/DOGEUSDT:1  Failed to load resource: net::ERR_CONNECTION_REFUSED
 ❌ [6:13:47 p. m.] [MiniChart] Error loading drawings for DOGEUSDT: 
error @ Logger.js:63
:8000/api/drawings/ADAUSDT:1  Failed to load resource: net::ERR_CONNECTION_REFUSED
 ❌ [6:13:47 p. m.] [MiniChart] Error loading drawings for ADAUSDT: 
error @ Logger.js:63
:8000/api/drawings/SOLUSDT:1  Failed to load resource: net::ERR_CONNECTION_REFUSED
 ❌ [6:13:47 p. m.] [MiniChart] Error loading drawings for SOLUSDT: 
error @ Logger.js:63
:8000/api/drawings/TRBUSDT:1  Failed to load resource: net::ERR_CONNECTION_REFUSED
 ❌ [6:13:47 p. m.] [MiniChart] Error loading drawings for TRBUSDT: 
error @ Logger.js:63
:8000/api/drawings/SUIUSDT:1  Failed to load resource: net::ERR_CONNECTION_REFUSED
 ❌ [6:13:47 p. m.] [MiniChart] Error loading drawings for SUIUSDT: 
error @ Logger.js:63
:8000/api/drawings/GALAUSDT:1  Failed to load resource: net::ERR_CONNECTION_REFUSED
 ❌ [6:13:47 p. m.] [MiniChart] Error loading drawings for GALAUSDT: 
error @ Logger.js:63
:8000/api/drawings/TRXUSDT:1  Failed to load resource: net::ERR_CONNECTION_REFUSED
 ❌ [6:13:47 p. m.] [MiniChart] Error loading drawings for TRXUSDT: 
error @ Logger.js:63
:8000/api/drawings/XRPUSDT:1  Failed to load resource: net::ERR_CONNECTION_REFUSED
 ❌ [6:13:47 p. m.] [MiniChart] Error loading drawings for XRPUSDT: 
error @ Logger.js:63
:8000/api/drawings/ETHUSDT:1  Failed to load resource: net::ERR_CONNECTION_REFUSED
 ❌ [6:13:47 p. m.] [MiniChart] Error loading drawings for ETHUSDT: 
error @ Logger.js:63
:8000/api/drawings/BTCUSDT:1  Failed to load resource: net::ERR_CONNECTION_REFUSED
 ❌ [6:13:47 p. m.] [MiniChart] Error loading drawings for BTCUSDT: 
error @ Logger.js:63
:8000/api/drawings/DOGEUSDT:1  Failed to load resource: net::ERR_CONNECTION_REFUSED
 ❌ [6:13:50 p. m.] [MiniChart] Error loading drawings for DOGEUSDT: 
error @ Logger.js:63
:8000/api/drawings/ADAUSDT:1  Failed to load resource: net::ERR_CONNECTION_REFUSED
 ❌ [6:13:50 p. m.] [MiniChart] Error loading drawings for ADAUSDT: 
error @ Logger.js:63
:8000/api/drawings/SOLUSDT:1  Failed to load resource: net::ERR_CONNECTION_REFUSED
 ❌ [6:13:50 p. m.] [MiniChart] Error loading drawings for SOLUSDT: 
error @ Logger.js:63
:8000/api/drawings/TRBUSDT:1  Failed to load resource: net::ERR_CONNECTION_REFUSED
 ❌ [6:13:50 p. m.] [MiniChart] Error loading drawings for TRBUSDT: 
error @ Logger.js:63
:8000/api/drawings/SUIUSDT:1  Failed to load resource: net::ERR_CONNECTION_REFUSED
 ❌ [6:13:50 p. m.] [MiniChart] Error loading drawings for SUIUSDT: 
error @ Logger.js:63
:8000/api/drawings/GALAUSDT:1  Failed to load resource: net::ERR_CONNECTION_REFUSED
 ❌ [6:13:50 p. m.] [MiniChart] Error loading drawings for GALAUSDT: 
error @ Logger.js:63
:8000/api/drawings/TRXUSDT:1  Failed to load resource: net::ERR_CONNECTION_REFUSED
 ❌ [6:13:50 p. m.] [MiniChart] Error loading drawings for TRXUSDT: 
error @ Logger.js:63
:8000/api/drawings/XRPUSDT:1  Failed to load resource: net::ERR_CONNECTION_REFUSED
 ❌ [6:13:50 p. m.] [MiniChart] Error loading drawings for XRPUSDT: 
error @ Logger.js:63
:8000/api/drawings/ETHUSDT:1  Failed to load resource: net::ERR_CONNECTION_REFUSED
 ❌ [6:13:50 p. m.] [MiniChart] Error loading drawings for ETHUSDT: 
error @ Logger.js:63
:8000/api/drawings/BTCUSDT:1  Failed to load resource: net::ERR_CONNECTION_REFUSED
 ❌ [6:13:50 p. m.] [MiniChart] Error loading drawings for BTCUSDT: 
error @ Logger.js:63
:8000/api/realtime/alerts/history?limit=100:1  Failed to load resource: net::ERR_CONNECTION_REFUSED
 Error loading alerts from backend, falling back to localStorage: 
(anonymous) @ useGlobalAlerts.js:73
:8000/api/realtime/alerts/history?limit=100:1  Failed to load resource: net::ERR_CONNECTION_REFUSED
 Error loading alerts from backend, falling back to localStorage: 
(anonymous) @ useGlobalAlerts.js:73
:8000/api/drawings/DOGEUSDT:1  Failed to load resource: net::ERR_CONNECTION_REFUSED
 ❌ [6:13:53 p. m.] [MiniChart] Error loading drawings for DOGEUSDT: 
error @ Logger.js:63
:8000/api/drawings/ADAUSDT:1  Failed to load resource: net::ERR_CONNECTION_REFUSED
 ❌ [6:13:53 p. m.] [MiniChart] Error loading drawings for ADAUSDT: 
error @ Logger.js:63
:8000/api/drawings/SOLUSDT:1  Failed to load resource: net::ERR_CONNECTION_REFUSED
 ❌ [6:13:53 p. m.] [MiniChart] Error loading drawings for SOLUSDT: 
error @ Logger.js:63
:8000/api/drawings/TRBUSDT:1  Failed to load resource: net::ERR_CONNECTION_REFUSED
 ❌ [6:13:53 p. m.] [MiniChart] Error loading drawings for TRBUSDT: 
error @ Logger.js:63
:8000/api/drawings/SUIUSDT:1  Failed to load resource: net::ERR_CONNECTION_REFUSED
 ❌ [6:13:53 p. m.] [MiniChart] Error loading drawings for SUIUSDT: 
error @ Logger.js:63
:8000/api/drawings/GALAUSDT:1  Failed to load resource: net::ERR_CONNECTION_REFUSED
 ❌ [6:13:53 p. m.] [MiniChart] Error loading drawings for GALAUSDT: 
error @ Logger.js:63
:8000/api/drawings/TRXUSDT:1  Failed to load resource: net::ERR_CONNECTION_REFUSED
 ❌ [6:13:53 p. m.] [MiniChart] Error loading drawings for TRXUSDT: 
error @ Logger.js:63
:8000/api/drawings/XRPUSDT:1  Failed to load resource: net::ERR_CONNECTION_REFUSED
 ❌ [6:13:53 p. m.] [MiniChart] Error loading drawings for XRPUSDT: 
error @ Logger.js:63
:8000/api/drawings/ETHUSDT:1  Failed to load resource: net::ERR_CONNECTION_REFUSED
 ❌ [6:13:53 p. m.] [MiniChart] Error loading drawings for ETHUSDT: 
error @ Logger.js:63
:8000/api/drawings/BTCUSDT:1  Failed to load resource: net::ERR_CONNECTION_REFUSED
 ❌ [6:13:53 p. m.] [MiniChart] Error loading drawings for BTCUSDT: 
error @ Logger.js:63
:8000/api/drawings/DOGEUSDT:1  Failed to load resource: net::ERR_CONNECTION_REFUSED
 ❌ [6:13:56 p. m.] [MiniChart] Error loading drawings for DOGEUSDT: 
error @ Logger.js:63
:8000/api/drawings/ADAUSDT:1  Failed to load resource: net::ERR_CONNECTION_REFUSED
 ❌ [6:13:56 p. m.] [MiniChart] Error loading drawings for ADAUSDT: 
error @ Logger.js:63
:8000/api/drawings/SOLUSDT:1  Failed to load resource: net::ERR_CONNECTION_REFUSED
 ❌ [6:13:56 p. m.] [MiniChart] Error loading drawings for SOLUSDT: 
error @ Logger.js:63
:8000/api/drawings/TRBUSDT:1  Failed to load resource: net::ERR_CONNECTION_REFUSED
 ❌ [6:13:56 p. m.] [MiniChart] Error loading drawings for TRBUSDT: 
error @ Logger.js:63
:8000/api/drawings/SUIUSDT:1  Failed to load resource: net::ERR_CONNECTION_REFUSED
 ❌ [6:13:56 p. m.] [MiniChart] Error loading drawings for SUIUSDT: 
error @ Logger.js:63
:8000/api/drawings/GALAUSDT:1  Failed to load resource: net::ERR_CONNECTION_REFUSED
 ❌ [6:13:56 p. m.] [MiniChart] Error loading drawings for GALAUSDT: 
error @ Logger.js:63
:8000/api/drawings/TRXUSDT:1  Failed to load resource: net::ERR_CONNECTION_REFUSED
 ❌ [6:13:56 p. m.] [MiniChart] Error loading drawings for TRXUSDT: 
error @ Logger.js:63
:8000/api/drawings/XRPUSDT:1  Failed to load resource: net::ERR_CONNECTION_REFUSED
 ❌ [6:13:56 p. m.] [MiniChart] Error loading drawings for XRPUSDT: 
error @ Logger.js:63
:8000/api/drawings/ETHUSDT:1  Failed to load resource: net::ERR_CONNECTION_REFUSED
 ❌ [6:13:56 p. m.] [MiniChart] Error loading drawings for ETHUSDT: 
error @ Logger.js:63
:8000/api/drawings/BTCUSDT:1  Failed to load resource: net::ERR_CONNECTION_REFUSED
 ❌ [6:13:56 p. m.] [MiniChart] Error loading drawings for BTCUSDT: 
error @ Logger.js:63
 [CandleCache] 🔄 LRU evict: candles_GALAUSDT_1 (memoria: 3/4)
 [CandleCache] 🔄 LRU evict: candles_SOLUSDT_1 (memoria: 3/4)
 [CandleCache] ✅ DOGEUSDT@1 - guardado (7 velas, memoria: 4/4)
 [CandleCache] ✅ BTCUSDT@1 - guardado (7 velas, memoria: 4/4)
 [CandleCache] ✅ ETHUSDT@1 - guardado (7 velas, memoria: 4/4)
 [CandleCache] 🔄 LRU evict: candles_SUIUSDT_1 (memoria: 3/4)
 [CandleCache] 🔄 LRU evict: candles_DOGEUSDT_1 (memoria: 3/4)
 [CandleCache] 🔄 LRU evict: candles_BTCUSDT_1 (memoria: 3/4)
 [CandleCache] ✅ XRPUSDT@1 - guardado (7 velas, memoria: 4/4)
 [CandleCache] ✅ TRXUSDT@1 - guardado (7 velas, memoria: 4/4)
 [CandleCache] ✅ GALAUSDT@1 - guardado (7 velas, memoria: 4/4)
 [CandleCache] 🔄 LRU evict: candles_ETHUSDT_1 (memoria: 3/4)
 [CandleCache] 🔄 LRU evict: candles_XRPUSDT_1 (memoria: 3/4)
 [CandleCache] 🔄 LRU evict: candles_TRXUSDT_1 (memoria: 3/4)
 [CandleCache] ✅ SOLUSDT@1 - guardado (7 velas, memoria: 4/4)
 [CandleCache] ✅ ADAUSDT@1 - guardado (7 velas, memoria: 4/4)
 [CandleCache] ✅ SUIUSDT@1 - guardado (7 velas, memoria: 4/4)
:8000/api/swing/status:1  Failed to load resource: net::ERR_CONNECTION_REFUSED
 [GALAUSDT] SwingDetector status error: 
fetchStatus @ SwingDetectorIndicator.js:191
:8000/api/swing/status:1  Failed to load resource: net::ERR_CONNECTION_REFUSED
 [TRXUSDT] SwingDetector status error: 
fetchStatus @ SwingDetectorIndicator.js:191
:8000/api/swing/status:1  Failed to load resource: net::ERR_CONNECTION_REFUSED
 [XRPUSDT] SwingDetector status error: 
fetchStatus @ SwingDetectorIndicator.js:191
:8000/api/drawings/DOGEUSDT:1  Failed to load resource: net::ERR_CONNECTION_REFUSED
 ❌ [6:13:59 p. m.] [MiniChart] Error loading drawings for DOGEUSDT: 
error @ Logger.js:63
:8000/api/drawings/ADAUSDT:1  Failed to load resource: net::ERR_CONNECTION_REFUSED
 ❌ [6:13:59 p. m.] [MiniChart] Error loading drawings for ADAUSDT: 
error @ Logger.js:63
:8000/api/drawings/SOLUSDT:1  Failed to load resource: net::ERR_CONNECTION_REFUSED
 ❌ [6:13:59 p. m.] [MiniChart] Error loading drawings for SOLUSDT: 
error @ Logger.js:63
:8000/api/drawings/TRBUSDT:1  Failed to load resource: net::ERR_CONNECTION_REFUSED
 ❌ [6:13:59 p. m.] [MiniChart] Error loading drawings for TRBUSDT: 
error @ Logger.js:63
:8000/api/drawings/SUIUSDT:1  Failed to load resource: net::ERR_CONNECTION_REFUSED
 ❌ [6:13:59 p. m.] [MiniChart] Error loading drawings for SUIUSDT: 
error @ Logger.js:63
:8000/api/drawings/GALAUSDT:1  Failed to load resource: net::ERR_CONNECTION_REFUSED
 ❌ [6:13:59 p. m.] [MiniChart] Error loading drawings for GALAUSDT: 
error @ Logger.js:63
:8000/api/drawings/TRXUSDT:1  Failed to load resource: net::ERR_CONNECTION_REFUSED
 ❌ [6:13:59 p. m.] [MiniChart] Error loading drawings for TRXUSDT: 
error @ Logger.js:63
 [CandleCache] 🔄 LRU evict: candles_GALAUSDT_1 (memoria: 3/4)
 [CandleCache] ✅ TRBUSDT@1 - guardado (7 velas, memoria: 4/4)
:8000/api/drawings/DOGEUSDT:1  Failed to load resource: net::ERR_CONNECTION_REFUSED
 ❌ [6:14:00 p. m.] [MiniChart] Error loading drawings for DOGEUSDT: 
error @ Logger.js:63
:8000/api/drawings/ADAUSDT:1  Failed to load resource: net::ERR_CONNECTION_REFUSED
 ❌ [6:14:00 p. m.] [MiniChart] Error loading drawings for ADAUSDT: 
error @ Logger.js:63
:8000/api/drawings/SOLUSDT:1  Failed to load resource: net::ERR_CONNECTION_REFUSED
 ❌ [6:14:00 p. m.] [MiniChart] Error loading drawings for SOLUSDT: 
error @ Logger.js:63
:8000/api/status:1  Failed to load resource: net::ERR_CONNECTION_REFUSED
:8000/api/drawings/TRBUSDT:1  Failed to load resource: net::ERR_CONNECTION_REFUSED
 ❌ [6:14:02 p. m.] [MiniChart] Error loading drawings for TRBUSDT: 
error @ Logger.js:63
:8000/api/drawings/SUIUSDT:1  Failed to load resource: net::ERR_CONNECTION_REFUSED
 ❌ [6:14:02 p. m.] [MiniChart] Error loading drawings for SUIUSDT: 
error @ Logger.js:63
:8000/api/drawings/GALAUSDT:1  Failed to load resource: net::ERR_CONNECTION_REFUSED
 ❌ [6:14:02 p. m.] [MiniChart] Error loading drawings for GALAUSDT: 
error @ Logger.js:63
:8000/api/drawings/TRXUSDT:1  Failed to load resource: net::ERR_CONNECTION_REFUSED
 ❌ [6:14:02 p. m.] [MiniChart] Error loading drawings for TRXUSDT: 
error @ Logger.js:63
:8000/api/drawings/XRPUSDT:1  Failed to load resource: net::ERR_CONNECTION_REFUSED
 ❌ [6:14:02 p. m.] [MiniChart] Error loading drawings for XRPUSDT: 
error @ Logger.js:63
:8000/api/drawings/ETHUSDT:1  Failed to load resource: net::ERR_CONNECTION_REFUSED
 ❌ [6:14:02 p. m.] [MiniChart] Error loading drawings for ETHUSDT: 
error @ Logger.js:63
:8000/api/drawings/BTCUSDT:1  Failed to load resource: net::ERR_CONNECTION_REFUSED
 ❌ [6:14:02 p. m.] [MiniChart] Error loading drawings for BTCUSDT: 
error @ Logger.js:63
:8000/api/drawings/XRPUSDT:1  Failed to load resource: net::ERR_CONNECTION_REFUSED
 ❌ [6:14:02 p. m.] [MiniChart] Error loading drawings for XRPUSDT: 
error @ Logger.js:63
:8000/api/drawings/ETHUSDT:1  Failed to load resource: net::ERR_CONNECTION_REFUSED
 ❌ [6:14:02 p. m.] [MiniChart] Error loading drawings for ETHUSDT: 
error @ Logger.js:63
:8000/api/drawings/DOGEUSDT:1  Failed to load resource: net::ERR_CONNECTION_REFUSED
 ❌ [6:14:03 p. m.] [MiniChart] Error loading drawings for DOGEUSDT: 
error @ Logger.js:63
:8000/api/drawings/ADAUSDT:1  Failed to load resource: net::ERR_CONNECTION_REFUSED
 ❌ [6:14:05 p. m.] [MiniChart] Error loading drawings for ADAUSDT: 
error @ Logger.js:63
:8000/api/drawings/SOLUSDT:1  Failed to load resource: net::ERR_CONNECTION_REFUSED
 ❌ [6:14:05 p. m.] [MiniChart] Error loading drawings for SOLUSDT: 
error @ Logger.js:63
:8000/api/drawings/TRBUSDT:1  Failed to load resource: net::ERR_CONNECTION_REFUSED
 ❌ [6:14:05 p. m.] [MiniChart] Error loading drawings for TRBUSDT: 
error @ Logger.js:63
:8000/api/drawings/SUIUSDT:1  Failed to load resource: net::ERR_CONNECTION_REFUSED
 ❌ [6:14:05 p. m.] [MiniChart] Error loading drawings for SUIUSDT: 
error @ Logger.js:63
:8000/api/drawings/GALAUSDT:1  Failed to load resource: net::ERR_CONNECTION_REFUSED
 ❌ [6:14:05 p. m.] [MiniChart] Error loading drawings for GALAUSDT: 
error @ Logger.js:63
:8000/api/drawings/TRXUSDT:1  Failed to load resource: net::ERR_CONNECTION_REFUSED
 ❌ [6:14:05 p. m.] [MiniChart] Error loading drawings for TRXUSDT: 
error @ Logger.js:63
:8000/api/drawings/XRPUSDT:1  Failed to load resource: net::ERR_CONNECTION_REFUSED
 ❌ [6:14:05 p. m.] [MiniChart] Error loading drawings for XRPUSDT: 
error @ Logger.js:63
:8000/api/drawings/ETHUSDT:1  Failed to load resource: net::ERR_CONNECTION_REFUSED
 ❌ [6:14:05 p. m.] [MiniChart] Error loading drawings for ETHUSDT: 
error @ Logger.js:63
:8000/api/drawings/BTCUSDT:1  Failed to load resource: net::ERR_CONNECTION_REFUSED
 ❌ [6:14:05 p. m.] [MiniChart] Error loading drawings for BTCUSDT: 
error @ Logger.js:63
:8000/api/drawings/BTCUSDT:1  Failed to load resource: net::ERR_CONNECTION_REFUSED
 ❌ [6:14:05 p. m.] [MiniChart] Error loading drawings for BTCUSDT: 
error @ Logger.js:63
:8000/api/swing/status:1  Failed to load resource: net::ERR_CONNECTION_REFUSED
 [DOGEUSDT] SwingDetector status error: 
fetchStatus @ SwingDetectorIndicator.js:191
:8000/api/swing/status:1  Failed to load resource: net::ERR_CONNECTION_REFUSED
 [ADAUSDT] SwingDetector status error: 
fetchStatus @ SwingDetectorIndicator.js:191
:8000/api/swing/status:1  Failed to load resource: net::ERR_CONNECTION_REFUSED
 [SOLUSDT] SwingDetector status error: 
fetchStatus @ SwingDetectorIndicator.js:191
:8000/api/swing/status:1  Failed to load resource: net::ERR_CONNECTION_REFUSED
 [TRBUSDT] SwingDetector status error: 
fetchStatus @ SwingDetectorIndicator.js:191
:8000/api/swing/status:1  Failed to load resource: net::ERR_CONNECTION_REFUSED
 [SUIUSDT] SwingDetector status error: 
fetchStatus @ SwingDetectorIndicator.js:191
:8000/api/swing/status:1  Failed to load resource: net::ERR_CONNECTION_REFUSED
 [GALAUSDT] SwingDetector status error: 
fetchStatus @ SwingDetectorIndicator.js:191
:8000/api/swing/status:1  Failed to load resource: net::ERR_CONNECTION_REFUSED
 [TRXUSDT] SwingDetector status error: 
fetchStatus @ SwingDetectorIndicator.js:191
:8000/api/swing/status:1  Failed to load resource: net::ERR_CONNECTION_REFUSED
 [XRPUSDT] SwingDetector status error: 
fetchStatus @ SwingDetectorIndicator.js:191
:8000/api/swing/status:1  Failed to load resource: net::ERR_CONNECTION_REFUSED
 [ETHUSDT] SwingDetector status error: 
fetchStatus @ SwingDetectorIndicator.js:191
:8000/api/swing/status:1  Failed to load resource: net::ERR_CONNECTION_REFUSED
 [BTCUSDT] SwingDetector status error: 
fetchStatus @ SwingDetectorIndicator.js:191
:8000/api/swing/status:1  Failed to load resource: net::ERR_CONNECTION_REFUSED
 [DOGEUSDT] SwingDetector status error: 
fetchStatus @ SwingDetectorIndicator.js:191
:8000/api/swing/status:1  Failed to load resource: net::ERR_CONNECTION_REFUSED
 [ADAUSDT] SwingDetector status error: 
fetchStatus @ SwingDetectorIndicator.js:191
:8000/api/swing/status:1  Failed to load resource: net::ERR_CONNECTION_REFUSED
 [SOLUSDT] SwingDetector status error: 
fetchStatus @ SwingDetectorIndicator.js:191
:8000/api/swing/status:1  Failed to load resource: net::ERR_CONNECTION_REFUSED
 [TRBUSDT] SwingDetector status error: 
fetchStatus @ SwingDetectorIndicator.js:191
:8000/api/swing/status:1  Failed to load resource: net::ERR_CONNECTION_REFUSED
 [SUIUSDT] SwingDetector status error: 
fetchStatus @ SwingDetectorIndicator.js:191
:8000/api/swing/status:1  Failed to load resource: net::ERR_CONNECTION_REFUSED
 [GALAUSDT] SwingDetector status error: 
fetchStatus @ SwingDetectorIndicator.js:191
:8000/api/swing/status:1  Failed to load resource: net::ERR_CONNECTION_REFUSED
 [TRXUSDT] SwingDetector status error: 
fetchStatus @ SwingDetectorIndicator.js:191
:8000/api/swing/status:1  Failed to load resource: net::ERR_CONNECTION_REFUSED
 [XRPUSDT] SwingDetector status error: 
fetchStatus @ SwingDetectorIndicator.js:191
:8000/api/swing/status:1  Failed to load resource: net::ERR_CONNECTION_REFUSED
 [ETHUSDT] SwingDetector status error: 
fetchStatus @ SwingDetectorIndicator.js:191
:8000/api/swing/status:1  Failed to load resource: net::ERR_CONNECTION_REFUSED
 [BTCUSDT] SwingDetector status error: 
fetchStatus @ SwingDetectorIndicator.js:191
:8000/api/swing/status:1  Failed to load resource: net::ERR_CONNECTION_REFUSED
 [DOGEUSDT] SwingDetector status error: 
fetchStatus @ SwingDetectorIndicator.js:191
:8000/api/swing/status:1  Failed to load resource: net::ERR_CONNECTION_REFUSED
 [ADAUSDT] SwingDetector status error: 
fetchStatus @ SwingDetectorIndicator.js:191
:8000/api/swing/status:1  Failed to load resource: net::ERR_CONNECTION_REFUSED
 [SOLUSDT] SwingDetector status error: 
fetchStatus @ SwingDetectorIndicator.js:191
:8000/api/swing/status:1  Failed to load resource: net::ERR_CONNECTION_REFUSED
 [TRBUSDT] SwingDetector status error: 
fetchStatus @ SwingDetectorIndicator.js:191
:8000/api/swing/status:1  Failed to load resource: net::ERR_CONNECTION_REFUSED
 [SUIUSDT] SwingDetector status error: 
fetchStatus @ SwingDetectorIndicator.js:191
:8000/api/swing/status:1  Failed to load resource: net::ERR_CONNECTION_REFUSED
 [GALAUSDT] SwingDetector status error: 
fetchStatus @ SwingDetectorIndicator.js:191
:8000/api/swing/status:1  Failed to load resource: net::ERR_CONNECTION_REFUSED
 [TRXUSDT] SwingDetector status error: 
fetchStatus @ SwingDetectorIndicator.js:191
:8000/api/swing/status:1  Failed to load resource: net::ERR_CONNECTION_REFUSED
 [XRPUSDT] SwingDetector status error: 
fetchStatus @ SwingDetectorIndicator.js:191
:8000/api/swing/status:1  Failed to load resource: net::ERR_CONNECTION_REFUSED
 [ETHUSDT] SwingDetector status error: 
fetchStatus @ SwingDetectorIndicator.js:191
:8000/api/swing/status:1  Failed to load resource: net::ERR_CONNECTION_REFUSED
 [BTCUSDT] SwingDetector status error: 
fetchStatus @ SwingDetectorIndicator.js:191
:8000/api/swing/status:1  Failed to load resource: net::ERR_CONNECTION_REFUSED
 [DOGEUSDT] SwingDetector status error: 
fetchStatus @ SwingDetectorIndicator.js:191
:8000/api/swing/status:1  Failed to load resource: net::ERR_CONNECTION_REFUSED
 [ADAUSDT] SwingDetector status error: 
fetchStatus @ SwingDetectorIndicator.js:191
:8000/api/swing/status:1  Failed to load resource: net::ERR_CONNECTION_REFUSED
 [SOLUSDT] SwingDetector status error: 
fetchStatus @ SwingDetectorIndicator.js:191
:8000/api/drawings/DOGEUSDT:1  Failed to load resource: net::ERR_CONNECTION_REFUSED
 ❌ [6:14:08 p. m.] [MiniChart] Error loading drawings for DOGEUSDT: 
error @ Logger.js:63
:8000/api/drawings/ADAUSDT:1  Failed to load resource: net::ERR_CONNECTION_REFUSED
 ❌ [6:14:08 p. m.] [MiniChart] Error loading drawings for ADAUSDT: 
error @ Logger.js:63
:8000/api/drawings/SOLUSDT:1  Failed to load resource: net::ERR_CONNECTION_REFUSED
 ❌ [6:14:08 p. m.] [MiniChart] Error loading drawings for SOLUSDT: 
error @ Logger.js:63
:8000/api/drawings/TRBUSDT:1  Failed to load resource: net::ERR_CONNECTION_REFUSED
 ❌ [6:14:08 p. m.] [MiniChart] Error loading drawings for TRBUSDT: 
error @ Logger.js:63
:8000/api/drawings/SUIUSDT:1  Failed to load resource: net::ERR_CONNECTION_REFUSED
 ❌ [6:14:08 p. m.] [MiniChart] Error loading drawings for SUIUSDT: 
error @ Logger.js:63
:8000/api/drawings/GALAUSDT:1  Failed to load resource: net::ERR_CONNECTION_REFUSED
 ❌ [6:14:08 p. m.] [MiniChart] Error loading drawings for GALAUSDT: 
error @ Logger.js:63
:8000/api/drawings/TRXUSDT:1  Failed to load resource: net::ERR_CONNECTION_REFUSED
 ❌ [6:14:08 p. m.] [MiniChart] Error loading drawings for TRXUSDT: 
error @ Logger.js:63
:8000/api/drawings/XRPUSDT:1  Failed to load resource: net::ERR_CONNECTION_REFUSED
 ❌ [6:14:08 p. m.] [MiniChart] Error loading drawings for XRPUSDT: 
error @ Logger.js:63
:8000/api/drawings/ETHUSDT:1  Failed to load resource: net::ERR_CONNECTION_REFUSED
 ❌ [6:14:08 p. m.] [MiniChart] Error loading drawings for ETHUSDT: 
error @ Logger.js:63
:8000/api/drawings/BTCUSDT:1  Failed to load resource: net::ERR_CONNECTION_REFUSED
 ❌ [6:14:08 p. m.] [MiniChart] Error loading drawings for BTCUSDT: 
error @ Logger.js:63
:8000/api/swing/status:1  Failed to load resource: net::ERR_CONNECTION_REFUSED
 [TRBUSDT] SwingDetector status error: 
fetchStatus @ SwingDetectorIndicator.js:191
:8000/api/swing/status:1  Failed to load resource: net::ERR_CONNECTION_REFUSED
 [SUIUSDT] SwingDetector status error: 
fetchStatus @ SwingDetectorIndicator.js:191
:8000/api/drawings/DOGEUSDT:1  Failed to load resource: net::ERR_CONNECTION_REFUSED
 ❌ [6:14:11 p. m.] [MiniChart] Error loading drawings for DOGEUSDT: 
error @ Logger.js:63
:8000/api/drawings/ADAUSDT:1  Failed to load resource: net::ERR_CONNECTION_REFUSED
 ❌ [6:14:11 p. m.] [MiniChart] Error loading drawings for ADAUSDT: 
error @ Logger.js:63
:8000/api/drawings/SOLUSDT:1  Failed to load resource: net::ERR_CONNECTION_REFUSED
 ❌ [6:14:11 p. m.] [MiniChart] Error loading drawings for SOLUSDT: 
error @ Logger.js:63
:8000/api/drawings/TRBUSDT:1  Failed to load resource: net::ERR_CONNECTION_REFUSED
 ❌ [6:14:11 p. m.] [MiniChart] Error loading drawings for TRBUSDT: 
error @ Logger.js:63
:8000/api/drawings/SUIUSDT:1  Failed to load resource: net::ERR_CONNECTION_REFUSED
 ❌ [6:14:11 p. m.] [MiniChart] Error loading drawings for SUIUSDT: 
error @ Logger.js:63
:8000/api/drawings/GALAUSDT:1  Failed to load resource: net::ERR_CONNECTION_REFUSED
 ❌ [6:14:11 p. m.] [MiniChart] Error loading drawings for GALAUSDT: 
error @ Logger.js:63
:8000/api/drawings/TRXUSDT:1  Failed to load resource: net::ERR_CONNECTION_REFUSED
 ❌ [6:14:11 p. m.] [MiniChart] Error loading drawings for TRXUSDT: 
error @ Logger.js:63
:8000/api/drawings/XRPUSDT:1  Failed to load resource: net::ERR_CONNECTION_REFUSED
 ❌ [6:14:11 p. m.] [MiniChart] Error loading drawings for XRPUSDT: 
error @ Logger.js:63
:8000/api/drawings/ETHUSDT:1  Failed to load resource: net::ERR_CONNECTION_REFUSED
 ❌ [6:14:11 p. m.] [MiniChart] Error loading drawings for ETHUSDT: 
error @ Logger.js:63
:8000/api/drawings/BTCUSDT:1  Failed to load resource: net::ERR_CONNECTION_REFUSED
 ❌ [6:14:11 p. m.] [MiniChart] Error loading drawings for BTCUSDT: 
error @ Logger.js:63
:8000/api/drawings/DOGEUSDT:1  Failed to load resource: net::ERR_CONNECTION_REFUSED
 ❌ [6:14:14 p. m.] [MiniChart] Error loading drawings for DOGEUSDT: 
error @ Logger.js:63
:8000/api/drawings/ADAUSDT:1  Failed to load resource: net::ERR_CONNECTION_REFUSED
 ❌ [6:14:14 p. m.] [MiniChart] Error loading drawings for ADAUSDT: 
error @ Logger.js:63
:8000/api/drawings/SOLUSDT:1  Failed to load resource: net::ERR_CONNECTION_REFUSED
 ❌ [6:14:14 p. m.] [MiniChart] Error loading drawings for SOLUSDT: 
error @ Logger.js:63
:8000/api/drawings/TRBUSDT:1  Failed to load resource: net::ERR_CONNECTION_REFUSED
 ❌ [6:14:14 p. m.] [MiniChart] Error loading drawings for TRBUSDT: 
error @ Logger.js:63
:8000/api/drawings/SUIUSDT:1  Failed to load resource: net::ERR_CONNECTION_REFUSED
 ❌ [6:14:14 p. m.] [MiniChart] Error loading drawings for SUIUSDT: 
error @ Logger.js:63
:8000/api/drawings/GALAUSDT:1  Failed to load resource: net::ERR_CONNECTION_REFUSED
 ❌ [6:14:14 p. m.] [MiniChart] Error loading drawings for GALAUSDT: 
error @ Logger.js:63
:8000/api/drawings/TRXUSDT:1  Failed to load resource: net::ERR_CONNECTION_REFUSED
 ❌ [6:14:14 p. m.] [MiniChart] Error loading drawings for TRXUSDT: 
error @ Logger.js:63
:8000/api/drawings/XRPUSDT:1  Failed to load resource: net::ERR_CONNECTION_REFUSED
 ❌ [6:14:14 p. m.] [MiniChart] Error loading drawings for XRPUSDT: 
error @ Logger.js:63
:8000/api/drawings/ETHUSDT:1  Failed to load resource: net::ERR_CONNECTION_REFUSED
 ❌ [6:14:14 p. m.] [MiniChart] Error loading drawings for ETHUSDT: 
error @ Logger.js:63
:8000/api/drawings/BTCUSDT:1  Failed to load resource: net::ERR_CONNECTION_REFUSED
 ❌ [6:14:14 p. m.] [MiniChart] Error loading drawings for BTCUSDT: 
error @ Logger.js:63
:8000/api/drawings/DOGEUSDT:1  Failed to load resource: net::ERR_CONNECTION_REFUSED
 ❌ [6:14:17 p. m.] [MiniChart] Error loading drawings for DOGEUSDT: 
error @ Logger.js:63
:8000/api/drawings/ADAUSDT:1  Failed to load resource: net::ERR_CONNECTION_REFUSED
 ❌ [6:14:17 p. m.] [MiniChart] Error loading drawings for ADAUSDT: 
error @ Logger.js:63
:8000/api/drawings/SOLUSDT:1  Failed to load resource: net::ERR_CONNECTION_REFUSED
 ❌ [6:14:17 p. m.] [MiniChart] Error loading drawings for SOLUSDT: 
error @ Logger.js:63
:8000/api/drawings/TRBUSDT:1  Failed to load resource: net::ERR_CONNECTION_REFUSED
 ❌ [6:14:17 p. m.] [MiniChart] Error loading drawings for TRBUSDT: 
error @ Logger.js:63
:8000/api/drawings/SUIUSDT:1  Failed to load resource: net::ERR_CONNECTION_REFUSED
 ❌ [6:14:17 p. m.] [MiniChart] Error loading drawings for SUIUSDT: 
error @ Logger.js:63
:8000/api/drawings/GALAUSDT:1  Failed to load resource: net::ERR_CONNECTION_REFUSED
 ❌ [6:14:17 p. m.] [MiniChart] Error loading drawings for GALAUSDT: 
error @ Logger.js:63
:8000/api/drawings/TRXUSDT:1  Failed to load resource: net::ERR_CONNECTION_REFUSED
 ❌ [6:14:17 p. m.] [MiniChart] Error loading drawings for TRXUSDT: 
error @ Logger.js:63
:8000/api/drawings/XRPUSDT:1  Failed to load resource: net::ERR_CONNECTION_REFUSED
 ❌ [6:14:17 p. m.] [MiniChart] Error loading drawings for XRPUSDT: 
error @ Logger.js:63
:8000/api/drawings/ETHUSDT:1  Failed to load resource: net::ERR_CONNECTION_REFUSED
 ❌ [6:14:17 p. m.] [MiniChart] Error loading drawings for ETHUSDT: 
error @ Logger.js:63
:8000/api/drawings/BTCUSDT:1  Failed to load resource: net::ERR_CONNECTION_REFUSED
 ❌ [6:14:17 p. m.] [MiniChart] Error loading drawings for BTCUSDT: 
error @ Logger.js:63
:8000/api/drawings/DOGEUSDT:1  Failed to load resource: net::ERR_CONNECTION_REFUSED
 ❌ [6:14:20 p. m.] [MiniChart] Error loading drawings for DOGEUSDT: 
error @ Logger.js:63
:8000/api/drawings/ADAUSDT:1  Failed to load resource: net::ERR_CONNECTION_REFUSED
 ❌ [6:14:20 p. m.] [MiniChart] Error loading drawings for ADAUSDT: 
error @ Logger.js:63
:8000/api/drawings/SOLUSDT:1  Failed to load resource: net::ERR_CONNECTION_REFUSED
 ❌ [6:14:20 p. m.] [MiniChart] Error loading drawings for SOLUSDT: 
error @ Logger.js:63
:8000/api/drawings/TRBUSDT:1  Failed to load resource: net::ERR_CONNECTION_REFUSED
 ❌ [6:14:20 p. m.] [MiniChart] Error loading drawings for TRBUSDT: 
error @ Logger.js:63
:8000/api/drawings/SUIUSDT:1  Failed to load resource: net::ERR_CONNECTION_REFUSED
 ❌ [6:14:20 p. m.] [MiniChart] Error loading drawings for SUIUSDT: 
error @ Logger.js:63
:8000/api/drawings/GALAUSDT:1  Failed to load resource: net::ERR_CONNECTION_REFUSED
 ❌ [6:14:20 p. m.] [MiniChart] Error loading drawings for GALAUSDT: 
error @ Logger.js:63
:8000/api/drawings/TRXUSDT:1  Failed to load resource: net::ERR_CONNECTION_REFUSED
 ❌ [6:14:20 p. m.] [MiniChart] Error loading drawings for TRXUSDT: 
error @ Logger.js:63
:8000/api/drawings/XRPUSDT:1  Failed to load resource: net::ERR_CONNECTION_REFUSED
 ❌ [6:14:20 p. m.] [MiniChart] Error loading drawings for XRPUSDT: 
error @ Logger.js:63
:8000/api/drawings/ETHUSDT:1  Failed to load resource: net::ERR_CONNECTION_REFUSED
 ❌ [6:14:20 p. m.] [MiniChart] Error loading drawings for ETHUSDT: 
error @ Logger.js:63
:8000/api/drawings/BTCUSDT:1  Failed to load resource: net::ERR_CONNECTION_REFUSED
 ❌ [6:14:20 p. m.] [MiniChart] Error loading drawings for BTCUSDT: 
error @ Logger.js:63
:8000/api/realtime/alerts/history?limit=100:1  Failed to load resource: net::ERR_CONNECTION_REFUSED
 Error loading alerts from backend, falling back to localStorage: 
(anonymous) @ useGlobalAlerts.js:73
:8000/api/realtime/alerts/history?limit=100:1  Failed to load resource: net::ERR_CONNECTION_REFUSED
 Error loading alerts from backend, falling back to localStorage: 
(anonymous) @ useGlobalAlerts.js:73
:8000/api/drawings/DOGEUSDT:1  Failed to load resource: net::ERR_CONNECTION_REFUSED
 ❌ [6:14:23 p. m.] [MiniChart] Error loading drawings for DOGEUSDT: 
error @ Logger.js:63
:8000/api/drawings/ADAUSDT:1  Failed to load resource: net::ERR_CONNECTION_REFUSED
 ❌ [6:14:23 p. m.] [MiniChart] Error loading drawings for ADAUSDT: 
error @ Logger.js:63
:8000/api/drawings/SOLUSDT:1  Failed to load resource: net::ERR_CONNECTION_REFUSED
 ❌ [6:14:23 p. m.] [MiniChart] Error loading drawings for SOLUSDT: 
error @ Logger.js:63
:8000/api/drawings/TRBUSDT:1  Failed to load resource: net::ERR_CONNECTION_REFUSED
 ❌ [6:14:23 p. m.] [MiniChart] Error loading drawings for TRBUSDT: 
error @ Logger.js:63
:8000/api/drawings/SUIUSDT:1  Failed to load resource: net::ERR_CONNECTION_REFUSED
 ❌ [6:14:23 p. m.] [MiniChart] Error loading drawings for SUIUSDT: 
error @ Logger.js:63
:8000/api/drawings/GALAUSDT:1  Failed to load resource: net::ERR_CONNECTION_REFUSED
 ❌ [6:14:23 p. m.] [MiniChart] Error loading drawings for GALAUSDT: 
error @ Logger.js:63
:8000/api/drawings/TRXUSDT:1  Failed to load resource: net::ERR_CONNECTION_REFUSED
 ❌ [6:14:23 p. m.] [MiniChart] Error loading drawings for TRXUSDT: 
error @ Logger.js:63
:8000/api/drawings/XRPUSDT:1  Failed to load resource: net::ERR_CONNECTION_REFUSED
 ❌ [6:14:23 p. m.] [MiniChart] Error loading drawings for XRPUSDT: 
error @ Logger.js:63
:8000/api/drawings/ETHUSDT:1  Failed to load resource: net::ERR_CONNECTION_REFUSED
 ❌ [6:14:23 p. m.] [MiniChart] Error loading drawings for ETHUSDT: 
error @ Logger.js:63
:8000/api/drawings/BTCUSDT:1  Failed to load resource: net::ERR_CONNECTION_REFUSED
 ❌ [6:14:23 p. m.] [MiniChart] Error loading drawings for BTCUSDT: 
error @ Logger.js:63
:8000/api/drawings/DOGEUSDT:1  Failed to load resource: net::ERR_CONNECTION_REFUSED
 ❌ [6:14:26 p. m.] [MiniChart] Error loading drawings for DOGEUSDT: 
error @ Logger.js:63
:8000/api/drawings/ADAUSDT:1  Failed to load resource: net::ERR_CONNECTION_REFUSED
 ❌ [6:14:26 p. m.] [MiniChart] Error loading drawings for ADAUSDT: 
error @ Logger.js:63
:8000/api/drawings/SOLUSDT:1  Failed to load resource: net::ERR_CONNECTION_REFUSED
 ❌ [6:14:26 p. m.] [MiniChart] Error loading drawings for SOLUSDT: 
error @ Logger.js:63
:8000/api/drawings/TRBUSDT:1  Failed to load resource: net::ERR_CONNECTION_REFUSED
 ❌ [6:14:26 p. m.] [MiniChart] Error loading drawings for TRBUSDT: 
error @ Logger.js:63
:8000/api/drawings/SUIUSDT:1  Failed to load resource: net::ERR_CONNECTION_REFUSED
 ❌ [6:14:26 p. m.] [MiniChart] Error loading drawings for SUIUSDT: 
error @ Logger.js:63
:8000/api/drawings/GALAUSDT:1  Failed to load resource: net::ERR_CONNECTION_REFUSED
 ❌ [6:14:26 p. m.] [MiniChart] Error loading drawings for GALAUSDT: 
error @ Logger.js:63
:8000/api/drawings/TRXUSDT:1  Failed to load resource: net::ERR_CONNECTION_REFUSED
 ❌ [6:14:26 p. m.] [MiniChart] Error loading drawings for TRXUSDT: 
error @ Logger.js:63
:8000/api/drawings/XRPUSDT:1  Failed to load resource: net::ERR_CONNECTION_REFUSED
 ❌ [6:14:26 p. m.] [MiniChart] Error loading drawings for XRPUSDT: 
error @ Logger.js:63
:8000/api/drawings/ETHUSDT:1  Failed to load resource: net::ERR_CONNECTION_REFUSED
 ❌ [6:14:26 p. m.] [MiniChart] Error loading drawings for ETHUSDT: 
error @ Logger.js:63
:8000/api/drawings/BTCUSDT:1  Failed to load resource: net::ERR_CONNECTION_REFUSED
 ❌ [6:14:26 p. m.] [MiniChart] Error loading drawings for BTCUSDT: 
error @ Logger.js:63
:8000/api/drawings/DOGEUSDT:1  Failed to load resource: net::ERR_CONNECTION_REFUSED
 ❌ [6:14:29 p. m.] [MiniChart] Error loading drawings for DOGEUSDT: 
error @ Logger.js:63
:8000/api/drawings/ADAUSDT:1  Failed to load resource: net::ERR_CONNECTION_REFUSED
 ❌ [6:14:29 p. m.] [MiniChart] Error loading drawings for ADAUSDT: 
error @ Logger.js:63
:8000/api/drawings/SOLUSDT:1  Failed to load resource: net::ERR_CONNECTION_REFUSED
 ❌ [6:14:29 p. m.] [MiniChart] Error loading drawings for SOLUSDT: 
error @ Logger.js:63
:8000/api/drawings/TRBUSDT:1  Failed to load resource: net::ERR_CONNECTION_REFUSED
 ❌ [6:14:29 p. m.] [MiniChart] Error loading drawings for TRBUSDT: 
error @ Logger.js:63
:8000/api/drawings/SUIUSDT:1  Failed to load resource: net::ERR_CONNECTION_REFUSED
 ❌ [6:14:29 p. m.] [MiniChart] Error loading drawings for SUIUSDT: 
error @ Logger.js:63
:8000/api/drawings/GALAUSDT:1  Failed to load resource: net::ERR_CONNECTION_REFUSED
 ❌ [6:14:29 p. m.] [MiniChart] Error loading drawings for GALAUSDT: 
error @ Logger.js:63
:8000/api/drawings/TRXUSDT:1  Failed to load resource: net::ERR_CONNECTION_REFUSED
 ❌ [6:14:29 p. m.] [MiniChart] Error loading drawings for TRXUSDT: 
error @ Logger.js:63
:8000/api/drawings/XRPUSDT:1  Failed to load resource: net::ERR_CONNECTION_REFUSED
 ❌ [6:14:29 p. m.] [MiniChart] Error loading drawings for XRPUSDT: 
error @ Logger.js:63
:8000/api/drawings/ETHUSDT:1  Failed to load resource: net::ERR_CONNECTION_REFUSED
 ❌ [6:14:29 p. m.] [MiniChart] Error loading drawings for ETHUSDT: 
error @ Logger.js:63
:8000/api/drawings/BTCUSDT:1  Failed to load resource: net::ERR_CONNECTION_REFUSED
 ❌ [6:14:29 p. m.] [MiniChart] Error loading drawings for BTCUSDT: 
error @ Logger.js:63
:8000/api/status:1  Failed to load resource: net::ERR_CONNECTION_REFUSED
:8000/api/drawings/DOGEUSDT:1  Failed to load resource: net::ERR_CONNECTION_REFUSED
 ❌ [6:14:32 p. m.] [MiniChart] Error loading drawings for DOGEUSDT: 
error @ Logger.js:63
:8000/api/drawings/ADAUSDT:1  Failed to load resource: net::ERR_CONNECTION_REFUSED
 ❌ [6:14:32 p. m.] [MiniChart] Error loading drawings for ADAUSDT: 
error @ Logger.js:63
:8000/api/drawings/SOLUSDT:1  Failed to load resource: net::ERR_CONNECTION_REFUSED
 ❌ [6:14:32 p. m.] [MiniChart] Error loading drawings for SOLUSDT: 
error @ Logger.js:63
:8000/api/drawings/TRBUSDT:1  Failed to load resource: net::ERR_CONNECTION_REFUSED
 ❌ [6:14:32 p. m.] [MiniChart] Error loading drawings for TRBUSDT: 
error @ Logger.js:63
:8000/api/drawings/SUIUSDT:1  Failed to load resource: net::ERR_CONNECTION_REFUSED
 ❌ [6:14:32 p. m.] [MiniChart] Error loading drawings for SUIUSDT: 
error @ Logger.js:63
:8000/api/drawings/GALAUSDT:1  Failed to load resource: net::ERR_CONNECTION_REFUSED
 ❌ [6:14:32 p. m.] [MiniChart] Error loading drawings for GALAUSDT: 
error @ Logger.js:63
:8000/api/drawings/TRXUSDT:1  Failed to load resource: net::ERR_CONNECTION_REFUSED
 ❌ [6:14:32 p. m.] [MiniChart] Error loading drawings for TRXUSDT: 
error @ Logger.js:63
:8000/api/drawings/XRPUSDT:1  Failed to load resource: net::ERR_CONNECTION_REFUSED
 ❌ [6:14:32 p. m.] [MiniChart] Error loading drawings for XRPUSDT: 
error @ Logger.js:63
:8000/api/drawings/ETHUSDT:1  Failed to load resource: net::ERR_CONNECTION_REFUSED
 ❌ [6:14:32 p. m.] [MiniChart] Error loading drawings for ETHUSDT: 
error @ Logger.js:63
:8000/api/drawings/DOGEUSDT:1  Failed to load resource: net::ERR_CONNECTION_REFUSED
 ❌ [6:14:33 p. m.] [MiniChart] Error loading drawings for DOGEUSDT: 
error @ Logger.js:63
:8000/api/drawings/ADAUSDT:1  Failed to load resource: net::ERR_CONNECTION_REFUSED
 ❌ [6:14:35 p. m.] [MiniChart] Error loading drawings for ADAUSDT: 
error @ Logger.js:63
:8000/api/drawings/SOLUSDT:1  Failed to load resource: net::ERR_CONNECTION_REFUSED
 ❌ [6:14:35 p. m.] [MiniChart] Error loading drawings for SOLUSDT: 
error @ Logger.js:63
:8000/api/drawings/TRBUSDT:1  Failed to load resource: net::ERR_CONNECTION_REFUSED
 ❌ [6:14:35 p. m.] [MiniChart] Error loading drawings for TRBUSDT: 
error @ Logger.js:63
:8000/api/drawings/SUIUSDT:1  Failed to load resource: net::ERR_CONNECTION_REFUSED
 ❌ [6:14:35 p. m.] [MiniChart] Error loading drawings for SUIUSDT: 
error @ Logger.js:63
:8000/api/drawings/GALAUSDT:1  Failed to load resource: net::ERR_CONNECTION_REFUSED
 ❌ [6:14:35 p. m.] [MiniChart] Error loading drawings for GALAUSDT: 
error @ Logger.js:63
:8000/api/drawings/TRXUSDT:1  Failed to load resource: net::ERR_CONNECTION_REFUSED
 ❌ [6:14:35 p. m.] [MiniChart] Error loading drawings for TRXUSDT: 
error @ Logger.js:63
:8000/api/drawings/XRPUSDT:1  Failed to load resource: net::ERR_CONNECTION_REFUSED
 ❌ [6:14:35 p. m.] [MiniChart] Error loading drawings for XRPUSDT: 
error @ Logger.js:63
:8000/api/drawings/ETHUSDT:1  Failed to load resource: net::ERR_CONNECTION_REFUSED
 ❌ [6:14:35 p. m.] [MiniChart] Error loading drawings for ETHUSDT: 
error @ Logger.js:63
:8000/api/drawings/BTCUSDT:1  Failed to load resource: net::ERR_CONNECTION_REFUSED
 ❌ [6:14:35 p. m.] [MiniChart] Error loading drawings for BTCUSDT: 
error @ Logger.js:63
:8000/api/drawings/BTCUSDT:1  Failed to load resource: net::ERR_CONNECTION_REFUSED
 ❌ [6:14:35 p. m.] [MiniChart] Error loading drawings for BTCUSDT: 
error @ Logger.js:63
:8000/api/drawings/DOGEUSDT:1  Failed to load resource: net::ERR_CONNECTION_REFUSED
 ❌ [6:14:38 p. m.] [MiniChart] Error loading drawings for DOGEUSDT: 
error @ Logger.js:63
:8000/api/drawings/ADAUSDT:1  Failed to load resource: net::ERR_CONNECTION_REFUSED
 ❌ [6:14:38 p. m.] [MiniChart] Error loading drawings for ADAUSDT: 
error @ Logger.js:63
:8000/api/drawings/SOLUSDT:1  Failed to load resource: net::ERR_CONNECTION_REFUSED
 ❌ [6:14:38 p. m.] [MiniChart] Error loading drawings for SOLUSDT: 
error @ Logger.js:63
:8000/api/drawings/TRBUSDT:1  Failed to load resource: net::ERR_CONNECTION_REFUSED
 ❌ [6:14:38 p. m.] [MiniChart] Error loading drawings for TRBUSDT: 
error @ Logger.js:63
:8000/api/drawings/SUIUSDT:1  Failed to load resource: net::ERR_CONNECTION_REFUSED
 ❌ [6:14:38 p. m.] [MiniChart] Error loading drawings for SUIUSDT: 
error @ Logger.js:63
:8000/api/drawings/GALAUSDT:1  Failed to load resource: net::ERR_CONNECTION_REFUSED
 ❌ [6:14:38 p. m.] [MiniChart] Error loading drawings for GALAUSDT: 
error @ Logger.js:63
:8000/api/drawings/TRXUSDT:1  Failed to load resource: net::ERR_CONNECTION_REFUSED
 ❌ [6:14:38 p. m.] [MiniChart] Error loading drawings for TRXUSDT: 
error @ Logger.js:63
:8000/api/drawings/XRPUSDT:1  Failed to load resource: net::ERR_CONNECTION_REFUSED
 ❌ [6:14:38 p. m.] [MiniChart] Error loading drawings for XRPUSDT: 
error @ Logger.js:63
:8000/api/drawings/ETHUSDT:1  Failed to load resource: net::ERR_CONNECTION_REFUSED
 ❌ [6:14:38 p. m.] [MiniChart] Error loading drawings for ETHUSDT: 
error @ Logger.js:63
:8000/api/drawings/BTCUSDT:1  Failed to load resource: net::ERR_CONNECTION_REFUSED
 ❌ [6:14:38 p. m.] [MiniChart] Error loading drawings for BTCUSDT: 
error @ Logger.js:63
:8000/api/drawings/DOGEUSDT:1  Failed to load resource: net::ERR_CONNECTION_REFUSED
 ❌ [6:14:41 p. m.] [MiniChart] Error loading drawings for DOGEUSDT: 
error @ Logger.js:63
:8000/api/drawings/ADAUSDT:1  Failed to load resource: net::ERR_CONNECTION_REFUSED
 ❌ [6:14:41 p. m.] [MiniChart] Error loading drawings for ADAUSDT: 
error @ Logger.js:63
:8000/api/drawings/SOLUSDT:1  Failed to load resource: net::ERR_CONNECTION_REFUSED
 ❌ [6:14:41 p. m.] [MiniChart] Error loading drawings for SOLUSDT: 
error @ Logger.js:63
:8000/api/drawings/TRBUSDT:1  Failed to load resource: net::ERR_CONNECTION_REFUSED
 ❌ [6:14:41 p. m.] [MiniChart] Error loading drawings for TRBUSDT: 
error @ Logger.js:63
:8000/api/drawings/SUIUSDT:1  Failed to load resource: net::ERR_CONNECTION_REFUSED
 ❌ [6:14:41 p. m.] [MiniChart] Error loading drawings for SUIUSDT: 
error @ Logger.js:63
:8000/api/drawings/GALAUSDT:1  Failed to load resource: net::ERR_CONNECTION_REFUSED
 ❌ [6:14:41 p. m.] [MiniChart] Error loading drawings for GALAUSDT: 
error @ Logger.js:63
:8000/api/drawings/TRXUSDT:1  Failed to load resource: net::ERR_CONNECTION_REFUSED
 ❌ [6:14:41 p. m.] [MiniChart] Error loading drawings for TRXUSDT: 
error @ Logger.js:63
:8000/api/drawings/XRPUSDT:1  Failed to load resource: net::ERR_CONNECTION_REFUSED
 ❌ [6:14:41 p. m.] [MiniChart] Error loading drawings for XRPUSDT: 
error @ Logger.js:63
:8000/api/drawings/ETHUSDT:1  Failed to load resource: net::ERR_CONNECTION_REFUSED
 ❌ [6:14:41 p. m.] [MiniChart] Error loading drawings for ETHUSDT: 
error @ Logger.js:63
:8000/api/drawings/BTCUSDT:1  Failed to load resource: net::ERR_CONNECTION_REFUSED
 ❌ [6:14:41 p. m.] [MiniChart] Error loading drawings for BTCUSDT: 
error @ Logger.js:63
:8000/api/drawings/DOGEUSDT:1  Failed to load resource: net::ERR_CONNECTION_REFUSED
 ❌ [6:14:44 p. m.] [MiniChart] Error loading drawings for DOGEUSDT: 
error @ Logger.js:63
:8000/api/drawings/ADAUSDT:1  Failed to load resource: net::ERR_CONNECTION_REFUSED
 ❌ [6:14:44 p. m.] [MiniChart] Error loading drawings for ADAUSDT: 
error @ Logger.js:63
:8000/api/drawings/SOLUSDT:1  Failed to load resource: net::ERR_CONNECTION_REFUSED
 ❌ [6:14:44 p. m.] [MiniChart] Error loading drawings for SOLUSDT: 
error @ Logger.js:63
:8000/api/drawings/TRBUSDT:1  Failed to load resource: net::ERR_CONNECTION_REFUSED
 ❌ [6:14:44 p. m.] [MiniChart] Error loading drawings for TRBUSDT: 
error @ Logger.js:63
:8000/api/drawings/SUIUSDT:1  Failed to load resource: net::ERR_CONNECTION_REFUSED
 ❌ [6:14:44 p. m.] [MiniChart] Error loading drawings for SUIUSDT: 
error @ Logger.js:63
:8000/api/drawings/GALAUSDT:1  Failed to load resource: net::ERR_CONNECTION_REFUSED
 ❌ [6:14:44 p. m.] [MiniChart] Error loading drawings for GALAUSDT: 
error @ Logger.js:63
:8000/api/drawings/TRXUSDT:1  Failed to load resource: net::ERR_CONNECTION_REFUSED
 ❌ [6:14:44 p. m.] [MiniChart] Error loading drawings for TRXUSDT: 
error @ Logger.js:63
:8000/api/drawings/XRPUSDT:1  Failed to load resource: net::ERR_CONNECTION_REFUSED
 ❌ [6:14:44 p. m.] [MiniChart] Error loading drawings for XRPUSDT: 
error @ Logger.js:63
:8000/api/drawings/ETHUSDT:1  Failed to load resource: net::ERR_CONNECTION_REFUSED
 ❌ [6:14:44 p. m.] [MiniChart] Error loading drawings for ETHUSDT: 
error @ Logger.js:63
:8000/api/drawings/BTCUSDT:1  Failed to load resource: net::ERR_CONNECTION_REFUSED
 ❌ [6:14:44 p. m.] [MiniChart] Error loading drawings for BTCUSDT: 
error @ Logger.js:63
:8000/api/drawings/DOGEUSDT:1  Failed to load resource: net::ERR_CONNECTION_REFUSED
 ❌ [6:14:47 p. m.] [MiniChart] Error loading drawings for DOGEUSDT: 
error @ Logger.js:63
:8000/api/drawings/ADAUSDT:1  Failed to load resource: net::ERR_CONNECTION_REFUSED
 ❌ [6:14:47 p. m.] [MiniChart] Error loading drawings for ADAUSDT: 
error @ Logger.js:63
:8000/api/drawings/SOLUSDT:1  Failed to load resource: net::ERR_CONNECTION_REFUSED
 ❌ [6:14:47 p. m.] [MiniChart] Error loading drawings for SOLUSDT: 
error @ Logger.js:63
:8000/api/drawings/TRBUSDT:1  Failed to load resource: net::ERR_CONNECTION_REFUSED
 ❌ [6:14:47 p. m.] [MiniChart] Error loading drawings for TRBUSDT: 
error @ Logger.js:63
:8000/api/drawings/SUIUSDT:1  Failed to load resource: net::ERR_CONNECTION_REFUSED
 ❌ [6:14:47 p. m.] [MiniChart] Error loading drawings for SUIUSDT: 
error @ Logger.js:63
:8000/api/drawings/GALAUSDT:1  Failed to load resource: net::ERR_CONNECTION_REFUSED
 ❌ [6:14:47 p. m.] [MiniChart] Error loading drawings for GALAUSDT: 
error @ Logger.js:63
:8000/api/drawings/TRXUSDT:1  Failed to load resource: net::ERR_CONNECTION_REFUSED
 ❌ [6:14:47 p. m.] [MiniChart] Error loading drawings for TRXUSDT: 
error @ Logger.js:63
:8000/api/drawings/XRPUSDT:1  Failed to load resource: net::ERR_CONNECTION_REFUSED
 ❌ [6:14:47 p. m.] [MiniChart] Error loading drawings for XRPUSDT: 
error @ Logger.js:63
:8000/api/drawings/ETHUSDT:1  Failed to load resource: net::ERR_CONNECTION_REFUSED
 ❌ [6:14:47 p. m.] [MiniChart] Error loading drawings for ETHUSDT: 
error @ Logger.js:63
:8000/api/drawings/BTCUSDT:1  Failed to load resource: net::ERR_CONNECTION_REFUSED
 ❌ [6:14:47 p. m.] [MiniChart] Error loading drawings for BTCUSDT: 
error @ Logger.js:63
:8000/api/drawings/DOGEUSDT:1  Failed to load resource: net::ERR_CONNECTION_REFUSED
 ❌ [6:14:50 p. m.] [MiniChart] Error loading drawings for DOGEUSDT: 
error @ Logger.js:63
:8000/api/drawings/ADAUSDT:1  Failed to load resource: net::ERR_CONNECTION_REFUSED
 ❌ [6:14:50 p. m.] [MiniChart] Error loading drawings for ADAUSDT: 
error @ Logger.js:63
:8000/api/drawings/SOLUSDT:1  Failed to load resource: net::ERR_CONNECTION_REFUSED
 ❌ [6:14:50 p. m.] [MiniChart] Error loading drawings for SOLUSDT: 
error @ Logger.js:63
:8000/api/drawings/TRBUSDT:1  Failed to load resource: net::ERR_CONNECTION_REFUSED
 ❌ [6:14:50 p. m.] [MiniChart] Error loading drawings for TRBUSDT: 
error @ Logger.js:63
:8000/api/drawings/SUIUSDT:1  Failed to load resource: net::ERR_CONNECTION_REFUSED
 ❌ [6:14:50 p. m.] [MiniChart] Error loading drawings for SUIUSDT: 
error @ Logger.js:63
:8000/api/drawings/GALAUSDT:1  Failed to load resource: net::ERR_CONNECTION_REFUSED
 ❌ [6:14:50 p. m.] [MiniChart] Error loading drawings for GALAUSDT: 
error @ Logger.js:63
:8000/api/drawings/TRXUSDT:1  Failed to load resource: net::ERR_CONNECTION_REFUSED
 ❌ [6:14:50 p. m.] [MiniChart] Error loading drawings for TRXUSDT: 
error @ Logger.js:63
:8000/api/drawings/XRPUSDT:1  Failed to load resource: net::ERR_CONNECTION_REFUSED
 ❌ [6:14:50 p. m.] [MiniChart] Error loading drawings for XRPUSDT: 
error @ Logger.js:63
:8000/api/drawings/ETHUSDT:1  Failed to load resource: net::ERR_CONNECTION_REFUSED
 ❌ [6:14:50 p. m.] [MiniChart] Error loading drawings for ETHUSDT: 
error @ Logger.js:63
:8000/api/drawings/BTCUSDT:1  Failed to load resource: net::ERR_CONNECTION_REFUSED
 ❌ [6:14:50 p. m.] [MiniChart] Error loading drawings for BTCUSDT: 
error @ Logger.js:63
:8000/api/realtime/alerts/history?limit=100:1  Failed to load resource: net::ERR_CONNECTION_REFUSED
 Error loading alerts from backend, falling back to localStorage: 
(anonymous) @ useGlobalAlerts.js:73
:8000/api/realtime/alerts/history?limit=100:1  Failed to load resource: net::ERR_CONNECTION_REFUSED
 Error loading alerts from backend, falling back to localStorage: 
(anonymous) @ useGlobalAlerts.js:73
:8000/api/drawings/DOGEUSDT:1  Failed to load resource: net::ERR_CONNECTION_REFUSED
 ❌ [6:14:53 p. m.] [MiniChart] Error loading drawings for DOGEUSDT: 
error @ Logger.js:63
:8000/api/drawings/ADAUSDT:1  Failed to load resource: net::ERR_CONNECTION_REFUSED
 ❌ [6:14:53 p. m.] [MiniChart] Error loading drawings for ADAUSDT: 
error @ Logger.js:63
:8000/api/drawings/SOLUSDT:1  Failed to load resource: net::ERR_CONNECTION_REFUSED
 ❌ [6:14:53 p. m.] [MiniChart] Error loading drawings for SOLUSDT: 
error @ Logger.js:63
:8000/api/drawings/TRBUSDT:1  Failed to load resource: net::ERR_CONNECTION_REFUSED
 ❌ [6:14:53 p. m.] [MiniChart] Error loading drawings for TRBUSDT: 
error @ Logger.js:63
:8000/api/drawings/SUIUSDT:1  Failed to load resource: net::ERR_CONNECTION_REFUSED
 ❌ [6:14:53 p. m.] [MiniChart] Error loading drawings for SUIUSDT: 
error @ Logger.js:63
:8000/api/drawings/GALAUSDT:1  Failed to load resource: net::ERR_CONNECTION_REFUSED
 ❌ [6:14:53 p. m.] [MiniChart] Error loading drawings for GALAUSDT: 
error @ Logger.js:63
:8000/api/drawings/TRXUSDT:1  Failed to load resource: net::ERR_CONNECTION_REFUSED
 ❌ [6:14:53 p. m.] [MiniChart] Error loading drawings for TRXUSDT: 
error @ Logger.js:63
:8000/api/drawings/XRPUSDT:1  Failed to load resource: net::ERR_CONNECTION_REFUSED
 ❌ [6:14:53 p. m.] [MiniChart] Error loading drawings for XRPUSDT: 
error @ Logger.js:63
:8000/api/drawings/ETHUSDT:1  Failed to load resource: net::ERR_CONNECTION_REFUSED
 ❌ [6:14:53 p. m.] [MiniChart] Error loading drawings for ETHUSDT: 
error @ Logger.js:63
:8000/api/drawings/BTCUSDT:1  Failed to load resource: net::ERR_CONNECTION_REFUSED
 ❌ [6:14:53 p. m.] [MiniChart] Error loading drawings for BTCUSDT: 
error @ Logger.js:63
:8000/api/drawings/DOGEUSDT:1  Failed to load resource: net::ERR_CONNECTION_REFUSED
 ❌ [6:14:56 p. m.] [MiniChart] Error loading drawings for DOGEUSDT: 
error @ Logger.js:63
:8000/api/drawings/ADAUSDT:1  Failed to load resource: net::ERR_CONNECTION_REFUSED
 ❌ [6:14:56 p. m.] [MiniChart] Error loading drawings for ADAUSDT: 
error @ Logger.js:63
:8000/api/drawings/SOLUSDT:1  Failed to load resource: net::ERR_CONNECTION_REFUSED
 ❌ [6:14:56 p. m.] [MiniChart] Error loading drawings for SOLUSDT: 
error @ Logger.js:63
:8000/api/drawings/TRBUSDT:1  Failed to load resource: net::ERR_CONNECTION_REFUSED
 ❌ [6:14:56 p. m.] [MiniChart] Error loading drawings for TRBUSDT: 
error @ Logger.js:63
:8000/api/drawings/SUIUSDT:1  Failed to load resource: net::ERR_CONNECTION_REFUSED
 ❌ [6:14:56 p. m.] [MiniChart] Error loading drawings for SUIUSDT: 
error @ Logger.js:63
:8000/api/drawings/GALAUSDT:1  Failed to load resource: net::ERR_CONNECTION_REFUSED
 ❌ [6:14:56 p. m.] [MiniChart] Error loading drawings for GALAUSDT: 
error @ Logger.js:63
:8000/api/drawings/TRXUSDT:1  Failed to load resource: net::ERR_CONNECTION_REFUSED
 ❌ [6:14:56 p. m.] [MiniChart] Error loading drawings for TRXUSDT: 
error @ Logger.js:63
:8000/api/drawings/XRPUSDT:1  Failed to load resource: net::ERR_CONNECTION_REFUSED
 ❌ [6:14:56 p. m.] [MiniChart] Error loading drawings for XRPUSDT: 
error @ Logger.js:63
:8000/api/drawings/ETHUSDT:1  Failed to load resource: net::ERR_CONNECTION_REFUSED
 ❌ [6:14:56 p. m.] [MiniChart] Error loading drawings for ETHUSDT: 
error @ Logger.js:63
:8000/api/drawings/BTCUSDT:1  Failed to load resource: net::ERR_CONNECTION_REFUSED
 ❌ [6:14:56 p. m.] [MiniChart] Error loading drawings for BTCUSDT: 
error @ Logger.js:63
 [CandleCache] 🔄 LRU evict: candles_SOLUSDT_1 (memoria: 3/4)
 [CandleCache] 🔄 LRU evict: candles_ADAUSDT_1 (memoria: 3/4)
 [CandleCache] 🔄 LRU evict: candles_SUIUSDT_1 (memoria: 3/4)
 [CandleCache] 🔄 LRU evict: candles_TRBUSDT_1 (memoria: 3/4)
 [CandleCache] ✅ DOGEUSDT@1 - guardado (8 velas, memoria: 4/4)
 [CandleCache] ✅ BTCUSDT@1 - guardado (8 velas, memoria: 4/4)
 [CandleCache] ✅ ADAUSDT@1 - guardado (8 velas, memoria: 4/4)
 [CandleCache] ✅ ETHUSDT@1 - guardado (8 velas, memoria: 4/4)
 [CandleCache] 🔄 LRU evict: candles_DOGEUSDT_1 (memoria: 3/4)
 [CandleCache] 🔄 LRU evict: candles_BTCUSDT_1 (memoria: 3/4)
 [CandleCache] 🔄 LRU evict: candles_ADAUSDT_1 (memoria: 3/4)
 [CandleCache] 🔄 LRU evict: candles_ETHUSDT_1 (memoria: 3/4)
 [CandleCache] ✅ XRPUSDT@1 - guardado (8 velas, memoria: 4/4)
 [CandleCache] ✅ TRXUSDT@1 - guardado (8 velas, memoria: 4/4)
 [CandleCache] ✅ TRBUSDT@1 - guardado (8 velas, memoria: 4/4)
 [CandleCache] ✅ GALAUSDT@1 - guardado (8 velas, memoria: 4/4)
 [CandleCache] 🔄 LRU evict: candles_XRPUSDT_1 (memoria: 3/4)
 [CandleCache] 🔄 LRU evict: candles_TRXUSDT_1 (memoria: 3/4)
 [CandleCache] ✅ SOLUSDT@1 - guardado (8 velas, memoria: 4/4)
 [CandleCache] ✅ SUIUSDT@1 - guardado (8 velas, memoria: 4/4)
:8000/api/swing/status:1  Failed to load resource: net::ERR_CONNECTION_REFUSED
 [GALAUSDT] SwingDetector status error: 
fetchStatus @ SwingDetectorIndicator.js:191
:8000/api/swing/status:1  Failed to load resource: net::ERR_CONNECTION_REFUSED
 [TRXUSDT] SwingDetector status error: 
fetchStatus @ SwingDetectorIndicator.js:191
:8000/api/swing/status:1  Failed to load resource: net::ERR_CONNECTION_REFUSED
 [XRPUSDT] SwingDetector status error: 
fetchStatus @ SwingDetectorIndicator.js:191
:8000/api/drawings/DOGEUSDT:1  Failed to load resource: net::ERR_CONNECTION_REFUSED
 ❌ [6:14:59 p. m.] [MiniChart] Error loading drawings for DOGEUSDT: 
error @ Logger.js:63
:8000/api/drawings/ADAUSDT:1  Failed to load resource: net::ERR_CONNECTION_REFUSED
 ❌ [6:14:59 p. m.] [MiniChart] Error loading drawings for ADAUSDT: 
error @ Logger.js:63
:8000/api/drawings/SOLUSDT:1  Failed to load resource: net::ERR_CONNECTION_REFUSED
 ❌ [6:14:59 p. m.] [MiniChart] Error loading drawings for SOLUSDT: 
error @ Logger.js:63
:8000/api/drawings/TRBUSDT:1  Failed to load resource: net::ERR_CONNECTION_REFUSED
 ❌ [6:14:59 p. m.] [MiniChart] Error loading drawings for TRBUSDT: 
error @ Logger.js:63
:8000/api/drawings/SUIUSDT:1  Failed to load resource: net::ERR_CONNECTION_REFUSED
 ❌ [6:14:59 p. m.] [MiniChart] Error loading drawings for SUIUSDT: 
error @ Logger.js:63
:8000/api/drawings/GALAUSDT:1  Failed to load resource: net::ERR_CONNECTION_REFUSED
 ❌ [6:14:59 p. m.] [MiniChart] Error loading drawings for GALAUSDT: 
error @ Logger.js:63
:8000/api/drawings/TRXUSDT:1  Failed to load resource: net::ERR_CONNECTION_REFUSED
 ❌ [6:14:59 p. m.] [MiniChart] Error loading drawings for TRXUSDT: 
error @ Logger.js:63
:8000/api/drawings/DOGEUSDT:1  Failed to load resource: net::ERR_CONNECTION_REFUSED
 ❌ [6:15:00 p. m.] [MiniChart] Error loading drawings for DOGEUSDT: 
error @ Logger.js:63
:8000/api/drawings/ADAUSDT:1  Failed to load resource: net::ERR_CONNECTION_REFUSED
 ❌ [6:15:00 p. m.] [MiniChart] Error loading drawings for ADAUSDT: 
error @ Logger.js:63
:8000/api/drawings/SOLUSDT:1  Failed to load resource: net::ERR_CONNECTION_REFUSED
 ❌ [6:15:00 p. m.] [MiniChart] Error loading drawings for SOLUSDT: 
error @ Logger.js:63
:8000/api/status:1  Failed to load resource: net::ERR_CONNECTION_REFUSED
:8000/api/drawings/TRBUSDT:1  Failed to load resource: net::ERR_CONNECTION_REFUSED
 ❌ [6:15:02 p. m.] [MiniChart] Error loading drawings for TRBUSDT: 
error @ Logger.js:63
:8000/api/drawings/SUIUSDT:1  Failed to load resource: net::ERR_CONNECTION_REFUSED
 ❌ [6:15:02 p. m.] [MiniChart] Error loading drawings for SUIUSDT: 
error @ Logger.js:63
:8000/api/drawings/GALAUSDT:1  Failed to load resource: net::ERR_CONNECTION_REFUSED
 ❌ [6:15:02 p. m.] [MiniChart] Error loading drawings for GALAUSDT: 
error @ Logger.js:63
:8000/api/drawings/TRXUSDT:1  Failed to load resource: net::ERR_CONNECTION_REFUSED
 ❌ [6:15:02 p. m.] [MiniChart] Error loading drawings for TRXUSDT: 
error @ Logger.js:63
:8000/api/drawings/XRPUSDT:1  Failed to load resource: net::ERR_CONNECTION_REFUSED
 ❌ [6:15:02 p. m.] [MiniChart] Error loading drawings for XRPUSDT: 
error @ Logger.js:63
:8000/api/drawings/ETHUSDT:1  Failed to load resource: net::ERR_CONNECTION_REFUSED
 ❌ [6:15:02 p. m.] [MiniChart] Error loading drawings for ETHUSDT: 
error @ Logger.js:63
:8000/api/drawings/BTCUSDT:1  Failed to load resource: net::ERR_CONNECTION_REFUSED
 ❌ [6:15:02 p. m.] [MiniChart] Error loading drawings for BTCUSDT: 
error @ Logger.js:63
:8000/api/drawings/XRPUSDT:1  Failed to load resource: net::ERR_CONNECTION_REFUSED
 ❌ [6:15:02 p. m.] [MiniChart] Error loading drawings for XRPUSDT: 
error @ Logger.js:63
:8000/api/drawings/ETHUSDT:1  Failed to load resource: net::ERR_CONNECTION_REFUSED
 ❌ [6:15:02 p. m.] [MiniChart] Error loading drawings for ETHUSDT: 
error @ Logger.js:63
:8000/api/drawings/DOGEUSDT:1  Failed to load resource: net::ERR_CONNECTION_REFUSED
 ❌ [6:15:03 p. m.] [MiniChart] Error loading drawings for DOGEUSDT: 
error @ Logger.js:63
:8000/api/drawings/ADAUSDT:1  Failed to load resource: net::ERR_CONNECTION_REFUSED
 ❌ [6:15:05 p. m.] [MiniChart] Error loading drawings for ADAUSDT: 
error @ Logger.js:63
:8000/api/drawings/SOLUSDT:1  Failed to load resource: net::ERR_CONNECTION_REFUSED
 ❌ [6:15:05 p. m.] [MiniChart] Error loading drawings for SOLUSDT: 
error @ Logger.js:63
:8000/api/drawings/TRBUSDT:1  Failed to load resource: net::ERR_CONNECTION_REFUSED
 ❌ [6:15:05 p. m.] [MiniChart] Error loading drawings for TRBUSDT: 
error @ Logger.js:63
:8000/api/drawings/SUIUSDT:1  Failed to load resource: net::ERR_CONNECTION_REFUSED
 ❌ [6:15:05 p. m.] [MiniChart] Error loading drawings for SUIUSDT: 
error @ Logger.js:63
:8000/api/drawings/GALAUSDT:1  Failed to load resource: net::ERR_CONNECTION_REFUSED
 ❌ [6:15:05 p. m.] [MiniChart] Error loading drawings for GALAUSDT: 
error @ Logger.js:63
:8000/api/drawings/TRXUSDT:1  Failed to load resource: net::ERR_CONNECTION_REFUSED
 ❌ [6:15:05 p. m.] [MiniChart] Error loading drawings for TRXUSDT: 
error @ Logger.js:63
:8000/api/drawings/XRPUSDT:1  Failed to load resource: net::ERR_CONNECTION_REFUSED
 ❌ [6:15:05 p. m.] [MiniChart] Error loading drawings for XRPUSDT: 
error @ Logger.js:63
:8000/api/drawings/ETHUSDT:1  Failed to load resource: net::ERR_CONNECTION_REFUSED
 ❌ [6:15:05 p. m.] [MiniChart] Error loading drawings for ETHUSDT: 
error @ Logger.js:63
:8000/api/drawings/BTCUSDT:1  Failed to load resource: net::ERR_CONNECTION_REFUSED
 ❌ [6:15:05 p. m.] [MiniChart] Error loading drawings for BTCUSDT: 
error @ Logger.js:63
:8000/api/drawings/BTCUSDT:1  Failed to load resource: net::ERR_CONNECTION_REFUSED
 ❌ [6:15:05 p. m.] [MiniChart] Error loading drawings for BTCUSDT: 
error @ Logger.js:63
:8000/api/swing/status:1  Failed to load resource: net::ERR_CONNECTION_REFUSED
 [DOGEUSDT] SwingDetector status error: 
fetchStatus @ SwingDetectorIndicator.js:191
:8000/api/swing/status:1  Failed to load resource: net::ERR_CONNECTION_REFUSED
 [ADAUSDT] SwingDetector status error: 
fetchStatus @ SwingDetectorIndicator.js:191
:8000/api/swing/status:1  Failed to load resource: net::ERR_CONNECTION_REFUSED
 [SOLUSDT] SwingDetector status error: 
fetchStatus @ SwingDetectorIndicator.js:191
:8000/api/swing/status:1  Failed to load resource: net::ERR_CONNECTION_REFUSED
 [TRBUSDT] SwingDetector status error: 
fetchStatus @ SwingDetectorIndicator.js:191
:8000/api/swing/status:1  Failed to load resource: net::ERR_CONNECTION_REFUSED
 [SUIUSDT] SwingDetector status error: 
fetchStatus @ SwingDetectorIndicator.js:191
:8000/api/swing/status:1  Failed to load resource: net::ERR_CONNECTION_REFUSED
 [GALAUSDT] SwingDetector status error: 
fetchStatus @ SwingDetectorIndicator.js:191
:8000/api/swing/status:1  Failed to load resource: net::ERR_CONNECTION_REFUSED
 [TRXUSDT] SwingDetector status error: 
fetchStatus @ SwingDetectorIndicator.js:191
:8000/api/swing/status:1  Failed to load resource: net::ERR_CONNECTION_REFUSED
 [XRPUSDT] SwingDetector status error: 
fetchStatus @ SwingDetectorIndicator.js:191
:8000/api/swing/status:1  Failed to load resource: net::ERR_CONNECTION_REFUSED
 [ETHUSDT] SwingDetector status error: 
fetchStatus @ SwingDetectorIndicator.js:191
:8000/api/swing/status:1  Failed to load resource: net::ERR_CONNECTION_REFUSED
 [BTCUSDT] SwingDetector status error: 
fetchStatus @ SwingDetectorIndicator.js:191
:8000/api/swing/status:1  Failed to load resource: net::ERR_CONNECTION_REFUSED
 [DOGEUSDT] SwingDetector status error: 
fetchStatus @ SwingDetectorIndicator.js:191
:8000/api/swing/status:1  Failed to load resource: net::ERR_CONNECTION_REFUSED
 [ADAUSDT] SwingDetector status error: 
fetchStatus @ SwingDetectorIndicator.js:191
:8000/api/swing/status:1  Failed to load resource: net::ERR_CONNECTION_REFUSED
 [SOLUSDT] SwingDetector status error: 
fetchStatus @ SwingDetectorIndicator.js:191
:8000/api/swing/status:1  Failed to load resource: net::ERR_CONNECTION_REFUSED
 [TRBUSDT] SwingDetector status error: 
fetchStatus @ SwingDetectorIndicator.js:191
:8000/api/swing/status:1  Failed to load resource: net::ERR_CONNECTION_REFUSED
 [SUIUSDT] SwingDetector status error: 
fetchStatus @ SwingDetectorIndicator.js:191
:8000/api/swing/status:1  Failed to load resource: net::ERR_CONNECTION_REFUSED
 [GALAUSDT] SwingDetector status error: 
fetchStatus @ SwingDetectorIndicator.js:191
:8000/api/swing/status:1  Failed to load resource: net::ERR_CONNECTION_REFUSED
 [TRXUSDT] SwingDetector status error: 
fetchStatus @ SwingDetectorIndicator.js:191
:8000/api/swing/status:1  Failed to load resource: net::ERR_CONNECTION_REFUSED
 [XRPUSDT] SwingDetector status error: 
fetchStatus @ SwingDetectorIndicator.js:191
:8000/api/swing/status:1  Failed to load resource: net::ERR_CONNECTION_REFUSED
 [ETHUSDT] SwingDetector status error: 
fetchStatus @ SwingDetectorIndicator.js:191
:8000/api/swing/status:1  Failed to load resource: net::ERR_CONNECTION_REFUSED
 [BTCUSDT] SwingDetector status error: 
fetchStatus @ SwingDetectorIndicator.js:191
:8000/api/swing/status:1  Failed to load resource: net::ERR_CONNECTION_REFUSED
 [DOGEUSDT] SwingDetector status error: 
fetchStatus @ SwingDetectorIndicator.js:191
:8000/api/swing/status:1  Failed to load resource: net::ERR_CONNECTION_REFUSED
 [ADAUSDT] SwingDetector status error: 
fetchStatus @ SwingDetectorIndicator.js:191
:8000/api/swing/status:1  Failed to load resource: net::ERR_CONNECTION_REFUSED
 [SOLUSDT] SwingDetector status error: 
fetchStatus @ SwingDetectorIndicator.js:191
:8000/api/swing/status:1  Failed to load resource: net::ERR_CONNECTION_REFUSED
 [TRBUSDT] SwingDetector status error: 
fetchStatus @ SwingDetectorIndicator.js:191
:8000/api/swing/status:1  Failed to load resource: net::ERR_CONNECTION_REFUSED
 [SUIUSDT] SwingDetector status error: 
fetchStatus @ SwingDetectorIndicator.js:191
:8000/api/swing/status:1  Failed to load resource: net::ERR_CONNECTION_REFUSED
 [GALAUSDT] SwingDetector status error: 
fetchStatus @ SwingDetectorIndicator.js:191
:8000/api/swing/status:1  Failed to load resource: net::ERR_CONNECTION_REFUSED
 [TRXUSDT] SwingDetector status error: 
fetchStatus @ SwingDetectorIndicator.js:191
:8000/api/swing/status:1  Failed to load resource: net::ERR_CONNECTION_REFUSED
 [XRPUSDT] SwingDetector status error: 
fetchStatus @ SwingDetectorIndicator.js:191
:8000/api/swing/status:1  Failed to load resource: net::ERR_CONNECTION_REFUSED
 [ETHUSDT] SwingDetector status error: 
fetchStatus @ SwingDetectorIndicator.js:191
:8000/api/swing/status:1  Failed to load resource: net::ERR_CONNECTION_REFUSED
 [BTCUSDT] SwingDetector status error: 
fetchStatus @ SwingDetectorIndicator.js:191
:8000/api/swing/status:1  Failed to load resource: net::ERR_CONNECTION_REFUSED
 [DOGEUSDT] SwingDetector status error: 
fetchStatus @ SwingDetectorIndicator.js:191
:8000/api/swing/status:1  Failed to load resource: net::ERR_CONNECTION_REFUSED
 [ADAUSDT] SwingDetector status error: 
fetchStatus @ SwingDetectorIndicator.js:191
:8000/api/swing/status:1  Failed to load resource: net::ERR_CONNECTION_REFUSED
 [SOLUSDT] SwingDetector status error: 
fetchStatus @ SwingDetectorIndicator.js:191
:8000/api/drawings/DOGEUSDT:1  Failed to load resource: net::ERR_CONNECTION_REFUSED
 ❌ [6:15:08 p. m.] [MiniChart] Error loading drawings for DOGEUSDT: 
error @ Logger.js:63
:8000/api/drawings/ADAUSDT:1  Failed to load resource: net::ERR_CONNECTION_REFUSED
 ❌ [6:15:08 p. m.] [MiniChart] Error loading drawings for ADAUSDT: 
error @ Logger.js:63
:8000/api/drawings/SOLUSDT:1  Failed to load resource: net::ERR_CONNECTION_REFUSED
 ❌ [6:15:08 p. m.] [MiniChart] Error loading drawings for SOLUSDT: 
error @ Logger.js:63
:8000/api/drawings/TRBUSDT:1  Failed to load resource: net::ERR_CONNECTION_REFUSED
 ❌ [6:15:08 p. m.] [MiniChart] Error loading drawings for TRBUSDT: 
error @ Logger.js:63
:8000/api/drawings/SUIUSDT:1  Failed to load resource: net::ERR_CONNECTION_REFUSED
 ❌ [6:15:08 p. m.] [MiniChart] Error loading drawings for SUIUSDT: 
error @ Logger.js:63
:8000/api/drawings/GALAUSDT:1  Failed to load resource: net::ERR_CONNECTION_REFUSED
 ❌ [6:15:08 p. m.] [MiniChart] Error loading drawings for GALAUSDT: 
error @ Logger.js:63
:8000/api/drawings/TRXUSDT:1  Failed to load resource: net::ERR_CONNECTION_REFUSED
 ❌ [6:15:08 p. m.] [MiniChart] Error loading drawings for TRXUSDT: 
error @ Logger.js:63
:8000/api/drawings/XRPUSDT:1  Failed to load resource: net::ERR_CONNECTION_REFUSED
 ❌ [6:15:08 p. m.] [MiniChart] Error loading drawings for XRPUSDT: 
error @ Logger.js:63
:8000/api/drawings/ETHUSDT:1  Failed to load resource: net::ERR_CONNECTION_REFUSED
 ❌ [6:15:08 p. m.] [MiniChart] Error loading drawings for ETHUSDT: 
error @ Logger.js:63
:8000/api/drawings/BTCUSDT:1  Failed to load resource: net::ERR_CONNECTION_REFUSED
 ❌ [6:15:08 p. m.] [MiniChart] Error loading drawings for BTCUSDT: 
error @ Logger.js:63
:8000/api/swing/status:1  Failed to load resource: net::ERR_CONNECTION_REFUSED
 [TRBUSDT] SwingDetector status error: 
fetchStatus @ SwingDetectorIndicator.js:191
:8000/api/swing/status:1  Failed to load resource: net::ERR_CONNECTION_REFUSED
 [SUIUSDT] SwingDetector status error: 
fetchStatus @ SwingDetectorIndicator.js:191
:8000/api/drawings/DOGEUSDT:1  Failed to load resource: net::ERR_CONNECTION_REFUSED
 ❌ [6:15:11 p. m.] [MiniChart] Error loading drawings for DOGEUSDT: 
error @ Logger.js:63
:8000/api/drawings/ADAUSDT:1  Failed to load resource: net::ERR_CONNECTION_REFUSED
 ❌ [6:15:11 p. m.] [MiniChart] Error loading drawings for ADAUSDT: 
error @ Logger.js:63
:8000/api/drawings/SOLUSDT:1  Failed to load resource: net::ERR_CONNECTION_REFUSED
 ❌ [6:15:11 p. m.] [MiniChart] Error loading drawings for SOLUSDT: 
error @ Logger.js:63
:8000/api/drawings/TRBUSDT:1  Failed to load resource: net::ERR_CONNECTION_REFUSED
 ❌ [6:15:11 p. m.] [MiniChart] Error loading drawings for TRBUSDT: 
error @ Logger.js:63
:8000/api/drawings/SUIUSDT:1  Failed to load resource: net::ERR_CONNECTION_REFUSED
 ❌ [6:15:11 p. m.] [MiniChart] Error loading drawings for SUIUSDT: 
error @ Logger.js:63
:8000/api/drawings/GALAUSDT:1  Failed to load resource: net::ERR_CONNECTION_REFUSED
 ❌ [6:15:11 p. m.] [MiniChart] Error loading drawings for GALAUSDT: 
error @ Logger.js:63
:8000/api/drawings/TRXUSDT:1  Failed to load resource: net::ERR_CONNECTION_REFUSED
 ❌ [6:15:11 p. m.] [MiniChart] Error loading drawings for TRXUSDT: 
error @ Logger.js:63
:8000/api/drawings/XRPUSDT:1  Failed to load resource: net::ERR_CONNECTION_REFUSED
 ❌ [6:15:11 p. m.] [MiniChart] Error loading drawings for XRPUSDT: 
error @ Logger.js:63
:8000/api/drawings/ETHUSDT:1  Failed to load resource: net::ERR_CONNECTION_REFUSED
 ❌ [6:15:11 p. m.] [MiniChart] Error loading drawings for ETHUSDT: 
error @ Logger.js:63
:8000/api/drawings/BTCUSDT:1  Failed to load resource: net::ERR_CONNECTION_REFUSED
 ❌ [6:15:11 p. m.] [MiniChart] Error loading drawings for BTCUSDT: 
error @ Logger.js:63
:8000/api/drawings/DOGEUSDT:1  Failed to load resource: net::ERR_CONNECTION_REFUSED
 ❌ [6:15:14 p. m.] [MiniChart] Error loading drawings for DOGEUSDT: 
error @ Logger.js:63
:8000/api/drawings/ADAUSDT:1  Failed to load resource: net::ERR_CONNECTION_REFUSED
 ❌ [6:15:14 p. m.] [MiniChart] Error loading drawings for ADAUSDT: 
error @ Logger.js:63
:8000/api/drawings/SOLUSDT:1  Failed to load resource: net::ERR_CONNECTION_REFUSED
 ❌ [6:15:14 p. m.] [MiniChart] Error loading drawings for SOLUSDT: 
error @ Logger.js:63
:8000/api/drawings/TRBUSDT:1  Failed to load resource: net::ERR_CONNECTION_REFUSED
 ❌ [6:15:14 p. m.] [MiniChart] Error loading drawings for TRBUSDT: 
error @ Logger.js:63
:8000/api/drawings/SUIUSDT:1  Failed to load resource: net::ERR_CONNECTION_REFUSED
 ❌ [6:15:14 p. m.] [MiniChart] Error loading drawings for SUIUSDT: 
error @ Logger.js:63
:8000/api/drawings/GALAUSDT:1  Failed to load resource: net::ERR_CONNECTION_REFUSED
 ❌ [6:15:14 p. m.] [MiniChart] Error loading drawings for GALAUSDT: 
error @ Logger.js:63
:8000/api/drawings/TRXUSDT:1  Failed to load resource: net::ERR_CONNECTION_REFUSED
 ❌ [6:15:14 p. m.] [MiniChart] Error loading drawings for TRXUSDT: 
error @ Logger.js:63
:8000/api/drawings/XRPUSDT:1  Failed to load resource: net::ERR_CONNECTION_REFUSED
 ❌ [6:15:14 p. m.] [MiniChart] Error loading drawings for XRPUSDT: 
error @ Logger.js:63
:8000/api/drawings/ETHUSDT:1  Failed to load resource: net::ERR_CONNECTION_REFUSED
 ❌ [6:15:14 p. m.] [MiniChart] Error loading drawings for ETHUSDT: 
error @ Logger.js:63
:8000/api/drawings/BTCUSDT:1  Failed to load resource: net::ERR_CONNECTION_REFUSED
 ❌ [6:15:14 p. m.] [MiniChart] Error loading drawings for BTCUSDT: 
error @ Logger.js:63
:8000/api/drawings/DOGEUSDT:1  Failed to load resource: net::ERR_CONNECTION_REFUSED
 ❌ [6:15:17 p. m.] [MiniChart] Error loading drawings for DOGEUSDT: 
error @ Logger.js:63
:8000/api/drawings/ADAUSDT:1  Failed to load resource: net::ERR_CONNECTION_REFUSED
 ❌ [6:15:17 p. m.] [MiniChart] Error loading drawings for ADAUSDT: 
error @ Logger.js:63
:8000/api/drawings/SOLUSDT:1  Failed to load resource: net::ERR_CONNECTION_REFUSED
 ❌ [6:15:17 p. m.] [MiniChart] Error loading drawings for SOLUSDT: 
error @ Logger.js:63
:8000/api/drawings/TRBUSDT:1  Failed to load resource: net::ERR_CONNECTION_REFUSED
 ❌ [6:15:17 p. m.] [MiniChart] Error loading drawings for TRBUSDT: 
error @ Logger.js:63
:8000/api/drawings/SUIUSDT:1  Failed to load resource: net::ERR_CONNECTION_REFUSED
 ❌ [6:15:17 p. m.] [MiniChart] Error loading drawings for SUIUSDT: 
error @ Logger.js:63
:8000/api/drawings/GALAUSDT:1  Failed to load resource: net::ERR_CONNECTION_REFUSED
 ❌ [6:15:17 p. m.] [MiniChart] Error loading drawings for GALAUSDT: 
error @ Logger.js:63
:8000/api/drawings/TRXUSDT:1  Failed to load resource: net::ERR_CONNECTION_REFUSED
 ❌ [6:15:17 p. m.] [MiniChart] Error loading drawings for TRXUSDT: 
error @ Logger.js:63
:8000/api/drawings/XRPUSDT:1  Failed to load resource: net::ERR_CONNECTION_REFUSED
 ❌ [6:15:17 p. m.] [MiniChart] Error loading drawings for XRPUSDT: 
error @ Logger.js:63
:8000/api/drawings/ETHUSDT:1  Failed to load resource: net::ERR_CONNECTION_REFUSED
 ❌ [6:15:17 p. m.] [MiniChart] Error loading drawings for ETHUSDT: 
error @ Logger.js:63
:8000/api/drawings/BTCUSDT:1  Failed to load resource: net::ERR_CONNECTION_REFUSED
 ❌ [6:15:17 p. m.] [MiniChart] Error loading drawings for BTCUSDT: 
error @ Logger.js:63
:8000/api/drawings/DOGEUSDT:1  Failed to load resource: net::ERR_CONNECTION_REFUSED
 ❌ [6:15:20 p. m.] [MiniChart] Error loading drawings for DOGEUSDT: 
error @ Logger.js:63
:8000/api/drawings/ADAUSDT:1  Failed to load resource: net::ERR_CONNECTION_REFUSED
 ❌ [6:15:20 p. m.] [MiniChart] Error loading drawings for ADAUSDT: 
error @ Logger.js:63
:8000/api/drawings/SOLUSDT:1  Failed to load resource: net::ERR_CONNECTION_REFUSED
 ❌ [6:15:20 p. m.] [MiniChart] Error loading drawings for SOLUSDT: 
error @ Logger.js:63
:8000/api/drawings/TRBUSDT:1  Failed to load resource: net::ERR_CONNECTION_REFUSED
 ❌ [6:15:20 p. m.] [MiniChart] Error loading drawings for TRBUSDT: 
error @ Logger.js:63
:8000/api/drawings/SUIUSDT:1  Failed to load resource: net::ERR_CONNECTION_REFUSED
 ❌ [6:15:20 p. m.] [MiniChart] Error loading drawings for SUIUSDT: 
error @ Logger.js:63
:8000/api/drawings/GALAUSDT:1  Failed to load resource: net::ERR_CONNECTION_REFUSED
 ❌ [6:15:20 p. m.] [MiniChart] Error loading drawings for GALAUSDT: 
error @ Logger.js:63
:8000/api/drawings/TRXUSDT:1  Failed to load resource: net::ERR_CONNECTION_REFUSED
 ❌ [6:15:20 p. m.] [MiniChart] Error loading drawings for TRXUSDT: 
error @ Logger.js:63
:8000/api/drawings/XRPUSDT:1  Failed to load resource: net::ERR_CONNECTION_REFUSED
 ❌ [6:15:20 p. m.] [MiniChart] Error loading drawings for XRPUSDT: 
error @ Logger.js:63
:8000/api/drawings/ETHUSDT:1  Failed to load resource: net::ERR_CONNECTION_REFUSED
 ❌ [6:15:20 p. m.] [MiniChart] Error loading drawings for ETHUSDT: 
error @ Logger.js:63
:8000/api/drawings/BTCUSDT:1  Failed to load resource: net::ERR_CONNECTION_REFUSED
 ❌ [6:15:20 p. m.] [MiniChart] Error loading drawings for BTCUSDT: 
error @ Logger.js:63
:8000/api/realtime/alerts/history?limit=100:1  Failed to load resource: net::ERR_CONNECTION_REFUSED
 Error loading alerts from backend, falling back to localStorage: 
(anonymous) @ useGlobalAlerts.js:73
:8000/api/realtime/alerts/history?limit=100:1  Failed to load resource: net::ERR_CONNECTION_REFUSED
 Error loading alerts from backend, falling back to localStorage: 
(anonymous) @ useGlobalAlerts.js:73
:8000/api/drawings/DOGEUSDT:1  Failed to load resource: net::ERR_CONNECTION_REFUSED
 ❌ [6:15:23 p. m.] [MiniChart] Error loading drawings for DOGEUSDT: 
error @ Logger.js:63
:8000/api/drawings/ADAUSDT:1  Failed to load resource: net::ERR_CONNECTION_REFUSED
 ❌ [6:15:23 p. m.] [MiniChart] Error loading drawings for ADAUSDT: 
error @ Logger.js:63
:8000/api/drawings/SOLUSDT:1  Failed to load resource: net::ERR_CONNECTION_REFUSED
 ❌ [6:15:23 p. m.] [MiniChart] Error loading drawings for SOLUSDT: 
error @ Logger.js:63
:8000/api/drawings/TRBUSDT:1  Failed to load resource: net::ERR_CONNECTION_REFUSED
 ❌ [6:15:23 p. m.] [MiniChart] Error loading drawings for TRBUSDT: 
error @ Logger.js:63
:8000/api/drawings/SUIUSDT:1  Failed to load resource: net::ERR_CONNECTION_REFUSED
 ❌ [6:15:23 p. m.] [MiniChart] Error loading drawings for SUIUSDT: 
error @ Logger.js:63
:8000/api/drawings/GALAUSDT:1  Failed to load resource: net::ERR_CONNECTION_REFUSED
 ❌ [6:15:23 p. m.] [MiniChart] Error loading drawings for GALAUSDT: 
error @ Logger.js:63
:8000/api/drawings/TRXUSDT:1  Failed to load resource: net::ERR_CONNECTION_REFUSED
 ❌ [6:15:23 p. m.] [MiniChart] Error loading drawings for TRXUSDT: 
error @ Logger.js:63
:8000/api/drawings/XRPUSDT:1  Failed to load resource: net::ERR_CONNECTION_REFUSED
 ❌ [6:15:23 p. m.] [MiniChart] Error loading drawings for XRPUSDT: 
error @ Logger.js:63
:8000/api/drawings/ETHUSDT:1  Failed to load resource: net::ERR_CONNECTION_REFUSED
 ❌ [6:15:23 p. m.] [MiniChart] Error loading drawings for ETHUSDT: 
error @ Logger.js:63
:8000/api/drawings/BTCUSDT:1  Failed to load resource: net::ERR_CONNECTION_REFUSED
 ❌ [6:15:23 p. m.] [MiniChart] Error loading drawings for BTCUSDT: 
error @ Logger.js:63
:8000/api/drawings/DOGEUSDT:1  Failed to load resource: net::ERR_CONNECTION_REFUSED
 ❌ [6:15:26 p. m.] [MiniChart] Error loading drawings for DOGEUSDT: 
error @ Logger.js:63
:8000/api/drawings/ADAUSDT:1  Failed to load resource: net::ERR_CONNECTION_REFUSED
 ❌ [6:15:26 p. m.] [MiniChart] Error loading drawings for ADAUSDT: 
error @ Logger.js:63
:8000/api/drawings/SOLUSDT:1  Failed to load resource: net::ERR_CONNECTION_REFUSED
 ❌ [6:15:26 p. m.] [MiniChart] Error loading drawings for SOLUSDT: 
error @ Logger.js:63
:8000/api/drawings/TRBUSDT:1  Failed to load resource: net::ERR_CONNECTION_REFUSED
 ❌ [6:15:26 p. m.] [MiniChart] Error loading drawings for TRBUSDT: 
error @ Logger.js:63
:8000/api/drawings/SUIUSDT:1  Failed to load resource: net::ERR_CONNECTION_REFUSED
 ❌ [6:15:26 p. m.] [MiniChart] Error loading drawings for SUIUSDT: 
error @ Logger.js:63
:8000/api/drawings/GALAUSDT:1  Failed to load resource: net::ERR_CONNECTION_REFUSED
 ❌ [6:15:26 p. m.] [MiniChart] Error loading drawings for GALAUSDT: 
error @ Logger.js:63
:8000/api/drawings/TRXUSDT:1  Failed to load resource: net::ERR_CONNECTION_REFUSED
 ❌ [6:15:26 p. m.] [MiniChart] Error loading drawings for TRXUSDT: 
error @ Logger.js:63
:8000/api/drawings/XRPUSDT:1  Failed to load resource: net::ERR_CONNECTION_REFUSED
 ❌ [6:15:26 p. m.] [MiniChart] Error loading drawings for XRPUSDT: 
error @ Logger.js:63
:8000/api/drawings/ETHUSDT:1  Failed to load resource: net::ERR_CONNECTION_REFUSED
 ❌ [6:15:26 p. m.] [MiniChart] Error loading drawings for ETHUSDT: 
error @ Logger.js:63
:8000/api/drawings/BTCUSDT:1  Failed to load resource: net::ERR_CONNECTION_REFUSED
 ❌ [6:15:26 p. m.] [MiniChart] Error loading drawings for BTCUSDT: 
error @ Logger.js:63
:8000/api/drawings/DOGEUSDT:1  Failed to load resource: net::ERR_CONNECTION_REFUSED
 ❌ [6:15:29 p. m.] [MiniChart] Error loading drawings for DOGEUSDT: 
error @ Logger.js:63
:8000/api/drawings/ADAUSDT:1  Failed to load resource: net::ERR_CONNECTION_REFUSED
 ❌ [6:15:29 p. m.] [MiniChart] Error loading drawings for ADAUSDT: 
error @ Logger.js:63
:8000/api/drawings/SOLUSDT:1  Failed to load resource: net::ERR_CONNECTION_REFUSED
 ❌ [6:15:29 p. m.] [MiniChart] Error loading drawings for SOLUSDT: 
error @ Logger.js:63
:8000/api/drawings/TRBUSDT:1  Failed to load resource: net::ERR_CONNECTION_REFUSED
 ❌ [6:15:29 p. m.] [MiniChart] Error loading drawings for TRBUSDT: 
error @ Logger.js:63
:8000/api/drawings/SUIUSDT:1  Failed to load resource: net::ERR_CONNECTION_REFUSED
 ❌ [6:15:29 p. m.] [MiniChart] Error loading drawings for SUIUSDT: 
error @ Logger.js:63
:8000/api/drawings/GALAUSDT:1  Failed to load resource: net::ERR_CONNECTION_REFUSED
 ❌ [6:15:29 p. m.] [MiniChart] Error loading drawings for GALAUSDT: 
error @ Logger.js:63
:8000/api/drawings/TRXUSDT:1  Failed to load resource: net::ERR_CONNECTION_REFUSED
 ❌ [6:15:29 p. m.] [MiniChart] Error loading drawings for TRXUSDT: 
error @ Logger.js:63
:8000/api/drawings/XRPUSDT:1  Failed to load resource: net::ERR_CONNECTION_REFUSED
 ❌ [6:15:29 p. m.] [MiniChart] Error loading drawings for XRPUSDT: 
error @ Logger.js:63
:8000/api/drawings/ETHUSDT:1  Failed to load resource: net::ERR_CONNECTION_REFUSED
 ❌ [6:15:29 p. m.] [MiniChart] Error loading drawings for ETHUSDT: 
error @ Logger.js:63
:8000/api/drawings/BTCUSDT:1  Failed to load resource: net::ERR_CONNECTION_REFUSED
 ❌ [6:15:29 p. m.] [MiniChart] Error loading drawings for BTCUSDT: 
error @ Logger.js:63
:8000/api/status:1  Failed to load resource: net::ERR_CONNECTION_REFUSED
:8000/api/drawings/DOGEUSDT:1  Failed to load resource: net::ERR_CONNECTION_REFUSED
 ❌ [6:15:32 p. m.] [MiniChart] Error loading drawings for DOGEUSDT: 
error @ Logger.js:63
:8000/api/drawings/ADAUSDT:1  Failed to load resource: net::ERR_CONNECTION_REFUSED
 ❌ [6:15:32 p. m.] [MiniChart] Error loading drawings for ADAUSDT: 
error @ Logger.js:63
:8000/api/drawings/SOLUSDT:1  Failed to load resource: net::ERR_CONNECTION_REFUSED
 ❌ [6:15:32 p. m.] [MiniChart] Error loading drawings for SOLUSDT: 
error @ Logger.js:63
:8000/api/drawings/TRBUSDT:1  Failed to load resource: net::ERR_CONNECTION_REFUSED
 ❌ [6:15:32 p. m.] [MiniChart] Error loading drawings for TRBUSDT: 
error @ Logger.js:63
:8000/api/drawings/SUIUSDT:1  Failed to load resource: net::ERR_CONNECTION_REFUSED
 ❌ [6:15:32 p. m.] [MiniChart] Error loading drawings for SUIUSDT: 
error @ Logger.js:63
:8000/api/drawings/GALAUSDT:1  Failed to load resource: net::ERR_CONNECTION_REFUSED
 ❌ [6:15:32 p. m.] [MiniChart] Error loading drawings for GALAUSDT: 
error @ Logger.js:63
:8000/api/drawings/TRXUSDT:1  Failed to load resource: net::ERR_CONNECTION_REFUSED
 ❌ [6:15:32 p. m.] [MiniChart] Error loading drawings for TRXUSDT: 
error @ Logger.js:63
:8000/api/drawings/XRPUSDT:1  Failed to load resource: net::ERR_CONNECTION_REFUSED
 ❌ [6:15:32 p. m.] [MiniChart] Error loading drawings for XRPUSDT: 
error @ Logger.js:63
:8000/api/drawings/ETHUSDT:1  Failed to load resource: net::ERR_CONNECTION_REFUSED
 ❌ [6:15:32 p. m.] [MiniChart] Error loading drawings for ETHUSDT: 
error @ Logger.js:63
:8000/api/drawings/DOGEUSDT:1  Failed to load resource: net::ERR_CONNECTION_REFUSED
 ❌ [6:15:33 p. m.] [MiniChart] Error loading drawings for DOGEUSDT: 
error @ Logger.js:63
:8000/api/drawings/ADAUSDT:1  Failed to load resource: net::ERR_CONNECTION_REFUSED
 ❌ [6:15:35 p. m.] [MiniChart] Error loading drawings for ADAUSDT: 
error @ Logger.js:63
:8000/api/drawings/SOLUSDT:1  Failed to load resource: net::ERR_CONNECTION_REFUSED
 ❌ [6:15:35 p. m.] [MiniChart] Error loading drawings for SOLUSDT: 
error @ Logger.js:63
:8000/api/drawings/TRBUSDT:1  Failed to load resource: net::ERR_CONNECTION_REFUSED
 ❌ [6:15:35 p. m.] [MiniChart] Error loading drawings for TRBUSDT: 
error @ Logger.js:63
:8000/api/drawings/SUIUSDT:1  Failed to load resource: net::ERR_CONNECTION_REFUSED
 ❌ [6:15:35 p. m.] [MiniChart] Error loading drawings for SUIUSDT: 
error @ Logger.js:63
:8000/api/drawings/GALAUSDT:1  Failed to load resource: net::ERR_CONNECTION_REFUSED
 ❌ [6:15:35 p. m.] [MiniChart] Error loading drawings for GALAUSDT: 
error @ Logger.js:63
:8000/api/drawings/TRXUSDT:1  Failed to load resource: net::ERR_CONNECTION_REFUSED
 ❌ [6:15:35 p. m.] [MiniChart] Error loading drawings for TRXUSDT: 
error @ Logger.js:63
:8000/api/drawings/XRPUSDT:1  Failed to load resource: net::ERR_CONNECTION_REFUSED
 ❌ [6:15:35 p. m.] [MiniChart] Error loading drawings for XRPUSDT: 
error @ Logger.js:63
:8000/api/drawings/ETHUSDT:1  Failed to load resource: net::ERR_CONNECTION_REFUSED
 ❌ [6:15:35 p. m.] [MiniChart] Error loading drawings for ETHUSDT: 
error @ Logger.js:63
:8000/api/drawings/BTCUSDT:1  Failed to load resource: net::ERR_CONNECTION_REFUSED
 ❌ [6:15:35 p. m.] [MiniChart] Error loading drawings for BTCUSDT: 
error @ Logger.js:63
:8000/api/drawings/BTCUSDT:1  Failed to load resource: net::ERR_CONNECTION_REFUSED
 ❌ [6:15:35 p. m.] [MiniChart] Error loading drawings for BTCUSDT: 
error @ Logger.js:63
:8000/api/drawings/DOGEUSDT:1  Failed to load resource: net::ERR_CONNECTION_REFUSED
 ❌ [6:15:38 p. m.] [MiniChart] Error loading drawings for DOGEUSDT: 
error @ Logger.js:63
:8000/api/drawings/ADAUSDT:1  Failed to load resource: net::ERR_CONNECTION_REFUSED
 ❌ [6:15:38 p. m.] [MiniChart] Error loading drawings for ADAUSDT: 
error @ Logger.js:63
:8000/api/drawings/SOLUSDT:1  Failed to load resource: net::ERR_CONNECTION_REFUSED
 ❌ [6:15:38 p. m.] [MiniChart] Error loading drawings for SOLUSDT: 
error @ Logger.js:63
:8000/api/drawings/TRBUSDT:1  Failed to load resource: net::ERR_CONNECTION_REFUSED
 ❌ [6:15:38 p. m.] [MiniChart] Error loading drawings for TRBUSDT: 
error @ Logger.js:63
:8000/api/drawings/SUIUSDT:1  Failed to load resource: net::ERR_CONNECTION_REFUSED
 ❌ [6:15:38 p. m.] [MiniChart] Error loading drawings for SUIUSDT: 
error @ Logger.js:63
:8000/api/drawings/GALAUSDT:1  Failed to load resource: net::ERR_CONNECTION_REFUSED
 ❌ [6:15:38 p. m.] [MiniChart] Error loading drawings for GALAUSDT: 
error @ Logger.js:63
:8000/api/drawings/TRXUSDT:1  Failed to load resource: net::ERR_CONNECTION_REFUSED
 ❌ [6:15:38 p. m.] [MiniChart] Error loading drawings for TRXUSDT: 
error @ Logger.js:63
:8000/api/drawings/XRPUSDT:1  Failed to load resource: net::ERR_CONNECTION_REFUSED
 ❌ [6:15:38 p. m.] [MiniChart] Error loading drawings for XRPUSDT: 
error @ Logger.js:63
:8000/api/drawings/ETHUSDT:1  Failed to load resource: net::ERR_CONNECTION_REFUSED
 ❌ [6:15:38 p. m.] [MiniChart] Error loading drawings for ETHUSDT: 
error @ Logger.js:63
:8000/api/drawings/BTCUSDT:1  Failed to load resource: net::ERR_CONNECTION_REFUSED
 ❌ [6:15:38 p. m.] [MiniChart] Error loading drawings for BTCUSDT: 
error @ Logger.js:63
:8000/api/drawings/DOGEUSDT:1  Failed to load resource: net::ERR_CONNECTION_REFUSED
 ❌ [6:15:41 p. m.] [MiniChart] Error loading drawings for DOGEUSDT: 
error @ Logger.js:63
:8000/api/drawings/ADAUSDT:1  Failed to load resource: net::ERR_CONNECTION_REFUSED
 ❌ [6:15:41 p. m.] [MiniChart] Error loading drawings for ADAUSDT: 
error @ Logger.js:63
:8000/api/drawings/SOLUSDT:1  Failed to load resource: net::ERR_CONNECTION_REFUSED
 ❌ [6:15:41 p. m.] [MiniChart] Error loading drawings for SOLUSDT: 
error @ Logger.js:63
:8000/api/drawings/TRBUSDT:1  Failed to load resource: net::ERR_CONNECTION_REFUSED
 ❌ [6:15:41 p. m.] [MiniChart] Error loading drawings for TRBUSDT: 
error @ Logger.js:63
:8000/api/drawings/SUIUSDT:1  Failed to load resource: net::ERR_CONNECTION_REFUSED
 ❌ [6:15:41 p. m.] [MiniChart] Error loading drawings for SUIUSDT: 
error @ Logger.js:63
:8000/api/drawings/GALAUSDT:1  Failed to load resource: net::ERR_CONNECTION_REFUSED
 ❌ [6:15:41 p. m.] [MiniChart] Error loading drawings for GALAUSDT: 
error @ Logger.js:63
:8000/api/drawings/TRXUSDT:1  Failed to load resource: net::ERR_CONNECTION_REFUSED
 ❌ [6:15:41 p. m.] [MiniChart] Error loading drawings for TRXUSDT: 
error @ Logger.js:63
:8000/api/drawings/XRPUSDT:1  Failed to load resource: net::ERR_CONNECTION_REFUSED
 ❌ [6:15:41 p. m.] [MiniChart] Error loading drawings for XRPUSDT: 
error @ Logger.js:63
:8000/api/drawings/ETHUSDT:1  Failed to load resource: net::ERR_CONNECTION_REFUSED
 ❌ [6:15:41 p. m.] [MiniChart] Error loading drawings for ETHUSDT: 
error @ Logger.js:63
:8000/api/drawings/BTCUSDT:1  Failed to load resource: net::ERR_CONNECTION_REFUSED
 ❌ [6:15:41 p. m.] [MiniChart] Error loading drawings for BTCUSDT: 
error @ Logger.js:63
:8000/api/drawings/DOGEUSDT:1  Failed to load resource: net::ERR_CONNECTION_REFUSED
 ❌ [6:15:44 p. m.] [MiniChart] Error loading drawings for DOGEUSDT: 
error @ Logger.js:63
:8000/api/drawings/ADAUSDT:1  Failed to load resource: net::ERR_CONNECTION_REFUSED
 ❌ [6:15:44 p. m.] [MiniChart] Error loading drawings for ADAUSDT: 
error @ Logger.js:63
:8000/api/drawings/SOLUSDT:1  Failed to load resource: net::ERR_CONNECTION_REFUSED
 ❌ [6:15:44 p. m.] [MiniChart] Error loading drawings for SOLUSDT: 
error @ Logger.js:63
:8000/api/drawings/TRBUSDT:1  Failed to load resource: net::ERR_CONNECTION_REFUSED
 ❌ [6:15:44 p. m.] [MiniChart] Error loading drawings for TRBUSDT: 
error @ Logger.js:63
:8000/api/drawings/SUIUSDT:1  Failed to load resource: net::ERR_CONNECTION_REFUSED
 ❌ [6:15:44 p. m.] [MiniChart] Error loading drawings for SUIUSDT: 
error @ Logger.js:63
:8000/api/drawings/GALAUSDT:1  Failed to load resource: net::ERR_CONNECTION_REFUSED
 ❌ [6:15:44 p. m.] [MiniChart] Error loading drawings for GALAUSDT: 
error @ Logger.js:63
:8000/api/drawings/TRXUSDT:1  Failed to load resource: net::ERR_CONNECTION_REFUSED
 ❌ [6:15:44 p. m.] [MiniChart] Error loading drawings for TRXUSDT: 
error @ Logger.js:63
:8000/api/drawings/XRPUSDT:1  Failed to load resource: net::ERR_CONNECTION_REFUSED
 ❌ [6:15:44 p. m.] [MiniChart] Error loading drawings for XRPUSDT: 
error @ Logger.js:63
:8000/api/drawings/ETHUSDT:1  Failed to load resource: net::ERR_CONNECTION_REFUSED
 ❌ [6:15:44 p. m.] [MiniChart] Error loading drawings for ETHUSDT: 
error @ Logger.js:63
:8000/api/drawings/BTCUSDT:1  Failed to load resource: net::ERR_CONNECTION_REFUSED
 ❌ [6:15:44 p. m.] [MiniChart] Error loading drawings for BTCUSDT: 
error @ Logger.js:63
:8000/api/drawings/DOGEUSDT:1  Failed to load resource: net::ERR_CONNECTION_REFUSED
 ❌ [6:15:47 p. m.] [MiniChart] Error loading drawings for DOGEUSDT: 
error @ Logger.js:63
:8000/api/drawings/ADAUSDT:1  Failed to load resource: net::ERR_CONNECTION_REFUSED
 ❌ [6:15:47 p. m.] [MiniChart] Error loading drawings for ADAUSDT: 
error @ Logger.js:63
:8000/api/drawings/SOLUSDT:1  Failed to load resource: net::ERR_CONNECTION_REFUSED
 ❌ [6:15:47 p. m.] [MiniChart] Error loading drawings for SOLUSDT: 
error @ Logger.js:63
:8000/api/drawings/TRBUSDT:1  Failed to load resource: net::ERR_CONNECTION_REFUSED
 ❌ [6:15:47 p. m.] [MiniChart] Error loading drawings for TRBUSDT: 
error @ Logger.js:63
:8000/api/drawings/SUIUSDT:1  Failed to load resource: net::ERR_CONNECTION_REFUSED
 ❌ [6:15:47 p. m.] [MiniChart] Error loading drawings for SUIUSDT: 
error @ Logger.js:63
:8000/api/drawings/GALAUSDT:1  Failed to load resource: net::ERR_CONNECTION_REFUSED
 ❌ [6:15:47 p. m.] [MiniChart] Error loading drawings for GALAUSDT: 
error @ Logger.js:63
:8000/api/drawings/TRXUSDT:1  Failed to load resource: net::ERR_CONNECTION_REFUSED
 ❌ [6:15:47 p. m.] [MiniChart] Error loading drawings for TRXUSDT: 
error @ Logger.js:63
:8000/api/drawings/XRPUSDT:1  Failed to load resource: net::ERR_CONNECTION_REFUSED
 ❌ [6:15:47 p. m.] [MiniChart] Error loading drawings for XRPUSDT: 
error @ Logger.js:63
:8000/api/drawings/ETHUSDT:1  Failed to load resource: net::ERR_CONNECTION_REFUSED
 ❌ [6:15:47 p. m.] [MiniChart] Error loading drawings for ETHUSDT: 
error @ Logger.js:63
:8000/api/drawings/BTCUSDT:1  Failed to load resource: net::ERR_CONNECTION_REFUSED
 ❌ [6:15:47 p. m.] [MiniChart] Error loading drawings for BTCUSDT: 
error @ Logger.js:63
:8000/api/drawings/DOGEUSDT:1  Failed to load resource: net::ERR_CONNECTION_REFUSED
 ❌ [6:15:50 p. m.] [MiniChart] Error loading drawings for DOGEUSDT: 
error @ Logger.js:63
:8000/api/drawings/ADAUSDT:1  Failed to load resource: net::ERR_CONNECTION_REFUSED
 ❌ [6:15:50 p. m.] [MiniChart] Error loading drawings for ADAUSDT: 
error @ Logger.js:63
:8000/api/drawings/SOLUSDT:1  Failed to load resource: net::ERR_CONNECTION_REFUSED
 ❌ [6:15:50 p. m.] [MiniChart] Error loading drawings for SOLUSDT: 
error @ Logger.js:63
:8000/api/drawings/TRBUSDT:1  Failed to load resource: net::ERR_CONNECTION_REFUSED
 ❌ [6:15:50 p. m.] [MiniChart] Error loading drawings for TRBUSDT: 
error @ Logger.js:63
:8000/api/drawings/SUIUSDT:1  Failed to load resource: net::ERR_CONNECTION_REFUSED
 ❌ [6:15:50 p. m.] [MiniChart] Error loading drawings for SUIUSDT: 
error @ Logger.js:63
:8000/api/drawings/GALAUSDT:1  Failed to load resource: net::ERR_CONNECTION_REFUSED
 ❌ [6:15:50 p. m.] [MiniChart] Error loading drawings for GALAUSDT: 
error @ Logger.js:63
:8000/api/drawings/TRXUSDT:1  Failed to load resource: net::ERR_CONNECTION_REFUSED
 ❌ [6:15:50 p. m.] [MiniChart] Error loading drawings for TRXUSDT: 
error @ Logger.js:63
:8000/api/drawings/XRPUSDT:1  Failed to load resource: net::ERR_CONNECTION_REFUSED
 ❌ [6:15:50 p. m.] [MiniChart] Error loading drawings for XRPUSDT: 
error @ Logger.js:63
:8000/api/drawings/ETHUSDT:1  Failed to load resource: net::ERR_CONNECTION_REFUSED
 ❌ [6:15:50 p. m.] [MiniChart] Error loading drawings for ETHUSDT: 
error @ Logger.js:63
:8000/api/drawings/BTCUSDT:1  Failed to load resource: net::ERR_CONNECTION_REFUSED
 ❌ [6:15:50 p. m.] [MiniChart] Error loading drawings for BTCUSDT: 
error @ Logger.js:63
:8000/api/realtime/alerts/history?limit=100:1  Failed to load resource: net::ERR_CONNECTION_REFUSED
 Error loading alerts from backend, falling back to localStorage: 
(anonymous) @ useGlobalAlerts.js:73
:8000/api/realtime/alerts/history?limit=100:1  Failed to load resource: net::ERR_CONNECTION_REFUSED
 Error loading alerts from backend, falling back to localStorage: 
(anonymous) @ useGlobalAlerts.js:73
:8000/api/drawings/DOGEUSDT:1  Failed to load resource: net::ERR_CONNECTION_REFUSED
 ❌ [6:15:53 p. m.] [MiniChart] Error loading drawings for DOGEUSDT: 
error @ Logger.js:63
:8000/api/drawings/ADAUSDT:1  Failed to load resource: net::ERR_CONNECTION_REFUSED
 ❌ [6:15:53 p. m.] [MiniChart] Error loading drawings for ADAUSDT: 
error @ Logger.js:63
:8000/api/drawings/SOLUSDT:1  Failed to load resource: net::ERR_CONNECTION_REFUSED
 ❌ [6:15:53 p. m.] [MiniChart] Error loading drawings for SOLUSDT: 
error @ Logger.js:63
:8000/api/drawings/TRBUSDT:1  Failed to load resource: net::ERR_CONNECTION_REFUSED
 ❌ [6:15:53 p. m.] [MiniChart] Error loading drawings for TRBUSDT: 
error @ Logger.js:63
:8000/api/drawings/SUIUSDT:1  Failed to load resource: net::ERR_CONNECTION_REFUSED
 ❌ [6:15:53 p. m.] [MiniChart] Error loading drawings for SUIUSDT: 
error @ Logger.js:63
:8000/api/drawings/GALAUSDT:1  Failed to load resource: net::ERR_CONNECTION_REFUSED
 ❌ [6:15:53 p. m.] [MiniChart] Error loading drawings for GALAUSDT: 
error @ Logger.js:63
:8000/api/drawings/TRXUSDT:1  Failed to load resource: net::ERR_CONNECTION_REFUSED
 ❌ [6:15:53 p. m.] [MiniChart] Error loading drawings for TRXUSDT: 
error @ Logger.js:63
:8000/api/drawings/XRPUSDT:1  Failed to load resource: net::ERR_CONNECTION_REFUSED
 ❌ [6:15:53 p. m.] [MiniChart] Error loading drawings for XRPUSDT: 
error @ Logger.js:63
:8000/api/drawings/ETHUSDT:1  Failed to load resource: net::ERR_CONNECTION_REFUSED
 ❌ [6:15:53 p. m.] [MiniChart] Error loading drawings for ETHUSDT: 
error @ Logger.js:63
:8000/api/drawings/BTCUSDT:1  Failed to load resource: net::ERR_CONNECTION_REFUSED
 ❌ [6:15:53 p. m.] [MiniChart] Error loading drawings for BTCUSDT: 
error @ Logger.js:63
:8000/api/drawings/DOGEUSDT:1  Failed to load resource: net::ERR_CONNECTION_REFUSED
 ❌ [6:15:56 p. m.] [MiniChart] Error loading drawings for DOGEUSDT: 
error @ Logger.js:63
:8000/api/drawings/ADAUSDT:1  Failed to load resource: net::ERR_CONNECTION_REFUSED
 ❌ [6:15:56 p. m.] [MiniChart] Error loading drawings for ADAUSDT: 
error @ Logger.js:63
:8000/api/drawings/SOLUSDT:1  Failed to load resource: net::ERR_CONNECTION_REFUSED
 ❌ [6:15:56 p. m.] [MiniChart] Error loading drawings for SOLUSDT: 
error @ Logger.js:63
:8000/api/drawings/TRBUSDT:1  Failed to load resource: net::ERR_CONNECTION_REFUSED
 ❌ [6:15:56 p. m.] [MiniChart] Error loading drawings for TRBUSDT: 
error @ Logger.js:63
:8000/api/drawings/SUIUSDT:1  Failed to load resource: net::ERR_CONNECTION_REFUSED
 ❌ [6:15:56 p. m.] [MiniChart] Error loading drawings for SUIUSDT: 
error @ Logger.js:63
:8000/api/drawings/GALAUSDT:1  Failed to load resource: net::ERR_CONNECTION_REFUSED
 ❌ [6:15:56 p. m.] [MiniChart] Error loading drawings for GALAUSDT: 
error @ Logger.js:63
:8000/api/drawings/TRXUSDT:1  Failed to load resource: net::ERR_CONNECTION_REFUSED
 ❌ [6:15:56 p. m.] [MiniChart] Error loading drawings for TRXUSDT: 
error @ Logger.js:63
:8000/api/drawings/XRPUSDT:1  Failed to load resource: net::ERR_CONNECTION_REFUSED
 ❌ [6:15:56 p. m.] [MiniChart] Error loading drawings for XRPUSDT: 
error @ Logger.js:63
:8000/api/drawings/ETHUSDT:1  Failed to load resource: net::ERR_CONNECTION_REFUSED
 ❌ [6:15:56 p. m.] [MiniChart] Error loading drawings for ETHUSDT: 
error @ Logger.js:63
:8000/api/drawings/BTCUSDT:1  Failed to load resource: net::ERR_CONNECTION_REFUSED
 ❌ [6:15:56 p. m.] [MiniChart] Error loading drawings for BTCUSDT: 
error @ Logger.js:63
 [CandleCache] 🔄 LRU evict: candles_TRBUSDT_1 (memoria: 3/4)
 [CandleCache] 🔄 LRU evict: candles_GALAUSDT_1 (memoria: 3/4)
 [CandleCache] 🔄 LRU evict: candles_SOLUSDT_1 (memoria: 3/4)
 [CandleCache] 🔄 LRU evict: candles_SUIUSDT_1 (memoria: 3/4)
 [CandleCache] ✅ DOGEUSDT@1 - guardado (9 velas, memoria: 4/4)
 [CandleCache] ✅ BTCUSDT@1 - guardado (9 velas, memoria: 4/4)
 [CandleCache] ✅ ADAUSDT@1 - guardado (9 velas, memoria: 4/4)
 [CandleCache] ✅ ETHUSDT@1 - guardado (9 velas, memoria: 4/4)
 [CandleCache] 🔄 LRU evict: candles_DOGEUSDT_1 (memoria: 3/4)
 [CandleCache] 🔄 LRU evict: candles_BTCUSDT_1 (memoria: 3/4)
 [CandleCache] 🔄 LRU evict: candles_ADAUSDT_1 (memoria: 3/4)
 [CandleCache] ✅ XRPUSDT@1 - guardado (9 velas, memoria: 4/4)
 [CandleCache] ✅ TRXUSDT@1 - guardado (9 velas, memoria: 4/4)
 [CandleCache] ✅ GALAUSDT@1 - guardado (9 velas, memoria: 4/4)
 [CandleCache] 🔄 LRU evict: candles_ETHUSDT_1 (memoria: 3/4)
 [CandleCache] 🔄 LRU evict: candles_XRPUSDT_1 (memoria: 3/4)
 [CandleCache] ✅ SOLUSDT@1 - guardado (9 velas, memoria: 4/4)
 [CandleCache] ✅ SUIUSDT@1 - guardado (9 velas, memoria: 4/4)
:8000/api/swing/status:1  Failed to load resource: net::ERR_CONNECTION_REFUSED
 [GALAUSDT] SwingDetector status error: 
fetchStatus @ SwingDetectorIndicator.js:191
:8000/api/swing/status:1  Failed to load resource: net::ERR_CONNECTION_REFUSED
 [TRXUSDT] SwingDetector status error: 
fetchStatus @ SwingDetectorIndicator.js:191
:8000/api/swing/status:1  Failed to load resource: net::ERR_CONNECTION_REFUSED
 [XRPUSDT] SwingDetector status error: 
fetchStatus @ SwingDetectorIndicator.js:191
:8000/api/drawings/DOGEUSDT:1  Failed to load resource: net::ERR_CONNECTION_REFUSED
 ❌ [6:15:59 p. m.] [MiniChart] Error loading drawings for DOGEUSDT: 
error @ Logger.js:63
:8000/api/drawings/ADAUSDT:1  Failed to load resource: net::ERR_CONNECTION_REFUSED
 ❌ [6:15:59 p. m.] [MiniChart] Error loading drawings for ADAUSDT: 
error @ Logger.js:63
:8000/api/drawings/SOLUSDT:1  Failed to load resource: net::ERR_CONNECTION_REFUSED
 ❌ [6:15:59 p. m.] [MiniChart] Error loading drawings for SOLUSDT: 
error @ Logger.js:63
:8000/api/drawings/TRBUSDT:1  Failed to load resource: net::ERR_CONNECTION_REFUSED
 ❌ [6:15:59 p. m.] [MiniChart] Error loading drawings for TRBUSDT: 
error @ Logger.js:63
:8000/api/drawings/SUIUSDT:1  Failed to load resource: net::ERR_CONNECTION_REFUSED
 ❌ [6:15:59 p. m.] [MiniChart] Error loading drawings for SUIUSDT: 
error @ Logger.js:63
:8000/api/drawings/GALAUSDT:1  Failed to load resource: net::ERR_CONNECTION_REFUSED
 ❌ [6:15:59 p. m.] [MiniChart] Error loading drawings for GALAUSDT: 
error @ Logger.js:63
:8000/api/drawings/TRXUSDT:1  Failed to load resource: net::ERR_CONNECTION_REFUSED
 ❌ [6:15:59 p. m.] [MiniChart] Error loading drawings for TRXUSDT: 
error @ Logger.js:63
 [CandleCache] 🔄 LRU evict: candles_TRXUSDT_1 (memoria: 3/4)
 [CandleCache] ✅ TRBUSDT@1 - guardado (9 velas, memoria: 4/4)
:8000/api/drawings/DOGEUSDT:1  Failed to load resource: net::ERR_CONNECTION_REFUSED
 ❌ [6:16:00 p. m.] [MiniChart] Error loading drawings for DOGEUSDT: 
error @ Logger.js:63
:8000/api/drawings/ADAUSDT:1  Failed to load resource: net::ERR_CONNECTION_REFUSED
 ❌ [6:16:00 p. m.] [MiniChart] Error loading drawings for ADAUSDT: 
error @ Logger.js:63
:8000/api/drawings/SOLUSDT:1  Failed to load resource: net::ERR_CONNECTION_REFUSED
 ❌ [6:16:00 p. m.] [MiniChart] Error loading drawings for SOLUSDT: 
error @ Logger.js:63
:8000/api/status:1  Failed to load resource: net::ERR_CONNECTION_REFUSED
:8000/api/drawings/TRBUSDT:1  Failed to load resource: net::ERR_CONNECTION_REFUSED
 ❌ [6:16:02 p. m.] [MiniChart] Error loading drawings for TRBUSDT: 
error @ Logger.js:63
:8000/api/drawings/SUIUSDT:1  Failed to load resource: net::ERR_CONNECTION_REFUSED
 ❌ [6:16:02 p. m.] [MiniChart] Error loading drawings for SUIUSDT: 
error @ Logger.js:63
:8000/api/drawings/GALAUSDT:1  Failed to load resource: net::ERR_CONNECTION_REFUSED
 ❌ [6:16:02 p. m.] [MiniChart] Error loading drawings for GALAUSDT: 
error @ Logger.js:63
:8000/api/drawings/TRXUSDT:1  Failed to load resource: net::ERR_CONNECTION_REFUSED
 ❌ [6:16:02 p. m.] [MiniChart] Error loading drawings for TRXUSDT: 
error @ Logger.js:63
:8000/api/drawings/XRPUSDT:1  Failed to load resource: net::ERR_CONNECTION_REFUSED
 ❌ [6:16:02 p. m.] [MiniChart] Error loading drawings for XRPUSDT: 
error @ Logger.js:63
:8000/api/drawings/ETHUSDT:1  Failed to load resource: net::ERR_CONNECTION_REFUSED
 ❌ [6:16:02 p. m.] [MiniChart] Error loading drawings for ETHUSDT: 
error @ Logger.js:63
:8000/api/drawings/BTCUSDT:1  Failed to load resource: net::ERR_CONNECTION_REFUSED
 ❌ [6:16:02 p. m.] [MiniChart] Error loading drawings for BTCUSDT: 
error @ Logger.js:63
:8000/api/drawings/XRPUSDT:1  Failed to load resource: net::ERR_CONNECTION_REFUSED
 ❌ [6:16:02 p. m.] [MiniChart] Error loading drawings for XRPUSDT: 
error @ Logger.js:63
:8000/api/drawings/ETHUSDT:1  Failed to load resource: net::ERR_CONNECTION_REFUSED
 ❌ [6:16:02 p. m.] [MiniChart] Error loading drawings for ETHUSDT: 
error @ Logger.js:63
:8000/api/drawings/DOGEUSDT:1  Failed to load resource: net::ERR_CONNECTION_REFUSED
 ❌ [6:16:03 p. m.] [MiniChart] Error loading drawings for DOGEUSDT: 
error @ Logger.js:63
:8000/api/drawings/ADAUSDT:1  Failed to load resource: net::ERR_CONNECTION_REFUSED
 ❌ [6:16:05 p. m.] [MiniChart] Error loading drawings for ADAUSDT: 
error @ Logger.js:63
:8000/api/drawings/SOLUSDT:1  Failed to load resource: net::ERR_CONNECTION_REFUSED
 ❌ [6:16:05 p. m.] [MiniChart] Error loading drawings for SOLUSDT: 
error @ Logger.js:63
:8000/api/drawings/TRBUSDT:1  Failed to load resource: net::ERR_CONNECTION_REFUSED
 ❌ [6:16:05 p. m.] [MiniChart] Error loading drawings for TRBUSDT: 
error @ Logger.js:63
:8000/api/drawings/SUIUSDT:1  Failed to load resource: net::ERR_CONNECTION_REFUSED
 ❌ [6:16:05 p. m.] [MiniChart] Error loading drawings for SUIUSDT: 
error @ Logger.js:63
:8000/api/drawings/GALAUSDT:1  Failed to load resource: net::ERR_CONNECTION_REFUSED
 ❌ [6:16:05 p. m.] [MiniChart] Error loading drawings for GALAUSDT: 
error @ Logger.js:63
:8000/api/drawings/TRXUSDT:1  Failed to load resource: net::ERR_CONNECTION_REFUSED
 ❌ [6:16:05 p. m.] [MiniChart] Error loading drawings for TRXUSDT: 
error @ Logger.js:63
:8000/api/drawings/XRPUSDT:1  Failed to load resource: net::ERR_CONNECTION_REFUSED
 ❌ [6:16:05 p. m.] [MiniChart] Error loading drawings for XRPUSDT: 
error @ Logger.js:63
:8000/api/drawings/ETHUSDT:1  Failed to load resource: net::ERR_CONNECTION_REFUSED
 ❌ [6:16:05 p. m.] [MiniChart] Error loading drawings for ETHUSDT: 
error @ Logger.js:63
:8000/api/drawings/BTCUSDT:1  Failed to load resource: net::ERR_CONNECTION_REFUSED
 ❌ [6:16:05 p. m.] [MiniChart] Error loading drawings for BTCUSDT: 
error @ Logger.js:63
:8000/api/drawings/BTCUSDT:1  Failed to load resource: net::ERR_CONNECTION_REFUSED
 ❌ [6:16:05 p. m.] [MiniChart] Error loading drawings for BTCUSDT: 
error @ Logger.js:63
:8000/api/swing/status:1  Failed to load resource: net::ERR_CONNECTION_REFUSED
 [DOGEUSDT] SwingDetector status error: 
fetchStatus @ SwingDetectorIndicator.js:191
:8000/api/swing/status:1  Failed to load resource: net::ERR_CONNECTION_REFUSED
 [ADAUSDT] SwingDetector status error: 
fetchStatus @ SwingDetectorIndicator.js:191
:8000/api/swing/status:1  Failed to load resource: net::ERR_CONNECTION_REFUSED
 [SOLUSDT] SwingDetector status error: 
fetchStatus @ SwingDetectorIndicator.js:191
:8000/api/swing/status:1  Failed to load resource: net::ERR_CONNECTION_REFUSED
 [TRBUSDT] SwingDetector status error: 
fetchStatus @ SwingDetectorIndicator.js:191
:8000/api/swing/status:1  Failed to load resource: net::ERR_CONNECTION_REFUSED
 [SUIUSDT] SwingDetector status error: 
fetchStatus @ SwingDetectorIndicator.js:191
:8000/api/swing/status:1  Failed to load resource: net::ERR_CONNECTION_REFUSED
 [GALAUSDT] SwingDetector status error: 
fetchStatus @ SwingDetectorIndicator.js:191
:8000/api/swing/status:1  Failed to load resource: net::ERR_CONNECTION_REFUSED
 [TRXUSDT] SwingDetector status error: 
fetchStatus @ SwingDetectorIndicator.js:191
:8000/api/swing/status:1  Failed to load resource: net::ERR_CONNECTION_REFUSED
 [XRPUSDT] SwingDetector status error: 
fetchStatus @ SwingDetectorIndicator.js:191
:8000/api/swing/status:1  Failed to load resource: net::ERR_CONNECTION_REFUSED
 [ETHUSDT] SwingDetector status error: 
fetchStatus @ SwingDetectorIndicator.js:191
:8000/api/swing/status:1  Failed to load resource: net::ERR_CONNECTION_REFUSED
 [BTCUSDT] SwingDetector status error: 
fetchStatus @ SwingDetectorIndicator.js:191
:8000/api/swing/status:1  Failed to load resource: net::ERR_CONNECTION_REFUSED
 [DOGEUSDT] SwingDetector status error: 
fetchStatus @ SwingDetectorIndicator.js:191
:8000/api/swing/status:1  Failed to load resource: net::ERR_CONNECTION_REFUSED
 [ADAUSDT] SwingDetector status error: 
fetchStatus @ SwingDetectorIndicator.js:191
:8000/api/swing/status:1  Failed to load resource: net::ERR_CONNECTION_REFUSED
 [SOLUSDT] SwingDetector status error: 
fetchStatus @ SwingDetectorIndicator.js:191
:8000/api/swing/status:1  Failed to load resource: net::ERR_CONNECTION_REFUSED
 [TRBUSDT] SwingDetector status error: 
fetchStatus @ SwingDetectorIndicator.js:191
:8000/api/swing/status:1  Failed to load resource: net::ERR_CONNECTION_REFUSED
 [SUIUSDT] SwingDetector status error: 
fetchStatus @ SwingDetectorIndicator.js:191
:8000/api/swing/status:1  Failed to load resource: net::ERR_CONNECTION_REFUSED
 [GALAUSDT] SwingDetector status error: 
fetchStatus @ SwingDetectorIndicator.js:191
:8000/api/swing/status:1  Failed to load resource: net::ERR_CONNECTION_REFUSED
 [TRXUSDT] SwingDetector status error: 
fetchStatus @ SwingDetectorIndicator.js:191
:8000/api/swing/status:1  Failed to load resource: net::ERR_CONNECTION_REFUSED
 [XRPUSDT] SwingDetector status error: 
fetchStatus @ SwingDetectorIndicator.js:191
:8000/api/swing/status:1  Failed to load resource: net::ERR_CONNECTION_REFUSED
 [ETHUSDT] SwingDetector status error: 
fetchStatus @ SwingDetectorIndicator.js:191
:8000/api/swing/status:1  Failed to load resource: net::ERR_CONNECTION_REFUSED
 [BTCUSDT] SwingDetector status error: 
fetchStatus @ SwingDetectorIndicator.js:191
:8000/api/swing/status:1  Failed to load resource: net::ERR_CONNECTION_REFUSED
 [DOGEUSDT] SwingDetector status error: 
fetchStatus @ SwingDetectorIndicator.js:191
:8000/api/swing/status:1  Failed to load resource: net::ERR_CONNECTION_REFUSED
 [ADAUSDT] SwingDetector status error: 
fetchStatus @ SwingDetectorIndicator.js:191
:8000/api/swing/status:1  Failed to load resource: net::ERR_CONNECTION_REFUSED
 [SOLUSDT] SwingDetector status error: 
fetchStatus @ SwingDetectorIndicator.js:191
:8000/api/swing/status:1  Failed to load resource: net::ERR_CONNECTION_REFUSED
 [TRBUSDT] SwingDetector status error: 
fetchStatus @ SwingDetectorIndicator.js:191
:8000/api/swing/status:1  Failed to load resource: net::ERR_CONNECTION_REFUSED
 [SUIUSDT] SwingDetector status error: 
fetchStatus @ SwingDetectorIndicator.js:191
:8000/api/swing/status:1  Failed to load resource: net::ERR_CONNECTION_REFUSED
 [GALAUSDT] SwingDetector status error: 
fetchStatus @ SwingDetectorIndicator.js:191
:8000/api/swing/status:1  Failed to load resource: net::ERR_CONNECTION_REFUSED
 [TRXUSDT] SwingDetector status error: 
fetchStatus @ SwingDetectorIndicator.js:191
:8000/api/swing/status:1  Failed to load resource: net::ERR_CONNECTION_REFUSED
 [XRPUSDT] SwingDetector status error: 
fetchStatus @ SwingDetectorIndicator.js:191
:8000/api/swing/status:1  Failed to load resource: net::ERR_CONNECTION_REFUSED
 [ETHUSDT] SwingDetector status error: 
fetchStatus @ SwingDetectorIndicator.js:191
:8000/api/swing/status:1  Failed to load resource: net::ERR_CONNECTION_REFUSED
 [BTCUSDT] SwingDetector status error: 
fetchStatus @ SwingDetectorIndicator.js:191
:8000/api/swing/status:1  Failed to load resource: net::ERR_CONNECTION_REFUSED
 [DOGEUSDT] SwingDetector status error: 
fetchStatus @ SwingDetectorIndicator.js:191
:8000/api/swing/status:1  Failed to load resource: net::ERR_CONNECTION_REFUSED
 [ADAUSDT] SwingDetector status error: 
fetchStatus @ SwingDetectorIndicator.js:191
:8000/api/swing/status:1  Failed to load resource: net::ERR_CONNECTION_REFUSED
 [SOLUSDT] SwingDetector status error: 
fetchStatus @ SwingDetectorIndicator.js:191
:8000/api/drawings/DOGEUSDT:1  Failed to load resource: net::ERR_CONNECTION_REFUSED
 ❌ [6:16:08 p. m.] [MiniChart] Error loading drawings for DOGEUSDT: 
error @ Logger.js:63
:8000/api/drawings/ADAUSDT:1  Failed to load resource: net::ERR_CONNECTION_REFUSED
 ❌ [6:16:08 p. m.] [MiniChart] Error loading drawings for ADAUSDT: 
error @ Logger.js:63
:8000/api/drawings/SOLUSDT:1  Failed to load resource: net::ERR_CONNECTION_REFUSED
 ❌ [6:16:08 p. m.] [MiniChart] Error loading drawings for SOLUSDT: 
error @ Logger.js:63
:8000/api/drawings/TRBUSDT:1  Failed to load resource: net::ERR_CONNECTION_REFUSED
 ❌ [6:16:08 p. m.] [MiniChart] Error loading drawings for TRBUSDT: 
error @ Logger.js:63
:8000/api/drawings/SUIUSDT:1  Failed to load resource: net::ERR_CONNECTION_REFUSED
 ❌ [6:16:08 p. m.] [MiniChart] Error loading drawings for SUIUSDT: 
error @ Logger.js:63
:8000/api/drawings/GALAUSDT:1  Failed to load resource: net::ERR_CONNECTION_REFUSED
 ❌ [6:16:08 p. m.] [MiniChart] Error loading drawings for GALAUSDT: 
error @ Logger.js:63
:8000/api/drawings/TRXUSDT:1  Failed to load resource: net::ERR_CONNECTION_REFUSED
 ❌ [6:16:08 p. m.] [MiniChart] Error loading drawings for TRXUSDT: 
error @ Logger.js:63
:8000/api/drawings/XRPUSDT:1  Failed to load resource: net::ERR_CONNECTION_REFUSED
 ❌ [6:16:08 p. m.] [MiniChart] Error loading drawings for XRPUSDT: 
error @ Logger.js:63
:8000/api/drawings/ETHUSDT:1  Failed to load resource: net::ERR_CONNECTION_REFUSED
 ❌ [6:16:08 p. m.] [MiniChart] Error loading drawings for ETHUSDT: 
error @ Logger.js:63
:8000/api/drawings/BTCUSDT:1  Failed to load resource: net::ERR_CONNECTION_REFUSED
 ❌ [6:16:08 p. m.] [MiniChart] Error loading drawings for BTCUSDT: 
error @ Logger.js:63
:8000/api/swing/status:1  Failed to load resource: net::ERR_CONNECTION_REFUSED
 [TRBUSDT] SwingDetector status error: 
fetchStatus @ SwingDetectorIndicator.js:191
:8000/api/swing/status:1  Failed to load resource: net::ERR_CONNECTION_REFUSED
 [SUIUSDT] SwingDetector status error: 
fetchStatus @ SwingDetectorIndicator.js:191
:8000/api/drawings/DOGEUSDT:1  Failed to load resource: net::ERR_CONNECTION_REFUSED
 ❌ [6:16:11 p. m.] [MiniChart] Error loading drawings for DOGEUSDT: 
error @ Logger.js:63
:8000/api/drawings/ADAUSDT:1  Failed to load resource: net::ERR_CONNECTION_REFUSED
 ❌ [6:16:11 p. m.] [MiniChart] Error loading drawings for ADAUSDT: 
error @ Logger.js:63
:8000/api/drawings/SOLUSDT:1  Failed to load resource: net::ERR_CONNECTION_REFUSED
 ❌ [6:16:11 p. m.] [MiniChart] Error loading drawings for SOLUSDT: 
error @ Logger.js:63
:8000/api/drawings/TRBUSDT:1  Failed to load resource: net::ERR_CONNECTION_REFUSED
 ❌ [6:16:11 p. m.] [MiniChart] Error loading drawings for TRBUSDT: 
error @ Logger.js:63
:8000/api/drawings/SUIUSDT:1  Failed to load resource: net::ERR_CONNECTION_REFUSED
 ❌ [6:16:11 p. m.] [MiniChart] Error loading drawings for SUIUSDT: 
error @ Logger.js:63
:8000/api/drawings/GALAUSDT:1  Failed to load resource: net::ERR_CONNECTION_REFUSED
 ❌ [6:16:11 p. m.] [MiniChart] Error loading drawings for GALAUSDT: 
error @ Logger.js:63
:8000/api/drawings/TRXUSDT:1  Failed to load resource: net::ERR_CONNECTION_REFUSED
 ❌ [6:16:11 p. m.] [MiniChart] Error loading drawings for TRXUSDT: 
error @ Logger.js:63
:8000/api/drawings/XRPUSDT:1  Failed to load resource: net::ERR_CONNECTION_REFUSED
 ❌ [6:16:11 p. m.] [MiniChart] Error loading drawings for XRPUSDT: 
error @ Logger.js:63
:8000/api/drawings/ETHUSDT:1  Failed to load resource: net::ERR_CONNECTION_REFUSED
 ❌ [6:16:11 p. m.] [MiniChart] Error loading drawings for ETHUSDT: 
error @ Logger.js:63
:8000/api/drawings/BTCUSDT:1  Failed to load resource: net::ERR_CONNECTION_REFUSED
 ❌ [6:16:11 p. m.] [MiniChart] Error loading drawings for BTCUSDT: 
error @ Logger.js:63
:8000/api/drawings/DOGEUSDT:1  Failed to load resource: net::ERR_CONNECTION_REFUSED
 ❌ [6:16:14 p. m.] [MiniChart] Error loading drawings for DOGEUSDT: 
error @ Logger.js:63
:8000/api/drawings/ADAUSDT:1  Failed to load resource: net::ERR_CONNECTION_REFUSED
 ❌ [6:16:14 p. m.] [MiniChart] Error loading drawings for ADAUSDT: 
error @ Logger.js:63
:8000/api/drawings/SOLUSDT:1  Failed to load resource: net::ERR_CONNECTION_REFUSED
 ❌ [6:16:14 p. m.] [MiniChart] Error loading drawings for SOLUSDT: 
error @ Logger.js:63
:8000/api/drawings/TRBUSDT:1  Failed to load resource: net::ERR_CONNECTION_REFUSED
 ❌ [6:16:14 p. m.] [MiniChart] Error loading drawings for TRBUSDT: 
error @ Logger.js:63
:8000/api/drawings/SUIUSDT:1  Failed to load resource: net::ERR_CONNECTION_REFUSED
 ❌ [6:16:14 p. m.] [MiniChart] Error loading drawings for SUIUSDT: 
error @ Logger.js:63
:8000/api/drawings/GALAUSDT:1  Failed to load resource: net::ERR_CONNECTION_REFUSED
 ❌ [6:16:14 p. m.] [MiniChart] Error loading drawings for GALAUSDT: 
error @ Logger.js:63
:8000/api/drawings/TRXUSDT:1  Failed to load resource: net::ERR_CONNECTION_REFUSED
 ❌ [6:16:14 p. m.] [MiniChart] Error loading drawings for TRXUSDT: 
error @ Logger.js:63
:8000/api/drawings/XRPUSDT:1  Failed to load resource: net::ERR_CONNECTION_REFUSED
 ❌ [6:16:14 p. m.] [MiniChart] Error loading drawings for XRPUSDT: 
error @ Logger.js:63
:8000/api/drawings/ETHUSDT:1  Failed to load resource: net::ERR_CONNECTION_REFUSED
 ❌ [6:16:14 p. m.] [MiniChart] Error loading drawings for ETHUSDT: 
error @ Logger.js:63
:8000/api/drawings/BTCUSDT:1  Failed to load resource: net::ERR_CONNECTION_REFUSED
 ❌ [6:16:14 p. m.] [MiniChart] Error loading drawings for BTCUSDT: 
error @ Logger.js:63
:8000/api/drawings/DOGEUSDT:1  Failed to load resource: net::ERR_CONNECTION_REFUSED
 ❌ [6:16:17 p. m.] [MiniChart] Error loading drawings for DOGEUSDT: 
error @ Logger.js:63
:8000/api/drawings/ADAUSDT:1  Failed to load resource: net::ERR_CONNECTION_REFUSED
 ❌ [6:16:17 p. m.] [MiniChart] Error loading drawings for ADAUSDT: 
error @ Logger.js:63
:8000/api/drawings/SOLUSDT:1  Failed to load resource: net::ERR_CONNECTION_REFUSED
 ❌ [6:16:17 p. m.] [MiniChart] Error loading drawings for SOLUSDT: 
error @ Logger.js:63
:8000/api/drawings/TRBUSDT:1  Failed to load resource: net::ERR_CONNECTION_REFUSED
 ❌ [6:16:17 p. m.] [MiniChart] Error loading drawings for TRBUSDT: 
error @ Logger.js:63
:8000/api/drawings/SUIUSDT:1  Failed to load resource: net::ERR_CONNECTION_REFUSED
 ❌ [6:16:17 p. m.] [MiniChart] Error loading drawings for SUIUSDT: 
error @ Logger.js:63
:8000/api/drawings/GALAUSDT:1  Failed to load resource: net::ERR_CONNECTION_REFUSED
 ❌ [6:16:17 p. m.] [MiniChart] Error loading drawings for GALAUSDT: 
error @ Logger.js:63
:8000/api/drawings/TRXUSDT:1  Failed to load resource: net::ERR_CONNECTION_REFUSED
 ❌ [6:16:17 p. m.] [MiniChart] Error loading drawings for TRXUSDT: 
error @ Logger.js:63
:8000/api/drawings/XRPUSDT:1  Failed to load resource: net::ERR_CONNECTION_REFUSED
 ❌ [6:16:17 p. m.] [MiniChart] Error loading drawings for XRPUSDT: 
error @ Logger.js:63
:8000/api/drawings/ETHUSDT:1  Failed to load resource: net::ERR_CONNECTION_REFUSED
 ❌ [6:16:17 p. m.] [MiniChart] Error loading drawings for ETHUSDT: 
error @ Logger.js:63
:8000/api/drawings/BTCUSDT:1  Failed to load resource: net::ERR_CONNECTION_REFUSED
 ❌ [6:16:17 p. m.] [MiniChart] Error loading drawings for BTCUSDT: 
error @ Logger.js:63
:8000/api/drawings/DOGEUSDT:1  Failed to load resource: net::ERR_CONNECTION_REFUSED
 ❌ [6:16:20 p. m.] [MiniChart] Error loading drawings for DOGEUSDT: 
error @ Logger.js:63
:8000/api/drawings/ADAUSDT:1  Failed to load resource: net::ERR_CONNECTION_REFUSED
 ❌ [6:16:20 p. m.] [MiniChart] Error loading drawings for ADAUSDT: 
error @ Logger.js:63
:8000/api/drawings/SOLUSDT:1  Failed to load resource: net::ERR_CONNECTION_REFUSED
 ❌ [6:16:20 p. m.] [MiniChart] Error loading drawings for SOLUSDT: 
error @ Logger.js:63
:8000/api/drawings/TRBUSDT:1  Failed to load resource: net::ERR_CONNECTION_REFUSED
 ❌ [6:16:20 p. m.] [MiniChart] Error loading drawings for TRBUSDT: 
error @ Logger.js:63
:8000/api/drawings/SUIUSDT:1  Failed to load resource: net::ERR_CONNECTION_REFUSED
 ❌ [6:16:20 p. m.] [MiniChart] Error loading drawings for SUIUSDT: 
error @ Logger.js:63
:8000/api/drawings/GALAUSDT:1  Failed to load resource: net::ERR_CONNECTION_REFUSED
 ❌ [6:16:20 p. m.] [MiniChart] Error loading drawings for GALAUSDT: 
error @ Logger.js:63
:8000/api/drawings/TRXUSDT:1  Failed to load resource: net::ERR_CONNECTION_REFUSED
 ❌ [6:16:20 p. m.] [MiniChart] Error loading drawings for TRXUSDT: 
error @ Logger.js:63
:8000/api/drawings/XRPUSDT:1  Failed to load resource: net::ERR_CONNECTION_REFUSED
 ❌ [6:16:20 p. m.] [MiniChart] Error loading drawings for XRPUSDT: 
error @ Logger.js:63
:8000/api/drawings/ETHUSDT:1  Failed to load resource: net::ERR_CONNECTION_REFUSED
 ❌ [6:16:20 p. m.] [MiniChart] Error loading drawings for ETHUSDT: 
error @ Logger.js:63
:8000/api/drawings/BTCUSDT:1  Failed to load resource: net::ERR_CONNECTION_REFUSED
 ❌ [6:16:20 p. m.] [MiniChart] Error loading drawings for BTCUSDT: 
error @ Logger.js:63
:8000/api/realtime/alerts/history?limit=100:1  Failed to load resource: net::ERR_CONNECTION_REFUSED
 Error loading alerts from backend, falling back to localStorage: 
(anonymous) @ useGlobalAlerts.js:73
:8000/api/realtime/alerts/history?limit=100:1  Failed to load resource: net::ERR_CONNECTION_REFUSED
 Error loading alerts from backend, falling back to localStorage: 
(anonymous) @ useGlobalAlerts.js:73
:8000/api/drawings/DOGEUSDT:1  Failed to load resource: net::ERR_CONNECTION_REFUSED
 ❌ [6:16:23 p. m.] [MiniChart] Error loading drawings for DOGEUSDT: 
error @ Logger.js:63
:8000/api/drawings/ADAUSDT:1  Failed to load resource: net::ERR_CONNECTION_REFUSED
 ❌ [6:16:23 p. m.] [MiniChart] Error loading drawings for ADAUSDT: 
error @ Logger.js:63
:8000/api/drawings/SOLUSDT:1  Failed to load resource: net::ERR_CONNECTION_REFUSED
 ❌ [6:16:23 p. m.] [MiniChart] Error loading drawings for SOLUSDT: 
error @ Logger.js:63
:8000/api/drawings/TRBUSDT:1  Failed to load resource: net::ERR_CONNECTION_REFUSED
 ❌ [6:16:23 p. m.] [MiniChart] Error loading drawings for TRBUSDT: 
error @ Logger.js:63
:8000/api/drawings/SUIUSDT:1  Failed to load resource: net::ERR_CONNECTION_REFUSED
 ❌ [6:16:23 p. m.] [MiniChart] Error loading drawings for SUIUSDT: 
error @ Logger.js:63
:8000/api/drawings/GALAUSDT:1  Failed to load resource: net::ERR_CONNECTION_REFUSED
 ❌ [6:16:23 p. m.] [MiniChart] Error loading drawings for GALAUSDT: 
error @ Logger.js:63
:8000/api/drawings/TRXUSDT:1  Failed to load resource: net::ERR_CONNECTION_REFUSED
 ❌ [6:16:23 p. m.] [MiniChart] Error loading drawings for TRXUSDT: 
error @ Logger.js:63
:8000/api/drawings/XRPUSDT:1  Failed to load resource: net::ERR_CONNECTION_REFUSED
 ❌ [6:16:23 p. m.] [MiniChart] Error loading drawings for XRPUSDT: 
error @ Logger.js:63
:8000/api/drawings/ETHUSDT:1  Failed to load resource: net::ERR_CONNECTION_REFUSED
 ❌ [6:16:23 p. m.] [MiniChart] Error loading drawings for ETHUSDT: 
error @ Logger.js:63
:8000/api/drawings/BTCUSDT:1  Failed to load resource: net::ERR_CONNECTION_REFUSED
 ❌ [6:16:23 p. m.] [MiniChart] Error loading drawings for BTCUSDT: 
error @ Logger.js:63
:8000/api/drawings/DOGEUSDT:1  Failed to load resource: net::ERR_CONNECTION_REFUSED
 ❌ [6:16:26 p. m.] [MiniChart] Error loading drawings for DOGEUSDT: 
error @ Logger.js:63
:8000/api/drawings/ADAUSDT:1  Failed to load resource: net::ERR_CONNECTION_REFUSED
 ❌ [6:16:26 p. m.] [MiniChart] Error loading drawings for ADAUSDT: 
error @ Logger.js:63
:8000/api/drawings/SOLUSDT:1  Failed to load resource: net::ERR_CONNECTION_REFUSED
 ❌ [6:16:26 p. m.] [MiniChart] Error loading drawings for SOLUSDT: 
error @ Logger.js:63
:8000/api/drawings/TRBUSDT:1  Failed to load resource: net::ERR_CONNECTION_REFUSED
 ❌ [6:16:26 p. m.] [MiniChart] Error loading drawings for TRBUSDT: 
error @ Logger.js:63
:8000/api/drawings/SUIUSDT:1  Failed to load resource: net::ERR_CONNECTION_REFUSED
 ❌ [6:16:26 p. m.] [MiniChart] Error loading drawings for SUIUSDT: 
error @ Logger.js:63
:8000/api/drawings/GALAUSDT:1  Failed to load resource: net::ERR_CONNECTION_REFUSED
 ❌ [6:16:26 p. m.] [MiniChart] Error loading drawings for GALAUSDT: 
error @ Logger.js:63
:8000/api/drawings/TRXUSDT:1  Failed to load resource: net::ERR_CONNECTION_REFUSED
 ❌ [6:16:26 p. m.] [MiniChart] Error loading drawings for TRXUSDT: 
error @ Logger.js:63
:8000/api/drawings/XRPUSDT:1  Failed to load resource: net::ERR_CONNECTION_REFUSED
 ❌ [6:16:26 p. m.] [MiniChart] Error loading drawings for XRPUSDT: 
error @ Logger.js:63
:8000/api/drawings/ETHUSDT:1  Failed to load resource: net::ERR_CONNECTION_REFUSED
 ❌ [6:16:26 p. m.] [MiniChart] Error loading drawings for ETHUSDT: 
error @ Logger.js:63
:8000/api/drawings/BTCUSDT:1  Failed to load resource: net::ERR_CONNECTION_REFUSED
 ❌ [6:16:26 p. m.] [MiniChart] Error loading drawings for BTCUSDT: 
error @ Logger.js:63
:8000/api/drawings/DOGEUSDT:1  Failed to load resource: net::ERR_CONNECTION_REFUSED
 ❌ [6:16:29 p. m.] [MiniChart] Error loading drawings for DOGEUSDT: 
error @ Logger.js:63
:8000/api/drawings/ADAUSDT:1  Failed to load resource: net::ERR_CONNECTION_REFUSED
 ❌ [6:16:29 p. m.] [MiniChart] Error loading drawings for ADAUSDT: 
error @ Logger.js:63
:8000/api/drawings/SOLUSDT:1  Failed to load resource: net::ERR_CONNECTION_REFUSED
 ❌ [6:16:29 p. m.] [MiniChart] Error loading drawings for SOLUSDT: 
error @ Logger.js:63
:8000/api/drawings/TRBUSDT:1  Failed to load resource: net::ERR_CONNECTION_REFUSED
 ❌ [6:16:29 p. m.] [MiniChart] Error loading drawings for TRBUSDT: 
error @ Logger.js:63
:8000/api/drawings/SUIUSDT:1  Failed to load resource: net::ERR_CONNECTION_REFUSED
 ❌ [6:16:29 p. m.] [MiniChart] Error loading drawings for SUIUSDT: 
error @ Logger.js:63
:8000/api/drawings/GALAUSDT:1  Failed to load resource: net::ERR_CONNECTION_REFUSED
 ❌ [6:16:29 p. m.] [MiniChart] Error loading drawings for GALAUSDT: 
error @ Logger.js:63
:8000/api/drawings/TRXUSDT:1  Failed to load resource: net::ERR_CONNECTION_REFUSED
 ❌ [6:16:29 p. m.] [MiniChart] Error loading drawings for TRXUSDT: 
error @ Logger.js:63
:8000/api/drawings/XRPUSDT:1  Failed to load resource: net::ERR_CONNECTION_REFUSED
 ❌ [6:16:29 p. m.] [MiniChart] Error loading drawings for XRPUSDT: 
error @ Logger.js:63
:8000/api/drawings/ETHUSDT:1  Failed to load resource: net::ERR_CONNECTION_REFUSED
 ❌ [6:16:29 p. m.] [MiniChart] Error loading drawings for ETHUSDT: 
error @ Logger.js:63
:8000/api/drawings/BTCUSDT:1  Failed to load resource: net::ERR_CONNECTION_REFUSED
 ❌ [6:16:29 p. m.] [MiniChart] Error loading drawings for BTCUSDT: 
error @ Logger.js:63
:8000/api/status:1  Failed to load resource: net::ERR_CONNECTION_REFUSED
:8000/api/drawings/DOGEUSDT:1  Failed to load resource: net::ERR_CONNECTION_REFUSED
 ❌ [6:16:32 p. m.] [MiniChart] Error loading drawings for DOGEUSDT: 
error @ Logger.js:63
:8000/api/drawings/ADAUSDT:1  Failed to load resource: net::ERR_CONNECTION_REFUSED
 ❌ [6:16:32 p. m.] [MiniChart] Error loading drawings for ADAUSDT: 
error @ Logger.js:63
:8000/api/drawings/SOLUSDT:1  Failed to load resource: net::ERR_CONNECTION_REFUSED
 ❌ [6:16:32 p. m.] [MiniChart] Error loading drawings for SOLUSDT: 
error @ Logger.js:63
:8000/api/drawings/TRBUSDT:1  Failed to load resource: net::ERR_CONNECTION_REFUSED
 ❌ [6:16:32 p. m.] [MiniChart] Error loading drawings for TRBUSDT: 
error @ Logger.js:63
:8000/api/drawings/SUIUSDT:1  Failed to load resource: net::ERR_CONNECTION_REFUSED
 ❌ [6:16:32 p. m.] [MiniChart] Error loading drawings for SUIUSDT: 
error @ Logger.js:63
:8000/api/drawings/GALAUSDT:1  Failed to load resource: net::ERR_CONNECTION_REFUSED
 ❌ [6:16:32 p. m.] [MiniChart] Error loading drawings for GALAUSDT: 
error @ Logger.js:63
:8000/api/drawings/TRXUSDT:1  Failed to load resource: net::ERR_CONNECTION_REFUSED
 ❌ [6:16:32 p. m.] [MiniChart] Error loading drawings for TRXUSDT: 
error @ Logger.js:63
:8000/api/drawings/XRPUSDT:1  Failed to load resource: net::ERR_CONNECTION_REFUSED
 ❌ [6:16:32 p. m.] [MiniChart] Error loading drawings for XRPUSDT: 
error @ Logger.js:63
:8000/api/drawings/ETHUSDT:1  Failed to load resource: net::ERR_CONNECTION_REFUSED
 ❌ [6:16:32 p. m.] [MiniChart] Error loading drawings for ETHUSDT: 
error @ Logger.js:63
:8000/api/drawings/DOGEUSDT:1  Failed to load resource: net::ERR_CONNECTION_REFUSED
 ❌ [6:16:33 p. m.] [MiniChart] Error loading drawings for DOGEUSDT: 
error @ Logger.js:63
:8000/api/drawings/ADAUSDT:1  Failed to load resource: net::ERR_CONNECTION_REFUSED
 ❌ [6:16:35 p. m.] [MiniChart] Error loading drawings for ADAUSDT: 
error @ Logger.js:63
:8000/api/drawings/SOLUSDT:1  Failed to load resource: net::ERR_CONNECTION_REFUSED
 ❌ [6:16:35 p. m.] [MiniChart] Error loading drawings for SOLUSDT: 
error @ Logger.js:63
:8000/api/drawings/TRBUSDT:1  Failed to load resource: net::ERR_CONNECTION_REFUSED
 ❌ [6:16:35 p. m.] [MiniChart] Error loading drawings for TRBUSDT: 
error @ Logger.js:63
:8000/api/drawings/SUIUSDT:1  Failed to load resource: net::ERR_CONNECTION_REFUSED
 ❌ [6:16:35 p. m.] [MiniChart] Error loading drawings for SUIUSDT: 
error @ Logger.js:63
:8000/api/drawings/GALAUSDT:1  Failed to load resource: net::ERR_CONNECTION_REFUSED
 ❌ [6:16:35 p. m.] [MiniChart] Error loading drawings for GALAUSDT: 
error @ Logger.js:63
:8000/api/drawings/TRXUSDT:1  Failed to load resource: net::ERR_CONNECTION_REFUSED
Logger.js:88 ❌ [6:16:35 p. m.] [MiniChart] Error loading drawings for TRXUSDT: TypeError: Failed to fetch
    at loadDrawings (MiniChart.jsx:455:30)
    at MiniChart.jsx:2170:9
error @ Logger.js:88
:8000/api/drawings/XRPUSDT:1  Failed to load resource: net::ERR_CONNECTION_REFUSED
Logger.js:88 ❌ [6:16:35 p. m.] [MiniChart] Error loading drawings for XRPUSDT: TypeError: Failed to fetch
    at loadDrawings (MiniChart.jsx:455:30)
    at MiniChart.jsx:2170:9
error @ Logger.js:88
:8000/api/drawings/ETHUSDT:1  Failed to load resource: net::ERR_CONNECTION_REFUSED
Logger.js:88 ❌ [6:16:35 p. m.] [MiniChart] Error loading drawings for ETHUSDT: TypeError: Failed to fetch
    at loadDrawings (MiniChart.jsx:455:30)
    at MiniChart.jsx:2170:9
error @ Logger.js:88
:8000/api/drawings/BTCUSDT:1  Failed to load resource: net::ERR_CONNECTION_REFUSED
Logger.js:88 ❌ [6:16:35 p. m.] [MiniChart] Error loading drawings for BTCUSDT: TypeError: Failed to fetch
    at loadDrawings (MiniChart.jsx:455:30)
    at MiniChart.jsx:2170:9
error @ Logger.js:88
:8000/api/drawings/BTCUSDT:1  Failed to load resource: net::ERR_CONNECTION_REFUSED
 ❌ [6:16:35 p. m.] [MiniChart] Error loading drawings for BTCUSDT: 
error @ Logger.js:63
:8000/api/drawings/DOGEUSDT:1  Failed to load resource: net::ERR_CONNECTION_REFUSED
Logger.js:88 ❌ [6:16:38 p. m.] [MiniChart] Error loading drawings for DOGEUSDT: TypeError: Failed to fetch
    at loadDrawings (MiniChart.jsx:455:30)
    at MiniChart.jsx:2170:9
error @ Logger.js:88
:8000/api/drawings/ADAUSDT:1  Failed to load resource: net::ERR_CONNECTION_REFUSED
Logger.js:88 ❌ [6:16:38 p. m.] [MiniChart] Error loading drawings for ADAUSDT: TypeError: Failed to fetch
    at loadDrawings (MiniChart.jsx:455:30)
    at MiniChart.jsx:2170:9
error @ Logger.js:88
:8000/api/drawings/SOLUSDT:1  Failed to load resource: net::ERR_CONNECTION_REFUSED
Logger.js:88 ❌ [6:16:38 p. m.] [MiniChart] Error loading drawings for SOLUSDT: TypeError: Failed to fetch
    at loadDrawings (MiniChart.jsx:455:30)
    at MiniChart.jsx:2170:9
error @ Logger.js:88
:8000/api/drawings/TRBUSDT:1  Failed to load resource: net::ERR_CONNECTION_REFUSED
Logger.js:88 ❌ [6:16:38 p. m.] [MiniChart] Error loading drawings for TRBUSDT: TypeError: Failed to fetch
    at loadDrawings (MiniChart.jsx:455:30)
    at MiniChart.jsx:2170:9
error @ Logger.js:88
:8000/api/drawings/SUIUSDT:1  Failed to load resource: net::ERR_CONNECTION_REFUSED
Logger.js:88 ❌ [6:16:38 p. m.] [MiniChart] Error loading drawings for SUIUSDT: TypeError: Failed to fetch
    at loadDrawings (MiniChart.jsx:455:30)
    at MiniChart.jsx:2170:9
error @ Logger.js:88
:8000/api/drawings/GALAUSDT:1  Failed to load resource: net::ERR_CONNECTION_REFUSED
Logger.js:88 ❌ [6:16:38 p. m.] [MiniChart] Error loading drawings for GALAUSDT: TypeError: Failed to fetch
    at loadDrawings (MiniChart.jsx:455:30)
    at MiniChart.jsx:2170:9
error @ Logger.js:88
:8000/api/drawings/TRXUSDT:1  Failed to load resource: net::ERR_CONNECTION_REFUSED
Logger.js:88 ❌ [6:16:38 p. m.] [MiniChart] Error loading drawings for TRXUSDT: TypeError: Failed to fetch
    at loadDrawings (MiniChart.jsx:455:30)
    at MiniChart.jsx:2170:9
error @ Logger.js:88
:8000/api/drawings/XRPUSDT:1  Failed to load resource: net::ERR_CONNECTION_REFUSED
Logger.js:88 ❌ [6:16:38 p. m.] [MiniChart] Error loading drawings for XRPUSDT: TypeError: Failed to fetch
    at loadDrawings (MiniChart.jsx:455:30)
    at MiniChart.jsx:2170:9
error @ Logger.js:88
:8000/api/drawings/ETHUSDT:1  Failed to load resource: net::ERR_CONNECTION_REFUSED
Logger.js:88 ❌ [6:16:38 p. m.] [MiniChart] Error loading drawings for ETHUSDT: TypeError: Failed to fetch
    at loadDrawings (MiniChart.jsx:455:30)
    at MiniChart.jsx:2170:9
error @ Logger.js:88
:8000/api/drawings/BTCUSDT:1  Failed to load resource: net::ERR_CONNECTION_REFUSED
Logger.js:88 ❌ [6:16:38 p. m.] [MiniChart] Error loading drawings for BTCUSDT: TypeError: Failed to fetch
    at loadDrawings (MiniChart.jsx:455:30)
    at MiniChart.jsx:2170:9
error @ Logger.js:88
:8000/api/drawings/DOGEUSDT:1  Failed to load resource: net::ERR_CONNECTION_REFUSED
Logger.js:88 ❌ [6:16:41 p. m.] [MiniChart] Error loading drawings for DOGEUSDT: TypeError: Failed to fetch
    at loadDrawings (MiniChart.jsx:455:30)
    at MiniChart.jsx:2170:9
error @ Logger.js:88
:8000/api/drawings/ADAUSDT:1  Failed to load resource: net::ERR_CONNECTION_REFUSED
Logger.js:88 ❌ [6:16:41 p. m.] [MiniChart] Error loading drawings for ADAUSDT: TypeError: Failed to fetch
    at loadDrawings (MiniChart.jsx:455:30)
    at MiniChart.jsx:2170:9
error @ Logger.js:88
:8000/api/drawings/SOLUSDT:1  Failed to load resource: net::ERR_CONNECTION_REFUSED
Logger.js:88 ❌ [6:16:41 p. m.] [MiniChart] Error loading drawings for SOLUSDT: TypeError: Failed to fetch
    at loadDrawings (MiniChart.jsx:455:30)
    at MiniChart.jsx:2170:9
error @ Logger.js:88
:8000/api/drawings/TRBUSDT:1  Failed to load resource: net::ERR_CONNECTION_REFUSED
Logger.js:88 ❌ [6:16:41 p. m.] [MiniChart] Error loading drawings for TRBUSDT: TypeError: Failed to fetch
    at loadDrawings (MiniChart.jsx:455:30)
    at MiniChart.jsx:2170:9
error @ Logger.js:88
:8000/api/drawings/SUIUSDT:1  Failed to load resource: net::ERR_CONNECTION_REFUSED
Logger.js:88 ❌ [6:16:41 p. m.] [MiniChart] Error loading drawings for SUIUSDT: TypeError: Failed to fetch
    at loadDrawings (MiniChart.jsx:455:30)
    at MiniChart.jsx:2170:9
error @ Logger.js:88
:8000/api/drawings/GALAUSDT:1  Failed to load resource: net::ERR_CONNECTION_REFUSED
Logger.js:88 ❌ [6:16:41 p. m.] [MiniChart] Error loading drawings for GALAUSDT: TypeError: Failed to fetch
    at loadDrawings (MiniChart.jsx:455:30)
    at MiniChart.jsx:2170:9
error @ Logger.js:88
:8000/api/drawings/TRXUSDT:1  Failed to load resource: net::ERR_CONNECTION_REFUSED
Logger.js:88 ❌ [6:16:41 p. m.] [MiniChart] Error loading drawings for TRXUSDT: TypeError: Failed to fetch
    at loadDrawings (MiniChart.jsx:455:30)
    at MiniChart.jsx:2170:9
error @ Logger.js:88
:8000/api/drawings/XRPUSDT:1  Failed to load resource: net::ERR_CONNECTION_REFUSED
Logger.js:88 ❌ [6:16:41 p. m.] [MiniChart] Error loading drawings for XRPUSDT: TypeError: Failed to fetch
    at loadDrawings (MiniChart.jsx:455:30)
    at MiniChart.jsx:2170:9
error @ Logger.js:88
:8000/api/drawings/ETHUSDT:1  Failed to load resource: net::ERR_CONNECTION_REFUSED
Logger.js:88 ❌ [6:16:41 p. m.] [MiniChart] Error loading drawings for ETHUSDT: TypeError: Failed to fetch
    at loadDrawings (MiniChart.jsx:455:30)
    at MiniChart.jsx:2170:9
error @ Logger.js:88
:8000/api/drawings/BTCUSDT:1  Failed to load resource: net::ERR_CONNECTION_REFUSED
Logger.js:88 ❌ [6:16:41 p. m.] [MiniChart] Error loading drawings for BTCUSDT: TypeError: Failed to fetch
    at loadDrawings (MiniChart.jsx:455:30)
    at MiniChart.jsx:2170:9
error @ Logger.js:88
:8000/api/drawings/DOGEUSDT:1  Failed to load resource: net::ERR_CONNECTION_REFUSED
Logger.js:88 ❌ [6:16:44 p. m.] [MiniChart] Error loading drawings for DOGEUSDT: TypeError: Failed to fetch
    at loadDrawings (MiniChart.jsx:455:30)
    at MiniChart.jsx:2170:9
error @ Logger.js:88
:8000/api/drawings/ADAUSDT:1  Failed to load resource: net::ERR_CONNECTION_REFUSED
Logger.js:88 ❌ [6:16:44 p. m.] [MiniChart] Error loading drawings for ADAUSDT: TypeError: Failed to fetch
    at loadDrawings (MiniChart.jsx:455:30)
    at MiniChart.jsx:2170:9
error @ Logger.js:88
:8000/api/drawings/SOLUSDT:1  Failed to load resource: net::ERR_CONNECTION_REFUSED
Logger.js:88 ❌ [6:16:44 p. m.] [MiniChart] Error loading drawings for SOLUSDT: TypeError: Failed to fetch
    at loadDrawings (MiniChart.jsx:455:30)
    at MiniChart.jsx:2170:9
error @ Logger.js:88
:8000/api/drawings/TRBUSDT:1  Failed to load resource: net::ERR_CONNECTION_REFUSED
Logger.js:88 ❌ [6:16:44 p. m.] [MiniChart] Error loading drawings for TRBUSDT: TypeError: Failed to fetch
    at loadDrawings (MiniChart.jsx:455:30)
    at MiniChart.jsx:2170:9
error @ Logger.js:88
:8000/api/drawings/SUIUSDT:1  Failed to load resource: net::ERR_CONNECTION_REFUSED
Logger.js:88 ❌ [6:16:44 p. m.] [MiniChart] Error loading drawings for SUIUSDT: TypeError: Failed to fetch
    at loadDrawings (MiniChart.jsx:455:30)
    at MiniChart.jsx:2170:9
error @ Logger.js:88
:8000/api/drawings/GALAUSDT:1  Failed to load resource: net::ERR_CONNECTION_REFUSED
Logger.js:88 ❌ [6:16:44 p. m.] [MiniChart] Error loading drawings for GALAUSDT: TypeError: Failed to fetch
    at loadDrawings (MiniChart.jsx:455:30)
    at MiniChart.jsx:2170:9
error @ Logger.js:88
:8000/api/drawings/TRXUSDT:1  Failed to load resource: net::ERR_CONNECTION_REFUSED
Logger.js:88 ❌ [6:16:44 p. m.] [MiniChart] Error loading drawings for TRXUSDT: TypeError: Failed to fetch
    at loadDrawings (MiniChart.jsx:455:30)
    at MiniChart.jsx:2170:9
error @ Logger.js:88
:8000/api/drawings/XRPUSDT:1  Failed to load resource: net::ERR_CONNECTION_REFUSED
Logger.js:88 ❌ [6:16:44 p. m.] [MiniChart] Error loading drawings for XRPUSDT: TypeError: Failed to fetch
    at loadDrawings (MiniChart.jsx:455:30)
    at MiniChart.jsx:2170:9
error @ Logger.js:88
:8000/api/drawings/ETHUSDT:1  Failed to load resource: net::ERR_CONNECTION_REFUSED
Logger.js:88 ❌ [6:16:44 p. m.] [MiniChart] Error loading drawings for ETHUSDT: TypeError: Failed to fetch
    at loadDrawings (MiniChart.jsx:455:30)
    at MiniChart.jsx:2170:9
error @ Logger.js:88
:8000/api/drawings/BTCUSDT:1  Failed to load resource: net::ERR_CONNECTION_REFUSED
Logger.js:88 ❌ [6:16:44 p. m.] [MiniChart] Error loading drawings for BTCUSDT: TypeError: Failed to fetch
    at loadDrawings (MiniChart.jsx:455:30)
    at MiniChart.jsx:2170:9
error @ Logger.js:88
:8000/api/drawings/DOGEUSDT:1  Failed to load resource: net::ERR_CONNECTION_REFUSED
Logger.js:88 ❌ [6:16:47 p. m.] [MiniChart] Error loading drawings for DOGEUSDT: TypeError: Failed to fetch
    at loadDrawings (MiniChart.jsx:455:30)
    at MiniChart.jsx:2170:9
error @ Logger.js:88
:8000/api/drawings/ADAUSDT:1  Failed to load resource: net::ERR_CONNECTION_REFUSED
Logger.js:88 ❌ [6:16:47 p. m.] [MiniChart] Error loading drawings for ADAUSDT: TypeError: Failed to fetch
    at loadDrawings (MiniChart.jsx:455:30)
    at MiniChart.jsx:2170:9
error @ Logger.js:88
:8000/api/drawings/SOLUSDT:1  Failed to load resource: net::ERR_CONNECTION_REFUSED
Logger.js:88 ❌ [6:16:47 p. m.] [MiniChart] Error loading drawings for SOLUSDT: TypeError: Failed to fetch
    at loadDrawings (MiniChart.jsx:455:30)
    at MiniChart.jsx:2170:9
error @ Logger.js:88
:8000/api/drawings/TRBUSDT:1  Failed to load resource: net::ERR_CONNECTION_REFUSED
Logger.js:88 ❌ [6:16:47 p. m.] [MiniChart] Error loading drawings for TRBUSDT: TypeError: Failed to fetch
    at loadDrawings (MiniChart.jsx:455:30)
    at MiniChart.jsx:2170:9
error @ Logger.js:88
:8000/api/drawings/SUIUSDT:1  Failed to load resource: net::ERR_CONNECTION_REFUSED
Logger.js:88 ❌ [6:16:47 p. m.] [MiniChart] Error loading drawings for SUIUSDT: TypeError: Failed to fetch
    at loadDrawings (MiniChart.jsx:455:30)
    at MiniChart.jsx:2170:9
error @ Logger.js:88
:8000/api/drawings/GALAUSDT:1  Failed to load resource: net::ERR_CONNECTION_REFUSED
Logger.js:88 ❌ [6:16:47 p. m.] [MiniChart] Error loading drawings for GALAUSDT: TypeError: Failed to fetch
    at loadDrawings (MiniChart.jsx:455:30)
    at MiniChart.jsx:2170:9
error @ Logger.js:88
:8000/api/drawings/TRXUSDT:1  Failed to load resource: net::ERR_CONNECTION_REFUSED
Logger.js:88 ❌ [6:16:47 p. m.] [MiniChart] Error loading drawings for TRXUSDT: TypeError: Failed to fetch
    at loadDrawings (MiniChart.jsx:455:30)
    at MiniChart.jsx:2170:9
error @ Logger.js:88
:8000/api/drawings/XRPUSDT:1  Failed to load resource: net::ERR_CONNECTION_REFUSED
Logger.js:88 ❌ [6:16:47 p. m.] [MiniChart] Error loading drawings for XRPUSDT: TypeError: Failed to fetch
    at loadDrawings (MiniChart.jsx:455:30)
    at MiniChart.jsx:2170:9
error @ Logger.js:88
:8000/api/drawings/ETHUSDT:1  Failed to load resource: net::ERR_CONNECTION_REFUSED
Logger.js:88 ❌ [6:16:47 p. m.] [MiniChart] Error loading drawings for ETHUSDT: TypeError: Failed to fetch
    at loadDrawings (MiniChart.jsx:455:30)
    at MiniChart.jsx:2170:9
error @ Logger.js:88
:8000/api/drawings/BTCUSDT:1  Failed to load resource: net::ERR_CONNECTION_REFUSED
Logger.js:88 ❌ [6:16:47 p. m.] [MiniChart] Error loading drawings for BTCUSDT: TypeError: Failed to fetch
    at loadDrawings (MiniChart.jsx:455:30)
    at MiniChart.jsx:2170:9
error @ Logger.js:88
:8000/api/drawings/DOGEUSDT:1  Failed to load resource: net::ERR_CONNECTION_REFUSED
Logger.js:88 ❌ [6:16:50 p. m.] [MiniChart] Error loading drawings for DOGEUSDT: TypeError: Failed to fetch
    at loadDrawings (MiniChart.jsx:455:30)
    at MiniChart.jsx:2170:9
error @ Logger.js:88
:8000/api/drawings/ADAUSDT:1  Failed to load resource: net::ERR_CONNECTION_REFUSED
Logger.js:88 ❌ [6:16:50 p. m.] [MiniChart] Error loading drawings for ADAUSDT: TypeError: Failed to fetch
    at loadDrawings (MiniChart.jsx:455:30)
    at MiniChart.jsx:2170:9
error @ Logger.js:88
:8000/api/drawings/SOLUSDT:1  Failed to load resource: net::ERR_CONNECTION_REFUSED
Logger.js:88 ❌ [6:16:50 p. m.] [MiniChart] Error loading drawings for SOLUSDT: TypeError: Failed to fetch
    at loadDrawings (MiniChart.jsx:455:30)
    at MiniChart.jsx:2170:9
error @ Logger.js:88
:8000/api/drawings/TRBUSDT:1  Failed to load resource: net::ERR_CONNECTION_REFUSED
Logger.js:88 ❌ [6:16:50 p. m.] [MiniChart] Error loading drawings for TRBUSDT: TypeError: Failed to fetch
    at loadDrawings (MiniChart.jsx:455:30)
    at MiniChart.jsx:2170:9
error @ Logger.js:88
:8000/api/drawings/SUIUSDT:1  Failed to load resource: net::ERR_CONNECTION_REFUSED
Logger.js:88 ❌ [6:16:50 p. m.] [MiniChart] Error loading drawings for SUIUSDT: TypeError: Failed to fetch
    at loadDrawings (MiniChart.jsx:455:30)
    at MiniChart.jsx:2170:9
error @ Logger.js:88
:8000/api/drawings/GALAUSDT:1  Failed to load resource: net::ERR_CONNECTION_REFUSED
Logger.js:88 ❌ [6:16:50 p. m.] [MiniChart] Error loading drawings for GALAUSDT: TypeError: Failed to fetch
    at loadDrawings (MiniChart.jsx:455:30)
    at MiniChart.jsx:2170:9
error @ Logger.js:88
:8000/api/drawings/TRXUSDT:1  Failed to load resource: net::ERR_CONNECTION_REFUSED
Logger.js:88 ❌ [6:16:50 p. m.] [MiniChart] Error loading drawings for TRXUSDT: TypeError: Failed to fetch
    at loadDrawings (MiniChart.jsx:455:30)
    at MiniChart.jsx:2170:9
error @ Logger.js:88
:8000/api/drawings/XRPUSDT:1  Failed to load resource: net::ERR_CONNECTION_REFUSED
Logger.js:88 ❌ [6:16:50 p. m.] [MiniChart] Error loading drawings for XRPUSDT: TypeError: Failed to fetch
    at loadDrawings (MiniChart.jsx:455:30)
    at MiniChart.jsx:2170:9
error @ Logger.js:88
:8000/api/drawings/ETHUSDT:1  Failed to load resource: net::ERR_CONNECTION_REFUSED
Logger.js:88 ❌ [6:16:50 p. m.] [MiniChart] Error loading drawings for ETHUSDT: TypeError: Failed to fetch
    at loadDrawings (MiniChart.jsx:455:30)
    at MiniChart.jsx:2170:9
error @ Logger.js:88
:8000/api/drawings/BTCUSDT:1  Failed to load resource: net::ERR_CONNECTION_REFUSED
Logger.js:88 ❌ [6:16:50 p. m.] [MiniChart] Error loading drawings for BTCUSDT: TypeError: Failed to fetch
    at loadDrawings (MiniChart.jsx:455:30)
    at MiniChart.jsx:2170:9
error @ Logger.js:88
:8000/api/realtime/alerts/history?limit=100:1  Failed to load resource: net::ERR_CONNECTION_REFUSED
useGlobalAlerts.js:73 Error loading alerts from backend, falling back to localStorage: TypeError: Failed to fetch
    at useGlobalAlerts.js:35:30
(anonymous) @ useGlobalAlerts.js:73
:8000/api/realtime/alerts/history?limit=100:1  Failed to load resource: net::ERR_CONNECTION_REFUSED
 Error loading alerts from backend, falling back to localStorage: 
(anonymous) @ useGlobalAlerts.js:73
:8000/api/drawings/DOGEUSDT:1  Failed to load resource: net::ERR_CONNECTION_REFUSED
Logger.js:88 ❌ [6:16:53 p. m.] [MiniChart] Error loading drawings for DOGEUSDT: TypeError: Failed to fetch
    at loadDrawings (MiniChart.jsx:455:30)
    at MiniChart.jsx:2170:9
error @ Logger.js:88
:8000/api/drawings/ADAUSDT:1  Failed to load resource: net::ERR_CONNECTION_REFUSED
Logger.js:88 ❌ [6:16:53 p. m.] [MiniChart] Error loading drawings for ADAUSDT: TypeError: Failed to fetch
    at loadDrawings (MiniChart.jsx:455:30)
    at MiniChart.jsx:2170:9
error @ Logger.js:88
:8000/api/drawings/SOLUSDT:1  Failed to load resource: net::ERR_CONNECTION_REFUSED
Logger.js:88 ❌ [6:16:53 p. m.] [MiniChart] Error loading drawings for SOLUSDT: TypeError: Failed to fetch
    at loadDrawings (MiniChart.jsx:455:30)
    at MiniChart.jsx:2170:9
error @ Logger.js:88
:8000/api/drawings/TRBUSDT:1  Failed to load resource: net::ERR_CONNECTION_REFUSED
Logger.js:88 ❌ [6:16:53 p. m.] [MiniChart] Error loading drawings for TRBUSDT: TypeError: Failed to fetch
    at loadDrawings (MiniChart.jsx:455:30)
    at MiniChart.jsx:2170:9
error @ Logger.js:88
:8000/api/drawings/SUIUSDT:1  Failed to load resource: net::ERR_CONNECTION_REFUSED
Logger.js:88 ❌ [6:16:53 p. m.] [MiniChart] Error loading drawings for SUIUSDT: TypeError: Failed to fetch
    at loadDrawings (MiniChart.jsx:455:30)
    at MiniChart.jsx:2170:9
error @ Logger.js:88
:8000/api/drawings/GALAUSDT:1  Failed to load resource: net::ERR_CONNECTION_REFUSED
Logger.js:88 ❌ [6:16:53 p. m.] [MiniChart] Error loading drawings for GALAUSDT: TypeError: Failed to fetch
    at loadDrawings (MiniChart.jsx:455:30)
    at MiniChart.jsx:2170:9
error @ Logger.js:88
:8000/api/drawings/TRXUSDT:1  Failed to load resource: net::ERR_CONNECTION_REFUSED
Logger.js:88 ❌ [6:16:53 p. m.] [MiniChart] Error loading drawings for TRXUSDT: TypeError: Failed to fetch
    at loadDrawings (MiniChart.jsx:455:30)
    at MiniChart.jsx:2170:9
error @ Logger.js:88
:8000/api/drawings/XRPUSDT:1  Failed to load resource: net::ERR_CONNECTION_REFUSED
Logger.js:88 ❌ [6:16:53 p. m.] [MiniChart] Error loading drawings for XRPUSDT: TypeError: Failed to fetch
    at loadDrawings (MiniChart.jsx:455:30)
    at MiniChart.jsx:2170:9
error @ Logger.js:88
:8000/api/drawings/ETHUSDT:1  Failed to load resource: net::ERR_CONNECTION_REFUSED
 ❌ [6:16:53 p. m.] [MiniChart] Error loading drawings for ETHUSDT: 
error @ Logger.js:63
:8000/api/drawings/BTCUSDT:1  Failed to load resource: net::ERR_CONNECTION_REFUSED
 ❌ [6:16:53 p. m.] [MiniChart] Error loading drawings for BTCUSDT: 
error @ Logger.js:63
:8000/api/drawings/DOGEUSDT:1  Failed to load resource: net::ERR_CONNECTION_REFUSED
 ❌ [6:16:56 p. m.] [MiniChart] Error loading drawings for DOGEUSDT: 
error @ Logger.js:63
:8000/api/drawings/ADAUSDT:1  Failed to load resource: net::ERR_CONNECTION_REFUSED
 ❌ [6:16:56 p. m.] [MiniChart] Error loading drawings for ADAUSDT: 
error @ Logger.js:63
:8000/api/drawings/SOLUSDT:1  Failed to load resource: net::ERR_CONNECTION_REFUSED
 ❌ [6:16:56 p. m.] [MiniChart] Error loading drawings for SOLUSDT: 
error @ Logger.js:63
:8000/api/drawings/TRBUSDT:1  Failed to load resource: net::ERR_CONNECTION_REFUSED
 ❌ [6:16:56 p. m.] [MiniChart] Error loading drawings for TRBUSDT: 
error @ Logger.js:63
:8000/api/drawings/SUIUSDT:1  Failed to load resource: net::ERR_CONNECTION_REFUSED
 ❌ [6:16:56 p. m.] [MiniChart] Error loading drawings for SUIUSDT: 
error @ Logger.js:63
:8000/api/drawings/GALAUSDT:1  Failed to load resource: net::ERR_CONNECTION_REFUSED
 ❌ [6:16:56 p. m.] [MiniChart] Error loading drawings for GALAUSDT: 
error @ Logger.js:63
:8000/api/drawings/TRXUSDT:1  Failed to load resource: net::ERR_CONNECTION_REFUSED
 ❌ [6:16:56 p. m.] [MiniChart] Error loading drawings for TRXUSDT: 
error @ Logger.js:63
:8000/api/drawings/XRPUSDT:1  Failed to load resource: net::ERR_CONNECTION_REFUSED
 ❌ [6:16:56 p. m.] [MiniChart] Error loading drawings for XRPUSDT: 
error @ Logger.js:63
:8000/api/drawings/ETHUSDT:1  Failed to load resource: net::ERR_CONNECTION_REFUSED
 ❌ [6:16:56 p. m.] [MiniChart] Error loading drawings for ETHUSDT: 
error @ Logger.js:63
:8000/api/drawings/BTCUSDT:1  Failed to load resource: net::ERR_CONNECTION_REFUSED
 ❌ [6:16:56 p. m.] [MiniChart] Error loading drawings for BTCUSDT: 
error @ Logger.js:63
 [CandleCache] 🔄 LRU evict: candles_GALAUSDT_1 (memoria: 3/4)
 [CandleCache] 🔄 LRU evict: candles_SOLUSDT_1 (memoria: 3/4)
 [CandleCache] 🔄 LRU evict: candles_SUIUSDT_1 (memoria: 3/4)
 [CandleCache] 🔄 LRU evict: candles_TRBUSDT_1 (memoria: 3/4)
 [CandleCache] ✅ DOGEUSDT@1 - guardado (10 velas, memoria: 4/4)
CandleCache.js:168 [CandleCache] ✅ BTCUSDT@1 - guardado (10 velas, memoria: 4/4)
CandleCache.js:168 [CandleCache] ✅ ADAUSDT@1 - guardado (10 velas, memoria: 4/4)
CandleCache.js:168 [CandleCache] ✅ ETHUSDT@1 - guardado (10 velas, memoria: 4/4)
CandleCache.js:115 [CandleCache] 🔄 LRU evict: candles_DOGEUSDT_1 (memoria: 3/4)
CandleCache.js:115 [CandleCache] 🔄 LRU evict: candles_BTCUSDT_1 (memoria: 3/4)
CandleCache.js:115 [CandleCache] 🔄 LRU evict: candles_ADAUSDT_1 (memoria: 3/4)
CandleCache.js:115 [CandleCache] 🔄 LRU evict: candles_ETHUSDT_1 (memoria: 3/4)
CandleCache.js:168 [CandleCache] ✅ XRPUSDT@1 - guardado (10 velas, memoria: 4/4)
CandleCache.js:168 [CandleCache] ✅ TRXUSDT@1 - guardado (10 velas, memoria: 4/4)
CandleCache.js:168 [CandleCache] ✅ TRBUSDT@1 - guardado (10 velas, memoria: 4/4)
CandleCache.js:168 [CandleCache] ✅ GALAUSDT@1 - guardado (10 velas, memoria: 4/4)
CandleCache.js:115 [CandleCache] 🔄 LRU evict: candles_XRPUSDT_1 (memoria: 3/4)
CandleCache.js:115 [CandleCache] 🔄 LRU evict: candles_TRXUSDT_1 (memoria: 3/4)
CandleCache.js:168 [CandleCache] ✅ SOLUSDT@1 - guardado (10 velas, memoria: 4/4)
CandleCache.js:168 [CandleCache] ✅ SUIUSDT@1 - guardado (10 velas, memoria: 4/4)
:8000/api/swing/status:1 
        
        
       Failed to load resource: net::ERR_CONNECTION_REFUSED
SwingDetectorIndicator.js:191 [GALAUSDT] SwingDetector status error: TypeError: Failed to fetch
    at SwingDetectorIndicator.fetchStatus (SwingDetectorIndicator.js:180:30)
    at SwingDetectorIndicator.js:112:14
fetchStatus @ SwingDetectorIndicator.js:191
:8000/api/swing/status:1 
        
        
       Failed to load resource: net::ERR_CONNECTION_REFUSED
SwingDetectorIndicator.js:191 [TRXUSDT] SwingDetector status error: TypeError: Failed to fetch
    at SwingDetectorIndicator.fetchStatus (SwingDetectorIndicator.js:180:30)
    at SwingDetectorIndicator.js:112:14
fetchStatus @ SwingDetectorIndicator.js:191
:8000/api/swing/status:1 
        
        
       Failed to load resource: net::ERR_CONNECTION_REFUSED
SwingDetectorIndicator.js:191 [XRPUSDT] SwingDetector status error: TypeError: Failed to fetch
    at SwingDetectorIndicator.fetchStatus (SwingDetectorIndicator.js:180:30)
    at SwingDetectorIndicator.js:112:14
fetchStatus @ SwingDetectorIndicator.js:191
:8000/api/drawings/DOGEUSDT:1 
        
        
       Failed to load resource: net::ERR_CONNECTION_REFUSED
Logger.js:88 ❌ [6:16:59 p. m.] [MiniChart] Error loading drawings for DOGEUSDT: TypeError: Failed to fetch
    at loadDrawings (MiniChart.jsx:455:30)
    at MiniChart.jsx:2170:9
error @ Logger.js:88
:8000/api/drawings/ADAUSDT:1 
        
        
       Failed to load resource: net::ERR_CONNECTION_REFUSED
Logger.js:88 ❌ [6:16:59 p. m.] [MiniChart] Error loading drawings for ADAUSDT: TypeError: Failed to fetch
    at loadDrawings (MiniChart.jsx:455:30)
    at MiniChart.jsx:2170:9
error @ Logger.js:88
:8000/api/drawings/SOLUSDT:1 
        
        
       Failed to load resource: net::ERR_CONNECTION_REFUSED
Logger.js:88 ❌ [6:16:59 p. m.] [MiniChart] Error loading drawings for SOLUSDT: TypeError: Failed to fetch
    at loadDrawings (MiniChart.jsx:455:30)
    at MiniChart.jsx:2170:9
error @ Logger.js:88
:8000/api/drawings/TRBUSDT:1 
        
        
       Failed to load resource: net::ERR_CONNECTION_REFUSED
Logger.js:88 ❌ [6:16:59 p. m.] [MiniChart] Error loading drawings for TRBUSDT: TypeError: Failed to fetch
    at loadDrawings (MiniChart.jsx:455:30)
    at MiniChart.jsx:2170:9
error @ Logger.js:88
:8000/api/drawings/SUIUSDT:1 
        
        
       Failed to load resource: net::ERR_CONNECTION_REFUSED
Logger.js:88 ❌ [6:16:59 p. m.] [MiniChart] Error loading drawings for SUIUSDT: TypeError: Failed to fetch
    at loadDrawings (MiniChart.jsx:455:30)
    at MiniChart.jsx:2170:9
error @ Logger.js:88
:8000/api/drawings/GALAUSDT:1 
        
        
       Failed to load resource: net::ERR_CONNECTION_REFUSED
Logger.js:88 ❌ [6:16:59 p. m.] [MiniChart] Error loading drawings for GALAUSDT: TypeError: Failed to fetch
    at loadDrawings (MiniChart.jsx:455:30)
    at MiniChart.jsx:2170:9
error @ Logger.js:88
:8000/api/drawings/TRXUSDT:1 
        
        
       Failed to load resource: net::ERR_CONNECTION_REFUSED
Logger.js:88 ❌ [6:16:59 p. m.] [MiniChart] Error loading drawings for TRXUSDT: TypeError: Failed to fetch
    at loadDrawings (MiniChart.jsx:455:30)
    at MiniChart.jsx:2170:9
error @ Logger.js:88
:8000/api/drawings/DOGEUSDT:1 
        
        
       Failed to load resource: net::ERR_CONNECTION_REFUSED
Logger.js:88 ❌ [6:17:00 p. m.] [MiniChart] Error loading drawings for DOGEUSDT: TypeError: Failed to fetch
    at loadDrawings (MiniChart.jsx:455:30)
    at MiniChart.jsx:2170:9
error @ Logger.js:88
:8000/api/drawings/ADAUSDT:1 
        
        
       Failed to load resource: net::ERR_CONNECTION_REFUSED
Logger.js:88 ❌ [6:17:00 p. m.] [MiniChart] Error loading drawings for ADAUSDT: TypeError: Failed to fetch
    at loadDrawings (MiniChart.jsx:455:30)
    at MiniChart.jsx:2170:9
error @ Logger.js:88
:8000/api/drawings/SOLUSDT:1 
        
        
       Failed to load resource: net::ERR_CONNECTION_REFUSED
Logger.js:88 ❌ [6:17:00 p. m.] [MiniChart] Error loading drawings for SOLUSDT: TypeError: Failed to fetch
    at loadDrawings (MiniChart.jsx:455:30)
    at MiniChart.jsx:2170:9
error @ Logger.js:88
:8000/api/status:1 
        
        
       Failed to load resource: net::ERR_CONNECTION_REFUSED
:8000/api/drawings/TRBUSDT:1 
        
        
       Failed to load resource: net::ERR_CONNECTION_REFUSED
Logger.js:88 ❌ [6:17:02 p. m.] [MiniChart] Error loading drawings for TRBUSDT: TypeError: Failed to fetch
    at loadDrawings (MiniChart.jsx:455:30)
    at MiniChart.jsx:2170:9
error @ Logger.js:88
:8000/api/drawings/SUIUSDT:1 
        
        
       Failed to load resource: net::ERR_CONNECTION_REFUSED
Logger.js:88 ❌ [6:17:02 p. m.] [MiniChart] Error loading drawings for SUIUSDT: TypeError: Failed to fetch
    at loadDrawings (MiniChart.jsx:455:30)
    at MiniChart.jsx:2170:9
error @ Logger.js:88
:8000/api/drawings/GALAUSDT:1 
        
        
       Failed to load resource: net::ERR_CONNECTION_REFUSED
Logger.js:88 ❌ [6:17:02 p. m.] [MiniChart] Error loading drawings for GALAUSDT: TypeError: Failed to fetch
    at loadDrawings (MiniChart.jsx:455:30)
    at MiniChart.jsx:2170:9
error @ Logger.js:88
:8000/api/drawings/TRXUSDT:1 
        
        
       Failed to load resource: net::ERR_CONNECTION_REFUSED
Logger.js:88 ❌ [6:17:02 p. m.] [MiniChart] Error loading drawings for TRXUSDT: TypeError: Failed to fetch
    at loadDrawings (MiniChart.jsx:455:30)
    at MiniChart.jsx:2170:9
error @ Logger.js:88
:8000/api/drawings/XRPUSDT:1 
        
        
       Failed to load resource: net::ERR_CONNECTION_REFUSED
Logger.js:88 ❌ [6:17:02 p. m.] [MiniChart] Error loading drawings for XRPUSDT: TypeError: Failed to fetch
    at loadDrawings (MiniChart.jsx:455:30)
    at MiniChart.jsx:2170:9
error @ Logger.js:88
:8000/api/drawings/ETHUSDT:1 
        
        
       Failed to load resource: net::ERR_CONNECTION_REFUSED
Logger.js:88 ❌ [6:17:02 p. m.] [MiniChart] Error loading drawings for ETHUSDT: TypeError: Failed to fetch
    at loadDrawings (MiniChart.jsx:455:30)
    at MiniChart.jsx:2170:9
error @ Logger.js:88
:8000/api/drawings/BTCUSDT:1 
        
        
       Failed to load resource: net::ERR_CONNECTION_REFUSED
Logger.js:88 ❌ [6:17:02 p. m.] [MiniChart] Error loading drawings for BTCUSDT: TypeError: Failed to fetch
    at loadDrawings (MiniChart.jsx:455:30)
    at MiniChart.jsx:2170:9
error @ Logger.js:88
:8000/api/drawings/XRPUSDT:1 
        
        
       Failed to load resource: net::ERR_CONNECTION_REFUSED
Logger.js:88 ❌ [6:17:02 p. m.] [MiniChart] Error loading drawings for XRPUSDT: TypeError: Failed to fetch
    at loadDrawings (MiniChart.jsx:455:30)
    at MiniChart.jsx:2170:9
error @ Logger.js:88
:8000/api/drawings/ETHUSDT:1 
        
        
       Failed to load resource: net::ERR_CONNECTION_REFUSED
Logger.js:88 ❌ [6:17:02 p. m.] [MiniChart] Error loading drawings for ETHUSDT: TypeError: Failed to fetch
    at loadDrawings (MiniChart.jsx:455:30)
    at MiniChart.jsx:2170:9
error @ Logger.js:88
:8000/api/drawings/DOGEUSDT:1 
        
        
       Failed to load resource: net::ERR_CONNECTION_REFUSED
Logger.js:88 ❌ [6:17:03 p. m.] [MiniChart] Error loading drawings for DOGEUSDT: TypeError: Failed to fetch
    at loadDrawings (MiniChart.jsx:455:30)
    at MiniChart.jsx:2170:9
error @ Logger.js:88
loadDrawings @ MiniChart.jsx:477
982 log entries are not shown.
:8000/api/drawings/ADAUSDT:1 
        
        
       Failed to load resource: net::ERR_CONNECTION_REFUSED
Logger.js:88 ❌ [6:17:05 p. m.] [MiniChart] Error loading drawings for ADAUSDT: TypeError: Failed to fetch
    at loadDrawings (MiniChart.jsx:455:30)
    at MiniChart.jsx:2170:9
error @ Logger.js:88
loadDrawings @ MiniChart.jsx:477
:8000/api/drawings/SOLUSDT:1 
        
        
       Failed to load resource: net::ERR_CONNECTION_REFUSED
Logger.js:88 ❌ [6:17:05 p. m.] [MiniChart] Error loading drawings for SOLUSDT: TypeError: Failed to fetch
    at loadDrawings (MiniChart.jsx:455:30)
    at MiniChart.jsx:2170:9
error @ Logger.js:88
loadDrawings @ MiniChart.jsx:477
:8000/api/drawings/TRBUSDT:1 
        
        
       Failed to load resource: net::ERR_CONNECTION_REFUSED
Logger.js:88 ❌ [6:17:05 p. m.] [MiniChart] Error loading drawings for TRBUSDT: TypeError: Failed to fetch
    at loadDrawings (MiniChart.jsx:455:30)
    at MiniChart.jsx:2170:9
error @ Logger.js:88
loadDrawings @ MiniChart.jsx:477
:8000/api/drawings/SUIUSDT:1 
        
        
       Failed to load resource: net::ERR_CONNECTION_REFUSED
Logger.js:88 ❌ [6:17:05 p. m.] [MiniChart] Error loading drawings for SUIUSDT: TypeError: Failed to fetch
    at loadDrawings (MiniChart.jsx:455:30)
    at MiniChart.jsx:2170:9
error @ Logger.js:88
loadDrawings @ MiniChart.jsx:477
:8000/api/drawings/GALAUSDT:1 
        
        
       Failed to load resource: net::ERR_CONNECTION_REFUSED
Logger.js:88 ❌ [6:17:05 p. m.] [MiniChart] Error loading drawings for GALAUSDT: TypeError: Failed to fetch
    at loadDrawings (MiniChart.jsx:455:30)
    at MiniChart.jsx:2170:9
error @ Logger.js:88
loadDrawings @ MiniChart.jsx:477
:8000/api/drawings/TRXUSDT:1 
        
        
       Failed to load resource: net::ERR_CONNECTION_REFUSED
Logger.js:88 ❌ [6:17:05 p. m.] [MiniChart] Error loading drawings for TRXUSDT: TypeError: Failed to fetch
    at loadDrawings (MiniChart.jsx:455:30)
    at MiniChart.jsx:2170:9
error @ Logger.js:88
loadDrawings @ MiniChart.jsx:477
:8000/api/drawings/XRPUSDT:1 
        
        
       Failed to load resource: net::ERR_CONNECTION_REFUSED
Logger.js:88 ❌ [6:17:05 p. m.] [MiniChart] Error loading drawings for XRPUSDT: TypeError: Failed to fetch
    at loadDrawings (MiniChart.jsx:455:30)
    at MiniChart.jsx:2170:9
error @ Logger.js:88
loadDrawings @ MiniChart.jsx:477
:8000/api/drawings/ETHUSDT:1 
        
        
       Failed to load resource: net::ERR_CONNECTION_REFUSED
Logger.js:88 ❌ [6:17:05 p. m.] [MiniChart] Error loading drawings for ETHUSDT: TypeError: Failed to fetch
    at loadDrawings (MiniChart.jsx:455:30)
    at MiniChart.jsx:2170:9
error @ Logger.js:88
loadDrawings @ MiniChart.jsx:477
:8000/api/drawings/BTCUSDT:1 
        
        
       Failed to load resource: net::ERR_CONNECTION_REFUSED
Logger.js:88 ❌ [6:17:05 p. m.] [MiniChart] Error loading drawings for BTCUSDT: TypeError: Failed to fetch
    at loadDrawings (MiniChart.jsx:455:30)
    at MiniChart.jsx:2170:9
error @ Logger.js:88
loadDrawings @ MiniChart.jsx:477
:8000/api/drawings/BTCUSDT:1 
        
        
       Failed to load resource: net::ERR_CONNECTION_REFUSED
Logger.js:88 ❌ [6:17:05 p. m.] [MiniChart] Error loading drawings for BTCUSDT: TypeError: Failed to fetch
    at loadDrawings (MiniChart.jsx:455:30)
    at MiniChart.jsx:2170:9
error @ Logger.js:88
loadDrawings @ MiniChart.jsx:477
:8000/api/swing/status:1 
        
        
       Failed to load resource: net::ERR_CONNECTION_REFUSED
SwingDetectorIndicator.js:191 [DOGEUSDT] SwingDetector status error: TypeError: Failed to fetch
    at SwingDetectorIndicator.fetchStatus (SwingDetectorIndicator.js:180:30)
    at SwingDetectorIndicator.js:112:14
fetchStatus @ SwingDetectorIndicator.js:191
:8000/api/swing/status:1 
        
        
       Failed to load resource: net::ERR_CONNECTION_REFUSED
SwingDetectorIndicator.js:191 [ADAUSDT] SwingDetector status error: TypeError: Failed to fetch
    at SwingDetectorIndicator.fetchStatus (SwingDetectorIndicator.js:180:30)
    at SwingDetectorIndicator.js:112:14
fetchStatus @ SwingDetectorIndicator.js:191
:8000/api/swing/status:1 
        
        
       Failed to load resource: net::ERR_CONNECTION_REFUSED
SwingDetectorIndicator.js:191 [SOLUSDT] SwingDetector status error: TypeError: Failed to fetch
    at SwingDetectorIndicator.fetchStatus (SwingDetectorIndicator.js:180:30)
    at SwingDetectorIndicator.js:112:14
fetchStatus @ SwingDetectorIndicator.js:191
:8000/api/swing/status:1 
        
        
       Failed to load resource: net::ERR_CONNECTION_REFUSED
SwingDetectorIndicator.js:191 [TRBUSDT] SwingDetector status error: TypeError: Failed to fetch
    at SwingDetectorIndicator.fetchStatus (SwingDetectorIndicator.js:180:30)
    at SwingDetectorIndicator.js:112:14
fetchStatus @ SwingDetectorIndicator.js:191
:8000/api/swing/status:1 
        
        
       Failed to load resource: net::ERR_CONNECTION_REFUSED
SwingDetectorIndicator.js:191 [SUIUSDT] SwingDetector status error: TypeError: Failed to fetch
    at SwingDetectorIndicator.fetchStatus (SwingDetectorIndicator.js:180:30)
    at SwingDetectorIndicator.js:112:14
fetchStatus @ SwingDetectorIndicator.js:191
:8000/api/swing/status:1 
        
        
       Failed to load resource: net::ERR_CONNECTION_REFUSED
SwingDetectorIndicator.js:191 [GALAUSDT] SwingDetector status error: TypeError: Failed to fetch
    at SwingDetectorIndicator.fetchStatus (SwingDetectorIndicator.js:180:30)
    at SwingDetectorIndicator.js:112:14
fetchStatus @ SwingDetectorIndicator.js:191
:8000/api/swing/status:1 
        
        
       Failed to load resource: net::ERR_CONNECTION_REFUSED
SwingDetectorIndicator.js:191 [TRXUSDT] SwingDetector status error: TypeError: Failed to fetch
    at SwingDetectorIndicator.fetchStatus (SwingDetectorIndicator.js:180:30)
    at SwingDetectorIndicator.js:112:14
fetchStatus @ SwingDetectorIndicator.js:191
:8000/api/swing/status:1 
        
        
       Failed to load resource: net::ERR_CONNECTION_REFUSED
SwingDetectorIndicator.js:191 [XRPUSDT] SwingDetector status error: TypeError: Failed to fetch
    at SwingDetectorIndicator.fetchStatus (SwingDetectorIndicator.js:180:30)
    at SwingDetectorIndicator.js:112:14
fetchStatus @ SwingDetectorIndicator.js:191
:8000/api/swing/status:1 
        
        
       Failed to load resource: net::ERR_CONNECTION_REFUSED
SwingDetectorIndicator.js:191 [ETHUSDT] SwingDetector status error: TypeError: Failed to fetch
    at SwingDetectorIndicator.fetchStatus (SwingDetectorIndicator.js:180:30)
    at SwingDetectorIndicator.js:112:14
fetchStatus @ SwingDetectorIndicator.js:191
:8000/api/swing/status:1 
        
        
       Failed to load resource: net::ERR_CONNECTION_REFUSED
SwingDetectorIndicator.js:191 [BTCUSDT] SwingDetector status error: TypeError: Failed to fetch
    at SwingDetectorIndicator.fetchStatus (SwingDetectorIndicator.js:180:30)
    at SwingDetectorIndicator.js:112:14
fetchStatus @ SwingDetectorIndicator.js:191
:8000/api/swing/status:1 
        
        
       Failed to load resource: net::ERR_CONNECTION_REFUSED
SwingDetectorIndicator.js:191 [DOGEUSDT] SwingDetector status error: TypeError: Failed to fetch
    at SwingDetectorIndicator.fetchStatus (SwingDetectorIndicator.js:180:30)
    at SwingDetectorIndicator.js:112:14
fetchStatus @ SwingDetectorIndicator.js:191
:8000/api/swing/status:1 
        
        
       Failed to load resource: net::ERR_CONNECTION_REFUSED
SwingDetectorIndicator.js:191 [ADAUSDT] SwingDetector status error: TypeError: Failed to fetch
    at SwingDetectorIndicator.fetchStatus (SwingDetectorIndicator.js:180:30)
    at SwingDetectorIndicator.js:112:14
fetchStatus @ SwingDetectorIndicator.js:191
:8000/api/swing/status:1 
        
        
       Failed to load resource: net::ERR_CONNECTION_REFUSED
SwingDetectorIndicator.js:191 [SOLUSDT] SwingDetector status error: TypeError: Failed to fetch
    at SwingDetectorIndicator.fetchStatus (SwingDetectorIndicator.js:180:30)
    at SwingDetectorIndicator.js:112:14
fetchStatus @ SwingDetectorIndicator.js:191
:8000/api/swing/status:1 
        
        
       Failed to load resource: net::ERR_CONNECTION_REFUSED
SwingDetectorIndicator.js:191 [TRBUSDT] SwingDetector status error: TypeError: Failed to fetch
    at SwingDetectorIndicator.fetchStatus (SwingDetectorIndicator.js:180:30)
    at SwingDetectorIndicator.js:112:14
fetchStatus @ SwingDetectorIndicator.js:191
:8000/api/swing/status:1 
        
        
       Failed to load resource: net::ERR_CONNECTION_REFUSED
SwingDetectorIndicator.js:191 [SUIUSDT] SwingDetector status error: TypeError: Failed to fetch
    at SwingDetectorIndicator.fetchStatus (SwingDetectorIndicator.js:180:30)
    at SwingDetectorIndicator.js:112:14
fetchStatus @ SwingDetectorIndicator.js:191
:8000/api/swing/status:1 
        
        
       Failed to load resource: net::ERR_CONNECTION_REFUSED
SwingDetectorIndicator.js:191 [GALAUSDT] SwingDetector status error: TypeError: Failed to fetch
    at SwingDetectorIndicator.fetchStatus (SwingDetectorIndicator.js:180:30)
    at SwingDetectorIndicator.js:112:14
fetchStatus @ SwingDetectorIndicator.js:191
:8000/api/swing/status:1 
        
        
       Failed to load resource: net::ERR_CONNECTION_REFUSED
SwingDetectorIndicator.js:191 [TRXUSDT] SwingDetector status error: TypeError: Failed to fetch
    at SwingDetectorIndicator.fetchStatus (SwingDetectorIndicator.js:180:30)
    at SwingDetectorIndicator.js:112:14
fetchStatus @ SwingDetectorIndicator.js:191
:8000/api/swing/status:1 
        
        
       Failed to load resource: net::ERR_CONNECTION_REFUSED
SwingDetectorIndicator.js:191 [XRPUSDT] SwingDetector status error: TypeError: Failed to fetch
    at SwingDetectorIndicator.fetchStatus (SwingDetectorIndicator.js:180:30)
    at SwingDetectorIndicator.js:112:14
fetchStatus @ SwingDetectorIndicator.js:191
:8000/api/swing/status:1 
        
        
       Failed to load resource: net::ERR_CONNECTION_REFUSED
SwingDetectorIndicator.js:191 [ETHUSDT] SwingDetector status error: TypeError: Failed to fetch
    at SwingDetectorIndicator.fetchStatus (SwingDetectorIndicator.js:180:30)
    at SwingDetectorIndicator.js:112:14
fetchStatus @ SwingDetectorIndicator.js:191
:8000/api/swing/status:1 
        
        
       Failed to load resource: net::ERR_CONNECTION_REFUSED
SwingDetectorIndicator.js:191 [BTCUSDT] SwingDetector status error: TypeError: Failed to fetch
    at SwingDetectorIndicator.fetchStatus (SwingDetectorIndicator.js:180:30)
    at SwingDetectorIndicator.js:112:14
fetchStatus @ SwingDetectorIndicator.js:191
:8000/api/swing/status:1 
        
        
       Failed to load resource: net::ERR_CONNECTION_REFUSED
SwingDetectorIndicator.js:191 [DOGEUSDT] SwingDetector status error: TypeError: Failed to fetch
    at SwingDetectorIndicator.fetchStatus (SwingDetectorIndicator.js:180:30)
    at SwingDetectorIndicator.js:112:14
fetchStatus @ SwingDetectorIndicator.js:191
:8000/api/swing/status:1 
        
        
       Failed to load resource: net::ERR_CONNECTION_REFUSED
SwingDetectorIndicator.js:191 [ADAUSDT] SwingDetector status error: TypeError: Failed to fetch
    at SwingDetectorIndicator.fetchStatus (SwingDetectorIndicator.js:180:30)
    at SwingDetectorIndicator.js:112:14
fetchStatus @ SwingDetectorIndicator.js:191
:8000/api/swing/status:1 
        
        
       Failed to load resource: net::ERR_CONNECTION_REFUSED
SwingDetectorIndicator.js:191 [SOLUSDT] SwingDetector status error: TypeError: Failed to fetch
    at SwingDetectorIndicator.fetchStatus (SwingDetectorIndicator.js:180:30)
    at SwingDetectorIndicator.js:112:14
fetchStatus @ SwingDetectorIndicator.js:191
:8000/api/swing/status:1 
        
        
       Failed to load resource: net::ERR_CONNECTION_REFUSED
SwingDetectorIndicator.js:191 [TRBUSDT] SwingDetector status error: TypeError: Failed to fetch
    at SwingDetectorIndicator.fetchStatus (SwingDetectorIndicator.js:180:30)
    at SwingDetectorIndicator.js:112:14
fetchStatus @ SwingDetectorIndicator.js:191
:8000/api/swing/status:1 
        
        
       Failed to load resource: net::ERR_CONNECTION_REFUSED
SwingDetectorIndicator.js:191 [SUIUSDT] SwingDetector status error: TypeError: Failed to fetch
    at SwingDetectorIndicator.fetchStatus (SwingDetectorIndicator.js:180:30)
    at SwingDetectorIndicator.js:112:14
fetchStatus @ SwingDetectorIndicator.js:191
:8000/api/swing/status:1  Failed to load resource: net::ERR_CONNECTION_REFUSED
 [GALAUSDT] SwingDetector status error: 
fetchStatus @ SwingDetectorIndicator.js:191
:8000/api/swing/status:1  Failed to load resource: net::ERR_CONNECTION_REFUSED
 [TRXUSDT] SwingDetector status error: 
fetchStatus @ SwingDetectorIndicator.js:191
:8000/api/swing/status:1  Failed to load resource: net::ERR_CONNECTION_REFUSED
 [XRPUSDT] SwingDetector status error: 
fetchStatus @ SwingDetectorIndicator.js:191
:8000/api/swing/status:1  Failed to load resource: net::ERR_CONNECTION_REFUSED
 [ETHUSDT] SwingDetector status error: 
fetchStatus @ SwingDetectorIndicator.js:191
:8000/api/swing/status:1  Failed to load resource: net::ERR_CONNECTION_REFUSED
 [BTCUSDT] SwingDetector status error: 
fetchStatus @ SwingDetectorIndicator.js:191
:8000/api/swing/status:1  Failed to load resource: net::ERR_CONNECTION_REFUSED
 [DOGEUSDT] SwingDetector status error: 
fetchStatus @ SwingDetectorIndicator.js:191
:8000/api/swing/status:1  Failed to load resource: net::ERR_CONNECTION_REFUSED
 [ADAUSDT] SwingDetector status error: 
fetchStatus @ SwingDetectorIndicator.js:191
:8000/api/swing/status:1  Failed to load resource: net::ERR_CONNECTION_REFUSED
 [SOLUSDT] SwingDetector status error: 
fetchStatus @ SwingDetectorIndicator.js:191
:8000/api/drawings/DOGEUSDT:1  Failed to load resource: net::ERR_CONNECTION_REFUSED
 ❌ [6:17:08 p. m.] [MiniChart] Error loading drawings for DOGEUSDT: 
error @ Logger.js:63
loadDrawings @ MiniChart.jsx:401
:8000/api/drawings/ADAUSDT:1  Failed to load resource: net::ERR_CONNECTION_REFUSED
 ❌ [6:17:08 p. m.] [MiniChart] Error loading drawings for ADAUSDT: 
error @ Logger.js:63
loadDrawings @ MiniChart.jsx:401
:8000/api/drawings/SOLUSDT:1  Failed to load resource: net::ERR_CONNECTION_REFUSED
 ❌ [6:17:08 p. m.] [MiniChart] Error loading drawings for SOLUSDT: 
error @ Logger.js:63
loadDrawings @ MiniChart.jsx:401
:8000/api/drawings/TRBUSDT:1  Failed to load resource: net::ERR_CONNECTION_REFUSED
 ❌ [6:17:08 p. m.] [MiniChart] Error loading drawings for TRBUSDT: 
error @ Logger.js:63
loadDrawings @ MiniChart.jsx:401
:8000/api/drawings/SUIUSDT:1  Failed to load resource: net::ERR_CONNECTION_REFUSED
 ❌ [6:17:08 p. m.] [MiniChart] Error loading drawings for SUIUSDT: 
error @ Logger.js:63
loadDrawings @ MiniChart.jsx:401
:8000/api/drawings/GALAUSDT:1  Failed to load resource: net::ERR_CONNECTION_REFUSED
 ❌ [6:17:08 p. m.] [MiniChart] Error loading drawings for GALAUSDT: 
error @ Logger.js:63
loadDrawings @ MiniChart.jsx:401
:8000/api/drawings/TRXUSDT:1  Failed to load resource: net::ERR_CONNECTION_REFUSED
 ❌ [6:17:08 p. m.] [MiniChart] Error loading drawings for TRXUSDT: 
error @ Logger.js:63
loadDrawings @ MiniChart.jsx:401
:8000/api/drawings/XRPUSDT:1  Failed to load resource: net::ERR_CONNECTION_REFUSED
 ❌ [6:17:08 p. m.] [MiniChart] Error loading drawings for XRPUSDT: 
error @ Logger.js:63
loadDrawings @ MiniChart.jsx:401
:8000/api/drawings/ETHUSDT:1  Failed to load resource: net::ERR_CONNECTION_REFUSED
 ❌ [6:17:08 p. m.] [MiniChart] Error loading drawings for ETHUSDT: 
error @ Logger.js:63
loadDrawings @ MiniChart.jsx:401
:8000/api/drawings/BTCUSDT:1  Failed to load resource: net::ERR_CONNECTION_REFUSED
 ❌ [6:17:08 p. m.] [MiniChart] Error loading drawings for BTCUSDT: 
error @ Logger.js:63
loadDrawings @ MiniChart.jsx:401
:8000/api/swing/status:1  Failed to load resource: net::ERR_CONNECTION_REFUSED
 [TRBUSDT] SwingDetector status error: 
fetchStatus @ SwingDetectorIndicator.js:191
:8000/api/swing/status:1  Failed to load resource: net::ERR_CONNECTION_REFUSED
 [SUIUSDT] SwingDetector status error: 
fetchStatus @ SwingDetectorIndicator.js:191
:8000/api/drawings/DOGEUSDT:1  Failed to load resource: net::ERR_CONNECTION_REFUSED
 ❌ [6:17:11 p. m.] [MiniChart] Error loading drawings for DOGEUSDT: 
error @ Logger.js:63
loadDrawings @ MiniChart.jsx:401
:8000/api/drawings/ADAUSDT:1  Failed to load resource: net::ERR_CONNECTION_REFUSED
 ❌ [6:17:11 p. m.] [MiniChart] Error loading drawings for ADAUSDT: 
error @ Logger.js:63
loadDrawings @ MiniChart.jsx:401
:8000/api/drawings/SOLUSDT:1  Failed to load resource: net::ERR_CONNECTION_REFUSED
 ❌ [6:17:11 p. m.] [MiniChart] Error loading drawings for SOLUSDT: 
error @ Logger.js:63
loadDrawings @ MiniChart.jsx:401
:8000/api/drawings/TRBUSDT:1  Failed to load resource: net::ERR_CONNECTION_REFUSED
 ❌ [6:17:11 p. m.] [MiniChart] Error loading drawings for TRBUSDT: 
error @ Logger.js:63
loadDrawings @ MiniChart.jsx:401
:8000/api/drawings/SUIUSDT:1  Failed to load resource: net::ERR_CONNECTION_REFUSED
 ❌ [6:17:11 p. m.] [MiniChart] Error loading drawings for SUIUSDT: 
error @ Logger.js:63
loadDrawings @ MiniChart.jsx:401
:8000/api/drawings/GALAUSDT:1  Failed to load resource: net::ERR_CONNECTION_REFUSED
 ❌ [6:17:11 p. m.] [MiniChart] Error loading drawings for GALAUSDT: 
error @ Logger.js:63
loadDrawings @ MiniChart.jsx:401
:8000/api/drawings/TRXUSDT:1  Failed to load resource: net::ERR_CONNECTION_REFUSED
 ❌ [6:17:11 p. m.] [MiniChart] Error loading drawings for TRXUSDT: 
error @ Logger.js:63
loadDrawings @ MiniChart.jsx:401
:8000/api/drawings/XRPUSDT:1  Failed to load resource: net::ERR_CONNECTION_REFUSED
 ❌ [6:17:11 p. m.] [MiniChart] Error loading drawings for XRPUSDT: 
error @ Logger.js:63
loadDrawings @ MiniChart.jsx:401
:8000/api/drawings/ETHUSDT:1  Failed to load resource: net::ERR_CONNECTION_REFUSED
 ❌ [6:17:11 p. m.] [MiniChart] Error loading drawings for ETHUSDT: 
error @ Logger.js:63
loadDrawings @ MiniChart.jsx:401
:8000/api/drawings/BTCUSDT:1  Failed to load resource: net::ERR_CONNECTION_REFUSED
 ❌ [6:17:11 p. m.] [MiniChart] Error loading drawings for BTCUSDT: 
error @ Logger.js:63
loadDrawings @ MiniChart.jsx:401
:8000/api/drawings/DOGEUSDT:1  Failed to load resource: net::ERR_CONNECTION_REFUSED
 ❌ [6:17:14 p. m.] [MiniChart] Error loading drawings for DOGEUSDT: 
error @ Logger.js:63
loadDrawings @ MiniChart.jsx:401
:8000/api/drawings/ADAUSDT:1  Failed to load resource: net::ERR_CONNECTION_REFUSED
 ❌ [6:17:14 p. m.] [MiniChart] Error loading drawings for ADAUSDT: 
error @ Logger.js:63
loadDrawings @ MiniChart.jsx:401
:8000/api/drawings/SOLUSDT:1  Failed to load resource: net::ERR_CONNECTION_REFUSED
 ❌ [6:17:14 p. m.] [MiniChart] Error loading drawings for SOLUSDT: 
error @ Logger.js:63
loadDrawings @ MiniChart.jsx:401
:8000/api/drawings/TRBUSDT:1  Failed to load resource: net::ERR_CONNECTION_REFUSED
 ❌ [6:17:14 p. m.] [MiniChart] Error loading drawings for TRBUSDT: 
error @ Logger.js:63
loadDrawings @ MiniChart.jsx:401
:8000/api/drawings/SUIUSDT:1  Failed to load resource: net::ERR_CONNECTION_REFUSED
 ❌ [6:17:14 p. m.] [MiniChart] Error loading drawings for SUIUSDT: 
error @ Logger.js:63
loadDrawings @ MiniChart.jsx:401
:8000/api/drawings/GALAUSDT:1  Failed to load resource: net::ERR_CONNECTION_REFUSED
 ❌ [6:17:14 p. m.] [MiniChart] Error loading drawings for GALAUSDT: 
error @ Logger.js:63
loadDrawings @ MiniChart.jsx:401
:8000/api/drawings/TRXUSDT:1  Failed to load resource: net::ERR_CONNECTION_REFUSED
 ❌ [6:17:14 p. m.] [MiniChart] Error loading drawings for TRXUSDT: 
error @ Logger.js:63
loadDrawings @ MiniChart.jsx:401
:8000/api/drawings/XRPUSDT:1  Failed to load resource: net::ERR_CONNECTION_REFUSED
 ❌ [6:17:14 p. m.] [MiniChart] Error loading drawings for XRPUSDT: 
error @ Logger.js:63
loadDrawings @ MiniChart.jsx:401
:8000/api/drawings/ETHUSDT:1  Failed to load resource: net::ERR_CONNECTION_REFUSED
 ❌ [6:17:14 p. m.] [MiniChart] Error loading drawings for ETHUSDT: 
error @ Logger.js:63
loadDrawings @ MiniChart.jsx:401
:8000/api/drawings/BTCUSDT:1  Failed to load resource: net::ERR_CONNECTION_REFUSED
 ❌ [6:17:14 p. m.] [MiniChart] Error loading drawings for BTCUSDT: 
error @ Logger.js:63
loadDrawings @ MiniChart.jsx:401
:8000/api/drawings/DOGEUSDT:1  Failed to load resource: net::ERR_CONNECTION_REFUSED
 ❌ [6:17:17 p. m.] [MiniChart] Error loading drawings for DOGEUSDT: 
error @ Logger.js:63
loadDrawings @ MiniChart.jsx:401
:8000/api/drawings/ADAUSDT:1  Failed to load resource: net::ERR_CONNECTION_REFUSED
 ❌ [6:17:17 p. m.] [MiniChart] Error loading drawings for ADAUSDT: 
error @ Logger.js:63
loadDrawings @ MiniChart.jsx:401
:8000/api/drawings/SOLUSDT:1  Failed to load resource: net::ERR_CONNECTION_REFUSED
 ❌ [6:17:17 p. m.] [MiniChart] Error loading drawings for SOLUSDT: 
error @ Logger.js:63
loadDrawings @ MiniChart.jsx:401
:8000/api/drawings/TRBUSDT:1  Failed to load resource: net::ERR_CONNECTION_REFUSED
 ❌ [6:17:17 p. m.] [MiniChart] Error loading drawings for TRBUSDT: 
error @ Logger.js:63
loadDrawings @ MiniChart.jsx:401
:8000/api/drawings/SUIUSDT:1  Failed to load resource: net::ERR_CONNECTION_REFUSED
 ❌ [6:17:17 p. m.] [MiniChart] Error loading drawings for SUIUSDT: 
error @ Logger.js:63
loadDrawings @ MiniChart.jsx:401
:8000/api/drawings/GALAUSDT:1  Failed to load resource: net::ERR_CONNECTION_REFUSED
 ❌ [6:17:17 p. m.] [MiniChart] Error loading drawings for GALAUSDT: 
error @ Logger.js:63
loadDrawings @ MiniChart.jsx:401
:8000/api/drawings/TRXUSDT:1  Failed to load resource: net::ERR_CONNECTION_REFUSED
 ❌ [6:17:17 p. m.] [MiniChart] Error loading drawings for TRXUSDT: 
error @ Logger.js:63
loadDrawings @ MiniChart.jsx:401
:8000/api/drawings/XRPUSDT:1  Failed to load resource: net::ERR_CONNECTION_REFUSED
 ❌ [6:17:17 p. m.] [MiniChart] Error loading drawings for XRPUSDT: 
error @ Logger.js:63
loadDrawings @ MiniChart.jsx:401
:8000/api/drawings/ETHUSDT:1  Failed to load resource: net::ERR_CONNECTION_REFUSED
 ❌ [6:17:17 p. m.] [MiniChart] Error loading drawings for ETHUSDT: 
error @ Logger.js:63
loadDrawings @ MiniChart.jsx:401
:8000/api/drawings/BTCUSDT:1  Failed to load resource: net::ERR_CONNECTION_REFUSED
 ❌ [6:17:17 p. m.] [MiniChart] Error loading drawings for BTCUSDT: 
error @ Logger.js:63
loadDrawings @ MiniChart.jsx:401
:8000/api/drawings/DOGEUSDT:1  Failed to load resource: net::ERR_CONNECTION_REFUSED
 ❌ [6:17:20 p. m.] [MiniChart] Error loading drawings for DOGEUSDT: 
error @ Logger.js:63
loadDrawings @ MiniChart.jsx:401
:8000/api/drawings/ADAUSDT:1  Failed to load resource: net::ERR_CONNECTION_REFUSED
 ❌ [6:17:20 p. m.] [MiniChart] Error loading drawings for ADAUSDT: 
error @ Logger.js:63
loadDrawings @ MiniChart.jsx:401
:8000/api/drawings/SOLUSDT:1  Failed to load resource: net::ERR_CONNECTION_REFUSED
 ❌ [6:17:20 p. m.] [MiniChart] Error loading drawings for SOLUSDT: 
error @ Logger.js:63
loadDrawings @ MiniChart.jsx:401
:8000/api/drawings/TRBUSDT:1  Failed to load resource: net::ERR_CONNECTION_REFUSED
 ❌ [6:17:20 p. m.] [MiniChart] Error loading drawings for TRBUSDT: 
error @ Logger.js:63
loadDrawings @ MiniChart.jsx:401
:8000/api/drawings/SUIUSDT:1  Failed to load resource: net::ERR_CONNECTION_REFUSED
 ❌ [6:17:20 p. m.] [MiniChart] Error loading drawings for SUIUSDT: 
error @ Logger.js:63
loadDrawings @ MiniChart.jsx:401
:8000/api/drawings/GALAUSDT:1  Failed to load resource: net::ERR_CONNECTION_REFUSED
 ❌ [6:17:20 p. m.] [MiniChart] Error loading drawings for GALAUSDT: 
error @ Logger.js:63
loadDrawings @ MiniChart.jsx:401
:8000/api/drawings/TRXUSDT:1  Failed to load resource: net::ERR_CONNECTION_REFUSED
 ❌ [6:17:20 p. m.] [MiniChart] Error loading drawings for TRXUSDT: 
error @ Logger.js:63
loadDrawings @ MiniChart.jsx:401
:8000/api/drawings/XRPUSDT:1  Failed to load resource: net::ERR_CONNECTION_REFUSED
 ❌ [6:17:20 p. m.] [MiniChart] Error loading drawings for XRPUSDT: 
error @ Logger.js:63
loadDrawings @ MiniChart.jsx:401
:8000/api/drawings/ETHUSDT:1  Failed to load resource: net::ERR_CONNECTION_REFUSED
 ❌ [6:17:20 p. m.] [MiniChart] Error loading drawings for ETHUSDT: 
error @ Logger.js:63
loadDrawings @ MiniChart.jsx:401
:8000/api/drawings/BTCUSDT:1  Failed to load resource: net::ERR_CONNECTION_REFUSED
 ❌ [6:17:20 p. m.] [MiniChart] Error loading drawings for BTCUSDT: 
error @ Logger.js:63
loadDrawings @ MiniChart.jsx:401
:8000/api/realtime/alerts/history?limit=100:1  Failed to load resource: net::ERR_CONNECTION_REFUSED
 Error loading alerts from backend, falling back to localStorage: 
(anonymous) @ useGlobalAlerts.js:73
:8000/api/realtime/alerts/history?limit=100:1  Failed to load resource: net::ERR_CONNECTION_REFUSED
 Error loading alerts from backend, falling back to localStorage: 
(anonymous) @ useGlobalAlerts.js:73
:8000/api/drawings/DOGEUSDT:1  Failed to load resource: net::ERR_CONNECTION_REFUSED
 ❌ [6:17:23 p. m.] [MiniChart] Error loading drawings for DOGEUSDT: 
error @ Logger.js:63
loadDrawings @ MiniChart.jsx:401
:8000/api/drawings/ADAUSDT:1  Failed to load resource: net::ERR_CONNECTION_REFUSED
 ❌ [6:17:23 p. m.] [MiniChart] Error loading drawings for ADAUSDT: 
error @ Logger.js:63
loadDrawings @ MiniChart.jsx:401
:8000/api/drawings/SOLUSDT:1  Failed to load resource: net::ERR_CONNECTION_REFUSED
 ❌ [6:17:23 p. m.] [MiniChart] Error loading drawings for SOLUSDT: 
error @ Logger.js:63
loadDrawings @ MiniChart.jsx:401
:8000/api/drawings/TRBUSDT:1  Failed to load resource: net::ERR_CONNECTION_REFUSED
 ❌ [6:17:23 p. m.] [MiniChart] Error loading drawings for TRBUSDT: 
error @ Logger.js:63
loadDrawings @ MiniChart.jsx:401
:8000/api/drawings/SUIUSDT:1  Failed to load resource: net::ERR_CONNECTION_REFUSED
 ❌ [6:17:23 p. m.] [MiniChart] Error loading drawings for SUIUSDT: 
error @ Logger.js:63
loadDrawings @ MiniChart.jsx:401
:8000/api/drawings/GALAUSDT:1  Failed to load resource: net::ERR_CONNECTION_REFUSED
 ❌ [6:17:23 p. m.] [MiniChart] Error loading drawings for GALAUSDT: 
error @ Logger.js:63
loadDrawings @ MiniChart.jsx:401
:8000/api/drawings/TRXUSDT:1  Failed to load resource: net::ERR_CONNECTION_REFUSED
 ❌ [6:17:23 p. m.] [MiniChart] Error loading drawings for TRXUSDT: 
error @ Logger.js:63
loadDrawings @ MiniChart.jsx:401
:8000/api/drawings/XRPUSDT:1  Failed to load resource: net::ERR_CONNECTION_REFUSED
 ❌ [6:17:23 p. m.] [MiniChart] Error loading drawings for XRPUSDT: 
error @ Logger.js:63
loadDrawings @ MiniChart.jsx:401
:8000/api/drawings/ETHUSDT:1  Failed to load resource: net::ERR_CONNECTION_REFUSED
 ❌ [6:17:23 p. m.] [MiniChart] Error loading drawings for ETHUSDT: 
error @ Logger.js:63
loadDrawings @ MiniChart.jsx:401
:8000/api/drawings/BTCUSDT:1  Failed to load resource: net::ERR_CONNECTION_REFUSED
 ❌ [6:17:23 p. m.] [MiniChart] Error loading drawings for BTCUSDT: 
error @ Logger.js:63
loadDrawings @ MiniChart.jsx:401
  GET http://localhost:8000/api/drawings/DOGEUSDT net::ERR_CONNECTION_REFUSED
loadDrawings @ MiniChart.jsx:388
(anonymous) @ MiniChart.jsx:1584
 ❌ [6:17:26 p. m.] [MiniChart] Error loading drawings for DOGEUSDT: 
error @ Logger.js:63
loadDrawings @ MiniChart.jsx:401
await in loadDrawings
(anonymous) @ MiniChart.jsx:1584
  GET http://localhost:8000/api/drawings/ADAUSDT net::ERR_CONNECTION_REFUSED
loadDrawings @ MiniChart.jsx:388
(anonymous) @ MiniChart.jsx:1584
 ❌ [6:17:26 p. m.] [MiniChart] Error loading drawings for ADAUSDT: 
error @ Logger.js:63
loadDrawings @ MiniChart.jsx:401
await in loadDrawings
(anonymous) @ MiniChart.jsx:1584
  GET http://localhost:8000/api/drawings/SOLUSDT net::ERR_CONNECTION_REFUSED
loadDrawings @ MiniChart.jsx:388
(anonymous) @ MiniChart.jsx:1584
 ❌ [6:17:26 p. m.] [MiniChart] Error loading drawings for SOLUSDT: 
error @ Logger.js:63
loadDrawings @ MiniChart.jsx:401
await in loadDrawings
(anonymous) @ MiniChart.jsx:1584
  GET http://localhost:8000/api/drawings/TRBUSDT net::ERR_CONNECTION_REFUSED
loadDrawings @ MiniChart.jsx:388
(anonymous) @ MiniChart.jsx:1584
 ❌ [6:17:26 p. m.] [MiniChart] Error loading drawings for TRBUSDT: 
error @ Logger.js:63
loadDrawings @ MiniChart.jsx:401
await in loadDrawings
(anonymous) @ MiniChart.jsx:1584
  GET http://localhost:8000/api/drawings/SUIUSDT net::ERR_CONNECTION_REFUSED
loadDrawings @ MiniChart.jsx:388
(anonymous) @ MiniChart.jsx:1584
 ❌ [6:17:26 p. m.] [MiniChart] Error loading drawings for SUIUSDT: 
error @ Logger.js:63
loadDrawings @ MiniChart.jsx:401
await in loadDrawings
(anonymous) @ MiniChart.jsx:1584
  GET http://localhost:8000/api/drawings/GALAUSDT net::ERR_CONNECTION_REFUSED
loadDrawings @ MiniChart.jsx:388
(anonymous) @ MiniChart.jsx:1584
 ❌ [6:17:26 p. m.] [MiniChart] Error loading drawings for GALAUSDT: 
error @ Logger.js:63
loadDrawings @ MiniChart.jsx:401
await in loadDrawings
(anonymous) @ MiniChart.jsx:1584
  GET http://localhost:8000/api/drawings/TRXUSDT net::ERR_CONNECTION_REFUSED
loadDrawings @ MiniChart.jsx:388
(anonymous) @ MiniChart.jsx:1584
 ❌ [6:17:26 p. m.] [MiniChart] Error loading drawings for TRXUSDT: 
error @ Logger.js:63
loadDrawings @ MiniChart.jsx:401
await in loadDrawings
(anonymous) @ MiniChart.jsx:1584
  GET http://localhost:8000/api/drawings/XRPUSDT net::ERR_CONNECTION_REFUSED
loadDrawings @ MiniChart.jsx:388
(anonymous) @ MiniChart.jsx:1584
 ❌ [6:17:26 p. m.] [MiniChart] Error loading drawings for XRPUSDT: 
error @ Logger.js:63
loadDrawings @ MiniChart.jsx:401
await in loadDrawings
(anonymous) @ MiniChart.jsx:1584
  GET http://localhost:8000/api/drawings/ETHUSDT net::ERR_CONNECTION_REFUSED
loadDrawings @ MiniChart.jsx:388
(anonymous) @ MiniChart.jsx:1584
 ❌ [6:17:26 p. m.] [MiniChart] Error loading drawings for ETHUSDT: 
error @ Logger.js:63
loadDrawings @ MiniChart.jsx:401
await in loadDrawings
(anonymous) @ MiniChart.jsx:1584
  GET http://localhost:8000/api/drawings/BTCUSDT net::ERR_CONNECTION_REFUSED
loadDrawings @ MiniChart.jsx:388
(anonymous) @ MiniChart.jsx:1584
 ❌ [6:17:26 p. m.] [MiniChart] Error loading drawings for BTCUSDT: 
error @ Logger.js:63
loadDrawings @ MiniChart.jsx:401
await in loadDrawings
(anonymous) @ MiniChart.jsx:1584
