2026-01-24 15:46:01 - alert_sender - WARNING - [WARN] Alert service returned status 404
[STARTUP] Backend started successfully
[STARTUP] Alert sender initialized
[STARTUP] Proximity alerts system ready
[STARTUP] Swing config loaded: 13 symbols
[STARTUP] Swing/DTB/Rejection services DISABLED (enable in main.py if needed)
[STARTUP] WebSocket Manager started - connected to Bybit
[STARTUP] VWAP service started
[STARTUP] Trade Aggregator initialized (interval=1)
[STARTUP] Trade callback registered with WebSocket manager
[STARTUP] Subscribed to trades for 13 symbols: ['BTCUSDT', 'ETHUSDT', 'XRPUSDT', 'TRXUSDT', 'GALAUSDT', 'SUIUSDT', 'TRBUSDT', 'SOLUSDT', 'ADAUSDT', 'DOGEUSDT', 'PAXGUSDT', 'BNBUSDT', 'POLUSDT']
2026-01-24 15:46:03 - orderflow_service - INFO - [ORDERFLOW_SERVICE] Config cargada: C:\Users\inven\OneDrive\Documentos\GitHub\watchlist\5.Order_flow\backend\config\orderflow_config.json
2026-01-24 15:46:03 - orderflow_service - INFO - [ORDERFLOW_SERVICE] Inicializado
2026-01-24 15:46:03 - orderflow_service - INFO - [ORDERFLOW_SERVICE] Iniciando con symbols=['BTCUSDT', 'ETHUSDT', 'XRPUSDT', 'TRXUSDT', 'GALAUSDT', 'SUIUSDT', 'TRBUSDT', 'SOLUSDT', 'ADAUSDT', 'DOGEUSDT', 'PAXGUSDT', 'BNBUSDT', 'POLUSDT'], intervals=['1', '5']
2026-01-24 15:46:03 - orderflow_service - INFO - [ORDERFLOW_SERVICE] Cargados 719 footprints historicos para BTCUSDT_1
2026-01-24 15:46:03 - orderflow_service - INFO - [ORDERFLOW_SERVICE] Cargados 143 footprints historicos para BTCUSDT_5
2026-01-24 15:46:03 - orderflow_service - INFO - [ORDERFLOW_SERVICE] Cargados 718 footprints historicos para ETHUSDT_1
2026-01-24 15:46:03 - orderflow_service - INFO - [ORDERFLOW_SERVICE] Cargados 143 footprints historicos para ETHUSDT_5
2026-01-24 15:46:03 - orderflow_service - INFO - [ORDERFLOW_SERVICE] Cargados 719 footprints historicos para XRPUSDT_1
2026-01-24 15:46:03 - orderflow_service - INFO - [ORDERFLOW_SERVICE] Cargados 143 footprints historicos para XRPUSDT_5
2026-01-24 15:46:03 - orderflow_service - INFO - [ORDERFLOW_SERVICE] Cargados 717 footprints historicos para TRXUSDT_1
2026-01-24 15:46:03 - orderflow_service - INFO - [ORDERFLOW_SERVICE] Cargados 143 footprints historicos para TRXUSDT_5
2026-01-24 15:46:03 - orderflow_service - INFO - [ORDERFLOW_SERVICE] Cargados 719 footprints historicos para GALAUSDT_1
2026-01-24 15:46:03 - orderflow_service - INFO - [ORDERFLOW_SERVICE] Cargados 143 footprints historicos para GALAUSDT_5
2026-01-24 15:46:03 - orderflow_service - INFO - [ORDERFLOW_SERVICE] Cargados 718 footprints historicos para SUIUSDT_1
2026-01-24 15:46:03 - orderflow_service - INFO - [ORDERFLOW_SERVICE] Cargados 143 footprints historicos para SUIUSDT_5
2026-01-24 15:46:03 - orderflow_service - INFO - [ORDERFLOW_SERVICE] Cargados 717 footprints historicos para TRBUSDT_1
2026-01-24 15:46:03 - orderflow_service - INFO - [ORDERFLOW_SERVICE] Cargados 143 footprints historicos para TRBUSDT_5
2026-01-24 15:46:03 - orderflow_service - INFO - [ORDERFLOW_SERVICE] Cargados 719 footprints historicos para SOLUSDT_1
2026-01-24 15:46:03 - orderflow_service - INFO - [ORDERFLOW_SERVICE] Cargados 143 footprints historicos para SOLUSDT_5
2026-01-24 15:46:03 - orderflow_service - INFO - [ORDERFLOW_SERVICE] Cargados 719 footprints historicos para ADAUSDT_1
2026-01-24 15:46:03 - orderflow_service - INFO - [ORDERFLOW_SERVICE] Cargados 143 footprints historicos para ADAUSDT_5
2026-01-24 15:46:03 - orderflow_service - INFO - [ORDERFLOW_SERVICE] Cargados 719 footprints historicos para DOGEUSDT_1
2026-01-24 15:46:04 - orderflow_service - INFO - [ORDERFLOW_SERVICE] Cargados 143 footprints historicos para DOGEUSDT_5
2026-01-24 15:46:04 - orderflow_service - INFO - [ORDERFLOW_SERVICE] Cargados 719 footprints historicos para PAXGUSDT_1
2026-01-24 15:46:04 - orderflow_service - INFO - [ORDERFLOW_SERVICE] Cargados 143 footprints historicos para PAXGUSDT_5
2026-01-24 15:46:04 - orderflow_service - INFO - [ORDERFLOW_SERVICE] Cargados 717 footprints historicos para BNBUSDT_1
2026-01-24 15:46:04 - orderflow_service - INFO - [ORDERFLOW_SERVICE] Cargados 143 footprints historicos para BNBUSDT_5
2026-01-24 15:46:04 - orderflow_service - INFO - [ORDERFLOW_SERVICE] Cargados 719 footprints historicos para POLUSDT_1
2026-01-24 15:46:04 - orderflow_service - INFO - [ORDERFLOW_SERVICE] Cargados 143 footprints historicos para POLUSDT_5
2026-01-24 15:46:04 - orderflow_service - INFO - [ORDERFLOW_SERVICE] Total footprints cargados desde disco: 11198
2026-01-24 15:46:04 - orderflow_service - INFO - [ORDERFLOW_SERVICE] Suscrito a trades de ['BTCUSDT', 'ETHUSDT', 'XRPUSDT', 'TRXUSDT', 'GALAUSDT', 'SUIUSDT', 'TRBUSDT', 'SOLUSDT', 'ADAUSDT', 'DOGEUSDT', 'PAXGUSDT', 'BNBUSDT', 'POLUSDT']
2026-01-24 15:46:04 - orderflow_service - INFO - [ORDERFLOW_SERVICE] Servicio iniciado correctamente
[STARTUP] OrderFlow Service started - 13 symbols, intervals: ['1', '5']
2026-01-24 15:46:04 - websocket_manager - ERROR - [WS_SUBSCRIPTION] FAILED: error:already subscribed,topic:publicTrade.GALAUSDT - data={'success': False, 'ret_msg': 'error:already subscribed,topic:publicTrade.GALAUSDT', 'conn_id': 'd50fki9jocoflakmm8cg-8i297', 'req_id': '', 'op': 'subscribe'}
2026-01-24 15:46:04 - websocket_manager - ERROR - [WS_SUBSCRIPTION] FAILED: error:already subscribed,topic:publicTrade.POLUSDT - data={'success': False, 'ret_msg': 'error:already subscribed,topic:publicTrade.POLUSDT', 'conn_id': 'd50fki9jocoflakmm8cg-8i297', 'req_id': '', 'op': 'subscribe'}
2026-01-24 15:46:06 - orderflow_service - INFO - [ORDERFLOW_SERVICE] Iniciando reconstruccion de footprints en background...
2026-01-24 15:46:08 - orderflow_service - INFO - [ORDERFLOW_SERVICE] Reconstruidos 1 footprints para BTCUSDT_1
2026-01-24 15:46:10 - orderflow_service - INFO - [ORDERFLOW_SERVICE] Reconstruidos 1 footprints para BTCUSDT_5
2026-01-24 15:46:13 - orderflow_service - INFO - [ORDERFLOW_SERVICE] Reconstruidos 2 footprints para ETHUSDT_1
2026-01-24 15:46:14 - orderflow_service - INFO - [ORDERFLOW_SERVICE] Reconstruidos 1 footprints para ETHUSDT_5
2026-01-24 15:46:17 - orderflow_service - INFO - [ORDERFLOW_SERVICE] Reconstruidos 1 footprints para XRPUSDT_1
2026-01-24 15:46:18 - orderflow_service - INFO - [ORDERFLOW_SERVICE] Reconstruidos 1 footprints para XRPUSDT_5
2026-01-24 15:46:21 - orderflow_service - INFO - [ORDERFLOW_SERVICE] Reconstruidos 3 footprints para TRXUSDT_1
2026-01-24 15:46:22 - orderflow_service - INFO - [ORDERFLOW_SERVICE] Reconstruidos 1 footprints para TRXUSDT_5
2026-01-24 15:46:25 - orderflow_service - INFO - [ORDERFLOW_SERVICE] Reconstruidos 1 footprints para GALAUSDT_1
2026-01-24 15:46:26 - orderflow_service - INFO - [ORDERFLOW_SERVICE] Reconstruidos 1 footprints para GALAUSDT_5
2026-01-24 15:46:29 - orderflow_service - INFO - [ORDERFLOW_SERVICE] Reconstruidos 2 footprints para SUIUSDT_1
2026-01-24 15:46:30 - orderflow_service - INFO - [ORDERFLOW_SERVICE] Reconstruidos 1 footprints para SUIUSDT_5
2026-01-24 15:46:33 - orderflow_service - INFO - [ORDERFLOW_SERVICE] Reconstruidos 3 footprints para TRBUSDT_1
2026-01-24 15:46:34 - orderflow_service - INFO - [ORDERFLOW_SERVICE] Reconstruidos 1 footprints para TRBUSDT_5
2026-01-24 15:46:37 - orderflow_service - INFO - [ORDERFLOW_SERVICE] Reconstruidos 1 footprints para SOLUSDT_1
2026-01-24 15:46:39 - orderflow_service - INFO - [ORDERFLOW_SERVICE] Reconstruidos 1 footprints para SOLUSDT_5
2026-01-24 15:46:41 - orderflow_service - INFO - [ORDERFLOW_SERVICE] Reconstruidos 1 footprints para ADAUSDT_1
2026-01-24 15:46:42 - orderflow_service - INFO - [ORDERFLOW_SERVICE] Reconstruidos 1 footprints para ADAUSDT_5
2026-01-24 15:46:45 - orderflow_service - INFO - [ORDERFLOW_SERVICE] Reconstruidos 1 footprints para DOGEUSDT_1
2026-01-24 15:46:46 - orderflow_service - INFO - [ORDERFLOW_SERVICE] Reconstruidos 1 footprints para DOGEUSDT_5
2026-01-24 15:46:50 - orderflow_service - INFO - [ORDERFLOW_SERVICE] Reconstruidos 1 footprints para PAXGUSDT_1
2026-01-24 15:46:52 - orderflow_service - INFO - [ORDERFLOW_SERVICE] Reconstruidos 1 footprints para PAXGUSDT_5
2026-01-24 15:46:55 - orderflow_service - INFO - [ORDERFLOW_SERVICE] Reconstruidos 3 footprints para BNBUSDT_1
2026-01-24 15:46:56 - orderflow_service - INFO - [ORDERFLOW_SERVICE] Reconstruidos 1 footprints para BNBUSDT_5
2026-01-24 15:46:59 - orderflow_service - INFO - [ORDERFLOW_SERVICE] Reconstruidos 1 footprints para POLUSDT_1
2026-01-24 15:47:00 - orderflow_service - INFO - [ORDERFLOW_SERVICE] Reconstruidos 1 footprints para POLUSDT_5
2026-01-24 15:47:00 - orderflow_service - INFO - [ORDERFLOW_SERVICE] Reconstruccion completada: 34 footprints
2026-01-24 15:47:01 - orderflow_service - INFO - [ORDERFLOW_SERVICE] Footprint completado: SOLUSDT | time=1769287560000 | trades=87 | delta=-506.5000 | poc=0
2026-01-24 15:47:01 - orderflow_service - INFO - [ORDERFLOW_SERVICE] Footprint completado: ETHUSDT | time=1769287560000 | trades=133 | delta=-93.2800 | poc=0
2026-01-24 15:47:01 - orderflow_service - INFO - [ORDERFLOW_SERVICE] Footprint completado: PAXGUSDT | time=1769287560000 | trades=76 | delta=0.9410 | poc=0
2026-01-24 15:47:02 - orderflow_service - INFO - [ORDERFLOW_SERVICE] Footprint completado: TRXUSDT | time=1769287560000 | trades=8 | delta=6103.0000 | poc=0
2026-01-24 15:47:02 - orderflow_service - INFO - [ORDERFLOW_SERVICE] Footprint completado: XRPUSDT | time=1769287560000 | trades=17 | delta=-855.8000 | poc=0
2026-01-24 15:47:03 - orderflow_service - INFO - [ORDERFLOW_SERVICE] Footprint completado: BTCUSDT | time=1769287560000 | trades=32 | delta=0.3090 | poc=0
2026-01-24 15:47:04 - orderflow_service - INFO - [ORDERFLOW_SERVICE] Footprint completado: ADAUSDT | time=1769287560000 | trades=7 | delta=1032.0000 | poc=0
2026-01-24 15:47:10 - orderflow_service - INFO - [ORDERFLOW_SERVICE] Footprint completado: POLUSDT | time=1769287560000 | trades=133 | delta=112150.0000 | poc=0
2026-01-24 15:47:10 - orderflow_service - INFO - [ORDERFLOW_SERVICE] Footprint completado: TRBUSDT | time=1769287560000 | trades=2 | delta=-0.4100 | poc=0
2026-01-24 15:47:12 - orderflow_service - INFO - [ORDERFLOW_SERVICE] Footprint completado: DOGEUSDT | time=1769287560000 | trades=41 | delta=-19129.0000 | poc=0
2026-01-24 15:47:17 - orderflow_service - INFO - [ORDERFLOW_SERVICE] Footprint completado: SUIUSDT | time=1769287560000 | trades=6 | delta=840.0000 | poc=0
2026-01-24 15:47:34 - orderflow_service - INFO - [ORDERFLOW_SERVICE] Footprint completado: BNBUSDT | time=1769287560000 | trades=2 | delta=-0.0400 | poc=0
2026-01-24 15:47:42 - orderflow_service - INFO - [ORDERFLOW_SERVICE] Footprint completado: GALAUSDT | time=1769287560000 | trades=10 | delta=-39055.0000 | poc=0
2026-01-24 15:48:01 - orderflow_service - INFO - [ORDERFLOW_SERVICE] Footprint completado: GALAUSDT | time=1769287620000 | trades=14 | delta=143752.0000 | poc=0
2026-01-24 15:48:01 - orderflow_service - INFO - [ORDERFLOW_SERVICE] Footprint completado: SOLUSDT | time=1769287620000 | trades=24 | delta=24.8000 | poc=0
2026-01-24 15:48:02 - orderflow_service - INFO - [ORDERFLOW_SERVICE] Footprint completado: ETHUSDT | time=1769287620000 | trades=40 | delta=18.4700 | poc=0
2026-01-24 15:48:02 - orderflow_service - INFO - [ORDERFLOW_SERVICE] Footprint completado: SUIUSDT | time=1769287620000 | trades=1 | delta=-300.0000 | poc=0
2026-01-24 15:48:02 - orderflow_service - INFO - [ORDERFLOW_SERVICE] Footprint completado: PAXGUSDT | time=1769287620000 | trades=405 | delta=1.7170 | poc=18
2026-01-24 15:48:03 - orderflow_service - INFO - [ORDERFLOW_SERVICE] Footprint completado: ADAUSDT | time=1769287620000 | trades=30 | delta=24659.0000 | poc=0
2026-01-24 15:48:03 - orderflow_service - INFO - [ORDERFLOW_SERVICE] Footprint completado: DOGEUSDT | time=1769287620000 | trades=14 | delta=-2242.0000 | poc=0
2026-01-24 15:48:04 - orderflow_service - INFO - [ORDERFLOW_SERVICE] Footprint completado: BTCUSDT | time=1769287620000 | trades=24 | delta=-0.1930 | poc=0
2026-01-24 15:48:05 - orderflow_service - INFO - [ORDERFLOW_SERVICE] Footprint completado: XRPUSDT | time=1769287620000 | trades=27 | delta=-827.4000 | poc=0
2026-01-24 15:48:07 - orderflow_service - INFO - [ORDERFLOW_SERVICE] Footprint completado: POLUSDT | time=1769287620000 | trades=84 | delta=110557.0000 | poc=0
2026-01-24 15:48:10 - orderflow_service - INFO - [ORDERFLOW_SERVICE] Footprint completado: BNBUSDT | time=1769287620000 | trades=16 | delta=2.2400 | poc=0
2026-01-24 15:48:23 - orderflow_service - INFO - [ORDERFLOW_SERVICE] Footprint completado: TRXUSDT | time=1769287620000 | trades=3 | delta=273.0000 | poc=0
2026-01-24 15:48:34 - orderflow_service - INFO - [ORDERFLOW_SERVICE] Footprint completado: TRBUSDT | time=1769287620000 | trades=31 | delta=-1.4500 | poc=3
2026-01-24 15:49:01 - orderflow_service - INFO - [ORDERFLOW_SERVICE] Footprint completado: SOLUSDT | time=1769287680000 | trades=21 | delta=51.1000 | poc=0
2026-01-24 15:49:01 - orderflow_service - INFO - [ORDERFLOW_SERVICE] Footprint completado: PAXGUSDT | time=1769287680000 | trades=109 | delta=0.1720 | poc=6
2026-01-24 15:49:02 - orderflow_service - INFO - [ORDERFLOW_SERVICE] Footprint completado: TRXUSDT | time=1769287680000 | trades=117 | delta=-61429.0000 | poc=0
2026-01-24 15:49:02 - orderflow_service - INFO - [ORDERFLOW_SERVICE] Footprint completado: DOGEUSDT | time=1769287680000 | trades=20 | delta=8298.0000 | poc=0
2026-01-24 15:49:03 - orderflow_service - INFO - [ORDERFLOW_SERVICE] Footprint completado: BTCUSDT | time=1769287680000 | trades=75 | delta=4.1120 | poc=5
2026-01-24 15:49:03 - orderflow_service - INFO - [ORDERFLOW_SERVICE] Footprint completado: SUIUSDT | time=1769287680000 | trades=14 | delta=2010.0000 | poc=0
2026-01-24 15:49:03 - orderflow_service - INFO - [ORDERFLOW_SERVICE] Footprint completado: POLUSDT | time=1769287680000 | trades=114 | delta=132730.0000 | poc=0
2026-01-24 15:49:03 - orderflow_service - INFO - [ORDERFLOW_SERVICE] Footprint completado: XRPUSDT | time=1769287680000 | trades=10 | delta=513.7000 | poc=0
2026-01-24 15:49:05 - orderflow_service - INFO - [ORDERFLOW_SERVICE] Footprint completado: GALAUSDT | time=1769287680000 | trades=28 | delta=56596.0000 | poc=0
2026-01-24 15:49:06 - orderflow_service - INFO - [ORDERFLOW_SERVICE] Footprint completado: ADAUSDT | time=1769287680000 | trades=5 | delta=479.0000 | poc=0
2026-01-24 15:49:13 - orderflow_service - INFO - [ORDERFLOW_SERVICE] Footprint completado: TRBUSDT | time=1769287680000 | trades=6 | delta=11.6500 | poc=0
2026-01-24 15:49:22 - orderflow_service - INFO - [ORDERFLOW_SERVICE] Footprint completado: ETHUSDT | time=1769287680000 | trades=66 | delta=9.6300 | poc=0
2026-01-24 15:49:25 - orderflow_service - INFO - [ORDERFLOW_SERVICE] Footprint completado: BNBUSDT | time=1769287680000 | trades=6 | delta=1.4700 | poc=0
2026-01-24 15:50:01 - orderflow_service - INFO - [ORDERFLOW_SERVICE] Footprint completado: BNBUSDT | time=1769287740000 | trades=9 | delta=-0.5900 | poc=0
2026-01-24 15:50:01 - orderflow_service - INFO - [ORDERFLOW_SERVICE] Footprint completado: BNBUSDT | time=1769287500000 | trades=33 | delta=3.0800 | poc=0
2026-01-24 15:50:01 - orderflow_service - INFO - [ORDERFLOW_SERVICE] Footprint completado: PAXGUSDT | time=1769287740000 | trades=48 | delta=-1.1210 | poc=2
2026-01-24 15:50:01 - orderflow_service - WARNING - [ORDERFLOW_SERVICE] Error enviando alerta: status=500
2026-01-24 15:50:01 - orderflow_service - INFO - [ORDERFLOW_SERVICE] Footprint completado: PAXGUSDT | time=1769287500000 | trades=638 | delta=1.7090 | poc=18
2026-01-24 15:50:02 - orderflow_service - INFO - [ORDERFLOW_SERVICE] Footprint completado: ETHUSDT | time=1769287740000 | trades=10 | delta=1.0700 | poc=0
2026-01-24 15:50:02 - orderflow_service - INFO - [ORDERFLOW_SERVICE] Footprint completado: ETHUSDT | time=1769287500000 | trades=249 | delta=-64.1100 | poc=0
2026-01-24 15:50:02 - orderflow_service - INFO - [ORDERFLOW_SERVICE] Footprint completado: XRPUSDT | time=1769287740000 | trades=149 | delta=134667.7000 | poc=0
2026-01-24 15:50:02 - orderflow_service - INFO - [ORDERFLOW_SERVICE] Footprint completado: XRPUSDT | time=1769287500000 | trades=203 | delta=133498.2000 | poc=0
2026-01-24 15:50:03 - orderflow_service - INFO - [ORDERFLOW_SERVICE] Footprint completado: TRXUSDT | time=1769287740000 | trades=13 | delta=9967.0000 | poc=0
2026-01-24 15:50:03 - orderflow_service - INFO - [ORDERFLOW_SERVICE] Footprint completado: TRXUSDT | time=1769287500000 | trades=141 | delta=-45086.0000 | poc=0
2026-01-24 15:50:03 - orderflow_service - INFO - [ORDERFLOW_SERVICE] Footprint completado: ADAUSDT | time=1769287740000 | trades=23 | delta=34050.0000 | poc=0
2026-01-24 15:50:03 - orderflow_service - INFO - [ORDERFLOW_SERVICE] Footprint completado: ADAUSDT | time=1769287500000 | trades=65 | delta=60220.0000 | poc=0
2026-01-24 15:50:03 - orderflow_service - INFO - [ORDERFLOW_SERVICE] Footprint completado: SOLUSDT | time=1769287740000 | trades=49 | delta=390.9000 | poc=0
2026-01-24 15:50:03 - orderflow_service - INFO - [ORDERFLOW_SERVICE] Footprint completado: SOLUSDT | time=1769287500000 | trades=181 | delta=-39.7000 | poc=0
2026-01-24 15:50:03 - orderflow_service - INFO - [ORDERFLOW_SERVICE] Footprint completado: DOGEUSDT | time=1769287740000 | trades=18 | delta=10556.0000 | poc=0
2026-01-24 15:50:03 - orderflow_service - INFO - [ORDERFLOW_SERVICE] Footprint completado: DOGEUSDT | time=1769287500000 | trades=93 | delta=-2517.0000 | poc=0
2026-01-24 15:50:04 - orderflow_service - INFO - [ORDERFLOW_SERVICE] Footprint completado: BTCUSDT | time=1769287740000 | trades=40 | delta=0.6540 | poc=0
2026-01-24 15:50:04 - orderflow_service - INFO - [ORDERFLOW_SERVICE] Footprint completado: BTCUSDT | time=1769287500000 | trades=171 | delta=4.8820 | poc=5
2026-01-24 15:50:06 - orderflow_service - INFO - [ORDERFLOW_SERVICE] Footprint completado: TRBUSDT | time=1769287740000 | trades=5 | delta=11.9800 | poc=1
2026-01-24 15:50:06 - orderflow_service - INFO - [ORDERFLOW_SERVICE] Footprint completado: TRBUSDT | time=1769287500000 | trades=44 | delta=21.7700 | poc=3
2026-01-24 15:50:06 - orderflow_service - INFO - [ORDERFLOW_SERVICE] Footprint completado: POLUSDT | time=1769287740000 | trades=113 | delta=121645.0000 | poc=0
2026-01-24 15:50:06 - orderflow_service - INFO - [ORDERFLOW_SERVICE] Footprint completado: POLUSDT | time=1769287500000 | trades=444 | delta=477082.0000 | poc=0
2026-01-24 15:50:06 - orderflow_service - INFO - [ORDERFLOW_SERVICE] Footprint completado: SUIUSDT | time=1769287740000 | trades=4 | delta=70.0000 | poc=0
2026-01-24 15:50:06 - orderflow_service - INFO - [ORDERFLOW_SERVICE] Footprint completado: SUIUSDT | time=1769287500000 | trades=25 | delta=2620.0000 | poc=1
2026-01-24 15:50:06 - orderflow_service - INFO - [ORDERFLOW_SERVICE] Footprint completado: GALAUSDT | time=1769287740000 | trades=28 | delta=167509.0000 | poc=0
2026-01-24 15:50:06 - orderflow_service - INFO - [ORDERFLOW_SERVICE] Footprint completado: GALAUSDT | time=1769287500000 | trades=80 | delta=328802.0000 | poc=0
2026-01-24 15:51:01 - orderflow_service - INFO - [ORDERFLOW_SERVICE] Footprint completado: GALAUSDT | time=1769287800000 | trades=25 | delta=-142832.0000 | poc=0
2026-01-24 15:51:01 - orderflow_service - INFO - [ORDERFLOW_SERVICE] Footprint completado: SOLUSDT | time=1769287800000 | trades=31 | delta=-71.6000 | poc=0
2026-01-24 15:51:01 - orderflow_service - INFO - [ORDERFLOW_SERVICE] Footprint completado: PAXGUSDT | time=1769287800000 | trades=19 | delta=0.8770 | poc=0
2026-01-24 15:51:01 - orderflow_service - INFO - [ORDERFLOW_SERVICE] Footprint completado: ETHUSDT | time=1769287800000 | trades=43 | delta=0.6200 | poc=0
2026-01-24 15:51:02 - orderflow_service - INFO - [ORDERFLOW_SERVICE] Footprint completado: BTCUSDT | time=1769287800000 | trades=51 | delta=-0.0490 | poc=0
2026-01-24 15:51:02 - orderflow_service - INFO - [ORDERFLOW_SERVICE] Footprint completado: SUIUSDT | time=1769287800000 | trades=29 | delta=-6970.0000 | poc=2
2026-01-24 15:51:03 - orderflow_service - INFO - [ORDERFLOW_SERVICE] Footprint completado: XRPUSDT | time=1769287800000 | trades=70 | delta=1370.3000 | poc=0
2026-01-24 15:51:03 - orderflow_service - INFO - [ORDERFLOW_SERVICE] Footprint completado: POLUSDT | time=1769287800000 | trades=141 | delta=81377.0000 | poc=0
2026-01-24 15:51:07 - orderflow_service - INFO - [ORDERFLOW_SERVICE] Footprint completado: TRXUSDT | time=1769287800000 | trades=7 | delta=-137.0000 | poc=0
2026-01-24 15:51:11 - orderflow_service - INFO - [ORDERFLOW_SERVICE] Footprint completado: BNBUSDT | time=1769287800000 | trades=79 | delta=-10.8100 | poc=0
2026-01-24 15:51:11 - orderflow_service - INFO - [ORDERFLOW_SERVICE] Footprint completado: ADAUSDT | time=1769287800000 | trades=25 | delta=-24613.0000 | poc=0
2026-01-24 15:51:30 - orderflow_service - INFO - [ORDERFLOW_SERVICE] Footprint completado: DOGEUSDT | time=1769287800000 | trades=50 | delta=-68182.0000 | poc=0
2026-01-24 15:52:01 - orderflow_service - INFO - [ORDERFLOW_SERVICE] Footprint completado: XRPUSDT | time=1769287860000 | trades=26 | delta=-1195.8000 | poc=0
2026-01-24 15:52:01 - orderflow_service - INFO - [ORDERFLOW_SERVICE] Footprint completado: GALAUSDT | time=1769287860000 | trades=5 | delta=11585.0000 | poc=0
2026-01-24 15:52:01 - orderflow_service - INFO - [ORDERFLOW_SERVICE] Footprint completado: ADAUSDT | time=1769287860000 | trades=20 | delta=-12809.0000 | poc=0
2026-01-24 15:52:01 - orderflow_service - INFO - [ORDERFLOW_SERVICE] Footprint completado: TRXUSDT | time=1769287860000 | trades=6 | delta=-119.0000 | poc=0
2026-01-24 15:52:01 - orderflow_service - INFO - [ORDERFLOW_SERVICE] Footprint completado: SOLUSDT | time=1769287860000 | trades=31 | delta=-51.1000 | poc=0
2026-01-24 15:52:01 - orderflow_service - INFO - [ORDERFLOW_SERVICE] Footprint completado: BTCUSDT | time=1769287860000 | trades=75 | delta=10.4160 | poc=0
2026-01-24 15:52:02 - orderflow_service - INFO - [ORDERFLOW_SERVICE] Footprint completado: PAXGUSDT | time=1769287860000 | trades=46 | delta=-1.9020 | poc=2
2026-01-24 15:52:03 - orderflow_service - INFO - [ORDERFLOW_SERVICE] Footprint completado: ETHUSDT | time=1769287860000 | trades=137 | delta=2.6000 | poc=0
2026-01-24 15:52:05 - orderflow_service - INFO - [ORDERFLOW_SERVICE] Footprint completado: POLUSDT | time=1769287860000 | trades=114 | delta=115840.0000 | poc=0
2026-01-24 15:52:06 - orderflow_service - INFO - [ORDERFLOW_SERVICE] Footprint completado: SUIUSDT | time=1769287860000 | trades=7 | delta=-1090.0000 | poc=2
2026-01-24 15:52:32 - orderflow_service - INFO - [ORDERFLOW_SERVICE] Footprint completado: DOGEUSDT | time=1769287860000 | trades=2 | delta=2162.0000 | poc=0
2026-01-24 15:52:57 - orderflow_service - INFO - [ORDERFLOW_SERVICE] Footprint completado: BNBUSDT | time=1769287860000 | trades=18 | delta=-2.8400 | poc=0
2026-01-24 15:53:01 - orderflow_service - INFO - [ORDERFLOW_SERVICE] Footprint completado: XRPUSDT | time=1769287920000 | trades=8 | delta=-3.3000 | poc=0
2026-01-24 15:53:01 - orderflow_service - INFO - [ORDERFLOW_SERVICE] Footprint completado: BTCUSDT | time=1769287920000 | trades=30 | delta=-0.1850 | poc=0
2026-01-24 15:53:01 - orderflow_service - INFO - [ORDERFLOW_SERVICE] Footprint completado: SOLUSDT | time=1769287920000 | trades=37 | delta=-395.5000 | poc=0
2026-01-24 15:53:01 - orderflow_service - INFO - [ORDERFLOW_SERVICE] Footprint completado: PAXGUSDT | time=1769287920000 | trades=54 | delta=-0.0140 | poc=5
2026-01-24 15:53:03 - orderflow_service - INFO - [ORDERFLOW_SERVICE] Footprint completado: POLUSDT | time=1769287920000 | trades=96 | delta=-75389.0000 | poc=0
2026-01-24 15:53:03 - orderflow_service - INFO - [ORDERFLOW_SERVICE] Footprint completado: DOGEUSDT | time=1769287920000 | trades=6 | delta=-2680.0000 | poc=0
2026-01-24 15:53:04 - orderflow_service - INFO - [ORDERFLOW_SERVICE] Footprint completado: ETHUSDT | time=1769287920000 | trades=23 | delta=3.0300 | poc=0
2026-01-24 15:53:10 - orderflow_service - INFO - [ORDERFLOW_SERVICE] Footprint completado: TRBUSDT | time=1769287800000 | trades=21 | delta=24.7600 | poc=3
2026-01-24 15:53:13 - orderflow_service - INFO - [ORDERFLOW_SERVICE] Footprint completado: ADAUSDT | time=1769287920000 | trades=4 | delta=-926.0000 | poc=0
2026-01-24 15:53:19 - orderflow_service - INFO - [ORDERFLOW_SERVICE] Footprint completado: GALAUSDT | time=1769287920000 | trades=22 | delta=63770.0000 | poc=0
2026-01-24 15:53:24 - orderflow_service - INFO - [ORDERFLOW_SERVICE] Footprint completado: SUIUSDT | time=1769287920000 | trades=55 | delta=-35690.0000 | poc=4
2026-01-24 15:54:01 - orderflow_service - INFO - [ORDERFLOW_SERVICE] Footprint completado: SOLUSDT | time=1769287980000 | trades=38 | delta=-41.9000 | poc=0
2026-01-24 15:54:01 - orderflow_service - INFO - [ORDERFLOW_SERVICE] Footprint completado: PAXGUSDT | time=1769287980000 | trades=142 | delta=-4.2940 | poc=7
2026-01-24 15:54:02 - orderflow_service - INFO - [ORDERFLOW_SERVICE] Footprint completado: SUIUSDT | time=1769287980000 | trades=30 | delta=-2380.0000 | poc=3
2026-01-24 15:54:02 - orderflow_service - INFO - [ORDERFLOW_SERVICE] Footprint completado: TRXUSDT | time=1769287920000 | trades=10 | delta=-224.0000 | poc=0
2026-01-24 15:54:02 - orderflow_service - INFO - [ORDERFLOW_SERVICE] Footprint completado: GALAUSDT | time=1769287980000 | trades=12 | delta=-1492.0000 | poc=0
2026-01-24 15:54:03 - orderflow_service - INFO - [ORDERFLOW_SERVICE] Footprint completado: ETHUSDT | time=1769287980000 | trades=22 | delta=-8.5500 | poc=0
2026-01-24 15:54:05 - orderflow_service - INFO - [ORDERFLOW_SERVICE] Footprint completado: BTCUSDT | time=1769287980000 | trades=16 | delta=-0.5610 | poc=0
2026-01-24 15:54:05 - orderflow_service - INFO - [ORDERFLOW_SERVICE] Footprint completado: XRPUSDT | time=1769287980000 | trades=37 | delta=-4279.5000 | poc=0
2026-01-24 15:54:12 - orderflow_service - INFO - [ORDERFLOW_SERVICE] Footprint completado: POLUSDT | time=1769287980000 | trades=61 | delta=-5028.0000 | poc=0
2026-01-24 15:54:12 - orderflow_service - INFO - [ORDERFLOW_SERVICE] Footprint completado: DOGEUSDT | time=1769287980000 | trades=3 | delta=547.0000 | poc=0
2026-01-24 15:54:27 - orderflow_service - INFO - [ORDERFLOW_SERVICE] Footprint completado: ADAUSDT | time=1769287980000 | trades=9 | delta=-12335.0000 | poc=0
2026-01-24 15:54:28 - orderflow_service - INFO - [ORDERFLOW_SERVICE] Footprint completado: BNBUSDT | time=1769287920000 | trades=1 | delta=-0.0300 | poc=0
2026-01-24 15:54:54 - orderflow_service - INFO - [ORDERFLOW_SERVICE] Footprint completado: TRBUSDT | time=1769287980000 | trades=2 | delta=0.2900 | poc=0
2026-01-24 15:55:02 - orderflow_service - INFO - [ORDERFLOW_SERVICE] Footprint completado: XRPUSDT | time=1769288040000 | trades=17 | delta=76.0000 | poc=0
2026-01-24 15:55:02 - orderflow_service - INFO - [ORDERFLOW_SERVICE] Footprint completado: XRPUSDT | time=1769287800000 | trades=158 | delta=-4032.3000 | poc=0
2026-01-24 15:55:02 - orderflow_service - INFO - [ORDERFLOW_SERVICE] Footprint completado: TRXUSDT | time=1769288040000 | trades=2 | delta=-46.0000 | poc=0
2026-01-24 15:55:02 - orderflow_service - INFO - [ORDERFLOW_SERVICE] Footprint completado: TRXUSDT | time=1769287800000 | trades=25 | delta=-526.0000 | poc=0
2026-01-24 15:55:02 - orderflow_service - INFO - [ORDERFLOW_SERVICE] Footprint completado: POLUSDT | time=1769288040000 | trades=74 | delta=13333.0000 | poc=0
2026-01-24 15:55:02 - orderflow_service - INFO - [ORDERFLOW_SERVICE] Footprint completado: POLUSDT | time=1769287800000 | trades=486 | delta=130133.0000 | poc=0
2026-01-24 15:55:02 - orderflow_service - INFO - [ORDERFLOW_SERVICE] Footprint completado: ADAUSDT | time=1769288040000 | trades=1 | delta=-64.0000 | poc=0
2026-01-24 15:55:02 - orderflow_service - INFO - [ORDERFLOW_SERVICE] Footprint completado: ADAUSDT | time=1769287800000 | trades=59 | delta=-50747.0000 | poc=0
2026-01-24 15:55:02 - orderflow_service - INFO - [ORDERFLOW_SERVICE] Footprint completado: GALAUSDT | time=1769288040000 | trades=26 | delta=150312.0000 | poc=0
2026-01-24 15:55:02 - orderflow_service - INFO - [ORDERFLOW_SERVICE] Footprint completado: GALAUSDT | time=1769287800000 | trades=90 | delta=81343.0000 | poc=0
2026-01-24 15:55:02 - orderflow_service - INFO - [ORDERFLOW_SERVICE] Footprint completado: DOGEUSDT | time=1769288040000 | trades=5 | delta=-7096.0000 | poc=0
2026-01-24 15:55:02 - orderflow_service - INFO - [ORDERFLOW_SERVICE] Footprint completado: DOGEUSDT | time=1769287800000 | trades=66 | delta=-75249.0000 | poc=0
2026-01-24 15:55:02 - orderflow_service - INFO - [ORDERFLOW_SERVICE] Footprint completado: SUIUSDT | time=1769288040000 | trades=22 | delta=4870.0000 | poc=3
2026-01-24 15:55:02 - orderflow_service - INFO - [ORDERFLOW_SERVICE] Footprint completado: SUIUSDT | time=1769287800000 | trades=143 | delta=-41260.0000 | poc=7
2026-01-24 15:55:02 - orderflow_service - INFO - [ORDERFLOW_SERVICE] Footprint completado: TRBUSDT | time=1769288040000 | trades=6 | delta=35.4100 | poc=1
2026-01-24 15:55:02 - orderflow_service - INFO - [ORDERFLOW_SERVICE] Footprint completado: TRBUSDT | time=1769287800000 | trades=29 | delta=60.4600 | poc=3
2026-01-24 15:55:02 - orderflow_service - INFO - [ORDERFLOW_SERVICE] Footprint completado: BNBUSDT | time=1769288040000 | trades=2 | delta=0.0000 | poc=0
2026-01-24 15:55:02 - orderflow_service - INFO - [ORDERFLOW_SERVICE] Footprint completado: BNBUSDT | time=1769287800000 | trades=100 | delta=-13.6800 | poc=1
2026-01-24 15:55:03 - orderflow_service - INFO - [ORDERFLOW_SERVICE] Footprint completado: ETHUSDT | time=1769288040000 | trades=36 | delta=-15.8100 | poc=0
2026-01-24 15:55:03 - orderflow_service - INFO - [ORDERFLOW_SERVICE] Footprint completado: ETHUSDT | time=1769287800000 | trades=261 | delta=-18.1100 | poc=0
2026-01-24 15:55:03 - orderflow_service - INFO - [ORDERFLOW_SERVICE] Footprint completado: SOLUSDT | time=1769288040000 | trades=15 | delta=-6.9000 | poc=0
2026-01-24 15:55:03 - orderflow_service - INFO - [ORDERFLOW_SERVICE] Footprint completado: SOLUSDT | time=1769287800000 | trades=152 | delta=-567.0000 | poc=0
2026-01-24 15:55:05 - orderflow_service - INFO - [ORDERFLOW_SERVICE] Footprint completado: BTCUSDT | time=1769288040000 | trades=60 | delta=0.1540 | poc=0
2026-01-24 15:55:05 - orderflow_service - INFO - [ORDERFLOW_SERVICE] Footprint completado: BTCUSDT | time=1769287800000 | trades=232 | delta=9.7750 | poc=0
2026-01-24 15:55:05 - orderflow_service - INFO - [ORDERFLOW_SERVICE] Footprint completado: PAXGUSDT | time=1769288040000 | trades=95 | delta=0.0590 | poc=6
2026-01-24 15:55:05 - orderflow_service - WARNING - [ORDERFLOW_SERVICE] Error enviando alerta: status=500
2026-01-24 15:55:06 - orderflow_service - INFO - [ORDERFLOW_SERVICE] Footprint completado: PAXGUSDT | time=1769287800000 | trades=356 | delta=-5.2740 | poc=7
2026-01-24 15:56:01 - orderflow_service - INFO - [ORDERFLOW_SERVICE] Footprint completado: ETHUSDT | time=1769288100000 | trades=107 | delta=-11.1200 | poc=0
2026-01-24 15:56:02 - orderflow_service - INFO - [ORDERFLOW_SERVICE] Footprint completado: XRPUSDT | time=1769288100000 | trades=14 | delta=1361.1000 | poc=0
2026-01-24 15:56:02 - orderflow_service - INFO - [ORDERFLOW_SERVICE] Footprint completado: POLUSDT | time=1769288100000 | trades=33 | delta=-18165.0000 | poc=0
2026-01-24 15:56:02 - orderflow_service - INFO - [ORDERFLOW_SERVICE] Footprint completado: BTCUSDT | time=1769288100000 | trades=37 | delta=-0.2260 | poc=0
2026-01-24 15:56:04 - orderflow_service - INFO - [ORDERFLOW_SERVICE] Footprint completado: PAXGUSDT | time=1769288100000 | trades=30 | delta=0.2990 | poc=1
2026-01-24 15:56:08 - orderflow_service - INFO - [ORDERFLOW_SERVICE] Footprint completado: SUIUSDT | time=1769288100000 | trades=23 | delta=1110.0000 | poc=2
2026-01-24 15:56:08 - orderflow_service - INFO - [ORDERFLOW_SERVICE] Footprint completado: GALAUSDT | time=1769288100000 | trades=36 | delta=79897.0000 | poc=0
2026-01-24 15:56:11 - orderflow_service - INFO - [ORDERFLOW_SERVICE] Footprint completado: SOLUSDT | time=1769288100000 | trades=56 | delta=-187.5000 | poc=0
2026-01-24 15:56:37 - orderflow_service - INFO - [ORDERFLOW_SERVICE] Footprint completado: DOGEUSDT | time=1769288100000 | trades=15 | delta=25884.0000 | poc=0
2026-01-24 15:56:37 - orderflow_service - INFO - [ORDERFLOW_SERVICE] Footprint completado: ADAUSDT | time=1769288100000 | trades=38 | delta=-18408.0000 | poc=0
2026-01-24 15:56:37 - orderflow_service - INFO - [ORDERFLOW_SERVICE] Footprint completado: BNBUSDT | time=1769288100000 | trades=35 | delta=11.5200 | poc=0
2026-01-24 15:56:37 - orderflow_service - INFO - [ORDERFLOW_SERVICE] Footprint completado: TRBUSDT | time=1769288100000 | trades=3 | delta=8.4700 | poc=0
2026-01-24 15:57:01 - orderflow_service - INFO - [ORDERFLOW_SERVICE] Footprint completado: BNBUSDT | time=1769288160000 | trades=3 | delta=-2.8100 | poc=0
2026-01-24 15:57:01 - orderflow_service - INFO - [ORDERFLOW_SERVICE] Footprint completado: ETHUSDT | time=1769288160000 | trades=135 | delta=17.5800 | poc=0
2026-01-24 15:57:01 - orderflow_service - INFO - [ORDERFLOW_SERVICE] Footprint completado: GALAUSDT | time=1769288160000 | trades=43 | delta=439032.0000 | poc=0
2026-01-24 15:57:01 - orderflow_service - INFO - [ORDERFLOW_SERVICE] Footprint completado: DOGEUSDT | time=1769288160000 | trades=1 | delta=-414.0000 | poc=0
2026-01-24 15:57:01 - orderflow_service - INFO - [ORDERFLOW_SERVICE] Footprint completado: TRXUSDT | time=1769288100000 | trades=4 | delta=-181.0000 | poc=0
2026-01-24 15:57:02 - orderflow_service - INFO - [ORDERFLOW_SERVICE] Footprint completado: XRPUSDT | time=1769288160000 | trades=14 | delta=-2.9000 | poc=0
2026-01-24 15:57:03 - orderflow_service - INFO - [ORDERFLOW_SERVICE] Footprint completado: BTCUSDT | time=1769288160000 | trades=29 | delta=-1.3630 | poc=0
2026-01-24 15:57:03 - orderflow_service - INFO - [ORDERFLOW_SERVICE] Footprint completado: SOLUSDT | time=1769288160000 | trades=55 | delta=-795.4000 | poc=0
2026-01-24 15:57:29 - orderflow_service - INFO - [ORDERFLOW_SERVICE] Footprint completado: ADAUSDT | time=1769288160000 | trades=18 | delta=-7850.0000 | poc=0
2026-01-24 15:57:37 - orderflow_service - INFO - [ORDERFLOW_SERVICE] Footprint completado: PAXGUSDT | time=1769288160000 | trades=20 | delta=0.4120 | poc=2
2026-01-24 15:57:47 - orderflow_service - INFO - [ORDERFLOW_SERVICE] Footprint completado: TRBUSDT | time=1769288160000 | trades=3 | delta=-4.3100 | poc=3
2026-01-24 15:57:47 - orderflow_service - INFO - [ORDERFLOW_SERVICE] Footprint completado: POLUSDT | time=1769288160000 | trades=29 | delta=1802.0000 | poc=0
2026-01-24 15:58:01 - orderflow_service - INFO - [ORDERFLOW_SERVICE] Footprint completado: POLUSDT | time=1769288220000 | trades=16 | delta=12729.0000 | poc=0
2026-01-24 15:58:01 - orderflow_service - INFO - [ORDERFLOW_SERVICE] Footprint completado: ETHUSDT | time=1769288220000 | trades=32 | delta=-3.6100 | poc=0
2026-01-24 15:58:01 - orderflow_service - INFO - [ORDERFLOW_SERVICE] Footprint completado: ADAUSDT | time=1769288220000 | trades=4 | delta=276.0000 | poc=0
2026-01-24 15:58:01 - orderflow_service - INFO - [ORDERFLOW_SERVICE] Footprint completado: XRPUSDT | time=1769288220000 | trades=57 | delta=15491.4000 | poc=0
2026-01-24 15:58:01 - orderflow_service - INFO - [ORDERFLOW_SERVICE] Footprint completado: GALAUSDT | time=1769288220000 | trades=29 | delta=329992.0000 | poc=0
2026-01-24 15:58:01 - orderflow_service - INFO - [ORDERFLOW_SERVICE] Footprint completado: SOLUSDT | time=1769288220000 | trades=36 | delta=237.1000 | poc=0
2026-01-24 15:58:02 - orderflow_service - INFO - [ORDERFLOW_SERVICE] Footprint completado: BTCUSDT | time=1769288220000 | trades=10 | delta=-0.3280 | poc=0
2026-01-24 15:58:02 - orderflow_service - INFO - [ORDERFLOW_SERVICE] Footprint completado: TRBUSDT | time=1769288220000 | trades=11 | delta=9.3300 | poc=2
2026-01-24 15:58:02 - orderflow_service - INFO - [ORDERFLOW_SERVICE] Footprint completado: SUIUSDT | time=1769288160000 | trades=33 | delta=6120.0000 | poc=0
2026-01-24 15:58:03 - orderflow_service - INFO - [ORDERFLOW_SERVICE] Footprint completado: TRXUSDT | time=1769288220000 | trades=17 | delta=-14601.0000 | poc=0
2026-01-24 15:58:03 - orderflow_service - INFO - [ORDERFLOW_SERVICE] Footprint completado: DOGEUSDT | time=1769288220000 | trades=10 | delta=-3656.0000 | poc=0
2026-01-24 15:58:04 - orderflow_service - INFO - [ORDERFLOW_SERVICE] Footprint completado: PAXGUSDT | time=1769288220000 | trades=89 | delta=-5.4110 | poc=11
2026-01-24 15:58:47 - orderflow_service - INFO - [ORDERFLOW_SERVICE] Footprint completado: BNBUSDT | time=1769288220000 | trades=4 | delta=1.0600 | poc=0
2026-01-24 15:59:01 - orderflow_service - INFO - [ORDERFLOW_SERVICE] Footprint completado: BNBUSDT | time=1769288280000 | trades=2 | delta=-0.3500 | poc=0
2026-01-24 15:59:01 - orderflow_service - INFO - [ORDERFLOW_SERVICE] Footprint completado: ADAUSDT | time=1769288280000 | trades=26 | delta=-2385.0000 | poc=0
2026-01-24 15:59:01 - orderflow_service - INFO - [ORDERFLOW_SERVICE] Footprint completado: BTCUSDT | time=1769288280000 | trades=14 | delta=0.1620 | poc=0
2026-01-24 15:59:01 - orderflow_service - INFO - [ORDERFLOW_SERVICE] Footprint completado: ETHUSDT | time=1769288280000 | trades=45 | delta=7.6300 | poc=0
2026-01-24 15:59:02 - orderflow_service - INFO - [ORDERFLOW_SERVICE] Footprint completado: PAXGUSDT | time=1769288280000 | trades=41 | delta=0.7780 | poc=6
2026-01-24 15:59:02 - orderflow_service - INFO - [ORDERFLOW_SERVICE] Footprint completado: TRXUSDT | time=1769288280000 | trades=47 | delta=15114.0000 | poc=0
2026-01-24 15:59:02 - orderflow_service - INFO - [ORDERFLOW_SERVICE] Footprint completado: XRPUSDT | time=1769288280000 | trades=50 | delta=-8529.9000 | poc=0
2026-01-24 15:59:02 - orderflow_service - INFO - [ORDERFLOW_SERVICE] Footprint completado: SUIUSDT | time=1769288280000 | trades=11 | delta=1430.0000 | poc=0
2026-01-24 15:59:02 - orderflow_service - INFO - [ORDERFLOW_SERVICE] Footprint completado: GALAUSDT | time=1769288280000 | trades=77 | delta=600483.0000 | poc=0
2026-01-24 15:59:03 - orderflow_service - INFO - [ORDERFLOW_SERVICE] Footprint completado: SOLUSDT | time=1769288280000 | trades=29 | delta=200.4000 | poc=0
2026-01-24 15:59:03 - orderflow_service - INFO - [ORDERFLOW_SERVICE] Footprint completado: DOGEUSDT | time=1769288280000 | trades=8 | delta=2310.0000 | poc=0
2026-01-24 15:59:21 - orderflow_service - INFO - [ORDERFLOW_SERVICE] Footprint completado: POLUSDT | time=1769288280000 | trades=50 | delta=679.0000 | poc=0
2026-01-24 15:59:30 - orderflow_service - INFO - [ORDERFLOW_SERVICE] Footprint completado: TRBUSDT | time=1769288280000 | trades=33 | delta=52.8300 | poc=6
2026-01-24 16:00:01 - orderflow_service - INFO - [ORDERFLOW_SERVICE] Footprint completado: ETHUSDT | time=1769288340000 | trades=107 | delta=-27.7100 | poc=0
2026-01-24 16:00:01 - orderflow_service - INFO - [ORDERFLOW_SERVICE] Footprint completado: ETHUSDT | time=1769288100000 | trades=426 | delta=-17.2300 | poc=0
2026-01-24 16:00:01 - orderflow_service - INFO - [ORDERFLOW_SERVICE] Footprint completado: GALAUSDT | time=1769288340000 | trades=37 | delta=39598.0000 | poc=0
2026-01-24 16:00:01 - orderflow_service - INFO - [ORDERFLOW_SERVICE] Footprint completado: GALAUSDT | time=1769288100000 | trades=222 | delta=1489002.0000 | poc=0
2026-01-24 16:00:01 - orderflow_service - INFO - [ORDERFLOW_SERVICE] Footprint completado: SOLUSDT | time=1769288340000 | trades=23 | delta=-133.6000 | poc=0
2026-01-24 16:00:01 - orderflow_service - INFO - [ORDERFLOW_SERVICE] Footprint completado: SOLUSDT | time=1769288100000 | trades=199 | delta=-679.0000 | poc=0
2026-01-24 16:00:01 - orderflow_service - INFO - [ORDERFLOW_SERVICE] Footprint completado: BTCUSDT | time=1769288340000 | trades=232 | delta=0.8920 | poc=13
2026-01-24 16:00:02 - orderflow_service - WARNING - [ORDERFLOW_SERVICE] Error enviando alerta: status=500
2026-01-24 16:00:02 - orderflow_service - INFO - [ORDERFLOW_SERVICE] Footprint completado: BTCUSDT | time=1769288100000 | trades=322 | delta=-0.8630 | poc=13
2026-01-24 16:00:02 - orderflow_service - INFO - [ORDERFLOW_SERVICE] Footprint completado: DOGEUSDT | time=1769288340000 | trades=37 | delta=-65555.0000 | poc=0
2026-01-24 16:00:02 - orderflow_service - INFO - [ORDERFLOW_SERVICE] Footprint completado: DOGEUSDT | time=1769288100000 | trades=71 | delta=-41431.0000 | poc=0
2026-01-24 16:00:02 - orderflow_service - INFO - [ORDERFLOW_SERVICE] Footprint completado: TRXUSDT | time=1769288340000 | trades=40 | delta=20249.0000 | poc=0
2026-01-24 16:00:02 - orderflow_service - INFO - [ORDERFLOW_SERVICE] Footprint completado: TRXUSDT | time=1769288100000 | trades=108 | delta=20581.0000 | poc=0
2026-01-24 16:00:03 - orderflow_service - INFO - [ORDERFLOW_SERVICE] Footprint completado: SUIUSDT | time=1769288340000 | trades=33 | delta=-3460.0000 | poc=1
2026-01-24 16:00:03 - orderflow_service - INFO - [ORDERFLOW_SERVICE] Footprint completado: SUIUSDT | time=1769288100000 | trades=100 | delta=5200.0000 | poc=7
2026-01-24 16:00:04 - orderflow_service - INFO - [ORDERFLOW_SERVICE] Footprint completado: ADAUSDT | time=1769288340000 | trades=28 | delta=-3946.0000 | poc=0
2026-01-24 16:00:04 - orderflow_service - INFO - [ORDERFLOW_SERVICE] Footprint completado: ADAUSDT | time=1769288100000 | trades=114 | delta=-32313.0000 | poc=0
2026-01-24 16:00:05 - orderflow_service - INFO - [ORDERFLOW_SERVICE] Footprint completado: TRBUSDT | time=1769288340000 | trades=10 | delta=-10.1400 | poc=7
2026-01-24 16:00:05 - orderflow_service - INFO - [ORDERFLOW_SERVICE] Footprint completado: TRBUSDT | time=1769288100000 | trades=60 | delta=56.1800 | poc=16
2026-01-24 16:00:06 - orderflow_service - INFO - [ORDERFLOW_SERVICE] Footprint completado: XRPUSDT | time=1769288340000 | trades=176 | delta=-147831.7000 | poc=0
2026-01-24 16:00:06 - orderflow_service - INFO - [ORDERFLOW_SERVICE] Footprint completado: XRPUSDT | time=1769288100000 | trades=311 | delta=-139512.0000 | poc=0
2026-01-24 16:00:08 - orderflow_service - INFO - [ORDERFLOW_SERVICE] Footprint completado: POLUSDT | time=1769288340000 | trades=56 | delta=-963.0000 | poc=0
2026-01-24 16:00:08 - orderflow_service - INFO - [ORDERFLOW_SERVICE] Footprint completado: POLUSDT | time=1769288100000 | trades=184 | delta=-3918.0000 | poc=0
2026-01-24 16:00:10 - orderflow_service - INFO - [ORDERFLOW_SERVICE] Footprint completado: PAXGUSDT | time=1769288340000 | trades=43 | delta=-0.7700 | poc=6
2026-01-24 16:00:10 - orderflow_service - INFO - [ORDERFLOW_SERVICE] Footprint completado: PAXGUSDT | time=1769288100000 | trades=223 | delta=-4.6920 | poc=11
2026-01-24 16:00:13 - orderflow_service - INFO - [ORDERFLOW_SERVICE] Footprint completado: BNBUSDT | time=1769288340000 | trades=22 | delta=3.0700 | poc=0
2026-01-24 16:00:13 - orderflow_service - INFO - [ORDERFLOW_SERVICE] Footprint completado: BNBUSDT | time=1769288100000 | trades=66 | delta=12.4900 | poc=0
2026-01-24 16:01:01 - orderflow_service - INFO - [ORDERFLOW_SERVICE] Footprint completado: SOLUSDT | time=1769288400000 | trades=62 | delta=395.7000 | poc=0
2026-01-24 16:01:01 - orderflow_service - INFO - [ORDERFLOW_SERVICE] Footprint completado: BNBUSDT | time=1769288400000 | trades=11 | delta=1.4600 | poc=0
2026-01-24 16:01:01 - orderflow_service - INFO - [ORDERFLOW_SERVICE] Footprint completado: XRPUSDT | time=1769288400000 | trades=39 | delta=-10947.7000 | poc=0
2026-01-24 16:01:01 - orderflow_service - INFO - [ORDERFLOW_SERVICE] Footprint completado: GALAUSDT | time=1769288400000 | trades=38 | delta=94716.0000 | poc=0
2026-01-24 16:01:02 - orderflow_service - INFO - [ORDERFLOW_SERVICE] Footprint completado: TRXUSDT | time=1769288400000 | trades=104 | delta=83142.0000 | poc=0
2026-01-24 16:01:03 - orderflow_service - INFO - [ORDERFLOW_SERVICE] Footprint completado: BTCUSDT | time=1769288400000 | trades=64 | delta=10.2300 | poc=0
2026-01-24 16:01:03 - orderflow_service - INFO - [ORDERFLOW_SERVICE] Footprint completado: ETHUSDT | time=1769288400000 | trades=25 | delta=-0.0100 | poc=0
2026-01-24 16:01:03 - orderflow_service - INFO - [ORDERFLOW_SERVICE] Footprint completado: DOGEUSDT | time=1769288400000 | trades=46 | delta=66547.0000 | poc=0
2026-01-24 16:01:04 - orderflow_service - INFO - [ORDERFLOW_SERVICE] Footprint completado: PAXGUSDT | time=1769288400000 | trades=87 | delta=0.8330 | poc=0
2026-01-24 16:01:16 - orderflow_service - INFO - [ORDERFLOW_SERVICE] Footprint completado: SUIUSDT | time=1769288400000 | trades=30 | delta=2060.0000 | poc=4
2026-01-24 16:01:20 - orderflow_service - INFO - [ORDERFLOW_SERVICE] Footprint completado: POLUSDT | time=1769288400000 | trades=42 | delta=35028.0000 | poc=0
2026-01-24 16:01:35 - orderflow_service - INFO - [ORDERFLOW_SERVICE] Footprint completado: TRBUSDT | time=1769288400000 | trades=10 | delta=62.7900 | poc=0
2026-01-24 16:01:56 - orderflow_service - INFO - [ORDERFLOW_SERVICE] Footprint completado: ADAUSDT | time=1769288400000 | trades=12 | delta=2574.0000 | poc=0
2026-01-24 16:02:01 - orderflow_service - INFO - [ORDERFLOW_SERVICE] Footprint completado: ETHUSDT | time=1769288460000 | trades=78 | delta=-7.6900 | poc=0
2026-01-24 16:02:01 - orderflow_service - INFO - [ORDERFLOW_SERVICE] Footprint completado: SOLUSDT | time=1769288460000 | trades=32 | delta=0.0000 | poc=0
2026-01-24 16:02:02 - orderflow_service - INFO - [ORDERFLOW_SERVICE] Footprint completado: ADAUSDT | time=1769288460000 | trades=1 | delta=-25.0000 | poc=0
2026-01-24 16:02:02 - orderflow_service - INFO - [ORDERFLOW_SERVICE] Footprint completado: POLUSDT | time=1769288460000 | trades=43 | delta=21633.0000 | poc=0
2026-01-24 16:02:02 - orderflow_service - INFO - [ORDERFLOW_SERVICE] Footprint completado: DOGEUSDT | time=1769288460000 | trades=67 | delta=24494.0000 | poc=0
2026-01-24 16:02:02 - orderflow_service - INFO - [ORDERFLOW_SERVICE] Footprint completado: XRPUSDT | time=1769288460000 | trades=52 | delta=-5643.9000 | poc=0
2026-01-24 16:02:05 - orderflow_service - INFO - [ORDERFLOW_SERVICE] Footprint completado: GALAUSDT | time=1769288460000 | trades=50 | delta=357672.0000 | poc=0
2026-01-24 16:02:07 - orderflow_service - INFO - [ORDERFLOW_SERVICE] Footprint completado: TRXUSDT | time=1769288460000 | trades=21 | delta=-710.0000 | poc=0
2026-01-24 16:02:14 - orderflow_service - INFO - [ORDERFLOW_SERVICE] Footprint completado: BTCUSDT | time=1769288460000 | trades=31 | delta=0.1070 | poc=0
2026-01-24 16:02:41 - orderflow_service - INFO - [ORDERFLOW_SERVICE] Footprint completado: BNBUSDT | time=1769288460000 | trades=6 | delta=-1.8100 | poc=0
2026-01-24 16:02:51 - orderflow_service - INFO - [ORDERFLOW_SERVICE] Footprint completado: SUIUSDT | time=1769288460000 | trades=23 | delta=-1080.0000 | poc=2
2026-01-24 16:02:56 - orderflow_service - INFO - [ORDERFLOW_SERVICE] Footprint completado: PAXGUSDT | time=1769288460000 | trades=25 | delta=-0.0040 | poc=0
2026-01-24 16:03:01 - orderflow_service - INFO - [ORDERFLOW_SERVICE] Footprint completado: SUIUSDT | time=1769288520000 | trades=54 | delta=-7890.0000 | poc=1
2026-01-24 16:03:01 - orderflow_service - INFO - [ORDERFLOW_SERVICE] Footprint completado: SOLUSDT | time=1769288520000 | trades=410 | delta=-5402.2000 | poc=0
2026-01-24 16:03:01 - orderflow_service - INFO - [ORDERFLOW_SERVICE] Footprint completado: POLUSDT | time=1769288520000 | trades=68 | delta=-2123.0000 | poc=0
2026-01-24 16:03:02 - orderflow_service - INFO - [ORDERFLOW_SERVICE] Footprint completado: DOGEUSDT | time=1769288520000 | trades=58 | delta=-20504.0000 | poc=0
2026-01-24 16:03:02 - orderflow_service - INFO - [ORDERFLOW_SERVICE] Footprint completado: TRXUSDT | time=1769288520000 | trades=91 | delta=-19091.0000 | poc=0
2026-01-24 16:03:02 - orderflow_service - INFO - [ORDERFLOW_SERVICE] Footprint completado: XRPUSDT | time=1769288520000 | trades=51 | delta=-3698.3000 | poc=0
2026-01-24 16:03:02 - orderflow_service - INFO - [ORDERFLOW_SERVICE] Footprint completado: ETHUSDT | time=1769288520000 | trades=183 | delta=-67.7500 | poc=0
2026-01-24 16:03:03 - orderflow_service - INFO - [ORDERFLOW_SERVICE] Footprint completado: ADAUSDT | time=1769288520000 | trades=36 | delta=-7833.0000 | poc=0
2026-01-24 16:03:08 - orderflow_service - INFO - [ORDERFLOW_SERVICE] Footprint completado: BTCUSDT | time=1769288520000 | trades=198 | delta=1.1650 | poc=23
2026-01-24 16:03:09 - orderflow_service - INFO - [ORDERFLOW_SERVICE] Footprint completado: PAXGUSDT | time=1769288520000 | trades=1 | delta=-0.0010 | poc=0
2026-01-24 16:03:47 - orderflow_service - INFO - [ORDERFLOW_SERVICE] Footprint completado: BNBUSDT | time=1769288520000 | trades=1 | delta=0.0200 | poc=0
2026-01-24 16:03:53 - orderflow_service - INFO - [ORDERFLOW_SERVICE] Footprint completado: GALAUSDT | time=1769288520000 | trades=45 | delta=273342.0000 | poc=0
2026-01-24 16:04:01 - orderflow_service - INFO - [ORDERFLOW_SERVICE] Footprint completado: BTCUSDT | time=1769288580000 | trades=335 | delta=-11.9790 | poc=7
2026-01-24 16:04:01 - orderflow_service - INFO - [ORDERFLOW_SERVICE] Footprint completado: POLUSDT | time=1769288580000 | trades=44 | delta=29563.0000 | poc=0
2026-01-24 16:04:02 - orderflow_service - INFO - [ORDERFLOW_SERVICE] Footprint completado: XRPUSDT | time=1769288580000 | trades=104 | delta=11579.4000 | poc=0
2026-01-24 16:04:02 - orderflow_service - INFO - [ORDERFLOW_SERVICE] Footprint completado: ADAUSDT | time=1769288580000 | trades=66 | delta=-38197.0000 | poc=0
2026-01-24 16:04:02 - orderflow_service - INFO - [ORDERFLOW_SERVICE] Footprint completado: TRBUSDT | time=1769288460000 | trades=3 | delta=-5.6600 | poc=0
2026-01-24 16:04:03 - orderflow_service - INFO - [ORDERFLOW_SERVICE] Footprint completado: ETHUSDT | time=1769288580000 | trades=143 | delta=3.5500 | poc=1
2026-01-24 16:04:03 - orderflow_service - INFO - [ORDERFLOW_SERVICE] Footprint completado: PAXGUSDT | time=1769288580000 | trades=74 | delta=-0.0030 | poc=5
2026-01-24 16:04:05 - orderflow_service - INFO - [ORDERFLOW_SERVICE] Footprint completado: TRXUSDT | time=1769288580000 | trades=22 | delta=-2102.0000 | poc=0
2026-01-24 16:04:11 - orderflow_service - INFO - [ORDERFLOW_SERVICE] Footprint completado: SOLUSDT | time=1769288580000 | trades=120 | delta=510.9000 | poc=0
2026-01-24 16:04:15 - orderflow_service - INFO - [ORDERFLOW_SERVICE] Footprint completado: SUIUSDT | time=1769288580000 | trades=31 | delta=3080.0000 | poc=2
2026-01-24 16:04:15 - orderflow_service - INFO - [ORDERFLOW_SERVICE] Footprint completado: BNBUSDT | time=1769288580000 | trades=1 | delta=-0.0500 | poc=0
2026-01-24 16:04:21 - orderflow_service - INFO - [ORDERFLOW_SERVICE] Footprint completado: DOGEUSDT | time=1769288580000 | trades=114 | delta=-8241.0000 | poc=0
2026-01-24 16:04:37 - orderflow_service - INFO - [ORDERFLOW_SERVICE] Footprint completado: GALAUSDT | time=1769288580000 | trades=14 | delta=36382.0000 | poc=0
2026-01-24 16:05:01 - orderflow_service - INFO - [ORDERFLOW_SERVICE] Footprint completado: PAXGUSDT | time=1769288640000 | trades=107 | delta=-1.7730 | poc=12
2026-01-24 16:05:01 - orderflow_service - INFO - [ORDERFLOW_SERVICE] Footprint completado: PAXGUSDT | time=1769288400000 | trades=294 | delta=-0.9480 | poc=5
2026-01-24 16:05:01 - orderflow_service - INFO - [ORDERFLOW_SERVICE] Footprint completado: SOLUSDT | time=1769288640000 | trades=69 | delta=-24.3000 | poc=0
2026-01-24 16:05:01 - orderflow_service - INFO - [ORDERFLOW_SERVICE] Footprint completado: SOLUSDT | time=1769288400000 | trades=693 | delta=-4519.9000 | poc=0
2026-01-24 16:05:02 - orderflow_service - INFO - [ORDERFLOW_SERVICE] Footprint completado: POLUSDT | time=1769288640000 | trades=34 | delta=-17530.0000 | poc=0
2026-01-24 16:05:02 - orderflow_service - INFO - [ORDERFLOW_SERVICE] Footprint completado: POLUSDT | time=1769288400000 | trades=231 | delta=66571.0000 | poc=0
2026-01-24 16:05:03 - orderflow_service - INFO - [ORDERFLOW_SERVICE] Footprint completado: ETHUSDT | time=1769288640000 | trades=131 | delta=-10.1500 | poc=0
2026-01-24 16:05:03 - orderflow_service - INFO - [ORDERFLOW_SERVICE] Footprint completado: ETHUSDT | time=1769288400000 | trades=560 | delta=-82.0500 | poc=1
2026-01-24 16:05:03 - orderflow_service - INFO - [ORDERFLOW_SERVICE] Footprint completado: XRPUSDT | time=1769288640000 | trades=100 | delta=-9490.9000 | poc=0
2026-01-24 16:05:03 - orderflow_service - INFO - [ORDERFLOW_SERVICE] Footprint completado: XRPUSDT | time=1769288400000 | trades=346 | delta=-18201.4000 | poc=0
2026-01-24 16:05:03 - orderflow_service - INFO - [ORDERFLOW_SERVICE] Footprint completado: GALAUSDT | time=1769288640000 | trades=14 | delta=-51697.0000 | poc=0
2026-01-24 16:05:03 - orderflow_service - INFO - [ORDERFLOW_SERVICE] Footprint completado: GALAUSDT | time=1769288400000 | trades=161 | delta=710415.0000 | poc=0
2026-01-24 16:05:03 - orderflow_service - INFO - [ORDERFLOW_SERVICE] Footprint completado: TRBUSDT | time=1769288640000 | trades=5 | delta=-3.7400 | poc=0
2026-01-24 16:05:03 - orderflow_service - INFO - [ORDERFLOW_SERVICE] Footprint completado: TRBUSDT | time=1769288400000 | trades=18 | delta=53.3900 | poc=2
2026-01-24 16:05:04 - orderflow_service - INFO - [ORDERFLOW_SERVICE] Footprint completado: BTCUSDT | time=1769288640000 | trades=162 | delta=-4.8740 | poc=13
2026-01-24 16:05:04 - footprint_calculator - WARNING - Max levels reached for candle 89280.0-89342.9 with step 1.0
2026-01-24 16:05:04 - orderflow_service - INFO - [ORDERFLOW_SERVICE] Footprint completado: BTCUSDT | time=1769288400000 | trades=790 | delta=-5.3510 | poc=49
2026-01-24 16:05:04 - orderflow_service - INFO - [ORDERFLOW_SERVICE] Footprint completado: BNBUSDT | time=1769288640000 | trades=25 | delta=-3.0700 | poc=0
2026-01-24 16:05:04 - orderflow_service - INFO - [ORDERFLOW_SERVICE] Footprint completado: BNBUSDT | time=1769288400000 | trades=44 | delta=-3.4500 | poc=0
2026-01-24 16:05:04 - orderflow_service - INFO - [ORDERFLOW_SERVICE] Footprint completado: SUIUSDT | time=1769288640000 | trades=28 | delta=-5310.0000 | poc=2
2026-01-24 16:05:04 - orderflow_service - INFO - [ORDERFLOW_SERVICE] Footprint completado: SUIUSDT | time=1769288400000 | trades=166 | delta=-9140.0000 | poc=3
2026-01-24 16:05:06 - orderflow_service - INFO - [ORDERFLOW_SERVICE] Footprint completado: DOGEUSDT | time=1769288640000 | trades=32 | delta=-13567.0000 | poc=0
2026-01-24 16:05:06 - orderflow_service - INFO - [ORDERFLOW_SERVICE] Footprint completado: DOGEUSDT | time=1769288400000 | trades=317 | delta=48729.0000 | poc=0
2026-01-24 16:05:09 - orderflow_service - INFO - [ORDERFLOW_SERVICE] Footprint completado: ADAUSDT | time=1769288640000 | trades=31 | delta=-10619.0000 | poc=0
2026-01-24 16:05:09 - orderflow_service - INFO - [ORDERFLOW_SERVICE] Footprint completado: ADAUSDT | time=1769288400000 | trades=146 | delta=-54100.0000 | poc=0
2026-01-24 16:05:10 - orderflow_service - INFO - [ORDERFLOW_SERVICE] Footprint completado: TRXUSDT | time=1769288640000 | trades=58 | delta=12669.0000 | poc=0
2026-01-24 16:05:10 - orderflow_service - INFO - [ORDERFLOW_SERVICE] Footprint completado: TRXUSDT | time=1769288400000 | trades=296 | delta=73908.0000 | poc=0
2026-01-24 16:06:01 - orderflow_service - INFO - [ORDERFLOW_SERVICE] Footprint completado: PAXGUSDT | time=1769288700000 | trades=36 | delta=-0.8910 | poc=6
2026-01-24 16:06:02 - orderflow_service - INFO - [ORDERFLOW_SERVICE] Footprint completado: XRPUSDT | time=1769288700000 | trades=254 | delta=-142262.7000 | poc=0
2026-01-24 16:06:02 - orderflow_service - INFO - [ORDERFLOW_SERVICE] Footprint completado: TRXUSDT | time=1769288700000 | trades=36 | delta=4020.0000 | poc=0
2026-01-24 16:06:02 - orderflow_service - INFO - [ORDERFLOW_SERVICE] Footprint completado: BTCUSDT | time=1769288700000 | trades=232 | delta=-15.3910 | poc=20
2026-01-24 16:06:02 - orderflow_service - INFO - [ORDERFLOW_SERVICE] Footprint completado: ADAUSDT | time=1769288700000 | trades=54 | delta=-19967.0000 | poc=0
2026-01-24 16:06:02 - orderflow_service - INFO - [ORDERFLOW_SERVICE] Footprint completado: ETHUSDT | time=1769288700000 | trades=172 | delta=-58.1600 | poc=0
2026-01-24 16:06:02 - orderflow_service - INFO - [ORDERFLOW_SERVICE] Footprint completado: TRBUSDT | time=1769288700000 | trades=2 | delta=-0.5500 | poc=0
2026-01-24 16:06:02 - orderflow_service - INFO - [ORDERFLOW_SERVICE] Footprint completado: SOLUSDT | time=1769288700000 | trades=233 | delta=-2122.3000 | poc=0
2026-01-24 16:06:02 - orderflow_service - INFO - [ORDERFLOW_SERVICE] Footprint completado: DOGEUSDT | time=1769288700000 | trades=155 | delta=-141608.0000 | poc=0
2026-01-24 16:06:03 - orderflow_service - INFO - [ORDERFLOW_SERVICE] Footprint completado: GALAUSDT | time=1769288700000 | trades=58 | delta=-185516.0000 | poc=0
2026-01-24 16:06:04 - orderflow_service - INFO - [ORDERFLOW_SERVICE] Footprint completado: SUIUSDT | time=1769288700000 | trades=45 | delta=-2510.0000 | poc=8
2026-01-24 16:06:08 - orderflow_service - INFO - [ORDERFLOW_SERVICE] Footprint completado: POLUSDT | time=1769288700000 | trades=49 | delta=7129.0000 | poc=0
2026-01-24 16:06:18 - orderflow_service - INFO - [ORDERFLOW_SERVICE] Footprint completado: BNBUSDT | time=1769288700000 | trades=18 | delta=-0.7200 | poc=0
2026-01-24 16:07:01 - orderflow_service - INFO - [ORDERFLOW_SERVICE] Footprint completado: BTCUSDT | time=1769288760000 | trades=488 | delta=-0.4220 | poc=14
2026-01-24 16:07:02 - orderflow_service - INFO - [ORDERFLOW_SERVICE] Footprint completado: ETHUSDT | time=1769288760000 | trades=244 | delta=33.5800 | poc=0
2026-01-24 16:07:02 - orderflow_service - INFO - [ORDERFLOW_SERVICE] Footprint completado: SOLUSDT | time=1769288760000 | trades=210 | delta=2357.3000 | poc=0
2026-01-24 16:07:03 - orderflow_service - INFO - [ORDERFLOW_SERVICE] Footprint completado: POLUSDT | time=1769288760000 | trades=56 | delta=-4566.0000 | poc=0
2026-01-24 16:07:03 - orderflow_service - INFO - [ORDERFLOW_SERVICE] Footprint completado: SUIUSDT | time=1769288760000 | trades=41 | delta=4470.0000 | poc=0
2026-01-24 16:07:03 - orderflow_service - INFO - [ORDERFLOW_SERVICE] Footprint completado: DOGEUSDT | time=1769288760000 | trades=45 | delta=28288.0000 | poc=0
2026-01-24 16:07:04 - orderflow_service - INFO - [ORDERFLOW_SERVICE] Footprint completado: GALAUSDT | time=1769288760000 | trades=44 | delta=41575.0000 | poc=0
2026-01-24 16:07:04 - orderflow_service - INFO - [ORDERFLOW_SERVICE] Footprint completado: ADAUSDT | time=1769288760000 | trades=29 | delta=4675.0000 | poc=0
2026-01-24 16:07:05 - orderflow_service - INFO - [ORDERFLOW_SERVICE] Footprint completado: XRPUSDT | time=1769288760000 | trades=69 | delta=10123.3000 | poc=0
2026-01-24 16:07:12 - orderflow_service - INFO - [ORDERFLOW_SERVICE] Footprint completado: TRBUSDT | time=1769288760000 | trades=3 | delta=0.9400 | poc=0
2026-01-24 16:07:20 - orderflow_service - INFO - [ORDERFLOW_SERVICE] Footprint completado: PAXGUSDT | time=1769288760000 | trades=2 | delta=0.0210 | poc=0
2026-01-24 16:07:29 - orderflow_service - INFO - [ORDERFLOW_SERVICE] Footprint completado: TRXUSDT | time=1769288760000 | trades=53 | delta=5301.0000 | poc=0
2026-01-24 16:07:53 - orderflow_service - INFO - [ORDERFLOW_SERVICE] Footprint completado: BNBUSDT | time=1769288760000 | trades=30 | delta=9.2800 | poc=0
2026-01-24 16:08:01 - orderflow_service - INFO - [ORDERFLOW_SERVICE] Footprint completado: ETHUSDT | time=1769288820000 | trades=193 | delta=-29.6300 | poc=0
2026-01-24 16:08:01 - orderflow_service - INFO - [ORDERFLOW_SERVICE] Footprint completado: TRBUSDT | time=1769288820000 | trades=10 | delta=-8.3800 | poc=2
2026-01-24 16:08:01 - orderflow_service - INFO - [ORDERFLOW_SERVICE] Footprint completado: SOLUSDT | time=1769288820000 | trades=59 | delta=-138.8000 | poc=0
2026-01-24 16:08:01 - orderflow_service - INFO - [ORDERFLOW_SERVICE] Footprint completado: TRXUSDT | time=1769288820000 | trades=6 | delta=-974.0000 | poc=0
2026-01-24 16:08:01 - orderflow_service - INFO - [ORDERFLOW_SERVICE] Footprint completado: BTCUSDT | time=1769288820000 | trades=180 | delta=1.5270 | poc=7
2026-01-24 16:08:02 - orderflow_service - INFO - [ORDERFLOW_SERVICE] Footprint completado: DOGEUSDT | time=1769288820000 | trades=78 | delta=-58883.0000 | poc=0
2026-01-24 16:08:02 - orderflow_service - INFO - [ORDERFLOW_SERVICE] Footprint completado: SUIUSDT | time=1769288820000 | trades=65 | delta=-5100.0000 | poc=3
2026-01-24 16:08:02 - orderflow_service - INFO - [ORDERFLOW_SERVICE] Footprint completado: XRPUSDT | time=1769288820000 | trades=85 | delta=-12262.9000 | poc=1
2026-01-24 16:08:02 - orderflow_service - INFO - [ORDERFLOW_SERVICE] Footprint completado: GALAUSDT | time=1769288820000 | trades=58 | delta=-400952.0000 | poc=0
2026-01-24 16:08:03 - orderflow_service - INFO - [ORDERFLOW_SERVICE] Footprint completado: PAXGUSDT | time=1769288820000 | trades=81 | delta=0.3630 | poc=1
2026-01-24 16:08:03 - orderflow_service - INFO - [ORDERFLOW_SERVICE] Footprint completado: ADAUSDT | time=1769288820000 | trades=25 | delta=-16923.0000 | poc=0
2026-01-24 16:08:03 - orderflow_service - INFO - [ORDERFLOW_SERVICE] Footprint completado: BNBUSDT | time=1769288820000 | trades=12 | delta=-4.5700 | poc=0
2026-01-24 16:08:15 - orderflow_service - INFO - [ORDERFLOW_SERVICE] Footprint completado: POLUSDT | time=1769288820000 | trades=41 | delta=-32711.0000 | poc=0
2026-01-24 16:09:01 - orderflow_service - INFO - [ORDERFLOW_SERVICE] Footprint completado: ADAUSDT | time=1769288880000 | trades=17 | delta=-100180.0000 | poc=0
2026-01-24 16:09:01 - orderflow_service - INFO - [ORDERFLOW_SERVICE] Footprint completado: ETHUSDT | time=1769288880000 | trades=166 | delta=-83.7200 | poc=1
2026-01-24 16:09:01 - orderflow_service - INFO - [ORDERFLOW_SERVICE] Footprint completado: SOLUSDT | time=1769288880000 | trades=28 | delta=20.2000 | poc=0
2026-01-24 16:09:01 - orderflow_service - INFO - [ORDERFLOW_SERVICE] Footprint completado: XRPUSDT | time=1769288880000 | trades=35 | delta=-650.8000 | poc=0
2026-01-24 16:09:02 - orderflow_service - INFO - [ORDERFLOW_SERVICE] Footprint completado: BTCUSDT | time=1769288880000 | trades=171 | delta=2.6960 | poc=13
2026-01-24 16:09:02 - orderflow_service - INFO - [ORDERFLOW_SERVICE] Footprint completado: SUIUSDT | time=1769288880000 | trades=20 | delta=1450.0000 | poc=4
2026-01-24 16:09:02 - orderflow_service - INFO - [ORDERFLOW_SERVICE] Footprint completado: GALAUSDT | time=1769288880000 | trades=14 | delta=-190934.0000 | poc=0
2026-01-24 16:09:02 - orderflow_service - INFO - [ORDERFLOW_SERVICE] Footprint completado: DOGEUSDT | time=1769288880000 | trades=20 | delta=14138.0000 | poc=0
2026-01-24 16:09:02 - orderflow_service - INFO - [ORDERFLOW_SERVICE] Footprint completado: BNBUSDT | time=1769288880000 | trades=1 | delta=0.0200 | poc=0
2026-01-24 16:09:02 - orderflow_service - INFO - [ORDERFLOW_SERVICE] Footprint completado: POLUSDT | time=1769288880000 | trades=215 | delta=149315.0000 | poc=0
2026-01-24 16:09:03 - orderflow_service - INFO - [ORDERFLOW_SERVICE] Footprint completado: PAXGUSDT | time=1769288880000 | trades=43 | delta=0.2200 | poc=0
2026-01-24 16:09:29 - orderflow_service - INFO - [ORDERFLOW_SERVICE] Footprint completado: TRXUSDT | time=1769288880000 | trades=31 | delta=88.0000 | poc=0
2026-01-24 16:09:50 - orderflow_service - INFO - [ORDERFLOW_SERVICE] Footprint completado: TRBUSDT | time=1769288880000 | trades=3 | delta=15.0100 | poc=2
2026-01-24 16:10:01 - orderflow_service - INFO - [ORDERFLOW_SERVICE] Footprint completado: ADAUSDT | time=1769288940000 | trades=62 | delta=-65799.0000 | poc=0
2026-01-24 16:10:01 - orderflow_service - INFO - [ORDERFLOW_SERVICE] Footprint completado: ADAUSDT | time=1769288700000 | trades=187 | delta=-198194.0000 | poc=0
2026-01-24 16:10:01 - orderflow_service - INFO - [ORDERFLOW_SERVICE] Footprint completado: SOLUSDT | time=1769288940000 | trades=125 | delta=-943.6000 | poc=0
2026-01-24 16:10:01 - orderflow_service - INFO - [ORDERFLOW_SERVICE] Footprint completado: SOLUSDT | time=1769288700000 | trades=655 | delta=-827.2000 | poc=0
2026-01-24 16:10:01 - orderflow_service - INFO - [ORDERFLOW_SERVICE] Footprint completado: SUIUSDT | time=1769288940000 | trades=113 | delta=-9240.0000 | poc=9
2026-01-24 16:10:01 - orderflow_service - INFO - [ORDERFLOW_SERVICE] Footprint completado: SUIUSDT | time=1769288700000 | trades=284 | delta=-10930.0000 | poc=9
2026-01-24 16:10:01 - footprint_calculator - WARNING - Max levels reached for candle 89224.8-89275.5 with step 1.0
2026-01-24 16:10:02 - orderflow_service - INFO - [ORDERFLOW_SERVICE] Footprint completado: BTCUSDT | time=1769288940000 | trades=884 | delta=-30.3820 | poc=36
2026-01-24 16:10:02 - orderflow_service - WARNING - [ORDERFLOW_SERVICE] Error enviando alerta: status=500
2026-01-24 16:10:02 - footprint_calculator - WARNING - Max levels reached for candle 89224.8-89280.0 with step 1.0
2026-01-24 16:10:02 - orderflow_service - INFO - [ORDERFLOW_SERVICE] Footprint completado: BTCUSDT | time=1769288700000 | trades=1955 | delta=-41.9720 | poc=46
2026-01-24 16:10:02 - orderflow_service - INFO - [ORDERFLOW_SERVICE] Footprint completado: XRPUSDT | time=1769288940000 | trades=191 | delta=-29641.7000 | poc=0
2026-01-24 16:10:02 - orderflow_service - INFO - [ORDERFLOW_SERVICE] Footprint completado: XRPUSDT | time=1769288700000 | trades=634 | delta=-174694.8000 | poc=0
2026-01-24 16:10:02 - orderflow_service - INFO - [ORDERFLOW_SERVICE] Footprint completado: GALAUSDT | time=1769288940000 | trades=33 | delta=-186076.0000 | poc=0
2026-01-24 16:10:02 - orderflow_service - INFO - [ORDERFLOW_SERVICE] Footprint completado: GALAUSDT | time=1769288700000 | trades=207 | delta=-921903.0000 | poc=0
2026-01-24 16:10:03 - orderflow_service - INFO - [ORDERFLOW_SERVICE] Footprint completado: DOGEUSDT | time=1769288940000 | trades=87 | delta=-80645.0000 | poc=0
2026-01-24 16:10:03 - orderflow_service - INFO - [ORDERFLOW_SERVICE] Footprint completado: DOGEUSDT | time=1769288700000 | trades=385 | delta=-238710.0000 | poc=0
2026-01-24 16:10:03 - orderflow_service - INFO - [ORDERFLOW_SERVICE] Footprint completado: ETHUSDT | time=1769288940000 | trades=611 | delta=-188.7900 | poc=0
2026-01-24 16:10:03 - orderflow_service - INFO - [ORDERFLOW_SERVICE] Footprint completado: ETHUSDT | time=1769288700000 | trades=1386 | delta=-326.7200 | poc=0
2026-01-24 16:10:03 - orderflow_service - INFO - [ORDERFLOW_SERVICE] Footprint completado: TRBUSDT | time=1769288940000 | trades=4 | delta=0.5300 | poc=2
2026-01-24 16:10:03 - orderflow_service - INFO - [ORDERFLOW_SERVICE] Footprint completado: TRBUSDT | time=1769288700000 | trades=22 | delta=7.5500 | poc=4
2026-01-24 16:10:04 - orderflow_service - INFO - [ORDERFLOW_SERVICE] Footprint completado: TRXUSDT | time=1769288940000 | trades=159 | delta=83651.0000 | poc=0
2026-01-24 16:10:04 - orderflow_service - INFO - [ORDERFLOW_SERVICE] Footprint completado: TRXUSDT | time=1769288700000 | trades=285 | delta=92086.0000 | poc=0
2026-01-24 16:10:04 - orderflow_service - INFO - [ORDERFLOW_SERVICE] Footprint completado: PAXGUSDT | time=1769288940000 | trades=8 | delta=0.0790 | poc=1
2026-01-24 16:10:04 - orderflow_service - INFO - [ORDERFLOW_SERVICE] Footprint completado: PAXGUSDT | time=1769288700000 | trades=170 | delta=-0.2080 | poc=1
2026-01-24 16:10:04 - orderflow_service - INFO - [ORDERFLOW_SERVICE] Footprint completado: POLUSDT | time=1769288940000 | trades=87 | delta=34159.0000 | poc=0
2026-01-24 16:10:04 - orderflow_service - INFO - [ORDERFLOW_SERVICE] Footprint completado: POLUSDT | time=1769288700000 | trades=448 | delta=153326.0000 | poc=0
2026-01-24 16:10:15 - orderflow_service - INFO - [ORDERFLOW_SERVICE] Footprint completado: BNBUSDT | time=1769288940000 | trades=20 | delta=0.0400 | poc=0
2026-01-24 16:10:15 - orderflow_service - INFO - [ORDERFLOW_SERVICE] Footprint completado: BNBUSDT | time=1769288700000 | trades=81 | delta=4.0500 | poc=0
2026-01-24 16:11:01 - orderflow_service - INFO - [ORDERFLOW_SERVICE] Footprint completado: ETHUSDT | time=1769289000000 | trades=229 | delta=75.6700 | poc=1
2026-01-24 16:11:01 - orderflow_service - INFO - [ORDERFLOW_SERVICE] Footprint completado: XRPUSDT | time=1769289000000 | trades=196 | delta=-134772.2000 | poc=0
2026-01-24 16:11:01 - orderflow_service - INFO - [ORDERFLOW_SERVICE] Footprint completado: BTCUSDT | time=1769289000000 | trades=241 | delta=0.4800 | poc=9
2026-01-24 16:11:02 - orderflow_service - INFO - [ORDERFLOW_SERVICE] Footprint completado: ADAUSDT | time=1769289000000 | trades=34 | delta=13842.0000 | poc=0
2026-01-24 16:11:03 - orderflow_service - INFO - [ORDERFLOW_SERVICE] Footprint completado: PAXGUSDT | time=1769289000000 | trades=46 | delta=-0.8030 | poc=6
2026-01-24 16:11:03 - orderflow_service - INFO - [ORDERFLOW_SERVICE] Footprint completado: SOLUSDT | time=1769289000000 | trades=77 | delta=11.6000 | poc=0
2026-01-24 16:11:03 - orderflow_service - INFO - [ORDERFLOW_SERVICE] Footprint completado: SUIUSDT | time=1769289000000 | trades=15 | delta=1800.0000 | poc=4
2026-01-24 16:11:11 - orderflow_service - INFO - [ORDERFLOW_SERVICE] Footprint completado: POLUSDT | time=1769289000000 | trades=83 | delta=-7828.0000 | poc=0
2026-01-24 16:11:13 - orderflow_service - INFO - [ORDERFLOW_SERVICE] Footprint completado: GALAUSDT | time=1769289000000 | trades=9 | delta=33552.0000 | poc=0
2026-01-24 16:11:13 - orderflow_service - INFO - [ORDERFLOW_SERVICE] Footprint completado: TRXUSDT | time=1769289000000 | trades=49 | delta=5146.0000 | poc=0
2026-01-24 16:11:18 - orderflow_service - INFO - [ORDERFLOW_SERVICE] Footprint completado: BNBUSDT | time=1769289000000 | trades=23 | delta=4.3300 | poc=0
2026-01-24 16:11:53 - orderflow_service - INFO - [ORDERFLOW_SERVICE] Footprint completado: DOGEUSDT | time=1769289000000 | trades=16 | delta=2543.0000 | poc=0
2026-01-24 16:12:01 - orderflow_service - INFO - [ORDERFLOW_SERVICE] Footprint completado: PAXGUSDT | time=1769289060000 | trades=20 | delta=-4.5000 | poc=1
2026-01-24 16:12:01 - orderflow_service - INFO - [ORDERFLOW_SERVICE] Footprint completado: ETHUSDT | time=1769289060000 | trades=148 | delta=-17.5700 | poc=0
2026-01-24 16:12:01 - orderflow_service - INFO - [ORDERFLOW_SERVICE] Footprint completado: DOGEUSDT | time=1769289060000 | trades=3 | delta=10000.0000 | poc=0
2026-01-24 16:12:01 - orderflow_service - INFO - [ORDERFLOW_SERVICE] Footprint completado: BTCUSDT | time=1769289060000 | trades=41 | delta=0.4990 | poc=0
2026-01-24 16:12:01 - orderflow_service - INFO - [ORDERFLOW_SERVICE] Footprint completado: SUIUSDT | time=1769289060000 | trades=13 | delta=50.0000 | poc=2
2026-01-24 16:12:01 - orderflow_service - INFO - [ORDERFLOW_SERVICE] Footprint completado: GALAUSDT | time=1769289060000 | trades=23 | delta=-131274.0000 | poc=0
2026-01-24 16:12:01 - orderflow_service - INFO - [ORDERFLOW_SERVICE] Footprint completado: SOLUSDT | time=1769289060000 | trades=48 | delta=-21.3000 | poc=0
2026-01-24 16:12:01 - orderflow_service - INFO - [ORDERFLOW_SERVICE] Footprint completado: TRBUSDT | time=1769289000000 | trades=9 | delta=-18.4700 | poc=2
2026-01-24 16:12:01 - orderflow_service - INFO - [ORDERFLOW_SERVICE] Footprint completado: XRPUSDT | time=1769289060000 | trades=76 | delta=11881.9000 | poc=0
2026-01-24 16:12:01 - orderflow_service - INFO - [ORDERFLOW_SERVICE] Footprint completado: POLUSDT | time=1769289060000 | trades=40 | delta=3529.0000 | poc=0
2026-01-24 16:12:01 - orderflow_service - INFO - [ORDERFLOW_SERVICE] Footprint completado: TRXUSDT | time=1769289060000 | trades=46 | delta=5864.0000 | poc=0
2026-01-24 16:12:02 - orderflow_service - INFO - [ORDERFLOW_SERVICE] Footprint completado: ADAUSDT | time=1769289060000 | trades=40 | delta=-8074.0000 | poc=0
2026-01-24 16:12:02 - orderflow_service - INFO - [ORDERFLOW_SERVICE] Footprint completado: BNBUSDT | time=1769289060000 | trades=1 | delta=-1.0900 | poc=0
2026-01-24 16:13:01 - orderflow_service - INFO - [ORDERFLOW_SERVICE] Footprint completado: DOGEUSDT | time=1769289120000 | trades=287 | delta=-604285.0000 | poc=0
2026-01-24 16:13:02 - orderflow_service - INFO - [ORDERFLOW_SERVICE] Footprint completado: GALAUSDT | time=1769289120000 | trades=49 | delta=-372737.0000 | poc=0
2026-01-24 16:13:03 - orderflow_service - INFO - [ORDERFLOW_SERVICE] Footprint completado: ETHUSDT | time=1769289120000 | trades=3005 | delta=-2125.7400 | poc=2
2026-01-24 16:13:03 - orderflow_service - WARNING - [ORDERFLOW_SERVICE] Error enviando alerta: status=500
2026-01-24 16:13:03 - orderflow_service - INFO - [ORDERFLOW_SERVICE] Footprint completado: TRXUSDT | time=1769289120000 | trades=43 | delta=3765.0000 | poc=0
2026-01-24 16:13:03 - orderflow_service - INFO - [ORDERFLOW_SERVICE] Footprint completado: BTCUSDT | time=1769289120000 | trades=255 | delta=-3.8190 | poc=0
2026-01-24 16:13:04 - orderflow_service - INFO - [ORDERFLOW_SERVICE] Footprint completado: SUIUSDT | time=1769289120000 | trades=150 | delta=-9470.0000 | poc=5
2026-01-24 16:13:04 - orderflow_service - INFO - [ORDERFLOW_SERVICE] Footprint completado: TRBUSDT | time=1769289120000 | trades=30 | delta=-16.8000 | poc=0
2026-01-24 16:13:04 - orderflow_service - INFO - [ORDERFLOW_SERVICE] Footprint completado: SOLUSDT | time=1769289120000 | trades=209 | delta=-1969.6000 | poc=0
2026-01-24 16:13:05 - orderflow_service - INFO - [ORDERFLOW_SERVICE] Footprint completado: XRPUSDT | time=1769289120000 | trades=288 | delta=-2510.3000 | poc=0
2026-01-24 16:13:08 - orderflow_service - INFO - [ORDERFLOW_SERVICE] Footprint completado: BNBUSDT | time=1769289120000 | trades=27 | delta=-3.7800 | poc=0
2026-01-24 16:13:24 - orderflow_service - INFO - [ORDERFLOW_SERVICE] Footprint completado: ADAUSDT | time=1769289120000 | trades=114 | delta=-69105.0000 | poc=0
2026-01-24 16:13:29 - orderflow_service - INFO - [ORDERFLOW_SERVICE] Footprint completado: PAXGUSDT | time=1769289120000 | trades=28 | delta=1.7380 | poc=0
2026-01-24 16:13:32 - orderflow_service - INFO - [ORDERFLOW_SERVICE] Footprint completado: POLUSDT | time=1769289120000 | trades=170 | delta=-37162.0000 | poc=0
2026-01-24 16:14:01 - orderflow_service - INFO - [ORDERFLOW_SERVICE] Footprint completado: SOLUSDT | time=1769289180000 | trades=137 | delta=-1483.7000 | poc=0
2026-01-24 16:14:01 - orderflow_service - INFO - [ORDERFLOW_SERVICE] Footprint completado: POLUSDT | time=1769289180000 | trades=158 | delta=114398.0000 | poc=0
2026-01-24 16:14:02 - orderflow_service - INFO - [ORDERFLOW_SERVICE] Footprint completado: ADAUSDT | time=1769289180000 | trades=28 | delta=7565.0000 | poc=0
2026-01-24 16:14:02 - orderflow_service - INFO - [ORDERFLOW_SERVICE] Footprint completado: GALAUSDT | time=1769289180000 | trades=16 | delta=103047.0000 | poc=0
2026-01-24 16:14:03 - orderflow_service - INFO - [ORDERFLOW_SERVICE] Footprint completado: BTCUSDT | time=1769289180000 | trades=133 | delta=0.9140 | poc=18
2026-01-24 16:14:03 - orderflow_service - INFO - [ORDERFLOW_SERVICE] Footprint completado: DOGEUSDT | time=1769289180000 | trades=29 | delta=95953.0000 | poc=0
2026-01-24 16:14:03 - orderflow_service - INFO - [ORDERFLOW_SERVICE] Footprint completado: XRPUSDT | time=1769289180000 | trades=43 | delta=4471.2000 | poc=0
2026-01-24 16:14:04 - orderflow_service - INFO - [ORDERFLOW_SERVICE] Footprint completado: PAXGUSDT | time=1769289180000 | trades=63 | delta=11.8800 | poc=0
2026-01-24 16:14:06 - orderflow_service - INFO - [ORDERFLOW_SERVICE] Footprint completado: ETHUSDT | time=1769289180000 | trades=308 | delta=152.6000 | poc=1
2026-01-24 16:14:15 - orderflow_service - INFO - [ORDERFLOW_SERVICE] Footprint completado: TRXUSDT | time=1769289180000 | trades=7 | delta=-960.0000 | poc=0
2026-01-24 16:14:27 - orderflow_service - INFO - [ORDERFLOW_SERVICE] Footprint completado: TRBUSDT | time=1769289180000 | trades=1 | delta=-7.4000 | poc=0
2026-01-24 16:14:37 - orderflow_service - INFO - [ORDERFLOW_SERVICE] Footprint completado: SUIUSDT | time=1769289180000 | trades=21 | delta=390.0000 | poc=1
2026-01-24 16:14:43 - orderflow_service - INFO - [ORDERFLOW_SERVICE] Footprint completado: BNBUSDT | time=1769289180000 | trades=10 | delta=1.4000 | poc=0
2026-01-24 16:15:01 - orderflow_service - INFO - [ORDERFLOW_SERVICE] Footprint completado: BTCUSDT | time=1769289240000 | trades=66 | delta=-0.2880 | poc=3
2026-01-24 16:15:01 - orderflow_service - INFO - [ORDERFLOW_SERVICE] Footprint completado: BTCUSDT | time=1769289000000 | trades=736 | delta=-2.2140 | poc=0
2026-01-24 16:15:01 - orderflow_service - INFO - [ORDERFLOW_SERVICE] Footprint completado: GALAUSDT | time=1769289240000 | trades=68 | delta=777217.0000 | poc=0
2026-01-24 16:15:01 - orderflow_service - INFO - [ORDERFLOW_SERVICE] Footprint completado: GALAUSDT | time=1769289000000 | trades=165 | delta=409805.0000 | poc=0
2026-01-24 16:15:01 - orderflow_service - INFO - [ORDERFLOW_SERVICE] Footprint completado: SOLUSDT | time=1769289240000 | trades=78 | delta=380.4000 | poc=0
2026-01-24 16:15:02 - orderflow_service - INFO - [ORDERFLOW_SERVICE] Footprint completado: SOLUSDT | time=1769289000000 | trades=549 | delta=-3082.6000 | poc=0
2026-01-24 16:15:02 - orderflow_service - INFO - [ORDERFLOW_SERVICE] Footprint completado: TRXUSDT | time=1769289240000 | trades=14 | delta=-1920.0000 | poc=0
2026-01-24 16:15:02 - orderflow_service - INFO - [ORDERFLOW_SERVICE] Footprint completado: TRXUSDT | time=1769289000000 | trades=159 | delta=11895.0000 | poc=0
2026-01-24 16:15:02 - orderflow_service - INFO - [ORDERFLOW_SERVICE] Footprint completado: DOGEUSDT | time=1769289240000 | trades=157 | delta=323461.0000 | poc=0
2026-01-24 16:15:02 - orderflow_service - INFO - [ORDERFLOW_SERVICE] Footprint completado: DOGEUSDT | time=1769289000000 | trades=492 | delta=-172328.0000 | poc=1
2026-01-24 16:15:02 - orderflow_service - INFO - [ORDERFLOW_SERVICE] Footprint completado: XRPUSDT | time=1769289240000 | trades=135 | delta=-3107.4000 | poc=0
2026-01-24 16:15:02 - orderflow_service - INFO - [ORDERFLOW_SERVICE] Footprint completado: XRPUSDT | time=1769289000000 | trades=738 | delta=-124036.8000 | poc=0
2026-01-24 16:15:03 - orderflow_service - INFO - [ORDERFLOW_SERVICE] Footprint completado: ETHUSDT | time=1769289240000 | trades=76 | delta=-6.5000 | poc=0
2026-01-24 16:15:03 - orderflow_service - INFO - [ORDERFLOW_SERVICE] Footprint completado: ETHUSDT | time=1769289000000 | trades=3766 | delta=-1921.5400 | poc=2
2026-01-24 16:15:03 - orderflow_service - INFO - [ORDERFLOW_SERVICE] Footprint completado: POLUSDT | time=1769289240000 | trades=98 | delta=19124.0000 | poc=0
2026-01-24 16:15:03 - orderflow_service - INFO - [ORDERFLOW_SERVICE] Footprint completado: POLUSDT | time=1769289000000 | trades=549 | delta=92061.0000 | poc=0
2026-01-24 16:15:04 - orderflow_service - INFO - [ORDERFLOW_SERVICE] Footprint completado: PAXGUSDT | time=1769289240000 | trades=42 | delta=-0.7150 | poc=2
2026-01-24 16:15:04 - orderflow_service - INFO - [ORDERFLOW_SERVICE] Footprint completado: PAXGUSDT | time=1769289000000 | trades=199 | delta=7.6000 | poc=1
2026-01-24 16:15:06 - orderflow_service - INFO - [ORDERFLOW_SERVICE] Footprint completado: ADAUSDT | time=1769289240000 | trades=35 | delta=16978.0000 | poc=0
2026-01-24 16:15:06 - orderflow_service - INFO - [ORDERFLOW_SERVICE] Footprint completado: ADAUSDT | time=1769289000000 | trades=251 | delta=-38794.0000 | poc=0
2026-01-24 16:15:19 - orderflow_service - INFO - [ORDERFLOW_SERVICE] Footprint completado: SUIUSDT | time=1769289240000 | trades=17 | delta=3050.0000 | poc=1
2026-01-24 16:15:19 - orderflow_service - INFO - [ORDERFLOW_SERVICE] Footprint completado: SUIUSDT | time=1769289000000 | trades=216 | delta=-4180.0000 | poc=5
2026-01-24 16:15:31 - orderflow_service - INFO - [ORDERFLOW_SERVICE] Footprint completado: BNBUSDT | time=1769289240000 | trades=10 | delta=1.5300 | poc=0
2026-01-24 16:15:31 - orderflow_service - INFO - [ORDERFLOW_SERVICE] Footprint completado: BNBUSDT | time=1769289000000 | trades=71 | delta=2.3900 | poc=0
2026-01-24 16:15:42 - orderflow_service - INFO - [ORDERFLOW_SERVICE] Footprint completado: TRBUSDT | time=1769289240000 | trades=10 | delta=-23.4700 | poc=4
2026-01-24 16:15:42 - orderflow_service - INFO - [ORDERFLOW_SERVICE] Footprint completado: TRBUSDT | time=1769289000000 | trades=50 | delta=-66.1400 | poc=0
2026-01-24 16:16:01 - orderflow_service - INFO - [ORDERFLOW_SERVICE] Footprint completado: POLUSDT | time=1769289300000 | trades=110 | delta=-70908.0000 | poc=0
2026-01-24 16:16:01 - orderflow_service - INFO - [ORDERFLOW_SERVICE] Footprint completado: SOLUSDT | time=1769289300000 | trades=75 | delta=-536.8000 | poc=0
2026-01-24 16:16:02 - orderflow_service - INFO - [ORDERFLOW_SERVICE] Footprint completado: XRPUSDT | time=1769289300000 | trades=174 | delta=-59112.4000 | poc=0
2026-01-24 16:16:02 - orderflow_service - INFO - [ORDERFLOW_SERVICE] Footprint completado: DOGEUSDT | time=1769289300000 | trades=48 | delta=40096.0000 | poc=0
2026-01-24 16:16:02 - orderflow_service - INFO - [ORDERFLOW_SERVICE] Footprint completado: ETHUSDT | time=1769289300000 | trades=206 | delta=1.5100 | poc=1
2026-01-24 16:16:02 - orderflow_service - INFO - [ORDERFLOW_SERVICE] Footprint completado: SUIUSDT | time=1769289300000 | trades=21 | delta=-1660.0000 | poc=4
2026-01-24 16:16:03 - orderflow_service - INFO - [ORDERFLOW_SERVICE] Footprint completado: TRBUSDT | time=1769289300000 | trades=4 | delta=0.0200 | poc=0
2026-01-24 16:16:07 - orderflow_service - INFO - [ORDERFLOW_SERVICE] Footprint completado: BTCUSDT | time=1769289300000 | trades=51 | delta=-1.3800 | poc=5
2026-01-24 16:16:13 - orderflow_service - INFO - [ORDERFLOW_SERVICE] Footprint completado: TRXUSDT | time=1769289300000 | trades=8 | delta=-1028.0000 | poc=0
2026-01-24 16:16:24 - orderflow_service - INFO - [ORDERFLOW_SERVICE] Footprint completado: GALAUSDT | time=1769289300000 | trades=46 | delta=-430539.0000 | poc=0
2026-01-24 16:16:27 - orderflow_service - INFO - [ORDERFLOW_SERVICE] Footprint completado: PAXGUSDT | time=1769289300000 | trades=89 | delta=-0.2150 | poc=8
2026-01-24 16:16:44 - orderflow_service - INFO - [ORDERFLOW_SERVICE] Footprint completado: ADAUSDT | time=1769289300000 | trades=30 | delta=-8597.0000 | poc=0
2026-01-24 16:16:54 - orderflow_service - INFO - [ORDERFLOW_SERVICE] Footprint completado: BNBUSDT | time=1769289300000 | trades=10 | delta=-1.5800 | poc=0
2026-01-24 16:17:01 - orderflow_service - INFO - [ORDERFLOW_SERVICE] Footprint completado: BTCUSDT | time=1769289360000 | trades=112 | delta=-2.4930 | poc=0
2026-01-24 16:17:01 - orderflow_service - INFO - [ORDERFLOW_SERVICE] Footprint completado: XRPUSDT | time=1769289360000 | trades=30 | delta=1212.6000 | poc=0
2026-01-24 16:17:01 - orderflow_service - INFO - [ORDERFLOW_SERVICE] Footprint completado: DOGEUSDT | time=1769289360000 | trades=44 | delta=-70791.0000 | poc=0
2026-01-24 16:17:01 - orderflow_service - INFO - [ORDERFLOW_SERVICE] Footprint completado: SOLUSDT | time=1769289360000 | trades=32 | delta=134.7000 | poc=0
2026-01-24 16:17:01 - orderflow_service - INFO - [ORDERFLOW_SERVICE] Footprint completado: ADAUSDT | time=1769289360000 | trades=3 | delta=-3690.0000 | poc=0
2026-01-24 16:17:02 - orderflow_service - INFO - [ORDERFLOW_SERVICE] Footprint completado: PAXGUSDT | time=1769289360000 | trades=37 | delta=-0.3290 | poc=4
2026-01-24 16:17:02 - orderflow_service - INFO - [ORDERFLOW_SERVICE] Footprint completado: GALAUSDT | time=1769289360000 | trades=10 | delta=98921.0000 | poc=0
2026-01-24 16:17:02 - orderflow_service - INFO - [ORDERFLOW_SERVICE] Footprint completado: ETHUSDT | time=1769289360000 | trades=128 | delta=11.4200 | poc=0
2026-01-24 16:17:03 - orderflow_service - INFO - [ORDERFLOW_SERVICE] Footprint completado: POLUSDT | time=1769289360000 | trades=838 | delta=71271.0000 | poc=0
2026-01-24 16:17:04 - orderflow_service - INFO - [ORDERFLOW_SERVICE] Footprint completado: SUIUSDT | time=1769289360000 | trades=21 | delta=1440.0000 | poc=1
2026-01-24 16:17:11 - orderflow_service - INFO - [ORDERFLOW_SERVICE] Footprint completado: BNBUSDT | time=1769289360000 | trades=1 | delta=-0.0200 | poc=0
2026-01-24 16:17:24 - orderflow_service - INFO - [ORDERFLOW_SERVICE] Footprint completado: TRXUSDT | time=1769289360000 | trades=20 | delta=-172.0000 | poc=0
2026-01-24 16:18:01 - orderflow_service - INFO - [ORDERFLOW_SERVICE] Footprint completado: SOLUSDT | time=1769289420000 | trades=80 | delta=341.8000 | poc=0
2026-01-24 16:18:01 - orderflow_service - INFO - [ORDERFLOW_SERVICE] Footprint completado: XRPUSDT | time=1769289420000 | trades=168 | delta=-47341.7000 | poc=0
2026-01-24 16:18:02 - orderflow_service - INFO - [ORDERFLOW_SERVICE] Footprint completado: ETHUSDT | time=1769289420000 | trades=189 | delta=-0.6400 | poc=0
2026-01-24 16:18:03 - orderflow_service - INFO - [ORDERFLOW_SERVICE] Footprint completado: BTCUSDT | time=1769289420000 | trades=252 | delta=3.6390 | poc=0
2026-01-24 16:18:03 - orderflow_service - INFO - [ORDERFLOW_SERVICE] Footprint completado: TRXUSDT | time=1769289420000 | trades=7 | delta=-673.0000 | poc=0
2026-01-24 16:18:03 - orderflow_service - INFO - [ORDERFLOW_SERVICE] Footprint completado: GALAUSDT | time=1769289420000 | trades=54 | delta=794738.0000 | poc=0
2026-01-24 16:18:04 - orderflow_service - INFO - [ORDERFLOW_SERVICE] Footprint completado: DOGEUSDT | time=1769289420000 | trades=157 | delta=35962.0000 | poc=0
2026-01-24 16:18:05 - orderflow_service - INFO - [ORDERFLOW_SERVICE] Footprint completado: ADAUSDT | time=1769289420000 | trades=55 | delta=62386.0000 | poc=0
2026-01-24 16:18:05 - orderflow_service - INFO - [ORDERFLOW_SERVICE] Footprint completado: POLUSDT | time=1769289420000 | trades=60 | delta=7276.0000 | poc=0
2026-01-24 16:18:10 - orderflow_service - INFO - [ORDERFLOW_SERVICE] Footprint completado: BNBUSDT | time=1769289420000 | trades=1 | delta=-0.7800 | poc=0
2026-01-24 16:18:21 - orderflow_service - INFO - [ORDERFLOW_SERVICE] Footprint completado: SUIUSDT | time=1769289420000 | trades=45 | delta=1900.0000 | poc=8
2026-01-24 16:18:26 - orderflow_service - INFO - [ORDERFLOW_SERVICE] Footprint completado: PAXGUSDT | time=1769289420000 | trades=51 | delta=-3.3800 | poc=1
2026-01-24 16:18:39 - orderflow_service - INFO - [ORDERFLOW_SERVICE] Footprint completado: TRBUSDT | time=1769289360000 | trades=42 | delta=-97.9000 | poc=7
2026-01-24 16:19:01 - orderflow_service - INFO - [ORDERFLOW_SERVICE] Footprint completado: GALAUSDT | time=1769289480000 | trades=30 | delta=-15448.0000 | poc=0
2026-01-24 16:19:01 - orderflow_service - INFO - [ORDERFLOW_SERVICE] Footprint completado: BTCUSDT | time=1769289480000 | trades=40 | delta=-1.0250 | poc=5
2026-01-24 16:19:01 - orderflow_service - INFO - [ORDERFLOW_SERVICE] Footprint completado: ADAUSDT | time=1769289480000 | trades=11 | delta=3004.0000 | poc=0
2026-01-24 16:19:01 - orderflow_service - INFO - [ORDERFLOW_SERVICE] Footprint completado: DOGEUSDT | time=1769289480000 | trades=69 | delta=-63953.0000 | poc=0
2026-01-24 16:19:01 - orderflow_service - INFO - [ORDERFLOW_SERVICE] Footprint completado: POLUSDT | time=1769289480000 | trades=349 | delta=133251.0000 | poc=0
2026-01-24 16:19:01 - orderflow_service - INFO - [ORDERFLOW_SERVICE] Footprint completado: SUIUSDT | time=1769289480000 | trades=35 | delta=-2830.0000 | poc=1
2026-01-24 16:19:01 - orderflow_service - INFO - [ORDERFLOW_SERVICE] Footprint completado: SOLUSDT | time=1769289480000 | trades=124 | delta=181.5000 | poc=0
2026-01-24 16:19:02 - orderflow_service - INFO - [ORDERFLOW_SERVICE] Footprint completado: ETHUSDT | time=1769289480000 | trades=274 | delta=-83.9400 | poc=0
2026-01-24 16:19:03 - orderflow_service - INFO - [ORDERFLOW_SERVICE] Footprint completado: PAXGUSDT | time=1769289480000 | trades=145 | delta=-2.1820 | poc=15
2026-01-24 16:19:03 - orderflow_service - INFO - [ORDERFLOW_SERVICE] Footprint completado: XRPUSDT | time=1769289480000 | trades=103 | delta=139533.5000 | poc=0
2026-01-24 16:19:09 - orderflow_service - INFO - [ORDERFLOW_SERVICE] Footprint completado: TRBUSDT | time=1769289480000 | trades=2 | delta=-1.8300 | poc=0
2026-01-24 16:19:27 - orderflow_service - INFO - [ORDERFLOW_SERVICE] Footprint completado: TRXUSDT | time=1769289480000 | trades=14 | delta=-850.0000 | poc=0
2026-01-24 16:19:45 - orderflow_service - INFO - [ORDERFLOW_SERVICE] Footprint completado: BNBUSDT | time=1769289480000 | trades=4 | delta=-1.0800 | poc=0
2026-01-24 16:20:01 - orderflow_service - INFO - [ORDERFLOW_SERVICE] Footprint completado: POLUSDT | time=1769289540000 | trades=38 | delta=-17316.0000 | poc=0
2026-01-24 16:20:01 - orderflow_service - INFO - [ORDERFLOW_SERVICE] Footprint completado: POLUSDT | time=1769289300000 | trades=1395 | delta=123574.0000 | poc=0
2026-01-24 16:20:01 - orderflow_service - INFO - [ORDERFLOW_SERVICE] Footprint completado: ADAUSDT | time=1769289540000 | trades=47 | delta=-6903.0000 | poc=0
2026-01-24 16:20:01 - orderflow_service - INFO - [ORDERFLOW_SERVICE] Footprint completado: ADAUSDT | time=1769289300000 | trades=146 | delta=46200.0000 | poc=0
2026-01-24 16:20:03 - orderflow_service - INFO - [ORDERFLOW_SERVICE] Footprint completado: SUIUSDT | time=1769289540000 | trades=51 | delta=6770.0000 | poc=0
2026-01-24 16:20:03 - orderflow_service - INFO - [ORDERFLOW_SERVICE] Footprint completado: SUIUSDT | time=1769289300000 | trades=173 | delta=5620.0000 | poc=12
2026-01-24 16:20:03 - orderflow_service - INFO - [ORDERFLOW_SERVICE] Footprint completado: SOLUSDT | time=1769289540000 | trades=36 | delta=17.8000 | poc=0
2026-01-24 16:20:03 - orderflow_service - INFO - [ORDERFLOW_SERVICE] Footprint completado: SOLUSDT | time=1769289300000 | trades=347 | delta=139.0000 | poc=0
2026-01-24 16:20:03 - orderflow_service - INFO - [ORDERFLOW_SERVICE] Footprint completado: XRPUSDT | time=1769289540000 | trades=24 | delta=2972.4000 | poc=0
2026-01-24 16:20:03 - orderflow_service - INFO - [ORDERFLOW_SERVICE] Footprint completado: XRPUSDT | time=1769289300000 | trades=499 | delta=37264.4000 | poc=0
2026-01-24 16:20:03 - orderflow_service - INFO - [ORDERFLOW_SERVICE] Footprint completado: TRBUSDT | time=1769289540000 | trades=9 | delta=18.7700 | poc=7
2026-01-24 16:20:03 - orderflow_service - INFO - [ORDERFLOW_SERVICE] Footprint completado: TRBUSDT | time=1769289300000 | trades=57 | delta=-80.9400 | poc=7
2026-01-24 16:20:03 - orderflow_service - INFO - [ORDERFLOW_SERVICE] Footprint completado: PAXGUSDT | time=1769289540000 | trades=46 | delta=-1.1510 | poc=5
2026-01-24 16:20:03 - orderflow_service - INFO - [ORDERFLOW_SERVICE] Footprint completado: PAXGUSDT | time=1769289300000 | trades=368 | delta=-7.2570 | poc=1
2026-01-24 16:20:04 - orderflow_service - WARNING - [ORDERFLOW_SERVICE] Error enviando alerta: status=500
2026-01-24 16:20:05 - orderflow_service - WARNING - [ORDERFLOW_SERVICE] Error enviando alerta: status=500
2026-01-24 16:20:05 - orderflow_service - INFO - [ORDERFLOW_SERVICE] Footprint completado: ETHUSDT | time=1769289540000 | trades=184 | delta=-99.4900 | poc=0
2026-01-24 16:20:05 - orderflow_service - INFO - [ORDERFLOW_SERVICE] Footprint completado: ETHUSDT | time=1769289300000 | trades=981 | delta=-171.1400 | poc=1
2026-01-24 16:20:05 - orderflow_service - INFO - [ORDERFLOW_SERVICE] Footprint completado: DOGEUSDT | time=1769289540000 | trades=30 | delta=-69270.0000 | poc=0
2026-01-24 16:20:05 - orderflow_service - INFO - [ORDERFLOW_SERVICE] Footprint completado: DOGEUSDT | time=1769289300000 | trades=348 | delta=-127956.0000 | poc=0
2026-01-24 16:20:05 - orderflow_service - INFO - [ORDERFLOW_SERVICE] Footprint completado: GALAUSDT | time=1769289540000 | trades=30 | delta=-211408.0000 | poc=0
2026-01-24 16:20:05 - orderflow_service - INFO - [ORDERFLOW_SERVICE] Footprint completado: GALAUSDT | time=1769289300000 | trades=170 | delta=236264.0000 | poc=0
2026-01-24 16:20:07 - orderflow_service - INFO - [ORDERFLOW_SERVICE] Footprint completado: BTCUSDT | time=1769289540000 | trades=178 | delta=2.5820 | poc=0
2026-01-24 16:20:07 - orderflow_service - INFO - [ORDERFLOW_SERVICE] Footprint completado: BTCUSDT | time=1769289300000 | trades=633 | delta=1.3230 | poc=0
2026-01-24 16:20:09 - orderflow_service - INFO - [ORDERFLOW_SERVICE] Footprint completado: TRXUSDT | time=1769289540000 | trades=24 | delta=4115.0000 | poc=0
2026-01-24 16:20:09 - orderflow_service - INFO - [ORDERFLOW_SERVICE] Footprint completado: TRXUSDT | time=1769289300000 | trades=73 | delta=1392.0000 | poc=0
2026-01-24 16:20:42 - orderflow_service - INFO - [ORDERFLOW_SERVICE] Footprint completado: BNBUSDT | time=1769289540000 | trades=3 | delta=-0.0100 | poc=0
2026-01-24 16:20:42 - orderflow_service - INFO - [ORDERFLOW_SERVICE] Footprint completado: BNBUSDT | time=1769289300000 | trades=19 | delta=-3.4700 | poc=0
2026-01-24 16:21:01 - orderflow_service - INFO - [ORDERFLOW_SERVICE] Footprint completado: SUIUSDT | time=1769289600000 | trades=13 | delta=390.0000 | poc=0
2026-01-24 16:21:01 - orderflow_service - INFO - [ORDERFLOW_SERVICE] Footprint completado: ADAUSDT | time=1769289600000 | trades=24 | delta=14094.0000 | poc=0
2026-01-24 16:21:01 - orderflow_service - INFO - [ORDERFLOW_SERVICE] Footprint completado: BTCUSDT | time=1769289600000 | trades=25 | delta=0.1730 | poc=0
2026-01-24 16:21:01 - orderflow_service - INFO - [ORDERFLOW_SERVICE] Footprint completado: XRPUSDT | time=1769289600000 | trades=39 | delta=415.7000 | poc=1
2026-01-24 16:21:01 - orderflow_service - INFO - [ORDERFLOW_SERVICE] Footprint completado: SOLUSDT | time=1769289600000 | trades=74 | delta=244.9000 | poc=0
2026-01-24 16:21:01 - orderflow_service - INFO - [ORDERFLOW_SERVICE] Footprint completado: DOGEUSDT | time=1769289600000 | trades=14 | delta=835.0000 | poc=0
2026-01-24 16:21:01 - orderflow_service - INFO - [ORDERFLOW_SERVICE] Footprint completado: ETHUSDT | time=1769289600000 | trades=372 | delta=124.8700 | poc=0
2026-01-24 16:21:01 - orderflow_service - INFO - [ORDERFLOW_SERVICE] Footprint completado: POLUSDT | time=1769289600000 | trades=83 | delta=29881.0000 | poc=0
2026-01-24 16:21:01 - orderflow_service - INFO - [ORDERFLOW_SERVICE] Footprint completado: GALAUSDT | time=1769289600000 | trades=37 | delta=215702.0000 | poc=0
2026-01-24 16:21:01 - orderflow_service - INFO - [ORDERFLOW_SERVICE] Footprint completado: TRBUSDT | time=1769289600000 | trades=1 | delta=-0.2500 | poc=0
2026-01-24 16:21:01 - orderflow_service - INFO - [ORDERFLOW_SERVICE] Footprint completado: PAXGUSDT | time=1769289600000 | trades=134 | delta=0.9730 | poc=4
2026-01-24 16:21:02 - orderflow_service - INFO - [ORDERFLOW_SERVICE] Footprint completado: TRXUSDT | time=1769289600000 | trades=56 | delta=-24715.0000 | poc=0
2026-01-24 16:21:16 - orderflow_service - INFO - [ORDERFLOW_SERVICE] Footprint completado: BNBUSDT | time=1769289600000 | trades=12 | delta=7.8500 | poc=0
2026-01-24 16:22:01 - orderflow_service - INFO - [ORDERFLOW_SERVICE] Footprint completado: POLUSDT | time=1769289660000 | trades=61 | delta=-4965.0000 | poc=0
2026-01-24 16:22:02 - orderflow_service - INFO - [ORDERFLOW_SERVICE] Footprint completado: GALAUSDT | time=1769289660000 | trades=30 | delta=1278.0000 | poc=0
2026-01-24 16:22:02 - orderflow_service - INFO - [ORDERFLOW_SERVICE] Footprint completado: BTCUSDT | time=1769289660000 | trades=408 | delta=-2.7600 | poc=10
2026-01-24 16:22:03 - orderflow_service - WARNING - [ORDERFLOW_SERVICE] Error enviando alerta: status=500
2026-01-24 16:22:03 - orderflow_service - INFO - [ORDERFLOW_SERVICE] Footprint completado: PAXGUSDT | time=1769289660000 | trades=58 | delta=-0.2290 | poc=6
2026-01-24 16:22:03 - orderflow_service - INFO - [ORDERFLOW_SERVICE] Footprint completado: ADAUSDT | time=1769289660000 | trades=123 | delta=24329.0000 | poc=0
2026-01-24 16:22:04 - orderflow_service - INFO - [ORDERFLOW_SERVICE] Footprint completado: XRPUSDT | time=1769289660000 | trades=104 | delta=-5015.0000 | poc=1
2026-01-24 16:22:04 - orderflow_service - INFO - [ORDERFLOW_SERVICE] Footprint completado: ETHUSDT | time=1769289660000 | trades=454 | delta=40.4400 | poc=0
2026-01-24 16:22:07 - orderflow_service - INFO - [ORDERFLOW_SERVICE] Footprint completado: SUIUSDT | time=1769289660000 | trades=75 | delta=4370.0000 | poc=6
2026-01-24 16:22:12 - orderflow_service - INFO - [ORDERFLOW_SERVICE] Footprint completado: DOGEUSDT | time=1769289660000 | trades=178 | delta=80271.0000 | poc=0
2026-01-24 16:22:12 - orderflow_service - INFO - [ORDERFLOW_SERVICE] Footprint completado: SOLUSDT | time=1769289660000 | trades=208 | delta=56.4000 | poc=0
2026-01-24 16:22:14 - orderflow_service - INFO - [ORDERFLOW_SERVICE] Footprint completado: TRBUSDT | time=1769289660000 | trades=8 | delta=13.2800 | poc=1
2026-01-24 16:22:15 - orderflow_service - INFO - [ORDERFLOW_SERVICE] Footprint completado: TRXUSDT | time=1769289660000 | trades=28 | delta=4847.0000 | poc=0
2026-01-24 16:22:34 - orderflow_service - INFO - [ORDERFLOW_SERVICE] Footprint completado: BNBUSDT | time=1769289660000 | trades=24 | delta=7.2500 | poc=0
2026-01-24 16:23:01 - orderflow_service - INFO - [ORDERFLOW_SERVICE] Footprint completado: ETHUSDT | time=1769289720000 | trades=177 | delta=-76.5300 | poc=0
2026-01-24 16:23:01 - orderflow_service - INFO - [ORDERFLOW_SERVICE] Footprint completado: XRPUSDT | time=1769289720000 | trades=34 | delta=-5309.4000 | poc=0
2026-01-24 16:23:02 - orderflow_service - INFO - [ORDERFLOW_SERVICE] Footprint completado: BTCUSDT | time=1769289720000 | trades=13 | delta=0.0170 | poc=0
2026-01-24 16:23:02 - orderflow_service - INFO - [ORDERFLOW_SERVICE] Footprint completado: POLUSDT | time=1769289720000 | trades=42 | delta=1299.0000 | poc=0
2026-01-24 16:23:03 - orderflow_service - INFO - [ORDERFLOW_SERVICE] Footprint completado: GALAUSDT | time=1769289720000 | trades=52 | delta=352959.0000 | poc=0
2026-01-24 16:23:03 - orderflow_service - INFO - [ORDERFLOW_SERVICE] Footprint completado: TRBUSDT | time=1769289720000 | trades=1 | delta=8.7400 | poc=0
2026-01-24 16:23:03 - orderflow_service - INFO - [ORDERFLOW_SERVICE] Footprint completado: SUIUSDT | time=1769289720000 | trades=5 | delta=550.0000 | poc=0
2026-01-24 16:23:03 - orderflow_service - INFO - [ORDERFLOW_SERVICE] Footprint completado: SOLUSDT | time=1769289720000 | trades=51 | delta=-235.9000 | poc=0
2026-01-24 16:23:03 - orderflow_service - INFO - [ORDERFLOW_SERVICE] Footprint completado: DOGEUSDT | time=1769289720000 | trades=43 | delta=39833.0000 | poc=0
2026-01-24 16:23:03 - orderflow_service - INFO - [ORDERFLOW_SERVICE] Footprint completado: BNBUSDT | time=1769289720000 | trades=2 | delta=-0.6100 | poc=0
2026-01-24 16:23:11 - orderflow_service - INFO - [ORDERFLOW_SERVICE] Footprint completado: TRXUSDT | time=1769289720000 | trades=13 | delta=-1933.0000 | poc=0
2026-01-24 16:23:12 - orderflow_service - INFO - [ORDERFLOW_SERVICE] Footprint completado: ADAUSDT | time=1769289720000 | trades=64 | delta=-12963.0000 | poc=0
2026-01-24 16:23:28 - orderflow_service - INFO - [ORDERFLOW_SERVICE] Footprint completado: PAXGUSDT | time=1769289720000 | trades=92 | delta=1.6380 | poc=0
2026-01-24 16:24:01 - orderflow_service - INFO - [ORDERFLOW_SERVICE] Footprint completado: XRPUSDT | time=1769289780000 | trades=47 | delta=11294.5000 | poc=0
2026-01-24 16:24:01 - orderflow_service - INFO - [ORDERFLOW_SERVICE] Footprint completado: TRBUSDT | time=1769289780000 | trades=6 | delta=12.3400 | poc=2
2026-01-24 16:24:02 - orderflow_service - INFO - [ORDERFLOW_SERVICE] Footprint completado: ETHUSDT | time=1769289780000 | trades=237 | delta=-3.5500 | poc=0
2026-01-24 16:24:02 - orderflow_service - INFO - [ORDERFLOW_SERVICE] Footprint completado: ADAUSDT | time=1769289780000 | trades=19 | delta=6638.0000 | poc=0
2026-01-24 16:24:02 - orderflow_service - INFO - [ORDERFLOW_SERVICE] Footprint completado: PAXGUSDT | time=1769289780000 | trades=6 | delta=0.0440 | poc=0
2026-01-24 16:24:02 - orderflow_service - INFO - [ORDERFLOW_SERVICE] Footprint completado: SOLUSDT | time=1769289780000 | trades=185 | delta=-3983.2000 | poc=0
2026-01-24 16:24:03 - orderflow_service - INFO - [ORDERFLOW_SERVICE] Footprint completado: POLUSDT | time=1769289780000 | trades=51 | delta=-7914.0000 | poc=0
2026-01-24 16:24:03 - orderflow_service - INFO - [ORDERFLOW_SERVICE] Footprint completado: BTCUSDT | time=1769289780000 | trades=499 | delta=38.7750 | poc=22
2026-01-24 16:24:03 - orderflow_service - INFO - [ORDERFLOW_SERVICE] Footprint completado: DOGEUSDT | time=1769289780000 | trades=26 | delta=27351.0000 | poc=0
2026-01-24 16:24:05 - orderflow_service - INFO - [ORDERFLOW_SERVICE] Footprint completado: GALAUSDT | time=1769289780000 | trades=21 | delta=-13537.0000 | poc=0
2026-01-24 16:24:08 - orderflow_service - INFO - [ORDERFLOW_SERVICE] Footprint completado: BNBUSDT | time=1769289780000 | trades=13 | delta=4.2200 | poc=0
2026-01-24 16:24:09 - orderflow_service - INFO - [ORDERFLOW_SERVICE] Footprint completado: TRXUSDT | time=1769289780000 | trades=27 | delta=3330.0000 | poc=0
2026-01-24 16:24:40 - orderflow_service - INFO - [ORDERFLOW_SERVICE] Footprint completado: SUIUSDT | time=1769289780000 | trades=119 | delta=-17470.0000 | poc=1
2026-01-24 16:25:01 - orderflow_service - INFO - [ORDERFLOW_SERVICE] Footprint completado: SOLUSDT | time=1769289840000 | trades=167 | delta=-340.9000 | poc=0
2026-01-24 16:25:01 - orderflow_service - INFO - [ORDERFLOW_SERVICE] Footprint completado: SOLUSDT | time=1769289600000 | trades=685 | delta=-4258.7000 | poc=0
2026-01-24 16:25:02 - orderflow_service - INFO - [ORDERFLOW_SERVICE] Footprint completado: POLUSDT | time=1769289840000 | trades=72 | delta=-279.0000 | poc=0
2026-01-24 16:25:02 - orderflow_service - INFO - [ORDERFLOW_SERVICE] Footprint completado: POLUSDT | time=1769289600000 | trades=309 | delta=18022.0000 | poc=0
2026-01-24 16:25:03 - orderflow_service - INFO - [ORDERFLOW_SERVICE] Footprint completado: SUIUSDT | time=1769289840000 | trades=1 | delta=-10.0000 | poc=0
2026-01-24 16:25:03 - orderflow_service - INFO - [ORDERFLOW_SERVICE] Footprint completado: SUIUSDT | time=1769289600000 | trades=213 | delta=-12170.0000 | poc=6
2026-01-24 16:25:03 - orderflow_service - WARNING - [ORDERFLOW_SERVICE] Error enviando alerta: status=500
2026-01-24 16:25:04 - orderflow_service - INFO - [ORDERFLOW_SERVICE] Footprint completado: ETHUSDT | time=1769289840000 | trades=176 | delta=100.3600 | poc=0
2026-01-24 16:25:04 - orderflow_service - INFO - [ORDERFLOW_SERVICE] Footprint completado: ETHUSDT | time=1769289600000 | trades=1416 | delta=185.5900 | poc=0
2026-01-24 16:25:04 - orderflow_service - INFO - [ORDERFLOW_SERVICE] Footprint completado: BTCUSDT | time=1769289840000 | trades=78 | delta=0.6490 | poc=0
2026-01-24 16:25:04 - orderflow_service - INFO - [ORDERFLOW_SERVICE] Footprint completado: BTCUSDT | time=1769289600000 | trades=1023 | delta=36.8540 | poc=25
2026-01-24 16:25:04 - orderflow_service - INFO - [ORDERFLOW_SERVICE] Footprint completado: TRBUSDT | time=1769289840000 | trades=4 | delta=-0.9600 | poc=0
2026-01-24 16:25:04 - orderflow_service - INFO - [ORDERFLOW_SERVICE] Footprint completado: TRBUSDT | time=1769289600000 | trades=20 | delta=33.1500 | poc=1
2026-01-24 16:25:04 - orderflow_service - INFO - [ORDERFLOW_SERVICE] Footprint completado: ADAUSDT | time=1769289840000 | trades=12 | delta=-724.0000 | poc=0
2026-01-24 16:25:04 - orderflow_service - INFO - [ORDERFLOW_SERVICE] Footprint completado: ADAUSDT | time=1769289600000 | trades=242 | delta=31374.0000 | poc=0
2026-01-24 16:25:04 - orderflow_service - INFO - [ORDERFLOW_SERVICE] Footprint completado: XRPUSDT | time=1769289840000 | trades=12 | delta=1010.2000 | poc=0
2026-01-24 16:25:04 - orderflow_service - INFO - [ORDERFLOW_SERVICE] Footprint completado: XRPUSDT | time=1769289600000 | trades=236 | delta=2396.0000 | poc=1
2026-01-24 16:25:05 - orderflow_service - INFO - [ORDERFLOW_SERVICE] Footprint completado: GALAUSDT | time=1769289840000 | trades=42 | delta=231550.0000 | poc=0
2026-01-24 16:25:05 - orderflow_service - INFO - [ORDERFLOW_SERVICE] Footprint completado: GALAUSDT | time=1769289600000 | trades=182 | delta=787952.0000 | poc=0
2026-01-24 16:25:12 - orderflow_service - INFO - [ORDERFLOW_SERVICE] Footprint completado: PAXGUSDT | time=1769289840000 | trades=73 | delta=-0.7210 | poc=6
2026-01-24 16:25:12 - orderflow_service - INFO - [ORDERFLOW_SERVICE] Footprint completado: PAXGUSDT | time=1769289600000 | trades=363 | delta=1.7050 | poc=6
2026-01-24 16:25:25 - orderflow_service - INFO - [ORDERFLOW_SERVICE] Footprint completado: BNBUSDT | time=1769289840000 | trades=9 | delta=0.6700 | poc=0
2026-01-24 16:25:25 - orderflow_service - INFO - [ORDERFLOW_SERVICE] Footprint completado: BNBUSDT | time=1769289600000 | trades=60 | delta=19.3800 | poc=1
2026-01-24 16:25:26 - orderflow_service - INFO - [ORDERFLOW_SERVICE] Footprint completado: DOGEUSDT | time=1769289840000 | trades=16 | delta=-3879.0000 | poc=0
2026-01-24 16:25:26 - orderflow_service - INFO - [ORDERFLOW_SERVICE] Footprint completado: DOGEUSDT | time=1769289600000 | trades=277 | delta=144411.0000 | poc=0
2026-01-24 16:25:28 - orderflow_service - INFO - [ORDERFLOW_SERVICE] Footprint completado: TRXUSDT | time=1769289840000 | trades=25 | delta=-1933.0000 | poc=0
2026-01-24 16:25:28 - orderflow_service - INFO - [ORDERFLOW_SERVICE] Footprint completado: TRXUSDT | time=1769289600000 | trades=149 | delta=-20404.0000 | poc=0
2026-01-24 16:26:01 - orderflow_service - INFO - [ORDERFLOW_SERVICE] Footprint completado: XRPUSDT | time=1769289900000 | trades=27 | delta=-6597.1000 | poc=0
2026-01-24 16:26:01 - orderflow_service - INFO - [ORDERFLOW_SERVICE] Footprint completado: POLUSDT | time=1769289900000 | trades=24 | delta=1685.0000 | poc=0
2026-01-24 16:26:02 - orderflow_service - INFO - [ORDERFLOW_SERVICE] Footprint completado: BTCUSDT | time=1769289900000 | trades=64 | delta=3.7600 | poc=1
2026-01-24 16:26:02 - orderflow_service - INFO - [ORDERFLOW_SERVICE] Footprint completado: SOLUSDT | time=1769289900000 | trades=27 | delta=121.9000 | poc=0
2026-01-24 16:26:02 - orderflow_service - INFO - [ORDERFLOW_SERVICE] Footprint completado: DOGEUSDT | time=1769289900000 | trades=13 | delta=19195.0000 | poc=0
2026-01-24 16:26:03 - orderflow_service - INFO - [ORDERFLOW_SERVICE] Footprint completado: BNBUSDT | time=1769289900000 | trades=3 | delta=-0.0400 | poc=0
2026-01-24 16:26:03 - orderflow_service - INFO - [ORDERFLOW_SERVICE] Footprint completado: PAXGUSDT | time=1769289900000 | trades=37 | delta=-0.0100 | poc=0
2026-01-24 16:26:03 - orderflow_service - INFO - [ORDERFLOW_SERVICE] Footprint completado: TRBUSDT | time=1769289900000 | trades=2 | delta=0.4400 | poc=0
2026-01-24 16:26:03 - orderflow_service - INFO - [ORDERFLOW_SERVICE] Footprint completado: GALAUSDT | time=1769289900000 | trades=10 | delta=-49748.0000 | poc=0
2026-01-24 16:26:03 - orderflow_service - INFO - [ORDERFLOW_SERVICE] Footprint completado: SUIUSDT | time=1769289900000 | trades=11 | delta=1860.0000 | poc=0
2026-01-24 16:26:03 - orderflow_service - INFO - [ORDERFLOW_SERVICE] Footprint completado: ETHUSDT | time=1769289900000 | trades=68 | delta=-10.1400 | poc=0
2026-01-24 16:26:08 - orderflow_service - INFO - [ORDERFLOW_SERVICE] Footprint completado: TRXUSDT | time=1769289900000 | trades=6 | delta=-972.0000 | poc=0
2026-01-24 16:26:29 - orderflow_service - INFO - [ORDERFLOW_SERVICE] Footprint completado: ADAUSDT | time=1769289900000 | trades=24 | delta=3435.0000 | poc=0
2026-01-24 16:27:01 - orderflow_service - INFO - [ORDERFLOW_SERVICE] Footprint completado: POLUSDT | time=1769289960000 | trades=108 | delta=47312.0000 | poc=0
2026-01-24 16:27:01 - orderflow_service - INFO - [ORDERFLOW_SERVICE] Footprint completado: PAXGUSDT | time=1769289960000 | trades=45 | delta=1.3120 | poc=4
2026-01-24 16:27:01 - orderflow_service - INFO - [ORDERFLOW_SERVICE] Footprint completado: BNBUSDT | time=1769289960000 | trades=19 | delta=4.6400 | poc=0
2026-01-24 16:27:02 - orderflow_service - INFO - [ORDERFLOW_SERVICE] Footprint completado: SUIUSDT | time=1769289960000 | trades=10 | delta=-700.0000 | poc=1
2026-01-24 16:27:02 - orderflow_service - INFO - [ORDERFLOW_SERVICE] Footprint completado: XRPUSDT | time=1769289960000 | trades=14 | delta=29.9000 | poc=0
2026-01-24 16:27:03 - orderflow_service - INFO - [ORDERFLOW_SERVICE] Footprint completado: TRBUSDT | time=1769289960000 | trades=3 | delta=12.4800 | poc=0
2026-01-24 16:27:03 - orderflow_service - INFO - [ORDERFLOW_SERVICE] Footprint completado: SOLUSDT | time=1769289960000 | trades=19 | delta=5.4000 | poc=0
2026-01-24 16:27:03 - orderflow_service - INFO - [ORDERFLOW_SERVICE] Footprint completado: ETHUSDT | time=1769289960000 | trades=23 | delta=-2.0300 | poc=0
2026-01-24 16:27:04 - orderflow_service - INFO - [ORDERFLOW_SERVICE] Footprint completado: BTCUSDT | time=1769289960000 | trades=96 | delta=1.1870 | poc=0
2026-01-24 16:27:04 - orderflow_service - INFO - [ORDERFLOW_SERVICE] Footprint completado: GALAUSDT | time=1769289960000 | trades=103 | delta=1014804.0000 | poc=0
2026-01-24 16:27:04 - orderflow_service - INFO - [ORDERFLOW_SERVICE] Footprint completado: ADAUSDT | time=1769289960000 | trades=4 | delta=126.0000 | poc=0
2026-01-24 16:27:05 - orderflow_service - INFO - [ORDERFLOW_SERVICE] Footprint completado: DOGEUSDT | time=1769289960000 | trades=19 | delta=18840.0000 | poc=0
2026-01-24 16:27:12 - orderflow_service - INFO - [ORDERFLOW_SERVICE] Footprint completado: TRXUSDT | time=1769289960000 | trades=19 | delta=-1851.0000 | poc=0
2026-01-24 16:28:01 - orderflow_service - INFO - [ORDERFLOW_SERVICE] Footprint completado: SUIUSDT | time=1769290020000 | trades=36 | delta=140.0000 | poc=0
2026-01-24 16:28:01 - orderflow_service - INFO - [ORDERFLOW_SERVICE] Footprint completado: BTCUSDT | time=1769290020000 | trades=227 | delta=-3.6850 | poc=3
2026-01-24 16:28:01 - orderflow_service - INFO - [ORDERFLOW_SERVICE] Footprint completado: XRPUSDT | time=1769290020000 | trades=84 | delta=-44462.0000 | poc=0
2026-01-24 16:28:02 - orderflow_service - INFO - [ORDERFLOW_SERVICE] Footprint completado: POLUSDT | time=1769290020000 | trades=51 | delta=19024.0000 | poc=0
2026-01-24 16:28:03 - orderflow_service - INFO - [ORDERFLOW_SERVICE] Footprint completado: TRBUSDT | time=1769290020000 | trades=2 | delta=-4.0800 | poc=0
2026-01-24 16:28:03 - orderflow_service - INFO - [ORDERFLOW_SERVICE] Footprint completado: PAXGUSDT | time=1769290020000 | trades=40 | delta=0.2980 | poc=3
2026-01-24 16:28:03 - orderflow_service - INFO - [ORDERFLOW_SERVICE] Footprint completado: ADAUSDT | time=1769290020000 | trades=15 | delta=-7258.0000 | poc=0
2026-01-24 16:28:06 - orderflow_service - INFO - [ORDERFLOW_SERVICE] Footprint completado: SOLUSDT | time=1769290020000 | trades=73 | delta=-55.0000 | poc=0
2026-01-24 16:28:07 - orderflow_service - INFO - [ORDERFLOW_SERVICE] Footprint completado: ETHUSDT | time=1769290020000 | trades=89 | delta=63.5600 | poc=0
2026-01-24 16:28:07 - orderflow_service - INFO - [ORDERFLOW_SERVICE] Footprint completado: BNBUSDT | time=1769290020000 | trades=14 | delta=0.3700 | poc=0
2026-01-24 16:28:07 - orderflow_service - INFO - [ORDERFLOW_SERVICE] Footprint completado: TRXUSDT | time=1769290020000 | trades=17 | delta=-2080.0000 | poc=0
2026-01-24 16:28:20 - orderflow_service - INFO - [ORDERFLOW_SERVICE] Footprint completado: GALAUSDT | time=1769290020000 | trades=24 | delta=57956.0000 | poc=0
2026-01-24 16:28:36 - orderflow_service - INFO - [ORDERFLOW_SERVICE] Footprint completado: DOGEUSDT | time=1769290020000 | trades=10 | delta=-2300.0000 | poc=0
2026-01-24 16:29:01 - orderflow_service - INFO - [ORDERFLOW_SERVICE] Footprint completado: SUIUSDT | time=1769290080000 | trades=51 | delta=-9240.0000 | poc=0
2026-01-24 16:29:01 - orderflow_service - INFO - [ORDERFLOW_SERVICE] Footprint completado: GALAUSDT | time=1769290080000 | trades=8 | delta=-31224.0000 | poc=0
2026-01-24 16:29:01 - orderflow_service - INFO - [ORDERFLOW_SERVICE] Footprint completado: ETHUSDT | time=1769290080000 | trades=42 | delta=-0.8800 | poc=0
2026-01-24 16:29:01 - orderflow_service - INFO - [ORDERFLOW_SERVICE] Footprint completado: SOLUSDT | time=1769290080000 | trades=14 | delta=-1.1000 | poc=0
2026-01-24 16:29:02 - orderflow_service - INFO - [ORDERFLOW_SERVICE] Footprint completado: ADAUSDT | time=1769290080000 | trades=10 | delta=262.0000 | poc=0
2026-01-24 16:29:02 - orderflow_service - INFO - [ORDERFLOW_SERVICE] Footprint completado: POLUSDT | time=1769290080000 | trades=5 | delta=-2752.0000 | poc=0
2026-01-24 16:29:02 - orderflow_service - INFO - [ORDERFLOW_SERVICE] Footprint completado: PAXGUSDT | time=1769290080000 | trades=63 | delta=-0.9850 | poc=5
2026-01-24 16:29:02 - orderflow_service - INFO - [ORDERFLOW_SERVICE] Footprint completado: DOGEUSDT | time=1769290080000 | trades=2 | delta=5722.0000 | poc=0
2026-01-24 16:29:03 - orderflow_service - INFO - [ORDERFLOW_SERVICE] Footprint completado: XRPUSDT | time=1769290080000 | trades=28 | delta=9666.4000 | poc=0
2026-01-24 16:29:03 - orderflow_service - INFO - [ORDERFLOW_SERVICE] Footprint completado: BTCUSDT | time=1769290080000 | trades=29 | delta=-1.2170 | poc=0
2026-01-24 16:29:06 - orderflow_service - INFO - [ORDERFLOW_SERVICE] Footprint completado: BNBUSDT | time=1769290080000 | trades=14 | delta=4.0200 | poc=0
2026-01-24 16:29:20 - orderflow_service - INFO - [ORDERFLOW_SERVICE] Footprint completado: TRBUSDT | time=1769290080000 | trades=1 | delta=-3.8900 | poc=0
2026-01-24 16:29:29 - orderflow_service - INFO - [ORDERFLOW_SERVICE] Footprint completado: TRXUSDT | time=1769290080000 | trades=42 | delta=-2901.0000 | poc=0
2026-01-24 16:30:01 - orderflow_service - INFO - [ORDERFLOW_SERVICE] Footprint completado: SOLUSDT | time=1769290140000 | trades=13 | delta=-4.9000 | poc=0
2026-01-24 16:30:01 - orderflow_service - INFO - [ORDERFLOW_SERVICE] Footprint completado: SOLUSDT | time=1769289900000 | trades=146 | delta=66.3000 | poc=0
2026-01-24 16:30:01 - orderflow_service - INFO - [ORDERFLOW_SERVICE] Footprint completado: POLUSDT | time=1769290140000 | trades=80 | delta=-39647.0000 | poc=0
2026-01-24 16:30:01 - orderflow_service - INFO - [ORDERFLOW_SERVICE] Footprint completado: POLUSDT | time=1769289900000 | trades=268 | delta=25622.0000 | poc=0
2026-01-24 16:30:01 - orderflow_service - INFO - [ORDERFLOW_SERVICE] Footprint completado: XRPUSDT | time=1769290140000 | trades=10 | delta=606.2000 | poc=0
2026-01-24 16:30:01 - orderflow_service - INFO - [ORDERFLOW_SERVICE] Footprint completado: XRPUSDT | time=1769289900000 | trades=163 | delta=-40756.6000 | poc=0
2026-01-24 16:30:01 - orderflow_service - INFO - [ORDERFLOW_SERVICE] Footprint completado: ETHUSDT | time=1769290140000 | trades=20 | delta=69.6000 | poc=0
2026-01-24 16:30:01 - orderflow_service - INFO - [ORDERFLOW_SERVICE] Footprint completado: ETHUSDT | time=1769289900000 | trades=242 | delta=120.1100 | poc=0
2026-01-24 16:30:03 - orderflow_service - INFO - [ORDERFLOW_SERVICE] Footprint completado: BTCUSDT | time=1769290140000 | trades=70 | delta=-2.3920 | poc=2
2026-01-24 16:30:03 - orderflow_service - INFO - [ORDERFLOW_SERVICE] Footprint completado: BTCUSDT | time=1769289900000 | trades=486 | delta=-2.3470 | poc=17
2026-01-24 16:30:03 - orderflow_service - INFO - [ORDERFLOW_SERVICE] Footprint completado: TRBUSDT | time=1769290140000 | trades=1 | delta=0.1000 | poc=0
2026-01-24 16:30:03 - orderflow_service - INFO - [ORDERFLOW_SERVICE] Footprint completado: TRBUSDT | time=1769289900000 | trades=9 | delta=5.0500 | poc=5
2026-01-24 16:30:03 - orderflow_service - INFO - [ORDERFLOW_SERVICE] Footprint completado: PAXGUSDT | time=1769290140000 | trades=60 | delta=0.6550 | poc=1
2026-01-24 16:30:03 - orderflow_service - INFO - [ORDERFLOW_SERVICE] Footprint completado: PAXGUSDT | time=1769289900000 | trades=245 | delta=1.2700 | poc=5
2026-01-24 16:30:08 - orderflow_service - INFO - [ORDERFLOW_SERVICE] Footprint completado: DOGEUSDT | time=1769290140000 | trades=14 | delta=-25300.0000 | poc=0
2026-01-24 16:30:08 - orderflow_service - INFO - [ORDERFLOW_SERVICE] Footprint completado: DOGEUSDT | time=1769289900000 | trades=58 | delta=16157.0000 | poc=0
2026-01-24 16:30:08 - orderflow_service - INFO - [ORDERFLOW_SERVICE] Footprint completado: ADAUSDT | time=1769290140000 | trades=7 | delta=-653.0000 | poc=0
2026-01-24 16:30:08 - orderflow_service - INFO - [ORDERFLOW_SERVICE] Footprint completado: ADAUSDT | time=1769289900000 | trades=60 | delta=-4088.0000 | poc=0
2026-01-24 16:30:10 - orderflow_service - INFO - [ORDERFLOW_SERVICE] Footprint completado: SUIUSDT | time=1769290140000 | trades=46 | delta=-1120.0000 | poc=4
2026-01-24 16:30:10 - orderflow_service - INFO - [ORDERFLOW_SERVICE] Footprint completado: SUIUSDT | time=1769289900000 | trades=154 | delta=-9060.0000 | poc=0
2026-01-24 16:30:33 - orderflow_service - INFO - [ORDERFLOW_SERVICE] Footprint completado: BNBUSDT | time=1769290140000 | trades=2 | delta=-0.0600 | poc=0
2026-01-24 16:30:33 - orderflow_service - INFO - [ORDERFLOW_SERVICE] Footprint completado: BNBUSDT | time=1769289900000 | trades=52 | delta=8.9300 | poc=0
2026-01-24 16:30:34 - orderflow_service - INFO - [ORDERFLOW_SERVICE] Footprint completado: GALAUSDT | time=1769290140000 | trades=29 | delta=15679.0000 | poc=0
2026-01-24 16:30:34 - orderflow_service - INFO - [ORDERFLOW_SERVICE] Footprint completado: GALAUSDT | time=1769289900000 | trades=174 | delta=1007467.0000 | poc=0
2026-01-24 16:31:01 - orderflow_service - INFO - [ORDERFLOW_SERVICE] Footprint completado: DOGEUSDT | time=1769290200000 | trades=41 | delta=31305.0000 | poc=0
2026-01-24 16:31:01 - orderflow_service - INFO - [ORDERFLOW_SERVICE] Footprint completado: POLUSDT | time=1769290200000 | trades=116 | delta=-82170.0000 | poc=0
2026-01-24 16:31:02 - orderflow_service - INFO - [ORDERFLOW_SERVICE] Footprint completado: ADAUSDT | time=1769290200000 | trades=31 | delta=11159.0000 | poc=0
2026-01-24 16:31:02 - orderflow_service - INFO - [ORDERFLOW_SERVICE] Footprint completado: BTCUSDT | time=1769290200000 | trades=67 | delta=-2.2860 | poc=0
2026-01-24 16:31:02 - orderflow_service - INFO - [ORDERFLOW_SERVICE] Footprint completado: SOLUSDT | time=1769290200000 | trades=82 | delta=-82.6000 | poc=0
2026-01-24 16:31:02 - orderflow_service - INFO - [ORDERFLOW_SERVICE] Footprint completado: GALAUSDT | time=1769290200000 | trades=18 | delta=342566.0000 | poc=0
2026-01-24 16:31:03 - orderflow_service - INFO - [ORDERFLOW_SERVICE] Footprint completado: TRBUSDT | time=1769290200000 | trades=1 | delta=-0.1000 | poc=0
2026-01-24 16:31:03 - orderflow_service - INFO - [ORDERFLOW_SERVICE] Footprint completado: PAXGUSDT | time=1769290200000 | trades=31 | delta=-0.2330 | poc=1
2026-01-24 16:31:03 - orderflow_service - INFO - [ORDERFLOW_SERVICE] Footprint completado: TRXUSDT | time=1769290140000 | trades=7 | delta=-959.0000 | poc=0
2026-01-24 16:31:03 - orderflow_service - INFO - [ORDERFLOW_SERVICE] Footprint completado: TRXUSDT | time=1769289900000 | trades=91 | delta=-8763.0000 | poc=0
2026-01-24 16:31:03 - orderflow_service - INFO - [ORDERFLOW_SERVICE] Footprint completado: ETHUSDT | time=1769290200000 | trades=43 | delta=-2.9400 | poc=0
2026-01-24 16:31:03 - orderflow_service - INFO - [ORDERFLOW_SERVICE] Footprint completado: SUIUSDT | time=1769290200000 | trades=4 | delta=-220.0000 | poc=0
2026-01-24 16:31:06 - orderflow_service - INFO - [ORDERFLOW_SERVICE] Footprint completado: XRPUSDT | time=1769290200000 | trades=71 | delta=-46763.8000 | poc=1
2026-01-24 16:31:15 - orderflow_service - INFO - [ORDERFLOW_SERVICE] Footprint completado: BNBUSDT | time=1769290200000 | trades=1 | delta=0.0200 | poc=0
2026-01-24 16:32:01 - orderflow_service - INFO - [ORDERFLOW_SERVICE] Footprint completado: TRBUSDT | time=1769290260000 | trades=12 | delta=-25.8000 | poc=3
2026-01-24 16:32:01 - orderflow_service - INFO - [ORDERFLOW_SERVICE] Footprint completado: TRXUSDT | time=1769290260000 | trades=7 | delta=5872.0000 | poc=0
2026-01-24 16:32:02 - orderflow_service - INFO - [ORDERFLOW_SERVICE] Footprint completado: DOGEUSDT | time=1769290260000 | trades=39 | delta=47521.0000 | poc=0
2026-01-24 16:32:02 - orderflow_service - INFO - [ORDERFLOW_SERVICE] Footprint completado: GALAUSDT | time=1769290260000 | trades=45 | delta=-321580.0000 | poc=0
2026-01-24 16:32:03 - orderflow_service - INFO - [ORDERFLOW_SERVICE] Footprint completado: POLUSDT | time=1769290260000 | trades=50 | delta=357.0000 | poc=0
2026-01-24 16:32:03 - orderflow_service - INFO - [ORDERFLOW_SERVICE] Footprint completado: SOLUSDT | time=1769290260000 | trades=83 | delta=628.1000 | poc=0
2026-01-24 16:32:03 - orderflow_service - INFO - [ORDERFLOW_SERVICE] Footprint completado: PAXGUSDT | time=1769290260000 | trades=118 | delta=-3.9400 | poc=3
2026-01-24 16:32:04 - orderflow_service - INFO - [ORDERFLOW_SERVICE] Footprint completado: ETHUSDT | time=1769290260000 | trades=340 | delta=717.3300 | poc=0
2026-01-24 16:32:04 - orderflow_service - INFO - [ORDERFLOW_SERVICE] Footprint completado: BNBUSDT | time=1769290260000 | trades=17 | delta=-6.9900 | poc=0
2026-01-24 16:32:05 - orderflow_service - INFO - [ORDERFLOW_SERVICE] Footprint completado: BTCUSDT | time=1769290260000 | trades=226 | delta=-3.4080 | poc=0
2026-01-24 16:32:05 - orderflow_service - INFO - [ORDERFLOW_SERVICE] Footprint completado: SUIUSDT | time=1769290260000 | trades=91 | delta=5890.0000 | poc=5
2026-01-24 16:32:06 - orderflow_service - INFO - [ORDERFLOW_SERVICE] Footprint completado: ADAUSDT | time=1769290260000 | trades=14 | delta=-3946.0000 | poc=0
2026-01-24 16:32:06 - orderflow_service - INFO - [ORDERFLOW_SERVICE] Footprint completado: XRPUSDT | time=1769290260000 | trades=78 | delta=12482.1000 | poc=0
2026-01-24 16:33:01 - orderflow_service - INFO - [ORDERFLOW_SERVICE] Footprint completado: PAXGUSDT | time=1769290320000 | trades=43 | delta=0.4290 | poc=3
2026-01-24 16:33:02 - orderflow_service - INFO - [ORDERFLOW_SERVICE] Footprint completado: DOGEUSDT | time=1769290320000 | trades=32 | delta=25977.0000 | poc=0
2026-01-24 16:33:03 - orderflow_service - INFO - [ORDERFLOW_SERVICE] Footprint completado: TRXUSDT | time=1769290320000 | trades=3 | delta=-167.0000 | poc=0
2026-01-24 16:33:03 - orderflow_service - INFO - [ORDERFLOW_SERVICE] Footprint completado: BTCUSDT | time=1769290320000 | trades=368 | delta=0.1030 | poc=24
2026-01-24 16:33:03 - orderflow_service - INFO - [ORDERFLOW_SERVICE] Footprint completado: ADAUSDT | time=1769290320000 | trades=25 | delta=6164.0000 | poc=0
2026-01-24 16:33:04 - orderflow_service - INFO - [ORDERFLOW_SERVICE] Footprint completado: ETHUSDT | time=1769290320000 | trades=139 | delta=38.7500 | poc=0
2026-01-24 16:33:06 - orderflow_service - INFO - [ORDERFLOW_SERVICE] Footprint completado: XRPUSDT | time=1769290320000 | trades=33 | delta=-929.8000 | poc=0
2026-01-24 16:33:09 - orderflow_service - INFO - [ORDERFLOW_SERVICE] Footprint completado: SOLUSDT | time=1769290320000 | trades=66 | delta=-30.3000 | poc=0
2026-01-24 16:33:10 - orderflow_service - INFO - [ORDERFLOW_SERVICE] Footprint completado: GALAUSDT | time=1769290320000 | trades=60 | delta=-971216.0000 | poc=0
2026-01-24 16:33:18 - orderflow_service - INFO - [ORDERFLOW_SERVICE] Footprint completado: BNBUSDT | time=1769290320000 | trades=21 | delta=3.0400 | poc=0
2026-01-24 16:33:20 - orderflow_service - INFO - [ORDERFLOW_SERVICE] Footprint completado: POLUSDT | time=1769290320000 | trades=143 | delta=18313.0000 | poc=0
2026-01-24 16:34:01 - orderflow_service - INFO - [ORDERFLOW_SERVICE] Footprint completado: PAXGUSDT | time=1769290380000 | trades=115 | delta=1.1670 | poc=0
2026-01-24 16:34:01 - orderflow_service - INFO - [ORDERFLOW_SERVICE] Footprint completado: SOLUSDT | time=1769290380000 | trades=20 | delta=-13.8000 | poc=0
2026-01-24 16:34:02 - orderflow_service - INFO - [ORDERFLOW_SERVICE] Footprint completado: POLUSDT | time=1769290380000 | trades=45 | delta=-8087.0000 | poc=0
2026-01-24 16:34:03 - orderflow_service - INFO - [ORDERFLOW_SERVICE] Footprint completado: ETHUSDT | time=1769290380000 | trades=36 | delta=15.9100 | poc=0
2026-01-24 16:34:03 - orderflow_service - INFO - [ORDERFLOW_SERVICE] Footprint completado: SUIUSDT | time=1769290320000 | trades=49 | delta=-8630.0000 | poc=2
2026-01-24 16:34:03 - orderflow_service - INFO - [ORDERFLOW_SERVICE] Footprint completado: DOGEUSDT | time=1769290380000 | trades=9 | delta=552.0000 | poc=0
2026-01-24 16:34:03 - orderflow_service - INFO - [ORDERFLOW_SERVICE] Footprint completado: XRPUSDT | time=1769290380000 | trades=7 | delta=63.9000 | poc=0
2026-01-24 16:34:03 - orderflow_service - INFO - [ORDERFLOW_SERVICE] Footprint completado: ADAUSDT | time=1769290380000 | trades=12 | delta=-3175.0000 | poc=0
2026-01-24 16:34:03 - orderflow_service - INFO - [ORDERFLOW_SERVICE] Footprint completado: BTCUSDT | time=1769290380000 | trades=85 | delta=-1.9620 | poc=8
2026-01-24 16:34:04 - orderflow_service - INFO - [ORDERFLOW_SERVICE] Footprint completado: TRBUSDT | time=1769290320000 | trades=1 | delta=0.0600 | poc=0
2026-01-24 16:34:05 - orderflow_service - INFO - [ORDERFLOW_SERVICE] Footprint completado: BNBUSDT | time=1769290380000 | trades=5 | delta=0.4300 | poc=0
2026-01-24 16:34:06 - orderflow_service - INFO - [ORDERFLOW_SERVICE] Footprint completado: GALAUSDT | time=1769290380000 | trades=12 | delta=16960.0000 | poc=0
2026-01-24 16:35:01 - orderflow_service - INFO - [ORDERFLOW_SERVICE] Footprint completado: SUIUSDT | time=1769290440000 | trades=99 | delta=-14560.0000 | poc=8
2026-01-24 16:35:01 - orderflow_service - INFO - [ORDERFLOW_SERVICE] Footprint completado: SUIUSDT | time=1769290200000 | trades=243 | delta=-17520.0000 | poc=8
2026-01-24 16:35:01 - orderflow_service - INFO - [ORDERFLOW_SERVICE] Footprint completado: POLUSDT | time=1769290440000 | trades=68 | delta=-17685.0000 | poc=0
2026-01-24 16:35:01 - orderflow_service - INFO - [ORDERFLOW_SERVICE] Footprint completado: POLUSDT | time=1769290200000 | trades=422 | delta=-89272.0000 | poc=0
2026-01-24 16:35:01 - orderflow_service - INFO - [ORDERFLOW_SERVICE] Footprint completado: DOGEUSDT | time=1769290440000 | trades=73 | delta=-50656.0000 | poc=0
2026-01-24 16:35:01 - orderflow_service - INFO - [ORDERFLOW_SERVICE] Footprint completado: DOGEUSDT | time=1769290200000 | trades=194 | delta=54699.0000 | poc=0
2026-01-24 16:35:02 - orderflow_service - INFO - [ORDERFLOW_SERVICE] Footprint completado: BTCUSDT | time=1769290440000 | trades=124 | delta=-2.0310 | poc=8
2026-01-24 16:35:02 - orderflow_service - WARNING - [ORDERFLOW_SERVICE] Error enviando alerta: status=500
2026-01-24 16:35:02 - orderflow_service - INFO - [ORDERFLOW_SERVICE] Footprint completado: BTCUSDT | time=1769290200000 | trades=870 | delta=-9.5840 | poc=17
2026-01-24 16:35:02 - orderflow_service - INFO - [ORDERFLOW_SERVICE] Footprint completado: TRXUSDT | time=1769290380000 | trades=19 | delta=5440.0000 | poc=0
2026-01-24 16:35:02 - orderflow_service - INFO - [ORDERFLOW_SERVICE] Footprint completado: TRXUSDT | time=1769290200000 | trades=29 | delta=11145.0000 | poc=0
2026-01-24 16:35:02 - orderflow_service - INFO - [ORDERFLOW_SERVICE] Footprint completado: TRBUSDT | time=1769290440000 | trades=7 | delta=10.3100 | poc=3
2026-01-24 16:35:03 - orderflow_service - INFO - [ORDERFLOW_SERVICE] Footprint completado: TRBUSDT | time=1769290200000 | trades=21 | delta=-15.5300 | poc=3
2026-01-24 16:35:03 - orderflow_service - INFO - [ORDERFLOW_SERVICE] Footprint completado: XRPUSDT | time=1769290440000 | trades=139 | delta=-14811.2000 | poc=1
2026-01-24 16:35:03 - orderflow_service - INFO - [ORDERFLOW_SERVICE] Footprint completado: XRPUSDT | time=1769290200000 | trades=328 | delta=-49958.8000 | poc=1
2026-01-24 16:35:03 - orderflow_service - INFO - [ORDERFLOW_SERVICE] Footprint completado: SOLUSDT | time=1769290440000 | trades=69 | delta=-69.0000 | poc=0
2026-01-24 16:35:03 - orderflow_service - INFO - [ORDERFLOW_SERVICE] Footprint completado: SOLUSDT | time=1769290200000 | trades=320 | delta=432.4000 | poc=0
2026-01-24 16:35:03 - orderflow_service - INFO - [ORDERFLOW_SERVICE] Footprint completado: PAXGUSDT | time=1769290440000 | trades=205 | delta=3.7360 | poc=10
2026-01-24 16:35:03 - orderflow_service - INFO - [ORDERFLOW_SERVICE] Footprint completado: PAXGUSDT | time=1769290200000 | trades=512 | delta=1.1590 | poc=3
2026-01-24 16:35:03 - orderflow_service - INFO - [ORDERFLOW_SERVICE] Footprint completado: ETHUSDT | time=1769290440000 | trades=141 | delta=42.4100 | poc=0
2026-01-24 16:35:03 - orderflow_service - INFO - [ORDERFLOW_SERVICE] Footprint completado: ETHUSDT | time=1769290200000 | trades=699 | delta=811.4600 | poc=0
2026-01-24 16:35:05 - orderflow_service - INFO - [ORDERFLOW_SERVICE] Footprint completado: BNBUSDT | time=1769290440000 | trades=13 | delta=-3.7200 | poc=0
2026-01-24 16:35:05 - orderflow_service - INFO - [ORDERFLOW_SERVICE] Footprint completado: BNBUSDT | time=1769290200000 | trades=57 | delta=-7.2200 | poc=0
2026-01-24 16:35:17 - orderflow_service - INFO - [ORDERFLOW_SERVICE] Footprint completado: GALAUSDT | time=1769290440000 | trades=58 | delta=516207.0000 | poc=0
2026-01-24 16:35:17 - orderflow_service - INFO - [ORDERFLOW_SERVICE] Footprint completado: GALAUSDT | time=1769290200000 | trades=193 | delta=-417063.0000 | poc=0
2026-01-24 16:35:19 - orderflow_service - INFO - [ORDERFLOW_SERVICE] Footprint completado: ADAUSDT | time=1769290440000 | trades=20 | delta=-3219.0000 | poc=0
2026-01-24 16:35:19 - orderflow_service - INFO - [ORDERFLOW_SERVICE] Footprint completado: ADAUSDT | time=1769290200000 | trades=102 | delta=6983.0000 | poc=0
2026-01-24 16:36:01 - orderflow_service - INFO - [ORDERFLOW_SERVICE] Footprint completado: BTCUSDT | time=1769290500000 | trades=179 | delta=-7.3050 | poc=2
2026-01-24 16:36:01 - orderflow_service - INFO - [ORDERFLOW_SERVICE] Footprint completado: PAXGUSDT | time=1769290500000 | trades=91 | delta=1.3450 | poc=0
2026-01-24 16:36:02 - orderflow_service - INFO - [ORDERFLOW_SERVICE] Footprint completado: XRPUSDT | time=1769290500000 | trades=35 | delta=2516.1000 | poc=0
2026-01-24 16:36:03 - orderflow_service - INFO - [ORDERFLOW_SERVICE] Footprint completado: TRBUSDT | time=1769290500000 | trades=16 | delta=44.5200 | poc=1
2026-01-24 16:36:03 - orderflow_service - INFO - [ORDERFLOW_SERVICE] Footprint completado: TRXUSDT | time=1769290500000 | trades=6 | delta=-1817.0000 | poc=0
2026-01-24 16:36:03 - orderflow_service - INFO - [ORDERFLOW_SERVICE] Footprint completado: ETHUSDT | time=1769290500000 | trades=26 | delta=-44.4000 | poc=0
2026-01-24 16:36:04 - orderflow_service - INFO - [ORDERFLOW_SERVICE] Footprint completado: SOLUSDT | time=1769290500000 | trades=44 | delta=693.1000 | poc=0
2026-01-24 16:36:09 - orderflow_service - INFO - [ORDERFLOW_SERVICE] Footprint completado: SUIUSDT | time=1769290500000 | trades=50 | delta=3440.0000 | poc=4
2026-01-24 16:36:17 - orderflow_service - INFO - [ORDERFLOW_SERVICE] Footprint completado: BNBUSDT | time=1769290500000 | trades=2 | delta=0.3200 | poc=0
2026-01-24 16:36:25 - orderflow_service - INFO - [ORDERFLOW_SERVICE] Footprint completado: DOGEUSDT | time=1769290500000 | trades=21 | delta=40956.0000 | poc=0
2026-01-24 16:36:25 - orderflow_service - INFO - [ORDERFLOW_SERVICE] Footprint completado: POLUSDT | time=1769290500000 | trades=25 | delta=1787.0000 | poc=0
2026-01-24 16:36:25 - orderflow_service - INFO - [ORDERFLOW_SERVICE] Footprint completado: ADAUSDT | time=1769290500000 | trades=5 | delta=71.0000 | poc=0
2026-01-24 16:36:26 - orderflow_service - INFO - [ORDERFLOW_SERVICE] Footprint completado: GALAUSDT | time=1769290500000 | trades=15 | delta=73532.0000 | poc=0
2026-01-24 16:37:01 - orderflow_service - INFO - [ORDERFLOW_SERVICE] Footprint completado: POLUSDT | time=1769290560000 | trades=13 | delta=4279.0000 | poc=0
2026-01-24 16:37:01 - orderflow_service - INFO - [ORDERFLOW_SERVICE] Footprint completado: PAXGUSDT | time=1769290560000 | trades=158 | delta=0.6490 | poc=8
2026-01-24 16:37:02 - orderflow_service - INFO - [ORDERFLOW_SERVICE] Footprint completado: SOLUSDT | time=1769290560000 | trades=99 | delta=-238.2000 | poc=0
2026-01-24 16:37:02 - orderflow_service - INFO - [ORDERFLOW_SERVICE] Footprint completado: ADAUSDT | time=1769290560000 | trades=15 | delta=16174.0000 | poc=0
2026-01-24 16:37:02 - orderflow_service - INFO - [ORDERFLOW_SERVICE] Footprint completado: ETHUSDT | time=1769290560000 | trades=459 | delta=274.9100 | poc=0
2026-01-24 16:37:03 - orderflow_service - INFO - [ORDERFLOW_SERVICE] Footprint completado: XRPUSDT | time=1769290560000 | trades=70 | delta=5642.6000 | poc=0
2026-01-24 16:37:03 - orderflow_service - INFO - [ORDERFLOW_SERVICE] Footprint completado: SUIUSDT | time=1769290560000 | trades=97 | delta=-2920.0000 | poc=5
2026-01-24 16:37:04 - orderflow_service - INFO - [ORDERFLOW_SERVICE] Footprint completado: BNBUSDT | time=1769290560000 | trades=5 | delta=-1.8600 | poc=0
2026-01-24 16:37:07 - orderflow_service - INFO - [ORDERFLOW_SERVICE] Footprint completado: BTCUSDT | time=1769290560000 | trades=190 | delta=2.8870 | poc=0
2026-01-24 16:37:25 - orderflow_service - INFO - [ORDERFLOW_SERVICE] Footprint completado: GALAUSDT | time=1769290560000 | trades=44 | delta=1010034.0000 | poc=0
2026-01-24 16:37:30 - orderflow_service - INFO - [ORDERFLOW_SERVICE] Footprint completado: TRXUSDT | time=1769290560000 | trades=141 | delta=112428.0000 | poc=0
2026-01-24 16:37:38 - orderflow_service - INFO - [ORDERFLOW_SERVICE] Footprint completado: DOGEUSDT | time=1769290560000 | trades=41 | delta=74564.0000 | poc=0
2026-01-24 16:37:45 - orderflow_service - INFO - [ORDERFLOW_SERVICE] Footprint completado: TRBUSDT | time=1769290560000 | trades=7 | delta=2.4400 | poc=0
2026-01-24 16:38:01 - orderflow_service - INFO - [ORDERFLOW_SERVICE] Footprint completado: XRPUSDT | time=1769290620000 | trades=111 | delta=-24492.8000 | poc=0
2026-01-24 16:38:02 - orderflow_service - INFO - [ORDERFLOW_SERVICE] Footprint completado: ETHUSDT | time=1769290620000 | trades=44 | delta=11.8400 | poc=0
2026-01-24 16:38:03 - orderflow_service - INFO - [ORDERFLOW_SERVICE] Footprint completado: BTCUSDT | time=1769290620000 | trades=53 | delta=-2.2030 | poc=0
2026-01-24 16:38:03 - orderflow_service - INFO - [ORDERFLOW_SERVICE] Footprint completado: PAXGUSDT | time=1769290620000 | trades=78 | delta=-2.4640 | poc=8
2026-01-24 16:38:03 - orderflow_service - INFO - [ORDERFLOW_SERVICE] Footprint completado: TRBUSDT | time=1769290620000 | trades=3 | delta=2.7000 | poc=0
2026-01-24 16:38:03 - orderflow_service - INFO - [ORDERFLOW_SERVICE] Footprint completado: SUIUSDT | time=1769290620000 | trades=10 | delta=1370.0000 | poc=0
2026-01-24 16:38:04 - orderflow_service - INFO - [ORDERFLOW_SERVICE] Footprint completado: SOLUSDT | time=1769290620000 | trades=14 | delta=13.2000 | poc=0
2026-01-24 16:38:04 - orderflow_service - INFO - [ORDERFLOW_SERVICE] Footprint completado: DOGEUSDT | time=1769290620000 | trades=8 | delta=-3836.0000 | poc=0
2026-01-24 16:38:04 - orderflow_service - INFO - [ORDERFLOW_SERVICE] Footprint completado: ADAUSDT | time=1769290620000 | trades=6 | delta=-9643.0000 | poc=0
2026-01-24 16:38:05 - orderflow_service - INFO - [ORDERFLOW_SERVICE] Footprint completado: GALAUSDT | time=1769290620000 | trades=4 | delta=-27841.0000 | poc=0
2026-01-24 16:38:06 - orderflow_service - INFO - [ORDERFLOW_SERVICE] Footprint completado: POLUSDT | time=1769290620000 | trades=17 | delta=1808.0000 | poc=0
2026-01-24 16:38:32 - orderflow_service - INFO - [ORDERFLOW_SERVICE] Footprint completado: TRXUSDT | time=1769290620000 | trades=8 | delta=-3295.0000 | poc=0
2026-01-24 16:38:58 - orderflow_service - INFO - [ORDERFLOW_SERVICE] Footprint completado: BNBUSDT | time=1769290620000 | trades=31 | delta=11.6500 | poc=0
2026-01-24 16:39:01 - orderflow_service - INFO - [ORDERFLOW_SERVICE] Footprint completado: XRPUSDT | time=1769290680000 | trades=47 | delta=464.9000 | poc=0
2026-01-24 16:39:01 - orderflow_service - INFO - [ORDERFLOW_SERVICE] Footprint completado: BTCUSDT | time=1769290680000 | trades=62 | delta=0.9570 | poc=5
2026-01-24 16:39:02 - orderflow_service - INFO - [ORDERFLOW_SERVICE] Footprint completado: SUIUSDT | time=1769290680000 | trades=14 | delta=500.0000 | poc=1
2026-01-24 16:39:02 - orderflow_service - INFO - [ORDERFLOW_SERVICE] Footprint completado: TRBUSDT | time=1769290680000 | trades=1 | delta=0.1000 | poc=0
2026-01-24 16:39:02 - orderflow_service - INFO - [ORDERFLOW_SERVICE] Footprint completado: ETHUSDT | time=1769290680000 | trades=63 | delta=24.7100 | poc=0
2026-01-24 16:39:03 - orderflow_service - INFO - [ORDERFLOW_SERVICE] Footprint completado: PAXGUSDT | time=1769290680000 | trades=44 | delta=0.0450 | poc=3
2026-01-24 16:39:03 - orderflow_service - INFO - [ORDERFLOW_SERVICE] Footprint completado: GALAUSDT | time=1769290680000 | trades=11 | delta=153565.0000 | poc=0
2026-01-24 16:39:05 - orderflow_service - INFO - [ORDERFLOW_SERVICE] Footprint completado: SOLUSDT | time=1769290680000 | trades=35 | delta=-101.7000 | poc=0
2026-01-24 16:39:06 - orderflow_service - INFO - [ORDERFLOW_SERVICE] Footprint completado: POLUSDT | time=1769290680000 | trades=30 | delta=-145.0000 | poc=0
2026-01-24 16:39:10 - orderflow_service - INFO - [ORDERFLOW_SERVICE] Footprint completado: DOGEUSDT | time=1769290680000 | trades=19 | delta=4987.0000 | poc=0
2026-01-24 16:39:29 - orderflow_service - INFO - [ORDERFLOW_SERVICE] Footprint completado: ADAUSDT | time=1769290680000 | trades=1 | delta=30.0000 | poc=0
2026-01-24 16:40:01 - orderflow_service - INFO - [ORDERFLOW_SERVICE] Footprint completado: ETHUSDT | time=1769290740000 | trades=39 | delta=43.1700 | poc=0
2026-01-24 16:40:01 - orderflow_service - INFO - [ORDERFLOW_SERVICE] Footprint completado: ETHUSDT | time=1769290500000 | trades=631 | delta=310.2300 | poc=0
2026-01-24 16:40:01 - orderflow_service - INFO - [ORDERFLOW_SERVICE] Footprint completado: XRPUSDT | time=1769290740000 | trades=33 | delta=-4921.3000 | poc=0
2026-01-24 16:40:01 - orderflow_service - INFO - [ORDERFLOW_SERVICE] Footprint completado: XRPUSDT | time=1769290500000 | trades=296 | delta=-20790.5000 | poc=0
2026-01-24 16:40:02 - orderflow_service - INFO - [ORDERFLOW_SERVICE] Footprint completado: SOLUSDT | time=1769290740000 | trades=12 | delta=-3.7000 | poc=0
2026-01-24 16:40:02 - orderflow_service - INFO - [ORDERFLOW_SERVICE] Footprint completado: SOLUSDT | time=1769290500000 | trades=204 | delta=362.7000 | poc=0
2026-01-24 16:40:02 - orderflow_service - INFO - [ORDERFLOW_SERVICE] Footprint completado: ADAUSDT | time=1769290740000 | trades=3 | delta=-365.0000 | poc=0
2026-01-24 16:40:02 - orderflow_service - INFO - [ORDERFLOW_SERVICE] Footprint completado: ADAUSDT | time=1769290500000 | trades=30 | delta=6267.0000 | poc=0
2026-01-24 16:40:02 - orderflow_service - INFO - [ORDERFLOW_SERVICE] Footprint completado: POLUSDT | time=1769290740000 | trades=8 | delta=-1547.0000 | poc=0
2026-01-24 16:40:02 - orderflow_service - INFO - [ORDERFLOW_SERVICE] Footprint completado: POLUSDT | time=1769290500000 | trades=93 | delta=6182.0000 | poc=0
2026-01-24 16:40:03 - orderflow_service - INFO - [ORDERFLOW_SERVICE] Footprint completado: BTCUSDT | time=1769290740000 | trades=23 | delta=-0.0080 | poc=0
2026-01-24 16:40:03 - orderflow_service - INFO - [ORDERFLOW_SERVICE] Footprint completado: BTCUSDT | time=1769290500000 | trades=507 | delta=-5.6720 | poc=1
2026-01-24 16:40:04 - orderflow_service - WARNING - [ORDERFLOW_SERVICE] Error enviando alerta: status=500
2026-01-24 16:40:04 - orderflow_service - INFO - [ORDERFLOW_SERVICE] Footprint completado: PAXGUSDT | time=1769290740000 | trades=52 | delta=0.1350 | poc=5
2026-01-24 16:40:05 - orderflow_service - INFO - [ORDERFLOW_SERVICE] Footprint completado: PAXGUSDT | time=1769290500000 | trades=423 | delta=-0.2900 | poc=12
2026-01-24 16:40:05 - orderflow_service - INFO - [ORDERFLOW_SERVICE] Footprint completado: TRXUSDT | time=1769290680000 | trades=1 | delta=-2.0000 | poc=0
2026-01-24 16:40:05 - orderflow_service - INFO - [ORDERFLOW_SERVICE] Footprint completado: TRXUSDT | time=1769290500000 | trades=156 | delta=107314.0000 | poc=0
2026-01-24 16:40:05 - orderflow_service - INFO - [ORDERFLOW_SERVICE] Footprint completado: GALAUSDT | time=1769290740000 | trades=1 | delta=-49888.0000 | poc=0
2026-01-24 16:40:05 - orderflow_service - INFO - [ORDERFLOW_SERVICE] Footprint completado: GALAUSDT | time=1769290500000 | trades=75 | delta=1159402.0000 | poc=0
2026-01-24 16:40:10 - orderflow_service - INFO - [ORDERFLOW_SERVICE] Footprint completado: SUIUSDT | time=1769290740000 | trades=7 | delta=1000.0000 | poc=1
2026-01-24 16:40:10 - orderflow_service - INFO - [ORDERFLOW_SERVICE] Footprint completado: SUIUSDT | time=1769290500000 | trades=178 | delta=3390.0000 | poc=4
2026-01-24 16:40:11 - orderflow_service - WARNING - [ORDERFLOW_SERVICE] Error enviando alerta: status=500
2026-01-24 16:40:13 - orderflow_service - INFO - [ORDERFLOW_SERVICE] Footprint completado: DOGEUSDT | time=1769290740000 | trades=20 | delta=-32196.0000 | poc=0
2026-01-24 16:40:13 - orderflow_service - INFO - [ORDERFLOW_SERVICE] Footprint completado: DOGEUSDT | time=1769290500000 | trades=109 | delta=84475.0000 | poc=0
2026-01-24 16:40:31 - orderflow_service - INFO - [ORDERFLOW_SERVICE] Footprint completado: BNBUSDT | time=1769290680000 | trades=1 | delta=-0.3300 | poc=0
2026-01-24 16:40:31 - orderflow_service - INFO - [ORDERFLOW_SERVICE] Footprint completado: BNBUSDT | time=1769290500000 | trades=39 | delta=9.7800 | poc=0
2026-01-24 16:40:34 - orderflow_service - INFO - [ORDERFLOW_SERVICE] Footprint completado: TRBUSDT | time=1769290740000 | trades=6 | delta=-3.2400 | poc=3
2026-01-24 16:40:34 - orderflow_service - INFO - [ORDERFLOW_SERVICE] Footprint completado: TRBUSDT | time=1769290500000 | trades=33 | delta=46.5200 | poc=1
2026-01-24 16:41:01 - orderflow_service - INFO - [ORDERFLOW_SERVICE] Footprint completado: POLUSDT | time=1769290800000 | trades=4 | delta=-167.0000 | poc=0
2026-01-24 16:41:01 - orderflow_service - INFO - [ORDERFLOW_SERVICE] Footprint completado: SOLUSDT | time=1769290800000 | trades=31 | delta=-69.1000 | poc=0
2026-01-24 16:41:02 - orderflow_service - INFO - [ORDERFLOW_SERVICE] Footprint completado: PAXGUSDT | time=1769290800000 | trades=95 | delta=0.2780 | poc=3
2026-01-24 16:41:02 - orderflow_service - INFO - [ORDERFLOW_SERVICE] Footprint completado: ADAUSDT | time=1769290800000 | trades=3 | delta=-92.0000 | poc=0
2026-01-24 16:41:02 - orderflow_service - INFO - [ORDERFLOW_SERVICE] Footprint completado: XRPUSDT | time=1769290800000 | trades=215 | delta=196668.5000 | poc=0
2026-01-24 16:41:02 - orderflow_service - INFO - [ORDERFLOW_SERVICE] Footprint completado: ETHUSDT | time=1769290800000 | trades=153 | delta=136.8200 | poc=1
2026-01-24 16:41:04 - orderflow_service - INFO - [ORDERFLOW_SERVICE] Footprint completado: BTCUSDT | time=1769290800000 | trades=9 | delta=0.0130 | poc=0
2026-01-24 16:41:04 - orderflow_service - INFO - [ORDERFLOW_SERVICE] Footprint completado: BNBUSDT | time=1769290800000 | trades=2 | delta=-0.0400 | poc=0
2026-01-24 16:41:04 - orderflow_service - INFO - [ORDERFLOW_SERVICE] Footprint completado: GALAUSDT | time=1769290800000 | trades=37 | delta=446396.0000 | poc=0
2026-01-24 16:41:09 - orderflow_service - INFO - [ORDERFLOW_SERVICE] Footprint completado: DOGEUSDT | time=1769290800000 | trades=16 | delta=12198.0000 | poc=0
2026-01-24 16:41:12 - orderflow_service - INFO - [ORDERFLOW_SERVICE] Footprint completado: SUIUSDT | time=1769290800000 | trades=33 | delta=980.0000 | poc=2
2026-01-24 16:41:15 - orderflow_service - INFO - [ORDERFLOW_SERVICE] Footprint completado: TRBUSDT | time=1769290800000 | trades=2 | delta=0.7900 | poc=0
2026-01-24 16:41:29 - orderflow_service - INFO - [ORDERFLOW_SERVICE] Footprint completado: TRXUSDT | time=1769290800000 | trades=3 | delta=-694.0000 | poc=0
2026-01-24 16:42:01 - orderflow_service - INFO - [ORDERFLOW_SERVICE] Footprint completado: TRBUSDT | time=1769290860000 | trades=4 | delta=1.4900 | poc=2
2026-01-24 16:42:01 - orderflow_service - INFO - [ORDERFLOW_SERVICE] Footprint completado: POLUSDT | time=1769290860000 | trades=53 | delta=30350.0000 | poc=0
2026-01-24 16:42:01 - orderflow_service - INFO - [ORDERFLOW_SERVICE] Footprint completado: SOLUSDT | time=1769290860000 | trades=64 | delta=-65.0000 | poc=0
2026-01-24 16:42:02 - orderflow_service - INFO - [ORDERFLOW_SERVICE] Footprint completado: PAXGUSDT | time=1769290860000 | trades=53 | delta=-0.0920 | poc=4
2026-01-24 16:42:02 - orderflow_service - INFO - [ORDERFLOW_SERVICE] Footprint completado: SUIUSDT | time=1769290860000 | trades=78 | delta=-5580.0000 | poc=3
2026-01-24 16:42:02 - orderflow_service - INFO - [ORDERFLOW_SERVICE] Footprint completado: ADAUSDT | time=1769290860000 | trades=21 | delta=25721.0000 | poc=0
2026-01-24 16:42:02 - orderflow_service - INFO - [ORDERFLOW_SERVICE] Footprint completado: ETHUSDT | time=1769290860000 | trades=132 | delta=22.6500 | poc=0
2026-01-24 16:42:02 - orderflow_service - INFO - [ORDERFLOW_SERVICE] Footprint completado: XRPUSDT | time=1769290860000 | trades=45 | delta=228.8000 | poc=0
2026-01-24 16:42:03 - orderflow_service - INFO - [ORDERFLOW_SERVICE] Footprint completado: GALAUSDT | time=1769290860000 | trades=89 | delta=1493257.0000 | poc=0
2026-01-24 16:42:03 - orderflow_service - INFO - [ORDERFLOW_SERVICE] Footprint completado: BNBUSDT | time=1769290860000 | trades=27 | delta=3.6200 | poc=0
2026-01-24 16:42:03 - orderflow_service - INFO - [ORDERFLOW_SERVICE] Footprint completado: BTCUSDT | time=1769290860000 | trades=160 | delta=0.4330 | poc=0
2026-01-24 16:42:03 - orderflow_service - INFO - [ORDERFLOW_SERVICE] Footprint completado: DOGEUSDT | time=1769290860000 | trades=30 | delta=72030.0000 | poc=0
2026-01-24 16:43:01 - orderflow_service - INFO - [ORDERFLOW_SERVICE] Footprint completado: POLUSDT | time=1769290920000 | trades=62 | delta=14615.0000 | poc=0
2026-01-24 16:43:02 - orderflow_service - INFO - [ORDERFLOW_SERVICE] Footprint completado: BTCUSDT | time=1769290920000 | trades=74 | delta=0.5980 | poc=1
2026-01-24 16:43:02 - orderflow_service - INFO - [ORDERFLOW_SERVICE] Footprint completado: XRPUSDT | time=1769290920000 | trades=51 | delta=4091.5000 | poc=0
2026-01-24 16:43:02 - orderflow_service - INFO - [ORDERFLOW_SERVICE] Footprint completado: GALAUSDT | time=1769290920000 | trades=27 | delta=-1161.0000 | poc=0
2026-01-24 16:43:03 - orderflow_service - INFO - [ORDERFLOW_SERVICE] Footprint completado: TRBUSDT | time=1769290920000 | trades=4 | delta=2.2000 | poc=4
2026-01-24 16:43:03 - orderflow_service - INFO - [ORDERFLOW_SERVICE] Footprint completado: PAXGUSDT | time=1769290920000 | trades=51 | delta=0.6540 | poc=3
2026-01-24 16:43:04 - orderflow_service - INFO - [ORDERFLOW_SERVICE] Footprint completado: ETHUSDT | time=1769290920000 | trades=129 | delta=33.6600 | poc=0
2026-01-24 16:43:04 - orderflow_service - INFO - [ORDERFLOW_SERVICE] Footprint completado: SOLUSDT | time=1769290920000 | trades=6 | delta=3.0000 | poc=0
2026-01-24 16:43:04 - orderflow_service - INFO - [ORDERFLOW_SERVICE] Footprint completado: ADAUSDT | time=1769290920000 | trades=27 | delta=8188.0000 | poc=0
2026-01-24 16:43:13 - orderflow_service - INFO - [ORDERFLOW_SERVICE] Footprint completado: SUIUSDT | time=1769290920000 | trades=7 | delta=160.0000 | poc=2
2026-01-24 16:43:25 - orderflow_service - INFO - [ORDERFLOW_SERVICE] Footprint completado: BNBUSDT | time=1769290920000 | trades=7 | delta=0.6300 | poc=0
2026-01-24 16:43:41 - orderflow_service - INFO - [ORDERFLOW_SERVICE] Footprint completado: DOGEUSDT | time=1769290920000 | trades=34 | delta=28359.0000 | poc=0
2026-01-24 16:44:01 - orderflow_service - INFO - [ORDERFLOW_SERVICE] Footprint completado: XRPUSDT | time=1769290980000 | trades=53 | delta=3146.7000 | poc=0
2026-01-24 16:44:01 - orderflow_service - INFO - [ORDERFLOW_SERVICE] Footprint completado: BTCUSDT | time=1769290980000 | trades=48 | delta=-0.7490 | poc=0
2026-01-24 16:44:02 - orderflow_service - INFO - [ORDERFLOW_SERVICE] Footprint completado: GALAUSDT | time=1769290980000 | trades=21 | delta=-829723.0000 | poc=0
2026-01-24 16:44:02 - orderflow_service - INFO - [ORDERFLOW_SERVICE] Footprint completado: PAXGUSDT | time=1769290980000 | trades=71 | delta=-0.3380 | poc=4
2026-01-24 16:44:02 - orderflow_service - INFO - [ORDERFLOW_SERVICE] Footprint completado: SOLUSDT | time=1769290980000 | trades=51 | delta=202.9000 | poc=0
2026-01-24 16:44:02 - orderflow_service - INFO - [ORDERFLOW_SERVICE] Footprint completado: SUIUSDT | time=1769290980000 | trades=4 | delta=-1700.0000 | poc=0
2026-01-24 16:44:02 - orderflow_service - INFO - [ORDERFLOW_SERVICE] Footprint completado: TRXUSDT | time=1769290860000 | trades=34 | delta=6008.0000 | poc=0
2026-01-24 16:44:02 - orderflow_service - INFO - [ORDERFLOW_SERVICE] Footprint completado: ETHUSDT | time=1769290980000 | trades=144 | delta=-92.8000 | poc=0
2026-01-24 16:44:03 - orderflow_service - INFO - [ORDERFLOW_SERVICE] Footprint completado: TRBUSDT | time=1769290980000 | trades=29 | delta=35.9100 | poc=0
2026-01-24 16:44:03 - orderflow_service - INFO - [ORDERFLOW_SERVICE] Footprint completado: DOGEUSDT | time=1769290980000 | trades=3 | delta=-16787.0000 | poc=0
2026-01-24 16:44:03 - orderflow_service - INFO - [ORDERFLOW_SERVICE] Footprint completado: POLUSDT | time=1769290980000 | trades=17 | delta=1172.0000 | poc=0
2026-01-24 16:44:13 - orderflow_service - INFO - [ORDERFLOW_SERVICE] Footprint completado: ADAUSDT | time=1769290980000 | trades=7 | delta=1915.0000 | poc=0
2026-01-24 16:44:17 - orderflow_service - INFO - [ORDERFLOW_SERVICE] Footprint completado: BNBUSDT | time=1769290980000 | trades=19 | delta=6.4200 | poc=0
2026-01-24 16:45:01 - orderflow_service - INFO - [ORDERFLOW_SERVICE] Footprint completado: XRPUSDT | time=1769291040000 | trades=313 | delta=83821.3000 | poc=0
2026-01-24 16:45:01 - orderflow_service - INFO - [ORDERFLOW_SERVICE] Footprint completado: XRPUSDT | time=1769290800000 | trades=677 | delta=287956.8000 | poc=1
2026-01-24 16:45:01 - orderflow_service - INFO - [ORDERFLOW_SERVICE] Footprint completado: SUIUSDT | time=1769291040000 | trades=179 | delta=3100.0000 | poc=13
2026-01-24 16:45:01 - orderflow_service - INFO - [ORDERFLOW_SERVICE] Footprint completado: SUIUSDT | time=1769290800000 | trades=301 | delta=-3040.0000 | poc=22
2026-01-24 16:45:01 - orderflow_service - INFO - [ORDERFLOW_SERVICE] Footprint completado: ADAUSDT | time=1769291040000 | trades=191 | delta=204347.0000 | poc=0
2026-01-24 16:45:01 - orderflow_service - INFO - [ORDERFLOW_SERVICE] Footprint completado: ADAUSDT | time=1769290800000 | trades=249 | delta=240079.0000 | poc=0
2026-01-24 16:45:01 - orderflow_service - INFO - [ORDERFLOW_SERVICE] Footprint completado: DOGEUSDT | time=1769291040000 | trades=241 | delta=1199809.0000 | poc=0
2026-01-24 16:45:01 - orderflow_service - INFO - [ORDERFLOW_SERVICE] Footprint completado: DOGEUSDT | time=1769290800000 | trades=324 | delta=1295609.0000 | poc=0
2026-01-24 16:45:02 - orderflow_service - INFO - [ORDERFLOW_SERVICE] Footprint completado: POLUSDT | time=1769291040000 | trades=154 | delta=38428.0000 | poc=0
2026-01-24 16:45:02 - orderflow_service - INFO - [ORDERFLOW_SERVICE] Footprint completado: POLUSDT | time=1769290800000 | trades=290 | delta=84398.0000 | poc=0
2026-01-24 16:45:02 - orderflow_service - INFO - [ORDERFLOW_SERVICE] Footprint completado: SOLUSDT | time=1769291040000 | trades=235 | delta=-1402.8000 | poc=0
2026-01-24 16:45:02 - orderflow_service - INFO - [ORDERFLOW_SERVICE] Footprint completado: SOLUSDT | time=1769290800000 | trades=387 | delta=-1331.0000 | poc=0
2026-01-24 16:45:02 - orderflow_service - INFO - [ORDERFLOW_SERVICE] Footprint completado: BNBUSDT | time=1769291040000 | trades=35 | delta=14.2200 | poc=0
2026-01-24 16:45:02 - orderflow_service - INFO - [ORDERFLOW_SERVICE] Footprint completado: BNBUSDT | time=1769290800000 | trades=90 | delta=24.8500 | poc=0
2026-01-24 16:45:02 - orderflow_service - INFO - [ORDERFLOW_SERVICE] Footprint completado: TRBUSDT | time=1769291040000 | trades=25 | delta=18.8700 | poc=9
2026-01-24 16:45:02 - orderflow_service - INFO - [ORDERFLOW_SERVICE] Footprint completado: TRBUSDT | time=1769290800000 | trades=64 | delta=59.2600 | poc=11
2026-01-24 16:45:02 - orderflow_service - INFO - [ORDERFLOW_SERVICE] Footprint completado: ETHUSDT | time=1769291040000 | trades=1315 | delta=752.0700 | poc=1
2026-01-24 16:45:02 - orderflow_service - INFO - [ORDERFLOW_SERVICE] Footprint completado: ETHUSDT | time=1769290800000 | trades=1873 | delta=852.4000 | poc=2
2026-01-24 16:45:03 - orderflow_service - INFO - [ORDERFLOW_SERVICE] Footprint completado: BTCUSDT | time=1769291040000 | trades=386 | delta=7.5170 | poc=15
2026-01-24 16:45:03 - footprint_calculator - WARNING - Max levels reached for candle 89284.9-89336.3 with step 1.0
2026-01-24 16:45:03 - orderflow_service - INFO - [ORDERFLOW_SERVICE] Footprint completado: BTCUSDT | time=1769290800000 | trades=677 | delta=7.8120 | poc=41
2026-01-24 16:45:03 - orderflow_service - INFO - [ORDERFLOW_SERVICE] Footprint completado: GALAUSDT | time=1769291040000 | trades=130 | delta=2975140.0000 | poc=0
2026-01-24 16:45:03 - orderflow_service - INFO - [ORDERFLOW_SERVICE] Footprint completado: GALAUSDT | time=1769290800000 | trades=304 | delta=4083909.0000 | poc=0
2026-01-24 16:45:04 - orderflow_service - INFO - [ORDERFLOW_SERVICE] Footprint completado: PAXGUSDT | time=1769291040000 | trades=14 | delta=-0.0750 | poc=1
2026-01-24 16:45:04 - orderflow_service - INFO - [ORDERFLOW_SERVICE] Footprint completado: PAXGUSDT | time=1769290800000 | trades=284 | delta=0.4270 | poc=6
2026-01-24 16:45:05 - orderflow_service - WARNING - [ORDERFLOW_SERVICE] Error enviando alerta: status=500
2026-01-24 16:45:05 - orderflow_service - INFO - [ORDERFLOW_SERVICE] Footprint completado: TRXUSDT | time=1769291040000 | trades=166 | delta=-230446.0000 | poc=0
2026-01-24 16:45:05 - orderflow_service - INFO - [ORDERFLOW_SERVICE] Footprint completado: TRXUSDT | time=1769290800000 | trades=203 | delta=-225132.0000 | poc=0
2026-01-24 16:46:01 - orderflow_service - INFO - [ORDERFLOW_SERVICE] Footprint completado: BTCUSDT | time=1769291100000 | trades=250 | delta=-2.5320 | poc=20
2026-01-24 16:46:01 - orderflow_service - INFO - [ORDERFLOW_SERVICE] Footprint completado: POLUSDT | time=1769291100000 | trades=66 | delta=-22342.0000 | poc=0
2026-01-24 16:46:02 - orderflow_service - INFO - [ORDERFLOW_SERVICE] Footprint completado: PAXGUSDT | time=1769291100000 | trades=124 | delta=-1.1980 | poc=8
2026-01-24 16:46:02 - orderflow_service - INFO - [ORDERFLOW_SERVICE] Footprint completado: TRXUSDT | time=1769291100000 | trades=124 | delta=-5955.0000 | poc=0
2026-01-24 16:46:02 - orderflow_service - INFO - [ORDERFLOW_SERVICE] Footprint completado: XRPUSDT | time=1769291100000 | trades=74 | delta=8973.9000 | poc=0
2026-01-24 16:46:03 - orderflow_service - INFO - [ORDERFLOW_SERVICE] Footprint completado: DOGEUSDT | time=1769291100000 | trades=136 | delta=-184947.0000 | poc=0
2026-01-24 16:46:03 - orderflow_service - INFO - [ORDERFLOW_SERVICE] Footprint completado: ETHUSDT | time=1769291100000 | trades=390 | delta=-66.8600 | poc=0
2026-01-24 16:46:03 - orderflow_service - INFO - [ORDERFLOW_SERVICE] Footprint completado: SOLUSDT | time=1769291100000 | trades=202 | delta=-1231.3000 | poc=0
2026-01-24 16:46:04 - orderflow_service - INFO - [ORDERFLOW_SERVICE] Limpieza periodica: 5 footprints eliminados
2026-01-24 16:46:05 - orderflow_service - INFO - [ORDERFLOW_SERVICE] Footprint completado: GALAUSDT | time=1769291100000 | trades=56 | delta=-406058.0000 | poc=0
2026-01-24 16:46:06 - orderflow_service - INFO - [ORDERFLOW_SERVICE] Footprint completado: TRBUSDT | time=1769291100000 | trades=17 | delta=-24.9000 | poc=1
2026-01-24 16:46:11 - orderflow_service - INFO - [ORDERFLOW_SERVICE] Footprint completado: SUIUSDT | time=1769291100000 | trades=75 | delta=-2050.0000 | poc=2
2026-01-24 16:46:48 - orderflow_service - INFO - [ORDERFLOW_SERVICE] Footprint completado: ADAUSDT | time=1769291100000 | trades=25 | delta=-5658.0000 | poc=0
2026-01-24 16:46:51 - orderflow_service - INFO - [ORDERFLOW_SERVICE] Footprint completado: BNBUSDT | time=1769291100000 | trades=28 | delta=-7.0100 | poc=0
2026-01-24 16:47:02 - orderflow_service - INFO - [ORDERFLOW_SERVICE] Footprint completado: BTCUSDT | time=1769291160000 | trades=99 | delta=-2.6890 | poc=8
2026-01-24 16:47:02 - orderflow_service - INFO - [ORDERFLOW_SERVICE] Footprint completado: GALAUSDT | time=1769291160000 | trades=7 | delta=-6660.0000 | poc=0
2026-01-24 16:47:02 - orderflow_service - INFO - [ORDERFLOW_SERVICE] Footprint completado: PAXGUSDT | time=1769291160000 | trades=29 | delta=0.2660 | poc=2
2026-01-24 16:47:02 - orderflow_service - INFO - [ORDERFLOW_SERVICE] Footprint completado: ETHUSDT | time=1769291160000 | trades=158 | delta=-140.7400 | poc=0
2026-01-24 16:47:02 - orderflow_service - INFO - [ORDERFLOW_SERVICE] Footprint completado: ADAUSDT | time=1769291160000 | trades=2 | delta=-87.0000 | poc=0
2026-01-24 16:47:03 - orderflow_service - INFO - [ORDERFLOW_SERVICE] Footprint completado: SOLUSDT | time=1769291160000 | trades=64 | delta=165.6000 | poc=0
2026-01-24 16:47:04 - orderflow_service - INFO - [ORDERFLOW_SERVICE] Footprint completado: POLUSDT | time=1769291160000 | trades=141 | delta=-126550.0000 | poc=0
2026-01-24 16:47:04 - orderflow_service - INFO - [ORDERFLOW_SERVICE] Footprint completado: XRPUSDT | time=1769291160000 | trades=16 | delta=-1098.0000 | poc=0
2026-01-24 16:47:06 - orderflow_service - INFO - [ORDERFLOW_SERVICE] Footprint completado: DOGEUSDT | time=1769291160000 | trades=97 | delta=14943.0000 | poc=0
2026-01-24 16:47:08 - orderflow_service - INFO - [ORDERFLOW_SERVICE] Footprint completado: TRXUSDT | time=1769291160000 | trades=13 | delta=1007.0000 | poc=0
2026-01-24 16:47:28 - orderflow_service - INFO - [ORDERFLOW_SERVICE] Footprint completado: SUIUSDT | time=1769291160000 | trades=37 | delta=7860.0000 | poc=4
2026-01-24 16:47:29 - orderflow_service - INFO - [ORDERFLOW_SERVICE] Footprint completado: TRBUSDT | time=1769291160000 | trades=11 | delta=8.5200 | poc=0
2026-01-24 16:48:01 - orderflow_service - INFO - [ORDERFLOW_SERVICE] Footprint completado: SOLUSDT | time=1769291220000 | trades=87 | delta=183.0000 | poc=0
2026-01-24 16:48:02 - orderflow_service - INFO - [ORDERFLOW_SERVICE] Footprint completado: PAXGUSDT | time=1769291220000 | trades=78 | delta=-3.6450 | poc=5
2026-01-24 16:48:02 - orderflow_service - INFO - [ORDERFLOW_SERVICE] Footprint completado: DOGEUSDT | time=1769291220000 | trades=15 | delta=22399.0000 | poc=0
2026-01-24 16:48:02 - orderflow_service - INFO - [ORDERFLOW_SERVICE] Footprint completado: XRPUSDT | time=1769291220000 | trades=42 | delta=5743.4000 | poc=0
2026-01-24 16:48:02 - orderflow_service - INFO - [ORDERFLOW_SERVICE] Footprint completado: BTCUSDT | time=1769291220000 | trades=162 | delta=-0.1050 | poc=20
2026-01-24 16:48:03 - orderflow_service - INFO - [ORDERFLOW_SERVICE] Footprint completado: TRBUSDT | time=1769291220000 | trades=5 | delta=-5.8500 | poc=2
2026-01-24 16:48:03 - orderflow_service - INFO - [ORDERFLOW_SERVICE] Footprint completado: SUIUSDT | time=1769291220000 | trades=34 | delta=60.0000 | poc=4
2026-01-24 16:48:04 - orderflow_service - INFO - [ORDERFLOW_SERVICE] Footprint completado: ETHUSDT | time=1769291220000 | trades=365 | delta=-122.5400 | poc=1
2026-01-24 16:48:04 - orderflow_service - INFO - [ORDERFLOW_SERVICE] Footprint completado: ADAUSDT | time=1769291220000 | trades=1 | delta=-29.0000 | poc=0
2026-01-24 16:48:04 - orderflow_service - INFO - [ORDERFLOW_SERVICE] Footprint completado: TRXUSDT | time=1769291220000 | trades=2 | delta=40.0000 | poc=0
2026-01-24 16:48:04 - orderflow_service - INFO - [ORDERFLOW_SERVICE] Footprint completado: GALAUSDT | time=1769291220000 | trades=25 | delta=-24398.0000 | poc=0
2026-01-24 16:48:05 - orderflow_service - INFO - [ORDERFLOW_SERVICE] Footprint completado: POLUSDT | time=1769291220000 | trades=55 | delta=10582.0000 | poc=0
2026-01-24 16:48:20 - orderflow_service - INFO - [ORDERFLOW_SERVICE] Footprint completado: BNBUSDT | time=1769291160000 | trades=1 | delta=-0.0200 | poc=0
2026-01-24 16:49:01 - orderflow_service - INFO - [ORDERFLOW_SERVICE] Footprint completado: ETHUSDT | time=1769291280000 | trades=282 | delta=-166.3300 | poc=0
2026-01-24 16:49:01 - orderflow_service - INFO - [ORDERFLOW_SERVICE] Footprint completado: XRPUSDT | time=1769291280000 | trades=68 | delta=-1164.2000 | poc=0
2026-01-24 16:49:02 - orderflow_service - INFO - [ORDERFLOW_SERVICE] Footprint completado: PAXGUSDT | time=1769291280000 | trades=306 | delta=-33.7160 | poc=0
2026-01-24 16:49:03 - orderflow_service - INFO - [ORDERFLOW_SERVICE] Footprint completado: SOLUSDT | time=1769291280000 | trades=80 | delta=-517.3000 | poc=0
2026-01-24 16:49:05 - orderflow_service - INFO - [ORDERFLOW_SERVICE] Footprint completado: BTCUSDT | time=1769291280000 | trades=354 | delta=-0.7680 | poc=35
2026-01-24 16:49:05 - orderflow_service - INFO - [ORDERFLOW_SERVICE] Footprint completado: BNBUSDT | time=1769291280000 | trades=6 | delta=0.6400 | poc=0
2026-01-24 16:49:07 - orderflow_service - INFO - [ORDERFLOW_SERVICE] Footprint completado: DOGEUSDT | time=1769291280000 | trades=84 | delta=82425.0000 | poc=0
2026-01-24 16:49:13 - orderflow_service - INFO - [ORDERFLOW_SERVICE] Footprint completado: TRXUSDT | time=1769291280000 | trades=16 | delta=1617.0000 | poc=0
2026-01-24 16:49:15 - orderflow_service - INFO - [ORDERFLOW_SERVICE] Footprint completado: POLUSDT | time=1769291280000 | trades=107 | delta=-61062.0000 | poc=0
2026-01-24 16:49:15 - orderflow_service - INFO - [ORDERFLOW_SERVICE] Footprint completado: ADAUSDT | time=1769291280000 | trades=19 | delta=-29719.0000 | poc=0
2026-01-24 16:49:20 - orderflow_service - INFO - [ORDERFLOW_SERVICE] Footprint completado: SUIUSDT | time=1769291280000 | trades=62 | delta=190.0000 | poc=1
2026-01-24 16:49:20 - orderflow_service - INFO - [ORDERFLOW_SERVICE] Footprint completado: GALAUSDT | time=1769291280000 | trades=38 | delta=245365.0000 | poc=0
2026-01-24 16:49:22 - orderflow_service - INFO - [ORDERFLOW_SERVICE] Footprint completado: TRBUSDT | time=1769291280000 | trades=11 | delta=9.1900 | poc=0
2026-01-24 16:50:02 - orderflow_service - INFO - [ORDERFLOW_SERVICE] Footprint completado: DOGEUSDT | time=1769291340000 | trades=75 | delta=78622.0000 | poc=0
2026-01-24 16:50:02 - orderflow_service - INFO - [ORDERFLOW_SERVICE] Footprint completado: DOGEUSDT | time=1769291100000 | trades=407 | delta=13442.0000 | poc=0
2026-01-24 16:50:02 - orderflow_service - INFO - [ORDERFLOW_SERVICE] Footprint completado: PAXGUSDT | time=1769291340000 | trades=131 | delta=-5.2000 | poc=4
2026-01-24 16:50:02 - orderflow_service - INFO - [ORDERFLOW_SERVICE] Footprint completado: PAXGUSDT | time=1769291100000 | trades=668 | delta=-43.4930 | poc=2
2026-01-24 16:50:03 - orderflow_service - WARNING - [ORDERFLOW_SERVICE] Error enviando alerta: status=500
2026-01-24 16:50:03 - orderflow_service - INFO - [ORDERFLOW_SERVICE] Footprint completado: ETHUSDT | time=1769291340000 | trades=133 | delta=-90.2700 | poc=0
2026-01-24 16:50:03 - orderflow_service - INFO - [ORDERFLOW_SERVICE] Footprint completado: ETHUSDT | time=1769291100000 | trades=1328 | delta=-586.7400 | poc=0
2026-01-24 16:50:04 - orderflow_service - INFO - [ORDERFLOW_SERVICE] Footprint completado: SOLUSDT | time=1769291340000 | trades=36 | delta=32.8000 | poc=0
2026-01-24 16:50:04 - orderflow_service - INFO - [ORDERFLOW_SERVICE] Footprint completado: SOLUSDT | time=1769291100000 | trades=469 | delta=-1367.2000 | poc=0
2026-01-24 16:50:04 - orderflow_service - INFO - [ORDERFLOW_SERVICE] Footprint completado: POLUSDT | time=1769291340000 | trades=44 | delta=35154.0000 | poc=0
2026-01-24 16:50:04 - orderflow_service - INFO - [ORDERFLOW_SERVICE] Footprint completado: POLUSDT | time=1769291100000 | trades=413 | delta=-164218.0000 | poc=0
2026-01-24 16:50:04 - orderflow_service - INFO - [ORDERFLOW_SERVICE] Footprint completado: GALAUSDT | time=1769291340000 | trades=36 | delta=-138587.0000 | poc=0
2026-01-24 16:50:04 - orderflow_service - INFO - [ORDERFLOW_SERVICE] Footprint completado: GALAUSDT | time=1769291100000 | trades=162 | delta=-330338.0000 | poc=0
2026-01-24 16:50:06 - orderflow_service - INFO - [ORDERFLOW_SERVICE] Footprint completado: BTCUSDT | time=1769291340000 | trades=101 | delta=-0.3630 | poc=7
2026-01-24 16:50:06 - footprint_calculator - WARNING - Max levels reached for candle 89280.0-89336.2 with step 1.0
2026-01-24 16:50:06 - orderflow_service - INFO - [ORDERFLOW_SERVICE] Footprint completado: BTCUSDT | time=1769291100000 | trades=966 | delta=-6.4570 | poc=17
2026-01-24 16:50:08 - orderflow_service - WARNING - [ORDERFLOW_SERVICE] Error enviando alerta: status=500
2026-01-24 16:50:08 - orderflow_service - INFO - [ORDERFLOW_SERVICE] Footprint completado: XRPUSDT | time=1769291340000 | trades=37 | delta=2475.0000 | poc=0
2026-01-24 16:50:08 - orderflow_service - INFO - [ORDERFLOW_SERVICE] Footprint completado: XRPUSDT | time=1769291100000 | trades=237 | delta=14930.1000 | poc=0
2026-01-24 16:50:17 - orderflow_service - INFO - [ORDERFLOW_SERVICE] Footprint completado: SUIUSDT | time=1769291340000 | trades=10 | delta=-2030.0000 | poc=1
2026-01-24 16:50:17 - orderflow_service - INFO - [ORDERFLOW_SERVICE] Footprint completado: SUIUSDT | time=1769291100000 | trades=218 | delta=4030.0000 | poc=7
2026-01-24 16:50:17 - orderflow_service - INFO - [ORDERFLOW_SERVICE] Footprint completado: TRBUSDT | time=1769291340000 | trades=5 | delta=0.6600 | poc=0
2026-01-24 16:50:17 - orderflow_service - INFO - [ORDERFLOW_SERVICE] Footprint completado: TRBUSDT | time=1769291100000 | trades=49 | delta=-12.3800 | poc=1
2026-01-24 16:50:19 - orderflow_service - WARNING - [ORDERFLOW_SERVICE] Error enviando alerta: status=500
2026-01-24 16:50:19 - orderflow_service - INFO - [ORDERFLOW_SERVICE] Footprint completado: ADAUSDT | time=1769291340000 | trades=26 | delta=7445.0000 | poc=0
2026-01-24 16:50:19 - orderflow_service - INFO - [ORDERFLOW_SERVICE] Footprint completado: ADAUSDT | time=1769291100000 | trades=73 | delta=-28048.0000 | poc=0
2026-01-24 16:50:33 - orderflow_service - INFO - [ORDERFLOW_SERVICE] Footprint completado: TRXUSDT | time=1769291340000 | trades=42 | delta=39580.0000 | poc=0
2026-01-24 16:50:33 - orderflow_service - INFO - [ORDERFLOW_SERVICE] Footprint completado: TRXUSDT | time=1769291100000 | trades=197 | delta=36289.0000 | poc=0
2026-01-24 16:50:34 - orderflow_service - INFO - [ORDERFLOW_SERVICE] Footprint completado: BNBUSDT | time=1769291340000 | trades=3 | delta=-0.0200 | poc=0
2026-01-24 16:50:34 - orderflow_service - INFO - [ORDERFLOW_SERVICE] Footprint completado: BNBUSDT | time=1769291100000 | trades=38 | delta=-6.4100 | poc=0
2026-01-24 16:51:01 - orderflow_service - INFO - [ORDERFLOW_SERVICE] Footprint completado: GALAUSDT | time=1769291400000 | trades=49 | delta=17758.0000 | poc=0
2026-01-24 16:51:01 - orderflow_service - INFO - [ORDERFLOW_SERVICE] Footprint completado: POLUSDT | time=1769291400000 | trades=344 | delta=301272.0000 | poc=0
2026-01-24 16:51:02 - orderflow_service - INFO - [ORDERFLOW_SERVICE] Footprint completado: PAXGUSDT | time=1769291400000 | trades=59 | delta=1.8390 | poc=5
2026-01-24 16:51:02 - orderflow_service - INFO - [ORDERFLOW_SERVICE] Footprint completado: DOGEUSDT | time=1769291400000 | trades=23 | delta=-10749.0000 | poc=0
2026-01-24 16:51:02 - orderflow_service - INFO - [ORDERFLOW_SERVICE] Footprint completado: XRPUSDT | time=1769291400000 | trades=44 | delta=-5241.9000 | poc=0
2026-01-24 16:51:02 - orderflow_service - INFO - [ORDERFLOW_SERVICE] Footprint completado: SOLUSDT | time=1769291400000 | trades=44 | delta=508.8000 | poc=0
2026-01-24 16:51:03 - orderflow_service - INFO - [ORDERFLOW_SERVICE] Footprint completado: TRBUSDT | time=1769291400000 | trades=10 | delta=5.4600 | poc=0
2026-01-24 16:51:03 - orderflow_service - INFO - [ORDERFLOW_SERVICE] Footprint completado: ETHUSDT | time=1769291400000 | trades=160 | delta=-137.2800 | poc=0
2026-01-24 16:51:03 - orderflow_service - INFO - [ORDERFLOW_SERVICE] Footprint completado: SUIUSDT | time=1769291400000 | trades=12 | delta=-780.0000 | poc=2
2026-01-24 16:51:04 - orderflow_service - INFO - [ORDERFLOW_SERVICE] Footprint completado: ADAUSDT | time=1769291400000 | trades=18 | delta=-6387.0000 | poc=0
2026-01-24 16:51:06 - orderflow_service - INFO - [ORDERFLOW_SERVICE] Footprint completado: BTCUSDT | time=1769291400000 | trades=53 | delta=0.4420 | poc=0
2026-01-24 16:51:13 - orderflow_service - INFO - [ORDERFLOW_SERVICE] Footprint completado: BNBUSDT | time=1769291400000 | trades=1 | delta=-0.0200 | poc=0
2026-01-24 16:51:27 - orderflow_service - INFO - [ORDERFLOW_SERVICE] Footprint completado: TRXUSDT | time=1769291400000 | trades=33 | delta=8030.0000 | poc=0
2026-01-24 16:52:01 - orderflow_service - INFO - [ORDERFLOW_SERVICE] Footprint completado: PAXGUSDT | time=1769291460000 | trades=64 | delta=1.6820 | poc=2
2026-01-24 16:52:02 - orderflow_service - INFO - [ORDERFLOW_SERVICE] Footprint completado: SOLUSDT | time=1769291460000 | trades=59 | delta=-541.2000 | poc=0
2026-01-24 16:52:02 - orderflow_service - INFO - [ORDERFLOW_SERVICE] Footprint completado: ETHUSDT | time=1769291460000 | trades=210 | delta=-9.8900 | poc=0
2026-01-24 16:52:02 - orderflow_service - INFO - [ORDERFLOW_SERVICE] Footprint completado: DOGEUSDT | time=1769291460000 | trades=26 | delta=119626.0000 | poc=0
2026-01-24 16:52:03 - orderflow_service - INFO - [ORDERFLOW_SERVICE] Footprint completado: XRPUSDT | time=1769291460000 | trades=26 | delta=5090.1000 | poc=0
2026-01-24 16:52:03 - orderflow_service - INFO - [ORDERFLOW_SERVICE] Footprint completado: TRBUSDT | time=1769291460000 | trades=22 | delta=-21.9000 | poc=0
2026-01-24 16:52:04 - orderflow_service - INFO - [ORDERFLOW_SERVICE] Footprint completado: SUIUSDT | time=1769291460000 | trades=22 | delta=1370.0000 | poc=1
2026-01-24 16:52:06 - orderflow_service - INFO - [ORDERFLOW_SERVICE] Footprint completado: BTCUSDT | time=1769291460000 | trades=28 | delta=1.3500 | poc=0
2026-01-24 16:52:08 - orderflow_service - INFO - [ORDERFLOW_SERVICE] Footprint completado: BNBUSDT | time=1769291460000 | trades=5 | delta=0.9900 | poc=0
2026-01-24 16:52:10 - orderflow_service - INFO - [ORDERFLOW_SERVICE] Footprint completado: POLUSDT | time=1769291460000 | trades=21 | delta=5343.0000 | poc=0
2026-01-24 16:52:15 - orderflow_service - INFO - [ORDERFLOW_SERVICE] Footprint completado: GALAUSDT | time=1769291460000 | trades=57 | delta=888595.0000 | poc=0
2026-01-24 16:52:16 - orderflow_service - INFO - [ORDERFLOW_SERVICE] Footprint completado: ADAUSDT | time=1769291460000 | trades=19 | delta=7222.0000 | poc=0
2026-01-24 16:52:18 - orderflow_service - INFO - [ORDERFLOW_SERVICE] Footprint completado: TRXUSDT | time=1769291460000 | trades=3 | delta=-85.0000 | poc=0
2026-01-24 16:53:01 - orderflow_service - INFO - [ORDERFLOW_SERVICE] Footprint completado: BNBUSDT | time=1769291520000 | trades=1 | delta=0.0200 | poc=0
2026-01-24 16:53:01 - orderflow_service - INFO - [ORDERFLOW_SERVICE] Footprint completado: ADAUSDT | time=1769291520000 | trades=17 | delta=-17722.0000 | poc=0
2026-01-24 16:53:01 - orderflow_service - INFO - [ORDERFLOW_SERVICE] Footprint completado: SUIUSDT | time=1769291520000 | trades=2 | delta=0.0000 | poc=0
2026-01-24 16:53:02 - orderflow_service - INFO - [ORDERFLOW_SERVICE] Footprint completado: SOLUSDT | time=1769291520000 | trades=47 | delta=-270.5000 | poc=0
2026-01-24 16:53:02 - orderflow_service - INFO - [ORDERFLOW_SERVICE] Footprint completado: XRPUSDT | time=1769291520000 | trades=22 | delta=1667.4000 | poc=0
2026-01-24 16:53:02 - orderflow_service - INFO - [ORDERFLOW_SERVICE] Footprint completado: GALAUSDT | time=1769291520000 | trades=18 | delta=-369138.0000 | poc=0
2026-01-24 16:53:02 - orderflow_service - INFO - [ORDERFLOW_SERVICE] Footprint completado: POLUSDT | time=1769291520000 | trades=66 | delta=15126.0000 | poc=0
2026-01-24 16:53:02 - orderflow_service - INFO - [ORDERFLOW_SERVICE] Footprint completado: DOGEUSDT | time=1769291520000 | trades=20 | delta=-18862.0000 | poc=0
2026-01-24 16:53:03 - orderflow_service - INFO - [ORDERFLOW_SERVICE] Footprint completado: ETHUSDT | time=1769291520000 | trades=147 | delta=-87.0200 | poc=0
2026-01-24 16:53:03 - orderflow_service - INFO - [ORDERFLOW_SERVICE] Footprint completado: PAXGUSDT | time=1769291520000 | trades=32 | delta=-0.6270 | poc=2
2026-01-24 16:53:04 - orderflow_service - INFO - [ORDERFLOW_SERVICE] Footprint completado: TRBUSDT | time=1769291520000 | trades=8 | delta=6.3500 | poc=4
2026-01-24 16:53:13 - orderflow_service - INFO - [ORDERFLOW_SERVICE] Footprint completado: BTCUSDT | time=1769291520000 | trades=36 | delta=1.0200 | poc=0
2026-01-24 16:53:16 - orderflow_service - INFO - [ORDERFLOW_SERVICE] Footprint completado: TRXUSDT | time=1769291520000 | trades=3 | delta=-18.0000 | poc=0
2026-01-24 16:54:01 - orderflow_service - INFO - [ORDERFLOW_SERVICE] Footprint completado: BTCUSDT | time=1769291580000 | trades=122 | delta=1.4570 | poc=16
2026-01-24 16:54:02 - orderflow_service - INFO - [ORDERFLOW_SERVICE] Footprint completado: DOGEUSDT | time=1769291580000 | trades=3 | delta=-91.0000 | poc=0
2026-01-24 16:54:02 - orderflow_service - INFO - [ORDERFLOW_SERVICE] Footprint completado: ETHUSDT | time=1769291580000 | trades=242 | delta=-29.6800 | poc=0
2026-01-24 16:54:02 - orderflow_service - INFO - [ORDERFLOW_SERVICE] Footprint completado: POLUSDT | time=1769291580000 | trades=15 | delta=-4550.0000 | poc=0
2026-01-24 16:54:02 - orderflow_service - INFO - [ORDERFLOW_SERVICE] Footprint completado: TRBUSDT | time=1769291580000 | trades=6 | delta=4.5800 | poc=1
2026-01-24 16:54:02 - orderflow_service - INFO - [ORDERFLOW_SERVICE] Footprint completado: PAXGUSDT | time=1769291580000 | trades=71 | delta=2.8560 | poc=0
2026-01-24 16:54:02 - orderflow_service - INFO - [ORDERFLOW_SERVICE] Footprint completado: TRXUSDT | time=1769291580000 | trades=8 | delta=-417.0000 | poc=0
2026-01-24 16:54:03 - orderflow_service - INFO - [ORDERFLOW_SERVICE] Footprint completado: SOLUSDT | time=1769291580000 | trades=22 | delta=10.9000 | poc=0
2026-01-24 16:54:09 - orderflow_service - INFO - [ORDERFLOW_SERVICE] Footprint completado: BNBUSDT | time=1769291580000 | trades=2 | delta=0.0000 | poc=0
2026-01-24 16:54:09 - orderflow_service - INFO - [ORDERFLOW_SERVICE] Footprint completado: GALAUSDT | time=1769291580000 | trades=45 | delta=631988.0000 | poc=0
2026-01-24 16:54:11 - orderflow_service - INFO - [ORDERFLOW_SERVICE] Footprint completado: ADAUSDT | time=1769291580000 | trades=19 | delta=-31324.0000 | poc=0
2026-01-24 16:54:12 - orderflow_service - INFO - [ORDERFLOW_SERVICE] Footprint completado: XRPUSDT | time=1769291580000 | trades=8 | delta=-219.7000 | poc=0
2026-01-24 16:55:01 - orderflow_service - INFO - [ORDERFLOW_SERVICE] Footprint completado: SOLUSDT | time=1769291640000 | trades=141 | delta=2449.4000 | poc=0
2026-01-24 16:55:01 - orderflow_service - INFO - [ORDERFLOW_SERVICE] Footprint completado: SOLUSDT | time=1769291400000 | trades=313 | delta=2157.4000 | poc=0
2026-01-24 16:55:01 - orderflow_service - INFO - [ORDERFLOW_SERVICE] Footprint completado: SUIUSDT | time=1769291580000 | trades=5 | delta=-30.0000 | poc=0
2026-01-24 16:55:02 - orderflow_service - INFO - [ORDERFLOW_SERVICE] Footprint completado: SUIUSDT | time=1769291400000 | trades=41 | delta=560.0000 | poc=2
2026-01-24 16:55:02 - orderflow_service - INFO - [ORDERFLOW_SERVICE] Footprint completado: TRBUSDT | time=1769291640000 | trades=10 | delta=9.8300 | poc=3
2026-01-24 16:55:02 - orderflow_service - INFO - [ORDERFLOW_SERVICE] Footprint completado: TRBUSDT | time=1769291400000 | trades=56 | delta=4.3200 | poc=6
2026-01-24 16:55:02 - orderflow_service - INFO - [ORDERFLOW_SERVICE] Footprint completado: POLUSDT | time=1769291640000 | trades=72 | delta=12821.0000 | poc=0
2026-01-24 16:55:02 - orderflow_service - INFO - [ORDERFLOW_SERVICE] Footprint completado: POLUSDT | time=1769291400000 | trades=518 | delta=330012.0000 | poc=0
2026-01-24 16:55:02 - orderflow_service - INFO - [ORDERFLOW_SERVICE] Footprint completado: BNBUSDT | time=1769291640000 | trades=12 | delta=1.1800 | poc=0
2026-01-24 16:55:02 - orderflow_service - INFO - [ORDERFLOW_SERVICE] Footprint completado: BNBUSDT | time=1769291400000 | trades=21 | delta=2.1700 | poc=0
2026-01-24 16:55:02 - orderflow_service - INFO - [ORDERFLOW_SERVICE] Footprint completado: DOGEUSDT | time=1769291640000 | trades=40 | delta=-84829.0000 | poc=0
2026-01-24 16:55:02 - orderflow_service - INFO - [ORDERFLOW_SERVICE] Footprint completado: DOGEUSDT | time=1769291400000 | trades=112 | delta=5095.0000 | poc=0
2026-01-24 16:55:02 - orderflow_service - INFO - [ORDERFLOW_SERVICE] Footprint completado: GALAUSDT | time=1769291640000 | trades=19 | delta=123209.0000 | poc=0
2026-01-24 16:55:02 - orderflow_service - INFO - [ORDERFLOW_SERVICE] Footprint completado: GALAUSDT | time=1769291400000 | trades=188 | delta=1292412.0000 | poc=0
2026-01-24 16:55:02 - orderflow_service - INFO - [ORDERFLOW_SERVICE] Footprint completado: ADAUSDT | time=1769291640000 | trades=17 | delta=9165.0000 | poc=0
2026-01-24 16:55:02 - orderflow_service - INFO - [ORDERFLOW_SERVICE] Footprint completado: ADAUSDT | time=1769291400000 | trades=90 | delta=-39046.0000 | poc=0
2026-01-24 16:55:03 - orderflow_service - INFO - [ORDERFLOW_SERVICE] Footprint completado: ETHUSDT | time=1769291640000 | trades=94 | delta=15.8100 | poc=0
2026-01-24 16:55:03 - orderflow_service - INFO - [ORDERFLOW_SERVICE] Footprint completado: ETHUSDT | time=1769291400000 | trades=853 | delta=-248.0600 | poc=0
2026-01-24 16:55:03 - orderflow_service - INFO - [ORDERFLOW_SERVICE] Footprint completado: PAXGUSDT | time=1769291640000 | trades=23 | delta=-0.1120 | poc=3
2026-01-24 16:55:03 - orderflow_service - INFO - [ORDERFLOW_SERVICE] Footprint completado: PAXGUSDT | time=1769291400000 | trades=249 | delta=5.6380 | poc=9
2026-01-24 16:55:04 - orderflow_service - INFO - [ORDERFLOW_SERVICE] Footprint completado: BTCUSDT | time=1769291640000 | trades=54 | delta=-0.5220 | poc=0
2026-01-24 16:55:04 - orderflow_service - INFO - [ORDERFLOW_SERVICE] Footprint completado: BTCUSDT | time=1769291400000 | trades=293 | delta=3.7470 | poc=6
2026-01-24 16:55:04 - orderflow_service - INFO - [ORDERFLOW_SERVICE] Footprint completado: XRPUSDT | time=1769291640000 | trades=2 | delta=6.7000 | poc=0
2026-01-24 16:55:04 - orderflow_service - INFO - [ORDERFLOW_SERVICE] Footprint completado: XRPUSDT | time=1769291400000 | trades=102 | delta=1302.6000 | poc=0
2026-01-24 16:55:13 - orderflow_service - INFO - [ORDERFLOW_SERVICE] Footprint completado: TRXUSDT | time=1769291640000 | trades=7 | delta=2778.0000 | poc=0
2026-01-24 16:55:13 - orderflow_service - INFO - [ORDERFLOW_SERVICE] Footprint completado: TRXUSDT | time=1769291400000 | trades=54 | delta=10288.0000 | poc=0
2026-01-24 16:56:02 - orderflow_service - INFO - [ORDERFLOW_SERVICE] Footprint completado: PAXGUSDT | time=1769291700000 | trades=34 | delta=0.2130 | poc=0
2026-01-24 16:56:02 - orderflow_service - INFO - [ORDERFLOW_SERVICE] Footprint completado: BTCUSDT | time=1769291700000 | trades=99 | delta=-1.0930 | poc=0
2026-01-24 16:56:03 - orderflow_service - INFO - [ORDERFLOW_SERVICE] Footprint completado: XRPUSDT | time=1769291700000 | trades=42 | delta=-13259.3000 | poc=0
2026-01-24 16:56:03 - orderflow_service - INFO - [ORDERFLOW_SERVICE] Footprint completado: SOLUSDT | time=1769291700000 | trades=35 | delta=-231.5000 | poc=0
2026-01-24 16:56:06 - orderflow_service - INFO - [ORDERFLOW_SERVICE] Footprint completado: ETHUSDT | time=1769291700000 | trades=64 | delta=0.3300 | poc=0
2026-01-24 16:56:07 - orderflow_service - INFO - [ORDERFLOW_SERVICE] Footprint completado: GALAUSDT | time=1769291700000 | trades=34 | delta=8617.0000 | poc=0
2026-01-24 16:56:08 - orderflow_service - INFO - [ORDERFLOW_SERVICE] Footprint completado: BNBUSDT | time=1769291700000 | trades=4 | delta=-0.2400 | poc=0
2026-01-24 16:56:13 - orderflow_service - INFO - [ORDERFLOW_SERVICE] Footprint completado: SUIUSDT | time=1769291700000 | trades=21 | delta=1130.0000 | poc=0
2026-01-24 16:56:21 - orderflow_service - INFO - [ORDERFLOW_SERVICE] Footprint completado: TRBUSDT | time=1769291700000 | trades=10 | delta=23.7400 | poc=0
2026-01-24 16:56:30 - orderflow_service - INFO - [ORDERFLOW_SERVICE] Footprint completado: POLUSDT | time=1769291700000 | trades=65 | delta=-5872.0000 | poc=0
2026-01-24 16:56:35 - orderflow_service - INFO - [ORDERFLOW_SERVICE] Footprint completado: TRXUSDT | time=1769291700000 | trades=23 | delta=-19547.0000 | poc=0
2026-01-24 16:56:46 - orderflow_service - INFO - [ORDERFLOW_SERVICE] Footprint completado: DOGEUSDT | time=1769291700000 | trades=27 | delta=-13138.0000 | poc=0
2026-01-24 16:57:01 - orderflow_service - INFO - [ORDERFLOW_SERVICE] Footprint completado: GALAUSDT | time=1769291760000 | trades=12 | delta=44031.0000 | poc=0
2026-01-24 16:57:01 - orderflow_service - INFO - [ORDERFLOW_SERVICE] Footprint completado: POLUSDT | time=1769291760000 | trades=18 | delta=5054.0000 | poc=0
2026-01-24 16:57:01 - orderflow_service - INFO - [ORDERFLOW_SERVICE] Footprint completado: DOGEUSDT | time=1769291760000 | trades=38 | delta=-363768.0000 | poc=0
2026-01-24 16:57:01 - orderflow_service - INFO - [ORDERFLOW_SERVICE] Footprint completado: SOLUSDT | time=1769291760000 | trades=11 | delta=78.8000 | poc=0
2026-01-24 16:57:01 - orderflow_service - INFO - [ORDERFLOW_SERVICE] Footprint completado: ETHUSDT | time=1769291760000 | trades=37 | delta=7.9600 | poc=0
2026-01-24 16:57:02 - orderflow_service - INFO - [ORDERFLOW_SERVICE] Footprint completado: PAXGUSDT | time=1769291760000 | trades=27 | delta=-1.3700 | poc=1
2026-01-24 16:57:02 - orderflow_service - INFO - [ORDERFLOW_SERVICE] Footprint completado: BTCUSDT | time=1769291760000 | trades=142 | delta=-1.0100 | poc=0
2026-01-24 16:57:03 - orderflow_service - INFO - [ORDERFLOW_SERVICE] Footprint completado: XRPUSDT | time=1769291760000 | trades=27 | delta=3304.2000 | poc=0
2026-01-24 16:57:03 - orderflow_service - INFO - [ORDERFLOW_SERVICE] Footprint completado: SUIUSDT | time=1769291760000 | trades=18 | delta=1830.0000 | poc=3
2026-01-24 16:57:03 - orderflow_service - INFO - [ORDERFLOW_SERVICE] Footprint completado: ADAUSDT | time=1769291700000 | trades=13 | delta=-3499.0000 | poc=0
2026-01-24 16:57:03 - orderflow_service - INFO - [ORDERFLOW_SERVICE] Footprint completado: BNBUSDT | time=1769291760000 | trades=17 | delta=2.1300 | poc=0
2026-01-24 16:57:03 - orderflow_service - INFO - [ORDERFLOW_SERVICE] Footprint completado: TRBUSDT | time=1769291760000 | trades=4 | delta=0.7300 | poc=0
2026-01-24 16:58:01 - orderflow_service - INFO - [ORDERFLOW_SERVICE] Footprint completado: POLUSDT | time=1769291820000 | trades=29 | delta=13400.0000 | poc=0
2026-01-24 16:58:02 - orderflow_service - INFO - [ORDERFLOW_SERVICE] Footprint completado: PAXGUSDT | time=1769291820000 | trades=51 | delta=1.1300 | poc=1
2026-01-24 16:58:02 - orderflow_service - INFO - [ORDERFLOW_SERVICE] Footprint completado: SOLUSDT | time=1769291820000 | trades=63 | delta=945.5000 | poc=0
2026-01-24 16:58:02 - orderflow_service - INFO - [ORDERFLOW_SERVICE] Footprint completado: DOGEUSDT | time=1769291820000 | trades=69 | delta=302023.0000 | poc=0
2026-01-24 16:58:02 - orderflow_service - INFO - [ORDERFLOW_SERVICE] Footprint completado: SUIUSDT | time=1769291820000 | trades=22 | delta=3080.0000 | poc=1
2026-01-24 16:58:02 - orderflow_service - INFO - [ORDERFLOW_SERVICE] Footprint completado: XRPUSDT | time=1769291820000 | trades=24 | delta=15230.2000 | poc=0
2026-01-24 16:58:03 - orderflow_service - INFO - [ORDERFLOW_SERVICE] Footprint completado: TRXUSDT | time=1769291760000 | trades=20 | delta=-13956.0000 | poc=0
2026-01-24 16:58:04 - orderflow_service - INFO - [ORDERFLOW_SERVICE] Footprint completado: ADAUSDT | time=1769291820000 | trades=34 | delta=19544.0000 | poc=0
2026-01-24 16:58:06 - orderflow_service - INFO - [ORDERFLOW_SERVICE] Footprint completado: BTCUSDT | time=1769291820000 | trades=282 | delta=9.9880 | poc=0
2026-01-24 16:58:07 - orderflow_service - WARNING - [ORDERFLOW_SERVICE] Error enviando alerta: status=500
2026-01-24 16:58:07 - orderflow_service - INFO - [ORDERFLOW_SERVICE] Footprint completado: TRBUSDT | time=1769291820000 | trades=1 | delta=0.1000 | poc=0
2026-01-24 16:58:08 - orderflow_service - INFO - [ORDERFLOW_SERVICE] Footprint completado: ETHUSDT | time=1769291820000 | trades=131 | delta=1.2000 | poc=0
2026-01-24 16:58:18 - orderflow_service - INFO - [ORDERFLOW_SERVICE] Footprint completado: BNBUSDT | time=1769291820000 | trades=14 | delta=1.3300 | poc=0
2026-01-24 16:58:47 - orderflow_service - INFO - [ORDERFLOW_SERVICE] Footprint completado: GALAUSDT | time=1769291820000 | trades=39 | delta=328270.0000 | poc=0
2026-01-24 16:59:02 - orderflow_service - INFO - [ORDERFLOW_SERVICE] Footprint completado: POLUSDT | time=1769291880000 | trades=70 | delta=-45185.0000 | poc=0
2026-01-24 16:59:02 - orderflow_service - INFO - [ORDERFLOW_SERVICE] Footprint completado: DOGEUSDT | time=1769291880000 | trades=32 | delta=-12975.0000 | poc=0
2026-01-24 16:59:02 - orderflow_service - INFO - [ORDERFLOW_SERVICE] Footprint completado: PAXGUSDT | time=1769291880000 | trades=12 | delta=-0.6010 | poc=0
2026-01-24 16:59:03 - orderflow_service - INFO - [ORDERFLOW_SERVICE] Footprint completado: GALAUSDT | time=1769291880000 | trades=9 | delta=-8159.0000 | poc=0
2026-01-24 16:59:03 - orderflow_service - INFO - [ORDERFLOW_SERVICE] Footprint completado: ETHUSDT | time=1769291880000 | trades=30 | delta=-9.2100 | poc=0
2026-01-24 16:59:04 - orderflow_service - INFO - [ORDERFLOW_SERVICE] Footprint completado: XRPUSDT | time=1769291880000 | trades=5 | delta=3.0000 | poc=0
2026-01-24 16:59:05 - orderflow_service - INFO - [ORDERFLOW_SERVICE] Footprint completado: TRXUSDT | time=1769291880000 | trades=34 | delta=33960.0000 | poc=0
2026-01-24 16:59:05 - orderflow_service - INFO - [ORDERFLOW_SERVICE] Footprint completado: SOLUSDT | time=1769291880000 | trades=29 | delta=-114.1000 | poc=0
2026-01-24 16:59:06 - orderflow_service - INFO - [ORDERFLOW_SERVICE] Footprint completado: BTCUSDT | time=1769291880000 | trades=32 | delta=-0.1510 | poc=0
2026-01-24 16:59:10 - orderflow_service - INFO - [ORDERFLOW_SERVICE] Footprint completado: TRBUSDT | time=1769291880000 | trades=2 | delta=0.0000 | poc=0
2026-01-24 16:59:48 - orderflow_service - INFO - [ORDERFLOW_SERVICE] Footprint completado: ADAUSDT | time=1769291880000 | trades=13 | delta=-9555.0000 | poc=0
2026-01-24 17:00:01 - orderflow_service - INFO - [ORDERFLOW_SERVICE] Footprint completado: SOLUSDT | time=1769291940000 | trades=73 | delta=164.2000 | poc=0
2026-01-24 17:00:01 - orderflow_service - INFO - [ORDERFLOW_SERVICE] Footprint completado: SOLUSDT | time=1769291700000 | trades=211 | delta=842.9000 | poc=0
2026-01-24 17:00:02 - orderflow_service - INFO - [ORDERFLOW_SERVICE] Footprint completado: BTCUSDT | time=1769291940000 | trades=49 | delta=0.2780 | poc=0
2026-01-24 17:00:02 - orderflow_service - INFO - [ORDERFLOW_SERVICE] Footprint completado: BTCUSDT | time=1769291700000 | trades=604 | delta=8.0120 | poc=17
2026-01-24 17:00:02 - orderflow_service - INFO - [ORDERFLOW_SERVICE] Footprint completado: SUIUSDT | time=1769291880000 | trades=6 | delta=420.0000 | poc=1
2026-01-24 17:00:02 - orderflow_service - INFO - [ORDERFLOW_SERVICE] Footprint completado: SUIUSDT | time=1769291700000 | trades=67 | delta=6460.0000 | poc=0
2026-01-24 17:00:02 - orderflow_service - INFO - [ORDERFLOW_SERVICE] Footprint completado: DOGEUSDT | time=1769291940000 | trades=16 | delta=1484.0000 | poc=0
2026-01-24 17:00:02 - orderflow_service - INFO - [ORDERFLOW_SERVICE] Footprint completado: DOGEUSDT | time=1769291700000 | trades=182 | delta=-86374.0000 | poc=0
2026-01-24 17:00:02 - orderflow_service - INFO - [ORDERFLOW_SERVICE] Footprint completado: ADAUSDT | time=1769291940000 | trades=2 | delta=1897.0000 | poc=0
2026-01-24 17:00:02 - orderflow_service - INFO - [ORDERFLOW_SERVICE] Footprint completado: ADAUSDT | time=1769291700000 | trades=62 | delta=8387.0000 | poc=0
2026-01-24 17:00:03 - orderflow_service - INFO - [ORDERFLOW_SERVICE] Footprint completado: TRBUSDT | time=1769291940000 | trades=6 | delta=0.5100 | poc=0
2026-01-24 17:00:03 - orderflow_service - INFO - [ORDERFLOW_SERVICE] Footprint completado: TRBUSDT | time=1769291700000 | trades=23 | delta=25.0800 | poc=0
2026-01-24 17:00:03 - orderflow_service - INFO - [ORDERFLOW_SERVICE] Footprint completado: XRPUSDT | time=1769291940000 | trades=26 | delta=7857.0000 | poc=0
2026-01-24 17:00:03 - orderflow_service - INFO - [ORDERFLOW_SERVICE] Footprint completado: XRPUSDT | time=1769291700000 | trades=124 | delta=13135.1000 | poc=0
2026-01-24 17:00:03 - orderflow_service - INFO - [ORDERFLOW_SERVICE] Footprint completado: PAXGUSDT | time=1769291940000 | trades=75 | delta=2.8220 | poc=0
2026-01-24 17:00:03 - orderflow_service - INFO - [ORDERFLOW_SERVICE] Footprint completado: PAXGUSDT | time=1769291700000 | trades=199 | delta=2.1940 | poc=5
2026-01-24 17:00:03 - orderflow_service - INFO - [ORDERFLOW_SERVICE] Footprint completado: ETHUSDT | time=1769291940000 | trades=218 | delta=38.1500 | poc=1
2026-01-24 17:00:03 - orderflow_service - INFO - [ORDERFLOW_SERVICE] Footprint completado: ETHUSDT | time=1769291700000 | trades=480 | delta=38.4300 | poc=0
2026-01-24 17:00:03 - orderflow_service - INFO - [ORDERFLOW_SERVICE] Footprint completado: BNBUSDT | time=1769291880000 | trades=12 | delta=2.4100 | poc=0
2026-01-24 17:00:03 - orderflow_service - INFO - [ORDERFLOW_SERVICE] Footprint completado: BNBUSDT | time=1769291700000 | trades=47 | delta=5.6300 | poc=1
2026-01-24 17:00:03 - orderflow_service - INFO - [ORDERFLOW_SERVICE] Footprint completado: POLUSDT | time=1769291940000 | trades=32 | delta=-20599.0000 | poc=0
2026-01-24 17:00:03 - orderflow_service - INFO - [ORDERFLOW_SERVICE] Footprint completado: POLUSDT | time=1769291700000 | trades=214 | delta=-53202.0000 | poc=0
2026-01-24 17:00:04 - orderflow_service - INFO - [ORDERFLOW_SERVICE] Footprint completado: GALAUSDT | time=1769291940000 | trades=32 | delta=30901.0000 | poc=0
2026-01-24 17:00:04 - orderflow_service - INFO - [ORDERFLOW_SERVICE] Footprint completado: GALAUSDT | time=1769291700000 | trades=126 | delta=403660.0000 | poc=0
2026-01-24 17:00:14 - orderflow_service - INFO - [ORDERFLOW_SERVICE] Footprint completado: TRXUSDT | time=1769291940000 | trades=1 | delta=-183.0000 | poc=0
2026-01-24 17:00:14 - orderflow_service - INFO - [ORDERFLOW_SERVICE] Footprint completado: TRXUSDT | time=1769291700000 | trades=78 | delta=274.0000 | poc=0
2026-01-24 17:01:01 - orderflow_service - INFO - [ORDERFLOW_SERVICE] Footprint completado: ETHUSDT | time=1769292000000 | trades=127 | delta=32.5300 | poc=0
2026-01-24 17:01:02 - orderflow_service - INFO - [ORDERFLOW_SERVICE] Footprint completado: PAXGUSDT | time=1769292000000 | trades=64 | delta=-0.0970 | poc=4
2026-01-24 17:01:02 - orderflow_service - INFO - [ORDERFLOW_SERVICE] Footprint completado: XRPUSDT | time=1769292000000 | trades=56 | delta=3584.4000 | poc=0
2026-01-24 17:01:03 - orderflow_service - INFO - [ORDERFLOW_SERVICE] Footprint completado: BTCUSDT | time=1769292000000 | trades=33 | delta=-1.0670 | poc=0
2026-01-24 17:01:03 - orderflow_service - INFO - [ORDERFLOW_SERVICE] Footprint completado: SOLUSDT | time=1769292000000 | trades=89 | delta=71.8000 | poc=0
2026-01-24 17:01:03 - orderflow_service - INFO - [ORDERFLOW_SERVICE] Footprint completado: ADAUSDT | time=1769292000000 | trades=12 | delta=1369.0000 | poc=0
2026-01-24 17:01:04 - orderflow_service - INFO - [ORDERFLOW_SERVICE] Footprint completado: DOGEUSDT | time=1769292000000 | trades=12 | delta=10725.0000 | poc=0
2026-01-24 17:01:04 - orderflow_service - INFO - [ORDERFLOW_SERVICE] Footprint completado: POLUSDT | time=1769292000000 | trades=61 | delta=35612.0000 | poc=0
2026-01-24 17:01:06 - orderflow_service - INFO - [ORDERFLOW_SERVICE] Footprint completado: GALAUSDT | time=1769292000000 | trades=16 | delta=-169369.0000 | poc=0
2026-01-24 17:01:09 - orderflow_service - INFO - [ORDERFLOW_SERVICE] Footprint completado: SUIUSDT | time=1769292000000 | trades=19 | delta=780.0000 | poc=0
2026-01-24 17:01:09 - orderflow_service - INFO - [ORDERFLOW_SERVICE] Footprint completado: TRXUSDT | time=1769292000000 | trades=28 | delta=-2834.0000 | poc=0
2026-01-24 17:01:11 - orderflow_service - INFO - [ORDERFLOW_SERVICE] Footprint completado: TRBUSDT | time=1769292000000 | trades=7 | delta=0.1500 | poc=1
2026-01-24 17:02:01 - orderflow_service - INFO - [ORDERFLOW_SERVICE] Footprint completado: SOLUSDT | time=1769292060000 | trades=80 | delta=-524.2000 | poc=0
2026-01-24 17:02:01 - orderflow_service - INFO - [ORDERFLOW_SERVICE] Footprint completado: ETHUSDT | time=1769292060000 | trades=176 | delta=58.3700 | poc=0
2026-01-24 17:02:01 - orderflow_service - INFO - [ORDERFLOW_SERVICE] Footprint completado: POLUSDT | time=1769292060000 | trades=125 | delta=-159072.0000 | poc=0
2026-01-24 17:02:02 - orderflow_service - INFO - [ORDERFLOW_SERVICE] Footprint completado: PAXGUSDT | time=1769292060000 | trades=67 | delta=-5.4110 | poc=7
2026-01-24 17:02:02 - orderflow_service - INFO - [ORDERFLOW_SERVICE] Footprint completado: SUIUSDT | time=1769292060000 | trades=71 | delta=6710.0000 | poc=10
2026-01-24 17:02:03 - orderflow_service - INFO - [ORDERFLOW_SERVICE] Footprint completado: BTCUSDT | time=1769292060000 | trades=180 | delta=1.2200 | poc=8
2026-01-24 17:02:03 - orderflow_service - INFO - [ORDERFLOW_SERVICE] Footprint completado: XRPUSDT | time=1769292060000 | trades=46 | delta=13552.8000 | poc=0
2026-01-24 17:02:04 - orderflow_service - INFO - [ORDERFLOW_SERVICE] Footprint completado: DOGEUSDT | time=1769292060000 | trades=36 | delta=-41535.0000 | poc=0
2026-01-24 17:02:04 - orderflow_service - INFO - [ORDERFLOW_SERVICE] Footprint completado: TRXUSDT | time=1769292060000 | trades=27 | delta=3722.0000 | poc=0
2026-01-24 17:02:04 - orderflow_service - INFO - [ORDERFLOW_SERVICE] Footprint completado: GALAUSDT | time=1769292060000 | trades=57 | delta=-163025.0000 | poc=0
2026-01-24 17:02:09 - orderflow_service - INFO - [ORDERFLOW_SERVICE] Footprint completado: ADAUSDT | time=1769292060000 | trades=10 | delta=-9994.0000 | poc=0
2026-01-24 17:02:13 - orderflow_service - INFO - [ORDERFLOW_SERVICE] Footprint completado: TRBUSDT | time=1769292060000 | trades=11 | delta=-9.3800 | poc=6
2026-01-24 17:02:59 - orderflow_service - INFO - [ORDERFLOW_SERVICE] Footprint completado: BNBUSDT | time=1769292000000 | trades=19 | delta=5.0000 | poc=0
2026-01-24 17:03:02 - orderflow_service - INFO - [ORDERFLOW_SERVICE] Footprint completado: POLUSDT | time=1769292120000 | trades=43 | delta=-9927.0000 | poc=0
2026-01-24 17:03:02 - orderflow_service - INFO - [ORDERFLOW_SERVICE] Footprint completado: PAXGUSDT | time=1769292120000 | trades=296 | delta=-4.0780 | poc=4
2026-01-24 17:03:02 - orderflow_service - INFO - [ORDERFLOW_SERVICE] Footprint completado: BTCUSDT | time=1769292120000 | trades=191 | delta=5.4420 | poc=9
2026-01-24 17:03:02 - orderflow_service - INFO - [ORDERFLOW_SERVICE] Footprint completado: SOLUSDT | time=1769292120000 | trades=107 | delta=-129.9000 | poc=0
2026-01-24 17:03:03 - orderflow_service - INFO - [ORDERFLOW_SERVICE] Footprint completado: TRBUSDT | time=1769292120000 | trades=7 | delta=0.4700 | poc=4
2026-01-24 17:03:03 - orderflow_service - INFO - [ORDERFLOW_SERVICE] Footprint completado: XRPUSDT | time=1769292120000 | trades=87 | delta=4074.5000 | poc=0
2026-01-24 17:03:03 - orderflow_service - INFO - [ORDERFLOW_SERVICE] Footprint completado: ADAUSDT | time=1769292120000 | trades=6 | delta=300.0000 | poc=0
2026-01-24 17:03:04 - orderflow_service - INFO - [ORDERFLOW_SERVICE] Footprint completado: ETHUSDT | time=1769292120000 | trades=202 | delta=141.3400 | poc=1
2026-01-24 17:03:06 - orderflow_service - INFO - [ORDERFLOW_SERVICE] Footprint completado: BNBUSDT | time=1769292120000 | trades=22 | delta=1.8800 | poc=0
2026-01-24 17:03:07 - orderflow_service - INFO - [ORDERFLOW_SERVICE] Footprint completado: TRXUSDT | time=1769292120000 | trades=15 | delta=-1762.0000 | poc=0
2026-01-24 17:03:09 - orderflow_service - INFO - [ORDERFLOW_SERVICE] Footprint completado: SUIUSDT | time=1769292120000 | trades=30 | delta=2550.0000 | poc=8
2026-01-24 17:03:09 - orderflow_service - INFO - [ORDERFLOW_SERVICE] Footprint completado: DOGEUSDT | time=1769292120000 | trades=24 | delta=11752.0000 | poc=0
2026-01-24 17:03:15 - orderflow_service - INFO - [ORDERFLOW_SERVICE] Footprint completado: GALAUSDT | time=1769292120000 | trades=18 | delta=38924.0000 | poc=0
2026-01-24 17:04:01 - orderflow_service - INFO - [ORDERFLOW_SERVICE] Footprint completado: XRPUSDT | time=1769292180000 | trades=137 | delta=-12621.9000 | poc=0
2026-01-24 17:04:01 - orderflow_service - INFO - [ORDERFLOW_SERVICE] Footprint completado: DOGEUSDT | time=1769292180000 | trades=54 | delta=24526.0000 | poc=0
2026-01-24 17:04:02 - orderflow_service - INFO - [ORDERFLOW_SERVICE] Footprint completado: POLUSDT | time=1769292180000 | trades=61 | delta=13507.0000 | poc=0
2026-01-24 17:04:02 - orderflow_service - INFO - [ORDERFLOW_SERVICE] Footprint completado: GALAUSDT | time=1769292180000 | trades=20 | delta=46688.0000 | poc=0
2026-01-24 17:04:02 - orderflow_service - INFO - [ORDERFLOW_SERVICE] Footprint completado: PAXGUSDT | time=1769292180000 | trades=61 | delta=-0.2280 | poc=4
2026-01-24 17:04:03 - orderflow_service - INFO - [ORDERFLOW_SERVICE] Footprint completado: ETHUSDT | time=1769292180000 | trades=550 | delta=-585.0500 | poc=1
2026-01-24 17:04:03 - orderflow_service - INFO - [ORDERFLOW_SERVICE] Footprint completado: SOLUSDT | time=1769292180000 | trades=35 | delta=-25.6000 | poc=0
2026-01-24 17:04:04 - orderflow_service - INFO - [ORDERFLOW_SERVICE] Footprint completado: BNBUSDT | time=1769292180000 | trades=28 | delta=3.0600 | poc=0
2026-01-24 17:04:04 - orderflow_service - INFO - [ORDERFLOW_SERVICE] Footprint completado: TRXUSDT | time=1769292180000 | trades=22 | delta=4500.0000 | poc=0
2026-01-24 17:04:04 - orderflow_service - INFO - [ORDERFLOW_SERVICE] Footprint completado: ADAUSDT | time=1769292180000 | trades=10 | delta=-1191.0000 | poc=0
2026-01-24 17:04:05 - orderflow_service - INFO - [ORDERFLOW_SERVICE] Footprint completado: SUIUSDT | time=1769292180000 | trades=36 | delta=-1480.0000 | poc=2
2026-01-24 17:04:06 - orderflow_service - INFO - [ORDERFLOW_SERVICE] Footprint completado: BTCUSDT | time=1769292180000 | trades=160 | delta=-0.0350 | poc=10
2026-01-24 17:04:07 - orderflow_service - INFO - [ORDERFLOW_SERVICE] Footprint completado: TRBUSDT | time=1769292180000 | trades=13 | delta=2.4500 | poc=5
2026-01-24 17:05:01 - orderflow_service - INFO - [ORDERFLOW_SERVICE] Footprint completado: BTCUSDT | time=1769292240000 | trades=152 | delta=-2.9200 | poc=0
2026-01-24 17:05:02 - orderflow_service - INFO - [ORDERFLOW_SERVICE] Footprint completado: BTCUSDT | time=1769292000000 | trades=716 | delta=2.6400 | poc=17
2026-01-24 17:05:02 - orderflow_service - INFO - [ORDERFLOW_SERVICE] Footprint completado: ETHUSDT | time=1769292240000 | trades=125 | delta=32.1200 | poc=0
2026-01-24 17:05:02 - orderflow_service - INFO - [ORDERFLOW_SERVICE] Footprint completado: ETHUSDT | time=1769292000000 | trades=1180 | delta=-320.6900 | poc=1
2026-01-24 17:05:02 - orderflow_service - INFO - [ORDERFLOW_SERVICE] Footprint completado: SOLUSDT | time=1769292240000 | trades=84 | delta=-953.5000 | poc=0
2026-01-24 17:05:02 - orderflow_service - INFO - [ORDERFLOW_SERVICE] Footprint completado: SOLUSDT | time=1769292000000 | trades=395 | delta=-1561.4000 | poc=0
2026-01-24 17:05:02 - orderflow_service - INFO - [ORDERFLOW_SERVICE] Footprint completado: PAXGUSDT | time=1769292240000 | trades=32 | delta=0.5640 | poc=1
2026-01-24 17:05:02 - orderflow_service - INFO - [ORDERFLOW_SERVICE] Footprint completado: PAXGUSDT | time=1769292000000 | trades=520 | delta=-9.2500 | poc=21
2026-01-24 17:05:02 - orderflow_service - INFO - [ORDERFLOW_SERVICE] Footprint completado: GALAUSDT | time=1769292240000 | trades=109 | delta=-1795759.0000 | poc=0
2026-01-24 17:05:02 - orderflow_service - INFO - [ORDERFLOW_SERVICE] Footprint completado: GALAUSDT | time=1769292000000 | trades=220 | delta=-2042541.0000 | poc=0
2026-01-24 17:05:03 - orderflow_service - INFO - [ORDERFLOW_SERVICE] Footprint completado: XRPUSDT | time=1769292240000 | trades=65 | delta=-5761.0000 | poc=0
2026-01-24 17:05:03 - orderflow_service - INFO - [ORDERFLOW_SERVICE] Footprint completado: XRPUSDT | time=1769292000000 | trades=391 | delta=2828.8000 | poc=0
2026-01-24 17:05:03 - orderflow_service - INFO - [ORDERFLOW_SERVICE] Footprint completado: DOGEUSDT | time=1769292240000 | trades=38 | delta=11584.0000 | poc=0
2026-01-24 17:05:03 - orderflow_service - INFO - [ORDERFLOW_SERVICE] Footprint completado: DOGEUSDT | time=1769292000000 | trades=164 | delta=17052.0000 | poc=0
2026-01-24 17:05:03 - orderflow_service - INFO - [ORDERFLOW_SERVICE] Footprint completado: SUIUSDT | time=1769292240000 | trades=39 | delta=1910.0000 | poc=0
2026-01-24 17:05:04 - orderflow_service - WARNING - [ORDERFLOW_SERVICE] Error enviando alerta: status=500
2026-01-24 17:05:04 - orderflow_service - INFO - [ORDERFLOW_SERVICE] Footprint completado: SUIUSDT | time=1769292000000 | trades=195 | delta=10470.0000 | poc=6
2026-01-24 17:05:04 - orderflow_service - INFO - [ORDERFLOW_SERVICE] Footprint completado: ADAUSDT | time=1769292240000 | trades=54 | delta=-41766.0000 | poc=0
2026-01-24 17:05:04 - orderflow_service - INFO - [ORDERFLOW_SERVICE] Footprint completado: ADAUSDT | time=1769292000000 | trades=92 | delta=-51282.0000 | poc=0
2026-01-24 17:05:04 - orderflow_service - INFO - [ORDERFLOW_SERVICE] Footprint completado: BNBUSDT | time=1769292240000 | trades=2 | delta=0.0000 | poc=0
2026-01-24 17:05:04 - orderflow_service - INFO - [ORDERFLOW_SERVICE] Footprint completado: BNBUSDT | time=1769292000000 | trades=71 | delta=9.9400 | poc=0
2026-01-24 17:05:04 - orderflow_service - INFO - [ORDERFLOW_SERVICE] Footprint completado: POLUSDT | time=1769292240000 | trades=70 | delta=-17922.0000 | poc=0
2026-01-24 17:05:04 - orderflow_service - INFO - [ORDERFLOW_SERVICE] Footprint completado: POLUSDT | time=1769292000000 | trades=360 | delta=-137802.0000 | poc=0
2026-01-24 17:05:05 - orderflow_service - INFO - [ORDERFLOW_SERVICE] Footprint completado: TRXUSDT | time=1769292240000 | trades=109 | delta=-22927.0000 | poc=0
2026-01-24 17:05:05 - orderflow_service - INFO - [ORDERFLOW_SERVICE] Footprint completado: TRXUSDT | time=1769292000000 | trades=201 | delta=-19301.0000 | poc=0
2026-01-24 17:05:40 - orderflow_service - INFO - [ORDERFLOW_SERVICE] Footprint completado: TRBUSDT | time=1769292240000 | trades=7 | delta=-2.9400 | poc=4
2026-01-24 17:05:40 - orderflow_service - INFO - [ORDERFLOW_SERVICE] Footprint completado: TRBUSDT | time=1769292000000 | trades=45 | delta=-9.2500 | poc=8
2026-01-24 17:06:02 - orderflow_service - INFO - [ORDERFLOW_SERVICE] Footprint completado: PAXGUSDT | time=1769292300000 | trades=70 | delta=0.7230 | poc=9
2026-01-24 17:06:02 - orderflow_service - INFO - [ORDERFLOW_SERVICE] Footprint completado: POLUSDT | time=1769292300000 | trades=22 | delta=12592.0000 | poc=0
2026-01-24 17:06:02 - orderflow_service - INFO - [ORDERFLOW_SERVICE] Footprint completado: TRXUSDT | time=1769292300000 | trades=33 | delta=5887.0000 | poc=0
2026-01-24 17:06:02 - orderflow_service - INFO - [ORDERFLOW_SERVICE] Footprint completado: DOGEUSDT | time=1769292300000 | trades=49 | delta=18183.0000 | poc=0
2026-01-24 17:06:03 - orderflow_service - INFO - [ORDERFLOW_SERVICE] Footprint completado: ETHUSDT | time=1769292300000 | trades=245 | delta=82.2600 | poc=1
2026-01-24 17:06:03 - orderflow_service - INFO - [ORDERFLOW_SERVICE] Footprint completado: BNBUSDT | time=1769292300000 | trades=34 | delta=5.4300 | poc=0
2026-01-24 17:06:04 - orderflow_service - INFO - [ORDERFLOW_SERVICE] Footprint completado: BTCUSDT | time=1769292300000 | trades=739 | delta=12.0390 | poc=10
2026-01-24 17:06:04 - orderflow_service - INFO - [ORDERFLOW_SERVICE] Footprint completado: SOLUSDT | time=1769292300000 | trades=52 | delta=206.4000 | poc=0
2026-01-24 17:06:04 - orderflow_service - INFO - [ORDERFLOW_SERVICE] Footprint completado: XRPUSDT | time=1769292300000 | trades=57 | delta=807.1000 | poc=0
2026-01-24 17:06:05 - orderflow_service - INFO - [ORDERFLOW_SERVICE] Footprint completado: SUIUSDT | time=1769292300000 | trades=24 | delta=2220.0000 | poc=1
2026-01-24 17:06:05 - orderflow_service - INFO - [ORDERFLOW_SERVICE] Footprint completado: GALAUSDT | time=1769292300000 | trades=19 | delta=367244.0000 | poc=0
2026-01-24 17:06:35 - orderflow_service - INFO - [ORDERFLOW_SERVICE] Footprint completado: ADAUSDT | time=1769292300000 | trades=19 | delta=-10986.0000 | poc=0
2026-01-24 17:06:36 - orderflow_service - INFO - [ORDERFLOW_SERVICE] Footprint completado: TRBUSDT | time=1769292300000 | trades=4 | delta=0.0000 | poc=0
2026-01-24 17:07:01 - orderflow_service - INFO - [ORDERFLOW_SERVICE] Footprint completado: PAXGUSDT | time=1769292360000 | trades=51 | delta=-3.4520 | poc=7
2026-01-24 17:07:02 - orderflow_service - INFO - [ORDERFLOW_SERVICE] Footprint completado: ETHUSDT | time=1769292360000 | trades=199 | delta=-32.2500 | poc=0
2026-01-24 17:07:02 - orderflow_service - INFO - [ORDERFLOW_SERVICE] Footprint completado: TRBUSDT | time=1769292360000 | trades=10 | delta=-7.3000 | poc=5
2026-01-24 17:07:02 - orderflow_service - INFO - [ORDERFLOW_SERVICE] Footprint completado: DOGEUSDT | time=1769292360000 | trades=60 | delta=11039.0000 | poc=0
2026-01-24 17:07:02 - orderflow_service - INFO - [ORDERFLOW_SERVICE] Footprint completado: SOLUSDT | time=1769292360000 | trades=153 | delta=3350.1000 | poc=0
2026-01-24 17:07:02 - orderflow_service - INFO - [ORDERFLOW_SERVICE] Footprint completado: TRXUSDT | time=1769292360000 | trades=47 | delta=-3990.0000 | poc=0
2026-01-24 17:07:03 - orderflow_service - INFO - [ORDERFLOW_SERVICE] Footprint completado: BTCUSDT | time=1769292360000 | trades=94 | delta=-0.9210 | poc=7
2026-01-24 17:07:03 - orderflow_service - INFO - [ORDERFLOW_SERVICE] Footprint completado: POLUSDT | time=1769292360000 | trades=65 | delta=-107943.0000 | poc=0
2026-01-24 17:07:03 - orderflow_service - INFO - [ORDERFLOW_SERVICE] Footprint completado: BNBUSDT | time=1769292360000 | trades=40 | delta=4.6400 | poc=0
2026-01-24 17:07:04 - orderflow_service - INFO - [ORDERFLOW_SERVICE] Footprint completado: SUIUSDT | time=1769292360000 | trades=31 | delta=-1200.0000 | poc=0
2026-01-24 17:07:04 - orderflow_service - INFO - [ORDERFLOW_SERVICE] Footprint completado: ADAUSDT | time=1769292360000 | trades=39 | delta=-22361.0000 | poc=0
2026-01-24 17:07:05 - orderflow_service - INFO - [ORDERFLOW_SERVICE] Footprint completado: XRPUSDT | time=1769292360000 | trades=120 | delta=-20716.5000 | poc=0
2026-01-24 17:07:05 - orderflow_service - INFO - [ORDERFLOW_SERVICE] Footprint completado: GALAUSDT | time=1769292360000 | trades=55 | delta=293295.0000 | poc=0
2026-01-24 17:08:01 - orderflow_service - INFO - [ORDERFLOW_SERVICE] Footprint completado: ETHUSDT | time=1769292420000 | trades=237 | delta=-32.9400 | poc=1
2026-01-24 17:08:01 - orderflow_service - INFO - [ORDERFLOW_SERVICE] Footprint completado: POLUSDT | time=1769292420000 | trades=89 | delta=113872.0000 | poc=0
2026-01-24 17:08:02 - orderflow_service - INFO - [ORDERFLOW_SERVICE] Footprint completado: SOLUSDT | time=1769292420000 | trades=20 | delta=6.8000 | poc=0
2026-01-24 17:08:02 - orderflow_service - INFO - [ORDERFLOW_SERVICE] Footprint completado: GALAUSDT | time=1769292420000 | trades=8 | delta=-36114.0000 | poc=0
2026-01-24 17:08:02 - orderflow_service - INFO - [ORDERFLOW_SERVICE] Footprint completado: PAXGUSDT | time=1769292420000 | trades=329 | delta=1.0450 | poc=0
2026-01-24 17:08:03 - orderflow_service - INFO - [ORDERFLOW_SERVICE] Footprint completado: SUIUSDT | time=1769292420000 | trades=8 | delta=430.0000 | poc=0
2026-01-24 17:08:03 - orderflow_service - INFO - [ORDERFLOW_SERVICE] Footprint completado: BTCUSDT | time=1769292420000 | trades=138 | delta=-0.5580 | poc=0
2026-01-24 17:08:03 - orderflow_service - INFO - [ORDERFLOW_SERVICE] Footprint completado: BNBUSDT | time=1769292420000 | trades=26 | delta=23.0900 | poc=0
2026-01-24 17:08:04 - orderflow_service - INFO - [ORDERFLOW_SERVICE] Footprint completado: DOGEUSDT | time=1769292420000 | trades=69 | delta=57647.0000 | poc=0
2026-01-24 17:08:05 - orderflow_service - INFO - [ORDERFLOW_SERVICE] Footprint completado: XRPUSDT | time=1769292420000 | trades=32 | delta=2644.7000 | poc=0
2026-01-24 17:08:06 - orderflow_service - INFO - [ORDERFLOW_SERVICE] Footprint completado: TRXUSDT | time=1769292420000 | trades=35 | delta=-6648.0000 | poc=0
2026-01-24 17:08:07 - orderflow_service - INFO - [ORDERFLOW_SERVICE] Footprint completado: TRBUSDT | time=1769292420000 | trades=16 | delta=4.9300 | poc=3
2026-01-24 17:08:10 - orderflow_service - INFO - [ORDERFLOW_SERVICE] Footprint completado: ADAUSDT | time=1769292420000 | trades=25 | delta=7778.0000 | poc=0
2026-01-24 17:09:01 - orderflow_service - INFO - [ORDERFLOW_SERVICE] Footprint completado: ETHUSDT | time=1769292480000 | trades=341 | delta=-120.1400 | poc=1
2026-01-24 17:09:01 - orderflow_service - INFO - [ORDERFLOW_SERVICE] Footprint completado: DOGEUSDT | time=1769292480000 | trades=136 | delta=195858.0000 | poc=0
2026-01-24 17:09:02 - orderflow_service - INFO - [ORDERFLOW_SERVICE] Footprint completado: PAXGUSDT | time=1769292480000 | trades=84 | delta=-4.8010 | poc=10
2026-01-24 17:09:03 - orderflow_service - INFO - [ORDERFLOW_SERVICE] Footprint completado: TRBUSDT | time=1769292480000 | trades=20 | delta=4.0100 | poc=3
2026-01-24 17:09:03 - orderflow_service - INFO - [ORDERFLOW_SERVICE] Footprint completado: BNBUSDT | time=1769292480000 | trades=5 | delta=-0.0800 | poc=0
2026-01-24 17:09:03 - orderflow_service - INFO - [ORDERFLOW_SERVICE] Footprint completado: SOLUSDT | time=1769292480000 | trades=24 | delta=-249.9000 | poc=0
2026-01-24 17:09:03 - orderflow_service - INFO - [ORDERFLOW_SERVICE] Footprint completado: SUIUSDT | time=1769292480000 | trades=20 | delta=10.0000 | poc=1
2026-01-24 17:09:05 - orderflow_service - INFO - [ORDERFLOW_SERVICE] Footprint completado: GALAUSDT | time=1769292480000 | trades=49 | delta=-104580.0000 | poc=0
2026-01-24 17:09:07 - orderflow_service - INFO - [ORDERFLOW_SERVICE] Footprint completado: XRPUSDT | time=1769292480000 | trades=12 | delta=836.1000 | poc=0
2026-01-24 17:09:08 - orderflow_service - INFO - [ORDERFLOW_SERVICE] Footprint completado: BTCUSDT | time=1769292480000 | trades=106 | delta=0.1260 | poc=6
2026-01-24 17:09:09 - orderflow_service - INFO - [ORDERFLOW_SERVICE] Footprint completado: POLUSDT | time=1769292480000 | trades=40 | delta=-25564.0000 | poc=0
2026-01-24 17:09:28 - orderflow_service - INFO - [ORDERFLOW_SERVICE] Footprint completado: TRXUSDT | time=1769292480000 | trades=18 | delta=-1870.0000 | poc=0
2026-01-24 17:09:49 - orderflow_service - INFO - [ORDERFLOW_SERVICE] Footprint completado: ADAUSDT | time=1769292480000 | trades=5 | delta=-4076.0000 | poc=0
2026-01-24 17:10:01 - orderflow_service - INFO - [ORDERFLOW_SERVICE] Footprint completado: SOLUSDT | time=1769292540000 | trades=73 | delta=-900.5000 | poc=0
2026-01-24 17:10:01 - orderflow_service - INFO - [ORDERFLOW_SERVICE] Footprint completado: SOLUSDT | time=1769292300000 | trades=322 | delta=2412.9000 | poc=0
2026-01-24 17:10:01 - orderflow_service - INFO - [ORDERFLOW_SERVICE] Footprint completado: ETHUSDT | time=1769292540000 | trades=211 | delta=109.1100 | poc=1
2026-01-24 17:10:01 - orderflow_service - INFO - [ORDERFLOW_SERVICE] Footprint completado: ETHUSDT | time=1769292300000 | trades=1233 | delta=6.0400 | poc=1
2026-01-24 17:10:02 - orderflow_service - INFO - [ORDERFLOW_SERVICE] Footprint completado: BTCUSDT | time=1769292540000 | trades=40 | delta=-0.6000 | poc=0
2026-01-24 17:10:02 - orderflow_service - INFO - [ORDERFLOW_SERVICE] Footprint completado: BTCUSDT | time=1769292300000 | trades=1117 | delta=10.0860 | poc=17
2026-01-24 17:10:02 - orderflow_service - INFO - [ORDERFLOW_SERVICE] Footprint completado: TRBUSDT | time=1769292540000 | trades=12 | delta=9.6200 | poc=1
2026-01-24 17:10:02 - orderflow_service - INFO - [ORDERFLOW_SERVICE] Footprint completado: TRBUSDT | time=1769292300000 | trades=62 | delta=11.2600 | poc=9
2026-01-24 17:10:02 - orderflow_service - INFO - [ORDERFLOW_SERVICE] Footprint completado: PAXGUSDT | time=1769292540000 | trades=57 | delta=1.4450 | poc=1
2026-01-24 17:10:03 - orderflow_service - INFO - [ORDERFLOW_SERVICE] Footprint completado: PAXGUSDT | time=1769292300000 | trades=591 | delta=-5.0400 | poc=1
2026-01-24 17:10:04 - orderflow_service - WARNING - [ORDERFLOW_SERVICE] Error enviando alerta: status=500
2026-01-24 17:10:04 - orderflow_service - INFO - [ORDERFLOW_SERVICE] Footprint completado: SUIUSDT | time=1769292540000 | trades=21 | delta=260.0000 | poc=3
2026-01-24 17:10:04 - orderflow_service - INFO - [ORDERFLOW_SERVICE] Footprint completado: SUIUSDT | time=1769292300000 | trades=104 | delta=1720.0000 | poc=1
2026-01-24 17:10:04 - orderflow_service - INFO - [ORDERFLOW_SERVICE] Footprint completado: GALAUSDT | time=1769292540000 | trades=49 | delta=-915905.0000 | poc=0
2026-01-24 17:10:04 - orderflow_service - INFO - [ORDERFLOW_SERVICE] Footprint completado: GALAUSDT | time=1769292300000 | trades=180 | delta=-396060.0000 | poc=0
2026-01-24 17:10:05 - orderflow_service - INFO - [ORDERFLOW_SERVICE] Footprint completado: DOGEUSDT | time=1769292540000 | trades=172 | delta=929405.0000 | poc=0
2026-01-24 17:10:05 - orderflow_service - INFO - [ORDERFLOW_SERVICE] Footprint completado: DOGEUSDT | time=1769292300000 | trades=486 | delta=1212132.0000 | poc=0
2026-01-24 17:10:05 - orderflow_service - INFO - [ORDERFLOW_SERVICE] Footprint completado: XRPUSDT | time=1769292540000 | trades=51 | delta=9742.7000 | poc=0
2026-01-24 17:10:05 - orderflow_service - INFO - [ORDERFLOW_SERVICE] Footprint completado: XRPUSDT | time=1769292300000 | trades=272 | delta=-6685.9000 | poc=0
2026-01-24 17:10:12 - orderflow_service - INFO - [ORDERFLOW_SERVICE] Footprint completado: TRXUSDT | time=1769292540000 | trades=34 | delta=10725.0000 | poc=0
2026-01-24 17:10:12 - orderflow_service - INFO - [ORDERFLOW_SERVICE] Footprint completado: TRXUSDT | time=1769292300000 | trades=167 | delta=4104.0000 | poc=0
2026-01-24 17:10:12 - orderflow_service - INFO - [ORDERFLOW_SERVICE] Footprint completado: POLUSDT | time=1769292540000 | trades=67 | delta=40838.0000 | poc=0
2026-01-24 17:10:12 - orderflow_service - INFO - [ORDERFLOW_SERVICE] Footprint completado: POLUSDT | time=1769292300000 | trades=283 | delta=33795.0000 | poc=0
2026-01-24 17:10:29 - orderflow_service - INFO - [ORDERFLOW_SERVICE] Footprint completado: ADAUSDT | time=1769292540000 | trades=74 | delta=-103162.0000 | poc=0
2026-01-24 17:10:29 - orderflow_service - INFO - [ORDERFLOW_SERVICE] Footprint completado: ADAUSDT | time=1769292300000 | trades=162 | delta=-132807.0000 | poc=0
2026-01-24 17:10:40 - orderflow_service - INFO - [ORDERFLOW_SERVICE] Footprint completado: BNBUSDT | time=1769292540000 | trades=6 | delta=0.0000 | poc=0
2026-01-24 17:10:40 - orderflow_service - INFO - [ORDERFLOW_SERVICE] Footprint completado: BNBUSDT | time=1769292300000 | trades=111 | delta=33.0800 | poc=0
2026-01-24 17:11:01 - orderflow_service - INFO - [ORDERFLOW_SERVICE] Footprint completado: BTCUSDT | time=1769292600000 | trades=22 | delta=-0.9580 | poc=0
2026-01-24 17:11:01 - orderflow_service - INFO - [ORDERFLOW_SERVICE] Footprint completado: ETHUSDT | time=1769292600000 | trades=117 | delta=51.2600 | poc=0
2026-01-24 17:11:02 - orderflow_service - INFO - [ORDERFLOW_SERVICE] Footprint completado: XRPUSDT | time=1769292600000 | trades=9 | delta=424.0000 | poc=0
2026-01-24 17:11:02 - orderflow_service - INFO - [ORDERFLOW_SERVICE] Footprint completado: SOLUSDT | time=1769292600000 | trades=52 | delta=239.9000 | poc=0
2026-01-24 17:11:02 - orderflow_service - INFO - [ORDERFLOW_SERVICE] Footprint completado: PAXGUSDT | time=1769292600000 | trades=116 | delta=6.6840 | poc=1
2026-01-24 17:11:03 - orderflow_service - INFO - [ORDERFLOW_SERVICE] Footprint completado: ADAUSDT | time=1769292600000 | trades=3 | delta=-64.0000 | poc=0
2026-01-24 17:11:05 - orderflow_service - INFO - [ORDERFLOW_SERVICE] Footprint completado: DOGEUSDT | time=1769292600000 | trades=64 | delta=16033.0000 | poc=0
2026-01-24 17:11:05 - orderflow_service - INFO - [ORDERFLOW_SERVICE] Footprint completado: POLUSDT | time=1769292600000 | trades=30 | delta=1276.0000 | poc=0
2026-01-24 17:11:08 - orderflow_service - INFO - [ORDERFLOW_SERVICE] Footprint completado: GALAUSDT | time=1769292600000 | trades=82 | delta=1218148.0000 | poc=0
2026-01-24 17:11:12 - orderflow_service - INFO - [ORDERFLOW_SERVICE] Footprint completado: TRBUSDT | time=1769292600000 | trades=6 | delta=1.4500 | poc=0
2026-01-24 17:11:34 - orderflow_service - INFO - [ORDERFLOW_SERVICE] Footprint completado: TRXUSDT | time=1769292600000 | trades=23 | delta=10507.0000 | poc=0
2026-01-24 17:11:37 - orderflow_service - INFO - [ORDERFLOW_SERVICE] Footprint completado: BNBUSDT | time=1769292600000 | trades=2 | delta=-0.0300 | poc=0
2026-01-24 17:11:43 - orderflow_service - INFO - [ORDERFLOW_SERVICE] Footprint completado: SUIUSDT | time=1769292600000 | trades=6 | delta=-220.0000 | poc=0
2026-01-24 17:12:01 - orderflow_service - INFO - [ORDERFLOW_SERVICE] Footprint completado: ADAUSDT | time=1769292660000 | trades=6 | delta=2492.0000 | poc=0
2026-01-24 17:12:02 - orderflow_service - INFO - [ORDERFLOW_SERVICE] Footprint completado: PAXGUSDT | time=1769292660000 | trades=77 | delta=4.7330 | poc=1
2026-01-24 17:12:03 - orderflow_service - WARNING - [ORDERFLOW_SERVICE] Error enviando alerta: status=500
2026-01-24 17:12:03 - orderflow_service - INFO - [ORDERFLOW_SERVICE] Footprint completado: XRPUSDT | time=1769292660000 | trades=68 | delta=13717.0000 | poc=0
2026-01-24 17:12:03 - orderflow_service - INFO - [ORDERFLOW_SERVICE] Footprint completado: BNBUSDT | time=1769292660000 | trades=1 | delta=-0.4300 | poc=0
2026-01-24 17:12:03 - orderflow_service - INFO - [ORDERFLOW_SERVICE] Footprint completado: ETHUSDT | time=1769292660000 | trades=201 | delta=80.9900 | poc=0
2026-01-24 17:12:03 - orderflow_service - INFO - [ORDERFLOW_SERVICE] Footprint completado: SUIUSDT | time=1769292660000 | trades=3 | delta=340.0000 | poc=0
2026-01-24 17:12:03 - orderflow_service - INFO - [ORDERFLOW_SERVICE] Footprint completado: SOLUSDT | time=1769292660000 | trades=47 | delta=177.4000 | poc=0
2026-01-24 17:12:04 - orderflow_service - INFO - [ORDERFLOW_SERVICE] Footprint completado: BTCUSDT | time=1769292660000 | trades=48 | delta=-0.8300 | poc=0
2026-01-24 17:12:08 - orderflow_service - INFO - [ORDERFLOW_SERVICE] Footprint completado: DOGEUSDT | time=1769292660000 | trades=27 | delta=-76563.0000 | poc=0
2026-01-24 17:12:09 - orderflow_service - INFO - [ORDERFLOW_SERVICE] Footprint completado: GALAUSDT | time=1769292660000 | trades=20 | delta=60207.0000 | poc=0
2026-01-24 17:12:11 - orderflow_service - INFO - [ORDERFLOW_SERVICE] Footprint completado: TRXUSDT | time=1769292660000 | trades=8 | delta=-890.0000 | poc=0
2026-01-24 17:12:12 - orderflow_service - INFO - [ORDERFLOW_SERVICE] Footprint completado: POLUSDT | time=1769292660000 | trades=30 | delta=-15417.0000 | poc=0
2026-01-24 17:12:14 - orderflow_service - INFO - [ORDERFLOW_SERVICE] Footprint completado: TRBUSDT | time=1769292660000 | trades=16 | delta=15.6800 | poc=0
2026-01-24 17:13:01 - orderflow_service - INFO - [ORDERFLOW_SERVICE] Footprint completado: TRXUSDT | time=1769292720000 | trades=15 | delta=-1789.0000 | poc=0
2026-01-24 17:13:01 - orderflow_service - INFO - [ORDERFLOW_SERVICE] Footprint completado: BNBUSDT | time=1769292720000 | trades=5 | delta=1.0600 | poc=0
2026-01-24 17:13:01 - orderflow_service - INFO - [ORDERFLOW_SERVICE] Footprint completado: DOGEUSDT | time=1769292720000 | trades=10 | delta=18824.0000 | poc=0
2026-01-24 17:13:01 - orderflow_service - INFO - [ORDERFLOW_SERVICE] Footprint completado: ETHUSDT | time=1769292720000 | trades=125 | delta=-21.8100 | poc=0
2026-01-24 17:13:01 - orderflow_service - INFO - [ORDERFLOW_SERVICE] Footprint completado: SOLUSDT | time=1769292720000 | trades=20 | delta=-64.1000 | poc=0
2026-01-24 17:13:02 - orderflow_service - INFO - [ORDERFLOW_SERVICE] Footprint completado: PAXGUSDT | time=1769292720000 | trades=52 | delta=0.5000 | poc=2
2026-01-24 17:13:02 - orderflow_service - INFO - [ORDERFLOW_SERVICE] Footprint completado: BTCUSDT | time=1769292720000 | trades=124 | delta=5.6310 | poc=0
2026-01-24 17:13:02 - orderflow_service - INFO - [ORDERFLOW_SERVICE] Footprint completado: XRPUSDT | time=1769292720000 | trades=73 | delta=7996.9000 | poc=0
2026-01-24 17:13:03 - orderflow_service - INFO - [ORDERFLOW_SERVICE] Footprint completado: TRBUSDT | time=1769292720000 | trades=6 | delta=1.2600 | poc=1
2026-01-24 17:13:03 - orderflow_service - INFO - [ORDERFLOW_SERVICE] Footprint completado: SUIUSDT | time=1769292720000 | trades=13 | delta=3910.0000 | poc=0
2026-01-24 17:13:03 - orderflow_service - INFO - [ORDERFLOW_SERVICE] Footprint completado: ADAUSDT | time=1769292720000 | trades=143 | delta=-54195.0000 | poc=0
2026-01-24 17:13:03 - orderflow_service - INFO - [ORDERFLOW_SERVICE] Footprint completado: GALAUSDT | time=1769292720000 | trades=7 | delta=-21455.0000 | poc=0
2026-01-24 17:13:03 - orderflow_service - INFO - [ORDERFLOW_SERVICE] Footprint completado: POLUSDT | time=1769292720000 | trades=17 | delta=-1640.0000 | poc=0
2026-01-24 17:14:01 - footprint_calculator - WARNING - Max levels reached for candle 89366.4-89442.8 with step 1.0
2026-01-24 17:14:01 - orderflow_service - INFO - [ORDERFLOW_SERVICE] Footprint completado: BTCUSDT | time=1769292780000 | trades=1589 | delta=65.2210 | poc=49
2026-01-24 17:14:02 - orderflow_service - WARNING - [ORDERFLOW_SERVICE] Error enviando alerta: status=500
2026-01-24 17:14:02 - orderflow_service - INFO - [ORDERFLOW_SERVICE] Footprint completado: TRXUSDT | time=1769292780000 | trades=350 | delta=-7575.0000 | poc=0
2026-01-24 17:14:03 - orderflow_service - INFO - [ORDERFLOW_SERVICE] Footprint completado: SOLUSDT | time=1769292780000 | trades=1757 | delta=16184.4000 | poc=0
2026-01-24 17:14:03 - orderflow_service - INFO - [ORDERFLOW_SERVICE] Footprint completado: TRBUSDT | time=1769292780000 | trades=138 | delta=-39.1900 | poc=0
2026-01-24 17:14:03 - orderflow_service - INFO - [ORDERFLOW_SERVICE] Footprint completado: DOGEUSDT | time=1769292780000 | trades=700 | delta=489070.0000 | poc=0
2026-01-24 17:14:03 - orderflow_service - INFO - [ORDERFLOW_SERVICE] Footprint completado: XRPUSDT | time=1769292780000 | trades=886 | delta=271769.4000 | poc=1
2026-01-24 17:14:03 - orderflow_service - INFO - [ORDERFLOW_SERVICE] Footprint completado: PAXGUSDT | time=1769292780000 | trades=184 | delta=-12.9920 | poc=1
2026-01-24 17:14:03 - orderflow_service - INFO - [ORDERFLOW_SERVICE] Footprint completado: ETHUSDT | time=1769292780000 | trades=1362 | delta=696.3900 | poc=1
2026-01-24 17:14:03 - orderflow_service - INFO - [ORDERFLOW_SERVICE] Footprint completado: ADAUSDT | time=1769292780000 | trades=400 | delta=293116.0000 | poc=0
2026-01-24 17:14:04 - orderflow_service - INFO - [ORDERFLOW_SERVICE] Footprint completado: GALAUSDT | time=1769292780000 | trades=136 | delta=1757026.0000 | poc=0
2026-01-24 17:14:04 - orderflow_service - INFO - [ORDERFLOW_SERVICE] Footprint completado: SUIUSDT | time=1769292780000 | trades=204 | delta=55490.0000 | poc=9
2026-01-24 17:14:04 - orderflow_service - INFO - [ORDERFLOW_SERVICE] Footprint completado: POLUSDT | time=1769292780000 | trades=100 | delta=185793.0000 | poc=0
2026-01-24 17:14:42 - orderflow_service - INFO - [ORDERFLOW_SERVICE] Footprint completado: BNBUSDT | time=1769292780000 | trades=493 | delta=-288.5700 | poc=1
2026-01-24 17:15:01 - orderflow_service - INFO - [ORDERFLOW_SERVICE] Footprint completado: ETHUSDT | time=1769292840000 | trades=548 | delta=234.3500 | poc=1
2026-01-24 17:15:01 - orderflow_service - INFO - [ORDERFLOW_SERVICE] Footprint completado: ETHUSDT | time=1769292600000 | trades=2353 | delta=1041.1800 | poc=2
2026-01-24 17:15:01 - orderflow_service - INFO - [ORDERFLOW_SERVICE] Footprint completado: XRPUSDT | time=1769292840000 | trades=120 | delta=-13817.3000 | poc=0
2026-01-24 17:15:01 - orderflow_service - INFO - [ORDERFLOW_SERVICE] Footprint completado: XRPUSDT | time=1769292600000 | trades=1156 | delta=280090.0000 | poc=1
2026-01-24 17:15:02 - orderflow_service - INFO - [ORDERFLOW_SERVICE] Footprint completado: BTCUSDT | time=1769292840000 | trades=657 | delta=34.1190 | poc=34
2026-01-24 17:15:02 - footprint_calculator - WARNING - Max levels reached for candle 89359.8-89455.7 with step 1.0
2026-01-24 17:15:02 - orderflow_service - INFO - [ORDERFLOW_SERVICE] Footprint completado: BTCUSDT | time=1769292600000 | trades=2440 | delta=103.1830 | poc=49
2026-01-24 17:15:02 - orderflow_service - INFO - [ORDERFLOW_SERVICE] Footprint completado: PAXGUSDT | time=1769292840000 | trades=52 | delta=2.0270 | poc=4
2026-01-24 17:15:02 - orderflow_service - INFO - [ORDERFLOW_SERVICE] Footprint completado: PAXGUSDT | time=1769292600000 | trades=481 | delta=0.9520 | poc=3
2026-01-24 17:15:03 - orderflow_service - INFO - [ORDERFLOW_SERVICE] Footprint completado: SUIUSDT | time=1769292840000 | trades=42 | delta=-3260.0000 | poc=6
2026-01-24 17:15:03 - orderflow_service - INFO - [ORDERFLOW_SERVICE] Footprint completado: SUIUSDT | time=1769292600000 | trades=268 | delta=56260.0000 | poc=9
2026-01-24 17:15:04 - orderflow_service - WARNING - [ORDERFLOW_SERVICE] Error enviando alerta: status=500
2026-01-24 17:15:04 - orderflow_service - INFO - [ORDERFLOW_SERVICE] Footprint completado: DOGEUSDT | time=1769292840000 | trades=82 | delta=-79754.0000 | poc=0
2026-01-24 17:15:04 - orderflow_service - INFO - [ORDERFLOW_SERVICE] Footprint completado: DOGEUSDT | time=1769292600000 | trades=883 | delta=367610.0000 | poc=0
2026-01-24 17:15:04 - orderflow_service - INFO - [ORDERFLOW_SERVICE] Footprint completado: BNBUSDT | time=1769292840000 | trades=6 | delta=-7.1700 | poc=0
2026-01-24 17:15:04 - orderflow_service - INFO - [ORDERFLOW_SERVICE] Footprint completado: BNBUSDT | time=1769292600000 | trades=507 | delta=-295.1400 | poc=1
2026-01-24 17:15:04 - orderflow_service - INFO - [ORDERFLOW_SERVICE] Footprint completado: SOLUSDT | time=1769292840000 | trades=285 | delta=-1757.5000 | poc=0
2026-01-24 17:15:04 - orderflow_service - INFO - [ORDERFLOW_SERVICE] Footprint completado: SOLUSDT | time=1769292600000 | trades=2161 | delta=14780.1000 | poc=0
2026-01-24 17:15:04 - orderflow_service - INFO - [ORDERFLOW_SERVICE] Footprint completado: GALAUSDT | time=1769292840000 | trades=71 | delta=250425.0000 | poc=0
2026-01-24 17:15:04 - orderflow_service - INFO - [ORDERFLOW_SERVICE] Footprint completado: GALAUSDT | time=1769292600000 | trades=316 | delta=3264351.0000 | poc=0
2026-01-24 17:15:04 - orderflow_service - INFO - [ORDERFLOW_SERVICE] Footprint completado: POLUSDT | time=1769292840000 | trades=81 | delta=-69127.0000 | poc=0
2026-01-24 17:15:04 - orderflow_service - INFO - [ORDERFLOW_SERVICE] Footprint completado: POLUSDT | time=1769292600000 | trades=258 | delta=100885.0000 | poc=0
2026-01-24 17:15:05 - orderflow_service - INFO - [ORDERFLOW_SERVICE] Footprint completado: TRXUSDT | time=1769292840000 | trades=225 | delta=-44529.0000 | poc=0
2026-01-24 17:15:05 - orderflow_service - INFO - [ORDERFLOW_SERVICE] Footprint completado: TRXUSDT | time=1769292600000 | trades=621 | delta=-44276.0000 | poc=0
2026-01-24 17:15:05 - orderflow_service - INFO - [ORDERFLOW_SERVICE] Footprint completado: ADAUSDT | time=1769292840000 | trades=60 | delta=-100634.0000 | poc=0
2026-01-24 17:15:05 - orderflow_service - INFO - [ORDERFLOW_SERVICE] Footprint completado: ADAUSDT | time=1769292600000 | trades=612 | delta=140715.0000 | poc=0
2026-01-24 17:15:07 - orderflow_service - INFO - [ORDERFLOW_SERVICE] Footprint completado: TRBUSDT | time=1769292840000 | trades=48 | delta=-142.6300 | poc=11
2026-01-24 17:15:07 - orderflow_service - INFO - [ORDERFLOW_SERVICE] Footprint completado: TRBUSDT | time=1769292600000 | trades=214 | delta=-163.4300 | poc=1
2026-01-24 17:16:01 - orderflow_service - INFO - [ORDERFLOW_SERVICE] Footprint completado: POLUSDT | time=1769292900000 | trades=39 | delta=31885.0000 | poc=0
2026-01-24 17:16:01 - orderflow_service - INFO - [ORDERFLOW_SERVICE] Footprint completado: ETHUSDT | time=1769292900000 | trades=389 | delta=159.7700 | poc=1
2026-01-24 17:16:01 - orderflow_service - INFO - [ORDERFLOW_SERVICE] Footprint completado: SOLUSDT | time=1769292900000 | trades=215 | delta=-137.3000 | poc=0
2026-01-24 17:16:01 - orderflow_service - INFO - [ORDERFLOW_SERVICE] Footprint completado: TRXUSDT | time=1769292900000 | trades=64 | delta=27416.0000 | poc=0
2026-01-24 17:16:02 - orderflow_service - INFO - [ORDERFLOW_SERVICE] Footprint completado: BTCUSDT | time=1769292900000 | trades=632 | delta=14.2940 | poc=16
2026-01-24 17:16:02 - orderflow_service - INFO - [ORDERFLOW_SERVICE] Footprint completado: PAXGUSDT | time=1769292900000 | trades=26 | delta=0.1130 | poc=0
2026-01-24 17:16:02 - orderflow_service - INFO - [ORDERFLOW_SERVICE] Footprint completado: BNBUSDT | time=1769292900000 | trades=21 | delta=-10.2000 | poc=0
2026-01-24 17:16:03 - orderflow_service - INFO - [ORDERFLOW_SERVICE] Footprint completado: SUIUSDT | time=1769292900000 | trades=67 | delta=4330.0000 | poc=5
2026-01-24 17:16:04 - orderflow_service - INFO - [ORDERFLOW_SERVICE] Footprint completado: XRPUSDT | time=1769292900000 | trades=121 | delta=17494.5000 | poc=0
2026-01-24 17:16:04 - orderflow_service - INFO - [ORDERFLOW_SERVICE] Footprint completado: ADAUSDT | time=1769292900000 | trades=92 | delta=33852.0000 | poc=0
2026-01-24 17:16:08 - orderflow_service - INFO - [ORDERFLOW_SERVICE] Footprint completado: DOGEUSDT | time=1769292900000 | trades=110 | delta=48919.0000 | poc=0
2026-01-24 17:16:08 - orderflow_service - INFO - [ORDERFLOW_SERVICE] Footprint completado: GALAUSDT | time=1769292900000 | trades=51 | delta=313931.0000 | poc=0
2026-01-24 17:16:18 - orderflow_service - INFO - [ORDERFLOW_SERVICE] Footprint completado: TRBUSDT | time=1769292900000 | trades=8 | delta=1.3300 | poc=1
2026-01-24 17:17:01 - orderflow_service - INFO - [ORDERFLOW_SERVICE] Footprint completado: POLUSDT | time=1769292960000 | trades=30 | delta=13044.0000 | poc=0
2026-01-24 17:17:01 - orderflow_service - INFO - [ORDERFLOW_SERVICE] Footprint completado: ETHUSDT | time=1769292960000 | trades=457 | delta=262.2600 | poc=0
2026-01-24 17:17:01 - orderflow_service - INFO - [ORDERFLOW_SERVICE] Footprint completado: TRXUSDT | time=1769292960000 | trades=18 | delta=-1830.0000 | poc=0
2026-01-24 17:17:02 - orderflow_service - INFO - [ORDERFLOW_SERVICE] Footprint completado: BTCUSDT | time=1769292960000 | trades=188 | delta=-2.6060 | poc=0
2026-01-24 17:17:03 - orderflow_service - WARNING - [ORDERFLOW_SERVICE] Error enviando alerta: status=500
2026-01-24 17:17:03 - orderflow_service - INFO - [ORDERFLOW_SERVICE] Footprint completado: SOLUSDT | time=1769292960000 | trades=85 | delta=-51.2000 | poc=0
2026-01-24 17:17:03 - orderflow_service - INFO - [ORDERFLOW_SERVICE] Footprint completado: DOGEUSDT | time=1769292960000 | trades=422 | delta=302390.0000 | poc=0
2026-01-24 17:17:03 - orderflow_service - INFO - [ORDERFLOW_SERVICE] Footprint completado: GALAUSDT | time=1769292960000 | trades=35 | delta=-85266.0000 | poc=0
2026-01-24 17:17:04 - orderflow_service - INFO - [ORDERFLOW_SERVICE] Footprint completado: PAXGUSDT | time=1769292960000 | trades=32 | delta=0.2830 | poc=0
2026-01-24 17:17:04 - orderflow_service - INFO - [ORDERFLOW_SERVICE] Footprint completado: SUIUSDT | time=1769292960000 | trades=16 | delta=-380.0000 | poc=0
2026-01-24 17:17:04 - orderflow_service - INFO - [ORDERFLOW_SERVICE] Footprint completado: XRPUSDT | time=1769292960000 | trades=32 | delta=499.5000 | poc=0
2026-01-24 17:17:04 - orderflow_service - INFO - [ORDERFLOW_SERVICE] Footprint completado: TRBUSDT | time=1769292960000 | trades=4 | delta=0.1000 | poc=5
2026-01-24 17:17:31 - orderflow_service - INFO - [ORDERFLOW_SERVICE] Footprint completado: ADAUSDT | time=1769292960000 | trades=59 | delta=65836.0000 | poc=0
2026-01-24 17:17:31 - orderflow_service - INFO - [ORDERFLOW_SERVICE] Footprint completado: BNBUSDT | time=1769292960000 | trades=24 | delta=-3.3600 | poc=0
2026-01-24 17:18:01 - orderflow_service - INFO - [ORDERFLOW_SERVICE] Footprint completado: SOLUSDT | time=1769293020000 | trades=116 | delta=-376.8000 | poc=0
2026-01-24 17:18:01 - orderflow_service - INFO - [ORDERFLOW_SERVICE] Footprint completado: TRXUSDT | time=1769293020000 | trades=57 | delta=11948.0000 | poc=0
2026-01-24 17:18:02 - orderflow_service - INFO - [ORDERFLOW_SERVICE] Footprint completado: BTCUSDT | time=1769293020000 | trades=120 | delta=-2.2380 | poc=5
2026-01-24 17:18:02 - orderflow_service - INFO - [ORDERFLOW_SERVICE] Footprint completado: PAXGUSDT | time=1769293020000 | trades=35 | delta=-1.2940 | poc=7
2026-01-24 17:18:02 - orderflow_service - INFO - [ORDERFLOW_SERVICE] Footprint completado: POLUSDT | time=1769293020000 | trades=70 | delta=-19666.0000 | poc=0
2026-01-24 17:18:03 - orderflow_service - INFO - [ORDERFLOW_SERVICE] Footprint completado: SUIUSDT | time=1769293020000 | trades=99 | delta=8960.0000 | poc=5
2026-01-24 17:18:03 - orderflow_service - INFO - [ORDERFLOW_SERVICE] Footprint completado: XRPUSDT | time=1769293020000 | trades=47 | delta=-4786.4000 | poc=0
2026-01-24 17:18:03 - orderflow_service - INFO - [ORDERFLOW_SERVICE] Footprint completado: ETHUSDT | time=1769293020000 | trades=305 | delta=-135.6700 | poc=1
2026-01-24 17:18:04 - orderflow_service - INFO - [ORDERFLOW_SERVICE] Footprint completado: GALAUSDT | time=1769293020000 | trades=263 | delta=6019530.0000 | poc=0
2026-01-24 17:18:06 - orderflow_service - INFO - [ORDERFLOW_SERVICE] Footprint completado: ADAUSDT | time=1769293020000 | trades=23 | delta=-4967.0000 | poc=0
2026-01-24 17:18:09 - orderflow_service - INFO - [ORDERFLOW_SERVICE] Footprint completado: DOGEUSDT | time=1769293020000 | trades=90 | delta=-104238.0000 | poc=0
2026-01-24 17:18:12 - orderflow_service - INFO - [ORDERFLOW_SERVICE] Footprint completado: BNBUSDT | time=1769293020000 | trades=25 | delta=-4.9900 | poc=0
2026-01-24 17:18:12 - orderflow_service - INFO - [ORDERFLOW_SERVICE] Footprint completado: TRBUSDT | time=1769293020000 | trades=4 | delta=0.2000 | poc=0
2026-01-24 17:19:01 - orderflow_service - INFO - [ORDERFLOW_SERVICE] Footprint completado: POLUSDT | time=1769293080000 | trades=57 | delta=2539.0000 | poc=0
2026-01-24 17:19:01 - orderflow_service - INFO - [ORDERFLOW_SERVICE] Footprint completado: ETHUSDT | time=1769293080000 | trades=488 | delta=-47.5400 | poc=0
2026-01-24 17:19:01 - orderflow_service - INFO - [ORDERFLOW_SERVICE] Footprint completado: SOLUSDT | time=1769293080000 | trades=104 | delta=-768.6000 | poc=0
2026-01-24 17:19:02 - orderflow_service - INFO - [ORDERFLOW_SERVICE] Footprint completado: DOGEUSDT | time=1769293080000 | trades=83 | delta=-144467.0000 | poc=0
2026-01-24 17:19:02 - orderflow_service - INFO - [ORDERFLOW_SERVICE] Footprint completado: PAXGUSDT | time=1769293080000 | trades=206 | delta=20.6860 | poc=6
2026-01-24 17:19:04 - orderflow_service - INFO - [ORDERFLOW_SERVICE] Footprint completado: BTCUSDT | time=1769293080000 | trades=116 | delta=-3.2090 | poc=0
2026-01-24 17:19:04 - orderflow_service - INFO - [ORDERFLOW_SERVICE] Footprint completado: GALAUSDT | time=1769293080000 | trades=25 | delta=-578688.0000 | poc=0
2026-01-24 17:19:05 - orderflow_service - INFO - [ORDERFLOW_SERVICE] Footprint completado: XRPUSDT | time=1769293080000 | trades=50 | delta=11769.7000 | poc=0
2026-01-24 17:19:07 - orderflow_service - INFO - [ORDERFLOW_SERVICE] Footprint completado: SUIUSDT | time=1769293080000 | trades=55 | delta=-1210.0000 | poc=2
2026-01-24 17:19:09 - orderflow_service - INFO - [ORDERFLOW_SERVICE] Footprint completado: ADAUSDT | time=1769293080000 | trades=17 | delta=2078.0000 | poc=0
2026-01-24 17:19:14 - orderflow_service - INFO - [ORDERFLOW_SERVICE] Footprint completado: TRXUSDT | time=1769293080000 | trades=37 | delta=-5923.0000 | poc=0
2026-01-24 17:19:41 - orderflow_service - INFO - [ORDERFLOW_SERVICE] Footprint completado: TRBUSDT | time=1769293080000 | trades=6 | delta=0.8900 | poc=2
2026-01-24 17:19:48 - orderflow_service - INFO - [ORDERFLOW_SERVICE] Footprint completado: BNBUSDT | time=1769293080000 | trades=9 | delta=-0.7200 | poc=0
2026-01-24 17:20:01 - orderflow_service - INFO - [ORDERFLOW_SERVICE] Footprint completado: BTCUSDT | time=1769293140000 | trades=80 | delta=-0.7260 | poc=0
2026-01-24 17:20:01 - footprint_calculator - WARNING - Max levels reached for candle 89372.1-89449.4 with step 1.0
2026-01-24 17:20:02 - orderflow_service - INFO - [ORDERFLOW_SERVICE] Footprint completado: BTCUSDT | time=1769292900000 | trades=1136 | delta=5.5150 | poc=49
2026-01-24 17:20:02 - orderflow_service - INFO - [ORDERFLOW_SERVICE] Footprint completado: XRPUSDT | time=1769293140000 | trades=24 | delta=-8320.5000 | poc=0
2026-01-24 17:20:02 - orderflow_service - INFO - [ORDERFLOW_SERVICE] Footprint completado: XRPUSDT | time=1769292900000 | trades=274 | delta=16656.8000 | poc=0
2026-01-24 17:20:02 - orderflow_service - INFO - [ORDERFLOW_SERVICE] Footprint completado: SUIUSDT | time=1769293140000 | trades=134 | delta=-22120.0000 | poc=7
2026-01-24 17:20:02 - orderflow_service - INFO - [ORDERFLOW_SERVICE] Footprint completado: SUIUSDT | time=1769292900000 | trades=371 | delta=-10420.0000 | poc=8
2026-01-24 17:20:02 - orderflow_service - INFO - [ORDERFLOW_SERVICE] Footprint completado: DOGEUSDT | time=1769293140000 | trades=57 | delta=-96580.0000 | poc=0
2026-01-24 17:20:02 - orderflow_service - INFO - [ORDERFLOW_SERVICE] Footprint completado: DOGEUSDT | time=1769292900000 | trades=762 | delta=6024.0000 | poc=0
2026-01-24 17:20:03 - orderflow_service - INFO - [ORDERFLOW_SERVICE] Footprint completado: PAXGUSDT | time=1769293140000 | trades=23 | delta=-0.1890 | poc=1
2026-01-24 17:20:03 - orderflow_service - INFO - [ORDERFLOW_SERVICE] Footprint completado: PAXGUSDT | time=1769292900000 | trades=322 | delta=19.5990 | poc=10
2026-01-24 17:20:03 - orderflow_service - INFO - [ORDERFLOW_SERVICE] Footprint completado: ETHUSDT | time=1769293140000 | trades=170 | delta=33.6500 | poc=0
2026-01-24 17:20:03 - orderflow_service - INFO - [ORDERFLOW_SERVICE] Footprint completado: ETHUSDT | time=1769292900000 | trades=1809 | delta=272.4700 | poc=0
2026-01-24 17:20:03 - orderflow_service - INFO - [ORDERFLOW_SERVICE] Footprint completado: ADAUSDT | time=1769293140000 | trades=24 | delta=1555.0000 | poc=0
2026-01-24 17:20:04 - orderflow_service - INFO - [ORDERFLOW_SERVICE] Footprint completado: ADAUSDT | time=1769292900000 | trades=215 | delta=98354.0000 | poc=0
2026-01-24 17:20:04 - orderflow_service - INFO - [ORDERFLOW_SERVICE] Footprint completado: GALAUSDT | time=1769293140000 | trades=43 | delta=175442.0000 | poc=0
2026-01-24 17:20:04 - orderflow_service - INFO - [ORDERFLOW_SERVICE] Footprint completado: GALAUSDT | time=1769292900000 | trades=417 | delta=5844949.0000 | poc=0
2026-01-24 17:20:04 - orderflow_service - INFO - [ORDERFLOW_SERVICE] Footprint completado: SOLUSDT | time=1769293140000 | trades=82 | delta=-20.9000 | poc=0
2026-01-24 17:20:04 - orderflow_service - INFO - [ORDERFLOW_SERVICE] Footprint completado: SOLUSDT | time=1769292900000 | trades=602 | delta=-1354.8000 | poc=0
2026-01-24 17:20:09 - orderflow_service - INFO - [ORDERFLOW_SERVICE] Footprint completado: POLUSDT | time=1769293140000 | trades=43 | delta=-28248.0000 | poc=0
2026-01-24 17:20:09 - orderflow_service - INFO - [ORDERFLOW_SERVICE] Footprint completado: POLUSDT | time=1769292900000 | trades=239 | delta=-446.0000 | poc=0
2026-01-24 17:20:10 - orderflow_service - INFO - [ORDERFLOW_SERVICE] Footprint completado: TRXUSDT | time=1769293140000 | trades=7 | delta=-653.0000 | poc=0
2026-01-24 17:20:10 - orderflow_service - INFO - [ORDERFLOW_SERVICE] Footprint completado: TRXUSDT | time=1769292900000 | trades=183 | delta=30958.0000 | poc=0
2026-01-24 17:20:43 - orderflow_service - INFO - [ORDERFLOW_SERVICE] Footprint completado: BNBUSDT | time=1769293140000 | trades=3 | delta=0.9200 | poc=0
2026-01-24 17:20:43 - orderflow_service - INFO - [ORDERFLOW_SERVICE] Footprint completado: BNBUSDT | time=1769292900000 | trades=82 | delta=-18.3500 | poc=0
2026-01-24 17:20:48 - orderflow_service - INFO - [ORDERFLOW_SERVICE] Footprint completado: TRBUSDT | time=1769293140000 | trades=6 | delta=0.0400 | poc=2
2026-01-24 17:20:48 - orderflow_service - INFO - [ORDERFLOW_SERVICE] Footprint completado: TRBUSDT | time=1769292900000 | trades=28 | delta=2.5600 | poc=4
2026-01-24 17:21:01 - orderflow_service - INFO - [ORDERFLOW_SERVICE] Footprint completado: ETHUSDT | time=1769293200000 | trades=152 | delta=34.0800 | poc=0
2026-01-24 17:21:01 - orderflow_service - INFO - [ORDERFLOW_SERVICE] Footprint completado: SOLUSDT | time=1769293200000 | trades=51 | delta=66.8000 | poc=0
2026-01-24 17:21:02 - orderflow_service - INFO - [ORDERFLOW_SERVICE] Footprint completado: PAXGUSDT | time=1769293200000 | trades=5 | delta=0.0570 | poc=0
2026-01-24 17:21:03 - orderflow_service - INFO - [ORDERFLOW_SERVICE] Footprint completado: TRXUSDT | time=1769293200000 | trades=16 | delta=-1823.0000 | poc=0
2026-01-24 17:21:03 - orderflow_service - INFO - [ORDERFLOW_SERVICE] Footprint completado: GALAUSDT | time=1769293200000 | trades=28 | delta=-138445.0000 | poc=0
2026-01-24 17:21:04 - orderflow_service - INFO - [ORDERFLOW_SERVICE] Footprint completado: BTCUSDT | time=1769293200000 | trades=84 | delta=0.1580 | poc=7
2026-01-24 17:21:06 - orderflow_service - INFO - [ORDERFLOW_SERVICE] Footprint completado: DOGEUSDT | time=1769293200000 | trades=36 | delta=121891.0000 | poc=0
2026-01-24 17:21:12 - orderflow_service - INFO - [ORDERFLOW_SERVICE] Footprint completado: TRBUSDT | time=1769293200000 | trades=3 | delta=-0.0000 | poc=5
2026-01-24 17:21:13 - orderflow_service - INFO - [ORDERFLOW_SERVICE] Footprint completado: POLUSDT | time=1769293200000 | trades=69 | delta=4206.0000 | poc=0
2026-01-24 17:21:13 - orderflow_service - INFO - [ORDERFLOW_SERVICE] Footprint completado: SUIUSDT | time=1769293200000 | trades=11 | delta=590.0000 | poc=1
2026-01-24 17:21:13 - orderflow_service - INFO - [ORDERFLOW_SERVICE] Footprint completado: ADAUSDT | time=1769293200000 | trades=21 | delta=9911.0000 | poc=0
2026-01-24 17:21:19 - orderflow_service - INFO - [ORDERFLOW_SERVICE] Footprint completado: XRPUSDT | time=1769293200000 | trades=36 | delta=8187.7000 | poc=0
2026-01-24 17:21:41 - orderflow_service - INFO - [ORDERFLOW_SERVICE] Footprint completado: BNBUSDT | time=1769293200000 | trades=1 | delta=-0.0200 | poc=0
2026-01-24 17:22:01 - orderflow_service - INFO - [ORDERFLOW_SERVICE] Footprint completado: POLUSDT | time=1769293260000 | trades=44 | delta=67521.0000 | poc=0
2026-01-24 17:22:01 - orderflow_service - INFO - [ORDERFLOW_SERVICE] Footprint completado: SOLUSDT | time=1769293260000 | trades=97 | delta=601.4000 | poc=0
2026-01-24 17:22:01 - orderflow_service - INFO - [ORDERFLOW_SERVICE] Footprint completado: GALAUSDT | time=1769293260000 | trades=144 | delta=500917.0000 | poc=0
2026-01-24 17:22:02 - orderflow_service - INFO - [ORDERFLOW_SERVICE] Footprint completado: PAXGUSDT | time=1769293260000 | trades=24 | delta=-0.3150 | poc=2
2026-01-24 17:22:02 - orderflow_service - INFO - [ORDERFLOW_SERVICE] Footprint completado: XRPUSDT | time=1769293260000 | trades=83 | delta=22563.7000 | poc=0
2026-01-24 17:22:02 - orderflow_service - INFO - [ORDERFLOW_SERVICE] Footprint completado: ADAUSDT | time=1769293260000 | trades=50 | delta=58064.0000 | poc=0
2026-01-24 17:22:03 - orderflow_service - INFO - [ORDERFLOW_SERVICE] Footprint completado: TRBUSDT | time=1769293260000 | trades=11 | delta=1.0200 | poc=11
2026-01-24 17:22:03 - orderflow_service - INFO - [ORDERFLOW_SERVICE] Footprint completado: ETHUSDT | time=1769293260000 | trades=177 | delta=22.3400 | poc=1
2026-01-24 17:22:03 - orderflow_service - INFO - [ORDERFLOW_SERVICE] Footprint completado: DOGEUSDT | time=1769293260000 | trades=75 | delta=-38654.0000 | poc=0
2026-01-24 17:22:05 - orderflow_service - INFO - [ORDERFLOW_SERVICE] Footprint completado: BTCUSDT | time=1769293260000 | trades=40 | delta=-1.4870 | poc=0
2026-01-24 17:22:08 - orderflow_service - INFO - [ORDERFLOW_SERVICE] Footprint completado: TRXUSDT | time=1769293260000 | trades=58 | delta=-8711.0000 | poc=0
2026-01-24 17:22:13 - orderflow_service - INFO - [ORDERFLOW_SERVICE] Footprint completado: SUIUSDT | time=1769293260000 | trades=31 | delta=1410.0000 | poc=2
2026-01-24 17:22:57 - orderflow_service - INFO - [ORDERFLOW_SERVICE] Footprint completado: BNBUSDT | time=1769293260000 | trades=3 | delta=1.7900 | poc=0
2026-01-24 17:23:01 - orderflow_service - INFO - [ORDERFLOW_SERVICE] Footprint completado: SUIUSDT | time=1769293320000 | trades=39 | delta=-2850.0000 | poc=1
2026-01-24 17:23:02 - orderflow_service - INFO - [ORDERFLOW_SERVICE] Footprint completado: BTCUSDT | time=1769293320000 | trades=88 | delta=-1.4200 | poc=9
2026-01-24 17:23:02 - orderflow_service - INFO - [ORDERFLOW_SERVICE] Footprint completado: ADAUSDT | time=1769293320000 | trades=18 | delta=-5690.0000 | poc=0
2026-01-24 17:23:02 - orderflow_service - INFO - [ORDERFLOW_SERVICE] Footprint completado: ETHUSDT | time=1769293320000 | trades=130 | delta=-51.2200 | poc=1
2026-01-24 17:23:02 - orderflow_service - INFO - [ORDERFLOW_SERVICE] Footprint completado: SOLUSDT | time=1769293320000 | trades=58 | delta=-4.9000 | poc=0
2026-01-24 17:23:02 - orderflow_service - INFO - [ORDERFLOW_SERVICE] Footprint completado: PAXGUSDT | time=1769293320000 | trades=86 | delta=-2.9150 | poc=1
2026-01-24 17:23:02 - orderflow_service - INFO - [ORDERFLOW_SERVICE] Footprint completado: POLUSDT | time=1769293320000 | trades=186 | delta=-274287.0000 | poc=0
2026-01-24 17:23:03 - orderflow_service - INFO - [ORDERFLOW_SERVICE] Footprint completado: GALAUSDT | time=1769293320000 | trades=61 | delta=907565.0000 | poc=0
2026-01-24 17:23:04 - orderflow_service - INFO - [ORDERFLOW_SERVICE] Footprint completado: DOGEUSDT | time=1769293320000 | trades=65 | delta=-36751.0000 | poc=0
2026-01-24 17:23:04 - orderflow_service - INFO - [ORDERFLOW_SERVICE] Footprint completado: XRPUSDT | time=1769293320000 | trades=86 | delta=-4773.6000 | poc=0
2026-01-24 17:23:04 - orderflow_service - INFO - [ORDERFLOW_SERVICE] Footprint completado: BNBUSDT | time=1769293320000 | trades=1 | delta=-0.0100 | poc=0
2026-01-24 17:23:16 - orderflow_service - INFO - [ORDERFLOW_SERVICE] Footprint completado: TRBUSDT | time=1769293320000 | trades=6 | delta=-8.7500 | poc=4
2026-01-24 17:23:29 - orderflow_service - INFO - [ORDERFLOW_SERVICE] Footprint completado: TRXUSDT | time=1769293320000 | trades=30 | delta=3210.0000 | poc=0
2026-01-24 17:24:01 - orderflow_service - INFO - [ORDERFLOW_SERVICE] Footprint completado: BTCUSDT | time=1769293380000 | trades=101 | delta=-3.3660 | poc=3
2026-01-24 17:24:02 - orderflow_service - INFO - [ORDERFLOW_SERVICE] Footprint completado: GALAUSDT | time=1769293380000 | trades=46 | delta=120192.0000 | poc=0
2026-01-24 17:24:02 - orderflow_service - INFO - [ORDERFLOW_SERVICE] Footprint completado: PAXGUSDT | time=1769293380000 | trades=45 | delta=-1.1550 | poc=3
2026-01-24 17:24:02 - orderflow_service - INFO - [ORDERFLOW_SERVICE] Footprint completado: ETHUSDT | time=1769293380000 | trades=172 | delta=-20.9800 | poc=0
2026-01-24 17:24:02 - orderflow_service - INFO - [ORDERFLOW_SERVICE] Footprint completado: SOLUSDT | time=1769293380000 | trades=31 | delta=-25.5000 | poc=0
2026-01-24 17:24:02 - orderflow_service - INFO - [ORDERFLOW_SERVICE] Footprint completado: XRPUSDT | time=1769293380000 | trades=95 | delta=-36340.1000 | poc=0
2026-01-24 17:24:03 - orderflow_service - INFO - [ORDERFLOW_SERVICE] Footprint completado: SUIUSDT | time=1769293380000 | trades=27 | delta=-440.0000 | poc=3
2026-01-24 17:24:08 - orderflow_service - INFO - [ORDERFLOW_SERVICE] Footprint completado: ADAUSDT | time=1769293380000 | trades=17 | delta=-2677.0000 | poc=0
2026-01-24 17:24:08 - orderflow_service - INFO - [ORDERFLOW_SERVICE] Footprint completado: POLUSDT | time=1769293380000 | trades=50 | delta=-6997.0000 | poc=0
2026-01-24 17:24:13 - orderflow_service - INFO - [ORDERFLOW_SERVICE] Footprint completado: TRXUSDT | time=1769293380000 | trades=7 | delta=-908.0000 | poc=0
2026-01-24 17:24:25 - orderflow_service - INFO - [ORDERFLOW_SERVICE] Footprint completado: DOGEUSDT | time=1769293380000 | trades=27 | delta=-27616.0000 | poc=0
2026-01-24 17:24:30 - orderflow_service - INFO - [ORDERFLOW_SERVICE] Footprint completado: BNBUSDT | time=1769293380000 | trades=28 | delta=-7.6800 | poc=0
2026-01-24 17:24:59 - orderflow_service - INFO - [ORDERFLOW_SERVICE] Footprint completado: TRBUSDT | time=1769293380000 | trades=5 | delta=0.0300 | poc=5
2026-01-24 17:25:01 - orderflow_service - INFO - [ORDERFLOW_SERVICE] Footprint completado: BTCUSDT | time=1769293440000 | trades=53 | delta=-0.8030 | poc=0
2026-01-24 17:25:02 - orderflow_service - INFO - [ORDERFLOW_SERVICE] Footprint completado: BTCUSDT | time=1769293200000 | trades=366 | delta=-6.9180 | poc=22
2026-01-24 17:25:02 - orderflow_service - INFO - [ORDERFLOW_SERVICE] Footprint completado: ETHUSDT | time=1769293440000 | trades=185 | delta=-62.6100 | poc=0
2026-01-24 17:25:02 - orderflow_service - INFO - [ORDERFLOW_SERVICE] Footprint completado: ETHUSDT | time=1769293200000 | trades=816 | delta=-78.3900 | poc=0
2026-01-24 17:25:02 - orderflow_service - INFO - [ORDERFLOW_SERVICE] Footprint completado: GALAUSDT | time=1769293440000 | trades=49 | delta=-12431.0000 | poc=0
2026-01-24 17:25:02 - orderflow_service - INFO - [ORDERFLOW_SERVICE] Footprint completado: GALAUSDT | time=1769293200000 | trades=328 | delta=1377798.0000 | poc=0
2026-01-24 17:25:02 - orderflow_service - INFO - [ORDERFLOW_SERVICE] Footprint completado: DOGEUSDT | time=1769293440000 | trades=31 | delta=-34726.0000 | poc=0
2026-01-24 17:25:02 - orderflow_service - INFO - [ORDERFLOW_SERVICE] Footprint completado: DOGEUSDT | time=1769293200000 | trades=234 | delta=-15856.0000 | poc=0
2026-01-24 17:25:02 - orderflow_service - INFO - [ORDERFLOW_SERVICE] Footprint completado: PAXGUSDT | time=1769293440000 | trades=220 | delta=-42.6290 | poc=8
2026-01-24 17:25:02 - orderflow_service - INFO - [ORDERFLOW_SERVICE] Footprint completado: PAXGUSDT | time=1769293200000 | trades=380 | delta=-46.9570 | poc=8
2026-01-24 17:25:03 - orderflow_service - INFO - [ORDERFLOW_SERVICE] Footprint completado: POLUSDT | time=1769293440000 | trades=114 | delta=-74460.0000 | poc=0
2026-01-24 17:25:03 - orderflow_service - INFO - [ORDERFLOW_SERVICE] Footprint completado: POLUSDT | time=1769293200000 | trades=463 | delta=-284017.0000 | poc=0
2026-01-24 17:25:03 - orderflow_service - INFO - [ORDERFLOW_SERVICE] Footprint completado: SUIUSDT | time=1769293440000 | trades=27 | delta=2680.0000 | poc=3
2026-01-24 17:25:03 - orderflow_service - INFO - [ORDERFLOW_SERVICE] Footprint completado: SUIUSDT | time=1769293200000 | trades=135 | delta=1390.0000 | poc=10
2026-01-24 17:25:03 - orderflow_service - INFO - [ORDERFLOW_SERVICE] Footprint completado: ADAUSDT | time=1769293440000 | trades=16 | delta=-21904.0000 | poc=0
2026-01-24 17:25:04 - orderflow_service - INFO - [ORDERFLOW_SERVICE] Footprint completado: ADAUSDT | time=1769293200000 | trades=122 | delta=37704.0000 | poc=0
2026-01-24 17:25:04 - orderflow_service - INFO - [ORDERFLOW_SERVICE] Footprint completado: XRPUSDT | time=1769293440000 | trades=51 | delta=-5822.3000 | poc=0
2026-01-24 17:25:04 - orderflow_service - INFO - [ORDERFLOW_SERVICE] Footprint completado: XRPUSDT | time=1769293200000 | trades=351 | delta=-16184.6000 | poc=0
2026-01-24 17:25:05 - orderflow_service - INFO - [ORDERFLOW_SERVICE] Footprint completado: SOLUSDT | time=1769293440000 | trades=58 | delta=-474.6000 | poc=0
2026-01-24 17:25:05 - orderflow_service - INFO - [ORDERFLOW_SERVICE] Footprint completado: SOLUSDT | time=1769293200000 | trades=295 | delta=163.2000 | poc=0
2026-01-24 17:25:08 - orderflow_service - INFO - [ORDERFLOW_SERVICE] Footprint completado: TRXUSDT | time=1769293440000 | trades=13 | delta=-1825.0000 | poc=0
2026-01-24 17:25:08 - orderflow_service - INFO - [ORDERFLOW_SERVICE] Footprint completado: TRXUSDT | time=1769293200000 | trades=124 | delta=-10057.0000 | poc=0
2026-01-24 17:25:08 - orderflow_service - INFO - [ORDERFLOW_SERVICE] Footprint completado: BNBUSDT | time=1769293440000 | trades=1 | delta=0.0200 | poc=0
2026-01-24 17:25:08 - orderflow_service - INFO - [ORDERFLOW_SERVICE] Footprint completado: BNBUSDT | time=1769293200000 | trades=34 | delta=-5.9000 | poc=0
2026-01-24 17:26:01 - orderflow_service - INFO - [ORDERFLOW_SERVICE] Footprint completado: ETHUSDT | time=1769293500000 | trades=97 | delta=8.5900 | poc=0
2026-01-24 17:26:01 - orderflow_service - INFO - [ORDERFLOW_SERVICE] Footprint completado: POLUSDT | time=1769293500000 | trades=52 | delta=34338.0000 | poc=0
2026-01-24 17:26:01 - orderflow_service - INFO - [ORDERFLOW_SERVICE] Footprint completado: PAXGUSDT | time=1769293500000 | trades=505 | delta=-24.0710 | poc=3
2026-01-24 17:26:02 - orderflow_service - INFO - [ORDERFLOW_SERVICE] Footprint completado: BTCUSDT | time=1769293500000 | trades=54 | delta=-1.3550 | poc=0
2026-01-24 17:26:02 - orderflow_service - INFO - [ORDERFLOW_SERVICE] Footprint completado: SUIUSDT | time=1769293500000 | trades=32 | delta=1550.0000 | poc=3
2026-01-24 17:26:02 - orderflow_service - INFO - [ORDERFLOW_SERVICE] Footprint completado: SOLUSDT | time=1769293500000 | trades=32 | delta=72.2000 | poc=0
2026-01-24 17:26:03 - orderflow_service - INFO - [ORDERFLOW_SERVICE] Footprint completado: GALAUSDT | time=1769293500000 | trades=126 | delta=1215135.0000 | poc=0
2026-01-24 17:26:03 - orderflow_service - INFO - [ORDERFLOW_SERVICE] Footprint completado: XRPUSDT | time=1769293500000 | trades=52 | delta=35143.9000 | poc=0
2026-01-24 17:26:03 - orderflow_service - INFO - [ORDERFLOW_SERVICE] Footprint completado: TRBUSDT | time=1769293440000 | trades=4 | delta=0.0000 | poc=3
2026-01-24 17:26:03 - orderflow_service - INFO - [ORDERFLOW_SERVICE] Footprint completado: TRBUSDT | time=1769293200000 | trades=29 | delta=-7.7000 | poc=15
2026-01-24 17:26:03 - orderflow_service - INFO - [ORDERFLOW_SERVICE] Footprint completado: ADAUSDT | time=1769293500000 | trades=92 | delta=-9068.0000 | poc=0
2026-01-24 17:26:04 - orderflow_service - INFO - [ORDERFLOW_SERVICE] Footprint completado: DOGEUSDT | time=1769293500000 | trades=100 | delta=69212.0000 | poc=0
2026-01-24 17:26:08 - orderflow_service - INFO - [ORDERFLOW_SERVICE] Footprint completado: TRXUSDT | time=1769293500000 | trades=18 | delta=-481.0000 | poc=0
2026-01-24 17:26:26 - orderflow_service - INFO - [ORDERFLOW_SERVICE] Footprint completado: BNBUSDT | time=1769293500000 | trades=12 | delta=-1.0400 | poc=0
2026-01-24 17:27:01 - orderflow_service - INFO - [ORDERFLOW_SERVICE] Footprint completado: BTCUSDT | time=1769293560000 | trades=134 | delta=-3.9430 | poc=16
2026-01-24 17:27:02 - orderflow_service - INFO - [ORDERFLOW_SERVICE] Footprint completado: SUIUSDT | time=1769293560000 | trades=25 | delta=790.0000 | poc=3
2026-01-24 17:27:02 - orderflow_service - INFO - [ORDERFLOW_SERVICE] Footprint completado: XRPUSDT | time=1769293560000 | trades=66 | delta=1280.1000 | poc=0
2026-01-24 17:27:02 - orderflow_service - INFO - [ORDERFLOW_SERVICE] Footprint completado: ADAUSDT | time=1769293560000 | trades=25 | delta=25256.0000 | poc=0
2026-01-24 17:27:02 - orderflow_service - INFO - [ORDERFLOW_SERVICE] Footprint completado: SOLUSDT | time=1769293560000 | trades=73 | delta=119.8000 | poc=0
2026-01-24 17:27:02 - orderflow_service - INFO - [ORDERFLOW_SERVICE] Footprint completado: PAXGUSDT | time=1769293560000 | trades=108 | delta=2.6130 | poc=4
2026-01-24 17:27:02 - orderflow_service - INFO - [ORDERFLOW_SERVICE] Footprint completado: BNBUSDT | time=1769293560000 | trades=17 | delta=-11.2200 | poc=0
2026-01-24 17:27:02 - orderflow_service - INFO - [ORDERFLOW_SERVICE] Footprint completado: ETHUSDT | time=1769293560000 | trades=63 | delta=-20.6000 | poc=0
2026-01-24 17:27:03 - orderflow_service - INFO - [ORDERFLOW_SERVICE] Footprint completado: DOGEUSDT | time=1769293560000 | trades=65 | delta=-35614.0000 | poc=0
2026-01-24 17:27:07 - orderflow_service - INFO - [ORDERFLOW_SERVICE] Footprint completado: TRBUSDT | time=1769293560000 | trades=4 | delta=0.1000 | poc=0
2026-01-24 17:27:13 - orderflow_service - INFO - [ORDERFLOW_SERVICE] Footprint completado: GALAUSDT | time=1769293560000 | trades=16 | delta=-60036.0000 | poc=0
2026-01-24 17:27:23 - orderflow_service - INFO - [ORDERFLOW_SERVICE] Footprint completado: TRXUSDT | time=1769293560000 | trades=33 | delta=-1978.0000 | poc=0
2026-01-24 17:27:28 - orderflow_service - INFO - [ORDERFLOW_SERVICE] Footprint completado: POLUSDT | time=1769293560000 | trades=11 | delta=-789.0000 | poc=0
2026-01-24 17:28:01 - orderflow_service - INFO - [ORDERFLOW_SERVICE] Footprint completado: ETHUSDT | time=1769293620000 | trades=33 | delta=-12.4500 | poc=0
2026-01-24 17:28:01 - orderflow_service - INFO - [ORDERFLOW_SERVICE] Footprint completado: POLUSDT | time=1769293620000 | trades=16 | delta=5116.0000 | poc=0
2026-01-24 17:28:01 - orderflow_service - INFO - [ORDERFLOW_SERVICE] Footprint completado: SOLUSDT | time=1769293620000 | trades=29 | delta=-77.1000 | poc=0
2026-01-24 17:28:02 - orderflow_service - INFO - [ORDERFLOW_SERVICE] Footprint completado: BTCUSDT | time=1769293620000 | trades=39 | delta=-1.4510 | poc=0
2026-01-24 17:28:02 - orderflow_service - INFO - [ORDERFLOW_SERVICE] Footprint completado: PAXGUSDT | time=1769293620000 | trades=85 | delta=1.3650 | poc=3
2026-01-24 17:28:02 - orderflow_service - INFO - [ORDERFLOW_SERVICE] Footprint completado: SUIUSDT | time=1769293620000 | trades=13 | delta=1090.0000 | poc=0
2026-01-24 17:28:03 - orderflow_service - INFO - [ORDERFLOW_SERVICE] Footprint completado: GALAUSDT | time=1769293620000 | trades=25 | delta=-106173.0000 | poc=0
2026-01-24 17:28:03 - orderflow_service - INFO - [ORDERFLOW_SERVICE] Footprint completado: ADAUSDT | time=1769293620000 | trades=16 | delta=-4154.0000 | poc=0
2026-01-24 17:28:03 - orderflow_service - INFO - [ORDERFLOW_SERVICE] Footprint completado: TRBUSDT | time=1769293620000 | trades=3 | delta=-0.0000 | poc=4
2026-01-24 17:28:03 - orderflow_service - INFO - [ORDERFLOW_SERVICE] Footprint completado: DOGEUSDT | time=1769293620000 | trades=57 | delta=-4697.0000 | poc=0
2026-01-24 17:28:03 - orderflow_service - INFO - [ORDERFLOW_SERVICE] Footprint completado: XRPUSDT | time=1769293620000 | trades=60 | delta=-1879.9000 | poc=0
2026-01-24 17:28:07 - orderflow_service - INFO - [ORDERFLOW_SERVICE] Footprint completado: BNBUSDT | time=1769293620000 | trades=12 | delta=11.0200 | poc=0
2026-01-24 17:28:08 - orderflow_service - INFO - [ORDERFLOW_SERVICE] Footprint completado: TRXUSDT | time=1769293620000 | trades=21 | delta=874.0000 | poc=0
2026-01-24 17:29:01 - orderflow_service - INFO - [ORDERFLOW_SERVICE] Footprint completado: GALAUSDT | time=1769293680000 | trades=24 | delta=33086.0000 | poc=0
2026-01-24 17:29:02 - orderflow_service - INFO - [ORDERFLOW_SERVICE] Footprint completado: TRBUSDT | time=1769293680000 | trades=10 | delta=0.1200 | poc=6
2026-01-24 17:29:02 - orderflow_service - INFO - [ORDERFLOW_SERVICE] Footprint completado: DOGEUSDT | time=1769293680000 | trades=15 | delta=1049.0000 | poc=0
2026-01-24 17:29:02 - orderflow_service - INFO - [ORDERFLOW_SERVICE] Footprint completado: PAXGUSDT | time=1769293680000 | trades=74 | delta=-2.1550 | poc=3
2026-01-24 17:29:02 - orderflow_service - INFO - [ORDERFLOW_SERVICE] Footprint completado: ADAUSDT | time=1769293680000 | trades=4 | delta=364.0000 | poc=0
2026-01-24 17:29:03 - orderflow_service - INFO - [ORDERFLOW_SERVICE] Footprint completado: ETHUSDT | time=1769293680000 | trades=133 | delta=-50.5400 | poc=0
2026-01-24 17:29:04 - orderflow_service - INFO - [ORDERFLOW_SERVICE] Footprint completado: SUIUSDT | time=1769293680000 | trades=31 | delta=1180.0000 | poc=3
2026-01-24 17:29:04 - orderflow_service - INFO - [ORDERFLOW_SERVICE] Footprint completado: SOLUSDT | time=1769293680000 | trades=46 | delta=-310.4000 | poc=0
2026-01-24 17:29:04 - orderflow_service - INFO - [ORDERFLOW_SERVICE] Footprint completado: BTCUSDT | time=1769293680000 | trades=67 | delta=-4.9190 | poc=3
2026-01-24 17:29:04 - orderflow_service - INFO - [ORDERFLOW_SERVICE] Footprint completado: XRPUSDT | time=1769293680000 | trades=53 | delta=-9067.1000 | poc=0
2026-01-24 17:29:08 - orderflow_service - INFO - [ORDERFLOW_SERVICE] Footprint completado: TRXUSDT | time=1769293680000 | trades=107 | delta=-17610.0000 | poc=0
2026-01-24 17:29:26 - orderflow_service - INFO - [ORDERFLOW_SERVICE] Footprint completado: BNBUSDT | time=1769293680000 | trades=10 | delta=-0.4500 | poc=0
2026-01-24 17:29:27 - orderflow_service - INFO - [ORDERFLOW_SERVICE] Footprint completado: POLUSDT | time=1769293680000 | trades=31 | delta=-347.0000 | poc=0
2026-01-24 17:30:01 - orderflow_service - INFO - [ORDERFLOW_SERVICE] Footprint completado: POLUSDT | time=1769293740000 | trades=8 | delta=-795.0000 | poc=0
2026-01-24 17:30:01 - orderflow_service - INFO - [ORDERFLOW_SERVICE] Footprint completado: POLUSDT | time=1769293500000 | trades=118 | delta=37523.0000 | poc=0
2026-01-24 17:30:01 - orderflow_service - INFO - [ORDERFLOW_SERVICE] Footprint completado: GALAUSDT | time=1769293740000 | trades=16 | delta=103509.0000 | poc=0
2026-01-24 17:30:01 - orderflow_service - INFO - [ORDERFLOW_SERVICE] Footprint completado: GALAUSDT | time=1769293500000 | trades=207 | delta=1185521.0000 | poc=0
2026-01-24 17:30:01 - orderflow_service - INFO - [ORDERFLOW_SERVICE] Footprint completado: SUIUSDT | time=1769293740000 | trades=3 | delta=340.0000 | poc=0
2026-01-24 17:30:01 - orderflow_service - INFO - [ORDERFLOW_SERVICE] Footprint completado: SUIUSDT | time=1769293500000 | trades=104 | delta=4950.0000 | poc=4
2026-01-24 17:30:01 - orderflow_service - INFO - [ORDERFLOW_SERVICE] Footprint completado: ADAUSDT | time=1769293740000 | trades=9 | delta=-3189.0000 | poc=0
2026-01-24 17:30:01 - orderflow_service - INFO - [ORDERFLOW_SERVICE] Footprint completado: ADAUSDT | time=1769293500000 | trades=146 | delta=9209.0000 | poc=0
2026-01-24 17:30:02 - orderflow_service - INFO - [ORDERFLOW_SERVICE] Footprint completado: ETHUSDT | time=1769293740000 | trades=50 | delta=-6.8800 | poc=0
2026-01-24 17:30:02 - orderflow_service - INFO - [ORDERFLOW_SERVICE] Footprint completado: ETHUSDT | time=1769293500000 | trades=376 | delta=-81.8800 | poc=1
2026-01-24 17:30:02 - orderflow_service - INFO - [ORDERFLOW_SERVICE] Footprint completado: XRPUSDT | time=1769293740000 | trades=165 | delta=-53079.8000 | poc=1
2026-01-24 17:30:02 - orderflow_service - INFO - [ORDERFLOW_SERVICE] Footprint completado: XRPUSDT | time=1769293500000 | trades=396 | delta=-27602.8000 | poc=1
2026-01-24 17:30:02 - orderflow_service - INFO - [ORDERFLOW_SERVICE] Footprint completado: BTCUSDT | time=1769293740000 | trades=51 | delta=-1.5210 | poc=0
2026-01-24 17:30:03 - orderflow_service - INFO - [ORDERFLOW_SERVICE] Footprint completado: BTCUSDT | time=1769293500000 | trades=345 | delta=-13.1890 | poc=3
2026-01-24 17:30:03 - orderflow_service - INFO - [ORDERFLOW_SERVICE] Footprint completado: SOLUSDT | time=1769293740000 | trades=26 | delta=30.0000 | poc=0
2026-01-24 17:30:03 - orderflow_service - INFO - [ORDERFLOW_SERVICE] Footprint completado: SOLUSDT | time=1769293500000 | trades=206 | delta=-165.5000 | poc=0
2026-01-24 17:30:03 - orderflow_service - INFO - [ORDERFLOW_SERVICE] Footprint completado: PAXGUSDT | time=1769293740000 | trades=59 | delta=2.0750 | poc=2
2026-01-24 17:30:03 - orderflow_service - INFO - [ORDERFLOW_SERVICE] Footprint completado: PAXGUSDT | time=1769293500000 | trades=831 | delta=-20.1730 | poc=3
2026-01-24 17:30:04 - orderflow_service - WARNING - [ORDERFLOW_SERVICE] Error enviando alerta: status=500
2026-01-24 17:30:04 - orderflow_service - INFO - [ORDERFLOW_SERVICE] Footprint completado: TRXUSDT | time=1769293740000 | trades=207 | delta=133213.0000 | poc=1
2026-01-24 17:30:04 - orderflow_service - INFO - [ORDERFLOW_SERVICE] Footprint completado: TRXUSDT | time=1769293500000 | trades=386 | delta=114018.0000 | poc=1
2026-01-24 17:30:05 - orderflow_service - INFO - [ORDERFLOW_SERVICE] Footprint completado: TRBUSDT | time=1769293740000 | trades=8 | delta=-0.0000 | poc=5
2026-01-24 17:30:05 - orderflow_service - INFO - [ORDERFLOW_SERVICE] Footprint completado: TRBUSDT | time=1769293500000 | trades=25 | delta=0.2200 | poc=4
2026-01-24 17:30:07 - orderflow_service - INFO - [ORDERFLOW_SERVICE] Footprint completado: DOGEUSDT | time=1769293740000 | trades=5 | delta=-19197.0000 | poc=0
2026-01-24 17:30:07 - orderflow_service - INFO - [ORDERFLOW_SERVICE] Footprint completado: DOGEUSDT | time=1769293500000 | trades=242 | delta=10753.0000 | poc=0
2026-01-24 17:30:08 - orderflow_service - INFO - [ORDERFLOW_SERVICE] Footprint completado: BNBUSDT | time=1769293740000 | trades=1 | delta=-0.0300 | poc=0
2026-01-24 17:30:08 - orderflow_service - INFO - [ORDERFLOW_SERVICE] Footprint completado: BNBUSDT | time=1769293500000 | trades=52 | delta=-1.7200 | poc=0
2026-01-24 17:31:01 - orderflow_service - INFO - [ORDERFLOW_SERVICE] Footprint completado: SOLUSDT | time=1769293800000 | trades=26 | delta=-76.6000 | poc=0
2026-01-24 17:31:01 - orderflow_service - INFO - [ORDERFLOW_SERVICE] Footprint completado: POLUSDT | time=1769293800000 | trades=25 | delta=5209.0000 | poc=0
2026-01-24 17:31:02 - orderflow_service - INFO - [ORDERFLOW_SERVICE] Footprint completado: PAXGUSDT | time=1769293800000 | trades=34 | delta=-0.5640 | poc=0
2026-01-24 17:31:02 - orderflow_service - INFO - [ORDERFLOW_SERVICE] Footprint completado: SUIUSDT | time=1769293800000 | trades=26 | delta=880.0000 | poc=2
2026-01-24 17:31:03 - orderflow_service - INFO - [ORDERFLOW_SERVICE] Footprint completado: ADAUSDT | time=1769293800000 | trades=21 | delta=-1587.0000 | poc=0
2026-01-24 17:31:03 - orderflow_service - INFO - [ORDERFLOW_SERVICE] Footprint completado: ETHUSDT | time=1769293800000 | trades=160 | delta=25.4600 | poc=1
2026-01-24 17:31:04 - orderflow_service - INFO - [ORDERFLOW_SERVICE] Footprint completado: BTCUSDT | time=1769293800000 | trades=171 | delta=7.1220 | poc=0
2026-01-24 17:31:05 - orderflow_service - INFO - [ORDERFLOW_SERVICE] Footprint completado: DOGEUSDT | time=1769293800000 | trades=36 | delta=82208.0000 | poc=0
2026-01-24 17:31:10 - orderflow_service - INFO - [ORDERFLOW_SERVICE] Footprint completado: GALAUSDT | time=1769293800000 | trades=21 | delta=-70088.0000 | poc=0
2026-01-24 17:31:11 - orderflow_service - INFO - [ORDERFLOW_SERVICE] Footprint completado: TRXUSDT | time=1769293800000 | trades=36 | delta=-6548.0000 | poc=0
2026-01-24 17:31:22 - orderflow_service - INFO - [ORDERFLOW_SERVICE] Footprint completado: TRBUSDT | time=1769293800000 | trades=12 | delta=1.5400 | poc=0
2026-01-24 17:31:23 - orderflow_service - INFO - [ORDERFLOW_SERVICE] Footprint completado: XRPUSDT | time=1769293800000 | trades=85 | delta=-7481.6000 | poc=0
2026-01-24 17:31:54 - orderflow_service - INFO - [ORDERFLOW_SERVICE] Footprint completado: BNBUSDT | time=1769293800000 | trades=4 | delta=0.0500 | poc=0
2026-01-24 17:32:01 - orderflow_service - INFO - [ORDERFLOW_SERVICE] Footprint completado: PAXGUSDT | time=1769293860000 | trades=89 | delta=1.4090 | poc=0
2026-01-24 17:32:02 - orderflow_service - INFO - [ORDERFLOW_SERVICE] Footprint completado: POLUSDT | time=1769293860000 | trades=14 | delta=-5133.0000 | poc=0
2026-01-24 17:32:02 - orderflow_service - INFO - [ORDERFLOW_SERVICE] Footprint completado: ADAUSDT | time=1769293860000 | trades=2 | delta=1052.0000 | poc=0
2026-01-24 17:32:02 - orderflow_service - INFO - [ORDERFLOW_SERVICE] Footprint completado: ETHUSDT | time=1769293860000 | trades=41 | delta=-14.9200 | poc=0
2026-01-24 17:32:03 - orderflow_service - INFO - [ORDERFLOW_SERVICE] Footprint completado: XRPUSDT | time=1769293860000 | trades=70 | delta=-24091.6000 | poc=0
2026-01-24 17:32:04 - orderflow_service - INFO - [ORDERFLOW_SERVICE] Footprint completado: BTCUSDT | time=1769293860000 | trades=43 | delta=-1.4130 | poc=0
2026-01-24 17:32:04 - orderflow_service - INFO - [ORDERFLOW_SERVICE] Footprint completado: SOLUSDT | time=1769293860000 | trades=7 | delta=-5.2000 | poc=0
2026-01-24 17:32:04 - orderflow_service - INFO - [ORDERFLOW_SERVICE] Footprint completado: DOGEUSDT | time=1769293860000 | trades=20 | delta=-16898.0000 | poc=0
2026-01-24 17:32:23 - orderflow_service - INFO - [ORDERFLOW_SERVICE] Footprint completado: TRXUSDT | time=1769293860000 | trades=37 | delta=16539.0000 | poc=0
2026-01-24 17:32:52 - orderflow_service - INFO - [ORDERFLOW_SERVICE] Footprint completado: SUIUSDT | time=1769293860000 | trades=6 | delta=510.0000 | poc=0
2026-01-24 17:32:53 - orderflow_service - INFO - [ORDERFLOW_SERVICE] Footprint completado: BNBUSDT | time=1769293860000 | trades=1 | delta=-0.0200 | poc=0
2026-01-24 17:33:01 - orderflow_service - INFO - [ORDERFLOW_SERVICE] Footprint completado: XRPUSDT | time=1769293920000 | trades=28 | delta=-4674.0000 | poc=0
2026-01-24 17:33:02 - orderflow_service - INFO - [ORDERFLOW_SERVICE] Footprint completado: SOLUSDT | time=1769293920000 | trades=24 | delta=13.5000 | poc=0
2026-01-24 17:33:02 - orderflow_service - INFO - [ORDERFLOW_SERVICE] Footprint completado: TRXUSDT | time=1769293920000 | trades=17 | delta=-2722.0000 | poc=0
2026-01-24 17:33:02 - orderflow_service - INFO - [ORDERFLOW_SERVICE] Footprint completado: PAXGUSDT | time=1769293920000 | trades=22 | delta=0.0140 | poc=0
2026-01-24 17:33:03 - orderflow_service - INFO - [ORDERFLOW_SERVICE] Footprint completado: BTCUSDT | time=1769293920000 | trades=91 | delta=-2.6680 | poc=0
2026-01-24 17:33:03 - orderflow_service - INFO - [ORDERFLOW_SERVICE] Footprint completado: DOGEUSDT | time=1769293920000 | trades=24 | delta=-23711.0000 | poc=0
2026-01-24 17:33:03 - orderflow_service - INFO - [ORDERFLOW_SERVICE] Footprint completado: GALAUSDT | time=1769293860000 | trades=18 | delta=-88018.0000 | poc=0
2026-01-24 17:33:03 - orderflow_service - INFO - [ORDERFLOW_SERVICE] Footprint completado: SUIUSDT | time=1769293920000 | trades=4 | delta=-490.0000 | poc=0
2026-01-24 17:33:04 - orderflow_service - INFO - [ORDERFLOW_SERVICE] Footprint completado: ETHUSDT | time=1769293920000 | trades=67 | delta=18.1700 | poc=0
2026-01-24 17:33:04 - orderflow_service - INFO - [ORDERFLOW_SERVICE] Footprint completado: ADAUSDT | time=1769293920000 | trades=18 | delta=-29426.0000 | poc=0
2026-01-24 17:33:06 - orderflow_service - INFO - [ORDERFLOW_SERVICE] Footprint completado: TRBUSDT | time=1769293860000 | trades=8 | delta=-0.0000 | poc=9
2026-01-24 17:33:10 - orderflow_service - INFO - [ORDERFLOW_SERVICE] Footprint completado: POLUSDT | time=1769293920000 | trades=16 | delta=3940.0000 | poc=0
2026-01-24 17:33:45 - orderflow_service - INFO - [ORDERFLOW_SERVICE] Footprint completado: BNBUSDT | time=1769293920000 | trades=18 | delta=-6.1000 | poc=0
2026-01-24 17:34:02 - orderflow_service - INFO - [ORDERFLOW_SERVICE] Footprint completado: PAXGUSDT | time=1769293980000 | trades=16 | delta=-0.0780 | poc=0
2026-01-24 17:34:02 - orderflow_service - INFO - [ORDERFLOW_SERVICE] Footprint completado: XRPUSDT | time=1769293980000 | trades=71 | delta=-20325.9000 | poc=0
2026-01-24 17:34:02 - orderflow_service - INFO - [ORDERFLOW_SERVICE] Footprint completado: GALAUSDT | time=1769293980000 | trades=33 | delta=-137406.0000 | poc=0
2026-01-24 17:34:02 - orderflow_service - INFO - [ORDERFLOW_SERVICE] Footprint completado: ETHUSDT | time=1769293980000 | trades=62 | delta=-16.5200 | poc=0
2026-01-24 17:34:03 - orderflow_service - INFO - [ORDERFLOW_SERVICE] Footprint completado: BTCUSDT | time=1769293980000 | trades=42 | delta=-1.2500 | poc=0
2026-01-24 17:34:05 - orderflow_service - INFO - [ORDERFLOW_SERVICE] Footprint completado: TRBUSDT | time=1769293980000 | trades=15 | delta=7.4700 | poc=6
2026-01-24 17:34:08 - orderflow_service - INFO - [ORDERFLOW_SERVICE] Footprint completado: SOLUSDT | time=1769293980000 | trades=52 | delta=537.0000 | poc=0
2026-01-24 17:34:12 - orderflow_service - INFO - [ORDERFLOW_SERVICE] Footprint completado: DOGEUSDT | time=1769293980000 | trades=20 | delta=-11141.0000 | poc=0
2026-01-24 17:34:12 - orderflow_service - INFO - [ORDERFLOW_SERVICE] Footprint completado: ADAUSDT | time=1769293980000 | trades=1 | delta=32.0000 | poc=0
2026-01-24 17:34:50 - orderflow_service - INFO - [ORDERFLOW_SERVICE] Footprint completado: POLUSDT | time=1769293980000 | trades=15 | delta=-11112.0000 | poc=0
2026-01-24 17:34:58 - orderflow_service - INFO - [ORDERFLOW_SERVICE] Footprint completado: BNBUSDT | time=1769293980000 | trades=1 | delta=0.0200 | poc=0
2026-01-24 17:35:01 - orderflow_service - INFO - [ORDERFLOW_SERVICE] Footprint completado: SOLUSDT | time=1769294040000 | trades=133 | delta=1229.5000 | poc=0
2026-01-24 17:35:01 - orderflow_service - INFO - [ORDERFLOW_SERVICE] Footprint completado: SOLUSDT | time=1769293800000 | trades=242 | delta=1698.2000 | poc=0
2026-01-24 17:35:01 - orderflow_service - INFO - [ORDERFLOW_SERVICE] Footprint completado: GALAUSDT | time=1769294040000 | trades=40 | delta=-207067.0000 | poc=0
2026-01-24 17:35:01 - orderflow_service - INFO - [ORDERFLOW_SERVICE] Footprint completado: GALAUSDT | time=1769293800000 | trades=112 | delta=-502579.0000 | poc=0
2026-01-24 17:35:02 - orderflow_service - INFO - [ORDERFLOW_SERVICE] Footprint completado: PAXGUSDT | time=1769294040000 | trades=6 | delta=0.0040 | poc=0
2026-01-24 17:35:02 - orderflow_service - INFO - [ORDERFLOW_SERVICE] Footprint completado: PAXGUSDT | time=1769293800000 | trades=167 | delta=0.7850 | poc=0
2026-01-24 17:35:02 - orderflow_service - INFO - [ORDERFLOW_SERVICE] Footprint completado: BTCUSDT | time=1769294040000 | trades=207 | delta=-4.7300 | poc=0
2026-01-24 17:35:03 - orderflow_service - INFO - [ORDERFLOW_SERVICE] Footprint completado: BTCUSDT | time=1769293800000 | trades=554 | delta=-2.9390 | poc=23
2026-01-24 17:35:03 - orderflow_service - INFO - [ORDERFLOW_SERVICE] Footprint completado: ETHUSDT | time=1769294040000 | trades=75 | delta=-12.1600 | poc=0
2026-01-24 17:35:03 - orderflow_service - INFO - [ORDERFLOW_SERVICE] Footprint completado: ETHUSDT | time=1769293800000 | trades=405 | delta=0.0300 | poc=1
2026-01-24 17:35:03 - orderflow_service - INFO - [ORDERFLOW_SERVICE] Footprint completado: DOGEUSDT | time=1769294040000 | trades=20 | delta=-33288.0000 | poc=0
2026-01-24 17:35:03 - orderflow_service - INFO - [ORDERFLOW_SERVICE] Footprint completado: DOGEUSDT | time=1769293800000 | trades=120 | delta=-2830.0000 | poc=0
2026-01-24 17:35:03 - orderflow_service - INFO - [ORDERFLOW_SERVICE] Footprint completado: XRPUSDT | time=1769294040000 | trades=23 | delta=-8505.2000 | poc=0
2026-01-24 17:35:03 - orderflow_service - INFO - [ORDERFLOW_SERVICE] Footprint completado: XRPUSDT | time=1769293800000 | trades=277 | delta=-65078.3000 | poc=0
2026-01-24 17:35:04 - orderflow_service - INFO - [ORDERFLOW_SERVICE] Footprint completado: SUIUSDT | time=1769293980000 | trades=2 | delta=30.0000 | poc=0
2026-01-24 17:35:04 - orderflow_service - INFO - [ORDERFLOW_SERVICE] Footprint completado: SUIUSDT | time=1769293800000 | trades=38 | delta=930.0000 | poc=5
2026-01-24 17:35:04 - orderflow_service - INFO - [ORDERFLOW_SERVICE] Footprint completado: ADAUSDT | time=1769294040000 | trades=15 | delta=13914.0000 | poc=0
2026-01-24 17:35:04 - orderflow_service - INFO - [ORDERFLOW_SERVICE] Footprint completado: ADAUSDT | time=1769293800000 | trades=57 | delta=-16015.0000 | poc=0
2026-01-24 17:35:04 - orderflow_service - INFO - [ORDERFLOW_SERVICE] Footprint completado: TRXUSDT | time=1769293980000 | trades=8 | delta=-926.0000 | poc=0
2026-01-24 17:35:04 - orderflow_service - INFO - [ORDERFLOW_SERVICE] Footprint completado: TRXUSDT | time=1769293800000 | trades=98 | delta=6343.0000 | poc=0
2026-01-24 17:35:07 - orderflow_service - INFO - [ORDERFLOW_SERVICE] Footprint completado: POLUSDT | time=1769294040000 | trades=20 | delta=-10960.0000 | poc=0
2026-01-24 17:35:07 - orderflow_service - INFO - [ORDERFLOW_SERVICE] Footprint completado: POLUSDT | time=1769293800000 | trades=90 | delta=-18056.0000 | poc=0
2026-01-24 17:35:17 - orderflow_service - INFO - [ORDERFLOW_SERVICE] Footprint completado: BNBUSDT | time=1769294040000 | trades=2 | delta=-0.0200 | poc=0
2026-01-24 17:35:17 - orderflow_service - INFO - [ORDERFLOW_SERVICE] Footprint completado: BNBUSDT | time=1769293800000 | trades=26 | delta=-6.0700 | poc=0
2026-01-24 17:35:34 - orderflow_service - INFO - [ORDERFLOW_SERVICE] Footprint completado: TRBUSDT | time=1769294040000 | trades=7 | delta=-1.0500 | poc=3
2026-01-24 17:35:34 - orderflow_service - INFO - [ORDERFLOW_SERVICE] Footprint completado: TRBUSDT | time=1769293800000 | trades=42 | delta=7.9600 | poc=15
2026-01-24 17:36:01 - orderflow_service - INFO - [ORDERFLOW_SERVICE] Footprint completado: POLUSDT | time=1769294100000 | trades=10 | delta=3807.0000 | poc=0
2026-01-24 17:36:01 - orderflow_service - INFO - [ORDERFLOW_SERVICE] Footprint completado: PAXGUSDT | time=1769294100000 | trades=57 | delta=1.8860 | poc=0
2026-01-24 17:36:02 - orderflow_service - INFO - [ORDERFLOW_SERVICE] Footprint completado: SOLUSDT | time=1769294100000 | trades=172 | delta=1739.7000 | poc=0
2026-01-24 17:36:02 - orderflow_service - INFO - [ORDERFLOW_SERVICE] Footprint completado: GALAUSDT | time=1769294100000 | trades=17 | delta=95436.0000 | poc=0
2026-01-24 17:36:02 - orderflow_service - INFO - [ORDERFLOW_SERVICE] Footprint completado: XRPUSDT | time=1769294100000 | trades=20 | delta=1084.8000 | poc=0
2026-01-24 17:36:02 - orderflow_service - INFO - [ORDERFLOW_SERVICE] Footprint completado: ADAUSDT | time=1769294100000 | trades=6 | delta=-8.0000 | poc=0
2026-01-24 17:36:03 - orderflow_service - INFO - [ORDERFLOW_SERVICE] Footprint completado: BTCUSDT | time=1769294100000 | trades=64 | delta=-2.1940 | poc=0
2026-01-24 17:36:04 - orderflow_service - INFO - [ORDERFLOW_SERVICE] Footprint completado: ETHUSDT | time=1769294100000 | trades=157 | delta=-9.2400 | poc=0
2026-01-24 17:36:04 - orderflow_service - INFO - [ORDERFLOW_SERVICE] Footprint completado: BNBUSDT | time=1769294100000 | trades=12 | delta=-1.0000 | poc=0
2026-01-24 17:36:07 - orderflow_service - INFO - [ORDERFLOW_SERVICE] Footprint completado: SUIUSDT | time=1769294100000 | trades=3 | delta=10.0000 | poc=0
2026-01-24 17:36:11 - orderflow_service - INFO - [ORDERFLOW_SERVICE] Footprint completado: DOGEUSDT | time=1769294100000 | trades=133 | delta=-198731.0000 | poc=0
2026-01-24 17:36:12 - orderflow_service - INFO - [ORDERFLOW_SERVICE] Footprint completado: TRXUSDT | time=1769294100000 | trades=27 | delta=1442.0000 | poc=0
2026-01-24 17:36:37 - orderflow_service - INFO - [ORDERFLOW_SERVICE] Footprint completado: TRBUSDT | time=1769294100000 | trades=7 | delta=0.0000 | poc=0
2026-01-24 17:37:01 - orderflow_service - INFO - [ORDERFLOW_SERVICE] Footprint completado: GALAUSDT | time=1769294160000 | trades=16 | delta=-19136.0000 | poc=0
2026-01-24 17:37:01 - orderflow_service - INFO - [ORDERFLOW_SERVICE] Footprint completado: SUIUSDT | time=1769294160000 | trades=33 | delta=1640.0000 | poc=0
2026-01-24 17:37:02 - orderflow_service - INFO - [ORDERFLOW_SERVICE] Footprint completado: DOGEUSDT | time=1769294160000 | trades=46 | delta=-41241.0000 | poc=0
2026-01-24 17:37:02 - orderflow_service - INFO - [ORDERFLOW_SERVICE] Footprint completado: PAXGUSDT | time=1769294160000 | trades=16 | delta=1.0080 | poc=1
2026-01-24 17:37:03 - orderflow_service - INFO - [ORDERFLOW_SERVICE] Footprint completado: BTCUSDT | time=1769294160000 | trades=149 | delta=-2.5970 | poc=3
2026-01-24 17:37:03 - orderflow_service - INFO - [ORDERFLOW_SERVICE] Footprint completado: ADAUSDT | time=1769294160000 | trades=3 | delta=5398.0000 | poc=0
2026-01-24 17:37:03 - orderflow_service - INFO - [ORDERFLOW_SERVICE] Footprint completado: XRPUSDT | time=1769294160000 | trades=49 | delta=-2857.4000 | poc=0
2026-01-24 17:37:03 - orderflow_service - INFO - [ORDERFLOW_SERVICE] Footprint completado: ETHUSDT | time=1769294160000 | trades=110 | delta=-112.7800 | poc=0
2026-01-24 17:37:04 - orderflow_service - INFO - [ORDERFLOW_SERVICE] Footprint completado: SOLUSDT | time=1769294160000 | trades=151 | delta=1828.2000 | poc=0
2026-01-24 17:37:04 - orderflow_service - INFO - [ORDERFLOW_SERVICE] Footprint completado: TRXUSDT | time=1769294160000 | trades=8 | delta=1514.0000 | poc=0
2026-01-24 17:37:40 - orderflow_service - INFO - [ORDERFLOW_SERVICE] Footprint completado: TRBUSDT | time=1769294160000 | trades=8 | delta=0.0000 | poc=0
2026-01-24 17:37:53 - orderflow_service - INFO - [ORDERFLOW_SERVICE] Footprint completado: BNBUSDT | time=1769294160000 | trades=1 | delta=-0.1000 | poc=0
2026-01-24 17:38:01 - orderflow_service - INFO - [ORDERFLOW_SERVICE] Footprint completado: ETHUSDT | time=1769294220000 | trades=58 | delta=-16.6100 | poc=0
2026-01-24 17:38:01 - orderflow_service - INFO - [ORDERFLOW_SERVICE] Footprint completado: SOLUSDT | time=1769294220000 | trades=133 | delta=1134.5000 | poc=0
2026-01-24 17:38:01 - orderflow_service - INFO - [ORDERFLOW_SERVICE] Footprint completado: XRPUSDT | time=1769294220000 | trades=13 | delta=566.4000 | poc=0
2026-01-24 17:38:02 - orderflow_service - INFO - [ORDERFLOW_SERVICE] Footprint completado: SUIUSDT | time=1769294220000 | trades=15 | delta=-1680.0000 | poc=3
2026-01-24 17:38:02 - orderflow_service - INFO - [ORDERFLOW_SERVICE] Footprint completado: GALAUSDT | time=1769294220000 | trades=23 | delta=-52848.0000 | poc=0
2026-01-24 17:38:02 - orderflow_service - INFO - [ORDERFLOW_SERVICE] Footprint completado: DOGEUSDT | time=1769294220000 | trades=33 | delta=-28238.0000 | poc=0
2026-01-24 17:38:02 - orderflow_service - INFO - [ORDERFLOW_SERVICE] Footprint completado: ADAUSDT | time=1769294220000 | trades=32 | delta=18322.0000 | poc=0
2026-01-24 17:38:02 - orderflow_service - INFO - [ORDERFLOW_SERVICE] Footprint completado: BTCUSDT | time=1769294220000 | trades=98 | delta=2.8410 | poc=0
2026-01-24 17:38:02 - orderflow_service - INFO - [ORDERFLOW_SERVICE] Footprint completado: TRBUSDT | time=1769294220000 | trades=8 | delta=-0.0000 | poc=0
2026-01-24 17:38:03 - orderflow_service - INFO - [ORDERFLOW_SERVICE] Footprint completado: PAXGUSDT | time=1769294220000 | trades=26 | delta=-1.3930 | poc=1
2026-01-24 17:38:04 - orderflow_service - INFO - [ORDERFLOW_SERVICE] Footprint completado: BNBUSDT | time=1769294220000 | trades=1 | delta=-0.0100 | poc=0
2026-01-24 17:38:07 - orderflow_service - INFO - [ORDERFLOW_SERVICE] Footprint completado: TRXUSDT | time=1769294220000 | trades=5 | delta=982.0000 | poc=0
2026-01-24 17:38:42 - orderflow_service - INFO - [ORDERFLOW_SERVICE] Footprint completado: POLUSDT | time=1769294160000 | trades=79 | delta=11010.0000 | poc=0
2026-01-24 17:39:01 - orderflow_service - INFO - [ORDERFLOW_SERVICE] Footprint completado: SOLUSDT | time=1769294280000 | trades=412 | delta=1547.4000 | poc=0
2026-01-24 17:39:01 - orderflow_service - INFO - [ORDERFLOW_SERVICE] Footprint completado: GALAUSDT | time=1769294280000 | trades=15 | delta=-439.0000 | poc=0
2026-01-24 17:39:02 - orderflow_service - INFO - [ORDERFLOW_SERVICE] Footprint completado: PAXGUSDT | time=1769294280000 | trades=46 | delta=0.3150 | poc=3
2026-01-24 17:39:02 - orderflow_service - INFO - [ORDERFLOW_SERVICE] Footprint completado: ETHUSDT | time=1769294280000 | trades=380 | delta=114.8900 | poc=1
2026-01-24 17:39:02 - orderflow_service - INFO - [ORDERFLOW_SERVICE] Footprint completado: TRXUSDT | time=1769294280000 | trades=13 | delta=9680.0000 | poc=0
2026-01-24 17:39:04 - orderflow_service - INFO - [ORDERFLOW_SERVICE] Footprint completado: BTCUSDT | time=1769294280000 | trades=186 | delta=-2.2680 | poc=11
2026-01-24 17:39:04 - orderflow_service - INFO - [ORDERFLOW_SERVICE] Footprint completado: XRPUSDT | time=1769294280000 | trades=66 | delta=10988.9000 | poc=0
2026-01-24 17:39:06 - orderflow_service - INFO - [ORDERFLOW_SERVICE] Footprint completado: POLUSDT | time=1769294280000 | trades=30 | delta=9426.0000 | poc=0
2026-01-24 17:39:07 - orderflow_service - INFO - [ORDERFLOW_SERVICE] Footprint completado: SUIUSDT | time=1769294280000 | trades=47 | delta=620.0000 | poc=9
2026-01-24 17:39:07 - orderflow_service - INFO - [ORDERFLOW_SERVICE] Footprint completado: ADAUSDT | time=1769294280000 | trades=54 | delta=47435.0000 | poc=0
2026-01-24 17:39:09 - orderflow_service - INFO - [ORDERFLOW_SERVICE] Footprint completado: DOGEUSDT | time=1769294280000 | trades=53 | delta=-24505.0000 | poc=0
2026-01-24 17:39:35 - orderflow_service - INFO - [ORDERFLOW_SERVICE] Footprint completado: BNBUSDT | time=1769294280000 | trades=2 | delta=0.0100 | poc=0
2026-01-24 17:39:45 - orderflow_service - INFO - [ORDERFLOW_SERVICE] Footprint completado: TRBUSDT | time=1769294280000 | trades=9 | delta=-1.3900 | poc=1
2026-01-24 17:40:01 - orderflow_service - INFO - [ORDERFLOW_SERVICE] Footprint completado: POLUSDT | time=1769294340000 | trades=7 | delta=-953.0000 | poc=0
2026-01-24 17:40:01 - orderflow_service - INFO - [ORDERFLOW_SERVICE] Footprint completado: POLUSDT | time=1769294100000 | trades=126 | delta=23290.0000 | poc=0
2026-01-24 17:40:01 - orderflow_service - INFO - [ORDERFLOW_SERVICE] Footprint completado: GALAUSDT | time=1769294340000 | trades=13 | delta=115998.0000 | poc=0
2026-01-24 17:40:01 - orderflow_service - INFO - [ORDERFLOW_SERVICE] Footprint completado: GALAUSDT | time=1769294100000 | trades=84 | delta=139011.0000 | poc=0
2026-01-24 17:40:01 - orderflow_service - INFO - [ORDERFLOW_SERVICE] Footprint completado: SOLUSDT | time=1769294340000 | trades=135 | delta=-1242.1000 | poc=1
2026-01-24 17:40:01 - orderflow_service - INFO - [ORDERFLOW_SERVICE] Footprint completado: SOLUSDT | time=1769294100000 | trades=1003 | delta=5007.7000 | poc=1
2026-01-24 17:40:01 - orderflow_service - INFO - [ORDERFLOW_SERVICE] Footprint completado: PAXGUSDT | time=1769294340000 | trades=56 | delta=0.1680 | poc=2
2026-01-24 17:40:02 - orderflow_service - INFO - [ORDERFLOW_SERVICE] Footprint completado: PAXGUSDT | time=1769294100000 | trades=201 | delta=1.9840 | poc=8
2026-01-24 17:40:02 - orderflow_service - INFO - [ORDERFLOW_SERVICE] Footprint completado: ETHUSDT | time=1769294340000 | trades=131 | delta=-9.7900 | poc=0
2026-01-24 17:40:02 - orderflow_service - INFO - [ORDERFLOW_SERVICE] Footprint completado: ETHUSDT | time=1769294100000 | trades=836 | delta=-33.5300 | poc=1
2026-01-24 17:40:02 - orderflow_service - INFO - [ORDERFLOW_SERVICE] Footprint completado: BTCUSDT | time=1769294340000 | trades=55 | delta=-1.1920 | poc=0
2026-01-24 17:40:03 - orderflow_service - INFO - [ORDERFLOW_SERVICE] Footprint completado: BTCUSDT | time=1769294100000 | trades=552 | delta=-5.4100 | poc=5
2026-01-24 17:40:03 - orderflow_service - INFO - [ORDERFLOW_SERVICE] Footprint completado: XRPUSDT | time=1769294340000 | trades=32 | delta=-2094.2000 | poc=0
2026-01-24 17:40:03 - orderflow_service - INFO - [ORDERFLOW_SERVICE] Footprint completado: XRPUSDT | time=1769294100000 | trades=180 | delta=7688.5000 | poc=0
2026-01-24 17:40:03 - orderflow_service - INFO - [ORDERFLOW_SERVICE] Footprint completado: SUIUSDT | time=1769294340000 | trades=185 | delta=39140.0000 | poc=7
2026-01-24 17:40:03 - orderflow_service - INFO - [ORDERFLOW_SERVICE] Footprint completado: SUIUSDT | time=1769294100000 | trades=283 | delta=39730.0000 | poc=24
2026-01-24 17:40:03 - orderflow_service - INFO - [ORDERFLOW_SERVICE] Footprint completado: BNBUSDT | time=1769294340000 | trades=1 | delta=0.0200 | poc=0
2026-01-24 17:40:03 - orderflow_service - INFO - [ORDERFLOW_SERVICE] Footprint completado: BNBUSDT | time=1769294100000 | trades=17 | delta=-1.0800 | poc=0
2026-01-24 17:40:03 - orderflow_service - INFO - [ORDERFLOW_SERVICE] Footprint completado: DOGEUSDT | time=1769294340000 | trades=15 | delta=-5812.0000 | poc=0
2026-01-24 17:40:03 - orderflow_service - INFO - [ORDERFLOW_SERVICE] Footprint completado: DOGEUSDT | time=1769294100000 | trades=280 | delta=-298527.0000 | poc=0
2026-01-24 17:40:03 - orderflow_service - INFO - [ORDERFLOW_SERVICE] Footprint completado: TRXUSDT | time=1769294340000 | trades=4 | delta=-173.0000 | poc=0
2026-01-24 17:40:03 - orderflow_service - INFO - [ORDERFLOW_SERVICE] Footprint completado: TRXUSDT | time=1769294100000 | trades=57 | delta=13445.0000 | poc=0
2026-01-24 17:40:03 - orderflow_service - INFO - [ORDERFLOW_SERVICE] Footprint completado: ADAUSDT | time=1769294340000 | trades=9 | delta=1550.0000 | poc=0
2026-01-24 17:40:03 - orderflow_service - INFO - [ORDERFLOW_SERVICE] Footprint completado: ADAUSDT | time=1769294100000 | trades=104 | delta=72697.0000 | poc=0
2026-01-24 17:40:49 - orderflow_service - INFO - [ORDERFLOW_SERVICE] Footprint completado: TRBUSDT | time=1769294340000 | trades=5 | delta=0.0000 | poc=0
2026-01-24 17:40:49 - orderflow_service - INFO - [ORDERFLOW_SERVICE] Footprint completado: TRBUSDT | time=1769294100000 | trades=37 | delta=-1.3900 | poc=1
2026-01-24 17:41:01 - orderflow_service - INFO - [ORDERFLOW_SERVICE] Footprint completado: ETHUSDT | time=1769294400000 | trades=205 | delta=-50.0400 | poc=0
2026-01-24 17:41:01 - orderflow_service - INFO - [ORDERFLOW_SERVICE] Footprint completado: PAXGUSDT | time=1769294400000 | trades=11 | delta=-0.0450 | poc=7
2026-01-24 17:41:02 - orderflow_service - INFO - [ORDERFLOW_SERVICE] Footprint completado: POLUSDT | time=1769294400000 | trades=32 | delta=-5186.0000 | poc=0
2026-01-24 17:41:02 - orderflow_service - INFO - [ORDERFLOW_SERVICE] Footprint completado: DOGEUSDT | time=1769294400000 | trades=49 | delta=-35664.0000 | poc=0
2026-01-24 17:41:02 - orderflow_service - INFO - [ORDERFLOW_SERVICE] Footprint completado: SUIUSDT | time=1769294400000 | trades=31 | delta=-4350.0000 | poc=2
2026-01-24 17:41:03 - orderflow_service - INFO - [ORDERFLOW_SERVICE] Footprint completado: BTCUSDT | time=1769294400000 | trades=342 | delta=-4.8570 | poc=6
2026-01-24 17:41:03 - orderflow_service - INFO - [ORDERFLOW_SERVICE] Footprint completado: GALAUSDT | time=1769294400000 | trades=106 | delta=-1525034.0000 | poc=0
2026-01-24 17:41:03 - orderflow_service - INFO - [ORDERFLOW_SERVICE] Footprint completado: SOLUSDT | time=1769294400000 | trades=194 | delta=-690.4000 | poc=0
2026-01-24 17:41:04 - orderflow_service - INFO - [ORDERFLOW_SERVICE] Footprint completado: TRXUSDT | time=1769294400000 | trades=25 | delta=3822.0000 | poc=0
2026-01-24 17:41:08 - orderflow_service - INFO - [ORDERFLOW_SERVICE] Footprint completado: XRPUSDT | time=1769294400000 | trades=167 | delta=-41964.6000 | poc=0
2026-01-24 17:41:23 - orderflow_service - INFO - [ORDERFLOW_SERVICE] Footprint completado: BNBUSDT | time=1769294400000 | trades=16 | delta=-10.5500 | poc=0
2026-01-24 17:41:34 - orderflow_service - INFO - [ORDERFLOW_SERVICE] Footprint completado: ADAUSDT | time=1769294400000 | trades=43 | delta=-559.0000 | poc=0
2026-01-24 17:41:45 - orderflow_service - INFO - [ORDERFLOW_SERVICE] Footprint completado: TRBUSDT | time=1769294400000 | trades=7 | delta=0.0000 | poc=0
2026-01-24 17:42:01 - orderflow_service - INFO - [ORDERFLOW_SERVICE] Footprint completado: ETHUSDT | time=1769294460000 | trades=197 | delta=-38.6200 | poc=0
2026-01-24 17:42:01 - orderflow_service - INFO - [ORDERFLOW_SERVICE] Footprint completado: TRXUSDT | time=1769294460000 | trades=59 | delta=45571.0000 | poc=0
2026-01-24 17:42:01 - orderflow_service - INFO - [ORDERFLOW_SERVICE] Footprint completado: POLUSDT | time=1769294460000 | trades=17 | delta=3537.0000 | poc=0
2026-01-24 17:42:01 - orderflow_service - INFO - [ORDERFLOW_SERVICE] Footprint completado: DOGEUSDT | time=1769294460000 | trades=24 | delta=-7501.0000 | poc=0
2026-01-24 17:42:02 - orderflow_service - INFO - [ORDERFLOW_SERVICE] Footprint completado: PAXGUSDT | time=1769294460000 | trades=64 | delta=0.5660 | poc=2
2026-01-24 17:42:02 - orderflow_service - INFO - [ORDERFLOW_SERVICE] Footprint completado: BTCUSDT | time=1769294460000 | trades=76 | delta=-0.0190 | poc=3
2026-01-24 17:42:02 - orderflow_service - INFO - [ORDERFLOW_SERVICE] Footprint completado: XRPUSDT | time=1769294460000 | trades=36 | delta=-13060.8000 | poc=0
2026-01-24 17:42:02 - orderflow_service - INFO - [ORDERFLOW_SERVICE] Footprint completado: ADAUSDT | time=1769294460000 | trades=11 | delta=-5239.0000 | poc=0
2026-01-24 17:42:03 - orderflow_service - INFO - [ORDERFLOW_SERVICE] Footprint completado: SUIUSDT | time=1769294460000 | trades=8 | delta=-180.0000 | poc=0
2026-01-24 17:42:04 - orderflow_service - INFO - [ORDERFLOW_SERVICE] Footprint completado: SOLUSDT | time=1769294460000 | trades=47 | delta=-371.7000 | poc=0
2026-01-24 17:42:06 - orderflow_service - INFO - [ORDERFLOW_SERVICE] Footprint completado: TRBUSDT | time=1769294460000 | trades=4 | delta=-6.5700 | poc=0
2026-01-24 17:42:16 - orderflow_service - INFO - [ORDERFLOW_SERVICE] Footprint completado: GALAUSDT | time=1769294460000 | trades=33 | delta=-58501.0000 | poc=0
2026-01-24 17:42:33 - orderflow_service - INFO - [ORDERFLOW_SERVICE] Footprint completado: BNBUSDT | time=1769294460000 | trades=3 | delta=0.4400 | poc=0
2026-01-24 17:43:01 - orderflow_service - INFO - [ORDERFLOW_SERVICE] Footprint completado: POLUSDT | time=1769294520000 | trades=17 | delta=2050.0000 | poc=0
2026-01-24 17:43:01 - orderflow_service - INFO - [ORDERFLOW_SERVICE] Footprint completado: ETHUSDT | time=1769294520000 | trades=247 | delta=-5.0000 | poc=1
2026-01-24 17:43:01 - orderflow_service - INFO - [ORDERFLOW_SERVICE] Footprint completado: PAXGUSDT | time=1769294520000 | trades=43 | delta=1.2850 | poc=1
2026-01-24 17:43:02 - orderflow_service - INFO - [ORDERFLOW_SERVICE] Footprint completado: DOGEUSDT | time=1769294520000 | trades=55 | delta=-195089.0000 | poc=0
2026-01-24 17:43:02 - orderflow_service - INFO - [ORDERFLOW_SERVICE] Footprint completado: SUIUSDT | time=1769294520000 | trades=1 | delta=-20.0000 | poc=0
2026-01-24 17:43:02 - orderflow_service - INFO - [ORDERFLOW_SERVICE] Footprint completado: TRXUSDT | time=1769294520000 | trades=18 | delta=-1444.0000 | poc=0
2026-01-24 17:43:02 - orderflow_service - INFO - [ORDERFLOW_SERVICE] Footprint completado: GALAUSDT | time=1769294520000 | trades=27 | delta=31481.0000 | poc=0
2026-01-24 17:43:03 - orderflow_service - INFO - [ORDERFLOW_SERVICE] Footprint completado: BTCUSDT | time=1769294520000 | trades=77 | delta=-1.6170 | poc=3
2026-01-24 17:43:03 - orderflow_service - INFO - [ORDERFLOW_SERVICE] Footprint completado: XRPUSDT | time=1769294520000 | trades=62 | delta=-4898.8000 | poc=0
2026-01-24 17:43:03 - orderflow_service - INFO - [ORDERFLOW_SERVICE] Footprint completado: ADAUSDT | time=1769294520000 | trades=34 | delta=1899.0000 | poc=0
2026-01-24 17:43:04 - orderflow_service - INFO - [ORDERFLOW_SERVICE] Footprint completado: SOLUSDT | time=1769294520000 | trades=121 | delta=-391.1000 | poc=0
2026-01-24 17:43:43 - orderflow_service - INFO - [ORDERFLOW_SERVICE] Footprint completado: BNBUSDT | time=1769294520000 | trades=4 | delta=1.0100 | poc=0
2026-01-24 17:43:51 - orderflow_service - INFO - [ORDERFLOW_SERVICE] Footprint completado: TRBUSDT | time=1769294520000 | trades=7 | delta=-8.7500 | poc=0
2026-01-24 17:44:01 - orderflow_service - INFO - [ORDERFLOW_SERVICE] Footprint completado: POLUSDT | time=1769294580000 | trades=16 | delta=-6513.0000 | poc=0
2026-01-24 17:44:01 - orderflow_service - INFO - [ORDERFLOW_SERVICE] Footprint completado: XRPUSDT | time=1769294580000 | trades=143 | delta=14944.8000 | poc=0
2026-01-24 17:44:01 - orderflow_service - INFO - [ORDERFLOW_SERVICE] Footprint completado: TRXUSDT | time=1769294580000 | trades=43 | delta=-20651.0000 | poc=0
2026-01-24 17:44:02 - orderflow_service - INFO - [ORDERFLOW_SERVICE] Footprint completado: SOLUSDT | time=1769294580000 | trades=227 | delta=-228.2000 | poc=0
2026-01-24 17:44:02 - orderflow_service - INFO - [ORDERFLOW_SERVICE] Footprint completado: BTCUSDT | time=1769294580000 | trades=241 | delta=-10.0210 | poc=25
2026-01-24 17:44:02 - orderflow_service - INFO - [ORDERFLOW_SERVICE] Footprint completado: PAXGUSDT | time=1769294580000 | trades=37 | delta=0.0920 | poc=2
2026-01-24 17:44:02 - orderflow_service - INFO - [ORDERFLOW_SERVICE] Footprint completado: ETHUSDT | time=1769294580000 | trades=311 | delta=15.1400 | poc=0
2026-01-24 17:44:03 - orderflow_service - INFO - [ORDERFLOW_SERVICE] Footprint completado: ADAUSDT | time=1769294580000 | trades=27 | delta=10737.0000 | poc=0
2026-01-24 17:44:04 - orderflow_service - INFO - [ORDERFLOW_SERVICE] Footprint completado: DOGEUSDT | time=1769294580000 | trades=136 | delta=226320.0000 | poc=0
2026-01-24 17:44:10 - orderflow_service - INFO - [ORDERFLOW_SERVICE] Footprint completado: SUIUSDT | time=1769294580000 | trades=91 | delta=7590.0000 | poc=5
2026-01-24 17:44:11 - orderflow_service - WARNING - [ORDERFLOW_SERVICE] Error enviando alerta: status=500
2026-01-24 17:44:13 - orderflow_service - INFO - [ORDERFLOW_SERVICE] Footprint completado: BNBUSDT | time=1769294580000 | trades=60 | delta=19.8600 | poc=1
2026-01-24 17:44:14 - orderflow_service - INFO - [ORDERFLOW_SERVICE] Footprint completado: TRBUSDT | time=1769294580000 | trades=28 | delta=1.4300 | poc=7
2026-01-24 17:45:01 - orderflow_service - INFO - [ORDERFLOW_SERVICE] Footprint completado: POLUSDT | time=1769294640000 | trades=7 | delta=-4278.0000 | poc=0
2026-01-24 17:45:01 - orderflow_service - INFO - [ORDERFLOW_SERVICE] Footprint completado: POLUSDT | time=1769294400000 | trades=89 | delta=-10390.0000 | poc=0
2026-01-24 17:45:01 - orderflow_service - INFO - [ORDERFLOW_SERVICE] Footprint completado: TRBUSDT | time=1769294640000 | trades=7 | delta=-3.8600 | poc=3
2026-01-24 17:45:01 - orderflow_service - INFO - [ORDERFLOW_SERVICE] Footprint completado: TRBUSDT | time=1769294400000 | trades=53 | delta=-17.7500 | poc=3
2026-01-24 17:45:01 - orderflow_service - INFO - [ORDERFLOW_SERVICE] Footprint completado: SOLUSDT | time=1769294640000 | trades=87 | delta=373.0000 | poc=0
2026-01-24 17:45:01 - orderflow_service - INFO - [ORDERFLOW_SERVICE] Footprint completado: SOLUSDT | time=1769294400000 | trades=676 | delta=-1308.4000 | poc=0
2026-01-24 17:45:02 - orderflow_service - INFO - [ORDERFLOW_SERVICE] Footprint completado: BTCUSDT | time=1769294640000 | trades=174 | delta=-2.1970 | poc=0
2026-01-24 17:45:02 - footprint_calculator - WARNING - Max levels reached for candle 89249.9-89311.2 with step 1.0
2026-01-24 17:45:02 - orderflow_service - INFO - [ORDERFLOW_SERVICE] Footprint completado: BTCUSDT | time=1769294400000 | trades=910 | delta=-18.7110 | poc=32
2026-01-24 17:45:03 - orderflow_service - INFO - [ORDERFLOW_SERVICE] Footprint completado: PAXGUSDT | time=1769294640000 | trades=16 | delta=0.2230 | poc=1
2026-01-24 17:45:03 - orderflow_service - INFO - [ORDERFLOW_SERVICE] Footprint completado: PAXGUSDT | time=1769294400000 | trades=171 | delta=2.1210 | poc=2
2026-01-24 17:45:03 - orderflow_service - INFO - [ORDERFLOW_SERVICE] Footprint completado: DOGEUSDT | time=1769294640000 | trades=10 | delta=-12249.0000 | poc=0
2026-01-24 17:45:03 - orderflow_service - INFO - [ORDERFLOW_SERVICE] Footprint completado: DOGEUSDT | time=1769294400000 | trades=274 | delta=-24183.0000 | poc=0
2026-01-24 17:45:03 - orderflow_service - INFO - [ORDERFLOW_SERVICE] Footprint completado: ETHUSDT | time=1769294640000 | trades=195 | delta=7.7200 | poc=0
2026-01-24 17:45:03 - orderflow_service - INFO - [ORDERFLOW_SERVICE] Footprint completado: ETHUSDT | time=1769294400000 | trades=1155 | delta=-70.8000 | poc=0
2026-01-24 17:45:03 - orderflow_service - INFO - [ORDERFLOW_SERVICE] Footprint completado: SUIUSDT | time=1769294640000 | trades=12 | delta=50.0000 | poc=2
2026-01-24 17:45:03 - orderflow_service - INFO - [ORDERFLOW_SERVICE] Footprint completado: SUIUSDT | time=1769294400000 | trades=143 | delta=3090.0000 | poc=0
2026-01-24 17:45:03 - orderflow_service - INFO - [ORDERFLOW_SERVICE] Footprint completado: GALAUSDT | time=1769294580000 | trades=28 | delta=43111.0000 | poc=0
2026-01-24 17:45:03 - orderflow_service - INFO - [ORDERFLOW_SERVICE] Footprint completado: GALAUSDT | time=1769294400000 | trades=194 | delta=-1508943.0000 | poc=0
2026-01-24 17:45:04 - orderflow_service - INFO - [ORDERFLOW_SERVICE] Footprint completado: TRXUSDT | time=1769294640000 | trades=70 | delta=5641.0000 | poc=0
2026-01-24 17:45:04 - orderflow_service - INFO - [ORDERFLOW_SERVICE] Footprint completado: TRXUSDT | time=1769294400000 | trades=215 | delta=32939.0000 | poc=0
2026-01-24 17:45:04 - orderflow_service - INFO - [ORDERFLOW_SERVICE] Footprint completado: XRPUSDT | time=1769294640000 | trades=114 | delta=16116.4000 | poc=0
2026-01-24 17:45:04 - orderflow_service - INFO - [ORDERFLOW_SERVICE] Footprint completado: XRPUSDT | time=1769294400000 | trades=522 | delta=-28863.0000 | poc=0
2026-01-24 17:45:04 - orderflow_service - INFO - [ORDERFLOW_SERVICE] Footprint completado: ADAUSDT | time=1769294640000 | trades=8 | delta=864.0000 | poc=0
2026-01-24 17:45:04 - orderflow_service - INFO - [ORDERFLOW_SERVICE] Footprint completado: ADAUSDT | time=1769294400000 | trades=123 | delta=7702.0000 | poc=0
2026-01-24 17:45:48 - orderflow_service - INFO - [ORDERFLOW_SERVICE] Footprint completado: BNBUSDT | time=1769294640000 | trades=31 | delta=1.5300 | poc=0
2026-01-24 17:45:48 - orderflow_service - INFO - [ORDERFLOW_SERVICE] Footprint completado: BNBUSDT | time=1769294400000 | trades=114 | delta=12.2900 | poc=1
2026-01-24 17:46:01 - footprint_calculator - WARNING - Max levels reached for candle 89254.1-89315.6 with step 1.0
2026-01-24 17:46:01 - orderflow_service - INFO - [ORDERFLOW_SERVICE] Footprint completado: BTCUSDT | time=1769294700000 | trades=557 | delta=4.1290 | poc=28
2026-01-24 17:46:02 - orderflow_service - INFO - [ORDERFLOW_SERVICE] Footprint completado: SUIUSDT | time=1769294700000 | trades=22 | delta=760.0000 | poc=4
2026-01-24 17:46:02 - orderflow_service - INFO - [ORDERFLOW_SERVICE] Footprint completado: PAXGUSDT | time=1769294700000 | trades=22 | delta=-0.0940 | poc=2
2026-01-24 17:46:02 - orderflow_service - INFO - [ORDERFLOW_SERVICE] Footprint completado: XRPUSDT | time=1769294700000 | trades=50 | delta=5802.1000 | poc=0
2026-01-24 17:46:02 - orderflow_service - INFO - [ORDERFLOW_SERVICE] Footprint completado: ETHUSDT | time=1769294700000 | trades=172 | delta=343.3500 | poc=0
2026-01-24 17:46:03 - orderflow_service - INFO - [ORDERFLOW_SERVICE] Footprint completado: SOLUSDT | time=1769294700000 | trades=154 | delta=242.9000 | poc=0
2026-01-24 17:46:03 - orderflow_service - INFO - [ORDERFLOW_SERVICE] Footprint completado: ADAUSDT | time=1769294700000 | trades=24 | delta=13108.0000 | poc=0
2026-01-24 17:46:05 - orderflow_service - INFO - [ORDERFLOW_SERVICE] Limpieza periodica: 6 footprints eliminados
2026-01-24 17:46:05 - orderflow_service - INFO - [ORDERFLOW_SERVICE] Footprint completado: TRBUSDT | time=1769294700000 | trades=4 | delta=-2.2800 | poc=0
2026-01-24 17:46:12 - orderflow_service - INFO - [ORDERFLOW_SERVICE] Footprint completado: GALAUSDT | time=1769294700000 | trades=24 | delta=179715.0000 | poc=0
2026-01-24 17:46:21 - orderflow_service - INFO - [ORDERFLOW_SERVICE] Footprint completado: BNBUSDT | time=1769294700000 | trades=2 | delta=-0.0100 | poc=0
2026-01-24 17:46:34 - orderflow_service - INFO - [ORDERFLOW_SERVICE] Footprint completado: TRXUSDT | time=1769294700000 | trades=174 | delta=27028.0000 | poc=0
2026-01-24 17:46:52 - orderflow_service - INFO - [ORDERFLOW_SERVICE] Footprint completado: POLUSDT | time=1769294700000 | trades=20 | delta=19404.0000 | poc=0
2026-01-24 17:47:01 - orderflow_service - INFO - [ORDERFLOW_SERVICE] Footprint completado: PAXGUSDT | time=1769294760000 | trades=62 | delta=-1.9330 | poc=1
2026-01-24 17:47:02 - orderflow_service - INFO - [ORDERFLOW_SERVICE] Footprint completado: SOLUSDT | time=1769294760000 | trades=313 | delta=-883.5000 | poc=0
2026-01-24 17:47:02 - orderflow_service - INFO - [ORDERFLOW_SERVICE] Footprint completado: XRPUSDT | time=1769294760000 | trades=115 | delta=11580.9000 | poc=0
2026-01-24 17:47:03 - orderflow_service - INFO - [ORDERFLOW_SERVICE] Footprint completado: DOGEUSDT | time=1769294700000 | trades=71 | delta=92787.0000 | poc=0
2026-01-24 17:47:04 - orderflow_service - INFO - [ORDERFLOW_SERVICE] Footprint completado: SUIUSDT | time=1769294760000 | trades=154 | delta=41260.0000 | poc=16
2026-01-24 17:47:05 - orderflow_service - INFO - [ORDERFLOW_SERVICE] Footprint completado: ETHUSDT | time=1769294760000 | trades=323 | delta=309.1000 | poc=0
2026-01-24 17:47:07 - orderflow_service - INFO - [ORDERFLOW_SERVICE] Footprint completado: TRXUSDT | time=1769294760000 | trades=8 | delta=-7283.0000 | poc=0
2026-01-24 17:47:08 - orderflow_service - INFO - [ORDERFLOW_SERVICE] Footprint completado: TRBUSDT | time=1769294760000 | trades=9 | delta=-0.0000 | poc=3
2026-01-24 17:47:13 - orderflow_service - INFO - [ORDERFLOW_SERVICE] Footprint completado: BTCUSDT | time=1769294760000 | trades=99 | delta=0.3760 | poc=12
2026-01-24 17:47:32 - orderflow_service - INFO - [ORDERFLOW_SERVICE] Footprint completado: ADAUSDT | time=1769294760000 | trades=12 | delta=594.0000 | poc=0
2026-01-24 17:47:52 - orderflow_service - INFO - [ORDERFLOW_SERVICE] Footprint completado: POLUSDT | time=1769294760000 | trades=6 | delta=2972.0000 | poc=0
2026-01-24 17:47:53 - orderflow_service - INFO - [ORDERFLOW_SERVICE] Footprint completado: GALAUSDT | time=1769294760000 | trades=25 | delta=620382.0000 | poc=0
2026-01-24 17:48:01 - orderflow_service - INFO - [ORDERFLOW_SERVICE] Footprint completado: SOLUSDT | time=1769294820000 | trades=612 | delta=7573.9000 | poc=1
2026-01-24 17:48:01 - orderflow_service - INFO - [ORDERFLOW_SERVICE] Footprint completado: POLUSDT | time=1769294820000 | trades=10 | delta=2698.0000 | poc=0
2026-01-24 17:48:01 - orderflow_service - INFO - [ORDERFLOW_SERVICE] Footprint completado: PAXGUSDT | time=1769294820000 | trades=63 | delta=0.5700 | poc=6
2026-01-24 17:48:02 - orderflow_service - INFO - [ORDERFLOW_SERVICE] Footprint completado: ADAUSDT | time=1769294820000 | trades=7 | delta=1034.0000 | poc=0
2026-01-24 17:48:02 - orderflow_service - INFO - [ORDERFLOW_SERVICE] Footprint completado: GALAUSDT | time=1769294820000 | trades=26 | delta=489587.0000 | poc=0
2026-01-24 17:48:03 - orderflow_service - INFO - [ORDERFLOW_SERVICE] Footprint completado: SUIUSDT | time=1769294820000 | trades=15 | delta=-11850.0000 | poc=1
2026-01-24 17:48:04 - orderflow_service - INFO - [ORDERFLOW_SERVICE] Footprint completado: XRPUSDT | time=1769294820000 | trades=37 | delta=-1874.8000 | poc=0
2026-01-24 17:48:04 - orderflow_service - INFO - [ORDERFLOW_SERVICE] Footprint completado: DOGEUSDT | time=1769294820000 | trades=46 | delta=-169179.0000 | poc=0
2026-01-24 17:48:05 - orderflow_service - INFO - [ORDERFLOW_SERVICE] Footprint completado: ETHUSDT | time=1769294820000 | trades=542 | delta=233.5400 | poc=1
2026-01-24 17:48:06 - orderflow_service - INFO - [ORDERFLOW_SERVICE] Footprint completado: BTCUSDT | time=1769294820000 | trades=32 | delta=0.4120 | poc=0
2026-01-24 17:48:11 - orderflow_service - INFO - [ORDERFLOW_SERVICE] Footprint completado: TRBUSDT | time=1769294820000 | trades=7 | delta=-0.0000 | poc=0
2026-01-24 17:48:11 - orderflow_service - INFO - [ORDERFLOW_SERVICE] Footprint completado: BNBUSDT | time=1769294760000 | trades=13 | delta=4.9900 | poc=0
2026-01-24 17:49:01 - orderflow_service - INFO - [ORDERFLOW_SERVICE] Footprint completado: GALAUSDT | time=1769294880000 | trades=48 | delta=589249.0000 | poc=0
2026-01-24 17:49:02 - orderflow_service - INFO - [ORDERFLOW_SERVICE] Footprint completado: ETHUSDT | time=1769294880000 | trades=128 | delta=2.3800 | poc=0
2026-01-24 17:49:02 - orderflow_service - INFO - [ORDERFLOW_SERVICE] Footprint completado: POLUSDT | time=1769294880000 | trades=37 | delta=15489.0000 | poc=0
2026-01-24 17:49:02 - orderflow_service - INFO - [ORDERFLOW_SERVICE] Footprint completado: PAXGUSDT | time=1769294880000 | trades=50 | delta=4.8920 | poc=1
2026-01-24 17:49:03 - orderflow_service - INFO - [ORDERFLOW_SERVICE] Footprint completado: BNBUSDT | time=1769294880000 | trades=17 | delta=87.6700 | poc=0
2026-01-24 17:49:03 - orderflow_service - INFO - [ORDERFLOW_SERVICE] Footprint completado: DOGEUSDT | time=1769294880000 | trades=16 | delta=2820.0000 | poc=0
2026-01-24 17:49:03 - orderflow_service - INFO - [ORDERFLOW_SERVICE] Footprint completado: XRPUSDT | time=1769294880000 | trades=37 | delta=-7141.8000 | poc=0
2026-01-24 17:49:04 - orderflow_service - INFO - [ORDERFLOW_SERVICE] Footprint completado: SUIUSDT | time=1769294880000 | trades=37 | delta=920.0000 | poc=4
2026-01-24 17:49:04 - orderflow_service - INFO - [ORDERFLOW_SERVICE] Footprint completado: ADAUSDT | time=1769294880000 | trades=32 | delta=15168.0000 | poc=0
2026-01-24 17:49:04 - orderflow_service - INFO - [ORDERFLOW_SERVICE] Footprint completado: BTCUSDT | time=1769294880000 | trades=69 | delta=0.4450 | poc=0
2026-01-24 17:49:11 - orderflow_service - INFO - [ORDERFLOW_SERVICE] Footprint completado: SOLUSDT | time=1769294880000 | trades=389 | delta=-859.9000 | poc=0
2026-01-24 17:50:01 - orderflow_service - INFO - [ORDERFLOW_SERVICE] Footprint completado: XRPUSDT | time=1769294940000 | trades=67 | delta=9650.5000 | poc=0
2026-01-24 17:50:01 - orderflow_service - INFO - [ORDERFLOW_SERVICE] Footprint completado: XRPUSDT | time=1769294700000 | trades=306 | delta=18016.9000 | poc=0
2026-01-24 17:50:01 - orderflow_service - INFO - [ORDERFLOW_SERVICE] Footprint completado: ETHUSDT | time=1769294940000 | trades=124 | delta=-19.7300 | poc=0
2026-01-24 17:50:01 - orderflow_service - INFO - [ORDERFLOW_SERVICE] Footprint completado: ETHUSDT | time=1769294700000 | trades=1289 | delta=868.6400 | poc=1
2026-01-24 17:50:01 - orderflow_service - INFO - [ORDERFLOW_SERVICE] Footprint completado: POLUSDT | time=1769294940000 | trades=22 | delta=18737.0000 | poc=0
2026-01-24 17:50:01 - orderflow_service - INFO - [ORDERFLOW_SERVICE] Footprint completado: POLUSDT | time=1769294700000 | trades=95 | delta=59300.0000 | poc=0
2026-01-24 17:50:01 - orderflow_service - INFO - [ORDERFLOW_SERVICE] Footprint completado: SOLUSDT | time=1769294940000 | trades=472 | delta=2030.0000 | poc=0
2026-01-24 17:50:02 - orderflow_service - INFO - [ORDERFLOW_SERVICE] Footprint completado: SOLUSDT | time=1769294700000 | trades=1940 | delta=8103.4000 | poc=1
2026-01-24 17:50:02 - orderflow_service - INFO - [ORDERFLOW_SERVICE] Footprint completado: TRXUSDT | time=1769294820000 | trades=1 | delta=33.0000 | poc=0
2026-01-24 17:50:02 - orderflow_service - INFO - [ORDERFLOW_SERVICE] Footprint completado: TRXUSDT | time=1769294700000 | trades=183 | delta=19778.0000 | poc=0
2026-01-24 17:50:02 - orderflow_service - INFO - [ORDERFLOW_SERVICE] Footprint completado: PAXGUSDT | time=1769294940000 | trades=55 | delta=2.3400 | poc=3
2026-01-24 17:50:02 - orderflow_service - INFO - [ORDERFLOW_SERVICE] Footprint completado: PAXGUSDT | time=1769294700000 | trades=252 | delta=5.7750 | poc=1
2026-01-24 17:50:03 - orderflow_service - INFO - [ORDERFLOW_SERVICE] Footprint completado: BTCUSDT | time=1769294940000 | trades=83 | delta=-0.3750 | poc=0
2026-01-24 17:50:03 - footprint_calculator - WARNING - Max levels reached for candle 89254.1-89332.0 with step 1.0
2026-01-24 17:50:03 - orderflow_service - INFO - [ORDERFLOW_SERVICE] Footprint completado: BTCUSDT | time=1769294700000 | trades=840 | delta=4.9870 | poc=49
2026-01-24 17:50:03 - orderflow_service - INFO - [ORDERFLOW_SERVICE] Footprint completado: GALAUSDT | time=1769294940000 | trades=50 | delta=387067.0000 | poc=0
2026-01-24 17:50:04 - orderflow_service - INFO - [ORDERFLOW_SERVICE] Footprint completado: GALAUSDT | time=1769294700000 | trades=173 | delta=2266000.0000 | poc=0
2026-01-24 17:50:04 - orderflow_service - INFO - [ORDERFLOW_SERVICE] Footprint completado: BNBUSDT | time=1769294940000 | trades=15 | delta=4.6100 | poc=0
2026-01-24 17:50:04 - orderflow_service - INFO - [ORDERFLOW_SERVICE] Footprint completado: BNBUSDT | time=1769294700000 | trades=47 | delta=97.2600 | poc=0
2026-01-24 17:50:06 - orderflow_service - INFO - [ORDERFLOW_SERVICE] Footprint completado: SUIUSDT | time=1769294940000 | trades=50 | delta=1150.0000 | poc=13
2026-01-24 17:50:06 - orderflow_service - INFO - [ORDERFLOW_SERVICE] Footprint completado: SUIUSDT | time=1769294700000 | trades=278 | delta=32240.0000 | poc=22
2026-01-24 17:50:10 - orderflow_service - INFO - [ORDERFLOW_SERVICE] Footprint completado: ADAUSDT | time=1769294940000 | trades=56 | delta=64361.0000 | poc=0
2026-01-24 17:50:10 - orderflow_service - INFO - [ORDERFLOW_SERVICE] Footprint completado: ADAUSDT | time=1769294700000 | trades=131 | delta=94265.0000 | poc=0
2026-01-24 17:50:16 - orderflow_service - INFO - [ORDERFLOW_SERVICE] Footprint completado: DOGEUSDT | time=1769294940000 | trades=65 | delta=-44231.0000 | poc=0
2026-01-24 17:50:16 - orderflow_service - INFO - [ORDERFLOW_SERVICE] Footprint completado: DOGEUSDT | time=1769294700000 | trades=198 | delta=-117803.0000 | poc=0
2026-01-24 17:51:01 - orderflow_service - INFO - [ORDERFLOW_SERVICE] Footprint completado: XRPUSDT | time=1769295000000 | trades=119 | delta=29350.4000 | poc=0
2026-01-24 17:51:02 - orderflow_service - INFO - [ORDERFLOW_SERVICE] Footprint completado: BTCUSDT | time=1769295000000 | trades=76 | delta=1.2610 | poc=6
2026-01-24 17:51:02 - orderflow_service - INFO - [ORDERFLOW_SERVICE] Footprint completado: PAXGUSDT | time=1769295000000 | trades=65 | delta=-0.2930 | poc=6
2026-01-24 17:51:03 - orderflow_service - WARNING - [ORDERFLOW_SERVICE] Error enviando alerta: status=500
2026-01-24 17:51:03 - orderflow_service - INFO - [ORDERFLOW_SERVICE] Footprint completado: POLUSDT | time=1769295000000 | trades=40 | delta=6969.0000 | poc=0
2026-01-24 17:51:03 - orderflow_service - INFO - [ORDERFLOW_SERVICE] Footprint completado: SOLUSDT | time=1769295000000 | trades=262 | delta=1055.0000 | poc=0
2026-01-24 17:51:03 - orderflow_service - INFO - [ORDERFLOW_SERVICE] Footprint completado: TRBUSDT | time=1769294880000 | trades=6 | delta=0.0000 | poc=0
2026-01-24 17:51:04 - orderflow_service - INFO - [ORDERFLOW_SERVICE] Footprint completado: TRBUSDT | time=1769294700000 | trades=26 | delta=-2.2800 | poc=1
2026-01-24 17:51:04 - orderflow_service - INFO - [ORDERFLOW_SERVICE] Footprint completado: DOGEUSDT | time=1769295000000 | trades=54 | delta=43247.0000 | poc=0
2026-01-24 17:51:04 - orderflow_service - INFO - [ORDERFLOW_SERVICE] Footprint completado: ETHUSDT | time=1769295000000 | trades=153 | delta=-9.6300 | poc=0
2026-01-24 17:51:07 - orderflow_service - INFO - [ORDERFLOW_SERVICE] Footprint completado: GALAUSDT | time=1769295000000 | trades=60 | delta=26761.0000 | poc=0
2026-01-24 17:51:16 - orderflow_service - INFO - [ORDERFLOW_SERVICE] Footprint completado: ADAUSDT | time=1769295000000 | trades=98 | delta=3455.0000 | poc=0
2026-01-24 17:51:17 - orderflow_service - INFO - [ORDERFLOW_SERVICE] Footprint completado: SUIUSDT | time=1769295000000 | trades=40 | delta=1340.0000 | poc=4
2026-01-24 17:51:22 - orderflow_service - INFO - [ORDERFLOW_SERVICE] Footprint completado: TRXUSDT | time=1769295000000 | trades=3 | delta=26.0000 | poc=0
2026-01-24 17:51:31 - orderflow_service - INFO - [ORDERFLOW_SERVICE] Footprint completado: BNBUSDT | time=1769295000000 | trades=17 | delta=-0.4400 | poc=0
2026-01-24 17:52:01 - orderflow_service - INFO - [ORDERFLOW_SERVICE] Footprint completado: SOLUSDT | time=1769295060000 | trades=537 | delta=725.9000 | poc=0
2026-01-24 17:52:01 - orderflow_service - INFO - [ORDERFLOW_SERVICE] Footprint completado: XRPUSDT | time=1769295060000 | trades=30 | delta=-6524.1000 | poc=0
2026-01-24 17:52:02 - orderflow_service - INFO - [ORDERFLOW_SERVICE] Footprint completado: BTCUSDT | time=1769295060000 | trades=572 | delta=-27.8060 | poc=2
2026-01-24 17:52:02 - orderflow_service - INFO - [ORDERFLOW_SERVICE] Footprint completado: SUIUSDT | time=1769295060000 | trades=85 | delta=-10210.0000 | poc=8
2026-01-24 17:52:02 - orderflow_service - INFO - [ORDERFLOW_SERVICE] Footprint completado: GALAUSDT | time=1769295060000 | trades=26 | delta=-125958.0000 | poc=0
2026-01-24 17:52:02 - orderflow_service - INFO - [ORDERFLOW_SERVICE] Footprint completado: PAXGUSDT | time=1769295060000 | trades=31 | delta=0.5540 | poc=0
2026-01-24 17:52:02 - orderflow_service - INFO - [ORDERFLOW_SERVICE] Footprint completado: TRXUSDT | time=1769295060000 | trades=22 | delta=-2597.0000 | poc=0
2026-01-24 17:52:03 - orderflow_service - INFO - [ORDERFLOW_SERVICE] Footprint completado: ETHUSDT | time=1769295060000 | trades=237 | delta=34.9000 | poc=1
2026-01-24 17:52:06 - orderflow_service - INFO - [ORDERFLOW_SERVICE] Footprint completado: ADAUSDT | time=1769295060000 | trades=192 | delta=178740.0000 | poc=1
2026-01-24 17:52:11 - orderflow_service - INFO - [ORDERFLOW_SERVICE] Footprint completado: DOGEUSDT | time=1769295060000 | trades=108 | delta=-257607.0000 | poc=0
2026-01-24 17:52:22 - orderflow_service - INFO - [ORDERFLOW_SERVICE] Footprint completado: TRBUSDT | time=1769295060000 | trades=23 | delta=-34.9100 | poc=0
2026-01-24 17:52:30 - orderflow_service - INFO - [ORDERFLOW_SERVICE] Footprint completado: BNBUSDT | time=1769295060000 | trades=2 | delta=0.0700 | poc=0
2026-01-24 17:53:01 - orderflow_service - INFO - [ORDERFLOW_SERVICE] Footprint completado: TRXUSDT | time=1769295120000 | trades=8 | delta=-277.0000 | poc=0
2026-01-24 17:53:02 - orderflow_service - INFO - [ORDERFLOW_SERVICE] Footprint completado: ETHUSDT | time=1769295120000 | trades=247 | delta=-64.9300 | poc=1
2026-01-24 17:53:02 - orderflow_service - INFO - [ORDERFLOW_SERVICE] Footprint completado: SOLUSDT | time=1769295120000 | trades=213 | delta=1062.2000 | poc=0
2026-01-24 17:53:02 - orderflow_service - INFO - [ORDERFLOW_SERVICE] Footprint completado: XRPUSDT | time=1769295120000 | trades=58 | delta=-4715.6000 | poc=0
2026-01-24 17:53:03 - orderflow_service - INFO - [ORDERFLOW_SERVICE] Footprint completado: PAXGUSDT | time=1769295120000 | trades=43 | delta=-0.6630 | poc=0
2026-01-24 17:53:03 - orderflow_service - INFO - [ORDERFLOW_SERVICE] Footprint completado: SUIUSDT | time=1769295120000 | trades=67 | delta=-3450.0000 | poc=1
2026-01-24 17:53:04 - orderflow_service - INFO - [ORDERFLOW_SERVICE] Footprint completado: GALAUSDT | time=1769295120000 | trades=37 | delta=-459990.0000 | poc=0
2026-01-24 17:53:05 - orderflow_service - INFO - [ORDERFLOW_SERVICE] Footprint completado: BTCUSDT | time=1769295120000 | trades=52 | delta=-0.0670 | poc=0
2026-01-24 17:53:08 - orderflow_service - INFO - [ORDERFLOW_SERVICE] Footprint completado: DOGEUSDT | time=1769295120000 | trades=34 | delta=-15200.0000 | poc=0
2026-01-24 17:53:26 - orderflow_service - INFO - [ORDERFLOW_SERVICE] Footprint completado: ADAUSDT | time=1769295120000 | trades=35 | delta=-5019.0000 | poc=0
2026-01-24 17:53:37 - orderflow_service - INFO - [ORDERFLOW_SERVICE] Footprint completado: TRBUSDT | time=1769295120000 | trades=7 | delta=-0.0000 | poc=4
2026-01-24 17:53:42 - orderflow_service - INFO - [ORDERFLOW_SERVICE] Footprint completado: BNBUSDT | time=1769295120000 | trades=22 | delta=-9.8800 | poc=0
2026-01-24 17:54:01 - orderflow_service - INFO - [ORDERFLOW_SERVICE] Footprint completado: TRXUSDT | time=1769295180000 | trades=2 | delta=-69.0000 | poc=0
2026-01-24 17:54:02 - orderflow_service - INFO - [ORDERFLOW_SERVICE] Footprint completado: BTCUSDT | time=1769295180000 | trades=56 | delta=-1.0710 | poc=5
2026-01-24 17:54:02 - orderflow_service - INFO - [ORDERFLOW_SERVICE] Footprint completado: PAXGUSDT | time=1769295180000 | trades=63 | delta=-0.6160 | poc=2
2026-01-24 17:54:02 - orderflow_service - INFO - [ORDERFLOW_SERVICE] Footprint completado: SUIUSDT | time=1769295180000 | trades=3 | delta=420.0000 | poc=0
2026-01-24 17:54:02 - orderflow_service - INFO - [ORDERFLOW_SERVICE] Footprint completado: ADAUSDT | time=1769295180000 | trades=39 | delta=-15127.0000 | poc=0
2026-01-24 17:54:02 - orderflow_service - INFO - [ORDERFLOW_SERVICE] Footprint completado: SOLUSDT | time=1769295180000 | trades=96 | delta=489.7000 | poc=0
2026-01-24 17:54:02 - orderflow_service - INFO - [ORDERFLOW_SERVICE] Footprint completado: POLUSDT | time=1769295060000 | trades=20 | delta=10560.0000 | poc=0
2026-01-24 17:54:02 - orderflow_service - INFO - [ORDERFLOW_SERVICE] Footprint completado: XRPUSDT | time=1769295180000 | trades=58 | delta=-1174.6000 | poc=0
2026-01-24 17:54:03 - orderflow_service - INFO - [ORDERFLOW_SERVICE] Footprint completado: ETHUSDT | time=1769295180000 | trades=382 | delta=30.6400 | poc=0
2026-01-24 17:54:03 - orderflow_service - INFO - [ORDERFLOW_SERVICE] Footprint completado: DOGEUSDT | time=1769295180000 | trades=15 | delta=-6103.0000 | poc=0
2026-01-24 17:54:03 - orderflow_service - INFO - [ORDERFLOW_SERVICE] Footprint completado: GALAUSDT | time=1769295180000 | trades=25 | delta=-591141.0000 | poc=0
2026-01-24 17:54:42 - orderflow_service - INFO - [ORDERFLOW_SERVICE] Footprint completado: TRBUSDT | time=1769295180000 | trades=7 | delta=0.0000 | poc=6
2026-01-24 17:54:43 - orderflow_service - INFO - [ORDERFLOW_SERVICE] Footprint completado: BNBUSDT | time=1769295180000 | trades=2 | delta=0.0400 | poc=0
2026-01-24 17:55:01 - orderflow_service - INFO - [ORDERFLOW_SERVICE] Footprint completado: ETHUSDT | time=1769295240000 | trades=347 | delta=-6.7500 | poc=0
2026-01-24 17:55:01 - orderflow_service - INFO - [ORDERFLOW_SERVICE] Footprint completado: ETHUSDT | time=1769295000000 | trades=1366 | delta=-15.7700 | poc=0
2026-01-24 17:55:01 - orderflow_service - INFO - [ORDERFLOW_SERVICE] Footprint completado: DOGEUSDT | time=1769295240000 | trades=69 | delta=60445.0000 | poc=0
2026-01-24 17:55:01 - orderflow_service - INFO - [ORDERFLOW_SERVICE] Footprint completado: DOGEUSDT | time=1769295000000 | trades=280 | delta=-175218.0000 | poc=0
2026-01-24 17:55:01 - orderflow_service - INFO - [ORDERFLOW_SERVICE] Footprint completado: SUIUSDT | time=1769295240000 | trades=59 | delta=-6120.0000 | poc=7
2026-01-24 17:55:02 - orderflow_service - INFO - [ORDERFLOW_SERVICE] Footprint completado: SUIUSDT | time=1769295000000 | trades=254 | delta=-18020.0000 | poc=7
2026-01-24 17:55:03 - orderflow_service - WARNING - [ORDERFLOW_SERVICE] Error enviando alerta: status=500
2026-01-24 17:55:03 - orderflow_service - INFO - [ORDERFLOW_SERVICE] Footprint completado: ADAUSDT | time=1769295240000 | trades=35 | delta=11108.0000 | poc=0
2026-01-24 17:55:03 - orderflow_service - INFO - [ORDERFLOW_SERVICE] Footprint completado: ADAUSDT | time=1769295000000 | trades=399 | delta=173157.0000 | poc=1
2026-01-24 17:55:03 - orderflow_service - INFO - [ORDERFLOW_SERVICE] Footprint completado: SOLUSDT | time=1769295240000 | trades=221 | delta=-1145.3000 | poc=0
2026-01-24 17:55:03 - orderflow_service - INFO - [ORDERFLOW_SERVICE] Footprint completado: SOLUSDT | time=1769295000000 | trades=1329 | delta=2187.5000 | poc=0
2026-01-24 17:55:03 - orderflow_service - INFO - [ORDERFLOW_SERVICE] Footprint completado: XRPUSDT | time=1769295240000 | trades=165 | delta=-41036.8000 | poc=0
2026-01-24 17:55:03 - orderflow_service - INFO - [ORDERFLOW_SERVICE] Footprint completado: XRPUSDT | time=1769295000000 | trades=430 | delta=-24100.7000 | poc=0
2026-01-24 17:55:03 - orderflow_service - INFO - [ORDERFLOW_SERVICE] Footprint completado: GALAUSDT | time=1769295240000 | trades=15 | delta=-225654.0000 | poc=0
2026-01-24 17:55:03 - orderflow_service - INFO - [ORDERFLOW_SERVICE] Footprint completado: GALAUSDT | time=1769295000000 | trades=163 | delta=-1375982.0000 | poc=0
2026-01-24 17:55:03 - orderflow_service - INFO - [ORDERFLOW_SERVICE] Footprint completado: POLUSDT | time=1769295240000 | trades=38 | delta=-18640.0000 | poc=0
2026-01-24 17:55:03 - orderflow_service - INFO - [ORDERFLOW_SERVICE] Footprint completado: POLUSDT | time=1769295000000 | trades=98 | delta=-1111.0000 | poc=0
2026-01-24 17:55:04 - orderflow_service - INFO - [ORDERFLOW_SERVICE] Footprint completado: PAXGUSDT | time=1769295240000 | trades=53 | delta=5.1610 | poc=4
2026-01-24 17:55:04 - orderflow_service - INFO - [ORDERFLOW_SERVICE] Footprint completado: PAXGUSDT | time=1769295000000 | trades=255 | delta=4.1430 | poc=4
2026-01-24 17:55:04 - orderflow_service - INFO - [ORDERFLOW_SERVICE] Footprint completado: TRXUSDT | time=1769295240000 | trades=3 | delta=-26.0000 | poc=0
2026-01-24 17:55:04 - orderflow_service - INFO - [ORDERFLOW_SERVICE] Footprint completado: TRXUSDT | time=1769295000000 | trades=38 | delta=-2943.0000 | poc=0
2026-01-24 17:55:04 - orderflow_service - INFO - [ORDERFLOW_SERVICE] Footprint completado: BTCUSDT | time=1769295240000 | trades=290 | delta=3.1570 | poc=1
2026-01-24 17:55:05 - orderflow_service - INFO - [ORDERFLOW_SERVICE] Footprint completado: BTCUSDT | time=1769295000000 | trades=1046 | delta=-24.5260 | poc=26
2026-01-24 17:55:06 - orderflow_service - WARNING - [ORDERFLOW_SERVICE] Error enviando alerta: status=500
2026-01-24 17:55:16 - orderflow_service - INFO - [ORDERFLOW_SERVICE] Footprint completado: BNBUSDT | time=1769295240000 | trades=23 | delta=6.5200 | poc=0
2026-01-24 17:55:16 - orderflow_service - INFO - [ORDERFLOW_SERVICE] Footprint completado: BNBUSDT | time=1769295000000 | trades=66 | delta=-3.6900 | poc=1
2026-01-24 17:55:46 - orderflow_service - INFO - [ORDERFLOW_SERVICE] Footprint completado: TRBUSDT | time=1769295240000 | trades=10 | delta=-16.1900 | poc=2
2026-01-24 17:55:46 - orderflow_service - INFO - [ORDERFLOW_SERVICE] Footprint completado: TRBUSDT | time=1769295000000 | trades=47 | delta=-51.1000 | poc=19
2026-01-24 17:56:01 - orderflow_service - INFO - [ORDERFLOW_SERVICE] Footprint completado: POLUSDT | time=1769295300000 | trades=26 | delta=-30549.0000 | poc=0
2026-01-24 17:56:01 - orderflow_service - INFO - [ORDERFLOW_SERVICE] Footprint completado: XRPUSDT | time=1769295300000 | trades=79 | delta=-11708.3000 | poc=0
2026-01-24 17:56:02 - orderflow_service - INFO - [ORDERFLOW_SERVICE] Footprint completado: DOGEUSDT | time=1769295300000 | trades=46 | delta=-25088.0000 | poc=0
2026-01-24 17:56:02 - orderflow_service - INFO - [ORDERFLOW_SERVICE] Footprint completado: PAXGUSDT | time=1769295300000 | trades=59 | delta=3.4820 | poc=3
2026-01-24 17:56:03 - orderflow_service - INFO - [ORDERFLOW_SERVICE] Footprint completado: BTCUSDT | time=1769295300000 | trades=306 | delta=2.7060 | poc=7
2026-01-24 17:56:03 - orderflow_service - INFO - [ORDERFLOW_SERVICE] Footprint completado: SUIUSDT | time=1769295300000 | trades=96 | delta=500.0000 | poc=1
2026-01-24 17:56:03 - orderflow_service - INFO - [ORDERFLOW_SERVICE] Footprint completado: ADAUSDT | time=1769295300000 | trades=41 | delta=-16158.0000 | poc=0
2026-01-24 17:56:04 - orderflow_service - INFO - [ORDERFLOW_SERVICE] Footprint completado: ETHUSDT | time=1769295300000 | trades=305 | delta=-238.6400 | poc=1
2026-01-24 17:56:05 - orderflow_service - INFO - [ORDERFLOW_SERVICE] Footprint completado: TRXUSDT | time=1769295300000 | trades=1 | delta=-35.0000 | poc=0
2026-01-24 17:56:06 - orderflow_service - INFO - [ORDERFLOW_SERVICE] Footprint completado: SOLUSDT | time=1769295300000 | trades=37 | delta=-498.4000 | poc=0
2026-01-24 17:56:14 - orderflow_service - INFO - [ORDERFLOW_SERVICE] Footprint completado: GALAUSDT | time=1769295300000 | trades=112 | delta=-645357.0000 | poc=0
2026-01-24 17:57:01 - orderflow_service - INFO - [ORDERFLOW_SERVICE] Footprint completado: GALAUSDT | time=1769295360000 | trades=43 | delta=67911.0000 | poc=0
2026-01-24 17:57:02 - orderflow_service - INFO - [ORDERFLOW_SERVICE] Footprint completado: SOLUSDT | time=1769295360000 | trades=37 | delta=-26.4000 | poc=0
2026-01-24 17:57:02 - orderflow_service - INFO - [ORDERFLOW_SERVICE] Footprint completado: ETHUSDT | time=1769295360000 | trades=152 | delta=-13.9600 | poc=0
2026-01-24 17:57:02 - orderflow_service - INFO - [ORDERFLOW_SERVICE] Footprint completado: POLUSDT | time=1769295360000 | trades=28 | delta=1920.0000 | poc=0
2026-01-24 17:57:02 - orderflow_service - INFO - [ORDERFLOW_SERVICE] Footprint completado: TRBUSDT | time=1769295300000 | trades=4 | delta=-0.0000 | poc=0
2026-01-24 17:57:02 - orderflow_service - INFO - [ORDERFLOW_SERVICE] Footprint completado: SUIUSDT | time=1769295360000 | trades=6 | delta=470.0000 | poc=0
2026-01-24 17:57:03 - orderflow_service - INFO - [ORDERFLOW_SERVICE] Footprint completado: DOGEUSDT | time=1769295360000 | trades=47 | delta=-288456.0000 | poc=0
2026-01-24 17:57:08 - orderflow_service - INFO - [ORDERFLOW_SERVICE] Footprint completado: BTCUSDT | time=1769295360000 | trades=81 | delta=0.1860 | poc=14
2026-01-24 17:57:22 - orderflow_service - INFO - [ORDERFLOW_SERVICE] Footprint completado: PAXGUSDT | time=1769295360000 | trades=64 | delta=-1.0000 | poc=3
2026-01-24 17:57:24 - orderflow_service - INFO - [ORDERFLOW_SERVICE] Footprint completado: XRPUSDT | time=1769295360000 | trades=61 | delta=122193.6000 | poc=0
2026-01-24 17:57:59 - orderflow_service - INFO - [ORDERFLOW_SERVICE] Footprint completado: ADAUSDT | time=1769295360000 | trades=34 | delta=16928.0000 | poc=0
2026-01-24 17:58:01 - orderflow_service - INFO - [ORDERFLOW_SERVICE] Footprint completado: POLUSDT | time=1769295420000 | trades=18 | delta=-14584.0000 | poc=0
2026-01-24 17:58:01 - orderflow_service - INFO - [ORDERFLOW_SERVICE] Footprint completado: SOLUSDT | time=1769295420000 | trades=150 | delta=-1145.9000 | poc=0
2026-01-24 17:58:02 - orderflow_service - INFO - [ORDERFLOW_SERVICE] Footprint completado: BTCUSDT | time=1769295420000 | trades=161 | delta=4.1180 | poc=11
2026-01-24 17:58:02 - orderflow_service - INFO - [ORDERFLOW_SERVICE] Footprint completado: PAXGUSDT | time=1769295420000 | trades=60 | delta=2.5790 | poc=1
2026-01-24 17:58:03 - orderflow_service - INFO - [ORDERFLOW_SERVICE] Footprint completado: TRXUSDT | time=1769295360000 | trades=18 | delta=2370.0000 | poc=0
2026-01-24 17:58:03 - orderflow_service - INFO - [ORDERFLOW_SERVICE] Footprint completado: ETHUSDT | time=1769295420000 | trades=74 | delta=-12.0400 | poc=0
2026-01-24 17:58:03 - orderflow_service - INFO - [ORDERFLOW_SERVICE] Footprint completado: DOGEUSDT | time=1769295420000 | trades=21 | delta=-13583.0000 | poc=0
2026-01-24 17:58:04 - orderflow_service - INFO - [ORDERFLOW_SERVICE] Footprint completado: XRPUSDT | time=1769295420000 | trades=5 | delta=12870.0000 | poc=0
2026-01-24 17:58:08 - orderflow_service - INFO - [ORDERFLOW_SERVICE] Footprint completado: GALAUSDT | time=1769295420000 | trades=30 | delta=-172676.0000 | poc=0
2026-01-24 17:58:16 - orderflow_service - INFO - [ORDERFLOW_SERVICE] Footprint completado: SUIUSDT | time=1769295420000 | trades=92 | delta=8680.0000 | poc=7
2026-01-24 17:58:43 - orderflow_service - INFO - [ORDERFLOW_SERVICE] Footprint completado: TRBUSDT | time=1769295420000 | trades=2 | delta=-0.4800 | poc=0
2026-01-24 17:58:56 - orderflow_service - INFO - [ORDERFLOW_SERVICE] Footprint completado: BNBUSDT | time=1769295300000 | trades=6 | delta=-0.0400 | poc=0
2026-01-24 17:58:57 - orderflow_service - INFO - [ORDERFLOW_SERVICE] Footprint completado: ADAUSDT | time=1769295420000 | trades=23 | delta=-25055.0000 | poc=0
2026-01-24 17:59:01 - orderflow_service - INFO - [ORDERFLOW_SERVICE] Footprint completado: ADAUSDT | time=1769295480000 | trades=15 | delta=11396.0000 | poc=0
2026-01-24 17:59:02 - orderflow_service - INFO - [ORDERFLOW_SERVICE] Footprint completado: SOLUSDT | time=1769295480000 | trades=143 | delta=238.6000 | poc=0
2026-01-24 17:59:02 - orderflow_service - INFO - [ORDERFLOW_SERVICE] Footprint completado: TRXUSDT | time=1769295480000 | trades=7 | delta=439.0000 | poc=0
2026-01-24 17:59:02 - orderflow_service - INFO - [ORDERFLOW_SERVICE] Footprint completado: SUIUSDT | time=1769295480000 | trades=31 | delta=3070.0000 | poc=0
2026-01-24 17:59:02 - orderflow_service - INFO - [ORDERFLOW_SERVICE] Footprint completado: POLUSDT | time=1769295480000 | trades=23 | delta=640.0000 | poc=0
2026-01-24 17:59:03 - orderflow_service - INFO - [ORDERFLOW_SERVICE] Footprint completado: BTCUSDT | time=1769295480000 | trades=379 | delta=11.9130 | poc=8
2026-01-24 17:59:04 - orderflow_service - WARNING - [ORDERFLOW_SERVICE] Error enviando alerta: status=500
2026-01-24 17:59:04 - orderflow_service - INFO - [ORDERFLOW_SERVICE] Footprint completado: ETHUSDT | time=1769295480000 | trades=183 | delta=9.5600 | poc=1
2026-01-24 17:59:04 - orderflow_service - INFO - [ORDERFLOW_SERVICE] Footprint completado: GALAUSDT | time=1769295480000 | trades=4 | delta=20894.0000 | poc=0
2026-01-24 17:59:04 - orderflow_service - INFO - [ORDERFLOW_SERVICE] Footprint completado: DOGEUSDT | time=1769295480000 | trades=32 | delta=70354.0000 | poc=0
2026-01-24 17:59:05 - orderflow_service - INFO - [ORDERFLOW_SERVICE] Footprint completado: PAXGUSDT | time=1769295480000 | trades=12 | delta=-0.0710 | poc=1
2026-01-24 17:59:05 - orderflow_service - INFO - [ORDERFLOW_SERVICE] Footprint completado: TRBUSDT | time=1769295480000 | trades=6 | delta=0.3500 | poc=5
2026-01-24 17:59:11 - orderflow_service - INFO - [ORDERFLOW_SERVICE] Footprint completado: XRPUSDT | time=1769295480000 | trades=100 | delta=118946.2000 | poc=1
2026-01-24 17:59:17 - orderflow_service - INFO - [ORDERFLOW_SERVICE] Footprint completado: BNBUSDT | time=1769295480000 | trades=36 | delta=16.1900 | poc=0
2026-01-24 18:00:02 - orderflow_service - INFO - [ORDERFLOW_SERVICE] Footprint completado: BTCUSDT | time=1769295540000 | trades=273 | delta=5.0400 | poc=11
2026-01-24 18:00:02 - footprint_calculator - WARNING - Max levels reached for candle 89326.6-89403.9 with step 1.0
2026-01-24 18:00:02 - orderflow_service - INFO - [ORDERFLOW_SERVICE] Footprint completado: BTCUSDT | time=1769295300000 | trades=1200 | delta=23.9630 | poc=49
2026-01-24 18:00:02 - orderflow_service - INFO - [ORDERFLOW_SERVICE] Footprint completado: PAXGUSDT | time=1769295540000 | trades=101 | delta=-8.6240 | poc=8
2026-01-24 18:00:02 - orderflow_service - INFO - [ORDERFLOW_SERVICE] Footprint completado: PAXGUSDT | time=1769295300000 | trades=296 | delta=-3.6340 | poc=8
2026-01-24 18:00:03 - orderflow_service - INFO - [ORDERFLOW_SERVICE] Footprint completado: TRXUSDT | time=1769295540000 | trades=4 | delta=-43.0000 | poc=0
2026-01-24 18:00:03 - orderflow_service - INFO - [ORDERFLOW_SERVICE] Footprint completado: TRXUSDT | time=1769295300000 | trades=30 | delta=2731.0000 | poc=0
2026-01-24 18:00:03 - orderflow_service - INFO - [ORDERFLOW_SERVICE] Footprint completado: SUIUSDT | time=1769295540000 | trades=54 | delta=910.0000 | poc=8
2026-01-24 18:00:03 - orderflow_service - INFO - [ORDERFLOW_SERVICE] Footprint completado: SUIUSDT | time=1769295300000 | trades=279 | delta=13630.0000 | poc=19
2026-01-24 18:00:03 - orderflow_service - INFO - [ORDERFLOW_SERVICE] Footprint completado: POLUSDT | time=1769295540000 | trades=53 | delta=33373.0000 | poc=0
2026-01-24 18:00:03 - orderflow_service - INFO - [ORDERFLOW_SERVICE] Footprint completado: POLUSDT | time=1769295300000 | trades=148 | delta=-9200.0000 | poc=0
2026-01-24 18:00:03 - orderflow_service - INFO - [ORDERFLOW_SERVICE] Footprint completado: SOLUSDT | time=1769295540000 | trades=41 | delta=488.3000 | poc=0
2026-01-24 18:00:03 - orderflow_service - INFO - [ORDERFLOW_SERVICE] Footprint completado: SOLUSDT | time=1769295300000 | trades=408 | delta=-943.8000 | poc=0
2026-01-24 18:00:03 - orderflow_service - INFO - [ORDERFLOW_SERVICE] Footprint completado: XRPUSDT | time=1769295540000 | trades=202 | delta=48728.7000 | poc=0
2026-01-24 18:00:03 - orderflow_service - INFO - [ORDERFLOW_SERVICE] Footprint completado: XRPUSDT | time=1769295300000 | trades=447 | delta=291030.2000 | poc=1
2026-01-24 18:00:03 - orderflow_service - INFO - [ORDERFLOW_SERVICE] Footprint completado: ETHUSDT | time=1769295540000 | trades=357 | delta=131.0600 | poc=0
2026-01-24 18:00:03 - orderflow_service - INFO - [ORDERFLOW_SERVICE] Footprint completado: ETHUSDT | time=1769295300000 | trades=1071 | delta=-124.0200 | poc=1
2026-01-24 18:00:04 - orderflow_service - INFO - [ORDERFLOW_SERVICE] Footprint completado: DOGEUSDT | time=1769295540000 | trades=43 | delta=21222.0000 | poc=0
2026-01-24 18:00:04 - orderflow_service - INFO - [ORDERFLOW_SERVICE] Footprint completado: DOGEUSDT | time=1769295300000 | trades=189 | delta=-235551.0000 | poc=0
2026-01-24 18:00:04 - orderflow_service - INFO - [ORDERFLOW_SERVICE] Footprint completado: ADAUSDT | time=1769295540000 | trades=20 | delta=-16984.0000 | poc=0
2026-01-24 18:00:04 - orderflow_service - INFO - [ORDERFLOW_SERVICE] Footprint completado: ADAUSDT | time=1769295300000 | trades=133 | delta=-29873.0000 | poc=0
2026-01-24 18:00:04 - orderflow_service - INFO - [ORDERFLOW_SERVICE] Footprint completado: TRBUSDT | time=1769295540000 | trades=8 | delta=4.4100 | poc=0
2026-01-24 18:00:04 - orderflow_service - INFO - [ORDERFLOW_SERVICE] Footprint completado: TRBUSDT | time=1769295300000 | trades=20 | delta=4.2800 | poc=5
2026-01-24 18:00:04 - orderflow_service - INFO - [ORDERFLOW_SERVICE] Footprint completado: GALAUSDT | time=1769295540000 | trades=7 | delta=15040.0000 | poc=0
2026-01-24 18:00:04 - orderflow_service - INFO - [ORDERFLOW_SERVICE] Footprint completado: GALAUSDT | time=1769295300000 | trades=196 | delta=-714188.0000 | poc=0
2026-01-24 18:00:06 - orderflow_service - INFO - [ORDERFLOW_SERVICE] Footprint completado: BNBUSDT | time=1769295540000 | trades=3 | delta=-0.2400 | poc=0
2026-01-24 18:00:06 - orderflow_service - INFO - [ORDERFLOW_SERVICE] Footprint completado: BNBUSDT | time=1769295300000 | trades=45 | delta=15.9100 | poc=0
2026-01-24 18:01:01 - orderflow_service - INFO - [ORDERFLOW_SERVICE] Footprint completado: BTCUSDT | time=1769295600000 | trades=490 | delta=18.3470 | poc=21
2026-01-24 18:01:02 - orderflow_service - INFO - [ORDERFLOW_SERVICE] Footprint completado: SUIUSDT | time=1769295600000 | trades=81 | delta=4300.0000 | poc=10
2026-01-24 18:01:02 - orderflow_service - INFO - [ORDERFLOW_SERVICE] Footprint completado: SOLUSDT | time=1769295600000 | trades=402 | delta=1009.1000 | poc=0
2026-01-24 18:01:02 - orderflow_service - INFO - [ORDERFLOW_SERVICE] Footprint completado: PAXGUSDT | time=1769295600000 | trades=22 | delta=0.3890 | poc=2
2026-01-24 18:01:02 - orderflow_service - INFO - [ORDERFLOW_SERVICE] Footprint completado: ADAUSDT | time=1769295600000 | trades=76 | delta=33671.0000 | poc=0
2026-01-24 18:01:02 - orderflow_service - INFO - [ORDERFLOW_SERVICE] Footprint completado: POLUSDT | time=1769295600000 | trades=13 | delta=1496.0000 | poc=0
2026-01-24 18:01:03 - orderflow_service - INFO - [ORDERFLOW_SERVICE] Footprint completado: TRXUSDT | time=1769295600000 | trades=36 | delta=-11091.0000 | poc=0
2026-01-24 18:01:03 - orderflow_service - INFO - [ORDERFLOW_SERVICE] Footprint completado: DOGEUSDT | time=1769295600000 | trades=109 | delta=62826.0000 | poc=0
2026-01-24 18:01:04 - orderflow_service - INFO - [ORDERFLOW_SERVICE] Footprint completado: GALAUSDT | time=1769295600000 | trades=36 | delta=47248.0000 | poc=0
2026-01-24 18:01:04 - orderflow_service - INFO - [ORDERFLOW_SERVICE] Footprint completado: TRBUSDT | time=1769295600000 | trades=1 | delta=0.1700 | poc=0
2026-01-24 18:01:04 - orderflow_service - INFO - [ORDERFLOW_SERVICE] Footprint completado: XRPUSDT | time=1769295600000 | trades=207 | delta=-2908.3000 | poc=0
2026-01-24 18:01:04 - orderflow_service - INFO - [ORDERFLOW_SERVICE] Footprint completado: ETHUSDT | time=1769295600000 | trades=375 | delta=90.5300 | poc=1
2026-01-24 18:01:05 - orderflow_service - INFO - [ORDERFLOW_SERVICE] Footprint completado: BNBUSDT | time=1769295600000 | trades=35 | delta=3.9800 | poc=0
2026-01-24 18:02:01 - footprint_calculator - WARNING - Max levels reached for candle 89364.1-89440.0 with step 1.0
2026-01-24 18:02:01 - orderflow_service - INFO - [ORDERFLOW_SERVICE] Footprint completado: BTCUSDT | time=1769295660000 | trades=943 | delta=4.2850 | poc=16
2026-01-24 18:02:02 - orderflow_service - INFO - [ORDERFLOW_SERVICE] Footprint completado: ETHUSDT | time=1769295660000 | trades=567 | delta=-12.4300 | poc=0
2026-01-24 18:02:02 - orderflow_service - INFO - [ORDERFLOW_SERVICE] Footprint completado: SOLUSDT | time=1769295660000 | trades=158 | delta=-844.1000 | poc=0
2026-01-24 18:02:02 - orderflow_service - INFO - [ORDERFLOW_SERVICE] Footprint completado: GALAUSDT | time=1769295660000 | trades=51 | delta=-320715.0000 | poc=0
2026-01-24 18:02:02 - orderflow_service - INFO - [ORDERFLOW_SERVICE] Footprint completado: POLUSDT | time=1769295660000 | trades=38 | delta=-94558.0000 | poc=0
2026-01-24 18:02:02 - orderflow_service - INFO - [ORDERFLOW_SERVICE] Footprint completado: DOGEUSDT | time=1769295660000 | trades=71 | delta=-26283.0000 | poc=0
2026-01-24 18:02:02 - orderflow_service - INFO - [ORDERFLOW_SERVICE] Footprint completado: PAXGUSDT | time=1769295660000 | trades=21 | delta=0.0410 | poc=1
2026-01-24 18:02:02 - orderflow_service - INFO - [ORDERFLOW_SERVICE] Footprint completado: TRXUSDT | time=1769295660000 | trades=22 | delta=-2110.0000 | poc=0
2026-01-24 18:02:03 - orderflow_service - INFO - [ORDERFLOW_SERVICE] Footprint completado: TRBUSDT | time=1769295660000 | trades=8 | delta=1.2500 | poc=4
2026-01-24 18:02:03 - orderflow_service - INFO - [ORDERFLOW_SERVICE] Footprint completado: BNBUSDT | time=1769295660000 | trades=22 | delta=-2.8900 | poc=0
2026-01-24 18:02:04 - orderflow_service - INFO - [ORDERFLOW_SERVICE] Footprint completado: SUIUSDT | time=1769295660000 | trades=140 | delta=-10030.0000 | poc=10
2026-01-24 18:02:05 - orderflow_service - INFO - [ORDERFLOW_SERVICE] Footprint completado: XRPUSDT | time=1769295660000 | trades=234 | delta=-97300.3000 | poc=0
2026-01-24 18:02:05 - orderflow_service - INFO - [ORDERFLOW_SERVICE] Footprint completado: ADAUSDT | time=1769295660000 | trades=40 | delta=-12725.0000 | poc=0
2026-01-24 18:03:01 - orderflow_service - INFO - [ORDERFLOW_SERVICE] Footprint completado: GALAUSDT | time=1769295720000 | trades=79 | delta=-992401.0000 | poc=0
2026-01-24 18:03:01 - orderflow_service - INFO - [ORDERFLOW_SERVICE] Footprint completado: POLUSDT | time=1769295720000 | trades=4 | delta=-381.0000 | poc=0
2026-01-24 18:03:01 - orderflow_service - INFO - [ORDERFLOW_SERVICE] Footprint completado: XRPUSDT | time=1769295720000 | trades=169 | delta=-51630.7000 | poc=0
2026-01-24 18:03:01 - orderflow_service - INFO - [ORDERFLOW_SERVICE] Footprint completado: DOGEUSDT | time=1769295720000 | trades=195 | delta=-126724.0000 | poc=0
2026-01-24 18:03:01 - orderflow_service - INFO - [ORDERFLOW_SERVICE] Footprint completado: ETHUSDT | time=1769295720000 | trades=425 | delta=-17.2800 | poc=1
2026-01-24 18:03:02 - orderflow_service - INFO - [ORDERFLOW_SERVICE] Footprint completado: SUIUSDT | time=1769295720000 | trades=213 | delta=-13640.0000 | poc=10
2026-01-24 18:03:02 - orderflow_service - INFO - [ORDERFLOW_SERVICE] Footprint completado: BNBUSDT | time=1769295720000 | trades=11 | delta=-12.2400 | poc=0
2026-01-24 18:03:02 - orderflow_service - INFO - [ORDERFLOW_SERVICE] Footprint completado: TRXUSDT | time=1769295720000 | trades=62 | delta=33049.0000 | poc=0
2026-01-24 18:03:02 - orderflow_service - INFO - [ORDERFLOW_SERVICE] Footprint completado: PAXGUSDT | time=1769295720000 | trades=13 | delta=0.1030 | poc=1
2026-01-24 18:03:02 - orderflow_service - INFO - [ORDERFLOW_SERVICE] Footprint completado: SOLUSDT | time=1769295720000 | trades=277 | delta=-857.2000 | poc=1
2026-01-24 18:03:02 - footprint_calculator - WARNING - Max levels reached for candle 89360.0-89414.4 with step 1.0
2026-01-24 18:03:03 - orderflow_service - INFO - [ORDERFLOW_SERVICE] Footprint completado: BTCUSDT | time=1769295720000 | trades=491 | delta=5.8050 | poc=49
2026-01-24 18:03:03 - orderflow_service - INFO - [ORDERFLOW_SERVICE] Footprint completado: TRBUSDT | time=1769295720000 | trades=4 | delta=8.1400 | poc=0
2026-01-24 18:03:11 - orderflow_service - INFO - [ORDERFLOW_SERVICE] Footprint completado: ADAUSDT | time=1769295720000 | trades=90 | delta=1800.0000 | poc=0
2026-01-24 18:04:01 - orderflow_service - INFO - [ORDERFLOW_SERVICE] Footprint completado: GALAUSDT | time=1769295780000 | trades=149 | delta=135951.0000 | poc=0
2026-01-24 18:04:01 - orderflow_service - INFO - [ORDERFLOW_SERVICE] Footprint completado: SUIUSDT | time=1769295780000 | trades=247 | delta=-2860.0000 | poc=9
2026-01-24 18:04:01 - orderflow_service - INFO - [ORDERFLOW_SERVICE] Footprint completado: XRPUSDT | time=1769295780000 | trades=686 | delta=-111050.9000 | poc=0
2026-01-24 18:04:01 - orderflow_service - INFO - [ORDERFLOW_SERVICE] Footprint completado: DOGEUSDT | time=1769295780000 | trades=427 | delta=51194.0000 | poc=0
2026-01-24 18:04:02 - orderflow_service - INFO - [ORDERFLOW_SERVICE] Footprint completado: SOLUSDT | time=1769295780000 | trades=384 | delta=-1251.3000 | poc=0
2026-01-24 18:04:02 - orderflow_service - INFO - [ORDERFLOW_SERVICE] Footprint completado: ETHUSDT | time=1769295780000 | trades=799 | delta=-33.2300 | poc=1
2026-01-24 18:04:02 - orderflow_service - INFO - [ORDERFLOW_SERVICE] Footprint completado: PAXGUSDT | time=1769295780000 | trades=16 | delta=-0.1520 | poc=1
2026-01-24 18:04:02 - orderflow_service - INFO - [ORDERFLOW_SERVICE] Footprint completado: ADAUSDT | time=1769295780000 | trades=206 | delta=-112222.0000 | poc=0
2026-01-24 18:04:03 - orderflow_service - INFO - [ORDERFLOW_SERVICE] Footprint completado: BTCUSDT | time=1769295780000 | trades=478 | delta=1.4210 | poc=11
2026-01-24 18:04:03 - orderflow_service - INFO - [ORDERFLOW_SERVICE] Footprint completado: TRXUSDT | time=1769295780000 | trades=76 | delta=-7885.0000 | poc=0
2026-01-24 18:04:03 - orderflow_service - INFO - [ORDERFLOW_SERVICE] Footprint completado: TRBUSDT | time=1769295780000 | trades=1 | delta=0.9300 | poc=0
2026-01-24 18:04:03 - orderflow_service - INFO - [ORDERFLOW_SERVICE] Footprint completado: BNBUSDT | time=1769295780000 | trades=89 | delta=-64.4400 | poc=1
2026-01-24 18:04:46 - orderflow_service - INFO - [ORDERFLOW_SERVICE] Footprint completado: POLUSDT | time=1769295780000 | trades=23 | delta=4504.0000 | poc=0
2026-01-24 18:05:01 - orderflow_service - INFO - [ORDERFLOW_SERVICE] Footprint completado: DOGEUSDT | time=1769295840000 | trades=130 | delta=-7663.0000 | poc=0
2026-01-24 18:05:01 - orderflow_service - INFO - [ORDERFLOW_SERVICE] Footprint completado: DOGEUSDT | time=1769295600000 | trades=932 | delta=-46650.0000 | poc=0
2026-01-24 18:05:01 - orderflow_service - INFO - [ORDERFLOW_SERVICE] Footprint completado: ETHUSDT | time=1769295840000 | trades=732 | delta=-15.5100 | poc=0
2026-01-24 18:05:01 - orderflow_service - INFO - [ORDERFLOW_SERVICE] Footprint completado: ETHUSDT | time=1769295600000 | trades=2898 | delta=12.0800 | poc=3
2026-01-24 18:05:01 - orderflow_service - INFO - [ORDERFLOW_SERVICE] Footprint completado: SUIUSDT | time=1769295840000 | trades=98 | delta=-2760.0000 | poc=4
2026-01-24 18:05:02 - orderflow_service - INFO - [ORDERFLOW_SERVICE] Footprint completado: SUIUSDT | time=1769295600000 | trades=779 | delta=-24990.0000 | poc=15
2026-01-24 18:05:02 - orderflow_service - INFO - [ORDERFLOW_SERVICE] Footprint completado: SOLUSDT | time=1769295840000 | trades=174 | delta=-365.9000 | poc=1
2026-01-24 18:05:02 - orderflow_service - INFO - [ORDERFLOW_SERVICE] Footprint completado: SOLUSDT | time=1769295600000 | trades=1395 | delta=-2309.4000 | poc=1
2026-01-24 18:05:02 - orderflow_service - INFO - [ORDERFLOW_SERVICE] Footprint completado: BTCUSDT | time=1769295840000 | trades=287 | delta=-1.4840 | poc=20
2026-01-24 18:05:02 - footprint_calculator - WARNING - Max levels reached for candle 89330.8-89440.0 with step 1.0
2026-01-24 18:05:03 - orderflow_service - INFO - [ORDERFLOW_SERVICE] Footprint completado: BTCUSDT | time=1769295600000 | trades=2689 | delta=28.3740 | poc=49
2026-01-24 18:05:03 - orderflow_service - INFO - [ORDERFLOW_SERVICE] Footprint completado: PAXGUSDT | time=1769295840000 | trades=107 | delta=5.7540 | poc=5
2026-01-24 18:05:03 - orderflow_service - INFO - [ORDERFLOW_SERVICE] Footprint completado: PAXGUSDT | time=1769295600000 | trades=179 | delta=6.1350 | poc=10
2026-01-24 18:05:03 - orderflow_service - INFO - [ORDERFLOW_SERVICE] Footprint completado: TRXUSDT | time=1769295840000 | trades=21 | delta=-2904.0000 | poc=0
2026-01-24 18:05:03 - orderflow_service - INFO - [ORDERFLOW_SERVICE] Footprint completado: TRXUSDT | time=1769295600000 | trades=217 | delta=9059.0000 | poc=0
2026-01-24 18:05:03 - orderflow_service - INFO - [ORDERFLOW_SERVICE] Footprint completado: POLUSDT | time=1769295840000 | trades=27 | delta=-5357.0000 | poc=0
2026-01-24 18:05:04 - orderflow_service - INFO - [ORDERFLOW_SERVICE] Footprint completado: POLUSDT | time=1769295600000 | trades=105 | delta=-94296.0000 | poc=0
2026-01-24 18:05:04 - orderflow_service - INFO - [ORDERFLOW_SERVICE] Footprint completado: ADAUSDT | time=1769295840000 | trades=60 | delta=26314.0000 | poc=0
2026-01-24 18:05:04 - orderflow_service - INFO - [ORDERFLOW_SERVICE] Footprint completado: ADAUSDT | time=1769295600000 | trades=472 | delta=-63162.0000 | poc=0
2026-01-24 18:05:04 - orderflow_service - INFO - [ORDERFLOW_SERVICE] Footprint completado: XRPUSDT | time=1769295840000 | trades=198 | delta=-9062.8000 | poc=0
2026-01-24 18:05:04 - orderflow_service - INFO - [ORDERFLOW_SERVICE] Footprint completado: XRPUSDT | time=1769295600000 | trades=1494 | delta=-271953.0000 | poc=0
2026-01-24 18:05:04 - orderflow_service - INFO - [ORDERFLOW_SERVICE] Footprint completado: BNBUSDT | time=1769295840000 | trades=25 | delta=0.5100 | poc=0
2026-01-24 18:05:04 - orderflow_service - INFO - [ORDERFLOW_SERVICE] Footprint completado: BNBUSDT | time=1769295600000 | trades=182 | delta=-75.0800 | poc=1
2026-01-24 18:05:04 - orderflow_service - INFO - [ORDERFLOW_SERVICE] Footprint completado: GALAUSDT | time=1769295840000 | trades=65 | delta=66970.0000 | poc=0
2026-01-24 18:05:04 - orderflow_service - INFO - [ORDERFLOW_SERVICE] Footprint completado: GALAUSDT | time=1769295600000 | trades=380 | delta=-1062947.0000 | poc=0
2026-01-24 18:05:11 - orderflow_service - INFO - [ORDERFLOW_SERVICE] Footprint completado: TRBUSDT | time=1769295840000 | trades=3 | delta=0.1100 | poc=0
2026-01-24 18:05:11 - orderflow_service - INFO - [ORDERFLOW_SERVICE] Footprint completado: TRBUSDT | time=1769295600000 | trades=17 | delta=10.6000 | poc=14
2026-01-24 18:06:02 - orderflow_service - INFO - [ORDERFLOW_SERVICE] Footprint completado: BTCUSDT | time=1769295900000 | trades=397 | delta=-3.1230 | poc=10
2026-01-24 18:06:02 - orderflow_service - INFO - [ORDERFLOW_SERVICE] Footprint completado: PAXGUSDT | time=1769295900000 | trades=22 | delta=-0.4100 | poc=1
2026-01-24 18:06:02 - orderflow_service - INFO - [ORDERFLOW_SERVICE] Footprint completado: SOLUSDT | time=1769295900000 | trades=211 | delta=-1141.8000 | poc=1
2026-01-24 18:06:02 - orderflow_service - INFO - [ORDERFLOW_SERVICE] Footprint completado: TRXUSDT | time=1769295900000 | trades=65 | delta=-51732.0000 | poc=0
2026-01-24 18:06:03 - orderflow_service - INFO - [ORDERFLOW_SERVICE] Footprint completado: ETHUSDT | time=1769295900000 | trades=375 | delta=15.0800 | poc=0
2026-01-24 18:06:03 - orderflow_service - INFO - [ORDERFLOW_SERVICE] Footprint completado: TRBUSDT | time=1769295900000 | trades=5 | delta=8.8500 | poc=0
2026-01-24 18:06:03 - orderflow_service - INFO - [ORDERFLOW_SERVICE] Footprint completado: ADAUSDT | time=1769295900000 | trades=94 | delta=70481.0000 | poc=0
2026-01-24 18:06:04 - orderflow_service - INFO - [ORDERFLOW_SERVICE] Footprint completado: XRPUSDT | time=1769295900000 | trades=120 | delta=23089.0000 | poc=0
2026-01-24 18:06:04 - orderflow_service - INFO - [ORDERFLOW_SERVICE] Footprint completado: BNBUSDT | time=1769295900000 | trades=39 | delta=5.5200 | poc=0
2026-01-24 18:06:04 - orderflow_service - INFO - [ORDERFLOW_SERVICE] Footprint completado: DOGEUSDT | time=1769295900000 | trades=132 | delta=35222.0000 | poc=0
2026-01-24 18:06:04 - orderflow_service - INFO - [ORDERFLOW_SERVICE] Footprint completado: POLUSDT | time=1769295900000 | trades=88 | delta=-3619.0000 | poc=0
2026-01-24 18:06:06 - orderflow_service - INFO - [ORDERFLOW_SERVICE] Footprint completado: SUIUSDT | time=1769295900000 | trades=99 | delta=-230.0000 | poc=13
2026-01-24 18:06:18 - orderflow_service - INFO - [ORDERFLOW_SERVICE] Footprint completado: GALAUSDT | time=1769295900000 | trades=55 | delta=-273786.0000 | poc=0
2026-01-24 18:07:01 - orderflow_service - INFO - [ORDERFLOW_SERVICE] Footprint completado: TRXUSDT | time=1769295960000 | trades=72 | delta=-60403.0000 | poc=0
2026-01-24 18:07:02 - orderflow_service - INFO - [ORDERFLOW_SERVICE] Footprint completado: PAXGUSDT | time=1769295960000 | trades=9 | delta=0.1510 | poc=0
2026-01-24 18:07:02 - orderflow_service - INFO - [ORDERFLOW_SERVICE] Footprint completado: SOLUSDT | time=1769295960000 | trades=185 | delta=158.5000 | poc=0
2026-01-24 18:07:02 - orderflow_service - INFO - [ORDERFLOW_SERVICE] Footprint completado: ADAUSDT | time=1769295960000 | trades=43 | delta=10197.0000 | poc=0
2026-01-24 18:07:02 - orderflow_service - INFO - [ORDERFLOW_SERVICE] Footprint completado: GALAUSDT | time=1769295960000 | trades=36 | delta=90456.0000 | poc=0
2026-01-24 18:07:02 - orderflow_service - INFO - [ORDERFLOW_SERVICE] Footprint completado: ETHUSDT | time=1769295960000 | trades=453 | delta=-62.2300 | poc=1
2026-01-24 18:07:05 - orderflow_service - WARNING - [ORDERFLOW_SERVICE] Error enviando alerta: All connection attempts failed
2026-01-24 18:07:06 - orderflow_service - INFO - [ORDERFLOW_SERVICE] Footprint completado: BTCUSDT | time=1769295960000 | trades=245 | delta=2.6710 | poc=9
2026-01-24 18:07:06 - orderflow_service - INFO - [ORDERFLOW_SERVICE] Footprint completado: TRBUSDT | time=1769295960000 | trades=13 | delta=-14.8700 | poc=1
2026-01-24 18:07:06 - orderflow_service - INFO - [ORDERFLOW_SERVICE] Footprint completado: SUIUSDT | time=1769295960000 | trades=94 | delta=-580.0000 | poc=4
2026-01-24 18:07:06 - orderflow_service - INFO - [ORDERFLOW_SERVICE] Footprint completado: XRPUSDT | time=1769295960000 | trades=164 | delta=-2929.2000 | poc=0
2026-01-24 18:07:06 - orderflow_service - INFO - [ORDERFLOW_SERVICE] Footprint completado: BNBUSDT | time=1769295960000 | trades=75 | delta=-12.0900 | poc=0
2026-01-24 18:07:09 - orderflow_service - INFO - [ORDERFLOW_SERVICE] Footprint completado: DOGEUSDT | time=1769295960000 | trades=77 | delta=-8865.0000 | poc=0
2026-01-24 18:07:26 - orderflow_service - INFO - [ORDERFLOW_SERVICE] Footprint completado: POLUSDT | time=1769295960000 | trades=128 | delta=-55475.0000 | poc=0
2026-01-24 18:08:01 - orderflow_service - INFO - [ORDERFLOW_SERVICE] Footprint completado: POLUSDT | time=1769296020000 | trades=39 | delta=26710.0000 | poc=0
2026-01-24 18:08:01 - orderflow_service - INFO - [ORDERFLOW_SERVICE] Footprint completado: DOGEUSDT | time=1769296020000 | trades=74 | delta=37519.0000 | poc=0
2026-01-24 18:08:01 - orderflow_service - INFO - [ORDERFLOW_SERVICE] Footprint completado: SOLUSDT | time=1769296020000 | trades=78 | delta=159.9000 | poc=1
2026-01-24 18:08:02 - orderflow_service - INFO - [ORDERFLOW_SERVICE] Footprint completado: PAXGUSDT | time=1769296020000 | trades=24 | delta=-0.1960 | poc=5
2026-01-24 18:08:02 - orderflow_service - INFO - [ORDERFLOW_SERVICE] Footprint completado: TRXUSDT | time=1769296020000 | trades=65 | delta=19909.0000 | poc=0
2026-01-24 18:08:03 - orderflow_service - INFO - [ORDERFLOW_SERVICE] Footprint completado: TRBUSDT | time=1769296020000 | trades=10 | delta=-3.1700 | poc=1
2026-01-24 18:08:04 - orderflow_service - INFO - [ORDERFLOW_SERVICE] Footprint completado: BTCUSDT | time=1769296020000 | trades=142 | delta=0.0720 | poc=14
2026-01-24 18:08:04 - orderflow_service - INFO - [ORDERFLOW_SERVICE] Footprint completado: XRPUSDT | time=1769296020000 | trades=90 | delta=17740.9000 | poc=0
2026-01-24 18:08:04 - orderflow_service - INFO - [ORDERFLOW_SERVICE] Footprint completado: ADAUSDT | time=1769296020000 | trades=52 | delta=19066.0000 | poc=0
2026-01-24 18:08:04 - orderflow_service - INFO - [ORDERFLOW_SERVICE] Footprint completado: ETHUSDT | time=1769296020000 | trades=336 | delta=-40.5500 | poc=0
2026-01-24 18:08:04 - orderflow_service - INFO - [ORDERFLOW_SERVICE] Footprint completado: BNBUSDT | time=1769296020000 | trades=12 | delta=1.2300 | poc=0
2026-01-24 18:08:05 - orderflow_service - INFO - [ORDERFLOW_SERVICE] Footprint completado: GALAUSDT | time=1769296020000 | trades=22 | delta=303786.0000 | poc=0
2026-01-24 18:08:07 - orderflow_service - INFO - [ORDERFLOW_SERVICE] Footprint completado: SUIUSDT | time=1769296020000 | trades=82 | delta=3210.0000 | poc=10
2026-01-24 18:09:01 - orderflow_service - INFO - [ORDERFLOW_SERVICE] Footprint completado: ETHUSDT | time=1769296080000 | trades=612 | delta=-159.5900 | poc=1
2026-01-24 18:09:01 - orderflow_service - INFO - [ORDERFLOW_SERVICE] Footprint completado: GALAUSDT | time=1769296080000 | trades=87 | delta=-777818.0000 | poc=0
2026-01-24 18:09:01 - orderflow_service - INFO - [ORDERFLOW_SERVICE] Footprint completado: POLUSDT | time=1769296080000 | trades=98 | delta=30418.0000 | poc=0
2026-01-24 18:09:02 - orderflow_service - INFO - [ORDERFLOW_SERVICE] Footprint completado: SUIUSDT | time=1769296080000 | trades=273 | delta=-18730.0000 | poc=15
2026-01-24 18:09:02 - orderflow_service - INFO - [ORDERFLOW_SERVICE] Footprint completado: SOLUSDT | time=1769296080000 | trades=209 | delta=-1921.2000 | poc=0
2026-01-24 18:09:02 - orderflow_service - INFO - [ORDERFLOW_SERVICE] Footprint completado: TRXUSDT | time=1769296080000 | trades=30 | delta=-6209.0000 | poc=0
2026-01-24 18:09:02 - orderflow_service - INFO - [ORDERFLOW_SERVICE] Footprint completado: XRPUSDT | time=1769296080000 | trades=217 | delta=-36417.2000 | poc=0
2026-01-24 18:09:03 - orderflow_service - INFO - [ORDERFLOW_SERVICE] Footprint completado: BNBUSDT | time=1769296080000 | trades=48 | delta=-14.3200 | poc=0
2026-01-24 18:09:04 - orderflow_service - INFO - [ORDERFLOW_SERVICE] Footprint completado: PAXGUSDT | time=1769296080000 | trades=15 | delta=-0.2070 | poc=0
2026-01-24 18:09:04 - footprint_calculator - WARNING - Max levels reached for candle 89262.8-89346.9 with step 1.0
2026-01-24 18:09:05 - orderflow_service - INFO - [ORDERFLOW_SERVICE] Footprint completado: BTCUSDT | time=1769296080000 | trades=2183 | delta=-79.1770 | poc=49
2026-01-24 18:09:10 - orderflow_service - INFO - [ORDERFLOW_SERVICE] Footprint completado: ADAUSDT | time=1769296080000 | trades=108 | delta=-7670.0000 | poc=0
2026-01-24 18:09:16 - orderflow_service - INFO - [ORDERFLOW_SERVICE] Footprint completado: DOGEUSDT | time=1769296080000 | trades=304 | delta=-1067395.0000 | poc=0
2026-01-24 18:09:55 - orderflow_service - INFO - [ORDERFLOW_SERVICE] Footprint completado: TRBUSDT | time=1769296080000 | trades=28 | delta=34.5100 | poc=6
2026-01-24 18:10:01 - orderflow_service - INFO - [ORDERFLOW_SERVICE] Footprint completado: PAXGUSDT | time=1769296140000 | trades=41 | delta=1.0350 | poc=0
2026-01-24 18:10:01 - orderflow_service - INFO - [ORDERFLOW_SERVICE] Footprint completado: PAXGUSDT | time=1769295900000 | trades=111 | delta=0.3730 | poc=0
2026-01-24 18:10:01 - orderflow_service - INFO - [ORDERFLOW_SERVICE] Footprint completado: DOGEUSDT | time=1769296140000 | trades=52 | delta=20322.0000 | poc=0
2026-01-24 18:10:01 - orderflow_service - INFO - [ORDERFLOW_SERVICE] Footprint completado: DOGEUSDT | time=1769295900000 | trades=639 | delta=-983197.0000 | poc=0
2026-01-24 18:10:02 - orderflow_service - INFO - [ORDERFLOW_SERVICE] Footprint completado: ADAUSDT | time=1769296140000 | trades=86 | delta=-10768.0000 | poc=0
2026-01-24 18:10:02 - orderflow_service - INFO - [ORDERFLOW_SERVICE] Footprint completado: ADAUSDT | time=1769295900000 | trades=383 | delta=81306.0000 | poc=0
2026-01-24 18:10:02 - orderflow_service - INFO - [ORDERFLOW_SERVICE] Footprint completado: XRPUSDT | time=1769296140000 | trades=86 | delta=11494.9000 | poc=0
2026-01-24 18:10:02 - orderflow_service - INFO - [ORDERFLOW_SERVICE] Footprint completado: XRPUSDT | time=1769295900000 | trades=677 | delta=12978.4000 | poc=0
2026-01-24 18:10:02 - orderflow_service - INFO - [ORDERFLOW_SERVICE] Footprint completado: ETHUSDT | time=1769296140000 | trades=254 | delta=24.1100 | poc=0
2026-01-24 18:10:02 - orderflow_service - INFO - [ORDERFLOW_SERVICE] Footprint completado: ETHUSDT | time=1769295900000 | trades=2030 | delta=-223.1800 | poc=1
2026-01-24 18:10:02 - orderflow_service - INFO - [ORDERFLOW_SERVICE] Footprint completado: TRXUSDT | time=1769296140000 | trades=53 | delta=5161.0000 | poc=0
2026-01-24 18:10:02 - orderflow_service - INFO - [ORDERFLOW_SERVICE] Footprint completado: TRXUSDT | time=1769295900000 | trades=285 | delta=-93274.0000 | poc=0
2026-01-24 18:10:02 - orderflow_service - INFO - [ORDERFLOW_SERVICE] Footprint completado: GALAUSDT | time=1769296140000 | trades=15 | delta=12763.0000 | poc=0
2026-01-24 18:10:02 - orderflow_service - INFO - [ORDERFLOW_SERVICE] Footprint completado: GALAUSDT | time=1769295900000 | trades=215 | delta=-644599.0000 | poc=0
2026-01-24 18:10:02 - orderflow_service - INFO - [ORDERFLOW_SERVICE] Footprint completado: SOLUSDT | time=1769296140000 | trades=110 | delta=481.2000 | poc=0
2026-01-24 18:10:02 - orderflow_service - INFO - [ORDERFLOW_SERVICE] Footprint completado: SOLUSDT | time=1769295900000 | trades=793 | delta=-2263.4000 | poc=0
2026-01-24 18:10:03 - orderflow_service - INFO - [ORDERFLOW_SERVICE] Footprint completado: SUIUSDT | time=1769296140000 | trades=57 | delta=27380.0000 | poc=2
2026-01-24 18:10:03 - orderflow_service - INFO - [ORDERFLOW_SERVICE] Footprint completado: SUIUSDT | time=1769295900000 | trades=605 | delta=11050.0000 | poc=7
2026-01-24 18:10:05 - orderflow_service - WARNING - [ORDERFLOW_SERVICE] Error enviando alerta: status=500
2026-01-24 18:10:05 - orderflow_service - INFO - [ORDERFLOW_SERVICE] Footprint completado: TRBUSDT | time=1769296140000 | trades=2 | delta=23.7400 | poc=0
2026-01-24 18:10:05 - orderflow_service - INFO - [ORDERFLOW_SERVICE] Footprint completado: TRBUSDT | time=1769295900000 | trades=58 | delta=49.0600 | poc=4
2026-01-24 18:10:06 - orderflow_service - INFO - [ORDERFLOW_SERVICE] Footprint completado: POLUSDT | time=1769296140000 | trades=38 | delta=15178.0000 | poc=0
2026-01-24 18:10:06 - orderflow_service - INFO - [ORDERFLOW_SERVICE] Footprint completado: POLUSDT | time=1769295900000 | trades=391 | delta=13212.0000 | poc=0
2026-01-24 18:10:06 - orderflow_service - INFO - [ORDERFLOW_SERVICE] Footprint completado: BTCUSDT | time=1769296140000 | trades=367 | delta=5.2310 | poc=0
2026-01-24 18:10:06 - footprint_calculator - WARNING - Max levels reached for candle 89262.8-89358.0 with step 1.0
2026-01-24 18:10:07 - orderflow_service - INFO - [ORDERFLOW_SERVICE] Footprint completado: BTCUSDT | time=1769295900000 | trades=3334 | delta=-74.3260 | poc=49
2026-01-24 18:10:08 - orderflow_service - WARNING - [ORDERFLOW_SERVICE] Error enviando alerta: status=500
2026-01-24 18:10:08 - orderflow_service - INFO - [ORDERFLOW_SERVICE] Footprint completado: BNBUSDT | time=1769296140000 | trades=3 | delta=-0.0100 | poc=0
2026-01-24 18:10:08 - orderflow_service - INFO - [ORDERFLOW_SERVICE] Footprint completado: BNBUSDT | time=1769295900000 | trades=177 | delta=-19.6700 | poc=0
2026-01-24 18:11:01 - orderflow_service - INFO - [ORDERFLOW_SERVICE] Footprint completado: DOGEUSDT | time=1769296200000 | trades=71 | delta=-150502.0000 | poc=0
2026-01-24 18:11:02 - orderflow_service - INFO - [ORDERFLOW_SERVICE] Footprint completado: GALAUSDT | time=1769296200000 | trades=152 | delta=-2666018.0000 | poc=0
2026-01-24 18:11:02 - orderflow_service - INFO - [ORDERFLOW_SERVICE] Footprint completado: BTCUSDT | time=1769296200000 | trades=158 | delta=-1.9740 | poc=23
2026-01-24 18:11:03 - orderflow_service - INFO - [ORDERFLOW_SERVICE] Footprint completado: ETHUSDT | time=1769296200000 | trades=230 | delta=16.3600 | poc=1
2026-01-24 18:11:03 - orderflow_service - INFO - [ORDERFLOW_SERVICE] Footprint completado: SUIUSDT | time=1769296200000 | trades=91 | delta=-20230.0000 | poc=6
2026-01-24 18:11:03 - orderflow_service - INFO - [ORDERFLOW_SERVICE] Footprint completado: ADAUSDT | time=1769296200000 | trades=62 | delta=48010.0000 | poc=0
2026-01-24 18:11:03 - orderflow_service - INFO - [ORDERFLOW_SERVICE] Footprint completado: SOLUSDT | time=1769296200000 | trades=71 | delta=-75.7000 | poc=0
2026-01-24 18:11:03 - orderflow_service - INFO - [ORDERFLOW_SERVICE] Footprint completado: POLUSDT | time=1769296200000 | trades=80 | delta=-82639.0000 | poc=0
2026-01-24 18:11:04 - orderflow_service - INFO - [ORDERFLOW_SERVICE] Footprint completado: TRXUSDT | time=1769296200000 | trades=49 | delta=4619.0000 | poc=0
2026-01-24 18:11:04 - orderflow_service - INFO - [ORDERFLOW_SERVICE] Footprint completado: PAXGUSDT | time=1769296200000 | trades=61 | delta=2.4600 | poc=3
2026-01-24 18:11:04 - orderflow_service - INFO - [ORDERFLOW_SERVICE] Footprint completado: BNBUSDT | time=1769296200000 | trades=12 | delta=-0.3900 | poc=0
2026-01-24 18:11:18 - orderflow_service - INFO - [ORDERFLOW_SERVICE] Footprint completado: XRPUSDT | time=1769296200000 | trades=93 | delta=12218.4000 | poc=0
2026-01-24 18:11:44 - orderflow_service - INFO - [ORDERFLOW_SERVICE] Footprint completado: TRBUSDT | time=1769296200000 | trades=15 | delta=47.2800 | poc=0
2026-01-25 10:11:52 - orderflow_service - INFO - [ORDERFLOW_SERVICE] Limpieza periodica: 611 footprints eliminados
2026-01-25 10:11:52 - websocket_manager - WARNING - Connection seems stale, reconnecting...
2026-01-25 10:11:52 - websocket_manager - WARNING - WebSocket connection closed: no close frame received or sent
2026-01-25 10:11:53 - websocket_manager - ERROR - WebSocket error: [Errno 11001] getaddrinfo failed
2026-01-25 10:11:55 - websocket_manager - ERROR - WebSocket error: [Errno 11001] getaddrinfo failed
2026-01-25 10:11:59 - websocket_manager - ERROR - WebSocket error: [Errno 11001] getaddrinfo failed
2026-01-25 10:12:04 - websocket_manager - ERROR - WebSocket error: [Errno 11001] getaddrinfo failed
2026-01-25 23:59:07 - orderflow_service - INFO - [ORDERFLOW_SERVICE] Limpieza periodica: 7168 footprints eliminados
2026-01-25 23:59:24 - orderflow_service - INFO - [ORDERFLOW_SERVICE] Footprint completado: SOLUSDT | time=1769296260000 | trades=131 | delta=841.7000 | poc=0
2026-01-25 23:59:24 - orderflow_service - INFO - [ORDERFLOW_SERVICE] Footprint completado: SOLUSDT | time=1769296200000 | trades=202 | delta=766.0000 | poc=0
2026-01-25 23:59:25 - orderflow_service - INFO - [ORDERFLOW_SERVICE] Footprint completado: XRPUSDT | time=1769296260000 | trades=29 | delta=-40017.7000 | poc=0
2026-01-25 23:59:25 - orderflow_service - INFO - [ORDERFLOW_SERVICE] Footprint completado: XRPUSDT | time=1769296200000 | trades=122 | delta=-27799.3000 | poc=0
2026-01-25 23:59:25 - orderflow_service - INFO - [ORDERFLOW_SERVICE] Footprint completado: ADAUSDT | time=1769296260000 | trades=47 | delta=-89080.0000 | poc=0
2026-01-25 23:59:25 - orderflow_service - INFO - [ORDERFLOW_SERVICE] Footprint completado: ADAUSDT | time=1769296200000 | trades=109 | delta=-41070.0000 | poc=0
2026-01-25 23:59:26 - orderflow_service - INFO - [ORDERFLOW_SERVICE] Footprint completado: PAXGUSDT | time=1769296260000 | trades=10 | delta=0.3010 | poc=0
2026-01-25 23:59:26 - orderflow_service - INFO - [ORDERFLOW_SERVICE] Footprint completado: PAXGUSDT | time=1769296200000 | trades=71 | delta=2.7610 | poc=3
2026-01-25 23:59:27 - orderflow_service - INFO - [ORDERFLOW_SERVICE] Footprint completado: BTCUSDT | time=1769296260000 | trades=212 | delta=9.5440 | poc=0
2026-01-25 23:59:27 - orderflow_service - INFO - [ORDERFLOW_SERVICE] Footprint completado: BTCUSDT | time=1769296200000 | trades=370 | delta=7.5700 | poc=0
2026-01-25 23:59:28 - orderflow_service - WARNING - [ORDERFLOW_SERVICE] Error enviando alerta: status=500
2026-01-25 23:59:29 - orderflow_service - INFO - [ORDERFLOW_SERVICE] Footprint completado: SUIUSDT | time=1769296260000 | trades=86 | delta=-20720.0000 | poc=4
2026-01-25 23:59:29 - orderflow_service - INFO - [ORDERFLOW_SERVICE] Footprint completado: SUIUSDT | time=1769296200000 | trades=177 | delta=-40950.0000 | poc=9
2026-01-25 23:59:31 - orderflow_service - INFO - [ORDERFLOW_SERVICE] Footprint completado: TRBUSDT | time=1769296260000 | trades=5 | delta=-92.9200 | poc=0
2026-01-25 23:59:31 - orderflow_service - INFO - [ORDERFLOW_SERVICE] Footprint completado: TRBUSDT | time=1769296200000 | trades=20 | delta=-45.6400 | poc=11
2026-01-25 23:59:31 - orderflow_service - INFO - [ORDERFLOW_SERVICE] Footprint completado: ETHUSDT | time=1769296260000 | trades=337 | delta=-52.3500 | poc=0
2026-01-25 23:59:31 - orderflow_service - INFO - [ORDERFLOW_SERVICE] Footprint completado: ETHUSDT | time=1769296200000 | trades=567 | delta=-35.9900 | poc=0
2026-01-25 23:59:32 - orderflow_service - INFO - [ORDERFLOW_SERVICE] Footprint completado: DOGEUSDT | time=1769296260000 | trades=31 | delta=-59854.0000 | poc=0
2026-01-25 23:59:32 - orderflow_service - INFO - [ORDERFLOW_SERVICE] Footprint completado: DOGEUSDT | time=1769296200000 | trades=102 | delta=-210356.0000 | poc=0
2026-01-25 23:59:35 - orderflow_service - INFO - [ORDERFLOW_SERVICE] Footprint completado: GALAUSDT | time=1769296260000 | trades=91 | delta=-364146.0000 | poc=0
2026-01-25 23:59:35 - orderflow_service - INFO - [ORDERFLOW_SERVICE] Footprint completado: GALAUSDT | time=1769296200000 | trades=243 | delta=-3030164.0000 | poc=0
2026-01-25 23:59:36 - orderflow_service - INFO - [ORDERFLOW_SERVICE] Footprint completado: POLUSDT | time=1769296260000 | trades=47 | delta=-102334.0000 | poc=0
2026-01-25 23:59:36 - orderflow_service - INFO - [ORDERFLOW_SERVICE] Footprint completado: POLUSDT | time=1769296200000 | trades=127 | delta=-184973.0000 | poc=0
2026-01-25 23:59:53 - orderflow_service - INFO - [ORDERFLOW_SERVICE] Footprint completado: BNBUSDT | time=1769296260000 | trades=8 | delta=-0.8100 | poc=0
2026-01-25 23:59:53 - orderflow_service - INFO - [ORDERFLOW_SERVICE] Footprint completado: BNBUSDT | time=1769296200000 | trades=20 | delta=-1.2000 | poc=0
2026-01-26 00:00:00 - orderflow_service - INFO - [ORDERFLOW_SERVICE] Footprint completado: BTCUSDT | time=1769403540000 | trades=125 | delta=1.2600 | poc=16
2026-01-26 00:00:00 - orderflow_service - INFO - [ORDERFLOW_SERVICE] Footprint completado: BTCUSDT | time=1769403300000 | trades=125 | delta=1.2600 | poc=16
2026-01-26 00:00:00 - orderflow_service - INFO - [ORDERFLOW_SERVICE] Footprint completado: SOLUSDT | time=1769403540000 | trades=86 | delta=437.9000 | poc=0
2026-01-26 00:00:00 - orderflow_service - INFO - [ORDERFLOW_SERVICE] Footprint completado: SOLUSDT | time=1769403300000 | trades=86 | delta=437.9000 | poc=0
2026-01-26 00:00:00 - orderflow_service - INFO - [ORDERFLOW_SERVICE] Footprint completado: GALAUSDT | time=1769403540000 | trades=36 | delta=-371339.0000 | poc=0
2026-01-26 00:00:00 - orderflow_service - INFO - [ORDERFLOW_SERVICE] Footprint completado: GALAUSDT | time=1769403300000 | trades=36 | delta=-371339.0000 | poc=0
2026-01-26 00:00:00 - orderflow_service - INFO - [ORDERFLOW_SERVICE] Footprint completado: SUIUSDT | time=1769403540000 | trades=19 | delta=740.0000 | poc=1
2026-01-26 00:00:00 - orderflow_service - INFO - [ORDERFLOW_SERVICE] Footprint completado: SUIUSDT | time=1769403300000 | trades=19 | delta=740.0000 | poc=1
2026-01-26 00:00:00 - orderflow_service - INFO - [ORDERFLOW_SERVICE] Footprint completado: TRBUSDT | time=1769403540000 | trades=15 | delta=-8.3500 | poc=4
2026-01-26 00:00:00 - orderflow_service - INFO - [ORDERFLOW_SERVICE] Footprint completado: TRBUSDT | time=1769403300000 | trades=15 | delta=-8.3500 | poc=4
2026-01-26 00:00:00 - orderflow_service - INFO - [ORDERFLOW_SERVICE] Footprint completado: ADAUSDT | time=1769403540000 | trades=6 | delta=-1413.0000 | poc=0
2026-01-26 00:00:00 - orderflow_service - INFO - [ORDERFLOW_SERVICE] Footprint completado: ADAUSDT | time=1769403300000 | trades=6 | delta=-1413.0000 | poc=0
2026-01-26 00:00:00 - orderflow_service - INFO - [ORDERFLOW_SERVICE] Footprint completado: PAXGUSDT | time=1769403540000 | trades=22 | delta=0.1850 | poc=0
2026-01-26 00:00:00 - orderflow_service - INFO - [ORDERFLOW_SERVICE] Footprint completado: PAXGUSDT | time=1769403300000 | trades=22 | delta=0.1850 | poc=0
2026-01-26 00:00:00 - orderflow_service - INFO - [ORDERFLOW_SERVICE] Footprint completado: TRXUSDT | time=1769296260000 | trades=10 | delta=-791.0000 | poc=0
2026-01-26 00:00:00 - orderflow_service - INFO - [ORDERFLOW_SERVICE] Footprint completado: TRXUSDT | time=1769296200000 | trades=59 | delta=3828.0000 | poc=0
2026-01-26 00:00:00 - orderflow_service - INFO - [ORDERFLOW_SERVICE] Footprint completado: DOGEUSDT | time=1769403540000 | trades=18 | delta=89201.0000 | poc=0
2026-01-26 00:00:00 - orderflow_service - INFO - [ORDERFLOW_SERVICE] Footprint completado: DOGEUSDT | time=1769403300000 | trades=18 | delta=89201.0000 | poc=0
2026-01-26 00:00:00 - orderflow_service - INFO - [ORDERFLOW_SERVICE] Footprint completado: POLUSDT | time=1769403540000 | trades=3 | delta=597.0000 | poc=0
2026-01-26 00:00:00 - orderflow_service - INFO - [ORDERFLOW_SERVICE] Footprint completado: POLUSDT | time=1769403300000 | trades=3 | delta=597.0000 | poc=0
2026-01-26 00:00:01 - orderflow_service - INFO - [ORDERFLOW_SERVICE] Footprint completado: ETHUSDT | time=1769403540000 | trades=113 | delta=28.7600 | poc=0
2026-01-26 00:00:01 - orderflow_service - INFO - [ORDERFLOW_SERVICE] Footprint completado: ETHUSDT | time=1769403300000 | trades=113 | delta=28.7600 | poc=0
2026-01-26 00:00:02 - orderflow_service - INFO - [ORDERFLOW_SERVICE] Footprint completado: XRPUSDT | time=1769403540000 | trades=80 | delta=-27311.9000 | poc=0
2026-01-26 00:00:02 - orderflow_service - INFO - [ORDERFLOW_SERVICE] Footprint completado: XRPUSDT | time=1769403300000 | trades=80 | delta=-27311.9000 | poc=0
2026-01-26 00:00:08 - orderflow_service - INFO - [ORDERFLOW_SERVICE] Footprint completado: BNBUSDT | time=1769403540000 | trades=19 | delta=36.6700 | poc=0
2026-01-26 00:00:08 - orderflow_service - INFO - [ORDERFLOW_SERVICE] Footprint completado: BNBUSDT | time=1769403300000 | trades=19 | delta=36.6700 | poc=0
2026-01-26 00:01:00 - orderflow_service - INFO - [ORDERFLOW_SERVICE] Footprint completado: GALAUSDT | time=1769403600000 | trades=92 | delta=-221212.0000 | poc=0
2026-01-26 00:01:00 - orderflow_service - INFO - [ORDERFLOW_SERVICE] Footprint completado: XRPUSDT | time=1769403600000 | trades=311 | delta=20683.9000 | poc=0
2026-01-26 00:01:00 - orderflow_service - INFO - [ORDERFLOW_SERVICE] Footprint completado: PAXGUSDT | time=1769403600000 | trades=29 | delta=0.3040 | poc=0
2026-01-26 00:01:00 - orderflow_service - INFO - [ORDERFLOW_SERVICE] Footprint completado: BNBUSDT | time=1769403600000 | trades=58 | delta=1.4300 | poc=1
2026-01-26 00:01:00 - orderflow_service - INFO - [ORDERFLOW_SERVICE] Footprint completado: DOGEUSDT | time=1769403600000 | trades=150 | delta=1780974.0000 | poc=1
2026-01-26 00:01:00 - orderflow_service - INFO - [ORDERFLOW_SERVICE] Footprint completado: TRBUSDT | time=1769403600000 | trades=18 | delta=-14.8800 | poc=11
2026-01-26 00:01:00 - orderflow_service - INFO - [ORDERFLOW_SERVICE] Footprint completado: ETHUSDT | time=1769403600000 | trades=877 | delta=-151.8900 | poc=0
2026-01-26 00:01:01 - orderflow_service - INFO - [ORDERFLOW_SERVICE] Footprint completado: POLUSDT | time=1769403600000 | trades=63 | delta=13547.0000 | poc=0
2026-01-26 00:01:01 - orderflow_service - INFO - [ORDERFLOW_SERVICE] Footprint completado: ADAUSDT | time=1769403600000 | trades=97 | delta=47710.0000 | poc=0
2026-01-26 00:01:01 - orderflow_service - INFO - [ORDERFLOW_SERVICE] Footprint completado: SUIUSDT | time=1769403600000 | trades=206 | delta=29830.0000 | poc=5
2026-01-26 00:01:02 - orderflow_service - WARNING - [ORDERFLOW_SERVICE] Error enviando alerta: status=500
2026-01-26 00:01:03 - orderflow_service - WARNING - [ORDERFLOW_SERVICE] Error enviando alerta: status=500
2026-01-26 00:01:03 - orderflow_service - INFO - [ORDERFLOW_SERVICE] Footprint completado: SOLUSDT | time=1769403600000 | trades=252 | delta=-495.2000 | poc=0
2026-01-26 00:01:03 - footprint_calculator - WARNING - Max levels reached for candle 87705.4-87757.6 with step 1.0
2026-01-26 00:01:03 - orderflow_service - INFO - [ORDERFLOW_SERVICE] Footprint completado: BTCUSDT | time=1769403600000 | trades=943 | delta=3.2080 | poc=49
2026-01-26 00:01:04 - orderflow_service - WARNING - [ORDERFLOW_SERVICE] Error enviando alerta: status=500
2026-01-26 00:01:04 - orderflow_service - INFO - [ORDERFLOW_SERVICE] Footprint completado: TRXUSDT | time=1769403600000 | trades=20 | delta=1338.0000 | poc=0
2026-01-26 00:02:00 - orderflow_service - INFO - [ORDERFLOW_SERVICE] Footprint completado: TRXUSDT | time=1769403660000 | trades=6 | delta=574.0000 | poc=0
2026-01-26 00:02:00 - orderflow_service - INFO - [ORDERFLOW_SERVICE] Footprint completado: GALAUSDT | time=1769403660000 | trades=44 | delta=59815.0000 | poc=0
2026-01-26 00:02:00 - orderflow_service - INFO - [ORDERFLOW_SERVICE] Footprint completado: SOLUSDT | time=1769403660000 | trades=180 | delta=-218.7000 | poc=0
2026-01-26 00:02:00 - orderflow_service - INFO - [ORDERFLOW_SERVICE] Footprint completado: PAXGUSDT | time=1769403660000 | trades=64 | delta=2.2520 | poc=3
2026-01-26 00:02:01 - orderflow_service - WARNING - [ORDERFLOW_SERVICE] Error enviando alerta: status=500
2026-01-26 00:02:01 - orderflow_service - INFO - [ORDERFLOW_SERVICE] Footprint completado: DOGEUSDT | time=1769403660000 | trades=75 | delta=-69308.0000 | poc=0
2026-01-26 00:02:01 - orderflow_service - INFO - [ORDERFLOW_SERVICE] Footprint completado: POLUSDT | time=1769403660000 | trades=14 | delta=-651.0000 | poc=0
2026-01-26 00:02:01 - orderflow_service - INFO - [ORDERFLOW_SERVICE] Footprint completado: SUIUSDT | time=1769403660000 | trades=128 | delta=-16230.0000 | poc=13
2026-01-26 00:02:02 - orderflow_service - INFO - [ORDERFLOW_SERVICE] Footprint completado: ADAUSDT | time=1769403660000 | trades=31 | delta=-6323.0000 | poc=0
2026-01-26 00:02:02 - orderflow_service - INFO - [ORDERFLOW_SERVICE] Footprint completado: BNBUSDT | time=1769403660000 | trades=82 | delta=-224.0100 | poc=0
2026-01-26 00:02:02 - orderflow_service - INFO - [ORDERFLOW_SERVICE] Footprint completado: XRPUSDT | time=1769403660000 | trades=164 | delta=-18760.9000 | poc=0
2026-01-26 00:02:02 - footprint_calculator - WARNING - Max levels reached for candle 87704.0-87758.4 with step 1.0
2026-01-26 00:02:02 - orderflow_service - INFO - [ORDERFLOW_SERVICE] Footprint completado: BTCUSDT | time=1769403660000 | trades=796 | delta=5.4580 | poc=28
2026-01-26 00:02:02 - orderflow_service - INFO - [ORDERFLOW_SERVICE] Footprint completado: ETHUSDT | time=1769403660000 | trades=548 | delta=-78.5800 | poc=0
2026-01-26 00:02:08 - orderflow_service - INFO - [ORDERFLOW_SERVICE] Footprint completado: TRBUSDT | time=1769403660000 | trades=17 | delta=32.5100 | poc=8
2026-01-26 00:03:00 - orderflow_service - INFO - [ORDERFLOW_SERVICE] Footprint completado: XRPUSDT | time=1769403720000 | trades=130 | delta=-5988.3000 | poc=0
2026-01-26 00:03:00 - orderflow_service - INFO - [ORDERFLOW_SERVICE] Footprint completado: SUIUSDT | time=1769403720000 | trades=72 | delta=8890.0000 | poc=3
2026-01-26 00:03:00 - orderflow_service - INFO - [ORDERFLOW_SERVICE] Footprint completado: PAXGUSDT | time=1769403720000 | trades=38 | delta=0.3460 | poc=1
2026-01-26 00:03:00 - orderflow_service - INFO - [ORDERFLOW_SERVICE] Footprint completado: DOGEUSDT | time=1769403720000 | trades=61 | delta=-34776.0000 | poc=1
2026-01-26 00:03:01 - orderflow_service - INFO - [ORDERFLOW_SERVICE] Footprint completado: GALAUSDT | time=1769403720000 | trades=67 | delta=512020.0000 | poc=0
2026-01-26 00:03:02 - orderflow_service - INFO - [ORDERFLOW_SERVICE] Footprint completado: ADAUSDT | time=1769403720000 | trades=27 | delta=-2200.0000 | poc=0
2026-01-26 00:03:02 - orderflow_service - INFO - [ORDERFLOW_SERVICE] Footprint completado: BTCUSDT | time=1769403720000 | trades=357 | delta=4.9770 | poc=39
2026-01-26 00:03:02 - orderflow_service - INFO - [ORDERFLOW_SERVICE] Footprint completado: ETHUSDT | time=1769403720000 | trades=388 | delta=9.7400 | poc=0
2026-01-26 00:03:02 - orderflow_service - INFO - [ORDERFLOW_SERVICE] Footprint completado: POLUSDT | time=1769403720000 | trades=25 | delta=3551.0000 | poc=0
2026-01-26 00:03:02 - orderflow_service - INFO - [ORDERFLOW_SERVICE] Footprint completado: SOLUSDT | time=1769403720000 | trades=138 | delta=1585.1000 | poc=0
2026-01-26 00:03:02 - orderflow_service - INFO - [ORDERFLOW_SERVICE] Footprint completado: TRXUSDT | time=1769403720000 | trades=16 | delta=5376.0000 | poc=0
2026-01-26 00:03:05 - orderflow_service - INFO - [ORDERFLOW_SERVICE] Footprint completado: TRBUSDT | time=1769403720000 | trades=9 | delta=-2.2200 | poc=3
2026-01-26 00:03:20 - orderflow_service - INFO - [ORDERFLOW_SERVICE] Footprint completado: BNBUSDT | time=1769403720000 | trades=29 | delta=3.2900 | poc=1
2026-01-26 00:04:00 - orderflow_service - INFO - [ORDERFLOW_SERVICE] Footprint completado: DOGEUSDT | time=1769403780000 | trades=72 | delta=-50699.0000 | poc=0
2026-01-26 00:04:00 - orderflow_service - INFO - [ORDERFLOW_SERVICE] Footprint completado: PAXGUSDT | time=1769403780000 | trades=50 | delta=-1.3910 | poc=1
2026-01-26 00:04:00 - orderflow_service - INFO - [ORDERFLOW_SERVICE] Footprint completado: TRXUSDT | time=1769403780000 | trades=20 | delta=-19954.0000 | poc=0
2026-01-26 00:04:01 - orderflow_service - INFO - [ORDERFLOW_SERVICE] Footprint completado: BTCUSDT | time=1769403780000 | trades=766 | delta=4.4150 | poc=24
2026-01-26 00:04:01 - orderflow_service - INFO - [ORDERFLOW_SERVICE] Footprint completado: SOLUSDT | time=1769403780000 | trades=118 | delta=223.5000 | poc=0
2026-01-26 00:04:01 - orderflow_service - INFO - [ORDERFLOW_SERVICE] Footprint completado: XRPUSDT | time=1769403780000 | trades=106 | delta=4711.6000 | poc=0
2026-01-26 00:04:02 - orderflow_service - INFO - [ORDERFLOW_SERVICE] Footprint completado: SUIUSDT | time=1769403780000 | trades=85 | delta=2670.0000 | poc=5
2026-01-26 00:04:02 - orderflow_service - INFO - [ORDERFLOW_SERVICE] Footprint completado: ETHUSDT | time=1769403780000 | trades=349 | delta=4.9200 | poc=0
2026-01-26 00:04:02 - orderflow_service - INFO - [ORDERFLOW_SERVICE] Footprint completado: ADAUSDT | time=1769403780000 | trades=52 | delta=30701.0000 | poc=0
2026-01-26 00:04:02 - orderflow_service - INFO - [ORDERFLOW_SERVICE] Footprint completado: GALAUSDT | time=1769403780000 | trades=45 | delta=-251112.0000 | poc=0
2026-01-26 00:04:03 - orderflow_service - INFO - [ORDERFLOW_SERVICE] Footprint completado: POLUSDT | time=1769403780000 | trades=6 | delta=-778.0000 | poc=0
2026-01-26 00:04:03 - orderflow_service - INFO - [ORDERFLOW_SERVICE] Footprint completado: BNBUSDT | time=1769403780000 | trades=3 | delta=0.1000 | poc=0
2026-01-26 00:04:08 - orderflow_service - INFO - [ORDERFLOW_SERVICE] Footprint completado: TRBUSDT | time=1769403780000 | trades=8 | delta=1.0800 | poc=4
2026-01-26 00:05:00 - orderflow_service - INFO - [ORDERFLOW_SERVICE] Footprint completado: XRPUSDT | time=1769403840000 | trades=406 | delta=-22408.0000 | poc=0
2026-01-26 00:05:00 - orderflow_service - INFO - [ORDERFLOW_SERVICE] Footprint completado: XRPUSDT | time=1769403600000 | trades=1117 | delta=-21761.7000 | poc=0
2026-01-26 00:05:00 - orderflow_service - INFO - [ORDERFLOW_SERVICE] Footprint completado: SUIUSDT | time=1769403840000 | trades=105 | delta=-13220.0000 | poc=4
2026-01-26 00:05:00 - orderflow_service - INFO - [ORDERFLOW_SERVICE] Footprint completado: SUIUSDT | time=1769403600000 | trades=596 | delta=11940.0000 | poc=26
2026-01-26 00:05:00 - orderflow_service - INFO - [ORDERFLOW_SERVICE] Footprint completado: DOGEUSDT | time=1769403840000 | trades=164 | delta=-124262.0000 | poc=0
2026-01-26 00:05:00 - orderflow_service - INFO - [ORDERFLOW_SERVICE] Footprint completado: DOGEUSDT | time=1769403600000 | trades=522 | delta=1501929.0000 | poc=1
2026-01-26 00:05:00 - orderflow_service - INFO - [ORDERFLOW_SERVICE] Footprint completado: PAXGUSDT | time=1769403840000 | trades=37 | delta=0.2870 | poc=0
2026-01-26 00:05:00 - orderflow_service - INFO - [ORDERFLOW_SERVICE] Footprint completado: PAXGUSDT | time=1769403600000 | trades=218 | delta=1.7980 | poc=2
2026-01-26 00:05:00 - orderflow_service - INFO - [ORDERFLOW_SERVICE] Footprint completado: TRXUSDT | time=1769403840000 | trades=67 | delta=67543.0000 | poc=0
2026-01-26 00:05:00 - orderflow_service - INFO - [ORDERFLOW_SERVICE] Footprint completado: TRXUSDT | time=1769403600000 | trades=129 | delta=54877.0000 | poc=0
2026-01-26 00:05:00 - orderflow_service - INFO - [ORDERFLOW_SERVICE] Footprint completado: ETHUSDT | time=1769403840000 | trades=574 | delta=-72.0700 | poc=1
2026-01-26 00:05:00 - orderflow_service - INFO - [ORDERFLOW_SERVICE] Footprint completado: ETHUSDT | time=1769403600000 | trades=2736 | delta=-287.8800 | poc=1
2026-01-26 00:05:00 - orderflow_service - INFO - [ORDERFLOW_SERVICE] Footprint completado: ADAUSDT | time=1769403840000 | trades=33 | delta=-7196.0000 | poc=0
2026-01-26 00:05:00 - orderflow_service - INFO - [ORDERFLOW_SERVICE] Footprint completado: ADAUSDT | time=1769403600000 | trades=240 | delta=62692.0000 | poc=0
2026-01-26 00:05:01 - footprint_calculator - WARNING - Max levels reached for candle 87707.3-87774.0 with step 1.0
2026-01-26 00:05:01 - orderflow_service - INFO - [ORDERFLOW_SERVICE] Footprint completado: BTCUSDT | time=1769403840000 | trades=571 | delta=-8.8920 | poc=0
2026-01-26 00:05:01 - footprint_calculator - WARNING - Max levels reached for candle 87704.0-87782.5 with step 1.0
2026-01-26 00:05:01 - orderflow_service - INFO - [ORDERFLOW_SERVICE] Footprint completado: BTCUSDT | time=1769403600000 | trades=3433 | delta=9.1660 | poc=49
2026-01-26 00:05:02 - orderflow_service - INFO - [ORDERFLOW_SERVICE] Footprint completado: SOLUSDT | time=1769403840000 | trades=264 | delta=-904.8000 | poc=0
2026-01-26 00:05:02 - orderflow_service - INFO - [ORDERFLOW_SERVICE] Footprint completado: SOLUSDT | time=1769403600000 | trades=952 | delta=189.9000 | poc=0
2026-01-26 00:05:03 - orderflow_service - INFO - [ORDERFLOW_SERVICE] Footprint completado: GALAUSDT | time=1769403840000 | trades=29 | delta=-255753.0000 | poc=0
2026-01-26 00:05:03 - orderflow_service - INFO - [ORDERFLOW_SERVICE] Footprint completado: GALAUSDT | time=1769403600000 | trades=277 | delta=-156242.0000 | poc=0
2026-01-26 00:05:05 - orderflow_service - INFO - [ORDERFLOW_SERVICE] Footprint completado: TRBUSDT | time=1769403840000 | trades=15 | delta=22.9800 | poc=15
2026-01-26 00:05:05 - orderflow_service - INFO - [ORDERFLOW_SERVICE] Footprint completado: TRBUSDT | time=1769403600000 | trades=67 | delta=39.4700 | poc=8
2026-01-26 00:05:06 - orderflow_service - WARNING - [ORDERFLOW_SERVICE] Error enviando alerta: status=500
2026-01-26 00:05:20 - orderflow_service - INFO - [ORDERFLOW_SERVICE] Footprint completado: POLUSDT | time=1769403840000 | trades=12 | delta=-6246.0000 | poc=0
2026-01-26 00:05:20 - orderflow_service - INFO - [ORDERFLOW_SERVICE] Footprint completado: POLUSDT | time=1769403600000 | trades=120 | delta=9423.0000 | poc=0
2026-01-26 00:05:20 - orderflow_service - INFO - [ORDERFLOW_SERVICE] Footprint completado: BNBUSDT | time=1769403840000 | trades=27 | delta=-3.1900 | poc=0
2026-01-26 00:05:20 - orderflow_service - INFO - [ORDERFLOW_SERVICE] Footprint completado: BNBUSDT | time=1769403600000 | trades=199 | delta=-222.3800 | poc=0
2026-01-26 00:06:00 - orderflow_service - INFO - [ORDERFLOW_SERVICE] Footprint completado: ETHUSDT | time=1769403900000 | trades=446 | delta=-47.5200 | poc=0
2026-01-26 00:06:00 - orderflow_service - INFO - [ORDERFLOW_SERVICE] Footprint completado: SUIUSDT | time=1769403900000 | trades=111 | delta=14500.0000 | poc=5
2026-01-26 00:06:00 - orderflow_service - INFO - [ORDERFLOW_SERVICE] Footprint completado: PAXGUSDT | time=1769403900000 | trades=103 | delta=-0.6410 | poc=11
2026-01-26 00:06:00 - orderflow_service - INFO - [ORDERFLOW_SERVICE] Footprint completado: DOGEUSDT | time=1769403900000 | trades=201 | delta=-129697.0000 | poc=0
2026-01-26 00:06:00 - orderflow_service - INFO - [ORDERFLOW_SERVICE] Footprint completado: XRPUSDT | time=1769403900000 | trades=424 | delta=-121715.7000 | poc=0
2026-01-26 00:06:01 - footprint_calculator - WARNING - Max levels reached for candle 87668.9-87727.7 with step 1.0
2026-01-26 00:06:01 - orderflow_service - INFO - [ORDERFLOW_SERVICE] Footprint completado: BTCUSDT | time=1769403900000 | trades=934 | delta=-24.1930 | poc=6
2026-01-26 00:06:01 - orderflow_service - INFO - [ORDERFLOW_SERVICE] Footprint completado: GALAUSDT | time=1769403900000 | trades=47 | delta=-496483.0000 | poc=0
2026-01-26 00:06:01 - orderflow_service - INFO - [ORDERFLOW_SERVICE] Footprint completado: POLUSDT | time=1769403900000 | trades=11 | delta=-3581.0000 | poc=0
2026-01-26 00:06:01 - orderflow_service - INFO - [ORDERFLOW_SERVICE] Footprint completado: SOLUSDT | time=1769403900000 | trades=258 | delta=-830.0000 | poc=1
2026-01-26 00:06:01 - orderflow_service - INFO - [ORDERFLOW_SERVICE] Footprint completado: ADAUSDT | time=1769403900000 | trades=74 | delta=-11171.0000 | poc=0
2026-01-26 00:06:02 - orderflow_service - INFO - [ORDERFLOW_SERVICE] Footprint completado: TRXUSDT | time=1769403900000 | trades=16 | delta=991.0000 | poc=0
2026-01-26 00:06:08 - orderflow_service - INFO - [ORDERFLOW_SERVICE] Footprint completado: BNBUSDT | time=1769403900000 | trades=39 | delta=-6.8500 | poc=0
2026-01-26 00:06:09 - orderflow_service - INFO - [ORDERFLOW_SERVICE] Footprint completado: TRBUSDT | time=1769403900000 | trades=7 | delta=-6.5000 | poc=3
2026-01-26 00:07:00 - orderflow_service - INFO - [ORDERFLOW_SERVICE] Footprint completado: XRPUSDT | time=1769403960000 | trades=151 | delta=8568.5000 | poc=0
2026-01-26 00:07:00 - orderflow_service - INFO - [ORDERFLOW_SERVICE] Footprint completado: TRBUSDT | time=1769403960000 | trades=11 | delta=-3.2000 | poc=0
2026-01-26 00:07:00 - orderflow_service - INFO - [ORDERFLOW_SERVICE] Footprint completado: PAXGUSDT | time=1769403960000 | trades=79 | delta=1.1020 | poc=2
2026-01-26 00:07:00 - orderflow_service - INFO - [ORDERFLOW_SERVICE] Footprint completado: DOGEUSDT | time=1769403960000 | trades=89 | delta=60593.0000 | poc=0
2026-01-26 00:07:00 - orderflow_service - INFO - [ORDERFLOW_SERVICE] Footprint completado: ADAUSDT | time=1769403960000 | trades=77 | delta=-31071.0000 | poc=0
2026-01-26 00:07:01 - orderflow_service - INFO - [ORDERFLOW_SERVICE] Footprint completado: TRXUSDT | time=1769403960000 | trades=3 | delta=-90.0000 | poc=0
2026-01-26 00:07:01 - orderflow_service - INFO - [ORDERFLOW_SERVICE] Footprint completado: ETHUSDT | time=1769403960000 | trades=745 | delta=-12.4300 | poc=0
2026-01-26 00:07:01 - orderflow_service - INFO - [ORDERFLOW_SERVICE] Footprint completado: SOLUSDT | time=1769403960000 | trades=202 | delta=-50.2000 | poc=0
2026-01-26 00:07:02 - orderflow_service - INFO - [ORDERFLOW_SERVICE] Footprint completado: BTCUSDT | time=1769403960000 | trades=346 | delta=-4.3950 | poc=7
2026-01-26 00:07:02 - orderflow_service - INFO - [ORDERFLOW_SERVICE] Footprint completado: SUIUSDT | time=1769403960000 | trades=86 | delta=8850.0000 | poc=4
2026-01-26 00:07:12 - orderflow_service - INFO - [ORDERFLOW_SERVICE] Footprint completado: GALAUSDT | time=1769403960000 | trades=28 | delta=331325.0000 | poc=0
2026-01-26 00:07:22 - orderflow_service - INFO - [ORDERFLOW_SERVICE] Footprint completado: BNBUSDT | time=1769403960000 | trades=36 | delta=-0.4400 | poc=0
2026-01-26 00:07:29 - orderflow_service - INFO - [ORDERFLOW_SERVICE] Footprint completado: POLUSDT | time=1769403960000 | trades=31 | delta=22837.0000 | poc=0
2026-01-26 00:08:00 - orderflow_service - INFO - [ORDERFLOW_SERVICE] Footprint completado: PAXGUSDT | time=1769404020000 | trades=163 | delta=-6.6950 | poc=4
2026-01-26 00:08:00 - orderflow_service - INFO - [ORDERFLOW_SERVICE] Footprint completado: SOLUSDT | time=1769404020000 | trades=209 | delta=-309.9000 | poc=0
2026-01-26 00:08:00 - orderflow_service - INFO - [ORDERFLOW_SERVICE] Footprint completado: ETHUSDT | time=1769404020000 | trades=1288 | delta=-254.6000 | poc=1
2026-01-26 00:08:00 - orderflow_service - INFO - [ORDERFLOW_SERVICE] Footprint completado: DOGEUSDT | time=1769404020000 | trades=199 | delta=-32305.0000 | poc=0
2026-01-26 00:08:00 - orderflow_service - INFO - [ORDERFLOW_SERVICE] Footprint completado: XRPUSDT | time=1769404020000 | trades=401 | delta=-42435.1000 | poc=1
2026-01-26 00:08:00 - orderflow_service - INFO - [ORDERFLOW_SERVICE] Footprint completado: POLUSDT | time=1769404020000 | trades=24 | delta=-17344.0000 | poc=0
2026-01-26 00:08:01 - orderflow_service - INFO - [ORDERFLOW_SERVICE] Footprint completado: TRXUSDT | time=1769404020000 | trades=78 | delta=-50003.0000 | poc=0
2026-01-26 00:08:01 - orderflow_service - INFO - [ORDERFLOW_SERVICE] Footprint completado: BTCUSDT | time=1769404020000 | trades=366 | delta=-2.7680 | poc=12
2026-01-26 00:08:02 - orderflow_service - INFO - [ORDERFLOW_SERVICE] Footprint completado: SUIUSDT | time=1769404020000 | trades=53 | delta=-3330.0000 | poc=3
2026-01-26 00:08:02 - orderflow_service - INFO - [ORDERFLOW_SERVICE] Footprint completado: TRBUSDT | time=1769404020000 | trades=10 | delta=-0.9300 | poc=4
2026-01-26 00:08:03 - orderflow_service - INFO - [ORDERFLOW_SERVICE] Footprint completado: ADAUSDT | time=1769404020000 | trades=88 | delta=-10788.0000 | poc=0
2026-01-26 00:08:18 - orderflow_service - INFO - [ORDERFLOW_SERVICE] Footprint completado: BNBUSDT | time=1769404020000 | trades=13 | delta=-2.2300 | poc=0
2026-01-26 00:08:23 - orderflow_service - INFO - [ORDERFLOW_SERVICE] Footprint completado: GALAUSDT | time=1769404020000 | trades=15 | delta=-145452.0000 | poc=0
2026-01-26 00:09:00 - orderflow_service - INFO - [ORDERFLOW_SERVICE] Footprint completado: POLUSDT | time=1769404080000 | trades=24 | delta=-1057.0000 | poc=0
2026-01-26 00:09:00 - orderflow_service - INFO - [ORDERFLOW_SERVICE] Footprint completado: ETHUSDT | time=1769404080000 | trades=738 | delta=38.8300 | poc=0
2026-01-26 00:09:00 - orderflow_service - INFO - [ORDERFLOW_SERVICE] Footprint completado: SOLUSDT | time=1769404080000 | trades=98 | delta=466.4000 | poc=0
2026-01-26 00:09:00 - orderflow_service - INFO - [ORDERFLOW_SERVICE] Footprint completado: TRXUSDT | time=1769404080000 | trades=103 | delta=43445.0000 | poc=0
2026-01-26 00:09:01 - orderflow_service - INFO - [ORDERFLOW_SERVICE] Footprint completado: PAXGUSDT | time=1769404080000 | trades=112 | delta=-4.4410 | poc=1
2026-01-26 00:09:01 - orderflow_service - INFO - [ORDERFLOW_SERVICE] Footprint completado: SUIUSDT | time=1769404080000 | trades=53 | delta=3070.0000 | poc=1
2026-01-26 00:09:01 - orderflow_service - INFO - [ORDERFLOW_SERVICE] Footprint completado: BTCUSDT | time=1769404080000 | trades=524 | delta=0.7140 | poc=16
2026-01-26 00:09:01 - orderflow_service - INFO - [ORDERFLOW_SERVICE] Footprint completado: XRPUSDT | time=1769404080000 | trades=145 | delta=-6567.6000 | poc=1
2026-01-26 00:09:01 - orderflow_service - INFO - [ORDERFLOW_SERVICE] Footprint completado: TRBUSDT | time=1769404080000 | trades=10 | delta=3.7700 | poc=4
2026-01-26 00:09:02 - orderflow_service - INFO - [ORDERFLOW_SERVICE] Footprint completado: ADAUSDT | time=1769404080000 | trades=23 | delta=20446.0000 | poc=0
2026-01-26 00:09:04 - orderflow_service - INFO - [ORDERFLOW_SERVICE] Footprint completado: DOGEUSDT | time=1769404080000 | trades=50 | delta=-7376.0000 | poc=0
2026-01-26 00:09:09 - orderflow_service - INFO - [ORDERFLOW_SERVICE] Footprint completado: BNBUSDT | time=1769404080000 | trades=18 | delta=-10.0100 | poc=0
2026-01-26 00:09:14 - orderflow_service - INFO - [ORDERFLOW_SERVICE] Footprint completado: GALAUSDT | time=1769404080000 | trades=10 | delta=109016.0000 | poc=0
2026-01-26 00:10:00 - orderflow_service - INFO - [ORDERFLOW_SERVICE] Footprint completado: SOLUSDT | time=1769404140000 | trades=154 | delta=218.4000 | poc=1
2026-01-26 00:10:00 - orderflow_service - INFO - [ORDERFLOW_SERVICE] Footprint completado: SOLUSDT | time=1769403900000 | trades=921 | delta=-505.3000 | poc=0
2026-01-26 00:10:00 - orderflow_service - INFO - [ORDERFLOW_SERVICE] Footprint completado: ETHUSDT | time=1769404140000 | trades=237 | delta=22.6800 | poc=0
2026-01-26 00:10:00 - orderflow_service - INFO - [ORDERFLOW_SERVICE] Footprint completado: ETHUSDT | time=1769403900000 | trades=3454 | delta=-253.0400 | poc=1
2026-01-26 00:10:00 - footprint_calculator - WARNING - Max levels reached for candle 87638.8-87688.3 with step 1.0
2026-01-26 00:10:00 - orderflow_service - INFO - [ORDERFLOW_SERVICE] Footprint completado: BTCUSDT | time=1769404140000 | trades=833 | delta=6.7670 | poc=23
2026-01-26 00:10:00 - footprint_calculator - WARNING - Max levels reached for candle 87622.2-87727.7 with step 1.0
2026-01-26 00:10:00 - orderflow_service - INFO - [ORDERFLOW_SERVICE] Footprint completado: BTCUSDT | time=1769403900000 | trades=3003 | delta=-23.8750 | poc=49
2026-01-26 00:10:01 - orderflow_service - INFO - [ORDERFLOW_SERVICE] Footprint completado: PAXGUSDT | time=1769404140000 | trades=64 | delta=-1.7780 | poc=0
2026-01-26 00:10:01 - orderflow_service - INFO - [ORDERFLOW_SERVICE] Footprint completado: PAXGUSDT | time=1769403900000 | trades=521 | delta=-12.4530 | poc=1
2026-01-26 00:10:01 - orderflow_service - INFO - [ORDERFLOW_SERVICE] Footprint completado: XRPUSDT | time=1769404140000 | trades=240 | delta=26011.1000 | poc=0
2026-01-26 00:10:01 - orderflow_service - INFO - [ORDERFLOW_SERVICE] Footprint completado: XRPUSDT | time=1769403900000 | trades=1361 | delta=-136138.8000 | poc=1
2026-01-26 00:10:01 - orderflow_service - INFO - [ORDERFLOW_SERVICE] Footprint completado: ADAUSDT | time=1769404140000 | trades=62 | delta=75493.0000 | poc=0
2026-01-26 00:10:01 - orderflow_service - INFO - [ORDERFLOW_SERVICE] Footprint completado: ADAUSDT | time=1769403900000 | trades=324 | delta=42909.0000 | poc=0
2026-01-26 00:10:02 - orderflow_service - INFO - [ORDERFLOW_SERVICE] Footprint completado: TRBUSDT | time=1769404140000 | trades=10 | delta=-0.8300 | poc=3
2026-01-26 00:10:02 - orderflow_service - INFO - [ORDERFLOW_SERVICE] Footprint completado: TRBUSDT | time=1769403900000 | trades=48 | delta=-7.6900 | poc=9
2026-01-26 00:10:02 - orderflow_service - INFO - [ORDERFLOW_SERVICE] Footprint completado: GALAUSDT | time=1769404140000 | trades=21 | delta=-140282.0000 | poc=0
2026-01-26 00:10:02 - orderflow_service - INFO - [ORDERFLOW_SERVICE] Footprint completado: GALAUSDT | time=1769403900000 | trades=121 | delta=-341876.0000 | poc=0
2026-01-26 00:10:02 - orderflow_service - INFO - [ORDERFLOW_SERVICE] Footprint completado: DOGEUSDT | time=1769404140000 | trades=63 | delta=-69164.0000 | poc=0
2026-01-26 00:10:02 - orderflow_service - INFO - [ORDERFLOW_SERVICE] Footprint completado: DOGEUSDT | time=1769403900000 | trades=602 | delta=-177949.0000 | poc=0
2026-01-26 00:10:02 - orderflow_service - INFO - [ORDERFLOW_SERVICE] Footprint completado: SUIUSDT | time=1769404140000 | trades=85 | delta=5820.0000 | poc=3
2026-01-26 00:10:02 - orderflow_service - INFO - [ORDERFLOW_SERVICE] Footprint completado: SUIUSDT | time=1769403900000 | trades=388 | delta=28910.0000 | poc=5
2026-01-26 00:10:08 - orderflow_service - INFO - [ORDERFLOW_SERVICE] Footprint completado: BNBUSDT | time=1769404140000 | trades=16 | delta=1.3300 | poc=0
2026-01-26 00:10:08 - orderflow_service - INFO - [ORDERFLOW_SERVICE] Footprint completado: BNBUSDT | time=1769403900000 | trades=122 | delta=-18.2000 | poc=0
2026-01-26 00:10:43 - orderflow_service - INFO - [ORDERFLOW_SERVICE] Footprint completado: TRXUSDT | time=1769404140000 | trades=99 | delta=21843.0000 | poc=1
2026-01-26 00:10:43 - orderflow_service - INFO - [ORDERFLOW_SERVICE] Footprint completado: TRXUSDT | time=1769403900000 | trades=299 | delta=16186.0000 | poc=0
2026-01-26 00:10:46 - orderflow_service - INFO - [ORDERFLOW_SERVICE] Footprint completado: POLUSDT | time=1769404140000 | trades=17 | delta=-7454.0000 | poc=0
2026-01-26 00:10:46 - orderflow_service - INFO - [ORDERFLOW_SERVICE] Footprint completado: POLUSDT | time=1769403900000 | trades=107 | delta=-6599.0000 | poc=0
2026-01-26 00:11:00 - orderflow_service - INFO - [ORDERFLOW_SERVICE] Footprint completado: SOLUSDT | time=1769404200000 | trades=278 | delta=238.1000 | poc=0
2026-01-26 00:11:00 - orderflow_service - INFO - [ORDERFLOW_SERVICE] Footprint completado: SUIUSDT | time=1769404200000 | trades=117 | delta=4100.0000 | poc=12
2026-01-26 00:11:00 - orderflow_service - INFO - [ORDERFLOW_SERVICE] Footprint completado: TRBUSDT | time=1769404200000 | trades=16 | delta=-22.7100 | poc=3
2026-01-26 00:11:00 - orderflow_service - INFO - [ORDERFLOW_SERVICE] Footprint completado: BTCUSDT | time=1769404200000 | trades=374 | delta=-4.1630 | poc=11
2026-01-26 00:11:00 - orderflow_service - INFO - [ORDERFLOW_SERVICE] Footprint completado: PAXGUSDT | time=1769404200000 | trades=54 | delta=-2.6170 | poc=2
2026-01-26 00:11:00 - orderflow_service - INFO - [ORDERFLOW_SERVICE] Footprint completado: DOGEUSDT | time=1769404200000 | trades=47 | delta=-22271.0000 | poc=0
2026-01-26 00:11:01 - orderflow_service - INFO - [ORDERFLOW_SERVICE] Footprint completado: POLUSDT | time=1769404200000 | trades=18 | delta=-6785.0000 | poc=0
2026-01-26 00:11:01 - orderflow_service - INFO - [ORDERFLOW_SERVICE] Footprint completado: XRPUSDT | time=1769404200000 | trades=131 | delta=-7613.4000 | poc=0
2026-01-26 00:11:02 - orderflow_service - INFO - [ORDERFLOW_SERVICE] Footprint completado: ETHUSDT | time=1769404200000 | trades=585 | delta=-29.2100 | poc=0
2026-01-26 00:11:02 - orderflow_service - INFO - [ORDERFLOW_SERVICE] Footprint completado: ADAUSDT | time=1769404200000 | trades=60 | delta=-12141.0000 | poc=0
2026-01-26 00:11:05 - orderflow_service - INFO - [ORDERFLOW_SERVICE] Footprint completado: TRXUSDT | time=1769404200000 | trades=2 | delta=284.0000 | poc=0
2026-01-26 00:11:15 - orderflow_service - INFO - [ORDERFLOW_SERVICE] Footprint completado: GALAUSDT | time=1769404200000 | trades=42 | delta=-643666.0000 | poc=0
2026-01-26 00:11:37 - orderflow_service - INFO - [ORDERFLOW_SERVICE] Footprint completado: BNBUSDT | time=1769404200000 | trades=20 | delta=1.6300 | poc=0
2026-01-26 00:12:00 - orderflow_service - INFO - [ORDERFLOW_SERVICE] Footprint completado: PAXGUSDT | time=1769404260000 | trades=55 | delta=-0.0560 | poc=4
2026-01-26 00:12:00 - orderflow_service - INFO - [ORDERFLOW_SERVICE] Footprint completado: ETHUSDT | time=1769404260000 | trades=51 | delta=7.1900 | poc=0
2026-01-26 00:12:00 - orderflow_service - INFO - [ORDERFLOW_SERVICE] Footprint completado: TRXUSDT | time=1769404260000 | trades=24 | delta=15193.0000 | poc=0
2026-01-26 00:12:00 - orderflow_service - INFO - [ORDERFLOW_SERVICE] Footprint completado: SUIUSDT | time=1769404260000 | trades=31 | delta=760.0000 | poc=3
2026-01-26 00:12:01 - orderflow_service - INFO - [ORDERFLOW_SERVICE] Footprint completado: XRPUSDT | time=1769404260000 | trades=42 | delta=3999.2000 | poc=0
2026-01-26 00:12:01 - orderflow_service - INFO - [ORDERFLOW_SERVICE] Footprint completado: SOLUSDT | time=1769404260000 | trades=161 | delta=1475.2000 | poc=0
2026-01-26 00:12:03 - orderflow_service - INFO - [ORDERFLOW_SERVICE] Footprint completado: GALAUSDT | time=1769404260000 | trades=4 | delta=-7077.0000 | poc=0
2026-01-26 00:12:03 - orderflow_service - INFO - [ORDERFLOW_SERVICE] Footprint completado: BTCUSDT | time=1769404260000 | trades=236 | delta=-3.1330 | poc=9
2026-01-26 00:12:05 - orderflow_service - INFO - [ORDERFLOW_SERVICE] Footprint completado: BNBUSDT | time=1769404260000 | trades=15 | delta=-4.7200 | poc=0
2026-01-26 00:12:05 - orderflow_service - INFO - [ORDERFLOW_SERVICE] Footprint completado: ADAUSDT | time=1769404260000 | trades=14 | delta=13718.0000 | poc=0
2026-01-26 00:12:05 - orderflow_service - INFO - [ORDERFLOW_SERVICE] Footprint completado: DOGEUSDT | time=1769404260000 | trades=35 | delta=-53012.0000 | poc=0
2026-01-26 00:12:16 - orderflow_service - INFO - [ORDERFLOW_SERVICE] Footprint completado: POLUSDT | time=1769404260000 | trades=5 | delta=632.0000 | poc=0
2026-01-26 00:12:36 - orderflow_service - INFO - [ORDERFLOW_SERVICE] Footprint completado: TRBUSDT | time=1769404260000 | trades=12 | delta=5.0300 | poc=0
2026-01-26 00:13:00 - orderflow_service - INFO - [ORDERFLOW_SERVICE] Footprint completado: PAXGUSDT | time=1769404320000 | trades=128 | delta=-2.0270 | poc=3
2026-01-26 00:13:01 - orderflow_service - WARNING - [ORDERFLOW_SERVICE] Error enviando alerta: status=500
2026-01-26 00:13:01 - orderflow_service - INFO - [ORDERFLOW_SERVICE] Footprint completado: ETHUSDT | time=1769404320000 | trades=419 | delta=-80.8400 | poc=0
2026-01-26 00:13:01 - orderflow_service - INFO - [ORDERFLOW_SERVICE] Footprint completado: ADAUSDT | time=1769404320000 | trades=71 | delta=-13161.0000 | poc=0
2026-01-26 00:13:01 - orderflow_service - INFO - [ORDERFLOW_SERVICE] Footprint completado: TRXUSDT | time=1769404320000 | trades=37 | delta=-22236.0000 | poc=1
2026-01-26 00:13:01 - orderflow_service - INFO - [ORDERFLOW_SERVICE] Footprint completado: BTCUSDT | time=1769404320000 | trades=177 | delta=0.2060 | poc=13
2026-01-26 00:13:01 - orderflow_service - INFO - [ORDERFLOW_SERVICE] Footprint completado: DOGEUSDT | time=1769404320000 | trades=91 | delta=-60304.0000 | poc=0
2026-01-26 00:13:01 - orderflow_service - INFO - [ORDERFLOW_SERVICE] Footprint completado: SOLUSDT | time=1769404320000 | trades=185 | delta=-395.5000 | poc=0
2026-01-26 00:13:01 - orderflow_service - INFO - [ORDERFLOW_SERVICE] Footprint completado: XRPUSDT | time=1769404320000 | trades=59 | delta=4540.5000 | poc=0
2026-01-26 00:13:01 - orderflow_service - INFO - [ORDERFLOW_SERVICE] Footprint completado: TRBUSDT | time=1769404320000 | trades=7 | delta=-7.5900 | poc=1
2026-01-26 00:13:02 - orderflow_service - INFO - [ORDERFLOW_SERVICE] Footprint completado: SUIUSDT | time=1769404320000 | trades=77 | delta=5490.0000 | poc=10
2026-01-26 00:13:02 - orderflow_service - INFO - [ORDERFLOW_SERVICE] Footprint completado: GALAUSDT | time=1769404320000 | trades=13 | delta=20898.0000 | poc=0
2026-01-26 00:13:10 - orderflow_service - INFO - [ORDERFLOW_SERVICE] Footprint completado: BNBUSDT | time=1769404320000 | trades=25 | delta=-9.9900 | poc=0
2026-01-26 00:14:00 - orderflow_service - INFO - [ORDERFLOW_SERVICE] Footprint completado: SOLUSDT | time=1769404380000 | trades=115 | delta=400.7000 | poc=0
2026-01-26 00:14:00 - orderflow_service - INFO - [ORDERFLOW_SERVICE] Footprint completado: XRPUSDT | time=1769404380000 | trades=129 | delta=-35684.1000 | poc=0
2026-01-26 00:14:00 - orderflow_service - INFO - [ORDERFLOW_SERVICE] Footprint completado: PAXGUSDT | time=1769404380000 | trades=79 | delta=-1.2910 | poc=3
2026-01-26 00:14:00 - orderflow_service - INFO - [ORDERFLOW_SERVICE] Footprint completado: ETHUSDT | time=1769404380000 | trades=662 | delta=6.5000 | poc=0
2026-01-26 00:14:00 - orderflow_service - INFO - [ORDERFLOW_SERVICE] Footprint completado: DOGEUSDT | time=1769404380000 | trades=42 | delta=-13418.0000 | poc=0
2026-01-26 00:14:01 - orderflow_service - INFO - [ORDERFLOW_SERVICE] Footprint completado: BTCUSDT | time=1769404380000 | trades=285 | delta=2.3440 | poc=8
2026-01-26 00:14:01 - orderflow_service - INFO - [ORDERFLOW_SERVICE] Footprint completado: TRXUSDT | time=1769404380000 | trades=58 | delta=17508.0000 | poc=1
2026-01-26 00:14:02 - orderflow_service - INFO - [ORDERFLOW_SERVICE] Footprint completado: SUIUSDT | time=1769404380000 | trades=49 | delta=5610.0000 | poc=0
2026-01-26 00:14:02 - orderflow_service - INFO - [ORDERFLOW_SERVICE] Footprint completado: ADAUSDT | time=1769404380000 | trades=19 | delta=4580.0000 | poc=0
2026-01-26 00:14:02 - orderflow_service - INFO - [ORDERFLOW_SERVICE] Footprint completado: BNBUSDT | time=1769404380000 | trades=9 | delta=-0.8400 | poc=0
2026-01-26 00:14:15 - orderflow_service - INFO - [ORDERFLOW_SERVICE] Footprint completado: POLUSDT | time=1769404320000 | trades=6 | delta=1101.0000 | poc=0
2026-01-26 00:14:25 - orderflow_service - INFO - [ORDERFLOW_SERVICE] Footprint completado: GALAUSDT | time=1769404380000 | trades=13 | delta=-220837.0000 | poc=0
2026-01-26 00:14:34 - orderflow_service - INFO - [ORDERFLOW_SERVICE] Footprint completado: TRBUSDT | time=1769404380000 | trades=15 | delta=-47.9600 | poc=5
2026-01-26 00:15:00 - orderflow_service - INFO - [ORDERFLOW_SERVICE] Footprint completado: PAXGUSDT | time=1769404440000 | trades=101 | delta=0.9150 | poc=2
2026-01-26 00:15:00 - orderflow_service - INFO - [ORDERFLOW_SERVICE] Footprint completado: PAXGUSDT | time=1769404200000 | trades=417 | delta=-5.0760 | poc=7
2026-01-26 00:15:00 - orderflow_service - INFO - [ORDERFLOW_SERVICE] Footprint completado: BTCUSDT | time=1769404440000 | trades=1261 | delta=0.0880 | poc=18
2026-01-26 00:15:02 - orderflow_service - WARNING - [ORDERFLOW_SERVICE] Error enviando alerta: status=500
2026-01-26 00:15:02 - orderflow_service - INFO - [ORDERFLOW_SERVICE] Footprint completado: BTCUSDT | time=1769404200000 | trades=2333 | delta=-4.6580 | poc=27
2026-01-26 00:15:02 - orderflow_service - INFO - [ORDERFLOW_SERVICE] Footprint completado: DOGEUSDT | time=1769404440000 | trades=110 | delta=-291556.0000 | poc=0
2026-01-26 00:15:02 - orderflow_service - INFO - [ORDERFLOW_SERVICE] Footprint completado: DOGEUSDT | time=1769404200000 | trades=325 | delta=-440561.0000 | poc=0
2026-01-26 00:15:02 - orderflow_service - INFO - [ORDERFLOW_SERVICE] Footprint completado: XRPUSDT | time=1769404440000 | trades=166 | delta=-20666.0000 | poc=0
2026-01-26 00:15:02 - orderflow_service - INFO - [ORDERFLOW_SERVICE] Footprint completado: XRPUSDT | time=1769404200000 | trades=527 | delta=-55423.8000 | poc=0
2026-01-26 00:15:02 - orderflow_service - INFO - [ORDERFLOW_SERVICE] Footprint completado: ADAUSDT | time=1769404440000 | trades=16 | delta=4555.0000 | poc=0
2026-01-26 00:15:02 - orderflow_service - INFO - [ORDERFLOW_SERVICE] Footprint completado: ADAUSDT | time=1769404200000 | trades=180 | delta=-2449.0000 | poc=0
2026-01-26 00:15:02 - orderflow_service - INFO - [ORDERFLOW_SERVICE] Footprint completado: SOLUSDT | time=1769404440000 | trades=165 | delta=-181.5000 | poc=0
2026-01-26 00:15:02 - orderflow_service - INFO - [ORDERFLOW_SERVICE] Footprint completado: SOLUSDT | time=1769404200000 | trades=904 | delta=1537.0000 | poc=0
2026-01-26 00:15:02 - orderflow_service - INFO - [ORDERFLOW_SERVICE] Footprint completado: SUIUSDT | time=1769404440000 | trades=53 | delta=-3930.0000 | poc=0
2026-01-26 00:15:02 - orderflow_service - INFO - [ORDERFLOW_SERVICE] Footprint completado: SUIUSDT | time=1769404200000 | trades=327 | delta=12030.0000 | poc=10
2026-01-26 00:15:02 - orderflow_service - INFO - [ORDERFLOW_SERVICE] Footprint completado: ETHUSDT | time=1769404440000 | trades=367 | delta=-58.6000 | poc=0
2026-01-26 00:15:02 - orderflow_service - INFO - [ORDERFLOW_SERVICE] Footprint completado: ETHUSDT | time=1769404200000 | trades=2084 | delta=-154.9600 | poc=0
2026-01-26 00:15:02 - orderflow_service - INFO - [ORDERFLOW_SERVICE] Footprint completado: BNBUSDT | time=1769404440000 | trades=11 | delta=3.0300 | poc=0
2026-01-26 00:15:02 - orderflow_service - INFO - [ORDERFLOW_SERVICE] Footprint completado: BNBUSDT | time=1769404200000 | trades=80 | delta=-10.8900 | poc=0
2026-01-26 00:15:02 - orderflow_service - INFO - [ORDERFLOW_SERVICE] Footprint completado: TRBUSDT | time=1769404440000 | trades=4 | delta=-6.6700 | poc=3
2026-01-26 00:15:02 - orderflow_service - INFO - [ORDERFLOW_SERVICE] Footprint completado: TRBUSDT | time=1769404200000 | trades=54 | delta=-79.9000 | poc=8
2026-01-26 00:15:02 - orderflow_service - INFO - [ORDERFLOW_SERVICE] Footprint completado: GALAUSDT | time=1769404440000 | trades=15 | delta=87778.0000 | poc=0
2026-01-26 00:15:02 - orderflow_service - INFO - [ORDERFLOW_SERVICE] Footprint completado: GALAUSDT | time=1769404200000 | trades=87 | delta=-762904.0000 | poc=0
2026-01-26 00:15:02 - orderflow_service - INFO - [ORDERFLOW_SERVICE] Footprint completado: TRXUSDT | time=1769404440000 | trades=11 | delta=-5492.0000 | poc=0
2026-01-26 00:15:02 - orderflow_service - INFO - [ORDERFLOW_SERVICE] Footprint completado: TRXUSDT | time=1769404200000 | trades=132 | delta=5257.0000 | poc=1
2026-01-26 00:15:19 - orderflow_service - INFO - [ORDERFLOW_SERVICE] Footprint completado: POLUSDT | time=1769404440000 | trades=17 | delta=-7991.0000 | poc=0
2026-01-26 00:15:19 - orderflow_service - INFO - [ORDERFLOW_SERVICE] Footprint completado: POLUSDT | time=1769404200000 | trades=46 | delta=-13043.0000 | poc=0
2026-01-26 00:16:00 - orderflow_service - INFO - [ORDERFLOW_SERVICE] Footprint completado: ETHUSDT | time=1769404500000 | trades=429 | delta=137.7900 | poc=1
2026-01-26 00:16:00 - orderflow_service - INFO - [ORDERFLOW_SERVICE] Footprint completado: PAXGUSDT | time=1769404500000 | trades=69 | delta=-4.5290 | poc=0
2026-01-26 00:16:00 - orderflow_service - INFO - [ORDERFLOW_SERVICE] Footprint completado: SOLUSDT | time=1769404500000 | trades=386 | delta=1035.4000 | poc=0
2026-01-26 00:16:00 - orderflow_service - INFO - [ORDERFLOW_SERVICE] Footprint completado: DOGEUSDT | time=1769404500000 | trades=106 | delta=7711.0000 | poc=0
2026-01-26 00:16:01 - orderflow_service - INFO - [ORDERFLOW_SERVICE] Footprint completado: POLUSDT | time=1769404500000 | trades=14 | delta=9010.0000 | poc=0
2026-01-26 00:16:01 - orderflow_service - INFO - [ORDERFLOW_SERVICE] Footprint completado: TRXUSDT | time=1769404500000 | trades=33 | delta=-14908.0000 | poc=0
2026-01-26 00:16:01 - orderflow_service - INFO - [ORDERFLOW_SERVICE] Footprint completado: XRPUSDT | time=1769404500000 | trades=99 | delta=-784.6000 | poc=0
2026-01-26 00:16:01 - footprint_calculator - WARNING - Max levels reached for candle 87644.9-87701.8 with step 1.0
2026-01-26 00:16:01 - orderflow_service - INFO - [ORDERFLOW_SERVICE] Footprint completado: BTCUSDT | time=1769404500000 | trades=508 | delta=0.9300 | poc=49
2026-01-26 00:16:01 - orderflow_service - INFO - [ORDERFLOW_SERVICE] Footprint completado: SUIUSDT | time=1769404500000 | trades=86 | delta=5430.0000 | poc=9
2026-01-26 00:16:01 - orderflow_service - INFO - [ORDERFLOW_SERVICE] Footprint completado: TRBUSDT | time=1769404500000 | trades=17 | delta=14.8000 | poc=4
2026-01-26 00:16:03 - orderflow_service - INFO - [ORDERFLOW_SERVICE] Footprint completado: ADAUSDT | time=1769404500000 | trades=251 | delta=-79867.0000 | poc=0
2026-01-26 00:16:05 - orderflow_service - INFO - [ORDERFLOW_SERVICE] Footprint completado: BNBUSDT | time=1769404500000 | trades=18 | delta=4.3700 | poc=0
2026-01-26 00:16:13 - orderflow_service - INFO - [ORDERFLOW_SERVICE] Footprint completado: GALAUSDT | time=1769404500000 | trades=30 | delta=-100376.0000 | poc=0
2026-01-26 00:17:00 - orderflow_service - INFO - [ORDERFLOW_SERVICE] Footprint completado: DOGEUSDT | time=1769404560000 | trades=156 | delta=47007.0000 | poc=0
2026-01-26 00:17:00 - orderflow_service - INFO - [ORDERFLOW_SERVICE] Footprint completado: PAXGUSDT | time=1769404560000 | trades=23 | delta=0.1140 | poc=1
2026-01-26 00:17:00 - orderflow_service - INFO - [ORDERFLOW_SERVICE] Footprint completado: GALAUSDT | time=1769404560000 | trades=29 | delta=102667.0000 | poc=0
2026-01-26 00:17:01 - orderflow_service - INFO - [ORDERFLOW_SERVICE] Footprint completado: XRPUSDT | time=1769404560000 | trades=175 | delta=25217.1000 | poc=0
2026-01-26 00:17:02 - orderflow_service - INFO - [ORDERFLOW_SERVICE] Footprint completado: SOLUSDT | time=1769404560000 | trades=206 | delta=84.9000 | poc=0
2026-01-26 00:17:02 - orderflow_service - INFO - [ORDERFLOW_SERVICE] Footprint completado: SUIUSDT | time=1769404560000 | trades=89 | delta=6000.0000 | poc=1
2026-01-26 00:17:03 - orderflow_service - WARNING - [ORDERFLOW_SERVICE] Error enviando alerta: status=500
2026-01-26 00:17:03 - orderflow_service - INFO - [ORDERFLOW_SERVICE] Footprint completado: ETHUSDT | time=1769404560000 | trades=477 | delta=13.2700 | poc=0
2026-01-26 00:17:03 - orderflow_service - INFO - [ORDERFLOW_SERVICE] Footprint completado: TRXUSDT | time=1769404560000 | trades=3 | delta=266.0000 | poc=0
2026-01-26 00:17:03 - orderflow_service - INFO - [ORDERFLOW_SERVICE] Footprint completado: ADAUSDT | time=1769404560000 | trades=41 | delta=-10216.0000 | poc=0
2026-01-26 00:17:03 - orderflow_service - INFO - [ORDERFLOW_SERVICE] Footprint completado: BTCUSDT | time=1769404560000 | trades=407 | delta=1.7610 | poc=27
2026-01-26 00:17:04 - orderflow_service - WARNING - [ORDERFLOW_SERVICE] Error enviando alerta: status=500
2026-01-26 00:17:10 - orderflow_service - INFO - [ORDERFLOW_SERVICE] Footprint completado: POLUSDT | time=1769404560000 | trades=29 | delta=-14820.0000 | poc=0
2026-01-26 00:17:17 - orderflow_service - INFO - [ORDERFLOW_SERVICE] Footprint completado: TRBUSDT | time=1769404560000 | trades=12 | delta=2.0200 | poc=4
2026-01-26 00:17:28 - orderflow_service - INFO - [ORDERFLOW_SERVICE] Footprint completado: BNBUSDT | time=1769404560000 | trades=11 | delta=0.5100 | poc=0
2026-01-26 00:18:00 - footprint_calculator - WARNING - Max levels reached for candle 87673.0-87726.0 with step 1.0
2026-01-26 00:18:00 - orderflow_service - INFO - [ORDERFLOW_SERVICE] Footprint completado: BTCUSDT | time=1769404620000 | trades=858 | delta=3.8650 | poc=26
2026-01-26 00:18:00 - orderflow_service - INFO - [ORDERFLOW_SERVICE] Footprint completado: SOLUSDT | time=1769404620000 | trades=230 | delta=-2074.3000 | poc=0
2026-01-26 00:18:00 - orderflow_service - INFO - [ORDERFLOW_SERVICE] Footprint completado: PAXGUSDT | time=1769404620000 | trades=43 | delta=-1.2150 | poc=1
2026-01-26 00:18:00 - orderflow_service - INFO - [ORDERFLOW_SERVICE] Footprint completado: XRPUSDT | time=1769404620000 | trades=171 | delta=12391.6000 | poc=0
2026-01-26 00:18:00 - orderflow_service - INFO - [ORDERFLOW_SERVICE] Footprint completado: DOGEUSDT | time=1769404620000 | trades=77 | delta=-124040.0000 | poc=0
2026-01-26 00:18:00 - orderflow_service - INFO - [ORDERFLOW_SERVICE] Footprint completado: ETHUSDT | time=1769404620000 | trades=561 | delta=-4.2300 | poc=0
2026-01-26 00:18:01 - orderflow_service - INFO - [ORDERFLOW_SERVICE] Footprint completado: TRBUSDT | time=1769404620000 | trades=6 | delta=0.2100 | poc=3
2026-01-26 00:18:02 - orderflow_service - INFO - [ORDERFLOW_SERVICE] Footprint completado: POLUSDT | time=1769404620000 | trades=10 | delta=414.0000 | poc=0
2026-01-26 00:18:02 - orderflow_service - INFO - [ORDERFLOW_SERVICE] Footprint completado: SUIUSDT | time=1769404620000 | trades=84 | delta=-2450.0000 | poc=0
2026-01-26 00:18:02 - orderflow_service - INFO - [ORDERFLOW_SERVICE] Footprint completado: ADAUSDT | time=1769404620000 | trades=10 | delta=2122.0000 | poc=0
2026-01-26 00:18:02 - orderflow_service - INFO - [ORDERFLOW_SERVICE] Footprint completado: TRXUSDT | time=1769404620000 | trades=1 | delta=-52.0000 | poc=0
2026-01-26 00:18:03 - orderflow_service - INFO - [ORDERFLOW_SERVICE] Footprint completado: GALAUSDT | time=1769404620000 | trades=47 | delta=-1757428.0000 | poc=0
2026-01-26 00:18:03 - orderflow_service - INFO - [ORDERFLOW_SERVICE] Footprint completado: BNBUSDT | time=1769404620000 | trades=12 | delta=2.8800 | poc=0
2026-01-26 00:19:00 - orderflow_service - INFO - [ORDERFLOW_SERVICE] Footprint completado: XRPUSDT | time=1769404680000 | trades=196 | delta=21866.9000 | poc=0
2026-01-26 00:19:00 - orderflow_service - INFO - [ORDERFLOW_SERVICE] Footprint completado: SOLUSDT | time=1769404680000 | trades=292 | delta=1732.3000 | poc=0
2026-01-26 00:19:00 - orderflow_service - INFO - [ORDERFLOW_SERVICE] Footprint completado: PAXGUSDT | time=1769404680000 | trades=48 | delta=-1.2130 | poc=1
2026-01-26 00:19:00 - orderflow_service - INFO - [ORDERFLOW_SERVICE] Footprint completado: DOGEUSDT | time=1769404680000 | trades=216 | delta=-1027241.0000 | poc=0
2026-01-26 00:19:00 - footprint_calculator - WARNING - Max levels reached for candle 87678.0-87727.4 with step 1.0
2026-01-26 00:19:00 - orderflow_service - INFO - [ORDERFLOW_SERVICE] Footprint completado: BTCUSDT | time=1769404680000 | trades=811 | delta=1.5360 | poc=0
2026-01-26 00:19:01 - orderflow_service - INFO - [ORDERFLOW_SERVICE] Footprint completado: ADAUSDT | time=1769404680000 | trades=98 | delta=-22507.0000 | poc=0
2026-01-26 00:19:01 - orderflow_service - INFO - [ORDERFLOW_SERVICE] Footprint completado: GALAUSDT | time=1769404680000 | trades=74 | delta=-191100.0000 | poc=0
2026-01-26 00:19:01 - orderflow_service - INFO - [ORDERFLOW_SERVICE] Footprint completado: SUIUSDT | time=1769404680000 | trades=85 | delta=2360.0000 | poc=11
2026-01-26 00:19:02 - orderflow_service - INFO - [ORDERFLOW_SERVICE] Footprint completado: TRXUSDT | time=1769404680000 | trades=4 | delta=-55.0000 | poc=0
2026-01-26 00:19:02 - orderflow_service - INFO - [ORDERFLOW_SERVICE] Footprint completado: ETHUSDT | time=1769404680000 | trades=558 | delta=-2.9600 | poc=0
2026-01-26 00:19:07 - orderflow_service - INFO - [ORDERFLOW_SERVICE] Footprint completado: TRBUSDT | time=1769404680000 | trades=7 | delta=-2.5600 | poc=13
2026-01-26 00:19:07 - orderflow_service - INFO - [ORDERFLOW_SERVICE] Footprint completado: POLUSDT | time=1769404680000 | trades=25 | delta=995.0000 | poc=0
2026-01-26 00:19:10 - orderflow_service - INFO - [ORDERFLOW_SERVICE] Footprint completado: BNBUSDT | time=1769404680000 | trades=35 | delta=-15.7000 | poc=0
2026-01-26 00:20:00 - orderflow_service - INFO - [ORDERFLOW_SERVICE] Footprint completado: PAXGUSDT | time=1769404740000 | trades=185 | delta=-2.6290 | poc=12
2026-01-26 00:20:00 - orderflow_service - INFO - [ORDERFLOW_SERVICE] Footprint completado: PAXGUSDT | time=1769404500000 | trades=368 | delta=-9.4720 | poc=14
2026-01-26 00:20:00 - orderflow_service - INFO - [ORDERFLOW_SERVICE] Footprint completado: SOLUSDT | time=1769404740000 | trades=176 | delta=-317.0000 | poc=0
2026-01-26 00:20:00 - orderflow_service - INFO - [ORDERFLOW_SERVICE] Footprint completado: SOLUSDT | time=1769404500000 | trades=1290 | delta=461.3000 | poc=0
2026-01-26 00:20:00 - orderflow_service - INFO - [ORDERFLOW_SERVICE] Footprint completado: TRXUSDT | time=1769404740000 | trades=8 | delta=339.0000 | poc=0
2026-01-26 00:20:00 - orderflow_service - INFO - [ORDERFLOW_SERVICE] Footprint completado: TRXUSDT | time=1769404500000 | trades=49 | delta=-14410.0000 | poc=0
2026-01-26 00:20:01 - orderflow_service - INFO - [ORDERFLOW_SERVICE] Footprint completado: ADAUSDT | time=1769404740000 | trades=66 | delta=-53479.0000 | poc=0
2026-01-26 00:20:01 - orderflow_service - INFO - [ORDERFLOW_SERVICE] Footprint completado: ADAUSDT | time=1769404500000 | trades=466 | delta=-163947.0000 | poc=0
2026-01-26 00:20:01 - orderflow_service - INFO - [ORDERFLOW_SERVICE] Footprint completado: BTCUSDT | time=1769404740000 | trades=855 | delta=-0.5620 | poc=33
2026-01-26 00:20:01 - footprint_calculator - WARNING - Max levels reached for candle 87644.9-87739.2 with step 1.0
2026-01-26 00:20:01 - orderflow_service - INFO - [ORDERFLOW_SERVICE] Footprint completado: BTCUSDT | time=1769404500000 | trades=3439 | delta=7.5300 | poc=49
2026-01-26 00:20:02 - orderflow_service - INFO - [ORDERFLOW_SERVICE] Footprint completado: ETHUSDT | time=1769404740000 | trades=492 | delta=-32.2900 | poc=0
2026-01-26 00:20:02 - orderflow_service - INFO - [ORDERFLOW_SERVICE] Footprint completado: ETHUSDT | time=1769404500000 | trades=2517 | delta=111.5800 | poc=1
2026-01-26 00:20:02 - orderflow_service - INFO - [ORDERFLOW_SERVICE] Footprint completado: BNBUSDT | time=1769404740000 | trades=14 | delta=-4.2100 | poc=0
2026-01-26 00:20:02 - orderflow_service - INFO - [ORDERFLOW_SERVICE] Footprint completado: BNBUSDT | time=1769404500000 | trades=90 | delta=-12.1500 | poc=0
2026-01-26 00:20:02 - orderflow_service - INFO - [ORDERFLOW_SERVICE] Footprint completado: SUIUSDT | time=1769404740000 | trades=66 | delta=-21010.0000 | poc=6
2026-01-26 00:20:02 - orderflow_service - INFO - [ORDERFLOW_SERVICE] Footprint completado: SUIUSDT | time=1769404500000 | trades=410 | delta=-9670.0000 | poc=11
2026-01-26 00:20:02 - orderflow_service - INFO - [ORDERFLOW_SERVICE] Footprint completado: DOGEUSDT | time=1769404740000 | trades=155 | delta=-122662.0000 | poc=0
2026-01-26 00:20:02 - orderflow_service - INFO - [ORDERFLOW_SERVICE] Footprint completado: DOGEUSDT | time=1769404500000 | trades=710 | delta=-1219225.0000 | poc=0
2026-01-26 00:20:02 - orderflow_service - INFO - [ORDERFLOW_SERVICE] Footprint completado: XRPUSDT | time=1769404740000 | trades=127 | delta=-2026.0000 | poc=0
2026-01-26 00:20:02 - orderflow_service - INFO - [ORDERFLOW_SERVICE] Footprint completado: XRPUSDT | time=1769404500000 | trades=768 | delta=56665.0000 | poc=0
2026-01-26 00:20:05 - orderflow_service - INFO - [ORDERFLOW_SERVICE] Footprint completado: TRBUSDT | time=1769404740000 | trades=6 | delta=-4.1100 | poc=0
2026-01-26 00:20:05 - orderflow_service - INFO - [ORDERFLOW_SERVICE] Footprint completado: TRBUSDT | time=1769404500000 | trades=48 | delta=10.3600 | poc=15
2026-01-26 00:20:05 - orderflow_service - INFO - [ORDERFLOW_SERVICE] Footprint completado: POLUSDT | time=1769404740000 | trades=15 | delta=-4471.0000 | poc=0
2026-01-26 00:20:05 - orderflow_service - INFO - [ORDERFLOW_SERVICE] Footprint completado: POLUSDT | time=1769404500000 | trades=93 | delta=-8872.0000 | poc=0
2026-01-26 00:20:08 - orderflow_service - INFO - [ORDERFLOW_SERVICE] Footprint completado: GALAUSDT | time=1769404740000 | trades=37 | delta=-116713.0000 | poc=0
2026-01-26 00:20:08 - orderflow_service - INFO - [ORDERFLOW_SERVICE] Footprint completado: GALAUSDT | time=1769404500000 | trades=217 | delta=-2062950.0000 | poc=0
2026-01-26 00:21:00 - orderflow_service - INFO - [ORDERFLOW_SERVICE] Footprint completado: XRPUSDT | time=1769404800000 | trades=185 | delta=14869.1000 | poc=0
2026-01-26 00:21:00 - orderflow_service - INFO - [ORDERFLOW_SERVICE] Footprint completado: PAXGUSDT | time=1769404800000 | trades=75 | delta=1.7340 | poc=2
2026-01-26 00:21:00 - orderflow_service - INFO - [ORDERFLOW_SERVICE] Footprint completado: GALAUSDT | time=1769404800000 | trades=154 | delta=-4267785.0000 | poc=0
2026-01-26 00:21:00 - footprint_calculator - WARNING - Max levels reached for candle 87710.1-87778.0 with step 1.0
2026-01-26 00:21:00 - orderflow_service - INFO - [ORDERFLOW_SERVICE] Footprint completado: BTCUSDT | time=1769404800000 | trades=711 | delta=6.2680 | poc=23
2026-01-26 00:21:01 - orderflow_service - INFO - [ORDERFLOW_SERVICE] Footprint completado: SOLUSDT | time=1769404800000 | trades=219 | delta=187.9000 | poc=0
2026-01-26 00:21:01 - orderflow_service - INFO - [ORDERFLOW_SERVICE] Footprint completado: SUIUSDT | time=1769404800000 | trades=68 | delta=1910.0000 | poc=1
2026-01-26 00:21:01 - orderflow_service - INFO - [ORDERFLOW_SERVICE] Footprint completado: POLUSDT | time=1769404800000 | trades=17 | delta=19770.0000 | poc=0
2026-01-26 00:21:01 - orderflow_service - INFO - [ORDERFLOW_SERVICE] Footprint completado: ETHUSDT | time=1769404800000 | trades=683 | delta=-9.9200 | poc=0
2026-01-26 00:21:01 - orderflow_service - INFO - [ORDERFLOW_SERVICE] Footprint completado: ADAUSDT | time=1769404800000 | trades=39 | delta=23750.0000 | poc=0
2026-01-26 00:21:01 - orderflow_service - INFO - [ORDERFLOW_SERVICE] Footprint completado: DOGEUSDT | time=1769404800000 | trades=76 | delta=85519.0000 | poc=0
2026-01-26 00:21:02 - orderflow_service - INFO - [ORDERFLOW_SERVICE] Footprint completado: TRXUSDT | time=1769404800000 | trades=14 | delta=-4001.0000 | poc=0
2026-01-26 00:21:08 - orderflow_service - INFO - [ORDERFLOW_SERVICE] Footprint completado: TRBUSDT | time=1769404800000 | trades=12 | delta=18.3500 | poc=5
2026-01-26 00:21:12 - orderflow_service - INFO - [ORDERFLOW_SERVICE] Footprint completado: BNBUSDT | time=1769404800000 | trades=13 | delta=9.7700 | poc=0
2026-01-26 00:22:00 - orderflow_service - INFO - [ORDERFLOW_SERVICE] Footprint completado: ADAUSDT | time=1769404860000 | trades=75 | delta=12375.0000 | poc=0
2026-01-26 00:22:00 - orderflow_service - INFO - [ORDERFLOW_SERVICE] Footprint completado: SOLUSDT | time=1769404860000 | trades=151 | delta=-437.2000 | poc=0
2026-01-26 00:22:00 - orderflow_service - INFO - [ORDERFLOW_SERVICE] Footprint completado: PAXGUSDT | time=1769404860000 | trades=157 | delta=1.8890 | poc=5
2026-01-26 00:22:01 - orderflow_service - INFO - [ORDERFLOW_SERVICE] Footprint completado: XRPUSDT | time=1769404860000 | trades=147 | delta=-2628.1000 | poc=0
2026-01-26 00:22:01 - orderflow_service - INFO - [ORDERFLOW_SERVICE] Footprint completado: TRBUSDT | time=1769404860000 | trades=8 | delta=-6.2200 | poc=2
2026-01-26 00:22:01 - orderflow_service - INFO - [ORDERFLOW_SERVICE] Footprint completado: SUIUSDT | time=1769404860000 | trades=96 | delta=-11670.0000 | poc=1
2026-01-26 00:22:02 - footprint_calculator - WARNING - Max levels reached for candle 87739.7-87792.7 with step 1.0
2026-01-26 00:22:02 - orderflow_service - INFO - [ORDERFLOW_SERVICE] Footprint completado: BTCUSDT | time=1769404860000 | trades=901 | delta=7.5210 | poc=42
2026-01-26 00:22:02 - orderflow_service - INFO - [ORDERFLOW_SERVICE] Footprint completado: BNBUSDT | time=1769404860000 | trades=56 | delta=-26.7400 | poc=0
2026-01-26 00:22:02 - orderflow_service - INFO - [ORDERFLOW_SERVICE] Footprint completado: ETHUSDT | time=1769404860000 | trades=584 | delta=37.0100 | poc=1
2026-01-26 00:22:02 - orderflow_service - INFO - [ORDERFLOW_SERVICE] Footprint completado: TRXUSDT | time=1769404860000 | trades=17 | delta=-2856.0000 | poc=0
2026-01-26 00:22:03 - orderflow_service - INFO - [ORDERFLOW_SERVICE] Footprint completado: DOGEUSDT | time=1769404860000 | trades=103 | delta=-15529.0000 | poc=0
2026-01-26 00:22:23 - orderflow_service - INFO - [ORDERFLOW_SERVICE] Footprint completado: GALAUSDT | time=1769404860000 | trades=58 | delta=702637.0000 | poc=0
2026-01-26 00:22:28 - orderflow_service - INFO - [ORDERFLOW_SERVICE] Footprint completado: POLUSDT | time=1769404860000 | trades=18 | delta=2584.0000 | poc=0
2026-01-26 00:23:00 - orderflow_service - INFO - [ORDERFLOW_SERVICE] Footprint completado: BTCUSDT | time=1769404920000 | trades=957 | delta=7.8280 | poc=7
2026-01-26 00:23:00 - orderflow_service - INFO - [ORDERFLOW_SERVICE] Footprint completado: ETHUSDT | time=1769404920000 | trades=545 | delta=-21.5100 | poc=0
2026-01-26 00:23:00 - orderflow_service - INFO - [ORDERFLOW_SERVICE] Footprint completado: SOLUSDT | time=1769404920000 | trades=121 | delta=40.4000 | poc=0
2026-01-26 00:23:00 - orderflow_service - INFO - [ORDERFLOW_SERVICE] Footprint completado: XRPUSDT | time=1769404920000 | trades=114 | delta=28961.7000 | poc=0
2026-01-26 00:23:00 - orderflow_service - INFO - [ORDERFLOW_SERVICE] Footprint completado: PAXGUSDT | time=1769404920000 | trades=129 | delta=2.8370 | poc=2
2026-01-26 00:23:02 - orderflow_service - WARNING - [ORDERFLOW_SERVICE] Error enviando alerta: status=500
2026-01-26 00:23:02 - orderflow_service - INFO - [ORDERFLOW_SERVICE] Footprint completado: DOGEUSDT | time=1769404920000 | trades=26 | delta=19732.0000 | poc=0
2026-01-26 00:23:02 - orderflow_service - INFO - [ORDERFLOW_SERVICE] Footprint completado: TRXUSDT | time=1769404920000 | trades=12 | delta=144.0000 | poc=0
2026-01-26 00:23:03 - orderflow_service - INFO - [ORDERFLOW_SERVICE] Footprint completado: TRBUSDT | time=1769404920000 | trades=7 | delta=0.7500 | poc=8
2026-01-26 00:23:03 - orderflow_service - INFO - [ORDERFLOW_SERVICE] Footprint completado: GALAUSDT | time=1769404920000 | trades=43 | delta=419358.0000 | poc=0
2026-01-26 00:23:06 - orderflow_service - INFO - [ORDERFLOW_SERVICE] Footprint completado: SUIUSDT | time=1769404920000 | trades=151 | delta=31380.0000 | poc=9
2026-01-26 00:23:06 - orderflow_service - INFO - [ORDERFLOW_SERVICE] Footprint completado: ADAUSDT | time=1769404920000 | trades=15 | delta=2131.0000 | poc=0
2026-01-26 00:23:12 - orderflow_service - INFO - [ORDERFLOW_SERVICE] Footprint completado: POLUSDT | time=1769404920000 | trades=5 | delta=1653.0000 | poc=0
2026-01-26 00:23:21 - orderflow_service - INFO - [ORDERFLOW_SERVICE] Footprint completado: BNBUSDT | time=1769404920000 | trades=23 | delta=13.8200 | poc=0
2026-01-26 00:24:00 - orderflow_service - INFO - [ORDERFLOW_SERVICE] Footprint completado: ADAUSDT | time=1769404980000 | trades=33 | delta=-17228.0000 | poc=0
2026-01-26 00:24:00 - footprint_calculator - WARNING - Max levels reached for candle 87780.1-87833.0 with step 1.0
2026-01-26 00:24:00 - orderflow_service - INFO - [ORDERFLOW_SERVICE] Footprint completado: BTCUSDT | time=1769404980000 | trades=785 | delta=-2.1160 | poc=44
2026-01-26 00:24:00 - orderflow_service - INFO - [ORDERFLOW_SERVICE] Footprint completado: ETHUSDT | time=1769404980000 | trades=1084 | delta=-27.3500 | poc=1
2026-01-26 00:24:01 - orderflow_service - INFO - [ORDERFLOW_SERVICE] Footprint completado: PAXGUSDT | time=1769404980000 | trades=68 | delta=2.1790 | poc=4
2026-01-26 00:24:01 - orderflow_service - INFO - [ORDERFLOW_SERVICE] Footprint completado: XRPUSDT | time=1769404980000 | trades=245 | delta=91835.2000 | poc=0
2026-01-26 00:24:01 - orderflow_service - INFO - [ORDERFLOW_SERVICE] Footprint completado: SOLUSDT | time=1769404980000 | trades=141 | delta=47.8000 | poc=0
2026-01-26 00:24:01 - orderflow_service - INFO - [ORDERFLOW_SERVICE] Footprint completado: TRXUSDT | time=1769404980000 | trades=61 | delta=-47827.0000 | poc=0
2026-01-26 00:24:02 - orderflow_service - INFO - [ORDERFLOW_SERVICE] Footprint completado: SUIUSDT | time=1769404980000 | trades=153 | delta=-4610.0000 | poc=2
2026-01-26 00:24:05 - orderflow_service - INFO - [ORDERFLOW_SERVICE] Footprint completado: TRBUSDT | time=1769404980000 | trades=11 | delta=-0.3100 | poc=1
2026-01-26 00:24:07 - orderflow_service - INFO - [ORDERFLOW_SERVICE] Footprint completado: POLUSDT | time=1769404980000 | trades=24 | delta=-15157.0000 | poc=0
2026-01-26 00:24:11 - orderflow_service - INFO - [ORDERFLOW_SERVICE] Footprint completado: DOGEUSDT | time=1769404980000 | trades=98 | delta=-88446.0000 | poc=0
2026-01-26 00:24:12 - orderflow_service - INFO - [ORDERFLOW_SERVICE] Footprint completado: GALAUSDT | time=1769404980000 | trades=70 | delta=733957.0000 | poc=0
2026-01-26 00:24:12 - orderflow_service - INFO - [ORDERFLOW_SERVICE] Footprint completado: BNBUSDT | time=1769404980000 | trades=37 | delta=-16.1100 | poc=0
2026-01-26 00:25:00 - orderflow_service - INFO - [ORDERFLOW_SERVICE] Footprint completado: SOLUSDT | time=1769405040000 | trades=117 | delta=544.7000 | poc=0
2026-01-26 00:25:00 - orderflow_service - INFO - [ORDERFLOW_SERVICE] Footprint completado: SOLUSDT | time=1769404800000 | trades=749 | delta=383.6000 | poc=0
2026-01-26 00:25:00 - orderflow_service - INFO - [ORDERFLOW_SERVICE] Footprint completado: XRPUSDT | time=1769405040000 | trades=113 | delta=18309.7000 | poc=0
2026-01-26 00:25:00 - orderflow_service - INFO - [ORDERFLOW_SERVICE] Footprint completado: XRPUSDT | time=1769404800000 | trades=804 | delta=151347.6000 | poc=0
2026-01-26 00:25:00 - orderflow_service - INFO - [ORDERFLOW_SERVICE] Footprint completado: BTCUSDT | time=1769405040000 | trades=593 | delta=2.8070 | poc=0
2026-01-26 00:25:00 - footprint_calculator - WARNING - Max levels reached for candle 87710.1-87833.0 with step 1.0
2026-01-26 00:25:00 - orderflow_service - INFO - [ORDERFLOW_SERVICE] Footprint completado: BTCUSDT | time=1769404800000 | trades=3947 | delta=22.3080 | poc=49
2026-01-26 00:25:00 - orderflow_service - INFO - [ORDERFLOW_SERVICE] Footprint completado: ETHUSDT | time=1769405040000 | trades=487 | delta=-6.5100 | poc=0
2026-01-26 00:25:00 - orderflow_service - INFO - [ORDERFLOW_SERVICE] Footprint completado: ETHUSDT | time=1769404800000 | trades=3383 | delta=-28.2800 | poc=1
2026-01-26 00:25:00 - orderflow_service - INFO - [ORDERFLOW_SERVICE] Footprint completado: SUIUSDT | time=1769405040000 | trades=207 | delta=40760.0000 | poc=16
2026-01-26 00:25:01 - orderflow_service - INFO - [ORDERFLOW_SERVICE] Footprint completado: SUIUSDT | time=1769404800000 | trades=675 | delta=57770.0000 | poc=23
2026-01-26 00:25:01 - orderflow_service - INFO - [ORDERFLOW_SERVICE] Footprint completado: DOGEUSDT | time=1769405040000 | trades=30 | delta=-13436.0000 | poc=0
2026-01-26 00:25:01 - orderflow_service - INFO - [ORDERFLOW_SERVICE] Footprint completado: DOGEUSDT | time=1769404800000 | trades=333 | delta=-12160.0000 | poc=0
2026-01-26 00:25:01 - orderflow_service - INFO - [ORDERFLOW_SERVICE] Footprint completado: PAXGUSDT | time=1769405040000 | trades=127 | delta=-1.8510 | poc=3
2026-01-26 00:25:01 - orderflow_service - INFO - [ORDERFLOW_SERVICE] Footprint completado: PAXGUSDT | time=1769404800000 | trades=556 | delta=6.7880 | poc=7
2026-01-26 00:25:01 - orderflow_service - INFO - [ORDERFLOW_SERVICE] Footprint completado: ADAUSDT | time=1769405040000 | trades=19 | delta=2717.0000 | poc=0
2026-01-26 00:25:01 - orderflow_service - INFO - [ORDERFLOW_SERVICE] Footprint completado: ADAUSDT | time=1769404800000 | trades=181 | delta=23745.0000 | poc=0
2026-01-26 00:25:01 - orderflow_service - INFO - [ORDERFLOW_SERVICE] Footprint completado: POLUSDT | time=1769405040000 | trades=32 | delta=-134.0000 | poc=0
2026-01-26 00:25:01 - orderflow_service - INFO - [ORDERFLOW_SERVICE] Footprint completado: POLUSDT | time=1769404800000 | trades=96 | delta=8716.0000 | poc=0
2026-01-26 00:25:01 - orderflow_service - INFO - [ORDERFLOW_SERVICE] Footprint completado: GALAUSDT | time=1769405040000 | trades=19 | delta=-36573.0000 | poc=0
2026-01-26 00:25:01 - orderflow_service - INFO - [ORDERFLOW_SERVICE] Footprint completado: GALAUSDT | time=1769404800000 | trades=344 | delta=-2448406.0000 | poc=0
2026-01-26 00:25:02 - orderflow_service - INFO - [ORDERFLOW_SERVICE] Footprint completado: TRXUSDT | time=1769405040000 | trades=33 | delta=18700.0000 | poc=0
2026-01-26 00:25:02 - orderflow_service - INFO - [ORDERFLOW_SERVICE] Footprint completado: TRXUSDT | time=1769404800000 | trades=137 | delta=-35840.0000 | poc=0
2026-01-26 00:25:03 - orderflow_service - INFO - [ORDERFLOW_SERVICE] Footprint completado: TRBUSDT | time=1769405040000 | trades=7 | delta=-0.5100 | poc=1
2026-01-26 00:25:03 - orderflow_service - INFO - [ORDERFLOW_SERVICE] Footprint completado: TRBUSDT | time=1769404800000 | trades=45 | delta=12.0600 | poc=5
2026-01-26 00:25:17 - orderflow_service - INFO - [ORDERFLOW_SERVICE] Footprint completado: BNBUSDT | time=1769405040000 | trades=6 | delta=-1.5200 | poc=0
2026-01-26 00:25:17 - orderflow_service - INFO - [ORDERFLOW_SERVICE] Footprint completado: BNBUSDT | time=1769404800000 | trades=135 | delta=-20.7800 | poc=0
2026-01-26 00:26:00 - orderflow_service - INFO - [ORDERFLOW_SERVICE] Footprint completado: BTCUSDT | time=1769405100000 | trades=468 | delta=1.6620 | poc=12
2026-01-26 00:26:01 - orderflow_service - INFO - [ORDERFLOW_SERVICE] Footprint completado: ETHUSDT | time=1769405100000 | trades=809 | delta=-36.1500 | poc=0
2026-01-26 00:26:01 - orderflow_service - INFO - [ORDERFLOW_SERVICE] Footprint completado: SOLUSDT | time=1769405100000 | trades=178 | delta=-206.8000 | poc=0
2026-01-26 00:26:01 - orderflow_service - INFO - [ORDERFLOW_SERVICE] Footprint completado: POLUSDT | time=1769405100000 | trades=20 | delta=-606.0000 | poc=0
2026-01-26 00:26:01 - orderflow_service - INFO - [ORDERFLOW_SERVICE] Footprint completado: TRXUSDT | time=1769405100000 | trades=20 | delta=-3548.0000 | poc=0
2026-01-26 00:26:01 - orderflow_service - INFO - [ORDERFLOW_SERVICE] Footprint completado: PAXGUSDT | time=1769405100000 | trades=51 | delta=0.7080 | poc=0
2026-01-26 00:26:01 - orderflow_service - INFO - [ORDERFLOW_SERVICE] Footprint completado: ADAUSDT | time=1769405100000 | trades=45 | delta=-1306.0000 | poc=0
2026-01-26 00:26:02 - orderflow_service - INFO - [ORDERFLOW_SERVICE] Footprint completado: GALAUSDT | time=1769405100000 | trades=47 | delta=469097.0000 | poc=0
2026-01-26 00:26:02 - orderflow_service - INFO - [ORDERFLOW_SERVICE] Footprint completado: SUIUSDT | time=1769405100000 | trades=109 | delta=3170.0000 | poc=9
2026-01-26 00:26:04 - orderflow_service - INFO - [ORDERFLOW_SERVICE] Footprint completado: XRPUSDT | time=1769405100000 | trades=197 | delta=74937.4000 | poc=0
2026-01-26 00:26:08 - orderflow_service - INFO - [ORDERFLOW_SERVICE] Footprint completado: BNBUSDT | time=1769405100000 | trades=26 | delta=-1.3300 | poc=0
2026-01-26 00:26:17 - orderflow_service - INFO - [ORDERFLOW_SERVICE] Footprint completado: DOGEUSDT | time=1769405100000 | trades=90 | delta=-40363.0000 | poc=0
2026-01-26 00:26:21 - orderflow_service - INFO - [ORDERFLOW_SERVICE] Footprint completado: TRBUSDT | time=1769405100000 | trades=8 | delta=-0.2300 | poc=4
2026-01-26 00:27:00 - orderflow_service - INFO - [ORDERFLOW_SERVICE] Footprint completado: TRBUSDT | time=1769405160000 | trades=8 | delta=1.9400 | poc=7
2026-01-26 00:27:00 - orderflow_service - INFO - [ORDERFLOW_SERVICE] Footprint completado: SOLUSDT | time=1769405160000 | trades=275 | delta=1526.4000 | poc=0
2026-01-26 00:27:00 - orderflow_service - INFO - [ORDERFLOW_SERVICE] Footprint completado: BTCUSDT | time=1769405160000 | trades=572 | delta=-3.6040 | poc=6
2026-01-26 00:27:01 - orderflow_service - INFO - [ORDERFLOW_SERVICE] Footprint completado: XRPUSDT | time=1769405160000 | trades=171 | delta=-11310.8000 | poc=0
2026-01-26 00:27:01 - orderflow_service - INFO - [ORDERFLOW_SERVICE] Footprint completado: PAXGUSDT | time=1769405160000 | trades=75 | delta=1.1360 | poc=5
2026-01-26 00:27:01 - orderflow_service - INFO - [ORDERFLOW_SERVICE] Footprint completado: ETHUSDT | time=1769405160000 | trades=753 | delta=32.3400 | poc=0
2026-01-26 00:27:02 - orderflow_service - INFO - [ORDERFLOW_SERVICE] Footprint completado: SUIUSDT | time=1769405160000 | trades=89 | delta=-3430.0000 | poc=3
2026-01-26 00:27:03 - orderflow_service - WARNING - [ORDERFLOW_SERVICE] Error enviando alerta: status=500
2026-01-26 00:27:03 - orderflow_service - INFO - [ORDERFLOW_SERVICE] Footprint completado: ADAUSDT | time=1769405160000 | trades=67 | delta=-176706.0000 | poc=0
2026-01-26 00:27:03 - orderflow_service - INFO - [ORDERFLOW_SERVICE] Footprint completado: DOGEUSDT | time=1769405160000 | trades=54 | delta=-63645.0000 | poc=0
2026-01-26 00:27:03 - orderflow_service - INFO - [ORDERFLOW_SERVICE] Footprint completado: BNBUSDT | time=1769405160000 | trades=11 | delta=1.2300 | poc=0
2026-01-26 00:27:03 - orderflow_service - INFO - [ORDERFLOW_SERVICE] Footprint completado: GALAUSDT | time=1769405160000 | trades=39 | delta=-117745.0000 | poc=0
2026-01-26 00:27:03 - orderflow_service - INFO - [ORDERFLOW_SERVICE] Footprint completado: TRXUSDT | time=1769405160000 | trades=6 | delta=158.0000 | poc=0
2026-01-26 00:28:00 - orderflow_service - INFO - [ORDERFLOW_SERVICE] Footprint completado: BTCUSDT | time=1769405220000 | trades=536 | delta=-2.9950 | poc=12
2026-01-26 00:28:00 - orderflow_service - INFO - [ORDERFLOW_SERVICE] Footprint completado: SOLUSDT | time=1769405220000 | trades=137 | delta=156.1000 | poc=0
2026-01-26 00:28:00 - orderflow_service - INFO - [ORDERFLOW_SERVICE] Footprint completado: XRPUSDT | time=1769405220000 | trades=78 | delta=2454.4000 | poc=0
2026-01-26 00:28:01 - orderflow_service - INFO - [ORDERFLOW_SERVICE] Footprint completado: PAXGUSDT | time=1769405220000 | trades=38 | delta=0.3270 | poc=2
2026-01-26 00:28:01 - orderflow_service - INFO - [ORDERFLOW_SERVICE] Footprint completado: TRXUSDT | time=1769405220000 | trades=2 | delta=-117.0000 | poc=0
2026-01-26 00:28:02 - orderflow_service - INFO - [ORDERFLOW_SERVICE] Footprint completado: ETHUSDT | time=1769405220000 | trades=317 | delta=-60.1600 | poc=0
2026-01-26 00:28:03 - orderflow_service - INFO - [ORDERFLOW_SERVICE] Footprint completado: DOGEUSDT | time=1769405220000 | trades=61 | delta=146989.0000 | poc=0
2026-01-26 00:28:03 - orderflow_service - INFO - [ORDERFLOW_SERVICE] Footprint completado: SUIUSDT | time=1769405220000 | trades=54 | delta=-3880.0000 | poc=2
2026-01-26 00:28:03 - orderflow_service - INFO - [ORDERFLOW_SERVICE] Footprint completado: ADAUSDT | time=1769405220000 | trades=42 | delta=-3504.0000 | poc=0
2026-01-26 00:28:04 - orderflow_service - INFO - [ORDERFLOW_SERVICE] Footprint completado: TRBUSDT | time=1769405220000 | trades=11 | delta=18.4700 | poc=7
2026-01-26 00:28:07 - orderflow_service - INFO - [ORDERFLOW_SERVICE] Footprint completado: GALAUSDT | time=1769405220000 | trades=60 | delta=704468.0000 | poc=0
2026-01-26 00:28:08 - orderflow_service - INFO - [ORDERFLOW_SERVICE] Footprint completado: POLUSDT | time=1769405160000 | trades=13 | delta=1235.0000 | poc=0
2026-01-26 00:28:08 - orderflow_service - INFO - [ORDERFLOW_SERVICE] Footprint completado: BNBUSDT | time=1769405220000 | trades=16 | delta=-0.5900 | poc=0
2026-01-26 00:29:00 - orderflow_service - INFO - [ORDERFLOW_SERVICE] Footprint completado: BTCUSDT | time=1769405280000 | trades=393 | delta=0.5760 | poc=3
2026-01-26 00:29:00 - orderflow_service - INFO - [ORDERFLOW_SERVICE] Footprint completado: XRPUSDT | time=1769405280000 | trades=103 | delta=-15376.5000 | poc=0
2026-01-26 00:29:01 - orderflow_service - INFO - [ORDERFLOW_SERVICE] Footprint completado: DOGEUSDT | time=1769405280000 | trades=50 | delta=-13519.0000 | poc=0
2026-01-26 00:29:01 - orderflow_service - INFO - [ORDERFLOW_SERVICE] Footprint completado: SOLUSDT | time=1769405280000 | trades=196 | delta=619.6000 | poc=0
2026-01-26 00:29:01 - orderflow_service - INFO - [ORDERFLOW_SERVICE] Footprint completado: PAXGUSDT | time=1769405280000 | trades=37 | delta=-2.7670 | poc=2
2026-01-26 00:29:02 - orderflow_service - INFO - [ORDERFLOW_SERVICE] Footprint completado: ETHUSDT | time=1769405280000 | trades=602 | delta=102.8200 | poc=1
2026-01-26 00:29:02 - orderflow_service - INFO - [ORDERFLOW_SERVICE] Footprint completado: TRXUSDT | time=1769405280000 | trades=114 | delta=-195528.0000 | poc=0
2026-01-26 00:29:02 - orderflow_service - INFO - [ORDERFLOW_SERVICE] Footprint completado: SUIUSDT | time=1769405280000 | trades=50 | delta=410.0000 | poc=2
2026-01-26 00:29:02 - orderflow_service - INFO - [ORDERFLOW_SERVICE] Footprint completado: GALAUSDT | time=1769405280000 | trades=12 | delta=-23083.0000 | poc=0
2026-01-26 00:29:02 - orderflow_service - INFO - [ORDERFLOW_SERVICE] Footprint completado: ADAUSDT | time=1769405280000 | trades=20 | delta=36684.0000 | poc=0
2026-01-26 00:29:05 - orderflow_service - INFO - [ORDERFLOW_SERVICE] Footprint completado: TRBUSDT | time=1769405280000 | trades=8 | delta=0.0600 | poc=2
2026-01-26 00:29:07 - orderflow_service - INFO - [ORDERFLOW_SERVICE] Footprint completado: BNBUSDT | time=1769405280000 | trades=14 | delta=-3.1600 | poc=0
2026-01-26 00:29:15 - orderflow_service - INFO - [ORDERFLOW_SERVICE] Footprint completado: POLUSDT | time=1769405280000 | trades=12 | delta=-2824.0000 | poc=0
2026-01-26 00:30:00 - orderflow_service - INFO - [ORDERFLOW_SERVICE] Footprint completado: XRPUSDT | time=1769405340000 | trades=445 | delta=526974.4000 | poc=0
2026-01-26 00:30:00 - orderflow_service - INFO - [ORDERFLOW_SERVICE] Footprint completado: XRPUSDT | time=1769405100000 | trades=994 | delta=577678.9000 | poc=0
2026-01-26 00:30:00 - orderflow_service - INFO - [ORDERFLOW_SERVICE] Footprint completado: SUIUSDT | time=1769405340000 | trades=147 | delta=73640.0000 | poc=10
2026-01-26 00:30:00 - orderflow_service - INFO - [ORDERFLOW_SERVICE] Footprint completado: SUIUSDT | time=1769405100000 | trades=449 | delta=69910.0000 | poc=17
2026-01-26 00:30:00 - orderflow_service - INFO - [ORDERFLOW_SERVICE] Footprint completado: DOGEUSDT | time=1769405340000 | trades=349 | delta=5788248.0000 | poc=0
2026-01-26 00:30:00 - orderflow_service - INFO - [ORDERFLOW_SERVICE] Footprint completado: DOGEUSDT | time=1769405100000 | trades=604 | delta=5817710.0000 | poc=0
2026-01-26 00:30:00 - orderflow_service - INFO - [ORDERFLOW_SERVICE] Footprint completado: PAXGUSDT | time=1769405340000 | trades=66 | delta=-4.5700 | poc=2
2026-01-26 00:30:00 - orderflow_service - INFO - [ORDERFLOW_SERVICE] Footprint completado: PAXGUSDT | time=1769405100000 | trades=267 | delta=-5.1660 | poc=5
2026-01-26 00:30:00 - orderflow_service - INFO - [ORDERFLOW_SERVICE] Footprint completado: BTCUSDT | time=1769405340000 | trades=158 | delta=1.7390 | poc=5
2026-01-26 00:30:00 - orderflow_service - INFO - [ORDERFLOW_SERVICE] Footprint completado: BTCUSDT | time=1769405100000 | trades=2127 | delta=-2.6220 | poc=39
2026-01-26 00:30:00 - orderflow_service - INFO - [ORDERFLOW_SERVICE] Footprint completado: SOLUSDT | time=1769405340000 | trades=177 | delta=2242.5000 | poc=0
2026-01-26 00:30:00 - orderflow_service - INFO - [ORDERFLOW_SERVICE] Footprint completado: SOLUSDT | time=1769405100000 | trades=963 | delta=4337.8000 | poc=0
2026-01-26 00:30:00 - orderflow_service - INFO - [ORDERFLOW_SERVICE] Footprint completado: TRXUSDT | time=1769405340000 | trades=1 | delta=-38.0000 | poc=0
2026-01-26 00:30:00 - orderflow_service - INFO - [ORDERFLOW_SERVICE] Footprint completado: TRXUSDT | time=1769405100000 | trades=143 | delta=-199073.0000 | poc=0
2026-01-26 00:30:01 - orderflow_service - INFO - [ORDERFLOW_SERVICE] Footprint completado: ETHUSDT | time=1769405340000 | trades=219 | delta=33.0400 | poc=0
2026-01-26 00:30:01 - orderflow_service - INFO - [ORDERFLOW_SERVICE] Footprint completado: ETHUSDT | time=1769405100000 | trades=2700 | delta=71.8900 | poc=1
2026-01-26 00:30:02 - orderflow_service - INFO - [ORDERFLOW_SERVICE] Footprint completado: GALAUSDT | time=1769405340000 | trades=21 | delta=91815.0000 | poc=0
2026-01-26 00:30:02 - orderflow_service - INFO - [ORDERFLOW_SERVICE] Footprint completado: GALAUSDT | time=1769405100000 | trades=179 | delta=1124552.0000 | poc=0
2026-01-26 00:30:02 - orderflow_service - INFO - [ORDERFLOW_SERVICE] Footprint completado: ADAUSDT | time=1769405340000 | trades=25 | delta=12529.0000 | poc=0
2026-01-26 00:30:02 - orderflow_service - INFO - [ORDERFLOW_SERVICE] Footprint completado: ADAUSDT | time=1769405100000 | trades=199 | delta=-132303.0000 | poc=0
2026-01-26 00:30:02 - orderflow_service - INFO - [ORDERFLOW_SERVICE] Footprint completado: POLUSDT | time=1769405340000 | trades=21 | delta=21814.0000 | poc=0
2026-01-26 00:30:02 - orderflow_service - INFO - [ORDERFLOW_SERVICE] Footprint completado: POLUSDT | time=1769405100000 | trades=66 | delta=19619.0000 | poc=0
2026-01-26 00:30:02 - orderflow_service - INFO - [ORDERFLOW_SERVICE] Footprint completado: BNBUSDT | time=1769405340000 | trades=9 | delta=1.5400 | poc=0
2026-01-26 00:30:02 - orderflow_service - INFO - [ORDERFLOW_SERVICE] Footprint completado: BNBUSDT | time=1769405100000 | trades=76 | delta=-2.3100 | poc=0
2026-01-26 00:30:07 - orderflow_service - INFO - [ORDERFLOW_SERVICE] Footprint completado: TRBUSDT | time=1769405340000 | trades=11 | delta=3.2900 | poc=0
2026-01-26 00:30:07 - orderflow_service - INFO - [ORDERFLOW_SERVICE] Footprint completado: TRBUSDT | time=1769405100000 | trades=46 | delta=23.5300 | poc=13
2026-01-26 00:31:00 - orderflow_service - INFO - [ORDERFLOW_SERVICE] Footprint completado: SUIUSDT | time=1769405400000 | trades=155 | delta=-6400.0000 | poc=0
2026-01-26 00:31:00 - orderflow_service - INFO - [ORDERFLOW_SERVICE] Footprint completado: PAXGUSDT | time=1769405400000 | trades=279 | delta=-2.2310 | poc=5
2026-01-26 00:31:00 - orderflow_service - INFO - [ORDERFLOW_SERVICE] Footprint completado: DOGEUSDT | time=1769405400000 | trades=364 | delta=-931620.0000 | poc=0
2026-01-26 00:31:00 - orderflow_service - INFO - [ORDERFLOW_SERVICE] Footprint completado: XRPUSDT | time=1769405400000 | trades=307 | delta=-39399.9000 | poc=0
2026-01-26 00:31:00 - orderflow_service - INFO - [ORDERFLOW_SERVICE] Footprint completado: BTCUSDT | time=1769405400000 | trades=569 | delta=-5.1960 | poc=15
2026-01-26 00:31:00 - orderflow_service - INFO - [ORDERFLOW_SERVICE] Footprint completado: ETHUSDT | time=1769405400000 | trades=972 | delta=8.8400 | poc=0
2026-01-26 00:31:00 - orderflow_service - INFO - [ORDERFLOW_SERVICE] Footprint completado: SOLUSDT | time=1769405400000 | trades=393 | delta=3529.3000 | poc=0
2026-01-26 00:31:01 - orderflow_service - INFO - [ORDERFLOW_SERVICE] Footprint completado: ADAUSDT | time=1769405400000 | trades=62 | delta=-81176.0000 | poc=0
2026-01-26 00:31:01 - orderflow_service - INFO - [ORDERFLOW_SERVICE] Footprint completado: POLUSDT | time=1769405400000 | trades=20 | delta=-3672.0000 | poc=0
2026-01-26 00:31:01 - orderflow_service - INFO - [ORDERFLOW_SERVICE] Footprint completado: GALAUSDT | time=1769405400000 | trades=59 | delta=111808.0000 | poc=0
2026-01-26 00:31:03 - orderflow_service - INFO - [ORDERFLOW_SERVICE] Footprint completado: TRXUSDT | time=1769405400000 | trades=4 | delta=21.0000 | poc=0
2026-01-26 00:31:03 - orderflow_service - INFO - [ORDERFLOW_SERVICE] Footprint completado: TRBUSDT | time=1769405400000 | trades=10 | delta=-6.5900 | poc=6
2026-01-26 00:31:08 - orderflow_service - INFO - [ORDERFLOW_SERVICE] Footprint completado: BNBUSDT | time=1769405400000 | trades=34 | delta=-11.7200 | poc=0
2026-01-26 00:32:00 - orderflow_service - INFO - [ORDERFLOW_SERVICE] Footprint completado: XRPUSDT | time=1769405460000 | trades=222 | delta=-10101.3000 | poc=0
2026-01-26 00:32:00 - orderflow_service - INFO - [ORDERFLOW_SERVICE] Footprint completado: DOGEUSDT | time=1769405460000 | trades=422 | delta=-561749.0000 | poc=0
2026-01-26 00:32:00 - orderflow_service - INFO - [ORDERFLOW_SERVICE] Footprint completado: PAXGUSDT | time=1769405460000 | trades=141 | delta=-1.7250 | poc=13
2026-01-26 00:32:01 - orderflow_service - INFO - [ORDERFLOW_SERVICE] Footprint completado: SOLUSDT | time=1769405460000 | trades=305 | delta=882.7000 | poc=0
2026-01-26 00:32:01 - orderflow_service - INFO - [ORDERFLOW_SERVICE] Footprint completado: BTCUSDT | time=1769405460000 | trades=557 | delta=0.7170 | poc=17
2026-01-26 00:32:02 - orderflow_service - INFO - [ORDERFLOW_SERVICE] Footprint completado: ETHUSDT | time=1769405460000 | trades=599 | delta=76.8700 | poc=0
2026-01-26 00:32:02 - orderflow_service - INFO - [ORDERFLOW_SERVICE] Footprint completado: SUIUSDT | time=1769405460000 | trades=167 | delta=-8960.0000 | poc=6
2026-01-26 00:32:02 - orderflow_service - INFO - [ORDERFLOW_SERVICE] Footprint completado: ADAUSDT | time=1769405460000 | trades=30 | delta=-5893.0000 | poc=0
2026-01-26 00:32:12 - orderflow_service - INFO - [ORDERFLOW_SERVICE] Footprint completado: TRXUSDT | time=1769405460000 | trades=2 | delta=212.0000 | poc=0
2026-01-26 00:32:12 - orderflow_service - INFO - [ORDERFLOW_SERVICE] Footprint completado: GALAUSDT | time=1769405460000 | trades=52 | delta=3724.0000 | poc=0
2026-01-26 00:32:22 - orderflow_service - INFO - [ORDERFLOW_SERVICE] Footprint completado: TRBUSDT | time=1769405460000 | trades=11 | delta=-6.8700 | poc=5
2026-01-26 00:32:35 - orderflow_service - INFO - [ORDERFLOW_SERVICE] Footprint completado: POLUSDT | time=1769405460000 | trades=37 | delta=-4327.0000 | poc=0
2026-01-26 00:32:40 - orderflow_service - INFO - [ORDERFLOW_SERVICE] Footprint completado: BNBUSDT | time=1769405460000 | trades=27 | delta=-12.5900 | poc=0
2026-01-26 00:33:00 - orderflow_service - INFO - [ORDERFLOW_SERVICE] Footprint completado: PAXGUSDT | time=1769405520000 | trades=149 | delta=3.2020 | poc=2
2026-01-26 00:33:00 - orderflow_service - INFO - [ORDERFLOW_SERVICE] Footprint completado: BTCUSDT | time=1769405520000 | trades=863 | delta=24.9740 | poc=19
2026-01-26 00:33:00 - orderflow_service - INFO - [ORDERFLOW_SERVICE] Footprint completado: XRPUSDT | time=1769405520000 | trades=79 | delta=9607.3000 | poc=0
2026-01-26 00:33:00 - orderflow_service - INFO - [ORDERFLOW_SERVICE] Footprint completado: SUIUSDT | time=1769405520000 | trades=54 | delta=1970.0000 | poc=8
2026-01-26 00:33:00 - orderflow_service - INFO - [ORDERFLOW_SERVICE] Footprint completado: SOLUSDT | time=1769405520000 | trades=286 | delta=784.7000 | poc=0
2026-01-26 00:33:00 - orderflow_service - INFO - [ORDERFLOW_SERVICE] Footprint completado: ETHUSDT | time=1769405520000 | trades=363 | delta=100.7000 | poc=1
2026-01-26 00:33:00 - orderflow_service - INFO - [ORDERFLOW_SERVICE] Footprint completado: GALAUSDT | time=1769405520000 | trades=14 | delta=46840.0000 | poc=0
2026-01-26 00:33:00 - orderflow_service - INFO - [ORDERFLOW_SERVICE] Footprint completado: POLUSDT | time=1769405520000 | trades=29 | delta=14304.0000 | poc=0
2026-01-26 00:33:01 - orderflow_service - INFO - [ORDERFLOW_SERVICE] Footprint completado: TRXUSDT | time=1769405520000 | trades=4 | delta=1044.0000 | poc=0
2026-01-26 00:33:01 - orderflow_service - INFO - [ORDERFLOW_SERVICE] Footprint completado: BNBUSDT | time=1769405520000 | trades=17 | delta=0.7800 | poc=0
2026-01-26 00:33:01 - orderflow_service - INFO - [ORDERFLOW_SERVICE] Footprint completado: DOGEUSDT | time=1769405520000 | trades=82 | delta=-66639.0000 | poc=0
2026-01-26 00:33:01 - orderflow_service - INFO - [ORDERFLOW_SERVICE] Footprint completado: ADAUSDT | time=1769405520000 | trades=34 | delta=47544.0000 | poc=0
2026-01-26 00:33:10 - orderflow_service - INFO - [ORDERFLOW_SERVICE] Footprint completado: TRBUSDT | time=1769405520000 | trades=5 | delta=0.0000 | poc=5
2026-01-26 00:34:00 - orderflow_service - INFO - [ORDERFLOW_SERVICE] Footprint completado: ETHUSDT | time=1769405580000 | trades=1312 | delta=337.1700 | poc=1
2026-01-26 00:34:00 - orderflow_service - INFO - [ORDERFLOW_SERVICE] Footprint completado: BNBUSDT | time=1769405580000 | trades=42 | delta=-2.5700 | poc=1
2026-01-26 00:34:00 - orderflow_service - INFO - [ORDERFLOW_SERVICE] Footprint completado: POLUSDT | time=1769405580000 | trades=24 | delta=-4049.0000 | poc=0
2026-01-26 00:34:00 - orderflow_service - INFO - [ORDERFLOW_SERVICE] Footprint completado: SUIUSDT | time=1769405580000 | trades=126 | delta=1680.0000 | poc=8
2026-01-26 00:34:00 - orderflow_service - INFO - [ORDERFLOW_SERVICE] Footprint completado: DOGEUSDT | time=1769405580000 | trades=159 | delta=-110220.0000 | poc=0
2026-01-26 00:34:00 - orderflow_service - INFO - [ORDERFLOW_SERVICE] Footprint completado: XRPUSDT | time=1769405580000 | trades=305 | delta=-30642.4000 | poc=0
2026-01-26 00:34:00 - orderflow_service - INFO - [ORDERFLOW_SERVICE] Footprint completado: SOLUSDT | time=1769405580000 | trades=450 | delta=2067.0000 | poc=0
2026-01-26 00:34:00 - footprint_calculator - WARNING - Max levels reached for candle 87820.0-87885.7 with step 1.0
2026-01-26 00:34:00 - orderflow_service - INFO - [ORDERFLOW_SERVICE] Footprint completado: BTCUSDT | time=1769405580000 | trades=1509 | delta=0.9170 | poc=49
2026-01-26 00:34:01 - orderflow_service - WARNING - [ORDERFLOW_SERVICE] Error enviando alerta: status=500
2026-01-26 00:34:01 - orderflow_service - INFO - [ORDERFLOW_SERVICE] Footprint completado: TRXUSDT | time=1769405580000 | trades=28 | delta=-6949.0000 | poc=0
2026-01-26 00:34:01 - orderflow_service - INFO - [ORDERFLOW_SERVICE] Footprint completado: TRBUSDT | time=1769405580000 | trades=12 | delta=-3.7900 | poc=2
2026-01-26 00:34:01 - orderflow_service - INFO - [ORDERFLOW_SERVICE] Footprint completado: ADAUSDT | time=1769405580000 | trades=48 | delta=-23094.0000 | poc=0
2026-01-26 00:34:01 - orderflow_service - INFO - [ORDERFLOW_SERVICE] Footprint completado: PAXGUSDT | time=1769405580000 | trades=183 | delta=4.6150 | poc=4
2026-01-26 00:34:02 - orderflow_service - INFO - [ORDERFLOW_SERVICE] Footprint completado: GALAUSDT | time=1769405580000 | trades=25 | delta=115299.0000 | poc=0
2026-01-26 00:35:00 - orderflow_service - INFO - [ORDERFLOW_SERVICE] Footprint completado: BTCUSDT | time=1769405640000 | trades=535 | delta=1.2020 | poc=19
2026-01-26 00:35:00 - footprint_calculator - WARNING - Max levels reached for candle 87783.5-87885.7 with step 1.0
2026-01-26 00:35:00 - orderflow_service - INFO - [ORDERFLOW_SERVICE] Footprint completado: BTCUSDT | time=1769405400000 | trades=4033 | delta=22.6140 | poc=49
2026-01-26 00:35:00 - orderflow_service - INFO - [ORDERFLOW_SERVICE] Footprint completado: ADAUSDT | time=1769405640000 | trades=22 | delta=-11375.0000 | poc=0
2026-01-26 00:35:00 - orderflow_service - INFO - [ORDERFLOW_SERVICE] Footprint completado: ADAUSDT | time=1769405400000 | trades=196 | delta=-73994.0000 | poc=0
2026-01-26 00:35:00 - orderflow_service - INFO - [ORDERFLOW_SERVICE] Footprint completado: ETHUSDT | time=1769405640000 | trades=1051 | delta=638.7700 | poc=0
2026-01-26 00:35:00 - orderflow_service - INFO - [ORDERFLOW_SERVICE] Footprint completado: ETHUSDT | time=1769405400000 | trades=4297 | delta=1162.3500 | poc=2
2026-01-26 00:35:01 - orderflow_service - WARNING - [ORDERFLOW_SERVICE] Error enviando alerta: status=500
2026-01-26 00:35:01 - orderflow_service - INFO - [ORDERFLOW_SERVICE] Footprint completado: SUIUSDT | time=1769405640000 | trades=96 | delta=3440.0000 | poc=8
2026-01-26 00:35:01 - orderflow_service - INFO - [ORDERFLOW_SERVICE] Footprint completado: SUIUSDT | time=1769405400000 | trades=598 | delta=-8270.0000 | poc=11
2026-01-26 00:35:01 - orderflow_service - INFO - [ORDERFLOW_SERVICE] Footprint completado: XRPUSDT | time=1769405640000 | trades=169 | delta=33426.6000 | poc=0
2026-01-26 00:35:01 - orderflow_service - INFO - [ORDERFLOW_SERVICE] Footprint completado: XRPUSDT | time=1769405400000 | trades=1082 | delta=-37109.7000 | poc=0
2026-01-26 00:35:01 - orderflow_service - INFO - [ORDERFLOW_SERVICE] Footprint completado: TRBUSDT | time=1769405640000 | trades=11 | delta=-9.8100 | poc=3
2026-01-26 00:35:01 - orderflow_service - INFO - [ORDERFLOW_SERVICE] Footprint completado: TRBUSDT | time=1769405400000 | trades=49 | delta=-27.0600 | poc=14
2026-01-26 00:35:01 - orderflow_service - INFO - [ORDERFLOW_SERVICE] Footprint completado: SOLUSDT | time=1769405640000 | trades=357 | delta=-1344.8000 | poc=0
2026-01-26 00:35:01 - orderflow_service - INFO - [ORDERFLOW_SERVICE] Footprint completado: SOLUSDT | time=1769405400000 | trades=1791 | delta=5918.9000 | poc=0
2026-01-26 00:35:01 - orderflow_service - INFO - [ORDERFLOW_SERVICE] Footprint completado: DOGEUSDT | time=1769405640000 | trades=97 | delta=171878.0000 | poc=0
2026-01-26 00:35:01 - orderflow_service - INFO - [ORDERFLOW_SERVICE] Footprint completado: DOGEUSDT | time=1769405400000 | trades=1124 | delta=-1498350.0000 | poc=0
2026-01-26 00:35:01 - orderflow_service - INFO - [ORDERFLOW_SERVICE] Footprint completado: PAXGUSDT | time=1769405640000 | trades=124 | delta=-1.4330 | poc=4
2026-01-26 00:35:01 - orderflow_service - INFO - [ORDERFLOW_SERVICE] Footprint completado: PAXGUSDT | time=1769405400000 | trades=876 | delta=2.4280 | poc=15
2026-01-26 00:35:01 - orderflow_service - INFO - [ORDERFLOW_SERVICE] Footprint completado: POLUSDT | time=1769405640000 | trades=7 | delta=205.0000 | poc=0
2026-01-26 00:35:01 - orderflow_service - INFO - [ORDERFLOW_SERVICE] Footprint completado: POLUSDT | time=1769405400000 | trades=117 | delta=2461.0000 | poc=0
2026-01-26 00:35:01 - orderflow_service - INFO - [ORDERFLOW_SERVICE] Footprint completado: TRXUSDT | time=1769405640000 | trades=28 | delta=10236.0000 | poc=0
2026-01-26 00:35:01 - orderflow_service - INFO - [ORDERFLOW_SERVICE] Footprint completado: TRXUSDT | time=1769405400000 | trades=66 | delta=4564.0000 | poc=0
2026-01-26 00:35:08 - orderflow_service - INFO - [ORDERFLOW_SERVICE] Footprint completado: GALAUSDT | time=1769405640000 | trades=21 | delta=65579.0000 | poc=0
2026-01-26 00:35:08 - orderflow_service - INFO - [ORDERFLOW_SERVICE] Footprint completado: GALAUSDT | time=1769405400000 | trades=171 | delta=343250.0000 | poc=0
2026-01-26 00:35:26 - orderflow_service - INFO - [ORDERFLOW_SERVICE] Footprint completado: BNBUSDT | time=1769405640000 | trades=15 | delta=-2.5300 | poc=0
2026-01-26 00:35:26 - orderflow_service - INFO - [ORDERFLOW_SERVICE] Footprint completado: BNBUSDT | time=1769405400000 | trades=135 | delta=-28.6300 | poc=0
2026-01-26 00:36:00 - orderflow_service - INFO - [ORDERFLOW_SERVICE] Footprint completado: BTCUSDT | time=1769405700000 | trades=918 | delta=10.0190 | poc=24
2026-01-26 00:36:00 - orderflow_service - WARNING - [ORDERFLOW_SERVICE] Error enviando alerta: status=500
2026-01-26 00:36:00 - orderflow_service - INFO - [ORDERFLOW_SERVICE] Footprint completado: GALAUSDT | time=1769405700000 | trades=106 | delta=2206552.0000 | poc=0
2026-01-26 00:36:00 - orderflow_service - INFO - [ORDERFLOW_SERVICE] Footprint completado: DOGEUSDT | time=1769405700000 | trades=114 | delta=65014.0000 | poc=0
2026-01-26 00:36:00 - orderflow_service - INFO - [ORDERFLOW_SERVICE] Footprint completado: POLUSDT | time=1769405700000 | trades=48 | delta=28637.0000 | poc=0
2026-01-26 00:36:00 - orderflow_service - INFO - [ORDERFLOW_SERVICE] Footprint completado: SOLUSDT | time=1769405700000 | trades=465 | delta=3570.4000 | poc=0
2026-01-26 00:36:01 - orderflow_service - INFO - [ORDERFLOW_SERVICE] Footprint completado: XRPUSDT | time=1769405700000 | trades=319 | delta=27013.1000 | poc=1
2026-01-26 00:36:01 - orderflow_service - INFO - [ORDERFLOW_SERVICE] Footprint completado: SUIUSDT | time=1769405700000 | trades=95 | delta=8050.0000 | poc=10
2026-01-26 00:36:01 - orderflow_service - INFO - [ORDERFLOW_SERVICE] Footprint completado: TRBUSDT | time=1769405700000 | trades=7 | delta=0.4600 | poc=5
2026-01-26 00:36:01 - orderflow_service - INFO - [ORDERFLOW_SERVICE] Footprint completado: ETHUSDT | time=1769405700000 | trades=989 | delta=187.7300 | poc=1
2026-01-26 00:36:01 - orderflow_service - INFO - [ORDERFLOW_SERVICE] Footprint completado: PAXGUSDT | time=1769405700000 | trades=85 | delta=2.7170 | poc=6
2026-01-26 00:36:01 - orderflow_service - INFO - [ORDERFLOW_SERVICE] Footprint completado: BNBUSDT | time=1769405700000 | trades=24 | delta=3.0200 | poc=0
2026-01-26 00:36:01 - orderflow_service - INFO - [ORDERFLOW_SERVICE] Footprint completado: TRXUSDT | time=1769405700000 | trades=3 | delta=112.0000 | poc=0
2026-01-26 00:36:01 - orderflow_service - INFO - [ORDERFLOW_SERVICE] Footprint completado: ADAUSDT | time=1769405700000 | trades=71 | delta=-28642.0000 | poc=0
2026-01-26 00:37:00 - orderflow_service - INFO - [ORDERFLOW_SERVICE] Footprint completado: SOLUSDT | time=1769405760000 | trades=360 | delta=-1770.9000 | poc=0
2026-01-26 00:37:00 - footprint_calculator - WARNING - Max levels reached for candle 87780.1-87857.8 with step 1.0
2026-01-26 00:37:00 - orderflow_service - INFO - [ORDERFLOW_SERVICE] Footprint completado: BTCUSDT | time=1769405760000 | trades=821 | delta=-7.7410 | poc=22
2026-01-26 00:37:00 - orderflow_service - INFO - [ORDERFLOW_SERVICE] Footprint completado: DOGEUSDT | time=1769405760000 | trades=169 | delta=-175004.0000 | poc=0
2026-01-26 00:37:00 - orderflow_service - INFO - [ORDERFLOW_SERVICE] Footprint completado: XRPUSDT | time=1769405760000 | trades=306 | delta=-18436.7000 | poc=0
2026-01-26 00:37:00 - orderflow_service - INFO - [ORDERFLOW_SERVICE] Footprint completado: ETHUSDT | time=1769405760000 | trades=714 | delta=-114.7200 | poc=1
2026-01-26 00:37:01 - orderflow_service - INFO - [ORDERFLOW_SERVICE] Footprint completado: PAXGUSDT | time=1769405760000 | trades=219 | delta=6.2700 | poc=3
2026-01-26 00:37:01 - orderflow_service - INFO - [ORDERFLOW_SERVICE] Footprint completado: TRXUSDT | time=1769405760000 | trades=11 | delta=326.0000 | poc=0
2026-01-26 00:37:01 - orderflow_service - INFO - [ORDERFLOW_SERVICE] Footprint completado: POLUSDT | time=1769405760000 | trades=64 | delta=-26167.0000 | poc=0
2026-01-26 00:37:02 - orderflow_service - INFO - [ORDERFLOW_SERVICE] Footprint completado: SUIUSDT | time=1769405760000 | trades=137 | delta=-6370.0000 | poc=5
2026-01-26 00:37:02 - orderflow_service - INFO - [ORDERFLOW_SERVICE] Footprint completado: ADAUSDT | time=1769405760000 | trades=72 | delta=-29122.0000 | poc=0
2026-01-26 00:37:03 - orderflow_service - INFO - [ORDERFLOW_SERVICE] Footprint completado: GALAUSDT | time=1769405760000 | trades=52 | delta=-834180.0000 | poc=0
2026-01-26 00:37:07 - orderflow_service - INFO - [ORDERFLOW_SERVICE] Footprint completado: TRBUSDT | time=1769405760000 | trades=10 | delta=-4.6000 | poc=7
2026-01-26 00:37:49 - orderflow_service - INFO - [ORDERFLOW_SERVICE] Footprint completado: BNBUSDT | time=1769405760000 | trades=61 | delta=-21.5200 | poc=0
2026-01-26 00:38:00 - footprint_calculator - WARNING - Max levels reached for candle 87746.7-87801.2 with step 1.0
2026-01-26 00:38:00 - orderflow_service - INFO - [ORDERFLOW_SERVICE] Footprint completado: BTCUSDT | time=1769405820000 | trades=963 | delta=-24.7690 | poc=34
2026-01-26 00:38:00 - orderflow_service - INFO - [ORDERFLOW_SERVICE] Footprint completado: PAXGUSDT | time=1769405820000 | trades=173 | delta=4.2680 | poc=1
2026-01-26 00:38:00 - orderflow_service - INFO - [ORDERFLOW_SERVICE] Footprint completado: XRPUSDT | time=1769405820000 | trades=276 | delta=-17094.1000 | poc=0
2026-01-26 00:38:01 - orderflow_service - INFO - [ORDERFLOW_SERVICE] Footprint completado: ETHUSDT | time=1769405820000 | trades=745 | delta=11.1900 | poc=0
2026-01-26 00:38:01 - orderflow_service - INFO - [ORDERFLOW_SERVICE] Footprint completado: SUIUSDT | time=1769405820000 | trades=70 | delta=-2170.0000 | poc=4
2026-01-26 00:38:01 - orderflow_service - INFO - [ORDERFLOW_SERVICE] Footprint completado: TRBUSDT | time=1769405820000 | trades=9 | delta=0.5500 | poc=3
2026-01-26 00:38:01 - orderflow_service - INFO - [ORDERFLOW_SERVICE] Footprint completado: ADAUSDT | time=1769405820000 | trades=74 | delta=381.0000 | poc=0
2026-01-26 00:38:01 - orderflow_service - INFO - [ORDERFLOW_SERVICE] Footprint completado: TRXUSDT | time=1769405820000 | trades=12 | delta=1468.0000 | poc=0
2026-01-26 00:38:01 - orderflow_service - INFO - [ORDERFLOW_SERVICE] Footprint completado: SOLUSDT | time=1769405820000 | trades=350 | delta=164.7000 | poc=0
2026-01-26 00:38:02 - orderflow_service - INFO - [ORDERFLOW_SERVICE] Footprint completado: POLUSDT | time=1769405820000 | trades=13 | delta=2889.0000 | poc=0
2026-01-26 00:38:02 - orderflow_service - INFO - [ORDERFLOW_SERVICE] Footprint completado: DOGEUSDT | time=1769405820000 | trades=147 | delta=-35302.0000 | poc=0
2026-01-26 00:38:06 - orderflow_service - INFO - [ORDERFLOW_SERVICE] Footprint completado: GALAUSDT | time=1769405820000 | trades=26 | delta=-11661.0000 | poc=0
2026-01-26 00:38:08 - orderflow_service - INFO - [ORDERFLOW_SERVICE] Footprint completado: BNBUSDT | time=1769405820000 | trades=18 | delta=-0.1200 | poc=0
2026-01-26 00:39:00 - orderflow_service - INFO - [ORDERFLOW_SERVICE] Footprint completado: BTCUSDT | time=1769405880000 | trades=631 | delta=-5.8500 | poc=30
2026-01-26 00:39:00 - orderflow_service - INFO - [ORDERFLOW_SERVICE] Footprint completado: SUIUSDT | time=1769405880000 | trades=324 | delta=-133530.0000 | poc=6
2026-01-26 00:39:00 - orderflow_service - INFO - [ORDERFLOW_SERVICE] Footprint completado: SOLUSDT | time=1769405880000 | trades=1058 | delta=-32280.5000 | poc=0
2026-01-26 00:39:00 - orderflow_service - INFO - [ORDERFLOW_SERVICE] Footprint completado: XRPUSDT | time=1769405880000 | trades=195 | delta=-20921.7000 | poc=0
2026-01-26 00:39:00 - orderflow_service - INFO - [ORDERFLOW_SERVICE] Footprint completado: DOGEUSDT | time=1769405880000 | trades=109 | delta=-17413.0000 | poc=0
2026-01-26 00:39:00 - orderflow_service - INFO - [ORDERFLOW_SERVICE] Footprint completado: PAXGUSDT | time=1769405880000 | trades=127 | delta=1.9040 | poc=4
2026-01-26 00:39:01 - orderflow_service - WARNING - [ORDERFLOW_SERVICE] Error enviando alerta: status=500
2026-01-26 00:39:01 - orderflow_service - INFO - [ORDERFLOW_SERVICE] Footprint completado: POLUSDT | time=1769405880000 | trades=16 | delta=884.0000 | poc=0
2026-01-26 00:39:01 - orderflow_service - INFO - [ORDERFLOW_SERVICE] Footprint completado: TRXUSDT | time=1769405880000 | trades=11 | delta=307.0000 | poc=0
2026-01-26 00:39:01 - orderflow_service - INFO - [ORDERFLOW_SERVICE] Footprint completado: ADAUSDT | time=1769405880000 | trades=110 | delta=-49174.0000 | poc=0
2026-01-26 00:39:02 - orderflow_service - INFO - [ORDERFLOW_SERVICE] Footprint completado: ETHUSDT | time=1769405880000 | trades=962 | delta=-492.6600 | poc=1
2026-01-26 00:39:02 - orderflow_service - INFO - [ORDERFLOW_SERVICE] Footprint completado: GALAUSDT | time=1769405880000 | trades=43 | delta=83143.0000 | poc=0
2026-01-26 00:39:11 - orderflow_service - INFO - [ORDERFLOW_SERVICE] Footprint completado: TRBUSDT | time=1769405880000 | trades=8 | delta=7.5900 | poc=6
2026-01-26 00:39:18 - orderflow_service - INFO - [ORDERFLOW_SERVICE] Footprint completado: BNBUSDT | time=1769405880000 | trades=34 | delta=1.8400 | poc=0
2026-01-26 00:40:00 - orderflow_service - INFO - [ORDERFLOW_SERVICE] Footprint completado: SOLUSDT | time=1769405940000 | trades=178 | delta=81.1000 | poc=0
2026-01-26 00:40:00 - orderflow_service - INFO - [ORDERFLOW_SERVICE] Footprint completado: SOLUSDT | time=1769405700000 | trades=2411 | delta=-30235.2000 | poc=0
2026-01-26 00:40:00 - orderflow_service - INFO - [ORDERFLOW_SERVICE] Footprint completado: BNBUSDT | time=1769405940000 | trades=14 | delta=-1.0400 | poc=0
2026-01-26 00:40:00 - orderflow_service - INFO - [ORDERFLOW_SERVICE] Footprint completado: BNBUSDT | time=1769405700000 | trades=151 | delta=-17.8200 | poc=1
2026-01-26 00:40:00 - orderflow_service - INFO - [ORDERFLOW_SERVICE] Footprint completado: ETHUSDT | time=1769405940000 | trades=330 | delta=-25.3300 | poc=0
2026-01-26 00:40:00 - orderflow_service - INFO - [ORDERFLOW_SERVICE] Footprint completado: ETHUSDT | time=1769405700000 | trades=3740 | delta=-433.7900 | poc=1
2026-01-26 00:40:00 - orderflow_service - INFO - [ORDERFLOW_SERVICE] Footprint completado: BTCUSDT | time=1769405940000 | trades=585 | delta=-2.3900 | poc=10
2026-01-26 00:40:00 - footprint_calculator - WARNING - Max levels reached for candle 87706.6-87879.7 with step 1.0
2026-01-26 00:40:00 - orderflow_service - INFO - [ORDERFLOW_SERVICE] Footprint completado: BTCUSDT | time=1769405700000 | trades=3918 | delta=-30.7310 | poc=49
2026-01-26 00:40:00 - orderflow_service - INFO - [ORDERFLOW_SERVICE] Footprint completado: TRXUSDT | time=1769405940000 | trades=8 | delta=701.0000 | poc=0
2026-01-26 00:40:00 - orderflow_service - INFO - [ORDERFLOW_SERVICE] Footprint completado: TRXUSDT | time=1769405700000 | trades=45 | delta=2914.0000 | poc=0
2026-01-26 00:40:01 - orderflow_service - INFO - [ORDERFLOW_SERVICE] Footprint completado: DOGEUSDT | time=1769405940000 | trades=91 | delta=17668.0000 | poc=0
2026-01-26 00:40:01 - orderflow_service - INFO - [ORDERFLOW_SERVICE] Footprint completado: DOGEUSDT | time=1769405700000 | trades=630 | delta=-145037.0000 | poc=0
2026-01-26 00:40:01 - orderflow_service - INFO - [ORDERFLOW_SERVICE] Footprint completado: XRPUSDT | time=1769405940000 | trades=207 | delta=2149.1000 | poc=0
2026-01-26 00:40:01 - orderflow_service - INFO - [ORDERFLOW_SERVICE] Footprint completado: XRPUSDT | time=1769405700000 | trades=1303 | delta=-27290.3000 | poc=0
2026-01-26 00:40:01 - orderflow_service - INFO - [ORDERFLOW_SERVICE] Footprint completado: GALAUSDT | time=1769405940000 | trades=40 | delta=-158436.0000 | poc=0
2026-01-26 00:40:01 - orderflow_service - INFO - [ORDERFLOW_SERVICE] Footprint completado: GALAUSDT | time=1769405700000 | trades=267 | delta=1285418.0000 | poc=0
2026-01-26 00:40:01 - orderflow_service - INFO - [ORDERFLOW_SERVICE] Footprint completado: TRBUSDT | time=1769405940000 | trades=8 | delta=0.5200 | poc=1
2026-01-26 00:40:01 - orderflow_service - INFO - [ORDERFLOW_SERVICE] Footprint completado: TRBUSDT | time=1769405700000 | trades=42 | delta=4.5200 | poc=12
2026-01-26 00:40:01 - orderflow_service - INFO - [ORDERFLOW_SERVICE] Footprint completado: PAXGUSDT | time=1769405940000 | trades=90 | delta=-1.5310 | poc=1
2026-01-26 00:40:01 - orderflow_service - INFO - [ORDERFLOW_SERVICE] Footprint completado: PAXGUSDT | time=1769405700000 | trades=694 | delta=13.6280 | poc=13
2026-01-26 00:40:01 - orderflow_service - WARNING - [ORDERFLOW_SERVICE] Error enviando alerta: status=500
2026-01-26 00:40:02 - orderflow_service - INFO - [ORDERFLOW_SERVICE] Footprint completado: SUIUSDT | time=1769405940000 | trades=82 | delta=-1000.0000 | poc=6
2026-01-26 00:40:02 - orderflow_service - INFO - [ORDERFLOW_SERVICE] Footprint completado: SUIUSDT | time=1769405700000 | trades=708 | delta=-135020.0000 | poc=6
2026-01-26 00:40:02 - orderflow_service - INFO - [ORDERFLOW_SERVICE] Footprint completado: ADAUSDT | time=1769405940000 | trades=50 | delta=12751.0000 | poc=0
2026-01-26 00:40:02 - orderflow_service - INFO - [ORDERFLOW_SERVICE] Footprint completado: ADAUSDT | time=1769405700000 | trades=377 | delta=-93806.0000 | poc=0
2026-01-26 00:40:58 - orderflow_service - INFO - [ORDERFLOW_SERVICE] Footprint completado: POLUSDT | time=1769405940000 | trades=11 | delta=-1661.0000 | poc=0
2026-01-26 00:40:58 - orderflow_service - INFO - [ORDERFLOW_SERVICE] Footprint completado: POLUSDT | time=1769405700000 | trades=152 | delta=4582.0000 | poc=0
2026-01-26 00:41:00 - orderflow_service - INFO - [ORDERFLOW_SERVICE] Footprint completado: SUIUSDT | time=1769406000000 | trades=26 | delta=-610.0000 | poc=0
2026-01-26 00:41:00 - orderflow_service - INFO - [ORDERFLOW_SERVICE] Footprint completado: SOLUSDT | time=1769406000000 | trades=178 | delta=-1309.8000 | poc=0
2026-01-26 00:41:00 - orderflow_service - INFO - [ORDERFLOW_SERVICE] Footprint completado: PAXGUSDT | time=1769406000000 | trades=45 | delta=-0.0570 | poc=2
2026-01-26 00:41:00 - orderflow_service - INFO - [ORDERFLOW_SERVICE] Footprint completado: ETHUSDT | time=1769406000000 | trades=462 | delta=-37.1800 | poc=0
2026-01-26 00:41:01 - orderflow_service - INFO - [ORDERFLOW_SERVICE] Footprint completado: BTCUSDT | time=1769406000000 | trades=319 | delta=0.8740 | poc=5
2026-01-26 00:41:02 - orderflow_service - INFO - [ORDERFLOW_SERVICE] Footprint completado: XRPUSDT | time=1769406000000 | trades=254 | delta=21616.5000 | poc=0
2026-01-26 00:41:02 - orderflow_service - INFO - [ORDERFLOW_SERVICE] Footprint completado: TRXUSDT | time=1769406000000 | trades=16 | delta=348.0000 | poc=0
2026-01-26 00:41:02 - orderflow_service - INFO - [ORDERFLOW_SERVICE] Footprint completado: BNBUSDT | time=1769406000000 | trades=10 | delta=3.1200 | poc=0
2026-01-26 00:41:02 - orderflow_service - INFO - [ORDERFLOW_SERVICE] Footprint completado: ADAUSDT | time=1769406000000 | trades=3 | delta=42.0000 | poc=0
2026-01-26 00:41:03 - orderflow_service - INFO - [ORDERFLOW_SERVICE] Footprint completado: DOGEUSDT | time=1769406000000 | trades=31 | delta=-13619.0000 | poc=0
2026-01-26 00:41:03 - orderflow_service - INFO - [ORDERFLOW_SERVICE] Footprint completado: GALAUSDT | time=1769406000000 | trades=23 | delta=44148.0000 | poc=0
2026-01-26 00:41:04 - orderflow_service - INFO - [ORDERFLOW_SERVICE] Footprint completado: TRBUSDT | time=1769406000000 | trades=7 | delta=0.1000 | poc=2
2026-01-26 00:41:08 - orderflow_service - INFO - [ORDERFLOW_SERVICE] Footprint completado: POLUSDT | time=1769406000000 | trades=8 | delta=-6935.0000 | poc=0
2026-01-26 00:42:00 - orderflow_service - INFO - [ORDERFLOW_SERVICE] Footprint completado: PAXGUSDT | time=1769406060000 | trades=137 | delta=-0.5550 | poc=2
2026-01-26 00:42:01 - orderflow_service - INFO - [ORDERFLOW_SERVICE] Footprint completado: BTCUSDT | time=1769406060000 | trades=534 | delta=-0.6530 | poc=0
2026-01-26 00:42:02 - orderflow_service - INFO - [ORDERFLOW_SERVICE] Footprint completado: TRBUSDT | time=1769406060000 | trades=5 | delta=-3.8800 | poc=1
2026-01-26 00:42:02 - orderflow_service - INFO - [ORDERFLOW_SERVICE] Footprint completado: ADAUSDT | time=1769406060000 | trades=57 | delta=15218.0000 | poc=0
2026-01-26 00:42:02 - orderflow_service - INFO - [ORDERFLOW_SERVICE] Footprint completado: ETHUSDT | time=1769406060000 | trades=612 | delta=115.3200 | poc=0
2026-01-26 00:42:02 - orderflow_service - INFO - [ORDERFLOW_SERVICE] Footprint completado: SUIUSDT | time=1769406060000 | trades=131 | delta=-12730.0000 | poc=10
2026-01-26 00:42:02 - orderflow_service - INFO - [ORDERFLOW_SERVICE] Footprint completado: TRXUSDT | time=1769406060000 | trades=1 | delta=-39.0000 | poc=0
2026-01-26 00:42:02 - orderflow_service - INFO - [ORDERFLOW_SERVICE] Footprint completado: DOGEUSDT | time=1769406060000 | trades=119 | delta=-12026.0000 | poc=0
2026-01-26 00:42:02 - orderflow_service - INFO - [ORDERFLOW_SERVICE] Footprint completado: SOLUSDT | time=1769406060000 | trades=302 | delta=-1573.2000 | poc=0
2026-01-26 00:42:02 - orderflow_service - INFO - [ORDERFLOW_SERVICE] Footprint completado: XRPUSDT | time=1769406060000 | trades=197 | delta=-5369.0000 | poc=0
2026-01-26 00:42:22 - orderflow_service - INFO - [ORDERFLOW_SERVICE] Footprint completado: POLUSDT | time=1769406060000 | trades=41 | delta=-20352.0000 | poc=0
2026-01-26 00:42:25 - orderflow_service - INFO - [ORDERFLOW_SERVICE] Footprint completado: BNBUSDT | time=1769406060000 | trades=31 | delta=4.1100 | poc=1
2026-01-26 00:42:32 - orderflow_service - INFO - [ORDERFLOW_SERVICE] Footprint completado: GALAUSDT | time=1769406060000 | trades=57 | delta=379810.0000 | poc=0
2026-01-26 00:43:00 - orderflow_service - INFO - [ORDERFLOW_SERVICE] Footprint completado: SOLUSDT | time=1769406120000 | trades=156 | delta=469.0000 | poc=0
2026-01-26 00:43:00 - orderflow_service - INFO - [ORDERFLOW_SERVICE] Footprint completado: XRPUSDT | time=1769406120000 | trades=96 | delta=-5537.2000 | poc=0
2026-01-26 00:43:00 - orderflow_service - INFO - [ORDERFLOW_SERVICE] Footprint completado: BTCUSDT | time=1769406120000 | trades=536 | delta=-9.8790 | poc=16
2026-01-26 00:43:00 - orderflow_service - INFO - [ORDERFLOW_SERVICE] Footprint completado: SUIUSDT | time=1769406120000 | trades=52 | delta=-4010.0000 | poc=1
2026-01-26 00:43:00 - orderflow_service - INFO - [ORDERFLOW_SERVICE] Footprint completado: PAXGUSDT | time=1769406120000 | trades=137 | delta=-0.4030 | poc=2
2026-01-26 00:43:00 - orderflow_service - INFO - [ORDERFLOW_SERVICE] Footprint completado: GALAUSDT | time=1769406120000 | trades=15 | delta=-9644.0000 | poc=0
2026-01-26 00:43:01 - orderflow_service - INFO - [ORDERFLOW_SERVICE] Footprint completado: ETHUSDT | time=1769406120000 | trades=611 | delta=-217.4300 | poc=0
2026-01-26 00:43:02 - orderflow_service - INFO - [ORDERFLOW_SERVICE] Footprint completado: ADAUSDT | time=1769406120000 | trades=25 | delta=-18527.0000 | poc=0
2026-01-26 00:43:05 - orderflow_service - INFO - [ORDERFLOW_SERVICE] Footprint completado: TRBUSDT | time=1769406120000 | trades=6 | delta=-0.1000 | poc=3
2026-01-26 00:43:17 - orderflow_service - INFO - [ORDERFLOW_SERVICE] Footprint completado: POLUSDT | time=1769406120000 | trades=36 | delta=-11235.0000 | poc=0
2026-01-26 00:43:28 - orderflow_service - INFO - [ORDERFLOW_SERVICE] Footprint completado: DOGEUSDT | time=1769406120000 | trades=55 | delta=-115124.0000 | poc=0
2026-01-26 00:43:42 - orderflow_service - INFO - [ORDERFLOW_SERVICE] Footprint completado: BNBUSDT | time=1769406120000 | trades=6 | delta=0.1700 | poc=0
2026-01-26 00:43:57 - orderflow_service - INFO - [ORDERFLOW_SERVICE] Footprint completado: TRXUSDT | time=1769406120000 | trades=39 | delta=16821.0000 | poc=0
2026-01-26 00:44:00 - orderflow_service - INFO - [ORDERFLOW_SERVICE] Footprint completado: SUIUSDT | time=1769406180000 | trades=74 | delta=2680.0000 | poc=2
2026-01-26 00:44:00 - orderflow_service - INFO - [ORDERFLOW_SERVICE] Footprint completado: XRPUSDT | time=1769406180000 | trades=77 | delta=2036.7000 | poc=0
2026-01-26 00:44:00 - orderflow_service - INFO - [ORDERFLOW_SERVICE] Footprint completado: BTCUSDT | time=1769406180000 | trades=363 | delta=2.9440 | poc=32
2026-01-26 00:44:00 - orderflow_service - INFO - [ORDERFLOW_SERVICE] Footprint completado: ETHUSDT | time=1769406180000 | trades=298 | delta=6.1100 | poc=0
2026-01-26 00:44:00 - orderflow_service - INFO - [ORDERFLOW_SERVICE] Footprint completado: ADAUSDT | time=1769406180000 | trades=22 | delta=17836.0000 | poc=0
2026-01-26 00:44:00 - orderflow_service - INFO - [ORDERFLOW_SERVICE] Footprint completado: SOLUSDT | time=1769406180000 | trades=154 | delta=82.9000 | poc=0
2026-01-26 00:44:00 - orderflow_service - INFO - [ORDERFLOW_SERVICE] Footprint completado: POLUSDT | time=1769406180000 | trades=29 | delta=9480.0000 | poc=0
2026-01-26 00:44:01 - orderflow_service - INFO - [ORDERFLOW_SERVICE] Footprint completado: GALAUSDT | time=1769406180000 | trades=61 | delta=-84495.0000 | poc=0
2026-01-26 00:44:01 - orderflow_service - INFO - [ORDERFLOW_SERVICE] Footprint completado: TRXUSDT | time=1769406180000 | trades=5 | delta=420.0000 | poc=0
2026-01-26 00:44:01 - orderflow_service - INFO - [ORDERFLOW_SERVICE] Footprint completado: PAXGUSDT | time=1769406180000 | trades=125 | delta=-0.3140 | poc=1
2026-01-26 00:44:01 - orderflow_service - INFO - [ORDERFLOW_SERVICE] Footprint completado: DOGEUSDT | time=1769406180000 | trades=83 | delta=45973.0000 | poc=0
2026-01-26 00:44:01 - orderflow_service - INFO - [ORDERFLOW_SERVICE] Footprint completado: BNBUSDT | time=1769406180000 | trades=12 | delta=4.1400 | poc=0
2026-01-26 00:44:02 - orderflow_service - INFO - [ORDERFLOW_SERVICE] Footprint completado: TRBUSDT | time=1769406180000 | trades=8 | delta=0.2100 | poc=3
2026-01-26 00:45:00 - orderflow_service - INFO - [ORDERFLOW_SERVICE] Footprint completado: SUIUSDT | time=1769406240000 | trades=99 | delta=-1400.0000 | poc=11
2026-01-26 00:45:00 - orderflow_service - INFO - [ORDERFLOW_SERVICE] Footprint completado: SUIUSDT | time=1769406000000 | trades=382 | delta=-16070.0000 | poc=3
2026-01-26 00:45:01 - orderflow_service - WARNING - [ORDERFLOW_SERVICE] Error enviando alerta: status=500
2026-01-26 00:45:01 - orderflow_service - INFO - [ORDERFLOW_SERVICE] Footprint completado: DOGEUSDT | time=1769406240000 | trades=121 | delta=4978.0000 | poc=0
2026-01-26 00:45:01 - orderflow_service - INFO - [ORDERFLOW_SERVICE] Footprint completado: DOGEUSDT | time=1769406000000 | trades=409 | delta=-89818.0000 | poc=0
2026-01-26 00:45:01 - footprint_calculator - WARNING - Max levels reached for candle 87787.0-87840.8 with step 1.0
2026-01-26 00:45:01 - orderflow_service - INFO - [ORDERFLOW_SERVICE] Footprint completado: BTCUSDT | time=1769406240000 | trades=1009 | delta=-8.0960 | poc=47
2026-01-26 00:45:01 - footprint_calculator - WARNING - Max levels reached for candle 87732.1-87840.8 with step 1.0
2026-01-26 00:45:01 - orderflow_service - INFO - [ORDERFLOW_SERVICE] Footprint completado: BTCUSDT | time=1769406000000 | trades=2761 | delta=-14.8100 | poc=49
2026-01-26 00:45:01 - orderflow_service - INFO - [ORDERFLOW_SERVICE] Footprint completado: SOLUSDT | time=1769406240000 | trades=249 | delta=342.7000 | poc=1
2026-01-26 00:45:01 - orderflow_service - INFO - [ORDERFLOW_SERVICE] Footprint completado: SOLUSDT | time=1769406000000 | trades=1039 | delta=-1988.4000 | poc=0
2026-01-26 00:45:01 - orderflow_service - INFO - [ORDERFLOW_SERVICE] Footprint completado: ETHUSDT | time=1769406240000 | trades=782 | delta=113.8300 | poc=1
2026-01-26 00:45:01 - orderflow_service - INFO - [ORDERFLOW_SERVICE] Footprint completado: ETHUSDT | time=1769406000000 | trades=2765 | delta=-19.3500 | poc=0
2026-01-26 00:45:01 - orderflow_service - INFO - [ORDERFLOW_SERVICE] Footprint completado: XRPUSDT | time=1769406240000 | trades=203 | delta=-33563.7000 | poc=0
2026-01-26 00:45:01 - orderflow_service - INFO - [ORDERFLOW_SERVICE] Footprint completado: XRPUSDT | time=1769406000000 | trades=827 | delta=-20816.7000 | poc=0
2026-01-26 00:45:01 - orderflow_service - INFO - [ORDERFLOW_SERVICE] Footprint completado: POLUSDT | time=1769406240000 | trades=27 | delta=-360.0000 | poc=0
2026-01-26 00:45:01 - orderflow_service - INFO - [ORDERFLOW_SERVICE] Footprint completado: POLUSDT | time=1769406000000 | trades=141 | delta=-29402.0000 | poc=0
2026-01-26 00:45:01 - orderflow_service - INFO - [ORDERFLOW_SERVICE] Footprint completado: BNBUSDT | time=1769406240000 | trades=37 | delta=-4.4600 | poc=0
2026-01-26 00:45:01 - orderflow_service - INFO - [ORDERFLOW_SERVICE] Footprint completado: BNBUSDT | time=1769406000000 | trades=96 | delta=7.0800 | poc=1
2026-01-26 00:45:01 - orderflow_service - INFO - [ORDERFLOW_SERVICE] Footprint completado: GALAUSDT | time=1769406240000 | trades=69 | delta=252907.0000 | poc=0
2026-01-26 00:45:01 - orderflow_service - INFO - [ORDERFLOW_SERVICE] Footprint completado: GALAUSDT | time=1769406000000 | trades=225 | delta=582726.0000 | poc=0
2026-01-26 00:45:01 - orderflow_service - INFO - [ORDERFLOW_SERVICE] Footprint completado: PAXGUSDT | time=1769406240000 | trades=76 | delta=0.5870 | poc=1
2026-01-26 00:45:01 - orderflow_service - INFO - [ORDERFLOW_SERVICE] Footprint completado: PAXGUSDT | time=1769406000000 | trades=520 | delta=-0.7420 | poc=7
2026-01-26 00:45:02 - orderflow_service - INFO - [ORDERFLOW_SERVICE] Footprint completado: TRXUSDT | time=1769406240000 | trades=87 | delta=6095.0000 | poc=0
2026-01-26 00:45:02 - orderflow_service - INFO - [ORDERFLOW_SERVICE] Footprint completado: TRXUSDT | time=1769406000000 | trades=148 | delta=23645.0000 | poc=1
2026-01-26 00:45:02 - orderflow_service - INFO - [ORDERFLOW_SERVICE] Footprint completado: ADAUSDT | time=1769406240000 | trades=100 | delta=18687.0000 | poc=0
2026-01-26 00:45:02 - orderflow_service - INFO - [ORDERFLOW_SERVICE] Footprint completado: ADAUSDT | time=1769406000000 | trades=207 | delta=33256.0000 | poc=0
2026-01-26 00:45:03 - orderflow_service - INFO - [ORDERFLOW_SERVICE] Footprint completado: TRBUSDT | time=1769406240000 | trades=10 | delta=8.0900 | poc=5
2026-01-26 00:45:03 - orderflow_service - INFO - [ORDERFLOW_SERVICE] Footprint completado: TRBUSDT | time=1769406000000 | trades=36 | delta=4.4200 | poc=8
2026-01-26 00:46:00 - footprint_calculator - WARNING - Max levels reached for candle 87735.1-87804.4 with step 1.0
2026-01-26 00:46:00 - orderflow_service - INFO - [ORDERFLOW_SERVICE] Footprint completado: BTCUSDT | time=1769406300000 | trades=681 | delta=-2.1410 | poc=49
2026-01-26 00:46:01 - orderflow_service - INFO - [ORDERFLOW_SERVICE] Footprint completado: TRXUSDT | time=1769406300000 | trades=38 | delta=-21776.0000 | poc=0
2026-01-26 00:46:01 - orderflow_service - INFO - [ORDERFLOW_SERVICE] Footprint completado: PAXGUSDT | time=1769406300000 | trades=86 | delta=1.3130 | poc=1
2026-01-26 00:46:02 - orderflow_service - INFO - [ORDERFLOW_SERVICE] Footprint completado: ETHUSDT | time=1769406300000 | trades=946 | delta=28.1500 | poc=1
2026-01-26 00:46:02 - orderflow_service - INFO - [ORDERFLOW_SERVICE] Footprint completado: SOLUSDT | time=1769406300000 | trades=509 | delta=-3278.8000 | poc=0
2026-01-26 00:46:02 - orderflow_service - INFO - [ORDERFLOW_SERVICE] Footprint completado: SUIUSDT | time=1769406300000 | trades=75 | delta=1260.0000 | poc=5
2026-01-26 00:46:03 - orderflow_service - WARNING - [ORDERFLOW_SERVICE] Error enviando alerta: status=500
2026-01-26 00:46:03 - orderflow_service - INFO - [ORDERFLOW_SERVICE] Footprint completado: XRPUSDT | time=1769406300000 | trades=249 | delta=-18934.3000 | poc=0
2026-01-26 00:46:03 - orderflow_service - INFO - [ORDERFLOW_SERVICE] Footprint completado: DOGEUSDT | time=1769406300000 | trades=121 | delta=-20657.0000 | poc=0
2026-01-26 00:46:05 - orderflow_service - INFO - [ORDERFLOW_SERVICE] Footprint completado: ADAUSDT | time=1769406300000 | trades=35 | delta=-35557.0000 | poc=0
2026-01-26 00:46:12 - orderflow_service - INFO - [ORDERFLOW_SERVICE] Footprint completado: TRBUSDT | time=1769406300000 | trades=9 | delta=-2.9100 | poc=10
2026-01-26 00:46:12 - orderflow_service - INFO - [ORDERFLOW_SERVICE] Footprint completado: POLUSDT | time=1769406300000 | trades=24 | delta=-1704.0000 | poc=0
2026-01-26 00:46:20 - orderflow_service - INFO - [ORDERFLOW_SERVICE] Footprint completado: GALAUSDT | time=1769406300000 | trades=33 | delta=183687.0000 | poc=0
2026-01-26 00:46:31 - orderflow_service - INFO - [ORDERFLOW_SERVICE] Footprint completado: BNBUSDT | time=1769406300000 | trades=28 | delta=0.9800 | poc=0
2026-01-26 00:47:00 - orderflow_service - INFO - [ORDERFLOW_SERVICE] Footprint completado: ETHUSDT | time=1769406360000 | trades=408 | delta=58.8400 | poc=1
2026-01-26 00:47:00 - orderflow_service - INFO - [ORDERFLOW_SERVICE] Footprint completado: GALAUSDT | time=1769406360000 | trades=39 | delta=319475.0000 | poc=0
2026-01-26 00:47:00 - orderflow_service - INFO - [ORDERFLOW_SERVICE] Footprint completado: DOGEUSDT | time=1769406360000 | trades=101 | delta=88770.0000 | poc=0
2026-01-26 00:47:00 - orderflow_service - INFO - [ORDERFLOW_SERVICE] Footprint completado: POLUSDT | time=1769406360000 | trades=18 | delta=2690.0000 | poc=0
2026-01-26 00:47:00 - orderflow_service - INFO - [ORDERFLOW_SERVICE] Footprint completado: SUIUSDT | time=1769406360000 | trades=208 | delta=84560.0000 | poc=24
2026-01-26 00:47:00 - orderflow_service - INFO - [ORDERFLOW_SERVICE] Footprint completado: XRPUSDT | time=1769406360000 | trades=195 | delta=12001.7000 | poc=0
2026-01-26 00:47:00 - orderflow_service - INFO - [ORDERFLOW_SERVICE] Footprint completado: ADAUSDT | time=1769406360000 | trades=72 | delta=49636.0000 | poc=0
2026-01-26 00:47:00 - orderflow_service - INFO - [ORDERFLOW_SERVICE] Footprint completado: BNBUSDT | time=1769406360000 | trades=24 | delta=1.5500 | poc=0
2026-01-26 00:47:00 - orderflow_service - INFO - [ORDERFLOW_SERVICE] Footprint completado: TRBUSDT | time=1769406360000 | trades=9 | delta=-17.8100 | poc=12
2026-01-26 00:47:00 - orderflow_service - INFO - [ORDERFLOW_SERVICE] Footprint completado: SOLUSDT | time=1769406360000 | trades=202 | delta=-376.9000 | poc=0
2026-01-26 00:47:00 - footprint_calculator - WARNING - Max levels reached for candle 87760.5-87837.5 with step 1.0
2026-01-26 00:47:00 - orderflow_service - INFO - [ORDERFLOW_SERVICE] Footprint completado: BTCUSDT | time=1769406360000 | trades=514 | delta=3.6380 | poc=49
2026-01-26 00:47:00 - orderflow_service - INFO - [ORDERFLOW_SERVICE] Footprint completado: PAXGUSDT | time=1769406360000 | trades=180 | delta=2.2730 | poc=9
2026-01-26 00:47:02 - orderflow_service - INFO - [ORDERFLOW_SERVICE] Footprint completado: TRXUSDT | time=1769406360000 | trades=3 | delta=-311.0000 | poc=0
2026-01-26 00:48:00 - orderflow_service - INFO - [ORDERFLOW_SERVICE] Footprint completado: XRPUSDT | time=1769406420000 | trades=354 | delta=7392.8000 | poc=1
2026-01-26 00:48:00 - orderflow_service - INFO - [ORDERFLOW_SERVICE] Footprint completado: DOGEUSDT | time=1769406420000 | trades=203 | delta=380190.0000 | poc=0
2026-01-26 00:48:00 - orderflow_service - INFO - [ORDERFLOW_SERVICE] Footprint completado: ETHUSDT | time=1769406420000 | trades=937 | delta=101.1500 | poc=0
2026-01-26 00:48:00 - footprint_calculator - WARNING - Max levels reached for candle 87791.3-87850.0 with step 1.0
2026-01-26 00:48:00 - orderflow_service - INFO - [ORDERFLOW_SERVICE] Footprint completado: BTCUSDT | time=1769406420000 | trades=1411 | delta=-40.5160 | poc=49
2026-01-26 00:48:00 - orderflow_service - INFO - [ORDERFLOW_SERVICE] Footprint completado: SOLUSDT | time=1769406420000 | trades=320 | delta=-958.6000 | poc=0
2026-01-26 00:48:00 - orderflow_service - INFO - [ORDERFLOW_SERVICE] Footprint completado: SUIUSDT | time=1769406420000 | trades=132 | delta=-72530.0000 | poc=17
2026-01-26 00:48:01 - orderflow_service - INFO - [ORDERFLOW_SERVICE] Footprint completado: PAXGUSDT | time=1769406420000 | trades=65 | delta=0.9320 | poc=0
2026-01-26 00:48:02 - orderflow_service - INFO - [ORDERFLOW_SERVICE] Footprint completado: GALAUSDT | time=1769406420000 | trades=114 | delta=-2387598.0000 | poc=0
2026-01-26 00:48:02 - orderflow_service - INFO - [ORDERFLOW_SERVICE] Footprint completado: ADAUSDT | time=1769406420000 | trades=97 | delta=-26881.0000 | poc=0
2026-01-26 00:48:09 - orderflow_service - INFO - [ORDERFLOW_SERVICE] Footprint completado: TRXUSDT | time=1769406420000 | trades=43 | delta=-16141.0000 | poc=0
2026-01-26 00:48:29 - orderflow_service - INFO - [ORDERFLOW_SERVICE] Footprint completado: TRBUSDT | time=1769406420000 | trades=9 | delta=4.0100 | poc=18
2026-01-26 00:48:37 - orderflow_service - INFO - [ORDERFLOW_SERVICE] Footprint completado: BNBUSDT | time=1769406420000 | trades=60 | delta=-21.3500 | poc=0
2026-01-26 00:49:00 - orderflow_service - INFO - [ORDERFLOW_SERVICE] Footprint completado: BTCUSDT | time=1769406480000 | trades=429 | delta=-17.0310 | poc=14
2026-01-26 00:49:00 - orderflow_service - INFO - [ORDERFLOW_SERVICE] Footprint completado: ETHUSDT | time=1769406480000 | trades=223 | delta=14.2500 | poc=0
2026-01-26 00:49:00 - orderflow_service - INFO - [ORDERFLOW_SERVICE] Footprint completado: PAXGUSDT | time=1769406480000 | trades=37 | delta=0.1240 | poc=1
2026-01-26 00:49:01 - orderflow_service - INFO - [ORDERFLOW_SERVICE] Footprint completado: ADAUSDT | time=1769406480000 | trades=39 | delta=4522.0000 | poc=0
2026-01-26 00:49:01 - orderflow_service - INFO - [ORDERFLOW_SERVICE] Footprint completado: XRPUSDT | time=1769406480000 | trades=124 | delta=3308.2000 | poc=0
2026-01-26 00:49:01 - orderflow_service - INFO - [ORDERFLOW_SERVICE] Footprint completado: POLUSDT | time=1769406420000 | trades=34 | delta=-15790.0000 | poc=0
2026-01-26 00:49:01 - orderflow_service - INFO - [ORDERFLOW_SERVICE] Footprint completado: SOLUSDT | time=1769406480000 | trades=168 | delta=1407.9000 | poc=0
2026-01-26 00:49:02 - orderflow_service - INFO - [ORDERFLOW_SERVICE] Footprint completado: GALAUSDT | time=1769406480000 | trades=9 | delta=-9521.0000 | poc=0
2026-01-26 00:49:02 - orderflow_service - INFO - [ORDERFLOW_SERVICE] Footprint completado: SUIUSDT | time=1769406480000 | trades=32 | delta=-1700.0000 | poc=1
2026-01-26 00:49:02 - orderflow_service - INFO - [ORDERFLOW_SERVICE] Footprint completado: DOGEUSDT | time=1769406480000 | trades=74 | delta=-258948.0000 | poc=0
2026-01-26 00:49:12 - orderflow_service - INFO - [ORDERFLOW_SERVICE] Footprint completado: BNBUSDT | time=1769406480000 | trades=9 | delta=1.3500 | poc=0
2026-01-26 00:49:33 - orderflow_service - INFO - [ORDERFLOW_SERVICE] Footprint completado: TRBUSDT | time=1769406480000 | trades=5 | delta=-0.0000 | poc=2
2026-01-26 00:49:53 - orderflow_service - INFO - [ORDERFLOW_SERVICE] Footprint completado: TRXUSDT | time=1769406480000 | trades=2 | delta=-1739.0000 | poc=0
2026-01-26 00:50:00 - orderflow_service - INFO - [ORDERFLOW_SERVICE] Footprint completado: SUIUSDT | time=1769406540000 | trades=37 | delta=2190.0000 | poc=0
2026-01-26 00:50:00 - orderflow_service - INFO - [ORDERFLOW_SERVICE] Footprint completado: SUIUSDT | time=1769406300000 | trades=484 | delta=13780.0000 | poc=34
2026-01-26 00:50:01 - orderflow_service - INFO - [ORDERFLOW_SERVICE] Footprint completado: BTCUSDT | time=1769406540000 | trades=707 | delta=-3.3730 | poc=16
2026-01-26 00:50:01 - footprint_calculator - WARNING - Max levels reached for candle 87735.1-87850.0 with step 1.0
2026-01-26 00:50:01 - orderflow_service - INFO - [ORDERFLOW_SERVICE] Footprint completado: BTCUSDT | time=1769406300000 | trades=3742 | delta=-59.4230 | poc=49
2026-01-26 00:50:01 - orderflow_service - INFO - [ORDERFLOW_SERVICE] Footprint completado: BNBUSDT | time=1769406540000 | trades=7 | delta=-0.6200 | poc=0
2026-01-26 00:50:01 - orderflow_service - INFO - [ORDERFLOW_SERVICE] Footprint completado: BNBUSDT | time=1769406300000 | trades=128 | delta=-18.0900 | poc=0
2026-01-26 00:50:01 - orderflow_service - INFO - [ORDERFLOW_SERVICE] Footprint completado: ETHUSDT | time=1769406540000 | trades=284 | delta=-64.1400 | poc=1
2026-01-26 00:50:01 - orderflow_service - INFO - [ORDERFLOW_SERVICE] Footprint completado: ETHUSDT | time=1769406300000 | trades=2798 | delta=138.2500 | poc=1
2026-01-26 00:50:01 - orderflow_service - INFO - [ORDERFLOW_SERVICE] Footprint completado: PAXGUSDT | time=1769406540000 | trades=36 | delta=0.5080 | poc=1
2026-01-26 00:50:01 - orderflow_service - INFO - [ORDERFLOW_SERVICE] Footprint completado: PAXGUSDT | time=1769406300000 | trades=404 | delta=5.1500 | poc=1
2026-01-26 00:50:01 - orderflow_service - INFO - [ORDERFLOW_SERVICE] Footprint completado: ADAUSDT | time=1769406540000 | trades=45 | delta=5200.0000 | poc=0
2026-01-26 00:50:01 - orderflow_service - INFO - [ORDERFLOW_SERVICE] Footprint completado: ADAUSDT | time=1769406300000 | trades=288 | delta=-3080.0000 | poc=0
2026-01-26 00:50:01 - orderflow_service - INFO - [ORDERFLOW_SERVICE] Footprint completado: XRPUSDT | time=1769406540000 | trades=100 | delta=-6818.9000 | poc=0
2026-01-26 00:50:01 - orderflow_service - INFO - [ORDERFLOW_SERVICE] Footprint completado: XRPUSDT | time=1769406300000 | trades=1022 | delta=-3050.5000 | poc=0
2026-01-26 00:50:01 - orderflow_service - INFO - [ORDERFLOW_SERVICE] Footprint completado: SOLUSDT | time=1769406540000 | trades=163 | delta=-972.4000 | poc=0
2026-01-26 00:50:01 - orderflow_service - INFO - [ORDERFLOW_SERVICE] Footprint completado: SOLUSDT | time=1769406300000 | trades=1362 | delta=-4178.8000 | poc=0
2026-01-26 00:50:01 - orderflow_service - INFO - [ORDERFLOW_SERVICE] Footprint completado: DOGEUSDT | time=1769406540000 | trades=30 | delta=4927.0000 | poc=0
2026-01-26 00:50:01 - orderflow_service - INFO - [ORDERFLOW_SERVICE] Footprint completado: DOGEUSDT | time=1769406300000 | trades=529 | delta=194282.0000 | poc=0
2026-01-26 00:50:01 - orderflow_service - INFO - [ORDERFLOW_SERVICE] Footprint completado: GALAUSDT | time=1769406540000 | trades=35 | delta=-68474.0000 | poc=0
2026-01-26 00:50:01 - orderflow_service - INFO - [ORDERFLOW_SERVICE] Footprint completado: GALAUSDT | time=1769406300000 | trades=230 | delta=-1962431.0000 | poc=0
2026-01-26 00:50:01 - orderflow_service - INFO - [ORDERFLOW_SERVICE] Footprint completado: TRBUSDT | time=1769406540000 | trades=5 | delta=0.0000 | poc=4
2026-01-26 00:50:01 - orderflow_service - INFO - [ORDERFLOW_SERVICE] Footprint completado: TRBUSDT | time=1769406300000 | trades=37 | delta=-16.7100 | poc=18
2026-01-26 00:50:09 - orderflow_service - INFO - [ORDERFLOW_SERVICE] Footprint completado: POLUSDT | time=1769406540000 | trades=2 | delta=-96.0000 | poc=0
2026-01-26 00:50:09 - orderflow_service - INFO - [ORDERFLOW_SERVICE] Footprint completado: POLUSDT | time=1769406300000 | trades=78 | delta=-14900.0000 | poc=0
2026-01-26 00:50:38 - orderflow_service - INFO - [ORDERFLOW_SERVICE] Footprint completado: TRXUSDT | time=1769406540000 | trades=10 | delta=7334.0000 | poc=0
2026-01-26 00:50:38 - orderflow_service - INFO - [ORDERFLOW_SERVICE] Footprint completado: TRXUSDT | time=1769406300000 | trades=96 | delta=-32633.0000 | poc=0
2026-01-26 00:51:00 - orderflow_service - INFO - [ORDERFLOW_SERVICE] Footprint completado: PAXGUSDT | time=1769406600000 | trades=157 | delta=6.3030 | poc=4
2026-01-26 00:51:01 - orderflow_service - INFO - [ORDERFLOW_SERVICE] Footprint completado: SUIUSDT | time=1769406600000 | trades=101 | delta=3040.0000 | poc=7
2026-01-26 00:51:01 - orderflow_service - INFO - [ORDERFLOW_SERVICE] Footprint completado: XRPUSDT | time=1769406600000 | trades=292 | delta=29535.4000 | poc=0
2026-01-26 00:51:01 - orderflow_service - INFO - [ORDERFLOW_SERVICE] Footprint completado: BNBUSDT | time=1769406600000 | trades=34 | delta=-2.9500 | poc=0
2026-01-26 00:51:01 - orderflow_service - INFO - [ORDERFLOW_SERVICE] Footprint completado: POLUSDT | time=1769406600000 | trades=45 | delta=1071.0000 | poc=0
2026-01-26 00:51:01 - orderflow_service - INFO - [ORDERFLOW_SERVICE] Footprint completado: ETHUSDT | time=1769406600000 | trades=444 | delta=54.1900 | poc=1
2026-01-26 00:51:01 - orderflow_service - INFO - [ORDERFLOW_SERVICE] Footprint completado: SOLUSDT | time=1769406600000 | trades=305 | delta=2397.1000 | poc=0
2026-01-26 00:51:01 - orderflow_service - INFO - [ORDERFLOW_SERVICE] Footprint completado: TRXUSDT | time=1769406600000 | trades=2 | delta=-3999.0000 | poc=0
2026-01-26 00:51:01 - orderflow_service - INFO - [ORDERFLOW_SERVICE] Footprint completado: TRBUSDT | time=1769406600000 | trades=13 | delta=-11.3400 | poc=0
2026-01-26 00:51:02 - orderflow_service - INFO - [ORDERFLOW_SERVICE] Footprint completado: BTCUSDT | time=1769406600000 | trades=1411 | delta=-17.2960 | poc=32
2026-01-26 00:51:02 - orderflow_service - INFO - [ORDERFLOW_SERVICE] Footprint completado: GALAUSDT | time=1769406600000 | trades=46 | delta=786625.0000 | poc=0
2026-01-26 00:51:03 - orderflow_service - INFO - [ORDERFLOW_SERVICE] Footprint completado: DOGEUSDT | time=1769406600000 | trades=146 | delta=32704.0000 | poc=0
2026-01-26 00:51:09 - orderflow_service - INFO - [ORDERFLOW_SERVICE] Footprint completado: ADAUSDT | time=1769406600000 | trades=192 | delta=-161110.0000 | poc=0
2026-01-26 00:52:00 - orderflow_service - INFO - [ORDERFLOW_SERVICE] Footprint completado: BTCUSDT | time=1769406660000 | trades=640 | delta=-3.2620 | poc=19
2026-01-26 00:52:01 - orderflow_service - WARNING - [ORDERFLOW_SERVICE] Error enviando alerta: status=500
2026-01-26 00:52:01 - orderflow_service - INFO - [ORDERFLOW_SERVICE] Footprint completado: SOLUSDT | time=1769406660000 | trades=206 | delta=-208.7000 | poc=0
2026-01-26 00:52:01 - orderflow_service - INFO - [ORDERFLOW_SERVICE] Footprint completado: ETHUSDT | time=1769406660000 | trades=406 | delta=30.4800 | poc=0
2026-01-26 00:52:01 - orderflow_service - INFO - [ORDERFLOW_SERVICE] Footprint completado: TRXUSDT | time=1769406660000 | trades=11 | delta=-200.0000 | poc=0
2026-01-26 00:52:01 - orderflow_service - INFO - [ORDERFLOW_SERVICE] Footprint completado: PAXGUSDT | time=1769406660000 | trades=19 | delta=0.2210 | poc=2
2026-01-26 00:52:01 - orderflow_service - INFO - [ORDERFLOW_SERVICE] Footprint completado: XRPUSDT | time=1769406660000 | trades=167 | delta=-6628.3000 | poc=0
2026-01-26 00:52:02 - orderflow_service - INFO - [ORDERFLOW_SERVICE] Footprint completado: DOGEUSDT | time=1769406660000 | trades=38 | delta=-18102.0000 | poc=0
2026-01-26 00:52:02 - orderflow_service - INFO - [ORDERFLOW_SERVICE] Footprint completado: ADAUSDT | time=1769406660000 | trades=35 | delta=1035.0000 | poc=0
2026-01-26 00:52:02 - orderflow_service - INFO - [ORDERFLOW_SERVICE] Footprint completado: GALAUSDT | time=1769406660000 | trades=33 | delta=-14874.0000 | poc=0
2026-01-26 00:52:02 - orderflow_service - INFO - [ORDERFLOW_SERVICE] Footprint completado: SUIUSDT | time=1769406660000 | trades=117 | delta=2360.0000 | poc=6
2026-01-26 00:52:14 - orderflow_service - INFO - [ORDERFLOW_SERVICE] Footprint completado: BNBUSDT | time=1769406660000 | trades=17 | delta=-0.4400 | poc=0
2026-01-26 00:52:22 - orderflow_service - INFO - [ORDERFLOW_SERVICE] Footprint completado: TRBUSDT | time=1769406660000 | trades=6 | delta=6.3800 | poc=7
2026-01-26 00:52:26 - orderflow_service - INFO - [ORDERFLOW_SERVICE] Footprint completado: POLUSDT | time=1769406660000 | trades=14 | delta=-114.0000 | poc=0
2026-01-26 00:53:00 - orderflow_service - INFO - [ORDERFLOW_SERVICE] Footprint completado: DOGEUSDT | time=1769406720000 | trades=96 | delta=86250.0000 | poc=0
2026-01-26 00:53:00 - orderflow_service - INFO - [ORDERFLOW_SERVICE] Footprint completado: ETHUSDT | time=1769406720000 | trades=923 | delta=323.4500 | poc=1
2026-01-26 00:53:00 - orderflow_service - INFO - [ORDERFLOW_SERVICE] Footprint completado: PAXGUSDT | time=1769406720000 | trades=90 | delta=1.4320 | poc=4
2026-01-26 00:53:01 - orderflow_service - INFO - [ORDERFLOW_SERVICE] Footprint completado: XRPUSDT | time=1769406720000 | trades=169 | delta=28754.9000 | poc=1
2026-01-26 00:53:01 - orderflow_service - INFO - [ORDERFLOW_SERVICE] Footprint completado: BTCUSDT | time=1769406720000 | trades=1065 | delta=-16.0210 | poc=21
2026-01-26 00:53:01 - orderflow_service - INFO - [ORDERFLOW_SERVICE] Footprint completado: SOLUSDT | time=1769406720000 | trades=320 | delta=-3061.5000 | poc=0
2026-01-26 00:53:02 - orderflow_service - INFO - [ORDERFLOW_SERVICE] Footprint completado: SUIUSDT | time=1769406720000 | trades=115 | delta=10240.0000 | poc=3
2026-01-26 00:53:03 - orderflow_service - INFO - [ORDERFLOW_SERVICE] Footprint completado: ADAUSDT | time=1769406720000 | trades=33 | delta=3504.0000 | poc=0
2026-01-26 00:53:06 - orderflow_service - INFO - [ORDERFLOW_SERVICE] Footprint completado: TRXUSDT | time=1769406720000 | trades=9 | delta=80.0000 | poc=0
2026-01-26 00:53:13 - orderflow_service - INFO - [ORDERFLOW_SERVICE] Footprint completado: GALAUSDT | time=1769406720000 | trades=42 | delta=-212677.0000 | poc=0
2026-01-26 00:53:22 - orderflow_service - INFO - [ORDERFLOW_SERVICE] Footprint completado: BNBUSDT | time=1769406720000 | trades=13 | delta=0.4600 | poc=0
2026-01-26 00:53:22 - orderflow_service - INFO - [ORDERFLOW_SERVICE] Footprint completado: POLUSDT | time=1769406720000 | trades=33 | delta=10467.0000 | poc=0
2026-01-26 00:53:22 - orderflow_service - INFO - [ORDERFLOW_SERVICE] Footprint completado: TRBUSDT | time=1769406720000 | trades=10 | delta=-3.9700 | poc=2
2026-01-26 00:54:00 - footprint_calculator - WARNING - Max levels reached for candle 87873.7-87923.9 with step 1.0
2026-01-26 00:54:00 - orderflow_service - INFO - [ORDERFLOW_SERVICE] Footprint completado: BTCUSDT | time=1769406780000 | trades=2993 | delta=30.7350 | poc=49
2026-01-26 00:54:00 - orderflow_service - INFO - [ORDERFLOW_SERVICE] Footprint completado: DOGEUSDT | time=1769406780000 | trades=234 | delta=287504.0000 | poc=0
2026-01-26 00:54:00 - orderflow_service - INFO - [ORDERFLOW_SERVICE] Footprint completado: XRPUSDT | time=1769406780000 | trades=436 | delta=110924.4000 | poc=0
2026-01-26 00:54:01 - orderflow_service - INFO - [ORDERFLOW_SERVICE] Footprint completado: PAXGUSDT | time=1769406780000 | trades=71 | delta=1.9870 | poc=1
2026-01-26 00:54:01 - orderflow_service - INFO - [ORDERFLOW_SERVICE] Footprint completado: ETHUSDT | time=1769406780000 | trades=1068 | delta=197.7300 | poc=1
2026-01-26 00:54:01 - orderflow_service - INFO - [ORDERFLOW_SERVICE] Footprint completado: SOLUSDT | time=1769406780000 | trades=381 | delta=1601.1000 | poc=0
2026-01-26 00:54:01 - orderflow_service - INFO - [ORDERFLOW_SERVICE] Footprint completado: POLUSDT | time=1769406780000 | trades=88 | delta=17957.0000 | poc=0
2026-01-26 00:54:01 - orderflow_service - INFO - [ORDERFLOW_SERVICE] Footprint completado: TRXUSDT | time=1769406780000 | trades=5 | delta=282.0000 | poc=0
2026-01-26 00:54:02 - orderflow_service - INFO - [ORDERFLOW_SERVICE] Footprint completado: ADAUSDT | time=1769406780000 | trades=99 | delta=67788.0000 | poc=0
2026-01-26 00:54:03 - orderflow_service - INFO - [ORDERFLOW_SERVICE] Footprint completado: GALAUSDT | time=1769406780000 | trades=64 | delta=484086.0000 | poc=0
2026-01-26 00:54:03 - orderflow_service - INFO - [ORDERFLOW_SERVICE] Footprint completado: SUIUSDT | time=1769406780000 | trades=334 | delta=71780.0000 | poc=17
2026-01-26 00:54:05 - orderflow_service - INFO - [ORDERFLOW_SERVICE] Footprint completado: BNBUSDT | time=1769406780000 | trades=65 | delta=22.1400 | poc=1
2026-01-26 00:54:55 - orderflow_service - INFO - [ORDERFLOW_SERVICE] Footprint completado: TRBUSDT | time=1769406780000 | trades=15 | delta=9.0000 | poc=5
2026-01-26 00:55:00 - orderflow_service - INFO - [ORDERFLOW_SERVICE] Footprint completado: BTCUSDT | time=1769406840000 | trades=883 | delta=-16.5110 | poc=23
2026-01-26 00:55:01 - orderflow_service - WARNING - [ORDERFLOW_SERVICE] Error enviando alerta: status=500
2026-01-26 00:55:01 - footprint_calculator - WARNING - Max levels reached for candle 87815.2-87923.9 with step 1.0
2026-01-26 00:55:01 - orderflow_service - INFO - [ORDERFLOW_SERVICE] Footprint completado: BTCUSDT | time=1769406600000 | trades=6992 | delta=-22.3550 | poc=49
2026-01-26 00:55:01 - orderflow_service - INFO - [ORDERFLOW_SERVICE] Footprint completado: TRXUSDT | time=1769406840000 | trades=6 | delta=83.0000 | poc=0
2026-01-26 00:55:01 - orderflow_service - INFO - [ORDERFLOW_SERVICE] Footprint completado: TRXUSDT | time=1769406600000 | trades=33 | delta=-3754.0000 | poc=0
2026-01-26 00:55:01 - orderflow_service - INFO - [ORDERFLOW_SERVICE] Footprint completado: ETHUSDT | time=1769406840000 | trades=396 | delta=128.0300 | poc=0
2026-01-26 00:55:01 - orderflow_service - INFO - [ORDERFLOW_SERVICE] Footprint completado: ETHUSDT | time=1769406600000 | trades=3237 | delta=733.8800 | poc=1
2026-01-26 00:55:01 - orderflow_service - INFO - [ORDERFLOW_SERVICE] Footprint completado: DOGEUSDT | time=1769406840000 | trades=1112 | delta=-14605555.0000 | poc=0
2026-01-26 00:55:01 - orderflow_service - INFO - [ORDERFLOW_SERVICE] Footprint completado: DOGEUSDT | time=1769406600000 | trades=1626 | delta=-14217199.0000 | poc=0
2026-01-26 00:55:01 - orderflow_service - INFO - [ORDERFLOW_SERVICE] Footprint completado: XRPUSDT | time=1769406840000 | trades=122 | delta=-1157.8000 | poc=0
2026-01-26 00:55:01 - orderflow_service - INFO - [ORDERFLOW_SERVICE] Footprint completado: XRPUSDT | time=1769406600000 | trades=1186 | delta=161428.6000 | poc=1
2026-01-26 00:55:01 - orderflow_service - INFO - [ORDERFLOW_SERVICE] Footprint completado: PAXGUSDT | time=1769406840000 | trades=73 | delta=-0.0090 | poc=2
2026-01-26 00:55:01 - orderflow_service - INFO - [ORDERFLOW_SERVICE] Footprint completado: PAXGUSDT | time=1769406600000 | trades=410 | delta=9.9340 | poc=4
2026-01-26 00:55:01 - orderflow_service - INFO - [ORDERFLOW_SERVICE] Footprint completado: POLUSDT | time=1769406840000 | trades=20 | delta=-1965.0000 | poc=0
2026-01-26 00:55:01 - orderflow_service - INFO - [ORDERFLOW_SERVICE] Footprint completado: POLUSDT | time=1769406600000 | trades=200 | delta=27416.0000 | poc=0
2026-01-26 00:55:02 - orderflow_service - INFO - [ORDERFLOW_SERVICE] Footprint completado: SOLUSDT | time=1769406840000 | trades=139 | delta=114.7000 | poc=0
2026-01-26 00:55:02 - orderflow_service - INFO - [ORDERFLOW_SERVICE] Footprint completado: SOLUSDT | time=1769406600000 | trades=1351 | delta=842.7000 | poc=0
2026-01-26 00:55:02 - orderflow_service - INFO - [ORDERFLOW_SERVICE] Footprint completado: SUIUSDT | time=1769406840000 | trades=60 | delta=1420.0000 | poc=5
2026-01-26 00:55:02 - orderflow_service - INFO - [ORDERFLOW_SERVICE] Footprint completado: SUIUSDT | time=1769406600000 | trades=727 | delta=88840.0000 | poc=23
2026-01-26 00:55:02 - orderflow_service - INFO - [ORDERFLOW_SERVICE] Footprint completado: GALAUSDT | time=1769406840000 | trades=61 | delta=-869992.0000 | poc=0
2026-01-26 00:55:02 - orderflow_service - INFO - [ORDERFLOW_SERVICE] Footprint completado: GALAUSDT | time=1769406600000 | trades=246 | delta=173168.0000 | poc=0
2026-01-26 00:55:04 - orderflow_service - INFO - [ORDERFLOW_SERVICE] Footprint completado: ADAUSDT | time=1769406840000 | trades=26 | delta=1518.0000 | poc=0
2026-01-26 00:55:04 - orderflow_service - INFO - [ORDERFLOW_SERVICE] Footprint completado: ADAUSDT | time=1769406600000 | trades=385 | delta=-87265.0000 | poc=0
2026-01-26 00:55:08 - orderflow_service - INFO - [ORDERFLOW_SERVICE] Footprint completado: BNBUSDT | time=1769406840000 | trades=22 | delta=-6.0400 | poc=0
2026-01-26 00:55:08 - orderflow_service - INFO - [ORDERFLOW_SERVICE] Footprint completado: BNBUSDT | time=1769406600000 | trades=151 | delta=13.1700 | poc=1
2026-01-26 00:55:27 - orderflow_service - INFO - [ORDERFLOW_SERVICE] Footprint completado: TRBUSDT | time=1769406840000 | trades=6 | delta=-0.0000 | poc=1
2026-01-26 00:55:27 - orderflow_service - INFO - [ORDERFLOW_SERVICE] Footprint completado: TRBUSDT | time=1769406600000 | trades=50 | delta=0.0700 | poc=13
2026-01-26 00:55:27 - orderflow_service - WARNING - [ORDERFLOW_SERVICE] Error enviando alerta: status=500
2026-01-26 00:56:00 - orderflow_service - INFO - [ORDERFLOW_SERVICE] Footprint completado: ETHUSDT | time=1769406900000 | trades=544 | delta=56.8900 | poc=1
2026-01-26 00:56:00 - orderflow_service - INFO - [ORDERFLOW_SERVICE] Footprint completado: PAXGUSDT | time=1769406900000 | trades=26 | delta=1.1060 | poc=0
2026-01-26 00:56:00 - orderflow_service - INFO - [ORDERFLOW_SERVICE] Footprint completado: TRXUSDT | time=1769406900000 | trades=8 | delta=1859.0000 | poc=0
2026-01-26 00:56:00 - orderflow_service - INFO - [ORDERFLOW_SERVICE] Footprint completado: SUIUSDT | time=1769406900000 | trades=77 | delta=-1920.0000 | poc=1
2026-01-26 00:56:00 - orderflow_service - INFO - [ORDERFLOW_SERVICE] Footprint completado: TRBUSDT | time=1769406900000 | trades=4 | delta=-0.8800 | poc=1
2026-01-26 00:56:01 - orderflow_service - INFO - [ORDERFLOW_SERVICE] Footprint completado: XRPUSDT | time=1769406900000 | trades=173 | delta=-25235.1000 | poc=0
2026-01-26 00:56:01 - orderflow_service - INFO - [ORDERFLOW_SERVICE] Footprint completado: GALAUSDT | time=1769406900000 | trades=33 | delta=-385242.0000 | poc=0
2026-01-26 00:56:01 - orderflow_service - INFO - [ORDERFLOW_SERVICE] Footprint completado: BTCUSDT | time=1769406900000 | trades=1045 | delta=-31.7080 | poc=20
2026-01-26 00:56:02 - orderflow_service - INFO - [ORDERFLOW_SERVICE] Footprint completado: ADAUSDT | time=1769406900000 | trades=53 | delta=-37256.0000 | poc=0
2026-01-26 00:56:02 - orderflow_service - INFO - [ORDERFLOW_SERVICE] Footprint completado: SOLUSDT | time=1769406900000 | trades=142 | delta=-741.5000 | poc=0
2026-01-26 00:56:02 - orderflow_service - INFO - [ORDERFLOW_SERVICE] Footprint completado: BNBUSDT | time=1769406900000 | trades=14 | delta=-2.2900 | poc=0
2026-01-26 00:56:10 - orderflow_service - INFO - [ORDERFLOW_SERVICE] Footprint completado: DOGEUSDT | time=1769406900000 | trades=149 | delta=-24251.0000 | poc=0
2026-01-26 00:56:44 - orderflow_service - INFO - [ORDERFLOW_SERVICE] Footprint completado: POLUSDT | time=1769406900000 | trades=23 | delta=-14997.0000 | poc=0
2026-01-26 00:57:00 - orderflow_service - INFO - [ORDERFLOW_SERVICE] Footprint completado: ETHUSDT | time=1769406960000 | trades=526 | delta=91.7200 | poc=1
2026-01-26 00:57:00 - orderflow_service - INFO - [ORDERFLOW_SERVICE] Footprint completado: TRXUSDT | time=1769406960000 | trades=4 | delta=4379.0000 | poc=0
2026-01-26 00:57:01 - orderflow_service - INFO - [ORDERFLOW_SERVICE] Footprint completado: BTCUSDT | time=1769406960000 | trades=270 | delta=-2.2730 | poc=17
2026-01-26 00:57:01 - orderflow_service - INFO - [ORDERFLOW_SERVICE] Footprint completado: POLUSDT | time=1769406960000 | trades=14 | delta=-4743.0000 | poc=0
2026-01-26 00:57:01 - orderflow_service - INFO - [ORDERFLOW_SERVICE] Footprint completado: PAXGUSDT | time=1769406960000 | trades=48 | delta=-1.1800 | poc=3
2026-01-26 00:57:01 - orderflow_service - INFO - [ORDERFLOW_SERVICE] Footprint completado: XRPUSDT | time=1769406960000 | trades=144 | delta=22454.5000 | poc=0
2026-01-26 00:57:01 - orderflow_service - INFO - [ORDERFLOW_SERVICE] Footprint completado: GALAUSDT | time=1769406960000 | trades=28 | delta=-14501.0000 | poc=0
2026-01-26 00:57:01 - orderflow_service - INFO - [ORDERFLOW_SERVICE] Footprint completado: SUIUSDT | time=1769406960000 | trades=43 | delta=520.0000 | poc=5
2026-01-26 00:57:02 - orderflow_service - INFO - [ORDERFLOW_SERVICE] Footprint completado: SOLUSDT | time=1769406960000 | trades=99 | delta=-144.4000 | poc=1
2026-01-26 00:57:02 - orderflow_service - INFO - [ORDERFLOW_SERVICE] Footprint completado: DOGEUSDT | time=1769406960000 | trades=93 | delta=361797.0000 | poc=0
2026-01-26 00:57:02 - orderflow_service - INFO - [ORDERFLOW_SERVICE] Footprint completado: ADAUSDT | time=1769406960000 | trades=32 | delta=-7008.0000 | poc=0
2026-01-26 00:57:06 - orderflow_service - INFO - [ORDERFLOW_SERVICE] Footprint completado: TRBUSDT | time=1769406960000 | trades=7 | delta=0.4100 | poc=5
2026-01-26 00:57:19 - orderflow_service - INFO - [ORDERFLOW_SERVICE] Footprint completado: BNBUSDT | time=1769406960000 | trades=13 | delta=-1.8900 | poc=0
2026-01-26 00:58:00 - orderflow_service - INFO - [ORDERFLOW_SERVICE] Footprint completado: GALAUSDT | time=1769407020000 | trades=6 | delta=-51025.0000 | poc=0
2026-01-26 00:58:00 - orderflow_service - INFO - [ORDERFLOW_SERVICE] Footprint completado: BTCUSDT | time=1769407020000 | trades=432 | delta=0.2820 | poc=15
2026-01-26 00:58:01 - orderflow_service - INFO - [ORDERFLOW_SERVICE] Footprint completado: SUIUSDT | time=1769407020000 | trades=43 | delta=0.0000 | poc=2
2026-01-26 00:58:01 - orderflow_service - INFO - [ORDERFLOW_SERVICE] Footprint completado: TRXUSDT | time=1769407020000 | trades=8 | delta=2943.0000 | poc=0
2026-01-26 00:58:01 - orderflow_service - INFO - [ORDERFLOW_SERVICE] Footprint completado: DOGEUSDT | time=1769407020000 | trades=36 | delta=-19697.0000 | poc=0
2026-01-26 00:58:01 - orderflow_service - INFO - [ORDERFLOW_SERVICE] Footprint completado: PAXGUSDT | time=1769407020000 | trades=20 | delta=0.3040 | poc=0
2026-01-26 00:58:01 - orderflow_service - INFO - [ORDERFLOW_SERVICE] Footprint completado: XRPUSDT | time=1769407020000 | trades=120 | delta=-100836.0000 | poc=0
2026-01-26 00:58:01 - orderflow_service - INFO - [ORDERFLOW_SERVICE] Footprint completado: ETHUSDT | time=1769407020000 | trades=500 | delta=37.5100 | poc=0
2026-01-26 00:58:01 - orderflow_service - INFO - [ORDERFLOW_SERVICE] Footprint completado: SOLUSDT | time=1769407020000 | trades=184 | delta=-478.1000 | poc=0
2026-01-26 00:58:07 - orderflow_service - INFO - [ORDERFLOW_SERVICE] Footprint completado: POLUSDT | time=1769407020000 | trades=2 | delta=-89.0000 | poc=0
2026-01-26 00:58:07 - orderflow_service - INFO - [ORDERFLOW_SERVICE] Footprint completado: ADAUSDT | time=1769407020000 | trades=55 | delta=25139.0000 | poc=0
2026-01-26 00:58:10 - orderflow_service - INFO - [ORDERFLOW_SERVICE] Footprint completado: TRBUSDT | time=1769407020000 | trades=6 | delta=1.4500 | poc=2
2026-01-26 00:59:00 - orderflow_service - INFO - [ORDERFLOW_SERVICE] Footprint completado: BTCUSDT | time=1769407080000 | trades=437 | delta=-4.5030 | poc=11
2026-01-26 00:59:00 - orderflow_service - INFO - [ORDERFLOW_SERVICE] Footprint completado: SUIUSDT | time=1769407080000 | trades=60 | delta=-1780.0000 | poc=1
2026-01-26 00:59:00 - orderflow_service - INFO - [ORDERFLOW_SERVICE] Footprint completado: SOLUSDT | time=1769407080000 | trades=198 | delta=-1875.5000 | poc=0
2026-01-26 00:59:01 - orderflow_service - INFO - [ORDERFLOW_SERVICE] Footprint completado: DOGEUSDT | time=1769407080000 | trades=45 | delta=-37935.0000 | poc=0
2026-01-26 00:59:01 - orderflow_service - INFO - [ORDERFLOW_SERVICE] Footprint completado: POLUSDT | time=1769407080000 | trades=38 | delta=-24505.0000 | poc=0
2026-01-26 00:59:01 - orderflow_service - INFO - [ORDERFLOW_SERVICE] Footprint completado: TRXUSDT | time=1769407080000 | trades=2 | delta=-72.0000 | poc=0
2026-01-26 00:59:01 - orderflow_service - INFO - [ORDERFLOW_SERVICE] Footprint completado: PAXGUSDT | time=1769407080000 | trades=195 | delta=-54.7210 | poc=3
2026-01-26 00:59:02 - orderflow_service - WARNING - [ORDERFLOW_SERVICE] Error enviando alerta: status=500
2026-01-26 00:59:02 - orderflow_service - INFO - [ORDERFLOW_SERVICE] Footprint completado: GALAUSDT | time=1769407080000 | trades=28 | delta=165811.0000 | poc=0
2026-01-26 00:59:02 - orderflow_service - INFO - [ORDERFLOW_SERVICE] Footprint completado: ETHUSDT | time=1769407080000 | trades=382 | delta=-71.0800 | poc=0
2026-01-26 00:59:02 - orderflow_service - INFO - [ORDERFLOW_SERVICE] Footprint completado: XRPUSDT | time=1769407080000 | trades=69 | delta=2316.7000 | poc=0
2026-01-26 00:59:02 - orderflow_service - INFO - [ORDERFLOW_SERVICE] Footprint completado: ADAUSDT | time=1769407080000 | trades=21 | delta=715.0000 | poc=0
2026-01-26 00:59:04 - orderflow_service - INFO - [ORDERFLOW_SERVICE] Footprint completado: TRBUSDT | time=1769407080000 | trades=6 | delta=0.1100 | poc=0
2026-01-26 00:59:24 - orderflow_service - INFO - [ORDERFLOW_SERVICE] Footprint completado: BNBUSDT | time=1769407020000 | trades=17 | delta=-0.9200 | poc=0
2026-01-26 01:00:00 - orderflow_service - INFO - [ORDERFLOW_SERVICE] Footprint completado: SUIUSDT | time=1769407140000 | trades=111 | delta=-9230.0000 | poc=5
2026-01-26 01:00:00 - orderflow_service - INFO - [ORDERFLOW_SERVICE] Footprint completado: SUIUSDT | time=1769406900000 | trades=334 | delta=-12410.0000 | poc=8
2026-01-26 01:00:00 - orderflow_service - INFO - [ORDERFLOW_SERVICE] Footprint completado: ETHUSDT | time=1769407140000 | trades=345 | delta=-75.1400 | poc=0
2026-01-26 01:00:00 - orderflow_service - INFO - [ORDERFLOW_SERVICE] Footprint completado: ETHUSDT | time=1769406900000 | trades=2297 | delta=39.9000 | poc=0
2026-01-26 01:00:00 - orderflow_service - INFO - [ORDERFLOW_SERVICE] Footprint completado: SOLUSDT | time=1769407140000 | trades=193 | delta=-655.6000 | poc=0
2026-01-26 01:00:00 - orderflow_service - INFO - [ORDERFLOW_SERVICE] Footprint completado: SOLUSDT | time=1769406900000 | trades=816 | delta=-3895.1000 | poc=0
2026-01-26 01:00:00 - orderflow_service - INFO - [ORDERFLOW_SERVICE] Footprint completado: BNBUSDT | time=1769407140000 | trades=13 | delta=-4.0000 | poc=0
2026-01-26 01:00:00 - orderflow_service - INFO - [ORDERFLOW_SERVICE] Footprint completado: BNBUSDT | time=1769406900000 | trades=57 | delta=-9.1000 | poc=0
2026-01-26 01:00:00 - orderflow_service - INFO - [ORDERFLOW_SERVICE] Footprint completado: GALAUSDT | time=1769407140000 | trades=77 | delta=583989.0000 | poc=0
2026-01-26 01:00:00 - orderflow_service - INFO - [ORDERFLOW_SERVICE] Footprint completado: GALAUSDT | time=1769406900000 | trades=172 | delta=299032.0000 | poc=0
2026-01-26 01:00:00 - footprint_calculator - WARNING - Max levels reached for candle 87774.3-87844.5 with step 1.0
2026-01-26 01:00:00 - orderflow_service - INFO - [ORDERFLOW_SERVICE] Footprint completado: BTCUSDT | time=1769407140000 | trades=1010 | delta=-33.1250 | poc=49
2026-01-26 01:00:00 - footprint_calculator - WARNING - Max levels reached for candle 87774.3-87873.2 with step 1.0
2026-01-26 01:00:00 - orderflow_service - INFO - [ORDERFLOW_SERVICE] Footprint completado: BTCUSDT | time=1769406900000 | trades=3194 | delta=-71.3270 | poc=49
2026-01-26 01:00:00 - orderflow_service - INFO - [ORDERFLOW_SERVICE] Footprint completado: PAXGUSDT | time=1769407140000 | trades=79 | delta=0.8570 | poc=3
2026-01-26 01:00:00 - orderflow_service - INFO - [ORDERFLOW_SERVICE] Footprint completado: PAXGUSDT | time=1769406900000 | trades=368 | delta=-53.6340 | poc=3
2026-01-26 01:00:01 - orderflow_service - INFO - [ORDERFLOW_SERVICE] Footprint completado: XRPUSDT | time=1769407140000 | trades=166 | delta=-20010.3000 | poc=1
2026-01-26 01:00:01 - orderflow_service - INFO - [ORDERFLOW_SERVICE] Footprint completado: XRPUSDT | time=1769406900000 | trades=672 | delta=-121310.2000 | poc=1
2026-01-26 01:00:01 - orderflow_service - INFO - [ORDERFLOW_SERVICE] Footprint completado: DOGEUSDT | time=1769407140000 | trades=153 | delta=-196714.0000 | poc=0
2026-01-26 01:00:01 - orderflow_service - INFO - [ORDERFLOW_SERVICE] Footprint completado: DOGEUSDT | time=1769406900000 | trades=476 | delta=83200.0000 | poc=0
2026-01-26 01:00:01 - orderflow_service - INFO - [ORDERFLOW_SERVICE] Footprint completado: POLUSDT | time=1769407140000 | trades=17 | delta=-10978.0000 | poc=0
2026-01-26 01:00:01 - orderflow_service - INFO - [ORDERFLOW_SERVICE] Footprint completado: POLUSDT | time=1769406900000 | trades=94 | delta=-55312.0000 | poc=0
2026-01-26 01:00:02 - orderflow_service - INFO - [ORDERFLOW_SERVICE] Footprint completado: TRBUSDT | time=1769407140000 | trades=8 | delta=-1.4500 | poc=6
2026-01-26 01:00:02 - orderflow_service - INFO - [ORDERFLOW_SERVICE] Footprint completado: TRBUSDT | time=1769406900000 | trades=31 | delta=-0.3600 | poc=5
2026-01-26 01:00:02 - orderflow_service - INFO - [ORDERFLOW_SERVICE] Footprint completado: ADAUSDT | time=1769407140000 | trades=63 | delta=-17057.0000 | poc=0
2026-01-26 01:00:02 - orderflow_service - INFO - [ORDERFLOW_SERVICE] Footprint completado: ADAUSDT | time=1769406900000 | trades=224 | delta=-35467.0000 | poc=0
2026-01-26 01:00:10 - orderflow_service - INFO - [ORDERFLOW_SERVICE] Footprint completado: TRXUSDT | time=1769407140000 | trades=20 | delta=-4950.0000 | poc=0
2026-01-26 01:00:10 - orderflow_service - INFO - [ORDERFLOW_SERVICE] Footprint completado: TRXUSDT | time=1769406900000 | trades=42 | delta=4159.0000 | poc=0
2026-01-26 01:01:00 - orderflow_service - INFO - [ORDERFLOW_SERVICE] Footprint completado: BTCUSDT | time=1769407200000 | trades=530 | delta=-2.4890 | poc=0
2026-01-26 01:01:00 - orderflow_service - INFO - [ORDERFLOW_SERVICE] Footprint completado: DOGEUSDT | time=1769407200000 | trades=207 | delta=-40965.0000 | poc=0
2026-01-26 01:01:00 - orderflow_service - INFO - [ORDERFLOW_SERVICE] Footprint completado: ETHUSDT | time=1769407200000 | trades=635 | delta=115.9100 | poc=0
2026-01-26 01:01:00 - orderflow_service - INFO - [ORDERFLOW_SERVICE] Footprint completado: SOLUSDT | time=1769407200000 | trades=259 | delta=-70.6000 | poc=0
2026-01-26 01:01:00 - orderflow_service - INFO - [ORDERFLOW_SERVICE] Footprint completado: PAXGUSDT | time=1769407200000 | trades=51 | delta=34.4320 | poc=3
2026-01-26 01:01:00 - orderflow_service - INFO - [ORDERFLOW_SERVICE] Footprint completado: ADAUSDT | time=1769407200000 | trades=55 | delta=7641.0000 | poc=0
2026-01-26 01:01:01 - orderflow_service - INFO - [ORDERFLOW_SERVICE] Footprint completado: POLUSDT | time=1769407200000 | trades=76 | delta=-42561.0000 | poc=0
2026-01-26 01:01:01 - orderflow_service - INFO - [ORDERFLOW_SERVICE] Footprint completado: GALAUSDT | time=1769407200000 | trades=82 | delta=-442362.0000 | poc=0
2026-01-26 01:01:02 - orderflow_service - INFO - [ORDERFLOW_SERVICE] Footprint completado: XRPUSDT | time=1769407200000 | trades=213 | delta=7268.5000 | poc=0
2026-01-26 01:01:02 - orderflow_service - INFO - [ORDERFLOW_SERVICE] Footprint completado: SUIUSDT | time=1769407200000 | trades=109 | delta=-160.0000 | poc=1
2026-01-26 01:01:05 - orderflow_service - INFO - [ORDERFLOW_SERVICE] Footprint completado: TRBUSDT | time=1769407200000 | trades=17 | delta=-15.6500 | poc=5
2026-01-26 01:01:07 - orderflow_service - INFO - [ORDERFLOW_SERVICE] Footprint completado: BNBUSDT | time=1769407200000 | trades=51 | delta=-7.2800 | poc=0
2026-01-26 01:02:00 - orderflow_service - INFO - [ORDERFLOW_SERVICE] Footprint completado: BNBUSDT | time=1769407260000 | trades=10 | delta=-1.1300 | poc=0
2026-01-26 01:02:00 - orderflow_service - INFO - [ORDERFLOW_SERVICE] Footprint completado: TRXUSDT | time=1769407200000 | trades=42 | delta=30570.0000 | poc=0
2026-01-26 01:02:00 - orderflow_service - INFO - [ORDERFLOW_SERVICE] Footprint completado: PAXGUSDT | time=1769407260000 | trades=123 | delta=105.5940 | poc=1
2026-01-26 01:02:00 - orderflow_service - INFO - [ORDERFLOW_SERVICE] Footprint completado: XRPUSDT | time=1769407260000 | trades=153 | delta=-31333.3000 | poc=0
2026-01-26 01:02:00 - orderflow_service - INFO - [ORDERFLOW_SERVICE] Footprint completado: DOGEUSDT | time=1769407260000 | trades=84 | delta=-184498.0000 | poc=0
2026-01-26 01:02:00 - orderflow_service - INFO - [ORDERFLOW_SERVICE] Footprint completado: SOLUSDT | time=1769407260000 | trades=151 | delta=89.6000 | poc=0
2026-01-26 01:02:01 - orderflow_service - INFO - [ORDERFLOW_SERVICE] Footprint completado: POLUSDT | time=1769407260000 | trades=73 | delta=-61769.0000 | poc=0
2026-01-26 01:02:02 - orderflow_service - INFO - [ORDERFLOW_SERVICE] Footprint completado: ETHUSDT | time=1769407260000 | trades=381 | delta=-59.1500 | poc=0
2026-01-26 01:02:02 - orderflow_service - INFO - [ORDERFLOW_SERVICE] Footprint completado: SUIUSDT | time=1769407260000 | trades=65 | delta=630.0000 | poc=4
2026-01-26 01:02:02 - orderflow_service - INFO - [ORDERFLOW_SERVICE] Footprint completado: BTCUSDT | time=1769407260000 | trades=327 | delta=-0.1030 | poc=22
2026-01-26 01:02:02 - orderflow_service - INFO - [ORDERFLOW_SERVICE] Footprint completado: GALAUSDT | time=1769407260000 | trades=25 | delta=-28814.0000 | poc=0
2026-01-26 01:02:05 - orderflow_service - INFO - [ORDERFLOW_SERVICE] Footprint completado: TRBUSDT | time=1769407260000 | trades=12 | delta=1.9500 | poc=3
2026-01-26 01:02:07 - orderflow_service - INFO - [ORDERFLOW_SERVICE] Footprint completado: ADAUSDT | time=1769407260000 | trades=34 | delta=-39190.0000 | poc=0
2026-01-26 01:03:00 - orderflow_service - INFO - [ORDERFLOW_SERVICE] Footprint completado: SOLUSDT | time=1769407320000 | trades=454 | delta=-1775.3000 | poc=0
2026-01-26 01:03:00 - orderflow_service - INFO - [ORDERFLOW_SERVICE] Footprint completado: SUIUSDT | time=1769407320000 | trades=68 | delta=-7340.0000 | poc=8
2026-01-26 01:03:00 - orderflow_service - INFO - [ORDERFLOW_SERVICE] Footprint completado: DOGEUSDT | time=1769407320000 | trades=134 | delta=-317221.0000 | poc=0
2026-01-26 01:03:00 - orderflow_service - INFO - [ORDERFLOW_SERVICE] Footprint completado: BTCUSDT | time=1769407320000 | trades=350 | delta=-5.5330 | poc=9
2026-01-26 01:03:00 - orderflow_service - INFO - [ORDERFLOW_SERVICE] Footprint completado: ADAUSDT | time=1769407320000 | trades=48 | delta=-54966.0000 | poc=0
2026-01-26 01:03:00 - orderflow_service - INFO - [ORDERFLOW_SERVICE] Footprint completado: ETHUSDT | time=1769407320000 | trades=512 | delta=-101.7900 | poc=0
2026-01-26 01:03:00 - orderflow_service - INFO - [ORDERFLOW_SERVICE] Footprint completado: POLUSDT | time=1769407320000 | trades=31 | delta=6415.0000 | poc=0
2026-01-26 01:03:00 - orderflow_service - INFO - [ORDERFLOW_SERVICE] Footprint completado: GALAUSDT | time=1769407320000 | trades=58 | delta=-1772373.0000 | poc=0
2026-01-26 01:03:00 - orderflow_service - INFO - [ORDERFLOW_SERVICE] Footprint completado: TRXUSDT | time=1769407320000 | trades=13 | delta=-3405.0000 | poc=0
2026-01-26 01:03:01 - orderflow_service - INFO - [ORDERFLOW_SERVICE] Footprint completado: XRPUSDT | time=1769407320000 | trades=76 | delta=2589.7000 | poc=1
2026-01-26 01:03:06 - orderflow_service - INFO - [ORDERFLOW_SERVICE] Footprint completado: BNBUSDT | time=1769407320000 | trades=32 | delta=-2.1100 | poc=0
2026-01-26 01:03:12 - orderflow_service - INFO - [ORDERFLOW_SERVICE] Footprint completado: PAXGUSDT | time=1769407320000 | trades=138 | delta=-16.7190 | poc=2
2026-01-26 01:03:32 - orderflow_service - INFO - [ORDERFLOW_SERVICE] Footprint completado: TRBUSDT | time=1769407320000 | trades=11 | delta=-1.9400 | poc=3
2026-01-26 01:04:00 - orderflow_service - INFO - [ORDERFLOW_SERVICE] Footprint completado: ETHUSDT | time=1769407380000 | trades=1375 | delta=-202.3600 | poc=0
2026-01-26 01:04:00 - orderflow_service - INFO - [ORDERFLOW_SERVICE] Footprint completado: DOGEUSDT | time=1769407380000 | trades=281 | delta=416119.0000 | poc=0
2026-01-26 01:04:00 - orderflow_service - INFO - [ORDERFLOW_SERVICE] Footprint completado: XRPUSDT | time=1769407380000 | trades=197 | delta=-19834.0000 | poc=0
2026-01-26 01:04:00 - orderflow_service - INFO - [ORDERFLOW_SERVICE] Footprint completado: SOLUSDT | time=1769407380000 | trades=545 | delta=-1460.2000 | poc=0
2026-01-26 01:04:00 - orderflow_service - INFO - [ORDERFLOW_SERVICE] Footprint completado: BTCUSDT | time=1769407380000 | trades=1226 | delta=-16.9670 | poc=34
2026-01-26 01:04:02 - orderflow_service - INFO - [ORDERFLOW_SERVICE] Footprint completado: SUIUSDT | time=1769407380000 | trades=238 | delta=-64090.0000 | poc=1
2026-01-26 01:04:03 - orderflow_service - WARNING - [ORDERFLOW_SERVICE] Error enviando alerta: status=500
2026-01-26 01:04:03 - orderflow_service - INFO - [ORDERFLOW_SERVICE] Footprint completado: TRXUSDT | time=1769407380000 | trades=3 | delta=-69.0000 | poc=0
2026-01-26 01:04:03 - orderflow_service - INFO - [ORDERFLOW_SERVICE] Footprint completado: ADAUSDT | time=1769407380000 | trades=115 | delta=-63795.0000 | poc=0
2026-01-26 01:04:04 - orderflow_service - INFO - [ORDERFLOW_SERVICE] Footprint completado: GALAUSDT | time=1769407380000 | trades=34 | delta=-181286.0000 | poc=0
2026-01-26 01:04:08 - orderflow_service - INFO - [ORDERFLOW_SERVICE] Footprint completado: BNBUSDT | time=1769407380000 | trades=46 | delta=-3.1700 | poc=0
2026-01-26 01:04:15 - orderflow_service - INFO - [ORDERFLOW_SERVICE] Footprint completado: PAXGUSDT | time=1769407380000 | trades=39 | delta=0.0640 | poc=1
2026-01-26 01:04:27 - orderflow_service - INFO - [ORDERFLOW_SERVICE] Footprint completado: POLUSDT | time=1769407380000 | trades=43 | delta=-3825.0000 | poc=0
2026-01-26 01:04:37 - orderflow_service - INFO - [ORDERFLOW_SERVICE] Footprint completado: TRBUSDT | time=1769407380000 | trades=9 | delta=0.2100 | poc=4
2026-01-26 01:05:00 - orderflow_service - INFO - [ORDERFLOW_SERVICE] Footprint completado: POLUSDT | time=1769407440000 | trades=36 | delta=20292.0000 | poc=0
2026-01-26 01:05:00 - orderflow_service - INFO - [ORDERFLOW_SERVICE] Footprint completado: POLUSDT | time=1769407200000 | trades=259 | delta=-81448.0000 | poc=0
2026-01-26 01:05:00 - orderflow_service - INFO - [ORDERFLOW_SERVICE] Footprint completado: TRBUSDT | time=1769407440000 | trades=6 | delta=1.1300 | poc=1
2026-01-26 01:05:00 - orderflow_service - INFO - [ORDERFLOW_SERVICE] Footprint completado: TRBUSDT | time=1769407200000 | trades=55 | delta=-14.3000 | poc=13
2026-01-26 01:05:00 - orderflow_service - INFO - [ORDERFLOW_SERVICE] Footprint completado: PAXGUSDT | time=1769407440000 | trades=69 | delta=-0.1390 | poc=4
2026-01-26 01:05:00 - orderflow_service - INFO - [ORDERFLOW_SERVICE] Footprint completado: PAXGUSDT | time=1769407200000 | trades=420 | delta=123.2320 | poc=3
2026-01-26 01:05:01 - orderflow_service - WARNING - [ORDERFLOW_SERVICE] Error enviando alerta: status=500
2026-01-26 01:05:01 - orderflow_service - INFO - [ORDERFLOW_SERVICE] Footprint completado: SUIUSDT | time=1769407440000 | trades=165 | delta=-64110.0000 | poc=6
2026-01-26 01:05:01 - footprint_calculator - WARNING - Max levels reached for candle 1.4396-1.4446 with step 0.0001
2026-01-26 01:05:01 - orderflow_service - INFO - [ORDERFLOW_SERVICE] Footprint completado: SUIUSDT | time=1769407200000 | trades=645 | delta=-135070.0000 | poc=1
2026-01-26 01:05:01 - orderflow_service - INFO - [ORDERFLOW_SERVICE] Footprint completado: XRPUSDT | time=1769407440000 | trades=159 | delta=15693.4000 | poc=0
2026-01-26 01:05:01 - orderflow_service - INFO - [ORDERFLOW_SERVICE] Footprint completado: XRPUSDT | time=1769407200000 | trades=798 | delta=-25615.7000 | poc=0
2026-01-26 01:05:01 - orderflow_service - INFO - [ORDERFLOW_SERVICE] Footprint completado: DOGEUSDT | time=1769407440000 | trades=188 | delta=170312.0000 | poc=0
2026-01-26 01:05:01 - orderflow_service - INFO - [ORDERFLOW_SERVICE] Footprint completado: DOGEUSDT | time=1769407200000 | trades=894 | delta=43747.0000 | poc=0
2026-01-26 01:05:01 - orderflow_service - INFO - [ORDERFLOW_SERVICE] Footprint completado: BNBUSDT | time=1769407440000 | trades=16 | delta=-0.0400 | poc=0
2026-01-26 01:05:01 - orderflow_service - INFO - [ORDERFLOW_SERVICE] Footprint completado: BNBUSDT | time=1769407200000 | trades=155 | delta=-13.7300 | poc=1
2026-01-26 01:05:01 - orderflow_service - INFO - [ORDERFLOW_SERVICE] Footprint completado: ADAUSDT | time=1769407440000 | trades=69 | delta=38376.0000 | poc=0
2026-01-26 01:05:01 - orderflow_service - INFO - [ORDERFLOW_SERVICE] Footprint completado: ADAUSDT | time=1769407200000 | trades=321 | delta=-111934.0000 | poc=0
2026-01-26 01:05:01 - orderflow_service - INFO - [ORDERFLOW_SERVICE] Footprint completado: BTCUSDT | time=1769407440000 | trades=472 | delta=-4.9860 | poc=4
2026-01-26 01:05:01 - footprint_calculator - WARNING - Max levels reached for candle 87740.3-87808.0 with step 1.0
2026-01-26 01:05:01 - orderflow_service - INFO - [ORDERFLOW_SERVICE] Footprint completado: BTCUSDT | time=1769407200000 | trades=2905 | delta=-30.0780 | poc=34
2026-01-26 01:05:01 - orderflow_service - INFO - [ORDERFLOW_SERVICE] Footprint completado: SOLUSDT | time=1769407440000 | trades=426 | delta=-1301.1000 | poc=0
2026-01-26 01:05:01 - orderflow_service - INFO - [ORDERFLOW_SERVICE] Footprint completado: SOLUSDT | time=1769407200000 | trades=1835 | delta=-4517.6000 | poc=0
2026-01-26 01:05:01 - orderflow_service - INFO - [ORDERFLOW_SERVICE] Footprint completado: TRXUSDT | time=1769407440000 | trades=34 | delta=-2177.0000 | poc=0
2026-01-26 01:05:01 - orderflow_service - INFO - [ORDERFLOW_SERVICE] Footprint completado: TRXUSDT | time=1769407200000 | trades=92 | delta=24919.0000 | poc=0
2026-01-26 01:05:02 - orderflow_service - INFO - [ORDERFLOW_SERVICE] Footprint completado: ETHUSDT | time=1769407440000 | trades=444 | delta=62.3100 | poc=0
2026-01-26 01:05:02 - orderflow_service - INFO - [ORDERFLOW_SERVICE] Footprint completado: ETHUSDT | time=1769407200000 | trades=3347 | delta=-185.0800 | poc=1
2026-01-26 01:05:03 - orderflow_service - INFO - [ORDERFLOW_SERVICE] Footprint completado: GALAUSDT | time=1769407440000 | trades=11 | delta=-131386.0000 | poc=0
2026-01-26 01:05:03 - orderflow_service - INFO - [ORDERFLOW_SERVICE] Footprint completado: GALAUSDT | time=1769407200000 | trades=210 | delta=-2556221.0000 | poc=0
2026-01-26 01:06:01 - orderflow_service - INFO - [ORDERFLOW_SERVICE] Footprint completado: XRPUSDT | time=1769407500000 | trades=144 | delta=-1717.1000 | poc=0
2026-01-26 01:06:01 - orderflow_service - INFO - [ORDERFLOW_SERVICE] Footprint completado: BTCUSDT | time=1769407500000 | trades=530 | delta=9.9690 | poc=12
2026-01-26 01:06:01 - orderflow_service - INFO - [ORDERFLOW_SERVICE] Footprint completado: ETHUSDT | time=1769407500000 | trades=736 | delta=105.5600 | poc=0
2026-01-26 01:06:01 - orderflow_service - INFO - [ORDERFLOW_SERVICE] Footprint completado: POLUSDT | time=1769407500000 | trades=33 | delta=6848.0000 | poc=0
2026-01-26 01:06:01 - orderflow_service - INFO - [ORDERFLOW_SERVICE] Footprint completado: SUIUSDT | time=1769407500000 | trades=100 | delta=1200.0000 | poc=4
2026-01-26 01:06:01 - orderflow_service - INFO - [ORDERFLOW_SERVICE] Footprint completado: GALAUSDT | time=1769407500000 | trades=109 | delta=1231507.0000 | poc=0
2026-01-26 01:06:01 - orderflow_service - INFO - [ORDERFLOW_SERVICE] Footprint completado: SOLUSDT | time=1769407500000 | trades=225 | delta=-364.7000 | poc=0
2026-01-26 01:06:01 - orderflow_service - INFO - [ORDERFLOW_SERVICE] Footprint completado: DOGEUSDT | time=1769407500000 | trades=146 | delta=-68773.0000 | poc=0
2026-01-26 01:06:02 - orderflow_service - INFO - [ORDERFLOW_SERVICE] Footprint completado: PAXGUSDT | time=1769407500000 | trades=74 | delta=-1.3050 | poc=5
2026-01-26 01:06:02 - orderflow_service - INFO - [ORDERFLOW_SERVICE] Footprint completado: TRXUSDT | time=1769407500000 | trades=2 | delta=1.0000 | poc=0
2026-01-26 01:06:03 - orderflow_service - INFO - [ORDERFLOW_SERVICE] Footprint completado: ADAUSDT | time=1769407500000 | trades=20 | delta=-45.0000 | poc=0
2026-01-26 01:06:24 - orderflow_service - INFO - [ORDERFLOW_SERVICE] Footprint completado: BNBUSDT | time=1769407500000 | trades=17 | delta=3.2200 | poc=0
2026-01-26 01:06:39 - orderflow_service - INFO - [ORDERFLOW_SERVICE] Footprint completado: TRBUSDT | time=1769407500000 | trades=12 | delta=11.3000 | poc=3
2026-01-26 01:07:00 - orderflow_service - INFO - [ORDERFLOW_SERVICE] Footprint completado: XRPUSDT | time=1769407560000 | trades=116 | delta=3431.6000 | poc=0
2026-01-26 01:07:00 - orderflow_service - INFO - [ORDERFLOW_SERVICE] Footprint completado: GALAUSDT | time=1769407560000 | trades=41 | delta=-389058.0000 | poc=0
2026-01-26 01:07:00 - orderflow_service - INFO - [ORDERFLOW_SERVICE] Footprint completado: SUIUSDT | time=1769407560000 | trades=51 | delta=-1330.0000 | poc=1
2026-01-26 01:07:00 - orderflow_service - INFO - [ORDERFLOW_SERVICE] Footprint completado: SOLUSDT | time=1769407560000 | trades=173 | delta=-142.6000 | poc=0
2026-01-26 01:07:00 - orderflow_service - INFO - [ORDERFLOW_SERVICE] Footprint completado: TRBUSDT | time=1769407560000 | trades=9 | delta=4.1800 | poc=1
2026-01-26 01:07:00 - orderflow_service - INFO - [ORDERFLOW_SERVICE] Footprint completado: BTCUSDT | time=1769407560000 | trades=668 | delta=-6.5200 | poc=6
2026-01-26 01:07:00 - orderflow_service - INFO - [ORDERFLOW_SERVICE] Footprint completado: POLUSDT | time=1769407560000 | trades=117 | delta=115660.0000 | poc=0
2026-01-26 01:07:01 - orderflow_service - INFO - [ORDERFLOW_SERVICE] Footprint completado: TRXUSDT | time=1769407560000 | trades=2 | delta=-18.0000 | poc=0
2026-01-26 01:07:01 - orderflow_service - INFO - [ORDERFLOW_SERVICE] Footprint completado: DOGEUSDT | time=1769407560000 | trades=93 | delta=45588.0000 | poc=0
2026-01-26 01:07:01 - orderflow_service - INFO - [ORDERFLOW_SERVICE] Footprint completado: ETHUSDT | time=1769407560000 | trades=545 | delta=93.3800 | poc=1
2026-01-26 01:07:01 - orderflow_service - INFO - [ORDERFLOW_SERVICE] Footprint completado: ADAUSDT | time=1769407560000 | trades=31 | delta=-58625.0000 | poc=0
2026-01-26 01:07:02 - orderflow_service - INFO - [ORDERFLOW_SERVICE] Footprint completado: BNBUSDT | time=1769407560000 | trades=21 | delta=3.7500 | poc=0
2026-01-26 01:07:18 - orderflow_service - INFO - [ORDERFLOW_SERVICE] Footprint completado: PAXGUSDT | time=1769407560000 | trades=36 | delta=3.8400 | poc=0
2026-01-26 01:08:00 - footprint_calculator - WARNING - Max levels reached for candle 87782.3-87880.2 with step 1.0
2026-01-26 01:08:00 - orderflow_service - INFO - [ORDERFLOW_SERVICE] Footprint completado: BTCUSDT | time=1769407620000 | trades=1740 | delta=21.8450 | poc=49
2026-01-26 01:08:01 - orderflow_service - WARNING - [ORDERFLOW_SERVICE] Error enviando alerta: status=500
2026-01-26 01:08:01 - orderflow_service - INFO - [ORDERFLOW_SERVICE] Footprint completado: SUIUSDT | time=1769407620000 | trades=224 | delta=80070.0000 | poc=22
2026-01-26 01:08:01 - orderflow_service - WARNING - [ORDERFLOW_SERVICE] Error enviando alerta: status=500
2026-01-26 01:08:01 - orderflow_service - INFO - [ORDERFLOW_SERVICE] Footprint completado: BNBUSDT | time=1769407620000 | trades=32 | delta=-1.4300 | poc=0
2026-01-26 01:08:01 - orderflow_service - INFO - [ORDERFLOW_SERVICE] Footprint completado: SOLUSDT | time=1769407620000 | trades=445 | delta=2040.5000 | poc=0
2026-01-26 01:08:01 - orderflow_service - INFO - [ORDERFLOW_SERVICE] Footprint completado: POLUSDT | time=1769407620000 | trades=37 | delta=8745.0000 | poc=0
2026-01-26 01:08:01 - orderflow_service - INFO - [ORDERFLOW_SERVICE] Footprint completado: DOGEUSDT | time=1769407620000 | trades=127 | delta=118304.0000 | poc=0
2026-01-26 01:08:01 - orderflow_service - INFO - [ORDERFLOW_SERVICE] Footprint completado: GALAUSDT | time=1769407620000 | trades=32 | delta=-195588.0000 | poc=0
2026-01-26 01:08:01 - orderflow_service - INFO - [ORDERFLOW_SERVICE] Footprint completado: TRBUSDT | time=1769407620000 | trades=4 | delta=-4.3100 | poc=5
2026-01-26 01:08:01 - orderflow_service - INFO - [ORDERFLOW_SERVICE] Footprint completado: XRPUSDT | time=1769407620000 | trades=242 | delta=30455.7000 | poc=0
2026-01-26 01:08:01 - orderflow_service - INFO - [ORDERFLOW_SERVICE] Footprint completado: ETHUSDT | time=1769407620000 | trades=1311 | delta=167.9800 | poc=2
2026-01-26 01:08:01 - orderflow_service - INFO - [ORDERFLOW_SERVICE] Footprint completado: ADAUSDT | time=1769407620000 | trades=98 | delta=-67522.0000 | poc=0
2026-01-26 01:08:01 - orderflow_service - INFO - [ORDERFLOW_SERVICE] Footprint completado: TRXUSDT | time=1769407620000 | trades=10 | delta=493.0000 | poc=0
2026-01-26 01:08:02 - orderflow_service - INFO - [ORDERFLOW_SERVICE] Footprint completado: PAXGUSDT | time=1769407620000 | trades=77 | delta=6.5440 | poc=0
2026-01-26 01:09:00 - orderflow_service - INFO - [ORDERFLOW_SERVICE] Footprint completado: SOLUSDT | time=1769407680000 | trades=461 | delta=-4111.5000 | poc=1
2026-01-26 01:09:00 - orderflow_service - INFO - [ORDERFLOW_SERVICE] Footprint completado: BTCUSDT | time=1769407680000 | trades=999 | delta=-16.1850 | poc=26
2026-01-26 01:09:00 - orderflow_service - INFO - [ORDERFLOW_SERVICE] Footprint completado: XRPUSDT | time=1769407680000 | trades=315 | delta=12189.2000 | poc=0
2026-01-26 01:09:00 - orderflow_service - INFO - [ORDERFLOW_SERVICE] Footprint completado: ETHUSDT | time=1769407680000 | trades=1572 | delta=-172.5800 | poc=0
2026-01-26 01:09:01 - orderflow_service - INFO - [ORDERFLOW_SERVICE] Footprint completado: TRXUSDT | time=1769407680000 | trades=1 | delta=-37.0000 | poc=0
2026-01-26 01:09:01 - orderflow_service - INFO - [ORDERFLOW_SERVICE] Footprint completado: DOGEUSDT | time=1769407680000 | trades=134 | delta=19913.0000 | poc=0
2026-01-26 01:09:01 - orderflow_service - INFO - [ORDERFLOW_SERVICE] Footprint completado: POLUSDT | time=1769407680000 | trades=38 | delta=4545.0000 | poc=0
2026-01-26 01:09:01 - orderflow_service - INFO - [ORDERFLOW_SERVICE] Footprint completado: ADAUSDT | time=1769407680000 | trades=69 | delta=-13291.0000 | poc=0
2026-01-26 01:09:01 - orderflow_service - INFO - [ORDERFLOW_SERVICE] Footprint completado: GALAUSDT | time=1769407680000 | trades=29 | delta=-94038.0000 | poc=0
2026-01-26 01:09:01 - orderflow_service - INFO - [ORDERFLOW_SERVICE] Footprint completado: BNBUSDT | time=1769407680000 | trades=40 | delta=6.7800 | poc=0
2026-01-26 01:09:01 - orderflow_service - INFO - [ORDERFLOW_SERVICE] Footprint completado: SUIUSDT | time=1769407680000 | trades=92 | delta=-930.0000 | poc=14
2026-01-26 01:09:01 - orderflow_service - INFO - [ORDERFLOW_SERVICE] Footprint completado: TRBUSDT | time=1769407680000 | trades=14 | delta=-0.9900 | poc=10
2026-01-26 01:09:01 - orderflow_service - INFO - [ORDERFLOW_SERVICE] Footprint completado: PAXGUSDT | time=1769407680000 | trades=233 | delta=-24.1040 | poc=0
2026-01-26 01:10:00 - orderflow_service - INFO - [ORDERFLOW_SERVICE] Footprint completado: ETHUSDT | time=1769407740000 | trades=1338 | delta=-133.9200 | poc=1
2026-01-26 01:10:00 - orderflow_service - INFO - [ORDERFLOW_SERVICE] Footprint completado: ETHUSDT | time=1769407500000 | trades=5502 | delta=60.4200 | poc=2
2026-01-26 01:10:00 - footprint_calculator - WARNING - Max levels reached for candle 87778.6-87862.4 with step 1.0
2026-01-26 01:10:00 - orderflow_service - INFO - [ORDERFLOW_SERVICE] Footprint completado: BTCUSDT | time=1769407740000 | trades=743 | delta=-10.7530 | poc=49
2026-01-26 01:10:00 - footprint_calculator - WARNING - Max levels reached for candle 87754.7-87883.3 with step 1.0
2026-01-26 01:10:00 - orderflow_service - INFO - [ORDERFLOW_SERVICE] Footprint completado: BTCUSDT | time=1769407500000 | trades=4680 | delta=-1.6440 | poc=49
2026-01-26 01:10:00 - orderflow_service - INFO - [ORDERFLOW_SERVICE] Footprint completado: XRPUSDT | time=1769407740000 | trades=292 | delta=-36696.8000 | poc=0
2026-01-26 01:10:00 - orderflow_service - INFO - [ORDERFLOW_SERVICE] Footprint completado: XRPUSDT | time=1769407500000 | trades=1109 | delta=7662.6000 | poc=0
2026-01-26 01:10:00 - orderflow_service - INFO - [ORDERFLOW_SERVICE] Footprint completado: SOLUSDT | time=1769407740000 | trades=311 | delta=-220.3000 | poc=0
2026-01-26 01:10:00 - orderflow_service - INFO - [ORDERFLOW_SERVICE] Footprint completado: SOLUSDT | time=1769407500000 | trades=1615 | delta=-2798.6000 | poc=0
2026-01-26 01:10:01 - orderflow_service - INFO - [ORDERFLOW_SERVICE] Footprint completado: GALAUSDT | time=1769407740000 | trades=45 | delta=261544.0000 | poc=0
2026-01-26 01:10:01 - orderflow_service - INFO - [ORDERFLOW_SERVICE] Footprint completado: GALAUSDT | time=1769407500000 | trades=256 | delta=814367.0000 | poc=0
2026-01-26 01:10:01 - orderflow_service - INFO - [ORDERFLOW_SERVICE] Footprint completado: SUIUSDT | time=1769407740000 | trades=86 | delta=650.0000 | poc=19
2026-01-26 01:10:01 - orderflow_service - INFO - [ORDERFLOW_SERVICE] Footprint completado: SUIUSDT | time=1769407500000 | trades=553 | delta=79660.0000 | poc=35
2026-01-26 01:10:01 - orderflow_service - INFO - [ORDERFLOW_SERVICE] Footprint completado: DOGEUSDT | time=1769407740000 | trades=128 | delta=-178868.0000 | poc=0
2026-01-26 01:10:01 - orderflow_service - INFO - [ORDERFLOW_SERVICE] Footprint completado: DOGEUSDT | time=1769407500000 | trades=628 | delta=-63836.0000 | poc=0
2026-01-26 01:10:02 - orderflow_service - INFO - [ORDERFLOW_SERVICE] Footprint completado: PAXGUSDT | time=1769407740000 | trades=266 | delta=-0.4580 | poc=4
2026-01-26 01:10:02 - orderflow_service - INFO - [ORDERFLOW_SERVICE] Footprint completado: PAXGUSDT | time=1769407500000 | trades=686 | delta=-15.4830 | poc=4
2026-01-26 01:10:02 - orderflow_service - INFO - [ORDERFLOW_SERVICE] Footprint completado: TRXUSDT | time=1769407740000 | trades=4 | delta=-401.0000 | poc=0
2026-01-26 01:10:02 - orderflow_service - INFO - [ORDERFLOW_SERVICE] Footprint completado: TRXUSDT | time=1769407500000 | trades=19 | delta=38.0000 | poc=0
2026-01-26 01:10:04 - orderflow_service - INFO - [ORDERFLOW_SERVICE] Footprint completado: ADAUSDT | time=1769407740000 | trades=144 | delta=-1092838.0000 | poc=0
2026-01-26 01:10:04 - orderflow_service - INFO - [ORDERFLOW_SERVICE] Footprint completado: ADAUSDT | time=1769407500000 | trades=362 | delta=-1232321.0000 | poc=0
2026-01-26 01:10:09 - orderflow_service - INFO - [ORDERFLOW_SERVICE] Footprint completado: TRBUSDT | time=1769407740000 | trades=11 | delta=-24.5500 | poc=0
2026-01-26 01:10:09 - orderflow_service - INFO - [ORDERFLOW_SERVICE] Footprint completado: TRBUSDT | time=1769407500000 | trades=50 | delta=-14.3700 | poc=0
2026-01-26 01:10:10 - orderflow_service - INFO - [ORDERFLOW_SERVICE] Footprint completado: BNBUSDT | time=1769407740000 | trades=43 | delta=-0.9700 | poc=0
2026-01-26 01:10:10 - orderflow_service - INFO - [ORDERFLOW_SERVICE] Footprint completado: BNBUSDT | time=1769407500000 | trades=153 | delta=11.3500 | poc=1
2026-01-26 01:10:21 - orderflow_service - INFO - [ORDERFLOW_SERVICE] Footprint completado: POLUSDT | time=1769407740000 | trades=40 | delta=-24182.0000 | poc=0
2026-01-26 01:10:21 - orderflow_service - INFO - [ORDERFLOW_SERVICE] Footprint completado: POLUSDT | time=1769407500000 | trades=265 | delta=111616.0000 | poc=0
2026-01-26 01:11:00 - orderflow_service - INFO - [ORDERFLOW_SERVICE] Footprint completado: SUIUSDT | time=1769407800000 | trades=234 | delta=-45800.0000 | poc=4
2026-01-26 01:11:00 - orderflow_service - INFO - [ORDERFLOW_SERVICE] Footprint completado: TRBUSDT | time=1769407800000 | trades=11 | delta=4.0500 | poc=1
2026-01-26 01:11:00 - orderflow_service - INFO - [ORDERFLOW_SERVICE] Footprint completado: ETHUSDT | time=1769407800000 | trades=746 | delta=75.1300 | poc=1
2026-01-26 01:11:00 - orderflow_service - INFO - [ORDERFLOW_SERVICE] Footprint completado: DOGEUSDT | time=1769407800000 | trades=135 | delta=-46207.0000 | poc=0
2026-01-26 01:11:01 - orderflow_service - INFO - [ORDERFLOW_SERVICE] Footprint completado: BTCUSDT | time=1769407800000 | trades=795 | delta=-1.2700 | poc=18
2026-01-26 01:11:02 - orderflow_service - INFO - [ORDERFLOW_SERVICE] Footprint completado: PAXGUSDT | time=1769407800000 | trades=59 | delta=7.0470 | poc=3
2026-01-26 01:11:02 - orderflow_service - INFO - [ORDERFLOW_SERVICE] Footprint completado: XRPUSDT | time=1769407800000 | trades=279 | delta=-30.8000 | poc=0
2026-01-26 01:11:02 - orderflow_service - INFO - [ORDERFLOW_SERVICE] Footprint completado: SOLUSDT | time=1769407800000 | trades=219 | delta=59.0000 | poc=0
2026-01-26 01:11:02 - orderflow_service - INFO - [ORDERFLOW_SERVICE] Footprint completado: TRXUSDT | time=1769407800000 | trades=25 | delta=-17622.0000 | poc=1
2026-01-26 01:11:08 - orderflow_service - INFO - [ORDERFLOW_SERVICE] Footprint completado: ADAUSDT | time=1769407800000 | trades=59 | delta=-8893.0000 | poc=0
2026-01-26 01:11:14 - orderflow_service - INFO - [ORDERFLOW_SERVICE] Footprint completado: GALAUSDT | time=1769407800000 | trades=42 | delta=286994.0000 | poc=0
2026-01-26 01:11:14 - orderflow_service - INFO - [ORDERFLOW_SERVICE] Footprint completado: BNBUSDT | time=1769407800000 | trades=41 | delta=0.6500 | poc=0
2026-01-26 01:11:14 - orderflow_service - INFO - [ORDERFLOW_SERVICE] Footprint completado: POLUSDT | time=1769407800000 | trades=20 | delta=-6111.0000 | poc=0
2026-01-26 01:12:00 - orderflow_service - INFO - [ORDERFLOW_SERVICE] Footprint completado: XRPUSDT | time=1769407860000 | trades=152 | delta=2773.9000 | poc=0
2026-01-26 01:12:00 - orderflow_service - INFO - [ORDERFLOW_SERVICE] Footprint completado: SUIUSDT | time=1769407860000 | trades=67 | delta=3660.0000 | poc=5
2026-01-26 01:12:00 - orderflow_service - INFO - [ORDERFLOW_SERVICE] Footprint completado: DOGEUSDT | time=1769407860000 | trades=85 | delta=4918.0000 | poc=0
2026-01-26 01:12:00 - orderflow_service - INFO - [ORDERFLOW_SERVICE] Footprint completado: TRBUSDT | time=1769407860000 | trades=19 | delta=-57.4600 | poc=14
2026-01-26 01:12:00 - orderflow_service - INFO - [ORDERFLOW_SERVICE] Footprint completado: ADAUSDT | time=1769407860000 | trades=31 | delta=-6156.0000 | poc=0
2026-01-26 01:12:00 - orderflow_service - INFO - [ORDERFLOW_SERVICE] Footprint completado: SOLUSDT | time=1769407860000 | trades=159 | delta=-447.9000 | poc=0
2026-01-26 01:12:00 - orderflow_service - INFO - [ORDERFLOW_SERVICE] Footprint completado: GALAUSDT | time=1769407860000 | trades=33 | delta=-278391.0000 | poc=0
2026-01-26 01:12:00 - orderflow_service - INFO - [ORDERFLOW_SERVICE] Footprint completado: PAXGUSDT | time=1769407860000 | trades=105 | delta=-5.0460 | poc=3
2026-01-26 01:12:00 - orderflow_service - INFO - [ORDERFLOW_SERVICE] Footprint completado: BTCUSDT | time=1769407860000 | trades=427 | delta=1.7460 | poc=30
2026-01-26 01:12:03 - orderflow_service - WARNING - [ORDERFLOW_SERVICE] Error enviando alerta: All connection attempts failed
2026-01-26 01:12:03 - orderflow_service - INFO - [ORDERFLOW_SERVICE] Footprint completado: TRXUSDT | time=1769407860000 | trades=2 | delta=-35.0000 | poc=0
2026-01-26 01:12:03 - orderflow_service - INFO - [ORDERFLOW_SERVICE] Footprint completado: ETHUSDT | time=1769407860000 | trades=768 | delta=142.8500 | poc=0
2026-01-26 01:12:03 - orderflow_service - INFO - [ORDERFLOW_SERVICE] Footprint completado: POLUSDT | time=1769407860000 | trades=17 | delta=2276.0000 | poc=0
2026-01-26 01:12:35 - orderflow_service - INFO - [ORDERFLOW_SERVICE] Footprint completado: BNBUSDT | time=1769407860000 | trades=15 | delta=-1.0800 | poc=0
2026-01-26 01:13:00 - orderflow_service - INFO - [ORDERFLOW_SERVICE] Footprint completado: SOLUSDT | time=1769407920000 | trades=285 | delta=-129.8000 | poc=0
2026-01-26 01:13:00 - orderflow_service - INFO - [ORDERFLOW_SERVICE] Footprint completado: POLUSDT | time=1769407920000 | trades=39 | delta=-31361.0000 | poc=0
2026-01-26 01:13:00 - orderflow_service - INFO - [ORDERFLOW_SERVICE] Footprint completado: XRPUSDT | time=1769407920000 | trades=221 | delta=-34697.4000 | poc=0
2026-01-26 01:13:00 - orderflow_service - INFO - [ORDERFLOW_SERVICE] Footprint completado: ADAUSDT | time=1769407920000 | trades=94 | delta=-74567.0000 | poc=0
2026-01-26 01:13:00 - orderflow_service - INFO - [ORDERFLOW_SERVICE] Footprint completado: ETHUSDT | time=1769407920000 | trades=1633 | delta=-207.5000 | poc=0
2026-01-26 01:13:00 - footprint_calculator - WARNING - Max levels reached for candle 87738.8-87816.1 with step 1.0
2026-01-26 01:13:00 - orderflow_service - INFO - [ORDERFLOW_SERVICE] Footprint completado: BTCUSDT | time=1769407920000 | trades=1692 | delta=-30.5640 | poc=49
2026-01-26 01:13:00 - orderflow_service - INFO - [ORDERFLOW_SERVICE] Footprint completado: GALAUSDT | time=1769407920000 | trades=66 | delta=-687825.0000 | poc=0
2026-01-26 01:13:00 - orderflow_service - INFO - [ORDERFLOW_SERVICE] Footprint completado: SUIUSDT | time=1769407920000 | trades=195 | delta=-13200.0000 | poc=0
2026-01-26 01:13:00 - orderflow_service - INFO - [ORDERFLOW_SERVICE] Footprint completado: DOGEUSDT | time=1769407920000 | trades=211 | delta=-468938.0000 | poc=0
2026-01-26 01:13:01 - orderflow_service - INFO - [ORDERFLOW_SERVICE] Footprint completado: TRXUSDT | time=1769407920000 | trades=6 | delta=-1360.0000 | poc=0
2026-01-26 01:13:02 - orderflow_service - INFO - [ORDERFLOW_SERVICE] Footprint completado: BNBUSDT | time=1769407920000 | trades=57 | delta=-52.4300 | poc=1
2026-01-26 01:13:04 - orderflow_service - INFO - [ORDERFLOW_SERVICE] Footprint completado: PAXGUSDT | time=1769407920000 | trades=83 | delta=-0.4490 | poc=0
2026-01-26 01:13:11 - orderflow_service - INFO - [ORDERFLOW_SERVICE] Footprint completado: TRBUSDT | time=1769407920000 | trades=12 | delta=-12.8200 | poc=0
2026-01-26 01:14:00 - orderflow_service - INFO - [ORDERFLOW_SERVICE] Footprint completado: BTCUSDT | time=1769407980000 | trades=664 | delta=-2.2970 | poc=2
2026-01-26 01:14:00 - orderflow_service - INFO - [ORDERFLOW_SERVICE] Footprint completado: ETHUSDT | time=1769407980000 | trades=1375 | delta=-336.3000 | poc=0
2026-01-26 01:14:00 - orderflow_service - INFO - [ORDERFLOW_SERVICE] Footprint completado: DOGEUSDT | time=1769407980000 | trades=356 | delta=-503431.0000 | poc=0
2026-01-26 01:14:00 - orderflow_service - INFO - [ORDERFLOW_SERVICE] Footprint completado: XRPUSDT | time=1769407980000 | trades=220 | delta=-4063.5000 | poc=0
2026-01-26 01:14:00 - orderflow_service - INFO - [ORDERFLOW_SERVICE] Footprint completado: PAXGUSDT | time=1769407980000 | trades=158 | delta=-7.6340 | poc=2
2026-01-26 01:14:01 - orderflow_service - INFO - [ORDERFLOW_SERVICE] Footprint completado: POLUSDT | time=1769407980000 | trades=12 | delta=-2639.0000 | poc=0
2026-01-26 01:14:01 - orderflow_service - INFO - [ORDERFLOW_SERVICE] Footprint completado: TRXUSDT | time=1769407980000 | trades=11 | delta=-1940.0000 | poc=0
2026-01-26 01:14:02 - orderflow_service - INFO - [ORDERFLOW_SERVICE] Footprint completado: SUIUSDT | time=1769407980000 | trades=58 | delta=-4540.0000 | poc=2
2026-01-26 01:14:02 - orderflow_service - INFO - [ORDERFLOW_SERVICE] Footprint completado: SOLUSDT | time=1769407980000 | trades=427 | delta=224.3000 | poc=0
2026-01-26 01:14:02 - orderflow_service - INFO - [ORDERFLOW_SERVICE] Footprint completado: ADAUSDT | time=1769407980000 | trades=139 | delta=158268.0000 | poc=0
2026-01-26 01:14:04 - orderflow_service - INFO - [ORDERFLOW_SERVICE] Footprint completado: BNBUSDT | time=1769407980000 | trades=35 | delta=-12.0000 | poc=0
2026-01-26 01:14:05 - orderflow_service - INFO - [ORDERFLOW_SERVICE] Footprint completado: GALAUSDT | time=1769407980000 | trades=39 | delta=-20541.0000 | poc=0
2026-01-26 01:14:36 - orderflow_service - INFO - [ORDERFLOW_SERVICE] Footprint completado: TRBUSDT | time=1769407980000 | trades=11 | delta=4.5600 | poc=0
2026-01-26 01:15:00 - orderflow_service - INFO - [ORDERFLOW_SERVICE] Footprint completado: SOLUSDT | time=1769408040000 | trades=143 | delta=-458.6000 | poc=0
2026-01-26 01:15:00 - orderflow_service - INFO - [ORDERFLOW_SERVICE] Footprint completado: SOLUSDT | time=1769407800000 | trades=1233 | delta=-753.0000 | poc=0
2026-01-26 01:15:00 - orderflow_service - INFO - [ORDERFLOW_SERVICE] Footprint completado: BTCUSDT | time=1769408040000 | trades=696 | delta=-8.7720 | poc=15
2026-01-26 01:15:00 - footprint_calculator - WARNING - Max levels reached for candle 87719.0-87816.1 with step 1.0
2026-01-26 01:15:00 - orderflow_service - INFO - [ORDERFLOW_SERVICE] Footprint completado: BTCUSDT | time=1769407800000 | trades=4274 | delta=-41.1570 | poc=49
2026-01-26 01:15:00 - orderflow_service - INFO - [ORDERFLOW_SERVICE] Footprint completado: XRPUSDT | time=1769408040000 | trades=153 | delta=-22659.6000 | poc=0
2026-01-26 01:15:00 - orderflow_service - INFO - [ORDERFLOW_SERVICE] Footprint completado: XRPUSDT | time=1769407800000 | trades=1025 | delta=-58677.4000 | poc=0
2026-01-26 01:15:01 - orderflow_service - INFO - [ORDERFLOW_SERVICE] Footprint completado: ETHUSDT | time=1769408040000 | trades=370 | delta=-12.4200 | poc=0
2026-01-26 01:15:01 - orderflow_service - INFO - [ORDERFLOW_SERVICE] Footprint completado: ETHUSDT | time=1769407800000 | trades=4892 | delta=-338.2400 | poc=0
2026-01-26 01:15:02 - orderflow_service - INFO - [ORDERFLOW_SERVICE] Footprint completado: PAXGUSDT | time=1769408040000 | trades=108 | delta=0.8430 | poc=3
2026-01-26 01:15:02 - orderflow_service - INFO - [ORDERFLOW_SERVICE] Footprint completado: PAXGUSDT | time=1769407800000 | trades=513 | delta=-5.2390 | poc=3
2026-01-26 01:15:02 - orderflow_service - INFO - [ORDERFLOW_SERVICE] Footprint completado: GALAUSDT | time=1769408040000 | trades=28 | delta=-349961.0000 | poc=0
2026-01-26 01:15:02 - orderflow_service - INFO - [ORDERFLOW_SERVICE] Footprint completado: GALAUSDT | time=1769407800000 | trades=208 | delta=-1049724.0000 | poc=0
2026-01-26 01:15:02 - orderflow_service - INFO - [ORDERFLOW_SERVICE] Footprint completado: SUIUSDT | time=1769408040000 | trades=49 | delta=1660.0000 | poc=4
2026-01-26 01:15:02 - orderflow_service - INFO - [ORDERFLOW_SERVICE] Footprint completado: SUIUSDT | time=1769407800000 | trades=603 | delta=-58220.0000 | poc=4
2026-01-26 01:15:02 - orderflow_service - INFO - [ORDERFLOW_SERVICE] Footprint completado: DOGEUSDT | time=1769408040000 | trades=89 | delta=15511.0000 | poc=0
2026-01-26 01:15:02 - orderflow_service - INFO - [ORDERFLOW_SERVICE] Footprint completado: DOGEUSDT | time=1769407800000 | trades=876 | delta=-998147.0000 | poc=0
2026-01-26 01:15:02 - orderflow_service - INFO - [ORDERFLOW_SERVICE] Footprint completado: ADAUSDT | time=1769408040000 | trades=39 | delta=-48505.0000 | poc=0
2026-01-26 01:15:02 - orderflow_service - INFO - [ORDERFLOW_SERVICE] Footprint completado: ADAUSDT | time=1769407800000 | trades=362 | delta=20147.0000 | poc=0
2026-01-26 01:15:02 - orderflow_service - INFO - [ORDERFLOW_SERVICE] Footprint completado: TRXUSDT | time=1769408040000 | trades=6 | delta=-1677.0000 | poc=0
2026-01-26 01:15:02 - orderflow_service - INFO - [ORDERFLOW_SERVICE] Footprint completado: TRXUSDT | time=1769407800000 | trades=50 | delta=-22634.0000 | poc=1
2026-01-26 01:15:39 - orderflow_service - INFO - [ORDERFLOW_SERVICE] Footprint completado: POLUSDT | time=1769408040000 | trades=6 | delta=1592.0000 | poc=0
2026-01-26 01:15:39 - orderflow_service - INFO - [ORDERFLOW_SERVICE] Footprint completado: POLUSDT | time=1769407800000 | trades=94 | delta=-36243.0000 | poc=0
2026-01-26 01:15:39 - orderflow_service - INFO - [ORDERFLOW_SERVICE] Footprint completado: TRBUSDT | time=1769408040000 | trades=8 | delta=-0.0100 | poc=1
2026-01-26 01:15:39 - orderflow_service - INFO - [ORDERFLOW_SERVICE] Footprint completado: TRBUSDT | time=1769407800000 | trades=61 | delta=-61.6800 | poc=16
2026-01-26 01:15:41 - orderflow_service - INFO - [ORDERFLOW_SERVICE] Footprint completado: BNBUSDT | time=1769408040000 | trades=24 | delta=1.0900 | poc=0
2026-01-26 01:15:41 - orderflow_service - INFO - [ORDERFLOW_SERVICE] Footprint completado: BNBUSDT | time=1769407800000 | trades=172 | delta=-63.7700 | poc=1
2026-01-26 01:16:00 - orderflow_service - INFO - [ORDERFLOW_SERVICE] Footprint completado: BTCUSDT | time=1769408100000 | trades=633 | delta=-6.3490 | poc=10
2026-01-26 01:16:00 - orderflow_service - INFO - [ORDERFLOW_SERVICE] Footprint completado: XRPUSDT | time=1769408100000 | trades=1235 | delta=-1344814.1000 | poc=1
2026-01-26 01:16:00 - orderflow_service - INFO - [ORDERFLOW_SERVICE] Footprint completado: DOGEUSDT | time=1769408100000 | trades=225 | delta=-254674.0000 | poc=0
2026-01-26 01:16:00 - orderflow_service - INFO - [ORDERFLOW_SERVICE] Footprint completado: ETHUSDT | time=1769408100000 | trades=659 | delta=-261.1900 | poc=0
2026-01-26 01:16:00 - orderflow_service - INFO - [ORDERFLOW_SERVICE] Footprint completado: PAXGUSDT | time=1769408100000 | trades=78 | delta=0.0500 | poc=0
2026-01-26 01:16:02 - orderflow_service - INFO - [ORDERFLOW_SERVICE] Footprint completado: SOLUSDT | time=1769408100000 | trades=291 | delta=-1830.4000 | poc=0
2026-01-26 01:16:02 - orderflow_service - INFO - [ORDERFLOW_SERVICE] Footprint completado: TRXUSDT | time=1769408100000 | trades=3 | delta=-1098.0000 | poc=0
2026-01-26 01:16:02 - orderflow_service - INFO - [ORDERFLOW_SERVICE] Footprint completado: SUIUSDT | time=1769408100000 | trades=140 | delta=-15830.0000 | poc=2
2026-01-26 01:16:02 - orderflow_service - INFO - [ORDERFLOW_SERVICE] Footprint completado: ADAUSDT | time=1769408100000 | trades=60 | delta=30703.0000 | poc=0
2026-01-26 01:16:08 - orderflow_service - INFO - [ORDERFLOW_SERVICE] Footprint completado: POLUSDT | time=1769408100000 | trades=11 | delta=14451.0000 | poc=0
2026-01-26 01:16:09 - orderflow_service - INFO - [ORDERFLOW_SERVICE] Footprint completado: BNBUSDT | time=1769408100000 | trades=10 | delta=0.6900 | poc=0
2026-01-26 01:16:09 - orderflow_service - INFO - [ORDERFLOW_SERVICE] Footprint completado: TRBUSDT | time=1769408100000 | trades=10 | delta=-1.2600 | poc=3
2026-01-26 01:16:35 - orderflow_service - INFO - [ORDERFLOW_SERVICE] Footprint completado: GALAUSDT | time=1769408100000 | trades=69 | delta=-300823.0000 | poc=0
2026-01-26 01:17:00 - orderflow_service - INFO - [ORDERFLOW_SERVICE] Footprint completado: ADAUSDT | time=1769408160000 | trades=80 | delta=7627.0000 | poc=0
2026-01-26 01:17:00 - orderflow_service - INFO - [ORDERFLOW_SERVICE] Footprint completado: ETHUSDT | time=1769408160000 | trades=1172 | delta=-403.3900 | poc=1
2026-01-26 01:17:00 - orderflow_service - INFO - [ORDERFLOW_SERVICE] Footprint completado: BTCUSDT | time=1769408160000 | trades=1125 | delta=14.6140 | poc=15
2026-01-26 01:17:00 - orderflow_service - INFO - [ORDERFLOW_SERVICE] Footprint completado: XRPUSDT | time=1769408160000 | trades=248 | delta=-34438.3000 | poc=0
2026-01-26 01:17:00 - orderflow_service - INFO - [ORDERFLOW_SERVICE] Footprint completado: SOLUSDT | time=1769408160000 | trades=690 | delta=22778.3000 | poc=0
2026-01-26 01:17:00 - orderflow_service - INFO - [ORDERFLOW_SERVICE] Footprint completado: DOGEUSDT | time=1769408160000 | trades=177 | delta=171171.0000 | poc=0
2026-01-26 01:17:00 - orderflow_service - INFO - [ORDERFLOW_SERVICE] Footprint completado: SUIUSDT | time=1769408160000 | trades=142 | delta=12310.0000 | poc=14
2026-01-26 01:17:00 - orderflow_service - INFO - [ORDERFLOW_SERVICE] Footprint completado: BNBUSDT | time=1769408160000 | trades=37 | delta=-2.3000 | poc=0
2026-01-26 01:17:00 - orderflow_service - INFO - [ORDERFLOW_SERVICE] Footprint completado: GALAUSDT | time=1769408160000 | trades=41 | delta=208542.0000 | poc=0
2026-01-26 01:17:02 - orderflow_service - INFO - [ORDERFLOW_SERVICE] Footprint completado: PAXGUSDT | time=1769408160000 | trades=73 | delta=1.2280 | poc=1
2026-01-26 01:17:02 - orderflow_service - INFO - [ORDERFLOW_SERVICE] Footprint completado: TRXUSDT | time=1769408160000 | trades=15 | delta=8572.0000 | poc=0
2026-01-26 01:17:04 - orderflow_service - INFO - [ORDERFLOW_SERVICE] Footprint completado: POLUSDT | time=1769408160000 | trades=34 | delta=10539.0000 | poc=0
2026-01-26 01:17:11 - orderflow_service - INFO - [ORDERFLOW_SERVICE] Footprint completado: TRBUSDT | time=1769408160000 | trades=13 | delta=-3.0300 | poc=3
2026-01-26 01:18:00 - orderflow_service - INFO - [ORDERFLOW_SERVICE] Footprint completado: ADAUSDT | time=1769408220000 | trades=55 | delta=-528.0000 | poc=0
2026-01-26 01:18:00 - orderflow_service - INFO - [ORDERFLOW_SERVICE] Footprint completado: XRPUSDT | time=1769408220000 | trades=250 | delta=-278.7000 | poc=0
2026-01-26 01:18:00 - orderflow_service - INFO - [ORDERFLOW_SERVICE] Footprint completado: DOGEUSDT | time=1769408220000 | trades=92 | delta=68024.0000 | poc=0
2026-01-26 01:18:00 - orderflow_service - INFO - [ORDERFLOW_SERVICE] Footprint completado: PAXGUSDT | time=1769408220000 | trades=193 | delta=-7.6150 | poc=6
2026-01-26 01:18:00 - orderflow_service - INFO - [ORDERFLOW_SERVICE] Footprint completado: SOLUSDT | time=1769408220000 | trades=260 | delta=-32.1000 | poc=0
2026-01-26 01:18:01 - orderflow_service - INFO - [ORDERFLOW_SERVICE] Footprint completado: GALAUSDT | time=1769408220000 | trades=79 | delta=143487.0000 | poc=0
2026-01-26 01:18:01 - orderflow_service - INFO - [ORDERFLOW_SERVICE] Footprint completado: TRXUSDT | time=1769408220000 | trades=3 | delta=-88.0000 | poc=0
2026-01-26 01:18:01 - orderflow_service - INFO - [ORDERFLOW_SERVICE] Footprint completado: SUIUSDT | time=1769408220000 | trades=160 | delta=11290.0000 | poc=14
2026-01-26 01:18:02 - footprint_calculator - WARNING - Max levels reached for candle 87723.9-87821.6 with step 1.0
2026-01-26 01:18:02 - orderflow_service - INFO - [ORDERFLOW_SERVICE] Footprint completado: BTCUSDT | time=1769408220000 | trades=1208 | delta=4.6410 | poc=49
2026-01-26 01:18:02 - orderflow_service - INFO - [ORDERFLOW_SERVICE] Footprint completado: ETHUSDT | time=1769408220000 | trades=763 | delta=200.8600 | poc=1
2026-01-26 01:18:16 - orderflow_service - INFO - [ORDERFLOW_SERVICE] Footprint completado: BNBUSDT | time=1769408220000 | trades=45 | delta=-0.3600 | poc=1
2026-01-26 01:18:22 - orderflow_service - INFO - [ORDERFLOW_SERVICE] Footprint completado: TRBUSDT | time=1769408220000 | trades=7 | delta=0.3000 | poc=4
2026-01-26 01:19:00 - orderflow_service - INFO - [ORDERFLOW_SERVICE] Footprint completado: SOLUSDT | time=1769408280000 | trades=75 | delta=-174.1000 | poc=0
2026-01-26 01:19:00 - orderflow_service - INFO - [ORDERFLOW_SERVICE] Footprint completado: XRPUSDT | time=1769408280000 | trades=265 | delta=45406.7000 | poc=0
2026-01-26 01:19:00 - orderflow_service - INFO - [ORDERFLOW_SERVICE] Footprint completado: SUIUSDT | time=1769408280000 | trades=36 | delta=510.0000 | poc=2
2026-01-26 01:19:00 - orderflow_service - INFO - [ORDERFLOW_SERVICE] Footprint completado: DOGEUSDT | time=1769408280000 | trades=27 | delta=23672.0000 | poc=0
2026-01-26 01:19:00 - orderflow_service - INFO - [ORDERFLOW_SERVICE] Footprint completado: BTCUSDT | time=1769408280000 | trades=479 | delta=6.5440 | poc=0
2026-01-26 01:19:00 - orderflow_service - INFO - [ORDERFLOW_SERVICE] Footprint completado: ETHUSDT | time=1769408280000 | trades=246 | delta=-0.3600 | poc=0
2026-01-26 01:19:01 - orderflow_service - INFO - [ORDERFLOW_SERVICE] Footprint completado: TRXUSDT | time=1769408280000 | trades=2 | delta=-89.0000 | poc=0
2026-01-26 01:19:02 - orderflow_service - INFO - [ORDERFLOW_SERVICE] Footprint completado: GALAUSDT | time=1769408280000 | trades=8 | delta=11452.0000 | poc=0
2026-01-26 01:19:03 - orderflow_service - INFO - [ORDERFLOW_SERVICE] Footprint completado: PAXGUSDT | time=1769408280000 | trades=66 | delta=1.2510 | poc=1
2026-01-26 01:19:06 - orderflow_service - WARNING - [ORDERFLOW_SERVICE] Error enviando alerta: All connection attempts failed
2026-01-26 01:19:08 - orderflow_service - INFO - [ORDERFLOW_SERVICE] Footprint completado: TRBUSDT | time=1769408280000 | trades=3 | delta=1.7800 | poc=0
2026-01-26 01:19:16 - orderflow_service - INFO - [ORDERFLOW_SERVICE] Footprint completado: POLUSDT | time=1769408220000 | trades=23 | delta=-5392.0000 | poc=0
2026-01-26 01:19:16 - orderflow_service - INFO - [ORDERFLOW_SERVICE] Footprint completado: BNBUSDT | time=1769408280000 | trades=5 | delta=0.0800 | poc=0
2026-01-26 01:19:16 - orderflow_service - INFO - [ORDERFLOW_SERVICE] Footprint completado: ADAUSDT | time=1769408280000 | trades=18 | delta=-12815.0000 | poc=0
2026-01-26 01:20:00 - footprint_calculator - WARNING - Max levels reached for candle 87823.1-87874.8 with step 1.0
2026-01-26 01:20:00 - orderflow_service - INFO - [ORDERFLOW_SERVICE] Footprint completado: BTCUSDT | time=1769408340000 | trades=1154 | delta=5.5000 | poc=26
2026-01-26 01:20:00 - footprint_calculator - WARNING - Max levels reached for candle 87719.0-87874.8 with step 1.0
2026-01-26 01:20:00 - orderflow_service - INFO - [ORDERFLOW_SERVICE] Footprint completado: BTCUSDT | time=1769408100000 | trades=4599 | delta=24.9500 | poc=49
2026-01-26 01:20:00 - orderflow_service - INFO - [ORDERFLOW_SERVICE] Footprint completado: XRPUSDT | time=1769408340000 | trades=854 | delta=765828.7000 | poc=0
2026-01-26 01:20:00 - orderflow_service - INFO - [ORDERFLOW_SERVICE] Footprint completado: XRPUSDT | time=1769408100000 | trades=2852 | delta=-568295.7000 | poc=1
2026-01-26 01:20:00 - orderflow_service - INFO - [ORDERFLOW_SERVICE] Footprint completado: PAXGUSDT | time=1769408340000 | trades=28 | delta=-4.5620 | poc=2
2026-01-26 01:20:00 - orderflow_service - INFO - [ORDERFLOW_SERVICE] Footprint completado: PAXGUSDT | time=1769408100000 | trades=438 | delta=-9.6480 | poc=7
2026-01-26 01:20:01 - orderflow_service - INFO - [ORDERFLOW_SERVICE] Footprint completado: POLUSDT | time=1769408340000 | trades=24 | delta=8601.0000 | poc=0
2026-01-26 01:20:01 - orderflow_service - INFO - [ORDERFLOW_SERVICE] Footprint completado: POLUSDT | time=1769408100000 | trades=92 | delta=28199.0000 | poc=0
2026-01-26 01:20:01 - orderflow_service - INFO - [ORDERFLOW_SERVICE] Footprint completado: SOLUSDT | time=1769408340000 | trades=171 | delta=-273.6000 | poc=0
2026-01-26 01:20:01 - orderflow_service - INFO - [ORDERFLOW_SERVICE] Footprint completado: SOLUSDT | time=1769408100000 | trades=1487 | delta=20468.1000 | poc=0
2026-01-26 01:20:02 - orderflow_service - INFO - [ORDERFLOW_SERVICE] Footprint completado: ETHUSDT | time=1769408340000 | trades=386 | delta=-9.6200 | poc=1
2026-01-26 01:20:02 - orderflow_service - INFO - [ORDERFLOW_SERVICE] Footprint completado: ETHUSDT | time=1769408100000 | trades=3226 | delta=-473.7000 | poc=1
2026-01-26 01:20:02 - orderflow_service - INFO - [ORDERFLOW_SERVICE] Footprint completado: DOGEUSDT | time=1769408340000 | trades=206 | delta=494320.0000 | poc=0
2026-01-26 01:20:02 - orderflow_service - INFO - [ORDERFLOW_SERVICE] Footprint completado: DOGEUSDT | time=1769408100000 | trades=727 | delta=502513.0000 | poc=0
2026-01-26 01:20:02 - orderflow_service - INFO - [ORDERFLOW_SERVICE] Footprint completado: SUIUSDT | time=1769408340000 | trades=108 | delta=14600.0000 | poc=4
2026-01-26 01:20:02 - orderflow_service - INFO - [ORDERFLOW_SERVICE] Footprint completado: SUIUSDT | time=1769408100000 | trades=586 | delta=22880.0000 | poc=2
2026-01-26 01:20:02 - orderflow_service - INFO - [ORDERFLOW_SERVICE] Footprint completado: ADAUSDT | time=1769408340000 | trades=76 | delta=105012.0000 | poc=0
2026-01-26 01:20:02 - orderflow_service - INFO - [ORDERFLOW_SERVICE] Footprint completado: ADAUSDT | time=1769408100000 | trades=289 | delta=129999.0000 | poc=0
2026-01-26 01:20:02 - orderflow_service - INFO - [ORDERFLOW_SERVICE] Footprint completado: TRXUSDT | time=1769408340000 | trades=3 | delta=-124.0000 | poc=0
2026-01-26 01:20:02 - orderflow_service - INFO - [ORDERFLOW_SERVICE] Footprint completado: TRXUSDT | time=1769408100000 | trades=26 | delta=7173.0000 | poc=0
2026-01-26 01:20:07 - orderflow_service - INFO - [ORDERFLOW_SERVICE] Footprint completado: GALAUSDT | time=1769408340000 | trades=57 | delta=339270.0000 | poc=0
2026-01-26 01:20:07 - orderflow_service - INFO - [ORDERFLOW_SERVICE] Footprint completado: GALAUSDT | time=1769408100000 | trades=254 | delta=401928.0000 | poc=0
2026-01-26 01:20:19 - orderflow_service - INFO - [ORDERFLOW_SERVICE] Footprint completado: TRBUSDT | time=1769408340000 | trades=8 | delta=0.0200 | poc=3
2026-01-26 01:20:19 - orderflow_service - INFO - [ORDERFLOW_SERVICE] Footprint completado: TRBUSDT | time=1769408100000 | trades=41 | delta=-2.1900 | poc=12
2026-01-26 01:20:21 - orderflow_service - INFO - [ORDERFLOW_SERVICE] Footprint completado: BNBUSDT | time=1769408340000 | trades=24 | delta=4.7100 | poc=0
2026-01-26 01:20:21 - orderflow_service - INFO - [ORDERFLOW_SERVICE] Footprint completado: BNBUSDT | time=1769408100000 | trades=121 | delta=2.8200 | poc=1
2026-01-26 01:21:00 - orderflow_service - INFO - [ORDERFLOW_SERVICE] Footprint completado: POLUSDT | time=1769408400000 | trades=13 | delta=-1846.0000 | poc=0
2026-01-26 01:21:00 - orderflow_service - INFO - [ORDERFLOW_SERVICE] Footprint completado: XRPUSDT | time=1769408400000 | trades=103 | delta=17747.4000 | poc=0
2026-01-26 01:21:00 - orderflow_service - INFO - [ORDERFLOW_SERVICE] Footprint completado: SOLUSDT | time=1769408400000 | trades=73 | delta=-101.9000 | poc=0
2026-01-26 01:21:00 - orderflow_service - INFO - [ORDERFLOW_SERVICE] Footprint completado: BTCUSDT | time=1769408400000 | trades=791 | delta=6.8300 | poc=30
2026-01-26 01:21:01 - orderflow_service - INFO - [ORDERFLOW_SERVICE] Footprint completado: ETHUSDT | time=1769408400000 | trades=437 | delta=56.0300 | poc=1
2026-01-26 01:21:01 - orderflow_service - INFO - [ORDERFLOW_SERVICE] Footprint completado: PAXGUSDT | time=1769408400000 | trades=25 | delta=-0.4920 | poc=0
2026-01-26 01:21:02 - orderflow_service - INFO - [ORDERFLOW_SERVICE] Footprint completado: TRXUSDT | time=1769408400000 | trades=1 | delta=-47.0000 | poc=0
2026-01-26 01:21:02 - orderflow_service - INFO - [ORDERFLOW_SERVICE] Footprint completado: ADAUSDT | time=1769408400000 | trades=2 | delta=35.0000 | poc=0
2026-01-26 01:21:02 - orderflow_service - INFO - [ORDERFLOW_SERVICE] Footprint completado: SUIUSDT | time=1769408400000 | trades=40 | delta=7740.0000 | poc=1
2026-01-26 01:21:02 - orderflow_service - INFO - [ORDERFLOW_SERVICE] Footprint completado: DOGEUSDT | time=1769408400000 | trades=49 | delta=35385.0000 | poc=0
2026-01-26 01:21:02 - orderflow_service - INFO - [ORDERFLOW_SERVICE] Footprint completado: GALAUSDT | time=1769408400000 | trades=16 | delta=52517.0000 | poc=0
2026-01-26 01:21:05 - orderflow_service - INFO - [ORDERFLOW_SERVICE] Footprint completado: TRBUSDT | time=1769408400000 | trades=7 | delta=0.2200 | poc=3
2026-01-26 01:21:05 - orderflow_service - INFO - [ORDERFLOW_SERVICE] Footprint completado: BNBUSDT | time=1769408400000 | trades=14 | delta=0.3600 | poc=0
2026-01-26 01:22:00 - orderflow_service - INFO - [ORDERFLOW_SERVICE] Footprint completado: XRPUSDT | time=1769408460000 | trades=232 | delta=18708.4000 | poc=0
2026-01-26 01:22:00 - orderflow_service - INFO - [ORDERFLOW_SERVICE] Footprint completado: TRXUSDT | time=1769408460000 | trades=10 | delta=3419.0000 | poc=0
2026-01-26 01:22:00 - orderflow_service - INFO - [ORDERFLOW_SERVICE] Footprint completado: BTCUSDT | time=1769408460000 | trades=996 | delta=8.5730 | poc=23
2026-01-26 01:22:00 - orderflow_service - INFO - [ORDERFLOW_SERVICE] Footprint completado: SOLUSDT | time=1769408460000 | trades=123 | delta=-353.9000 | poc=0
2026-01-26 01:22:00 - orderflow_service - INFO - [ORDERFLOW_SERVICE] Footprint completado: PAXGUSDT | time=1769408460000 | trades=33 | delta=-3.0710 | poc=3
2026-01-26 01:22:01 - orderflow_service - INFO - [ORDERFLOW_SERVICE] Footprint completado: ETHUSDT | time=1769408460000 | trades=508 | delta=44.1100 | poc=1
2026-01-26 01:22:02 - orderflow_service - INFO - [ORDERFLOW_SERVICE] Footprint completado: DOGEUSDT | time=1769408460000 | trades=72 | delta=-71607.0000 | poc=0
2026-01-26 01:22:02 - orderflow_service - INFO - [ORDERFLOW_SERVICE] Footprint completado: SUIUSDT | time=1769408460000 | trades=81 | delta=-3970.0000 | poc=0
2026-01-26 01:22:04 - orderflow_service - INFO - [ORDERFLOW_SERVICE] Footprint completado: POLUSDT | time=1769408460000 | trades=24 | delta=-10237.0000 | poc=0
2026-01-26 01:22:04 - orderflow_service - INFO - [ORDERFLOW_SERVICE] Footprint completado: GALAUSDT | time=1769408460000 | trades=30 | delta=52693.0000 | poc=0
2026-01-26 01:22:05 - orderflow_service - INFO - [ORDERFLOW_SERVICE] Footprint completado: ADAUSDT | time=1769408460000 | trades=44 | delta=-28277.0000 | poc=0
2026-01-26 01:22:16 - orderflow_service - INFO - [ORDERFLOW_SERVICE] Footprint completado: BNBUSDT | time=1769408460000 | trades=40 | delta=-34.9700 | poc=0
2026-01-26 01:22:24 - orderflow_service - INFO - [ORDERFLOW_SERVICE] Footprint completado: TRBUSDT | time=1769408460000 | trades=8 | delta=2.2900 | poc=2
2026-01-26 01:23:00 - orderflow_service - INFO - [ORDERFLOW_SERVICE] Footprint completado: GALAUSDT | time=1769408520000 | trades=72 | delta=306695.0000 | poc=0
2026-01-26 01:23:00 - orderflow_service - INFO - [ORDERFLOW_SERVICE] Footprint completado: BTCUSDT | time=1769408520000 | trades=1471 | delta=39.9820 | poc=15
2026-01-26 01:23:00 - orderflow_service - INFO - [ORDERFLOW_SERVICE] Footprint completado: DOGEUSDT | time=1769408520000 | trades=76 | delta=-28889.0000 | poc=0
2026-01-26 01:23:00 - orderflow_service - INFO - [ORDERFLOW_SERVICE] Footprint completado: SOLUSDT | time=1769408520000 | trades=199 | delta=-133.9000 | poc=0
2026-01-26 01:23:00 - orderflow_service - INFO - [ORDERFLOW_SERVICE] Footprint completado: ETHUSDT | time=1769408520000 | trades=612 | delta=60.7500 | poc=0
2026-01-26 01:23:00 - orderflow_service - INFO - [ORDERFLOW_SERVICE] Footprint completado: XRPUSDT | time=1769408520000 | trades=241 | delta=7716.1000 | poc=0
2026-01-26 01:23:00 - orderflow_service - INFO - [ORDERFLOW_SERVICE] Footprint completado: SUIUSDT | time=1769408520000 | trades=86 | delta=1200.0000 | poc=5
2026-01-26 01:23:01 - orderflow_service - INFO - [ORDERFLOW_SERVICE] Footprint completado: TRXUSDT | time=1769408520000 | trades=31 | delta=8489.0000 | poc=0
2026-01-26 01:23:02 - orderflow_service - INFO - [ORDERFLOW_SERVICE] Footprint completado: ADAUSDT | time=1769408520000 | trades=41 | delta=-1413.0000 | poc=0
2026-01-26 01:23:02 - orderflow_service - INFO - [ORDERFLOW_SERVICE] Footprint completado: BNBUSDT | time=1769408520000 | trades=45 | delta=38.2200 | poc=0
2026-01-26 01:23:11 - orderflow_service - INFO - [ORDERFLOW_SERVICE] Footprint completado: POLUSDT | time=1769408520000 | trades=28 | delta=4487.0000 | poc=0
2026-01-26 01:23:14 - orderflow_service - INFO - [ORDERFLOW_SERVICE] Footprint completado: TRBUSDT | time=1769408520000 | trades=8 | delta=2.3000 | poc=2
2026-01-26 01:23:38 - orderflow_service - INFO - [ORDERFLOW_SERVICE] Footprint completado: PAXGUSDT | time=1769408520000 | trades=46 | delta=0.6700 | poc=0
2026-01-26 01:24:01 - orderflow_service - INFO - [ORDERFLOW_SERVICE] Footprint completado: BTCUSDT | time=1769408580000 | trades=585 | delta=-3.2100 | poc=19
2026-01-26 01:24:01 - orderflow_service - INFO - [ORDERFLOW_SERVICE] Footprint completado: DOGEUSDT | time=1769408580000 | trades=76 | delta=-8746.0000 | poc=0
2026-01-26 01:24:01 - orderflow_service - INFO - [ORDERFLOW_SERVICE] Footprint completado: XRPUSDT | time=1769408580000 | trades=140 | delta=24391.6000 | poc=0
2026-01-26 01:24:01 - orderflow_service - INFO - [ORDERFLOW_SERVICE] Footprint completado: SUIUSDT | time=1769408580000 | trades=75 | delta=5490.0000 | poc=2
2026-01-26 01:24:01 - orderflow_service - INFO - [ORDERFLOW_SERVICE] Footprint completado: ETHUSDT | time=1769408580000 | trades=705 | delta=225.2300 | poc=0
2026-01-26 01:24:01 - orderflow_service - INFO - [ORDERFLOW_SERVICE] Footprint completado: SOLUSDT | time=1769408580000 | trades=234 | delta=91.2000 | poc=0
2026-01-26 01:24:01 - orderflow_service - INFO - [ORDERFLOW_SERVICE] Footprint completado: GALAUSDT | time=1769408580000 | trades=34 | delta=44012.0000 | poc=0
2026-01-26 01:24:02 - orderflow_service - INFO - [ORDERFLOW_SERVICE] Footprint completado: ADAUSDT | time=1769408580000 | trades=33 | delta=-1122.0000 | poc=0
2026-01-26 01:24:02 - orderflow_service - INFO - [ORDERFLOW_SERVICE] Footprint completado: BNBUSDT | time=1769408580000 | trades=22 | delta=-3.9200 | poc=0
2026-01-26 01:24:02 - orderflow_service - INFO - [ORDERFLOW_SERVICE] Footprint completado: PAXGUSDT | time=1769408580000 | trades=36 | delta=1.3160 | poc=2
2026-01-26 01:24:20 - orderflow_service - INFO - [ORDERFLOW_SERVICE] Footprint completado: TRXUSDT | time=1769408580000 | trades=17 | delta=6811.0000 | poc=0
2026-01-26 01:24:26 - orderflow_service - INFO - [ORDERFLOW_SERVICE] Footprint completado: TRBUSDT | time=1769408580000 | trades=10 | delta=1.4600 | poc=3
2026-01-26 01:24:59 - orderflow_service - INFO - [ORDERFLOW_SERVICE] Footprint completado: POLUSDT | time=1769408580000 | trades=14 | delta=4640.0000 | poc=0
2026-01-26 01:25:00 - orderflow_service - INFO - [ORDERFLOW_SERVICE] Footprint completado: DOGEUSDT | time=1769408640000 | trades=83 | delta=25083.0000 | poc=0
2026-01-26 01:25:00 - orderflow_service - INFO - [ORDERFLOW_SERVICE] Footprint completado: DOGEUSDT | time=1769408400000 | trades=356 | delta=-48774.0000 | poc=0
2026-01-26 01:25:00 - orderflow_service - INFO - [ORDERFLOW_SERVICE] Footprint completado: ETHUSDT | time=1769408640000 | trades=717 | delta=162.3900 | poc=0
2026-01-26 01:25:00 - orderflow_service - INFO - [ORDERFLOW_SERVICE] Footprint completado: ETHUSDT | time=1769408400000 | trades=2979 | delta=548.5100 | poc=1
2026-01-26 01:25:00 - orderflow_service - INFO - [ORDERFLOW_SERVICE] Footprint completado: PAXGUSDT | time=1769408640000 | trades=30 | delta=-0.1110 | poc=0
2026-01-26 01:25:00 - orderflow_service - INFO - [ORDERFLOW_SERVICE] Footprint completado: PAXGUSDT | time=1769408400000 | trades=170 | delta=-1.6880 | poc=4
2026-01-26 01:25:01 - orderflow_service - INFO - [ORDERFLOW_SERVICE] Footprint completado: BNBUSDT | time=1769408640000 | trades=10 | delta=1.0800 | poc=0
2026-01-26 01:25:01 - orderflow_service - INFO - [ORDERFLOW_SERVICE] Footprint completado: BNBUSDT | time=1769408400000 | trades=131 | delta=0.7700 | poc=1
2026-01-26 01:25:01 - orderflow_service - INFO - [ORDERFLOW_SERVICE] Footprint completado: SOLUSDT | time=1769408640000 | trades=166 | delta=643.2000 | poc=0
2026-01-26 01:25:01 - orderflow_service - INFO - [ORDERFLOW_SERVICE] Footprint completado: SOLUSDT | time=1769408400000 | trades=795 | delta=144.7000 | poc=0
2026-01-26 01:25:01 - orderflow_service - INFO - [ORDERFLOW_SERVICE] Footprint completado: SUIUSDT | time=1769408640000 | trades=71 | delta=800.0000 | poc=0
2026-01-26 01:25:01 - orderflow_service - INFO - [ORDERFLOW_SERVICE] Footprint completado: SUIUSDT | time=1769408400000 | trades=353 | delta=11260.0000 | poc=11
2026-01-26 01:25:01 - orderflow_service - INFO - [ORDERFLOW_SERVICE] Footprint completado: BTCUSDT | time=1769408640000 | trades=856 | delta=-20.9260 | poc=13
2026-01-26 01:25:01 - footprint_calculator - WARNING - Max levels reached for candle 87853.0-87917.4 with step 1.0
2026-01-26 01:25:01 - orderflow_service - INFO - [ORDERFLOW_SERVICE] Footprint completado: BTCUSDT | time=1769408400000 | trades=4699 | delta=31.2490 | poc=49
2026-01-26 01:25:04 - orderflow_service - WARNING - [ORDERFLOW_SERVICE] Error enviando alerta: All connection attempts failed
2026-01-26 01:25:04 - orderflow_service - INFO - [ORDERFLOW_SERVICE] Footprint completado: XRPUSDT | time=1769408640000 | trades=124 | delta=-54562.7000 | poc=0
2026-01-26 01:25:04 - orderflow_service - INFO - [ORDERFLOW_SERVICE] Footprint completado: XRPUSDT | time=1769408400000 | trades=840 | delta=14000.8000 | poc=0
2026-01-26 01:25:04 - orderflow_service - INFO - [ORDERFLOW_SERVICE] Footprint completado: ADAUSDT | time=1769408640000 | trades=19 | delta=1397.0000 | poc=0
2026-01-26 01:25:04 - orderflow_service - INFO - [ORDERFLOW_SERVICE] Footprint completado: ADAUSDT | time=1769408400000 | trades=139 | delta=-29380.0000 | poc=0
2026-01-26 01:25:04 - orderflow_service - INFO - [ORDERFLOW_SERVICE] Footprint completado: GALAUSDT | time=1769408640000 | trades=29 | delta=-24486.0000 | poc=0
2026-01-26 01:25:04 - orderflow_service - INFO - [ORDERFLOW_SERVICE] Footprint completado: GALAUSDT | time=1769408400000 | trades=181 | delta=431431.0000 | poc=0
2026-01-26 01:25:04 - orderflow_service - INFO - [ORDERFLOW_SERVICE] Footprint completado: POLUSDT | time=1769408640000 | trades=11 | delta=-9968.0000 | poc=0
2026-01-26 01:25:04 - orderflow_service - INFO - [ORDERFLOW_SERVICE] Footprint completado: POLUSDT | time=1769408400000 | trades=90 | delta=-12924.0000 | poc=0
2026-01-26 01:25:04 - orderflow_service - INFO - [ORDERFLOW_SERVICE] Footprint completado: TRXUSDT | time=1769408640000 | trades=2 | delta=84.0000 | poc=0
2026-01-26 01:25:04 - orderflow_service - INFO - [ORDERFLOW_SERVICE] Footprint completado: TRXUSDT | time=1769408400000 | trades=61 | delta=18756.0000 | poc=0
2026-01-26 01:25:10 - orderflow_service - INFO - [ORDERFLOW_SERVICE] Footprint completado: TRBUSDT | time=1769408640000 | trades=7 | delta=0.1100 | poc=5
2026-01-26 01:25:10 - orderflow_service - INFO - [ORDERFLOW_SERVICE] Footprint completado: TRBUSDT | time=1769408400000 | trades=40 | delta=6.3800 | poc=10
2026-01-26 01:26:00 - orderflow_service - INFO - [ORDERFLOW_SERVICE] Footprint completado: GALAUSDT | time=1769408700000 | trades=79 | delta=1289848.0000 | poc=0
2026-01-26 01:26:00 - orderflow_service - INFO - [ORDERFLOW_SERVICE] Footprint completado: DOGEUSDT | time=1769408700000 | trades=111 | delta=186253.0000 | poc=0
2026-01-26 01:26:00 - orderflow_service - INFO - [ORDERFLOW_SERVICE] Footprint completado: SOLUSDT | time=1769408700000 | trades=342 | delta=5633.5000 | poc=0
2026-01-26 01:26:00 - orderflow_service - INFO - [ORDERFLOW_SERVICE] Footprint completado: XRPUSDT | time=1769408700000 | trades=278 | delta=150648.6000 | poc=0
2026-01-26 01:26:00 - orderflow_service - INFO - [ORDERFLOW_SERVICE] Footprint completado: SUIUSDT | time=1769408700000 | trades=109 | delta=4480.0000 | poc=4
2026-01-26 01:26:00 - orderflow_service - INFO - [ORDERFLOW_SERVICE] Footprint completado: ETHUSDT | time=1769408700000 | trades=1804 | delta=781.4800 | poc=2
2026-01-26 01:26:01 - orderflow_service - INFO - [ORDERFLOW_SERVICE] Footprint completado: POLUSDT | time=1769408700000 | trades=54 | delta=41812.0000 | poc=0
2026-01-26 01:26:02 - orderflow_service - INFO - [ORDERFLOW_SERVICE] Footprint completado: ADAUSDT | time=1769408700000 | trades=114 | delta=246175.0000 | poc=0
2026-01-26 01:26:02 - orderflow_service - INFO - [ORDERFLOW_SERVICE] Footprint completado: BTCUSDT | time=1769408700000 | trades=623 | delta=0.7320 | poc=20
2026-01-26 01:26:02 - orderflow_service - INFO - [ORDERFLOW_SERVICE] Footprint completado: BNBUSDT | time=1769408700000 | trades=61 | delta=4.1300 | poc=0
2026-01-26 01:26:02 - orderflow_service - INFO - [ORDERFLOW_SERVICE] Footprint completado: PAXGUSDT | time=1769408700000 | trades=125 | delta=2.2270 | poc=7
2026-01-26 01:26:02 - orderflow_service - INFO - [ORDERFLOW_SERVICE] Footprint completado: TRXUSDT | time=1769408700000 | trades=9 | delta=-496.0000 | poc=0
2026-01-26 01:26:05 - orderflow_service - INFO - [ORDERFLOW_SERVICE] Footprint completado: TRBUSDT | time=1769408700000 | trades=12 | delta=9.0200 | poc=7
2026-01-26 01:27:00 - orderflow_service - INFO - [ORDERFLOW_SERVICE] Footprint completado: DOGEUSDT | time=1769408760000 | trades=430 | delta=703217.0000 | poc=0
2026-01-26 01:27:00 - orderflow_service - INFO - [ORDERFLOW_SERVICE] Footprint completado: ETHUSDT | time=1769408760000 | trades=4456 | delta=1601.5100 | poc=2
2026-01-26 01:27:00 - orderflow_service - INFO - [ORDERFLOW_SERVICE] Footprint completado: SUIUSDT | time=1769408760000 | trades=371 | delta=69500.0000 | poc=18
2026-01-26 01:27:03 - orderflow_service - WARNING - [ORDERFLOW_SERVICE] Error enviando alerta: All connection attempts failed
2026-01-26 01:27:06 - orderflow_service - WARNING - [ORDERFLOW_SERVICE] Error enviando alerta: All connection attempts failed
2026-01-26 01:27:06 - orderflow_service - INFO - [ORDERFLOW_SERVICE] Footprint completado: SOLUSDT | time=1769408760000 | trades=553 | delta=-526.8000 | poc=1
2026-01-26 01:27:06 - orderflow_service - INFO - [ORDERFLOW_SERVICE] Footprint completado: XRPUSDT | time=1769408760000 | trades=494 | delta=24410.6000 | poc=1
2026-01-26 01:27:06 - orderflow_service - INFO - [ORDERFLOW_SERVICE] Footprint completado: PAXGUSDT | time=1769408760000 | trades=91 | delta=-4.9220 | poc=0
2026-01-26 01:27:08 - orderflow_service - WARNING - [ORDERFLOW_SERVICE] Error enviando alerta: All connection attempts failed
2026-01-26 01:27:08 - footprint_calculator - WARNING - Max levels reached for candle 87850.3-87960.3 with step 1.0
2026-01-26 01:27:08 - orderflow_service - INFO - [ORDERFLOW_SERVICE] Footprint completado: BTCUSDT | time=1769408760000 | trades=3140 | delta=36.2870 | poc=49
2026-01-26 01:27:11 - orderflow_service - WARNING - [ORDERFLOW_SERVICE] Error enviando alerta: All connection attempts failed
2026-01-26 01:27:11 - orderflow_service - INFO - [ORDERFLOW_SERVICE] Footprint completado: GALAUSDT | time=1769408760000 | trades=143 | delta=835916.0000 | poc=0
2026-01-26 01:27:11 - orderflow_service - INFO - [ORDERFLOW_SERVICE] Footprint completado: TRBUSDT | time=1769408760000 | trades=23 | delta=11.3800 | poc=7
2026-01-26 01:27:11 - orderflow_service - INFO - [ORDERFLOW_SERVICE] Footprint completado: ADAUSDT | time=1769408760000 | trades=175 | delta=78610.0000 | poc=0
2026-01-26 01:27:11 - orderflow_service - INFO - [ORDERFLOW_SERVICE] Footprint completado: TRXUSDT | time=1769408760000 | trades=43 | delta=4242.0000 | poc=1
2026-01-26 01:27:11 - orderflow_service - INFO - [ORDERFLOW_SERVICE] Footprint completado: BNBUSDT | time=1769408760000 | trades=104 | delta=17.7600 | poc=1
2026-01-26 01:27:11 - orderflow_service - INFO - [ORDERFLOW_SERVICE] Footprint completado: POLUSDT | time=1769408760000 | trades=83 | delta=39649.0000 | poc=0
2026-01-26 01:28:00 - orderflow_service - INFO - [ORDERFLOW_SERVICE] Footprint completado: SOLUSDT | time=1769408820000 | trades=282 | delta=1071.5000 | poc=0
2026-01-26 01:28:00 - orderflow_service - INFO - [ORDERFLOW_SERVICE] Footprint completado: GALAUSDT | time=1769408820000 | trades=105 | delta=886222.0000 | poc=0
2026-01-26 01:28:00 - orderflow_service - INFO - [ORDERFLOW_SERVICE] Footprint completado: DOGEUSDT | time=1769408820000 | trades=162 | delta=-7886.0000 | poc=0
2026-01-26 01:28:01 - footprint_calculator - WARNING - Max levels reached for candle 87857.0-87909.4 with step 1.0
2026-01-26 01:28:01 - orderflow_service - INFO - [ORDERFLOW_SERVICE] Footprint completado: BTCUSDT | time=1769408820000 | trades=981 | delta=0.5410 | poc=15
2026-01-26 01:28:01 - orderflow_service - INFO - [ORDERFLOW_SERVICE] Footprint completado: ETHUSDT | time=1769408820000 | trades=1744 | delta=-365.5700 | poc=0
2026-01-26 01:28:01 - orderflow_service - INFO - [ORDERFLOW_SERVICE] Footprint completado: POLUSDT | time=1769408820000 | trades=30 | delta=6421.0000 | poc=0
2026-01-26 01:28:01 - orderflow_service - INFO - [ORDERFLOW_SERVICE] Footprint completado: SUIUSDT | time=1769408820000 | trades=115 | delta=-930.0000 | poc=9
2026-01-26 01:28:01 - orderflow_service - INFO - [ORDERFLOW_SERVICE] Footprint completado: ADAUSDT | time=1769408820000 | trades=72 | delta=117960.0000 | poc=0
2026-01-26 01:28:02 - orderflow_service - INFO - [ORDERFLOW_SERVICE] Footprint completado: XRPUSDT | time=1769408820000 | trades=226 | delta=12909.0000 | poc=0
2026-01-26 01:28:02 - orderflow_service - INFO - [ORDERFLOW_SERVICE] Footprint completado: TRXUSDT | time=1769408820000 | trades=10 | delta=-2427.0000 | poc=0
2026-01-26 01:28:12 - orderflow_service - INFO - [ORDERFLOW_SERVICE] Footprint completado: BNBUSDT | time=1769408820000 | trades=32 | delta=2.3100 | poc=0
2026-01-26 01:28:26 - orderflow_service - INFO - [ORDERFLOW_SERVICE] Footprint completado: TRBUSDT | time=1769408820000 | trades=10 | delta=1.3400 | poc=4
2026-01-26 01:29:00 - orderflow_service - INFO - [ORDERFLOW_SERVICE] Footprint completado: ETHUSDT | time=1769408880000 | trades=1816 | delta=195.4700 | poc=1
2026-01-26 01:29:00 - orderflow_service - INFO - [ORDERFLOW_SERVICE] Footprint completado: XRPUSDT | time=1769408880000 | trades=254 | delta=132800.0000 | poc=1
2026-01-26 01:29:00 - orderflow_service - INFO - [ORDERFLOW_SERVICE] Footprint completado: GALAUSDT | time=1769408880000 | trades=264 | delta=4490218.0000 | poc=0
2026-01-26 01:29:00 - orderflow_service - INFO - [ORDERFLOW_SERVICE] Footprint completado: SOLUSDT | time=1769408880000 | trades=299 | delta=1775.2000 | poc=0
2026-01-26 01:29:01 - orderflow_service - INFO - [ORDERFLOW_SERVICE] Footprint completado: BTCUSDT | time=1769408880000 | trades=960 | delta=3.3410 | poc=12
2026-01-26 01:29:01 - orderflow_service - INFO - [ORDERFLOW_SERVICE] Footprint completado: DOGEUSDT | time=1769408880000 | trades=92 | delta=7816.0000 | poc=0
2026-01-26 01:29:01 - orderflow_service - INFO - [ORDERFLOW_SERVICE] Footprint completado: PAXGUSDT | time=1769408820000 | trades=46 | delta=0.1120 | poc=4
2026-01-26 01:29:02 - orderflow_service - INFO - [ORDERFLOW_SERVICE] Footprint completado: SUIUSDT | time=1769408880000 | trades=77 | delta=2000.0000 | poc=9
2026-01-26 01:29:02 - orderflow_service - INFO - [ORDERFLOW_SERVICE] Footprint completado: TRXUSDT | time=1769408880000 | trades=11 | delta=532.0000 | poc=0
2026-01-26 01:29:02 - orderflow_service - INFO - [ORDERFLOW_SERVICE] Footprint completado: ADAUSDT | time=1769408880000 | trades=28 | delta=-1108.0000 | poc=0
2026-01-26 01:29:06 - orderflow_service - INFO - [ORDERFLOW_SERVICE] Footprint completado: BNBUSDT | time=1769408880000 | trades=30 | delta=-2.3700 | poc=1
2026-01-26 01:29:06 - orderflow_service - INFO - [ORDERFLOW_SERVICE] Footprint completado: TRBUSDT | time=1769408880000 | trades=9 | delta=2.9400 | poc=6
2026-01-26 01:29:06 - orderflow_service - INFO - [ORDERFLOW_SERVICE] Footprint completado: POLUSDT | time=1769408880000 | trades=13 | delta=4972.0000 | poc=0
2026-01-26 01:30:00 - orderflow_service - INFO - [ORDERFLOW_SERVICE] Footprint completado: ETHUSDT | time=1769408940000 | trades=1019 | delta=-31.3100 | poc=1
2026-01-26 01:30:00 - orderflow_service - INFO - [ORDERFLOW_SERVICE] Footprint completado: ETHUSDT | time=1769408700000 | trades=10839 | delta=2181.5800 | poc=4
2026-01-26 01:30:00 - orderflow_service - INFO - [ORDERFLOW_SERVICE] Footprint completado: SOLUSDT | time=1769408940000 | trades=282 | delta=1355.0000 | poc=0
2026-01-26 01:30:00 - orderflow_service - INFO - [ORDERFLOW_SERVICE] Footprint completado: SOLUSDT | time=1769408700000 | trades=1758 | delta=9308.4000 | poc=0
2026-01-26 01:30:00 - orderflow_service - INFO - [ORDERFLOW_SERVICE] Footprint completado: DOGEUSDT | time=1769408940000 | trades=54 | delta=-68494.0000 | poc=0
2026-01-26 01:30:00 - orderflow_service - INFO - [ORDERFLOW_SERVICE] Footprint completado: DOGEUSDT | time=1769408700000 | trades=849 | delta=820906.0000 | poc=0
2026-01-26 01:30:00 - orderflow_service - INFO - [ORDERFLOW_SERVICE] Footprint completado: XRPUSDT | time=1769408940000 | trades=189 | delta=-55638.3000 | poc=0
2026-01-26 01:30:00 - orderflow_service - INFO - [ORDERFLOW_SERVICE] Footprint completado: XRPUSDT | time=1769408700000 | trades=1441 | delta=265129.9000 | poc=1
2026-01-26 01:30:01 - orderflow_service - INFO - [ORDERFLOW_SERVICE] Footprint completado: BTCUSDT | time=1769408940000 | trades=1099 | delta=-35.6320 | poc=15
2026-01-26 01:30:01 - footprint_calculator - WARNING - Max levels reached for candle 87849.2-87960.3 with step 1.0
2026-01-26 01:30:01 - orderflow_service - INFO - [ORDERFLOW_SERVICE] Footprint completado: BTCUSDT | time=1769408700000 | trades=6803 | delta=5.2690 | poc=49
2026-01-26 01:30:01 - orderflow_service - INFO - [ORDERFLOW_SERVICE] Footprint completado: GALAUSDT | time=1769408940000 | trades=175 | delta=-553491.0000 | poc=0
2026-01-26 01:30:01 - orderflow_service - INFO - [ORDERFLOW_SERVICE] Footprint completado: GALAUSDT | time=1769408700000 | trades=766 | delta=6948713.0000 | poc=0
2026-01-26 01:30:01 - orderflow_service - INFO - [ORDERFLOW_SERVICE] Footprint completado: PAXGUSDT | time=1769408940000 | trades=15 | delta=-0.3700 | poc=0
2026-01-26 01:30:01 - orderflow_service - INFO - [ORDERFLOW_SERVICE] Footprint completado: PAXGUSDT | time=1769408700000 | trades=277 | delta=-2.9530 | poc=4
2026-01-26 01:30:02 - orderflow_service - INFO - [ORDERFLOW_SERVICE] Footprint completado: POLUSDT | time=1769408940000 | trades=18 | delta=7178.0000 | poc=0
2026-01-26 01:30:02 - orderflow_service - INFO - [ORDERFLOW_SERVICE] Footprint completado: POLUSDT | time=1769408700000 | trades=198 | delta=100032.0000 | poc=0
2026-01-26 01:30:02 - orderflow_service - INFO - [ORDERFLOW_SERVICE] Footprint completado: TRXUSDT | time=1769408940000 | trades=3 | delta=1990.0000 | poc=0
2026-01-26 01:30:02 - orderflow_service - INFO - [ORDERFLOW_SERVICE] Footprint completado: TRXUSDT | time=1769408700000 | trades=76 | delta=3841.0000 | poc=1
2026-01-26 01:30:02 - orderflow_service - INFO - [ORDERFLOW_SERVICE] Footprint completado: SUIUSDT | time=1769408940000 | trades=33 | delta=-2480.0000 | poc=0
2026-01-26 01:30:02 - orderflow_service - INFO - [ORDERFLOW_SERVICE] Footprint completado: SUIUSDT | time=1769408700000 | trades=705 | delta=72570.0000 | poc=23
2026-01-26 01:30:04 - orderflow_service - INFO - [ORDERFLOW_SERVICE] Footprint completado: BNBUSDT | time=1769408940000 | trades=7 | delta=-0.3800 | poc=0
2026-01-26 01:30:04 - orderflow_service - INFO - [ORDERFLOW_SERVICE] Footprint completado: BNBUSDT | time=1769408700000 | trades=234 | delta=21.4500 | poc=1
2026-01-26 01:30:04 - orderflow_service - INFO - [ORDERFLOW_SERVICE] Footprint completado: TRBUSDT | time=1769408940000 | trades=8 | delta=-3.5300 | poc=4
2026-01-26 01:30:04 - orderflow_service - INFO - [ORDERFLOW_SERVICE] Footprint completado: TRBUSDT | time=1769408700000 | trades=62 | delta=21.1500 | poc=25
2026-01-26 01:30:05 - orderflow_service - INFO - [ORDERFLOW_SERVICE] Footprint completado: ADAUSDT | time=1769408940000 | trades=18 | delta=-11396.0000 | poc=0
2026-01-26 01:30:05 - orderflow_service - INFO - [ORDERFLOW_SERVICE] Footprint completado: ADAUSDT | time=1769408700000 | trades=407 | delta=430241.0000 | poc=0
2026-01-26 01:31:00 - orderflow_service - INFO - [ORDERFLOW_SERVICE] Footprint completado: XRPUSDT | time=1769409000000 | trades=142 | delta=22815.6000 | poc=0
2026-01-26 01:31:00 - orderflow_service - INFO - [ORDERFLOW_SERVICE] Footprint completado: DOGEUSDT | time=1769409000000 | trades=123 | delta=-62187.0000 | poc=0
2026-01-26 01:31:00 - orderflow_service - INFO - [ORDERFLOW_SERVICE] Footprint completado: SOLUSDT | time=1769409000000 | trades=421 | delta=1670.9000 | poc=0
2026-01-26 01:31:00 - orderflow_service - INFO - [ORDERFLOW_SERVICE] Footprint completado: ETHUSDT | time=1769409000000 | trades=1118 | delta=207.9300 | poc=0
2026-01-26 01:31:00 - orderflow_service - INFO - [ORDERFLOW_SERVICE] Footprint completado: SUIUSDT | time=1769409000000 | trades=70 | delta=-530.0000 | poc=4
2026-01-26 01:31:00 - orderflow_service - INFO - [ORDERFLOW_SERVICE] Footprint completado: GALAUSDT | time=1769409000000 | trades=70 | delta=-785112.0000 | poc=0
2026-01-26 01:31:00 - footprint_calculator - WARNING - Max levels reached for candle 87901.1-87960.0 with step 1.0
2026-01-26 01:31:00 - orderflow_service - INFO - [ORDERFLOW_SERVICE] Footprint completado: BTCUSDT | time=1769409000000 | trades=1322 | delta=21.0130 | poc=49
2026-01-26 01:31:00 - orderflow_service - INFO - [ORDERFLOW_SERVICE] Footprint completado: TRXUSDT | time=1769409000000 | trades=27 | delta=47223.0000 | poc=0
2026-01-26 01:31:01 - orderflow_service - INFO - [ORDERFLOW_SERVICE] Footprint completado: PAXGUSDT | time=1769409000000 | trades=78 | delta=2.3250 | poc=0
2026-01-26 01:31:01 - orderflow_service - INFO - [ORDERFLOW_SERVICE] Footprint completado: ADAUSDT | time=1769409000000 | trades=62 | delta=18712.0000 | poc=0
2026-01-26 01:31:03 - orderflow_service - INFO - [ORDERFLOW_SERVICE] Footprint completado: TRBUSDT | time=1769409000000 | trades=2 | delta=0.0200 | poc=0
2026-01-26 01:31:04 - orderflow_service - INFO - [ORDERFLOW_SERVICE] Footprint completado: POLUSDT | time=1769409000000 | trades=45 | delta=-11060.0000 | poc=0
2026-01-26 01:31:05 - orderflow_service - INFO - [ORDERFLOW_SERVICE] Footprint completado: BNBUSDT | time=1769409000000 | trades=25 | delta=0.2800 | poc=0
2026-01-26 01:32:00 - orderflow_service - INFO - [ORDERFLOW_SERVICE] Footprint completado: ETHUSDT | time=1769409060000 | trades=1481 | delta=-281.1200 | poc=1
2026-01-26 01:32:00 - orderflow_service - INFO - [ORDERFLOW_SERVICE] Footprint completado: TRXUSDT | time=1769409060000 | trades=19 | delta=826.0000 | poc=0
2026-01-26 01:32:00 - orderflow_service - INFO - [ORDERFLOW_SERVICE] Footprint completado: DOGEUSDT | time=1769409060000 | trades=121 | delta=-27633.0000 | poc=0
2026-01-26 01:32:00 - orderflow_service - INFO - [ORDERFLOW_SERVICE] Footprint completado: PAXGUSDT | time=1769409060000 | trades=27 | delta=0.1070 | poc=0
2026-01-26 01:32:00 - orderflow_service - INFO - [ORDERFLOW_SERVICE] Footprint completado: BTCUSDT | time=1769409060000 | trades=1127 | delta=14.4940 | poc=8
2026-01-26 01:32:01 - orderflow_service - INFO - [ORDERFLOW_SERVICE] Footprint completado: SOLUSDT | time=1769409060000 | trades=258 | delta=1131.1000 | poc=0
2026-01-26 01:32:01 - orderflow_service - INFO - [ORDERFLOW_SERVICE] Footprint completado: SUIUSDT | time=1769409060000 | trades=84 | delta=-1800.0000 | poc=0
2026-01-26 01:32:01 - orderflow_service - INFO - [ORDERFLOW_SERVICE] Footprint completado: GALAUSDT | time=1769409060000 | trades=94 | delta=-649243.0000 | poc=0
2026-01-26 01:32:01 - orderflow_service - INFO - [ORDERFLOW_SERVICE] Footprint completado: POLUSDT | time=1769409060000 | trades=52 | delta=-34329.0000 | poc=0
2026-01-26 01:32:01 - orderflow_service - INFO - [ORDERFLOW_SERVICE] Footprint completado: XRPUSDT | time=1769409060000 | trades=337 | delta=116174.7000 | poc=0
2026-01-26 01:32:01 - orderflow_service - INFO - [ORDERFLOW_SERVICE] Footprint completado: ADAUSDT | time=1769409060000 | trades=79 | delta=-5049.0000 | poc=0
2026-01-26 01:32:10 - orderflow_service - INFO - [ORDERFLOW_SERVICE] Footprint completado: BNBUSDT | time=1769409060000 | trades=16 | delta=-3.2300 | poc=0
2026-01-26 01:32:10 - orderflow_service - INFO - [ORDERFLOW_SERVICE] Footprint completado: TRBUSDT | time=1769409060000 | trades=6 | delta=-0.3200 | poc=16
2026-01-26 01:33:00 - orderflow_service - INFO - [ORDERFLOW_SERVICE] Footprint completado: BTCUSDT | time=1769409120000 | trades=1025 | delta=4.8990 | poc=13
2026-01-26 01:33:00 - orderflow_service - INFO - [ORDERFLOW_SERVICE] Footprint completado: ADAUSDT | time=1769409120000 | trades=51 | delta=900.0000 | poc=0
2026-01-26 01:33:00 - orderflow_service - INFO - [ORDERFLOW_SERVICE] Footprint completado: GALAUSDT | time=1769409120000 | trades=126 | delta=-996224.0000 | poc=0
2026-01-26 01:33:00 - orderflow_service - INFO - [ORDERFLOW_SERVICE] Footprint completado: ETHUSDT | time=1769409120000 | trades=1077 | delta=342.5100 | poc=2
2026-01-26 01:33:01 - orderflow_service - INFO - [ORDERFLOW_SERVICE] Footprint completado: PAXGUSDT | time=1769409120000 | trades=49 | delta=-0.6570 | poc=3
2026-01-26 01:33:01 - orderflow_service - INFO - [ORDERFLOW_SERVICE] Footprint completado: BNBUSDT | time=1769409120000 | trades=27 | delta=5.0300 | poc=0
2026-01-26 01:33:01 - orderflow_service - INFO - [ORDERFLOW_SERVICE] Footprint completado: SOLUSDT | time=1769409120000 | trades=287 | delta=2642.9000 | poc=0
2026-01-26 01:33:02 - orderflow_service - INFO - [ORDERFLOW_SERVICE] Footprint completado: TRBUSDT | time=1769409120000 | trades=6 | delta=0.0000 | poc=3
2026-01-26 01:33:02 - orderflow_service - INFO - [ORDERFLOW_SERVICE] Footprint completado: SUIUSDT | time=1769409120000 | trades=58 | delta=1280.0000 | poc=9
2026-01-26 01:33:02 - orderflow_service - INFO - [ORDERFLOW_SERVICE] Footprint completado: XRPUSDT | time=1769409120000 | trades=179 | delta=-4589.1000 | poc=1
2026-01-26 01:33:05 - orderflow_service - INFO - [ORDERFLOW_SERVICE] Footprint completado: POLUSDT | time=1769409120000 | trades=84 | delta=-60032.0000 | poc=0
2026-01-26 01:33:09 - orderflow_service - INFO - [ORDERFLOW_SERVICE] Footprint completado: DOGEUSDT | time=1769409120000 | trades=102 | delta=-59330.0000 | poc=0
2026-01-26 01:34:00 - orderflow_service - INFO - [ORDERFLOW_SERVICE] Footprint completado: DOGEUSDT | time=1769409180000 | trades=162 | delta=-586022.0000 | poc=0
2026-01-26 01:34:00 - orderflow_service - INFO - [ORDERFLOW_SERVICE] Footprint completado: BTCUSDT | time=1769409180000 | trades=677 | delta=-1.8490 | poc=13
2026-01-26 01:34:00 - orderflow_service - INFO - [ORDERFLOW_SERVICE] Footprint completado: XRPUSDT | time=1769409180000 | trades=169 | delta=-1704.8000 | poc=1
2026-01-26 01:34:01 - orderflow_service - INFO - [ORDERFLOW_SERVICE] Footprint completado: SOLUSDT | time=1769409180000 | trades=275 | delta=281.8000 | poc=0
2026-01-26 01:34:01 - orderflow_service - INFO - [ORDERFLOW_SERVICE] Footprint completado: BNBUSDT | time=1769409180000 | trades=20 | delta=-1.9500 | poc=0
2026-01-26 01:34:01 - orderflow_service - INFO - [ORDERFLOW_SERVICE] Footprint completado: TRXUSDT | time=1769409120000 | trades=63 | delta=72050.0000 | poc=0
2026-01-26 01:34:01 - orderflow_service - INFO - [ORDERFLOW_SERVICE] Footprint completado: ETHUSDT | time=1769409180000 | trades=605 | delta=-392.5500 | poc=2
2026-01-26 01:34:01 - orderflow_service - INFO - [ORDERFLOW_SERVICE] Footprint completado: ADAUSDT | time=1769409180000 | trades=33 | delta=-12137.0000 | poc=0
2026-01-26 01:34:02 - orderflow_service - INFO - [ORDERFLOW_SERVICE] Footprint completado: PAXGUSDT | time=1769409180000 | trades=43 | delta=-1.5070 | poc=1
2026-01-26 01:34:03 - orderflow_service - INFO - [ORDERFLOW_SERVICE] Footprint completado: GALAUSDT | time=1769409180000 | trades=64 | delta=-1169729.0000 | poc=0
2026-01-26 01:34:04 - orderflow_service - INFO - [ORDERFLOW_SERVICE] Footprint completado: SUIUSDT | time=1769409180000 | trades=70 | delta=5050.0000 | poc=4
2026-01-26 01:34:08 - orderflow_service - INFO - [ORDERFLOW_SERVICE] Footprint completado: POLUSDT | time=1769409180000 | trades=30 | delta=-19.0000 | poc=0
2026-01-26 01:34:17 - orderflow_service - INFO - [ORDERFLOW_SERVICE] Footprint completado: TRBUSDT | time=1769409180000 | trades=6 | delta=0.3300 | poc=7
2026-01-26 01:35:00 - orderflow_service - INFO - [ORDERFLOW_SERVICE] Footprint completado: ADAUSDT | time=1769409240000 | trades=46 | delta=-7668.0000 | poc=0
2026-01-26 01:35:00 - orderflow_service - INFO - [ORDERFLOW_SERVICE] Footprint completado: ADAUSDT | time=1769409000000 | trades=271 | delta=-5242.0000 | poc=0
2026-01-26 01:35:00 - footprint_calculator - WARNING - Max levels reached for candle 87840.5-87924.8 with step 1.0
2026-01-26 01:35:00 - orderflow_service - INFO - [ORDERFLOW_SERVICE] Footprint completado: BTCUSDT | time=1769409240000 | trades=851 | delta=-5.3860 | poc=49
2026-01-26 01:35:00 - footprint_calculator - WARNING - Max levels reached for candle 87840.5-87960.0 with step 1.0
2026-01-26 01:35:00 - orderflow_service - INFO - [ORDERFLOW_SERVICE] Footprint completado: BTCUSDT | time=1769409000000 | trades=5002 | delta=33.1710 | poc=49
2026-01-26 01:35:00 - orderflow_service - INFO - [ORDERFLOW_SERVICE] Footprint completado: ETHUSDT | time=1769409240000 | trades=861 | delta=61.1400 | poc=1
2026-01-26 01:35:00 - orderflow_service - INFO - [ORDERFLOW_SERVICE] Footprint completado: ETHUSDT | time=1769409000000 | trades=5142 | delta=-62.0900 | poc=3
2026-01-26 01:35:00 - orderflow_service - INFO - [ORDERFLOW_SERVICE] Footprint completado: DOGEUSDT | time=1769409240000 | trades=101 | delta=-73283.0000 | poc=0
2026-01-26 01:35:00 - orderflow_service - INFO - [ORDERFLOW_SERVICE] Footprint completado: DOGEUSDT | time=1769409000000 | trades=609 | delta=-808455.0000 | poc=0
2026-01-26 01:35:00 - orderflow_service - INFO - [ORDERFLOW_SERVICE] Footprint completado: XRPUSDT | time=1769409240000 | trades=185 | delta=-19614.8000 | poc=0
2026-01-26 01:35:00 - orderflow_service - INFO - [ORDERFLOW_SERVICE] Footprint completado: XRPUSDT | time=1769409000000 | trades=1012 | delta=113081.6000 | poc=1
2026-01-26 01:35:01 - orderflow_service - INFO - [ORDERFLOW_SERVICE] Footprint completado: SOLUSDT | time=1769409240000 | trades=284 | delta=-175.6000 | poc=1
2026-01-26 01:35:01 - orderflow_service - INFO - [ORDERFLOW_SERVICE] Footprint completado: SOLUSDT | time=1769409000000 | trades=1525 | delta=5551.1000 | poc=1
2026-01-26 01:35:01 - orderflow_service - INFO - [ORDERFLOW_SERVICE] Footprint completado: SUIUSDT | time=1769409240000 | trades=52 | delta=-1350.0000 | poc=8
2026-01-26 01:35:01 - orderflow_service - INFO - [ORDERFLOW_SERVICE] Footprint completado: SUIUSDT | time=1769409000000 | trades=334 | delta=2650.0000 | poc=12
2026-01-26 01:35:01 - orderflow_service - INFO - [ORDERFLOW_SERVICE] Footprint completado: PAXGUSDT | time=1769409240000 | trades=41 | delta=0.9780 | poc=3
2026-01-26 01:35:01 - orderflow_service - INFO - [ORDERFLOW_SERVICE] Footprint completado: PAXGUSDT | time=1769409000000 | trades=238 | delta=1.2460 | poc=1
2026-01-26 01:35:04 - orderflow_service - WARNING - [ORDERFLOW_SERVICE] Error enviando alerta: All connection attempts failed
2026-01-26 01:35:04 - orderflow_service - INFO - [ORDERFLOW_SERVICE] Footprint completado: POLUSDT | time=1769409240000 | trades=28 | delta=-8387.0000 | poc=0
2026-01-26 01:35:04 - orderflow_service - INFO - [ORDERFLOW_SERVICE] Footprint completado: POLUSDT | time=1769409000000 | trades=239 | delta=-113827.0000 | poc=0
2026-01-26 01:35:04 - orderflow_service - INFO - [ORDERFLOW_SERVICE] Footprint completado: GALAUSDT | time=1769409240000 | trades=75 | delta=-553042.0000 | poc=0
2026-01-26 01:35:04 - orderflow_service - INFO - [ORDERFLOW_SERVICE] Footprint completado: GALAUSDT | time=1769409000000 | trades=429 | delta=-4153350.0000 | poc=0
2026-01-26 01:35:22 - orderflow_service - INFO - [ORDERFLOW_SERVICE] Footprint completado: TRBUSDT | time=1769409240000 | trades=6 | delta=-1.3600 | poc=2
2026-01-26 01:35:22 - orderflow_service - INFO - [ORDERFLOW_SERVICE] Footprint completado: TRBUSDT | time=1769409000000 | trades=26 | delta=-1.3300 | poc=21
2026-01-26 01:35:27 - orderflow_service - INFO - [ORDERFLOW_SERVICE] Footprint completado: BNBUSDT | time=1769409240000 | trades=40 | delta=-3.6700 | poc=0
2026-01-26 01:35:27 - orderflow_service - INFO - [ORDERFLOW_SERVICE] Footprint completado: BNBUSDT | time=1769409000000 | trades=128 | delta=-3.5400 | poc=1
2026-01-26 01:36:00 - orderflow_service - INFO - [ORDERFLOW_SERVICE] Footprint completado: SUIUSDT | time=1769409300000 | trades=82 | delta=-190.0000 | poc=3
2026-01-26 01:36:00 - orderflow_service - INFO - [ORDERFLOW_SERVICE] Footprint completado: SOLUSDT | time=1769409300000 | trades=269 | delta=2865.4000 | poc=0
2026-01-26 01:36:00 - orderflow_service - INFO - [ORDERFLOW_SERVICE] Footprint completado: BTCUSDT | time=1769409300000 | trades=760 | delta=1.6930 | poc=4
2026-01-26 01:36:00 - orderflow_service - INFO - [ORDERFLOW_SERVICE] Footprint completado: ADAUSDT | time=1769409300000 | trades=63 | delta=19447.0000 | poc=0
2026-01-26 01:36:00 - orderflow_service - INFO - [ORDERFLOW_SERVICE] Footprint completado: XRPUSDT | time=1769409300000 | trades=207 | delta=25077.3000 | poc=0
2026-01-26 01:36:01 - orderflow_service - INFO - [ORDERFLOW_SERVICE] Footprint completado: TRXUSDT | time=1769409240000 | trades=34 | delta=-5618.0000 | poc=0
2026-01-26 01:36:01 - orderflow_service - INFO - [ORDERFLOW_SERVICE] Footprint completado: TRXUSDT | time=1769409000000 | trades=143 | delta=114481.0000 | poc=0
2026-01-26 01:36:01 - orderflow_service - INFO - [ORDERFLOW_SERVICE] Footprint completado: ETHUSDT | time=1769409300000 | trades=1018 | delta=485.7500 | poc=0
2026-01-26 01:36:01 - orderflow_service - INFO - [ORDERFLOW_SERVICE] Footprint completado: DOGEUSDT | time=1769409300000 | trades=76 | delta=-186055.0000 | poc=0
2026-01-26 01:36:01 - orderflow_service - INFO - [ORDERFLOW_SERVICE] Footprint completado: POLUSDT | time=1769409300000 | trades=47 | delta=-11896.0000 | poc=0
2026-01-26 01:36:02 - orderflow_service - INFO - [ORDERFLOW_SERVICE] Footprint completado: PAXGUSDT | time=1769409300000 | trades=285 | delta=25.0760 | poc=1
2026-01-26 01:36:02 - orderflow_service - INFO - [ORDERFLOW_SERVICE] Footprint completado: GALAUSDT | time=1769409300000 | trades=67 | delta=-903903.0000 | poc=0
2026-01-26 01:36:06 - orderflow_service - INFO - [ORDERFLOW_SERVICE] Footprint completado: BNBUSDT | time=1769409300000 | trades=29 | delta=3.8500 | poc=0
2026-01-26 01:36:12 - orderflow_service - INFO - [ORDERFLOW_SERVICE] Footprint completado: TRBUSDT | time=1769409300000 | trades=6 | delta=0.8400 | poc=4
2026-01-26 01:37:00 - orderflow_service - INFO - [ORDERFLOW_SERVICE] Footprint completado: TRBUSDT | time=1769409360000 | trades=8 | delta=-4.3000 | poc=4
2026-01-26 01:37:00 - footprint_calculator - WARNING - Max levels reached for candle 87806.0-87887.0 with step 1.0
2026-01-26 01:37:00 - orderflow_service - INFO - [ORDERFLOW_SERVICE] Footprint completado: BTCUSDT | time=1769409360000 | trades=2086 | delta=-29.1330 | poc=49
2026-01-26 01:37:00 - orderflow_service - INFO - [ORDERFLOW_SERVICE] Footprint completado: SUIUSDT | time=1769409360000 | trades=164 | delta=-13180.0000 | poc=5
2026-01-26 01:37:00 - orderflow_service - INFO - [ORDERFLOW_SERVICE] Footprint completado: ETHUSDT | time=1769409360000 | trades=1379 | delta=-442.5600 | poc=1
2026-01-26 01:37:01 - orderflow_service - INFO - [ORDERFLOW_SERVICE] Footprint completado: SOLUSDT | time=1769409360000 | trades=344 | delta=-3069.4000 | poc=0
2026-01-26 01:37:01 - orderflow_service - INFO - [ORDERFLOW_SERVICE] Footprint completado: DOGEUSDT | time=1769409360000 | trades=253 | delta=-158379.0000 | poc=0
2026-01-26 01:37:02 - orderflow_service - INFO - [ORDERFLOW_SERVICE] Footprint completado: GALAUSDT | time=1769409360000 | trades=128 | delta=-70630.0000 | poc=0
2026-01-26 01:37:02 - orderflow_service - INFO - [ORDERFLOW_SERVICE] Footprint completado: POLUSDT | time=1769409360000 | trades=36 | delta=-21024.0000 | poc=0
2026-01-26 01:37:02 - orderflow_service - INFO - [ORDERFLOW_SERVICE] Footprint completado: BNBUSDT | time=1769409360000 | trades=28 | delta=3.3800 | poc=0
2026-01-26 01:37:02 - orderflow_service - INFO - [ORDERFLOW_SERVICE] Footprint completado: PAXGUSDT | time=1769409360000 | trades=54 | delta=2.5150 | poc=5
2026-01-26 01:37:02 - orderflow_service - INFO - [ORDERFLOW_SERVICE] Footprint completado: TRXUSDT | time=1769409360000 | trades=4 | delta=60.0000 | poc=0
2026-01-26 01:37:05 - orderflow_service - INFO - [ORDERFLOW_SERVICE] Footprint completado: XRPUSDT | time=1769409360000 | trades=253 | delta=-74700.9000 | poc=0
2026-01-26 01:37:17 - orderflow_service - INFO - [ORDERFLOW_SERVICE] Footprint completado: ADAUSDT | time=1769409360000 | trades=97 | delta=-18585.0000 | poc=0
2026-01-26 01:38:00 - orderflow_service - INFO - [ORDERFLOW_SERVICE] Footprint completado: BTCUSDT | time=1769409420000 | trades=885 | delta=-9.8000 | poc=15
2026-01-26 01:38:00 - orderflow_service - INFO - [ORDERFLOW_SERVICE] Footprint completado: ETHUSDT | time=1769409420000 | trades=1263 | delta=-192.4600 | poc=1
2026-01-26 01:38:01 - orderflow_service - INFO - [ORDERFLOW_SERVICE] Footprint completado: SOLUSDT | time=1769409420000 | trades=197 | delta=321.2000 | poc=0
2026-01-26 01:38:01 - orderflow_service - INFO - [ORDERFLOW_SERVICE] Footprint completado: DOGEUSDT | time=1769409420000 | trades=83 | delta=21163.0000 | poc=0
2026-01-26 01:38:01 - orderflow_service - INFO - [ORDERFLOW_SERVICE] Footprint completado: PAXGUSDT | time=1769409420000 | trades=65 | delta=-3.1790 | poc=2
2026-01-26 01:38:02 - orderflow_service - INFO - [ORDERFLOW_SERVICE] Footprint completado: SUIUSDT | time=1769409420000 | trades=185 | delta=-62520.0000 | poc=4
2026-01-26 01:38:02 - orderflow_service - INFO - [ORDERFLOW_SERVICE] Footprint completado: ADAUSDT | time=1769409420000 | trades=19 | delta=7684.0000 | poc=0
2026-01-26 01:38:02 - orderflow_service - INFO - [ORDERFLOW_SERVICE] Footprint completado: POLUSDT | time=1769409420000 | trades=24 | delta=13105.0000 | poc=0
2026-01-26 01:38:02 - orderflow_service - INFO - [ORDERFLOW_SERVICE] Footprint completado: BNBUSDT | time=1769409420000 | trades=13 | delta=-0.3900 | poc=0
2026-01-26 01:38:02 - orderflow_service - INFO - [ORDERFLOW_SERVICE] Footprint completado: XRPUSDT | time=1769409420000 | trades=90 | delta=5623.1000 | poc=0
2026-01-26 01:38:02 - orderflow_service - INFO - [ORDERFLOW_SERVICE] Footprint completado: GALAUSDT | time=1769409420000 | trades=82 | delta=95450.0000 | poc=0
2026-01-26 01:38:11 - orderflow_service - INFO - [ORDERFLOW_SERVICE] Footprint completado: TRBUSDT | time=1769409420000 | trades=8 | delta=1.4900 | poc=9
2026-01-26 01:39:00 - orderflow_service - INFO - [ORDERFLOW_SERVICE] Footprint completado: DOGEUSDT | time=1769409480000 | trades=60 | delta=77525.0000 | poc=0
2026-01-26 01:39:00 - orderflow_service - INFO - [ORDERFLOW_SERVICE] Footprint completado: BTCUSDT | time=1769409480000 | trades=176 | delta=-2.6030 | poc=7
2026-01-26 01:39:00 - orderflow_service - INFO - [ORDERFLOW_SERVICE] Footprint completado: ETHUSDT | time=1769409480000 | trades=547 | delta=36.8100 | poc=0
2026-01-26 01:39:00 - orderflow_service - INFO - [ORDERFLOW_SERVICE] Footprint completado: GALAUSDT | time=1769409480000 | trades=42 | delta=-203791.0000 | poc=0
2026-01-26 01:39:01 - orderflow_service - INFO - [ORDERFLOW_SERVICE] Footprint completado: PAXGUSDT | time=1769409480000 | trades=24 | delta=1.5200 | poc=0
2026-01-26 01:39:01 - orderflow_service - INFO - [ORDERFLOW_SERVICE] Footprint completado: ADAUSDT | time=1769409480000 | trades=53 | delta=48668.0000 | poc=0
2026-01-26 01:39:01 - orderflow_service - INFO - [ORDERFLOW_SERVICE] Footprint completado: POLUSDT | time=1769409480000 | trades=18 | delta=-136.0000 | poc=0
2026-01-26 01:39:02 - orderflow_service - INFO - [ORDERFLOW_SERVICE] Footprint completado: XRPUSDT | time=1769409480000 | trades=70 | delta=-16474.6000 | poc=0
2026-01-26 01:39:02 - orderflow_service - INFO - [ORDERFLOW_SERVICE] Footprint completado: SOLUSDT | time=1769409480000 | trades=65 | delta=-7.9000 | poc=0
2026-01-26 01:39:12 - orderflow_service - INFO - [ORDERFLOW_SERVICE] Footprint completado: BNBUSDT | time=1769409480000 | trades=16 | delta=-4.7900 | poc=0
2026-01-26 01:39:13 - orderflow_service - INFO - [ORDERFLOW_SERVICE] Footprint completado: SUIUSDT | time=1769409480000 | trades=69 | delta=-10290.0000 | poc=3
2026-01-26 01:39:21 - orderflow_service - INFO - [ORDERFLOW_SERVICE] Footprint completado: TRBUSDT | time=1769409480000 | trades=7 | delta=-2.7600 | poc=1
2026-01-26 01:40:00 - orderflow_service - INFO - [ORDERFLOW_SERVICE] Footprint completado: ETHUSDT | time=1769409540000 | trades=436 | delta=-67.4900 | poc=0
2026-01-26 01:40:00 - orderflow_service - INFO - [ORDERFLOW_SERVICE] Footprint completado: ETHUSDT | time=1769409300000 | trades=4643 | delta=-179.9500 | poc=0
2026-01-26 01:40:00 - orderflow_service - INFO - [ORDERFLOW_SERVICE] Footprint completado: DOGEUSDT | time=1769409540000 | trades=76 | delta=-176211.0000 | poc=0
2026-01-26 01:40:00 - orderflow_service - INFO - [ORDERFLOW_SERVICE] Footprint completado: DOGEUSDT | time=1769409300000 | trades=548 | delta=-421957.0000 | poc=0
2026-01-26 01:40:00 - orderflow_service - INFO - [ORDERFLOW_SERVICE] Footprint completado: SOLUSDT | time=1769409540000 | trades=128 | delta=-727.4000 | poc=0
2026-01-26 01:40:00 - orderflow_service - INFO - [ORDERFLOW_SERVICE] Footprint completado: SOLUSDT | time=1769409300000 | trades=1003 | delta=-618.1000 | poc=0
2026-01-26 01:40:00 - orderflow_service - INFO - [ORDERFLOW_SERVICE] Footprint completado: PAXGUSDT | time=1769409540000 | trades=28 | delta=0.2190 | poc=0
2026-01-26 01:40:00 - orderflow_service - INFO - [ORDERFLOW_SERVICE] Footprint completado: PAXGUSDT | time=1769409300000 | trades=456 | delta=26.1510 | poc=1
2026-01-26 01:40:01 - orderflow_service - INFO - [ORDERFLOW_SERVICE] Footprint completado: TRXUSDT | time=1769409420000 | trades=56 | delta=-74840.0000 | poc=1
2026-01-26 01:40:01 - orderflow_service - INFO - [ORDERFLOW_SERVICE] Footprint completado: TRXUSDT | time=1769409300000 | trades=60 | delta=-74780.0000 | poc=1
2026-01-26 01:40:01 - orderflow_service - INFO - [ORDERFLOW_SERVICE] Footprint completado: XRPUSDT | time=1769409540000 | trades=38 | delta=4192.8000 | poc=0
2026-01-26 01:40:01 - orderflow_service - INFO - [ORDERFLOW_SERVICE] Footprint completado: XRPUSDT | time=1769409300000 | trades=658 | delta=-56282.3000 | poc=0
2026-01-26 01:40:01 - orderflow_service - INFO - [ORDERFLOW_SERVICE] Footprint completado: BTCUSDT | time=1769409540000 | trades=268 | delta=-0.0110 | poc=0
2026-01-26 01:40:01 - footprint_calculator - WARNING - Max levels reached for candle 87806.0-87887.0 with step 1.0
2026-01-26 01:40:01 - orderflow_service - INFO - [ORDERFLOW_SERVICE] Footprint completado: BTCUSDT | time=1769409300000 | trades=4175 | delta=-39.8540 | poc=49
2026-01-26 01:40:02 - orderflow_service - INFO - [ORDERFLOW_SERVICE] Footprint completado: ADAUSDT | time=1769409540000 | trades=19 | delta=-4071.0000 | poc=0
2026-01-26 01:40:02 - orderflow_service - INFO - [ORDERFLOW_SERVICE] Footprint completado: ADAUSDT | time=1769409300000 | trades=251 | delta=53143.0000 | poc=0
2026-01-26 01:40:02 - orderflow_service - INFO - [ORDERFLOW_SERVICE] Footprint completado: SUIUSDT | time=1769409540000 | trades=34 | delta=-510.0000 | poc=1
2026-01-26 01:40:02 - orderflow_service - INFO - [ORDERFLOW_SERVICE] Footprint completado: SUIUSDT | time=1769409300000 | trades=534 | delta=-86690.0000 | poc=4
2026-01-26 01:40:02 - orderflow_service - INFO - [ORDERFLOW_SERVICE] Footprint completado: GALAUSDT | time=1769409540000 | trades=53 | delta=107121.0000 | poc=0
2026-01-26 01:40:02 - orderflow_service - INFO - [ORDERFLOW_SERVICE] Footprint completado: GALAUSDT | time=1769409300000 | trades=372 | delta=-975753.0000 | poc=0
2026-01-26 01:40:05 - orderflow_service - INFO - [ORDERFLOW_SERVICE] Footprint completado: BNBUSDT | time=1769409540000 | trades=15 | delta=-0.8500 | poc=0
2026-01-26 01:40:05 - orderflow_service - INFO - [ORDERFLOW_SERVICE] Footprint completado: BNBUSDT | time=1769409300000 | trades=101 | delta=1.2000 | poc=0
2026-01-26 01:40:30 - orderflow_service - INFO - [ORDERFLOW_SERVICE] Footprint completado: POLUSDT | time=1769409540000 | trades=12 | delta=-3447.0000 | poc=0
2026-01-26 01:40:30 - orderflow_service - INFO - [ORDERFLOW_SERVICE] Footprint completado: POLUSDT | time=1769409300000 | trades=137 | delta=-23398.0000 | poc=0
2026-01-26 01:40:40 - orderflow_service - INFO - [ORDERFLOW_SERVICE] Footprint completado: TRBUSDT | time=1769409540000 | trades=8 | delta=-6.3100 | poc=5
2026-01-26 01:40:40 - orderflow_service - INFO - [ORDERFLOW_SERVICE] Footprint completado: TRBUSDT | time=1769409300000 | trades=37 | delta=-11.0400 | poc=20
2026-01-26 01:41:00 - orderflow_service - INFO - [ORDERFLOW_SERVICE] Footprint completado: SUIUSDT | time=1769409600000 | trades=66 | delta=-4510.0000 | poc=3
2026-01-26 01:41:00 - orderflow_service - INFO - [ORDERFLOW_SERVICE] Footprint completado: ETHUSDT | time=1769409600000 | trades=1269 | delta=391.0900 | poc=1
2026-01-26 01:41:00 - orderflow_service - INFO - [ORDERFLOW_SERVICE] Footprint completado: PAXGUSDT | time=1769409600000 | trades=47 | delta=-1.1120 | poc=3
2026-01-26 01:41:00 - orderflow_service - INFO - [ORDERFLOW_SERVICE] Footprint completado: ADAUSDT | time=1769409600000 | trades=29 | delta=24380.0000 | poc=0
2026-01-26 01:41:00 - orderflow_service - INFO - [ORDERFLOW_SERVICE] Footprint completado: SOLUSDT | time=1769409600000 | trades=132 | delta=-291.9000 | poc=0
2026-01-26 01:41:01 - orderflow_service - INFO - [ORDERFLOW_SERVICE] Footprint completado: DOGEUSDT | time=1769409600000 | trades=157 | delta=-162331.0000 | poc=0
2026-01-26 01:41:01 - orderflow_service - INFO - [ORDERFLOW_SERVICE] Footprint completado: POLUSDT | time=1769409600000 | trades=8 | delta=5057.0000 | poc=0
2026-01-26 01:41:01 - orderflow_service - INFO - [ORDERFLOW_SERVICE] Footprint completado: XRPUSDT | time=1769409600000 | trades=92 | delta=4164.7000 | poc=0
2026-01-26 01:41:01 - orderflow_service - INFO - [ORDERFLOW_SERVICE] Footprint completado: BTCUSDT | time=1769409600000 | trades=186 | delta=1.0780 | poc=0
2026-01-26 01:41:04 - orderflow_service - INFO - [ORDERFLOW_SERVICE] Footprint completado: TRXUSDT | time=1769409600000 | trades=86 | delta=102740.0000 | poc=0
2026-01-26 01:41:06 - orderflow_service - INFO - [ORDERFLOW_SERVICE] Footprint completado: GALAUSDT | time=1769409600000 | trades=40 | delta=317590.0000 | poc=0
2026-01-26 01:41:32 - orderflow_service - INFO - [ORDERFLOW_SERVICE] Footprint completado: BNBUSDT | time=1769409600000 | trades=1 | delta=-0.0600 | poc=0
2026-01-26 01:41:34 - orderflow_service - INFO - [ORDERFLOW_SERVICE] Footprint completado: TRBUSDT | time=1769409600000 | trades=5 | delta=0.0000 | poc=0
2026-01-26 01:42:00 - orderflow_service - INFO - [ORDERFLOW_SERVICE] Footprint completado: ETHUSDT | time=1769409660000 | trades=1563 | delta=228.3200 | poc=1
2026-01-26 01:42:00 - orderflow_service - INFO - [ORDERFLOW_SERVICE] Footprint completado: BTCUSDT | time=1769409660000 | trades=567 | delta=2.7310 | poc=4
2026-01-26 01:42:00 - orderflow_service - INFO - [ORDERFLOW_SERVICE] Footprint completado: POLUSDT | time=1769409660000 | trades=91 | delta=140223.0000 | poc=0
2026-01-26 01:42:00 - orderflow_service - INFO - [ORDERFLOW_SERVICE] Footprint completado: XRPUSDT | time=1769409660000 | trades=142 | delta=8597.6000 | poc=0
2026-01-26 01:42:00 - orderflow_service - INFO - [ORDERFLOW_SERVICE] Footprint completado: DOGEUSDT | time=1769409660000 | trades=114 | delta=61495.0000 | poc=0
2026-01-26 01:42:01 - orderflow_service - INFO - [ORDERFLOW_SERVICE] Footprint completado: SOLUSDT | time=1769409660000 | trades=178 | delta=-61.9000 | poc=0
2026-01-26 01:42:01 - orderflow_service - INFO - [ORDERFLOW_SERVICE] Footprint completado: PAXGUSDT | time=1769409660000 | trades=34 | delta=-5.0060 | poc=2
2026-01-26 01:42:01 - orderflow_service - INFO - [ORDERFLOW_SERVICE] Footprint completado: GALAUSDT | time=1769409660000 | trades=107 | delta=770144.0000 | poc=0
2026-01-26 01:42:02 - orderflow_service - INFO - [ORDERFLOW_SERVICE] Footprint completado: ADAUSDT | time=1769409660000 | trades=48 | delta=-23598.0000 | poc=0
2026-01-26 01:42:03 - orderflow_service - INFO - [ORDERFLOW_SERVICE] Footprint completado: SUIUSDT | time=1769409660000 | trades=80 | delta=3170.0000 | poc=2
2026-01-26 01:42:31 - orderflow_service - INFO - [ORDERFLOW_SERVICE] Footprint completado: TRBUSDT | time=1769409660000 | trades=5 | delta=0.6000 | poc=1
2026-01-26 01:42:32 - orderflow_service - INFO - [ORDERFLOW_SERVICE] Footprint completado: BNBUSDT | time=1769409660000 | trades=9 | delta=2.2600 | poc=0
2026-01-26 01:42:35 - orderflow_service - INFO - [ORDERFLOW_SERVICE] Footprint completado: TRXUSDT | time=1769409660000 | trades=23 | delta=-17796.0000 | poc=0
2026-01-26 01:43:00 - orderflow_service - INFO - [ORDERFLOW_SERVICE] Footprint completado: BTCUSDT | time=1769409720000 | trades=577 | delta=3.5080 | poc=4
2026-01-26 01:43:03 - orderflow_service - WARNING - [ORDERFLOW_SERVICE] Error enviando alerta: All connection attempts failed
2026-01-26 01:43:03 - orderflow_service - INFO - [ORDERFLOW_SERVICE] Footprint completado: SUIUSDT | time=1769409720000 | trades=89 | delta=7260.0000 | poc=0
2026-01-26 01:43:03 - orderflow_service - INFO - [ORDERFLOW_SERVICE] Footprint completado: TRXUSDT | time=1769409720000 | trades=15 | delta=370.0000 | poc=0
2026-01-26 01:43:03 - orderflow_service - INFO - [ORDERFLOW_SERVICE] Footprint completado: SOLUSDT | time=1769409720000 | trades=127 | delta=70.8000 | poc=0
2026-01-26 01:43:03 - orderflow_service - INFO - [ORDERFLOW_SERVICE] Footprint completado: DOGEUSDT | time=1769409720000 | trades=188 | delta=218906.0000 | poc=0
2026-01-26 01:43:03 - orderflow_service - INFO - [ORDERFLOW_SERVICE] Footprint completado: BNBUSDT | time=1769409720000 | trades=6 | delta=0.1100 | poc=0
2026-01-26 01:43:03 - orderflow_service - INFO - [ORDERFLOW_SERVICE] Footprint completado: ETHUSDT | time=1769409720000 | trades=1017 | delta=275.5800 | poc=1
2026-01-26 01:43:03 - orderflow_service - INFO - [ORDERFLOW_SERVICE] Footprint completado: ADAUSDT | time=1769409720000 | trades=43 | delta=6923.0000 | poc=0
2026-01-26 01:43:03 - orderflow_service - INFO - [ORDERFLOW_SERVICE] Footprint completado: GALAUSDT | time=1769409720000 | trades=68 | delta=44391.0000 | poc=0
2026-01-26 01:43:03 - orderflow_service - INFO - [ORDERFLOW_SERVICE] Footprint completado: XRPUSDT | time=1769409720000 | trades=127 | delta=27170.9000 | poc=0
2026-01-26 01:43:03 - orderflow_service - INFO - [ORDERFLOW_SERVICE] Footprint completado: PAXGUSDT | time=1769409720000 | trades=85 | delta=1.0980 | poc=6
2026-01-26 01:43:09 - orderflow_service - INFO - [ORDERFLOW_SERVICE] Footprint completado: POLUSDT | time=1769409720000 | trades=17 | delta=1264.0000 | poc=0
2026-01-26 01:43:51 - orderflow_service - INFO - [ORDERFLOW_SERVICE] Footprint completado: TRBUSDT | time=1769409720000 | trades=7 | delta=3.3200 | poc=10
2026-01-26 01:44:00 - orderflow_service - INFO - [ORDERFLOW_SERVICE] Footprint completado: GALAUSDT | time=1769409780000 | trades=53 | delta=566988.0000 | poc=0
2026-01-26 01:44:00 - orderflow_service - INFO - [ORDERFLOW_SERVICE] Footprint completado: BTCUSDT | time=1769409780000 | trades=423 | delta=-0.0340 | poc=19
2026-01-26 01:44:01 - orderflow_service - INFO - [ORDERFLOW_SERVICE] Footprint completado: ETHUSDT | time=1769409780000 | trades=797 | delta=-109.0000 | poc=1
2026-01-26 01:44:01 - orderflow_service - INFO - [ORDERFLOW_SERVICE] Footprint completado: XRPUSDT | time=1769409780000 | trades=138 | delta=-3905.3000 | poc=0
2026-01-26 01:44:01 - orderflow_service - INFO - [ORDERFLOW_SERVICE] Footprint completado: DOGEUSDT | time=1769409780000 | trades=71 | delta=-96190.0000 | poc=0
2026-01-26 01:44:01 - orderflow_service - INFO - [ORDERFLOW_SERVICE] Footprint completado: PAXGUSDT | time=1769409780000 | trades=84 | delta=-3.8770 | poc=3
2026-01-26 01:44:02 - orderflow_service - INFO - [ORDERFLOW_SERVICE] Footprint completado: SOLUSDT | time=1769409780000 | trades=192 | delta=1570.2000 | poc=0
2026-01-26 01:44:04 - orderflow_service - INFO - [ORDERFLOW_SERVICE] Footprint completado: ADAUSDT | time=1769409780000 | trades=34 | delta=-1932.0000 | poc=0
2026-01-26 01:44:11 - orderflow_service - INFO - [ORDERFLOW_SERVICE] Footprint completado: SUIUSDT | time=1769409780000 | trades=61 | delta=-1390.0000 | poc=0
2026-01-26 01:44:14 - orderflow_service - WARNING - [ORDERFLOW_SERVICE] Error enviando alerta: All connection attempts failed
2026-01-26 01:44:15 - orderflow_service - INFO - [ORDERFLOW_SERVICE] Footprint completado: POLUSDT | time=1769409780000 | trades=17 | delta=-149.0000 | poc=0
2026-01-26 01:44:18 - orderflow_service - INFO - [ORDERFLOW_SERVICE] Footprint completado: BNBUSDT | time=1769409780000 | trades=12 | delta=4.6100 | poc=0
2026-01-26 01:44:34 - orderflow_service - INFO - [ORDERFLOW_SERVICE] Footprint completado: TRBUSDT | time=1769409780000 | trades=8 | delta=-4.8600 | poc=2
2026-01-26 01:44:49 - orderflow_service - INFO - [ORDERFLOW_SERVICE] Footprint completado: TRXUSDT | time=1769409780000 | trades=55 | delta=75485.0000 | poc=0
2026-01-26 01:45:00 - orderflow_service - INFO - [ORDERFLOW_SERVICE] Footprint completado: ETHUSDT | time=1769409840000 | trades=416 | delta=1.9900 | poc=1
2026-01-26 01:45:00 - orderflow_service - INFO - [ORDERFLOW_SERVICE] Footprint completado: ETHUSDT | time=1769409600000 | trades=5062 | delta=787.9800 | poc=1
2026-01-26 01:45:00 - orderflow_service - INFO - [ORDERFLOW_SERVICE] Footprint completado: BTCUSDT | time=1769409840000 | trades=353 | delta=18.5470 | poc=18
2026-01-26 01:45:00 - footprint_calculator - WARNING - Max levels reached for candle 87841.0-87931.0 with step 1.0
2026-01-26 01:45:00 - orderflow_service - INFO - [ORDERFLOW_SERVICE] Footprint completado: BTCUSDT | time=1769409600000 | trades=2106 | delta=25.8300 | poc=49
2026-01-26 01:45:01 - orderflow_service - INFO - [ORDERFLOW_SERVICE] Footprint completado: PAXGUSDT | time=1769409840000 | trades=113 | delta=8.5550 | poc=5
2026-01-26 01:45:01 - orderflow_service - INFO - [ORDERFLOW_SERVICE] Footprint completado: PAXGUSDT | time=1769409600000 | trades=363 | delta=-0.3420 | poc=2
2026-01-26 01:45:01 - orderflow_service - INFO - [ORDERFLOW_SERVICE] Footprint completado: BNBUSDT | time=1769409840000 | trades=7 | delta=-0.4400 | poc=0
2026-01-26 01:45:01 - orderflow_service - INFO - [ORDERFLOW_SERVICE] Footprint completado: BNBUSDT | time=1769409600000 | trades=35 | delta=6.4800 | poc=1
2026-01-26 01:45:01 - orderflow_service - INFO - [ORDERFLOW_SERVICE] Footprint completado: SOLUSDT | time=1769409840000 | trades=222 | delta=-2473.4000 | poc=0
2026-01-26 01:45:01 - orderflow_service - INFO - [ORDERFLOW_SERVICE] Footprint completado: SOLUSDT | time=1769409600000 | trades=851 | delta=-1186.2000 | poc=0
2026-01-26 01:45:01 - orderflow_service - INFO - [ORDERFLOW_SERVICE] Footprint completado: TRXUSDT | time=1769409840000 | trades=1 | delta=200.0000 | poc=0
2026-01-26 01:45:01 - orderflow_service - INFO - [ORDERFLOW_SERVICE] Footprint completado: TRXUSDT | time=1769409600000 | trades=180 | delta=160999.0000 | poc=0
2026-01-26 01:45:01 - orderflow_service - INFO - [ORDERFLOW_SERVICE] Footprint completado: POLUSDT | time=1769409840000 | trades=7 | delta=321.0000 | poc=0
2026-01-26 01:45:01 - orderflow_service - INFO - [ORDERFLOW_SERVICE] Footprint completado: POLUSDT | time=1769409600000 | trades=140 | delta=146716.0000 | poc=0
2026-01-26 01:45:01 - orderflow_service - INFO - [ORDERFLOW_SERVICE] Footprint completado: XRPUSDT | time=1769409840000 | trades=74 | delta=14766.5000 | poc=0
2026-01-26 01:45:01 - orderflow_service - INFO - [ORDERFLOW_SERVICE] Footprint completado: XRPUSDT | time=1769409600000 | trades=573 | delta=50794.4000 | poc=0
2026-01-26 01:45:01 - orderflow_service - INFO - [ORDERFLOW_SERVICE] Footprint completado: GALAUSDT | time=1769409840000 | trades=112 | delta=-530920.0000 | poc=0
2026-01-26 01:45:01 - orderflow_service - INFO - [ORDERFLOW_SERVICE] Footprint completado: GALAUSDT | time=1769409600000 | trades=380 | delta=1168193.0000 | poc=0
2026-01-26 01:45:01 - orderflow_service - INFO - [ORDERFLOW_SERVICE] Footprint completado: SUIUSDT | time=1769409840000 | trades=86 | delta=-8750.0000 | poc=1
2026-01-26 01:45:01 - orderflow_service - INFO - [ORDERFLOW_SERVICE] Footprint completado: SUIUSDT | time=1769409600000 | trades=382 | delta=-4220.0000 | poc=22
2026-01-26 01:45:02 - orderflow_service - INFO - [ORDERFLOW_SERVICE] Footprint completado: ADAUSDT | time=1769409840000 | trades=48 | delta=50097.0000 | poc=0
2026-01-26 01:45:02 - orderflow_service - INFO - [ORDERFLOW_SERVICE] Footprint completado: ADAUSDT | time=1769409600000 | trades=202 | delta=55870.0000 | poc=0
2026-01-26 01:45:02 - orderflow_service - INFO - [ORDERFLOW_SERVICE] Footprint completado: DOGEUSDT | time=1769409840000 | trades=77 | delta=-164732.0000 | poc=0
2026-01-26 01:45:02 - orderflow_service - INFO - [ORDERFLOW_SERVICE] Footprint completado: DOGEUSDT | time=1769409600000 | trades=607 | delta=-142852.0000 | poc=0
2026-01-26 01:45:02 - orderflow_service - INFO - [ORDERFLOW_SERVICE] Footprint completado: TRBUSDT | time=1769409840000 | trades=6 | delta=0.1100 | poc=6
2026-01-26 01:45:02 - orderflow_service - INFO - [ORDERFLOW_SERVICE] Footprint completado: TRBUSDT | time=1769409600000 | trades=31 | delta=-0.8300 | poc=19
2026-01-26 01:46:00 - orderflow_service - INFO - [ORDERFLOW_SERVICE] Footprint completado: SOLUSDT | time=1769409900000 | trades=478 | delta=572.5000 | poc=1
2026-01-26 01:46:00 - orderflow_service - INFO - [ORDERFLOW_SERVICE] Footprint completado: POLUSDT | time=1769409900000 | trades=107 | delta=54556.0000 | poc=0
2026-01-26 01:46:00 - orderflow_service - INFO - [ORDERFLOW_SERVICE] Footprint completado: TRBUSDT | time=1769409900000 | trades=6 | delta=2.0300 | poc=3
2026-01-26 01:46:00 - footprint_calculator - WARNING - Max levels reached for candle 87900.2-87999.8 with step 1.0
2026-01-26 01:46:00 - orderflow_service - INFO - [ORDERFLOW_SERVICE] Footprint completado: BTCUSDT | time=1769409900000 | trades=3564 | delta=22.5830 | poc=49
2026-01-26 01:46:03 - orderflow_service - WARNING - [ORDERFLOW_SERVICE] Error enviando alerta: All connection attempts failed
2026-01-26 01:46:03 - orderflow_service - INFO - [ORDERFLOW_SERVICE] Footprint completado: ETHUSDT | time=1769409900000 | trades=3210 | delta=179.2600 | poc=2
2026-01-26 01:46:03 - orderflow_service - INFO - [ORDERFLOW_SERVICE] Footprint completado: DOGEUSDT | time=1769409900000 | trades=355 | delta=323626.0000 | poc=0
2026-01-26 01:46:03 - orderflow_service - INFO - [ORDERFLOW_SERVICE] Footprint completado: XRPUSDT | time=1769409900000 | trades=561 | delta=9851.1000 | poc=1
2026-01-26 01:46:03 - orderflow_service - INFO - [ORDERFLOW_SERVICE] Footprint completado: PAXGUSDT | time=1769409900000 | trades=213 | delta=0.8570 | poc=10
2026-01-26 01:46:03 - orderflow_service - INFO - [ORDERFLOW_SERVICE] Footprint completado: TRXUSDT | time=1769409900000 | trades=14 | delta=-1287.0000 | poc=0
2026-01-26 01:46:03 - orderflow_service - INFO - [ORDERFLOW_SERVICE] Footprint completado: ADAUSDT | time=1769409900000 | trades=108 | delta=74025.0000 | poc=0
2026-01-26 01:46:03 - orderflow_service - INFO - [ORDERFLOW_SERVICE] Footprint completado: SUIUSDT | time=1769409900000 | trades=533 | delta=-75610.0000 | poc=4
2026-01-26 01:46:03 - orderflow_service - INFO - [ORDERFLOW_SERVICE] Footprint completado: BNBUSDT | time=1769409900000 | trades=77 | delta=-8.1300 | poc=0
2026-01-26 01:46:05 - orderflow_service - INFO - [ORDERFLOW_SERVICE] Footprint completado: GALAUSDT | time=1769409900000 | trades=330 | delta=5904793.0000 | poc=0
2026-01-26 01:47:00 - orderflow_service - INFO - [ORDERFLOW_SERVICE] Footprint completado: GALAUSDT | time=1769409960000 | trades=588 | delta=3909934.0000 | poc=0
2026-01-26 01:47:00 - orderflow_service - INFO - [ORDERFLOW_SERVICE] Footprint completado: ETHUSDT | time=1769409960000 | trades=1656 | delta=-269.3700 | poc=0
2026-01-26 01:47:00 - orderflow_service - INFO - [ORDERFLOW_SERVICE] Footprint completado: XRPUSDT | time=1769409960000 | trades=502 | delta=-2544.5000 | poc=1
2026-01-26 01:47:00 - orderflow_service - INFO - [ORDERFLOW_SERVICE] Footprint completado: PAXGUSDT | time=1769409960000 | trades=234 | delta=9.8580 | poc=4
2026-01-26 01:47:01 - footprint_calculator - WARNING - Max levels reached for candle 87807.6-87902.9 with step 1.0
2026-01-26 01:47:01 - orderflow_service - INFO - [ORDERFLOW_SERVICE] Footprint completado: BTCUSDT | time=1769409960000 | trades=3043 | delta=-73.9040 | poc=49
2026-01-26 01:47:01 - orderflow_service - INFO - [ORDERFLOW_SERVICE] Footprint completado: DOGEUSDT | time=1769409960000 | trades=325 | delta=-105663.0000 | poc=0
2026-01-26 01:47:01 - orderflow_service - INFO - [ORDERFLOW_SERVICE] Footprint completado: SOLUSDT | time=1769409960000 | trades=541 | delta=-2568.3000 | poc=0
2026-01-26 01:47:02 - orderflow_service - INFO - [ORDERFLOW_SERVICE] Footprint completado: SUIUSDT | time=1769409960000 | trades=442 | delta=-30970.0000 | poc=18
2026-01-26 01:47:02 - orderflow_service - INFO - [ORDERFLOW_SERVICE] Footprint completado: TRBUSDT | time=1769409960000 | trades=23 | delta=13.6400 | poc=36
2026-01-26 01:47:02 - orderflow_service - INFO - [ORDERFLOW_SERVICE] Footprint completado: BNBUSDT | time=1769409960000 | trades=114 | delta=-42.5800 | poc=0
2026-01-26 01:47:05 - orderflow_service - INFO - [ORDERFLOW_SERVICE] Footprint completado: POLUSDT | time=1769409960000 | trades=141 | delta=-24049.0000 | poc=0
2026-01-26 01:47:05 - orderflow_service - INFO - [ORDERFLOW_SERVICE] Footprint completado: ADAUSDT | time=1769409960000 | trades=241 | delta=-77912.0000 | poc=0
2026-01-26 01:47:10 - orderflow_service - INFO - [ORDERFLOW_SERVICE] Footprint completado: TRXUSDT | time=1769409960000 | trades=2 | delta=-9.0000 | poc=0
2026-01-26 01:48:00 - orderflow_service - INFO - [ORDERFLOW_SERVICE] Footprint completado: POLUSDT | time=1769410020000 | trades=100 | delta=-21075.0000 | poc=0
2026-01-26 01:48:00 - orderflow_service - INFO - [ORDERFLOW_SERVICE] Footprint completado: BNBUSDT | time=1769410020000 | trades=17 | delta=0.6100 | poc=0
2026-01-26 01:48:00 - orderflow_service - INFO - [ORDERFLOW_SERVICE] Footprint completado: DOGEUSDT | time=1769410020000 | trades=210 | delta=95658.0000 | poc=0
2026-01-26 01:48:00 - orderflow_service - INFO - [ORDERFLOW_SERVICE] Footprint completado: ETHUSDT | time=1769410020000 | trades=1066 | delta=13.6100 | poc=1
2026-01-26 01:48:00 - footprint_calculator - WARNING - Max levels reached for candle 87840.7-87907.2 with step 1.0
2026-01-26 01:48:00 - orderflow_service - INFO - [ORDERFLOW_SERVICE] Footprint completado: BTCUSDT | time=1769410020000 | trades=794 | delta=10.2180 | poc=49
2026-01-26 01:48:00 - orderflow_service - INFO - [ORDERFLOW_SERVICE] Footprint completado: XRPUSDT | time=1769410020000 | trades=538 | delta=62858.7000 | poc=0
2026-01-26 01:48:00 - orderflow_service - INFO - [ORDERFLOW_SERVICE] Footprint completado: ADAUSDT | time=1769410020000 | trades=135 | delta=-86188.0000 | poc=0
2026-01-26 01:48:00 - orderflow_service - INFO - [ORDERFLOW_SERVICE] Footprint completado: SUIUSDT | time=1769410020000 | trades=215 | delta=-820.0000 | poc=20
2026-01-26 01:48:03 - orderflow_service - WARNING - [ORDERFLOW_SERVICE] Error enviando alerta: All connection attempts failed
2026-01-26 01:48:03 - orderflow_service - INFO - [ORDERFLOW_SERVICE] Footprint completado: SOLUSDT | time=1769410020000 | trades=205 | delta=304.9000 | poc=1
2026-01-26 01:48:03 - orderflow_service - INFO - [ORDERFLOW_SERVICE] Footprint completado: GALAUSDT | time=1769410020000 | trades=238 | delta=1741086.0000 | poc=0
2026-01-26 01:48:03 - footprint_calculator - WARNING - Max levels reached for candle 5120.3-5146.2 with step 0.51
2026-01-26 01:48:03 - orderflow_service - INFO - [ORDERFLOW_SERVICE] Footprint completado: PAXGUSDT | time=1769410020000 | trades=1845 | delta=89.1690 | poc=39
2026-01-26 01:48:06 - orderflow_service - WARNING - [ORDERFLOW_SERVICE] Error enviando alerta: All connection attempts failed
2026-01-26 01:48:06 - orderflow_service - INFO - [ORDERFLOW_SERVICE] Footprint completado: TRXUSDT | time=1769410020000 | trades=1 | delta=869.0000 | poc=0
2026-01-26 01:48:08 - orderflow_service - INFO - [ORDERFLOW_SERVICE] Footprint completado: TRBUSDT | time=1769410020000 | trades=7 | delta=-3.4200 | poc=3
2026-01-26 01:49:00 - orderflow_service - INFO - [ORDERFLOW_SERVICE] Footprint completado: SOLUSDT | time=1769410080000 | trades=158 | delta=344.3000 | poc=0
2026-01-26 01:49:00 - orderflow_service - INFO - [ORDERFLOW_SERVICE] Footprint completado: ETHUSDT | time=1769410080000 | trades=1282 | delta=-77.4400 | poc=0
2026-01-26 01:49:00 - orderflow_service - INFO - [ORDERFLOW_SERVICE] Footprint completado: SUIUSDT | time=1769410080000 | trades=149 | delta=25990.0000 | poc=4
2026-01-26 01:49:00 - orderflow_service - INFO - [ORDERFLOW_SERVICE] Footprint completado: PAXGUSDT | time=1769410080000 | trades=462 | delta=-35.8560 | poc=3
2026-01-26 01:49:00 - orderflow_service - INFO - [ORDERFLOW_SERVICE] Footprint completado: BTCUSDT | time=1769410080000 | trades=591 | delta=-1.4610 | poc=4
2026-01-26 01:49:01 - orderflow_service - INFO - [ORDERFLOW_SERVICE] Footprint completado: GALAUSDT | time=1769410080000 | trades=217 | delta=1278666.0000 | poc=0
2026-01-26 01:49:01 - orderflow_service - INFO - [ORDERFLOW_SERVICE] Footprint completado: TRXUSDT | time=1769410080000 | trades=10 | delta=-1828.0000 | poc=0
2026-01-26 01:49:01 - orderflow_service - INFO - [ORDERFLOW_SERVICE] Footprint completado: XRPUSDT | time=1769410080000 | trades=185 | delta=18585.5000 | poc=0
2026-01-26 01:49:01 - orderflow_service - INFO - [ORDERFLOW_SERVICE] Footprint completado: BNBUSDT | time=1769410080000 | trades=21 | delta=1.5600 | poc=0
2026-01-26 01:49:03 - orderflow_service - INFO - [ORDERFLOW_SERVICE] Footprint completado: DOGEUSDT | time=1769410080000 | trades=138 | delta=209984.0000 | poc=0
2026-01-26 01:49:08 - orderflow_service - INFO - [ORDERFLOW_SERVICE] Footprint completado: ADAUSDT | time=1769410080000 | trades=81 | delta=8401.0000 | poc=0
2026-01-26 01:49:12 - orderflow_service - INFO - [ORDERFLOW_SERVICE] Footprint completado: TRBUSDT | time=1769410080000 | trades=11 | delta=6.4300 | poc=2
2026-01-26 01:49:23 - orderflow_service - INFO - [ORDERFLOW_SERVICE] Footprint completado: POLUSDT | time=1769410080000 | trades=33 | delta=6226.0000 | poc=0
2026-01-26 01:50:00 - orderflow_service - INFO - [ORDERFLOW_SERVICE] Footprint completado: SUIUSDT | time=1769410140000 | trades=154 | delta=1790.0000 | poc=8
2026-01-26 01:50:00 - orderflow_service - INFO - [ORDERFLOW_SERVICE] Footprint completado: SUIUSDT | time=1769409900000 | trades=1493 | delta=-79620.0000 | poc=12
2026-01-26 01:50:00 - orderflow_service - INFO - [ORDERFLOW_SERVICE] Footprint completado: ETHUSDT | time=1769410140000 | trades=1129 | delta=230.1200 | poc=1
2026-01-26 01:50:00 - orderflow_service - INFO - [ORDERFLOW_SERVICE] Footprint completado: ETHUSDT | time=1769409900000 | trades=8343 | delta=76.1800 | poc=1
2026-01-26 01:50:00 - orderflow_service - INFO - [ORDERFLOW_SERVICE] Footprint completado: SOLUSDT | time=1769410140000 | trades=250 | delta=652.8000 | poc=0
2026-01-26 01:50:00 - orderflow_service - INFO - [ORDERFLOW_SERVICE] Footprint completado: SOLUSDT | time=1769409900000 | trades=1632 | delta=-693.8000 | poc=0
2026-01-26 01:50:00 - footprint_calculator - WARNING - Max levels reached for candle 87873.2-87947.5 with step 1.0
2026-01-26 01:50:00 - orderflow_service - INFO - [ORDERFLOW_SERVICE] Footprint completado: BTCUSDT | time=1769410140000 | trades=2388 | delta=25.7390 | poc=49
2026-01-26 01:50:00 - footprint_calculator - WARNING - Max levels reached for candle 87807.6-87999.8 with step 1.0
2026-01-26 01:50:00 - orderflow_service - INFO - [ORDERFLOW_SERVICE] Footprint completado: BTCUSDT | time=1769409900000 | trades=10380 | delta=-16.8250 | poc=49
2026-01-26 01:50:00 - orderflow_service - INFO - [ORDERFLOW_SERVICE] Footprint completado: DOGEUSDT | time=1769410140000 | trades=323 | delta=559918.0000 | poc=0
2026-01-26 01:50:00 - orderflow_service - INFO - [ORDERFLOW_SERVICE] Footprint completado: DOGEUSDT | time=1769409900000 | trades=1351 | delta=1083523.0000 | poc=0
2026-01-26 01:50:00 - orderflow_service - INFO - [ORDERFLOW_SERVICE] Footprint completado: GALAUSDT | time=1769410140000 | trades=266 | delta=2256229.0000 | poc=0
2026-01-26 01:50:00 - orderflow_service - INFO - [ORDERFLOW_SERVICE] Footprint completado: GALAUSDT | time=1769409900000 | trades=1639 | delta=15090708.0000 | poc=0
2026-01-26 01:50:01 - orderflow_service - INFO - [ORDERFLOW_SERVICE] Footprint completado: PAXGUSDT | time=1769410140000 | trades=296 | delta=-1.7450 | poc=2
2026-01-26 01:50:01 - footprint_calculator - WARNING - Max levels reached for candle 5114.5-5146.2 with step 0.51
2026-01-26 01:50:01 - orderflow_service - INFO - [ORDERFLOW_SERVICE] Footprint completado: PAXGUSDT | time=1769409900000 | trades=3050 | delta=62.2830 | poc=49
2026-01-26 01:50:01 - orderflow_service - INFO - [ORDERFLOW_SERVICE] Footprint completado: POLUSDT | time=1769410140000 | trades=67 | delta=27070.0000 | poc=0
2026-01-26 01:50:01 - orderflow_service - INFO - [ORDERFLOW_SERVICE] Footprint completado: POLUSDT | time=1769409900000 | trades=448 | delta=42728.0000 | poc=0
2026-01-26 01:50:01 - orderflow_service - INFO - [ORDERFLOW_SERVICE] Footprint completado: TRXUSDT | time=1769410140000 | trades=11 | delta=-4685.0000 | poc=0
2026-01-26 01:50:01 - orderflow_service - INFO - [ORDERFLOW_SERVICE] Footprint completado: TRXUSDT | time=1769409900000 | trades=38 | delta=-6940.0000 | poc=0
2026-01-26 01:50:01 - orderflow_service - INFO - [ORDERFLOW_SERVICE] Footprint completado: XRPUSDT | time=1769410140000 | trades=373 | delta=-44365.3000 | poc=0
2026-01-26 01:50:01 - orderflow_service - INFO - [ORDERFLOW_SERVICE] Footprint completado: XRPUSDT | time=1769409900000 | trades=2159 | delta=44385.5000 | poc=1
2026-01-26 01:50:01 - orderflow_service - INFO - [ORDERFLOW_SERVICE] Footprint completado: BNBUSDT | time=1769410140000 | trades=27 | delta=-1.5300 | poc=0
2026-01-26 01:50:01 - orderflow_service - INFO - [ORDERFLOW_SERVICE] Footprint completado: BNBUSDT | time=1769409900000 | trades=256 | delta=-50.0700 | poc=0
2026-01-26 01:50:02 - orderflow_service - INFO - [ORDERFLOW_SERVICE] Footprint completado: ADAUSDT | time=1769410140000 | trades=89 | delta=42725.0000 | poc=0
2026-01-26 01:50:02 - orderflow_service - INFO - [ORDERFLOW_SERVICE] Footprint completado: ADAUSDT | time=1769409900000 | trades=654 | delta=-38949.0000 | poc=0
2026-01-26 01:50:08 - orderflow_service - INFO - [ORDERFLOW_SERVICE] Footprint completado: TRBUSDT | time=1769410140000 | trades=11 | delta=0.1200 | poc=3
2026-01-26 01:50:08 - orderflow_service - INFO - [ORDERFLOW_SERVICE] Footprint completado: TRBUSDT | time=1769409900000 | trades=58 | delta=18.8000 | poc=41
2026-01-26 01:51:00 - orderflow_service - INFO - [ORDERFLOW_SERVICE] Footprint completado: XRPUSDT | time=1769410200000 | trades=369 | delta=38398.7000 | poc=0
2026-01-26 01:51:00 - orderflow_service - INFO - [ORDERFLOW_SERVICE] Footprint completado: PAXGUSDT | time=1769410200000 | trades=372 | delta=9.4810 | poc=2
2026-01-26 01:51:00 - orderflow_service - INFO - [ORDERFLOW_SERVICE] Footprint completado: ETHUSDT | time=1769410200000 | trades=1383 | delta=190.1200 | poc=1
2026-01-26 01:51:00 - footprint_calculator - WARNING - Max levels reached for candle 87938.1-87988.3 with step 1.0
2026-01-26 01:51:00 - orderflow_service - INFO - [ORDERFLOW_SERVICE] Footprint completado: BTCUSDT | time=1769410200000 | trades=1367 | delta=-3.8220 | poc=47
2026-01-26 01:51:00 - orderflow_service - INFO - [ORDERFLOW_SERVICE] Footprint completado: SOLUSDT | time=1769410200000 | trades=429 | delta=1138.4000 | poc=0
2026-01-26 01:51:00 - orderflow_service - INFO - [ORDERFLOW_SERVICE] Footprint completado: DOGEUSDT | time=1769410200000 | trades=316 | delta=474782.0000 | poc=0
2026-01-26 01:51:00 - orderflow_service - INFO - [ORDERFLOW_SERVICE] Footprint completado: SUIUSDT | time=1769410200000 | trades=128 | delta=11880.0000 | poc=14
2026-01-26 01:51:01 - orderflow_service - INFO - [ORDERFLOW_SERVICE] Footprint completado: BNBUSDT | time=1769410200000 | trades=51 | delta=2.5800 | poc=1
2026-01-26 01:51:01 - orderflow_service - INFO - [ORDERFLOW_SERVICE] Footprint completado: ADAUSDT | time=1769410200000 | trades=139 | delta=99797.0000 | poc=0
2026-01-26 01:51:02 - orderflow_service - INFO - [ORDERFLOW_SERVICE] Footprint completado: POLUSDT | time=1769410200000 | trades=78 | delta=37675.0000 | poc=0
2026-01-26 01:51:02 - orderflow_service - INFO - [ORDERFLOW_SERVICE] Footprint completado: TRBUSDT | time=1769410200000 | trades=12 | delta=-4.0800 | poc=2
2026-01-26 01:51:02 - orderflow_service - INFO - [ORDERFLOW_SERVICE] Footprint completado: TRXUSDT | time=1769410200000 | trades=8 | delta=-509.0000 | poc=0
2026-01-26 01:51:06 - orderflow_service - INFO - [ORDERFLOW_SERVICE] Footprint completado: GALAUSDT | time=1769410200000 | trades=228 | delta=3064828.0000 | poc=0
2026-01-26 01:52:00 - orderflow_service - INFO - [ORDERFLOW_SERVICE] Footprint completado: XRPUSDT | time=1769410260000 | trades=193 | delta=-20467.3000 | poc=0
2026-01-26 01:52:00 - orderflow_service - INFO - [ORDERFLOW_SERVICE] Footprint completado: ADAUSDT | time=1769410260000 | trades=85 | delta=9049.0000 | poc=0
2026-01-26 01:52:00 - orderflow_service - INFO - [ORDERFLOW_SERVICE] Footprint completado: ETHUSDT | time=1769410260000 | trades=612 | delta=-35.4200 | poc=0
2026-01-26 01:52:00 - orderflow_service - INFO - [ORDERFLOW_SERVICE] Footprint completado: GALAUSDT | time=1769410260000 | trades=107 | delta=-502350.0000 | poc=0
2026-01-26 01:52:00 - orderflow_service - INFO - [ORDERFLOW_SERVICE] Footprint completado: PAXGUSDT | time=1769410260000 | trades=239 | delta=-3.6150 | poc=4
2026-01-26 01:52:01 - orderflow_service - INFO - [ORDERFLOW_SERVICE] Footprint completado: SUIUSDT | time=1769410260000 | trades=81 | delta=100.0000 | poc=1
2026-01-26 01:52:01 - orderflow_service - INFO - [ORDERFLOW_SERVICE] Footprint completado: DOGEUSDT | time=1769410260000 | trades=161 | delta=18224.0000 | poc=0
2026-01-26 01:52:01 - orderflow_service - INFO - [ORDERFLOW_SERVICE] Footprint completado: POLUSDT | time=1769410260000 | trades=50 | delta=-3702.0000 | poc=0
2026-01-26 01:52:01 - orderflow_service - INFO - [ORDERFLOW_SERVICE] Footprint completado: SOLUSDT | time=1769410260000 | trades=248 | delta=1253.7000 | poc=0
2026-01-26 01:52:01 - orderflow_service - INFO - [ORDERFLOW_SERVICE] Footprint completado: BTCUSDT | time=1769410260000 | trades=1180 | delta=12.0160 | poc=19
2026-01-26 01:52:01 - orderflow_service - INFO - [ORDERFLOW_SERVICE] Footprint completado: BNBUSDT | time=1769410260000 | trades=6 | delta=-2.8200 | poc=0
2026-01-26 01:52:02 - orderflow_service - INFO - [ORDERFLOW_SERVICE] Footprint completado: TRXUSDT | time=1769410260000 | trades=13 | delta=-1534.0000 | poc=0
2026-01-26 01:52:20 - orderflow_service - INFO - [ORDERFLOW_SERVICE] Footprint completado: TRBUSDT | time=1769410260000 | trades=5 | delta=0.1800 | poc=1
2026-01-26 01:53:00 - orderflow_service - INFO - [ORDERFLOW_SERVICE] Footprint completado: BTCUSDT | time=1769410320000 | trades=490 | delta=0.5910 | poc=23
2026-01-26 01:53:00 - orderflow_service - INFO - [ORDERFLOW_SERVICE] Footprint completado: ADAUSDT | time=1769410320000 | trades=87 | delta=3714.0000 | poc=0
2026-01-26 01:53:00 - orderflow_service - INFO - [ORDERFLOW_SERVICE] Footprint completado: SOLUSDT | time=1769410320000 | trades=298 | delta=-492.8000 | poc=0
2026-01-26 01:53:00 - orderflow_service - INFO - [ORDERFLOW_SERVICE] Footprint completado: ETHUSDT | time=1769410320000 | trades=928 | delta=316.2200 | poc=1
2026-01-26 01:53:00 - orderflow_service - INFO - [ORDERFLOW_SERVICE] Footprint completado: POLUSDT | time=1769410320000 | trades=55 | delta=6878.0000 | poc=0
2026-01-26 01:53:00 - orderflow_service - INFO - [ORDERFLOW_SERVICE] Footprint completado: TRBUSDT | time=1769410320000 | trades=6 | delta=-0.2000 | poc=1
2026-01-26 01:53:00 - orderflow_service - INFO - [ORDERFLOW_SERVICE] Footprint completado: GALAUSDT | time=1769410320000 | trades=95 | delta=1665516.0000 | poc=0
2026-01-26 01:53:00 - orderflow_service - INFO - [ORDERFLOW_SERVICE] Footprint completado: SUIUSDT | time=1769410320000 | trades=100 | delta=-3050.0000 | poc=6
2026-01-26 01:53:00 - orderflow_service - INFO - [ORDERFLOW_SERVICE] Footprint completado: DOGEUSDT | time=1769410320000 | trades=210 | delta=468476.0000 | poc=0
2026-01-26 01:53:00 - orderflow_service - INFO - [ORDERFLOW_SERVICE] Footprint completado: XRPUSDT | time=1769410320000 | trades=300 | delta=25176.6000 | poc=0
2026-01-26 01:53:00 - orderflow_service - INFO - [ORDERFLOW_SERVICE] Footprint completado: BNBUSDT | time=1769410320000 | trades=49 | delta=1.0600 | poc=0
2026-01-26 01:53:00 - orderflow_service - INFO - [ORDERFLOW_SERVICE] Footprint completado: PAXGUSDT | time=1769410320000 | trades=116 | delta=0.7740 | poc=0
2026-01-26 01:53:01 - orderflow_service - INFO - [ORDERFLOW_SERVICE] Footprint completado: TRXUSDT | time=1769410320000 | trades=13 | delta=-332.0000 | poc=0
2026-01-26 01:54:00 - orderflow_service - INFO - [ORDERFLOW_SERVICE] Footprint completado: PAXGUSDT | time=1769410380000 | trades=224 | delta=-13.0530 | poc=2
2026-01-26 01:54:00 - orderflow_service - INFO - [ORDERFLOW_SERVICE] Footprint completado: POLUSDT | time=1769410380000 | trades=40 | delta=-26693.0000 | poc=0
2026-01-26 01:54:00 - orderflow_service - INFO - [ORDERFLOW_SERVICE] Footprint completado: SOLUSDT | time=1769410380000 | trades=263 | delta=-731.3000 | poc=0
2026-01-26 01:54:00 - orderflow_service - INFO - [ORDERFLOW_SERVICE] Footprint completado: DOGEUSDT | time=1769410380000 | trades=193 | delta=-275960.0000 | poc=0
2026-01-26 01:54:00 - orderflow_service - INFO - [ORDERFLOW_SERVICE] Footprint completado: BTCUSDT | time=1769410380000 | trades=639 | delta=-8.9610 | poc=16
2026-01-26 01:54:01 - orderflow_service - INFO - [ORDERFLOW_SERVICE] Footprint completado: ETHUSDT | time=1769410380000 | trades=1313 | delta=-516.1400 | poc=0
2026-01-26 01:54:03 - orderflow_service - WARNING - [ORDERFLOW_SERVICE] Error enviando alerta: All connection attempts failed
2026-01-26 01:54:03 - orderflow_service - INFO - [ORDERFLOW_SERVICE] Footprint completado: ADAUSDT | time=1769410380000 | trades=129 | delta=-181373.0000 | poc=0
2026-01-26 01:54:03 - orderflow_service - INFO - [ORDERFLOW_SERVICE] Footprint completado: TRXUSDT | time=1769410380000 | trades=38 | delta=-4503.0000 | poc=0
2026-01-26 01:54:03 - orderflow_service - INFO - [ORDERFLOW_SERVICE] Footprint completado: XRPUSDT | time=1769410380000 | trades=233 | delta=-16416.6000 | poc=0
2026-01-26 01:54:03 - orderflow_service - INFO - [ORDERFLOW_SERVICE] Footprint completado: SUIUSDT | time=1769410380000 | trades=221 | delta=-35120.0000 | poc=2
2026-01-26 01:54:03 - orderflow_service - INFO - [ORDERFLOW_SERVICE] Footprint completado: GALAUSDT | time=1769410380000 | trades=117 | delta=-217911.0000 | poc=0
2026-01-26 01:54:03 - orderflow_service - INFO - [ORDERFLOW_SERVICE] Footprint completado: BNBUSDT | time=1769410380000 | trades=57 | delta=-14.2500 | poc=0
2026-01-26 01:54:35 - orderflow_service - INFO - [ORDERFLOW_SERVICE] Footprint completado: TRBUSDT | time=1769410380000 | trades=12 | delta=-0.3900 | poc=3
2026-01-26 01:55:00 - orderflow_service - INFO - [ORDERFLOW_SERVICE] Footprint completado: ETHUSDT | time=1769410440000 | trades=878 | delta=-95.3700 | poc=0
2026-01-26 01:55:00 - orderflow_service - INFO - [ORDERFLOW_SERVICE] Footprint completado: ETHUSDT | time=1769410200000 | trades=5114 | delta=-140.5900 | poc=4
2026-01-26 01:55:00 - orderflow_service - INFO - [ORDERFLOW_SERVICE] Footprint completado: PAXGUSDT | time=1769410440000 | trades=100 | delta=-1.2800 | poc=1
2026-01-26 01:55:00 - orderflow_service - INFO - [ORDERFLOW_SERVICE] Footprint completado: PAXGUSDT | time=1769410200000 | trades=1051 | delta=-7.6930 | poc=11
2026-01-26 01:55:00 - orderflow_service - INFO - [ORDERFLOW_SERVICE] Footprint completado: GALAUSDT | time=1769410440000 | trades=167 | delta=-1275907.0000 | poc=0
2026-01-26 01:55:00 - orderflow_service - INFO - [ORDERFLOW_SERVICE] Footprint completado: GALAUSDT | time=1769410200000 | trades=714 | delta=2734176.0000 | poc=0
2026-01-26 01:55:00 - orderflow_service - INFO - [ORDERFLOW_SERVICE] Footprint completado: DOGEUSDT | time=1769410440000 | trades=165 | delta=-96596.0000 | poc=0
2026-01-26 01:55:00 - orderflow_service - INFO - [ORDERFLOW_SERVICE] Footprint completado: DOGEUSDT | time=1769410200000 | trades=1045 | delta=588926.0000 | poc=0
2026-01-26 01:55:00 - orderflow_service - INFO - [ORDERFLOW_SERVICE] Footprint completado: SOLUSDT | time=1769410440000 | trades=260 | delta=-102.3000 | poc=0
2026-01-26 01:55:00 - orderflow_service - INFO - [ORDERFLOW_SERVICE] Footprint completado: SOLUSDT | time=1769410200000 | trades=1498 | delta=1065.7000 | poc=1
2026-01-26 01:55:00 - orderflow_service - INFO - [ORDERFLOW_SERVICE] Footprint completado: ADAUSDT | time=1769410440000 | trades=138 | delta=-81259.0000 | poc=0
2026-01-26 01:55:00 - orderflow_service - INFO - [ORDERFLOW_SERVICE] Footprint completado: ADAUSDT | time=1769410200000 | trades=578 | delta=-150072.0000 | poc=0
2026-01-26 01:55:01 - orderflow_service - INFO - [ORDERFLOW_SERVICE] Footprint completado: SUIUSDT | time=1769410440000 | trades=128 | delta=-130.0000 | poc=8
2026-01-26 01:55:01 - orderflow_service - INFO - [ORDERFLOW_SERVICE] Footprint completado: SUIUSDT | time=1769410200000 | trades=658 | delta=-26320.0000 | poc=12
2026-01-26 01:55:01 - orderflow_service - INFO - [ORDERFLOW_SERVICE] Footprint completado: XRPUSDT | time=1769410440000 | trades=170 | delta=-7733.3000 | poc=0
2026-01-26 01:55:01 - orderflow_service - INFO - [ORDERFLOW_SERVICE] Footprint completado: XRPUSDT | time=1769410200000 | trades=1265 | delta=18958.1000 | poc=0
2026-01-26 01:55:01 - orderflow_service - INFO - [ORDERFLOW_SERVICE] Footprint completado: BTCUSDT | time=1769410440000 | trades=793 | delta=-0.5810 | poc=20
2026-01-26 01:55:01 - footprint_calculator - WARNING - Max levels reached for candle 87876.5-87995.3 with step 1.0
2026-01-26 01:55:01 - orderflow_service - INFO - [ORDERFLOW_SERVICE] Footprint completado: BTCUSDT | time=1769410200000 | trades=4469 | delta=-0.7570 | poc=49
2026-01-26 01:55:02 - orderflow_service - INFO - [ORDERFLOW_SERVICE] Footprint completado: TRXUSDT | time=1769410440000 | trades=5 | delta=356.0000 | poc=0
2026-01-26 01:55:02 - orderflow_service - INFO - [ORDERFLOW_SERVICE] Footprint completado: TRXUSDT | time=1769410200000 | trades=77 | delta=-6522.0000 | poc=0
2026-01-26 01:55:04 - orderflow_service - INFO - [ORDERFLOW_SERVICE] Footprint completado: POLUSDT | time=1769410440000 | trades=33 | delta=-873.0000 | poc=0
2026-01-26 01:55:04 - orderflow_service - INFO - [ORDERFLOW_SERVICE] Footprint completado: POLUSDT | time=1769410200000 | trades=256 | delta=13285.0000 | poc=0
2026-01-26 01:55:11 - orderflow_service - INFO - [ORDERFLOW_SERVICE] Footprint completado: TRBUSDT | time=1769410440000 | trades=9 | delta=2.5600 | poc=0
2026-01-26 01:55:11 - orderflow_service - INFO - [ORDERFLOW_SERVICE] Footprint completado: TRBUSDT | time=1769410200000 | trades=44 | delta=-1.9300 | poc=15
2026-01-26 01:55:12 - orderflow_service - INFO - [ORDERFLOW_SERVICE] Footprint completado: BNBUSDT | time=1769410440000 | trades=41 | delta=-7.7800 | poc=0
2026-01-26 01:55:12 - orderflow_service - INFO - [ORDERFLOW_SERVICE] Footprint completado: BNBUSDT | time=1769410200000 | trades=204 | delta=-21.2100 | poc=0
2026-01-26 01:56:00 - orderflow_service - INFO - [ORDERFLOW_SERVICE] Footprint completado: ADAUSDT | time=1769410500000 | trades=110 | delta=129431.0000 | poc=0
2026-01-26 01:56:00 - orderflow_service - INFO - [ORDERFLOW_SERVICE] Footprint completado: XRPUSDT | time=1769410500000 | trades=235 | delta=26469.3000 | poc=0
2026-01-26 01:56:00 - orderflow_service - INFO - [ORDERFLOW_SERVICE] Footprint completado: PAXGUSDT | time=1769410500000 | trades=267 | delta=-2.5370 | poc=5
2026-01-26 01:56:00 - orderflow_service - INFO - [ORDERFLOW_SERVICE] Footprint completado: SUIUSDT | time=1769410500000 | trades=120 | delta=-6150.0000 | poc=1
2026-01-26 01:56:00 - orderflow_service - INFO - [ORDERFLOW_SERVICE] Footprint completado: POLUSDT | time=1769410500000 | trades=20 | delta=-6747.0000 | poc=0
2026-01-26 01:56:01 - orderflow_service - INFO - [ORDERFLOW_SERVICE] Footprint completado: BTCUSDT | time=1769410500000 | trades=451 | delta=-1.9910 | poc=15
2026-01-26 01:56:01 - orderflow_service - INFO - [ORDERFLOW_SERVICE] Footprint completado: SOLUSDT | time=1769410500000 | trades=163 | delta=-1006.9000 | poc=0
2026-01-26 01:56:01 - orderflow_service - INFO - [ORDERFLOW_SERVICE] Footprint completado: ETHUSDT | time=1769410500000 | trades=689 | delta=92.5400 | poc=1
2026-01-26 01:56:01 - orderflow_service - INFO - [ORDERFLOW_SERVICE] Footprint completado: DOGEUSDT | time=1769410500000 | trades=125 | delta=-67769.0000 | poc=0
2026-01-26 01:56:01 - orderflow_service - INFO - [ORDERFLOW_SERVICE] Footprint completado: TRXUSDT | time=1769410500000 | trades=42 | delta=8267.0000 | poc=0
2026-01-26 01:56:02 - orderflow_service - INFO - [ORDERFLOW_SERVICE] Footprint completado: GALAUSDT | time=1769410500000 | trades=155 | delta=810593.0000 | poc=0
2026-01-26 01:56:04 - orderflow_service - INFO - [ORDERFLOW_SERVICE] Footprint completado: TRBUSDT | time=1769410500000 | trades=7 | delta=1.8000 | poc=0
2026-01-26 01:56:08 - orderflow_service - INFO - [ORDERFLOW_SERVICE] Footprint completado: BNBUSDT | time=1769410500000 | trades=14 | delta=-1.4400 | poc=0
2026-01-26 01:57:00 - orderflow_service - INFO - [ORDERFLOW_SERVICE] Footprint completado: ETHUSDT | time=1769410560000 | trades=815 | delta=101.9200 | poc=0
2026-01-26 01:57:00 - orderflow_service - INFO - [ORDERFLOW_SERVICE] Footprint completado: DOGEUSDT | time=1769410560000 | trades=109 | delta=-138467.0000 | poc=0
2026-01-26 01:57:00 - orderflow_service - INFO - [ORDERFLOW_SERVICE] Footprint completado: PAXGUSDT | time=1769410560000 | trades=423 | delta=-17.2200 | poc=12
2026-01-26 01:57:00 - orderflow_service - INFO - [ORDERFLOW_SERVICE] Footprint completado: TRBUSDT | time=1769410560000 | trades=11 | delta=3.6100 | poc=9
2026-01-26 01:57:01 - orderflow_service - INFO - [ORDERFLOW_SERVICE] Footprint completado: POLUSDT | time=1769410560000 | trades=28 | delta=3459.0000 | poc=0
2026-01-26 01:57:01 - orderflow_service - INFO - [ORDERFLOW_SERVICE] Footprint completado: GALAUSDT | time=1769410560000 | trades=121 | delta=587711.0000 | poc=0
2026-01-26 01:57:01 - orderflow_service - INFO - [ORDERFLOW_SERVICE] Footprint completado: SUIUSDT | time=1769410560000 | trades=107 | delta=16340.0000 | poc=6
2026-01-26 01:57:01 - orderflow_service - INFO - [ORDERFLOW_SERVICE] Footprint completado: XRPUSDT | time=1769410560000 | trades=268 | delta=-8593.5000 | poc=0
2026-01-26 01:57:01 - orderflow_service - INFO - [ORDERFLOW_SERVICE] Footprint completado: BTCUSDT | time=1769410560000 | trades=652 | delta=-11.5940 | poc=38
2026-01-26 01:57:01 - orderflow_service - INFO - [ORDERFLOW_SERVICE] Footprint completado: SOLUSDT | time=1769410560000 | trades=231 | delta=378.2000 | poc=0
2026-01-26 01:57:01 - orderflow_service - INFO - [ORDERFLOW_SERVICE] Footprint completado: ADAUSDT | time=1769410560000 | trades=66 | delta=-35709.0000 | poc=0
2026-01-26 01:57:02 - orderflow_service - INFO - [ORDERFLOW_SERVICE] Footprint completado: BNBUSDT | time=1769410560000 | trades=22 | delta=-8.0500 | poc=0
2026-01-26 01:57:09 - orderflow_service - INFO - [ORDERFLOW_SERVICE] Footprint completado: TRXUSDT | time=1769410560000 | trades=5 | delta=1447.0000 | poc=0
2026-01-26 01:58:00 - orderflow_service - INFO - [ORDERFLOW_SERVICE] Footprint completado: GALAUSDT | time=1769410620000 | trades=245 | delta=2988072.0000 | poc=0
2026-01-26 01:58:00 - orderflow_service - INFO - [ORDERFLOW_SERVICE] Footprint completado: PAXGUSDT | time=1769410620000 | trades=247 | delta=-3.3660 | poc=0
2026-01-26 01:58:00 - orderflow_service - INFO - [ORDERFLOW_SERVICE] Footprint completado: ETHUSDT | time=1769410620000 | trades=852 | delta=124.0800 | poc=1
2026-01-26 01:58:00 - orderflow_service - INFO - [ORDERFLOW_SERVICE] Footprint completado: SUIUSDT | time=1769410620000 | trades=91 | delta=3150.0000 | poc=1
2026-01-26 01:58:00 - orderflow_service - INFO - [ORDERFLOW_SERVICE] Footprint completado: TRXUSDT | time=1769410620000 | trades=4 | delta=2133.0000 | poc=0
2026-01-26 01:58:00 - orderflow_service - INFO - [ORDERFLOW_SERVICE] Footprint completado: SOLUSDT | time=1769410620000 | trades=118 | delta=-84.6000 | poc=0
2026-01-26 01:58:01 - orderflow_service - INFO - [ORDERFLOW_SERVICE] Footprint completado: ADAUSDT | time=1769410620000 | trades=53 | delta=16925.0000 | poc=0
2026-01-26 01:58:01 - orderflow_service - INFO - [ORDERFLOW_SERVICE] Footprint completado: DOGEUSDT | time=1769410620000 | trades=92 | delta=16936.0000 | poc=0
2026-01-26 01:58:01 - orderflow_service - INFO - [ORDERFLOW_SERVICE] Footprint completado: XRPUSDT | time=1769410620000 | trades=231 | delta=-39899.1000 | poc=0
2026-01-26 01:58:01 - orderflow_service - INFO - [ORDERFLOW_SERVICE] Footprint completado: POLUSDT | time=1769410620000 | trades=79 | delta=-4553.0000 | poc=0
2026-01-26 01:58:02 - orderflow_service - INFO - [ORDERFLOW_SERVICE] Footprint completado: TRBUSDT | time=1769410620000 | trades=8 | delta=-4.6500 | poc=10
2026-01-26 01:58:02 - orderflow_service - INFO - [ORDERFLOW_SERVICE] Footprint completado: BTCUSDT | time=1769410620000 | trades=327 | delta=1.5840 | poc=25
2026-01-26 01:58:07 - orderflow_service - INFO - [ORDERFLOW_SERVICE] Footprint completado: BNBUSDT | time=1769410620000 | trades=28 | delta=106.2600 | poc=1
2026-01-26 01:59:00 - orderflow_service - INFO - [ORDERFLOW_SERVICE] Footprint completado: SOLUSDT | time=1769410680000 | trades=125 | delta=-132.8000 | poc=0
2026-01-26 01:59:00 - orderflow_service - INFO - [ORDERFLOW_SERVICE] Footprint completado: PAXGUSDT | time=1769410680000 | trades=359 | delta=-4.3020 | poc=6
2026-01-26 01:59:00 - orderflow_service - INFO - [ORDERFLOW_SERVICE] Footprint completado: TRXUSDT | time=1769410680000 | trades=10 | delta=-2694.0000 | poc=0
2026-01-26 01:59:00 - orderflow_service - INFO - [ORDERFLOW_SERVICE] Footprint completado: GALAUSDT | time=1769410680000 | trades=106 | delta=621834.0000 | poc=0
2026-01-26 01:59:00 - orderflow_service - INFO - [ORDERFLOW_SERVICE] Footprint completado: DOGEUSDT | time=1769410680000 | trades=215 | delta=968015.0000 | poc=0
2026-01-26 01:59:01 - orderflow_service - INFO - [ORDERFLOW_SERVICE] Footprint completado: POLUSDT | time=1769410680000 | trades=205 | delta=50572.0000 | poc=0
2026-01-26 01:59:01 - orderflow_service - INFO - [ORDERFLOW_SERVICE] Footprint completado: ETHUSDT | time=1769410680000 | trades=497 | delta=51.3000 | poc=1
2026-01-26 01:59:01 - orderflow_service - INFO - [ORDERFLOW_SERVICE] Footprint completado: SUIUSDT | time=1769410680000 | trades=75 | delta=-570.0000 | poc=3
2026-01-26 01:59:02 - orderflow_service - INFO - [ORDERFLOW_SERVICE] Footprint completado: XRPUSDT | time=1769410680000 | trades=196 | delta=2743.9000 | poc=0
2026-01-26 01:59:02 - orderflow_service - INFO - [ORDERFLOW_SERVICE] Footprint completado: TRBUSDT | time=1769410680000 | trades=6 | delta=9.9000 | poc=9
2026-01-26 01:59:03 - orderflow_service - INFO - [ORDERFLOW_SERVICE] Footprint completado: BTCUSDT | time=1769410680000 | trades=288 | delta=1.1700 | poc=0
2026-01-26 01:59:05 - orderflow_service - INFO - [ORDERFLOW_SERVICE] Footprint completado: BNBUSDT | time=1769410680000 | trades=12 | delta=0.6800 | poc=0
2026-01-26 01:59:07 - orderflow_service - INFO - [ORDERFLOW_SERVICE] Footprint completado: ADAUSDT | time=1769410680000 | trades=72 | delta=13949.0000 | poc=0
2026-01-26 02:00:00 - orderflow_service - INFO - [ORDERFLOW_SERVICE] Footprint completado: BTCUSDT | time=1769410740000 | trades=298 | delta=-0.2730 | poc=14
2026-01-26 02:00:00 - footprint_calculator - WARNING - Max levels reached for candle 87863.1-87924.7 with step 1.0
2026-01-26 02:00:00 - orderflow_service - INFO - [ORDERFLOW_SERVICE] Footprint completado: BTCUSDT | time=1769410500000 | trades=2016 | delta=-11.1040 | poc=38
2026-01-26 02:00:00 - orderflow_service - INFO - [ORDERFLOW_SERVICE] Footprint completado: GALAUSDT | time=1769410740000 | trades=480 | delta=3620604.0000 | poc=0
2026-01-26 02:00:00 - orderflow_service - INFO - [ORDERFLOW_SERVICE] Footprint completado: GALAUSDT | time=1769410500000 | trades=1107 | delta=8628814.0000 | poc=0
2026-01-26 02:00:00 - orderflow_service - INFO - [ORDERFLOW_SERVICE] Footprint completado: XRPUSDT | time=1769410740000 | trades=438 | delta=-68361.2000 | poc=0
2026-01-26 02:00:00 - orderflow_service - INFO - [ORDERFLOW_SERVICE] Footprint completado: XRPUSDT | time=1769410500000 | trades=1368 | delta=-87640.6000 | poc=1
2026-01-26 02:00:00 - orderflow_service - INFO - [ORDERFLOW_SERVICE] Footprint completado: SOLUSDT | time=1769410740000 | trades=122 | delta=540.9000 | poc=0
2026-01-26 02:00:00 - orderflow_service - INFO - [ORDERFLOW_SERVICE] Footprint completado: SOLUSDT | time=1769410500000 | trades=759 | delta=-305.2000 | poc=0
2026-01-26 02:00:00 - orderflow_service - INFO - [ORDERFLOW_SERVICE] Footprint completado: TRXUSDT | time=1769410740000 | trades=25 | delta=4639.0000 | poc=0
2026-01-26 02:00:00 - orderflow_service - INFO - [ORDERFLOW_SERVICE] Footprint completado: TRXUSDT | time=1769410500000 | trades=86 | delta=13792.0000 | poc=0
2026-01-26 02:00:00 - orderflow_service - INFO - [ORDERFLOW_SERVICE] Footprint completado: PAXGUSDT | time=1769410740000 | trades=160 | delta=-1.1160 | poc=4
2026-01-26 02:00:00 - orderflow_service - INFO - [ORDERFLOW_SERVICE] Footprint completado: PAXGUSDT | time=1769410500000 | trades=1456 | delta=-28.5410 | poc=27
2026-01-26 02:00:01 - orderflow_service - INFO - [ORDERFLOW_SERVICE] Footprint completado: POLUSDT | time=1769410740000 | trades=113 | delta=63639.0000 | poc=0
2026-01-26 02:00:01 - orderflow_service - INFO - [ORDERFLOW_SERVICE] Footprint completado: POLUSDT | time=1769410500000 | trades=445 | delta=106370.0000 | poc=0
2026-01-26 02:00:01 - orderflow_service - INFO - [ORDERFLOW_SERVICE] Footprint completado: SUIUSDT | time=1769410740000 | trades=46 | delta=-4740.0000 | poc=2
2026-01-26 02:00:01 - orderflow_service - INFO - [ORDERFLOW_SERVICE] Footprint completado: SUIUSDT | time=1769410500000 | trades=439 | delta=8030.0000 | poc=6
2026-01-26 02:00:01 - orderflow_service - INFO - [ORDERFLOW_SERVICE] Footprint completado: DOGEUSDT | time=1769410740000 | trades=63 | delta=37309.0000 | poc=0
2026-01-26 02:00:01 - orderflow_service - INFO - [ORDERFLOW_SERVICE] Footprint completado: DOGEUSDT | time=1769410500000 | trades=604 | delta=816024.0000 | poc=0
2026-01-26 02:00:01 - orderflow_service - INFO - [ORDERFLOW_SERVICE] Footprint completado: ETHUSDT | time=1769410740000 | trades=321 | delta=-59.6600 | poc=1
2026-01-26 02:00:01 - orderflow_service - INFO - [ORDERFLOW_SERVICE] Footprint completado: ETHUSDT | time=1769410500000 | trades=3174 | delta=310.1800 | poc=3
2026-01-26 02:00:01 - orderflow_service - INFO - [ORDERFLOW_SERVICE] Footprint completado: TRBUSDT | time=1769410740000 | trades=12 | delta=5.7100 | poc=2
2026-01-26 02:00:01 - orderflow_service - INFO - [ORDERFLOW_SERVICE] Footprint completado: TRBUSDT | time=1769410500000 | trades=44 | delta=16.3700 | poc=28
2026-01-26 02:00:02 - orderflow_service - INFO - [ORDERFLOW_SERVICE] Footprint completado: ADAUSDT | time=1769410740000 | trades=34 | delta=208.0000 | poc=0
2026-01-26 02:00:02 - orderflow_service - INFO - [ORDERFLOW_SERVICE] Footprint completado: ADAUSDT | time=1769410500000 | trades=335 | delta=124804.0000 | poc=0
2026-01-26 02:00:07 - orderflow_service - INFO - [ORDERFLOW_SERVICE] Footprint completado: BNBUSDT | time=1769410740000 | trades=23 | delta=-4.0500 | poc=0
2026-01-26 02:00:07 - orderflow_service - INFO - [ORDERFLOW_SERVICE] Footprint completado: BNBUSDT | time=1769410500000 | trades=99 | delta=93.4000 | poc=1
2026-01-26 02:01:00 - footprint_calculator - WARNING - Max levels reached for candle 87836.8-87905.1 with step 1.0
2026-01-26 02:01:00 - orderflow_service - INFO - [ORDERFLOW_SERVICE] Footprint completado: BTCUSDT | time=1769410800000 | trades=843 | delta=-10.4790 | poc=36
2026-01-26 02:01:00 - orderflow_service - INFO - [ORDERFLOW_SERVICE] Footprint completado: TRXUSDT | time=1769410800000 | trades=27 | delta=-2487.0000 | poc=0
2026-01-26 02:01:00 - orderflow_service - INFO - [ORDERFLOW_SERVICE] Footprint completado: TRBUSDT | time=1769410800000 | trades=21 | delta=-8.7000 | poc=6
2026-01-26 02:01:00 - orderflow_service - INFO - [ORDERFLOW_SERVICE] Footprint completado: ETHUSDT | time=1769410800000 | trades=1586 | delta=152.9600 | poc=1
2026-01-26 02:01:00 - orderflow_service - INFO - [ORDERFLOW_SERVICE] Footprint completado: XRPUSDT | time=1769410800000 | trades=364 | delta=5990.4000 | poc=0
2026-01-26 02:01:01 - orderflow_service - INFO - [ORDERFLOW_SERVICE] Footprint completado: SOLUSDT | time=1769410800000 | trades=269 | delta=-972.6000 | poc=0
2026-01-26 02:01:01 - orderflow_service - INFO - [ORDERFLOW_SERVICE] Footprint completado: ADAUSDT | time=1769410800000 | trades=127 | delta=-64366.0000 | poc=0
2026-01-26 02:01:01 - orderflow_service - INFO - [ORDERFLOW_SERVICE] Footprint completado: SUIUSDT | time=1769410800000 | trades=137 | delta=9660.0000 | poc=2
2026-01-26 02:01:01 - orderflow_service - INFO - [ORDERFLOW_SERVICE] Footprint completado: BNBUSDT | time=1769410800000 | trades=55 | delta=-5.4700 | poc=0
2026-01-26 02:01:01 - orderflow_service - INFO - [ORDERFLOW_SERVICE] Footprint completado: PAXGUSDT | time=1769410800000 | trades=203 | delta=0.9710 | poc=1
2026-01-26 02:01:04 - orderflow_service - WARNING - [ORDERFLOW_SERVICE] Error enviando alerta: All connection attempts failed
2026-01-26 02:01:04 - orderflow_service - INFO - [ORDERFLOW_SERVICE] Footprint completado: DOGEUSDT | time=1769410800000 | trades=199 | delta=-220976.0000 | poc=0
2026-01-26 02:01:04 - orderflow_service - INFO - [ORDERFLOW_SERVICE] Footprint completado: GALAUSDT | time=1769410800000 | trades=481 | delta=5324371.0000 | poc=0
2026-01-26 02:01:04 - orderflow_service - INFO - [ORDERFLOW_SERVICE] Footprint completado: POLUSDT | time=1769410800000 | trades=141 | delta=-14790.0000 | poc=0
2026-01-26 02:02:00 - orderflow_service - INFO - [ORDERFLOW_SERVICE] Footprint completado: SOLUSDT | time=1769410860000 | trades=521 | delta=328.0000 | poc=0
2026-01-26 02:02:00 - footprint_calculator - WARNING - Max levels reached for candle 87791.8-87864.8 with step 1.0
2026-01-26 02:02:00 - orderflow_service - INFO - [ORDERFLOW_SERVICE] Footprint completado: BTCUSDT | time=1769410860000 | trades=2458 | delta=-8.3640 | poc=49
2026-01-26 02:02:03 - orderflow_service - WARNING - [ORDERFLOW_SERVICE] Error enviando alerta: All connection attempts failed
2026-01-26 02:02:03 - orderflow_service - INFO - [ORDERFLOW_SERVICE] Footprint completado: PAXGUSDT | time=1769410860000 | trades=279 | delta=-4.6250 | poc=1
2026-01-26 02:02:03 - orderflow_service - INFO - [ORDERFLOW_SERVICE] Footprint completado: ETHUSDT | time=1769410860000 | trades=1843 | delta=242.8500 | poc=1
2026-01-26 02:02:03 - orderflow_service - INFO - [ORDERFLOW_SERVICE] Footprint completado: TRXUSDT | time=1769410860000 | trades=7 | delta=274.0000 | poc=0
2026-01-26 02:02:03 - orderflow_service - INFO - [ORDERFLOW_SERVICE] Footprint completado: DOGEUSDT | time=1769410860000 | trades=249 | delta=23172.0000 | poc=0
2026-01-26 02:02:03 - orderflow_service - INFO - [ORDERFLOW_SERVICE] Footprint completado: XRPUSDT | time=1769410860000 | trades=721 | delta=-294743.7000 | poc=0
2026-01-26 02:02:03 - orderflow_service - INFO - [ORDERFLOW_SERVICE] Footprint completado: POLUSDT | time=1769410860000 | trades=218 | delta=128576.0000 | poc=0
2026-01-26 02:02:03 - orderflow_service - INFO - [ORDERFLOW_SERVICE] Footprint completado: GALAUSDT | time=1769410860000 | trades=444 | delta=3860092.0000 | poc=0
2026-01-26 02:02:03 - orderflow_service - INFO - [ORDERFLOW_SERVICE] Footprint completado: ADAUSDT | time=1769410860000 | trades=120 | delta=124430.0000 | poc=0
2026-01-26 02:02:03 - orderflow_service - INFO - [ORDERFLOW_SERVICE] Footprint completado: SUIUSDT | time=1769410860000 | trades=190 | delta=10450.0000 | poc=14
2026-01-26 02:02:04 - orderflow_service - INFO - [ORDERFLOW_SERVICE] Footprint completado: TRBUSDT | time=1769410860000 | trades=46 | delta=43.0200 | poc=9
2026-01-26 02:02:07 - orderflow_service - INFO - [ORDERFLOW_SERVICE] Footprint completado: BNBUSDT | time=1769410860000 | trades=53 | delta=1.8800 | poc=1
2026-01-26 02:03:00 - orderflow_service - INFO - [ORDERFLOW_SERVICE] Footprint completado: XRPUSDT | time=1769410920000 | trades=288 | delta=-11014.0000 | poc=0
2026-01-26 02:03:00 - orderflow_service - INFO - [ORDERFLOW_SERVICE] Footprint completado: POLUSDT | time=1769410920000 | trades=85 | delta=-22530.0000 | poc=0
2026-01-26 02:03:00 - footprint_calculator - WARNING - Max levels reached for candle 87815.2-87869.0 with step 1.0
2026-01-26 02:03:00 - orderflow_service - INFO - [ORDERFLOW_SERVICE] Footprint completado: BTCUSDT | time=1769410920000 | trades=1046 | delta=15.7960 | poc=28
2026-01-26 02:03:03 - orderflow_service - WARNING - [ORDERFLOW_SERVICE] Error enviando alerta: All connection attempts failed
2026-01-26 02:03:03 - orderflow_service - INFO - [ORDERFLOW_SERVICE] Footprint completado: SOLUSDT | time=1769410920000 | trades=247 | delta=43.3000 | poc=0
2026-01-26 02:03:03 - orderflow_service - INFO - [ORDERFLOW_SERVICE] Footprint completado: GALAUSDT | time=1769410920000 | trades=290 | delta=-1670171.0000 | poc=0
2026-01-26 02:03:03 - orderflow_service - INFO - [ORDERFLOW_SERVICE] Footprint completado: ETHUSDT | time=1769410920000 | trades=1079 | delta=60.3600 | poc=2
2026-01-26 02:03:03 - orderflow_service - INFO - [ORDERFLOW_SERVICE] Footprint completado: TRXUSDT | time=1769410920000 | trades=3 | delta=-235.0000 | poc=0
2026-01-26 02:03:03 - orderflow_service - INFO - [ORDERFLOW_SERVICE] Footprint completado: PAXGUSDT | time=1769410920000 | trades=141 | delta=2.5440 | poc=3
2026-01-26 02:03:03 - orderflow_service - INFO - [ORDERFLOW_SERVICE] Footprint completado: SUIUSDT | time=1769410920000 | trades=100 | delta=7850.0000 | poc=6
2026-01-26 02:03:03 - orderflow_service - INFO - [ORDERFLOW_SERVICE] Footprint completado: DOGEUSDT | time=1769410920000 | trades=145 | delta=-10767.0000 | poc=0
2026-01-26 02:03:06 - orderflow_service - INFO - [ORDERFLOW_SERVICE] Footprint completado: ADAUSDT | time=1769410920000 | trades=50 | delta=-12917.0000 | poc=0
2026-01-26 02:03:11 - orderflow_service - INFO - [ORDERFLOW_SERVICE] Footprint completado: BNBUSDT | time=1769410920000 | trades=22 | delta=1.9000 | poc=0
2026-01-26 02:03:23 - orderflow_service - INFO - [ORDERFLOW_SERVICE] Footprint completado: TRBUSDT | time=1769410920000 | trades=88 | delta=-41.8800 | poc=21
2026-01-26 02:04:00 - footprint_calculator - WARNING - Max levels reached for candle 87856.7-87907.4 with step 1.0
2026-01-26 02:04:00 - orderflow_service - INFO - [ORDERFLOW_SERVICE] Footprint completado: BTCUSDT | time=1769410980000 | trades=870 | delta=5.3830 | poc=25
2026-01-26 02:04:00 - orderflow_service - INFO - [ORDERFLOW_SERVICE] Footprint completado: ETHUSDT | time=1769410980000 | trades=1835 | delta=264.3300 | poc=2
2026-01-26 02:04:00 - orderflow_service - INFO - [ORDERFLOW_SERVICE] Footprint completado: TRXUSDT | time=1769410980000 | trades=66 | delta=-18929.0000 | poc=1
2026-01-26 02:04:00 - orderflow_service - INFO - [ORDERFLOW_SERVICE] Footprint completado: XRPUSDT | time=1769410980000 | trades=221 | delta=46322.8000 | poc=0
2026-01-26 02:04:01 - orderflow_service - INFO - [ORDERFLOW_SERVICE] Footprint completado: POLUSDT | time=1769410980000 | trades=50 | delta=-2102.0000 | poc=0
2026-01-26 02:04:01 - orderflow_service - INFO - [ORDERFLOW_SERVICE] Footprint completado: GALAUSDT | time=1769410980000 | trades=216 | delta=-380122.0000 | poc=0
2026-01-26 02:04:01 - orderflow_service - INFO - [ORDERFLOW_SERVICE] Footprint completado: DOGEUSDT | time=1769410980000 | trades=173 | delta=561775.0000 | poc=0
2026-01-26 02:04:01 - orderflow_service - INFO - [ORDERFLOW_SERVICE] Footprint completado: BNBUSDT | time=1769410980000 | trades=22 | delta=4.3000 | poc=0
2026-01-26 02:04:02 - orderflow_service - INFO - [ORDERFLOW_SERVICE] Footprint completado: SOLUSDT | time=1769410980000 | trades=189 | delta=-237.0000 | poc=0
2026-01-26 02:04:02 - orderflow_service - INFO - [ORDERFLOW_SERVICE] Footprint completado: PAXGUSDT | time=1769410980000 | trades=122 | delta=0.9180 | poc=2
2026-01-26 02:04:03 - orderflow_service - INFO - [ORDERFLOW_SERVICE] Footprint completado: SUIUSDT | time=1769410980000 | trades=93 | delta=5070.0000 | poc=6
2026-01-26 02:04:03 - orderflow_service - INFO - [ORDERFLOW_SERVICE] Footprint completado: ADAUSDT | time=1769410980000 | trades=67 | delta=35730.0000 | poc=0
2026-01-26 02:04:05 - orderflow_service - INFO - [ORDERFLOW_SERVICE] Footprint completado: TRBUSDT | time=1769410980000 | trades=8 | delta=2.0700 | poc=3
2026-01-26 02:05:00 - orderflow_service - INFO - [ORDERFLOW_SERVICE] Footprint completado: ETHUSDT | time=1769411040000 | trades=1502 | delta=-167.1900 | poc=2
2026-01-26 02:05:00 - orderflow_service - INFO - [ORDERFLOW_SERVICE] Footprint completado: ETHUSDT | time=1769410800000 | trades=7845 | delta=553.3100 | poc=2
2026-01-26 02:05:00 - footprint_calculator - WARNING - Max levels reached for candle 87822.0-87906.3 with step 1.0
2026-01-26 02:05:00 - orderflow_service - INFO - [ORDERFLOW_SERVICE] Footprint completado: BTCUSDT | time=1769411040000 | trades=778 | delta=-3.7150 | poc=49
2026-01-26 02:05:00 - footprint_calculator - WARNING - Max levels reached for candle 87791.8-87907.4 with step 1.0
2026-01-26 02:05:00 - orderflow_service - INFO - [ORDERFLOW_SERVICE] Footprint completado: BTCUSDT | time=1769410800000 | trades=5995 | delta=-1.3790 | poc=49
2026-01-26 02:05:00 - orderflow_service - INFO - [ORDERFLOW_SERVICE] Footprint completado: SOLUSDT | time=1769411040000 | trades=408 | delta=-1814.0000 | poc=0
2026-01-26 02:05:00 - orderflow_service - INFO - [ORDERFLOW_SERVICE] Footprint completado: SOLUSDT | time=1769410800000 | trades=1634 | delta=-2652.3000 | poc=0
2026-01-26 02:05:00 - orderflow_service - INFO - [ORDERFLOW_SERVICE] Footprint completado: SUIUSDT | time=1769411040000 | trades=185 | delta=-25960.0000 | poc=1
2026-01-26 02:05:03 - orderflow_service - WARNING - [ORDERFLOW_SERVICE] Error enviando alerta: All connection attempts failed
2026-01-26 02:05:03 - orderflow_service - INFO - [ORDERFLOW_SERVICE] Footprint completado: SUIUSDT | time=1769410800000 | trades=705 | delta=7070.0000 | poc=16
2026-01-26 02:05:03 - orderflow_service - INFO - [ORDERFLOW_SERVICE] Footprint completado: DOGEUSDT | time=1769411040000 | trades=180 | delta=-193742.0000 | poc=0
2026-01-26 02:05:03 - orderflow_service - INFO - [ORDERFLOW_SERVICE] Footprint completado: DOGEUSDT | time=1769410800000 | trades=946 | delta=159462.0000 | poc=0
2026-01-26 02:05:03 - orderflow_service - INFO - [ORDERFLOW_SERVICE] Footprint completado: PAXGUSDT | time=1769411040000 | trades=123 | delta=-3.4420 | poc=5
2026-01-26 02:05:03 - orderflow_service - INFO - [ORDERFLOW_SERVICE] Footprint completado: PAXGUSDT | time=1769410800000 | trades=868 | delta=-3.6340 | poc=1
2026-01-26 02:05:03 - orderflow_service - INFO - [ORDERFLOW_SERVICE] Footprint completado: POLUSDT | time=1769411040000 | trades=58 | delta=-9933.0000 | poc=0
2026-01-26 02:05:03 - orderflow_service - INFO - [ORDERFLOW_SERVICE] Footprint completado: POLUSDT | time=1769410800000 | trades=552 | delta=79221.0000 | poc=0
2026-01-26 02:05:03 - orderflow_service - INFO - [ORDERFLOW_SERVICE] Footprint completado: TRXUSDT | time=1769411040000 | trades=11 | delta=-2283.0000 | poc=0
2026-01-26 02:05:03 - orderflow_service - INFO - [ORDERFLOW_SERVICE] Footprint completado: TRXUSDT | time=1769410800000 | trades=114 | delta=-23660.0000 | poc=1
2026-01-26 02:05:03 - orderflow_service - INFO - [ORDERFLOW_SERVICE] Footprint completado: GALAUSDT | time=1769411040000 | trades=169 | delta=1595794.0000 | poc=0
2026-01-26 02:05:03 - orderflow_service - INFO - [ORDERFLOW_SERVICE] Footprint completado: GALAUSDT | time=1769410800000 | trades=1600 | delta=8729964.0000 | poc=0
2026-01-26 02:05:03 - orderflow_service - INFO - [ORDERFLOW_SERVICE] Footprint completado: TRBUSDT | time=1769411040000 | trades=16 | delta=4.8000 | poc=8
2026-01-26 02:05:03 - orderflow_service - INFO - [ORDERFLOW_SERVICE] Footprint completado: TRBUSDT | time=1769410800000 | trades=179 | delta=-0.6900 | poc=23
2026-01-26 02:05:06 - orderflow_service - WARNING - [ORDERFLOW_SERVICE] Error enviando alerta: All connection attempts failed
2026-01-26 02:05:06 - orderflow_service - INFO - [ORDERFLOW_SERVICE] Footprint completado: XRPUSDT | time=1769411040000 | trades=370 | delta=-37936.0000 | poc=0
2026-01-26 02:05:06 - orderflow_service - INFO - [ORDERFLOW_SERVICE] Footprint completado: XRPUSDT | time=1769410800000 | trades=1964 | delta=-291380.5000 | poc=0
2026-01-26 02:05:06 - orderflow_service - INFO - [ORDERFLOW_SERVICE] Footprint completado: ADAUSDT | time=1769411040000 | trades=80 | delta=-47330.0000 | poc=0
2026-01-26 02:05:06 - orderflow_service - INFO - [ORDERFLOW_SERVICE] Footprint completado: ADAUSDT | time=1769410800000 | trades=444 | delta=35547.0000 | poc=0
2026-01-26 02:05:06 - orderflow_service - INFO - [ORDERFLOW_SERVICE] Footprint completado: BNBUSDT | time=1769411040000 | trades=65 | delta=-11.1900 | poc=0
2026-01-26 02:05:06 - orderflow_service - INFO - [ORDERFLOW_SERVICE] Footprint completado: BNBUSDT | time=1769410800000 | trades=217 | delta=-8.5800 | poc=1
2026-01-26 02:06:00 - orderflow_service - INFO - [ORDERFLOW_SERVICE] Footprint completado: ETHUSDT | time=1769411100000 | trades=1479 | delta=292.2700 | poc=1
2026-01-26 02:06:00 - orderflow_service - INFO - [ORDERFLOW_SERVICE] Footprint completado: SUIUSDT | time=1769411100000 | trades=125 | delta=-7040.0000 | poc=1
2026-01-26 02:06:00 - orderflow_service - INFO - [ORDERFLOW_SERVICE] Footprint completado: DOGEUSDT | time=1769411100000 | trades=244 | delta=52871.0000 | poc=0
2026-01-26 02:06:00 - orderflow_service - INFO - [ORDERFLOW_SERVICE] Footprint completado: GALAUSDT | time=1769411100000 | trades=191 | delta=-1228196.0000 | poc=0
2026-01-26 02:06:00 - orderflow_service - INFO - [ORDERFLOW_SERVICE] Footprint completado: BTCUSDT | time=1769411100000 | trades=883 | delta=-1.6740 | poc=0
2026-01-26 02:06:00 - orderflow_service - INFO - [ORDERFLOW_SERVICE] Footprint completado: SOLUSDT | time=1769411100000 | trades=322 | delta=312.5000 | poc=0
2026-01-26 02:06:00 - orderflow_service - INFO - [ORDERFLOW_SERVICE] Footprint completado: XRPUSDT | time=1769411100000 | trades=536 | delta=-120113.5000 | poc=0
2026-01-26 02:06:00 - orderflow_service - INFO - [ORDERFLOW_SERVICE] Footprint completado: PAXGUSDT | time=1769411100000 | trades=99 | delta=1.8840 | poc=4
2026-01-26 02:06:00 - orderflow_service - INFO - [ORDERFLOW_SERVICE] Footprint completado: TRXUSDT | time=1769411100000 | trades=18 | delta=-6037.0000 | poc=0
2026-01-26 02:06:03 - orderflow_service - INFO - [ORDERFLOW_SERVICE] Footprint completado: BNBUSDT | time=1769411100000 | trades=43 | delta=-1.2500 | poc=1
2026-01-26 02:06:07 - orderflow_service - INFO - [ORDERFLOW_SERVICE] Footprint completado: ADAUSDT | time=1769411100000 | trades=95 | delta=-18422.0000 | poc=0
2026-01-26 02:06:09 - orderflow_service - INFO - [ORDERFLOW_SERVICE] Footprint completado: POLUSDT | time=1769411100000 | trades=75 | delta=28940.0000 | poc=0
2026-01-26 02:06:35 - orderflow_service - INFO - [ORDERFLOW_SERVICE] Footprint completado: TRBUSDT | time=1769411100000 | trades=8 | delta=-1.1900 | poc=2
2026-01-26 02:07:00 - footprint_calculator - WARNING - Max levels reached for candle 87836.2-87891.1 with step 1.0
2026-01-26 02:07:00 - orderflow_service - INFO - [ORDERFLOW_SERVICE] Footprint completado: BTCUSDT | time=1769411160000 | trades=588 | delta=10.8640 | poc=49
2026-01-26 02:07:00 - orderflow_service - INFO - [ORDERFLOW_SERVICE] Footprint completado: SOLUSDT | time=1769411160000 | trades=202 | delta=322.1000 | poc=0
2026-01-26 02:07:00 - orderflow_service - INFO - [ORDERFLOW_SERVICE] Footprint completado: DOGEUSDT | time=1769411160000 | trades=212 | delta=913640.0000 | poc=0
2026-01-26 02:07:00 - orderflow_service - INFO - [ORDERFLOW_SERVICE] Footprint completado: ETHUSDT | time=1769411160000 | trades=1122 | delta=-81.3000 | poc=1
2026-01-26 02:07:00 - orderflow_service - INFO - [ORDERFLOW_SERVICE] Footprint completado: POLUSDT | time=1769411160000 | trades=24 | delta=1198.0000 | poc=0
2026-01-26 02:07:00 - orderflow_service - INFO - [ORDERFLOW_SERVICE] Footprint completado: ADAUSDT | time=1769411160000 | trades=65 | delta=43429.0000 | poc=0
2026-01-26 02:07:00 - orderflow_service - INFO - [ORDERFLOW_SERVICE] Footprint completado: XRPUSDT | time=1769411160000 | trades=289 | delta=-82169.6000 | poc=0
2026-01-26 02:07:00 - orderflow_service - INFO - [ORDERFLOW_SERVICE] Footprint completado: TRXUSDT | time=1769411160000 | trades=15 | delta=-4493.0000 | poc=0
2026-01-26 02:07:00 - orderflow_service - INFO - [ORDERFLOW_SERVICE] Footprint completado: PAXGUSDT | time=1769411160000 | trades=137 | delta=-3.7320 | poc=4
2026-01-26 02:07:03 - orderflow_service - WARNING - [ORDERFLOW_SERVICE] Error enviando alerta: All connection attempts failed
2026-01-26 02:07:03 - orderflow_service - INFO - [ORDERFLOW_SERVICE] Footprint completado: SUIUSDT | time=1769411160000 | trades=151 | delta=-12400.0000 | poc=5
2026-01-26 02:07:03 - orderflow_service - INFO - [ORDERFLOW_SERVICE] Footprint completado: GALAUSDT | time=1769411160000 | trades=249 | delta=-1449348.0000 | poc=0
2026-01-26 02:07:04 - orderflow_service - INFO - [ORDERFLOW_SERVICE] Footprint completado: BNBUSDT | time=1769411160000 | trades=23 | delta=0.3400 | poc=0
2026-01-26 02:07:07 - orderflow_service - INFO - [ORDERFLOW_SERVICE] Footprint completado: TRBUSDT | time=1769411160000 | trades=10 | delta=-1.6600 | poc=4
2026-01-26 02:08:00 - orderflow_service - INFO - [ORDERFLOW_SERVICE] Footprint completado: BTCUSDT | time=1769411220000 | trades=286 | delta=-1.7530 | poc=1
2026-01-26 02:08:00 - orderflow_service - INFO - [ORDERFLOW_SERVICE] Footprint completado: SOLUSDT | time=1769411220000 | trades=175 | delta=-870.8000 | poc=0
2026-01-26 02:08:00 - orderflow_service - INFO - [ORDERFLOW_SERVICE] Footprint completado: DOGEUSDT | time=1769411220000 | trades=113 | delta=2239.0000 | poc=0
2026-01-26 02:08:00 - orderflow_service - INFO - [ORDERFLOW_SERVICE] Footprint completado: TRXUSDT | time=1769411220000 | trades=4 | delta=482.0000 | poc=0
2026-01-26 02:08:00 - orderflow_service - INFO - [ORDERFLOW_SERVICE] Footprint completado: PAXGUSDT | time=1769411220000 | trades=105 | delta=0.1290 | poc=2
2026-01-26 02:08:00 - orderflow_service - INFO - [ORDERFLOW_SERVICE] Footprint completado: XRPUSDT | time=1769411220000 | trades=248 | delta=18042.1000 | poc=0
2026-01-26 02:08:00 - orderflow_service - INFO - [ORDERFLOW_SERVICE] Footprint completado: GALAUSDT | time=1769411220000 | trades=184 | delta=-977115.0000 | poc=0
2026-01-26 02:08:00 - orderflow_service - INFO - [ORDERFLOW_SERVICE] Footprint completado: ETHUSDT | time=1769411220000 | trades=539 | delta=-298.4900 | poc=0
2026-01-26 02:08:01 - orderflow_service - INFO - [ORDERFLOW_SERVICE] Footprint completado: POLUSDT | time=1769411220000 | trades=36 | delta=8367.0000 | poc=0
2026-01-26 02:08:02 - orderflow_service - INFO - [ORDERFLOW_SERVICE] Footprint completado: SUIUSDT | time=1769411220000 | trades=123 | delta=2320.0000 | poc=13
2026-01-26 02:08:04 - orderflow_service - INFO - [ORDERFLOW_SERVICE] Footprint completado: BNBUSDT | time=1769411220000 | trades=30 | delta=1.0800 | poc=0
2026-01-26 02:08:06 - orderflow_service - INFO - [ORDERFLOW_SERVICE] Footprint completado: TRBUSDT | time=1769411220000 | trades=17 | delta=-5.7200 | poc=6
2026-01-26 02:08:13 - orderflow_service - INFO - [ORDERFLOW_SERVICE] Footprint completado: ADAUSDT | time=1769411220000 | trades=35 | delta=2721.0000 | poc=0
2026-01-26 02:09:00 - orderflow_service - INFO - [ORDERFLOW_SERVICE] Footprint completado: BTCUSDT | time=1769411280000 | trades=111 | delta=-0.4460 | poc=0
2026-01-26 02:09:00 - orderflow_service - INFO - [ORDERFLOW_SERVICE] Footprint completado: PAXGUSDT | time=1769411280000 | trades=347 | delta=19.5790 | poc=6
2026-01-26 02:09:00 - orderflow_service - INFO - [ORDERFLOW_SERVICE] Footprint completado: TRXUSDT | time=1769411280000 | trades=7 | delta=-1479.0000 | poc=0
2026-01-26 02:09:00 - orderflow_service - INFO - [ORDERFLOW_SERVICE] Footprint completado: GALAUSDT | time=1769411280000 | trades=191 | delta=-1412302.0000 | poc=0
2026-01-26 02:09:01 - orderflow_service - INFO - [ORDERFLOW_SERVICE] Footprint completado: XRPUSDT | time=1769411280000 | trades=212 | delta=-120747.3000 | poc=0
2026-01-26 02:09:01 - orderflow_service - INFO - [ORDERFLOW_SERVICE] Footprint completado: BNBUSDT | time=1769411280000 | trades=20 | delta=-3.7400 | poc=0
2026-01-26 02:09:01 - orderflow_service - INFO - [ORDERFLOW_SERVICE] Footprint completado: ETHUSDT | time=1769411280000 | trades=479 | delta=-153.0000 | poc=1
2026-01-26 02:09:02 - orderflow_service - INFO - [ORDERFLOW_SERVICE] Footprint completado: SOLUSDT | time=1769411280000 | trades=118 | delta=308.5000 | poc=0
2026-01-26 02:09:03 - orderflow_service - INFO - [ORDERFLOW_SERVICE] Footprint completado: ADAUSDT | time=1769411280000 | trades=28 | delta=13433.0000 | poc=0
2026-01-26 02:09:04 - orderflow_service - INFO - [ORDERFLOW_SERVICE] Footprint completado: TRBUSDT | time=1769411280000 | trades=6 | delta=2.2700 | poc=7
2026-01-26 02:09:04 - orderflow_service - INFO - [ORDERFLOW_SERVICE] Footprint completado: DOGEUSDT | time=1769411280000 | trades=50 | delta=-29137.0000 | poc=0
2026-01-26 02:09:05 - orderflow_service - INFO - [ORDERFLOW_SERVICE] Footprint completado: POLUSDT | time=1769411280000 | trades=34 | delta=-9538.0000 | poc=0
2026-01-26 02:09:06 - orderflow_service - INFO - [ORDERFLOW_SERVICE] Footprint completado: SUIUSDT | time=1769411280000 | trades=44 | delta=-2500.0000 | poc=6
2026-01-26 02:10:00 - orderflow_service - INFO - [ORDERFLOW_SERVICE] Footprint completado: XRPUSDT | time=1769411340000 | trades=129 | delta=16815.1000 | poc=0
2026-01-26 02:10:00 - orderflow_service - INFO - [ORDERFLOW_SERVICE] Footprint completado: XRPUSDT | time=1769411100000 | trades=1414 | delta=-288173.2000 | poc=0
2026-01-26 02:10:00 - orderflow_service - INFO - [ORDERFLOW_SERVICE] Footprint completado: BTCUSDT | time=1769411340000 | trades=338 | delta=3.4880 | poc=13
2026-01-26 02:10:00 - footprint_calculator - WARNING - Max levels reached for candle 87808.4-87900.0 with step 1.0
2026-01-26 02:10:00 - orderflow_service - INFO - [ORDERFLOW_SERVICE] Footprint completado: BTCUSDT | time=1769411100000 | trades=2206 | delta=10.4790 | poc=49
2026-01-26 02:10:00 - orderflow_service - INFO - [ORDERFLOW_SERVICE] Footprint completado: GALAUSDT | time=1769411340000 | trades=150 | delta=522092.0000 | poc=0
2026-01-26 02:10:00 - orderflow_service - INFO - [ORDERFLOW_SERVICE] Footprint completado: GALAUSDT | time=1769411100000 | trades=965 | delta=-4544869.0000 | poc=0
2026-01-26 02:10:00 - orderflow_service - INFO - [ORDERFLOW_SERVICE] Footprint completado: PAXGUSDT | time=1769411340000 | trades=27 | delta=0.1700 | poc=2
2026-01-26 02:10:00 - orderflow_service - INFO - [ORDERFLOW_SERVICE] Footprint completado: PAXGUSDT | time=1769411100000 | trades=715 | delta=18.0300 | poc=17
2026-01-26 02:10:00 - orderflow_service - INFO - [ORDERFLOW_SERVICE] Footprint completado: TRXUSDT | time=1769411340000 | trades=25 | delta=12840.0000 | poc=0
2026-01-26 02:10:00 - orderflow_service - INFO - [ORDERFLOW_SERVICE] Footprint completado: TRXUSDT | time=1769411100000 | trades=69 | delta=1313.0000 | poc=0
2026-01-26 02:10:00 - orderflow_service - INFO - [ORDERFLOW_SERVICE] Footprint completado: ETHUSDT | time=1769411340000 | trades=702 | delta=-17.0700 | poc=0
2026-01-26 02:10:00 - orderflow_service - INFO - [ORDERFLOW_SERVICE] Footprint completado: ETHUSDT | time=1769411100000 | trades=4321 | delta=-257.5900 | poc=4
2026-01-26 02:10:01 - orderflow_service - INFO - [ORDERFLOW_SERVICE] Footprint completado: ADAUSDT | time=1769411340000 | trades=104 | delta=-51750.0000 | poc=0
2026-01-26 02:10:01 - orderflow_service - INFO - [ORDERFLOW_SERVICE] Footprint completado: ADAUSDT | time=1769411100000 | trades=327 | delta=-10589.0000 | poc=0
2026-01-26 02:10:01 - orderflow_service - INFO - [ORDERFLOW_SERVICE] Footprint completado: POLUSDT | time=1769411340000 | trades=13 | delta=-1322.0000 | poc=0
2026-01-26 02:10:01 - orderflow_service - INFO - [ORDERFLOW_SERVICE] Footprint completado: POLUSDT | time=1769411100000 | trades=182 | delta=27645.0000 | poc=0
2026-01-26 02:10:01 - orderflow_service - INFO - [ORDERFLOW_SERVICE] Footprint completado: SOLUSDT | time=1769411340000 | trades=193 | delta=-990.4000 | poc=0
2026-01-26 02:10:01 - orderflow_service - INFO - [ORDERFLOW_SERVICE] Footprint completado: SOLUSDT | time=1769411100000 | trades=1010 | delta=-918.1000 | poc=0
2026-01-26 02:10:02 - orderflow_service - INFO - [ORDERFLOW_SERVICE] Footprint completado: SUIUSDT | time=1769411340000 | trades=109 | delta=-2230.0000 | poc=6
2026-01-26 02:10:02 - orderflow_service - INFO - [ORDERFLOW_SERVICE] Footprint completado: SUIUSDT | time=1769411100000 | trades=552 | delta=-21850.0000 | poc=18
2026-01-26 02:10:05 - orderflow_service - INFO - [ORDERFLOW_SERVICE] Footprint completado: TRBUSDT | time=1769411340000 | trades=9 | delta=1.6800 | poc=7
2026-01-26 02:10:05 - orderflow_service - INFO - [ORDERFLOW_SERVICE] Footprint completado: TRBUSDT | time=1769411100000 | trades=50 | delta=-4.6200 | poc=5
2026-01-26 02:10:05 - orderflow_service - INFO - [ORDERFLOW_SERVICE] Footprint completado: BNBUSDT | time=1769411340000 | trades=8 | delta=0.3900 | poc=0
2026-01-26 02:10:05 - orderflow_service - INFO - [ORDERFLOW_SERVICE] Footprint completado: BNBUSDT | time=1769411100000 | trades=124 | delta=-3.1800 | poc=1
2026-01-26 02:10:08 - orderflow_service - INFO - [ORDERFLOW_SERVICE] Footprint completado: DOGEUSDT | time=1769411340000 | trades=166 | delta=455411.0000 | poc=0
2026-01-26 02:10:08 - orderflow_service - INFO - [ORDERFLOW_SERVICE] Footprint completado: DOGEUSDT | time=1769411100000 | trades=785 | delta=1395024.0000 | poc=0
2026-01-26 02:11:00 - orderflow_service - INFO - [ORDERFLOW_SERVICE] Footprint completado: BTCUSDT | time=1769411400000 | trades=450 | delta=6.4080 | poc=35
2026-01-26 02:11:00 - orderflow_service - INFO - [ORDERFLOW_SERVICE] Footprint completado: PAXGUSDT | time=1769411400000 | trades=51 | delta=1.2140 | poc=2
2026-01-26 02:11:00 - orderflow_service - INFO - [ORDERFLOW_SERVICE] Footprint completado: TRXUSDT | time=1769411400000 | trades=65 | delta=62014.0000 | poc=1
2026-01-26 02:11:00 - orderflow_service - INFO - [ORDERFLOW_SERVICE] Footprint completado: GALAUSDT | time=1769411400000 | trades=144 | delta=369246.0000 | poc=0
2026-01-26 02:11:00 - orderflow_service - INFO - [ORDERFLOW_SERVICE] Footprint completado: TRBUSDT | time=1769411400000 | trades=8 | delta=2.2000 | poc=10
2026-01-26 02:11:01 - orderflow_service - INFO - [ORDERFLOW_SERVICE] Footprint completado: SUIUSDT | time=1769411400000 | trades=76 | delta=7480.0000 | poc=15
2026-01-26 02:11:01 - orderflow_service - INFO - [ORDERFLOW_SERVICE] Footprint completado: SOLUSDT | time=1769411400000 | trades=178 | delta=2448.7000 | poc=0
2026-01-26 02:11:01 - orderflow_service - INFO - [ORDERFLOW_SERVICE] Footprint completado: ETHUSDT | time=1769411400000 | trades=1371 | delta=262.3100 | poc=2
2026-01-26 02:11:01 - orderflow_service - INFO - [ORDERFLOW_SERVICE] Footprint completado: DOGEUSDT | time=1769411400000 | trades=140 | delta=118527.0000 | poc=0
2026-01-26 02:11:04 - orderflow_service - INFO - [ORDERFLOW_SERVICE] Footprint completado: XRPUSDT | time=1769411400000 | trades=335 | delta=43349.9000 | poc=0
2026-01-26 02:11:04 - orderflow_service - INFO - [ORDERFLOW_SERVICE] Footprint completado: BNBUSDT | time=1769411400000 | trades=21 | delta=1.9500 | poc=0
2026-01-26 02:11:04 - orderflow_service - INFO - [ORDERFLOW_SERVICE] Footprint completado: POLUSDT | time=1769411400000 | trades=37 | delta=15095.0000 | poc=0
2026-01-26 02:11:15 - orderflow_service - INFO - [ORDERFLOW_SERVICE] Footprint completado: ADAUSDT | time=1769411400000 | trades=79 | delta=19095.0000 | poc=0
2026-01-26 02:12:00 - orderflow_service - INFO - [ORDERFLOW_SERVICE] Footprint completado: BTCUSDT | time=1769411460000 | trades=578 | delta=-1.6750 | poc=15
2026-01-26 02:12:00 - orderflow_service - INFO - [ORDERFLOW_SERVICE] Footprint completado: ETHUSDT | time=1769411460000 | trades=1019 | delta=-171.8700 | poc=0
2026-01-26 02:12:00 - orderflow_service - INFO - [ORDERFLOW_SERVICE] Footprint completado: POLUSDT | time=1769411460000 | trades=34 | delta=-9812.0000 | poc=0
2026-01-26 02:12:00 - orderflow_service - INFO - [ORDERFLOW_SERVICE] Footprint completado: XRPUSDT | time=1769411460000 | trades=231 | delta=41425.2000 | poc=0
2026-01-26 02:12:00 - orderflow_service - INFO - [ORDERFLOW_SERVICE] Footprint completado: SOLUSDT | time=1769411460000 | trades=243 | delta=256.8000 | poc=0
2026-01-26 02:12:00 - orderflow_service - INFO - [ORDERFLOW_SERVICE] Footprint completado: SUIUSDT | time=1769411460000 | trades=73 | delta=4860.0000 | poc=5
2026-01-26 02:12:00 - orderflow_service - INFO - [ORDERFLOW_SERVICE] Footprint completado: GALAUSDT | time=1769411460000 | trades=238 | delta=-1882117.0000 | poc=0
2026-01-26 02:12:00 - orderflow_service - INFO - [ORDERFLOW_SERVICE] Footprint completado: DOGEUSDT | time=1769411460000 | trades=159 | delta=-51027.0000 | poc=0
2026-01-26 02:12:00 - orderflow_service - INFO - [ORDERFLOW_SERVICE] Footprint completado: TRXUSDT | time=1769411460000 | trades=2 | delta=-10.0000 | poc=0
2026-01-26 02:12:00 - orderflow_service - INFO - [ORDERFLOW_SERVICE] Footprint completado: PAXGUSDT | time=1769411460000 | trades=83 | delta=1.5510 | poc=3
2026-01-26 02:12:02 - orderflow_service - INFO - [ORDERFLOW_SERVICE] Footprint completado: BNBUSDT | time=1769411460000 | trades=44 | delta=-2.3200 | poc=0
2026-01-26 02:12:04 - orderflow_service - INFO - [ORDERFLOW_SERVICE] Footprint completado: TRBUSDT | time=1769411460000 | trades=9 | delta=-48.2800 | poc=0
2026-01-26 02:12:12 - orderflow_service - INFO - [ORDERFLOW_SERVICE] Footprint completado: ADAUSDT | time=1769411460000 | trades=46 | delta=10152.0000 | poc=0
2026-01-26 02:13:00 - orderflow_service - INFO - [ORDERFLOW_SERVICE] Footprint completado: BTCUSDT | time=1769411520000 | trades=805 | delta=6.1500 | poc=20
2026-01-26 02:13:00 - orderflow_service - INFO - [ORDERFLOW_SERVICE] Footprint completado: TRXUSDT | time=1769411520000 | trades=10 | delta=4226.0000 | poc=0
2026-01-26 02:13:00 - orderflow_service - INFO - [ORDERFLOW_SERVICE] Footprint completado: PAXGUSDT | time=1769411520000 | trades=66 | delta=1.4970 | poc=2
2026-01-26 02:13:01 - orderflow_service - INFO - [ORDERFLOW_SERVICE] Footprint completado: SUIUSDT | time=1769411520000 | trades=95 | delta=-7050.0000 | poc=5
2026-01-26 02:13:01 - orderflow_service - INFO - [ORDERFLOW_SERVICE] Footprint completado: ETHUSDT | time=1769411520000 | trades=1800 | delta=55.2800 | poc=1
2026-01-26 02:13:01 - orderflow_service - INFO - [ORDERFLOW_SERVICE] Footprint completado: BNBUSDT | time=1769411520000 | trades=7 | delta=-0.6800 | poc=0
2026-01-26 02:13:01 - orderflow_service - INFO - [ORDERFLOW_SERVICE] Footprint completado: XRPUSDT | time=1769411520000 | trades=164 | delta=-20754.5000 | poc=0
2026-01-26 02:13:02 - orderflow_service - INFO - [ORDERFLOW_SERVICE] Footprint completado: DOGEUSDT | time=1769411520000 | trades=101 | delta=-32274.0000 | poc=0
2026-01-26 02:13:02 - orderflow_service - INFO - [ORDERFLOW_SERVICE] Footprint completado: GALAUSDT | time=1769411520000 | trades=117 | delta=-691090.0000 | poc=0
2026-01-26 02:13:02 - orderflow_service - INFO - [ORDERFLOW_SERVICE] Footprint completado: SOLUSDT | time=1769411520000 | trades=229 | delta=-2039.1000 | poc=0
2026-01-26 02:13:03 - orderflow_service - INFO - [ORDERFLOW_SERVICE] Footprint completado: ADAUSDT | time=1769411520000 | trades=32 | delta=46155.0000 | poc=0
2026-01-26 02:13:08 - orderflow_service - INFO - [ORDERFLOW_SERVICE] Footprint completado: TRBUSDT | time=1769411520000 | trades=8 | delta=3.7000 | poc=4
2026-01-26 02:13:13 - orderflow_service - INFO - [ORDERFLOW_SERVICE] Footprint completado: POLUSDT | time=1769411520000 | trades=42 | delta=-10095.0000 | poc=0
2026-01-26 02:14:00 - footprint_calculator - WARNING - Max levels reached for candle 87895.0-87961.8 with step 1.0
2026-01-26 02:14:00 - orderflow_service - INFO - [ORDERFLOW_SERVICE] Footprint completado: BTCUSDT | time=1769411580000 | trades=503 | delta=-0.7660 | poc=4
2026-01-26 02:14:00 - orderflow_service - INFO - [ORDERFLOW_SERVICE] Footprint completado: GALAUSDT | time=1769411580000 | trades=151 | delta=742816.0000 | poc=0
2026-01-26 02:14:00 - orderflow_service - INFO - [ORDERFLOW_SERVICE] Footprint completado: XRPUSDT | time=1769411580000 | trades=247 | delta=23286.3000 | poc=1
2026-01-26 02:14:00 - orderflow_service - INFO - [ORDERFLOW_SERVICE] Footprint completado: SOLUSDT | time=1769411580000 | trades=220 | delta=2930.6000 | poc=0
2026-01-26 02:14:00 - orderflow_service - INFO - [ORDERFLOW_SERVICE] Footprint completado: ETHUSDT | time=1769411580000 | trades=1005 | delta=-460.8000 | poc=0
2026-01-26 02:14:01 - orderflow_service - INFO - [ORDERFLOW_SERVICE] Footprint completado: POLUSDT | time=1769411580000 | trades=44 | delta=26224.0000 | poc=0
2026-01-26 02:14:01 - orderflow_service - INFO - [ORDERFLOW_SERVICE] Footprint completado: TRXUSDT | time=1769411580000 | trades=132 | delta=-24222.0000 | poc=0
2026-01-26 02:14:01 - orderflow_service - INFO - [ORDERFLOW_SERVICE] Footprint completado: ADAUSDT | time=1769411580000 | trades=147 | delta=-339643.0000 | poc=0
2026-01-26 02:14:01 - orderflow_service - INFO - [ORDERFLOW_SERVICE] Footprint completado: PAXGUSDT | time=1769411580000 | trades=48 | delta=0.7140 | poc=0
2026-01-26 02:14:02 - orderflow_service - INFO - [ORDERFLOW_SERVICE] Footprint completado: DOGEUSDT | time=1769411580000 | trades=102 | delta=19685.0000 | poc=0
2026-01-26 02:14:04 - orderflow_service - INFO - [ORDERFLOW_SERVICE] Footprint completado: SUIUSDT | time=1769411580000 | trades=76 | delta=6860.0000 | poc=8
2026-01-26 02:14:12 - orderflow_service - INFO - [ORDERFLOW_SERVICE] Footprint completado: TRBUSDT | time=1769411580000 | trades=11 | delta=-26.3400 | poc=5
2026-01-26 02:14:35 - orderflow_service - INFO - [ORDERFLOW_SERVICE] Footprint completado: BNBUSDT | time=1769411580000 | trades=20 | delta=3.0200 | poc=0
2026-01-26 02:15:00 - orderflow_service - INFO - [ORDERFLOW_SERVICE] Footprint completado: BTCUSDT | time=1769411640000 | trades=550 | delta=-1.6100 | poc=11
2026-01-26 02:15:00 - footprint_calculator - WARNING - Max levels reached for candle 87874.8-87981.0 with step 1.0
2026-01-26 02:15:00 - orderflow_service - INFO - [ORDERFLOW_SERVICE] Footprint completado: BTCUSDT | time=1769411400000 | trades=2886 | delta=8.5070 | poc=49
2026-01-26 02:15:00 - orderflow_service - INFO - [ORDERFLOW_SERVICE] Footprint completado: TRXUSDT | time=1769411640000 | trades=5 | delta=106.0000 | poc=0
2026-01-26 02:15:00 - orderflow_service - INFO - [ORDERFLOW_SERVICE] Footprint completado: TRXUSDT | time=1769411400000 | trades=214 | delta=42114.0000 | poc=1
2026-01-26 02:15:00 - orderflow_service - INFO - [ORDERFLOW_SERVICE] Footprint completado: GALAUSDT | time=1769411640000 | trades=203 | delta=159732.0000 | poc=0
2026-01-26 02:15:00 - orderflow_service - INFO - [ORDERFLOW_SERVICE] Footprint completado: GALAUSDT | time=1769411400000 | trades=853 | delta=-1301413.0000 | poc=0
2026-01-26 02:15:00 - orderflow_service - INFO - [ORDERFLOW_SERVICE] Footprint completado: XRPUSDT | time=1769411640000 | trades=159 | delta=-7556.0000 | poc=1
2026-01-26 02:15:00 - orderflow_service - INFO - [ORDERFLOW_SERVICE] Footprint completado: XRPUSDT | time=1769411400000 | trades=1136 | delta=79750.9000 | poc=0
2026-01-26 02:15:01 - orderflow_service - INFO - [ORDERFLOW_SERVICE] Footprint completado: SUIUSDT | time=1769411640000 | trades=60 | delta=30.0000 | poc=2
2026-01-26 02:15:01 - orderflow_service - INFO - [ORDERFLOW_SERVICE] Footprint completado: SUIUSDT | time=1769411400000 | trades=380 | delta=12180.0000 | poc=20
2026-01-26 02:15:01 - orderflow_service - INFO - [ORDERFLOW_SERVICE] Footprint completado: BNBUSDT | time=1769411640000 | trades=1 | delta=0.0100 | poc=0
2026-01-26 02:15:01 - orderflow_service - INFO - [ORDERFLOW_SERVICE] Footprint completado: BNBUSDT | time=1769411400000 | trades=93 | delta=1.9800 | poc=0
2026-01-26 02:15:01 - orderflow_service - INFO - [ORDERFLOW_SERVICE] Footprint completado: PAXGUSDT | time=1769411640000 | trades=91 | delta=0.0280 | poc=0
2026-01-26 02:15:01 - orderflow_service - INFO - [ORDERFLOW_SERVICE] Footprint completado: PAXGUSDT | time=1769411400000 | trades=339 | delta=5.0040 | poc=4
2026-01-26 02:15:01 - orderflow_service - INFO - [ORDERFLOW_SERVICE] Footprint completado: SOLUSDT | time=1769411640000 | trades=131 | delta=-63.2000 | poc=0
2026-01-26 02:15:01 - orderflow_service - INFO - [ORDERFLOW_SERVICE] Footprint completado: SOLUSDT | time=1769411400000 | trades=1001 | delta=3533.8000 | poc=0
2026-01-26 02:15:01 - orderflow_service - INFO - [ORDERFLOW_SERVICE] Footprint completado: ADAUSDT | time=1769411640000 | trades=46 | delta=54623.0000 | poc=0
2026-01-26 02:15:01 - orderflow_service - INFO - [ORDERFLOW_SERVICE] Footprint completado: ADAUSDT | time=1769411400000 | trades=350 | delta=-209618.0000 | poc=0
2026-01-26 02:15:01 - orderflow_service - INFO - [ORDERFLOW_SERVICE] Footprint completado: ETHUSDT | time=1769411640000 | trades=424 | delta=-40.9100 | poc=0
2026-01-26 02:15:01 - orderflow_service - INFO - [ORDERFLOW_SERVICE] Footprint completado: ETHUSDT | time=1769411400000 | trades=5619 | delta=-355.9900 | poc=1
2026-01-26 02:15:02 - orderflow_service - INFO - [ORDERFLOW_SERVICE] Footprint completado: TRBUSDT | time=1769411640000 | trades=11 | delta=-13.9800 | poc=6
2026-01-26 02:15:02 - orderflow_service - INFO - [ORDERFLOW_SERVICE] Footprint completado: TRBUSDT | time=1769411400000 | trades=47 | delta=-82.7000 | poc=6
2026-01-26 02:15:03 - orderflow_service - INFO - [ORDERFLOW_SERVICE] Footprint completado: DOGEUSDT | time=1769411640000 | trades=57 | delta=-99086.0000 | poc=0
2026-01-26 02:15:03 - orderflow_service - INFO - [ORDERFLOW_SERVICE] Footprint completado: DOGEUSDT | time=1769411400000 | trades=559 | delta=-44175.0000 | poc=0
2026-01-26 02:15:04 - orderflow_service - INFO - [ORDERFLOW_SERVICE] Footprint completado: POLUSDT | time=1769411640000 | trades=24 | delta=13526.0000 | poc=0
2026-01-26 02:15:04 - orderflow_service - INFO - [ORDERFLOW_SERVICE] Footprint completado: POLUSDT | time=1769411400000 | trades=181 | delta=34938.0000 | poc=0
2026-01-26 02:16:00 - orderflow_service - INFO - [ORDERFLOW_SERVICE] Footprint completado: ETHUSDT | time=1769411700000 | trades=1307 | delta=401.3100 | poc=1
2026-01-26 02:16:00 - footprint_calculator - WARNING - Max levels reached for candle 87930.0-87984.6 with step 1.0
2026-01-26 02:16:00 - orderflow_service - INFO - [ORDERFLOW_SERVICE] Footprint completado: BTCUSDT | time=1769411700000 | trades=1120 | delta=-2.5740 | poc=47
2026-01-26 02:16:00 - orderflow_service - INFO - [ORDERFLOW_SERVICE] Footprint completado: GALAUSDT | time=1769411700000 | trades=139 | delta=-53062.0000 | poc=0
2026-01-26 02:16:00 - orderflow_service - INFO - [ORDERFLOW_SERVICE] Footprint completado: TRXUSDT | time=1769411700000 | trades=13 | delta=-626.0000 | poc=0
2026-01-26 02:16:01 - orderflow_service - INFO - [ORDERFLOW_SERVICE] Footprint completado: DOGEUSDT | time=1769411700000 | trades=134 | delta=21794.0000 | poc=0
2026-01-26 02:16:01 - orderflow_service - INFO - [ORDERFLOW_SERVICE] Footprint completado: PAXGUSDT | time=1769411700000 | trades=55 | delta=-0.4160 | poc=0
2026-01-26 02:16:01 - orderflow_service - INFO - [ORDERFLOW_SERVICE] Footprint completado: SUIUSDT | time=1769411700000 | trades=142 | delta=-5400.0000 | poc=4
2026-01-26 02:16:01 - orderflow_service - INFO - [ORDERFLOW_SERVICE] Footprint completado: SOLUSDT | time=1769411700000 | trades=230 | delta=606.8000 | poc=0
2026-01-26 02:16:01 - orderflow_service - INFO - [ORDERFLOW_SERVICE] Footprint completado: XRPUSDT | time=1769411700000 | trades=252 | delta=2955.9000 | poc=0
2026-01-26 02:16:01 - orderflow_service - INFO - [ORDERFLOW_SERVICE] Footprint completado: ADAUSDT | time=1769411700000 | trades=54 | delta=-8260.0000 | poc=0
2026-01-26 02:16:05 - orderflow_service - INFO - [ORDERFLOW_SERVICE] Footprint completado: BNBUSDT | time=1769411700000 | trades=49 | delta=22.6900 | poc=0
2026-01-26 02:16:19 - orderflow_service - INFO - [ORDERFLOW_SERVICE] Footprint completado: POLUSDT | time=1769411700000 | trades=130 | delta=126142.0000 | poc=0
2026-01-26 02:16:24 - orderflow_service - INFO - [ORDERFLOW_SERVICE] Footprint completado: TRBUSDT | time=1769411700000 | trades=10 | delta=-7.5600 | poc=12
2026-01-26 02:17:00 - orderflow_service - INFO - [ORDERFLOW_SERVICE] Footprint completado: ETHUSDT | time=1769411760000 | trades=1363 | delta=358.9900 | poc=1
2026-01-26 02:17:00 - orderflow_service - INFO - [ORDERFLOW_SERVICE] Footprint completado: BTCUSDT | time=1769411760000 | trades=427 | delta=-2.6920 | poc=1
2026-01-26 02:17:00 - orderflow_service - INFO - [ORDERFLOW_SERVICE] Footprint completado: TRXUSDT | time=1769411760000 | trades=46 | delta=-7937.0000 | poc=0
2026-01-26 02:17:00 - orderflow_service - INFO - [ORDERFLOW_SERVICE] Footprint completado: GALAUSDT | time=1769411760000 | trades=150 | delta=1019876.0000 | poc=0
2026-01-26 02:17:00 - orderflow_service - INFO - [ORDERFLOW_SERVICE] Footprint completado: DOGEUSDT | time=1769411760000 | trades=84 | delta=25671.0000 | poc=0
2026-01-26 02:17:00 - orderflow_service - INFO - [ORDERFLOW_SERVICE] Footprint completado: XRPUSDT | time=1769411760000 | trades=195 | delta=19155.7000 | poc=1
2026-01-26 02:17:00 - orderflow_service - INFO - [ORDERFLOW_SERVICE] Footprint completado: TRBUSDT | time=1769411760000 | trades=6 | delta=0.4600 | poc=0
2026-01-26 02:17:00 - orderflow_service - INFO - [ORDERFLOW_SERVICE] Footprint completado: SOLUSDT | time=1769411760000 | trades=260 | delta=726.2000 | poc=1
2026-01-26 02:17:01 - orderflow_service - INFO - [ORDERFLOW_SERVICE] Footprint completado: SUIUSDT | time=1769411760000 | trades=64 | delta=6510.0000 | poc=10
2026-01-26 02:17:01 - orderflow_service - INFO - [ORDERFLOW_SERVICE] Footprint completado: ADAUSDT | time=1769411760000 | trades=67 | delta=50857.0000 | poc=0
2026-01-26 02:17:01 - orderflow_service - INFO - [ORDERFLOW_SERVICE] Footprint completado: BNBUSDT | time=1769411760000 | trades=13 | delta=-0.5800 | poc=0
2026-01-26 02:17:02 - orderflow_service - INFO - [ORDERFLOW_SERVICE] Footprint completado: PAXGUSDT | time=1769411760000 | trades=106 | delta=-2.4760 | poc=0
2026-01-26 02:17:03 - orderflow_service - INFO - [ORDERFLOW_SERVICE] Footprint completado: POLUSDT | time=1769411760000 | trades=90 | delta=-25896.0000 | poc=0
2026-01-26 02:18:00 - orderflow_service - INFO - [ORDERFLOW_SERVICE] Footprint completado: ETHUSDT | time=1769411820000 | trades=3360 | delta=340.6400 | poc=1
2026-01-26 02:18:00 - orderflow_service - INFO - [ORDERFLOW_SERVICE] Footprint completado: XRPUSDT | time=1769411820000 | trades=493 | delta=10402.2000 | poc=0
2026-01-26 02:18:00 - orderflow_service - INFO - [ORDERFLOW_SERVICE] Footprint completado: SUIUSDT | time=1769411820000 | trades=109 | delta=-2720.0000 | poc=7
2026-01-26 02:18:00 - orderflow_service - INFO - [ORDERFLOW_SERVICE] Footprint completado: BTCUSDT | time=1769411820000 | trades=548 | delta=-4.7810 | poc=14
2026-01-26 02:18:03 - orderflow_service - WARNING - [ORDERFLOW_SERVICE] Error enviando alerta: All connection attempts failed
2026-01-26 02:18:03 - orderflow_service - INFO - [ORDERFLOW_SERVICE] Footprint completado: DOGEUSDT | time=1769411820000 | trades=145 | delta=59185.0000 | poc=0
2026-01-26 02:18:03 - orderflow_service - INFO - [ORDERFLOW_SERVICE] Footprint completado: SOLUSDT | time=1769411820000 | trades=452 | delta=933.9000 | poc=0
2026-01-26 02:18:03 - orderflow_service - INFO - [ORDERFLOW_SERVICE] Footprint completado: PAXGUSDT | time=1769411820000 | trades=137 | delta=3.7620 | poc=1
2026-01-26 02:18:03 - orderflow_service - INFO - [ORDERFLOW_SERVICE] Footprint completado: TRXUSDT | time=1769411820000 | trades=5 | delta=-118.0000 | poc=0
2026-01-26 02:18:03 - orderflow_service - INFO - [ORDERFLOW_SERVICE] Footprint completado: GALAUSDT | time=1769411820000 | trades=434 | delta=8355210.0000 | poc=0
2026-01-26 02:18:03 - orderflow_service - INFO - [ORDERFLOW_SERVICE] Footprint completado: POLUSDT | time=1769411820000 | trades=36 | delta=17974.0000 | poc=0
2026-01-26 02:18:04 - orderflow_service - INFO - [ORDERFLOW_SERVICE] Footprint completado: TRBUSDT | time=1769411820000 | trades=13 | delta=16.6100 | poc=4
2026-01-26 02:18:05 - orderflow_service - INFO - [ORDERFLOW_SERVICE] Footprint completado: ADAUSDT | time=1769411820000 | trades=151 | delta=147259.0000 | poc=0
2026-01-26 02:18:06 - orderflow_service - INFO - [ORDERFLOW_SERVICE] Footprint completado: BNBUSDT | time=1769411820000 | trades=44 | delta=-6.8000 | poc=0
2026-01-26 02:19:00 - orderflow_service - INFO - [ORDERFLOW_SERVICE] Footprint completado: XRPUSDT | time=1769411880000 | trades=1073 | delta=35681.5000 | poc=1
2026-01-26 02:19:00 - orderflow_service - INFO - [ORDERFLOW_SERVICE] Footprint completado: DOGEUSDT | time=1769411880000 | trades=1145 | delta=596364.0000 | poc=0
2026-01-26 02:19:00 - orderflow_service - INFO - [ORDERFLOW_SERVICE] Footprint completado: BNBUSDT | time=1769411880000 | trades=239 | delta=-9.2000 | poc=1
2026-01-26 02:19:00 - orderflow_service - INFO - [ORDERFLOW_SERVICE] Footprint completado: ETHUSDT | time=1769411880000 | trades=9848 | delta=630.7800 | poc=3
2026-01-26 02:19:00 - footprint_calculator - WARNING - Max levels reached for candle 87903.7-88043.4 with step 1.0
2026-01-26 02:19:00 - orderflow_service - INFO - [ORDERFLOW_SERVICE] Footprint completado: BTCUSDT | time=1769411880000 | trades=4083 | delta=35.5380 | poc=49
2026-01-26 02:19:00 - footprint_calculator - WARNING - Max levels reached for candle 1.4455-1.4517 with step 0.0001
2026-01-26 02:19:00 - orderflow_service - INFO - [ORDERFLOW_SERVICE] Footprint completado: SUIUSDT | time=1769411880000 | trades=809 | delta=40000.0000 | poc=49
2026-01-26 02:19:03 - orderflow_service - WARNING - [ORDERFLOW_SERVICE] Error enviando alerta: All connection attempts failed
2026-01-26 02:19:03 - orderflow_service - INFO - [ORDERFLOW_SERVICE] Footprint completado: SOLUSDT | time=1769411880000 | trades=1489 | delta=326.8000 | poc=1
2026-01-26 02:19:03 - orderflow_service - INFO - [ORDERFLOW_SERVICE] Footprint completado: GALAUSDT | time=1769411880000 | trades=381 | delta=-5671286.0000 | poc=0
2026-01-26 02:19:03 - orderflow_service - INFO - [ORDERFLOW_SERVICE] Footprint completado: ADAUSDT | time=1769411880000 | trades=561 | delta=-1470.0000 | poc=0
2026-01-26 02:19:03 - orderflow_service - INFO - [ORDERFLOW_SERVICE] Footprint completado: TRBUSDT | time=1769411880000 | trades=90 | delta=-52.5500 | poc=7
2026-01-26 02:19:03 - orderflow_service - INFO - [ORDERFLOW_SERVICE] Footprint completado: PAXGUSDT | time=1769411880000 | trades=217 | delta=11.0840 | poc=1
2026-01-26 02:19:03 - orderflow_service - INFO - [ORDERFLOW_SERVICE] Footprint completado: POLUSDT | time=1769411880000 | trades=450 | delta=-105479.0000 | poc=0
2026-01-26 02:19:03 - orderflow_service - INFO - [ORDERFLOW_SERVICE] Footprint completado: TRXUSDT | time=1769411880000 | trades=36 | delta=18238.0000 | poc=0
2026-01-26 02:20:00 - orderflow_service - INFO - [ORDERFLOW_SERVICE] Footprint completado: SUIUSDT | time=1769411940000 | trades=296 | delta=700.0000 | poc=30
2026-01-26 02:20:00 - footprint_calculator - WARNING - Max levels reached for candle 1.4443-1.4517 with step 0.0001
2026-01-26 02:20:00 - orderflow_service - INFO - [ORDERFLOW_SERVICE] Footprint completado: SUIUSDT | time=1769411700000 | trades=1420 | delta=39090.0000 | poc=49
2026-01-26 02:20:00 - orderflow_service - INFO - [ORDERFLOW_SERVICE] Footprint completado: ETHUSDT | time=1769411940000 | trades=2876 | delta=-1264.9500 | poc=2
2026-01-26 02:20:00 - orderflow_service - INFO - [ORDERFLOW_SERVICE] Footprint completado: ETHUSDT | time=1769411700000 | trades=18754 | delta=466.7700 | poc=4
2026-01-26 02:20:00 - orderflow_service - INFO - [ORDERFLOW_SERVICE] Footprint completado: ADAUSDT | time=1769411940000 | trades=142 | delta=-78535.0000 | poc=0
2026-01-26 02:20:00 - orderflow_service - INFO - [ORDERFLOW_SERVICE] Footprint completado: ADAUSDT | time=1769411700000 | trades=975 | delta=109851.0000 | poc=0
2026-01-26 02:20:00 - orderflow_service - INFO - [ORDERFLOW_SERVICE] Footprint completado: DOGEUSDT | time=1769411940000 | trades=366 | delta=162972.0000 | poc=0
2026-01-26 02:20:00 - orderflow_service - INFO - [ORDERFLOW_SERVICE] Footprint completado: DOGEUSDT | time=1769411700000 | trades=1874 | delta=865986.0000 | poc=0
2026-01-26 02:20:00 - footprint_calculator - WARNING - Max levels reached for candle 87888.6-87987.8 with step 1.0
2026-01-26 02:20:00 - orderflow_service - INFO - [ORDERFLOW_SERVICE] Footprint completado: BTCUSDT | time=1769411940000 | trades=1275 | delta=1.2210 | poc=49
2026-01-26 02:20:00 - footprint_calculator - WARNING - Max levels reached for candle 87888.6-88043.4 with step 1.0
2026-01-26 02:20:00 - orderflow_service - INFO - [ORDERFLOW_SERVICE] Footprint completado: BTCUSDT | time=1769411700000 | trades=7453 | delta=26.7120 | poc=49
2026-01-26 02:20:00 - orderflow_service - INFO - [ORDERFLOW_SERVICE] Footprint completado: TRXUSDT | time=1769411940000 | trades=34 | delta=-9718.0000 | poc=0
2026-01-26 02:20:00 - orderflow_service - INFO - [ORDERFLOW_SERVICE] Footprint completado: TRXUSDT | time=1769411700000 | trades=134 | delta=-161.0000 | poc=0
2026-01-26 02:20:00 - orderflow_service - INFO - [ORDERFLOW_SERVICE] Footprint completado: XRPUSDT | time=1769411940000 | trades=459 | delta=20421.1000 | poc=1
2026-01-26 02:20:00 - orderflow_service - INFO - [ORDERFLOW_SERVICE] Footprint completado: XRPUSDT | time=1769411700000 | trades=2472 | delta=88616.4000 | poc=1
2026-01-26 02:20:00 - orderflow_service - INFO - [ORDERFLOW_SERVICE] Footprint completado: SOLUSDT | time=1769411940000 | trades=660 | delta=-527.7000 | poc=1
2026-01-26 02:20:00 - orderflow_service - INFO - [ORDERFLOW_SERVICE] Footprint completado: SOLUSDT | time=1769411700000 | trades=3091 | delta=2066.0000 | poc=1
2026-01-26 02:20:00 - orderflow_service - INFO - [ORDERFLOW_SERVICE] Footprint completado: GALAUSDT | time=1769411940000 | trades=100 | delta=76326.0000 | poc=0
2026-01-26 02:20:00 - orderflow_service - INFO - [ORDERFLOW_SERVICE] Footprint completado: GALAUSDT | time=1769411700000 | trades=1204 | delta=3727064.0000 | poc=0
2026-01-26 02:20:01 - orderflow_service - INFO - [ORDERFLOW_SERVICE] Footprint completado: PAXGUSDT | time=1769411940000 | trades=107 | delta=-6.1040 | poc=4
2026-01-26 02:20:01 - orderflow_service - INFO - [ORDERFLOW_SERVICE] Footprint completado: PAXGUSDT | time=1769411700000 | trades=622 | delta=5.8500 | poc=12
2026-01-26 02:20:03 - orderflow_service - INFO - [ORDERFLOW_SERVICE] Footprint completado: BNBUSDT | time=1769411940000 | trades=79 | delta=-15.9500 | poc=0
2026-01-26 02:20:03 - orderflow_service - INFO - [ORDERFLOW_SERVICE] Footprint completado: BNBUSDT | time=1769411700000 | trades=424 | delta=-9.8400 | poc=1
2026-01-26 02:20:06 - orderflow_service - INFO - [ORDERFLOW_SERVICE] Footprint completado: TRBUSDT | time=1769411940000 | trades=17 | delta=10.1900 | poc=14
2026-01-26 02:20:06 - orderflow_service - INFO - [ORDERFLOW_SERVICE] Footprint completado: TRBUSDT | time=1769411700000 | trades=136 | delta=-32.8500 | poc=29
2026-01-26 02:20:09 - orderflow_service - WARNING - [ORDERFLOW_SERVICE] Error enviando alerta: All connection attempts failed
2026-01-26 02:20:09 - orderflow_service - INFO - [ORDERFLOW_SERVICE] Footprint completado: POLUSDT | time=1769411940000 | trades=105 | delta=-37447.0000 | poc=0
2026-01-26 02:20:09 - orderflow_service - INFO - [ORDERFLOW_SERVICE] Footprint completado: POLUSDT | time=1769411700000 | trades=811 | delta=-24706.0000 | poc=0
2026-01-26 02:21:00 - orderflow_service - INFO - [ORDERFLOW_SERVICE] Footprint completado: ETHUSDT | time=1769412000000 | trades=2318 | delta=620.5300 | poc=1
2026-01-26 02:21:00 - orderflow_service - INFO - [ORDERFLOW_SERVICE] Footprint completado: XRPUSDT | time=1769412000000 | trades=270 | delta=75782.5000 | poc=0
2026-01-26 02:21:00 - orderflow_service - INFO - [ORDERFLOW_SERVICE] Footprint completado: GALAUSDT | time=1769412000000 | trades=150 | delta=2589127.0000 | poc=0
2026-01-26 02:21:00 - orderflow_service - INFO - [ORDERFLOW_SERVICE] Footprint completado: BTCUSDT | time=1769412000000 | trades=854 | delta=-0.8170 | poc=25
2026-01-26 02:21:03 - orderflow_service - WARNING - [ORDERFLOW_SERVICE] Error enviando alerta: All connection attempts failed
2026-01-26 02:21:03 - orderflow_service - INFO - [ORDERFLOW_SERVICE] Footprint completado: POLUSDT | time=1769412000000 | trades=87 | delta=70141.0000 | poc=0
2026-01-26 02:21:03 - orderflow_service - INFO - [ORDERFLOW_SERVICE] Footprint completado: ADAUSDT | time=1769412000000 | trades=94 | delta=100561.0000 | poc=0
2026-01-26 02:21:03 - orderflow_service - INFO - [ORDERFLOW_SERVICE] Footprint completado: SUIUSDT | time=1769412000000 | trades=113 | delta=20440.0000 | poc=1
2026-01-26 02:21:03 - orderflow_service - INFO - [ORDERFLOW_SERVICE] Footprint completado: SOLUSDT | time=1769412000000 | trades=338 | delta=1696.8000 | poc=0
2026-01-26 02:21:03 - orderflow_service - INFO - [ORDERFLOW_SERVICE] Footprint completado: BNBUSDT | time=1769412000000 | trades=59 | delta=-14.1000 | poc=0
2026-01-26 02:21:03 - orderflow_service - INFO - [ORDERFLOW_SERVICE] Footprint completado: DOGEUSDT | time=1769412000000 | trades=234 | delta=1106129.0000 | poc=0
2026-01-26 02:21:03 - orderflow_service - INFO - [ORDERFLOW_SERVICE] Footprint completado: PAXGUSDT | time=1769412000000 | trades=76 | delta=0.3740 | poc=0
2026-01-26 02:21:05 - orderflow_service - INFO - [ORDERFLOW_SERVICE] Footprint completado: TRXUSDT | time=1769412000000 | trades=83 | delta=-25580.0000 | poc=0
2026-01-26 02:21:09 - orderflow_service - INFO - [ORDERFLOW_SERVICE] Footprint completado: TRBUSDT | time=1769412000000 | trades=11 | delta=14.3500 | poc=11
2026-01-26 02:22:00 - orderflow_service - INFO - [ORDERFLOW_SERVICE] Footprint completado: BTCUSDT | time=1769412060000 | trades=600 | delta=-1.2000 | poc=0
2026-01-26 02:22:00 - orderflow_service - INFO - [ORDERFLOW_SERVICE] Footprint completado: ETHUSDT | time=1769412060000 | trades=1579 | delta=16.9700 | poc=0
2026-01-26 02:22:00 - orderflow_service - INFO - [ORDERFLOW_SERVICE] Footprint completado: POLUSDT | time=1769412060000 | trades=55 | delta=2577.0000 | poc=0
2026-01-26 02:22:01 - orderflow_service - INFO - [ORDERFLOW_SERVICE] Footprint completado: XRPUSDT | time=1769412060000 | trades=183 | delta=-1655.9000 | poc=0
2026-01-26 02:22:01 - orderflow_service - INFO - [ORDERFLOW_SERVICE] Footprint completado: DOGEUSDT | time=1769412060000 | trades=134 | delta=104973.0000 | poc=0
2026-01-26 02:22:01 - orderflow_service - INFO - [ORDERFLOW_SERVICE] Footprint completado: ADAUSDT | time=1769412060000 | trades=49 | delta=19156.0000 | poc=0
2026-01-26 02:22:01 - orderflow_service - INFO - [ORDERFLOW_SERVICE] Footprint completado: PAXGUSDT | time=1769412060000 | trades=107 | delta=-4.4840 | poc=0
2026-01-26 02:22:01 - orderflow_service - INFO - [ORDERFLOW_SERVICE] Footprint completado: SOLUSDT | time=1769412060000 | trades=218 | delta=1221.9000 | poc=1
2026-01-26 02:22:02 - orderflow_service - INFO - [ORDERFLOW_SERVICE] Footprint completado: TRXUSDT | time=1769412060000 | trades=430 | delta=-303891.0000 | poc=1
2026-01-26 02:22:05 - orderflow_service - INFO - [ORDERFLOW_SERVICE] Footprint completado: SUIUSDT | time=1769412060000 | trades=124 | delta=8990.0000 | poc=5
2026-01-26 02:22:06 - orderflow_service - INFO - [ORDERFLOW_SERVICE] Footprint completado: GALAUSDT | time=1769412060000 | trades=136 | delta=-1107859.0000 | poc=0
2026-01-26 02:22:16 - orderflow_service - INFO - [ORDERFLOW_SERVICE] Footprint completado: BNBUSDT | time=1769412060000 | trades=15 | delta=2.0200 | poc=0
2026-01-26 02:22:18 - orderflow_service - INFO - [ORDERFLOW_SERVICE] Footprint completado: TRBUSDT | time=1769412060000 | trades=14 | delta=-1.1400 | poc=1
2026-01-26 02:23:00 - orderflow_service - INFO - [ORDERFLOW_SERVICE] Footprint completado: XRPUSDT | time=1769412120000 | trades=381 | delta=70321.4000 | poc=0
2026-01-26 02:23:00 - footprint_calculator - WARNING - Max levels reached for candle 87922.7-87984.1 with step 1.0
2026-01-26 02:23:00 - orderflow_service - INFO - [ORDERFLOW_SERVICE] Footprint completado: BTCUSDT | time=1769412120000 | trades=1345 | delta=4.5170 | poc=30
2026-01-26 02:23:00 - orderflow_service - INFO - [ORDERFLOW_SERVICE] Footprint completado: SUIUSDT | time=1769412120000 | trades=226 | delta=13540.0000 | poc=7
2026-01-26 02:23:00 - orderflow_service - INFO - [ORDERFLOW_SERVICE] Footprint completado: SOLUSDT | time=1769412120000 | trades=291 | delta=521.0000 | poc=1
2026-01-26 02:23:00 - orderflow_service - INFO - [ORDERFLOW_SERVICE] Footprint completado: ETHUSDT | time=1769412120000 | trades=2056 | delta=491.0000 | poc=2
2026-01-26 02:23:00 - orderflow_service - INFO - [ORDERFLOW_SERVICE] Footprint completado: DOGEUSDT | time=1769412120000 | trades=259 | delta=501276.0000 | poc=0
2026-01-26 02:23:00 - orderflow_service - INFO - [ORDERFLOW_SERVICE] Footprint completado: ADAUSDT | time=1769412120000 | trades=111 | delta=-63812.0000 | poc=0
2026-01-26 02:23:00 - orderflow_service - INFO - [ORDERFLOW_SERVICE] Footprint completado: BNBUSDT | time=1769412120000 | trades=49 | delta=2.2500 | poc=0
2026-01-26 02:23:00 - orderflow_service - INFO - [ORDERFLOW_SERVICE] Footprint completado: GALAUSDT | time=1769412120000 | trades=393 | delta=11375698.0000 | poc=0
2026-01-26 02:23:00 - orderflow_service - INFO - [ORDERFLOW_SERVICE] Footprint completado: PAXGUSDT | time=1769412120000 | trades=61 | delta=-0.6720 | poc=1
2026-01-26 02:23:01 - orderflow_service - INFO - [ORDERFLOW_SERVICE] Footprint completado: POLUSDT | time=1769412120000 | trades=105 | delta=99332.0000 | poc=0
2026-01-26 02:23:01 - orderflow_service - INFO - [ORDERFLOW_SERVICE] Footprint completado: TRBUSDT | time=1769412120000 | trades=27 | delta=-22.0700 | poc=1
2026-01-26 02:23:03 - orderflow_service - INFO - [ORDERFLOW_SERVICE] Footprint completado: TRXUSDT | time=1769412120000 | trades=32 | delta=-6851.0000 | poc=0
2026-01-26 02:24:00 - orderflow_service - INFO - [ORDERFLOW_SERVICE] Footprint completado: ETHUSDT | time=1769412180000 | trades=2258 | delta=779.0300 | poc=1
2026-01-26 02:24:02 - orderflow_service - WARNING - [ORDERFLOW_SERVICE] Error enviando alerta: All connection attempts failed
2026-01-26 02:24:02 - orderflow_service - INFO - [ORDERFLOW_SERVICE] Footprint completado: GALAUSDT | time=1769412180000 | trades=307 | delta=2480615.0000 | poc=0
2026-01-26 02:24:03 - orderflow_service - INFO - [ORDERFLOW_SERVICE] Footprint completado: BTCUSDT | time=1769412180000 | trades=813 | delta=-1.7570 | poc=32
2026-01-26 02:24:03 - orderflow_service - INFO - [ORDERFLOW_SERVICE] Footprint completado: XRPUSDT | time=1769412180000 | trades=202 | delta=-2475.8000 | poc=0
2026-01-26 02:24:03 - orderflow_service - INFO - [ORDERFLOW_SERVICE] Footprint completado: DOGEUSDT | time=1769412180000 | trades=199 | delta=762001.0000 | poc=0
2026-01-26 02:24:03 - orderflow_service - INFO - [ORDERFLOW_SERVICE] Footprint completado: ADAUSDT | time=1769412180000 | trades=53 | delta=-17498.0000 | poc=0
2026-01-26 02:24:03 - orderflow_service - INFO - [ORDERFLOW_SERVICE] Footprint completado: PAXGUSDT | time=1769412180000 | trades=23 | delta=-0.0090 | poc=1
2026-01-26 02:24:03 - orderflow_service - INFO - [ORDERFLOW_SERVICE] Footprint completado: SUIUSDT | time=1769412180000 | trades=105 | delta=11490.0000 | poc=2
2026-01-26 02:24:03 - orderflow_service - INFO - [ORDERFLOW_SERVICE] Footprint completado: SOLUSDT | time=1769412180000 | trades=293 | delta=569.2000 | poc=0
2026-01-26 02:24:03 - orderflow_service - INFO - [ORDERFLOW_SERVICE] Footprint completado: BNBUSDT | time=1769412180000 | trades=41 | delta=-20.2600 | poc=0
2026-01-26 02:24:12 - orderflow_service - INFO - [ORDERFLOW_SERVICE] Footprint completado: POLUSDT | time=1769412180000 | trades=47 | delta=16380.0000 | poc=0
2026-01-26 02:24:21 - orderflow_service - INFO - [ORDERFLOW_SERVICE] Footprint completado: TRBUSDT | time=1769412180000 | trades=13 | delta=9.0800 | poc=4
2026-01-26 02:24:51 - orderflow_service - INFO - [ORDERFLOW_SERVICE] Footprint completado: TRXUSDT | time=1769412180000 | trades=46 | delta=43570.0000 | poc=0
2026-01-26 02:25:00 - orderflow_service - INFO - [ORDERFLOW_SERVICE] Footprint completado: TRBUSDT | time=1769412240000 | trades=8 | delta=0.2000 | poc=0
2026-01-26 02:25:00 - orderflow_service - INFO - [ORDERFLOW_SERVICE] Footprint completado: TRBUSDT | time=1769412000000 | trades=73 | delta=0.4200 | poc=3
2026-01-26 02:25:00 - orderflow_service - INFO - [ORDERFLOW_SERVICE] Footprint completado: SOLUSDT | time=1769412240000 | trades=186 | delta=-287.8000 | poc=0
2026-01-26 02:25:00 - orderflow_service - INFO - [ORDERFLOW_SERVICE] Footprint completado: SOLUSDT | time=1769412000000 | trades=1326 | delta=3721.1000 | poc=0
2026-01-26 02:25:00 - orderflow_service - INFO - [ORDERFLOW_SERVICE] Footprint completado: GALAUSDT | time=1769412240000 | trades=195 | delta=-808503.0000 | poc=0
2026-01-26 02:25:00 - orderflow_service - INFO - [ORDERFLOW_SERVICE] Footprint completado: GALAUSDT | time=1769412000000 | trades=1181 | delta=14529078.0000 | poc=0
2026-01-26 02:25:00 - orderflow_service - INFO - [ORDERFLOW_SERVICE] Footprint completado: BTCUSDT | time=1769412240000 | trades=636 | delta=-12.8850 | poc=10
2026-01-26 02:25:00 - footprint_calculator - WARNING - Max levels reached for candle 87889.6-87984.1 with step 1.0
2026-01-26 02:25:00 - orderflow_service - INFO - [ORDERFLOW_SERVICE] Footprint completado: BTCUSDT | time=1769412000000 | trades=4248 | delta=-12.1420 | poc=49
2026-01-26 02:25:00 - orderflow_service - INFO - [ORDERFLOW_SERVICE] Footprint completado: PAXGUSDT | time=1769412240000 | trades=50 | delta=1.2890 | poc=0
2026-01-26 02:25:00 - orderflow_service - INFO - [ORDERFLOW_SERVICE] Footprint completado: PAXGUSDT | time=1769412000000 | trades=317 | delta=-3.5020 | poc=3
2026-01-26 02:25:03 - orderflow_service - WARNING - [ORDERFLOW_SERVICE] Error enviando alerta: All connection attempts failed
2026-01-26 02:25:03 - orderflow_service - INFO - [ORDERFLOW_SERVICE] Footprint completado: XRPUSDT | time=1769412240000 | trades=155 | delta=-39814.5000 | poc=0
2026-01-26 02:25:03 - orderflow_service - INFO - [ORDERFLOW_SERVICE] Footprint completado: XRPUSDT | time=1769412000000 | trades=1191 | delta=102157.7000 | poc=0
2026-01-26 02:25:03 - orderflow_service - INFO - [ORDERFLOW_SERVICE] Footprint completado: DOGEUSDT | time=1769412240000 | trades=134 | delta=8638.0000 | poc=0
2026-01-26 02:25:03 - orderflow_service - INFO - [ORDERFLOW_SERVICE] Footprint completado: DOGEUSDT | time=1769412000000 | trades=960 | delta=2483017.0000 | poc=0
2026-01-26 02:25:03 - orderflow_service - INFO - [ORDERFLOW_SERVICE] Footprint completado: SUIUSDT | time=1769412240000 | trades=112 | delta=-7650.0000 | poc=4
2026-01-26 02:25:03 - orderflow_service - INFO - [ORDERFLOW_SERVICE] Footprint completado: SUIUSDT | time=1769412000000 | trades=680 | delta=46810.0000 | poc=12
2026-01-26 02:25:03 - orderflow_service - INFO - [ORDERFLOW_SERVICE] Footprint completado: TRXUSDT | time=1769412240000 | trades=24 | delta=-4700.0000 | poc=0
2026-01-26 02:25:03 - orderflow_service - INFO - [ORDERFLOW_SERVICE] Footprint completado: TRXUSDT | time=1769412000000 | trades=615 | delta=-297452.0000 | poc=1
2026-01-26 02:25:03 - orderflow_service - INFO - [ORDERFLOW_SERVICE] Footprint completado: ETHUSDT | time=1769412240000 | trades=1037 | delta=167.5400 | poc=1
2026-01-26 02:25:03 - orderflow_service - INFO - [ORDERFLOW_SERVICE] Footprint completado: ETHUSDT | time=1769412000000 | trades=9248 | delta=2075.0700 | poc=2
2026-01-26 02:25:03 - orderflow_service - INFO - [ORDERFLOW_SERVICE] Footprint completado: POLUSDT | time=1769412240000 | trades=66 | delta=2794.0000 | poc=0
2026-01-26 02:25:03 - orderflow_service - INFO - [ORDERFLOW_SERVICE] Footprint completado: POLUSDT | time=1769412000000 | trades=360 | delta=191224.0000 | poc=0
2026-01-26 02:25:03 - orderflow_service - INFO - [ORDERFLOW_SERVICE] Footprint completado: ADAUSDT | time=1769412240000 | trades=73 | delta=-20716.0000 | poc=0
2026-01-26 02:25:03 - orderflow_service - INFO - [ORDERFLOW_SERVICE] Footprint completado: ADAUSDT | time=1769412000000 | trades=380 | delta=17691.0000 | poc=0
2026-01-26 02:25:07 - orderflow_service - INFO - [ORDERFLOW_SERVICE] Footprint completado: BNBUSDT | time=1769412240000 | trades=10 | delta=0.7500 | poc=0
2026-01-26 02:25:07 - orderflow_service - INFO - [ORDERFLOW_SERVICE] Footprint completado: BNBUSDT | time=1769412000000 | trades=174 | delta=-29.3400 | poc=0
2026-01-26 02:26:00 - orderflow_service - INFO - [ORDERFLOW_SERVICE] Footprint completado: ETHUSDT | time=1769412300000 | trades=2601 | delta=-73.2900 | poc=2
2026-01-26 02:26:00 - footprint_calculator - WARNING - Max levels reached for candle 87853.9-87914.3 with step 1.0
2026-01-26 02:26:00 - orderflow_service - INFO - [ORDERFLOW_SERVICE] Footprint completado: BTCUSDT | time=1769412300000 | trades=816 | delta=-6.3790 | poc=49
2026-01-26 02:26:00 - orderflow_service - INFO - [ORDERFLOW_SERVICE] Footprint completado: DOGEUSDT | time=1769412300000 | trades=228 | delta=340798.0000 | poc=0
2026-01-26 02:26:00 - orderflow_service - INFO - [ORDERFLOW_SERVICE] Footprint completado: GALAUSDT | time=1769412300000 | trades=166 | delta=532187.0000 | poc=0
2026-01-26 02:26:01 - orderflow_service - INFO - [ORDERFLOW_SERVICE] Footprint completado: SOLUSDT | time=1769412300000 | trades=233 | delta=272.5000 | poc=0
2026-01-26 02:26:01 - orderflow_service - INFO - [ORDERFLOW_SERVICE] Footprint completado: BNBUSDT | time=1769412300000 | trades=44 | delta=-4.7700 | poc=1
2026-01-26 02:26:01 - orderflow_service - INFO - [ORDERFLOW_SERVICE] Footprint completado: PAXGUSDT | time=1769412300000 | trades=20 | delta=-0.0710 | poc=0
2026-01-26 02:26:01 - orderflow_service - INFO - [ORDERFLOW_SERVICE] Footprint completado: XRPUSDT | time=1769412300000 | trades=177 | delta=-28542.6000 | poc=0
2026-01-26 02:26:01 - orderflow_service - INFO - [ORDERFLOW_SERVICE] Footprint completado: SUIUSDT | time=1769412300000 | trades=181 | delta=-13380.0000 | poc=10
2026-01-26 02:26:03 - orderflow_service - INFO - [ORDERFLOW_SERVICE] Footprint completado: TRXUSDT | time=1769412300000 | trades=25 | delta=774.0000 | poc=0
2026-01-26 02:26:08 - orderflow_service - INFO - [ORDERFLOW_SERVICE] Footprint completado: POLUSDT | time=1769412300000 | trades=48 | delta=-26443.0000 | poc=0
2026-01-26 02:26:08 - orderflow_service - INFO - [ORDERFLOW_SERVICE] Footprint completado: ADAUSDT | time=1769412300000 | trades=82 | delta=-163720.0000 | poc=0
2026-01-26 02:26:13 - orderflow_service - INFO - [ORDERFLOW_SERVICE] Footprint completado: TRBUSDT | time=1769412300000 | trades=13 | delta=8.5400 | poc=11
2026-01-26 02:27:00 - orderflow_service - INFO - [ORDERFLOW_SERVICE] Footprint completado: SOLUSDT | time=1769412360000 | trades=334 | delta=23.3000 | poc=0
2026-01-26 02:27:00 - footprint_calculator - WARNING - Max levels reached for candle 87802.0-87862.8 with step 1.0
2026-01-26 02:27:00 - orderflow_service - INFO - [ORDERFLOW_SERVICE] Footprint completado: BTCUSDT | time=1769412360000 | trades=1171 | delta=-17.4280 | poc=33
2026-01-26 02:27:00 - orderflow_service - INFO - [ORDERFLOW_SERVICE] Footprint completado: ETHUSDT | time=1769412360000 | trades=1421 | delta=-124.9300 | poc=1
2026-01-26 02:27:00 - orderflow_service - INFO - [ORDERFLOW_SERVICE] Footprint completado: GALAUSDT | time=1769412360000 | trades=189 | delta=-713977.0000 | poc=0
2026-01-26 02:27:00 - orderflow_service - INFO - [ORDERFLOW_SERVICE] Footprint completado: DOGEUSDT | time=1769412360000 | trades=231 | delta=-776470.0000 | poc=0
2026-01-26 02:27:00 - orderflow_service - INFO - [ORDERFLOW_SERVICE] Footprint completado: XRPUSDT | time=1769412360000 | trades=389 | delta=35469.0000 | poc=1
2026-01-26 02:27:00 - orderflow_service - INFO - [ORDERFLOW_SERVICE] Footprint completado: PAXGUSDT | time=1769412360000 | trades=76 | delta=0.4360 | poc=3
2026-01-26 02:27:01 - orderflow_service - INFO - [ORDERFLOW_SERVICE] Footprint completado: SUIUSDT | time=1769412360000 | trades=86 | delta=-6220.0000 | poc=5
2026-01-26 02:27:01 - orderflow_service - INFO - [ORDERFLOW_SERVICE] Footprint completado: TRXUSDT | time=1769412360000 | trades=1 | delta=-52.0000 | poc=0
2026-01-26 02:27:03 - orderflow_service - INFO - [ORDERFLOW_SERVICE] Footprint completado: TRBUSDT | time=1769412360000 | trades=3 | delta=1.1100 | poc=0
2026-01-26 02:27:05 - orderflow_service - INFO - [ORDERFLOW_SERVICE] Footprint completado: POLUSDT | time=1769412360000 | trades=47 | delta=3766.0000 | poc=0
2026-01-26 02:27:15 - orderflow_service - INFO - [ORDERFLOW_SERVICE] Footprint completado: BNBUSDT | time=1769412360000 | trades=48 | delta=-28.1600 | poc=0
2026-01-26 02:27:17 - orderflow_service - INFO - [ORDERFLOW_SERVICE] Footprint completado: ADAUSDT | time=1769412360000 | trades=60 | delta=-4554.0000 | poc=0
2026-01-26 02:28:00 - orderflow_service - INFO - [ORDERFLOW_SERVICE] Footprint completado: ETHUSDT | time=1769412420000 | trades=2018 | delta=477.3000 | poc=1
2026-01-26 02:28:00 - footprint_calculator - WARNING - Max levels reached for candle 87753.0-87821.5 with step 1.0
2026-01-26 02:28:00 - orderflow_service - INFO - [ORDERFLOW_SERVICE] Footprint completado: BTCUSDT | time=1769412420000 | trades=1115 | delta=-10.6560 | poc=12
2026-01-26 02:28:00 - orderflow_service - INFO - [ORDERFLOW_SERVICE] Footprint completado: GALAUSDT | time=1769412420000 | trades=227 | delta=-1962916.0000 | poc=0
2026-01-26 02:28:00 - orderflow_service - INFO - [ORDERFLOW_SERVICE] Footprint completado: PAXGUSDT | time=1769412420000 | trades=19 | delta=0.0930 | poc=0
2026-01-26 02:28:01 - orderflow_service - INFO - [ORDERFLOW_SERVICE] Footprint completado: SOLUSDT | time=1769412420000 | trades=585 | delta=4927.7000 | poc=0
2026-01-26 02:28:01 - orderflow_service - INFO - [ORDERFLOW_SERVICE] Footprint completado: XRPUSDT | time=1769412420000 | trades=249 | delta=-101732.5000 | poc=0
2026-01-26 02:28:02 - orderflow_service - INFO - [ORDERFLOW_SERVICE] Footprint completado: TRXUSDT | time=1769412420000 | trades=11 | delta=3349.0000 | poc=1
2026-01-26 02:28:02 - orderflow_service - INFO - [ORDERFLOW_SERVICE] Footprint completado: DOGEUSDT | time=1769412420000 | trades=160 | delta=46088.0000 | poc=0
2026-01-26 02:28:03 - orderflow_service - INFO - [ORDERFLOW_SERVICE] Footprint completado: SUIUSDT | time=1769412420000 | trades=123 | delta=-3040.0000 | poc=9
2026-01-26 02:28:05 - orderflow_service - WARNING - [ORDERFLOW_SERVICE] Error enviando alerta: All connection attempts failed
2026-01-26 02:28:05 - orderflow_service - INFO - [ORDERFLOW_SERVICE] Footprint completado: ADAUSDT | time=1769412420000 | trades=51 | delta=-3744.0000 | poc=0
2026-01-26 02:28:05 - orderflow_service - INFO - [ORDERFLOW_SERVICE] Footprint completado: BNBUSDT | time=1769412420000 | trades=32 | delta=-2.4600 | poc=0
2026-01-26 02:28:05 - orderflow_service - INFO - [ORDERFLOW_SERVICE] Footprint completado: TRBUSDT | time=1769412420000 | trades=8 | delta=-1.4400 | poc=10
2026-01-26 02:28:09 - orderflow_service - INFO - [ORDERFLOW_SERVICE] Footprint completado: POLUSDT | time=1769412420000 | trades=45 | delta=8240.0000 | poc=0
2026-01-26 02:29:00 - orderflow_service - INFO - [ORDERFLOW_SERVICE] Footprint completado: ETHUSDT | time=1769412480000 | trades=1888 | delta=403.9300 | poc=0
2026-01-26 02:29:00 - orderflow_service - INFO - [ORDERFLOW_SERVICE] Footprint completado: BTCUSDT | time=1769412480000 | trades=1236 | delta=-15.9210 | poc=3
2026-01-26 02:29:00 - orderflow_service - INFO - [ORDERFLOW_SERVICE] Footprint completado: GALAUSDT | time=1769412480000 | trades=186 | delta=107832.0000 | poc=0
2026-01-26 02:29:01 - orderflow_service - INFO - [ORDERFLOW_SERVICE] Footprint completado: XRPUSDT | time=1769412480000 | trades=81 | delta=-1661.1000 | poc=0
2026-01-26 02:29:01 - orderflow_service - INFO - [ORDERFLOW_SERVICE] Footprint completado: BNBUSDT | time=1769412480000 | trades=10 | delta=-3.3800 | poc=0
2026-01-26 02:29:02 - orderflow_service - INFO - [ORDERFLOW_SERVICE] Footprint completado: SOLUSDT | time=1769412480000 | trades=298 | delta=4395.0000 | poc=0
2026-01-26 02:29:02 - orderflow_service - INFO - [ORDERFLOW_SERVICE] Footprint completado: SUIUSDT | time=1769412480000 | trades=42 | delta=-1040.0000 | poc=5
2026-01-26 02:29:02 - orderflow_service - INFO - [ORDERFLOW_SERVICE] Footprint completado: DOGEUSDT | time=1769412480000 | trades=62 | delta=-154355.0000 | poc=0
2026-01-26 02:29:04 - orderflow_service - INFO - [ORDERFLOW_SERVICE] Footprint completado: TRXUSDT | time=1769412480000 | trades=32 | delta=-2802.0000 | poc=1
2026-01-26 02:29:07 - orderflow_service - INFO - [ORDERFLOW_SERVICE] Footprint completado: ADAUSDT | time=1769412480000 | trades=57 | delta=-15782.0000 | poc=0
2026-01-26 02:29:10 - orderflow_service - INFO - [ORDERFLOW_SERVICE] Footprint completado: TRBUSDT | time=1769412480000 | trades=5 | delta=0.0300 | poc=7
2026-01-26 02:29:16 - orderflow_service - INFO - [ORDERFLOW_SERVICE] Footprint completado: PAXGUSDT | time=1769412480000 | trades=21 | delta=-0.0470 | poc=0
2026-01-26 02:29:20 - orderflow_service - INFO - [ORDERFLOW_SERVICE] Footprint completado: POLUSDT | time=1769412480000 | trades=39 | delta=-21199.0000 | poc=0
2026-01-26 02:30:00 - orderflow_service - INFO - [ORDERFLOW_SERVICE] Footprint completado: BTCUSDT | time=1769412540000 | trades=666 | delta=6.2470 | poc=18
2026-01-26 02:30:00 - footprint_calculator - WARNING - Max levels reached for candle 87741.3-87914.3 with step 1.0
2026-01-26 02:30:00 - orderflow_service - INFO - [ORDERFLOW_SERVICE] Footprint completado: BTCUSDT | time=1769412300000 | trades=5004 | delta=-44.1370 | poc=49
2026-01-26 02:30:00 - orderflow_service - INFO - [ORDERFLOW_SERVICE] Footprint completado: XRPUSDT | time=1769412540000 | trades=185 | delta=-32629.0000 | poc=0
2026-01-26 02:30:00 - orderflow_service - INFO - [ORDERFLOW_SERVICE] Footprint completado: XRPUSDT | time=1769412300000 | trades=1081 | delta=-129096.2000 | poc=1
2026-01-26 02:30:00 - orderflow_service - INFO - [ORDERFLOW_SERVICE] Footprint completado: ETHUSDT | time=1769412540000 | trades=1068 | delta=-32.2700 | poc=1
2026-01-26 02:30:00 - orderflow_service - INFO - [ORDERFLOW_SERVICE] Footprint completado: ETHUSDT | time=1769412300000 | trades=8996 | delta=650.7400 | poc=1
2026-01-26 02:30:00 - orderflow_service - INFO - [ORDERFLOW_SERVICE] Footprint completado: GALAUSDT | time=1769412540000 | trades=104 | delta=293172.0000 | poc=0
2026-01-26 02:30:00 - orderflow_service - INFO - [ORDERFLOW_SERVICE] Footprint completado: GALAUSDT | time=1769412300000 | trades=872 | delta=-1743702.0000 | poc=0
2026-01-26 02:30:00 - orderflow_service - INFO - [ORDERFLOW_SERVICE] Footprint completado: PAXGUSDT | time=1769412540000 | trades=15 | delta=-0.6560 | poc=0
2026-01-26 02:30:00 - orderflow_service - INFO - [ORDERFLOW_SERVICE] Footprint completado: PAXGUSDT | time=1769412300000 | trades=151 | delta=-0.2450 | poc=6
2026-01-26 02:30:00 - orderflow_service - INFO - [ORDERFLOW_SERVICE] Footprint completado: DOGEUSDT | time=1769412540000 | trades=62 | delta=-37042.0000 | poc=0
2026-01-26 02:30:01 - orderflow_service - INFO - [ORDERFLOW_SERVICE] Footprint completado: DOGEUSDT | time=1769412300000 | trades=743 | delta=-580981.0000 | poc=0
2026-01-26 02:30:01 - orderflow_service - INFO - [ORDERFLOW_SERVICE] Footprint completado: ADAUSDT | time=1769412540000 | trades=85 | delta=66813.0000 | poc=0
2026-01-26 02:30:01 - orderflow_service - INFO - [ORDERFLOW_SERVICE] Footprint completado: ADAUSDT | time=1769412300000 | trades=335 | delta=-120987.0000 | poc=0
2026-01-26 02:30:01 - orderflow_service - INFO - [ORDERFLOW_SERVICE] Footprint completado: SOLUSDT | time=1769412540000 | trades=187 | delta=1207.8000 | poc=0
2026-01-26 02:30:01 - orderflow_service - INFO - [ORDERFLOW_SERVICE] Footprint completado: SOLUSDT | time=1769412300000 | trades=1637 | delta=10826.3000 | poc=0
2026-01-26 02:30:02 - orderflow_service - INFO - [ORDERFLOW_SERVICE] Footprint completado: SUIUSDT | time=1769412540000 | trades=64 | delta=-2690.0000 | poc=1
2026-01-26 02:30:02 - orderflow_service - INFO - [ORDERFLOW_SERVICE] Footprint completado: SUIUSDT | time=1769412300000 | trades=496 | delta=-26370.0000 | poc=11
2026-01-26 02:30:02 - orderflow_service - INFO - [ORDERFLOW_SERVICE] Footprint completado: TRXUSDT | time=1769412540000 | trades=16 | delta=1192.0000 | poc=1
2026-01-26 02:30:02 - orderflow_service - INFO - [ORDERFLOW_SERVICE] Footprint completado: TRXUSDT | time=1769412300000 | trades=85 | delta=2461.0000 | poc=0
2026-01-26 02:30:03 - orderflow_service - INFO - [ORDERFLOW_SERVICE] Footprint completado: TRBUSDT | time=1769412540000 | trades=4 | delta=0.0000 | poc=2
2026-01-26 02:30:03 - orderflow_service - INFO - [ORDERFLOW_SERVICE] Footprint completado: TRBUSDT | time=1769412300000 | trades=33 | delta=8.2400 | poc=12
2026-01-26 02:30:03 - orderflow_service - INFO - [ORDERFLOW_SERVICE] Footprint completado: POLUSDT | time=1769412540000 | trades=26 | delta=-21146.0000 | poc=0
2026-01-26 02:30:03 - orderflow_service - INFO - [ORDERFLOW_SERVICE] Footprint completado: POLUSDT | time=1769412300000 | trades=205 | delta=-56782.0000 | poc=0
2026-01-26 02:30:07 - orderflow_service - INFO - [ORDERFLOW_SERVICE] Footprint completado: BNBUSDT | time=1769412540000 | trades=8 | delta=1.5700 | poc=0
2026-01-26 02:30:07 - orderflow_service - INFO - [ORDERFLOW_SERVICE] Footprint completado: BNBUSDT | time=1769412300000 | trades=142 | delta=-37.2000 | poc=0
2026-01-26 02:31:00 - footprint_calculator - WARNING - Max levels reached for candle 87683.3-87764.6 with step 1.0
2026-01-26 02:31:00 - orderflow_service - INFO - [ORDERFLOW_SERVICE] Footprint completado: BTCUSDT | time=1769412600000 | trades=1477 | delta=-34.0520 | poc=49
2026-01-26 02:31:00 - orderflow_service - INFO - [ORDERFLOW_SERVICE] Footprint completado: ETHUSDT | time=1769412600000 | trades=2383 | delta=-496.5000 | poc=1
2026-01-26 03:01:21 - orderflow_service - INFO - [ORDERFLOW_SERVICE] Footprint completado: SUIUSDT | time=1769412600000 | trades=152 | delta=-400.0000 | poc=2
2026-01-26 03:01:21 - orderflow_service - INFO - [ORDERFLOW_SERVICE] Footprint completado: POLUSDT | time=1769412600000 | trades=45 | delta=-11155.0000 | poc=0
2026-01-26 03:01:21 - orderflow_service - INFO - [ORDERFLOW_SERVICE] Footprint completado: XRPUSDT | time=1769412600000 | trades=399 | delta=-31097.5000 | poc=0
2026-01-26 03:01:21 - orderflow_service - INFO - [ORDERFLOW_SERVICE] Footprint completado: SOLUSDT | time=1769412600000 | trades=356 | delta=-674.9000 | poc=0
2026-01-26 03:01:21 - orderflow_service - INFO - [ORDERFLOW_SERVICE] Footprint completado: DOGEUSDT | time=1769412600000 | trades=289 | delta=-236291.0000 | poc=0
2026-01-26 11:21:28 - orderflow_service - INFO - [ORDERFLOW_SERVICE] Footprint completado: GALAUSDT | time=1769412600000 | trades=163 | delta=90843.0000 | poc=0
2026-01-26 11:21:29 - orderflow_service - INFO - [ORDERFLOW_SERVICE] Footprint completado: PAXGUSDT | time=1769412600000 | trades=63 | delta=0.2370 | poc=0
2026-01-26 11:21:29 - orderflow_service - INFO - [ORDERFLOW_SERVICE] Footprint completado: TRXUSDT | time=1769412600000 | trades=33 | delta=672.0000 | poc=0
2026-01-26 11:21:29 - orderflow_service - INFO - [ORDERFLOW_SERVICE] Footprint completado: ADAUSDT | time=1769412600000 | trades=113 | delta=-23337.0000 | poc=0
2026-01-26 11:21:29 - orderflow_service - INFO - [ORDERFLOW_SERVICE] Footprint completado: BNBUSDT | time=1769412600000 | trades=84 | delta=-5.4600 | poc=1
2026-01-26 11:21:30 - orderflow_service - INFO - [ORDERFLOW_SERVICE] Footprint completado: TRBUSDT | time=1769412600000 | trades=14 | delta=0.5500 | poc=0
2026-01-26 11:21:48 - websocket_manager - WARNING - WebSocket connection closed: no close frame received or sent
2026-01-26 11:21:52 - orderflow_service - INFO - [ORDERFLOW_SERVICE] Footprint completado: BTCUSDT | time=1769412660000 | trades=743 | delta=-0.5030 | poc=16
2026-01-26 11:21:55 - orderflow_service - WARNING - [ORDERFLOW_SERVICE] Error enviando alerta: All connection attempts failed
2026-01-26 11:21:55 - footprint_calculator - WARNING - Max levels reached for candle 87667.6-87764.6 with step 1.0
2026-01-26 11:21:55 - orderflow_service - INFO - [ORDERFLOW_SERVICE] Footprint completado: BTCUSDT | time=1769412600000 | trades=2220 | delta=-34.5550 | poc=49
2026-01-26 11:21:55 - orderflow_service - INFO - [ORDERFLOW_SERVICE] Footprint completado: PAXGUSDT | time=1769412660000 | trades=2 | delta=-0.0030 | poc=0
2026-01-26 11:21:55 - orderflow_service - INFO - [ORDERFLOW_SERVICE] Footprint completado: PAXGUSDT | time=1769412600000 | trades=65 | delta=0.2340 | poc=0
2026-01-26 11:21:55 - orderflow_service - INFO - [ORDERFLOW_SERVICE] Footprint completado: DOGEUSDT | time=1769412660000 | trades=84 | delta=-64247.0000 | poc=0
2026-01-26 11:21:55 - orderflow_service - INFO - [ORDERFLOW_SERVICE] Footprint completado: DOGEUSDT | time=1769412600000 | trades=373 | delta=-300538.0000 | poc=0
2026-01-26 11:21:55 - orderflow_service - INFO - [ORDERFLOW_SERVICE] Footprint completado: ETHUSDT | time=1769412660000 | trades=620 | delta=210.2500 | poc=1
2026-01-26 11:21:55 - orderflow_service - INFO - [ORDERFLOW_SERVICE] Footprint completado: ETHUSDT | time=1769412600000 | trades=3003 | delta=-286.2500 | poc=1
2026-01-26 11:21:55 - orderflow_service - INFO - [ORDERFLOW_SERVICE] Footprint completado: GALAUSDT | time=1769412660000 | trades=60 | delta=-390614.0000 | poc=0
2026-01-26 11:21:55 - orderflow_service - INFO - [ORDERFLOW_SERVICE] Footprint completado: GALAUSDT | time=1769412600000 | trades=223 | delta=-299771.0000 | poc=0
2026-01-26 11:21:55 - orderflow_service - INFO - [ORDERFLOW_SERVICE] Footprint completado: SOLUSDT | time=1769412660000 | trades=112 | delta=-127.8000 | poc=0
2026-01-26 11:21:55 - orderflow_service - INFO - [ORDERFLOW_SERVICE] Footprint completado: SOLUSDT | time=1769412600000 | trades=468 | delta=-802.7000 | poc=0
2026-01-26 11:21:55 - orderflow_service - INFO - [ORDERFLOW_SERVICE] Footprint completado: TRXUSDT | time=1769412660000 | trades=2 | delta=147.0000 | poc=0
2026-01-26 11:21:55 - orderflow_service - INFO - [ORDERFLOW_SERVICE] Footprint completado: TRXUSDT | time=1769412600000 | trades=35 | delta=819.0000 | poc=0
2026-01-26 11:21:55 - orderflow_service - INFO - [ORDERFLOW_SERVICE] Footprint completado: XRPUSDT | time=1769412660000 | trades=147 | delta=-15060.3000 | poc=0
2026-01-26 11:21:55 - orderflow_service - INFO - [ORDERFLOW_SERVICE] Footprint completado: XRPUSDT | time=1769412600000 | trades=546 | delta=-46157.8000 | poc=0
2026-01-26 11:21:56 - orderflow_service - INFO - [ORDERFLOW_SERVICE] Footprint completado: SUIUSDT | time=1769412660000 | trades=96 | delta=-2580.0000 | poc=1
2026-01-26 11:21:58 - orderflow_service - WARNING - [ORDERFLOW_SERVICE] Error enviando alerta: All connection attempts failed
2026-01-26 11:21:58 - orderflow_service - INFO - [ORDERFLOW_SERVICE] Footprint completado: SUIUSDT | time=1769412600000 | trades=248 | delta=-2980.0000 | poc=4
2026-01-26 11:21:58 - orderflow_service - INFO - [ORDERFLOW_SERVICE] Footprint completado: ADAUSDT | time=1769412660000 | trades=37 | delta=19644.0000 | poc=0
2026-01-26 11:21:58 - orderflow_service - INFO - [ORDERFLOW_SERVICE] Footprint completado: ADAUSDT | time=1769412600000 | trades=150 | delta=-3693.0000 | poc=0
2026-01-26 11:21:58 - orderflow_service - INFO - [ORDERFLOW_SERVICE] Footprint completado: BNBUSDT | time=1769412660000 | trades=8 | delta=-0.4100 | poc=0
2026-01-26 11:21:58 - orderflow_service - INFO - [ORDERFLOW_SERVICE] Footprint completado: BNBUSDT | time=1769412600000 | trades=92 | delta=-5.8700 | poc=1
2026-01-26 11:22:00 - orderflow_service - INFO - [ORDERFLOW_SERVICE] Footprint completado: SOLUSDT | time=1769444460000 | trades=63 | delta=295.2000 | poc=0
2026-01-26 11:22:00 - orderflow_service - INFO - [ORDERFLOW_SERVICE] Footprint completado: ETHUSDT | time=1769444460000 | trades=208 | delta=28.6200 | poc=0
2026-01-26 11:22:00 - orderflow_service - INFO - [ORDERFLOW_SERVICE] Footprint completado: TRXUSDT | time=1769444460000 | trades=11 | delta=-5951.0000 | poc=0
2026-01-26 11:22:00 - orderflow_service - INFO - [ORDERFLOW_SERVICE] Footprint completado: BTCUSDT | time=1769444460000 | trades=271 | delta=3.9130 | poc=13
2026-01-26 11:22:00 - orderflow_service - INFO - [ORDERFLOW_SERVICE] Footprint completado: DOGEUSDT | time=1769444460000 | trades=34 | delta=-15911.0000 | poc=0
2026-01-26 11:22:01 - orderflow_service - INFO - [ORDERFLOW_SERVICE] Footprint completado: PAXGUSDT | time=1769444460000 | trades=23 | delta=1.8040 | poc=0
2026-01-26 11:22:01 - orderflow_service - INFO - [ORDERFLOW_SERVICE] Footprint completado: XRPUSDT | time=1769444460000 | trades=43 | delta=1164.8000 | poc=0
2026-01-26 11:22:01 - orderflow_service - INFO - [ORDERFLOW_SERVICE] Footprint completado: POLUSDT | time=1769412660000 | trades=31 | delta=399.0000 | poc=0
2026-01-26 11:22:01 - orderflow_service - INFO - [ORDERFLOW_SERVICE] Footprint completado: POLUSDT | time=1769412600000 | trades=76 | delta=-10756.0000 | poc=0
2026-01-26 11:22:01 - orderflow_service - INFO - [ORDERFLOW_SERVICE] Footprint completado: ADAUSDT | time=1769444460000 | trades=6 | delta=-7688.0000 | poc=0
2026-01-26 11:22:01 - orderflow_service - INFO - [ORDERFLOW_SERVICE] Footprint completado: SUIUSDT | time=1769444460000 | trades=6 | delta=-330.0000 | poc=2
2026-01-26 11:22:03 - orderflow_service - INFO - [ORDERFLOW_SERVICE] Footprint completado: BNBUSDT | time=1769444460000 | trades=3 | delta=-0.2200 | poc=0
2026-01-26 11:22:03 - orderflow_service - INFO - [ORDERFLOW_SERVICE] Footprint completado: GALAUSDT | time=1769444460000 | trades=15 | delta=-48540.0000 | poc=0
2026-01-26 11:22:03 - orderflow_service - INFO - [ORDERFLOW_SERVICE] Footprint completado: TRBUSDT | time=1769412660000 | trades=6 | delta=0.0000 | poc=4
2026-01-26 11:22:04 - orderflow_service - INFO - [ORDERFLOW_SERVICE] Footprint completado: TRBUSDT | time=1769412600000 | trades=20 | delta=0.5500 | poc=0
2026-01-26 11:23:01 - orderflow_service - INFO - [ORDERFLOW_SERVICE] Footprint completado: SOLUSDT | time=1769444520000 | trades=2702 | delta=22770.2000 | poc=1
2026-01-26 11:23:01 - footprint_calculator - WARNING - Max levels reached for candle 87533.7-87880.2 with step 1.0
2026-01-26 11:23:01 - orderflow_service - INFO - [ORDERFLOW_SERVICE] Footprint completado: BTCUSDT | time=1769444520000 | trades=8440 | delta=112.0470 | poc=49
2026-01-26 11:23:03 - orderflow_service - WARNING - [ORDERFLOW_SERVICE] Error enviando alerta: All connection attempts failed
2026-01-26 11:23:03 - orderflow_service - INFO - [ORDERFLOW_SERVICE] Footprint completado: ETHUSDT | time=1769444520000 | trades=6797 | delta=1837.6700 | poc=3
2026-01-26 11:23:03 - orderflow_service - INFO - [ORDERFLOW_SERVICE] Footprint completado: DOGEUSDT | time=1769444520000 | trades=2013 | delta=1336458.0000 | poc=0
2026-01-26 11:23:03 - orderflow_service - INFO - [ORDERFLOW_SERVICE] Footprint completado: POLUSDT | time=1769444520000 | trades=234 | delta=75373.0000 | poc=0
2026-01-26 11:23:04 - orderflow_service - INFO - [ORDERFLOW_SERVICE] Footprint completado: ADAUSDT | time=1769444520000 | trades=654 | delta=211993.0000 | poc=0
2026-01-26 11:23:04 - footprint_calculator - WARNING - Max levels reached for candle 1.4405-1.4512 with step 0.0001
2026-01-26 11:23:04 - orderflow_service - INFO - [ORDERFLOW_SERVICE] Footprint completado: SUIUSDT | time=1769444520000 | trades=820 | delta=51440.0000 | poc=49
2026-01-26 11:23:04 - orderflow_service - INFO - [ORDERFLOW_SERVICE] Footprint completado: GALAUSDT | time=1769444520000 | trades=397 | delta=3530226.0000 | poc=0
2026-01-26 11:23:04 - orderflow_service - INFO - [ORDERFLOW_SERVICE] Footprint completado: PAXGUSDT | time=1769444520000 | trades=112 | delta=-1.8950 | poc=1
2026-01-26 11:23:04 - orderflow_service - INFO - [ORDERFLOW_SERVICE] Footprint completado: XRPUSDT | time=1769444520000 | trades=1899 | delta=180078.7000 | poc=1
2026-01-26 11:23:04 - orderflow_service - INFO - [ORDERFLOW_SERVICE] Footprint completado: BNBUSDT | time=1769444520000 | trades=216 | delta=12.8000 | poc=2
2026-01-26 11:23:04 - orderflow_service - INFO - [ORDERFLOW_SERVICE] Footprint completado: TRXUSDT | time=1769444520000 | trades=30 | delta=174.0000 | poc=0
2026-01-26 11:23:04 - footprint_calculator - WARNING - Max levels reached for candle 19.589-19.716 with step 0.002
2026-01-26 11:23:04 - orderflow_service - INFO - [ORDERFLOW_SERVICE] Footprint completado: TRBUSDT | time=1769444520000 | trades=63 | delta=61.4000 | poc=49
2026-01-26 11:24:01 - footprint_calculator - WARNING - Max levels reached for candle 87808.4-87912.3 with step 1.0
2026-01-26 11:24:01 - orderflow_service - INFO - [ORDERFLOW_SERVICE] Footprint completado: BTCUSDT | time=1769444580000 | trades=3994 | delta=31.2520 | poc=49
2026-01-26 11:24:01 - orderflow_service - INFO - [ORDERFLOW_SERVICE] Footprint completado: ETHUSDT | time=1769444580000 | trades=4152 | delta=253.9600 | poc=1
2026-01-26 11:24:01 - orderflow_service - INFO - [ORDERFLOW_SERVICE] Footprint completado: DOGEUSDT | time=1769444580000 | trades=639 | delta=-144857.0000 | poc=0
2026-01-26 11:24:01 - orderflow_service - INFO - [ORDERFLOW_SERVICE] Footprint completado: XRPUSDT | time=1769444580000 | trades=1001 | delta=45802.5000 | poc=0
2026-01-26 11:24:02 - orderflow_service - INFO - [ORDERFLOW_SERVICE] Footprint completado: PAXGUSDT | time=1769444580000 | trades=37 | delta=-0.3570 | poc=3
2026-01-26 11:24:02 - orderflow_service - INFO - [ORDERFLOW_SERVICE] Footprint completado: SOLUSDT | time=1769444580000 | trades=1175 | delta=1625.0000 | poc=0
2026-01-26 11:24:02 - orderflow_service - INFO - [ORDERFLOW_SERVICE] Footprint completado: ADAUSDT | time=1769444580000 | trades=350 | delta=-77296.0000 | poc=0
2026-01-26 11:24:02 - orderflow_service - INFO - [ORDERFLOW_SERVICE] Footprint completado: SUIUSDT | time=1769444580000 | trades=432 | delta=15650.0000 | poc=11
2026-01-26 11:24:02 - orderflow_service - INFO - [ORDERFLOW_SERVICE] Footprint completado: TRBUSDT | time=1769444580000 | trades=40 | delta=38.6700 | poc=16
2026-01-26 11:24:02 - orderflow_service - INFO - [ORDERFLOW_SERVICE] Footprint completado: TRXUSDT | time=1769444580000 | trades=5 | delta=1042.0000 | poc=0
2026-01-26 11:24:03 - orderflow_service - INFO - [ORDERFLOW_SERVICE] Footprint completado: GALAUSDT | time=1769444580000 | trades=135 | delta=-523992.0000 | poc=0
2026-01-26 11:24:03 - orderflow_service - INFO - [ORDERFLOW_SERVICE] Footprint completado: BNBUSDT | time=1769444580000 | trades=74 | delta=-8.0200 | poc=1
2026-01-26 11:24:03 - orderflow_service - INFO - [ORDERFLOW_SERVICE] Footprint completado: POLUSDT | time=1769444580000 | trades=139 | delta=17842.0000 | poc=0
2026-01-26 11:45:44 - websocket_manager - WARNING - WebSocket connection closed: no close frame received or sent
2026-01-26 11:45:47 - footprint_calculator - WARNING - Max levels reached for candle 87819.8-87922.0 with step 1.0
2026-01-26 11:45:48 - orderflow_service - INFO - [ORDERFLOW_SERVICE] Footprint completado: BTCUSDT | time=1769444640000 | trades=2188 | delta=-0.0020 | poc=49
2026-01-26 11:45:51 - orderflow_service - WARNING - [ORDERFLOW_SERVICE] Error enviando alerta: All connection attempts failed
2026-01-26 11:45:51 - footprint_calculator - WARNING - Max levels reached for candle 87533.7-87922.0 with step 1.0
2026-01-26 11:45:51 - orderflow_service - INFO - [ORDERFLOW_SERVICE] Footprint completado: BTCUSDT | time=1769444400000 | trades=14893 | delta=147.2100 | poc=49
2026-01-26 11:45:51 - orderflow_service - INFO - [ORDERFLOW_SERVICE] Footprint completado: ETHUSDT | time=1769444640000 | trades=3791 | delta=-1159.1800 | poc=1
2026-01-26 11:45:51 - orderflow_service - INFO - [ORDERFLOW_SERVICE] Footprint completado: ETHUSDT | time=1769444400000 | trades=14948 | delta=961.0700 | poc=7
2026-01-26 11:45:51 - orderflow_service - INFO - [ORDERFLOW_SERVICE] Footprint completado: GALAUSDT | time=1769444640000 | trades=98 | delta=-232154.0000 | poc=0
2026-01-26 11:45:51 - orderflow_service - INFO - [ORDERFLOW_SERVICE] Footprint completado: GALAUSDT | time=1769444400000 | trades=645 | delta=2725540.0000 | poc=0
2026-01-26 11:45:51 - orderflow_service - INFO - [ORDERFLOW_SERVICE] Footprint completado: DOGEUSDT | time=1769444640000 | trades=574 | delta=3774660.0000 | poc=0
2026-01-26 11:45:51 - orderflow_service - INFO - [ORDERFLOW_SERVICE] Footprint completado: DOGEUSDT | time=1769444400000 | trades=3260 | delta=4950350.0000 | poc=1
2026-01-26 11:45:52 - orderflow_service - INFO - [ORDERFLOW_SERVICE] Footprint completado: SUIUSDT | time=1769444640000 | trades=427 | delta=50790.0000 | poc=6
2026-01-26 11:45:55 - orderflow_service - WARNING - [ORDERFLOW_SERVICE] Error enviando alerta: All connection attempts failed
2026-01-26 11:45:58 - orderflow_service - WARNING - [ORDERFLOW_SERVICE] Error enviando alerta: All connection attempts failed
2026-01-26 11:45:58 - footprint_calculator - WARNING - Max levels reached for candle 1.4405-1.4519 with step 0.0001
2026-01-26 11:45:58 - orderflow_service - INFO - [ORDERFLOW_SERVICE] Footprint completado: SUIUSDT | time=1769444400000 | trades=1685 | delta=117550.0000 | poc=49
2026-01-26 11:45:58 - orderflow_service - INFO - [ORDERFLOW_SERVICE] Footprint completado: ADAUSDT | time=1769444640000 | trades=142 | delta=64737.0000 | poc=0
2026-01-26 11:45:58 - orderflow_service - INFO - [ORDERFLOW_SERVICE] Footprint completado: ADAUSDT | time=1769444400000 | trades=1152 | delta=191746.0000 | poc=0
2026-01-26 11:45:58 - orderflow_service - INFO - [ORDERFLOW_SERVICE] Footprint completado: SOLUSDT | time=1769444640000 | trades=1065 | delta=4505.9000 | poc=0
2026-01-26 11:45:58 - orderflow_service - INFO - [ORDERFLOW_SERVICE] Footprint completado: SOLUSDT | time=1769444400000 | trades=5005 | delta=29196.3000 | poc=1
2026-01-26 11:45:58 - orderflow_service - INFO - [ORDERFLOW_SERVICE] Footprint completado: XRPUSDT | time=1769444640000 | trades=1334 | delta=811733.6000 | poc=0
2026-01-26 11:45:58 - orderflow_service - INFO - [ORDERFLOW_SERVICE] Footprint completado: XRPUSDT | time=1769444400000 | trades=4277 | delta=1038779.6000 | poc=1
2026-01-26 11:45:58 - orderflow_service - INFO - [ORDERFLOW_SERVICE] Footprint completado: POLUSDT | time=1769444640000 | trades=57 | delta=11113.0000 | poc=0
2026-01-26 11:45:58 - orderflow_service - INFO - [ORDERFLOW_SERVICE] Footprint completado: POLUSDT | time=1769444400000 | trades=430 | delta=104328.0000 | poc=0
2026-01-26 11:45:58 - orderflow_service - INFO - [ORDERFLOW_SERVICE] Footprint completado: TRBUSDT | time=1769444640000 | trades=9 | delta=-8.4900 | poc=3
2026-01-26 11:45:58 - footprint_calculator - WARNING - Max levels reached for candle 19.589-19.752 with step 0.002
2026-01-26 11:45:58 - orderflow_service - INFO - [ORDERFLOW_SERVICE] Footprint completado: TRBUSDT | time=1769444400000 | trades=112 | delta=91.5800 | poc=49
2026-01-26 11:45:58 - orderflow_service - INFO - [ORDERFLOW_SERVICE] Footprint completado: BNBUSDT | time=1769444640000 | trades=67 | delta=0.7300 | poc=0
2026-01-26 11:45:58 - orderflow_service - INFO - [ORDERFLOW_SERVICE] Footprint completado: BNBUSDT | time=1769444400000 | trades=360 | delta=5.2900 | poc=3
2026-01-26 11:45:59 - orderflow_service - INFO - [ORDERFLOW_SERVICE] Footprint completado: PAXGUSDT | time=1769444640000 | trades=30 | delta=-1.5210 | poc=1
2026-01-26 11:45:59 - orderflow_service - INFO - [ORDERFLOW_SERVICE] Footprint completado: PAXGUSDT | time=1769444400000 | trades=202 | delta=-1.9690 | poc=0
2026-01-26 11:45:59 - orderflow_service - INFO - [ORDERFLOW_SERVICE] Footprint completado: TRXUSDT | time=1769444640000 | trades=17 | delta=-8088.0000 | poc=0
2026-01-26 11:45:59 - orderflow_service - INFO - [ORDERFLOW_SERVICE] Footprint completado: TRXUSDT | time=1769444400000 | trades=63 | delta=-12823.0000 | poc=0
2026-01-26 11:46:01 - orderflow_service - INFO - [ORDERFLOW_SERVICE] Footprint completado: SOLUSDT | time=1769445900000 | trades=47 | delta=-72.4000 | poc=0
2026-01-26 11:46:01 - orderflow_service - INFO - [ORDERFLOW_SERVICE] Footprint completado: PAXGUSDT | time=1769445900000 | trades=22 | delta=-1.9320 | poc=2
2026-01-26 11:46:01 - orderflow_service - INFO - [ORDERFLOW_SERVICE] Footprint completado: SUIUSDT | time=1769445900000 | trades=34 | delta=-3640.0000 | poc=9
2026-01-26 11:46:01 - orderflow_service - INFO - [ORDERFLOW_SERVICE] Footprint completado: DOGEUSDT | time=1769445900000 | trades=88 | delta=262731.0000 | poc=0
2026-01-26 11:46:01 - orderflow_service - INFO - [ORDERFLOW_SERVICE] Footprint completado: POLUSDT | time=1769445900000 | trades=35 | delta=-5803.0000 | poc=0
2026-01-26 11:46:01 - orderflow_service - INFO - [ORDERFLOW_SERVICE] Footprint completado: ETHUSDT | time=1769445900000 | trades=246 | delta=-24.6400 | poc=1
2026-01-26 11:46:01 - orderflow_service - INFO - [ORDERFLOW_SERVICE] Footprint completado: BTCUSDT | time=1769445900000 | trades=233 | delta=0.4530 | poc=9
2026-01-26 11:46:01 - orderflow_service - INFO - [ORDERFLOW_SERVICE] Footprint completado: XRPUSDT | time=1769445900000 | trades=63 | delta=-930.1000 | poc=0
2026-01-26 11:46:01 - orderflow_service - INFO - [ORDERFLOW_SERVICE] Footprint completado: ADAUSDT | time=1769445900000 | trades=16 | delta=-2187.0000 | poc=0
2026-01-26 11:46:01 - orderflow_service - INFO - [ORDERFLOW_SERVICE] Footprint completado: BNBUSDT | time=1769445900000 | trades=8 | delta=-2.7700 | poc=0
2026-01-26 11:46:01 - orderflow_service - INFO - [ORDERFLOW_SERVICE] Footprint completado: GALAUSDT | time=1769445900000 | trades=18 | delta=-148729.0000 | poc=0
2026-01-26 11:46:03 - orderflow_service - INFO - [ORDERFLOW_SERVICE] Footprint completado: TRXUSDT | time=1769445900000 | trades=9 | delta=523.0000 | poc=0
2026-01-26 11:46:24 - orderflow_service - INFO - [ORDERFLOW_SERVICE] Footprint completado: TRBUSDT | time=1769445900000 | trades=1 | delta=-0.1000 | poc=0
2026-01-26 11:47:01 - orderflow_service - INFO - [ORDERFLOW_SERVICE] Footprint completado: ETHUSDT | time=1769445960000 | trades=2164 | delta=228.5800 | poc=1
2026-01-26 11:47:01 - footprint_calculator - WARNING - Max levels reached for candle 87492.5-87626.0 with step 1.0
2026-01-26 11:47:01 - orderflow_service - INFO - [ORDERFLOW_SERVICE] Footprint completado: BTCUSDT | time=1769445960000 | trades=1577 | delta=15.4860 | poc=49
2026-01-26 11:47:01 - orderflow_service - INFO - [ORDERFLOW_SERVICE] Footprint completado: GALAUSDT | time=1769445960000 | trades=116 | delta=322059.0000 | poc=0
2026-01-26 11:47:01 - orderflow_service - INFO - [ORDERFLOW_SERVICE] Footprint completado: SOLUSDT | time=1769445960000 | trades=1171 | delta=10916.8000 | poc=1
2026-01-26 11:47:01 - orderflow_service - INFO - [ORDERFLOW_SERVICE] Footprint completado: DOGEUSDT | time=1769445960000 | trades=706 | delta=1053583.0000 | poc=0
2026-01-26 11:47:01 - orderflow_service - INFO - [ORDERFLOW_SERVICE] Footprint completado: XRPUSDT | time=1769445960000 | trades=673 | delta=80136.9000 | poc=1
2026-01-26 11:47:01 - footprint_calculator - WARNING - Max levels reached for candle 1.4426-1.4482 with step 0.0001
2026-01-26 11:47:01 - orderflow_service - INFO - [ORDERFLOW_SERVICE] Footprint completado: SUIUSDT | time=1769445960000 | trades=322 | delta=1670.0000 | poc=49
2026-01-26 11:47:01 - orderflow_service - INFO - [ORDERFLOW_SERVICE] Footprint completado: ADAUSDT | time=1769445960000 | trades=295 | delta=816722.0000 | poc=0
2026-01-26 11:47:01 - orderflow_service - INFO - [ORDERFLOW_SERVICE] Footprint completado: PAXGUSDT | time=1769445960000 | trades=65 | delta=0.9140 | poc=3
2026-01-26 11:47:02 - orderflow_service - INFO - [ORDERFLOW_SERVICE] Footprint completado: POLUSDT | time=1769445960000 | trades=111 | delta=68007.0000 | poc=0
2026-01-26 11:47:03 - orderflow_service - INFO - [ORDERFLOW_SERVICE] Footprint completado: TRXUSDT | time=1769445960000 | trades=139 | delta=55820.0000 | poc=0
2026-01-26 11:47:03 - orderflow_service - INFO - [ORDERFLOW_SERVICE] Footprint completado: BNBUSDT | time=1769445960000 | trades=63 | delta=3.2300 | poc=1
2026-01-26 11:47:38 - orderflow_service - INFO - [ORDERFLOW_SERVICE] Footprint completado: TRBUSDT | time=1769445960000 | trades=8 | delta=0.7300 | poc=13
2026-01-26 11:48:01 - orderflow_service - INFO - [ORDERFLOW_SERVICE] Footprint completado: SOLUSDT | time=1769446020000 | trades=680 | delta=-4750.5000 | poc=0
2026-01-26 11:48:01 - footprint_calculator - WARNING - Max levels reached for candle 87495.9-87615.0 with step 1.0
2026-01-26 11:48:01 - orderflow_service - INFO - [ORDERFLOW_SERVICE] Footprint completado: BTCUSDT | time=1769446020000 | trades=1510 | delta=-5.1080 | poc=49
2026-01-26 11:48:04 - orderflow_service - WARNING - [ORDERFLOW_SERVICE] Error enviando alerta: All connection attempts failed
2026-01-26 11:48:04 - orderflow_service - INFO - [ORDERFLOW_SERVICE] Footprint completado: ETHUSDT | time=1769446020000 | trades=2110 | delta=-587.8200 | poc=0
2026-01-26 11:48:04 - orderflow_service - INFO - [ORDERFLOW_SERVICE] Footprint completado: DOGEUSDT | time=1769446020000 | trades=691 | delta=1226743.0000 | poc=0
2026-01-26 11:48:04 - orderflow_service - INFO - [ORDERFLOW_SERVICE] Footprint completado: TRBUSDT | time=1769446020000 | trades=11 | delta=-6.2400 | poc=4
2026-01-26 11:48:04 - orderflow_service - INFO - [ORDERFLOW_SERVICE] Footprint completado: PAXGUSDT | time=1769446020000 | trades=52 | delta=1.1890 | poc=0
2026-01-26 11:48:04 - orderflow_service - INFO - [ORDERFLOW_SERVICE] Footprint completado: POLUSDT | time=1769446020000 | trades=110 | delta=-45143.0000 | poc=0
2026-01-26 11:48:04 - orderflow_service - INFO - [ORDERFLOW_SERVICE] Footprint completado: ADAUSDT | time=1769446020000 | trades=186 | delta=-149367.0000 | poc=0
2026-01-26 11:48:05 - orderflow_service - INFO - [ORDERFLOW_SERVICE] Footprint completado: SUIUSDT | time=1769446020000 | trades=232 | delta=-21740.0000 | poc=11
2026-01-26 11:48:05 - orderflow_service - INFO - [ORDERFLOW_SERVICE] Footprint completado: XRPUSDT | time=1769446020000 | trades=538 | delta=-59424.3000 | poc=1
2026-01-26 11:48:05 - orderflow_service - INFO - [ORDERFLOW_SERVICE] Footprint completado: GALAUSDT | time=1769446020000 | trades=95 | delta=-309981.0000 | poc=0
2026-01-26 11:48:05 - orderflow_service - INFO - [ORDERFLOW_SERVICE] Footprint completado: BNBUSDT | time=1769446020000 | trades=60 | delta=-20.2500 | poc=1
2026-01-26 11:48:05 - orderflow_service - INFO - [ORDERFLOW_SERVICE] Footprint completado: TRXUSDT | time=1769446020000 | trades=35 | delta=-8755.0000 | poc=0
2026-01-26 11:49:01 - orderflow_service - INFO - [ORDERFLOW_SERVICE] Footprint completado: POLUSDT | time=1769446080000 | trades=131 | delta=-55848.0000 | poc=0
2026-01-26 11:49:01 - orderflow_service - INFO - [ORDERFLOW_SERVICE] Footprint completado: PAXGUSDT | time=1769446080000 | trades=85 | delta=0.4010 | poc=1
2026-01-26 11:49:01 - orderflow_service - INFO - [ORDERFLOW_SERVICE] Footprint completado: DOGEUSDT | time=1769446080000 | trades=292 | delta=-13115.0000 | poc=0
2026-01-26 11:49:01 - orderflow_service - INFO - [ORDERFLOW_SERVICE] Footprint completado: GALAUSDT | time=1769446080000 | trades=47 | delta=-23116.0000 | poc=0
2026-01-26 11:49:01 - orderflow_service - INFO - [ORDERFLOW_SERVICE] Footprint completado: ETHUSDT | time=1769446080000 | trades=1680 | delta=289.9700 | poc=2
2026-01-26 11:49:01 - orderflow_service - INFO - [ORDERFLOW_SERVICE] Footprint completado: SUIUSDT | time=1769446080000 | trades=195 | delta=7490.0000 | poc=8
2026-01-26 11:49:01 - orderflow_service - INFO - [ORDERFLOW_SERVICE] Footprint completado: BNBUSDT | time=1769446080000 | trades=40 | delta=-1.2200 | poc=0
2026-01-26 11:49:01 - orderflow_service - INFO - [ORDERFLOW_SERVICE] Footprint completado: ADAUSDT | time=1769446080000 | trades=141 | delta=32387.0000 | poc=0
2026-01-26 11:49:01 - footprint_calculator - WARNING - Max levels reached for candle 87477.8-87546.6 with step 1.0
2026-01-26 11:49:02 - orderflow_service - INFO - [ORDERFLOW_SERVICE] Footprint completado: BTCUSDT | time=1769446080000 | trades=1827 | delta=2.6840 | poc=49
2026-01-26 11:49:02 - orderflow_service - INFO - [ORDERFLOW_SERVICE] Footprint completado: SOLUSDT | time=1769446080000 | trades=723 | delta=-672.1000 | poc=1
2026-01-26 11:49:02 - orderflow_service - INFO - [ORDERFLOW_SERVICE] Footprint completado: XRPUSDT | time=1769446080000 | trades=486 | delta=-17485.5000 | poc=0
2026-01-26 11:49:03 - orderflow_service - INFO - [ORDERFLOW_SERVICE] Footprint completado: TRXUSDT | time=1769446080000 | trades=16 | delta=-3839.0000 | poc=0
2026-01-26 11:49:32 - orderflow_service - INFO - [ORDERFLOW_SERVICE] Footprint completado: TRBUSDT | time=1769446080000 | trades=7 | delta=0.2900 | poc=4
2026-01-26 11:50:00 - footprint_calculator - WARNING - Max levels reached for candle 87510.7-87823.4 with step 1.0
2026-01-26 11:50:01 - orderflow_service - INFO - [ORDERFLOW_SERVICE] Footprint completado: BTCUSDT | time=1769446140000 | trades=6273 | delta=86.4300 | poc=49
2026-01-26 11:50:01 - footprint_calculator - WARNING - Max levels reached for candle 87477.1-87823.4 with step 1.0
2026-01-26 11:50:01 - orderflow_service - INFO - [ORDERFLOW_SERVICE] Footprint completado: BTCUSDT | time=1769445900000 | trades=11420 | delta=99.9450 | poc=49
2026-01-26 11:50:01 - orderflow_service - INFO - [ORDERFLOW_SERVICE] Footprint completado: XRPUSDT | time=1769446140000 | trades=1475 | delta=243659.7000 | poc=1
2026-01-26 11:50:01 - orderflow_service - INFO - [ORDERFLOW_SERVICE] Footprint completado: XRPUSDT | time=1769445900000 | trades=3235 | delta=245956.7000 | poc=1
2026-01-26 11:50:01 - orderflow_service - INFO - [ORDERFLOW_SERVICE] Footprint completado: BNBUSDT | time=1769446140000 | trades=319 | delta=98.3900 | poc=2
2026-01-26 11:50:01 - orderflow_service - INFO - [ORDERFLOW_SERVICE] Footprint completado: BNBUSDT | time=1769445900000 | trades=490 | delta=77.3800 | poc=2
2026-01-26 11:50:01 - orderflow_service - INFO - [ORDERFLOW_SERVICE] Footprint completado: ETHUSDT | time=1769446140000 | trades=5862 | delta=1565.8400 | poc=4
2026-01-26 11:50:01 - orderflow_service - INFO - [ORDERFLOW_SERVICE] Footprint completado: ETHUSDT | time=1769445900000 | trades=12062 | delta=1471.9300 | poc=6
2026-01-26 11:50:01 - orderflow_service - INFO - [ORDERFLOW_SERVICE] Footprint completado: SOLUSDT | time=1769446140000 | trades=2254 | delta=12848.2000 | poc=1
2026-01-26 11:50:01 - orderflow_service - INFO - [ORDERFLOW_SERVICE] Footprint completado: SOLUSDT | time=1769445900000 | trades=4875 | delta=18270.0000 | poc=1
2026-01-26 11:50:01 - footprint_calculator - WARNING - Max levels reached for candle 1.4448-1.4523 with step 0.0001
2026-01-26 11:50:01 - orderflow_service - INFO - [ORDERFLOW_SERVICE] Footprint completado: SUIUSDT | time=1769446140000 | trades=819 | delta=105610.0000 | poc=49
2026-01-26 11:50:01 - footprint_calculator - WARNING - Max levels reached for candle 1.4423-1.4523 with step 0.0001
2026-01-26 11:50:02 - orderflow_service - INFO - [ORDERFLOW_SERVICE] Footprint completado: SUIUSDT | time=1769445900000 | trades=1602 | delta=89390.0000 | poc=49
2026-01-26 11:50:02 - orderflow_service - INFO - [ORDERFLOW_SERVICE] Footprint completado: DOGEUSDT | time=1769446140000 | trades=1370 | delta=1925260.0000 | poc=0
2026-01-26 11:50:02 - orderflow_service - INFO - [ORDERFLOW_SERVICE] Footprint completado: DOGEUSDT | time=1769445900000 | trades=3147 | delta=4455202.0000 | poc=0
2026-01-26 11:50:02 - orderflow_service - INFO - [ORDERFLOW_SERVICE] Footprint completado: TRBUSDT | time=1769446140000 | trades=118 | delta=329.0700 | poc=2
2026-01-26 11:50:02 - footprint_calculator - WARNING - Max levels reached for candle 19.556-19.706 with step 0.002
2026-01-26 11:50:02 - orderflow_service - INFO - [ORDERFLOW_SERVICE] Footprint completado: TRBUSDT | time=1769445900000 | trades=145 | delta=323.7500 | poc=39
2026-01-26 11:50:02 - orderflow_service - INFO - [ORDERFLOW_SERVICE] Footprint completado: PAXGUSDT | time=1769446140000 | trades=119 | delta=-1.4980 | poc=5
2026-01-26 11:50:02 - orderflow_service - INFO - [ORDERFLOW_SERVICE] Footprint completado: PAXGUSDT | time=1769445900000 | trades=343 | delta=-0.9260 | poc=2
2026-01-26 11:50:05 - orderflow_service - WARNING - [ORDERFLOW_SERVICE] Error enviando alerta: All connection attempts failed
2026-01-26 11:50:05 - orderflow_service - INFO - [ORDERFLOW_SERVICE] Footprint completado: TRXUSDT | time=1769446140000 | trades=121 | delta=62366.0000 | poc=0
2026-01-26 11:50:05 - orderflow_service - INFO - [ORDERFLOW_SERVICE] Footprint completado: TRXUSDT | time=1769445900000 | trades=320 | delta=106115.0000 | poc=0
2026-01-26 11:50:05 - orderflow_service - INFO - [ORDERFLOW_SERVICE] Footprint completado: ADAUSDT | time=1769446140000 | trades=632 | delta=327354.0000 | poc=0
2026-01-26 11:50:05 - orderflow_service - INFO - [ORDERFLOW_SERVICE] Footprint completado: ADAUSDT | time=1769445900000 | trades=1270 | delta=1024909.0000 | poc=0
2026-01-26 11:50:05 - orderflow_service - INFO - [ORDERFLOW_SERVICE] Footprint completado: GALAUSDT | time=1769446140000 | trades=371 | delta=4922778.0000 | poc=0
2026-01-26 11:50:05 - orderflow_service - INFO - [ORDERFLOW_SERVICE] Footprint completado: GALAUSDT | time=1769445900000 | trades=647 | delta=4763011.0000 | poc=0
2026-01-26 11:50:05 - orderflow_service - INFO - [ORDERFLOW_SERVICE] Footprint completado: POLUSDT | time=1769446140000 | trades=338 | delta=380334.0000 | poc=0
2026-01-26 11:50:05 - orderflow_service - INFO - [ORDERFLOW_SERVICE] Footprint completado: POLUSDT | time=1769445900000 | trades=725 | delta=341547.0000 | poc=0
2026-01-26 11:51:01 - orderflow_service - INFO - [ORDERFLOW_SERVICE] Footprint completado: ETHUSDT | time=1769446200000 | trades=2625 | delta=-17.0900 | poc=0
2026-01-26 11:51:01 - footprint_calculator - WARNING - Max levels reached for candle 87768.0-87888.8 with step 1.0
2026-01-26 11:51:01 - orderflow_service - INFO - [ORDERFLOW_SERVICE] Footprint completado: BTCUSDT | time=1769446200000 | trades=4011 | delta=12.6680 | poc=49
2026-01-26 11:51:01 - orderflow_service - INFO - [ORDERFLOW_SERVICE] Footprint completado: PAXGUSDT | time=1769446200000 | trades=70 | delta=0.5370 | poc=1
2026-01-26 11:51:01 - orderflow_service - INFO - [ORDERFLOW_SERVICE] Footprint completado: DOGEUSDT | time=1769446200000 | trades=749 | delta=-1004867.0000 | poc=0
2026-01-26 11:51:01 - orderflow_service - INFO - [ORDERFLOW_SERVICE] Footprint completado: XRPUSDT | time=1769446200000 | trades=1297 | delta=132655.3000 | poc=1
2026-01-26 11:51:01 - orderflow_service - INFO - [ORDERFLOW_SERVICE] Footprint completado: TRXUSDT | time=1769446200000 | trades=51 | delta=-8938.0000 | poc=1
2026-01-26 11:51:01 - orderflow_service - INFO - [ORDERFLOW_SERVICE] Footprint completado: TRBUSDT | time=1769446200000 | trades=34 | delta=-22.1600 | poc=2
2026-01-26 11:51:01 - orderflow_service - INFO - [ORDERFLOW_SERVICE] Footprint completado: SOLUSDT | time=1769446200000 | trades=2800 | delta=-4814.8000 | poc=0
2026-01-26 11:51:01 - orderflow_service - INFO - [ORDERFLOW_SERVICE] Footprint completado: ADAUSDT | time=1769446200000 | trades=386 | delta=-81507.0000 | poc=0
2026-01-26 11:51:02 - orderflow_service - INFO - [ORDERFLOW_SERVICE] Footprint completado: SUIUSDT | time=1769446200000 | trades=796 | delta=-10700.0000 | poc=19
2026-01-26 11:51:02 - orderflow_service - INFO - [ORDERFLOW_SERVICE] Footprint completado: GALAUSDT | time=1769446200000 | trades=291 | delta=1510323.0000 | poc=0
2026-01-26 11:51:03 - orderflow_service - INFO - [ORDERFLOW_SERVICE] Footprint completado: POLUSDT | time=1769446200000 | trades=178 | delta=-7057.0000 | poc=0
2026-01-26 11:51:03 - orderflow_service - INFO - [ORDERFLOW_SERVICE] Footprint completado: BNBUSDT | time=1769446200000 | trades=151 | delta=-33.5600 | poc=0
2026-01-26 11:52:01 - orderflow_service - INFO - [ORDERFLOW_SERVICE] Footprint completado: POLUSDT | time=1769446260000 | trades=44 | delta=3692.0000 | poc=0
2026-01-26 11:52:01 - orderflow_service - INFO - [ORDERFLOW_SERVICE] Footprint completado: XRPUSDT | time=1769446260000 | trades=578 | delta=59749.6000 | poc=1
2026-01-26 11:52:01 - orderflow_service - INFO - [ORDERFLOW_SERVICE] Footprint completado: SUIUSDT | time=1769446260000 | trades=344 | delta=23230.0000 | poc=20
2026-01-26 11:52:01 - orderflow_service - INFO - [ORDERFLOW_SERVICE] Footprint completado: ADAUSDT | time=1769446260000 | trades=132 | delta=-22777.0000 | poc=0
2026-01-26 11:52:01 - orderflow_service - INFO - [ORDERFLOW_SERVICE] Footprint completado: DOGEUSDT | time=1769446260000 | trades=255 | delta=61752.0000 | poc=0
2026-01-26 11:52:01 - orderflow_service - INFO - [ORDERFLOW_SERVICE] Footprint completado: SOLUSDT | time=1769446260000 | trades=769 | delta=362.8000 | poc=0
2026-01-26 11:52:01 - orderflow_service - INFO - [ORDERFLOW_SERVICE] Footprint completado: ETHUSDT | time=1769446260000 | trades=1257 | delta=-8.3500 | poc=1
2026-01-26 11:52:01 - footprint_calculator - WARNING - Max levels reached for candle 87772.2-87847.4 with step 1.0
2026-01-26 11:52:01 - orderflow_service - INFO - [ORDERFLOW_SERVICE] Footprint completado: BTCUSDT | time=1769446260000 | trades=2113 | delta=-19.0930 | poc=49
2026-01-26 11:52:01 - orderflow_service - INFO - [ORDERFLOW_SERVICE] Footprint completado: TRBUSDT | time=1769446260000 | trades=15 | delta=-9.3400 | poc=0
2026-01-26 11:52:01 - orderflow_service - INFO - [ORDERFLOW_SERVICE] Footprint completado: GALAUSDT | time=1769446260000 | trades=104 | delta=-129697.0000 | poc=0
2026-01-26 11:52:02 - orderflow_service - INFO - [ORDERFLOW_SERVICE] Footprint completado: PAXGUSDT | time=1769446260000 | trades=49 | delta=1.3800 | poc=1
2026-01-26 11:52:02 - orderflow_service - INFO - [ORDERFLOW_SERVICE] Footprint completado: TRXUSDT | time=1769446260000 | trades=42 | delta=7142.0000 | poc=1
2026-01-26 11:52:02 - orderflow_service - INFO - [ORDERFLOW_SERVICE] Footprint completado: BNBUSDT | time=1769446260000 | trades=92 | delta=-37.5100 | poc=1
2026-01-26 11:53:01 - orderflow_service - INFO - [ORDERFLOW_SERVICE] Footprint completado: XRPUSDT | time=1769446320000 | trades=576 | delta=-4299.7000 | poc=0
2026-01-26 11:53:01 - orderflow_service - INFO - [ORDERFLOW_SERVICE] Footprint completado: SOLUSDT | time=1769446320000 | trades=640 | delta=2154.1000 | poc=0
2026-01-26 11:53:01 - orderflow_service - INFO - [ORDERFLOW_SERVICE] Footprint completado: DOGEUSDT | time=1769446320000 | trades=322 | delta=267681.0000 | poc=0
2026-01-26 11:53:01 - orderflow_service - INFO - [ORDERFLOW_SERVICE] Footprint completado: SUIUSDT | time=1769446320000 | trades=290 | delta=16660.0000 | poc=3
2026-01-26 11:53:01 - footprint_calculator - WARNING - Max levels reached for candle 87750.3-87850.0 with step 1.0
2026-01-26 11:53:01 - orderflow_service - INFO - [ORDERFLOW_SERVICE] Footprint completado: BTCUSDT | time=1769446320000 | trades=2074 | delta=49.0200 | poc=49
2026-01-26 11:53:02 - orderflow_service - INFO - [ORDERFLOW_SERVICE] Footprint completado: ETHUSDT | time=1769446320000 | trades=1910 | delta=699.9400 | poc=1
2026-01-26 11:53:02 - orderflow_service - INFO - [ORDERFLOW_SERVICE] Footprint completado: PAXGUSDT | time=1769446320000 | trades=102 | delta=2.3880 | poc=1
2026-01-26 11:53:02 - orderflow_service - INFO - [ORDERFLOW_SERVICE] Footprint completado: TRXUSDT | time=1769446320000 | trades=70 | delta=29999.0000 | poc=0
2026-01-26 11:53:02 - orderflow_service - INFO - [ORDERFLOW_SERVICE] Footprint completado: ADAUSDT | time=1769446320000 | trades=150 | delta=25464.0000 | poc=0
2026-01-26 11:53:02 - orderflow_service - INFO - [ORDERFLOW_SERVICE] Footprint completado: BNBUSDT | time=1769446320000 | trades=128 | delta=34.9100 | poc=1
2026-01-26 11:53:05 - orderflow_service - INFO - [ORDERFLOW_SERVICE] Footprint completado: TRBUSDT | time=1769446320000 | trades=18 | delta=4.7500 | poc=3
2026-01-26 11:53:05 - orderflow_service - INFO - [ORDERFLOW_SERVICE] Footprint completado: GALAUSDT | time=1769446320000 | trades=136 | delta=321845.0000 | poc=0
2026-01-26 11:53:06 - orderflow_service - INFO - [ORDERFLOW_SERVICE] Footprint completado: POLUSDT | time=1769446320000 | trades=152 | delta=12239.0000 | poc=0
2026-01-26 11:54:00 - footprint_calculator - WARNING - Max levels reached for candle 87802.7-87878.7 with step 1.0
2026-01-26 11:54:01 - orderflow_service - INFO - [ORDERFLOW_SERVICE] Footprint completado: BTCUSDT | time=1769446380000 | trades=2501 | delta=26.8990 | poc=49
2026-01-26 11:54:01 - orderflow_service - INFO - [ORDERFLOW_SERVICE] Footprint completado: ETHUSDT | time=1769446380000 | trades=1970 | delta=493.2300 | poc=1
2026-01-26 11:54:01 - orderflow_service - INFO - [ORDERFLOW_SERVICE] Footprint completado: ADAUSDT | time=1769446380000 | trades=147 | delta=-60104.0000 | poc=0
2026-01-26 11:54:01 - orderflow_service - INFO - [ORDERFLOW_SERVICE] Footprint completado: DOGEUSDT | time=1769446380000 | trades=297 | delta=67251.0000 | poc=1
2026-01-26 11:54:01 - orderflow_service - INFO - [ORDERFLOW_SERVICE] Footprint completado: SOLUSDT | time=1769446380000 | trades=709 | delta=3582.6000 | poc=0
2026-01-26 11:54:01 - orderflow_service - INFO - [ORDERFLOW_SERVICE] Footprint completado: PAXGUSDT | time=1769446380000 | trades=108 | delta=0.0550 | poc=1
2026-01-26 11:54:01 - orderflow_service - INFO - [ORDERFLOW_SERVICE] Footprint completado: XRPUSDT | time=1769446380000 | trades=551 | delta=25581.8000 | poc=0
2026-01-26 11:54:01 - orderflow_service - INFO - [ORDERFLOW_SERVICE] Footprint completado: TRXUSDT | time=1769446380000 | trades=44 | delta=8382.0000 | poc=0
2026-01-26 11:54:02 - orderflow_service - INFO - [ORDERFLOW_SERVICE] Footprint completado: SUIUSDT | time=1769446380000 | trades=261 | delta=770.0000 | poc=15
2026-01-26 11:54:03 - orderflow_service - INFO - [ORDERFLOW_SERVICE] Footprint completado: BNBUSDT | time=1769446380000 | trades=70 | delta=3.6400 | poc=0
2026-01-26 11:54:03 - orderflow_service - INFO - [ORDERFLOW_SERVICE] Footprint completado: GALAUSDT | time=1769446380000 | trades=86 | delta=667075.0000 | poc=0
2026-01-26 11:54:03 - orderflow_service - INFO - [ORDERFLOW_SERVICE] Footprint completado: POLUSDT | time=1769446380000 | trades=36 | delta=-972.0000 | poc=0
2026-01-26 11:54:07 - orderflow_service - INFO - [ORDERFLOW_SERVICE] Footprint completado: TRBUSDT | time=1769446380000 | trades=13 | delta=-4.6800 | poc=5
2026-01-26 11:55:00 - orderflow_service - INFO - [ORDERFLOW_SERVICE] Footprint completado: ETHUSDT | time=1769446440000 | trades=1168 | delta=-531.9600 | poc=1
2026-01-26 11:55:00 - orderflow_service - INFO - [ORDERFLOW_SERVICE] Footprint completado: ETHUSDT | time=1769446200000 | trades=8930 | delta=635.7700 | poc=1
2026-01-26 11:55:01 - orderflow_service - INFO - [ORDERFLOW_SERVICE] Footprint completado: SOLUSDT | time=1769446440000 | trades=512 | delta=-2152.9000 | poc=0
2026-01-26 11:55:01 - orderflow_service - INFO - [ORDERFLOW_SERVICE] Footprint completado: SOLUSDT | time=1769446200000 | trades=5430 | delta=-868.2000 | poc=0
2026-01-26 11:55:01 - footprint_calculator - WARNING - Max levels reached for candle 87771.9-87846.0 with step 1.0
2026-01-26 11:55:01 - orderflow_service - INFO - [ORDERFLOW_SERVICE] Footprint completado: BTCUSDT | time=1769446440000 | trades=1164 | delta=6.3910 | poc=49
2026-01-26 11:55:01 - footprint_calculator - WARNING - Max levels reached for candle 87750.3-87888.8 with step 1.0
2026-01-26 11:55:01 - orderflow_service - INFO - [ORDERFLOW_SERVICE] Footprint completado: BTCUSDT | time=1769446200000 | trades=11863 | delta=75.8850 | poc=49
2026-01-26 11:55:02 - orderflow_service - INFO - [ORDERFLOW_SERVICE] Footprint completado: PAXGUSDT | time=1769446440000 | trades=70 | delta=-0.6310 | poc=1
2026-01-26 11:55:02 - orderflow_service - INFO - [ORDERFLOW_SERVICE] Footprint completado: PAXGUSDT | time=1769446200000 | trades=399 | delta=3.7290 | poc=3
2026-01-26 11:55:02 - orderflow_service - INFO - [ORDERFLOW_SERVICE] Footprint completado: DOGEUSDT | time=1769446440000 | trades=189 | delta=15860.0000 | poc=1
2026-01-26 11:55:02 - orderflow_service - INFO - [ORDERFLOW_SERVICE] Footprint completado: DOGEUSDT | time=1769446200000 | trades=1812 | delta=-592323.0000 | poc=1
2026-01-26 11:55:02 - orderflow_service - INFO - [ORDERFLOW_SERVICE] Footprint completado: BNBUSDT | time=1769446440000 | trades=63 | delta=-34.9200 | poc=0
2026-01-26 11:55:02 - orderflow_service - INFO - [ORDERFLOW_SERVICE] Footprint completado: BNBUSDT | time=1769446200000 | trades=504 | delta=-67.4400 | poc=1
2026-01-26 11:55:02 - orderflow_service - INFO - [ORDERFLOW_SERVICE] Footprint completado: TRXUSDT | time=1769446440000 | trades=65 | delta=-17053.0000 | poc=0
2026-01-26 11:55:02 - orderflow_service - INFO - [ORDERFLOW_SERVICE] Footprint completado: TRXUSDT | time=1769446200000 | trades=272 | delta=19532.0000 | poc=1
2026-01-26 11:55:02 - orderflow_service - INFO - [ORDERFLOW_SERVICE] Footprint completado: SUIUSDT | time=1769446440000 | trades=160 | delta=3680.0000 | poc=10
2026-01-26 11:55:02 - orderflow_service - INFO - [ORDERFLOW_SERVICE] Footprint completado: SUIUSDT | time=1769446200000 | trades=1851 | delta=33640.0000 | poc=28
2026-01-26 11:55:02 - orderflow_service - INFO - [ORDERFLOW_SERVICE] Footprint completado: GALAUSDT | time=1769446440000 | trades=156 | delta=938550.0000 | poc=0
2026-01-26 11:55:02 - orderflow_service - INFO - [ORDERFLOW_SERVICE] Footprint completado: GALAUSDT | time=1769446200000 | trades=773 | delta=3308096.0000 | poc=0
2026-01-26 11:55:02 - orderflow_service - INFO - [ORDERFLOW_SERVICE] Footprint completado: ADAUSDT | time=1769446440000 | trades=105 | delta=18010.0000 | poc=0
2026-01-26 11:55:02 - orderflow_service - INFO - [ORDERFLOW_SERVICE] Footprint completado: ADAUSDT | time=1769446200000 | trades=920 | delta=-120914.0000 | poc=0
2026-01-26 11:55:02 - orderflow_service - INFO - [ORDERFLOW_SERVICE] Footprint completado: POLUSDT | time=1769446440000 | trades=32 | delta=-2758.0000 | poc=0
2026-01-26 11:55:02 - orderflow_service - INFO - [ORDERFLOW_SERVICE] Footprint completado: POLUSDT | time=1769446200000 | trades=442 | delta=5144.0000 | poc=0
2026-01-26 11:55:02 - orderflow_service - INFO - [ORDERFLOW_SERVICE] Footprint completado: XRPUSDT | time=1769446440000 | trades=365 | delta=4764.0000 | poc=0
2026-01-26 11:55:02 - orderflow_service - INFO - [ORDERFLOW_SERVICE] Footprint completado: XRPUSDT | time=1769446200000 | trades=3367 | delta=218451.0000 | poc=1
2026-01-26 11:55:04 - orderflow_service - INFO - [ORDERFLOW_SERVICE] Footprint completado: TRBUSDT | time=1769446440000 | trades=23 | delta=-28.8300 | poc=6
2026-01-26 11:55:04 - orderflow_service - INFO - [ORDERFLOW_SERVICE] Footprint completado: TRBUSDT | time=1769446200000 | trades=103 | delta=-60.2600 | poc=14
2026-01-26 11:56:00 - orderflow_service - INFO - [ORDERFLOW_SERVICE] Footprint completado: ETHUSDT | time=1769446500000 | trades=1538 | delta=-176.2400 | poc=1
2026-01-26 11:56:00 - footprint_calculator - WARNING - Max levels reached for candle 87660.9-87791.6 with step 1.0
2026-01-26 11:56:01 - orderflow_service - INFO - [ORDERFLOW_SERVICE] Footprint completado: BTCUSDT | time=1769446500000 | trades=1720 | delta=-11.0330 | poc=49
2026-01-26 11:56:01 - orderflow_service - INFO - [ORDERFLOW_SERVICE] Footprint completado: XRPUSDT | time=1769446500000 | trades=795 | delta=-79620.3000 | poc=0
2026-01-26 11:56:01 - orderflow_service - INFO - [ORDERFLOW_SERVICE] Footprint completado: SUIUSDT | time=1769446500000 | trades=403 | delta=-20100.0000 | poc=3
2026-01-26 11:56:01 - orderflow_service - INFO - [ORDERFLOW_SERVICE] Footprint completado: DOGEUSDT | time=1769446500000 | trades=443 | delta=-413307.0000 | poc=0
2026-01-26 11:56:01 - orderflow_service - INFO - [ORDERFLOW_SERVICE] Footprint completado: SOLUSDT | time=1769446500000 | trades=994 | delta=7414.5000 | poc=0
2026-01-26 11:56:01 - orderflow_service - INFO - [ORDERFLOW_SERVICE] Footprint completado: GALAUSDT | time=1769446500000 | trades=156 | delta=-3170232.0000 | poc=0
2026-01-26 11:56:01 - orderflow_service - INFO - [ORDERFLOW_SERVICE] Footprint completado: ADAUSDT | time=1769446500000 | trades=185 | delta=-76956.0000 | poc=0
2026-01-26 11:56:01 - orderflow_service - INFO - [ORDERFLOW_SERVICE] Footprint completado: POLUSDT | time=1769446500000 | trades=262 | delta=-9533.0000 | poc=0
2026-01-26 11:56:01 - orderflow_service - INFO - [ORDERFLOW_SERVICE] Footprint completado: PAXGUSDT | time=1769446500000 | trades=127 | delta=-2.0940 | poc=4
2026-01-26 11:56:01 - orderflow_service - INFO - [ORDERFLOW_SERVICE] Footprint completado: TRXUSDT | time=1769446500000 | trades=177 | delta=106342.0000 | poc=1
2026-01-26 11:56:03 - orderflow_service - INFO - [ORDERFLOW_SERVICE] Footprint completado: BNBUSDT | time=1769446500000 | trades=92 | delta=-32.4700 | poc=1
2026-01-26 11:56:13 - orderflow_service - INFO - [ORDERFLOW_SERVICE] Footprint completado: TRBUSDT | time=1769446500000 | trades=21 | delta=-6.2000 | poc=15
2026-01-26 11:57:00 - orderflow_service - INFO - [ORDERFLOW_SERVICE] Footprint completado: ETHUSDT | time=1769446560000 | trades=1813 | delta=-333.9000 | poc=0
2026-01-26 11:57:01 - orderflow_service - INFO - [ORDERFLOW_SERVICE] Footprint completado: SUIUSDT | time=1769446560000 | trades=238 | delta=-16270.0000 | poc=18
2026-01-26 11:57:01 - orderflow_service - INFO - [ORDERFLOW_SERVICE] Footprint completado: XRPUSDT | time=1769446560000 | trades=524 | delta=-9448.7000 | poc=0
2026-01-26 11:57:01 - footprint_calculator - WARNING - Max levels reached for candle 87651.2-87708.8 with step 1.0
2026-01-26 11:57:02 - orderflow_service - INFO - [ORDERFLOW_SERVICE] Footprint completado: BTCUSDT | time=1769446560000 | trades=963 | delta=-0.7140 | poc=49
2026-01-26 11:57:02 - orderflow_service - INFO - [ORDERFLOW_SERVICE] Footprint completado: SOLUSDT | time=1769446560000 | trades=645 | delta=-1718.6000 | poc=0
2026-01-26 11:57:02 - orderflow_service - INFO - [ORDERFLOW_SERVICE] Footprint completado: DOGEUSDT | time=1769446560000 | trades=180 | delta=-178078.0000 | poc=0
2026-01-26 11:57:02 - orderflow_service - INFO - [ORDERFLOW_SERVICE] Footprint completado: POLUSDT | time=1769446560000 | trades=102 | delta=-52013.0000 | poc=0
2026-01-26 11:57:02 - orderflow_service - INFO - [ORDERFLOW_SERVICE] Footprint completado: PAXGUSDT | time=1769446560000 | trades=44 | delta=-0.1830 | poc=3
2026-01-26 11:57:02 - orderflow_service - INFO - [ORDERFLOW_SERVICE] Footprint completado: GALAUSDT | time=1769446560000 | trades=92 | delta=43987.0000 | poc=0
2026-01-26 11:57:03 - orderflow_service - INFO - [ORDERFLOW_SERVICE] Footprint completado: ADAUSDT | time=1769446560000 | trades=105 | delta=-50047.0000 | poc=0
2026-01-26 11:57:03 - orderflow_service - INFO - [ORDERFLOW_SERVICE] Footprint completado: TRXUSDT | time=1769446560000 | trades=73 | delta=-84767.0000 | poc=0
2026-01-26 11:57:03 - orderflow_service - INFO - [ORDERFLOW_SERVICE] Footprint completado: BNBUSDT | time=1769446560000 | trades=69 | delta=0.5900 | poc=0
2026-01-26 11:57:16 - orderflow_service - INFO - [ORDERFLOW_SERVICE] Footprint completado: TRBUSDT | time=1769446560000 | trades=19 | delta=-11.0800 | poc=3
2026-01-26 11:58:00 - orderflow_service - INFO - [ORDERFLOW_SERVICE] Footprint completado: ADAUSDT | time=1769446620000 | trades=87 | delta=-6836.0000 | poc=0
2026-01-26 11:58:00 - footprint_calculator - WARNING - Max levels reached for candle 87617.9-87695.0 with step 1.0
2026-01-26 11:58:01 - orderflow_service - INFO - [ORDERFLOW_SERVICE] Footprint completado: BTCUSDT | time=1769446620000 | trades=1085 | delta=-8.5060 | poc=8
2026-01-26 11:58:01 - orderflow_service - INFO - [ORDERFLOW_SERVICE] Footprint completado: ETHUSDT | time=1769446620000 | trades=2059 | delta=-1657.4700 | poc=2
2026-01-26 11:58:04 - orderflow_service - WARNING - [ORDERFLOW_SERVICE] Error enviando alerta: All connection attempts failed
2026-01-26 11:58:04 - orderflow_service - INFO - [ORDERFLOW_SERVICE] Footprint completado: POLUSDT | time=1769446620000 | trades=87 | delta=12342.0000 | poc=0
2026-01-26 11:58:04 - orderflow_service - INFO - [ORDERFLOW_SERVICE] Footprint completado: DOGEUSDT | time=1769446620000 | trades=330 | delta=-277959.0000 | poc=0
2026-01-26 11:58:04 - orderflow_service - INFO - [ORDERFLOW_SERVICE] Footprint completado: PAXGUSDT | time=1769446620000 | trades=110 | delta=-0.2140 | poc=4
2026-01-26 11:58:05 - orderflow_service - INFO - [ORDERFLOW_SERVICE] Footprint completado: SUIUSDT | time=1769446620000 | trades=107 | delta=-1850.0000 | poc=0
2026-01-26 11:58:05 - orderflow_service - INFO - [ORDERFLOW_SERVICE] Footprint completado: TRXUSDT | time=1769446620000 | trades=18 | delta=7387.0000 | poc=0
2026-01-26 11:58:05 - orderflow_service - INFO - [ORDERFLOW_SERVICE] Footprint completado: XRPUSDT | time=1769446620000 | trades=484 | delta=-25051.6000 | poc=1
2026-01-26 11:58:05 - orderflow_service - INFO - [ORDERFLOW_SERVICE] Footprint completado: GALAUSDT | time=1769446620000 | trades=75 | delta=-302474.0000 | poc=0
2026-01-26 11:58:05 - orderflow_service - INFO - [ORDERFLOW_SERVICE] Footprint completado: SOLUSDT | time=1769446620000 | trades=842 | delta=-2098.0000 | poc=0
2026-01-26 11:58:05 - orderflow_service - INFO - [ORDERFLOW_SERVICE] Footprint completado: BNBUSDT | time=1769446620000 | trades=36 | delta=-3.9300 | poc=0
2026-01-26 11:58:11 - orderflow_service - INFO - [ORDERFLOW_SERVICE] Footprint completado: TRBUSDT | time=1769446620000 | trades=9 | delta=1.3700 | poc=6
2026-01-26 11:59:00 - footprint_calculator - WARNING - Max levels reached for candle 87579.1-87634.4 with step 1.0
2026-01-26 11:59:01 - orderflow_service - INFO - [ORDERFLOW_SERVICE] Footprint completado: BTCUSDT | time=1769446680000 | trades=1083 | delta=-5.3310 | poc=16
2026-01-26 11:59:01 - orderflow_service - INFO - [ORDERFLOW_SERVICE] Footprint completado: XRPUSDT | time=1769446680000 | trades=1417 | delta=-640029.0000 | poc=0
2026-01-26 11:59:01 - orderflow_service - INFO - [ORDERFLOW_SERVICE] Footprint completado: ETHUSDT | time=1769446680000 | trades=1872 | delta=-498.1300 | poc=1
2026-01-26 11:59:01 - orderflow_service - INFO - [ORDERFLOW_SERVICE] Footprint completado: ADAUSDT | time=1769446680000 | trades=151 | delta=30028.0000 | poc=0
2026-01-26 11:59:01 - orderflow_service - INFO - [ORDERFLOW_SERVICE] Footprint completado: DOGEUSDT | time=1769446680000 | trades=421 | delta=-892246.0000 | poc=0
2026-01-26 11:59:01 - orderflow_service - INFO - [ORDERFLOW_SERVICE] Footprint completado: TRXUSDT | time=1769446680000 | trades=15 | delta=-1993.0000 | poc=0
2026-01-26 11:59:01 - orderflow_service - INFO - [ORDERFLOW_SERVICE] Footprint completado: PAXGUSDT | time=1769446680000 | trades=164 | delta=-0.7590 | poc=5
2026-01-26 11:59:02 - orderflow_service - INFO - [ORDERFLOW_SERVICE] Footprint completado: POLUSDT | time=1769446680000 | trades=109 | delta=-22734.0000 | poc=0
2026-01-26 11:59:02 - orderflow_service - INFO - [ORDERFLOW_SERVICE] Footprint completado: SOLUSDT | time=1769446680000 | trades=535 | delta=2185.8000 | poc=0
2026-01-26 11:59:02 - orderflow_service - INFO - [ORDERFLOW_SERVICE] Footprint completado: BNBUSDT | time=1769446680000 | trades=63 | delta=1.6500 | poc=0
2026-01-26 11:59:03 - orderflow_service - INFO - [ORDERFLOW_SERVICE] Footprint completado: TRBUSDT | time=1769446680000 | trades=16 | delta=-10.6300 | poc=4
2026-01-26 11:59:03 - orderflow_service - INFO - [ORDERFLOW_SERVICE] Footprint completado: SUIUSDT | time=1769446680000 | trades=317 | delta=18040.0000 | poc=14
2026-01-26 11:59:08 - orderflow_service - INFO - [ORDERFLOW_SERVICE] Footprint completado: GALAUSDT | time=1769446680000 | trades=155 | delta=251100.0000 | poc=0
2026-01-26 12:00:01 - orderflow_service - INFO - [ORDERFLOW_SERVICE] Footprint completado: XRPUSDT | time=1769446740000 | trades=410 | delta=-21603.1000 | poc=0
2026-01-26 12:00:01 - orderflow_service - INFO - [ORDERFLOW_SERVICE] Footprint completado: XRPUSDT | time=1769446500000 | trades=3630 | delta=-775752.7000 | poc=0
2026-01-26 12:00:04 - orderflow_service - WARNING - [ORDERFLOW_SERVICE] Error enviando alerta: All connection attempts failed
2026-01-26 12:00:04 - orderflow_service - INFO - [ORDERFLOW_SERVICE] Footprint completado: POLUSDT | time=1769446740000 | trades=118 | delta=-56921.0000 | poc=0
2026-01-26 12:00:04 - orderflow_service - INFO - [ORDERFLOW_SERVICE] Footprint completado: POLUSDT | time=1769446500000 | trades=678 | delta=-128859.0000 | poc=0
2026-01-26 12:00:04 - orderflow_service - INFO - [ORDERFLOW_SERVICE] Footprint completado: SUIUSDT | time=1769446740000 | trades=328 | delta=100240.0000 | poc=18
2026-01-26 12:00:04 - footprint_calculator - WARNING - Max levels reached for candle 1.4477-1.4533 with step 0.0001
2026-01-26 12:00:04 - orderflow_service - INFO - [ORDERFLOW_SERVICE] Footprint completado: SUIUSDT | time=1769446500000 | trades=1393 | delta=80060.0000 | poc=14
2026-01-26 12:00:04 - orderflow_service - INFO - [ORDERFLOW_SERVICE] Footprint completado: DOGEUSDT | time=1769446740000 | trades=186 | delta=-95944.0000 | poc=0
2026-01-26 12:00:04 - orderflow_service - INFO - [ORDERFLOW_SERVICE] Footprint completado: DOGEUSDT | time=1769446500000 | trades=1560 | delta=-1857534.0000 | poc=0
2026-01-26 12:00:04 - orderflow_service - INFO - [ORDERFLOW_SERVICE] Footprint completado: PAXGUSDT | time=1769446740000 | trades=56 | delta=-1.1640 | poc=3
2026-01-26 12:00:04 - orderflow_service - INFO - [ORDERFLOW_SERVICE] Footprint completado: PAXGUSDT | time=1769446500000 | trades=501 | delta=-4.4140 | poc=4
2026-01-26 12:00:04 - orderflow_service - INFO - [ORDERFLOW_SERVICE] Footprint completado: ETHUSDT | time=1769446740000 | trades=1413 | delta=-560.9600 | poc=1
2026-01-26 12:00:05 - orderflow_service - INFO - [ORDERFLOW_SERVICE] Footprint completado: ETHUSDT | time=1769446500000 | trades=8695 | delta=-3226.7000 | poc=1
2026-01-26 12:00:05 - orderflow_service - INFO - [ORDERFLOW_SERVICE] Footprint completado: BTCUSDT | time=1769446740000 | trades=782 | delta=2.4760 | poc=0
2026-01-26 12:00:05 - footprint_calculator - WARNING - Max levels reached for candle 87557.7-87791.6 with step 1.0
2026-01-26 12:00:05 - orderflow_service - INFO - [ORDERFLOW_SERVICE] Footprint completado: BTCUSDT | time=1769446500000 | trades=5633 | delta=-23.1080 | poc=49
2026-01-26 12:00:05 - orderflow_service - INFO - [ORDERFLOW_SERVICE] Footprint completado: TRBUSDT | time=1769446740000 | trades=16 | delta=0.8100 | poc=2
2026-01-26 12:00:05 - orderflow_service - INFO - [ORDERFLOW_SERVICE] Footprint completado: TRBUSDT | time=1769446500000 | trades=81 | delta=-25.7300 | poc=10
2026-01-26 12:00:05 - orderflow_service - INFO - [ORDERFLOW_SERVICE] Footprint completado: ADAUSDT | time=1769446740000 | trades=86 | delta=-2741.0000 | poc=0
2026-01-26 12:00:05 - orderflow_service - INFO - [ORDERFLOW_SERVICE] Footprint completado: ADAUSDT | time=1769446500000 | trades=614 | delta=-106552.0000 | poc=0
2026-01-26 12:00:05 - orderflow_service - INFO - [ORDERFLOW_SERVICE] Footprint completado: GALAUSDT | time=1769446740000 | trades=60 | delta=361435.0000 | poc=0
2026-01-26 12:00:05 - orderflow_service - INFO - [ORDERFLOW_SERVICE] Footprint completado: GALAUSDT | time=1769446500000 | trades=538 | delta=-2816184.0000 | poc=0
2026-01-26 12:00:05 - orderflow_service - INFO - [ORDERFLOW_SERVICE] Footprint completado: SOLUSDT | time=1769446740000 | trades=466 | delta=2235.6000 | poc=0
2026-01-26 12:00:05 - orderflow_service - INFO - [ORDERFLOW_SERVICE] Footprint completado: SOLUSDT | time=1769446500000 | trades=3482 | delta=8019.3000 | poc=0
2026-01-26 12:00:06 - orderflow_service - INFO - [ORDERFLOW_SERVICE] Footprint completado: TRXUSDT | time=1769446740000 | trades=29 | delta=-1724.0000 | poc=0
2026-01-26 12:00:06 - orderflow_service - INFO - [ORDERFLOW_SERVICE] Footprint completado: TRXUSDT | time=1769446500000 | trades=312 | delta=25245.0000 | poc=1
2026-01-26 12:00:06 - orderflow_service - INFO - [ORDERFLOW_SERVICE] Footprint completado: BNBUSDT | time=1769446740000 | trades=43 | delta=-1.9300 | poc=0
2026-01-26 12:00:06 - orderflow_service - INFO - [ORDERFLOW_SERVICE] Footprint completado: BNBUSDT | time=1769446500000 | trades=303 | delta=-36.0900 | poc=0
2026-01-26 12:01:01 - orderflow_service - INFO - [ORDERFLOW_SERVICE] Footprint completado: ETHUSDT | time=1769446800000 | trades=1881 | delta=-303.7400 | poc=1
2026-01-26 12:01:01 - orderflow_service - INFO - [ORDERFLOW_SERVICE] Footprint completado: SOLUSDT | time=1769446800000 | trades=667 | delta=2625.4000 | poc=0
2026-01-26 12:01:01 - footprint_calculator - WARNING - Max levels reached for candle 87512.1-87618.4 with step 1.0
2026-01-26 12:01:01 - orderflow_service - INFO - [ORDERFLOW_SERVICE] Footprint completado: BTCUSDT | time=1769446800000 | trades=2029 | delta=2.7380 | poc=49
2026-01-26 12:01:02 - orderflow_service - INFO - [ORDERFLOW_SERVICE] Footprint completado: SUIUSDT | time=1769446800000 | trades=377 | delta=-2890.0000 | poc=36
2026-01-26 12:01:05 - orderflow_service - WARNING - [ORDERFLOW_SERVICE] Error enviando alerta: All connection attempts failed
2026-01-26 12:01:08 - orderflow_service - WARNING - [ORDERFLOW_SERVICE] Error enviando alerta: All connection attempts failed
2026-01-26 12:01:08 - orderflow_service - INFO - [ORDERFLOW_SERVICE] Footprint completado: DOGEUSDT | time=1769446800000 | trades=564 | delta=-380929.0000 | poc=0
2026-01-26 12:01:08 - orderflow_service - INFO - [ORDERFLOW_SERVICE] Footprint completado: XRPUSDT | time=1769446800000 | trades=1033 | delta=-29093.1000 | poc=0
2026-01-26 12:01:08 - orderflow_service - INFO - [ORDERFLOW_SERVICE] Footprint completado: TRBUSDT | time=1769446800000 | trades=28 | delta=-12.6800 | poc=1
2026-01-26 12:01:08 - orderflow_service - INFO - [ORDERFLOW_SERVICE] Footprint completado: ADAUSDT | time=1769446800000 | trades=283 | delta=362805.0000 | poc=0
2026-01-26 12:01:08 - orderflow_service - INFO - [ORDERFLOW_SERVICE] Footprint completado: TRXUSDT | time=1769446800000 | trades=61 | delta=-7952.0000 | poc=0
2026-01-26 12:01:08 - orderflow_service - INFO - [ORDERFLOW_SERVICE] Footprint completado: PAXGUSDT | time=1769446800000 | trades=38 | delta=-0.1090 | poc=2
2026-01-26 12:01:08 - orderflow_service - INFO - [ORDERFLOW_SERVICE] Footprint completado: GALAUSDT | time=1769446800000 | trades=236 | delta=2421383.0000 | poc=0
2026-01-26 12:01:08 - orderflow_service - INFO - [ORDERFLOW_SERVICE] Footprint completado: POLUSDT | time=1769446800000 | trades=229 | delta=1097.0000 | poc=0
2026-01-26 12:01:08 - orderflow_service - INFO - [ORDERFLOW_SERVICE] Footprint completado: BNBUSDT | time=1769446800000 | trades=107 | delta=-12.8300 | poc=0
2026-01-26 12:02:01 - footprint_calculator - WARNING - Max levels reached for candle 87598.9-87658.2 with step 1.0
2026-01-26 12:02:02 - orderflow_service - INFO - [ORDERFLOW_SERVICE] Footprint completado: BTCUSDT | time=1769446860000 | trades=1120 | delta=14.9890 | poc=20
2026-01-26 12:02:05 - orderflow_service - WARNING - [ORDERFLOW_SERVICE] Error enviando alerta: All connection attempts failed
2026-01-26 12:02:05 - orderflow_service - INFO - [ORDERFLOW_SERVICE] Footprint completado: ETHUSDT | time=1769446860000 | trades=1244 | delta=384.3700 | poc=1
2026-01-26 12:02:08 - orderflow_service - WARNING - [ORDERFLOW_SERVICE] Error enviando alerta: All connection attempts failed
2026-01-26 12:02:08 - orderflow_service - INFO - [ORDERFLOW_SERVICE] Footprint completado: SUIUSDT | time=1769446860000 | trades=204 | delta=-6570.0000 | poc=3
2026-01-26 12:02:08 - orderflow_service - INFO - [ORDERFLOW_SERVICE] Footprint completado: GALAUSDT | time=1769446860000 | trades=97 | delta=1264243.0000 | poc=0
2026-01-26 12:02:08 - orderflow_service - INFO - [ORDERFLOW_SERVICE] Footprint completado: XRPUSDT | time=1769446860000 | trades=411 | delta=-1328.9000 | poc=0
2026-01-26 12:02:08 - orderflow_service - INFO - [ORDERFLOW_SERVICE] Footprint completado: TRXUSDT | time=1769446860000 | trades=19 | delta=-6942.0000 | poc=0
2026-01-26 12:02:08 - orderflow_service - INFO - [ORDERFLOW_SERVICE] Footprint completado: PAXGUSDT | time=1769446860000 | trades=102 | delta=0.0170 | poc=2
2026-01-26 12:02:08 - orderflow_service - INFO - [ORDERFLOW_SERVICE] Footprint completado: DOGEUSDT | time=1769446860000 | trades=309 | delta=838174.0000 | poc=0
2026-01-26 12:02:08 - orderflow_service - INFO - [ORDERFLOW_SERVICE] Footprint completado: SOLUSDT | time=1769446860000 | trades=363 | delta=685.8000 | poc=0
2026-01-26 12:02:08 - orderflow_service - INFO - [ORDERFLOW_SERVICE] Footprint completado: ADAUSDT | time=1769446860000 | trades=123 | delta=26724.0000 | poc=0
2026-01-26 12:02:08 - orderflow_service - INFO - [ORDERFLOW_SERVICE] Footprint completado: BNBUSDT | time=1769446860000 | trades=52 | delta=7.7400 | poc=1
2026-01-26 12:02:08 - orderflow_service - INFO - [ORDERFLOW_SERVICE] Footprint completado: POLUSDT | time=1769446860000 | trades=76 | delta=16281.0000 | poc=0
2026-01-26 12:02:08 - orderflow_service - INFO - [ORDERFLOW_SERVICE] Footprint completado: TRBUSDT | time=1769446860000 | trades=10 | delta=-0.7100 | poc=4
2026-01-26 12:03:01 - orderflow_service - INFO - [ORDERFLOW_SERVICE] Footprint completado: ETHUSDT | time=1769446920000 | trades=1316 | delta=492.4200 | poc=2
2026-01-26 12:03:01 - footprint_calculator - WARNING - Max levels reached for candle 87641.8-87731.8 with step 1.0
2026-01-26 12:03:02 - orderflow_service - INFO - [ORDERFLOW_SERVICE] Footprint completado: BTCUSDT | time=1769446920000 | trades=1870 | delta=22.5450 | poc=49
2026-01-26 12:03:02 - orderflow_service - INFO - [ORDERFLOW_SERVICE] Footprint completado: XRPUSDT | time=1769446920000 | trades=435 | delta=16222.8000 | poc=0
2026-01-26 12:03:02 - orderflow_service - INFO - [ORDERFLOW_SERVICE] Footprint completado: POLUSDT | time=1769446920000 | trades=111 | delta=9506.0000 | poc=0
2026-01-26 12:03:02 - orderflow_service - INFO - [ORDERFLOW_SERVICE] Footprint completado: SOLUSDT | time=1769446920000 | trades=598 | delta=6592.2000 | poc=0
2026-01-26 12:03:02 - orderflow_service - INFO - [ORDERFLOW_SERVICE] Footprint completado: DOGEUSDT | time=1769446920000 | trades=239 | delta=76278.0000 | poc=0
2026-01-26 12:03:02 - orderflow_service - INFO - [ORDERFLOW_SERVICE] Footprint completado: TRBUSDT | time=1769446920000 | trades=7 | delta=7.2400 | poc=3
2026-01-26 12:03:02 - orderflow_service - INFO - [ORDERFLOW_SERVICE] Footprint completado: TRXUSDT | time=1769446920000 | trades=25 | delta=7629.0000 | poc=0
2026-01-26 12:03:02 - orderflow_service - INFO - [ORDERFLOW_SERVICE] Footprint completado: PAXGUSDT | time=1769446920000 | trades=82 | delta=-1.7570 | poc=4
2026-01-26 12:03:02 - orderflow_service - INFO - [ORDERFLOW_SERVICE] Footprint completado: SUIUSDT | time=1769446920000 | trades=229 | delta=43980.0000 | poc=17
2026-01-26 12:03:02 - orderflow_service - INFO - [ORDERFLOW_SERVICE] Footprint completado: ADAUSDT | time=1769446920000 | trades=149 | delta=34347.0000 | poc=0
2026-01-26 12:03:02 - orderflow_service - INFO - [ORDERFLOW_SERVICE] Footprint completado: BNBUSDT | time=1769446920000 | trades=72 | delta=7.9200 | poc=0
2026-01-26 12:03:15 - orderflow_service - INFO - [ORDERFLOW_SERVICE] Footprint completado: GALAUSDT | time=1769446920000 | trades=106 | delta=3221.0000 | poc=0
2026-01-26 12:04:01 - orderflow_service - INFO - [ORDERFLOW_SERVICE] Footprint completado: ADAUSDT | time=1769446980000 | trades=71 | delta=-8223.0000 | poc=0
2026-01-26 12:04:02 - orderflow_service - INFO - [ORDERFLOW_SERVICE] Footprint completado: BTCUSDT | time=1769446980000 | trades=706 | delta=3.5990 | poc=2
2026-01-26 12:04:05 - orderflow_service - WARNING - [ORDERFLOW_SERVICE] Error enviando alerta: All connection attempts failed
2026-01-26 12:04:05 - orderflow_service - INFO - [ORDERFLOW_SERVICE] Footprint completado: SOLUSDT | time=1769446980000 | trades=241 | delta=-279.6000 | poc=0
2026-01-26 12:04:05 - orderflow_service - INFO - [ORDERFLOW_SERVICE] Footprint completado: ETHUSDT | time=1769446980000 | trades=938 | delta=-234.1700 | poc=0
2026-01-26 12:04:05 - orderflow_service - INFO - [ORDERFLOW_SERVICE] Footprint completado: PAXGUSDT | time=1769446980000 | trades=103 | delta=1.9150 | poc=1
2026-01-26 12:04:05 - orderflow_service - INFO - [ORDERFLOW_SERVICE] Footprint completado: XRPUSDT | time=1769446980000 | trades=358 | delta=-19304.0000 | poc=0
2026-01-26 12:04:05 - orderflow_service - INFO - [ORDERFLOW_SERVICE] Footprint completado: POLUSDT | time=1769446980000 | trades=62 | delta=37929.0000 | poc=0
2026-01-26 12:04:05 - orderflow_service - INFO - [ORDERFLOW_SERVICE] Footprint completado: GALAUSDT | time=1769446980000 | trades=47 | delta=274843.0000 | poc=0
2026-01-26 12:04:05 - orderflow_service - INFO - [ORDERFLOW_SERVICE] Footprint completado: BNBUSDT | time=1769446980000 | trades=24 | delta=-0.6000 | poc=0
2026-01-26 12:04:05 - orderflow_service - INFO - [ORDERFLOW_SERVICE] Footprint completado: DOGEUSDT | time=1769446980000 | trades=164 | delta=106309.0000 | poc=0
2026-01-26 12:04:05 - orderflow_service - INFO - [ORDERFLOW_SERVICE] Footprint completado: SUIUSDT | time=1769446980000 | trades=193 | delta=12680.0000 | poc=13
2026-01-26 12:04:05 - orderflow_service - INFO - [ORDERFLOW_SERVICE] Footprint completado: TRXUSDT | time=1769446980000 | trades=6 | delta=134.0000 | poc=0
2026-01-26 12:04:36 - orderflow_service - INFO - [ORDERFLOW_SERVICE] Footprint completado: TRBUSDT | time=1769446980000 | trades=16 | delta=4.6000 | poc=5
2026-01-26 12:05:01 - orderflow_service - INFO - [ORDERFLOW_SERVICE] Footprint completado: DOGEUSDT | time=1769447040000 | trades=384 | delta=427337.0000 | poc=0
2026-01-26 12:05:01 - orderflow_service - INFO - [ORDERFLOW_SERVICE] Footprint completado: DOGEUSDT | time=1769446800000 | trades=1660 | delta=1067169.0000 | poc=0
2026-01-26 12:05:01 - orderflow_service - INFO - [ORDERFLOW_SERVICE] Footprint completado: SOLUSDT | time=1769447040000 | trades=462 | delta=4695.7000 | poc=1
2026-01-26 12:05:01 - orderflow_service - INFO - [ORDERFLOW_SERVICE] Footprint completado: SOLUSDT | time=1769446800000 | trades=2331 | delta=14319.5000 | poc=0
2026-01-26 12:05:01 - orderflow_service - INFO - [ORDERFLOW_SERVICE] Footprint completado: XRPUSDT | time=1769447040000 | trades=479 | delta=-19183.1000 | poc=1
2026-01-26 12:05:01 - orderflow_service - INFO - [ORDERFLOW_SERVICE] Footprint completado: XRPUSDT | time=1769446800000 | trades=2716 | delta=-52686.3000 | poc=0
2026-01-26 12:05:01 - orderflow_service - INFO - [ORDERFLOW_SERVICE] Footprint completado: PAXGUSDT | time=1769447040000 | trades=58 | delta=-2.2310 | poc=0
2026-01-26 12:05:02 - orderflow_service - INFO - [ORDERFLOW_SERVICE] Footprint completado: PAXGUSDT | time=1769446800000 | trades=383 | delta=-2.1650 | poc=8
2026-01-26 12:05:02 - orderflow_service - INFO - [ORDERFLOW_SERVICE] Footprint completado: ETHUSDT | time=1769447040000 | trades=1154 | delta=53.1200 | poc=1
2026-01-26 12:05:02 - orderflow_service - INFO - [ORDERFLOW_SERVICE] Footprint completado: ETHUSDT | time=1769446800000 | trades=6533 | delta=392.0000 | poc=5
2026-01-26 12:05:02 - orderflow_service - INFO - [ORDERFLOW_SERVICE] Footprint completado: TRBUSDT | time=1769447040000 | trades=20 | delta=1.0400 | poc=5
2026-01-26 12:05:02 - footprint_calculator - WARNING - Max levels reached for candle 19.605-19.715 with step 0.002
2026-01-26 12:05:02 - orderflow_service - INFO - [ORDERFLOW_SERVICE] Footprint completado: TRBUSDT | time=1769446800000 | trades=81 | delta=-0.5100 | poc=49
2026-01-26 12:05:02 - orderflow_service - INFO - [ORDERFLOW_SERVICE] Footprint completado: ADAUSDT | time=1769447040000 | trades=81 | delta=4582.0000 | poc=0
2026-01-26 12:05:02 - orderflow_service - INFO - [ORDERFLOW_SERVICE] Footprint completado: ADAUSDT | time=1769446800000 | trades=707 | delta=420235.0000 | poc=0
2026-01-26 12:05:02 - orderflow_service - INFO - [ORDERFLOW_SERVICE] Footprint completado: SUIUSDT | time=1769447040000 | trades=290 | delta=43120.0000 | poc=10
2026-01-26 12:05:02 - footprint_calculator - WARNING - Max levels reached for candle 1.4459-1.4542 with step 0.0001
2026-01-26 12:05:02 - orderflow_service - INFO - [ORDERFLOW_SERVICE] Footprint completado: SUIUSDT | time=1769446800000 | trades=1293 | delta=90320.0000 | poc=49
2026-01-26 12:05:02 - orderflow_service - INFO - [ORDERFLOW_SERVICE] Footprint completado: POLUSDT | time=1769447040000 | trades=147 | delta=-107252.0000 | poc=0
2026-01-26 12:05:02 - orderflow_service - INFO - [ORDERFLOW_SERVICE] Footprint completado: POLUSDT | time=1769446800000 | trades=625 | delta=-42439.0000 | poc=0
2026-01-26 12:05:02 - orderflow_service - INFO - [ORDERFLOW_SERVICE] Footprint completado: GALAUSDT | time=1769447040000 | trades=86 | delta=299125.0000 | poc=0
2026-01-26 12:05:02 - orderflow_service - INFO - [ORDERFLOW_SERVICE] Footprint completado: GALAUSDT | time=1769446800000 | trades=572 | delta=4262815.0000 | poc=0
2026-01-26 12:05:02 - orderflow_service - INFO - [ORDERFLOW_SERVICE] Footprint completado: BNBUSDT | time=1769447040000 | trades=56 | delta=40.3200 | poc=0
2026-01-26 12:05:02 - orderflow_service - INFO - [ORDERFLOW_SERVICE] Footprint completado: BNBUSDT | time=1769446800000 | trades=311 | delta=42.5500 | poc=1
2026-01-26 12:05:02 - footprint_calculator - WARNING - Max levels reached for candle 87689.7-87742.6 with step 1.0
2026-01-26 12:05:03 - orderflow_service - INFO - [ORDERFLOW_SERVICE] Footprint completado: BTCUSDT | time=1769447040000 | trades=888 | delta=4.6880 | poc=28
2026-01-26 12:05:03 - footprint_calculator - WARNING - Max levels reached for candle 87512.1-87742.6 with step 1.0
2026-01-26 12:05:03 - orderflow_service - INFO - [ORDERFLOW_SERVICE] Footprint completado: BTCUSDT | time=1769446800000 | trades=6613 | delta=48.5590 | poc=49
2026-01-26 12:05:03 - orderflow_service - INFO - [ORDERFLOW_SERVICE] Footprint completado: TRXUSDT | time=1769447040000 | trades=9 | delta=1618.0000 | poc=0
2026-01-26 12:05:03 - orderflow_service - INFO - [ORDERFLOW_SERVICE] Footprint completado: TRXUSDT | time=1769446800000 | trades=120 | delta=-5513.0000 | poc=0
2026-01-26 12:06:01 - orderflow_service - INFO - [ORDERFLOW_SERVICE] Footprint completado: DOGEUSDT | time=1769447100000 | trades=169 | delta=-266942.0000 | poc=0
2026-01-26 12:06:01 - orderflow_service - INFO - [ORDERFLOW_SERVICE] Footprint completado: ADAUSDT | time=1769447100000 | trades=63 | delta=12743.0000 | poc=0
2026-01-26 12:06:01 - footprint_calculator - WARNING - Max levels reached for candle 87684.2-87739.7 with step 1.0
2026-01-26 12:06:01 - orderflow_service - INFO - [ORDERFLOW_SERVICE] Footprint completado: BTCUSDT | time=1769447100000 | trades=1043 | delta=0.8800 | poc=47
2026-01-26 12:06:01 - orderflow_service - INFO - [ORDERFLOW_SERVICE] Footprint completado: ETHUSDT | time=1769447100000 | trades=777 | delta=97.7300 | poc=1
2026-01-26 12:06:01 - orderflow_service - INFO - [ORDERFLOW_SERVICE] Footprint completado: XRPUSDT | time=1769447100000 | trades=407 | delta=-17408.6000 | poc=0
2026-01-26 12:06:01 - orderflow_service - INFO - [ORDERFLOW_SERVICE] Footprint completado: SUIUSDT | time=1769447100000 | trades=247 | delta=47250.0000 | poc=1
2026-01-26 12:06:01 - orderflow_service - INFO - [ORDERFLOW_SERVICE] Footprint completado: BNBUSDT | time=1769447100000 | trades=29 | delta=0.3700 | poc=0
2026-01-26 12:06:01 - orderflow_service - INFO - [ORDERFLOW_SERVICE] Footprint completado: GALAUSDT | time=1769447100000 | trades=77 | delta=717658.0000 | poc=0
2026-01-26 12:06:01 - orderflow_service - INFO - [ORDERFLOW_SERVICE] Footprint completado: SOLUSDT | time=1769447100000 | trades=292 | delta=904.8000 | poc=0
2026-01-26 12:06:01 - orderflow_service - INFO - [ORDERFLOW_SERVICE] Footprint completado: POLUSDT | time=1769447100000 | trades=133 | delta=3663.0000 | poc=0
2026-01-26 12:06:01 - orderflow_service - INFO - [ORDERFLOW_SERVICE] Footprint completado: TRXUSDT | time=1769447100000 | trades=59 | delta=-9059.0000 | poc=0
2026-01-26 12:06:03 - orderflow_service - INFO - [ORDERFLOW_SERVICE] Footprint completado: PAXGUSDT | time=1769447100000 | trades=86 | delta=1.1410 | poc=4
2026-01-26 12:06:06 - orderflow_service - INFO - [ORDERFLOW_SERVICE] Footprint completado: TRBUSDT | time=1769447100000 | trades=6 | delta=-1.2800 | poc=5
2026-01-26 12:07:01 - footprint_calculator - WARNING - Max levels reached for candle 87595.3-87695.0 with step 1.0
2026-01-26 12:07:01 - orderflow_service - INFO - [ORDERFLOW_SERVICE] Footprint completado: BTCUSDT | time=1769447160000 | trades=762 | delta=-3.2630 | poc=49
2026-01-26 12:07:01 - orderflow_service - INFO - [ORDERFLOW_SERVICE] Footprint completado: DOGEUSDT | time=1769447160000 | trades=323 | delta=-117735.0000 | poc=0
2026-01-26 12:07:01 - orderflow_service - INFO - [ORDERFLOW_SERVICE] Footprint completado: XRPUSDT | time=1769447160000 | trades=934 | delta=-25471.5000 | poc=1
2026-01-26 12:07:01 - orderflow_service - INFO - [ORDERFLOW_SERVICE] Footprint completado: ADAUSDT | time=1769447160000 | trades=77 | delta=-106427.0000 | poc=0
2026-01-26 12:07:01 - orderflow_service - INFO - [ORDERFLOW_SERVICE] Footprint completado: SOLUSDT | time=1769447160000 | trades=405 | delta=74.6000 | poc=0
2026-01-26 12:07:01 - orderflow_service - INFO - [ORDERFLOW_SERVICE] Footprint completado: ETHUSDT | time=1769447160000 | trades=982 | delta=-125.2100 | poc=0
2026-01-26 12:07:01 - orderflow_service - INFO - [ORDERFLOW_SERVICE] Footprint completado: POLUSDT | time=1769447160000 | trades=125 | delta=-16078.0000 | poc=0
2026-01-26 12:07:01 - orderflow_service - INFO - [ORDERFLOW_SERVICE] Footprint completado: BNBUSDT | time=1769447160000 | trades=45 | delta=-8.2800 | poc=0
2026-01-26 12:07:02 - orderflow_service - INFO - [ORDERFLOW_SERVICE] Footprint completado: SUIUSDT | time=1769447160000 | trades=139 | delta=-4600.0000 | poc=17
2026-01-26 12:07:02 - orderflow_service - INFO - [ORDERFLOW_SERVICE] Footprint completado: GALAUSDT | time=1769447160000 | trades=93 | delta=-1861319.0000 | poc=0
2026-01-26 12:07:03 - orderflow_service - INFO - [ORDERFLOW_SERVICE] Footprint completado: TRXUSDT | time=1769447160000 | trades=40 | delta=-8365.0000 | poc=0
2026-01-26 12:07:03 - orderflow_service - INFO - [ORDERFLOW_SERVICE] Footprint completado: PAXGUSDT | time=1769447160000 | trades=83 | delta=1.7000 | poc=1
2026-01-26 12:07:22 - orderflow_service - INFO - [ORDERFLOW_SERVICE] Footprint completado: TRBUSDT | time=1769447160000 | trades=16 | delta=-19.2100 | poc=8
2026-01-26 12:08:01 - orderflow_service - INFO - [ORDERFLOW_SERVICE] Footprint completado: ETHUSDT | time=1769447220000 | trades=1118 | delta=-240.0800 | poc=0
2026-01-26 12:08:01 - orderflow_service - INFO - [ORDERFLOW_SERVICE] Footprint completado: XRPUSDT | time=1769447220000 | trades=898 | delta=-341179.5000 | poc=0
2026-01-26 12:08:01 - orderflow_service - INFO - [ORDERFLOW_SERVICE] Footprint completado: PAXGUSDT | time=1769447220000 | trades=84 | delta=-1.3130 | poc=5
2026-01-26 12:08:01 - orderflow_service - INFO - [ORDERFLOW_SERVICE] Footprint completado: DOGEUSDT | time=1769447220000 | trades=300 | delta=-694743.0000 | poc=0
2026-01-26 12:08:01 - orderflow_service - INFO - [ORDERFLOW_SERVICE] Footprint completado: SOLUSDT | time=1769447220000 | trades=368 | delta=-1539.6000 | poc=0
2026-01-26 12:08:02 - footprint_calculator - WARNING - Max levels reached for candle 87542.8-87605.0 with step 1.0
2026-01-26 12:08:02 - orderflow_service - INFO - [ORDERFLOW_SERVICE] Footprint completado: BTCUSDT | time=1769447220000 | trades=954 | delta=4.7160 | poc=9
2026-01-26 12:08:02 - orderflow_service - INFO - [ORDERFLOW_SERVICE] Footprint completado: SUIUSDT | time=1769447220000 | trades=104 | delta=-120.0000 | poc=2
2026-01-26 12:08:02 - orderflow_service - INFO - [ORDERFLOW_SERVICE] Footprint completado: ADAUSDT | time=1769447220000 | trades=54 | delta=-1276.0000 | poc=0
2026-01-26 12:08:02 - orderflow_service - INFO - [ORDERFLOW_SERVICE] Footprint completado: BNBUSDT | time=1769447220000 | trades=44 | delta=1.1200 | poc=0
2026-01-26 12:08:03 - orderflow_service - INFO - [ORDERFLOW_SERVICE] Footprint completado: TRBUSDT | time=1769447220000 | trades=8 | delta=-0.4000 | poc=0
2026-01-26 12:08:05 - orderflow_service - INFO - [ORDERFLOW_SERVICE] Footprint completado: GALAUSDT | time=1769447220000 | trades=90 | delta=820656.0000 | poc=0
2026-01-26 12:08:10 - orderflow_service - INFO - [ORDERFLOW_SERVICE] Footprint completado: POLUSDT | time=1769447220000 | trades=124 | delta=-29152.0000 | poc=0
2026-01-26 12:08:28 - orderflow_service - INFO - [ORDERFLOW_SERVICE] Footprint completado: TRXUSDT | time=1769447220000 | trades=6 | delta=-422.0000 | poc=0
2026-01-26 12:09:01 - orderflow_service - INFO - [ORDERFLOW_SERVICE] Footprint completado: GALAUSDT | time=1769447280000 | trades=112 | delta=1917701.0000 | poc=0
2026-01-26 12:09:01 - orderflow_service - INFO - [ORDERFLOW_SERVICE] Footprint completado: ETHUSDT | time=1769447280000 | trades=2460 | delta=1222.9600 | poc=1
2026-01-26 12:09:01 - orderflow_service - INFO - [ORDERFLOW_SERVICE] Footprint completado: BNBUSDT | time=1769447280000 | trades=100 | delta=95.2400 | poc=0
2026-01-26 12:09:01 - orderflow_service - INFO - [ORDERFLOW_SERVICE] Footprint completado: PAXGUSDT | time=1769447280000 | trades=78 | delta=-1.0640 | poc=2
2026-01-26 12:09:01 - footprint_calculator - WARNING - Max levels reached for candle 87505.7-87596.4 with step 1.0
2026-01-26 12:09:01 - orderflow_service - INFO - [ORDERFLOW_SERVICE] Footprint completado: BTCUSDT | time=1769447280000 | trades=1666 | delta=-0.4940 | poc=49
2026-01-26 12:09:01 - orderflow_service - INFO - [ORDERFLOW_SERVICE] Footprint completado: SOLUSDT | time=1769447280000 | trades=604 | delta=2959.8000 | poc=0
2026-01-26 12:09:01 - orderflow_service - INFO - [ORDERFLOW_SERVICE] Footprint completado: DOGEUSDT | time=1769447280000 | trades=764 | delta=2957534.0000 | poc=0
2026-01-26 12:09:01 - orderflow_service - INFO - [ORDERFLOW_SERVICE] Footprint completado: XRPUSDT | time=1769447280000 | trades=1145 | delta=-40794.9000 | poc=0
2026-01-26 12:09:01 - orderflow_service - INFO - [ORDERFLOW_SERVICE] Footprint completado: TRBUSDT | time=1769447280000 | trades=17 | delta=14.4700 | poc=11
2026-01-26 12:09:02 - orderflow_service - INFO - [ORDERFLOW_SERVICE] Footprint completado: POLUSDT | time=1769447280000 | trades=210 | delta=-21757.0000 | poc=0
2026-01-26 12:09:06 - orderflow_service - INFO - [ORDERFLOW_SERVICE] Footprint completado: ADAUSDT | time=1769447280000 | trades=154 | delta=86211.0000 | poc=0
2026-01-26 12:09:06 - orderflow_service - INFO - [ORDERFLOW_SERVICE] Footprint completado: SUIUSDT | time=1769447280000 | trades=322 | delta=14720.0000 | poc=15
2026-01-26 12:09:21 - orderflow_service - INFO - [ORDERFLOW_SERVICE] Footprint completado: TRXUSDT | time=1769447280000 | trades=8 | delta=1007.0000 | poc=0
2026-01-26 12:10:00 - orderflow_service - INFO - [ORDERFLOW_SERVICE] Footprint completado: ETHUSDT | time=1769447340000 | trades=3044 | delta=957.3500 | poc=2
2026-01-26 12:10:00 - orderflow_service - INFO - [ORDERFLOW_SERVICE] Footprint completado: ETHUSDT | time=1769447100000 | trades=8381 | delta=1912.7500 | poc=2
2026-01-26 12:10:00 - footprint_calculator - WARNING - Max levels reached for candle 87446.0-87567.7 with step 1.0
2026-01-26 12:10:01 - orderflow_service - INFO - [ORDERFLOW_SERVICE] Footprint completado: BTCUSDT | time=1769447340000 | trades=2746 | delta=-3.7720 | poc=49
2026-01-26 12:10:01 - footprint_calculator - WARNING - Max levels reached for candle 87446.0-87739.7 with step 1.0
2026-01-26 12:10:01 - orderflow_service - INFO - [ORDERFLOW_SERVICE] Footprint completado: BTCUSDT | time=1769447100000 | trades=7171 | delta=-1.9330 | poc=49
2026-01-26 12:10:01 - orderflow_service - INFO - [ORDERFLOW_SERVICE] Footprint completado: SUIUSDT | time=1769447340000 | trades=405 | delta=50190.0000 | poc=21
2026-01-26 12:10:01 - footprint_calculator - WARNING - Max levels reached for candle 1.4452-1.4535 with step 0.0001
2026-01-26 12:10:02 - orderflow_service - INFO - [ORDERFLOW_SERVICE] Footprint completado: SUIUSDT | time=1769447100000 | trades=1217 | delta=107440.0000 | poc=49
2026-01-26 12:10:02 - orderflow_service - INFO - [ORDERFLOW_SERVICE] Footprint completado: SOLUSDT | time=1769447340000 | trades=1132 | delta=5461.8000 | poc=1
2026-01-26 12:10:02 - orderflow_service - INFO - [ORDERFLOW_SERVICE] Footprint completado: SOLUSDT | time=1769447100000 | trades=2801 | delta=7861.4000 | poc=1
2026-01-26 12:10:02 - orderflow_service - INFO - [ORDERFLOW_SERVICE] Footprint completado: DOGEUSDT | time=1769447340000 | trades=617 | delta=994090.0000 | poc=0
2026-01-26 12:10:02 - orderflow_service - INFO - [ORDERFLOW_SERVICE] Footprint completado: DOGEUSDT | time=1769447100000 | trades=2173 | delta=2872204.0000 | poc=0
2026-01-26 12:10:02 - orderflow_service - INFO - [ORDERFLOW_SERVICE] Footprint completado: ADAUSDT | time=1769447340000 | trades=241 | delta=431987.0000 | poc=0
2026-01-26 12:10:02 - orderflow_service - INFO - [ORDERFLOW_SERVICE] Footprint completado: ADAUSDT | time=1769447100000 | trades=589 | delta=423238.0000 | poc=0
2026-01-26 12:10:02 - orderflow_service - INFO - [ORDERFLOW_SERVICE] Footprint completado: POLUSDT | time=1769447340000 | trades=299 | delta=187394.0000 | poc=0
2026-01-26 12:10:02 - orderflow_service - INFO - [ORDERFLOW_SERVICE] Footprint completado: POLUSDT | time=1769447100000 | trades=891 | delta=124070.0000 | poc=0
2026-01-26 12:10:02 - orderflow_service - INFO - [ORDERFLOW_SERVICE] Footprint completado: XRPUSDT | time=1769447340000 | trades=2107 | delta=-621051.8000 | poc=0
2026-01-26 12:10:02 - orderflow_service - INFO - [ORDERFLOW_SERVICE] Footprint completado: XRPUSDT | time=1769447100000 | trades=5491 | delta=-1045906.3000 | poc=1
2026-01-26 12:10:02 - orderflow_service - INFO - [ORDERFLOW_SERVICE] Footprint completado: GALAUSDT | time=1769447340000 | trades=189 | delta=3807540.0000 | poc=0
2026-01-26 12:10:02 - orderflow_service - INFO - [ORDERFLOW_SERVICE] Footprint completado: GALAUSDT | time=1769447100000 | trades=561 | delta=5402236.0000 | poc=0
2026-01-26 12:10:02 - orderflow_service - INFO - [ORDERFLOW_SERVICE] Footprint completado: PAXGUSDT | time=1769447340000 | trades=128 | delta=6.1270 | poc=3
2026-01-26 12:10:05 - orderflow_service - WARNING - [ORDERFLOW_SERVICE] Error enviando alerta: All connection attempts failed
2026-01-26 12:10:05 - orderflow_service - INFO - [ORDERFLOW_SERVICE] Footprint completado: PAXGUSDT | time=1769447100000 | trades=459 | delta=6.5910 | poc=10
2026-01-26 12:10:05 - orderflow_service - INFO - [ORDERFLOW_SERVICE] Footprint completado: BNBUSDT | time=1769447340000 | trades=188 | delta=90.5400 | poc=1
2026-01-26 12:10:05 - orderflow_service - INFO - [ORDERFLOW_SERVICE] Footprint completado: BNBUSDT | time=1769447100000 | trades=406 | delta=178.9900 | poc=1
2026-01-26 12:10:05 - orderflow_service - INFO - [ORDERFLOW_SERVICE] Footprint completado: TRBUSDT | time=1769447340000 | trades=104 | delta=128.4200 | poc=21
2026-01-26 12:10:08 - orderflow_service - WARNING - [ORDERFLOW_SERVICE] Error enviando alerta: All connection attempts failed
2026-01-26 12:10:08 - footprint_calculator - WARNING - Max levels reached for candle 19.612-19.711 with step 0.002
2026-01-26 12:10:08 - orderflow_service - INFO - [ORDERFLOW_SERVICE] Footprint completado: TRBUSDT | time=1769447100000 | trades=151 | delta=122.0000 | poc=21
2026-01-26 12:10:08 - orderflow_service - INFO - [ORDERFLOW_SERVICE] Footprint completado: TRXUSDT | time=1769447340000 | trades=35 | delta=-8858.0000 | poc=1
2026-01-26 12:10:09 - orderflow_service - INFO - [ORDERFLOW_SERVICE] Footprint completado: TRXUSDT | time=1769447100000 | trades=148 | delta=-25697.0000 | poc=1
2026-01-26 12:11:01 - footprint_calculator - WARNING - Max levels reached for candle 87400.7-87505.9 with step 1.0
2026-01-26 12:11:01 - orderflow_service - INFO - [ORDERFLOW_SERVICE] Footprint completado: BTCUSDT | time=1769447400000 | trades=2310 | delta=7.3650 | poc=49
2026-01-26 12:11:01 - orderflow_service - INFO - [ORDERFLOW_SERVICE] Footprint completado: XRPUSDT | time=1769447400000 | trades=1627 | delta=148851.1000 | poc=0
2026-01-26 12:11:01 - orderflow_service - INFO - [ORDERFLOW_SERVICE] Footprint completado: ETHUSDT | time=1769447400000 | trades=2534 | delta=976.5600 | poc=2
2026-01-26 12:11:01 - orderflow_service - INFO - [ORDERFLOW_SERVICE] Footprint completado: DOGEUSDT | time=1769447400000 | trades=716 | delta=-353080.0000 | poc=0
2026-01-26 12:11:01 - orderflow_service - INFO - [ORDERFLOW_SERVICE] Footprint completado: PAXGUSDT | time=1769447400000 | trades=173 | delta=-0.3230 | poc=1
2026-01-26 12:11:01 - orderflow_service - INFO - [ORDERFLOW_SERVICE] Footprint completado: SOLUSDT | time=1769447400000 | trades=962 | delta=5094.9000 | poc=1
2026-01-26 12:11:01 - orderflow_service - INFO - [ORDERFLOW_SERVICE] Footprint completado: POLUSDT | time=1769447400000 | trades=323 | delta=96620.0000 | poc=0
2026-01-26 12:11:01 - orderflow_service - INFO - [ORDERFLOW_SERVICE] Footprint completado: TRXUSDT | time=1769447400000 | trades=52 | delta=7931.0000 | poc=1
2026-01-26 12:11:02 - orderflow_service - INFO - [ORDERFLOW_SERVICE] Footprint completado: ADAUSDT | time=1769447400000 | trades=206 | delta=145938.0000 | poc=0
2026-01-26 12:11:03 - orderflow_service - INFO - [ORDERFLOW_SERVICE] Footprint completado: GALAUSDT | time=1769447400000 | trades=121 | delta=-684687.0000 | poc=0
2026-01-26 12:11:03 - orderflow_service - INFO - [ORDERFLOW_SERVICE] Footprint completado: TRBUSDT | time=1769447400000 | trades=15 | delta=19.7600 | poc=16
2026-01-26 12:11:08 - orderflow_service - INFO - [ORDERFLOW_SERVICE] Footprint completado: SUIUSDT | time=1769447400000 | trades=430 | delta=31500.0000 | poc=0
2026-01-26 12:11:08 - orderflow_service - INFO - [ORDERFLOW_SERVICE] Footprint completado: BNBUSDT | time=1769447400000 | trades=90 | delta=17.1300 | poc=0
2026-01-26 12:12:01 - orderflow_service - INFO - [ORDERFLOW_SERVICE] Footprint completado: DOGEUSDT | time=1769447460000 | trades=250 | delta=85314.0000 | poc=0
2026-01-26 12:12:01 - orderflow_service - INFO - [ORDERFLOW_SERVICE] Footprint completado: SOLUSDT | time=1769447460000 | trades=467 | delta=-1974.2000 | poc=1
2026-01-26 12:12:01 - orderflow_service - INFO - [ORDERFLOW_SERVICE] Footprint completado: BTCUSDT | time=1769447460000 | trades=1464 | delta=-2.2040 | poc=17
2026-01-26 12:12:01 - orderflow_service - INFO - [ORDERFLOW_SERVICE] Footprint completado: ADAUSDT | time=1769447460000 | trades=57 | delta=8597.0000 | poc=0
2026-01-26 12:12:01 - orderflow_service - INFO - [ORDERFLOW_SERVICE] Footprint completado: ETHUSDT | time=1769447460000 | trades=1332 | delta=300.9900 | poc=1
2026-01-26 12:12:01 - orderflow_service - INFO - [ORDERFLOW_SERVICE] Footprint completado: XRPUSDT | time=1769447460000 | trades=681 | delta=69241.2000 | poc=0
2026-01-26 12:12:02 - orderflow_service - INFO - [ORDERFLOW_SERVICE] Footprint completado: PAXGUSDT | time=1769447460000 | trades=224 | delta=2.1350 | poc=0
2026-01-26 12:12:02 - orderflow_service - INFO - [ORDERFLOW_SERVICE] Footprint completado: TRXUSDT | time=1769447460000 | trades=25 | delta=-3940.0000 | poc=0
2026-01-26 12:12:02 - orderflow_service - INFO - [ORDERFLOW_SERVICE] Footprint completado: POLUSDT | time=1769447460000 | trades=99 | delta=-19032.0000 | poc=0
2026-01-26 12:12:03 - orderflow_service - INFO - [ORDERFLOW_SERVICE] Footprint completado: SUIUSDT | time=1769447460000 | trades=222 | delta=17040.0000 | poc=16
2026-01-26 12:12:03 - orderflow_service - INFO - [ORDERFLOW_SERVICE] Footprint completado: BNBUSDT | time=1769447460000 | trades=47 | delta=0.6100 | poc=1
2026-01-26 12:12:04 - orderflow_service - INFO - [ORDERFLOW_SERVICE] Footprint completado: GALAUSDT | time=1769447460000 | trades=48 | delta=-106194.0000 | poc=0
2026-01-26 12:12:11 - orderflow_service - INFO - [ORDERFLOW_SERVICE] Footprint completado: TRBUSDT | time=1769447460000 | trades=31 | delta=-48.7600 | poc=2
2026-01-26 12:13:03 - orderflow_service - INFO - [ORDERFLOW_SERVICE] Footprint completado: ETHUSDT | time=1769447520000 | trades=804 | delta=-240.5400 | poc=1
2026-01-26 12:13:03 - orderflow_service - INFO - [ORDERFLOW_SERVICE] Footprint completado: XRPUSDT | time=1769447520000 | trades=649 | delta=-126118.8000 | poc=0
2026-01-26 12:13:03 - orderflow_service - INFO - [ORDERFLOW_SERVICE] Footprint completado: SOLUSDT | time=1769447520000 | trades=284 | delta=-249.3000 | poc=1
2026-01-26 12:13:03 - orderflow_service - INFO - [ORDERFLOW_SERVICE] Footprint completado: TRBUSDT | time=1769447520000 | trades=11 | delta=-30.6900 | poc=4
2026-01-26 12:13:03 - footprint_calculator - WARNING - Max levels reached for candle 87417.3-87488.9 with step 1.0
2026-01-26 12:13:04 - orderflow_service - INFO - [ORDERFLOW_SERVICE] Footprint completado: BTCUSDT | time=1769447520000 | trades=909 | delta=-0.1500 | poc=49
2026-01-26 12:13:04 - orderflow_service - INFO - [ORDERFLOW_SERVICE] Footprint completado: SUIUSDT | time=1769447520000 | trades=291 | delta=36240.0000 | poc=18
2026-01-26 12:13:04 - orderflow_service - INFO - [ORDERFLOW_SERVICE] Footprint completado: DOGEUSDT | time=1769447520000 | trades=240 | delta=-1167969.0000 | poc=0
2026-01-26 12:13:04 - orderflow_service - INFO - [ORDERFLOW_SERVICE] Footprint completado: PAXGUSDT | time=1769447520000 | trades=75 | delta=1.6540 | poc=7
2026-01-26 12:13:04 - orderflow_service - INFO - [ORDERFLOW_SERVICE] Footprint completado: TRXUSDT | time=1769447520000 | trades=26 | delta=2440.0000 | poc=1
2026-01-26 12:13:04 - orderflow_service - INFO - [ORDERFLOW_SERVICE] Footprint completado: ADAUSDT | time=1769447520000 | trades=96 | delta=60358.0000 | poc=0
2026-01-26 12:13:04 - orderflow_service - INFO - [ORDERFLOW_SERVICE] Footprint completado: GALAUSDT | time=1769447520000 | trades=36 | delta=-268162.0000 | poc=0
2026-01-26 12:13:06 - orderflow_service - INFO - [ORDERFLOW_SERVICE] Footprint completado: POLUSDT | time=1769447520000 | trades=68 | delta=-14647.0000 | poc=0
2026-01-26 12:13:33 - orderflow_service - INFO - [ORDERFLOW_SERVICE] Footprint completado: BNBUSDT | time=1769447520000 | trades=18 | delta=-1.6000 | poc=0
2026-01-26 12:14:01 - footprint_calculator - WARNING - Max levels reached for candle 87409.3-87488.0 with step 1.0
2026-01-26 12:14:01 - orderflow_service - INFO - [ORDERFLOW_SERVICE] Footprint completado: BTCUSDT | time=1769447580000 | trades=2379 | delta=-51.6350 | poc=21
2026-01-26 12:14:01 - orderflow_service - INFO - [ORDERFLOW_SERVICE] Footprint completado: XRPUSDT | time=1769447580000 | trades=916 | delta=-485442.9000 | poc=0
2026-01-26 12:14:01 - orderflow_service - INFO - [ORDERFLOW_SERVICE] Footprint completado: SOLUSDT | time=1769447580000 | trades=376 | delta=-4139.1000 | poc=1
2026-01-26 12:14:01 - orderflow_service - INFO - [ORDERFLOW_SERVICE] Footprint completado: ETHUSDT | time=1769447580000 | trades=1173 | delta=-1027.6200 | poc=0
2026-01-26 12:14:01 - orderflow_service - INFO - [ORDERFLOW_SERVICE] Footprint completado: TRXUSDT | time=1769447580000 | trades=8 | delta=-27.0000 | poc=0
2026-01-26 12:14:02 - orderflow_service - INFO - [ORDERFLOW_SERVICE] Footprint completado: PAXGUSDT | time=1769447580000 | trades=78 | delta=1.4630 | poc=5
2026-01-26 12:14:02 - orderflow_service - INFO - [ORDERFLOW_SERVICE] Footprint completado: POLUSDT | time=1769447580000 | trades=36 | delta=9396.0000 | poc=0
2026-01-26 12:14:02 - orderflow_service - INFO - [ORDERFLOW_SERVICE] Footprint completado: DOGEUSDT | time=1769447580000 | trades=141 | delta=30755.0000 | poc=0
2026-01-26 12:14:02 - orderflow_service - INFO - [ORDERFLOW_SERVICE] Footprint completado: GALAUSDT | time=1769447580000 | trades=28 | delta=-44488.0000 | poc=0
2026-01-26 12:14:02 - orderflow_service - INFO - [ORDERFLOW_SERVICE] Footprint completado: SUIUSDT | time=1769447580000 | trades=174 | delta=4610.0000 | poc=11
2026-01-26 12:14:03 - orderflow_service - INFO - [ORDERFLOW_SERVICE] Footprint completado: TRBUSDT | time=1769447580000 | trades=13 | delta=-7.0800 | poc=3
2026-01-26 12:14:03 - orderflow_service - INFO - [ORDERFLOW_SERVICE] Footprint completado: ADAUSDT | time=1769447580000 | trades=47 | delta=-19374.0000 | poc=0
2026-01-26 12:14:04 - orderflow_service - INFO - [ORDERFLOW_SERVICE] Footprint completado: BNBUSDT | time=1769447580000 | trades=17 | delta=-4.6000 | poc=0
2026-01-26 12:15:01 - footprint_calculator - WARNING - Max levels reached for candle 87350.1-87443.4 with step 1.0
2026-01-26 12:15:01 - orderflow_service - INFO - [ORDERFLOW_SERVICE] Footprint completado: BTCUSDT | time=1769447640000 | trades=2415 | delta=-27.3450 | poc=49
2026-01-26 12:15:01 - footprint_calculator - WARNING - Max levels reached for candle 87350.1-87505.9 with step 1.0
2026-01-26 12:15:01 - orderflow_service - INFO - [ORDERFLOW_SERVICE] Footprint completado: BTCUSDT | time=1769447400000 | trades=9477 | delta=-73.9690 | poc=49
2026-01-26 12:15:01 - orderflow_service - INFO - [ORDERFLOW_SERVICE] Footprint completado: XRPUSDT | time=1769447640000 | trades=1555 | delta=-450549.4000 | poc=1
2026-01-26 12:15:01 - orderflow_service - INFO - [ORDERFLOW_SERVICE] Footprint completado: XRPUSDT | time=1769447400000 | trades=5428 | delta=-844018.8000 | poc=1
2026-01-26 12:15:01 - orderflow_service - INFO - [ORDERFLOW_SERVICE] Footprint completado: DOGEUSDT | time=1769447640000 | trades=423 | delta=-2131005.0000 | poc=0
2026-01-26 12:15:01 - orderflow_service - INFO - [ORDERFLOW_SERVICE] Footprint completado: DOGEUSDT | time=1769447400000 | trades=1770 | delta=-3535985.0000 | poc=0
2026-01-26 12:15:01 - orderflow_service - INFO - [ORDERFLOW_SERVICE] Footprint completado: ETHUSDT | time=1769447640000 | trades=1739 | delta=-1402.3700 | poc=2
2026-01-26 12:15:01 - orderflow_service - INFO - [ORDERFLOW_SERVICE] Footprint completado: ETHUSDT | time=1769447400000 | trades=7582 | delta=-1392.9800 | poc=3
2026-01-26 12:15:02 - orderflow_service - INFO - [ORDERFLOW_SERVICE] Footprint completado: POLUSDT | time=1769447640000 | trades=348 | delta=-412352.0000 | poc=0
2026-01-26 12:15:02 - orderflow_service - INFO - [ORDERFLOW_SERVICE] Footprint completado: POLUSDT | time=1769447400000 | trades=874 | delta=-340015.0000 | poc=0
2026-01-26 12:15:02 - orderflow_service - INFO - [ORDERFLOW_SERVICE] Footprint completado: SUIUSDT | time=1769447640000 | trades=374 | delta=-63760.0000 | poc=10
2026-01-26 12:15:02 - footprint_calculator - WARNING - Max levels reached for candle 1.4442-1.45 with step 0.0001
2026-01-26 12:15:02 - orderflow_service - INFO - [ORDERFLOW_SERVICE] Footprint completado: SUIUSDT | time=1769447400000 | trades=1491 | delta=25630.0000 | poc=49
2026-01-26 12:15:02 - orderflow_service - INFO - [ORDERFLOW_SERVICE] Footprint completado: ADAUSDT | time=1769447640000 | trades=231 | delta=-507570.0000 | poc=0
2026-01-26 12:15:02 - orderflow_service - INFO - [ORDERFLOW_SERVICE] Footprint completado: ADAUSDT | time=1769447400000 | trades=637 | delta=-312051.0000 | poc=0
2026-01-26 12:15:02 - orderflow_service - INFO - [ORDERFLOW_SERVICE] Footprint completado: SOLUSDT | time=1769447640000 | trades=627 | delta=-5539.9000 | poc=0
2026-01-26 12:15:02 - orderflow_service - INFO - [ORDERFLOW_SERVICE] Footprint completado: SOLUSDT | time=1769447400000 | trades=2716 | delta=-6807.6000 | poc=0
2026-01-26 12:15:02 - orderflow_service - INFO - [ORDERFLOW_SERVICE] Footprint completado: PAXGUSDT | time=1769447640000 | trades=31 | delta=-0.2740 | poc=1
2026-01-26 12:15:02 - orderflow_service - INFO - [ORDERFLOW_SERVICE] Footprint completado: PAXGUSDT | time=1769447400000 | trades=581 | delta=4.6550 | poc=7
2026-01-26 12:15:02 - orderflow_service - INFO - [ORDERFLOW_SERVICE] Footprint completado: TRXUSDT | time=1769447640000 | trades=51 | delta=-20587.0000 | poc=0
2026-01-26 12:15:02 - orderflow_service - INFO - [ORDERFLOW_SERVICE] Footprint completado: TRXUSDT | time=1769447400000 | trades=162 | delta=-14183.0000 | poc=1
2026-01-26 12:15:02 - orderflow_service - INFO - [ORDERFLOW_SERVICE] Footprint completado: GALAUSDT | time=1769447640000 | trades=172 | delta=-71367.0000 | poc=0
2026-01-26 12:15:02 - orderflow_service - INFO - [ORDERFLOW_SERVICE] Footprint completado: GALAUSDT | time=1769447400000 | trades=405 | delta=-1174898.0000 | poc=0
2026-01-26 12:15:07 - orderflow_service - INFO - [ORDERFLOW_SERVICE] Footprint completado: BNBUSDT | time=1769447640000 | trades=104 | delta=-48.4000 | poc=0
2026-01-26 12:15:07 - orderflow_service - INFO - [ORDERFLOW_SERVICE] Footprint completado: BNBUSDT | time=1769447400000 | trades=276 | delta=-36.8600 | poc=0
2026-01-26 12:15:10 - orderflow_service - INFO - [ORDERFLOW_SERVICE] Footprint completado: TRBUSDT | time=1769447640000 | trades=58 | delta=-141.9000 | poc=2
2026-01-26 12:15:14 - orderflow_service - WARNING - [ORDERFLOW_SERVICE] Error enviando alerta: All connection attempts failed
2026-01-26 12:15:14 - orderflow_service - INFO - [ORDERFLOW_SERVICE] Footprint completado: TRBUSDT | time=1769447400000 | trades=128 | delta=-208.6700 | poc=11
2026-01-26 12:16:01 - orderflow_service - INFO - [ORDERFLOW_SERVICE] Footprint completado: XRPUSDT | time=1769447700000 | trades=1396 | delta=683237.9000 | poc=0
2026-01-26 12:16:01 - orderflow_service - INFO - [ORDERFLOW_SERVICE] Footprint completado: GALAUSDT | time=1769447700000 | trades=125 | delta=2056826.0000 | poc=0
2026-01-26 12:16:01 - orderflow_service - INFO - [ORDERFLOW_SERVICE] Footprint completado: DOGEUSDT | time=1769447700000 | trades=523 | delta=1617676.0000 | poc=0
2026-01-26 12:16:01 - footprint_calculator - WARNING - Max levels reached for candle 87382.4-87481.2 with step 1.0
2026-01-26 12:16:01 - orderflow_service - INFO - [ORDERFLOW_SERVICE] Footprint completado: BTCUSDT | time=1769447700000 | trades=2472 | delta=13.2860 | poc=49
2026-01-26 12:16:02 - orderflow_service - INFO - [ORDERFLOW_SERVICE] Footprint completado: SUIUSDT | time=1769447700000 | trades=382 | delta=62460.0000 | poc=18
2026-01-26 12:16:02 - orderflow_service - INFO - [ORDERFLOW_SERVICE] Footprint completado: PAXGUSDT | time=1769447700000 | trades=70 | delta=-0.2620 | poc=3
2026-01-26 12:16:02 - orderflow_service - INFO - [ORDERFLOW_SERVICE] Footprint completado: POLUSDT | time=1769447700000 | trades=258 | delta=369932.0000 | poc=0
2026-01-26 12:16:02 - orderflow_service - INFO - [ORDERFLOW_SERVICE] Footprint completado: SOLUSDT | time=1769447700000 | trades=714 | delta=5933.0000 | poc=1
2026-01-26 12:16:02 - orderflow_service - INFO - [ORDERFLOW_SERVICE] Footprint completado: TRXUSDT | time=1769447700000 | trades=84 | delta=-215.0000 | poc=0
2026-01-26 12:16:02 - orderflow_service - INFO - [ORDERFLOW_SERVICE] Footprint completado: ETHUSDT | time=1769447700000 | trades=3314 | delta=1821.8700 | poc=2
2026-01-26 12:16:03 - orderflow_service - INFO - [ORDERFLOW_SERVICE] Footprint completado: TRBUSDT | time=1769447700000 | trades=38 | delta=44.0800 | poc=10
2026-01-26 12:16:03 - orderflow_service - INFO - [ORDERFLOW_SERVICE] Footprint completado: ADAUSDT | time=1769447700000 | trades=222 | delta=353007.0000 | poc=0
2026-01-26 12:16:03 - orderflow_service - INFO - [ORDERFLOW_SERVICE] Footprint completado: BNBUSDT | time=1769447700000 | trades=111 | delta=49.6500 | poc=1
2026-01-26 12:17:00 - orderflow_service - INFO - [ORDERFLOW_SERVICE] Footprint completado: GALAUSDT | time=1769447760000 | trades=99 | delta=-2381184.0000 | poc=0
2026-01-26 12:17:00 - orderflow_service - INFO - [ORDERFLOW_SERVICE] Footprint completado: SOLUSDT | time=1769447760000 | trades=258 | delta=8.3000 | poc=1
2026-01-26 12:17:01 - orderflow_service - INFO - [ORDERFLOW_SERVICE] Footprint completado: ADAUSDT | time=1769447760000 | trades=60 | delta=-17178.0000 | poc=0
2026-01-26 12:17:01 - orderflow_service - INFO - [ORDERFLOW_SERVICE] Footprint completado: BTCUSDT | time=1769447760000 | trades=680 | delta=-6.4130 | poc=23
2026-01-26 12:17:01 - orderflow_service - INFO - [ORDERFLOW_SERVICE] Footprint completado: DOGEUSDT | time=1769447760000 | trades=176 | delta=763949.0000 | poc=0
2026-01-26 12:17:01 - orderflow_service - INFO - [ORDERFLOW_SERVICE] Footprint completado: SUIUSDT | time=1769447760000 | trades=250 | delta=-36980.0000 | poc=4
2026-01-26 12:17:01 - orderflow_service - INFO - [ORDERFLOW_SERVICE] Footprint completado: POLUSDT | time=1769447760000 | trades=75 | delta=325.0000 | poc=0
2026-01-26 12:17:01 - orderflow_service - INFO - [ORDERFLOW_SERVICE] Footprint completado: XRPUSDT | time=1769447760000 | trades=428 | delta=-82278.7000 | poc=0
2026-01-26 12:17:01 - orderflow_service - INFO - [ORDERFLOW_SERVICE] Footprint completado: ETHUSDT | time=1769447760000 | trades=584 | delta=-13.8700 | poc=0
2026-01-26 12:17:01 - orderflow_service - INFO - [ORDERFLOW_SERVICE] Footprint completado: BNBUSDT | time=1769447760000 | trades=21 | delta=-42.7700 | poc=0
2026-01-26 12:17:01 - orderflow_service - INFO - [ORDERFLOW_SERVICE] Footprint completado: PAXGUSDT | time=1769447760000 | trades=82 | delta=-0.4670 | poc=4
2026-01-26 12:17:01 - orderflow_service - INFO - [ORDERFLOW_SERVICE] Footprint completado: TRXUSDT | time=1769447760000 | trades=10 | delta=675.0000 | poc=0
2026-01-26 12:17:03 - orderflow_service - INFO - [ORDERFLOW_SERVICE] Footprint completado: TRBUSDT | time=1769447760000 | trades=9 | delta=-5.8100 | poc=8
2026-01-26 12:18:01 - orderflow_service - INFO - [ORDERFLOW_SERVICE] Footprint completado: ADAUSDT | time=1769447820000 | trades=164 | delta=-29642.0000 | poc=0
2026-01-26 12:18:01 - orderflow_service - INFO - [ORDERFLOW_SERVICE] Footprint completado: SOLUSDT | time=1769447820000 | trades=2145 | delta=-37691.5000 | poc=0
2026-01-26 12:18:02 - orderflow_service - INFO - [ORDERFLOW_SERVICE] Footprint completado: SUIUSDT | time=1769447820000 | trades=302 | delta=-37770.0000 | poc=12
2026-01-26 12:18:05 - orderflow_service - WARNING - [ORDERFLOW_SERVICE] Error enviando alerta: All connection attempts failed
2026-01-26 12:18:05 - orderflow_service - INFO - [ORDERFLOW_SERVICE] Footprint completado: DOGEUSDT | time=1769447820000 | trades=455 | delta=-394784.0000 | poc=0
2026-01-26 12:18:05 - orderflow_service - INFO - [ORDERFLOW_SERVICE] Footprint completado: XRPUSDT | time=1769447820000 | trades=795 | delta=-156348.4000 | poc=1
2026-01-26 12:18:05 - footprint_calculator - WARNING - Max levels reached for candle 87369.5-87433.3 with step 1.0
2026-01-26 12:18:05 - orderflow_service - INFO - [ORDERFLOW_SERVICE] Footprint completado: BTCUSDT | time=1769447820000 | trades=1248 | delta=-15.1330 | poc=31
2026-01-26 12:18:05 - orderflow_service - INFO - [ORDERFLOW_SERVICE] Footprint completado: ETHUSDT | time=1769447820000 | trades=950 | delta=-272.0400 | poc=0
2026-01-26 12:18:05 - orderflow_service - INFO - [ORDERFLOW_SERVICE] Footprint completado: GALAUSDT | time=1769447820000 | trades=398 | delta=-8186340.0000 | poc=0
2026-01-26 12:18:05 - orderflow_service - INFO - [ORDERFLOW_SERVICE] Footprint completado: POLUSDT | time=1769447820000 | trades=95 | delta=-47907.0000 | poc=0
2026-01-26 12:18:05 - orderflow_service - INFO - [ORDERFLOW_SERVICE] Footprint completado: PAXGUSDT | time=1769447820000 | trades=72 | delta=2.4940 | poc=1
2026-01-26 12:18:08 - orderflow_service - INFO - [ORDERFLOW_SERVICE] Footprint completado: TRBUSDT | time=1769447820000 | trades=15 | delta=-0.5100 | poc=8
2026-01-26 12:18:15 - orderflow_service - INFO - [ORDERFLOW_SERVICE] Footprint completado: BNBUSDT | time=1769447820000 | trades=172 | delta=-147.6700 | poc=1
2026-01-26 12:18:17 - orderflow_service - INFO - [ORDERFLOW_SERVICE] Footprint completado: TRXUSDT | time=1769447820000 | trades=30 | delta=-5232.0000 | poc=1
2026-01-26 12:19:02 - footprint_calculator - WARNING - Max levels reached for candle 87128.4-87408.9 with step 1.0
2026-01-26 12:19:02 - orderflow_service - INFO - [ORDERFLOW_SERVICE] Footprint completado: BTCUSDT | time=1769447880000 | trades=7438 | delta=-208.6330 | poc=49
2026-01-26 12:19:02 - orderflow_service - INFO - [ORDERFLOW_SERVICE] Footprint completado: DOGEUSDT | time=1769447880000 | trades=1257 | delta=-3285538.0000 | poc=0
2026-01-26 12:19:03 - orderflow_service - INFO - [ORDERFLOW_SERVICE] Footprint completado: SUIUSDT | time=1769447880000 | trades=486 | delta=-52620.0000 | poc=11
2026-01-26 12:19:03 - orderflow_service - INFO - [ORDERFLOW_SERVICE] Footprint completado: ADAUSDT | time=1769447880000 | trades=377 | delta=-423965.0000 | poc=0
2026-01-26 12:19:03 - orderflow_service - INFO - [ORDERFLOW_SERVICE] Footprint completado: SOLUSDT | time=1769447880000 | trades=2029 | delta=-15268.4000 | poc=0
2026-01-26 12:19:03 - orderflow_service - INFO - [ORDERFLOW_SERVICE] Footprint completado: POLUSDT | time=1769447880000 | trades=223 | delta=-231162.0000 | poc=0
2026-01-26 12:19:03 - orderflow_service - INFO - [ORDERFLOW_SERVICE] Footprint completado: ETHUSDT | time=1769447880000 | trades=3783 | delta=-1331.5200 | poc=1
2026-01-26 12:19:03 - orderflow_service - INFO - [ORDERFLOW_SERVICE] Footprint completado: XRPUSDT | time=1769447880000 | trades=1388 | delta=-202037.5000 | poc=0
2026-01-26 12:19:03 - orderflow_service - INFO - [ORDERFLOW_SERVICE] Footprint completado: BNBUSDT | time=1769447880000 | trades=156 | delta=-90.9500 | poc=0
2026-01-26 12:19:03 - orderflow_service - INFO - [ORDERFLOW_SERVICE] Footprint completado: GALAUSDT | time=1769447880000 | trades=356 | delta=-2135372.0000 | poc=0
2026-01-26 12:19:03 - orderflow_service - INFO - [ORDERFLOW_SERVICE] Footprint completado: TRBUSDT | time=1769447880000 | trades=65 | delta=-174.1700 | poc=7
2026-01-26 12:19:03 - orderflow_service - INFO - [ORDERFLOW_SERVICE] Footprint completado: PAXGUSDT | time=1769447880000 | trades=69 | delta=-3.3140 | poc=3
2026-01-26 12:19:29 - orderflow_service - INFO - [ORDERFLOW_SERVICE] Footprint completado: TRXUSDT | time=1769447880000 | trades=90 | delta=58845.0000 | poc=1
2026-01-26 12:20:01 - orderflow_service - INFO - [ORDERFLOW_SERVICE] Footprint completado: DOGEUSDT | time=1769447940000 | trades=420 | delta=-880041.0000 | poc=0
2026-01-26 12:20:01 - orderflow_service - INFO - [ORDERFLOW_SERVICE] Footprint completado: DOGEUSDT | time=1769447700000 | trades=2831 | delta=-2178738.0000 | poc=1
2026-01-26 12:20:01 - footprint_calculator - WARNING - Max levels reached for candle 87147.9-87231.0 with step 1.0
2026-01-26 12:20:02 - orderflow_service - INFO - [ORDERFLOW_SERVICE] Footprint completado: BTCUSDT | time=1769447940000 | trades=2380 | delta=29.3740 | poc=49
2026-01-26 12:20:05 - orderflow_service - WARNING - [ORDERFLOW_SERVICE] Error enviando alerta: All connection attempts failed
2026-01-26 12:20:08 - orderflow_service - WARNING - [ORDERFLOW_SERVICE] Error enviando alerta: All connection attempts failed
2026-01-26 12:20:08 - footprint_calculator - WARNING - Max levels reached for candle 87128.4-87481.2 with step 1.0
2026-01-26 12:20:08 - orderflow_service - INFO - [ORDERFLOW_SERVICE] Footprint completado: BTCUSDT | time=1769447700000 | trades=14218 | delta=-187.5190 | poc=49
2026-01-26 12:20:08 - orderflow_service - INFO - [ORDERFLOW_SERVICE] Footprint completado: TRXUSDT | time=1769447940000 | trades=50 | delta=26246.0000 | poc=1
2026-01-26 12:20:08 - orderflow_service - INFO - [ORDERFLOW_SERVICE] Footprint completado: TRXUSDT | time=1769447700000 | trades=264 | delta=80319.0000 | poc=1
2026-01-26 12:20:08 - orderflow_service - INFO - [ORDERFLOW_SERVICE] Footprint completado: XRPUSDT | time=1769447940000 | trades=755 | delta=76210.3000 | poc=0
2026-01-26 12:20:08 - orderflow_service - INFO - [ORDERFLOW_SERVICE] Footprint completado: XRPUSDT | time=1769447700000 | trades=4762 | delta=318783.6000 | poc=1
2026-01-26 12:20:08 - orderflow_service - INFO - [ORDERFLOW_SERVICE] Footprint completado: SUIUSDT | time=1769447940000 | trades=251 | delta=20080.0000 | poc=3
2026-01-26 12:20:08 - footprint_calculator - WARNING - Max levels reached for candle 1.4395-1.4504 with step 0.0001
2026-01-26 12:20:08 - orderflow_service - INFO - [ORDERFLOW_SERVICE] Footprint completado: SUIUSDT | time=1769447700000 | trades=1671 | delta=-44830.0000 | poc=49
2026-01-26 12:20:09 - orderflow_service - INFO - [ORDERFLOW_SERVICE] Footprint completado: ETHUSDT | time=1769447940000 | trades=1556 | delta=65.4300 | poc=1
2026-01-26 12:20:09 - orderflow_service - INFO - [ORDERFLOW_SERVICE] Footprint completado: ETHUSDT | time=1769447700000 | trades=10187 | delta=269.8700 | poc=1
2026-01-26 12:20:09 - orderflow_service - INFO - [ORDERFLOW_SERVICE] Footprint completado: SOLUSDT | time=1769447940000 | trades=538 | delta=-1151.5000 | poc=0
2026-01-26 12:20:09 - orderflow_service - INFO - [ORDERFLOW_SERVICE] Footprint completado: SOLUSDT | time=1769447700000 | trades=5684 | delta=-48170.1000 | poc=1
2026-01-26 12:20:09 - orderflow_service - INFO - [ORDERFLOW_SERVICE] Footprint completado: POLUSDT | time=1769447940000 | trades=56 | delta=18414.0000 | poc=0
2026-01-26 12:20:09 - orderflow_service - INFO - [ORDERFLOW_SERVICE] Footprint completado: POLUSDT | time=1769447700000 | trades=707 | delta=109602.0000 | poc=0
2026-01-26 12:20:09 - orderflow_service - INFO - [ORDERFLOW_SERVICE] Footprint completado: ADAUSDT | time=1769447940000 | trades=97 | delta=77041.0000 | poc=0
2026-01-26 12:20:09 - orderflow_service - INFO - [ORDERFLOW_SERVICE] Footprint completado: ADAUSDT | time=1769447700000 | trades=920 | delta=-40737.0000 | poc=0
2026-01-26 12:20:09 - orderflow_service - INFO - [ORDERFLOW_SERVICE] Footprint completado: PAXGUSDT | time=1769447940000 | trades=60 | delta=-2.9740 | poc=2
2026-01-26 12:20:09 - orderflow_service - INFO - [ORDERFLOW_SERVICE] Footprint completado: PAXGUSDT | time=1769447700000 | trades=353 | delta=-4.5230 | poc=2
2026-01-26 12:20:09 - orderflow_service - INFO - [ORDERFLOW_SERVICE] Footprint completado: BNBUSDT | time=1769447940000 | trades=78 | delta=62.1800 | poc=0
2026-01-26 12:20:09 - orderflow_service - INFO - [ORDERFLOW_SERVICE] Footprint completado: BNBUSDT | time=1769447700000 | trades=538 | delta=-169.5600 | poc=0
2026-01-26 12:20:09 - orderflow_service - INFO - [ORDERFLOW_SERVICE] Footprint completado: GALAUSDT | time=1769447940000 | trades=73 | delta=-22286.0000 | poc=0
2026-01-26 12:20:09 - orderflow_service - INFO - [ORDERFLOW_SERVICE] Footprint completado: GALAUSDT | time=1769447700000 | trades=1051 | delta=-10668356.0000 | poc=0
2026-01-26 12:20:19 - orderflow_service - INFO - [ORDERFLOW_SERVICE] Footprint completado: TRBUSDT | time=1769447940000 | trades=37 | delta=-29.1400 | poc=4
2026-01-26 12:20:19 - footprint_calculator - WARNING - Max levels reached for candle 19.556-19.677 with step 0.002
2026-01-26 12:20:19 - orderflow_service - INFO - [ORDERFLOW_SERVICE] Footprint completado: TRBUSDT | time=1769447700000 | trades=164 | delta=-165.5500 | poc=12
2026-01-26 12:21:01 - orderflow_service - INFO - [ORDERFLOW_SERVICE] Footprint completado: ETHUSDT | time=1769448000000 | trades=1169 | delta=-192.2600 | poc=1
2026-01-26 12:21:01 - orderflow_service - INFO - [ORDERFLOW_SERVICE] Footprint completado: PAXGUSDT | time=1769448000000 | trades=87 | delta=-1.8580 | poc=2
2026-01-26 12:21:01 - orderflow_service - INFO - [ORDERFLOW_SERVICE] Footprint completado: DOGEUSDT | time=1769448000000 | trades=245 | delta=-418237.0000 | poc=0
2026-01-26 12:21:01 - orderflow_service - INFO - [ORDERFLOW_SERVICE] Footprint completado: XRPUSDT | time=1769448000000 | trades=678 | delta=62554.5000 | poc=1
2026-01-26 12:21:01 - orderflow_service - INFO - [ORDERFLOW_SERVICE] Footprint completado: TRXUSDT | time=1769448000000 | trades=53 | delta=12880.0000 | poc=1
2026-01-26 12:21:01 - footprint_calculator - WARNING - Max levels reached for candle 87219.0-87298.5 with step 1.0
2026-01-26 12:21:02 - orderflow_service - INFO - [ORDERFLOW_SERVICE] Footprint completado: BTCUSDT | time=1769448000000 | trades=2099 | delta=-5.6680 | poc=49
2026-01-26 12:21:02 - orderflow_service - INFO - [ORDERFLOW_SERVICE] Footprint completado: SOLUSDT | time=1769448000000 | trades=652 | delta=4273.5000 | poc=0
2026-01-26 12:21:03 - orderflow_service - INFO - [ORDERFLOW_SERVICE] Footprint completado: SUIUSDT | time=1769448000000 | trades=154 | delta=11820.0000 | poc=0
2026-01-26 12:21:06 - orderflow_service - WARNING - [ORDERFLOW_SERVICE] Error enviando alerta: All connection attempts failed
2026-01-26 12:21:06 - orderflow_service - INFO - [ORDERFLOW_SERVICE] Footprint completado: GALAUSDT | time=1769448000000 | trades=84 | delta=836599.0000 | poc=0
2026-01-26 12:21:06 - orderflow_service - INFO - [ORDERFLOW_SERVICE] Footprint completado: TRBUSDT | time=1769448000000 | trades=11 | delta=3.6600 | poc=4
2026-01-26 12:21:06 - orderflow_service - INFO - [ORDERFLOW_SERVICE] Footprint completado: ADAUSDT | time=1769448000000 | trades=88 | delta=79381.0000 | poc=0
2026-01-26 12:21:07 - orderflow_service - INFO - [ORDERFLOW_SERVICE] Footprint completado: POLUSDT | time=1769448000000 | trades=97 | delta=38781.0000 | poc=0
2026-01-26 12:21:22 - orderflow_service - INFO - [ORDERFLOW_SERVICE] Footprint completado: BNBUSDT | time=1769448000000 | trades=35 | delta=16.4900 | poc=0
2026-01-26 12:22:00 - orderflow_service - INFO - [ORDERFLOW_SERVICE] Footprint completado: ETHUSDT | time=1769448060000 | trades=1877 | delta=-1337.9200 | poc=0
2026-01-26 12:22:04 - orderflow_service - WARNING - [ORDERFLOW_SERVICE] Error enviando alerta: All connection attempts failed
2026-01-26 12:22:04 - orderflow_service - INFO - [ORDERFLOW_SERVICE] Footprint completado: SOLUSDT | time=1769448060000 | trades=507 | delta=-5685.3000 | poc=0
2026-01-26 12:22:04 - orderflow_service - INFO - [ORDERFLOW_SERVICE] Footprint completado: PAXGUSDT | time=1769448060000 | trades=113 | delta=-0.2990 | poc=2
2026-01-26 12:22:04 - footprint_calculator - WARNING - Max levels reached for candle 87250.0-87303.9 with step 1.0
2026-01-26 12:22:04 - orderflow_service - INFO - [ORDERFLOW_SERVICE] Footprint completado: BTCUSDT | time=1769448060000 | trades=1467 | delta=4.1830 | poc=14
2026-01-26 12:22:04 - orderflow_service - INFO - [ORDERFLOW_SERVICE] Footprint completado: XRPUSDT | time=1769448060000 | trades=473 | delta=-12250.7000 | poc=1
2026-01-26 12:22:04 - orderflow_service - INFO - [ORDERFLOW_SERVICE] Footprint completado: DOGEUSDT | time=1769448060000 | trades=228 | delta=-202467.0000 | poc=0
2026-01-26 12:22:04 - orderflow_service - INFO - [ORDERFLOW_SERVICE] Footprint completado: BNBUSDT | time=1769448060000 | trades=14 | delta=-3.8300 | poc=0
2026-01-26 12:22:04 - orderflow_service - INFO - [ORDERFLOW_SERVICE] Footprint completado: ADAUSDT | time=1769448060000 | trades=57 | delta=-35668.0000 | poc=0
2026-01-26 12:22:04 - orderflow_service - INFO - [ORDERFLOW_SERVICE] Footprint completado: TRXUSDT | time=1769448060000 | trades=45 | delta=-9313.0000 | poc=1
2026-01-26 12:22:04 - orderflow_service - INFO - [ORDERFLOW_SERVICE] Footprint completado: POLUSDT | time=1769448060000 | trades=77 | delta=51476.0000 | poc=0
2026-01-26 12:22:05 - orderflow_service - INFO - [ORDERFLOW_SERVICE] Footprint completado: SUIUSDT | time=1769448060000 | trades=129 | delta=-4180.0000 | poc=11
2026-01-26 12:22:06 - orderflow_service - INFO - [ORDERFLOW_SERVICE] Footprint completado: GALAUSDT | time=1769448060000 | trades=45 | delta=53767.0000 | poc=0
2026-01-26 12:22:24 - orderflow_service - INFO - [ORDERFLOW_SERVICE] Footprint completado: TRBUSDT | time=1769448060000 | trades=14 | delta=2.0100 | poc=3
2026-01-26 12:23:01 - orderflow_service - INFO - [ORDERFLOW_SERVICE] Footprint completado: SOLUSDT | time=1769448120000 | trades=863 | delta=2552.1000 | poc=0
2026-01-26 12:23:01 - orderflow_service - INFO - [ORDERFLOW_SERVICE] Footprint completado: ETHUSDT | time=1769448120000 | trades=2083 | delta=739.4100 | poc=4
2026-01-26 12:23:04 - orderflow_service - WARNING - [ORDERFLOW_SERVICE] Error enviando alerta: All connection attempts failed
2026-01-26 12:23:04 - orderflow_service - INFO - [ORDERFLOW_SERVICE] Footprint completado: XRPUSDT | time=1769448120000 | trades=884 | delta=141011.6000 | poc=1
2026-01-26 12:23:04 - orderflow_service - INFO - [ORDERFLOW_SERVICE] Footprint completado: DOGEUSDT | time=1769448120000 | trades=431 | delta=60214.0000 | poc=0
2026-01-26 12:23:04 - orderflow_service - INFO - [ORDERFLOW_SERVICE] Footprint completado: SUIUSDT | time=1769448120000 | trades=449 | delta=347430.0000 | poc=38
2026-01-26 12:23:04 - footprint_calculator - WARNING - Max levels reached for candle 87219.0-87376.0 with step 1.0
2026-01-26 12:23:05 - orderflow_service - INFO - [ORDERFLOW_SERVICE] Footprint completado: BTCUSDT | time=1769448120000 | trades=2271 | delta=-9.9270 | poc=49
2026-01-26 12:23:05 - orderflow_service - INFO - [ORDERFLOW_SERVICE] Footprint completado: ADAUSDT | time=1769448120000 | trades=237 | delta=18644.0000 | poc=0
2026-01-26 12:23:05 - orderflow_service - INFO - [ORDERFLOW_SERVICE] Footprint completado: TRXUSDT | time=1769448120000 | trades=91 | delta=69673.0000 | poc=1
2026-01-26 12:23:05 - orderflow_service - INFO - [ORDERFLOW_SERVICE] Footprint completado: BNBUSDT | time=1769448120000 | trades=124 | delta=21.0200 | poc=0
2026-01-26 12:23:06 - orderflow_service - INFO - [ORDERFLOW_SERVICE] Footprint completado: GALAUSDT | time=1769448120000 | trades=211 | delta=3878454.0000 | poc=0
2026-01-26 12:23:10 - orderflow_service - INFO - [ORDERFLOW_SERVICE] Footprint completado: PAXGUSDT | time=1769448120000 | trades=56 | delta=-0.0790 | poc=1
2026-01-26 12:23:13 - orderflow_service - INFO - [ORDERFLOW_SERVICE] Footprint completado: POLUSDT | time=1769448120000 | trades=111 | delta=28430.0000 | poc=0
2026-01-26 12:23:18 - orderflow_service - INFO - [ORDERFLOW_SERVICE] Footprint completado: TRBUSDT | time=1769448120000 | trades=8 | delta=3.1400 | poc=4
2026-01-26 12:24:01 - orderflow_service - INFO - [ORDERFLOW_SERVICE] Footprint completado: SOLUSDT | time=1769448180000 | trades=369 | delta=-283.6000 | poc=0
2026-01-26 12:24:01 - orderflow_service - INFO - [ORDERFLOW_SERVICE] Footprint completado: ADAUSDT | time=1769448180000 | trades=121 | delta=187695.0000 | poc=0
2026-01-26 12:24:01 - orderflow_service - INFO - [ORDERFLOW_SERVICE] Footprint completado: DOGEUSDT | time=1769448180000 | trades=269 | delta=620856.0000 | poc=0
2026-01-26 12:24:01 - footprint_calculator - WARNING - Max levels reached for candle 87314.3-87414.8 with step 1.0
2026-01-26 12:24:01 - orderflow_service - INFO - [ORDERFLOW_SERVICE] Footprint completado: BTCUSDT | time=1769448180000 | trades=1443 | delta=15.1830 | poc=49
2026-01-26 12:24:01 - orderflow_service - INFO - [ORDERFLOW_SERVICE] Footprint completado: SUIUSDT | time=1769448180000 | trades=188 | delta=-20.0000 | poc=8
2026-01-26 12:24:01 - orderflow_service - INFO - [ORDERFLOW_SERVICE] Footprint completado: XRPUSDT | time=1769448180000 | trades=747 | delta=112765.9000 | poc=0
2026-01-26 12:24:01 - orderflow_service - INFO - [ORDERFLOW_SERVICE] Footprint completado: BNBUSDT | time=1769448180000 | trades=333 | delta=-420.8900 | poc=0
2026-01-26 12:24:01 - orderflow_service - INFO - [ORDERFLOW_SERVICE] Footprint completado: ETHUSDT | time=1769448180000 | trades=1189 | delta=205.0600 | poc=1
2026-01-26 12:24:02 - orderflow_service - INFO - [ORDERFLOW_SERVICE] Footprint completado: PAXGUSDT | time=1769448180000 | trades=47 | delta=0.0760 | poc=0
2026-01-26 12:24:02 - orderflow_service - INFO - [ORDERFLOW_SERVICE] Footprint completado: TRXUSDT | time=1769448180000 | trades=33 | delta=33260.0000 | poc=0
2026-01-26 12:24:02 - orderflow_service - INFO - [ORDERFLOW_SERVICE] Footprint completado: POLUSDT | time=1769448180000 | trades=51 | delta=15632.0000 | poc=0
2026-01-26 12:24:02 - orderflow_service - INFO - [ORDERFLOW_SERVICE] Footprint completado: GALAUSDT | time=1769448180000 | trades=69 | delta=-312675.0000 | poc=0
2026-01-26 12:24:02 - orderflow_service - INFO - [ORDERFLOW_SERVICE] Footprint completado: TRBUSDT | time=1769448180000 | trades=9 | delta=2.3100 | poc=0
2026-01-26 12:25:01 - orderflow_service - INFO - [ORDERFLOW_SERVICE] Footprint completado: PAXGUSDT | time=1769448240000 | trades=180 | delta=-2.8670 | poc=7
2026-01-26 12:25:04 - orderflow_service - WARNING - [ORDERFLOW_SERVICE] Error enviando alerta: All connection attempts failed
2026-01-26 12:25:04 - orderflow_service - INFO - [ORDERFLOW_SERVICE] Footprint completado: PAXGUSDT | time=1769448000000 | trades=483 | delta=-5.0270 | poc=17
2026-01-26 12:25:04 - orderflow_service - INFO - [ORDERFLOW_SERVICE] Footprint completado: GALAUSDT | time=1769448240000 | trades=121 | delta=-2652479.0000 | poc=0
2026-01-26 12:25:04 - orderflow_service - INFO - [ORDERFLOW_SERVICE] Footprint completado: GALAUSDT | time=1769448000000 | trades=530 | delta=1803666.0000 | poc=0
2026-01-26 12:25:04 - orderflow_service - INFO - [ORDERFLOW_SERVICE] Footprint completado: SOLUSDT | time=1769448240000 | trades=1254 | delta=-16507.7000 | poc=0
2026-01-26 12:25:04 - orderflow_service - INFO - [ORDERFLOW_SERVICE] Footprint completado: SOLUSDT | time=1769448000000 | trades=3645 | delta=-15651.0000 | poc=0
2026-01-26 12:25:04 - orderflow_service - INFO - [ORDERFLOW_SERVICE] Footprint completado: SUIUSDT | time=1769448240000 | trades=454 | delta=-84020.0000 | poc=17
2026-01-26 12:25:04 - footprint_calculator - WARNING - Max levels reached for candle 1.44-1.4449 with step 0.0001
2026-01-26 12:25:04 - orderflow_service - INFO - [ORDERFLOW_SERVICE] Footprint completado: SUIUSDT | time=1769448000000 | trades=1374 | delta=271030.0000 | poc=41
2026-01-26 12:25:05 - orderflow_service - INFO - [ORDERFLOW_SERVICE] Footprint completado: ETHUSDT | time=1769448240000 | trades=1521 | delta=-332.2300 | poc=2
2026-01-26 12:25:05 - orderflow_service - INFO - [ORDERFLOW_SERVICE] Footprint completado: ETHUSDT | time=1769448000000 | trades=7839 | delta=-917.9400 | poc=2
2026-01-26 12:25:05 - orderflow_service - INFO - [ORDERFLOW_SERVICE] Footprint completado: DOGEUSDT | time=1769448240000 | trades=2052 | delta=-9794763.0000 | poc=0
2026-01-26 12:25:05 - orderflow_service - INFO - [ORDERFLOW_SERVICE] Footprint completado: DOGEUSDT | time=1769448000000 | trades=3225 | delta=-9734397.0000 | poc=0
2026-01-26 12:25:05 - orderflow_service - INFO - [ORDERFLOW_SERVICE] Footprint completado: POLUSDT | time=1769448240000 | trades=281 | delta=-233614.0000 | poc=0
2026-01-26 12:25:05 - orderflow_service - INFO - [ORDERFLOW_SERVICE] Footprint completado: POLUSDT | time=1769448000000 | trades=617 | delta=-99295.0000 | poc=0
2026-01-26 12:25:05 - orderflow_service - INFO - [ORDERFLOW_SERVICE] Footprint completado: XRPUSDT | time=1769448240000 | trades=749 | delta=-264373.2000 | poc=1
2026-01-26 12:25:05 - orderflow_service - INFO - [ORDERFLOW_SERVICE] Footprint completado: XRPUSDT | time=1769448000000 | trades=3531 | delta=39708.1000 | poc=1
2026-01-26 12:25:05 - footprint_calculator - WARNING - Max levels reached for candle 87332.7-87449.3 with step 1.0
2026-01-26 12:25:05 - orderflow_service - INFO - [ORDERFLOW_SERVICE] Footprint completado: BTCUSDT | time=1769448240000 | trades=2080 | delta=25.3940 | poc=49
2026-01-26 12:25:05 - footprint_calculator - WARNING - Max levels reached for candle 87219.0-87449.3 with step 1.0
2026-01-26 12:25:05 - orderflow_service - INFO - [ORDERFLOW_SERVICE] Footprint completado: BTCUSDT | time=1769448000000 | trades=9360 | delta=29.1650 | poc=49
2026-01-26 12:25:05 - orderflow_service - INFO - [ORDERFLOW_SERVICE] Footprint completado: TRXUSDT | time=1769448240000 | trades=20 | delta=-5816.0000 | poc=0
2026-01-26 12:25:05 - orderflow_service - INFO - [ORDERFLOW_SERVICE] Footprint completado: TRXUSDT | time=1769448000000 | trades=242 | delta=100684.0000 | poc=1
2026-01-26 12:25:05 - orderflow_service - INFO - [ORDERFLOW_SERVICE] Footprint completado: ADAUSDT | time=1769448240000 | trades=270 | delta=-533946.0000 | poc=0
2026-01-26 12:25:05 - orderflow_service - INFO - [ORDERFLOW_SERVICE] Footprint completado: ADAUSDT | time=1769448000000 | trades=773 | delta=-283894.0000 | poc=0
2026-01-26 12:25:05 - orderflow_service - INFO - [ORDERFLOW_SERVICE] Footprint completado: BNBUSDT | time=1769448240000 | trades=113 | delta=4.8000 | poc=0
2026-01-26 12:25:05 - orderflow_service - INFO - [ORDERFLOW_SERVICE] Footprint completado: BNBUSDT | time=1769448000000 | trades=619 | delta=-382.4100 | poc=0
2026-01-26 12:25:06 - orderflow_service - INFO - [ORDERFLOW_SERVICE] Footprint completado: TRBUSDT | time=1769448240000 | trades=41 | delta=-6.6800 | poc=3
2026-01-26 12:25:06 - orderflow_service - INFO - [ORDERFLOW_SERVICE] Footprint completado: TRBUSDT | time=1769448000000 | trades=83 | delta=4.4400 | poc=3
2026-01-26 12:26:01 - orderflow_service - INFO - [ORDERFLOW_SERVICE] Footprint completado: SOLUSDT | time=1769448300000 | trades=507 | delta=2831.3000 | poc=0
2026-01-26 12:26:01 - orderflow_service - INFO - [ORDERFLOW_SERVICE] Footprint completado: XRPUSDT | time=1769448300000 | trades=356 | delta=17982.7000 | poc=1
2026-01-26 12:26:01 - orderflow_service - INFO - [ORDERFLOW_SERVICE] Footprint completado: PAXGUSDT | time=1769448300000 | trades=111 | delta=2.5910 | poc=7
2026-01-26 12:26:01 - orderflow_service - INFO - [ORDERFLOW_SERVICE] Footprint completado: DOGEUSDT | time=1769448300000 | trades=432 | delta=1791782.0000 | poc=0
2026-01-26 12:26:01 - footprint_calculator - WARNING - Max levels reached for candle 1.4355-1.4411 with step 0.0001
2026-01-26 12:26:02 - orderflow_service - INFO - [ORDERFLOW_SERVICE] Footprint completado: SUIUSDT | time=1769448300000 | trades=919 | delta=-275050.0000 | poc=10
2026-01-26 12:26:02 - orderflow_service - INFO - [ORDERFLOW_SERVICE] Footprint completado: BNBUSDT | time=1769448300000 | trades=69 | delta=26.5600 | poc=0
2026-01-26 12:26:02 - footprint_calculator - WARNING - Max levels reached for candle 87340.4-87435.7 with step 1.0
2026-01-26 12:26:02 - orderflow_service - INFO - [ORDERFLOW_SERVICE] Footprint completado: BTCUSDT | time=1769448300000 | trades=845 | delta=11.9590 | poc=49
2026-01-26 12:26:03 - orderflow_service - INFO - [ORDERFLOW_SERVICE] Footprint completado: ETHUSDT | time=1769448300000 | trades=672 | delta=84.7400 | poc=1
2026-01-26 12:26:03 - orderflow_service - INFO - [ORDERFLOW_SERVICE] Footprint completado: TRXUSDT | time=1769448300000 | trades=60 | delta=-19082.0000 | poc=0
2026-01-26 12:26:03 - orderflow_service - INFO - [ORDERFLOW_SERVICE] Footprint completado: GALAUSDT | time=1769448300000 | trades=61 | delta=613608.0000 | poc=0
2026-01-26 12:26:05 - orderflow_service - INFO - [ORDERFLOW_SERVICE] Footprint completado: POLUSDT | time=1769448300000 | trades=82 | delta=17664.0000 | poc=0
2026-01-26 12:26:05 - orderflow_service - INFO - [ORDERFLOW_SERVICE] Footprint completado: ADAUSDT | time=1769448300000 | trades=121 | delta=-75170.0000 | poc=0
2026-01-26 12:26:25 - orderflow_service - INFO - [ORDERFLOW_SERVICE] Footprint completado: TRBUSDT | time=1769448300000 | trades=11 | delta=6.3200 | poc=9
2026-01-26 12:27:01 - orderflow_service - INFO - [ORDERFLOW_SERVICE] Footprint completado: SUIUSDT | time=1769448360000 | trades=287 | delta=69780.0000 | poc=4
2026-01-26 12:27:01 - orderflow_service - INFO - [ORDERFLOW_SERVICE] Footprint completado: SOLUSDT | time=1769448360000 | trades=292 | delta=-607.7000 | poc=0
2026-01-26 12:27:01 - orderflow_service - INFO - [ORDERFLOW_SERVICE] Footprint completado: POLUSDT | time=1769448360000 | trades=32 | delta=2770.0000 | poc=0
2026-01-26 12:27:01 - orderflow_service - INFO - [ORDERFLOW_SERVICE] Footprint completado: ETHUSDT | time=1769448360000 | trades=814 | delta=54.5500 | poc=0
2026-01-26 12:27:01 - orderflow_service - INFO - [ORDERFLOW_SERVICE] Footprint completado: BTCUSDT | time=1769448360000 | trades=822 | delta=0.5430 | poc=3
2026-01-26 12:27:02 - orderflow_service - INFO - [ORDERFLOW_SERVICE] Footprint completado: DOGEUSDT | time=1769448360000 | trades=217 | delta=240322.0000 | poc=0
2026-01-26 12:27:02 - orderflow_service - INFO - [ORDERFLOW_SERVICE] Footprint completado: XRPUSDT | time=1769448360000 | trades=297 | delta=-67483.1000 | poc=0
2026-01-26 12:27:03 - orderflow_service - INFO - [ORDERFLOW_SERVICE] Footprint completado: PAXGUSDT | time=1769448360000 | trades=35 | delta=-0.0270 | poc=1
2026-01-26 12:27:04 - orderflow_service - INFO - [ORDERFLOW_SERVICE] Footprint completado: TRBUSDT | time=1769448360000 | trades=12 | delta=-3.0700 | poc=2
2026-01-26 12:27:04 - orderflow_service - INFO - [ORDERFLOW_SERVICE] Footprint completado: TRXUSDT | time=1769448360000 | trades=21 | delta=-2783.0000 | poc=0
2026-01-26 12:27:06 - orderflow_service - INFO - [ORDERFLOW_SERVICE] Footprint completado: BNBUSDT | time=1769448360000 | trades=33 | delta=3.7300 | poc=0
2026-01-26 12:27:09 - orderflow_service - INFO - [ORDERFLOW_SERVICE] Footprint completado: GALAUSDT | time=1769448360000 | trades=74 | delta=364380.0000 | poc=0
2026-01-26 12:27:18 - orderflow_service - INFO - [ORDERFLOW_SERVICE] Footprint completado: ADAUSDT | time=1769448360000 | trades=66 | delta=-16455.0000 | poc=0
2026-01-26 12:28:01 - orderflow_service - INFO - [ORDERFLOW_SERVICE] Footprint completado: ETHUSDT | time=1769448420000 | trades=994 | delta=271.9900 | poc=1
2026-01-26 12:28:01 - footprint_calculator - WARNING - Max levels reached for candle 87416.7-87470.0 with step 1.0
2026-01-26 12:28:02 - orderflow_service - INFO - [ORDERFLOW_SERVICE] Footprint completado: BTCUSDT | time=1769448420000 | trades=1483 | delta=99.7660 | poc=24
2026-01-26 12:28:02 - orderflow_service - INFO - [ORDERFLOW_SERVICE] Footprint completado: PAXGUSDT | time=1769448420000 | trades=72 | delta=-0.9030 | poc=2
2026-01-26 12:28:02 - orderflow_service - INFO - [ORDERFLOW_SERVICE] Footprint completado: SOLUSDT | time=1769448420000 | trades=397 | delta=10080.7000 | poc=1
2026-01-26 12:28:03 - orderflow_service - INFO - [ORDERFLOW_SERVICE] Footprint completado: BNBUSDT | time=1769448420000 | trades=37 | delta=2.2600 | poc=0
2026-01-26 12:28:03 - orderflow_service - INFO - [ORDERFLOW_SERVICE] Footprint completado: TRBUSDT | time=1769448420000 | trades=6 | delta=1.1700 | poc=2
2026-01-26 12:28:03 - orderflow_service - INFO - [ORDERFLOW_SERVICE] Footprint completado: TRXUSDT | time=1769448420000 | trades=118 | delta=-162636.0000 | poc=0
2026-01-26 12:28:03 - orderflow_service - INFO - [ORDERFLOW_SERVICE] Footprint completado: GALAUSDT | time=1769448420000 | trades=31 | delta=-54864.0000 | poc=0
2026-01-26 12:28:03 - orderflow_service - INFO - [ORDERFLOW_SERVICE] Footprint completado: SUIUSDT | time=1769448420000 | trades=103 | delta=-4320.0000 | poc=5
2026-01-26 12:28:06 - orderflow_service - INFO - [ORDERFLOW_SERVICE] Footprint completado: XRPUSDT | time=1769448420000 | trades=289 | delta=68591.5000 | poc=0
2026-01-26 12:28:07 - orderflow_service - INFO - [ORDERFLOW_SERVICE] Footprint completado: DOGEUSDT | time=1769448420000 | trades=209 | delta=-17089.0000 | poc=0
2026-01-26 12:28:11 - orderflow_service - INFO - [ORDERFLOW_SERVICE] Footprint completado: POLUSDT | time=1769448420000 | trades=41 | delta=4350.0000 | poc=0
2026-01-26 12:28:14 - orderflow_service - INFO - [ORDERFLOW_SERVICE] Footprint completado: ADAUSDT | time=1769448420000 | trades=67 | delta=129808.0000 | poc=0
2026-01-26 12:29:01 - footprint_calculator - WARNING - Max levels reached for candle 87458.7-87511.8 with step 1.0
2026-01-26 12:29:01 - orderflow_service - INFO - [ORDERFLOW_SERVICE] Footprint completado: BTCUSDT | time=1769448480000 | trades=1100 | delta=20.1180 | poc=49
2026-01-26 12:29:01 - orderflow_service - INFO - [ORDERFLOW_SERVICE] Footprint completado: ETHUSDT | time=1769448480000 | trades=777 | delta=37.9600 | poc=1
2026-01-26 12:29:01 - orderflow_service - INFO - [ORDERFLOW_SERVICE] Footprint completado: DOGEUSDT | time=1769448480000 | trades=244 | delta=110821.0000 | poc=1
2026-01-26 12:29:02 - orderflow_service - INFO - [ORDERFLOW_SERVICE] Footprint completado: SUIUSDT | time=1769448480000 | trades=384 | delta=124970.0000 | poc=5
2026-01-26 12:29:02 - orderflow_service - INFO - [ORDERFLOW_SERVICE] Footprint completado: ADAUSDT | time=1769448480000 | trades=30 | delta=1509.0000 | poc=0
2026-01-26 12:29:02 - orderflow_service - INFO - [ORDERFLOW_SERVICE] Footprint completado: XRPUSDT | time=1769448480000 | trades=287 | delta=-42895.1000 | poc=0
2026-01-26 12:29:02 - orderflow_service - INFO - [ORDERFLOW_SERVICE] Footprint completado: GALAUSDT | time=1769448480000 | trades=235 | delta=5620832.0000 | poc=0
2026-01-26 12:29:02 - orderflow_service - INFO - [ORDERFLOW_SERVICE] Footprint completado: SOLUSDT | time=1769448480000 | trades=353 | delta=-2622.4000 | poc=0
2026-01-26 12:29:02 - orderflow_service - INFO - [ORDERFLOW_SERVICE] Footprint completado: BNBUSDT | time=1769448480000 | trades=51 | delta=5.8400 | poc=0
2026-01-26 12:29:03 - orderflow_service - INFO - [ORDERFLOW_SERVICE] Footprint completado: PAXGUSDT | time=1769448480000 | trades=55 | delta=-1.7040 | poc=1
2026-01-26 12:29:04 - orderflow_service - INFO - [ORDERFLOW_SERVICE] Footprint completado: TRXUSDT | time=1769448480000 | trades=5 | delta=49.0000 | poc=0
2026-01-26 12:29:18 - orderflow_service - INFO - [ORDERFLOW_SERVICE] Footprint completado: TRBUSDT | time=1769448480000 | trades=8 | delta=0.1000 | poc=2
2026-01-26 12:29:29 - orderflow_service - INFO - [ORDERFLOW_SERVICE] Footprint completado: POLUSDT | time=1769448480000 | trades=61 | delta=-147.0000 | poc=0
2026-01-26 12:30:00 - footprint_calculator - WARNING - Max levels reached for candle 87353.1-87462.9 with step 1.0
2026-01-26 12:30:01 - orderflow_service - INFO - [ORDERFLOW_SERVICE] Footprint completado: BTCUSDT | time=1769448540000 | trades=1992 | delta=-78.5860 | poc=49
2026-01-26 12:30:01 - footprint_calculator - WARNING - Max levels reached for candle 87340.4-87511.8 with step 1.0
2026-01-26 12:30:01 - orderflow_service - INFO - [ORDERFLOW_SERVICE] Footprint completado: BTCUSDT | time=1769448300000 | trades=6242 | delta=53.8000 | poc=49
2026-01-26 12:30:01 - orderflow_service - INFO - [ORDERFLOW_SERVICE] Footprint completado: ETHUSDT | time=1769448540000 | trades=831 | delta=-311.1400 | poc=0
2026-01-26 12:30:01 - orderflow_service - INFO - [ORDERFLOW_SERVICE] Footprint completado: ETHUSDT | time=1769448300000 | trades=4088 | delta=138.1000 | poc=3
2026-01-26 12:30:01 - orderflow_service - INFO - [ORDERFLOW_SERVICE] Footprint completado: DOGEUSDT | time=1769448540000 | trades=339 | delta=-1436447.0000 | poc=0
2026-01-26 12:30:01 - orderflow_service - INFO - [ORDERFLOW_SERVICE] Footprint completado: DOGEUSDT | time=1769448300000 | trades=1441 | delta=689389.0000 | poc=0
2026-01-26 12:30:01 - orderflow_service - INFO - [ORDERFLOW_SERVICE] Footprint completado: SUIUSDT | time=1769448540000 | trades=171 | delta=-29360.0000 | poc=1
2026-01-26 12:30:01 - footprint_calculator - WARNING - Max levels reached for candle 1.4355-1.4411 with step 0.0001
2026-01-26 12:30:02 - orderflow_service - INFO - [ORDERFLOW_SERVICE] Footprint completado: SUIUSDT | time=1769448300000 | trades=1864 | delta=-113980.0000 | poc=10
2026-01-26 12:30:02 - orderflow_service - INFO - [ORDERFLOW_SERVICE] Footprint completado: SOLUSDT | time=1769448540000 | trades=564 | delta=-6699.8000 | poc=0
2026-01-26 12:30:02 - orderflow_service - INFO - [ORDERFLOW_SERVICE] Footprint completado: SOLUSDT | time=1769448300000 | trades=2113 | delta=2982.1000 | poc=1
2026-01-26 12:30:02 - orderflow_service - INFO - [ORDERFLOW_SERVICE] Footprint completado: XRPUSDT | time=1769448540000 | trades=507 | delta=-125871.9000 | poc=1
2026-01-26 12:30:02 - orderflow_service - INFO - [ORDERFLOW_SERVICE] Footprint completado: XRPUSDT | time=1769448300000 | trades=1736 | delta=-149675.9000 | poc=1
2026-01-26 12:30:02 - orderflow_service - INFO - [ORDERFLOW_SERVICE] Footprint completado: POLUSDT | time=1769448540000 | trades=75 | delta=-10811.0000 | poc=0
2026-01-26 12:30:02 - orderflow_service - INFO - [ORDERFLOW_SERVICE] Footprint completado: POLUSDT | time=1769448300000 | trades=291 | delta=13826.0000 | poc=0
2026-01-26 12:30:02 - orderflow_service - INFO - [ORDERFLOW_SERVICE] Footprint completado: PAXGUSDT | time=1769448540000 | trades=60 | delta=-1.6830 | poc=3
2026-01-26 12:30:02 - orderflow_service - INFO - [ORDERFLOW_SERVICE] Footprint completado: PAXGUSDT | time=1769448300000 | trades=333 | delta=-1.7260 | poc=10
2026-01-26 12:30:05 - orderflow_service - INFO - [ORDERFLOW_SERVICE] Footprint completado: GALAUSDT | time=1769448540000 | trades=119 | delta=-2539285.0000 | poc=0
2026-01-26 12:30:05 - orderflow_service - INFO - [ORDERFLOW_SERVICE] Footprint completado: GALAUSDT | time=1769448300000 | trades=520 | delta=4004671.0000 | poc=0
2026-01-26 12:30:05 - orderflow_service - INFO - [ORDERFLOW_SERVICE] Footprint completado: ADAUSDT | time=1769448540000 | trades=187 | delta=-188911.0000 | poc=0
2026-01-26 12:30:05 - orderflow_service - INFO - [ORDERFLOW_SERVICE] Footprint completado: ADAUSDT | time=1769448300000 | trades=471 | delta=-149219.0000 | poc=0
2026-01-26 12:30:05 - orderflow_service - INFO - [ORDERFLOW_SERVICE] Footprint completado: TRBUSDT | time=1769448540000 | trades=39 | delta=-21.9300 | poc=3
2026-01-26 12:30:05 - orderflow_service - INFO - [ORDERFLOW_SERVICE] Footprint completado: TRBUSDT | time=1769448300000 | trades=76 | delta=-17.4100 | poc=3
2026-01-26 12:30:05 - orderflow_service - INFO - [ORDERFLOW_SERVICE] Footprint completado: BNBUSDT | time=1769448540000 | trades=61 | delta=-41.7200 | poc=0
2026-01-26 12:30:05 - orderflow_service - INFO - [ORDERFLOW_SERVICE] Footprint completado: BNBUSDT | time=1769448300000 | trades=251 | delta=-3.3300 | poc=0
2026-01-26 12:30:07 - orderflow_service - INFO - [ORDERFLOW_SERVICE] Footprint completado: TRXUSDT | time=1769448540000 | trades=19 | delta=-8876.0000 | poc=0
2026-01-26 12:30:07 - orderflow_service - INFO - [ORDERFLOW_SERVICE] Footprint completado: TRXUSDT | time=1769448300000 | trades=223 | delta=-193328.0000 | poc=0
2026-01-26 12:31:01 - orderflow_service - INFO - [ORDERFLOW_SERVICE] Footprint completado: XRPUSDT | time=1769448600000 | trades=1005 | delta=-117357.1000 | poc=0
2026-01-26 12:31:01 - footprint_calculator - WARNING - Max levels reached for candle 87206.1-87353.1 with step 1.0
2026-01-26 12:31:01 - orderflow_service - INFO - [ORDERFLOW_SERVICE] Footprint completado: BTCUSDT | time=1769448600000 | trades=6359 | delta=-239.4460 | poc=49
2026-01-26 12:31:01 - orderflow_service - INFO - [ORDERFLOW_SERVICE] Footprint completado: SOLUSDT | time=1769448600000 | trades=1342 | delta=-12330.2000 | poc=0
2026-01-26 12:31:01 - orderflow_service - INFO - [ORDERFLOW_SERVICE] Footprint completado: ETHUSDT | time=1769448600000 | trades=1761 | delta=102.3100 | poc=2
2026-01-26 12:31:01 - orderflow_service - INFO - [ORDERFLOW_SERVICE] Footprint completado: DOGEUSDT | time=1769448600000 | trades=493 | delta=555600.0000 | poc=0
2026-01-26 12:31:02 - orderflow_service - INFO - [ORDERFLOW_SERVICE] Footprint completado: PAXGUSDT | time=1769448600000 | trades=114 | delta=-1.8070 | poc=7
2026-01-26 12:31:02 - orderflow_service - INFO - [ORDERFLOW_SERVICE] Footprint completado: GALAUSDT | time=1769448600000 | trades=82 | delta=19040.0000 | poc=0
2026-01-26 12:31:02 - orderflow_service - INFO - [ORDERFLOW_SERVICE] Footprint completado: SUIUSDT | time=1769448600000 | trades=423 | delta=-3800.0000 | poc=24
2026-01-26 12:31:04 - orderflow_service - INFO - [ORDERFLOW_SERVICE] Footprint completado: TRBUSDT | time=1769448600000 | trades=19 | delta=0.6400 | poc=1
2026-01-26 12:31:04 - orderflow_service - INFO - [ORDERFLOW_SERVICE] Footprint completado: POLUSDT | time=1769448600000 | trades=120 | delta=11294.0000 | poc=0
2026-01-26 12:31:04 - orderflow_service - INFO - [ORDERFLOW_SERVICE] Footprint completado: BNBUSDT | time=1769448600000 | trades=125 | delta=50.7300 | poc=0
2026-01-26 12:31:05 - orderflow_service - INFO - [ORDERFLOW_SERVICE] Footprint completado: ADAUSDT | time=1769448600000 | trades=252 | delta=40936.0000 | poc=0
2026-01-26 12:31:12 - orderflow_service - INFO - [ORDERFLOW_SERVICE] Footprint completado: TRXUSDT | time=1769448600000 | trades=50 | delta=1662.0000 | poc=1
2026-01-26 12:32:01 - orderflow_service - INFO - [ORDERFLOW_SERVICE] Footprint completado: ETHUSDT | time=1769448660000 | trades=1581 | delta=719.8900 | poc=1
2026-01-26 12:32:01 - footprint_calculator - WARNING - Max levels reached for candle 87156.5-87235.1 with step 1.0
2026-01-26 12:32:01 - orderflow_service - INFO - [ORDERFLOW_SERVICE] Footprint completado: BTCUSDT | time=1769448660000 | trades=2142 | delta=-91.9160 | poc=49
2026-01-26 12:32:01 - orderflow_service - INFO - [ORDERFLOW_SERVICE] Footprint completado: SOLUSDT | time=1769448660000 | trades=2484 | delta=-11780.7000 | poc=1
2026-01-26 12:32:01 - orderflow_service - INFO - [ORDERFLOW_SERVICE] Footprint completado: PAXGUSDT | time=1769448660000 | trades=116 | delta=6.1570 | poc=7
2026-01-26 12:32:01 - orderflow_service - INFO - [ORDERFLOW_SERVICE] Footprint completado: XRPUSDT | time=1769448660000 | trades=510 | delta=-127408.7000 | poc=0
2026-01-26 12:32:02 - orderflow_service - INFO - [ORDERFLOW_SERVICE] Footprint completado: DOGEUSDT | time=1769448660000 | trades=551 | delta=-1345145.0000 | poc=0
2026-01-26 12:32:03 - orderflow_service - INFO - [ORDERFLOW_SERVICE] Footprint completado: ADAUSDT | time=1769448660000 | trades=211 | delta=-246483.0000 | poc=0
2026-01-26 12:32:03 - orderflow_service - INFO - [ORDERFLOW_SERVICE] Footprint completado: TRXUSDT | time=1769448660000 | trades=40 | delta=-6919.0000 | poc=0
2026-01-26 12:32:03 - orderflow_service - INFO - [ORDERFLOW_SERVICE] Footprint completado: SUIUSDT | time=1769448660000 | trades=544 | delta=-35180.0000 | poc=2
2026-01-26 12:32:07 - orderflow_service - INFO - [ORDERFLOW_SERVICE] Footprint completado: POLUSDT | time=1769448660000 | trades=133 | delta=-74298.0000 | poc=0
2026-01-26 12:32:08 - orderflow_service - INFO - [ORDERFLOW_SERVICE] Footprint completado: GALAUSDT | time=1769448660000 | trades=149 | delta=-2074558.0000 | poc=0
2026-01-26 12:32:08 - orderflow_service - INFO - [ORDERFLOW_SERVICE] Footprint completado: BNBUSDT | time=1769448660000 | trades=115 | delta=-109.7900 | poc=0
2026-01-26 12:32:09 - orderflow_service - INFO - [ORDERFLOW_SERVICE] Footprint completado: TRBUSDT | time=1769448660000 | trades=44 | delta=-34.3100 | poc=0
2026-01-26 12:33:00 - footprint_calculator - WARNING - Max levels reached for candle 86923.3-87187.9 with step 1.0
2026-01-26 12:33:01 - orderflow_service - INFO - [ORDERFLOW_SERVICE] Footprint completado: BTCUSDT | time=1769448720000 | trades=13101 | delta=-202.5420 | poc=49
2026-01-26 12:33:01 - orderflow_service - INFO - [ORDERFLOW_SERVICE] Footprint completado: SOLUSDT | time=1769448720000 | trades=1314 | delta=-2668.7000 | poc=0
2026-01-26 12:33:01 - orderflow_service - INFO - [ORDERFLOW_SERVICE] Footprint completado: SUIUSDT | time=1769448720000 | trades=790 | delta=45610.0000 | poc=19
2026-01-26 12:33:01 - orderflow_service - INFO - [ORDERFLOW_SERVICE] Footprint completado: XRPUSDT | time=1769448720000 | trades=2274 | delta=-148795.6000 | poc=1
2026-01-26 12:33:01 - orderflow_service - INFO - [ORDERFLOW_SERVICE] Footprint completado: POLUSDT | time=1769448720000 | trades=442 | delta=-36232.0000 | poc=0
2026-01-26 12:33:01 - orderflow_service - INFO - [ORDERFLOW_SERVICE] Footprint completado: ETHUSDT | time=1769448720000 | trades=5375 | delta=2686.0900 | poc=2
2026-01-26 12:33:01 - orderflow_service - INFO - [ORDERFLOW_SERVICE] Footprint completado: TRXUSDT | time=1769448720000 | trades=52 | delta=15777.0000 | poc=0
2026-01-26 12:33:02 - orderflow_service - INFO - [ORDERFLOW_SERVICE] Footprint completado: DOGEUSDT | time=1769448720000 | trades=1835 | delta=-2142172.0000 | poc=0
2026-01-26 12:33:02 - orderflow_service - INFO - [ORDERFLOW_SERVICE] Footprint completado: ADAUSDT | time=1769448720000 | trades=597 | delta=26941.0000 | poc=0
2026-01-26 12:33:02 - orderflow_service - INFO - [ORDERFLOW_SERVICE] Footprint completado: GALAUSDT | time=1769448720000 | trades=423 | delta=-432799.0000 | poc=0
2026-01-26 12:33:02 - orderflow_service - INFO - [ORDERFLOW_SERVICE] Footprint completado: BNBUSDT | time=1769448720000 | trades=320 | delta=-298.9200 | poc=0
2026-01-26 12:33:02 - orderflow_service - INFO - [ORDERFLOW_SERVICE] Footprint completado: PAXGUSDT | time=1769448720000 | trades=107 | delta=2.6050 | poc=6
2026-01-26 12:33:12 - orderflow_service - INFO - [ORDERFLOW_SERVICE] Footprint completado: TRBUSDT | time=1769448720000 | trades=76 | delta=71.1000 | poc=12
2026-01-26 12:34:01 - orderflow_service - INFO - [ORDERFLOW_SERVICE] Footprint completado: XRPUSDT | time=1769448780000 | trades=961 | delta=-14800.1000 | poc=0
2026-01-26 12:34:01 - orderflow_service - INFO - [ORDERFLOW_SERVICE] Footprint completado: SOLUSDT | time=1769448780000 | trades=981 | delta=-4352.4000 | poc=1
2026-01-26 12:34:01 - footprint_calculator - WARNING - Max levels reached for candle 87040.8-87119.8 with step 1.0
2026-01-26 12:34:01 - orderflow_service - INFO - [ORDERFLOW_SERVICE] Footprint completado: BTCUSDT | time=1769448780000 | trades=2378 | delta=-43.0310 | poc=49
2026-01-26 12:34:01 - orderflow_service - INFO - [ORDERFLOW_SERVICE] Footprint completado: SUIUSDT | time=1769448780000 | trades=342 | delta=10840.0000 | poc=14
2026-01-26 12:34:04 - orderflow_service - WARNING - [ORDERFLOW_SERVICE] Error enviando alerta: All connection attempts failed
2026-01-26 12:34:05 - orderflow_service - INFO - [ORDERFLOW_SERVICE] Footprint completado: ETHUSDT | time=1769448780000 | trades=2008 | delta=-356.8600 | poc=1
2026-01-26 12:34:05 - orderflow_service - INFO - [ORDERFLOW_SERVICE] Footprint completado: ADAUSDT | time=1769448780000 | trades=198 | delta=-7193.0000 | poc=0
2026-01-26 12:34:05 - orderflow_service - INFO - [ORDERFLOW_SERVICE] Footprint completado: DOGEUSDT | time=1769448780000 | trades=537 | delta=-51237.0000 | poc=0
2026-01-26 12:34:05 - orderflow_service - INFO - [ORDERFLOW_SERVICE] Footprint completado: GALAUSDT | time=1769448780000 | trades=189 | delta=2799714.0000 | poc=0
2026-01-26 12:34:05 - orderflow_service - INFO - [ORDERFLOW_SERVICE] Footprint completado: PAXGUSDT | time=1769448780000 | trades=30 | delta=0.3030 | poc=0
2026-01-26 12:34:05 - orderflow_service - INFO - [ORDERFLOW_SERVICE] Footprint completado: POLUSDT | time=1769448780000 | trades=188 | delta=-195475.0000 | poc=0
2026-01-26 12:34:05 - orderflow_service - INFO - [ORDERFLOW_SERVICE] Footprint completado: TRBUSDT | time=1769448780000 | trades=27 | delta=0.0600 | poc=13
2026-01-26 12:34:05 - orderflow_service - INFO - [ORDERFLOW_SERVICE] Footprint completado: TRXUSDT | time=1769448780000 | trades=2 | delta=93.0000 | poc=0
2026-01-26 12:34:05 - orderflow_service - INFO - [ORDERFLOW_SERVICE] Footprint completado: BNBUSDT | time=1769448780000 | trades=70 | delta=-8.8300 | poc=0
2026-01-26 12:35:00 - footprint_calculator - WARNING - Max levels reached for candle 87075.6-87209.2 with step 1.0
2026-01-26 12:35:01 - orderflow_service - INFO - [ORDERFLOW_SERVICE] Footprint completado: BTCUSDT | time=1769448840000 | trades=2580 | delta=53.4580 | poc=49
2026-01-26 12:35:01 - footprint_calculator - WARNING - Max levels reached for candle 86923.3-87353.1 with step 1.0
2026-01-26 12:35:01 - orderflow_service - INFO - [ORDERFLOW_SERVICE] Footprint completado: BTCUSDT | time=1769448600000 | trades=26560 | delta=-523.4770 | poc=49
2026-01-26 12:35:02 - orderflow_service - INFO - [ORDERFLOW_SERVICE] Footprint completado: POLUSDT | time=1769448840000 | trades=116 | delta=42042.0000 | poc=0
2026-01-26 12:35:02 - orderflow_service - INFO - [ORDERFLOW_SERVICE] Footprint completado: POLUSDT | time=1769448600000 | trades=999 | delta=-252669.0000 | poc=0
2026-01-26 12:35:02 - orderflow_service - INFO - [ORDERFLOW_SERVICE] Footprint completado: ETHUSDT | time=1769448840000 | trades=1301 | delta=141.7800 | poc=1
2026-01-26 12:35:02 - orderflow_service - INFO - [ORDERFLOW_SERVICE] Footprint completado: ETHUSDT | time=1769448600000 | trades=12026 | delta=3293.2100 | poc=2
2026-01-26 12:35:02 - orderflow_service - INFO - [ORDERFLOW_SERVICE] Footprint completado: SOLUSDT | time=1769448840000 | trades=577 | delta=1863.9000 | poc=1
2026-01-26 12:35:02 - orderflow_service - INFO - [ORDERFLOW_SERVICE] Footprint completado: SOLUSDT | time=1769448600000 | trades=6698 | delta=-29268.1000 | poc=1
2026-01-26 12:35:02 - orderflow_service - INFO - [ORDERFLOW_SERVICE] Footprint completado: GALAUSDT | time=1769448840000 | trades=87 | delta=243668.0000 | poc=0
2026-01-26 12:35:02 - orderflow_service - INFO - [ORDERFLOW_SERVICE] Footprint completado: GALAUSDT | time=1769448600000 | trades=930 | delta=555065.0000 | poc=0
2026-01-26 12:35:02 - orderflow_service - INFO - [ORDERFLOW_SERVICE] Footprint completado: XRPUSDT | time=1769448840000 | trades=551 | delta=24689.8000 | poc=1
2026-01-26 12:35:02 - orderflow_service - INFO - [ORDERFLOW_SERVICE] Footprint completado: XRPUSDT | time=1769448600000 | trades=5301 | delta=-383671.7000 | poc=1
2026-01-26 12:35:02 - orderflow_service - INFO - [ORDERFLOW_SERVICE] Footprint completado: PAXGUSDT | time=1769448840000 | trades=30 | delta=0.0220 | poc=2
2026-01-26 12:35:02 - orderflow_service - INFO - [ORDERFLOW_SERVICE] Footprint completado: PAXGUSDT | time=1769448600000 | trades=397 | delta=7.2800 | poc=7
2026-01-26 12:35:02 - orderflow_service - INFO - [ORDERFLOW_SERVICE] Footprint completado: DOGEUSDT | time=1769448840000 | trades=313 | delta=136214.0000 | poc=0
2026-01-26 12:35:02 - orderflow_service - INFO - [ORDERFLOW_SERVICE] Footprint completado: DOGEUSDT | time=1769448600000 | trades=3729 | delta=-2846740.0000 | poc=0
2026-01-26 12:35:02 - orderflow_service - INFO - [ORDERFLOW_SERVICE] Footprint completado: BNBUSDT | time=1769448840000 | trades=162 | delta=185.2200 | poc=1
2026-01-26 12:35:02 - orderflow_service - INFO - [ORDERFLOW_SERVICE] Footprint completado: BNBUSDT | time=1769448600000 | trades=792 | delta=-181.5900 | poc=0
2026-01-26 12:35:03 - orderflow_service - INFO - [ORDERFLOW_SERVICE] Footprint completado: SUIUSDT | time=1769448840000 | trades=428 | delta=25550.0000 | poc=20
2026-01-26 12:35:03 - footprint_calculator - WARNING - Max levels reached for candle 1.4313-1.4377 with step 0.0001
2026-01-26 12:35:03 - orderflow_service - INFO - [ORDERFLOW_SERVICE] Footprint completado: SUIUSDT | time=1769448600000 | trades=2527 | delta=43020.0000 | poc=49
2026-01-26 12:35:04 - orderflow_service - INFO - [ORDERFLOW_SERVICE] Footprint completado: ADAUSDT | time=1769448840000 | trades=213 | delta=294556.0000 | poc=0
2026-01-26 12:35:04 - orderflow_service - INFO - [ORDERFLOW_SERVICE] Footprint completado: ADAUSDT | time=1769448600000 | trades=1471 | delta=108757.0000 | poc=0
2026-01-26 12:35:07 - orderflow_service - INFO - [ORDERFLOW_SERVICE] Footprint completado: TRBUSDT | time=1769448840000 | trades=16 | delta=-1.0900 | poc=14
2026-01-26 12:35:07 - footprint_calculator - WARNING - Max levels reached for candle 19.457-19.567 with step 0.002
2026-01-26 12:35:07 - orderflow_service - INFO - [ORDERFLOW_SERVICE] Footprint completado: TRBUSDT | time=1769448600000 | trades=182 | delta=36.4000 | poc=19
2026-01-26 12:35:10 - orderflow_service - WARNING - [ORDERFLOW_SERVICE] Error enviando alerta: All connection attempts failed
2026-01-26 12:35:11 - orderflow_service - INFO - [ORDERFLOW_SERVICE] Footprint completado: TRXUSDT | time=1769448840000 | trades=35 | delta=10898.0000 | poc=0
2026-01-26 12:35:11 - orderflow_service - INFO - [ORDERFLOW_SERVICE] Footprint completado: TRXUSDT | time=1769448600000 | trades=179 | delta=21511.0000 | poc=1
2026-01-26 12:36:01 - orderflow_service - INFO - [ORDERFLOW_SERVICE] Footprint completado: XRPUSDT | time=1769448900000 | trades=1097 | delta=78651.6000 | poc=1
2026-01-26 12:36:01 - footprint_calculator - WARNING - Max levels reached for candle 87209.5-87364.9 with step 1.0
2026-01-26 12:36:02 - orderflow_service - INFO - [ORDERFLOW_SERVICE] Footprint completado: BTCUSDT | time=1769448900000 | trades=2913 | delta=77.9130 | poc=49
2026-01-26 12:36:05 - orderflow_service - WARNING - [ORDERFLOW_SERVICE] Error enviando alerta: All connection attempts failed
2026-01-26 12:36:05 - orderflow_service - INFO - [ORDERFLOW_SERVICE] Footprint completado: SUIUSDT | time=1769448900000 | trades=276 | delta=9840.0000 | poc=41
2026-01-26 12:36:05 - orderflow_service - INFO - [ORDERFLOW_SERVICE] Footprint completado: SOLUSDT | time=1769448900000 | trades=1023 | delta=3282.1000 | poc=1
2026-01-26 12:36:05 - orderflow_service - INFO - [ORDERFLOW_SERVICE] Footprint completado: ETHUSDT | time=1769448900000 | trades=2180 | delta=2434.7400 | poc=2
2026-01-26 12:36:05 - orderflow_service - INFO - [ORDERFLOW_SERVICE] Footprint completado: POLUSDT | time=1769448900000 | trades=103 | delta=24647.0000 | poc=0
2026-01-26 12:36:05 - orderflow_service - INFO - [ORDERFLOW_SERVICE] Footprint completado: DOGEUSDT | time=1769448900000 | trades=618 | delta=498232.0000 | poc=0
2026-01-26 12:36:05 - orderflow_service - INFO - [ORDERFLOW_SERVICE] Footprint completado: PAXGUSDT | time=1769448900000 | trades=58 | delta=0.7650 | poc=0
2026-01-26 12:36:05 - orderflow_service - INFO - [ORDERFLOW_SERVICE] Footprint completado: ADAUSDT | time=1769448900000 | trades=240 | delta=209061.0000 | poc=0
2026-01-26 12:36:05 - orderflow_service - INFO - [ORDERFLOW_SERVICE] Footprint completado: GALAUSDT | time=1769448900000 | trades=108 | delta=-86562.0000 | poc=0
2026-01-26 12:36:05 - orderflow_service - INFO - [ORDERFLOW_SERVICE] Footprint completado: BNBUSDT | time=1769448900000 | trades=102 | delta=2.0700 | poc=1
2026-01-26 12:36:05 - orderflow_service - INFO - [ORDERFLOW_SERVICE] Footprint completado: TRXUSDT | time=1769448900000 | trades=11 | delta=-6447.0000 | poc=0
2026-01-26 12:36:24 - orderflow_service - INFO - [ORDERFLOW_SERVICE] Footprint completado: TRBUSDT | time=1769448900000 | trades=9 | delta=5.4500 | poc=19
2026-01-26 12:37:01 - orderflow_service - INFO - [ORDERFLOW_SERVICE] Footprint completado: DOGEUSDT | time=1769448960000 | trades=887 | delta=1226506.0000 | poc=1
2026-01-26 12:37:01 - orderflow_service - INFO - [ORDERFLOW_SERVICE] Footprint completado: ETHUSDT | time=1769448960000 | trades=2187 | delta=171.0900 | poc=2
2026-01-26 12:37:01 - orderflow_service - INFO - [ORDERFLOW_SERVICE] Footprint completado: SOLUSDT | time=1769448960000 | trades=1015 | delta=-1773.9000 | poc=0
2026-01-26 12:37:01 - orderflow_service - INFO - [ORDERFLOW_SERVICE] Footprint completado: XRPUSDT | time=1769448960000 | trades=1113 | delta=-36853.2000 | poc=0
2026-01-26 12:37:01 - orderflow_service - INFO - [ORDERFLOW_SERVICE] Footprint completado: SUIUSDT | time=1769448960000 | trades=342 | delta=3330.0000 | poc=14
2026-01-26 12:37:04 - orderflow_service - WARNING - [ORDERFLOW_SERVICE] Error enviando alerta: All connection attempts failed
2026-01-26 12:37:04 - footprint_calculator - WARNING - Max levels reached for candle 87320.1-87438.7 with step 1.0
2026-01-26 12:37:05 - orderflow_service - INFO - [ORDERFLOW_SERVICE] Footprint completado: BTCUSDT | time=1769448960000 | trades=3160 | delta=41.2940 | poc=49
2026-01-26 12:37:05 - orderflow_service - INFO - [ORDERFLOW_SERVICE] Footprint completado: POLUSDT | time=1769448960000 | trades=102 | delta=-1159.0000 | poc=0
2026-01-26 12:37:05 - orderflow_service - INFO - [ORDERFLOW_SERVICE] Footprint completado: PAXGUSDT | time=1769448960000 | trades=36 | delta=0.9610 | poc=4
2026-01-26 12:37:05 - orderflow_service - INFO - [ORDERFLOW_SERVICE] Footprint completado: ADAUSDT | time=1769448960000 | trades=205 | delta=-5942.0000 | poc=0
2026-01-26 12:37:05 - orderflow_service - INFO - [ORDERFLOW_SERVICE] Footprint completado: BNBUSDT | time=1769448960000 | trades=147 | delta=-14.3200 | poc=0
2026-01-26 12:37:05 - orderflow_service - INFO - [ORDERFLOW_SERVICE] Footprint completado: TRXUSDT | time=1769448960000 | trades=6 | delta=820.0000 | poc=0
2026-01-26 12:37:05 - orderflow_service - INFO - [ORDERFLOW_SERVICE] Footprint completado: GALAUSDT | time=1769448960000 | trades=127 | delta=-561026.0000 | poc=0
2026-01-26 12:37:26 - orderflow_service - INFO - [ORDERFLOW_SERVICE] Footprint completado: TRBUSDT | time=1769448960000 | trades=11 | delta=0.0700 | poc=13
2026-01-26 12:38:01 - footprint_calculator - WARNING - Max levels reached for candle 87354.7-87485.5 with step 1.0
2026-01-26 12:38:01 - orderflow_service - INFO - [ORDERFLOW_SERVICE] Footprint completado: BTCUSDT | time=1769449020000 | trades=2279 | delta=13.6700 | poc=49
2026-01-26 12:38:01 - orderflow_service - INFO - [ORDERFLOW_SERVICE] Footprint completado: TRBUSDT | time=1769449020000 | trades=7 | delta=-0.4400 | poc=8
2026-01-26 12:38:01 - orderflow_service - INFO - [ORDERFLOW_SERVICE] Footprint completado: SOLUSDT | time=1769449020000 | trades=1156 | delta=2631.1000 | poc=0
2026-01-26 12:38:02 - orderflow_service - INFO - [ORDERFLOW_SERVICE] Footprint completado: DOGEUSDT | time=1769449020000 | trades=528 | delta=310200.0000 | poc=0
2026-01-26 12:38:02 - orderflow_service - INFO - [ORDERFLOW_SERVICE] Footprint completado: ETHUSDT | time=1769449020000 | trades=2777 | delta=102.9500 | poc=2
2026-01-26 12:38:02 - orderflow_service - INFO - [ORDERFLOW_SERVICE] Footprint completado: XRPUSDT | time=1769449020000 | trades=839 | delta=36416.4000 | poc=0
2026-01-26 12:38:02 - orderflow_service - INFO - [ORDERFLOW_SERVICE] Footprint completado: TRXUSDT | time=1769449020000 | trades=2 | delta=-70.0000 | poc=0
2026-01-26 12:38:02 - orderflow_service - INFO - [ORDERFLOW_SERVICE] Footprint completado: POLUSDT | time=1769449020000 | trades=69 | delta=3010.0000 | poc=0
2026-01-26 12:38:02 - orderflow_service - INFO - [ORDERFLOW_SERVICE] Footprint completado: ADAUSDT | time=1769449020000 | trades=129 | delta=-57133.0000 | poc=0
2026-01-26 12:38:03 - orderflow_service - INFO - [ORDERFLOW_SERVICE] Footprint completado: SUIUSDT | time=1769449020000 | trades=342 | delta=-16150.0000 | poc=21
2026-01-26 12:38:03 - orderflow_service - INFO - [ORDERFLOW_SERVICE] Footprint completado: PAXGUSDT | time=1769449020000 | trades=22 | delta=12.6020 | poc=0
2026-01-26 12:38:07 - orderflow_service - INFO - [ORDERFLOW_SERVICE] Footprint completado: GALAUSDT | time=1769449020000 | trades=49 | delta=-300868.0000 | poc=0
2026-01-26 12:38:12 - orderflow_service - INFO - [ORDERFLOW_SERVICE] Footprint completado: BNBUSDT | time=1769449020000 | trades=96 | delta=11.2500 | poc=1
2026-01-26 12:39:01 - orderflow_service - INFO - [ORDERFLOW_SERVICE] Footprint completado: SOLUSDT | time=1769449080000 | trades=856 | delta=9060.7000 | poc=0
2026-01-26 12:39:01 - orderflow_service - INFO - [ORDERFLOW_SERVICE] Footprint completado: XRPUSDT | time=1769449080000 | trades=432 | delta=8354.9000 | poc=0
2026-01-26 12:39:01 - orderflow_service - INFO - [ORDERFLOW_SERVICE] Footprint completado: ETHUSDT | time=1769449080000 | trades=1007 | delta=34.7600 | poc=0
2026-01-26 12:39:02 - orderflow_service - INFO - [ORDERFLOW_SERVICE] Footprint completado: BTCUSDT | time=1769449080000 | trades=2038 | delta=13.7220 | poc=12
2026-01-26 12:39:02 - orderflow_service - INFO - [ORDERFLOW_SERVICE] Footprint completado: DOGEUSDT | time=1769449080000 | trades=335 | delta=410018.0000 | poc=0
2026-01-26 12:39:02 - orderflow_service - INFO - [ORDERFLOW_SERVICE] Footprint completado: TRBUSDT | time=1769449080000 | trades=8 | delta=3.3000 | poc=6
2026-01-26 12:39:02 - orderflow_service - INFO - [ORDERFLOW_SERVICE] Footprint completado: ADAUSDT | time=1769449080000 | trades=105 | delta=12678.0000 | poc=0
2026-01-26 12:39:02 - orderflow_service - INFO - [ORDERFLOW_SERVICE] Footprint completado: POLUSDT | time=1769449080000 | trades=61 | delta=-31611.0000 | poc=0
2026-01-26 12:39:02 - orderflow_service - INFO - [ORDERFLOW_SERVICE] Footprint completado: SUIUSDT | time=1769449080000 | trades=116 | delta=1830.0000 | poc=2
2026-01-26 12:39:03 - orderflow_service - INFO - [ORDERFLOW_SERVICE] Footprint completado: BNBUSDT | time=1769449080000 | trades=25 | delta=-1.4900 | poc=0
2026-01-26 12:39:03 - orderflow_service - INFO - [ORDERFLOW_SERVICE] Footprint completado: PAXGUSDT | time=1769449080000 | trades=44 | delta=0.9340 | poc=1
2026-01-26 12:39:03 - orderflow_service - INFO - [ORDERFLOW_SERVICE] Footprint completado: TRXUSDT | time=1769449080000 | trades=18 | delta=7854.0000 | poc=0
2026-01-26 12:39:03 - orderflow_service - INFO - [ORDERFLOW_SERVICE] Footprint completado: GALAUSDT | time=1769449080000 | trades=60 | delta=333306.0000 | poc=0
2026-01-26 12:40:01 - orderflow_service - INFO - [ORDERFLOW_SERVICE] Footprint completado: GALAUSDT | time=1769449140000 | trades=143 | delta=1409133.0000 | poc=0
2026-01-26 12:40:01 - orderflow_service - INFO - [ORDERFLOW_SERVICE] Footprint completado: GALAUSDT | time=1769448900000 | trades=487 | delta=793983.0000 | poc=0
2026-01-26 12:40:01 - orderflow_service - INFO - [ORDERFLOW_SERVICE] Footprint completado: SUIUSDT | time=1769449140000 | trades=197 | delta=-5610.0000 | poc=17
2026-01-26 12:40:01 - footprint_calculator - WARNING - Max levels reached for candle 1.4344-1.4424 with step 0.0001
2026-01-26 12:40:01 - orderflow_service - INFO - [ORDERFLOW_SERVICE] Footprint completado: SUIUSDT | time=1769448900000 | trades=1273 | delta=-6760.0000 | poc=49
2026-01-26 12:40:01 - footprint_calculator - WARNING - Max levels reached for candle 87493.5-87564.0 with step 1.0
2026-01-26 12:40:01 - orderflow_service - INFO - [ORDERFLOW_SERVICE] Footprint completado: BTCUSDT | time=1769449140000 | trades=2454 | delta=38.8510 | poc=49
2026-01-26 12:40:01 - footprint_calculator - WARNING - Max levels reached for candle 87209.5-87564.0 with step 1.0
2026-01-26 12:40:02 - orderflow_service - INFO - [ORDERFLOW_SERVICE] Footprint completado: BTCUSDT | time=1769448900000 | trades=12844 | delta=185.4500 | poc=49
2026-01-26 12:40:02 - orderflow_service - INFO - [ORDERFLOW_SERVICE] Footprint completado: ETHUSDT | time=1769449140000 | trades=1905 | delta=-1143.9500 | poc=2
2026-01-26 12:40:02 - orderflow_service - INFO - [ORDERFLOW_SERVICE] Footprint completado: ETHUSDT | time=1769448900000 | trades=10056 | delta=1599.5900 | poc=2
2026-01-26 12:40:02 - orderflow_service - INFO - [ORDERFLOW_SERVICE] Footprint completado: XRPUSDT | time=1769449140000 | trades=424 | delta=-132.2000 | poc=0
2026-01-26 12:40:02 - orderflow_service - INFO - [ORDERFLOW_SERVICE] Footprint completado: XRPUSDT | time=1769448900000 | trades=3905 | delta=86437.5000 | poc=1
2026-01-26 12:40:02 - orderflow_service - INFO - [ORDERFLOW_SERVICE] Footprint completado: POLUSDT | time=1769449140000 | trades=31 | delta=5231.0000 | poc=0
2026-01-26 12:40:02 - orderflow_service - INFO - [ORDERFLOW_SERVICE] Footprint completado: POLUSDT | time=1769448900000 | trades=366 | delta=118.0000 | poc=0
2026-01-26 12:40:02 - orderflow_service - INFO - [ORDERFLOW_SERVICE] Footprint completado: DOGEUSDT | time=1769449140000 | trades=322 | delta=190727.0000 | poc=0
2026-01-26 12:40:02 - orderflow_service - INFO - [ORDERFLOW_SERVICE] Footprint completado: DOGEUSDT | time=1769448900000 | trades=2690 | delta=2635683.0000 | poc=1
2026-01-26 12:40:02 - orderflow_service - INFO - [ORDERFLOW_SERVICE] Footprint completado: SOLUSDT | time=1769449140000 | trades=689 | delta=1787.8000 | poc=0
2026-01-26 12:40:02 - orderflow_service - INFO - [ORDERFLOW_SERVICE] Footprint completado: SOLUSDT | time=1769448900000 | trades=4739 | delta=14987.8000 | poc=1
2026-01-26 12:40:02 - orderflow_service - INFO - [ORDERFLOW_SERVICE] Footprint completado: BNBUSDT | time=1769449140000 | trades=55 | delta=6.5000 | poc=0
2026-01-26 12:40:02 - orderflow_service - INFO - [ORDERFLOW_SERVICE] Footprint completado: BNBUSDT | time=1769448900000 | trades=425 | delta=4.0100 | poc=1
2026-01-26 12:40:02 - orderflow_service - INFO - [ORDERFLOW_SERVICE] Footprint completado: PAXGUSDT | time=1769449140000 | trades=66 | delta=0.9450 | poc=0
2026-01-26 12:40:02 - orderflow_service - INFO - [ORDERFLOW_SERVICE] Footprint completado: PAXGUSDT | time=1769448900000 | trades=226 | delta=16.2070 | poc=4
2026-01-26 12:40:02 - orderflow_service - INFO - [ORDERFLOW_SERVICE] Footprint completado: TRBUSDT | time=1769449140000 | trades=16 | delta=0.7700 | poc=7
2026-01-26 12:40:02 - footprint_calculator - WARNING - Max levels reached for candle 19.494-19.594 with step 0.002
2026-01-26 12:40:02 - orderflow_service - INFO - [ORDERFLOW_SERVICE] Footprint completado: TRBUSDT | time=1769448900000 | trades=51 | delta=9.1500 | poc=39
2026-01-26 12:40:03 - orderflow_service - INFO - [ORDERFLOW_SERVICE] Footprint completado: TRXUSDT | time=1769449140000 | trades=5 | delta=700.0000 | poc=0
2026-01-26 12:40:03 - orderflow_service - INFO - [ORDERFLOW_SERVICE] Footprint completado: TRXUSDT | time=1769448900000 | trades=42 | delta=2857.0000 | poc=0
2026-01-26 12:40:05 - orderflow_service - INFO - [ORDERFLOW_SERVICE] Footprint completado: ADAUSDT | time=1769449140000 | trades=95 | delta=26292.0000 | poc=0
2026-01-26 12:40:05 - orderflow_service - INFO - [ORDERFLOW_SERVICE] Footprint completado: ADAUSDT | time=1769448900000 | trades=774 | delta=184956.0000 | poc=0
2026-01-26 12:41:00 - footprint_calculator - WARNING - Max levels reached for candle 87450.9-87560.1 with step 1.0
2026-01-26 12:41:01 - orderflow_service - INFO - [ORDERFLOW_SERVICE] Footprint completado: BTCUSDT | time=1769449200000 | trades=1626 | delta=-11.5500 | poc=49
2026-01-26 12:41:04 - orderflow_service - WARNING - [ORDERFLOW_SERVICE] Error enviando alerta: All connection attempts failed
2026-01-26 12:41:04 - orderflow_service - INFO - [ORDERFLOW_SERVICE] Footprint completado: SOLUSDT | time=1769449200000 | trades=532 | delta=-5684.4000 | poc=0
2026-01-26 12:41:04 - orderflow_service - INFO - [ORDERFLOW_SERVICE] Footprint completado: SUIUSDT | time=1769449200000 | trades=148 | delta=7960.0000 | poc=15
2026-01-26 12:41:04 - orderflow_service - INFO - [ORDERFLOW_SERVICE] Footprint completado: DOGEUSDT | time=1769449200000 | trades=257 | delta=-629152.0000 | poc=0
2026-01-26 12:41:04 - orderflow_service - INFO - [ORDERFLOW_SERVICE] Footprint completado: POLUSDT | time=1769449200000 | trades=58 | delta=326.0000 | poc=0
2026-01-26 12:41:04 - orderflow_service - INFO - [ORDERFLOW_SERVICE] Footprint completado: XRPUSDT | time=1769449200000 | trades=385 | delta=64688.1000 | poc=0
2026-01-26 12:41:05 - orderflow_service - INFO - [ORDERFLOW_SERVICE] Footprint completado: ETHUSDT | time=1769449200000 | trades=1262 | delta=243.6300 | poc=0
2026-01-26 12:41:05 - orderflow_service - INFO - [ORDERFLOW_SERVICE] Footprint completado: PAXGUSDT | time=1769449200000 | trades=88 | delta=0.6930 | poc=0
2026-01-26 12:41:05 - orderflow_service - INFO - [ORDERFLOW_SERVICE] Footprint completado: BNBUSDT | time=1769449200000 | trades=65 | delta=-68.9200 | poc=0
2026-01-26 12:41:05 - orderflow_service - INFO - [ORDERFLOW_SERVICE] Footprint completado: TRXUSDT | time=1769449200000 | trades=20 | delta=5925.0000 | poc=0
2026-01-26 12:41:05 - orderflow_service - INFO - [ORDERFLOW_SERVICE] Footprint completado: ADAUSDT | time=1769449200000 | trades=107 | delta=9834.0000 | poc=0
2026-01-26 12:41:06 - orderflow_service - INFO - [ORDERFLOW_SERVICE] Footprint completado: TRBUSDT | time=1769449200000 | trades=14 | delta=7.7400 | poc=1
2026-01-26 12:41:06 - orderflow_service - INFO - [ORDERFLOW_SERVICE] Footprint completado: GALAUSDT | time=1769449200000 | trades=78 | delta=-123856.0000 | poc=0
2026-01-26 12:42:01 - orderflow_service - INFO - [ORDERFLOW_SERVICE] Footprint completado: SUIUSDT | time=1769449260000 | trades=100 | delta=-5280.0000 | poc=0
2026-01-26 12:42:01 - orderflow_service - INFO - [ORDERFLOW_SERVICE] Footprint completado: SOLUSDT | time=1769449260000 | trades=210 | delta=-162.3000 | poc=0
2026-01-26 12:42:01 - orderflow_service - INFO - [ORDERFLOW_SERVICE] Footprint completado: DOGEUSDT | time=1769449260000 | trades=106 | delta=-106173.0000 | poc=0
2026-01-26 12:42:01 - orderflow_service - INFO - [ORDERFLOW_SERVICE] Footprint completado: BTCUSDT | time=1769449260000 | trades=415 | delta=-1.4140 | poc=9
2026-01-26 12:42:01 - orderflow_service - INFO - [ORDERFLOW_SERVICE] Footprint completado: ETHUSDT | time=1769449260000 | trades=592 | delta=-64.8500 | poc=1
2026-01-26 12:42:02 - orderflow_service - INFO - [ORDERFLOW_SERVICE] Footprint completado: TRBUSDT | time=1769449260000 | trades=7 | delta=-0.1100 | poc=4
2026-01-26 12:42:02 - orderflow_service - INFO - [ORDERFLOW_SERVICE] Footprint completado: ADAUSDT | time=1769449260000 | trades=50 | delta=-8031.0000 | poc=0
2026-01-26 12:42:02 - orderflow_service - INFO - [ORDERFLOW_SERVICE] Footprint completado: XRPUSDT | time=1769449260000 | trades=287 | delta=-12822.4000 | poc=0
2026-01-26 12:42:02 - orderflow_service - INFO - [ORDERFLOW_SERVICE] Footprint completado: POLUSDT | time=1769449260000 | trades=47 | delta=-2616.0000 | poc=0
2026-01-26 12:42:02 - orderflow_service - INFO - [ORDERFLOW_SERVICE] Footprint completado: PAXGUSDT | time=1769449260000 | trades=135 | delta=0.7400 | poc=3
2026-01-26 12:42:02 - orderflow_service - INFO - [ORDERFLOW_SERVICE] Footprint completado: BNBUSDT | time=1769449260000 | trades=10 | delta=1.4700 | poc=0
2026-01-26 12:42:03 - orderflow_service - INFO - [ORDERFLOW_SERVICE] Footprint completado: TRXUSDT | time=1769449260000 | trades=3 | delta=47.0000 | poc=0
2026-01-26 12:42:04 - orderflow_service - INFO - [ORDERFLOW_SERVICE] Footprint completado: GALAUSDT | time=1769449260000 | trades=48 | delta=98187.0000 | poc=0
2026-01-26 12:43:01 - footprint_calculator - WARNING - Max levels reached for candle 87493.2-87555.4 with step 1.0
2026-01-26 12:43:02 - orderflow_service - INFO - [ORDERFLOW_SERVICE] Footprint completado: BTCUSDT | time=1769449320000 | trades=1077 | delta=-8.2730 | poc=49
2026-01-26 12:43:02 - orderflow_service - INFO - [ORDERFLOW_SERVICE] Footprint completado: ETHUSDT | time=1769449320000 | trades=773 | delta=-24.3700 | poc=1
2026-01-26 12:43:02 - orderflow_service - INFO - [ORDERFLOW_SERVICE] Footprint completado: DOGEUSDT | time=1769449320000 | trades=160 | delta=11533.0000 | poc=0
2026-01-26 12:43:02 - orderflow_service - INFO - [ORDERFLOW_SERVICE] Footprint completado: PAXGUSDT | time=1769449320000 | trades=111 | delta=-0.3300 | poc=5
2026-01-26 12:43:02 - orderflow_service - INFO - [ORDERFLOW_SERVICE] Footprint completado: SOLUSDT | time=1769449320000 | trades=580 | delta=-3095.3000 | poc=0
2026-01-26 12:43:03 - orderflow_service - INFO - [ORDERFLOW_SERVICE] Footprint completado: SUIUSDT | time=1769449320000 | trades=112 | delta=-6600.0000 | poc=1
2026-01-26 12:43:03 - orderflow_service - INFO - [ORDERFLOW_SERVICE] Footprint completado: XRPUSDT | time=1769449320000 | trades=273 | delta=-15370.4000 | poc=0
2026-01-26 12:43:03 - orderflow_service - INFO - [ORDERFLOW_SERVICE] Footprint completado: TRXUSDT | time=1769449320000 | trades=4 | delta=387.0000 | poc=0
2026-01-26 12:43:03 - orderflow_service - INFO - [ORDERFLOW_SERVICE] Footprint completado: BNBUSDT | time=1769449320000 | trades=23 | delta=-36.8600 | poc=0
2026-01-26 12:43:06 - orderflow_service - INFO - [ORDERFLOW_SERVICE] Footprint completado: POLUSDT | time=1769449320000 | trades=36 | delta=10312.0000 | poc=0
2026-01-26 12:43:10 - orderflow_service - INFO - [ORDERFLOW_SERVICE] Footprint completado: GALAUSDT | time=1769449320000 | trades=54 | delta=-38953.0000 | poc=0
2026-01-26 12:43:10 - orderflow_service - INFO - [ORDERFLOW_SERVICE] Footprint completado: TRBUSDT | time=1769449320000 | trades=8 | delta=0.9300 | poc=4
2026-01-26 12:43:15 - orderflow_service - INFO - [ORDERFLOW_SERVICE] Footprint completado: ADAUSDT | time=1769449320000 | trades=90 | delta=32677.0000 | poc=0
2026-01-26 12:44:01 - orderflow_service - INFO - [ORDERFLOW_SERVICE] Footprint completado: GALAUSDT | time=1769449380000 | trades=33 | delta=-559212.0000 | poc=0
2026-01-26 12:44:01 - orderflow_service - INFO - [ORDERFLOW_SERVICE] Footprint completado: XRPUSDT | time=1769449380000 | trades=297 | delta=-62414.9000 | poc=0
2026-01-26 12:44:01 - orderflow_service - INFO - [ORDERFLOW_SERVICE] Footprint completado: ADAUSDT | time=1769449380000 | trades=60 | delta=-20525.0000 | poc=0
2026-01-26 12:44:01 - orderflow_service - INFO - [ORDERFLOW_SERVICE] Footprint completado: DOGEUSDT | time=1769449380000 | trades=97 | delta=-49076.0000 | poc=0
2026-01-26 12:44:02 - orderflow_service - INFO - [ORDERFLOW_SERVICE] Footprint completado: SUIUSDT | time=1769449380000 | trades=46 | delta=-70.0000 | poc=0
2026-01-26 12:44:02 - orderflow_service - INFO - [ORDERFLOW_SERVICE] Footprint completado: TRBUSDT | time=1769449380000 | trades=8 | delta=-5.3000 | poc=3
2026-01-26 12:44:02 - orderflow_service - INFO - [ORDERFLOW_SERVICE] Footprint completado: POLUSDT | time=1769449380000 | trades=41 | delta=-13823.0000 | poc=0
2026-01-26 12:44:02 - orderflow_service - INFO - [ORDERFLOW_SERVICE] Footprint completado: BTCUSDT | time=1769449380000 | trades=734 | delta=-30.8460 | poc=37
2026-01-26 12:44:02 - orderflow_service - INFO - [ORDERFLOW_SERVICE] Footprint completado: ETHUSDT | time=1769449380000 | trades=689 | delta=-256.8600 | poc=0
2026-01-26 12:44:02 - orderflow_service - INFO - [ORDERFLOW_SERVICE] Footprint completado: PAXGUSDT | time=1769449380000 | trades=58 | delta=-1.4070 | poc=2
2026-01-26 12:44:03 - orderflow_service - INFO - [ORDERFLOW_SERVICE] Footprint completado: SOLUSDT | time=1769449380000 | trades=202 | delta=-545.6000 | poc=0
2026-01-26 12:44:03 - orderflow_service - INFO - [ORDERFLOW_SERVICE] Footprint completado: TRXUSDT | time=1769449380000 | trades=5 | delta=-412.0000 | poc=0
2026-01-26 12:44:22 - orderflow_service - INFO - [ORDERFLOW_SERVICE] Footprint completado: BNBUSDT | time=1769449380000 | trades=12 | delta=-2.2300 | poc=0
2026-01-26 12:45:01 - orderflow_service - INFO - [ORDERFLOW_SERVICE] Footprint completado: SUIUSDT | time=1769449440000 | trades=161 | delta=11370.0000 | poc=8
2026-01-26 12:45:01 - orderflow_service - INFO - [ORDERFLOW_SERVICE] Footprint completado: SUIUSDT | time=1769449200000 | trades=567 | delta=7380.0000 | poc=9
2026-01-26 12:45:01 - orderflow_service - INFO - [ORDERFLOW_SERVICE] Footprint completado: PAXGUSDT | time=1769449440000 | trades=48 | delta=14.7280 | poc=0
2026-01-26 12:45:01 - orderflow_service - INFO - [ORDERFLOW_SERVICE] Footprint completado: PAXGUSDT | time=1769449200000 | trades=440 | delta=14.4240 | poc=16
2026-01-26 12:45:01 - orderflow_service - INFO - [ORDERFLOW_SERVICE] Footprint completado: XRPUSDT | time=1769449440000 | trades=363 | delta=-44787.9000 | poc=0
2026-01-26 12:45:02 - orderflow_service - INFO - [ORDERFLOW_SERVICE] Footprint completado: XRPUSDT | time=1769449200000 | trades=1605 | delta=-70707.5000 | poc=0
2026-01-26 12:45:02 - orderflow_service - INFO - [ORDERFLOW_SERVICE] Footprint completado: SOLUSDT | time=1769449440000 | trades=625 | delta=-12342.6000 | poc=0
2026-01-26 12:45:02 - orderflow_service - INFO - [ORDERFLOW_SERVICE] Footprint completado: SOLUSDT | time=1769449200000 | trades=2149 | delta=-21830.2000 | poc=0
2026-01-26 12:45:02 - orderflow_service - INFO - [ORDERFLOW_SERVICE] Footprint completado: BTCUSDT | time=1769449440000 | trades=1096 | delta=0.5350 | poc=29
2026-01-26 12:45:02 - footprint_calculator - WARNING - Max levels reached for candle 87450.9-87560.1 with step 1.0
2026-01-26 12:45:02 - orderflow_service - INFO - [ORDERFLOW_SERVICE] Footprint completado: BTCUSDT | time=1769449200000 | trades=4948 | delta=-51.5480 | poc=49
2026-01-26 12:45:02 - orderflow_service - INFO - [ORDERFLOW_SERVICE] Footprint completado: ETHUSDT | time=1769449440000 | trades=743 | delta=-17.1200 | poc=0
2026-01-26 12:45:02 - orderflow_service - INFO - [ORDERFLOW_SERVICE] Footprint completado: ETHUSDT | time=1769449200000 | trades=4059 | delta=-119.5700 | poc=0
2026-01-26 12:45:02 - orderflow_service - INFO - [ORDERFLOW_SERVICE] Footprint completado: DOGEUSDT | time=1769449440000 | trades=140 | delta=-553414.0000 | poc=0
2026-01-26 12:45:02 - orderflow_service - INFO - [ORDERFLOW_SERVICE] Footprint completado: DOGEUSDT | time=1769449200000 | trades=760 | delta=-1326282.0000 | poc=0
2026-01-26 12:45:02 - orderflow_service - INFO - [ORDERFLOW_SERVICE] Footprint completado: POLUSDT | time=1769449440000 | trades=28 | delta=-2486.0000 | poc=0
2026-01-26 12:45:02 - orderflow_service - INFO - [ORDERFLOW_SERVICE] Footprint completado: POLUSDT | time=1769449200000 | trades=210 | delta=-8287.0000 | poc=0
2026-01-26 12:45:03 - orderflow_service - INFO - [ORDERFLOW_SERVICE] Footprint completado: BNBUSDT | time=1769449440000 | trades=19 | delta=12.6100 | poc=0
2026-01-26 12:45:03 - orderflow_service - INFO - [ORDERFLOW_SERVICE] Footprint completado: BNBUSDT | time=1769449200000 | trades=129 | delta=-93.9300 | poc=0
2026-01-26 12:45:03 - orderflow_service - INFO - [ORDERFLOW_SERVICE] Footprint completado: TRXUSDT | time=1769449440000 | trades=6 | delta=324.0000 | poc=0
2026-01-26 12:45:03 - orderflow_service - INFO - [ORDERFLOW_SERVICE] Footprint completado: TRXUSDT | time=1769449200000 | trades=38 | delta=6271.0000 | poc=0
2026-01-26 12:45:06 - orderflow_service - INFO - [ORDERFLOW_SERVICE] Footprint completado: TRBUSDT | time=1769449440000 | trades=10 | delta=0.6800 | poc=6
2026-01-26 12:45:06 - orderflow_service - INFO - [ORDERFLOW_SERVICE] Footprint completado: TRBUSDT | time=1769449200000 | trades=47 | delta=3.9400 | poc=4
2026-01-26 12:45:06 - orderflow_service - INFO - [ORDERFLOW_SERVICE] Footprint completado: ADAUSDT | time=1769449440000 | trades=73 | delta=-70657.0000 | poc=0
2026-01-26 12:45:06 - orderflow_service - INFO - [ORDERFLOW_SERVICE] Footprint completado: ADAUSDT | time=1769449200000 | trades=380 | delta=-56702.0000 | poc=0
2026-01-26 12:45:11 - orderflow_service - INFO - [ORDERFLOW_SERVICE] Footprint completado: GALAUSDT | time=1769449440000 | trades=62 | delta=412114.0000 | poc=0
2026-01-26 12:45:11 - orderflow_service - INFO - [ORDERFLOW_SERVICE] Footprint completado: GALAUSDT | time=1769449200000 | trades=275 | delta=-211720.0000 | poc=0
2026-01-26 12:46:01 - orderflow_service - INFO - [ORDERFLOW_SERVICE] Footprint completado: ETHUSDT | time=1769449500000 | trades=742 | delta=144.7800 | poc=1
2026-01-26 12:46:01 - orderflow_service - INFO - [ORDERFLOW_SERVICE] Footprint completado: SOLUSDT | time=1769449500000 | trades=360 | delta=441.8000 | poc=0
2026-01-26 12:46:01 - orderflow_service - INFO - [ORDERFLOW_SERVICE] Footprint completado: DOGEUSDT | time=1769449500000 | trades=180 | delta=359780.0000 | poc=0
2026-01-26 12:46:01 - orderflow_service - INFO - [ORDERFLOW_SERVICE] Footprint completado: ADAUSDT | time=1769449500000 | trades=131 | delta=27722.0000 | poc=0
2026-01-26 12:46:02 - orderflow_service - INFO - [ORDERFLOW_SERVICE] Footprint completado: SUIUSDT | time=1769449500000 | trades=201 | delta=-24050.0000 | poc=3
2026-01-26 12:46:02 - orderflow_service - INFO - [ORDERFLOW_SERVICE] Footprint completado: BNBUSDT | time=1769449500000 | trades=35 | delta=5.9200 | poc=0
2026-01-26 12:46:02 - orderflow_service - INFO - [ORDERFLOW_SERVICE] Footprint completado: GALAUSDT | time=1769449500000 | trades=170 | delta=4604729.0000 | poc=0
2026-01-26 12:46:02 - orderflow_service - INFO - [ORDERFLOW_SERVICE] Footprint completado: POLUSDT | time=1769449500000 | trades=82 | delta=24951.0000 | poc=0
2026-01-26 12:46:02 - footprint_calculator - WARNING - Max levels reached for candle 87460.0-87531.5 with step 1.0
2026-01-26 12:46:02 - orderflow_service - INFO - [ORDERFLOW_SERVICE] Footprint completado: BTCUSDT | time=1769449500000 | trades=932 | delta=8.5540 | poc=49
2026-01-26 12:46:02 - orderflow_service - INFO - [ORDERFLOW_SERVICE] Footprint completado: XRPUSDT | time=1769449500000 | trades=289 | delta=-4710.7000 | poc=0
2026-01-26 12:46:03 - orderflow_service - INFO - [ORDERFLOW_SERVICE] Footprint completado: TRBUSDT | time=1769449500000 | trades=13 | delta=-1.1000 | poc=3
2026-01-26 12:46:03 - orderflow_service - INFO - [ORDERFLOW_SERVICE] Footprint completado: PAXGUSDT | time=1769449500000 | trades=134 | delta=17.3560 | poc=0
2026-01-26 12:46:03 - orderflow_service - INFO - [ORDERFLOW_SERVICE] Footprint completado: TRXUSDT | time=1769449500000 | trades=11 | delta=-587.0000 | poc=0
2026-01-26 12:47:01 - orderflow_service - INFO - [ORDERFLOW_SERVICE] Footprint completado: ETHUSDT | time=1769449560000 | trades=809 | delta=85.5300 | poc=1
2026-01-26 12:47:01 - footprint_calculator - WARNING - Max levels reached for candle 87481.7-87537.3 with step 1.0
2026-01-26 12:47:01 - orderflow_service - INFO - [ORDERFLOW_SERVICE] Footprint completado: BTCUSDT | time=1769449560000 | trades=1054 | delta=11.7060 | poc=49
2026-01-26 12:47:01 - orderflow_service - INFO - [ORDERFLOW_SERVICE] Footprint completado: XRPUSDT | time=1769449560000 | trades=319 | delta=-3596.0000 | poc=0
2026-01-26 12:47:01 - orderflow_service - INFO - [ORDERFLOW_SERVICE] Footprint completado: DOGEUSDT | time=1769449560000 | trades=159 | delta=-19287.0000 | poc=0
2026-01-26 12:47:01 - orderflow_service - INFO - [ORDERFLOW_SERVICE] Footprint completado: ADAUSDT | time=1769449560000 | trades=59 | delta=2912.0000 | poc=0
2026-01-26 12:47:02 - orderflow_service - INFO - [ORDERFLOW_SERVICE] Footprint completado: PAXGUSDT | time=1769449560000 | trades=138 | delta=-10.5020 | poc=9
2026-01-26 12:47:05 - orderflow_service - WARNING - [ORDERFLOW_SERVICE] Error enviando alerta: All connection attempts failed
2026-01-26 12:47:05 - orderflow_service - INFO - [ORDERFLOW_SERVICE] Footprint completado: TRXUSDT | time=1769449560000 | trades=28 | delta=-9992.0000 | poc=0
2026-01-26 12:47:05 - orderflow_service - INFO - [ORDERFLOW_SERVICE] Footprint completado: SOLUSDT | time=1769449560000 | trades=474 | delta=1913.4000 | poc=0
2026-01-26 12:47:05 - orderflow_service - INFO - [ORDERFLOW_SERVICE] Footprint completado: POLUSDT | time=1769449560000 | trades=46 | delta=-25772.0000 | poc=0
2026-01-26 12:47:05 - orderflow_service - INFO - [ORDERFLOW_SERVICE] Footprint completado: SUIUSDT | time=1769449560000 | trades=113 | delta=2170.0000 | poc=6
2026-01-26 12:47:05 - orderflow_service - INFO - [ORDERFLOW_SERVICE] Footprint completado: GALAUSDT | time=1769449560000 | trades=44 | delta=19395.0000 | poc=0
2026-01-26 12:47:05 - orderflow_service - INFO - [ORDERFLOW_SERVICE] Footprint completado: BNBUSDT | time=1769449560000 | trades=66 | delta=69.3200 | poc=0
2026-01-26 12:47:10 - orderflow_service - INFO - [ORDERFLOW_SERVICE] Footprint completado: TRBUSDT | time=1769449560000 | trades=14 | delta=-0.4100 | poc=5
2026-01-26 12:48:01 - footprint_calculator - WARNING - Max levels reached for candle 87470.4-87545.1 with step 1.0
2026-01-26 12:48:02 - orderflow_service - INFO - [ORDERFLOW_SERVICE] Footprint completado: BTCUSDT | time=1769449620000 | trades=2145 | delta=13.7240 | poc=49
2026-01-26 12:48:02 - orderflow_service - INFO - [ORDERFLOW_SERVICE] Footprint completado: XRPUSDT | time=1769449620000 | trades=448 | delta=-19275.1000 | poc=0
2026-01-26 12:48:02 - orderflow_service - INFO - [ORDERFLOW_SERVICE] Footprint completado: ETHUSDT | time=1769449620000 | trades=888 | delta=-3.5900 | poc=2
2026-01-26 12:48:02 - orderflow_service - INFO - [ORDERFLOW_SERVICE] Footprint completado: DOGEUSDT | time=1769449620000 | trades=202 | delta=26451.0000 | poc=0
2026-01-26 12:48:02 - orderflow_service - INFO - [ORDERFLOW_SERVICE] Footprint completado: SOLUSDT | time=1769449620000 | trades=396 | delta=1280.5000 | poc=0
2026-01-26 12:48:02 - orderflow_service - INFO - [ORDERFLOW_SERVICE] Footprint completado: SUIUSDT | time=1769449620000 | trades=209 | delta=-5270.0000 | poc=8
2026-01-26 12:48:02 - orderflow_service - INFO - [ORDERFLOW_SERVICE] Footprint completado: GALAUSDT | time=1769449620000 | trades=86 | delta=-633030.0000 | poc=0
2026-01-26 12:48:02 - orderflow_service - INFO - [ORDERFLOW_SERVICE] Footprint completado: PAXGUSDT | time=1769449620000 | trades=107 | delta=0.1670 | poc=0
2026-01-26 12:48:02 - orderflow_service - INFO - [ORDERFLOW_SERVICE] Footprint completado: TRXUSDT | time=1769449620000 | trades=36 | delta=-8633.0000 | poc=0
2026-01-26 12:48:03 - orderflow_service - INFO - [ORDERFLOW_SERVICE] Footprint completado: TRBUSDT | time=1769449620000 | trades=17 | delta=5.4400 | poc=2
2026-01-26 12:48:03 - orderflow_service - INFO - [ORDERFLOW_SERVICE] Footprint completado: BNBUSDT | time=1769449620000 | trades=31 | delta=3.1100 | poc=0
2026-01-26 12:48:04 - orderflow_service - INFO - [ORDERFLOW_SERVICE] Footprint completado: ADAUSDT | time=1769449620000 | trades=120 | delta=-43867.0000 | poc=0
2026-01-26 12:48:04 - orderflow_service - INFO - [ORDERFLOW_SERVICE] Footprint completado: POLUSDT | time=1769449620000 | trades=39 | delta=15331.0000 | poc=0
2026-01-26 12:49:02 - orderflow_service - INFO - [ORDERFLOW_SERVICE] Footprint completado: ETHUSDT | time=1769449680000 | trades=480 | delta=-4.4000 | poc=1
2026-01-26 12:49:02 - orderflow_service - INFO - [ORDERFLOW_SERVICE] Footprint completado: DOGEUSDT | time=1769449680000 | trades=103 | delta=-45009.0000 | poc=0
2026-01-26 12:49:02 - orderflow_service - INFO - [ORDERFLOW_SERVICE] Footprint completado: BTCUSDT | time=1769449680000 | trades=568 | delta=2.7130 | poc=29
2026-01-26 12:49:02 - orderflow_service - INFO - [ORDERFLOW_SERVICE] Footprint completado: SOLUSDT | time=1769449680000 | trades=343 | delta=-3783.8000 | poc=0
2026-01-26 12:49:02 - orderflow_service - INFO - [ORDERFLOW_SERVICE] Footprint completado: XRPUSDT | time=1769449680000 | trades=164 | delta=24940.8000 | poc=0
2026-01-26 12:49:02 - orderflow_service - INFO - [ORDERFLOW_SERVICE] Footprint completado: TRXUSDT | time=1769449680000 | trades=28 | delta=-8430.0000 | poc=0
2026-01-26 12:49:02 - orderflow_service - INFO - [ORDERFLOW_SERVICE] Footprint completado: PAXGUSDT | time=1769449680000 | trades=105 | delta=-5.6890 | poc=3
2026-01-26 12:49:03 - orderflow_service - INFO - [ORDERFLOW_SERVICE] Footprint completado: SUIUSDT | time=1769449680000 | trades=69 | delta=690.0000 | poc=0
2026-01-26 12:49:03 - orderflow_service - INFO - [ORDERFLOW_SERVICE] Footprint completado: ADAUSDT | time=1769449680000 | trades=62 | delta=-1935.0000 | poc=0
2026-01-26 12:49:03 - orderflow_service - INFO - [ORDERFLOW_SERVICE] Footprint completado: TRBUSDT | time=1769449680000 | trades=8 | delta=0.0500 | poc=1
2026-01-26 12:49:03 - orderflow_service - INFO - [ORDERFLOW_SERVICE] Footprint completado: BNBUSDT | time=1769449680000 | trades=19 | delta=2.0600 | poc=0
2026-01-26 12:49:04 - orderflow_service - INFO - [ORDERFLOW_SERVICE] Footprint completado: GALAUSDT | time=1769449680000 | trades=34 | delta=71637.0000 | poc=0
2026-01-26 12:49:12 - orderflow_service - INFO - [ORDERFLOW_SERVICE] Footprint completado: POLUSDT | time=1769449680000 | trades=21 | delta=7930.0000 | poc=0
2026-01-26 12:50:01 - orderflow_service - INFO - [ORDERFLOW_SERVICE] Footprint completado: SOLUSDT | time=1769449740000 | trades=316 | delta=-321.6000 | poc=0
2026-01-26 12:50:01 - orderflow_service - INFO - [ORDERFLOW_SERVICE] Footprint completado: SOLUSDT | time=1769449500000 | trades=1889 | delta=-469.7000 | poc=0
2026-01-26 12:50:01 - orderflow_service - INFO - [ORDERFLOW_SERVICE] Footprint completado: ETHUSDT | time=1769449740000 | trades=990 | delta=127.4800 | poc=1
2026-01-26 12:50:01 - orderflow_service - INFO - [ORDERFLOW_SERVICE] Footprint completado: ETHUSDT | time=1769449500000 | trades=3909 | delta=349.8000 | poc=1
2026-01-26 12:50:01 - orderflow_service - INFO - [ORDERFLOW_SERVICE] Footprint completado: BTCUSDT | time=1769449740000 | trades=815 | delta=0.0560 | poc=21
2026-01-26 12:50:01 - footprint_calculator - WARNING - Max levels reached for candle 87460.0-87569.3 with step 1.0
2026-01-26 12:50:02 - orderflow_service - INFO - [ORDERFLOW_SERVICE] Footprint completado: BTCUSDT | time=1769449500000 | trades=5514 | delta=36.7530 | poc=49
2026-01-26 12:50:02 - orderflow_service - INFO - [ORDERFLOW_SERVICE] Footprint completado: XRPUSDT | time=1769449740000 | trades=392 | delta=-13299.8000 | poc=0
2026-01-26 12:50:02 - orderflow_service - INFO - [ORDERFLOW_SERVICE] Footprint completado: XRPUSDT | time=1769449500000 | trades=1612 | delta=-15940.8000 | poc=0
2026-01-26 12:50:02 - orderflow_service - INFO - [ORDERFLOW_SERVICE] Footprint completado: DOGEUSDT | time=1769449740000 | trades=121 | delta=-27673.0000 | poc=0
2026-01-26 12:50:02 - orderflow_service - INFO - [ORDERFLOW_SERVICE] Footprint completado: DOGEUSDT | time=1769449500000 | trades=765 | delta=294262.0000 | poc=0
2026-01-26 12:50:02 - orderflow_service - INFO - [ORDERFLOW_SERVICE] Footprint completado: BNBUSDT | time=1769449740000 | trades=29 | delta=-0.9800 | poc=0
2026-01-26 12:50:02 - orderflow_service - INFO - [ORDERFLOW_SERVICE] Footprint completado: BNBUSDT | time=1769449500000 | trades=180 | delta=79.4300 | poc=0
2026-01-26 12:50:02 - orderflow_service - INFO - [ORDERFLOW_SERVICE] Footprint completado: SUIUSDT | time=1769449740000 | trades=94 | delta=-1330.0000 | poc=10
2026-01-26 12:50:02 - orderflow_service - INFO - [ORDERFLOW_SERVICE] Footprint completado: SUIUSDT | time=1769449500000 | trades=686 | delta=-27790.0000 | poc=11
2026-01-26 12:50:02 - orderflow_service - INFO - [ORDERFLOW_SERVICE] Footprint completado: ADAUSDT | time=1769449740000 | trades=69 | delta=-20105.0000 | poc=0
2026-01-26 12:50:02 - orderflow_service - INFO - [ORDERFLOW_SERVICE] Footprint completado: ADAUSDT | time=1769449500000 | trades=441 | delta=-35273.0000 | poc=0
2026-01-26 12:50:03 - orderflow_service - INFO - [ORDERFLOW_SERVICE] Footprint completado: TRBUSDT | time=1769449740000 | trades=15 | delta=-0.3200 | poc=2
2026-01-26 12:50:03 - orderflow_service - INFO - [ORDERFLOW_SERVICE] Footprint completado: TRBUSDT | time=1769449500000 | trades=67 | delta=3.6600 | poc=30
2026-01-26 12:50:03 - orderflow_service - INFO - [ORDERFLOW_SERVICE] Footprint completado: PAXGUSDT | time=1769449740000 | trades=40 | delta=-0.7400 | poc=1
2026-01-26 12:50:03 - orderflow_service - INFO - [ORDERFLOW_SERVICE] Footprint completado: PAXGUSDT | time=1769449500000 | trades=524 | delta=0.5920 | poc=4
2026-01-26 12:50:03 - orderflow_service - INFO - [ORDERFLOW_SERVICE] Footprint completado: TRXUSDT | time=1769449740000 | trades=13 | delta=-2190.0000 | poc=0
2026-01-26 12:50:03 - orderflow_service - INFO - [ORDERFLOW_SERVICE] Footprint completado: TRXUSDT | time=1769449500000 | trades=116 | delta=-29832.0000 | poc=0
2026-01-26 12:50:15 - orderflow_service - INFO - [ORDERFLOW_SERVICE] Footprint completado: GALAUSDT | time=1769449740000 | trades=24 | delta=-348011.0000 | poc=0
2026-01-26 12:50:15 - orderflow_service - INFO - [ORDERFLOW_SERVICE] Footprint completado: GALAUSDT | time=1769449500000 | trades=358 | delta=3714720.0000 | poc=0
2026-01-26 12:50:26 - orderflow_service - INFO - [ORDERFLOW_SERVICE] Footprint completado: POLUSDT | time=1769449740000 | trades=18 | delta=-7658.0000 | poc=0
2026-01-26 12:50:26 - orderflow_service - INFO - [ORDERFLOW_SERVICE] Footprint completado: POLUSDT | time=1769449500000 | trades=206 | delta=14782.0000 | poc=0
2026-01-26 12:51:01 - orderflow_service - INFO - [ORDERFLOW_SERVICE] Footprint completado: ETHUSDT | time=1769449800000 | trades=774 | delta=18.2200 | poc=1
2026-01-26 12:51:01 - orderflow_service - INFO - [ORDERFLOW_SERVICE] Footprint completado: SOLUSDT | time=1769449800000 | trades=328 | delta=1035.7000 | poc=0
2026-01-26 12:51:01 - footprint_calculator - WARNING - Max levels reached for candle 87510.2-87569.3 with step 1.0
2026-01-26 12:51:02 - orderflow_service - INFO - [ORDERFLOW_SERVICE] Footprint completado: BTCUSDT | time=1769449800000 | trades=819 | delta=5.5330 | poc=49
2026-01-26 12:51:02 - orderflow_service - INFO - [ORDERFLOW_SERVICE] Footprint completado: XRPUSDT | time=1769449800000 | trades=337 | delta=-6800.6000 | poc=0
2026-01-26 12:51:02 - orderflow_service - INFO - [ORDERFLOW_SERVICE] Footprint completado: DOGEUSDT | time=1769449800000 | trades=102 | delta=32573.0000 | poc=1
2026-01-26 12:51:02 - orderflow_service - INFO - [ORDERFLOW_SERVICE] Footprint completado: TRBUSDT | time=1769449800000 | trades=13 | delta=-1.5000 | poc=2
2026-01-26 12:51:02 - orderflow_service - INFO - [ORDERFLOW_SERVICE] Footprint completado: PAXGUSDT | time=1769449800000 | trades=90 | delta=3.5050 | poc=1
2026-01-26 12:51:05 - orderflow_service - WARNING - [ORDERFLOW_SERVICE] Error enviando alerta: All connection attempts failed
2026-01-26 12:51:05 - orderflow_service - INFO - [ORDERFLOW_SERVICE] Footprint completado: TRXUSDT | time=1769449800000 | trades=25 | delta=-6167.0000 | poc=0
2026-01-26 12:51:05 - orderflow_service - INFO - [ORDERFLOW_SERVICE] Footprint completado: POLUSDT | time=1769449800000 | trades=35 | delta=31007.0000 | poc=0
2026-01-26 12:51:05 - orderflow_service - INFO - [ORDERFLOW_SERVICE] Footprint completado: GALAUSDT | time=1769449800000 | trades=20 | delta=63385.0000 | poc=0
2026-01-26 12:51:05 - orderflow_service - INFO - [ORDERFLOW_SERVICE] Footprint completado: BNBUSDT | time=1769449800000 | trades=32 | delta=7.7100 | poc=1
2026-01-26 12:51:06 - orderflow_service - INFO - [ORDERFLOW_SERVICE] Footprint completado: SUIUSDT | time=1769449800000 | trades=109 | delta=3210.0000 | poc=7
2026-01-26 12:51:06 - orderflow_service - INFO - [ORDERFLOW_SERVICE] Footprint completado: ADAUSDT | time=1769449800000 | trades=40 | delta=4532.0000 | poc=0
2026-01-26 12:52:00 - orderflow_service - INFO - [ORDERFLOW_SERVICE] Footprint completado: SOLUSDT | time=1769449860000 | trades=1274 | delta=7745.8000 | poc=0
2026-01-26 12:52:00 - footprint_calculator - WARNING - Max levels reached for candle 87566.0-87655.8 with step 1.0
2026-01-26 12:52:01 - orderflow_service - INFO - [ORDERFLOW_SERVICE] Footprint completado: BTCUSDT | time=1769449860000 | trades=1989 | delta=17.1660 | poc=49
2026-01-26 12:52:04 - orderflow_service - WARNING - [ORDERFLOW_SERVICE] Error enviando alerta: All connection attempts failed
2026-01-26 12:52:04 - orderflow_service - INFO - [ORDERFLOW_SERVICE] Footprint completado: ETHUSDT | time=1769449860000 | trades=2191 | delta=1147.4500 | poc=2
2026-01-26 12:52:07 - orderflow_service - WARNING - [ORDERFLOW_SERVICE] Error enviando alerta: All connection attempts failed
2026-01-26 12:52:07 - orderflow_service - INFO - [ORDERFLOW_SERVICE] Footprint completado: PAXGUSDT | time=1769449860000 | trades=62 | delta=-0.2480 | poc=3
2026-01-26 12:52:07 - orderflow_service - INFO - [ORDERFLOW_SERVICE] Footprint completado: POLUSDT | time=1769449860000 | trades=169 | delta=245095.0000 | poc=0
2026-01-26 12:52:07 - orderflow_service - INFO - [ORDERFLOW_SERVICE] Footprint completado: GALAUSDT | time=1769449860000 | trades=109 | delta=23002.0000 | poc=0
2026-01-26 12:52:08 - orderflow_service - INFO - [ORDERFLOW_SERVICE] Footprint completado: SUIUSDT | time=1769449860000 | trades=174 | delta=3790.0000 | poc=4
2026-01-26 12:52:11 - orderflow_service - WARNING - [ORDERFLOW_SERVICE] Error enviando alerta: All connection attempts failed
2026-01-26 12:52:11 - orderflow_service - INFO - [ORDERFLOW_SERVICE] Footprint completado: XRPUSDT | time=1769449860000 | trades=626 | delta=39152.6000 | poc=0
2026-01-26 12:52:11 - orderflow_service - INFO - [ORDERFLOW_SERVICE] Footprint completado: ADAUSDT | time=1769449860000 | trades=84 | delta=46606.0000 | poc=0
2026-01-26 12:52:11 - orderflow_service - INFO - [ORDERFLOW_SERVICE] Footprint completado: DOGEUSDT | time=1769449860000 | trades=231 | delta=38478.0000 | poc=0
2026-01-26 12:52:11 - orderflow_service - INFO - [ORDERFLOW_SERVICE] Footprint completado: TRBUSDT | time=1769449860000 | trades=8 | delta=-0.1500 | poc=3
2026-01-26 12:52:11 - orderflow_service - INFO - [ORDERFLOW_SERVICE] Footprint completado: BNBUSDT | time=1769449860000 | trades=254 | delta=361.1300 | poc=1
2026-01-26 12:52:11 - orderflow_service - INFO - [ORDERFLOW_SERVICE] Footprint completado: TRXUSDT | time=1769449860000 | trades=20 | delta=8965.0000 | poc=0
2026-01-26 12:53:01 - orderflow_service - INFO - [ORDERFLOW_SERVICE] Footprint completado: SUIUSDT | time=1769449920000 | trades=285 | delta=19650.0000 | poc=23
2026-01-26 12:53:01 - orderflow_service - INFO - [ORDERFLOW_SERVICE] Footprint completado: DOGEUSDT | time=1769449920000 | trades=433 | delta=328967.0000 | poc=0
2026-01-26 12:53:01 - footprint_calculator - WARNING - Max levels reached for candle 87622.8-87714.9 with step 1.0
2026-01-26 12:53:01 - orderflow_service - INFO - [ORDERFLOW_SERVICE] Footprint completado: BTCUSDT | time=1769449920000 | trades=2591 | delta=48.2870 | poc=49
2026-01-26 12:53:01 - orderflow_service - INFO - [ORDERFLOW_SERVICE] Footprint completado: SOLUSDT | time=1769449920000 | trades=914 | delta=4681.2000 | poc=0
2026-01-26 12:53:01 - orderflow_service - INFO - [ORDERFLOW_SERVICE] Footprint completado: ETHUSDT | time=1769449920000 | trades=2037 | delta=1066.3000 | poc=1
2026-01-26 12:53:01 - orderflow_service - INFO - [ORDERFLOW_SERVICE] Footprint completado: GALAUSDT | time=1769449920000 | trades=163 | delta=1094487.0000 | poc=0
2026-01-26 12:53:01 - orderflow_service - INFO - [ORDERFLOW_SERVICE] Footprint completado: XRPUSDT | time=1769449920000 | trades=1115 | delta=225033.9000 | poc=1
2026-01-26 12:53:02 - orderflow_service - INFO - [ORDERFLOW_SERVICE] Footprint completado: BNBUSDT | time=1769449920000 | trades=81 | delta=47.3900 | poc=0
2026-01-26 12:53:02 - orderflow_service - INFO - [ORDERFLOW_SERVICE] Footprint completado: TRXUSDT | time=1769449920000 | trades=31 | delta=7959.0000 | poc=0
2026-01-26 12:53:03 - orderflow_service - INFO - [ORDERFLOW_SERVICE] Footprint completado: ADAUSDT | time=1769449920000 | trades=321 | delta=230790.0000 | poc=0
2026-01-26 12:53:03 - orderflow_service - INFO - [ORDERFLOW_SERVICE] Footprint completado: POLUSDT | time=1769449920000 | trades=95 | delta=19188.0000 | poc=0
2026-01-26 12:53:03 - orderflow_service - INFO - [ORDERFLOW_SERVICE] Footprint completado: PAXGUSDT | time=1769449920000 | trades=60 | delta=-0.4200 | poc=1
2026-01-26 12:53:05 - orderflow_service - INFO - [ORDERFLOW_SERVICE] Footprint completado: TRBUSDT | time=1769449920000 | trades=8 | delta=2.5300 | poc=11
2026-01-26 12:54:01 - orderflow_service - INFO - [ORDERFLOW_SERVICE] Footprint completado: BTCUSDT | time=1769449980000 | trades=1708 | delta=20.6950 | poc=43
2026-01-26 12:54:01 - orderflow_service - INFO - [ORDERFLOW_SERVICE] Footprint completado: ETHUSDT | time=1769449980000 | trades=1350 | delta=413.2400 | poc=0
2026-01-26 12:54:01 - orderflow_service - INFO - [ORDERFLOW_SERVICE] Footprint completado: BNBUSDT | time=1769449980000 | trades=31 | delta=3.4100 | poc=0
2026-01-26 12:54:02 - orderflow_service - INFO - [ORDERFLOW_SERVICE] Footprint completado: TRBUSDT | time=1769449980000 | trades=17 | delta=-2.4400 | poc=2
2026-01-26 12:54:02 - orderflow_service - INFO - [ORDERFLOW_SERVICE] Footprint completado: XRPUSDT | time=1769449980000 | trades=490 | delta=-4600.1000 | poc=1
2026-01-26 12:54:02 - orderflow_service - INFO - [ORDERFLOW_SERVICE] Footprint completado: SOLUSDT | time=1769449980000 | trades=472 | delta=-1561.3000 | poc=0
2026-01-26 12:54:02 - orderflow_service - INFO - [ORDERFLOW_SERVICE] Footprint completado: TRXUSDT | time=1769449980000 | trades=4 | delta=-149.0000 | poc=0
2026-01-26 12:54:03 - orderflow_service - INFO - [ORDERFLOW_SERVICE] Footprint completado: PAXGUSDT | time=1769449980000 | trades=33 | delta=0.0670 | poc=3
2026-01-26 12:54:03 - orderflow_service - INFO - [ORDERFLOW_SERVICE] Footprint completado: SUIUSDT | time=1769449980000 | trades=202 | delta=1690.0000 | poc=6
2026-01-26 12:54:03 - orderflow_service - INFO - [ORDERFLOW_SERVICE] Footprint completado: DOGEUSDT | time=1769449980000 | trades=201 | delta=114375.0000 | poc=0
2026-01-26 12:54:03 - orderflow_service - INFO - [ORDERFLOW_SERVICE] Footprint completado: GALAUSDT | time=1769449980000 | trades=73 | delta=296349.0000 | poc=0
2026-01-26 12:54:07 - orderflow_service - INFO - [ORDERFLOW_SERVICE] Footprint completado: ADAUSDT | time=1769449980000 | trades=68 | delta=33282.0000 | poc=0
2026-01-26 12:54:10 - orderflow_service - INFO - [ORDERFLOW_SERVICE] Footprint completado: POLUSDT | time=1769449980000 | trades=61 | delta=-950.0000 | poc=0
2026-01-26 12:55:00 - orderflow_service - INFO - [ORDERFLOW_SERVICE] Footprint completado: POLUSDT | time=1769450040000 | trades=31 | delta=15771.0000 | poc=0
2026-01-26 12:55:00 - orderflow_service - INFO - [ORDERFLOW_SERVICE] Footprint completado: POLUSDT | time=1769449800000 | trades=391 | delta=310111.0000 | poc=0
2026-01-26 12:55:01 - orderflow_service - INFO - [ORDERFLOW_SERVICE] Footprint completado: ETHUSDT | time=1769450040000 | trades=968 | delta=-42.9500 | poc=0
2026-01-26 12:55:01 - orderflow_service - INFO - [ORDERFLOW_SERVICE] Footprint completado: ETHUSDT | time=1769449800000 | trades=7320 | delta=2602.2600 | poc=5
2026-01-26 12:55:01 - orderflow_service - INFO - [ORDERFLOW_SERVICE] Footprint completado: DOGEUSDT | time=1769450040000 | trades=146 | delta=49531.0000 | poc=0
2026-01-26 12:55:01 - orderflow_service - INFO - [ORDERFLOW_SERVICE] Footprint completado: DOGEUSDT | time=1769449800000 | trades=1113 | delta=563924.0000 | poc=1
2026-01-26 12:55:01 - orderflow_service - INFO - [ORDERFLOW_SERVICE] Footprint completado: SOLUSDT | time=1769450040000 | trades=458 | delta=4891.1000 | poc=0
2026-01-26 12:55:01 - orderflow_service - INFO - [ORDERFLOW_SERVICE] Footprint completado: SOLUSDT | time=1769449800000 | trades=3446 | delta=16792.5000 | poc=1
2026-01-26 12:55:02 - orderflow_service - INFO - [ORDERFLOW_SERVICE] Footprint completado: BTCUSDT | time=1769450040000 | trades=637 | delta=12.8920 | poc=20
2026-01-26 12:55:02 - footprint_calculator - WARNING - Max levels reached for candle 87510.2-87714.9 with step 1.0
2026-01-26 12:55:02 - orderflow_service - INFO - [ORDERFLOW_SERVICE] Footprint completado: BTCUSDT | time=1769449800000 | trades=7744 | delta=104.5730 | poc=49
2026-01-26 12:55:02 - orderflow_service - INFO - [ORDERFLOW_SERVICE] Footprint completado: XRPUSDT | time=1769450040000 | trades=211 | delta=-12973.6000 | poc=0
2026-01-26 12:55:02 - orderflow_service - INFO - [ORDERFLOW_SERVICE] Footprint completado: XRPUSDT | time=1769449800000 | trades=2779 | delta=239812.2000 | poc=1
2026-01-26 12:55:02 - orderflow_service - INFO - [ORDERFLOW_SERVICE] Footprint completado: SUIUSDT | time=1769450040000 | trades=107 | delta=-2760.0000 | poc=2
2026-01-26 12:55:05 - orderflow_service - WARNING - [ORDERFLOW_SERVICE] Error enviando alerta: All connection attempts failed
2026-01-26 12:55:05 - footprint_calculator - WARNING - Max levels reached for candle 1.4379-1.4445 with step 0.0001
2026-01-26 12:55:05 - orderflow_service - INFO - [ORDERFLOW_SERVICE] Footprint completado: SUIUSDT | time=1769449800000 | trades=877 | delta=25580.0000 | poc=49
2026-01-26 12:55:05 - orderflow_service - INFO - [ORDERFLOW_SERVICE] Footprint completado: PAXGUSDT | time=1769450040000 | trades=22 | delta=2.5010 | poc=0
2026-01-26 12:55:05 - orderflow_service - INFO - [ORDERFLOW_SERVICE] Footprint completado: PAXGUSDT | time=1769449800000 | trades=267 | delta=5.4050 | poc=5
2026-01-26 12:55:06 - orderflow_service - INFO - [ORDERFLOW_SERVICE] Footprint completado: GALAUSDT | time=1769450040000 | trades=35 | delta=143788.0000 | poc=0
2026-01-26 12:55:06 - orderflow_service - INFO - [ORDERFLOW_SERVICE] Footprint completado: GALAUSDT | time=1769449800000 | trades=400 | delta=1621011.0000 | poc=0
2026-01-26 12:55:06 - orderflow_service - INFO - [ORDERFLOW_SERVICE] Footprint completado: ADAUSDT | time=1769450040000 | trades=62 | delta=98193.0000 | poc=0
2026-01-26 12:55:06 - orderflow_service - INFO - [ORDERFLOW_SERVICE] Footprint completado: ADAUSDT | time=1769449800000 | trades=575 | delta=413403.0000 | poc=0
2026-01-26 12:55:06 - orderflow_service - INFO - [ORDERFLOW_SERVICE] Footprint completado: TRXUSDT | time=1769450040000 | trades=9 | delta=-129.0000 | poc=0
2026-01-26 12:55:06 - orderflow_service - INFO - [ORDERFLOW_SERVICE] Footprint completado: TRXUSDT | time=1769449800000 | trades=89 | delta=10479.0000 | poc=0
2026-01-26 12:55:06 - orderflow_service - INFO - [ORDERFLOW_SERVICE] Footprint completado: BNBUSDT | time=1769450040000 | trades=20 | delta=-0.7700 | poc=0
2026-01-26 12:55:06 - orderflow_service - INFO - [ORDERFLOW_SERVICE] Footprint completado: BNBUSDT | time=1769449800000 | trades=418 | delta=418.8700 | poc=2
2026-01-26 12:55:09 - orderflow_service - WARNING - [ORDERFLOW_SERVICE] Error enviando alerta: All connection attempts failed
2026-01-26 12:55:13 - orderflow_service - INFO - [ORDERFLOW_SERVICE] Footprint completado: TRBUSDT | time=1769450040000 | trades=11 | delta=1.0500 | poc=4
2026-01-26 12:55:13 - orderflow_service - INFO - [ORDERFLOW_SERVICE] Footprint completado: TRBUSDT | time=1769449800000 | trades=57 | delta=-0.5100 | poc=24
2026-01-26 12:56:01 - orderflow_service - INFO - [ORDERFLOW_SERVICE] Footprint completado: SOLUSDT | time=1769450100000 | trades=552 | delta=1679.1000 | poc=0
2026-01-26 12:56:01 - orderflow_service - INFO - [ORDERFLOW_SERVICE] Footprint completado: SUIUSDT | time=1769450100000 | trades=103 | delta=1900.0000 | poc=4
2026-01-26 12:56:01 - orderflow_service - INFO - [ORDERFLOW_SERVICE] Footprint completado: XRPUSDT | time=1769450100000 | trades=291 | delta=-16660.2000 | poc=0
2026-01-26 12:56:01 - orderflow_service - INFO - [ORDERFLOW_SERVICE] Footprint completado: DOGEUSDT | time=1769450100000 | trades=163 | delta=-11460.0000 | poc=0
2026-01-26 12:56:01 - footprint_calculator - WARNING - Max levels reached for candle 87620.1-87692.5 with step 1.0
2026-01-26 12:56:02 - orderflow_service - INFO - [ORDERFLOW_SERVICE] Footprint completado: BTCUSDT | time=1769450100000 | trades=1334 | delta=-25.0810 | poc=30
2026-01-26 12:56:02 - orderflow_service - INFO - [ORDERFLOW_SERVICE] Footprint completado: ETHUSDT | time=1769450100000 | trades=694 | delta=-12.8300 | poc=1
2026-01-26 12:56:02 - orderflow_service - INFO - [ORDERFLOW_SERVICE] Footprint completado: ADAUSDT | time=1769450100000 | trades=107 | delta=16932.0000 | poc=0
2026-01-26 12:56:02 - orderflow_service - INFO - [ORDERFLOW_SERVICE] Footprint completado: GALAUSDT | time=1769450100000 | trades=46 | delta=214196.0000 | poc=0
2026-01-26 12:56:03 - orderflow_service - INFO - [ORDERFLOW_SERVICE] Footprint completado: TRBUSDT | time=1769450100000 | trades=7 | delta=2.6300 | poc=0
2026-01-26 12:56:03 - orderflow_service - INFO - [ORDERFLOW_SERVICE] Footprint completado: TRXUSDT | time=1769450100000 | trades=19 | delta=-166.0000 | poc=0
2026-01-26 12:56:03 - orderflow_service - INFO - [ORDERFLOW_SERVICE] Footprint completado: BNBUSDT | time=1769450100000 | trades=35 | delta=3.5000 | poc=0
2026-01-26 12:56:03 - orderflow_service - INFO - [ORDERFLOW_SERVICE] Footprint completado: PAXGUSDT | time=1769450100000 | trades=100 | delta=-10.9460 | poc=2
2026-01-26 12:56:03 - orderflow_service - INFO - [ORDERFLOW_SERVICE] Footprint completado: POLUSDT | time=1769450100000 | trades=35 | delta=-8826.0000 | poc=0
2026-01-26 12:57:01 - orderflow_service - INFO - [ORDERFLOW_SERVICE] Footprint completado: SOLUSDT | time=1769450160000 | trades=494 | delta=2270.2000 | poc=0
2026-01-26 12:57:01 - orderflow_service - INFO - [ORDERFLOW_SERVICE] Footprint completado: DOGEUSDT | time=1769450160000 | trades=215 | delta=195451.0000 | poc=0
2026-01-26 12:57:01 - orderflow_service - INFO - [ORDERFLOW_SERVICE] Footprint completado: ETHUSDT | time=1769450160000 | trades=810 | delta=56.5600 | poc=2
2026-01-26 12:57:01 - orderflow_service - INFO - [ORDERFLOW_SERVICE] Footprint completado: XRPUSDT | time=1769450160000 | trades=312 | delta=-17857.5000 | poc=1
2026-01-26 12:57:01 - orderflow_service - INFO - [ORDERFLOW_SERVICE] Footprint completado: PAXGUSDT | time=1769450160000 | trades=64 | delta=0.9290 | poc=0
2026-01-26 12:57:01 - footprint_calculator - WARNING - Max levels reached for candle 87616.1-87700.0 with step 1.0
2026-01-26 12:57:02 - orderflow_service - INFO - [ORDERFLOW_SERVICE] Footprint completado: BTCUSDT | time=1769450160000 | trades=671 | delta=-1.8120 | poc=49
2026-01-26 12:57:02 - orderflow_service - INFO - [ORDERFLOW_SERVICE] Footprint completado: SUIUSDT | time=1769450160000 | trades=170 | delta=2790.0000 | poc=24
2026-01-26 12:57:02 - orderflow_service - INFO - [ORDERFLOW_SERVICE] Footprint completado: ADAUSDT | time=1769450160000 | trades=52 | delta=11891.0000 | poc=0
2026-01-26 12:57:02 - orderflow_service - INFO - [ORDERFLOW_SERVICE] Footprint completado: POLUSDT | time=1769450160000 | trades=33 | delta=1842.0000 | poc=0
2026-01-26 12:57:02 - orderflow_service - INFO - [ORDERFLOW_SERVICE] Footprint completado: TRXUSDT | time=1769450160000 | trades=20 | delta=7796.0000 | poc=0
2026-01-26 12:57:02 - orderflow_service - INFO - [ORDERFLOW_SERVICE] Footprint completado: GALAUSDT | time=1769450160000 | trades=111 | delta=957853.0000 | poc=0
2026-01-26 12:57:03 - orderflow_service - INFO - [ORDERFLOW_SERVICE] Footprint completado: BNBUSDT | time=1769450160000 | trades=64 | delta=11.5700 | poc=1
2026-01-26 12:57:23 - orderflow_service - INFO - [ORDERFLOW_SERVICE] Footprint completado: TRBUSDT | time=1769450160000 | trades=9 | delta=-0.8500 | poc=18
