2026-02-10 19:55:16 - zone_v2_alerts - INFO - ZONE_BUILDING | BACKTEST | #7 | 02/10 11:02 - 02/10 11:09 | bars=8
2026-02-10 19:55:16 - zone_v2_alerts - INFO - ZONE_COMPLETE | BACKTEST | #zv2_BACKTEST_7 | 02/10 11:02 - 02/10 11:32 | bars=31 | range=68801.00-68975.70 | POC=68937.85 | VAH=68964.05 | VAL=68865.06
2026-02-10 19:55:16 - zone_v2_alerts - INFO - SL_MODE_POC | BACKTEST | POC=68937.85 | dist=85.55 | buffer=50% | SL=68895.07
2026-02-10 19:55:16 - zone_v2_alerts - INFO - BLOCKED_SEQUENTIAL | BACKTEST | zv2_BACKTEST_7 | UP | open_trades=1
2026-02-10 19:55:16 - zone_v2_alerts - INFO - ZONE_BUILDING | BACKTEST | #8 | 02/10 11:34 - 02/10 11:41 | bars=8
2026-02-10 19:55:16 - zone_v2_alerts - INFO - ZONE_COMPLETE | BACKTEST | #zv2_BACKTEST_8 | 02/10 11:34 - 02/10 11:41 | bars=8 | range=68835.90-69047.20 | POC=69008.46 | VAH=69040.16 | VAL=68934.51
2026-02-10 19:55:16 - zone_v2_alerts - INFO - SL_MODE_POC | BACKTEST | POC=69008.46 | dist=377.36 | buffer=50% | SL=69197.14
2026-02-10 19:55:16 - zone_v2_alerts - INFO - BLOCKED_SEQUENTIAL | BACKTEST | zv2_BACKTEST_8 | DOWN | open_trades=1
2026-02-10 19:55:16 - zone_v2_alerts - INFO - WIN | BACKTEST | zv2_BACKTEST_6 | DOWN | pnl=+1R
2026-02-10 19:55:16 - zone_v2_alerts - INFO - ZONE_BUILDING | BACKTEST | #9 | 02/10 12:26 - 02/10 12:33 | bars=8
2026-02-10 19:55:16 - zone_v2_alerts - INFO - ZONE_COMPLETE | BACKTEST | #zv2_BACKTEST_9 | 02/10 12:26 - 02/10 13:31 | bars=66 | range=68286.20-68819.90 | POC=68490.79 | VAH=68659.79 | VAL=68428.52
2026-02-10 19:55:16 - zone_v2_alerts - INFO - SL_MODE_POC | BACKTEST | POC=68490.79 | dist=496.32 | buffer=50% | SL=68242.63
2026-02-10 19:55:16 - zone_v2_alerts - INFO - BREAKOUT | BACKTEST | zv2_BACKTEST_9 | UP | VA_BREAKOUT | entry=68987.10 | SL=68242.63 | TP=69731.57 | R=744.47
2026-02-10 19:55:16 - zone_v2_alerts - INFO - LOSS | BACKTEST | zv2_BACKTEST_9 | UP | pnl=-1R
2026-02-10 19:55:16 - zone_v2_alerts - INFO - ZONE_BUILDING | BACKTEST | #10 | 02/10 15:56 - 02/10 16:03 | bars=8
2026-02-10 19:55:16 - zone_v2_alerts - INFO - ZONE_COMPLETE | BACKTEST | #zv2_BACKTEST_10 | 02/10 15:56 - 02/10 18:19 | bars=144 | range=68900.10-69982.20 | POC=69603.46 | VAH=69837.92 | VAL=69296.87
2026-02-10 19:55:16 - zone_v2_alerts - INFO - SL_MODE_POC | BACKTEST | POC=69603.46 | dist=523.36 | buffer=50% | SL=69865.15
2026-02-10 19:55:16 - zone_v2_alerts - INFO - BREAKOUT | BACKTEST | zv2_BACKTEST_10 | DOWN | VA_BREAKOUT | entry=69080.10 | SL=69865.15 | TP=68295.05 | R=785.05
2026-02-10 19:55:16 - zone_v2_alerts - INFO - ZONE_BUILDING | BACKTEST | #11 | 02/10 19:04 - 02/10 19:11 | bars=8
2026-02-10 19:55:16 - zone_v2_alerts - INFO - ZONE_COMPLETE | BACKTEST | #zv2_BACKTEST_11 | 02/10 19:04 - 02/10 19:34 | bars=31 | range=68650.00-69052.80 | POC=68817.83 | VAH=68918.53 | VAL=68743.99
2026-02-10 19:55:16 - zone_v2_alerts - INFO - SL_MODE_POC | BACKTEST | POC=68817.83 | dist=405.47 | buffer=50% | SL=68615.10
2026-02-10 19:55:16 - zone_v2_alerts - INFO - BLOCKED_SEQUENTIAL | BACKTEST | zv2_BACKTEST_11 | UP | open_trades=1
2026-02-10 19:55:16 - zone_v2_alerts - INFO - ZONE_BUILDING | BACKTEST | #12 | 02/10 19:38 - 02/10 19:45 | bars=8
2026-02-10 19:55:16 - zone_v2_alerts - INFO - ZONE_COMPLETE | BACKTEST | #zv2_BACKTEST_12 | 02/10 19:38 - 02/10 20:11 | bars=34 | range=68804.70-69266.30 | POC=69166.29 | VAH=69235.53 | VAL=69004.73
2026-02-10 19:55:16 - zone_v2_alerts - INFO - SL_MODE_POC | BACKTEST | POC=69166.29 | dist=441.59 | buffer=50% | SL=69387.08
2026-02-10 19:55:16 - zone_v2_alerts - INFO - BLOCKED_SEQUENTIAL | BACKTEST | zv2_BACKTEST_12 | DOWN | open_trades=1
2026-02-10 19:55:16 - zone_v2_alerts - INFO - ZONE_BUILDING | BACKTEST | #13 | 02/10 20:15 - 02/10 20:22 | bars=8
2026-02-10 19:55:16 - zone_v2_alerts - INFO - ZONE_COMPLETE | BACKTEST | #zv2_BACKTEST_13 | 02/10 20:15 - 02/10 21:28 | bars=74 | range=68583.60-68978.70 | POC=68787.74 | VAH=68873.34 | VAL=68702.13
2026-02-10 19:55:16 - zone_v2_alerts - INFO - SL_MODE_POC | BACKTEST | POC=68787.74 | dist=393.34 | buffer=50% | SL=68984.40
2026-02-10 19:55:16 - zone_v2_alerts - INFO - BLOCKED_SEQUENTIAL | BACKTEST | zv2_BACKTEST_13 | DOWN | open_trades=1
2026-02-10 19:55:16 - zone_v2_alerts - INFO - ZONE_BUILDING | BACKTEST | #14 | 02/10 22:11 - 02/10 22:18 | bars=8
2026-02-10 19:55:16 - zone_v2_alerts - INFO - ZONE_COMPLETE | BACKTEST | #zv2_BACKTEST_14 | 02/10 22:11 - 02/10 23:47 | bars=97 | range=68471.30-68830.00 | POC=68632.71 | VAH=68710.43 | VAL=68578.91
2026-02-10 19:55:16 - zone_v2_alerts - INFO - SL_MODE_POC | BACKTEST | POC=68632.71 | dist=167.09 | buffer=50% | SL=68549.17
2026-02-10 19:55:16 - zone_v2_alerts - INFO - BLOCKED_SEQUENTIAL | BACKTEST | zv2_BACKTEST_14 | UP | open_trades=1
2026-02-10 19:55:16 - zone_v2_alerts - INFO - ZONE_BUILDING | BACKTEST | #15 | 02/10 23:51 - 02/10 23:58 | bars=8
2026-02-10 19:55:16 - zone_v2_alerts - INFO - ZONE_COMPLETE | BACKTEST | #zv2_BACKTEST_15 | 02/10 23:51 - 02/11 00:17 | bars=27 | range=68738.10-68955.50 | POC=68806.94 | VAH=68890.28 | VAL=68774.33
2026-02-10 19:55:16 - zone_v2_alerts - INFO - SL_MODE_POC | BACKTEST | POC=68806.94 | dist=142.26 | buffer=50% | SL=68735.81
2026-02-10 19:55:16 - zone_v2_alerts - INFO - BLOCKED_SEQUENTIAL | BACKTEST | zv2_BACKTEST_15 | UP | open_trades=1
2026-02-10 19:55:16 - zone_v2 - INFO - [BACKTEST] Warmup completado: 160 velas, ATR=160, SMA=160
2026-02-10 19:55:16 - zone_v2_alerts - INFO - ZONE_BUILDING | BACKTEST | #1 | 02/10 04:39 - 02/10 04:46 | bars=8
2026-02-10 19:55:16 - zone_v2_alerts - INFO - ZONE_COMPLETE | BACKTEST | #zv2_BACKTEST_1 | 02/10 04:39 - 02/10 05:27 | bars=49 | range=69461.20-69874.90 | POC=69688.74 | VAH=69750.79 | VAL=69516.36
2026-02-10 19:55:16 - zone_v2_alerts - INFO - SL_MODE_POC | BACKTEST | POC=69688.74 | dist=259.63 | buffer=50% | SL=69818.55
2026-02-10 19:55:16 - zone_v2_alerts - INFO - BREAKOUT | BACKTEST | zv2_BACKTEST_1 | DOWN | VA_BREAKOUT | entry=69429.10 | SL=69818.55 | TP=69039.65 | R=389.45
2026-02-10 19:55:16 - zone_v2_alerts - INFO - WIN | BACKTEST | zv2_BACKTEST_1 | DOWN | pnl=+1R
2026-02-10 19:55:16 - zone_v2_alerts - INFO - ZONE_BUILDING | BACKTEST | #2 | 02/10 07:22 - 02/10 07:29 | bars=8
2026-02-10 19:55:16 - zone_v2_alerts - INFO - ZONE_COMPLETE | BACKTEST | #zv2_BACKTEST_2 | 02/10 07:22 - 02/10 08:30 | bars=69 | range=68680.60-69112.40 | POC=68918.09 | VAH=69054.83 | VAL=68853.32
2026-02-10 19:55:16 - zone_v2_alerts - INFO - SL_MODE_POC | BACKTEST | POC=68918.09 | dist=150.11 | buffer=50% | SL=68843.04
2026-02-10 19:55:16 - zone_v2_alerts - INFO - BREAKOUT | BACKTEST | zv2_BACKTEST_2 | UP | VA_BREAKOUT | entry=69068.20 | SL=68843.04 | TP=69293.36 | R=225.17
2026-02-10 19:55:16 - zone_v2_alerts - INFO - LOSS | BACKTEST | zv2_BACKTEST_2 | UP | pnl=-1R
2026-02-10 19:55:16 - zone_v2_alerts - INFO - ZONE_BUILDING | BACKTEST | #3 | 02/10 08:32 - 02/10 08:39 | bars=8
2026-02-10 19:55:16 - zone_v2_alerts - INFO - ZONE_COMPLETE | BACKTEST | #zv2_BACKTEST_3 | 02/10 08:32 - 02/10 09:02 | bars=31 | range=68796.00-69188.50 | POC=69064.21 | VAH=69188.50 | VAL=69018.42
2026-02-10 19:55:16 - zone_v2_alerts - INFO - SL_MODE_POC | BACKTEST | POC=69064.21 | dist=205.29 | buffer=50% | SL=68961.56
2026-02-10 19:55:16 - zone_v2_alerts - INFO - BREAKOUT | BACKTEST | zv2_BACKTEST_3 | UP | VA_BREAKOUT | entry=69269.50 | SL=68961.56 | TP=69577.44 | R=307.94
2026-02-10 19:55:16 - zone_v2_alerts - INFO - ZONE_BUILDING | BACKTEST | #4 | 02/10 09:05 - 02/10 09:12 | bars=8
2026-02-10 19:55:16 - zone_v2_alerts - INFO - ZONE_COMPLETE | BACKTEST | #zv2_BACKTEST_4 | 02/10 09:05 - 02/10 09:47 | bars=43 | range=69073.60-69385.20 | POC=69244.98 | VAH=69343.65 | VAL=69198.24
2026-02-10 19:55:16 - zone_v2_alerts - INFO - SL_MODE_POC | BACKTEST | POC=69244.98 | dist=236.78 | buffer=50% | SL=69363.37
2026-02-10 19:55:16 - zone_v2_alerts - INFO - BLOCKED_SEQUENTIAL | BACKTEST | zv2_BACKTEST_4 | DOWN | open_trades=1
2026-02-10 19:55:16 - zone_v2_alerts - INFO - LOSS | BACKTEST | zv2_BACKTEST_3 | UP | pnl=-1R
2026-02-10 19:55:16 - zone_v2_alerts - INFO - ZONE_BUILDING | BACKTEST | #5 | 02/10 09:50 - 02/10 09:57 | bars=8
2026-02-10 19:55:16 - zone_v2_alerts - INFO - ZONE_COMPLETE | BACKTEST | #zv2_BACKTEST_5 | 02/10 09:50 - 02/10 11:00 | bars=71 | range=68846.20-69221.00 | POC=68989.87 | VAH=69108.56 | VAL=68921.16
2026-02-10 19:55:16 - zone_v2_alerts - INFO - SL_MODE_POC | BACKTEST | POC=68989.87 | dist=139.87 | buffer=50% | SL=69059.81
2026-02-10 19:55:16 - zone_v2_alerts - INFO - BREAKOUT | BACKTEST | zv2_BACKTEST_5 | DOWN | VA_BREAKOUT | entry=68850.00 | SL=69059.81 | TP=68640.19 | R=209.81
2026-02-10 19:55:16 - zone_v2_alerts - INFO - ZONE_BUILDING | BACKTEST | #6 | 02/10 11:02 - 02/10 11:09 | bars=8
2026-02-10 19:55:16 - zone_v2_alerts - INFO - ZONE_COMPLETE | BACKTEST | #zv2_BACKTEST_6 | 02/10 11:02 - 02/10 11:32 | bars=31 | range=68801.00-68975.70 | POC=68937.85 | VAH=68964.05 | VAL=68865.06
2026-02-10 19:55:16 - zone_v2_alerts - INFO - SL_MODE_POC | BACKTEST | POC=68937.85 | dist=85.55 | buffer=50% | SL=68895.07
2026-02-10 19:55:16 - zone_v2_alerts - INFO - BLOCKED_SEQUENTIAL | BACKTEST | zv2_BACKTEST_6 | UP | open_trades=1
2026-02-10 19:55:16 - zone_v2_alerts - INFO - ZONE_BUILDING | BACKTEST | #7 | 02/10 11:34 - 02/10 11:41 | bars=8
2026-02-10 19:55:16 - zone_v2_alerts - INFO - ZONE_COMPLETE | BACKTEST | #zv2_BACKTEST_7 | 02/10 11:34 - 02/10 11:41 | bars=8 | range=68835.90-69047.20 | POC=69008.46 | VAH=69040.16 | VAL=68934.51
2026-02-10 19:55:16 - zone_v2_alerts - INFO - SL_MODE_POC | BACKTEST | POC=69008.46 | dist=377.36 | buffer=50% | SL=69197.14
2026-02-10 19:55:16 - zone_v2_alerts - INFO - BLOCKED_SEQUENTIAL | BACKTEST | zv2_BACKTEST_7 | DOWN | open_trades=1
2026-02-10 19:55:16 - zone_v2_alerts - INFO - WIN | BACKTEST | zv2_BACKTEST_5 | DOWN | pnl=+1R
2026-02-10 19:55:16 - zone_v2_alerts - INFO - ZONE_BUILDING | BACKTEST | #8 | 02/10 12:26 - 02/10 12:33 | bars=8
2026-02-10 19:55:16 - zone_v2_alerts - INFO - ZONE_COMPLETE | BACKTEST | #zv2_BACKTEST_8 | 02/10 12:26 - 02/10 12:44 | bars=19 | range=68518.30-68819.90 | POC=68744.50 | VAH=68819.90 | VAL=68598.73
2026-02-10 19:55:16 - zone_v2_alerts - INFO - SL_MODE_POC | BACKTEST | POC=68744.50 | dist=196.00 | buffer=50% | SL=68842.50
2026-02-10 19:55:16 - zone_v2_alerts - INFO - BREAKOUT | BACKTEST | zv2_BACKTEST_8 | DOWN | VA_BREAKOUT | entry=68548.50 | SL=68842.50 | TP=68254.50 | R=294.00
2026-02-10 19:55:16 - zone_v2_alerts - INFO - ZONE_BUILDING | BACKTEST | #9 | 02/10 12:46 - 02/10 12:53 | bars=8
2026-02-10 19:55:16 - zone_v2_alerts - INFO - ZONE_COMPLETE | BACKTEST | #zv2_BACKTEST_9 | 02/10 12:46 - 02/10 13:31 | bars=46 | range=68286.20-68768.00 | POC=68486.95 | VAH=68607.40 | VAL=68414.68
2026-02-10 19:55:16 - zone_v2_alerts - INFO - LOSS | BACKTEST | zv2_BACKTEST_8 | DOWN | pnl=-1R
2026-02-10 19:55:16 - zone_v2_alerts - INFO - SL_MODE_POC | BACKTEST | POC=68486.95 | dist=500.15 | buffer=50% | SL=68236.88
2026-02-10 19:55:16 - zone_v2_alerts - INFO - BREAKOUT | BACKTEST | zv2_BACKTEST_9 | UP | VA_BREAKOUT | entry=68987.10 | SL=68236.88 | TP=69737.33 | R=750.23
2026-02-10 19:55:16 - zone_v2_alerts - INFO - LOSS | BACKTEST | zv2_BACKTEST_9 | UP | pnl=-1R
2026-02-10 19:55:16 - zone_v2_alerts - INFO - ZONE_BUILDING | BACKTEST | #10 | 02/10 16:00 - 02/10 16:07 | bars=8
2026-02-10 19:55:16 - zone_v2_alerts - INFO - ZONE_COMPLETE | BACKTEST | #zv2_BACKTEST_10 | 02/10 16:00 - 02/10 16:13 | bars=14 | range=68900.10-69360.60 | POC=68969.18 | VAH=69145.70 | VAL=68915.45
2026-02-10 19:55:16 - zone_v2_alerts - INFO - SL_MODE_POC | BACKTEST | POC=68969.18 | dist=577.82 | buffer=50% | SL=68680.26
2026-02-10 19:55:16 - zone_v2_alerts - INFO - BREAKOUT | BACKTEST | zv2_BACKTEST_10 | UP | VA_BREAKOUT | entry=69547.00 | SL=68680.26 | TP=70413.74 | R=866.74
2026-02-10 19:55:16 - zone_v2_alerts - INFO - ZONE_BUILDING | BACKTEST | #11 | 02/10 16:16 - 02/10 16:23 | bars=8
2026-02-10 19:55:16 - zone_v2_alerts - INFO - ZONE_COMPLETE | BACKTEST | #zv2_BACKTEST_11 | 02/10 16:16 - 02/10 18:20 | bars=125 | range=69224.70-69982.20 | POC=69388.82 | VAH=69754.95 | VAL=69300.45
2026-02-10 19:55:16 - zone_v2_alerts - INFO - SL_MODE_POC | BACKTEST | POC=69388.82 | dist=308.72 | buffer=50% | SL=69543.19
2026-02-10 19:55:16 - zone_v2_alerts - INFO - BLOCKED_SEQUENTIAL | BACKTEST | zv2_BACKTEST_11 | DOWN | open_trades=1
2026-02-10 19:55:16 - zone_v2_alerts - INFO - LOSS | BACKTEST | zv2_BACKTEST_10 | UP | pnl=-1R
2026-02-10 19:55:16 - zone_v2_alerts - INFO - ZONE_BUILDING | BACKTEST | #12 | 02/10 19:04 - 02/10 19:11 | bars=8
2026-02-10 19:55:16 - zone_v2_alerts - INFO - ZONE_COMPLETE | BACKTEST | #zv2_BACKTEST_12 | 02/10 19:04 - 02/10 19:34 | bars=31 | range=68650.00-69052.80 | POC=68817.83 | VAH=68918.53 | VAL=68743.99
2026-02-10 19:55:16 - zone_v2_alerts - INFO - SL_MODE_POC | BACKTEST | POC=68817.83 | dist=405.47 | buffer=50% | SL=68615.10
2026-02-10 19:55:16 - zone_v2_alerts - INFO - BREAKOUT | BACKTEST | zv2_BACKTEST_12 | UP | VA_BREAKOUT | entry=69223.30 | SL=68615.10 | TP=69831.50 | R=608.20
2026-02-10 19:55:16 - zone_v2_alerts - INFO - ZONE_BUILDING | BACKTEST | #13 | 02/10 20:15 - 02/10 20:22 | bars=8
2026-02-10 19:55:16 - zone_v2_alerts - INFO - LOSS | BACKTEST | zv2_BACKTEST_12 | UP | pnl=-1R
2026-02-10 19:55:16 - zone_v2_alerts - INFO - ZONE_COMPLETE | BACKTEST | #zv2_BACKTEST_13 | 02/10 20:15 - 02/10 21:28 | bars=74 | range=68583.60-68978.70 | POC=68787.74 | VAH=68873.34 | VAL=68702.13
2026-02-10 19:55:16 - zone_v2_alerts - INFO - SL_MODE_POC | BACKTEST | POC=68787.74 | dist=393.34 | buffer=50% | SL=68984.40
2026-02-10 19:55:16 - zone_v2_alerts - INFO - BREAKOUT | BACKTEST | zv2_BACKTEST_13 | DOWN | VA_BREAKOUT | entry=68394.40 | SL=68984.40 | TP=67804.40 | R=590.00
2026-02-10 19:55:16 - zone_v2_alerts - INFO - ZONE_BUILDING | BACKTEST | #14 | 02/10 22:11 - 02/10 22:18 | bars=8
2026-02-10 19:55:16 - zone_v2_alerts - INFO - ZONE_COMPLETE | BACKTEST | #zv2_BACKTEST_14 | 02/10 22:11 - 02/10 23:48 | bars=98 | range=68471.30-68830.00 | POC=68632.71 | VAH=68710.43 | VAL=68566.95
2026-02-10 19:55:16 - zone_v2_alerts - INFO - SL_MODE_POC | BACKTEST | POC=68632.71 | dist=115.29 | buffer=50% | SL=68575.07
2026-02-10 19:55:16 - zone_v2_alerts - INFO - BLOCKED_SEQUENTIAL | BACKTEST | zv2_BACKTEST_14 | UP | open_trades=1
2026-02-10 19:55:16 - zone_v2_alerts - INFO - ZONE_BUILDING | BACKTEST | #15 | 02/10 23:50 - 02/10 23:57 | bars=8
2026-02-10 19:55:16 - zone_v2_alerts - INFO - ZONE_COMPLETE | BACKTEST | #zv2_BACKTEST_15 | 02/10 23:50 - 02/11 00:17 | bars=28 | range=68738.10-68955.50 | POC=68806.94 | VAH=68883.03 | VAL=68774.33
2026-02-10 19:55:16 - zone_v2_alerts - INFO - LOSS | BACKTEST | zv2_BACKTEST_13 | DOWN | pnl=-1R
2026-02-10 19:55:16 - zone_v2_alerts - INFO - SL_MODE_POC | BACKTEST | POC=68806.94 | dist=142.26 | buffer=50% | SL=68735.81
2026-02-10 19:55:16 - zone_v2_alerts - INFO - BREAKOUT | BACKTEST | zv2_BACKTEST_15 | UP | VA_BREAKOUT | entry=68949.20 | SL=68735.81 | TP=69162.59 | R=213.39
2026-02-10 19:55:16 - zone_v2_alerts - INFO - WIN | BACKTEST | zv2_BACKTEST_15 | UP | pnl=+1R
2026-02-10 19:55:16 - zone_v2 - INFO - [BACKTEST] Warmup completado: 210 velas, ATR=210, SMA=210
2026-02-10 19:55:16 - zone_v2_alerts - INFO - ZONE_BUILDING | BACKTEST | #1 | 02/10 04:41 - 02/10 04:48 | bars=8
2026-02-10 19:55:16 - zone_v2_alerts - INFO - ZONE_COMPLETE | BACKTEST | #zv2_BACKTEST_1 | 02/10 04:41 - 02/10 05:19 | bars=39 | range=69580.50-69874.90 | POC=69693.35 | VAH=69786.58 | VAL=69590.31
2026-02-10 19:55:16 - zone_v2_alerts - INFO - SL_MODE_POC | BACKTEST | POC=69693.35 | dist=158.25 | buffer=50% | SL=69772.48
2026-02-10 19:55:16 - zone_v2_alerts - INFO - BREAKOUT | BACKTEST | zv2_BACKTEST_1 | DOWN | VA_BREAKOUT | entry=69535.10 | SL=69772.48 | TP=69297.72 | R=237.38
2026-02-10 19:55:16 - zone_v2_alerts - INFO - WIN | BACKTEST | zv2_BACKTEST_1 | DOWN | pnl=+1R
2026-02-10 19:55:16 - zone_v2_alerts - INFO - ZONE_BUILDING | BACKTEST | #2 | 02/10 06:27 - 02/10 06:34 | bars=8
2026-02-10 19:55:16 - zone_v2_alerts - INFO - ZONE_COMPLETE | BACKTEST | #zv2_BACKTEST_2 | 02/10 06:27 - 02/10 06:44 | bars=18 | range=68963.00-69259.50 | POC=69017.36 | VAH=69131.02 | VAL=68963.00
2026-02-10 19:55:16 - zone_v2_alerts - INFO - SL_MODE_POC | BACKTEST | POC=69017.36 | dist=206.66 | buffer=50% | SL=69120.69
2026-02-10 19:55:16 - zone_v2_alerts - INFO - BREAKOUT | BACKTEST | zv2_BACKTEST_2 | DOWN | VA_BREAKOUT | entry=68810.70 | SL=69120.69 | TP=68500.71 | R=309.99
2026-02-10 19:55:16 - zone_v2_alerts - INFO - LOSS | BACKTEST | zv2_BACKTEST_2 | DOWN | pnl=-1R
2026-02-10 19:55:16 - zone_v2_alerts - INFO - ZONE_BUILDING | BACKTEST | #3 | 02/10 07:22 - 02/10 07:29 | bars=8
2026-02-10 19:55:16 - zone_v2_alerts - INFO - ZONE_COMPLETE | BACKTEST | #zv2_BACKTEST_3 | 02/10 07:22 - 02/10 08:15 | bars=54 | range=68712.70-69112.40 | POC=68919.21 | VAH=69005.81 | VAL=68845.93
2026-02-10 19:55:16 - zone_v2_alerts - INFO - SL_MODE_POC | BACKTEST | POC=68919.21 | dist=186.31 | buffer=50% | SL=69012.37
2026-02-10 19:55:16 - zone_v2_alerts - INFO - BREAKOUT | BACKTEST | zv2_BACKTEST_3 | DOWN | VA_BREAKOUT | entry=68732.90 | SL=69012.37 | TP=68453.43 | R=279.47
2026-02-10 19:55:16 - zone_v2_alerts - INFO - ZONE_BUILDING | BACKTEST | #4 | 02/10 08:17 - 02/10 08:24 | bars=8
2026-02-10 19:55:16 - zone_v2_alerts - INFO - LOSS | BACKTEST | zv2_BACKTEST_3 | DOWN | pnl=-1R
2026-02-10 19:55:16 - zone_v2_alerts - INFO - ZONE_COMPLETE | BACKTEST | #zv2_BACKTEST_4 | 02/10 08:17 - 02/10 08:30 | bars=14 | range=68680.60-69075.60 | POC=69003.18 | VAH=69075.60 | VAL=68772.77
2026-02-10 19:55:16 - zone_v2_alerts - INFO - ZONE_BUILDING | BACKTEST | #5 | 02/10 08:32 - 02/10 08:39 | bars=8
2026-02-10 19:55:16 - zone_v2_alerts - INFO - SL_MODE_POC | BACKTEST | POC=69003.18 | dist=115.12 | buffer=50% | SL=68945.62
2026-02-10 19:55:16 - zone_v2_alerts - INFO - BREAKOUT | BACKTEST | zv2_BACKTEST_4 | UP | VA_BREAKOUT | entry=69118.30 | SL=68945.62 | TP=69290.98 | R=172.68
2026-02-10 19:55:16 - zone_v2_alerts - INFO - ZONE_COMPLETE | BACKTEST | #zv2_BACKTEST_5 | 02/10 08:32 - 02/10 09:02 | bars=31 | range=68796.00-69188.50 | POC=69064.21 | VAH=69188.50 | VAL=69018.42
2026-02-10 19:55:16 - zone_v2_alerts - INFO - WIN | BACKTEST | zv2_BACKTEST_4 | UP | pnl=+1R
2026-02-10 19:55:16 - zone_v2_alerts - INFO - SL_MODE_POC | BACKTEST | POC=69064.21 | dist=205.29 | buffer=50% | SL=68961.56
2026-02-10 19:55:16 - zone_v2_alerts - INFO - BREAKOUT | BACKTEST | zv2_BACKTEST_5 | UP | VA_BREAKOUT | entry=69269.50 | SL=68961.56 | TP=69577.44 | R=307.94
2026-02-10 19:55:16 - zone_v2_alerts - INFO - ZONE_BUILDING | BACKTEST | #6 | 02/10 09:05 - 02/10 09:12 | bars=8
2026-02-10 19:55:16 - zone_v2_alerts - INFO - ZONE_COMPLETE | BACKTEST | #zv2_BACKTEST_6 | 02/10 09:05 - 02/10 09:47 | bars=43 | range=69073.60-69385.20 | POC=69244.98 | VAH=69343.65 | VAL=69198.24
2026-02-10 19:55:16 - zone_v2_alerts - INFO - SL_MODE_POC | BACKTEST | POC=69244.98 | dist=236.78 | buffer=50% | SL=69363.37
2026-02-10 19:55:16 - zone_v2_alerts - INFO - BLOCKED_SEQUENTIAL | BACKTEST | zv2_BACKTEST_6 | DOWN | open_trades=1
2026-02-10 19:55:16 - zone_v2_alerts - INFO - LOSS | BACKTEST | zv2_BACKTEST_5 | UP | pnl=-1R
2026-02-10 19:55:16 - zone_v2_alerts - INFO - ZONE_BUILDING | BACKTEST | #7 | 02/10 09:50 - 02/10 09:57 | bars=8
2026-02-10 19:55:16 - zone_v2_alerts - INFO - ZONE_COMPLETE | BACKTEST | #zv2_BACKTEST_7 | 02/10 09:50 - 02/10 11:00 | bars=71 | range=68846.20-69221.00 | POC=68989.87 | VAH=69108.56 | VAL=68921.16
2026-02-10 19:55:16 - zone_v2_alerts - INFO - SL_MODE_POC | BACKTEST | POC=68989.87 | dist=139.87 | buffer=50% | SL=69059.81
2026-02-10 19:55:16 - zone_v2_alerts - INFO - BREAKOUT | BACKTEST | zv2_BACKTEST_7 | DOWN | VA_BREAKOUT | entry=68850.00 | SL=69059.81 | TP=68640.19 | R=209.81
2026-02-10 19:55:16 - zone_v2_alerts - INFO - ZONE_BUILDING | BACKTEST | #8 | 02/10 11:02 - 02/10 11:09 | bars=8
2026-02-10 19:55:16 - zone_v2_alerts - INFO - ZONE_COMPLETE | BACKTEST | #zv2_BACKTEST_8 | 02/10 11:02 - 02/10 11:41 | bars=40 | range=68801.00-69050.00 | POC=68946.25 | VAH=68991.90 | VAL=68842.50
2026-02-10 19:55:16 - zone_v2_alerts - INFO - SL_MODE_POC | BACKTEST | POC=68946.25 | dist=315.15 | buffer=50% | SL=69103.82
2026-02-10 19:55:16 - zone_v2_alerts - INFO - BLOCKED_SEQUENTIAL | BACKTEST | zv2_BACKTEST_8 | DOWN | open_trades=1
2026-02-10 19:55:16 - zone_v2_alerts - INFO - WIN | BACKTEST | zv2_BACKTEST_7 | DOWN | pnl=+1R
2026-02-10 19:55:16 - zone_v2_alerts - INFO - ZONE_BUILDING | BACKTEST | #9 | 02/10 12:26 - 02/10 12:33 | bars=8
2026-02-10 19:55:16 - zone_v2_alerts - INFO - ZONE_COMPLETE | BACKTEST | #zv2_BACKTEST_9 | 02/10 12:26 - 02/10 12:44 | bars=19 | range=68518.30-68819.90 | POC=68744.50 | VAH=68819.90 | VAL=68598.73
2026-02-10 19:55:16 - zone_v2_alerts - INFO - SL_MODE_POC | BACKTEST | POC=68744.50 | dist=196.00 | buffer=50% | SL=68842.50
2026-02-10 19:55:16 - zone_v2_alerts - INFO - BREAKOUT | BACKTEST | zv2_BACKTEST_9 | DOWN | VA_BREAKOUT | entry=68548.50 | SL=68842.50 | TP=68254.50 | R=294.00
2026-02-10 19:55:16 - zone_v2_alerts - INFO - ZONE_BUILDING | BACKTEST | #10 | 02/10 12:47 - 02/10 12:54 | bars=8
2026-02-10 19:55:16 - zone_v2_alerts - INFO - ZONE_COMPLETE | BACKTEST | #zv2_BACKTEST_10 | 02/10 12:47 - 02/10 13:23 | bars=37 | range=68286.20-68719.20 | POC=68495.48 | VAH=68589.30 | VAL=68430.53
2026-02-10 19:55:16 - zone_v2_alerts - INFO - SL_MODE_POC | BACKTEST | POC=68495.48 | dist=192.12 | buffer=50% | SL=68399.42
2026-02-10 19:55:16 - zone_v2_alerts - INFO - BLOCKED_SEQUENTIAL | BACKTEST | zv2_BACKTEST_10 | UP | open_trades=1
2026-02-10 19:55:16 - zone_v2_alerts - INFO - LOSS | BACKTEST | zv2_BACKTEST_9 | DOWN | pnl=-1R
2026-02-10 19:55:16 - zone_v2_alerts - INFO - ZONE_BUILDING | BACKTEST | #11 | 02/10 16:03 - 02/10 16:10 | bars=8
2026-02-10 19:55:16 - zone_v2_alerts - INFO - ZONE_COMPLETE | BACKTEST | #zv2_BACKTEST_11 | 02/10 16:03 - 02/10 16:13 | bars=11 | range=68900.10-69360.60 | POC=68969.18 | VAH=69145.70 | VAL=68946.15
2026-02-10 19:55:16 - zone_v2_alerts - INFO - SL_MODE_POC | BACKTEST | POC=68969.18 | dist=577.82 | buffer=50% | SL=68680.26
2026-02-10 19:55:16 - zone_v2_alerts - INFO - BREAKOUT | BACKTEST | zv2_BACKTEST_11 | UP | VA_BREAKOUT | entry=69547.00 | SL=68680.26 | TP=70413.74 | R=866.74
2026-02-10 19:55:16 - zone_v2_alerts - INFO - ZONE_BUILDING | BACKTEST | #12 | 02/10 16:16 - 02/10 16:23 | bars=8
2026-02-10 19:55:16 - zone_v2_alerts - INFO - ZONE_COMPLETE | BACKTEST | #zv2_BACKTEST_12 | 02/10 16:16 - 02/10 18:20 | bars=125 | range=69224.70-69982.20 | POC=69388.82 | VAH=69754.95 | VAL=69300.45
2026-02-10 19:55:16 - zone_v2_alerts - INFO - SL_MODE_POC | BACKTEST | POC=69388.82 | dist=308.72 | buffer=50% | SL=69543.19
2026-02-10 19:55:16 - zone_v2_alerts - INFO - BLOCKED_SEQUENTIAL | BACKTEST | zv2_BACKTEST_12 | DOWN | open_trades=1
2026-02-10 19:55:16 - zone_v2_alerts - INFO - LOSS | BACKTEST | zv2_BACKTEST_11 | UP | pnl=-1R
2026-02-10 19:55:16 - zone_v2_alerts - INFO - ZONE_BUILDING | BACKTEST | #13 | 02/10 19:03 - 02/10 19:10 | bars=8
2026-02-10 19:55:16 - zone_v2_alerts - INFO - ZONE_COMPLETE | BACKTEST | #zv2_BACKTEST_13 | 02/10 19:03 - 02/10 19:34 | bars=32 | range=68650.00-69052.80 | POC=68817.83 | VAH=68905.11 | VAL=68743.99
2026-02-10 19:55:16 - zone_v2_alerts - INFO - SL_MODE_POC | BACKTEST | POC=68817.83 | dist=405.47 | buffer=50% | SL=68615.10
2026-02-10 19:55:16 - zone_v2_alerts - INFO - BREAKOUT | BACKTEST | zv2_BACKTEST_13 | UP | VA_BREAKOUT | entry=69223.30 | SL=68615.10 | TP=69831.50 | R=608.20
2026-02-10 19:55:16 - zone_v2_alerts - INFO - ZONE_BUILDING | BACKTEST | #14 | 02/10 20:15 - 02/10 20:22 | bars=8
2026-02-10 19:55:16 - zone_v2_alerts - INFO - LOSS | BACKTEST | zv2_BACKTEST_13 | UP | pnl=-1R
2026-02-10 19:55:16 - zone_v2_alerts - INFO - ZONE_COMPLETE | BACKTEST | #zv2_BACKTEST_14 | 02/10 20:15 - 02/10 21:30 | bars=76 | range=68509.40-68978.70 | POC=68783.16 | VAH=68884.84 | VAL=68697.12
2026-02-10 19:55:16 - zone_v2_alerts - INFO - SL_MODE_POC | BACKTEST | POC=68783.16 | dist=372.06 | buffer=50% | SL=68969.19
2026-02-10 19:55:16 - zone_v2_alerts - INFO - BREAKOUT | BACKTEST | zv2_BACKTEST_14 | DOWN | VA_BREAKOUT | entry=68411.10 | SL=68969.19 | TP=67853.01 | R=558.09
2026-02-10 19:55:16 - zone_v2_alerts - INFO - ZONE_BUILDING | BACKTEST | #15 | 02/10 22:09 - 02/10 22:16 | bars=8
2026-02-10 19:55:16 - zone_v2_alerts - INFO - LOSS | BACKTEST | zv2_BACKTEST_14 | DOWN | pnl=-1R
2026-02-10 19:55:16 - zone_v2_alerts - INFO - ZONE_COMPLETE | BACKTEST | #zv2_BACKTEST_15 | 02/10 22:09 - 02/11 00:18 | bars=130 | range=68471.30-68975.40 | POC=68614.13 | VAH=68807.37 | VAL=68555.32
2026-02-10 19:55:16 - zone_v2_alerts - INFO - SL_MODE_POC | BACKTEST | POC=68614.13 | dist=372.57 | buffer=50% | SL=68427.84
2026-02-10 19:55:16 - zone_v2_alerts - INFO - BREAKOUT | BACKTEST | zv2_BACKTEST_15 | UP | VA_BREAKOUT | entry=68986.70 | SL=68427.84 | TP=69545.56 | R=558.86
2026-02-10 19:55:16 - zone_v2 - INFO - [BACKTEST] Warmup completado: 260 velas, ATR=260, SMA=260
2026-02-10 19:55:16 - zone_v2_alerts - INFO - ZONE_BUILDING | BACKTEST | #1 | 02/10 07:22 - 02/10 07:29 | bars=8
2026-02-10 19:55:16 - zone_v2_alerts - INFO - ZONE_COMPLETE | BACKTEST | #zv2_BACKTEST_1 | 02/10 07:22 - 02/10 08:15 | bars=54 | range=68712.70-69112.40 | POC=68919.21 | VAH=69005.81 | VAL=68845.93
2026-02-10 19:55:16 - zone_v2_alerts - INFO - SL_MODE_POC | BACKTEST | POC=68919.21 | dist=186.31 | buffer=50% | SL=69012.37
2026-02-10 19:55:16 - zone_v2_alerts - INFO - BREAKOUT | BACKTEST | zv2_BACKTEST_1 | DOWN | VA_BREAKOUT | entry=68732.90 | SL=69012.37 | TP=68453.43 | R=279.47
2026-02-10 19:55:16 - zone_v2_alerts - INFO - ZONE_BUILDING | BACKTEST | #2 | 02/10 08:17 - 02/10 08:24 | bars=8
2026-02-10 19:55:16 - zone_v2_alerts - INFO - LOSS | BACKTEST | zv2_BACKTEST_1 | DOWN | pnl=-1R
2026-02-10 19:55:16 - zone_v2_alerts - INFO - ZONE_COMPLETE | BACKTEST | #zv2_BACKTEST_2 | 02/10 08:17 - 02/10 08:30 | bars=14 | range=68680.60-69075.60 | POC=69003.18 | VAH=69075.60 | VAL=68772.77
2026-02-10 19:55:16 - zone_v2_alerts - INFO - ZONE_BUILDING | BACKTEST | #3 | 02/10 08:32 - 02/10 08:39 | bars=8
2026-02-10 19:55:16 - zone_v2_alerts - INFO - SL_MODE_POC | BACKTEST | POC=69003.18 | dist=115.12 | buffer=50% | SL=68945.62
2026-02-10 19:55:16 - zone_v2_alerts - INFO - BREAKOUT | BACKTEST | zv2_BACKTEST_2 | UP | VA_BREAKOUT | entry=69118.30 | SL=68945.62 | TP=69290.98 | R=172.68
2026-02-10 19:55:16 - zone_v2_alerts - INFO - ZONE_COMPLETE | BACKTEST | #zv2_BACKTEST_3 | 02/10 08:32 - 02/10 09:02 | bars=31 | range=68796.00-69188.50 | POC=69064.21 | VAH=69188.50 | VAL=69018.42
2026-02-10 19:55:16 - zone_v2_alerts - INFO - WIN | BACKTEST | zv2_BACKTEST_2 | UP | pnl=+1R
2026-02-10 19:55:16 - zone_v2_alerts - INFO - SL_MODE_POC | BACKTEST | POC=69064.21 | dist=205.29 | buffer=50% | SL=68961.56
2026-02-10 19:55:16 - zone_v2_alerts - INFO - BREAKOUT | BACKTEST | zv2_BACKTEST_3 | UP | VA_BREAKOUT | entry=69269.50 | SL=68961.56 | TP=69577.44 | R=307.94
2026-02-10 19:55:16 - zone_v2_alerts - INFO - ZONE_BUILDING | BACKTEST | #4 | 02/10 09:05 - 02/10 09:12 | bars=8
2026-02-10 19:55:16 - zone_v2_alerts - INFO - ZONE_COMPLETE | BACKTEST | #zv2_BACKTEST_4 | 02/10 09:05 - 02/10 09:47 | bars=43 | range=69073.60-69385.20 | POC=69244.98 | VAH=69343.65 | VAL=69198.24
2026-02-10 19:55:16 - zone_v2_alerts - INFO - SL_MODE_POC | BACKTEST | POC=69244.98 | dist=236.78 | buffer=50% | SL=69363.37
2026-02-10 19:55:16 - zone_v2_alerts - INFO - BLOCKED_SEQUENTIAL | BACKTEST | zv2_BACKTEST_4 | DOWN | open_trades=1
2026-02-10 19:55:16 - zone_v2_alerts - INFO - LOSS | BACKTEST | zv2_BACKTEST_3 | UP | pnl=-1R
2026-02-10 19:55:16 - zone_v2_alerts - INFO - ZONE_BUILDING | BACKTEST | #5 | 02/10 09:50 - 02/10 09:57 | bars=8
2026-02-10 19:55:16 - zone_v2_alerts - INFO - ZONE_COMPLETE | BACKTEST | #zv2_BACKTEST_5 | 02/10 09:50 - 02/10 11:00 | bars=71 | range=68846.20-69221.00 | POC=68989.87 | VAH=69108.56 | VAL=68921.16
2026-02-10 19:55:16 - zone_v2_alerts - INFO - SL_MODE_POC | BACKTEST | POC=68989.87 | dist=139.87 | buffer=50% | SL=69059.81
2026-02-10 19:55:16 - zone_v2_alerts - INFO - BREAKOUT | BACKTEST | zv2_BACKTEST_5 | DOWN | VA_BREAKOUT | entry=68850.00 | SL=69059.81 | TP=68640.19 | R=209.81
2026-02-10 19:55:16 - zone_v2_alerts - INFO - ZONE_BUILDING | BACKTEST | #6 | 02/10 11:02 - 02/10 11:09 | bars=8
2026-02-10 19:55:16 - zone_v2_alerts - INFO - ZONE_COMPLETE | BACKTEST | #zv2_BACKTEST_6 | 02/10 11:02 - 02/10 11:41 | bars=40 | range=68801.00-69050.00 | POC=68946.25 | VAH=68991.90 | VAL=68842.50
2026-02-10 19:55:16 - zone_v2_alerts - INFO - SL_MODE_POC | BACKTEST | POC=68946.25 | dist=315.15 | buffer=50% | SL=69103.82
2026-02-10 19:55:16 - zone_v2_alerts - INFO - BLOCKED_SEQUENTIAL | BACKTEST | zv2_BACKTEST_6 | DOWN | open_trades=1
2026-02-10 19:55:16 - zone_v2_alerts - INFO - WIN | BACKTEST | zv2_BACKTEST_5 | DOWN | pnl=+1R
2026-02-10 19:55:16 - zone_v2_alerts - INFO - ZONE_BUILDING | BACKTEST | #7 | 02/10 12:26 - 02/10 12:33 | bars=8
2026-02-10 19:55:16 - zone_v2_alerts - INFO - ZONE_COMPLETE | BACKTEST | #zv2_BACKTEST_7 | 02/10 12:26 - 02/10 12:44 | bars=19 | range=68518.30-68819.90 | POC=68744.50 | VAH=68819.90 | VAL=68598.73
2026-02-10 19:55:16 - zone_v2_alerts - INFO - SL_MODE_POC | BACKTEST | POC=68744.50 | dist=196.00 | buffer=50% | SL=68842.50
2026-02-10 19:55:16 - zone_v2_alerts - INFO - BREAKOUT | BACKTEST | zv2_BACKTEST_7 | DOWN | VA_BREAKOUT | entry=68548.50 | SL=68842.50 | TP=68254.50 | R=294.00
2026-02-10 19:55:16 - zone_v2_alerts - INFO - ZONE_BUILDING | BACKTEST | #8 | 02/10 12:46 - 02/10 12:53 | bars=8
2026-02-10 19:55:16 - zone_v2_alerts - INFO - ZONE_COMPLETE | BACKTEST | #zv2_BACKTEST_8 | 02/10 12:46 - 02/10 13:23 | bars=38 | range=68286.20-68719.20 | POC=68495.48 | VAH=68574.87 | VAL=68416.10
2026-02-10 19:55:16 - zone_v2_alerts - INFO - SL_MODE_POC | BACKTEST | POC=68495.48 | dist=192.12 | buffer=50% | SL=68399.42
2026-02-10 19:55:16 - zone_v2_alerts - INFO - BLOCKED_SEQUENTIAL | BACKTEST | zv2_BACKTEST_8 | UP | open_trades=1
2026-02-10 19:55:16 - zone_v2_alerts - INFO - LOSS | BACKTEST | zv2_BACKTEST_7 | DOWN | pnl=-1R
2026-02-10 19:55:16 - zone_v2_alerts - INFO - ZONE_BUILDING | BACKTEST | #9 | 02/10 16:06 - 02/10 16:13 | bars=8
2026-02-10 19:55:16 - zone_v2_alerts - INFO - ZONE_COMPLETE | BACKTEST | #zv2_BACKTEST_9 | 02/10 16:06 - 02/10 16:13 | bars=8 | range=68900.10-69360.60 | POC=68969.18 | VAH=69115.00 | VAL=68900.10
2026-02-10 19:55:16 - zone_v2_alerts - INFO - SL_MODE_POC | BACKTEST | POC=68969.18 | dist=577.82 | buffer=50% | SL=68680.26
2026-02-10 19:55:16 - zone_v2_alerts - INFO - BREAKOUT | BACKTEST | zv2_BACKTEST_9 | UP | VA_BREAKOUT | entry=69547.00 | SL=68680.26 | TP=70413.74 | R=866.74
2026-02-10 19:55:16 - zone_v2_alerts - INFO - ZONE_BUILDING | BACKTEST | #10 | 02/10 16:16 - 02/10 16:23 | bars=8
2026-02-10 19:55:17 - zone_v2_alerts - INFO - ZONE_COMPLETE | BACKTEST | #zv2_BACKTEST_10 | 02/10 16:16 - 02/10 18:20 | bars=125 | range=69224.70-69982.20 | POC=69388.82 | VAH=69754.95 | VAL=69300.45
2026-02-10 19:55:17 - zone_v2_alerts - INFO - SL_MODE_POC | BACKTEST | POC=69388.82 | dist=308.72 | buffer=50% | SL=69543.19
2026-02-10 19:55:17 - zone_v2_alerts - INFO - BLOCKED_SEQUENTIAL | BACKTEST | zv2_BACKTEST_10 | DOWN | open_trades=1
2026-02-10 19:55:17 - zone_v2_alerts - INFO - LOSS | BACKTEST | zv2_BACKTEST_9 | UP | pnl=-1R
2026-02-10 19:55:17 - zone_v2_alerts - INFO - ZONE_BUILDING | BACKTEST | #11 | 02/10 19:01 - 02/10 19:08 | bars=8
2026-02-10 19:55:17 - zone_v2_alerts - INFO - ZONE_COMPLETE | BACKTEST | #zv2_BACKTEST_11 | 02/10 19:01 - 02/10 19:36 | bars=36 | range=68650.00-69268.30 | POC=68804.57 | VAH=69000.37 | VAL=68732.44
2026-02-10 19:55:17 - zone_v2_alerts - INFO - SL_MODE_POC | BACKTEST | POC=68804.57 | dist=385.62 | buffer=50% | SL=68611.76
2026-02-10 19:55:17 - zone_v2_alerts - INFO - BREAKOUT | BACKTEST | zv2_BACKTEST_11 | UP | VA_BREAKOUT | entry=69190.20 | SL=68611.76 | TP=69768.64 | R=578.44
2026-02-10 19:55:17 - zone_v2_alerts - INFO - ZONE_BUILDING | BACKTEST | #12 | 02/10 19:38 - 02/10 19:45 | bars=8
2026-02-10 19:55:17 - zone_v2_alerts - INFO - ZONE_COMPLETE | BACKTEST | #zv2_BACKTEST_12 | 02/10 19:38 - 02/10 20:11 | bars=34 | range=68804.70-69266.30 | POC=69166.29 | VAH=69235.53 | VAL=69004.73
2026-02-10 19:55:17 - zone_v2_alerts - INFO - SL_MODE_POC | BACKTEST | POC=69166.29 | dist=441.59 | buffer=50% | SL=69387.08
2026-02-10 19:55:17 - zone_v2_alerts - INFO - BLOCKED_SEQUENTIAL | BACKTEST | zv2_BACKTEST_12 | DOWN | open_trades=1
2026-02-10 19:55:17 - zone_v2_alerts - INFO - ZONE_BUILDING | BACKTEST | #13 | 02/10 20:15 - 02/10 20:22 | bars=8
2026-02-10 19:55:17 - zone_v2_alerts - INFO - LOSS | BACKTEST | zv2_BACKTEST_11 | UP | pnl=-1R
2026-02-10 19:55:17 - zone_v2_alerts - INFO - ZONE_COMPLETE | BACKTEST | #zv2_BACKTEST_13 | 02/10 20:15 - 02/10 21:30 | bars=76 | range=68509.40-68978.70 | POC=68783.16 | VAH=68884.84 | VAL=68697.12
2026-02-10 19:55:17 - zone_v2_alerts - INFO - SL_MODE_POC | BACKTEST | POC=68783.16 | dist=372.06 | buffer=50% | SL=68969.19
2026-02-10 19:55:17 - zone_v2_alerts - INFO - BREAKOUT | BACKTEST | zv2_BACKTEST_13 | DOWN | VA_BREAKOUT | entry=68411.10 | SL=68969.19 | TP=67853.01 | R=558.09
2026-02-10 19:55:17 - zone_v2_alerts - INFO - ZONE_BUILDING | BACKTEST | #14 | 02/10 22:09 - 02/10 22:16 | bars=8
2026-02-10 19:55:17 - zone_v2_alerts - INFO - LOSS | BACKTEST | zv2_BACKTEST_13 | DOWN | pnl=-1R
2026-02-10 19:55:17 - zone_v2_alerts - INFO - ZONE_COMPLETE | BACKTEST | #zv2_BACKTEST_14 | 02/10 22:09 - 02/11 00:21 | bars=133 | range=68471.30-68999.90 | POC=68621.07 | VAH=68806.08 | VAL=68541.78
2026-02-10 19:55:17 - zone_v2_alerts - INFO - SL_MODE_POC | BACKTEST | POC=68621.07 | dist=384.93 | buffer=50% | SL=68428.61
2026-02-10 19:55:17 - zone_v2_alerts - INFO - BREAKOUT | BACKTEST | zv2_BACKTEST_14 | UP | VA_BREAKOUT | entry=69006.00 | SL=68428.61 | TP=69583.39 | R=577.39
2026-02-10 19:55:17 - zone_v2 - INFO - [BACKTEST] Warmup completado: 310 velas, ATR=310, SMA=310
2026-02-10 19:55:17 - zone_v2_alerts - INFO - ZONE_BUILDING | BACKTEST | #1 | 02/10 07:22 - 02/10 07:29 | bars=8
2026-02-10 19:55:17 - zone_v2_alerts - INFO - ZONE_COMPLETE | BACKTEST | #zv2_BACKTEST_1 | 02/10 07:22 - 02/10 08:15 | bars=54 | range=68712.70-69112.40 | POC=68919.21 | VAH=69005.81 | VAL=68845.93
2026-02-10 19:55:17 - zone_v2_alerts - INFO - SL_MODE_POC | BACKTEST | POC=68919.21 | dist=186.31 | buffer=50% | SL=69012.37
2026-02-10 19:55:17 - zone_v2_alerts - INFO - BREAKOUT | BACKTEST | zv2_BACKTEST_1 | DOWN | VA_BREAKOUT | entry=68732.90 | SL=69012.37 | TP=68453.43 | R=279.47
2026-02-10 19:55:17 - zone_v2_alerts - INFO - ZONE_BUILDING | BACKTEST | #2 | 02/10 08:17 - 02/10 08:24 | bars=8
2026-02-10 19:55:17 - zone_v2_alerts - INFO - LOSS | BACKTEST | zv2_BACKTEST_1 | DOWN | pnl=-1R
2026-02-10 19:55:17 - zone_v2_alerts - INFO - ZONE_COMPLETE | BACKTEST | #zv2_BACKTEST_2 | 02/10 08:17 - 02/10 08:30 | bars=14 | range=68680.60-69075.60 | POC=69003.18 | VAH=69075.60 | VAL=68772.77
2026-02-10 19:55:17 - zone_v2_alerts - INFO - ZONE_BUILDING | BACKTEST | #3 | 02/10 08:32 - 02/10 08:39 | bars=8
2026-02-10 19:55:17 - zone_v2_alerts - INFO - SL_MODE_POC | BACKTEST | POC=69003.18 | dist=115.12 | buffer=50% | SL=68945.62
2026-02-10 19:55:17 - zone_v2_alerts - INFO - BREAKOUT | BACKTEST | zv2_BACKTEST_2 | UP | VA_BREAKOUT | entry=69118.30 | SL=68945.62 | TP=69290.98 | R=172.68
2026-02-10 19:55:17 - zone_v2_alerts - INFO - ZONE_COMPLETE | BACKTEST | #zv2_BACKTEST_3 | 02/10 08:32 - 02/10 09:02 | bars=31 | range=68796.00-69188.50 | POC=69064.21 | VAH=69188.50 | VAL=69018.42
2026-02-10 19:55:17 - zone_v2_alerts - INFO - WIN | BACKTEST | zv2_BACKTEST_2 | UP | pnl=+1R
2026-02-10 19:55:17 - zone_v2_alerts - INFO - SL_MODE_POC | BACKTEST | POC=69064.21 | dist=205.29 | buffer=50% | SL=68961.56
2026-02-10 19:55:17 - zone_v2_alerts - INFO - BREAKOUT | BACKTEST | zv2_BACKTEST_3 | UP | VA_BREAKOUT | entry=69269.50 | SL=68961.56 | TP=69577.44 | R=307.94
2026-02-10 19:55:17 - zone_v2_alerts - INFO - ZONE_BUILDING | BACKTEST | #4 | 02/10 09:05 - 02/10 09:12 | bars=8
2026-02-10 19:55:17 - zone_v2_alerts - INFO - ZONE_COMPLETE | BACKTEST | #zv2_BACKTEST_4 | 02/10 09:05 - 02/10 09:47 | bars=43 | range=69073.60-69385.20 | POC=69244.98 | VAH=69343.65 | VAL=69198.24
2026-02-10 19:55:17 - zone_v2_alerts - INFO - SL_MODE_POC | BACKTEST | POC=69244.98 | dist=236.78 | buffer=50% | SL=69363.37
2026-02-10 19:55:17 - zone_v2_alerts - INFO - BLOCKED_SEQUENTIAL | BACKTEST | zv2_BACKTEST_4 | DOWN | open_trades=1
2026-02-10 19:55:17 - zone_v2_alerts - INFO - LOSS | BACKTEST | zv2_BACKTEST_3 | UP | pnl=-1R
2026-02-10 19:55:17 - zone_v2_alerts - INFO - ZONE_BUILDING | BACKTEST | #5 | 02/10 09:50 - 02/10 09:57 | bars=8
2026-02-10 19:55:17 - zone_v2_alerts - INFO - ZONE_COMPLETE | BACKTEST | #zv2_BACKTEST_5 | 02/10 09:50 - 02/10 11:41 | bars=112 | range=68783.90-69221.00 | POC=68995.16 | VAH=69075.30 | VAL=68842.18
2026-02-10 19:55:17 - zone_v2_alerts - INFO - SL_MODE_POC | BACKTEST | POC=68995.16 | dist=364.06 | buffer=50% | SL=69177.20
2026-02-10 19:55:17 - zone_v2_alerts - INFO - BREAKOUT | BACKTEST | zv2_BACKTEST_5 | DOWN | VA_BREAKOUT | entry=68631.10 | SL=69177.20 | TP=68085.00 | R=546.10
2026-02-10 19:55:17 - zone_v2_alerts - INFO - ZONE_BUILDING | BACKTEST | #6 | 02/10 12:26 - 02/10 12:33 | bars=8
2026-02-10 19:55:17 - zone_v2_alerts - INFO - ZONE_COMPLETE | BACKTEST | #zv2_BACKTEST_6 | 02/10 12:26 - 02/10 12:44 | bars=19 | range=68518.30-68819.90 | POC=68744.50 | VAH=68819.90 | VAL=68598.73
2026-02-10 19:55:17 - zone_v2_alerts - INFO - SL_MODE_POC | BACKTEST | POC=68744.50 | dist=196.00 | buffer=50% | SL=68842.50
2026-02-10 19:55:17 - zone_v2_alerts - INFO - BLOCKED_SEQUENTIAL | BACKTEST | zv2_BACKTEST_6 | DOWN | open_trades=1
2026-02-10 19:55:17 - zone_v2_alerts - INFO - ZONE_BUILDING | BACKTEST | #7 | 02/10 12:46 - 02/10 12:53 | bars=8
2026-02-10 19:55:17 - zone_v2_alerts - INFO - ZONE_COMPLETE | BACKTEST | #zv2_BACKTEST_7 | 02/10 12:46 - 02/10 13:23 | bars=38 | range=68286.20-68719.20 | POC=68495.48 | VAH=68574.87 | VAL=68416.10
2026-02-10 19:55:17 - zone_v2_alerts - INFO - SL_MODE_POC | BACKTEST | POC=68495.48 | dist=192.12 | buffer=50% | SL=68399.42
2026-02-10 19:55:17 - zone_v2_alerts - INFO - BLOCKED_SEQUENTIAL | BACKTEST | zv2_BACKTEST_7 | UP | open_trades=1
2026-02-10 19:55:17 - zone_v2_alerts - INFO - LOSS | BACKTEST | zv2_BACKTEST_5 | DOWN | pnl=-1R
2026-02-10 19:55:17 - zone_v2_alerts - INFO - ZONE_BUILDING | BACKTEST | #8 | 02/10 16:06 - 02/10 16:13 | bars=8
2026-02-10 19:55:17 - zone_v2_alerts - INFO - ZONE_COMPLETE | BACKTEST | #zv2_BACKTEST_8 | 02/10 16:06 - 02/10 16:13 | bars=8 | range=68900.10-69360.60 | POC=68969.18 | VAH=69115.00 | VAL=68900.10
2026-02-10 19:55:17 - zone_v2_alerts - INFO - SL_MODE_POC | BACKTEST | POC=68969.18 | dist=577.82 | buffer=50% | SL=68680.26
2026-02-10 19:55:17 - zone_v2_alerts - INFO - BREAKOUT | BACKTEST | zv2_BACKTEST_8 | UP | VA_BREAKOUT | entry=69547.00 | SL=68680.26 | TP=70413.74 | R=866.74
2026-02-10 19:55:17 - zone_v2_alerts - INFO - ZONE_BUILDING | BACKTEST | #9 | 02/10 16:17 - 02/10 16:24 | bars=8
2026-02-10 19:55:17 - zone_v2_alerts - INFO - ZONE_COMPLETE | BACKTEST | #zv2_BACKTEST_9 | 02/10 16:17 - 02/10 18:20 | bars=124 | range=69224.70-69982.20 | POC=69388.82 | VAH=69754.95 | VAL=69300.45
2026-02-10 19:55:17 - zone_v2_alerts - INFO - SL_MODE_POC | BACKTEST | POC=69388.82 | dist=308.72 | buffer=50% | SL=69543.19
2026-02-10 19:55:17 - zone_v2_alerts - INFO - BLOCKED_SEQUENTIAL | BACKTEST | zv2_BACKTEST_9 | DOWN | open_trades=1
2026-02-10 19:55:17 - zone_v2_alerts - INFO - LOSS | BACKTEST | zv2_BACKTEST_8 | UP | pnl=-1R
2026-02-10 19:55:17 - zone_v2_alerts - INFO - ZONE_BUILDING | BACKTEST | #10 | 02/10 19:03 - 02/10 19:10 | bars=8
2026-02-10 19:55:17 - zone_v2_alerts - INFO - ZONE_COMPLETE | BACKTEST | #zv2_BACKTEST_10 | 02/10 19:03 - 02/10 20:11 | bars=69 | range=68650.00-69268.30 | POC=69175.55 | VAH=69247.69 | VAL=68835.49
2026-02-10 19:55:17 - zone_v2_alerts - INFO - SL_MODE_POC | BACKTEST | POC=69175.55 | dist=450.85 | buffer=50% | SL=69400.98
2026-02-10 19:55:17 - zone_v2_alerts - INFO - BREAKOUT | BACKTEST | zv2_BACKTEST_10 | DOWN | VA_BREAKOUT | entry=68724.70 | SL=69400.98 | TP=68048.42 | R=676.28
2026-02-10 19:55:17 - zone_v2_alerts - INFO - ZONE_BUILDING | BACKTEST | #11 | 02/10 20:14 - 02/10 20:21 | bars=8
2026-02-10 19:55:17 - zone_v2_alerts - INFO - ZONE_COMPLETE | BACKTEST | #zv2_BACKTEST_11 | 02/10 20:14 - 02/10 21:30 | bars=77 | range=68509.40-68978.70 | POC=68783.16 | VAH=68884.84 | VAL=68697.12
2026-02-10 19:55:17 - zone_v2_alerts - INFO - SL_MODE_POC | BACKTEST | POC=68783.16 | dist=372.06 | buffer=50% | SL=68969.19
2026-02-10 19:55:17 - zone_v2_alerts - INFO - BLOCKED_SEQUENTIAL | BACKTEST | zv2_BACKTEST_11 | DOWN | open_trades=1
2026-02-10 19:55:17 - zone_v2_alerts - INFO - ZONE_BUILDING | BACKTEST | #12 | 02/10 22:07 - 02/10 22:14 | bars=8
2026-02-10 19:55:17 - zone_v2_alerts - INFO - ZONE_COMPLETE | BACKTEST | #zv2_BACKTEST_12 | 02/10 22:07 - 02/11 00:25 | bars=139 | range=68471.30-69076.30 | POC=68622.55 | VAH=68854.47 | VAL=68551.97
2026-02-10 19:55:17 - zone_v2_alerts - INFO - SL_MODE_POC | BACKTEST | POC=68622.55 | dist=542.05 | buffer=50% | SL=68351.52
2026-02-10 19:55:17 - zone_v2_alerts - INFO - BLOCKED_SEQUENTIAL | BACKTEST | zv2_BACKTEST_12 | UP | open_trades=1
2026-02-10 19:55:17 - zone_v2 - INFO - [BACKTEST] Warmup completado: 60 velas, ATR=60, SMA=60
2026-02-10 19:55:17 - zone_v2_alerts - INFO - ZONE_BUILDING | BACKTEST | #1 | 02/10 02:16 - 02/10 02:23 | bars=8
2026-02-10 19:55:17 - zone_v2_alerts - INFO - ZONE_COMPLETE | BACKTEST | #zv2_BACKTEST_1 | 02/10 02:16 - 02/10 02:35 | bars=20 | range=70094.70-70430.70 | POC=70212.30 | VAH=70341.10 | VAL=70206.70
2026-02-10 19:55:17 - zone_v2_alerts - INFO - SL_MODE_POC | BACKTEST | POC=70212.30 | dist=102.00 | buffer=50% | SL=70263.30
2026-02-10 19:55:17 - zone_v2_alerts - INFO - BREAKOUT | BACKTEST | zv2_BACKTEST_1 | DOWN | VA_BREAKOUT | entry=70110.30 | SL=70263.30 | TP=69957.30 | R=153.00
2026-02-10 19:55:17 - zone_v2_alerts - INFO - WIN | BACKTEST | zv2_BACKTEST_1 | DOWN | pnl=+1R
2026-02-10 19:55:17 - zone_v2_alerts - INFO - ZONE_BUILDING | BACKTEST | #2 | 02/10 04:44 - 02/10 04:51 | bars=8
2026-02-10 19:55:17 - zone_v2_alerts - INFO - ZONE_COMPLETE | BACKTEST | #zv2_BACKTEST_2 | 02/10 04:44 - 02/10 05:19 | bars=36 | range=69580.50-69874.90 | POC=69693.35 | VAH=69806.21 | VAL=69649.19
2026-02-10 19:55:17 - zone_v2_alerts - INFO - SL_MODE_POC | BACKTEST | POC=69693.35 | dist=158.25 | buffer=50% | SL=69772.48
2026-02-10 19:55:17 - zone_v2_alerts - INFO - BREAKOUT | BACKTEST | zv2_BACKTEST_2 | DOWN | VA_BREAKOUT | entry=69535.10 | SL=69772.48 | TP=69297.72 | R=237.38
2026-02-10 19:55:17 - zone_v2_alerts - INFO - WIN | BACKTEST | zv2_BACKTEST_2 | DOWN | pnl=+1R
2026-02-10 19:55:17 - zone_v2_alerts - INFO - ZONE_BUILDING | BACKTEST | #3 | 02/10 06:26 - 02/10 06:33 | bars=8
2026-02-10 19:55:17 - zone_v2_alerts - INFO - ZONE_COMPLETE | BACKTEST | #zv2_BACKTEST_3 | 02/10 06:26 - 02/10 06:40 | bars=15 | range=68966.70-69259.50 | POC=69147.26 | VAH=69181.42 | VAL=69015.50
2026-02-10 19:55:17 - zone_v2_alerts - INFO - SL_MODE_POC | BACKTEST | POC=69147.26 | dist=345.66 | buffer=50% | SL=69320.09
2026-02-10 19:55:17 - zone_v2_alerts - INFO - BREAKOUT | BACKTEST | zv2_BACKTEST_3 | DOWN | VA_BREAKOUT | entry=68801.60 | SL=69320.09 | TP=68283.11 | R=518.49
2026-02-10 19:55:17 - zone_v2_alerts - INFO - ZONE_BUILDING | BACKTEST | #4 | 02/10 07:26 - 02/10 07:33 | bars=8
2026-02-10 19:55:17 - zone_v2_alerts - INFO - ZONE_COMPLETE | BACKTEST | #zv2_BACKTEST_4 | 02/10 07:26 - 02/10 08:14 | bars=49 | range=68778.50-69101.40 | POC=68902.28 | VAH=68972.24 | VAL=68853.84
2026-02-10 19:55:17 - zone_v2_alerts - INFO - SL_MODE_POC | BACKTEST | POC=68902.28 | dist=186.48 | buffer=50% | SL=68995.52
2026-02-10 19:55:17 - zone_v2_alerts - INFO - BLOCKED_SEQUENTIAL | BACKTEST | zv2_BACKTEST_4 | DOWN | open_trades=1
2026-02-10 19:55:17 - zone_v2_alerts - INFO - ZONE_BUILDING | BACKTEST | #5 | 02/10 08:53 - 02/10 09:00 | bars=8
2026-02-10 19:55:17 - zone_v2_alerts - INFO - ZONE_COMPLETE | BACKTEST | #zv2_BACKTEST_5 | 02/10 08:53 - 02/10 09:02 | bars=10 | range=69029.50-69188.50 | POC=69122.25 | VAH=69188.50 | VAL=69087.80
2026-02-10 19:55:17 - zone_v2_alerts - INFO - LOSS | BACKTEST | zv2_BACKTEST_3 | DOWN | pnl=-1R
2026-02-10 19:55:17 - zone_v2_alerts - INFO - SL_MODE_POC | BACKTEST | POC=69122.25 | dist=147.25 | buffer=50% | SL=69048.62
2026-02-10 19:55:17 - zone_v2_alerts - INFO - BREAKOUT | BACKTEST | zv2_BACKTEST_5 | UP | VA_BREAKOUT | entry=69269.50 | SL=69048.62 | TP=69490.38 | R=220.88
2026-02-10 19:55:17 - zone_v2_alerts - INFO - ZONE_BUILDING | BACKTEST | #6 | 02/10 09:06 - 02/10 09:13 | bars=8
2026-02-10 19:55:17 - zone_v2_alerts - INFO - ZONE_COMPLETE | BACKTEST | #zv2_BACKTEST_6 | 02/10 09:06 - 02/10 09:35 | bars=30 | range=69114.20-69385.20 | POC=69245.18 | VAH=69312.93 | VAL=69204.53
2026-02-10 19:55:17 - zone_v2_alerts - INFO - SL_MODE_POC | BACKTEST | POC=69245.18 | dist=136.58 | buffer=50% | SL=69313.47
2026-02-10 19:55:17 - zone_v2_alerts - INFO - BLOCKED_SEQUENTIAL | BACKTEST | zv2_BACKTEST_6 | DOWN | open_trades=1
2026-02-10 19:55:17 - zone_v2_alerts - INFO - ZONE_BUILDING | BACKTEST | #7 | 02/10 09:38 - 02/10 09:45 | bars=8
2026-02-10 19:55:17 - zone_v2_alerts - INFO - ZONE_COMPLETE | BACKTEST | #zv2_BACKTEST_7 | 02/10 09:38 - 02/10 09:47 | bars=10 | range=69073.60-69213.90 | POC=69146.09 | VAH=69167.13 | VAL=69106.34
2026-02-10 19:55:17 - zone_v2_alerts - INFO - LOSS | BACKTEST | zv2_BACKTEST_5 | UP | pnl=-1R
2026-02-10 19:55:17 - zone_v2_alerts - INFO - SL_MODE_POC | BACKTEST | POC=69146.09 | dist=137.89 | buffer=50% | SL=69215.03
2026-02-10 19:55:17 - zone_v2_alerts - INFO - BREAKOUT | BACKTEST | zv2_BACKTEST_7 | DOWN | VA_BREAKOUT | entry=69008.20 | SL=69215.03 | TP=68801.37 | R=206.83
2026-02-10 19:55:17 - zone_v2_alerts - INFO - ZONE_BUILDING | BACKTEST | #8 | 02/10 10:11 - 02/10 10:18 | bars=8
2026-02-10 19:55:17 - zone_v2_alerts - INFO - LOSS | BACKTEST | zv2_BACKTEST_7 | DOWN | pnl=-1R
2026-02-10 19:55:17 - zone_v2_alerts - INFO - ZONE_COMPLETE | BACKTEST | #zv2_BACKTEST_8 | 02/10 10:11 - 02/10 10:58 | bars=48 | range=68914.20-69221.00 | POC=68990.90 | VAH=69077.83 | VAL=68924.43
2026-02-10 19:55:17 - zone_v2_alerts - INFO - SL_MODE_POC | BACKTEST | POC=68990.90 | dist=189.90 | buffer=50% | SL=69085.85
2026-02-10 19:55:17 - zone_v2_alerts - INFO - BREAKOUT | BACKTEST | zv2_BACKTEST_8 | DOWN | VA_BREAKOUT | entry=68801.00 | SL=69085.85 | TP=68516.15 | R=284.85
2026-02-10 19:55:17 - zone_v2_alerts - INFO - ZONE_BUILDING | BACKTEST | #9 | 02/10 11:02 - 02/10 11:09 | bars=8
2026-02-10 19:55:17 - zone_v2_alerts - INFO - ZONE_COMPLETE | BACKTEST | #zv2_BACKTEST_9 | 02/10 11:02 - 02/10 11:32 | bars=31 | range=68801.00-68975.70 | POC=68937.85 | VAH=68964.05 | VAL=68865.06
2026-02-10 19:55:17 - zone_v2_alerts - INFO - SL_MODE_POC | BACKTEST | POC=68937.85 | dist=85.55 | buffer=50% | SL=68895.07
2026-02-10 19:55:17 - zone_v2_alerts - INFO - BLOCKED_SEQUENTIAL | BACKTEST | zv2_BACKTEST_9 | UP | open_trades=1
2026-02-10 19:55:17 - zone_v2_alerts - INFO - ZONE_BUILDING | BACKTEST | #10 | 02/10 11:34 - 02/10 11:41 | bars=8
2026-02-10 19:55:17 - zone_v2_alerts - INFO - ZONE_COMPLETE | BACKTEST | #zv2_BACKTEST_10 | 02/10 11:34 - 02/10 11:41 | bars=8 | range=68835.90-69047.20 | POC=69008.46 | VAH=69040.16 | VAL=68934.51
2026-02-10 19:55:17 - zone_v2_alerts - INFO - SL_MODE_POC | BACKTEST | POC=69008.46 | dist=377.36 | buffer=50% | SL=69197.14
2026-02-10 19:55:17 - zone_v2_alerts - INFO - BLOCKED_SEQUENTIAL | BACKTEST | zv2_BACKTEST_10 | DOWN | open_trades=1
2026-02-10 19:55:17 - zone_v2_alerts - INFO - WIN | BACKTEST | zv2_BACKTEST_8 | DOWN | pnl=+1R
2026-02-10 19:55:17 - zone_v2_alerts - INFO - ZONE_BUILDING | BACKTEST | #11 | 02/10 12:31 - 02/10 12:38 | bars=8
2026-02-10 19:55:17 - zone_v2_alerts - INFO - ZONE_COMPLETE | BACKTEST | #zv2_BACKTEST_11 | 02/10 12:31 - 02/10 13:31 | bars=61 | range=68286.20-68819.90 | POC=68490.79 | VAH=68642.00 | VAL=68428.52
2026-02-10 19:55:17 - zone_v2_alerts - INFO - SL_MODE_POC | BACKTEST | POC=68490.79 | dist=496.32 | buffer=50% | SL=68242.63
2026-02-10 19:55:17 - zone_v2_alerts - INFO - BREAKOUT | BACKTEST | zv2_BACKTEST_11 | UP | VA_BREAKOUT | entry=68987.10 | SL=68242.63 | TP=69731.57 | R=744.47
2026-02-10 19:55:17 - zone_v2_alerts - INFO - LOSS | BACKTEST | zv2_BACKTEST_11 | UP | pnl=-1R
2026-02-10 19:55:17 - zone_v2_alerts - INFO - ZONE_BUILDING | BACKTEST | #12 | 02/10 15:43 - 02/10 15:50 | bars=8
2026-02-10 19:55:17 - zone_v2_alerts - INFO - ZONE_COMPLETE | BACKTEST | #zv2_BACKTEST_12 | 02/10 15:43 - 02/10 16:13 | bars=31 | range=68900.10-69390.50 | POC=69235.21 | VAH=69341.46 | VAL=69079.91
2026-02-10 19:55:17 - zone_v2_alerts - INFO - SL_MODE_POC | BACKTEST | POC=69235.21 | dist=311.79 | buffer=50% | SL=69079.31
2026-02-10 19:55:17 - zone_v2_alerts - INFO - BREAKOUT | BACKTEST | zv2_BACKTEST_12 | UP | VA_BREAKOUT | entry=69547.00 | SL=69079.31 | TP=70014.69 | R=467.69
2026-02-10 19:55:17 - zone_v2_alerts - INFO - ZONE_BUILDING | BACKTEST | #13 | 02/10 16:16 - 02/10 16:23 | bars=8
2026-02-10 19:55:17 - zone_v2_alerts - INFO - ZONE_COMPLETE | BACKTEST | #zv2_BACKTEST_13 | 02/10 16:16 - 02/10 17:31 | bars=76 | range=69224.70-69786.80 | POC=69383.96 | VAH=69618.17 | VAL=69299.65
2026-02-10 19:55:17 - zone_v2_alerts - INFO - SL_MODE_POC | BACKTEST | POC=69383.96 | dist=383.04 | buffer=50% | SL=69192.44
2026-02-10 19:55:17 - zone_v2_alerts - INFO - BLOCKED_SEQUENTIAL | BACKTEST | zv2_BACKTEST_13 | UP | open_trades=1
2026-02-10 19:55:17 - zone_v2_alerts - INFO - ZONE_BUILDING | BACKTEST | #14 | 02/10 18:08 - 02/10 18:15 | bars=8
2026-02-10 19:55:17 - zone_v2_alerts - INFO - ZONE_COMPLETE | BACKTEST | #zv2_BACKTEST_14 | 02/10 18:08 - 02/10 18:16 | bars=9 | range=69450.50-69659.30 | POC=69544.46 | VAH=69631.46 | VAL=69520.10
2026-02-10 19:55:17 - zone_v2_alerts - INFO - SL_MODE_POC | BACKTEST | POC=69544.46 | dist=332.96 | buffer=50% | SL=69710.94
2026-02-10 19:55:17 - zone_v2_alerts - INFO - BLOCKED_SEQUENTIAL | BACKTEST | zv2_BACKTEST_14 | DOWN | open_trades=1
2026-02-10 19:55:17 - zone_v2_alerts - INFO - LOSS | BACKTEST | zv2_BACKTEST_12 | UP | pnl=-1R
2026-02-10 19:55:17 - zone_v2_alerts - INFO - ZONE_BUILDING | BACKTEST | #15 | 02/10 19:21 - 02/10 19:28 | bars=8
2026-02-10 19:55:17 - zone_v2_alerts - INFO - ZONE_COMPLETE | BACKTEST | #zv2_BACKTEST_15 | 02/10 19:21 - 02/10 19:34 | bars=14 | range=68696.20-69052.80 | POC=68904.22 | VAH=68957.71 | VAL=68767.52
2026-02-10 19:55:17 - zone_v2_alerts - INFO - SL_MODE_POC | BACKTEST | POC=68904.22 | dist=319.08 | buffer=50% | SL=68744.68
2026-02-10 19:55:17 - zone_v2_alerts - INFO - BREAKOUT | BACKTEST | zv2_BACKTEST_15 | UP | VA_BREAKOUT | entry=69223.30 | SL=68744.68 | TP=69701.92 | R=478.62
2026-02-10 19:55:17 - zone_v2_alerts - INFO - LOSS | BACKTEST | zv2_BACKTEST_15 | UP | pnl=-1R
2026-02-10 19:55:17 - zone_v2_alerts - INFO - ZONE_BUILDING | BACKTEST | #16 | 02/10 20:49 - 02/10 20:56 | bars=8
2026-02-10 19:55:17 - zone_v2_alerts - INFO - ZONE_COMPLETE | BACKTEST | #zv2_BACKTEST_16 | 02/10 20:49 - 02/10 21:28 | bars=40 | range=68655.10-68978.70 | POC=68789.93 | VAH=68881.62 | VAL=68709.03
2026-02-10 19:55:17 - zone_v2_alerts - INFO - SL_MODE_POC | BACKTEST | POC=68789.93 | dist=395.53 | buffer=50% | SL=68987.70
2026-02-10 19:55:17 - zone_v2_alerts - INFO - BREAKOUT | BACKTEST | zv2_BACKTEST_16 | DOWN | VA_BREAKOUT | entry=68394.40 | SL=68987.70 | TP=67801.10 | R=593.30
2026-02-10 19:55:17 - zone_v2_alerts - INFO - ZONE_BUILDING | BACKTEST | #17 | 02/10 22:19 - 02/10 22:26 | bars=8
2026-02-10 19:55:17 - zone_v2_alerts - INFO - ZONE_COMPLETE | BACKTEST | #zv2_BACKTEST_17 | 02/10 22:19 - 02/10 22:38 | bars=20 | range=68517.30-68789.80 | POC=68585.43 | VAH=68717.13 | VAL=68553.63
2026-02-10 19:55:17 - zone_v2_alerts - INFO - SL_MODE_POC | BACKTEST | POC=68585.43 | dist=164.97 | buffer=50% | SL=68502.94
2026-02-10 19:55:17 - zone_v2_alerts - INFO - BLOCKED_SEQUENTIAL | BACKTEST | zv2_BACKTEST_17 | UP | open_trades=1
2026-02-10 19:55:17 - zone_v2_alerts - INFO - ZONE_BUILDING | BACKTEST | #18 | 02/10 22:40 - 02/10 22:47 | bars=8
2026-02-10 19:55:17 - zone_v2_alerts - INFO - ZONE_COMPLETE | BACKTEST | #zv2_BACKTEST_18 | 02/10 22:40 - 02/10 23:47 | bars=68 | range=68471.30-68830.00 | POC=68632.71 | VAH=68698.48 | VAL=68566.95
2026-02-10 19:55:17 - zone_v2_alerts - INFO - SL_MODE_POC | BACKTEST | POC=68632.71 | dist=167.09 | buffer=50% | SL=68549.17
2026-02-10 19:55:17 - zone_v2_alerts - INFO - BLOCKED_SEQUENTIAL | BACKTEST | zv2_BACKTEST_18 | UP | open_trades=1
2026-02-10 19:55:17 - zone_v2_alerts - INFO - ZONE_BUILDING | BACKTEST | #19 | 02/10 23:51 - 02/10 23:58 | bars=8
2026-02-10 19:55:17 - zone_v2_alerts - INFO - ZONE_COMPLETE | BACKTEST | #zv2_BACKTEST_19 | 02/10 23:51 - 02/11 00:04 | bars=14 | range=68738.10-68844.30 | POC=68803.59 | VAH=68808.90 | VAL=68773.50
2026-02-10 19:55:17 - zone_v2_alerts - INFO - SL_MODE_POC | BACKTEST | POC=68803.59 | dist=58.21 | buffer=50% | SL=68774.48
2026-02-10 19:55:17 - zone_v2_alerts - INFO - BLOCKED_SEQUENTIAL | BACKTEST | zv2_BACKTEST_19 | UP | open_trades=1
2026-02-10 19:55:17 - zone_v2_alerts - INFO - LOSS | BACKTEST | zv2_BACKTEST_16 | DOWN | pnl=-1R
2026-02-10 19:55:17 - zone_v2 - INFO - [BACKTEST] Warmup completado: 110 velas, ATR=110, SMA=110
2026-02-10 19:55:17 - zone_v2_alerts - INFO - ZONE_BUILDING | BACKTEST | #1 | 02/10 04:44 - 02/10 04:51 | bars=8
2026-02-10 19:55:17 - zone_v2_alerts - INFO - ZONE_COMPLETE | BACKTEST | #zv2_BACKTEST_1 | 02/10 04:44 - 02/10 05:19 | bars=36 | range=69580.50-69874.90 | POC=69693.35 | VAH=69806.21 | VAL=69649.19
2026-02-10 19:55:17 - zone_v2_alerts - INFO - SL_MODE_POC | BACKTEST | POC=69693.35 | dist=158.25 | buffer=50% | SL=69772.48
2026-02-10 19:55:17 - zone_v2_alerts - INFO - BREAKOUT | BACKTEST | zv2_BACKTEST_1 | DOWN | VA_BREAKOUT | entry=69535.10 | SL=69772.48 | TP=69297.72 | R=237.38
2026-02-10 19:55:17 - zone_v2_alerts - INFO - WIN | BACKTEST | zv2_BACKTEST_1 | DOWN | pnl=+1R
2026-02-10 19:55:17 - zone_v2_alerts - INFO - ZONE_BUILDING | BACKTEST | #2 | 02/10 07:26 - 02/10 07:33 | bars=8
2026-02-10 19:55:17 - zone_v2_alerts - INFO - ZONE_COMPLETE | BACKTEST | #zv2_BACKTEST_2 | 02/10 07:26 - 02/10 08:15 | bars=50 | range=68712.70-69101.40 | POC=68900.57 | VAH=68984.79 | VAL=68855.22
2026-02-10 19:55:17 - zone_v2_alerts - INFO - SL_MODE_POC | BACKTEST | POC=68900.57 | dist=167.67 | buffer=50% | SL=68984.41
2026-02-10 19:55:17 - zone_v2_alerts - INFO - BREAKOUT | BACKTEST | zv2_BACKTEST_2 | DOWN | VA_BREAKOUT | entry=68732.90 | SL=68984.41 | TP=68481.39 | R=251.51
2026-02-10 19:55:17 - zone_v2_alerts - INFO - ZONE_BUILDING | BACKTEST | #3 | 02/10 08:17 - 02/10 08:24 | bars=8
2026-02-10 19:55:17 - zone_v2_alerts - INFO - LOSS | BACKTEST | zv2_BACKTEST_2 | DOWN | pnl=-1R
2026-02-10 19:55:17 - zone_v2_alerts - INFO - ZONE_COMPLETE | BACKTEST | #zv2_BACKTEST_3 | 02/10 08:17 - 02/10 08:30 | bars=14 | range=68680.60-69075.60 | POC=69003.18 | VAH=69075.60 | VAL=68772.77
2026-02-10 19:55:17 - zone_v2_alerts - INFO - ZONE_BUILDING | BACKTEST | #4 | 02/10 08:32 - 02/10 08:39 | bars=8
2026-02-10 19:55:17 - zone_v2_alerts - INFO - SL_MODE_POC | BACKTEST | POC=69003.18 | dist=115.12 | buffer=50% | SL=68945.62
2026-02-10 19:55:17 - zone_v2_alerts - INFO - BREAKOUT | BACKTEST | zv2_BACKTEST_3 | UP | VA_BREAKOUT | entry=69118.30 | SL=68945.62 | TP=69290.98 | R=172.68
2026-02-10 19:55:17 - zone_v2_alerts - INFO - ZONE_COMPLETE | BACKTEST | #zv2_BACKTEST_4 | 02/10 08:32 - 02/10 08:48 | bars=17 | range=68796.00-69136.20 | POC=69051.15 | VAH=69124.86 | VAL=68932.08
2026-02-10 19:55:17 - zone_v2_alerts - INFO - SL_MODE_POC | BACKTEST | POC=69051.15 | dist=112.95 | buffer=50% | SL=68994.67
2026-02-10 19:55:17 - zone_v2_alerts - INFO - BLOCKED_SEQUENTIAL | BACKTEST | zv2_BACKTEST_4 | UP | open_trades=1
2026-02-10 19:55:17 - zone_v2_alerts - INFO - ZONE_BUILDING | BACKTEST | #5 | 02/10 08:50 - 02/10 08:57 | bars=8
2026-02-10 19:55:17 - zone_v2_alerts - INFO - ZONE_COMPLETE | BACKTEST | #zv2_BACKTEST_5 | 02/10 08:50 - 02/10 09:02 | bars=13 | range=69029.50-69188.50 | POC=69122.25 | VAH=69183.20 | VAL=69087.80
2026-02-10 19:55:17 - zone_v2_alerts - INFO - WIN | BACKTEST | zv2_BACKTEST_3 | UP | pnl=+1R
2026-02-10 19:55:17 - zone_v2_alerts - INFO - SL_MODE_POC | BACKTEST | POC=69122.25 | dist=147.25 | buffer=50% | SL=69048.62
2026-02-10 19:55:17 - zone_v2_alerts - INFO - BREAKOUT | BACKTEST | zv2_BACKTEST_5 | UP | VA_BREAKOUT | entry=69269.50 | SL=69048.62 | TP=69490.38 | R=220.88
2026-02-10 19:55:17 - zone_v2_alerts - INFO - ZONE_BUILDING | BACKTEST | #6 | 02/10 09:38 - 02/10 09:45 | bars=8
2026-02-10 19:55:17 - zone_v2_alerts - INFO - ZONE_COMPLETE | BACKTEST | #zv2_BACKTEST_6 | 02/10 09:38 - 02/10 09:47 | bars=10 | range=69073.60-69213.90 | POC=69146.09 | VAH=69167.13 | VAL=69106.34
2026-02-10 19:55:17 - zone_v2_alerts - INFO - LOSS | BACKTEST | zv2_BACKTEST_5 | UP | pnl=-1R
2026-02-10 19:55:17 - zone_v2_alerts - INFO - SL_MODE_POC | BACKTEST | POC=69146.09 | dist=137.89 | buffer=50% | SL=69215.03
2026-02-10 19:55:17 - zone_v2_alerts - INFO - BREAKOUT | BACKTEST | zv2_BACKTEST_6 | DOWN | VA_BREAKOUT | entry=69008.20 | SL=69215.03 | TP=68801.37 | R=206.83
2026-02-10 19:55:17 - zone_v2_alerts - INFO - ZONE_BUILDING | BACKTEST | #7 | 02/10 09:51 - 02/10 09:58 | bars=8
2026-02-10 19:55:17 - zone_v2_alerts - INFO - LOSS | BACKTEST | zv2_BACKTEST_6 | DOWN | pnl=-1R
2026-02-10 19:55:17 - zone_v2_alerts - INFO - ZONE_COMPLETE | BACKTEST | #zv2_BACKTEST_7 | 02/10 09:51 - 02/10 10:59 | bars=69 | range=68877.90-69221.00 | POC=69089.48 | VAH=69129.51 | VAL=68969.39
2026-02-10 19:55:17 - zone_v2_alerts - INFO - SL_MODE_POC | BACKTEST | POC=69089.48 | dist=207.08 | buffer=50% | SL=69193.02
2026-02-10 19:55:17 - zone_v2_alerts - INFO - BREAKOUT | BACKTEST | zv2_BACKTEST_7 | DOWN | VA_BREAKOUT | entry=68882.40 | SL=69193.02 | TP=68571.78 | R=310.62
2026-02-10 19:55:17 - zone_v2_alerts - INFO - ZONE_BUILDING | BACKTEST | #8 | 02/10 11:02 - 02/10 11:09 | bars=8
2026-02-10 19:55:17 - zone_v2_alerts - INFO - ZONE_COMPLETE | BACKTEST | #zv2_BACKTEST_8 | 02/10 11:02 - 02/10 11:32 | bars=31 | range=68801.00-68975.70 | POC=68937.85 | VAH=68964.05 | VAL=68865.06
2026-02-10 19:55:17 - zone_v2_alerts - INFO - SL_MODE_POC | BACKTEST | POC=68937.85 | dist=85.55 | buffer=50% | SL=68895.07
2026-02-10 19:55:17 - zone_v2_alerts - INFO - BLOCKED_SEQUENTIAL | BACKTEST | zv2_BACKTEST_8 | UP | open_trades=1
2026-02-10 19:55:17 - zone_v2_alerts - INFO - WIN | BACKTEST | zv2_BACKTEST_7 | DOWN | pnl=+1R
2026-02-10 19:55:17 - zone_v2_alerts - INFO - ZONE_BUILDING | BACKTEST | #9 | 02/10 12:31 - 02/10 12:38 | bars=8
2026-02-10 19:55:17 - zone_v2_alerts - INFO - ZONE_COMPLETE | BACKTEST | #zv2_BACKTEST_9 | 02/10 12:31 - 02/10 13:31 | bars=61 | range=68286.20-68819.90 | POC=68490.79 | VAH=68642.00 | VAL=68428.52
2026-02-10 19:55:17 - zone_v2_alerts - INFO - SL_MODE_POC | BACKTEST | POC=68490.79 | dist=496.32 | buffer=50% | SL=68242.63
2026-02-10 19:55:17 - zone_v2_alerts - INFO - BREAKOUT | BACKTEST | zv2_BACKTEST_9 | UP | VA_BREAKOUT | entry=68987.10 | SL=68242.63 | TP=69731.57 | R=744.47
2026-02-10 19:55:17 - zone_v2_alerts - INFO - LOSS | BACKTEST | zv2_BACKTEST_9 | UP | pnl=-1R
2026-02-10 19:55:17 - zone_v2_alerts - INFO - ZONE_BUILDING | BACKTEST | #10 | 02/10 16:02 - 02/10 16:09 | bars=8
2026-02-10 19:55:17 - zone_v2_alerts - INFO - ZONE_COMPLETE | BACKTEST | #zv2_BACKTEST_10 | 02/10 16:02 - 02/10 18:19 | bars=138 | range=68900.10-69982.20 | POC=69603.46 | VAH=69837.92 | VAL=69332.94
2026-02-10 19:55:17 - zone_v2_alerts - INFO - SL_MODE_POC | BACKTEST | POC=69603.46 | dist=322.07 | buffer=50% | SL=69764.50
2026-02-10 19:55:17 - zone_v2_alerts - INFO - BREAKOUT | BACKTEST | zv2_BACKTEST_10 | DOWN | VA_BREAKOUT | entry=69281.40 | SL=69764.50 | TP=68798.30 | R=483.10
2026-02-10 19:55:17 - zone_v2_alerts - INFO - WIN | BACKTEST | zv2_BACKTEST_10 | DOWN | pnl=+1R
2026-02-10 19:55:17 - zone_v2_alerts - INFO - ZONE_BUILDING | BACKTEST | #11 | 02/10 19:22 - 02/10 19:29 | bars=8
2026-02-10 19:55:17 - zone_v2_alerts - INFO - ZONE_COMPLETE | BACKTEST | #zv2_BACKTEST_11 | 02/10 19:22 - 02/10 19:34 | bars=13 | range=68696.20-69052.80 | POC=68904.22 | VAH=68957.71 | VAL=68767.52
2026-02-10 19:55:17 - zone_v2_alerts - INFO - SL_MODE_POC | BACKTEST | POC=68904.22 | dist=319.08 | buffer=50% | SL=68744.68
2026-02-10 19:55:17 - zone_v2_alerts - INFO - BREAKOUT | BACKTEST | zv2_BACKTEST_11 | UP | VA_BREAKOUT | entry=69223.30 | SL=68744.68 | TP=69701.92 | R=478.62
2026-02-10 19:55:17 - zone_v2_alerts - INFO - LOSS | BACKTEST | zv2_BACKTEST_11 | UP | pnl=-1R
2026-02-10 19:55:17 - zone_v2_alerts - INFO - ZONE_BUILDING | BACKTEST | #12 | 02/10 20:48 - 02/10 20:55 | bars=8
2026-02-10 19:55:17 - zone_v2_alerts - INFO - ZONE_COMPLETE | BACKTEST | #zv2_BACKTEST_12 | 02/10 20:48 - 02/10 21:28 | bars=41 | range=68655.10-68978.70 | POC=68789.93 | VAH=68881.62 | VAL=68709.03
2026-02-10 19:55:17 - zone_v2_alerts - INFO - SL_MODE_POC | BACKTEST | POC=68789.93 | dist=395.53 | buffer=50% | SL=68987.70
2026-02-10 19:55:17 - zone_v2_alerts - INFO - BREAKOUT | BACKTEST | zv2_BACKTEST_12 | DOWN | VA_BREAKOUT | entry=68394.40 | SL=68987.70 | TP=67801.10 | R=593.30
2026-02-10 19:55:17 - zone_v2_alerts - INFO - ZONE_BUILDING | BACKTEST | #13 | 02/10 22:18 - 02/10 22:25 | bars=8
2026-02-10 19:55:17 - zone_v2_alerts - INFO - ZONE_COMPLETE | BACKTEST | #zv2_BACKTEST_13 | 02/10 22:18 - 02/10 23:47 | bars=90 | range=68471.30-68830.00 | POC=68632.71 | VAH=68710.43 | VAL=68566.95
2026-02-10 19:55:17 - zone_v2_alerts - INFO - SL_MODE_POC | BACKTEST | POC=68632.71 | dist=167.09 | buffer=50% | SL=68549.17
2026-02-10 19:55:17 - zone_v2_alerts - INFO - BLOCKED_SEQUENTIAL | BACKTEST | zv2_BACKTEST_13 | UP | open_trades=1
2026-02-10 19:55:17 - zone_v2_alerts - INFO - ZONE_BUILDING | BACKTEST | #14 | 02/10 23:51 - 02/10 23:58 | bars=8
2026-02-10 19:55:17 - zone_v2_alerts - INFO - ZONE_COMPLETE | BACKTEST | #zv2_BACKTEST_14 | 02/10 23:51 - 02/11 00:04 | bars=14 | range=68738.10-68844.30 | POC=68803.59 | VAH=68808.90 | VAL=68773.50
2026-02-10 19:55:17 - zone_v2_alerts - INFO - SL_MODE_POC | BACKTEST | POC=68803.59 | dist=58.21 | buffer=50% | SL=68774.48
2026-02-10 19:55:17 - zone_v2_alerts - INFO - BLOCKED_SEQUENTIAL | BACKTEST | zv2_BACKTEST_14 | UP | open_trades=1
2026-02-10 19:55:17 - zone_v2_alerts - INFO - LOSS | BACKTEST | zv2_BACKTEST_12 | DOWN | pnl=-1R
[BTCUSDT] [V2 OPTIMIZE] Progreso: 410/462 (61.9s)
2026-02-10 19:55:17 - zone_v2 - INFO - [BACKTEST] Warmup completado: 160 velas, ATR=160, SMA=160
2026-02-10 19:55:17 - zone_v2_alerts - INFO - ZONE_BUILDING | BACKTEST | #1 | 02/10 04:47 - 02/10 04:54 | bars=8
2026-02-10 19:55:17 - zone_v2_alerts - INFO - ZONE_COMPLETE | BACKTEST | #zv2_BACKTEST_1 | 02/10 04:47 - 02/10 05:26 | bars=40 | range=69509.20-69874.90 | POC=69685.96 | VAH=69850.52 | VAL=69643.29
2026-02-10 19:55:17 - zone_v2_alerts - INFO - SL_MODE_POC | BACKTEST | POC=69685.96 | dist=198.15 | buffer=50% | SL=69785.03
2026-02-10 19:55:17 - zone_v2_alerts - INFO - BREAKOUT | BACKTEST | zv2_BACKTEST_1 | DOWN | VA_BREAKOUT | entry=69487.80 | SL=69785.03 | TP=69190.57 | R=297.23
2026-02-10 19:55:17 - zone_v2_alerts - INFO - WIN | BACKTEST | zv2_BACKTEST_1 | DOWN | pnl=+1R
2026-02-10 19:55:17 - zone_v2_alerts - INFO - ZONE_BUILDING | BACKTEST | #2 | 02/10 07:27 - 02/10 07:34 | bars=8
2026-02-10 19:55:17 - zone_v2_alerts - INFO - ZONE_COMPLETE | BACKTEST | #zv2_BACKTEST_2 | 02/10 07:27 - 02/10 08:15 | bars=49 | range=68712.70-69101.40 | POC=68900.57 | VAH=68971.83 | VAL=68842.27
2026-02-10 19:55:17 - zone_v2_alerts - INFO - SL_MODE_POC | BACKTEST | POC=68900.57 | dist=167.67 | buffer=50% | SL=68984.41
2026-02-10 19:55:17 - zone_v2_alerts - INFO - BREAKOUT | BACKTEST | zv2_BACKTEST_2 | DOWN | VA_BREAKOUT | entry=68732.90 | SL=68984.41 | TP=68481.39 | R=251.51
2026-02-10 19:55:17 - zone_v2_alerts - INFO - ZONE_BUILDING | BACKTEST | #3 | 02/10 08:17 - 02/10 08:24 | bars=8
2026-02-10 19:55:17 - zone_v2_alerts - INFO - LOSS | BACKTEST | zv2_BACKTEST_2 | DOWN | pnl=-1R
2026-02-10 19:55:17 - zone_v2_alerts - INFO - ZONE_COMPLETE | BACKTEST | #zv2_BACKTEST_3 | 02/10 08:17 - 02/10 08:30 | bars=14 | range=68680.60-69075.60 | POC=69003.18 | VAH=69075.60 | VAL=68772.77
2026-02-10 19:55:17 - zone_v2_alerts - INFO - ZONE_BUILDING | BACKTEST | #4 | 02/10 08:32 - 02/10 08:39 | bars=8
2026-02-10 19:55:17 - zone_v2_alerts - INFO - SL_MODE_POC | BACKTEST | POC=69003.18 | dist=115.12 | buffer=50% | SL=68945.62
2026-02-10 19:55:17 - zone_v2_alerts - INFO - BREAKOUT | BACKTEST | zv2_BACKTEST_3 | UP | VA_BREAKOUT | entry=69118.30 | SL=68945.62 | TP=69290.98 | R=172.68
2026-02-10 19:55:17 - zone_v2_alerts - INFO - ZONE_COMPLETE | BACKTEST | #zv2_BACKTEST_4 | 02/10 08:32 - 02/10 09:02 | bars=31 | range=68796.00-69188.50 | POC=69064.21 | VAH=69188.50 | VAL=69018.42
2026-02-10 19:55:17 - zone_v2_alerts - INFO - WIN | BACKTEST | zv2_BACKTEST_3 | UP | pnl=+1R
2026-02-10 19:55:17 - zone_v2_alerts - INFO - SL_MODE_POC | BACKTEST | POC=69064.21 | dist=205.29 | buffer=50% | SL=68961.56
2026-02-10 19:55:17 - zone_v2_alerts - INFO - BREAKOUT | BACKTEST | zv2_BACKTEST_4 | UP | VA_BREAKOUT | entry=69269.50 | SL=68961.56 | TP=69577.44 | R=307.94
2026-02-10 19:55:17 - zone_v2_alerts - INFO - ZONE_BUILDING | BACKTEST | #5 | 02/10 09:05 - 02/10 09:12 | bars=8
2026-02-10 19:55:17 - zone_v2_alerts - INFO - ZONE_COMPLETE | BACKTEST | #zv2_BACKTEST_5 | 02/10 09:05 - 02/10 09:47 | bars=43 | range=69073.60-69385.20 | POC=69244.98 | VAH=69343.65 | VAL=69198.24
2026-02-10 19:55:17 - zone_v2_alerts - INFO - SL_MODE_POC | BACKTEST | POC=69244.98 | dist=236.78 | buffer=50% | SL=69363.37
2026-02-10 19:55:17 - zone_v2_alerts - INFO - BLOCKED_SEQUENTIAL | BACKTEST | zv2_BACKTEST_5 | DOWN | open_trades=1
2026-02-10 19:55:17 - zone_v2_alerts - INFO - LOSS | BACKTEST | zv2_BACKTEST_4 | UP | pnl=-1R
2026-02-10 19:55:17 - zone_v2_alerts - INFO - ZONE_BUILDING | BACKTEST | #6 | 02/10 09:51 - 02/10 09:58 | bars=8
2026-02-10 19:55:17 - zone_v2_alerts - INFO - ZONE_COMPLETE | BACKTEST | #zv2_BACKTEST_6 | 02/10 09:51 - 02/10 10:59 | bars=69 | range=68877.90-69221.00 | POC=69089.48 | VAH=69129.51 | VAL=68969.39
2026-02-10 19:55:17 - zone_v2_alerts - INFO - SL_MODE_POC | BACKTEST | POC=69089.48 | dist=207.08 | buffer=50% | SL=69193.02
2026-02-10 19:55:17 - zone_v2_alerts - INFO - BREAKOUT | BACKTEST | zv2_BACKTEST_6 | DOWN | VA_BREAKOUT | entry=68882.40 | SL=69193.02 | TP=68571.78 | R=310.62
2026-02-10 19:55:17 - zone_v2_alerts - INFO - ZONE_BUILDING | BACKTEST | #7 | 02/10 11:02 - 02/10 11:09 | bars=8
2026-02-10 19:55:17 - zone_v2_alerts - INFO - ZONE_COMPLETE | BACKTEST | #zv2_BACKTEST_7 | 02/10 11:02 - 02/10 11:32 | bars=31 | range=68801.00-68975.70 | POC=68937.85 | VAH=68964.05 | VAL=68865.06
2026-02-10 19:55:17 - zone_v2_alerts - INFO - SL_MODE_POC | BACKTEST | POC=68937.85 | dist=85.55 | buffer=50% | SL=68895.07
2026-02-10 19:55:17 - zone_v2_alerts - INFO - BLOCKED_SEQUENTIAL | BACKTEST | zv2_BACKTEST_7 | UP | open_trades=1
2026-02-10 19:55:17 - zone_v2_alerts - INFO - ZONE_BUILDING | BACKTEST | #8 | 02/10 11:34 - 02/10 11:41 | bars=8
2026-02-10 19:55:17 - zone_v2_alerts - INFO - ZONE_COMPLETE | BACKTEST | #zv2_BACKTEST_8 | 02/10 11:34 - 02/10 11:41 | bars=8 | range=68835.90-69047.20 | POC=69008.46 | VAH=69040.16 | VAL=68934.51
2026-02-10 19:55:17 - zone_v2_alerts - INFO - SL_MODE_POC | BACKTEST | POC=69008.46 | dist=377.36 | buffer=50% | SL=69197.14
2026-02-10 19:55:17 - zone_v2_alerts - INFO - BLOCKED_SEQUENTIAL | BACKTEST | zv2_BACKTEST_8 | DOWN | open_trades=1
2026-02-10 19:55:17 - zone_v2_alerts - INFO - WIN | BACKTEST | zv2_BACKTEST_6 | DOWN | pnl=+1R
2026-02-10 19:55:17 - zone_v2_alerts - INFO - ZONE_BUILDING | BACKTEST | #9 | 02/10 12:32 - 02/10 12:39 | bars=8
2026-02-10 19:55:17 - zone_v2_alerts - INFO - ZONE_COMPLETE | BACKTEST | #zv2_BACKTEST_9 | 02/10 12:32 - 02/10 12:44 | bars=13 | range=68518.30-68819.90 | POC=68603.75 | VAH=68648.99 | VAL=68518.30
2026-02-10 19:55:17 - zone_v2_alerts - INFO - ZONE_BUILDING | BACKTEST | #10 | 02/10 12:46 - 02/10 12:53 | bars=8
2026-02-10 19:55:17 - zone_v2_alerts - INFO - SL_MODE_POC | BACKTEST | POC=68603.75 | dist=123.95 | buffer=50% | SL=68665.73
2026-02-10 19:55:17 - zone_v2_alerts - INFO - BREAKOUT | BACKTEST | zv2_BACKTEST_9 | DOWN | VA_BREAKOUT | entry=68479.80 | SL=68665.73 | TP=68293.87 | R=185.93
2026-02-10 19:55:17 - zone_v2_alerts - INFO - WIN | BACKTEST | zv2_BACKTEST_9 | DOWN | pnl=+1R
2026-02-10 19:55:17 - zone_v2_alerts - INFO - ZONE_COMPLETE | BACKTEST | #zv2_BACKTEST_10 | 02/10 12:46 - 02/10 13:31 | bars=46 | range=68286.20-68768.00 | POC=68486.95 | VAH=68607.40 | VAL=68414.68
2026-02-10 19:55:17 - zone_v2_alerts - INFO - SL_MODE_POC | BACKTEST | POC=68486.95 | dist=500.15 | buffer=50% | SL=68236.88
2026-02-10 19:55:17 - zone_v2_alerts - INFO - BREAKOUT | BACKTEST | zv2_BACKTEST_10 | UP | VA_BREAKOUT | entry=68987.10 | SL=68236.88 | TP=69737.33 | R=750.23
2026-02-10 19:55:17 - zone_v2_alerts - INFO - LOSS | BACKTEST | zv2_BACKTEST_10 | UP | pnl=-1R
2026-02-10 19:55:17 - zone_v2_alerts - INFO - ZONE_BUILDING | BACKTEST | #11 | 02/10 16:16 - 02/10 16:23 | bars=8
2026-02-10 19:55:17 - uvicorn.access - INFO - 127.0.0.1:64710 - "GET /api/zones/v2/diagnostics/BTCUSDT HTTP/1.1" 200
2026-02-10 19:55:17 - zone_v2_alerts - INFO - ZONE_COMPLETE | BACKTEST | #zv2_BACKTEST_11 | 02/10 16:16 - 02/10 18:20 | bars=125 | range=69224.70-69982.20 | POC=69388.82 | VAH=69754.95 | VAL=69300.45
2026-02-10 19:55:17 - zone_v2_alerts - INFO - SL_MODE_POC | BACKTEST | POC=69388.82 | dist=308.72 | buffer=50% | SL=69543.19
2026-02-10 19:55:17 - zone_v2_alerts - INFO - BREAKOUT | BACKTEST | zv2_BACKTEST_11 | DOWN | VA_BREAKOUT | entry=69080.10 | SL=69543.19 | TP=68617.01 | R=463.09
2026-02-10 19:55:17 - zone_v2_alerts - INFO - WIN | BACKTEST | zv2_BACKTEST_11 | DOWN | pnl=+1R
2026-02-10 19:55:17 - zone_v2_alerts - INFO - ZONE_BUILDING | BACKTEST | #12 | 02/10 19:22 - 02/10 19:29 | bars=8
2026-02-10 19:55:17 - zone_v2_alerts - INFO - ZONE_COMPLETE | BACKTEST | #zv2_BACKTEST_12 | 02/10 19:22 - 02/10 19:34 | bars=13 | range=68696.20-69052.80 | POC=68904.22 | VAH=68957.71 | VAL=68767.52
2026-02-10 19:55:17 - zone_v2_alerts - INFO - SL_MODE_POC | BACKTEST | POC=68904.22 | dist=319.08 | buffer=50% | SL=68744.68
2026-02-10 19:55:17 - zone_v2_alerts - INFO - BREAKOUT | BACKTEST | zv2_BACKTEST_12 | UP | VA_BREAKOUT | entry=69223.30 | SL=68744.68 | TP=69701.92 | R=478.62
2026-02-10 19:55:17 - zone_v2_alerts - INFO - LOSS | BACKTEST | zv2_BACKTEST_12 | UP | pnl=-1R
2026-02-10 19:55:17 - zone_v2_alerts - INFO - ZONE_BUILDING | BACKTEST | #13 | 02/10 20:47 - 02/10 20:54 | bars=8
2026-02-10 19:55:17 - zone_v2_alerts - INFO - ZONE_COMPLETE | BACKTEST | #zv2_BACKTEST_13 | 02/10 20:47 - 02/10 21:29 | bars=43 | range=68608.00-68978.70 | POC=68787.17 | VAH=68892.20 | VAL=68694.50
2026-02-10 19:55:17 - zone_v2_alerts - INFO - SL_MODE_POC | BACKTEST | POC=68787.17 | dist=383.17 | buffer=50% | SL=68978.76
2026-02-10 19:55:17 - zone_v2_alerts - INFO - BREAKOUT | BACKTEST | zv2_BACKTEST_13 | DOWN | VA_BREAKOUT | entry=68404.00 | SL=68978.76 | TP=67829.24 | R=574.76
2026-02-10 19:55:17 - zone_v2_alerts - INFO - ZONE_BUILDING | BACKTEST | #14 | 02/10 22:18 - 02/10 22:25 | bars=8
2026-02-10 19:55:17 - zone_v2_alerts - INFO - ZONE_COMPLETE | BACKTEST | #zv2_BACKTEST_14 | 02/10 22:18 - 02/10 23:48 | bars=91 | range=68471.30-68830.00 | POC=68632.71 | VAH=68710.43 | VAL=68566.95
2026-02-10 19:55:17 - zone_v2_alerts - INFO - SL_MODE_POC | BACKTEST | POC=68632.71 | dist=115.29 | buffer=50% | SL=68575.07
2026-02-10 19:55:17 - zone_v2_alerts - INFO - BLOCKED_SEQUENTIAL | BACKTEST | zv2_BACKTEST_14 | UP | open_trades=1
2026-02-10 19:55:17 - zone_v2_alerts - INFO - ZONE_BUILDING | BACKTEST | #15 | 02/10 23:51 - 02/10 23:58 | bars=8
2026-02-10 19:55:17 - zone_v2_alerts - INFO - ZONE_COMPLETE | BACKTEST | #zv2_BACKTEST_15 | 02/10 23:51 - 02/11 00:04 | bars=14 | range=68738.10-68844.30 | POC=68803.59 | VAH=68808.90 | VAL=68773.50
2026-02-10 19:55:17 - zone_v2_alerts - INFO - SL_MODE_POC | BACKTEST | POC=68803.59 | dist=58.21 | buffer=50% | SL=68774.48
2026-02-10 19:55:17 - zone_v2_alerts - INFO - BLOCKED_SEQUENTIAL | BACKTEST | zv2_BACKTEST_15 | UP | open_trades=1
2026-02-10 19:55:17 - zone_v2_alerts - INFO - ZONE_BUILDING | BACKTEST | #16 | 02/11 00:06 - 02/11 00:13 | bars=8
2026-02-10 19:55:17 - zone_v2_alerts - INFO - ZONE_COMPLETE | BACKTEST | #zv2_BACKTEST_16 | 02/11 00:06 - 02/11 00:17 | bars=12 | range=68750.00-68955.50 | POC=68869.88 | VAH=68914.40 | VAL=68811.65
2026-02-10 19:55:17 - zone_v2_alerts - INFO - LOSS | BACKTEST | zv2_BACKTEST_13 | DOWN | pnl=-1R
2026-02-10 19:55:17 - zone_v2_alerts - INFO - SL_MODE_POC | BACKTEST | POC=68869.88 | dist=79.32 | buffer=50% | SL=68830.21
2026-02-10 19:55:17 - zone_v2_alerts - INFO - BREAKOUT | BACKTEST | zv2_BACKTEST_16 | UP | VA_BREAKOUT | entry=68949.20 | SL=68830.21 | TP=69068.19 | R=118.99
2026-02-10 19:55:17 - zone_v2_alerts - INFO - WIN | BACKTEST | zv2_BACKTEST_16 | UP | pnl=+1R
2026-02-10 19:55:17 - zone_v2 - INFO - [BACKTEST] Warmup completado: 210 velas, ATR=210, SMA=210
2026-02-10 19:55:17 - zone_v2_alerts - INFO - ZONE_BUILDING | BACKTEST | #1 | 02/10 04:46 - 02/10 04:53 | bars=8
2026-02-10 19:55:17 - zone_v2_alerts - INFO - ZONE_COMPLETE | BACKTEST | #zv2_BACKTEST_1 | 02/10 04:46 - 02/10 05:19 | bars=34 | range=69580.50-69874.90 | POC=69693.35 | VAH=69806.21 | VAL=69659.01
2026-02-10 19:55:17 - zone_v2_alerts - INFO - SL_MODE_POC | BACKTEST | POC=69693.35 | dist=158.25 | buffer=50% | SL=69772.48
2026-02-10 19:55:17 - zone_v2_alerts - INFO - BREAKOUT | BACKTEST | zv2_BACKTEST_1 | DOWN | VA_BREAKOUT | entry=69535.10 | SL=69772.48 | TP=69297.72 | R=237.38
2026-02-10 19:55:17 - zone_v2_alerts - INFO - WIN | BACKTEST | zv2_BACKTEST_1 | DOWN | pnl=+1R
2026-02-10 19:55:17 - zone_v2_alerts - INFO - ZONE_BUILDING | BACKTEST | #2 | 02/10 06:27 - 02/10 06:34 | bars=8
2026-02-10 19:55:17 - zone_v2_alerts - INFO - ZONE_COMPLETE | BACKTEST | #zv2_BACKTEST_2 | 02/10 06:27 - 02/10 06:40 | bars=14 | range=68966.70-69259.50 | POC=69147.26 | VAH=69181.42 | VAL=69015.50
2026-02-10 19:55:17 - zone_v2_alerts - INFO - SL_MODE_POC | BACKTEST | POC=69147.26 | dist=345.66 | buffer=50% | SL=69320.09
2026-02-10 19:55:17 - zone_v2_alerts - INFO - BREAKOUT | BACKTEST | zv2_BACKTEST_2 | DOWN | VA_BREAKOUT | entry=68801.60 | SL=69320.09 | TP=68283.11 | R=518.49
2026-02-10 19:55:17 - zone_v2_alerts - INFO - ZONE_BUILDING | BACKTEST | #3 | 02/10 07:27 - 02/10 07:34 | bars=8
2026-02-10 19:55:17 - zone_v2_alerts - INFO - ZONE_COMPLETE | BACKTEST | #zv2_BACKTEST_3 | 02/10 07:27 - 02/10 08:15 | bars=49 | range=68712.70-69101.40 | POC=68900.57 | VAH=68971.83 | VAL=68842.27
2026-02-10 19:55:17 - zone_v2_alerts - INFO - SL_MODE_POC | BACKTEST | POC=68900.57 | dist=167.67 | buffer=50% | SL=68984.41
2026-02-10 19:55:17 - zone_v2_alerts - INFO - BLOCKED_SEQUENTIAL | BACKTEST | zv2_BACKTEST_3 | DOWN | open_trades=1
2026-02-10 19:55:17 - zone_v2_alerts - INFO - ZONE_BUILDING | BACKTEST | #4 | 02/10 08:17 - 02/10 08:24 | bars=8
2026-02-10 19:55:17 - zone_v2_alerts - INFO - ZONE_COMPLETE | BACKTEST | #zv2_BACKTEST_4 | 02/10 08:17 - 02/10 08:30 | bars=14 | range=68680.60-69075.60 | POC=69003.18 | VAH=69075.60 | VAL=68772.77
2026-02-10 19:55:17 - zone_v2_alerts - INFO - ZONE_BUILDING | BACKTEST | #5 | 02/10 08:32 - 02/10 08:39 | bars=8
2026-02-10 19:55:17 - zone_v2_alerts - INFO - SL_MODE_POC | BACKTEST | POC=69003.18 | dist=115.12 | buffer=50% | SL=68945.62
2026-02-10 19:55:17 - zone_v2_alerts - INFO - BLOCKED_SEQUENTIAL | BACKTEST | zv2_BACKTEST_4 | UP | open_trades=1
2026-02-10 19:55:17 - zone_v2_alerts - INFO - ZONE_COMPLETE | BACKTEST | #zv2_BACKTEST_5 | 02/10 08:32 - 02/10 09:02 | bars=31 | range=68796.00-69188.50 | POC=69064.21 | VAH=69188.50 | VAL=69018.42
2026-02-10 19:55:17 - zone_v2_alerts - INFO - LOSS | BACKTEST | zv2_BACKTEST_2 | DOWN | pnl=-1R
2026-02-10 19:55:17 - zone_v2_alerts - INFO - SL_MODE_POC | BACKTEST | POC=69064.21 | dist=205.29 | buffer=50% | SL=68961.56
2026-02-10 19:55:17 - zone_v2_alerts - INFO - BREAKOUT | BACKTEST | zv2_BACKTEST_5 | UP | VA_BREAKOUT | entry=69269.50 | SL=68961.56 | TP=69577.44 | R=307.94
2026-02-10 19:55:17 - zone_v2_alerts - INFO - ZONE_BUILDING | BACKTEST | #6 | 02/10 09:05 - 02/10 09:12 | bars=8
2026-02-10 19:55:17 - zone_v2_alerts - INFO - ZONE_COMPLETE | BACKTEST | #zv2_BACKTEST_6 | 02/10 09:05 - 02/10 09:47 | bars=43 | range=69073.60-69385.20 | POC=69244.98 | VAH=69343.65 | VAL=69198.24
2026-02-10 19:55:17 - zone_v2_alerts - INFO - SL_MODE_POC | BACKTEST | POC=69244.98 | dist=236.78 | buffer=50% | SL=69363.37
2026-02-10 19:55:17 - zone_v2_alerts - INFO - BLOCKED_SEQUENTIAL | BACKTEST | zv2_BACKTEST_6 | DOWN | open_trades=1
2026-02-10 19:55:17 - zone_v2_alerts - INFO - LOSS | BACKTEST | zv2_BACKTEST_5 | UP | pnl=-1R
2026-02-10 19:55:17 - zone_v2_alerts - INFO - ZONE_BUILDING | BACKTEST | #7 | 02/10 09:50 - 02/10 09:57 | bars=8
2026-02-10 19:55:17 - zone_v2_alerts - INFO - ZONE_COMPLETE | BACKTEST | #zv2_BACKTEST_7 | 02/10 09:50 - 02/10 10:59 | bars=70 | range=68877.90-69221.00 | POC=68986.55 | VAH=69118.07 | VAL=68946.52
2026-02-10 19:55:17 - zone_v2_alerts - INFO - SL_MODE_POC | BACKTEST | POC=68986.55 | dist=104.15 | buffer=50% | SL=69038.62
2026-02-10 19:55:17 - zone_v2_alerts - INFO - BREAKOUT | BACKTEST | zv2_BACKTEST_7 | DOWN | VA_BREAKOUT | entry=68882.40 | SL=69038.62 | TP=68726.18 | R=156.22
2026-02-10 19:55:17 - zone_v2_alerts - INFO - ZONE_BUILDING | BACKTEST | #8 | 02/10 11:02 - 02/10 11:09 | bars=8
2026-02-10 19:55:17 - zone_v2_alerts - INFO - ZONE_COMPLETE | BACKTEST | #zv2_BACKTEST_8 | 02/10 11:02 - 02/10 11:32 | bars=31 | range=68801.00-68975.70 | POC=68937.85 | VAH=68964.05 | VAL=68865.06
2026-02-10 19:55:17 - zone_v2_alerts - INFO - LOSS | BACKTEST | zv2_BACKTEST_7 | DOWN | pnl=-1R
2026-02-10 19:55:17 - zone_v2_alerts - INFO - SL_MODE_POC | BACKTEST | POC=68937.85 | dist=85.55 | buffer=50% | SL=68895.07
2026-02-10 19:55:17 - zone_v2_alerts - INFO - BREAKOUT | BACKTEST | zv2_BACKTEST_8 | UP | VA_BREAKOUT | entry=69023.40 | SL=68895.07 | TP=69151.73 | R=128.33
2026-02-10 19:55:17 - zone_v2_alerts - INFO - LOSS | BACKTEST | zv2_BACKTEST_8 | UP | pnl=-1R
2026-02-10 19:55:17 - zone_v2_alerts - INFO - ZONE_BUILDING | BACKTEST | #9 | 02/10 11:34 - 02/10 11:41 | bars=8
2026-02-10 19:55:17 - zone_v2_alerts - INFO - ZONE_COMPLETE | BACKTEST | #zv2_BACKTEST_9 | 02/10 11:34 - 02/10 11:41 | bars=8 | range=68835.90-69047.20 | POC=69008.46 | VAH=69040.16 | VAL=68934.51
2026-02-10 19:55:17 - zone_v2_alerts - INFO - SL_MODE_POC | BACKTEST | POC=69008.46 | dist=377.36 | buffer=50% | SL=69197.14
2026-02-10 19:55:17 - zone_v2_alerts - INFO - BREAKOUT | BACKTEST | zv2_BACKTEST_9 | DOWN | VA_BREAKOUT | entry=68631.10 | SL=69197.14 | TP=68065.06 | R=566.04
2026-02-10 19:55:17 - zone_v2_alerts - INFO - ZONE_BUILDING | BACKTEST | #10 | 02/10 12:32 - 02/10 12:39 | bars=8
2026-02-10 19:55:17 - zone_v2_alerts - INFO - ZONE_COMPLETE | BACKTEST | #zv2_BACKTEST_10 | 02/10 12:32 - 02/10 12:44 | bars=13 | range=68518.30-68819.90 | POC=68603.75 | VAH=68648.99 | VAL=68518.30
2026-02-10 19:55:17 - zone_v2_alerts - INFO - ZONE_BUILDING | BACKTEST | #11 | 02/10 12:46 - 02/10 12:53 | bars=8
2026-02-10 19:55:17 - zone_v2_alerts - INFO - SL_MODE_POC | BACKTEST | POC=68603.75 | dist=123.95 | buffer=50% | SL=68665.73
2026-02-10 19:55:17 - zone_v2_alerts - INFO - BLOCKED_SEQUENTIAL | BACKTEST | zv2_BACKTEST_10 | DOWN | open_trades=1
2026-02-10 19:55:17 - zone_v2_alerts - INFO - ZONE_COMPLETE | BACKTEST | #zv2_BACKTEST_11 | 02/10 12:46 - 02/10 13:31 | bars=46 | range=68286.20-68768.00 | POC=68486.95 | VAH=68607.40 | VAL=68414.68
2026-02-10 19:55:17 - zone_v2_alerts - INFO - SL_MODE_POC | BACKTEST | POC=68486.95 | dist=500.15 | buffer=50% | SL=68236.88
2026-02-10 19:55:17 - zone_v2_alerts - INFO - BLOCKED_SEQUENTIAL | BACKTEST | zv2_BACKTEST_11 | UP | open_trades=1
2026-02-10 19:55:17 - zone_v2_alerts - INFO - LOSS | BACKTEST | zv2_BACKTEST_9 | DOWN | pnl=-1R
2026-02-10 19:55:17 - zone_v2_alerts - INFO - ZONE_BUILDING | BACKTEST | #12 | 02/10 16:16 - 02/10 16:23 | bars=8
2026-02-10 19:55:17 - zone_v2_alerts - INFO - ZONE_COMPLETE | BACKTEST | #zv2_BACKTEST_12 | 02/10 16:16 - 02/10 18:20 | bars=125 | range=69224.70-69982.20 | POC=69388.82 | VAH=69754.95 | VAL=69300.45
2026-02-10 19:55:17 - zone_v2_alerts - INFO - SL_MODE_POC | BACKTEST | POC=69388.82 | dist=308.72 | buffer=50% | SL=69543.19
2026-02-10 19:55:17 - zone_v2_alerts - INFO - BREAKOUT | BACKTEST | zv2_BACKTEST_12 | DOWN | VA_BREAKOUT | entry=69080.10 | SL=69543.19 | TP=68617.01 | R=463.09
2026-02-10 19:55:17 - zone_v2_alerts - INFO - WIN | BACKTEST | zv2_BACKTEST_12 | DOWN | pnl=+1R
2026-02-10 19:55:17 - zone_v2_alerts - INFO - ZONE_BUILDING | BACKTEST | #13 | 02/10 19:21 - 02/10 19:28 | bars=8
2026-02-10 19:55:17 - zone_v2_alerts - INFO - ZONE_COMPLETE | BACKTEST | #zv2_BACKTEST_13 | 02/10 19:21 - 02/10 19:34 | bars=14 | range=68696.20-69052.80 | POC=68904.22 | VAH=68957.71 | VAL=68767.52
2026-02-10 19:55:17 - zone_v2_alerts - INFO - SL_MODE_POC | BACKTEST | POC=68904.22 | dist=319.08 | buffer=50% | SL=68744.68
2026-02-10 19:55:17 - zone_v2_alerts - INFO - BREAKOUT | BACKTEST | zv2_BACKTEST_13 | UP | VA_BREAKOUT | entry=69223.30 | SL=68744.68 | TP=69701.92 | R=478.62
2026-02-10 19:55:17 - zone_v2_alerts - INFO - LOSS | BACKTEST | zv2_BACKTEST_13 | UP | pnl=-1R
2026-02-10 19:55:17 - zone_v2_alerts - INFO - ZONE_BUILDING | BACKTEST | #14 | 02/10 20:47 - 02/10 20:54 | bars=8
2026-02-10 19:55:17 - zone_v2_alerts - INFO - ZONE_COMPLETE | BACKTEST | #zv2_BACKTEST_14 | 02/10 20:47 - 02/10 21:30 | bars=44 | range=68509.40-68978.70 | POC=68783.16 | VAH=68916.13 | VAL=68697.12
2026-02-10 19:55:17 - zone_v2_alerts - INFO - SL_MODE_POC | BACKTEST | POC=68783.16 | dist=372.06 | buffer=50% | SL=68969.19
2026-02-10 19:55:17 - zone_v2_alerts - INFO - BREAKOUT | BACKTEST | zv2_BACKTEST_14 | DOWN | VA_BREAKOUT | entry=68411.10 | SL=68969.19 | TP=67853.01 | R=558.09
2026-02-10 19:55:17 - zone_v2_alerts - INFO - ZONE_BUILDING | BACKTEST | #15 | 02/10 22:14 - 02/10 22:21 | bars=8
2026-02-10 19:55:17 - zone_v2_alerts - INFO - ZONE_COMPLETE | BACKTEST | #zv2_BACKTEST_15 | 02/10 22:14 - 02/10 23:48 | bars=95 | range=68471.30-68830.00 | POC=68632.71 | VAH=68710.43 | VAL=68566.95
2026-02-10 19:55:17 - zone_v2_alerts - INFO - SL_MODE_POC | BACKTEST | POC=68632.71 | dist=115.29 | buffer=50% | SL=68575.07
2026-02-10 19:55:17 - zone_v2_alerts - INFO - BLOCKED_SEQUENTIAL | BACKTEST | zv2_BACKTEST_15 | UP | open_trades=1
2026-02-10 19:55:17 - zone_v2_alerts - INFO - ZONE_BUILDING | BACKTEST | #16 | 02/10 23:50 - 02/10 23:57 | bars=8
2026-02-10 19:55:17 - zone_v2_alerts - INFO - ZONE_COMPLETE | BACKTEST | #zv2_BACKTEST_16 | 02/10 23:50 - 02/11 00:17 | bars=28 | range=68738.10-68955.50 | POC=68806.94 | VAH=68883.03 | VAL=68774.33
2026-02-10 19:55:17 - zone_v2_alerts - INFO - LOSS | BACKTEST | zv2_BACKTEST_14 | DOWN | pnl=-1R
2026-02-10 19:55:17 - zone_v2_alerts - INFO - SL_MODE_POC | BACKTEST | POC=68806.94 | dist=142.26 | buffer=50% | SL=68735.81
2026-02-10 19:55:17 - zone_v2_alerts - INFO - BREAKOUT | BACKTEST | zv2_BACKTEST_16 | UP | VA_BREAKOUT | entry=68949.20 | SL=68735.81 | TP=69162.59 | R=213.39
2026-02-10 19:55:17 - zone_v2_alerts - INFO - WIN | BACKTEST | zv2_BACKTEST_16 | UP | pnl=+1R
2026-02-10 19:55:17 - zone_v2 - INFO - [BACKTEST] Warmup completado: 260 velas, ATR=260, SMA=260
2026-02-10 19:55:17 - zone_v2_alerts - INFO - ZONE_BUILDING | BACKTEST | #1 | 02/10 06:27 - 02/10 06:34 | bars=8
2026-02-10 19:55:17 - zone_v2_alerts - INFO - ZONE_COMPLETE | BACKTEST | #zv2_BACKTEST_1 | 02/10 06:27 - 02/10 06:40 | bars=14 | range=68966.70-69259.50 | POC=69147.26 | VAH=69181.42 | VAL=69015.50
2026-02-10 19:55:17 - zone_v2_alerts - INFO - SL_MODE_POC | BACKTEST | POC=69147.26 | dist=345.66 | buffer=50% | SL=69320.09
2026-02-10 19:55:17 - zone_v2_alerts - INFO - BREAKOUT | BACKTEST | zv2_BACKTEST_1 | DOWN | VA_BREAKOUT | entry=68801.60 | SL=69320.09 | TP=68283.11 | R=518.49
2026-02-10 19:55:17 - zone_v2_alerts - INFO - ZONE_BUILDING | BACKTEST | #2 | 02/10 07:27 - 02/10 07:34 | bars=8
2026-02-10 19:55:17 - zone_v2_alerts - INFO - ZONE_COMPLETE | BACKTEST | #zv2_BACKTEST_2 | 02/10 07:27 - 02/10 08:15 | bars=49 | range=68712.70-69101.40 | POC=68900.57 | VAH=68971.83 | VAL=68842.27
2026-02-10 19:55:17 - zone_v2_alerts - INFO - SL_MODE_POC | BACKTEST | POC=68900.57 | dist=167.67 | buffer=50% | SL=68984.41
2026-02-10 19:55:17 - zone_v2_alerts - INFO - BLOCKED_SEQUENTIAL | BACKTEST | zv2_BACKTEST_2 | DOWN | open_trades=1
2026-02-10 19:55:17 - zone_v2_alerts - INFO - ZONE_BUILDING | BACKTEST | #3 | 02/10 08:17 - 02/10 08:24 | bars=8
2026-02-10 19:55:17 - zone_v2_alerts - INFO - ZONE_COMPLETE | BACKTEST | #zv2_BACKTEST_3 | 02/10 08:17 - 02/10 08:30 | bars=14 | range=68680.60-69075.60 | POC=69003.18 | VAH=69075.60 | VAL=68772.77
2026-02-10 19:55:17 - zone_v2_alerts - INFO - ZONE_BUILDING | BACKTEST | #4 | 02/10 08:32 - 02/10 08:39 | bars=8
2026-02-10 19:55:17 - zone_v2_alerts - INFO - SL_MODE_POC | BACKTEST | POC=69003.18 | dist=115.12 | buffer=50% | SL=68945.62
2026-02-10 19:55:17 - zone_v2_alerts - INFO - BLOCKED_SEQUENTIAL | BACKTEST | zv2_BACKTEST_3 | UP | open_trades=1
2026-02-10 19:55:17 - zone_v2_alerts - INFO - ZONE_COMPLETE | BACKTEST | #zv2_BACKTEST_4 | 02/10 08:32 - 02/10 09:02 | bars=31 | range=68796.00-69188.50 | POC=69064.21 | VAH=69188.50 | VAL=69018.42
2026-02-10 19:55:17 - zone_v2_alerts - INFO - LOSS | BACKTEST | zv2_BACKTEST_1 | DOWN | pnl=-1R
2026-02-10 19:55:17 - zone_v2_alerts - INFO - SL_MODE_POC | BACKTEST | POC=69064.21 | dist=205.29 | buffer=50% | SL=68961.56
2026-02-10 19:55:17 - zone_v2_alerts - INFO - BREAKOUT | BACKTEST | zv2_BACKTEST_4 | UP | VA_BREAKOUT | entry=69269.50 | SL=68961.56 | TP=69577.44 | R=307.94
2026-02-10 19:55:17 - zone_v2_alerts - INFO - ZONE_BUILDING | BACKTEST | #5 | 02/10 09:05 - 02/10 09:12 | bars=8
2026-02-10 19:55:17 - zone_v2_alerts - INFO - ZONE_COMPLETE | BACKTEST | #zv2_BACKTEST_5 | 02/10 09:05 - 02/10 09:47 | bars=43 | range=69073.60-69385.20 | POC=69244.98 | VAH=69343.65 | VAL=69198.24
2026-02-10 19:55:17 - zone_v2_alerts - INFO - SL_MODE_POC | BACKTEST | POC=69244.98 | dist=236.78 | buffer=50% | SL=69363.37
2026-02-10 19:55:17 - zone_v2_alerts - INFO - BLOCKED_SEQUENTIAL | BACKTEST | zv2_BACKTEST_5 | DOWN | open_trades=1
2026-02-10 19:55:17 - zone_v2_alerts - INFO - LOSS | BACKTEST | zv2_BACKTEST_4 | UP | pnl=-1R
2026-02-10 19:55:17 - zone_v2_alerts - INFO - ZONE_BUILDING | BACKTEST | #6 | 02/10 09:50 - 02/10 09:57 | bars=8
2026-02-10 19:55:17 - zone_v2_alerts - INFO - ZONE_COMPLETE | BACKTEST | #zv2_BACKTEST_6 | 02/10 09:50 - 02/10 11:00 | bars=71 | range=68846.20-69221.00 | POC=68989.87 | VAH=69108.56 | VAL=68921.16
2026-02-10 19:55:17 - zone_v2_alerts - INFO - SL_MODE_POC | BACKTEST | POC=68989.87 | dist=139.87 | buffer=50% | SL=69059.81
2026-02-10 19:55:17 - zone_v2_alerts - INFO - BREAKOUT | BACKTEST | zv2_BACKTEST_6 | DOWN | VA_BREAKOUT | entry=68850.00 | SL=69059.81 | TP=68640.19 | R=209.81
2026-02-10 19:55:17 - zone_v2_alerts - INFO - ZONE_BUILDING | BACKTEST | #7 | 02/10 11:02 - 02/10 11:09 | bars=8
2026-02-10 19:55:17 - zone_v2_alerts - INFO - ZONE_COMPLETE | BACKTEST | #zv2_BACKTEST_7 | 02/10 11:02 - 02/10 11:32 | bars=31 | range=68801.00-68975.70 | POC=68937.85 | VAH=68964.05 | VAL=68865.06
2026-02-10 19:55:17 - zone_v2_alerts - INFO - SL_MODE_POC | BACKTEST | POC=68937.85 | dist=85.55 | buffer=50% | SL=68895.07
2026-02-10 19:55:17 - zone_v2_alerts - INFO - BLOCKED_SEQUENTIAL | BACKTEST | zv2_BACKTEST_7 | UP | open_trades=1
2026-02-10 19:55:17 - zone_v2_alerts - INFO - ZONE_BUILDING | BACKTEST | #8 | 02/10 11:34 - 02/10 11:41 | bars=8
2026-02-10 19:55:17 - zone_v2_alerts - INFO - ZONE_COMPLETE | BACKTEST | #zv2_BACKTEST_8 | 02/10 11:34 - 02/10 11:41 | bars=8 | range=68835.90-69047.20 | POC=69008.46 | VAH=69040.16 | VAL=68934.51
2026-02-10 19:55:17 - zone_v2_alerts - INFO - SL_MODE_POC | BACKTEST | POC=69008.46 | dist=377.36 | buffer=50% | SL=69197.14
2026-02-10 19:55:17 - zone_v2_alerts - INFO - BLOCKED_SEQUENTIAL | BACKTEST | zv2_BACKTEST_8 | DOWN | open_trades=1
2026-02-10 19:55:17 - zone_v2_alerts - INFO - WIN | BACKTEST | zv2_BACKTEST_6 | DOWN | pnl=+1R
2026-02-10 19:55:17 - zone_v2_alerts - INFO - ZONE_BUILDING | BACKTEST | #9 | 02/10 12:31 - 02/10 12:38 | bars=8
2026-02-10 19:55:17 - zone_v2_alerts - INFO - ZONE_COMPLETE | BACKTEST | #zv2_BACKTEST_9 | 02/10 12:31 - 02/10 12:44 | bars=14 | range=68518.30-68819.90 | POC=68603.75 | VAH=68769.63 | VAL=68518.30
2026-02-10 19:55:17 - zone_v2_alerts - INFO - ZONE_BUILDING | BACKTEST | #10 | 02/10 12:46 - 02/10 12:53 | bars=8
2026-02-10 19:55:17 - zone_v2_alerts - INFO - SL_MODE_POC | BACKTEST | POC=68603.75 | dist=123.95 | buffer=50% | SL=68665.73
2026-02-10 19:55:17 - zone_v2_alerts - INFO - BREAKOUT | BACKTEST | zv2_BACKTEST_9 | DOWN | VA_BREAKOUT | entry=68479.80 | SL=68665.73 | TP=68293.87 | R=185.93
2026-02-10 19:55:17 - zone_v2_alerts - INFO - WIN | BACKTEST | zv2_BACKTEST_9 | DOWN | pnl=+1R
2026-02-10 19:55:17 - zone_v2_alerts - INFO - ZONE_COMPLETE | BACKTEST | #zv2_BACKTEST_10 | 02/10 12:46 - 02/10 13:23 | bars=38 | range=68286.20-68719.20 | POC=68495.48 | VAH=68574.87 | VAL=68416.10
2026-02-10 19:55:17 - zone_v2_alerts - INFO - SL_MODE_POC | BACKTEST | POC=68495.48 | dist=192.12 | buffer=50% | SL=68399.42
2026-02-10 19:55:17 - zone_v2_alerts - INFO - BREAKOUT | BACKTEST | zv2_BACKTEST_10 | UP | VA_BREAKOUT | entry=68687.60 | SL=68399.42 | TP=68975.78 | R=288.18
2026-02-10 19:55:17 - zone_v2_alerts - INFO - WIN | BACKTEST | zv2_BACKTEST_10 | UP | pnl=+1R
2026-02-10 19:55:17 - zone_v2_alerts - INFO - ZONE_BUILDING | BACKTEST | #11 | 02/10 16:16 - 02/10 16:23 | bars=8
2026-02-10 19:55:17 - zone_v2_alerts - INFO - ZONE_COMPLETE | BACKTEST | #zv2_BACKTEST_11 | 02/10 16:16 - 02/10 18:20 | bars=125 | range=69224.70-69982.20 | POC=69388.82 | VAH=69754.95 | VAL=69300.45
2026-02-10 19:55:17 - zone_v2_alerts - INFO - SL_MODE_POC | BACKTEST | POC=69388.82 | dist=308.72 | buffer=50% | SL=69543.19
[DRAWINGS] [OK] Loaded 6 shapes for BTCUSDT
2026-02-10 19:55:17 - zone_v2_alerts - INFO - BREAKOUT | BACKTEST | zv2_BACKTEST_11 | DOWN | VA_BREAKOUT | entry=69080.10 | SL=69543.19 | TP=68617.01 | R=463.09
2026-02-10 19:55:17 - uvicorn.access - INFO - 127.0.0.1:64710 - "GET /api/drawings/BTCUSDT HTTP/1.1" 200
2026-02-10 19:55:17 - zone_v2_alerts - INFO - WIN | BACKTEST | zv2_BACKTEST_11 | DOWN | pnl=+1R
2026-02-10 19:55:17 - zone_v2_alerts - INFO - ZONE_BUILDING | BACKTEST | #12 | 02/10 19:09 - 02/10 19:16 | bars=8
2026-02-10 19:55:17 - zone_v2_alerts - INFO - ZONE_COMPLETE | BACKTEST | #zv2_BACKTEST_12 | 02/10 19:09 - 02/10 19:34 | bars=26 | range=68682.70-69052.80 | POC=68861.58 | VAH=68941.77 | VAL=68769.06
2026-02-10 19:55:17 - zone_v2_alerts - INFO - SL_MODE_POC | BACKTEST | POC=68861.58 | dist=361.72 | buffer=50% | SL=68680.72
2026-02-10 19:55:17 - zone_v2_alerts - INFO - BREAKOUT | BACKTEST | zv2_BACKTEST_12 | UP | VA_BREAKOUT | entry=69223.30 | SL=68680.72 | TP=69765.88 | R=542.58
2026-02-10 19:55:18 - zone_v2_alerts - INFO - ZONE_BUILDING | BACKTEST | #13 | 02/10 20:15 - 02/10 20:22 | bars=8
2026-02-10 19:55:18 - zone_v2_alerts - INFO - LOSS | BACKTEST | zv2_BACKTEST_12 | UP | pnl=-1R
2026-02-10 19:55:18 - zone_v2_alerts - INFO - ZONE_COMPLETE | BACKTEST | #zv2_BACKTEST_13 | 02/10 20:15 - 02/10 21:30 | bars=76 | range=68509.40-68978.70 | POC=68783.16 | VAH=68884.84 | VAL=68697.12
2026-02-10 19:55:18 - zone_v2_alerts - INFO - SL_MODE_POC | BACKTEST | POC=68783.16 | dist=372.06 | buffer=50% | SL=68969.19
2026-02-10 19:55:18 - zone_v2_alerts - INFO - BREAKOUT | BACKTEST | zv2_BACKTEST_13 | DOWN | VA_BREAKOUT | entry=68411.10 | SL=68969.19 | TP=67853.01 | R=558.09
2026-02-10 19:55:18 - zone_v2_alerts - INFO - ZONE_BUILDING | BACKTEST | #14 | 02/10 22:14 - 02/10 22:21 | bars=8
2026-02-10 19:55:18 - zone_v2_alerts - INFO - ZONE_COMPLETE | BACKTEST | #zv2_BACKTEST_14 | 02/10 22:14 - 02/10 23:48 | bars=95 | range=68471.30-68830.00 | POC=68632.71 | VAH=68710.43 | VAL=68566.95
2026-02-10 19:55:18 - zone_v2_alerts - INFO - SL_MODE_POC | BACKTEST | POC=68632.71 | dist=115.29 | buffer=50% | SL=68575.07
2026-02-10 19:55:18 - zone_v2_alerts - INFO - BLOCKED_SEQUENTIAL | BACKTEST | zv2_BACKTEST_14 | UP | open_trades=1
2026-02-10 19:55:18 - zone_v2_alerts - INFO - ZONE_BUILDING | BACKTEST | #15 | 02/10 23:50 - 02/10 23:57 | bars=8
2026-02-10 19:55:18 - zone_v2_alerts - INFO - LOSS | BACKTEST | zv2_BACKTEST_13 | DOWN | pnl=-1R
2026-02-10 19:55:18 - zone_v2_alerts - INFO - ZONE_COMPLETE | BACKTEST | #zv2_BACKTEST_15 | 02/10 23:50 - 02/11 00:18 | bars=29 | range=68738.10-68975.40 | POC=68805.34 | VAH=68896.30 | VAL=68777.65
2026-02-10 19:55:18 - zone_v2_alerts - INFO - SL_MODE_POC | BACKTEST | POC=68805.34 | dist=181.36 | buffer=50% | SL=68714.65
2026-02-10 19:55:18 - zone_v2_alerts - INFO - BREAKOUT | BACKTEST | zv2_BACKTEST_15 | UP | VA_BREAKOUT | entry=68986.70 | SL=68714.65 | TP=69258.75 | R=272.05
2026-02-10 19:55:18 - zone_v2 - INFO - [BACKTEST] Warmup completado: 310 velas, ATR=310, SMA=310
2026-02-10 19:55:18 - zone_v2_alerts - INFO - ZONE_BUILDING | BACKTEST | #1 | 02/10 06:29 - 02/10 06:36 | bars=8
2026-02-10 19:55:18 - zone_v2_alerts - INFO - ZONE_COMPLETE | BACKTEST | #zv2_BACKTEST_1 | 02/10 06:29 - 02/10 06:40 | bars=12 | range=68966.70-69259.50 | POC=69117.98 | VAH=69200.94 | VAL=69015.50
2026-02-10 19:55:18 - zone_v2_alerts - INFO - SL_MODE_POC | BACKTEST | POC=69117.98 | dist=316.38 | buffer=50% | SL=69276.17
2026-02-10 19:55:18 - zone_v2_alerts - INFO - BREAKOUT | BACKTEST | zv2_BACKTEST_1 | DOWN | VA_BREAKOUT | entry=68801.60 | SL=69276.17 | TP=68327.03 | R=474.57
2026-02-10 19:55:18 - zone_v2_alerts - INFO - ZONE_BUILDING | BACKTEST | #2 | 02/10 07:27 - 02/10 07:34 | bars=8
2026-02-10 19:55:18 - zone_v2_alerts - INFO - ZONE_COMPLETE | BACKTEST | #zv2_BACKTEST_2 | 02/10 07:27 - 02/10 08:15 | bars=49 | range=68712.70-69101.40 | POC=68900.57 | VAH=68971.83 | VAL=68842.27
2026-02-10 19:55:18 - zone_v2_alerts - INFO - SL_MODE_POC | BACKTEST | POC=68900.57 | dist=167.67 | buffer=50% | SL=68984.41
2026-02-10 19:55:18 - zone_v2_alerts - INFO - BLOCKED_SEQUENTIAL | BACKTEST | zv2_BACKTEST_2 | DOWN | open_trades=1
2026-02-10 19:55:18 - zone_v2_alerts - INFO - ZONE_BUILDING | BACKTEST | #3 | 02/10 08:17 - 02/10 08:24 | bars=8
2026-02-10 19:55:18 - zone_v2_alerts - INFO - ZONE_COMPLETE | BACKTEST | #zv2_BACKTEST_3 | 02/10 08:17 - 02/10 08:30 | bars=14 | range=68680.60-69075.60 | POC=69003.18 | VAH=69075.60 | VAL=68772.77
2026-02-10 19:55:18 - zone_v2_alerts - INFO - ZONE_BUILDING | BACKTEST | #4 | 02/10 08:32 - 02/10 08:39 | bars=8
2026-02-10 19:55:18 - zone_v2_alerts - INFO - SL_MODE_POC | BACKTEST | POC=69003.18 | dist=115.12 | buffer=50% | SL=68945.62
2026-02-10 19:55:18 - zone_v2_alerts - INFO - BLOCKED_SEQUENTIAL | BACKTEST | zv2_BACKTEST_3 | UP | open_trades=1
2026-02-10 19:55:18 - zone_v2_alerts - INFO - ZONE_COMPLETE | BACKTEST | #zv2_BACKTEST_4 | 02/10 08:32 - 02/10 09:02 | bars=31 | range=68796.00-69188.50 | POC=69064.21 | VAH=69188.50 | VAL=69018.42
2026-02-10 19:55:18 - zone_v2_alerts - INFO - LOSS | BACKTEST | zv2_BACKTEST_1 | DOWN | pnl=-1R
2026-02-10 19:55:18 - zone_v2_alerts - INFO - SL_MODE_POC | BACKTEST | POC=69064.21 | dist=205.29 | buffer=50% | SL=68961.56
2026-02-10 19:55:18 - zone_v2_alerts - INFO - BREAKOUT | BACKTEST | zv2_BACKTEST_4 | UP | VA_BREAKOUT | entry=69269.50 | SL=68961.56 | TP=69577.44 | R=307.94
2026-02-10 19:55:18 - zone_v2_alerts - INFO - ZONE_BUILDING | BACKTEST | #5 | 02/10 09:38 - 02/10 09:45 | bars=8
2026-02-10 19:55:18 - zone_v2_alerts - INFO - ZONE_COMPLETE | BACKTEST | #zv2_BACKTEST_5 | 02/10 09:38 - 02/10 09:47 | bars=10 | range=69073.60-69213.90 | POC=69146.09 | VAH=69167.13 | VAL=69106.34
2026-02-10 19:55:18 - zone_v2_alerts - INFO - SL_MODE_POC | BACKTEST | POC=69146.09 | dist=137.89 | buffer=50% | SL=69215.03
2026-02-10 19:55:18 - zone_v2_alerts - INFO - BLOCKED_SEQUENTIAL | BACKTEST | zv2_BACKTEST_5 | DOWN | open_trades=1
2026-02-10 19:55:18 - zone_v2_alerts - INFO - LOSS | BACKTEST | zv2_BACKTEST_4 | UP | pnl=-1R
2026-02-10 19:55:18 - zone_v2_alerts - INFO - ZONE_BUILDING | BACKTEST | #6 | 02/10 09:50 - 02/10 09:57 | bars=8
2026-02-10 19:55:18 - zone_v2_alerts - INFO - ZONE_COMPLETE | BACKTEST | #zv2_BACKTEST_6 | 02/10 09:50 - 02/10 11:00 | bars=71 | range=68846.20-69221.00 | POC=68989.87 | VAH=69108.56 | VAL=68921.16
2026-02-10 19:55:18 - zone_v2_alerts - INFO - SL_MODE_POC | BACKTEST | POC=68989.87 | dist=139.87 | buffer=50% | SL=69059.81
2026-02-10 19:55:18 - zone_v2_alerts - INFO - BREAKOUT | BACKTEST | zv2_BACKTEST_6 | DOWN | VA_BREAKOUT | entry=68850.00 | SL=69059.81 | TP=68640.19 | R=209.81
2026-02-10 19:55:18 - zone_v2_alerts - INFO - ZONE_BUILDING | BACKTEST | #7 | 02/10 11:02 - 02/10 11:09 | bars=8
2026-02-10 19:55:18 - zone_v2_alerts - INFO - ZONE_COMPLETE | BACKTEST | #zv2_BACKTEST_7 | 02/10 11:02 - 02/10 11:41 | bars=40 | range=68801.00-69050.00 | POC=68946.25 | VAH=68991.90 | VAL=68842.50
2026-02-10 19:55:18 - zone_v2_alerts - INFO - SL_MODE_POC | BACKTEST | POC=68946.25 | dist=315.15 | buffer=50% | SL=69103.82
2026-02-10 19:55:18 - zone_v2_alerts - INFO - BLOCKED_SEQUENTIAL | BACKTEST | zv2_BACKTEST_7 | DOWN | open_trades=1
2026-02-10 19:55:18 - zone_v2_alerts - INFO - WIN | BACKTEST | zv2_BACKTEST_6 | DOWN | pnl=+1R
2026-02-10 19:55:18 - zone_v2_alerts - INFO - ZONE_BUILDING | BACKTEST | #8 | 02/10 12:31 - 02/10 12:38 | bars=8
2026-02-10 19:55:18 - zone_v2_alerts - INFO - ZONE_COMPLETE | BACKTEST | #zv2_BACKTEST_8 | 02/10 12:31 - 02/10 12:44 | bars=14 | range=68518.30-68819.90 | POC=68603.75 | VAH=68769.63 | VAL=68518.30
2026-02-10 19:55:18 - zone_v2_alerts - INFO - ZONE_BUILDING | BACKTEST | #9 | 02/10 12:46 - 02/10 12:53 | bars=8
2026-02-10 19:55:18 - zone_v2_alerts - INFO - SL_MODE_POC | BACKTEST | POC=68603.75 | dist=123.95 | buffer=50% | SL=68665.73
2026-02-10 19:55:18 - zone_v2_alerts - INFO - BREAKOUT | BACKTEST | zv2_BACKTEST_8 | DOWN | VA_BREAKOUT | entry=68479.80 | SL=68665.73 | TP=68293.87 | R=185.93
2026-02-10 19:55:18 - zone_v2_alerts - INFO - WIN | BACKTEST | zv2_BACKTEST_8 | DOWN | pnl=+1R
2026-02-10 19:55:18 - zone_v2_alerts - INFO - ZONE_COMPLETE | BACKTEST | #zv2_BACKTEST_9 | 02/10 12:46 - 02/10 13:23 | bars=38 | range=68286.20-68719.20 | POC=68495.48 | VAH=68574.87 | VAL=68416.10
2026-02-10 19:55:18 - zone_v2_alerts - INFO - SL_MODE_POC | BACKTEST | POC=68495.48 | dist=192.12 | buffer=50% | SL=68399.42
2026-02-10 19:55:18 - zone_v2_alerts - INFO - BREAKOUT | BACKTEST | zv2_BACKTEST_9 | UP | VA_BREAKOUT | entry=68687.60 | SL=68399.42 | TP=68975.78 | R=288.18
2026-02-10 19:55:18 - zone_v2_alerts - INFO - WIN | BACKTEST | zv2_BACKTEST_9 | UP | pnl=+1R
2026-02-10 19:55:18 - zone_v2_alerts - INFO - ZONE_BUILDING | BACKTEST | #10 | 02/10 16:41 - 02/10 16:48 | bars=8
2026-02-10 19:55:18 - zone_v2_alerts - INFO - ZONE_COMPLETE | BACKTEST | #zv2_BACKTEST_10 | 02/10 16:41 - 02/10 18:20 | bars=100 | range=69260.00-69982.20 | POC=69825.72 | VAH=69909.98 | VAL=69524.81
2026-02-10 19:55:18 - zone_v2_alerts - INFO - SL_MODE_POC | BACKTEST | POC=69825.72 | dist=544.32 | buffer=50% | SL=70097.88
2026-02-10 19:55:18 - zone_v2_alerts - INFO - BREAKOUT | BACKTEST | zv2_BACKTEST_10 | DOWN | VA_BREAKOUT | entry=69281.40 | SL=70097.88 | TP=68464.92 | R=816.48
2026-02-10 19:55:18 - zone_v2_alerts - INFO - ZONE_BUILDING | BACKTEST | #11 | 02/10 19:09 - 02/10 19:16 | bars=8
2026-02-10 19:55:18 - zone_v2_alerts - INFO - ZONE_COMPLETE | BACKTEST | #zv2_BACKTEST_11 | 02/10 19:09 - 02/10 19:36 | bars=28 | range=68682.70-69268.30 | POC=68887.66 | VAH=69034.06 | VAL=68741.26
2026-02-10 19:55:18 - zone_v2_alerts - INFO - SL_MODE_POC | BACKTEST | POC=68887.66 | dist=302.54 | buffer=50% | SL=68736.39
2026-02-10 19:55:18 - zone_v2_alerts - INFO - BLOCKED_SEQUENTIAL | BACKTEST | zv2_BACKTEST_11 | UP | open_trades=1
2026-02-10 19:55:18 - zone_v2_alerts - INFO - ZONE_BUILDING | BACKTEST | #12 | 02/10 19:38 - 02/10 19:45 | bars=8
2026-02-10 19:55:18 - zone_v2_alerts - INFO - ZONE_COMPLETE | BACKTEST | #zv2_BACKTEST_12 | 02/10 19:38 - 02/10 20:11 | bars=34 | range=68804.70-69266.30 | POC=69166.29 | VAH=69235.53 | VAL=69004.73
2026-02-10 19:55:18 - zone_v2_alerts - INFO - SL_MODE_POC | BACKTEST | POC=69166.29 | dist=441.59 | buffer=50% | SL=69387.08
2026-02-10 19:55:18 - zone_v2_alerts - INFO - BLOCKED_SEQUENTIAL | BACKTEST | zv2_BACKTEST_12 | DOWN | open_trades=1
2026-02-10 19:55:18 - zone_v2_alerts - INFO - ZONE_BUILDING | BACKTEST | #13 | 02/10 20:15 - 02/10 20:22 | bars=8
2026-02-10 19:55:18 - zone_v2_alerts - INFO - ZONE_COMPLETE | BACKTEST | #zv2_BACKTEST_13 | 02/10 20:15 - 02/10 21:30 | bars=76 | range=68509.40-68978.70 | POC=68783.16 | VAH=68884.84 | VAL=68697.12
2026-02-10 19:55:18 - zone_v2_alerts - INFO - WIN | BACKTEST | zv2_BACKTEST_10 | DOWN | pnl=+1R
2026-02-10 19:55:18 - zone_v2_alerts - INFO - SL_MODE_POC | BACKTEST | POC=68783.16 | dist=372.06 | buffer=50% | SL=68969.19
2026-02-10 19:55:18 - zone_v2_alerts - INFO - BREAKOUT | BACKTEST | zv2_BACKTEST_13 | DOWN | VA_BREAKOUT | entry=68411.10 | SL=68969.19 | TP=67853.01 | R=558.09
2026-02-10 19:55:18 - zone_v2_alerts - INFO - ZONE_BUILDING | BACKTEST | #14 | 02/10 22:14 - 02/10 22:21 | bars=8
2026-02-10 19:55:18 - zone_v2_alerts - INFO - LOSS | BACKTEST | zv2_BACKTEST_13 | DOWN | pnl=-1R
2026-02-10 19:55:18 - zone_v2_alerts - INFO - ZONE_COMPLETE | BACKTEST | #zv2_BACKTEST_14 | 02/10 22:14 - 02/11 00:18 | bars=125 | range=68471.30-68975.40 | POC=68630.93 | VAH=68807.37 | VAL=68555.32
2026-02-10 19:55:18 - zone_v2_alerts - INFO - SL_MODE_POC | BACKTEST | POC=68630.93 | dist=355.77 | buffer=50% | SL=68453.05
2026-02-10 19:55:18 - zone_v2_alerts - INFO - BREAKOUT | BACKTEST | zv2_BACKTEST_14 | UP | VA_BREAKOUT | entry=68986.70 | SL=68453.05 | TP=69520.35 | R=533.65
2026-02-10 19:55:18 - zone_v2 - INFO - [BACKTEST] Warmup completado: 60 velas, ATR=60, SMA=60
2026-02-10 19:55:18 - zone_v2_alerts - INFO - ZONE_BUILDING | BACKTEST | #1 | 02/10 02:21 - 02/10 02:28 | bars=8
2026-02-10 19:55:18 - zone_v2_alerts - INFO - ZONE_COMPLETE | BACKTEST | #zv2_BACKTEST_1 | 02/10 02:21 - 02/10 02:35 | bars=15 | range=70094.70-70344.70 | POC=70207.20 | VAH=70311.37 | VAL=70178.03
2026-02-10 19:55:18 - zone_v2_alerts - INFO - SL_MODE_POC | BACKTEST | POC=70207.20 | dist=96.90 | buffer=50% | SL=70255.65
2026-02-10 19:55:18 - zone_v2_alerts - INFO - BREAKOUT | BACKTEST | zv2_BACKTEST_1 | DOWN | VA_BREAKOUT | entry=70110.30 | SL=70255.65 | TP=69964.95 | R=145.35
2026-02-10 19:55:18 - zone_v2_alerts - INFO - WIN | BACKTEST | zv2_BACKTEST_1 | DOWN | pnl=+1R
2026-02-10 19:55:18 - zone_v2_alerts - INFO - ZONE_BUILDING | BACKTEST | #2 | 02/10 04:52 - 02/10 04:59 | bars=8
2026-02-10 19:55:18 - zone_v2_alerts - INFO - ZONE_COMPLETE | BACKTEST | #zv2_BACKTEST_2 | 02/10 04:52 - 02/10 05:19 | bars=28 | range=69580.50-69874.90 | POC=69693.35 | VAH=69806.21 | VAL=69659.01
2026-02-10 19:55:18 - zone_v2_alerts - INFO - SL_MODE_POC | BACKTEST | POC=69693.35 | dist=158.25 | buffer=50% | SL=69772.48
2026-02-10 19:55:18 - zone_v2_alerts - INFO - BREAKOUT | BACKTEST | zv2_BACKTEST_2 | DOWN | VA_BREAKOUT | entry=69535.10 | SL=69772.48 | TP=69297.72 | R=237.38
2026-02-10 19:55:18 - zone_v2_alerts - INFO - WIN | BACKTEST | zv2_BACKTEST_2 | DOWN | pnl=+1R
2026-02-10 19:55:18 - zone_v2_alerts - INFO - ZONE_BUILDING | BACKTEST | #3 | 02/10 06:31 - 02/10 06:38 | bars=8
2026-02-10 19:55:18 - zone_v2_alerts - INFO - ZONE_COMPLETE | BACKTEST | #zv2_BACKTEST_3 | 02/10 06:31 - 02/10 06:40 | bars=10 | range=68966.70-69259.50 | POC=69117.98 | VAH=69161.90 | VAL=68966.70
2026-02-10 19:55:18 - zone_v2_alerts - INFO - SL_MODE_POC | BACKTEST | POC=69117.98 | dist=307.28 | buffer=50% | SL=69271.62
2026-02-10 19:55:18 - zone_v2_alerts - INFO - BREAKOUT | BACKTEST | zv2_BACKTEST_3 | DOWN | VA_BREAKOUT | entry=68810.70 | SL=69271.62 | TP=68349.78 | R=460.92
2026-02-10 19:55:18 - zone_v2_alerts - INFO - ZONE_BUILDING | BACKTEST | #4 | 02/10 07:31 - 02/10 07:38 | bars=8
2026-02-10 19:55:18 - zone_v2_alerts - INFO - ZONE_COMPLETE | BACKTEST | #zv2_BACKTEST_4 | 02/10 07:31 - 02/10 08:14 | bars=44 | range=68778.50-69080.20 | POC=68914.26 | VAH=68959.52 | VAL=68848.90
2026-02-10 19:55:18 - zone_v2_alerts - INFO - SL_MODE_POC | BACKTEST | POC=68914.26 | dist=198.46 | buffer=50% | SL=69013.50
2026-02-10 19:55:18 - zone_v2_alerts - INFO - BLOCKED_SEQUENTIAL | BACKTEST | zv2_BACKTEST_4 | DOWN | open_trades=1
2026-02-10 19:55:18 - zone_v2_alerts - INFO - LOSS | BACKTEST | zv2_BACKTEST_3 | DOWN | pnl=-1R
2026-02-10 19:55:18 - zone_v2_alerts - INFO - ZONE_BUILDING | BACKTEST | #5 | 02/10 10:28 - 02/10 10:35 | bars=8
2026-02-10 19:55:18 - zone_v2_alerts - INFO - ZONE_COMPLETE | BACKTEST | #zv2_BACKTEST_5 | 02/10 10:28 - 02/10 10:37 | bars=10 | range=68975.30-69209.10 | POC=69010.37 | VAH=69099.99 | VAL=68975.30
2026-02-10 19:55:18 - zone_v2_alerts - INFO - SL_MODE_POC | BACKTEST | POC=69010.37 | dist=39.27 | buffer=50% | SL=69030.00
2026-02-10 19:55:18 - zone_v2_alerts - INFO - BREAKOUT | BACKTEST | zv2_BACKTEST_5 | DOWN | VA_BREAKOUT | entry=68971.10 | SL=69030.00 | TP=68912.20 | R=58.90
2026-02-10 19:55:18 - zone_v2_alerts - INFO - ZONE_BUILDING | BACKTEST | #6 | 02/10 10:48 - 02/10 10:55 | bars=8
2026-02-10 19:55:18 - zone_v2_alerts - INFO - ZONE_COMPLETE | BACKTEST | #zv2_BACKTEST_6 | 02/10 10:48 - 02/10 10:58 | bars=11 | range=68914.20-69017.40 | POC=68995.04 | VAH=69013.96 | VAL=68962.36
2026-02-10 19:55:18 - zone_v2_alerts - INFO - WIN | BACKTEST | zv2_BACKTEST_5 | DOWN | pnl=+1R
2026-02-10 19:55:18 - zone_v2_alerts - INFO - SL_MODE_POC | BACKTEST | POC=68995.04 | dist=194.04 | buffer=50% | SL=69092.06
2026-02-10 19:55:18 - zone_v2_alerts - INFO - BREAKOUT | BACKTEST | zv2_BACKTEST_6 | DOWN | VA_BREAKOUT | entry=68801.00 | SL=69092.06 | TP=68509.94 | R=291.06
2026-02-10 19:55:18 - zone_v2_alerts - INFO - WIN | BACKTEST | zv2_BACKTEST_6 | DOWN | pnl=+1R
2026-02-10 19:55:18 - zone_v2_alerts - INFO - ZONE_BUILDING | BACKTEST | #7 | 02/10 12:36 - 02/10 12:43 | bars=8
2026-02-10 19:55:18 - zone_v2_alerts - INFO - ZONE_COMPLETE | BACKTEST | #zv2_BACKTEST_7 | 02/10 12:36 - 02/10 12:44 | bars=9 | range=68518.30-68642.30 | POC=68603.03 | VAH=68634.03 | VAL=68559.63
2026-02-10 19:55:18 - zone_v2_alerts - INFO - SL_MODE_POC | BACKTEST | POC=68603.03 | dist=54.53 | buffer=50% | SL=68630.30
2026-02-10 19:55:18 - zone_v2_alerts - INFO - BREAKOUT | BACKTEST | zv2_BACKTEST_7 | DOWN | VA_BREAKOUT | entry=68548.50 | SL=68630.30 | TP=68466.70 | R=81.80
2026-02-10 19:55:18 - zone_v2_alerts - INFO - WIN | BACKTEST | zv2_BACKTEST_7 | DOWN | pnl=+1R
2026-02-10 19:55:18 - zone_v2_alerts - INFO - ZONE_BUILDING | BACKTEST | #8 | 02/10 12:46 - 02/10 12:53 | bars=8
2026-02-10 19:55:18 - zone_v2_alerts - INFO - ZONE_COMPLETE | BACKTEST | #zv2_BACKTEST_8 | 02/10 12:46 - 02/10 13:31 | bars=46 | range=68286.20-68768.00 | POC=68486.95 | VAH=68607.40 | VAL=68414.68
2026-02-10 19:55:18 - zone_v2_alerts - INFO - SL_MODE_POC | BACKTEST | POC=68486.95 | dist=500.15 | buffer=50% | SL=68236.88
2026-02-10 19:55:18 - zone_v2_alerts - INFO - BREAKOUT | BACKTEST | zv2_BACKTEST_8 | UP | VA_BREAKOUT | entry=68987.10 | SL=68236.88 | TP=69737.33 | R=750.23
2026-02-10 19:55:18 - zone_v2_alerts - INFO - LOSS | BACKTEST | zv2_BACKTEST_8 | UP | pnl=-1R
2026-02-10 19:55:18 - zone_v2_alerts - INFO - ZONE_BUILDING | BACKTEST | #9 | 02/10 16:16 - 02/10 16:23 | bars=8
2026-02-10 19:55:18 - zone_v2_alerts - INFO - ZONE_COMPLETE | BACKTEST | #zv2_BACKTEST_9 | 02/10 16:16 - 02/10 17:25 | bars=70 | range=69224.70-69726.90 | POC=69383.73 | VAH=69559.50 | VAL=69291.66
2026-02-10 19:55:18 - zone_v2_alerts - INFO - SL_MODE_POC | BACKTEST | POC=69383.73 | dist=288.67 | buffer=50% | SL=69239.39
2026-02-10 19:55:18 - zone_v2_alerts - INFO - BREAKOUT | BACKTEST | zv2_BACKTEST_9 | UP | VA_BREAKOUT | entry=69672.40 | SL=69239.39 | TP=70105.40 | R=433.00
2026-02-10 19:55:18 - zone_v2_alerts - INFO - LOSS | BACKTEST | zv2_BACKTEST_9 | UP | pnl=-1R
2026-02-10 19:55:18 - zone_v2_alerts - INFO - ZONE_BUILDING | BACKTEST | #10 | 02/10 21:05 - 02/10 21:12 | bars=8
2026-02-10 19:55:18 - zone_v2_alerts - INFO - ZONE_COMPLETE | BACKTEST | #zv2_BACKTEST_10 | 02/10 21:05 - 02/10 21:28 | bars=24 | range=68700.00-68978.70 | POC=68797.54 | VAH=68895.09 | VAL=68755.74
2026-02-10 19:55:18 - zone_v2_alerts - INFO - SL_MODE_POC | BACKTEST | POC=68797.54 | dist=403.15 | buffer=50% | SL=68999.12
2026-02-10 19:55:18 - zone_v2_alerts - INFO - BREAKOUT | BACKTEST | zv2_BACKTEST_10 | DOWN | VA_BREAKOUT | entry=68394.40 | SL=68999.12 | TP=67789.68 | R=604.72
2026-02-10 19:55:18 - zone_v2_alerts - INFO - ZONE_BUILDING | BACKTEST | #11 | 02/10 22:23 - 02/10 22:30 | bars=8
2026-02-10 19:55:18 - zone_v2_alerts - INFO - ZONE_COMPLETE | BACKTEST | #zv2_BACKTEST_11 | 02/10 22:23 - 02/10 22:38 | bars=16 | range=68517.30-68789.80 | POC=68585.43 | VAH=68735.30 | VAL=68562.72
2026-02-10 19:55:18 - zone_v2_alerts - INFO - SL_MODE_POC | BACKTEST | POC=68585.43 | dist=164.97 | buffer=50% | SL=68502.94
2026-02-10 19:55:18 - zone_v2_alerts - INFO - BLOCKED_SEQUENTIAL | BACKTEST | zv2_BACKTEST_11 | UP | open_trades=1
2026-02-10 19:55:18 - zone_v2_alerts - INFO - ZONE_BUILDING | BACKTEST | #12 | 02/10 22:40 - 02/10 22:47 | bars=8
2026-02-10 19:55:18 - zone_v2_alerts - INFO - ZONE_COMPLETE | BACKTEST | #zv2_BACKTEST_12 | 02/10 22:40 - 02/10 23:47 | bars=68 | range=68471.30-68830.00 | POC=68632.71 | VAH=68698.48 | VAL=68566.95
2026-02-10 19:55:18 - zone_v2_alerts - INFO - SL_MODE_POC | BACKTEST | POC=68632.71 | dist=167.09 | buffer=50% | SL=68549.17
2026-02-10 19:55:18 - zone_v2_alerts - INFO - BLOCKED_SEQUENTIAL | BACKTEST | zv2_BACKTEST_12 | UP | open_trades=1
2026-02-10 19:55:18 - zone_v2_alerts - INFO - LOSS | BACKTEST | zv2_BACKTEST_10 | DOWN | pnl=-1R
2026-02-10 19:55:18 - zone_v2 - INFO - [BACKTEST] Warmup completado: 110 velas, ATR=110, SMA=110
2026-02-10 19:55:18 - zone_v2_alerts - INFO - ZONE_BUILDING | BACKTEST | #1 | 02/10 04:52 - 02/10 04:59 | bars=8
2026-02-10 19:55:18 - zone_v2_alerts - INFO - ZONE_COMPLETE | BACKTEST | #zv2_BACKTEST_1 | 02/10 04:52 - 02/10 05:19 | bars=28 | range=69580.50-69874.90 | POC=69693.35 | VAH=69806.21 | VAL=69659.01
2026-02-10 19:55:18 - zone_v2_alerts - INFO - SL_MODE_POC | BACKTEST | POC=69693.35 | dist=158.25 | buffer=50% | SL=69772.48
2026-02-10 19:55:18 - zone_v2_alerts - INFO - BREAKOUT | BACKTEST | zv2_BACKTEST_1 | DOWN | VA_BREAKOUT | entry=69535.10 | SL=69772.48 | TP=69297.72 | R=237.38
2026-02-10 19:55:18 - zone_v2_alerts - INFO - WIN | BACKTEST | zv2_BACKTEST_1 | DOWN | pnl=+1R
2026-02-10 19:55:18 - zone_v2_alerts - INFO - ZONE_BUILDING | BACKTEST | #2 | 02/10 06:33 - 02/10 06:40 | bars=8
2026-02-10 19:55:18 - zone_v2_alerts - INFO - ZONE_COMPLETE | BACKTEST | #zv2_BACKTEST_2 | 02/10 06:33 - 02/10 06:40 | bars=8 | range=68966.70-69259.50 | POC=69117.98 | VAH=69132.62 | VAL=68966.70
2026-02-10 19:55:18 - zone_v2_alerts - INFO - SL_MODE_POC | BACKTEST | POC=69117.98 | dist=307.28 | buffer=50% | SL=69271.62
2026-02-10 19:55:18 - zone_v2_alerts - INFO - BREAKOUT | BACKTEST | zv2_BACKTEST_2 | DOWN | VA_BREAKOUT | entry=68810.70 | SL=69271.62 | TP=68349.78 | R=460.92
2026-02-10 19:55:18 - zone_v2_alerts - INFO - ZONE_BUILDING | BACKTEST | #3 | 02/10 07:31 - 02/10 07:38 | bars=8
2026-02-10 19:55:18 - zone_v2_alerts - INFO - ZONE_COMPLETE | BACKTEST | #zv2_BACKTEST_3 | 02/10 07:31 - 02/10 08:15 | bars=45 | range=68712.70-69080.20 | POC=68914.82 | VAH=68957.70 | VAL=68847.45
2026-02-10 19:55:18 - zone_v2_alerts - INFO - SL_MODE_POC | BACKTEST | POC=68914.82 | dist=181.93 | buffer=50% | SL=69005.79
2026-02-10 19:55:18 - zone_v2_alerts - INFO - BLOCKED_SEQUENTIAL | BACKTEST | zv2_BACKTEST_3 | DOWN | open_trades=1
2026-02-10 19:55:18 - zone_v2_alerts - INFO - ZONE_BUILDING | BACKTEST | #4 | 02/10 08:17 - 02/10 08:24 | bars=8
2026-02-10 19:55:18 - zone_v2_alerts - INFO - ZONE_COMPLETE | BACKTEST | #zv2_BACKTEST_4 | 02/10 08:17 - 02/10 08:30 | bars=14 | range=68680.60-69075.60 | POC=69003.18 | VAH=69075.60 | VAL=68772.77
2026-02-10 19:55:18 - zone_v2_alerts - INFO - ZONE_BUILDING | BACKTEST | #5 | 02/10 08:32 - 02/10 08:39 | bars=8
2026-02-10 19:55:18 - zone_v2_alerts - INFO - ZONE_COMPLETE | BACKTEST | #zv2_BACKTEST_5 | 02/10 08:32 - 02/10 08:47 | bars=16 | range=68796.00-69115.40 | POC=69056.84 | VAH=69094.11 | VAL=68923.76
2026-02-10 19:55:18 - zone_v2_alerts - INFO - SL_MODE_POC | BACKTEST | POC=69003.18 | dist=115.12 | buffer=50% | SL=68945.62
2026-02-10 19:55:18 - zone_v2_alerts - INFO - BLOCKED_SEQUENTIAL | BACKTEST | zv2_BACKTEST_4 | UP | open_trades=1
2026-02-10 19:55:18 - zone_v2_alerts - INFO - SL_MODE_POC | BACKTEST | POC=69056.84 | dist=47.16 | buffer=50% | SL=69033.26
2026-02-10 19:55:18 - zone_v2_alerts - INFO - BLOCKED_SEQUENTIAL | BACKTEST | zv2_BACKTEST_5 | UP | open_trades=1
2026-02-10 19:55:18 - zone_v2_alerts - INFO - LOSS | BACKTEST | zv2_BACKTEST_2 | DOWN | pnl=-1R
2026-02-10 19:55:18 - zone_v2_alerts - INFO - ZONE_BUILDING | BACKTEST | #6 | 02/10 09:51 - 02/10 09:58 | bars=8
2026-02-10 19:55:18 - zone_v2_alerts - INFO - ZONE_COMPLETE | BACKTEST | #zv2_BACKTEST_6 | 02/10 09:51 - 02/10 10:58 | bars=68 | range=68914.20-69221.00 | POC=69103.39 | VAH=69128.96 | VAL=68975.56
2026-02-10 19:55:18 - zone_v2_alerts - INFO - SL_MODE_POC | BACKTEST | POC=69103.39 | dist=302.39 | buffer=50% | SL=69254.59
2026-02-10 19:55:18 - zone_v2_alerts - INFO - BREAKOUT | BACKTEST | zv2_BACKTEST_6 | DOWN | VA_BREAKOUT | entry=68801.00 | SL=69254.59 | TP=68347.41 | R=453.59
2026-02-10 19:55:18 - zone_v2_alerts - INFO - ZONE_BUILDING | BACKTEST | #7 | 02/10 12:37 - 02/10 12:44 | bars=8
2026-02-10 19:55:18 - zone_v2_alerts - INFO - ZONE_COMPLETE | BACKTEST | #zv2_BACKTEST_7 | 02/10 12:37 - 02/10 12:44 | bars=8 | range=68518.30-68642.30 | POC=68603.03 | VAH=68634.03 | VAL=68555.50
2026-02-10 19:55:18 - zone_v2_alerts - INFO - SL_MODE_POC | BACKTEST | POC=68603.03 | dist=54.53 | buffer=50% | SL=68630.30
2026-02-10 19:55:18 - zone_v2_alerts - INFO - BLOCKED_SEQUENTIAL | BACKTEST | zv2_BACKTEST_7 | DOWN | open_trades=1
2026-02-10 19:55:18 - zone_v2_alerts - INFO - ZONE_BUILDING | BACKTEST | #8 | 02/10 12:46 - 02/10 12:53 | bars=8
2026-02-10 19:55:18 - zone_v2_alerts - INFO - WIN | BACKTEST | zv2_BACKTEST_6 | DOWN | pnl=+1R
2026-02-10 19:55:18 - zone_v2_alerts - INFO - ZONE_COMPLETE | BACKTEST | #zv2_BACKTEST_8 | 02/10 12:46 - 02/10 13:31 | bars=46 | range=68286.20-68768.00 | POC=68486.95 | VAH=68607.40 | VAL=68414.68
2026-02-10 19:55:18 - zone_v2_alerts - INFO - SL_MODE_POC | BACKTEST | POC=68486.95 | dist=500.15 | buffer=50% | SL=68236.88
2026-02-10 19:55:18 - zone_v2_alerts - INFO - BREAKOUT | BACKTEST | zv2_BACKTEST_8 | UP | VA_BREAKOUT | entry=68987.10 | SL=68236.88 | TP=69737.33 | R=750.23
2026-02-10 19:55:18 - zone_v2_alerts - INFO - LOSS | BACKTEST | zv2_BACKTEST_8 | UP | pnl=-1R
2026-02-10 19:55:18 - zone_v2_alerts - INFO - ZONE_BUILDING | BACKTEST | #9 | 02/10 16:13 - 02/10 16:20 | bars=8
2026-02-10 19:55:18 - zone_v2_alerts - INFO - ZONE_COMPLETE | BACKTEST | #zv2_BACKTEST_9 | 02/10 16:13 - 02/10 17:31 | bars=79 | range=69224.70-69805.80 | POC=69389.35 | VAH=69650.84 | VAL=69321.55
2026-02-10 19:55:18 - zone_v2_alerts - INFO - SL_MODE_POC | BACKTEST | POC=69389.35 | dist=377.65 | buffer=50% | SL=69200.52
2026-02-10 19:55:18 - zone_v2_alerts - INFO - BREAKOUT | BACKTEST | zv2_BACKTEST_9 | UP | VA_BREAKOUT | entry=69767.00 | SL=69200.52 | TP=70333.48 | R=566.48
2026-02-10 19:55:18 - zone_v2_alerts - INFO - ZONE_BUILDING | BACKTEST | #10 | 02/10 17:33 - 02/10 17:40 | bars=8
2026-02-10 19:55:18 - zone_v2_alerts - INFO - ZONE_COMPLETE | BACKTEST | #zv2_BACKTEST_10 | 02/10 17:33 - 02/10 17:40 | bars=8 | range=69713.50-69888.00 | POC=69803.66 | VAH=69829.83 | VAL=69730.95
2026-02-10 19:55:18 - zone_v2_alerts - INFO - SL_MODE_POC | BACKTEST | POC=69803.66 | dist=74.64 | buffer=50% | SL=69766.34
2026-02-10 19:55:18 - zone_v2_alerts - INFO - BLOCKED_SEQUENTIAL | BACKTEST | zv2_BACKTEST_10 | UP | open_trades=1
2026-02-10 19:55:18 - zone_v2_alerts - INFO - ZONE_BUILDING | BACKTEST | #11 | 02/10 17:42 - 02/10 17:49 | bars=8
2026-02-10 19:55:18 - zone_v2_alerts - INFO - ZONE_COMPLETE | BACKTEST | #zv2_BACKTEST_11 | 02/10 17:42 - 02/10 18:16 | bars=35 | range=69450.50-69933.60 | POC=69861.13 | VAH=69917.50 | VAL=69643.74
2026-02-10 19:55:18 - zone_v2_alerts - INFO - SL_MODE_POC | BACKTEST | POC=69861.13 | dist=355.43 | buffer=50% | SL=70038.85
2026-02-10 19:55:18 - zone_v2_alerts - INFO - BLOCKED_SEQUENTIAL | BACKTEST | zv2_BACKTEST_11 | DOWN | open_trades=1
2026-02-10 19:55:18 - zone_v2_alerts - INFO - LOSS | BACKTEST | zv2_BACKTEST_9 | UP | pnl=-1R
2026-02-10 19:55:18 - zone_v2_alerts - INFO - ZONE_BUILDING | BACKTEST | #12 | 02/10 20:54 - 02/10 21:01 | bars=8
2026-02-10 19:55:18 - zone_v2_alerts - INFO - ZONE_COMPLETE | BACKTEST | #zv2_BACKTEST_12 | 02/10 20:54 - 02/10 21:28 | bars=35 | range=68655.10-68978.70 | POC=68789.93 | VAH=68870.83 | VAL=68698.25
2026-02-10 19:55:18 - zone_v2_alerts - INFO - SL_MODE_POC | BACKTEST | POC=68789.93 | dist=395.53 | buffer=50% | SL=68987.70
2026-02-10 19:55:18 - zone_v2_alerts - INFO - BREAKOUT | BACKTEST | zv2_BACKTEST_12 | DOWN | VA_BREAKOUT | entry=68394.40 | SL=68987.70 | TP=67801.10 | R=593.30
2026-02-10 19:55:18 - zone_v2_alerts - INFO - ZONE_BUILDING | BACKTEST | #13 | 02/10 22:22 - 02/10 22:29 | bars=8
2026-02-10 19:55:18 - zone_v2_alerts - INFO - ZONE_COMPLETE | BACKTEST | #zv2_BACKTEST_13 | 02/10 22:22 - 02/10 23:47 | bars=86 | range=68471.30-68830.00 | POC=68632.71 | VAH=68710.43 | VAL=68566.95
2026-02-10 19:55:18 - zone_v2_alerts - INFO - SL_MODE_POC | BACKTEST | POC=68632.71 | dist=167.09 | buffer=50% | SL=68549.17
2026-02-10 19:55:18 - zone_v2_alerts - INFO - BLOCKED_SEQUENTIAL | BACKTEST | zv2_BACKTEST_13 | UP | open_trades=1
2026-02-10 19:55:18 - zone_v2_alerts - INFO - LOSS | BACKTEST | zv2_BACKTEST_12 | DOWN | pnl=-1R
2026-02-10 19:55:18 - zone_v2 - INFO - [BACKTEST] Warmup completado: 160 velas, ATR=160, SMA=160
2026-02-10 19:55:18 - zone_v2_alerts - INFO - ZONE_BUILDING | BACKTEST | #1 | 02/10 04:53 - 02/10 05:00 | bars=8
2026-02-10 19:55:18 - zone_v2_alerts - INFO - ZONE_COMPLETE | BACKTEST | #zv2_BACKTEST_1 | 02/10 04:53 - 02/10 05:26 | bars=34 | range=69509.20-69874.90 | POC=69673.76 | VAH=69850.52 | VAL=69606.72
2026-02-10 19:55:18 - zone_v2_alerts - INFO - SL_MODE_POC | BACKTEST | POC=69673.76 | dist=185.96 | buffer=50% | SL=69766.75
2026-02-10 19:55:18 - zone_v2_alerts - INFO - BREAKOUT | BACKTEST | zv2_BACKTEST_1 | DOWN | VA_BREAKOUT | entry=69487.80 | SL=69766.75 | TP=69208.85 | R=278.95
2026-02-10 19:55:18 - zone_v2_alerts - INFO - WIN | BACKTEST | zv2_BACKTEST_1 | DOWN | pnl=+1R
2026-02-10 19:55:18 - zone_v2_alerts - INFO - ZONE_BUILDING | BACKTEST | #2 | 02/10 07:32 - 02/10 07:39 | bars=8
2026-02-10 19:55:18 - zone_v2_alerts - INFO - ZONE_COMPLETE | BACKTEST | #zv2_BACKTEST_2 | 02/10 07:32 - 02/10 08:15 | bars=44 | range=68712.70-69060.10 | POC=68903.77 | VAH=68955.88 | VAL=68851.66
2026-02-10 19:55:18 - zone_v2_alerts - INFO - SL_MODE_POC | BACKTEST | POC=68903.77 | dist=170.87 | buffer=50% | SL=68989.21
2026-02-10 19:55:18 - zone_v2_alerts - INFO - BREAKOUT | BACKTEST | zv2_BACKTEST_2 | DOWN | VA_BREAKOUT | entry=68732.90 | SL=68989.21 | TP=68476.59 | R=256.31
2026-02-10 19:55:18 - zone_v2_alerts - INFO - ZONE_BUILDING | BACKTEST | #3 | 02/10 08:17 - 02/10 08:24 | bars=8
2026-02-10 19:55:18 - zone_v2_alerts - INFO - LOSS | BACKTEST | zv2_BACKTEST_2 | DOWN | pnl=-1R
2026-02-10 19:55:18 - zone_v2_alerts - INFO - ZONE_COMPLETE | BACKTEST | #zv2_BACKTEST_3 | 02/10 08:17 - 02/10 08:30 | bars=14 | range=68680.60-69075.60 | POC=69003.18 | VAH=69075.60 | VAL=68772.77
2026-02-10 19:55:18 - zone_v2_alerts - INFO - ZONE_BUILDING | BACKTEST | #4 | 02/10 08:32 - 02/10 08:39 | bars=8
2026-02-10 19:55:18 - zone_v2_alerts - INFO - SL_MODE_POC | BACKTEST | POC=69003.18 | dist=115.12 | buffer=50% | SL=68945.62
2026-02-10 19:55:18 - zone_v2_alerts - INFO - BREAKOUT | BACKTEST | zv2_BACKTEST_3 | UP | VA_BREAKOUT | entry=69118.30 | SL=68945.62 | TP=69290.98 | R=172.68
2026-02-10 19:55:18 - zone_v2_alerts - INFO - ZONE_COMPLETE | BACKTEST | #zv2_BACKTEST_4 | 02/10 08:32 - 02/10 08:51 | bars=20 | range=68796.00-69137.00 | POC=69063.12 | VAH=69137.00 | VAL=68955.13
2026-02-10 19:55:18 - zone_v2_alerts - INFO - SL_MODE_POC | BACKTEST | POC=69063.12 | dist=100.98 | buffer=50% | SL=69012.63
2026-02-10 19:55:18 - zone_v2_alerts - INFO - BLOCKED_SEQUENTIAL | BACKTEST | zv2_BACKTEST_4 | UP | open_trades=1
2026-02-10 19:55:18 - zone_v2_alerts - INFO - ZONE_BUILDING | BACKTEST | #5 | 02/10 08:53 - 02/10 09:00 | bars=8
2026-02-10 19:55:18 - zone_v2_alerts - INFO - ZONE_COMPLETE | BACKTEST | #zv2_BACKTEST_5 | 02/10 08:53 - 02/10 09:02 | bars=10 | range=69029.50-69188.50 | POC=69122.25 | VAH=69188.50 | VAL=69087.80
2026-02-10 19:55:18 - zone_v2_alerts - INFO - WIN | BACKTEST | zv2_BACKTEST_3 | UP | pnl=+1R
2026-02-10 19:55:18 - zone_v2_alerts - INFO - SL_MODE_POC | BACKTEST | POC=69122.25 | dist=147.25 | buffer=50% | SL=69048.62
2026-02-10 19:55:18 - zone_v2_alerts - INFO - BREAKOUT | BACKTEST | zv2_BACKTEST_5 | UP | VA_BREAKOUT | entry=69269.50 | SL=69048.62 | TP=69490.38 | R=220.88
2026-02-10 19:55:18 - zone_v2_alerts - INFO - ZONE_BUILDING | BACKTEST | #6 | 02/10 09:32 - 02/10 09:39 | bars=8
2026-02-10 19:55:18 - zone_v2_alerts - INFO - ZONE_COMPLETE | BACKTEST | #zv2_BACKTEST_6 | 02/10 09:32 - 02/10 09:47 | bars=16 | range=69073.60-69213.90 | POC=69127.38 | VAH=69167.13 | VAL=69106.34
2026-02-10 19:55:18 - zone_v2_alerts - INFO - LOSS | BACKTEST | zv2_BACKTEST_5 | UP | pnl=-1R
2026-02-10 19:55:18 - zone_v2_alerts - INFO - SL_MODE_POC | BACKTEST | POC=69127.38 | dist=119.18 | buffer=50% | SL=69186.97
2026-02-10 19:55:18 - zone_v2_alerts - INFO - BREAKOUT | BACKTEST | zv2_BACKTEST_6 | DOWN | VA_BREAKOUT | entry=69008.20 | SL=69186.97 | TP=68829.43 | R=178.77
2026-02-10 19:55:18 - zone_v2_alerts - INFO - ZONE_BUILDING | BACKTEST | #7 | 02/10 09:51 - 02/10 09:58 | bars=8
2026-02-10 19:55:18 - zone_v2_alerts - INFO - LOSS | BACKTEST | zv2_BACKTEST_6 | DOWN | pnl=-1R
2026-02-10 19:55:18 - zone_v2_alerts - INFO - ZONE_COMPLETE | BACKTEST | #zv2_BACKTEST_7 | 02/10 09:51 - 02/10 10:59 | bars=69 | range=68877.90-69221.00 | POC=69089.48 | VAH=69129.51 | VAL=68969.39
2026-02-10 19:55:18 - zone_v2_alerts - INFO - SL_MODE_POC | BACKTEST | POC=69089.48 | dist=207.08 | buffer=50% | SL=69193.02
2026-02-10 19:55:18 - zone_v2_alerts - INFO - BREAKOUT | BACKTEST | zv2_BACKTEST_7 | DOWN | VA_BREAKOUT | entry=68882.40 | SL=69193.02 | TP=68571.78 | R=310.62
2026-02-10 19:55:18 - zone_v2_alerts - INFO - ZONE_BUILDING | BACKTEST | #8 | 02/10 11:04 - 02/10 11:11 | bars=8
2026-02-10 19:55:18 - zone_v2_alerts - INFO - ZONE_COMPLETE | BACKTEST | #zv2_BACKTEST_8 | 02/10 11:04 - 02/10 11:32 | bars=29 | range=68804.00-68975.70 | POC=68938.50 | VAH=68964.25 | VAL=68866.96
2026-02-10 19:55:18 - zone_v2_alerts - INFO - SL_MODE_POC | BACKTEST | POC=68938.50 | dist=84.90 | buffer=50% | SL=68896.05
2026-02-10 19:55:18 - zone_v2_alerts - INFO - BLOCKED_SEQUENTIAL | BACKTEST | zv2_BACKTEST_8 | UP | open_trades=1
2026-02-10 19:55:18 - zone_v2_alerts - INFO - WIN | BACKTEST | zv2_BACKTEST_7 | DOWN | pnl=+1R
2026-02-10 19:55:18 - zone_v2_alerts - INFO - ZONE_BUILDING | BACKTEST | #9 | 02/10 12:46 - 02/10 12:53 | bars=8
2026-02-10 19:55:18 - zone_v2_alerts - INFO - ZONE_COMPLETE | BACKTEST | #zv2_BACKTEST_9 | 02/10 12:46 - 02/10 13:31 | bars=46 | range=68286.20-68768.00 | POC=68486.95 | VAH=68607.40 | VAL=68414.68
2026-02-10 19:55:18 - zone_v2_alerts - INFO - SL_MODE_POC | BACKTEST | POC=68486.95 | dist=500.15 | buffer=50% | SL=68236.88
2026-02-10 19:55:18 - zone_v2_alerts - INFO - BREAKOUT | BACKTEST | zv2_BACKTEST_9 | UP | VA_BREAKOUT | entry=68987.10 | SL=68236.88 | TP=69737.33 | R=750.23
2026-02-10 19:55:18 - zone_v2_alerts - INFO - LOSS | BACKTEST | zv2_BACKTEST_9 | UP | pnl=-1R
2026-02-10 19:55:18 - zone_v2_alerts - INFO - ZONE_BUILDING | BACKTEST | #10 | 02/10 16:20 - 02/10 16:27 | bars=8
2026-02-10 19:55:18 - zone_v2_alerts - INFO - ZONE_COMPLETE | BACKTEST | #zv2_BACKTEST_10 | 02/10 16:20 - 02/10 18:19 | bars=120 | range=69224.70-69982.20 | POC=69388.82 | VAH=69780.20 | VAL=69300.45
2026-02-10 19:55:18 - zone_v2_alerts - INFO - SL_MODE_POC | BACKTEST | POC=69388.82 | dist=308.72 | buffer=50% | SL=69543.19
2026-02-10 19:55:18 - zone_v2_alerts - INFO - BREAKOUT | BACKTEST | zv2_BACKTEST_10 | DOWN | VA_BREAKOUT | entry=69080.10 | SL=69543.19 | TP=68617.01 | R=463.09
2026-02-10 19:55:18 - zone_v2_alerts - INFO - WIN | BACKTEST | zv2_BACKTEST_10 | DOWN | pnl=+1R
2026-02-10 19:55:18 - zone_v2_alerts - INFO - ZONE_BUILDING | BACKTEST | #11 | 02/10 20:53 - 02/10 21:00 | bars=8
2026-02-10 19:55:18 - zone_v2_alerts - INFO - ZONE_COMPLETE | BACKTEST | #zv2_BACKTEST_11 | 02/10 20:53 - 02/10 21:29 | bars=37 | range=68608.00-68978.70 | POC=68787.17 | VAH=68867.49 | VAL=68682.14
2026-02-10 19:55:18 - zone_v2_alerts - INFO - SL_MODE_POC | BACKTEST | POC=68787.17 | dist=383.17 | buffer=50% | SL=68978.76
2026-02-10 19:55:18 - zone_v2_alerts - INFO - BREAKOUT | BACKTEST | zv2_BACKTEST_11 | DOWN | VA_BREAKOUT | entry=68404.00 | SL=68978.76 | TP=67829.24 | R=574.76
2026-02-10 19:55:18 - zone_v2_alerts - INFO - ZONE_BUILDING | BACKTEST | #12 | 02/10 22:22 - 02/10 22:29 | bars=8
2026-02-10 19:55:18 - zone_v2_alerts - INFO - ZONE_COMPLETE | BACKTEST | #zv2_BACKTEST_12 | 02/10 22:22 - 02/10 23:48 | bars=87 | range=68471.30-68830.00 | POC=68632.71 | VAH=68710.43 | VAL=68566.95
2026-02-10 19:55:18 - zone_v2_alerts - INFO - SL_MODE_POC | BACKTEST | POC=68632.71 | dist=115.29 | buffer=50% | SL=68575.07
2026-02-10 19:55:18 - zone_v2_alerts - INFO - BLOCKED_SEQUENTIAL | BACKTEST | zv2_BACKTEST_12 | UP | open_trades=1
2026-02-10 19:55:18 - zone_v2_alerts - INFO - ZONE_BUILDING | BACKTEST | #13 | 02/10 23:51 - 02/10 23:58 | bars=8
2026-02-10 19:55:18 - zone_v2_alerts - INFO - ZONE_COMPLETE | BACKTEST | #zv2_BACKTEST_13 | 02/10 23:51 - 02/11 00:04 | bars=14 | range=68738.10-68844.30 | POC=68803.59 | VAH=68808.90 | VAL=68773.50
2026-02-10 19:55:18 - zone_v2_alerts - INFO - SL_MODE_POC | BACKTEST | POC=68803.59 | dist=58.21 | buffer=50% | SL=68774.48
2026-02-10 19:55:18 - zone_v2_alerts - INFO - BLOCKED_SEQUENTIAL | BACKTEST | zv2_BACKTEST_13 | UP | open_trades=1
2026-02-10 19:55:18 - zone_v2_alerts - INFO - LOSS | BACKTEST | zv2_BACKTEST_11 | DOWN | pnl=-1R
2026-02-10 19:55:18 - zone_v2 - INFO - [BACKTEST] Warmup completado: 210 velas, ATR=210, SMA=210
2026-02-10 19:55:18 - zone_v2_alerts - INFO - ZONE_BUILDING | BACKTEST | #1 | 02/10 04:53 - 02/10 05:00 | bars=8
2026-02-10 19:55:18 - zone_v2_alerts - INFO - ZONE_COMPLETE | BACKTEST | #zv2_BACKTEST_1 | 02/10 04:53 - 02/10 05:26 | bars=34 | range=69509.20-69874.90 | POC=69673.76 | VAH=69850.52 | VAL=69606.72
2026-02-10 19:55:18 - zone_v2_alerts - INFO - SL_MODE_POC | BACKTEST | POC=69673.76 | dist=185.96 | buffer=50% | SL=69766.75
2026-02-10 19:55:18 - zone_v2_alerts - INFO - BREAKOUT | BACKTEST | zv2_BACKTEST_1 | DOWN | VA_BREAKOUT | entry=69487.80 | SL=69766.75 | TP=69208.85 | R=278.95
2026-02-10 19:55:18 - zone_v2_alerts - INFO - WIN | BACKTEST | zv2_BACKTEST_1 | DOWN | pnl=+1R
2026-02-10 19:55:18 - zone_v2_alerts - INFO - ZONE_BUILDING | BACKTEST | #2 | 02/10 06:32 - 02/10 06:39 | bars=8
2026-02-10 19:55:18 - zone_v2_alerts - INFO - ZONE_COMPLETE | BACKTEST | #zv2_BACKTEST_2 | 02/10 06:32 - 02/10 06:40 | bars=9 | range=68966.70-69259.50 | POC=69117.98 | VAH=69142.38 | VAL=68966.70
2026-02-10 19:55:18 - zone_v2_alerts - INFO - SL_MODE_POC | BACKTEST | POC=69117.98 | dist=307.28 | buffer=50% | SL=69271.62
2026-02-10 19:55:18 - zone_v2_alerts - INFO - BREAKOUT | BACKTEST | zv2_BACKTEST_2 | DOWN | VA_BREAKOUT | entry=68810.70 | SL=69271.62 | TP=68349.78 | R=460.92
2026-02-10 19:55:18 - zone_v2_alerts - INFO - ZONE_BUILDING | BACKTEST | #3 | 02/10 07:33 - 02/10 07:40 | bars=8
2026-02-10 19:55:18 - zone_v2_alerts - INFO - ZONE_COMPLETE | BACKTEST | #zv2_BACKTEST_3 | 02/10 07:33 - 02/10 08:15 | bars=43 | range=68712.70-69029.00 | POC=68918.29 | VAH=68955.20 | VAL=68849.76
2026-02-10 19:55:18 - zone_v2_alerts - INFO - SL_MODE_POC | BACKTEST | POC=68918.29 | dist=185.40 | buffer=50% | SL=69010.99
2026-02-10 19:55:18 - zone_v2_alerts - INFO - BLOCKED_SEQUENTIAL | BACKTEST | zv2_BACKTEST_3 | DOWN | open_trades=1
2026-02-10 19:55:18 - zone_v2_alerts - INFO - ZONE_BUILDING | BACKTEST | #4 | 02/10 08:17 - 02/10 08:24 | bars=8
2026-02-10 19:55:18 - zone_v2_alerts - INFO - ZONE_COMPLETE | BACKTEST | #zv2_BACKTEST_4 | 02/10 08:17 - 02/10 08:30 | bars=14 | range=68680.60-69075.60 | POC=69003.18 | VAH=69075.60 | VAL=68772.77
2026-02-10 19:55:18 - zone_v2_alerts - INFO - ZONE_BUILDING | BACKTEST | #5 | 02/10 08:32 - 02/10 08:39 | bars=8
2026-02-10 19:55:18 - zone_v2_alerts - INFO - SL_MODE_POC | BACKTEST | POC=69003.18 | dist=115.12 | buffer=50% | SL=68945.62
2026-02-10 19:55:18 - zone_v2_alerts - INFO - BLOCKED_SEQUENTIAL | BACKTEST | zv2_BACKTEST_4 | UP | open_trades=1
2026-02-10 19:55:18 - zone_v2_alerts - INFO - ZONE_COMPLETE | BACKTEST | #zv2_BACKTEST_5 | 02/10 08:32 - 02/10 09:02 | bars=31 | range=68796.00-69188.50 | POC=69064.21 | VAH=69188.50 | VAL=69018.42
2026-02-10 19:55:18 - zone_v2_alerts - INFO - LOSS | BACKTEST | zv2_BACKTEST_2 | DOWN | pnl=-1R
2026-02-10 19:55:18 - zone_v2_alerts - INFO - SL_MODE_POC | BACKTEST | POC=69064.21 | dist=205.29 | buffer=50% | SL=68961.56
2026-02-10 19:55:18 - zone_v2_alerts - INFO - BREAKOUT | BACKTEST | zv2_BACKTEST_5 | UP | VA_BREAKOUT | entry=69269.50 | SL=68961.56 | TP=69577.44 | R=307.94
2026-02-10 19:55:18 - zone_v2_alerts - INFO - ZONE_BUILDING | BACKTEST | #6 | 02/10 09:11 - 02/10 09:18 | bars=8
2026-02-10 19:55:18 - zone_v2_alerts - INFO - ZONE_COMPLETE | BACKTEST | #zv2_BACKTEST_6 | 02/10 09:11 - 02/10 09:47 | bars=37 | range=69073.60-69385.20 | POC=69244.98 | VAH=69354.04 | VAL=69177.47
2026-02-10 19:55:18 - zone_v2_alerts - INFO - SL_MODE_POC | BACKTEST | POC=69244.98 | dist=236.78 | buffer=50% | SL=69363.37
2026-02-10 19:55:18 - zone_v2_alerts - INFO - BLOCKED_SEQUENTIAL | BACKTEST | zv2_BACKTEST_6 | DOWN | open_trades=1
2026-02-10 19:55:18 - zone_v2_alerts - INFO - LOSS | BACKTEST | zv2_BACKTEST_5 | UP | pnl=-1R
2026-02-10 19:55:18 - zone_v2_alerts - INFO - ZONE_BUILDING | BACKTEST | #7 | 02/10 09:50 - 02/10 09:57 | bars=8
2026-02-10 19:55:18 - zone_v2_alerts - INFO - ZONE_COMPLETE | BACKTEST | #zv2_BACKTEST_7 | 02/10 09:50 - 02/10 10:59 | bars=70 | range=68877.90-69221.00 | POC=68986.55 | VAH=69118.07 | VAL=68946.52
2026-02-10 19:55:18 - zone_v2_alerts - INFO - SL_MODE_POC | BACKTEST | POC=68986.55 | dist=104.15 | buffer=50% | SL=69038.62
2026-02-10 19:55:18 - zone_v2_alerts - INFO - BREAKOUT | BACKTEST | zv2_BACKTEST_7 | DOWN | VA_BREAKOUT | entry=68882.40 | SL=69038.62 | TP=68726.18 | R=156.22
2026-02-10 19:55:18 - zone_v2_alerts - INFO - ZONE_BUILDING | BACKTEST | #8 | 02/10 11:02 - 02/10 11:09 | bars=8
2026-02-10 19:55:18 - zone_v2_alerts - INFO - LOSS | BACKTEST | zv2_BACKTEST_7 | DOWN | pnl=-1R
2026-02-10 19:55:18 - zone_v2_alerts - INFO - ZONE_COMPLETE | BACKTEST | #zv2_BACKTEST_8 | 02/10 11:02 - 02/10 11:41 | bars=40 | range=68801.00-69050.00 | POC=68946.25 | VAH=68991.90 | VAL=68842.50
2026-02-10 19:55:18 - zone_v2_alerts - INFO - SL_MODE_POC | BACKTEST | POC=68946.25 | dist=315.15 | buffer=50% | SL=69103.82
2026-02-10 19:55:18 - zone_v2_alerts - INFO - BREAKOUT | BACKTEST | zv2_BACKTEST_8 | DOWN | VA_BREAKOUT | entry=68631.10 | SL=69103.82 | TP=68158.38 | R=472.72
2026-02-10 19:55:18 - zone_v2_alerts - INFO - ZONE_BUILDING | BACKTEST | #9 | 02/10 13:11 - 02/10 13:18 | bars=8
2026-02-10 19:55:18 - zone_v2_alerts - INFO - ZONE_COMPLETE | BACKTEST | #zv2_BACKTEST_9 | 02/10 13:11 - 02/10 13:23 | bars=13 | range=68397.00-68719.20 | POC=68606.43 | VAH=68719.20 | VAL=68536.62
2026-02-10 19:55:18 - zone_v2_alerts - INFO - SL_MODE_POC | BACKTEST | POC=68606.43 | dist=380.67 | buffer=50% | SL=68416.09
2026-02-10 19:55:18 - zone_v2_alerts - INFO - BLOCKED_SEQUENTIAL | BACKTEST | zv2_BACKTEST_9 | UP | open_trades=1
2026-02-10 19:55:18 - zone_v2_alerts - INFO - LOSS | BACKTEST | zv2_BACKTEST_8 | DOWN | pnl=-1R
2026-02-10 19:55:18 - zone_v2_alerts - INFO - ZONE_BUILDING | BACKTEST | #10 | 02/10 16:21 - 02/10 16:28 | bars=8
2026-02-10 19:55:18 - zone_v2_alerts - INFO - ZONE_COMPLETE | BACKTEST | #zv2_BACKTEST_10 | 02/10 16:21 - 02/10 18:20 | bars=120 | range=69224.70-69982.20 | POC=69388.82 | VAH=69780.20 | VAL=69300.45
2026-02-10 19:55:18 - zone_v2_alerts - INFO - SL_MODE_POC | BACKTEST | POC=69388.82 | dist=308.72 | buffer=50% | SL=69543.19
2026-02-10 19:55:18 - zone_v2_alerts - INFO - BREAKOUT | BACKTEST | zv2_BACKTEST_10 | DOWN | VA_BREAKOUT | entry=69080.10 | SL=69543.19 | TP=68617.01 | R=463.09
2026-02-10 19:55:18 - zone_v2_alerts - INFO - WIN | BACKTEST | zv2_BACKTEST_10 | DOWN | pnl=+1R
2026-02-10 19:55:18 - zone_v2_alerts - INFO - ZONE_BUILDING | BACKTEST | #11 | 02/10 20:53 - 02/10 21:00 | bars=8
2026-02-10 19:55:18 - zone_v2_alerts - INFO - ZONE_COMPLETE | BACKTEST | #zv2_BACKTEST_11 | 02/10 20:53 - 02/10 21:30 | bars=38 | range=68509.40-68978.70 | POC=68783.16 | VAH=68900.48 | VAL=68681.48
2026-02-10 19:55:18 - zone_v2_alerts - INFO - SL_MODE_POC | BACKTEST | POC=68783.16 | dist=372.06 | buffer=50% | SL=68969.19
2026-02-10 19:55:18 - zone_v2_alerts - INFO - BREAKOUT | BACKTEST | zv2_BACKTEST_11 | DOWN | VA_BREAKOUT | entry=68411.10 | SL=68969.19 | TP=67853.01 | R=558.09
2026-02-10 19:55:18 - zone_v2_alerts - INFO - ZONE_BUILDING | BACKTEST | #12 | 02/10 22:21 - 02/10 22:28 | bars=8
2026-02-10 19:55:18 - zone_v2_alerts - INFO - ZONE_COMPLETE | BACKTEST | #zv2_BACKTEST_12 | 02/10 22:21 - 02/10 23:48 | bars=88 | range=68471.30-68830.00 | POC=68632.71 | VAH=68710.43 | VAL=68566.95
2026-02-10 19:55:18 - zone_v2_alerts - INFO - SL_MODE_POC | BACKTEST | POC=68632.71 | dist=115.29 | buffer=50% | SL=68575.07
2026-02-10 19:55:18 - zone_v2_alerts - INFO - BLOCKED_SEQUENTIAL | BACKTEST | zv2_BACKTEST_12 | UP | open_trades=1
2026-02-10 19:55:18 - zone_v2_alerts - INFO - ZONE_BUILDING | BACKTEST | #13 | 02/10 23:50 - 02/10 23:57 | bars=8
2026-02-10 19:55:18 - zone_v2_alerts - INFO - ZONE_COMPLETE | BACKTEST | #zv2_BACKTEST_13 | 02/10 23:50 - 02/11 00:04 | bars=15 | range=68738.10-68844.30 | POC=68803.59 | VAH=68808.90 | VAL=68773.50
2026-02-10 19:55:18 - zone_v2_alerts - INFO - SL_MODE_POC | BACKTEST | POC=68803.59 | dist=58.21 | buffer=50% | SL=68774.48
2026-02-10 19:55:18 - zone_v2_alerts - INFO - BLOCKED_SEQUENTIAL | BACKTEST | zv2_BACKTEST_13 | UP | open_trades=1
2026-02-10 19:55:18 - zone_v2_alerts - INFO - ZONE_BUILDING | BACKTEST | #14 | 02/11 00:06 - 02/11 00:13 | bars=8
2026-02-10 19:55:18 - zone_v2_alerts - INFO - ZONE_COMPLETE | BACKTEST | #zv2_BACKTEST_14 | 02/11 00:06 - 02/11 00:17 | bars=12 | range=68750.00-68955.50 | POC=68869.88 | VAH=68914.40 | VAL=68811.65
2026-02-10 19:55:18 - zone_v2_alerts - INFO - LOSS | BACKTEST | zv2_BACKTEST_11 | DOWN | pnl=-1R
2026-02-10 19:55:18 - zone_v2_alerts - INFO - SL_MODE_POC | BACKTEST | POC=68869.88 | dist=79.32 | buffer=50% | SL=68830.21
2026-02-10 19:55:18 - zone_v2_alerts - INFO - BREAKOUT | BACKTEST | zv2_BACKTEST_14 | UP | VA_BREAKOUT | entry=68949.20 | SL=68830.21 | TP=69068.19 | R=118.99
2026-02-10 19:55:18 - zone_v2_alerts - INFO - WIN | BACKTEST | zv2_BACKTEST_14 | UP | pnl=+1R
2026-02-10 19:55:18 - zone_v2 - INFO - [BACKTEST] Warmup completado: 260 velas, ATR=260, SMA=260
2026-02-10 19:55:18 - zone_v2_alerts - INFO - ZONE_BUILDING | BACKTEST | #1 | 02/10 06:33 - 02/10 06:40 | bars=8
2026-02-10 19:55:18 - zone_v2_alerts - INFO - ZONE_COMPLETE | BACKTEST | #zv2_BACKTEST_1 | 02/10 06:33 - 02/10 06:40 | bars=8 | range=68966.70-69259.50 | POC=69117.98 | VAH=69132.62 | VAL=68966.70
2026-02-10 19:55:18 - zone_v2_alerts - INFO - SL_MODE_POC | BACKTEST | POC=69117.98 | dist=307.28 | buffer=50% | SL=69271.62
2026-02-10 19:55:18 - zone_v2_alerts - INFO - BREAKOUT | BACKTEST | zv2_BACKTEST_1 | DOWN | VA_BREAKOUT | entry=68810.70 | SL=69271.62 | TP=68349.78 | R=460.92
2026-02-10 19:55:18 - zone_v2_alerts - INFO - ZONE_BUILDING | BACKTEST | #2 | 02/10 07:32 - 02/10 07:39 | bars=8
2026-02-10 19:55:18 - zone_v2_alerts - INFO - ZONE_COMPLETE | BACKTEST | #zv2_BACKTEST_2 | 02/10 07:32 - 02/10 08:15 | bars=44 | range=68712.70-69060.10 | POC=68903.77 | VAH=68955.88 | VAL=68851.66
2026-02-10 19:55:18 - zone_v2_alerts - INFO - SL_MODE_POC | BACKTEST | POC=68903.77 | dist=170.87 | buffer=50% | SL=68989.21
2026-02-10 19:55:18 - zone_v2_alerts - INFO - BLOCKED_SEQUENTIAL | BACKTEST | zv2_BACKTEST_2 | DOWN | open_trades=1
2026-02-10 19:55:18 - zone_v2_alerts - INFO - ZONE_BUILDING | BACKTEST | #3 | 02/10 08:17 - 02/10 08:24 | bars=8
2026-02-10 19:55:18 - zone_v2_alerts - INFO - ZONE_COMPLETE | BACKTEST | #zv2_BACKTEST_3 | 02/10 08:17 - 02/10 08:30 | bars=14 | range=68680.60-69075.60 | POC=69003.18 | VAH=69075.60 | VAL=68772.77
2026-02-10 19:55:18 - zone_v2_alerts - INFO - ZONE_BUILDING | BACKTEST | #4 | 02/10 08:32 - 02/10 08:39 | bars=8
2026-02-10 19:55:18 - zone_v2_alerts - INFO - SL_MODE_POC | BACKTEST | POC=69003.18 | dist=115.12 | buffer=50% | SL=68945.62
2026-02-10 19:55:18 - zone_v2_alerts - INFO - BLOCKED_SEQUENTIAL | BACKTEST | zv2_BACKTEST_3 | UP | open_trades=1
2026-02-10 19:55:18 - zone_v2_alerts - INFO - ZONE_COMPLETE | BACKTEST | #zv2_BACKTEST_4 | 02/10 08:32 - 02/10 08:51 | bars=20 | range=68796.00-69137.00 | POC=69063.12 | VAH=69137.00 | VAL=68955.13
2026-02-10 19:55:18 - zone_v2_alerts - INFO - SL_MODE_POC | BACKTEST | POC=69063.12 | dist=100.98 | buffer=50% | SL=69012.63
2026-02-10 19:55:18 - zone_v2_alerts - INFO - BLOCKED_SEQUENTIAL | BACKTEST | zv2_BACKTEST_4 | UP | open_trades=1
2026-02-10 19:55:18 - zone_v2_alerts - INFO - ZONE_BUILDING | BACKTEST | #5 | 02/10 08:53 - 02/10 09:00 | bars=8
2026-02-10 19:55:18 - zone_v2_alerts - INFO - ZONE_COMPLETE | BACKTEST | #zv2_BACKTEST_5 | 02/10 08:53 - 02/10 09:02 | bars=10 | range=69029.50-69188.50 | POC=69122.25 | VAH=69188.50 | VAL=69087.80
2026-02-10 19:55:18 - zone_v2_alerts - INFO - LOSS | BACKTEST | zv2_BACKTEST_1 | DOWN | pnl=-1R
2026-02-10 19:55:18 - zone_v2_alerts - INFO - SL_MODE_POC | BACKTEST | POC=69122.25 | dist=147.25 | buffer=50% | SL=69048.62
2026-02-10 19:55:18 - zone_v2_alerts - INFO - BREAKOUT | BACKTEST | zv2_BACKTEST_5 | UP | VA_BREAKOUT | entry=69269.50 | SL=69048.62 | TP=69490.38 | R=220.88
2026-02-10 19:55:18 - zone_v2_alerts - INFO - LOSS | BACKTEST | zv2_BACKTEST_5 | UP | pnl=-1R
2026-02-10 19:55:18 - zone_v2_alerts - INFO - ZONE_BUILDING | BACKTEST | #6 | 02/10 09:50 - 02/10 09:57 | bars=8
2026-02-10 19:55:18 - zone_v2_alerts - INFO - ZONE_COMPLETE | BACKTEST | #zv2_BACKTEST_6 | 02/10 09:50 - 02/10 10:59 | bars=70 | range=68877.90-69221.00 | POC=68986.55 | VAH=69118.07 | VAL=68946.52
2026-02-10 19:55:18 - zone_v2_alerts - INFO - SL_MODE_POC | BACKTEST | POC=68986.55 | dist=104.15 | buffer=50% | SL=69038.62
2026-02-10 19:55:18 - zone_v2_alerts - INFO - BREAKOUT | BACKTEST | zv2_BACKTEST_6 | DOWN | VA_BREAKOUT | entry=68882.40 | SL=69038.62 | TP=68726.18 | R=156.22
2026-02-10 19:55:18 - zone_v2_alerts - INFO - ZONE_BUILDING | BACKTEST | #7 | 02/10 11:02 - 02/10 11:09 | bars=8
2026-02-10 19:55:18 - zone_v2_alerts - INFO - LOSS | BACKTEST | zv2_BACKTEST_6 | DOWN | pnl=-1R
2026-02-10 19:55:18 - zone_v2_alerts - INFO - ZONE_COMPLETE | BACKTEST | #zv2_BACKTEST_7 | 02/10 11:02 - 02/10 11:41 | bars=40 | range=68801.00-69050.00 | POC=68946.25 | VAH=68991.90 | VAL=68842.50
2026-02-10 19:55:18 - zone_v2_alerts - INFO - SL_MODE_POC | BACKTEST | POC=68946.25 | dist=315.15 | buffer=50% | SL=69103.82
2026-02-10 19:55:18 - zone_v2_alerts - INFO - BREAKOUT | BACKTEST | zv2_BACKTEST_7 | DOWN | VA_BREAKOUT | entry=68631.10 | SL=69103.82 | TP=68158.38 | R=472.72
2026-02-10 19:55:18 - zone_v2_alerts - INFO - ZONE_BUILDING | BACKTEST | #8 | 02/10 12:46 - 02/10 12:53 | bars=8
2026-02-10 19:55:18 - zone_v2_alerts - INFO - ZONE_COMPLETE | BACKTEST | #zv2_BACKTEST_8 | 02/10 12:46 - 02/10 13:23 | bars=38 | range=68286.20-68719.20 | POC=68495.48 | VAH=68574.87 | VAL=68416.10
2026-02-10 19:55:18 - zone_v2_alerts - INFO - SL_MODE_POC | BACKTEST | POC=68495.48 | dist=192.12 | buffer=50% | SL=68399.42
2026-02-10 19:55:18 - zone_v2_alerts - INFO - BLOCKED_SEQUENTIAL | BACKTEST | zv2_BACKTEST_8 | UP | open_trades=1
2026-02-10 19:55:18 - zone_v2_alerts - INFO - LOSS | BACKTEST | zv2_BACKTEST_7 | DOWN | pnl=-1R
2026-02-10 19:55:18 - zone_v2_alerts - INFO - ZONE_BUILDING | BACKTEST | #9 | 02/10 16:21 - 02/10 16:28 | bars=8
2026-02-10 19:55:18 - zone_v2_alerts - INFO - ZONE_COMPLETE | BACKTEST | #zv2_BACKTEST_9 | 02/10 16:21 - 02/10 18:20 | bars=120 | range=69224.70-69982.20 | POC=69388.82 | VAH=69780.20 | VAL=69300.45
2026-02-10 19:55:18 - zone_v2_alerts - INFO - SL_MODE_POC | BACKTEST | POC=69388.82 | dist=308.72 | buffer=50% | SL=69543.19
2026-02-10 19:55:18 - zone_v2_alerts - INFO - BREAKOUT | BACKTEST | zv2_BACKTEST_9 | DOWN | VA_BREAKOUT | entry=69080.10 | SL=69543.19 | TP=68617.01 | R=463.09
2026-02-10 19:55:18 - zone_v2_alerts - INFO - WIN | BACKTEST | zv2_BACKTEST_9 | DOWN | pnl=+1R
2026-02-10 19:55:18 - zone_v2_alerts - INFO - ZONE_BUILDING | BACKTEST | #10 | 02/10 19:27 - 02/10 19:34 | bars=8
2026-02-10 19:55:18 - zone_v2_alerts - INFO - ZONE_COMPLETE | BACKTEST | #zv2_BACKTEST_10 | 02/10 19:27 - 02/10 19:34 | bars=8 | range=68696.20-69052.80 | POC=68904.22 | VAH=68993.37 | VAL=68815.07
2026-02-10 19:55:18 - zone_v2_alerts - INFO - SL_MODE_POC | BACKTEST | POC=68904.22 | dist=319.08 | buffer=50% | SL=68744.68
2026-02-10 19:55:18 - zone_v2_alerts - INFO - BREAKOUT | BACKTEST | zv2_BACKTEST_10 | UP | VA_BREAKOUT | entry=69223.30 | SL=68744.68 | TP=69701.92 | R=478.62
2026-02-10 19:55:18 - zone_v2_alerts - INFO - LOSS | BACKTEST | zv2_BACKTEST_10 | UP | pnl=-1R
2026-02-10 19:55:18 - zone_v2_alerts - INFO - ZONE_BUILDING | BACKTEST | #11 | 02/10 20:52 - 02/10 20:59 | bars=8
2026-02-10 19:55:18 - zone_v2_alerts - INFO - ZONE_COMPLETE | BACKTEST | #zv2_BACKTEST_11 | 02/10 20:52 - 02/10 21:30 | bars=39 | range=68509.40-68978.70 | POC=68783.16 | VAH=68900.48 | VAL=68681.48
2026-02-10 19:55:18 - zone_v2_alerts - INFO - SL_MODE_POC | BACKTEST | POC=68783.16 | dist=372.06 | buffer=50% | SL=68969.19
2026-02-10 19:55:18 - zone_v2_alerts - INFO - BREAKOUT | BACKTEST | zv2_BACKTEST_11 | DOWN | VA_BREAKOUT | entry=68411.10 | SL=68969.19 | TP=67853.01 | R=558.09
2026-02-10 19:55:18 - zone_v2_alerts - INFO - ZONE_BUILDING | BACKTEST | #12 | 02/10 22:21 - 02/10 22:28 | bars=8
2026-02-10 19:55:18 - zone_v2_alerts - INFO - ZONE_COMPLETE | BACKTEST | #zv2_BACKTEST_12 | 02/10 22:21 - 02/10 23:48 | bars=88 | range=68471.30-68830.00 | POC=68632.71 | VAH=68710.43 | VAL=68566.95
2026-02-10 19:55:18 - zone_v2_alerts - INFO - SL_MODE_POC | BACKTEST | POC=68632.71 | dist=115.29 | buffer=50% | SL=68575.07
2026-02-10 19:55:18 - zone_v2_alerts - INFO - BLOCKED_SEQUENTIAL | BACKTEST | zv2_BACKTEST_12 | UP | open_trades=1
2026-02-10 19:55:18 - zone_v2_alerts - INFO - ZONE_BUILDING | BACKTEST | #13 | 02/10 23:50 - 02/10 23:57 | bars=8
2026-02-10 19:55:18 - zone_v2_alerts - INFO - ZONE_COMPLETE | BACKTEST | #zv2_BACKTEST_13 | 02/10 23:50 - 02/11 00:17 | bars=28 | range=68738.10-68955.50 | POC=68806.94 | VAH=68883.03 | VAL=68774.33
2026-02-10 19:55:18 - zone_v2_alerts - INFO - LOSS | BACKTEST | zv2_BACKTEST_11 | DOWN | pnl=-1R
2026-02-10 19:55:18 - zone_v2_alerts - INFO - SL_MODE_POC | BACKTEST | POC=68806.94 | dist=142.26 | buffer=50% | SL=68735.81
2026-02-10 19:55:18 - zone_v2_alerts - INFO - BREAKOUT | BACKTEST | zv2_BACKTEST_13 | UP | VA_BREAKOUT | entry=68949.20 | SL=68735.81 | TP=69162.59 | R=213.39
2026-02-10 19:55:18 - zone_v2_alerts - INFO - WIN | BACKTEST | zv2_BACKTEST_13 | UP | pnl=+1R
2026-02-10 19:55:18 - zone_v2 - INFO - [BACKTEST] Warmup completado: 310 velas, ATR=310, SMA=310
2026-02-10 19:55:19 - zone_v2_alerts - INFO - ZONE_BUILDING | BACKTEST | #1 | 02/10 07:32 - 02/10 07:39 | bars=8
2026-02-10 19:55:19 - zone_v2_alerts - INFO - ZONE_COMPLETE | BACKTEST | #zv2_BACKTEST_1 | 02/10 07:32 - 02/10 08:15 | bars=44 | range=68712.70-69060.10 | POC=68903.77 | VAH=68955.88 | VAL=68851.66
2026-02-10 19:55:19 - zone_v2_alerts - INFO - SL_MODE_POC | BACKTEST | POC=68903.77 | dist=170.87 | buffer=50% | SL=68989.21
2026-02-10 19:55:19 - zone_v2_alerts - INFO - BREAKOUT | BACKTEST | zv2_BACKTEST_1 | DOWN | VA_BREAKOUT | entry=68732.90 | SL=68989.21 | TP=68476.59 | R=256.31
2026-02-10 19:55:19 - zone_v2_alerts - INFO - ZONE_BUILDING | BACKTEST | #2 | 02/10 08:17 - 02/10 08:24 | bars=8
2026-02-10 19:55:19 - zone_v2_alerts - INFO - LOSS | BACKTEST | zv2_BACKTEST_1 | DOWN | pnl=-1R
2026-02-10 19:55:19 - zone_v2_alerts - INFO - ZONE_COMPLETE | BACKTEST | #zv2_BACKTEST_2 | 02/10 08:17 - 02/10 08:30 | bars=14 | range=68680.60-69075.60 | POC=69003.18 | VAH=69075.60 | VAL=68772.77
2026-02-10 19:55:19 - zone_v2_alerts - INFO - ZONE_BUILDING | BACKTEST | #3 | 02/10 08:32 - 02/10 08:39 | bars=8
2026-02-10 19:55:19 - zone_v2_alerts - INFO - SL_MODE_POC | BACKTEST | POC=69003.18 | dist=115.12 | buffer=50% | SL=68945.62
2026-02-10 19:55:19 - zone_v2_alerts - INFO - BREAKOUT | BACKTEST | zv2_BACKTEST_2 | UP | VA_BREAKOUT | entry=69118.30 | SL=68945.62 | TP=69290.98 | R=172.68
2026-02-10 19:55:19 - zone_v2_alerts - INFO - ZONE_COMPLETE | BACKTEST | #zv2_BACKTEST_3 | 02/10 08:32 - 02/10 08:48 | bars=17 | range=68796.00-69136.20 | POC=69051.15 | VAH=69124.86 | VAL=68932.08
2026-02-10 19:55:19 - zone_v2_alerts - INFO - SL_MODE_POC | BACKTEST | POC=69051.15 | dist=112.95 | buffer=50% | SL=68994.67
2026-02-10 19:55:19 - zone_v2_alerts - INFO - BLOCKED_SEQUENTIAL | BACKTEST | zv2_BACKTEST_3 | UP | open_trades=1
2026-02-10 19:55:19 - zone_v2_alerts - INFO - WIN | BACKTEST | zv2_BACKTEST_2 | UP | pnl=+1R
2026-02-10 19:55:19 - zone_v2_alerts - INFO - ZONE_BUILDING | BACKTEST | #4 | 02/10 09:50 - 02/10 09:57 | bars=8
2026-02-10 19:55:19 - zone_v2_alerts - INFO - ZONE_COMPLETE | BACKTEST | #zv2_BACKTEST_4 | 02/10 09:50 - 02/10 11:00 | bars=71 | range=68846.20-69221.00 | POC=68989.87 | VAH=69108.56 | VAL=68921.16
2026-02-10 19:55:19 - zone_v2_alerts - INFO - SL_MODE_POC | BACKTEST | POC=68989.87 | dist=139.87 | buffer=50% | SL=69059.81
2026-02-10 19:55:19 - zone_v2_alerts - INFO - BREAKOUT | BACKTEST | zv2_BACKTEST_4 | DOWN | VA_BREAKOUT | entry=68850.00 | SL=69059.81 | TP=68640.19 | R=209.81
2026-02-10 19:55:19 - zone_v2_alerts - INFO - ZONE_BUILDING | BACKTEST | #5 | 02/10 11:02 - 02/10 11:09 | bars=8
2026-02-10 19:55:19 - zone_v2_alerts - INFO - ZONE_COMPLETE | BACKTEST | #zv2_BACKTEST_5 | 02/10 11:02 - 02/10 11:41 | bars=40 | range=68801.00-69050.00 | POC=68946.25 | VAH=68991.90 | VAL=68842.50
2026-02-10 19:55:19 - zone_v2_alerts - INFO - SL_MODE_POC | BACKTEST | POC=68946.25 | dist=315.15 | buffer=50% | SL=69103.82
2026-02-10 19:55:19 - zone_v2_alerts - INFO - BLOCKED_SEQUENTIAL | BACKTEST | zv2_BACKTEST_5 | DOWN | open_trades=1
2026-02-10 19:55:19 - zone_v2_alerts - INFO - WIN | BACKTEST | zv2_BACKTEST_4 | DOWN | pnl=+1R
2026-02-10 19:55:19 - zone_v2_alerts - INFO - ZONE_BUILDING | BACKTEST | #6 | 02/10 12:46 - 02/10 12:53 | bars=8
2026-02-10 19:55:19 - zone_v2_alerts - INFO - ZONE_COMPLETE | BACKTEST | #zv2_BACKTEST_6 | 02/10 12:46 - 02/10 13:23 | bars=38 | range=68286.20-68719.20 | POC=68495.48 | VAH=68574.87 | VAL=68416.10
2026-02-10 19:55:19 - zone_v2_alerts - INFO - SL_MODE_POC | BACKTEST | POC=68495.48 | dist=192.12 | buffer=50% | SL=68399.42
2026-02-10 19:55:19 - zone_v2_alerts - INFO - BREAKOUT | BACKTEST | zv2_BACKTEST_6 | UP | VA_BREAKOUT | entry=68687.60 | SL=68399.42 | TP=68975.78 | R=288.18
2026-02-10 19:55:19 - zone_v2_alerts - INFO - WIN | BACKTEST | zv2_BACKTEST_6 | UP | pnl=+1R
2026-02-10 19:55:19 - zone_v2_alerts - INFO - ZONE_BUILDING | BACKTEST | #7 | 02/10 16:22 - 02/10 16:29 | bars=8
2026-02-10 19:55:19 - zone_v2_alerts - INFO - ZONE_COMPLETE | BACKTEST | #zv2_BACKTEST_7 | 02/10 16:22 - 02/10 17:40 | bars=79 | range=69224.70-69922.30 | POC=69375.85 | VAH=69666.51 | VAL=69271.21
2026-02-10 19:55:19 - zone_v2_alerts - INFO - SL_MODE_POC | BACKTEST | POC=69375.85 | dist=502.45 | buffer=50% | SL=69124.62
2026-02-10 19:55:19 - zone_v2_alerts - INFO - BREAKOUT | BACKTEST | zv2_BACKTEST_7 | UP | VA_BREAKOUT | entry=69878.30 | SL=69124.62 | TP=70631.98 | R=753.68
2026-02-10 19:55:19 - zone_v2_alerts - INFO - ZONE_BUILDING | BACKTEST | #8 | 02/10 17:42 - 02/10 17:49 | bars=8
2026-02-10 19:55:19 - zone_v2_alerts - INFO - ZONE_COMPLETE | BACKTEST | #zv2_BACKTEST_8 | 02/10 17:42 - 02/10 18:20 | bars=39 | range=69356.10-69933.60 | POC=69866.23 | VAH=69914.35 | VAL=69606.35
2026-02-10 19:55:19 - zone_v2_alerts - INFO - SL_MODE_POC | BACKTEST | POC=69866.23 | dist=584.83 | buffer=50% | SL=70158.64
2026-02-10 19:55:19 - zone_v2_alerts - INFO - BLOCKED_SEQUENTIAL | BACKTEST | zv2_BACKTEST_8 | DOWN | open_trades=1
2026-02-10 19:55:19 - zone_v2_alerts - INFO - LOSS | BACKTEST | zv2_BACKTEST_7 | UP | pnl=-1R
2026-02-10 19:55:19 - zone_v2_alerts - INFO - ZONE_BUILDING | BACKTEST | #9 | 02/10 19:27 - 02/10 19:34 | bars=8
2026-02-10 19:55:19 - zone_v2_alerts - INFO - ZONE_COMPLETE | BACKTEST | #zv2_BACKTEST_9 | 02/10 19:27 - 02/10 19:36 | bars=10 | range=68696.20-69268.30 | POC=68934.57 | VAH=69134.81 | VAL=68753.41
2026-02-10 19:55:19 - zone_v2_alerts - INFO - SL_MODE_POC | BACKTEST | POC=68934.57 | dist=255.62 | buffer=50% | SL=68806.76
2026-02-10 19:55:19 - zone_v2_alerts - INFO - BREAKOUT | BACKTEST | zv2_BACKTEST_9 | UP | VA_BREAKOUT | entry=69190.20 | SL=68806.76 | TP=69573.64 | R=383.44
2026-02-10 19:55:19 - zone_v2_alerts - INFO - ZONE_BUILDING | BACKTEST | #10 | 02/10 19:38 - 02/10 19:45 | bars=8
2026-02-10 19:55:19 - zone_v2_alerts - INFO - LOSS | BACKTEST | zv2_BACKTEST_9 | UP | pnl=-1R
2026-02-10 19:55:19 - zone_v2_alerts - INFO - ZONE_COMPLETE | BACKTEST | #zv2_BACKTEST_10 | 02/10 19:38 - 02/10 20:11 | bars=34 | range=68804.70-69266.30 | POC=69166.29 | VAH=69235.53 | VAL=69004.73
2026-02-10 19:55:19 - zone_v2_alerts - INFO - SL_MODE_POC | BACKTEST | POC=69166.29 | dist=441.59 | buffer=50% | SL=69387.08
2026-02-10 19:55:19 - zone_v2_alerts - INFO - BREAKOUT | BACKTEST | zv2_BACKTEST_10 | DOWN | VA_BREAKOUT | entry=68724.70 | SL=69387.08 | TP=68062.32 | R=662.38
2026-02-10 19:55:19 - zone_v2_alerts - INFO - ZONE_BUILDING | BACKTEST | #11 | 02/10 20:17 - 02/10 20:24 | bars=8
2026-02-10 19:55:19 - zone_v2_alerts - INFO - ZONE_COMPLETE | BACKTEST | #zv2_BACKTEST_11 | 02/10 20:17 - 02/10 21:30 | bars=74 | range=68509.40-68978.70 | POC=68783.16 | VAH=68884.84 | VAL=68697.12
2026-02-10 19:55:19 - zone_v2_alerts - INFO - SL_MODE_POC | BACKTEST | POC=68783.16 | dist=372.06 | buffer=50% | SL=68969.19
2026-02-10 19:55:19 - zone_v2_alerts - INFO - BLOCKED_SEQUENTIAL | BACKTEST | zv2_BACKTEST_11 | DOWN | open_trades=1
2026-02-10 19:55:19 - zone_v2_alerts - INFO - ZONE_BUILDING | BACKTEST | #12 | 02/10 22:21 - 02/10 22:28 | bars=8
2026-02-10 19:55:19 - zone_v2_alerts - INFO - ZONE_COMPLETE | BACKTEST | #zv2_BACKTEST_12 | 02/10 22:21 - 02/11 00:18 | bars=118 | range=68471.30-68975.40 | POC=68630.93 | VAH=68824.17 | VAL=68555.32
2026-02-10 19:55:19 - zone_v2_alerts - INFO - SL_MODE_POC | BACKTEST | POC=68630.93 | dist=355.77 | buffer=50% | SL=68453.05
2026-02-10 19:55:19 - zone_v2_alerts - INFO - BLOCKED_SEQUENTIAL | BACKTEST | zv2_BACKTEST_12 | UP | open_trades=1
[BTCUSDT] [V2 OPTIMIZE] Progreso: 420/462 (63.6s)
2026-02-10 19:55:19 - zone_v2 - INFO - [BACKTEST] Warmup completado: 60 velas, ATR=60, SMA=60
2026-02-10 19:55:19 - zone_v2_alerts - INFO - ZONE_BUILDING | BACKTEST | #1 | 02/10 01:55 - 02/10 02:02 | bars=8
2026-02-10 19:55:19 - zone_v2_alerts - INFO - ZONE_COMPLETE | BACKTEST | #zv2_BACKTEST_1 | 02/10 01:55 - 02/10 03:04 | bars=70 | range=69953.80-70463.70 | POC=70098.27 | VAH=70293.73 | VAL=69953.80
2026-02-10 19:55:19 - zone_v2_alerts - INFO - SL_MODE_POC | BACKTEST | POC=70098.27 | dist=357.57 | buffer=50% | SL=70277.06
2026-02-10 19:55:19 - zone_v2_alerts - INFO - BREAKOUT | BACKTEST | zv2_BACKTEST_1 | DOWN | VA_BREAKOUT | entry=69740.70 | SL=70277.06 | TP=69204.34 | R=536.36
2026-02-10 19:55:19 - zone_v2_alerts - INFO - ZONE_BUILDING | BACKTEST | #2 | 02/10 03:08 - 02/10 03:15 | bars=8
2026-02-10 19:55:19 - zone_v2_alerts - INFO - ZONE_COMPLETE | BACKTEST | #zv2_BACKTEST_2 | 02/10 03:08 - 02/10 03:29 | bars=22 | range=69436.90-69876.20 | POC=69605.30 | VAH=69744.41 | VAL=69451.54
2026-02-10 19:55:19 - zone_v2_alerts - INFO - WIN | BACKTEST | zv2_BACKTEST_1 | DOWN | pnl=+1R
2026-02-10 19:55:19 - zone_v2_alerts - INFO - SL_MODE_POC | BACKTEST | POC=69605.30 | dist=287.20 | buffer=50% | SL=69748.90
2026-02-10 19:55:19 - zone_v2_alerts - INFO - BREAKOUT | BACKTEST | zv2_BACKTEST_2 | DOWN | VA_BREAKOUT | entry=69318.10 | SL=69748.90 | TP=68887.30 | R=430.80
2026-02-10 19:55:19 - zone_v2_alerts - INFO - ZONE_BUILDING | BACKTEST | #3 | 02/10 03:32 - 02/10 03:39 | bars=8
2026-02-10 19:55:19 - zone_v2_alerts - INFO - LOSS | BACKTEST | zv2_BACKTEST_2 | DOWN | pnl=-1R
2026-02-10 19:55:19 - zone_v2_alerts - INFO - ZONE_COMPLETE | BACKTEST | #zv2_BACKTEST_3 | 02/10 03:32 - 02/10 05:41 | bars=130 | range=69234.00-69874.90 | POC=69714.68 | VAH=69810.81 | VAL=69447.63
2026-02-10 19:55:19 - zone_v2_alerts - INFO - SL_MODE_POC | BACKTEST | POC=69714.68 | dist=388.68 | buffer=50% | SL=69909.01
2026-02-10 19:55:19 - zone_v2_alerts - INFO - BREAKOUT | BACKTEST | zv2_BACKTEST_3 | DOWN | VA_BREAKOUT | entry=69326.00 | SL=69909.01 | TP=68742.99 | R=583.01
2026-02-10 19:55:19 - zone_v2_alerts - INFO - ZONE_BUILDING | BACKTEST | #4 | 02/10 05:44 - 02/10 05:51 | bars=8
2026-02-10 19:55:19 - zone_v2_alerts - INFO - WIN | BACKTEST | zv2_BACKTEST_3 | DOWN | pnl=+1R
2026-02-10 19:55:19 - zone_v2_alerts - INFO - ZONE_COMPLETE | BACKTEST | #zv2_BACKTEST_4 | 02/10 05:44 - 02/10 08:22 | bars=159 | range=68603.70-69465.20 | POC=68905.23 | VAH=69120.60 | VAL=68747.28
2026-02-10 19:55:19 - zone_v2_alerts - INFO - ZONE_BUILDING | BACKTEST | #5 | 02/10 08:26 - 02/10 08:33 | bars=8
2026-02-10 19:55:19 - zone_v2_alerts - INFO - SL_MODE_POC | BACKTEST | POC=68905.23 | dist=232.27 | buffer=50% | SL=68789.09
2026-02-10 19:55:19 - zone_v2_alerts - INFO - BREAKOUT | BACKTEST | zv2_BACKTEST_4 | UP | VA_BREAKOUT | entry=69137.50 | SL=68789.09 | TP=69485.91 | R=348.41
2026-02-10 19:55:19 - zone_v2_alerts - INFO - ZONE_COMPLETE | BACKTEST | #zv2_BACKTEST_5 | 02/10 08:26 - 02/10 10:24 | bars=119 | range=68796.00-69385.20 | POC=69120.06 | VAH=69267.36 | VAL=68972.76
2026-02-10 19:55:19 - zone_v2_alerts - INFO - ZONE_BUILDING | BACKTEST | #6 | 02/10 10:26 - 02/10 10:33 | bars=8
2026-02-10 19:55:19 - zone_v2_alerts - INFO - SL_MODE_POC | BACKTEST | POC=69120.06 | dist=148.96 | buffer=50% | SL=69194.54
2026-02-10 19:55:19 - zone_v2_alerts - INFO - BLOCKED_SEQUENTIAL | BACKTEST | zv2_BACKTEST_5 | DOWN | open_trades=1
2026-02-10 19:55:19 - zone_v2_alerts - INFO - ZONE_COMPLETE | BACKTEST | #zv2_BACKTEST_6 | 02/10 10:26 - 02/10 11:00 | bars=35 | range=68846.20-69215.30 | POC=68987.69 | VAH=69030.75 | VAL=68883.11
2026-02-10 19:55:19 - zone_v2_alerts - INFO - LOSS | BACKTEST | zv2_BACKTEST_4 | UP | pnl=-1R
2026-02-10 19:55:19 - zone_v2_alerts - INFO - SL_MODE_POC | BACKTEST | POC=68987.69 | dist=137.69 | buffer=50% | SL=69056.53
2026-02-10 19:55:19 - zone_v2_alerts - INFO - BREAKOUT | BACKTEST | zv2_BACKTEST_6 | DOWN | VA_BREAKOUT | entry=68850.00 | SL=69056.53 | TP=68643.47 | R=206.53
2026-02-10 19:55:19 - zone_v2_alerts - INFO - ZONE_BUILDING | BACKTEST | #7 | 02/10 11:02 - 02/10 11:09 | bars=8
2026-02-10 19:55:19 - zone_v2_alerts - INFO - ZONE_COMPLETE | BACKTEST | #zv2_BACKTEST_7 | 02/10 11:02 - 02/10 11:41 | bars=40 | range=68801.00-69050.00 | POC=68946.25 | VAH=68991.90 | VAL=68842.50
2026-02-10 19:55:19 - zone_v2_alerts - INFO - SL_MODE_POC | BACKTEST | POC=68946.25 | dist=315.15 | buffer=50% | SL=69103.82
2026-02-10 19:55:19 - zone_v2_alerts - INFO - BLOCKED_SEQUENTIAL | BACKTEST | zv2_BACKTEST_7 | DOWN | open_trades=1
2026-02-10 19:55:19 - zone_v2_alerts - INFO - WIN | BACKTEST | zv2_BACKTEST_6 | DOWN | pnl=+1R
2026-02-10 19:55:19 - zone_v2_alerts - INFO - ZONE_BUILDING | BACKTEST | #8 | 02/10 11:53 - 02/10 12:00 | bars=8
2026-02-10 19:55:19 - zone_v2_alerts - INFO - ZONE_COMPLETE | BACKTEST | #zv2_BACKTEST_8 | 02/10 11:53 - 02/10 14:15 | bars=143 | range=68286.20-69185.00 | POC=68510.90 | VAH=68915.36 | VAL=68406.04
2026-02-10 19:55:19 - zone_v2_alerts - INFO - SL_MODE_POC | BACKTEST | POC=68510.90 | dist=995.10 | buffer=50% | SL=68013.35
2026-02-10 19:55:19 - zone_v2_alerts - INFO - BREAKOUT | BACKTEST | zv2_BACKTEST_8 | UP | VA_BREAKOUT | entry=69506.00 | SL=68013.35 | TP=70998.65 | R=1492.65
2026-02-10 19:55:19 - zone_v2_alerts - INFO - ZONE_BUILDING | BACKTEST | #9 | 02/10 14:19 - 02/10 14:26 | bars=8
2026-02-10 19:55:19 - zone_v2_alerts - INFO - ZONE_COMPLETE | BACKTEST | #zv2_BACKTEST_9 | 02/10 14:19 - 02/10 14:36 | bars=18 | range=68871.70-69547.20 | POC=69175.68 | VAH=69412.10 | VAL=69051.83
2026-02-10 19:55:19 - zone_v2_alerts - INFO - SL_MODE_POC | BACKTEST | POC=69175.68 | dist=632.68 | buffer=50% | SL=69492.01
2026-02-10 19:55:19 - zone_v2_alerts - INFO - BLOCKED_SEQUENTIAL | BACKTEST | zv2_BACKTEST_9 | DOWN | open_trades=1
2026-02-10 19:55:19 - zone_v2_alerts - INFO - LOSS | BACKTEST | zv2_BACKTEST_8 | UP | pnl=-1R
2026-02-10 19:55:19 - zone_v2_alerts - INFO - ZONE_BUILDING | BACKTEST | #10 | 02/10 14:50 - 02/10 14:57 | bars=8
2026-02-10 19:55:19 - zone_v2_alerts - INFO - ZONE_COMPLETE | BACKTEST | #zv2_BACKTEST_10 | 02/10 14:50 - 02/10 16:13 | bars=84 | range=67930.10-69481.60 | POC=69248.88 | VAH=69429.88 | VAL=68705.85
2026-02-10 19:55:19 - zone_v2_alerts - INFO - SL_MODE_POC | BACKTEST | POC=69248.88 | dist=298.12 | buffer=50% | SL=69099.81
2026-02-10 19:55:19 - zone_v2_alerts - INFO - BREAKOUT | BACKTEST | zv2_BACKTEST_10 | UP | VA_BREAKOUT | entry=69547.00 | SL=69099.81 | TP=69994.19 | R=447.19
2026-02-10 19:55:19 - zone_v2_alerts - INFO - ZONE_BUILDING | BACKTEST | #11 | 02/10 16:15 - 02/10 16:22 | bars=8
2026-02-10 19:55:19 - zone_v2_alerts - INFO - ZONE_COMPLETE | BACKTEST | #zv2_BACKTEST_11 | 02/10 16:15 - 02/10 18:24 | bars=130 | range=69178.60-69982.20 | POC=69620.58 | VAH=69875.05 | VAL=69392.89
2026-02-10 19:55:19 - zone_v2_alerts - INFO - LOSS | BACKTEST | zv2_BACKTEST_10 | UP | pnl=-1R
2026-02-10 19:55:19 - zone_v2_alerts - INFO - SL_MODE_POC | BACKTEST | POC=69620.58 | dist=778.18 | buffer=50% | SL=70009.67
2026-02-10 19:55:19 - zone_v2_alerts - INFO - BREAKOUT | BACKTEST | zv2_BACKTEST_11 | DOWN | VA_BREAKOUT | entry=68842.40 | SL=70009.67 | TP=67675.13 | R=1167.27
2026-02-10 19:55:19 - zone_v2_alerts - INFO - ZONE_BUILDING | BACKTEST | #12 | 02/10 18:28 - 02/10 18:35 | bars=8
2026-02-10 19:55:19 - zone_v2_alerts - INFO - ZONE_COMPLETE | BACKTEST | #zv2_BACKTEST_12 | 02/10 18:28 - 02/10 21:30 | bars=183 | range=68509.40-69268.30 | POC=68800.31 | VAH=68990.04 | VAL=68661.18
2026-02-10 19:55:19 - zone_v2_alerts - INFO - SL_MODE_POC | BACKTEST | POC=68800.31 | dist=389.21 | buffer=50% | SL=68994.92
2026-02-10 19:55:19 - zone_v2_alerts - INFO - BLOCKED_SEQUENTIAL | BACKTEST | zv2_BACKTEST_12 | DOWN | open_trades=1
2026-02-10 19:55:19 - zone_v2_alerts - INFO - ZONE_BUILDING | BACKTEST | #13 | 02/10 21:33 - 02/10 21:40 | bars=8
2026-02-10 19:55:19 - zone_v2_alerts - INFO - ZONE_COMPLETE | BACKTEST | #zv2_BACKTEST_13 | 02/10 21:33 - 02/11 00:25 | bars=173 | range=68315.00-69076.30 | POC=68622.55 | VAH=68834.30 | VAL=68551.97
2026-02-10 19:55:19 - zone_v2_alerts - INFO - SL_MODE_POC | BACKTEST | POC=68622.55 | dist=542.05 | buffer=50% | SL=68351.52
2026-02-10 19:55:19 - zone_v2_alerts - INFO - BLOCKED_SEQUENTIAL | BACKTEST | zv2_BACKTEST_13 | UP | open_trades=1
2026-02-10 19:55:19 - zone_v2_alerts - INFO - ZONE_BUILDING | BACKTEST | #14 | 02/11 00:28 - 02/11 00:35 | bars=8
2026-02-10 19:55:19 - zone_v2 - INFO - [BACKTEST] Warmup completado: 110 velas, ATR=110, SMA=110
2026-02-10 19:55:19 - zone_v2_alerts - INFO - ZONE_BUILDING | BACKTEST | #1 | 02/10 02:45 - 02/10 02:52 | bars=8
2026-02-10 19:55:19 - zone_v2_alerts - INFO - ZONE_COMPLETE | BACKTEST | #zv2_BACKTEST_1 | 02/10 02:45 - 02/10 03:05 | bars=21 | range=69841.00-70152.00 | POC=70084.62 | VAH=70141.63 | VAL=70006.87
2026-02-10 19:55:19 - zone_v2_alerts - INFO - SL_MODE_POC | BACKTEST | POC=70084.62 | dist=269.52 | buffer=50% | SL=70219.38
2026-02-10 19:55:19 - zone_v2_alerts - INFO - BREAKOUT | BACKTEST | zv2_BACKTEST_1 | DOWN | VA_BREAKOUT | entry=69815.10 | SL=70219.38 | TP=69410.82 | R=404.28
2026-02-10 19:55:19 - zone_v2_alerts - INFO - ZONE_BUILDING | BACKTEST | #2 | 02/10 03:08 - 02/10 03:15 | bars=8
2026-02-10 19:55:19 - zone_v2_alerts - INFO - ZONE_COMPLETE | BACKTEST | #zv2_BACKTEST_2 | 02/10 03:08 - 02/10 03:18 | bars=11 | range=69576.20-69876.20 | POC=69781.20 | VAH=69826.20 | VAL=69706.20
2026-02-10 19:55:19 - zone_v2_alerts - INFO - SL_MODE_POC | BACKTEST | POC=69781.20 | dist=176.40 | buffer=50% | SL=69869.40
2026-02-10 19:55:19 - zone_v2_alerts - INFO - BLOCKED_SEQUENTIAL | BACKTEST | zv2_BACKTEST_2 | DOWN | open_trades=1
2026-02-10 19:55:19 - zone_v2_alerts - INFO - ZONE_BUILDING | BACKTEST | #3 | 02/10 03:20 - 02/10 03:27 | bars=8
2026-02-10 19:55:19 - zone_v2_alerts - INFO - ZONE_COMPLETE | BACKTEST | #zv2_BACKTEST_3 | 02/10 03:20 - 02/10 03:29 | bars=10 | range=69436.90-69699.90 | POC=69599.08 | VAH=69647.30 | VAL=69498.27
2026-02-10 19:55:19 - zone_v2_alerts - INFO - WIN | BACKTEST | zv2_BACKTEST_1 | DOWN | pnl=+1R
2026-02-10 19:55:19 - zone_v2_alerts - INFO - SL_MODE_POC | BACKTEST | POC=69599.08 | dist=280.98 | buffer=50% | SL=69739.57
2026-02-10 19:55:19 - zone_v2_alerts - INFO - BREAKOUT | BACKTEST | zv2_BACKTEST_3 | DOWN | VA_BREAKOUT | entry=69318.10 | SL=69739.57 | TP=68896.63 | R=421.47
2026-02-10 19:55:19 - zone_v2_alerts - INFO - ZONE_BUILDING | BACKTEST | #4 | 02/10 03:32 - 02/10 03:39 | bars=8
2026-02-10 19:55:19 - zone_v2_alerts - INFO - LOSS | BACKTEST | zv2_BACKTEST_3 | DOWN | pnl=-1R
2026-02-10 19:55:19 - zone_v2_alerts - INFO - ZONE_COMPLETE | BACKTEST | #zv2_BACKTEST_4 | 02/10 03:32 - 02/10 05:41 | bars=130 | range=69234.00-69874.90 | POC=69714.68 | VAH=69810.81 | VAL=69447.63
2026-02-10 19:55:19 - zone_v2_alerts - INFO - SL_MODE_POC | BACKTEST | POC=69714.68 | dist=388.68 | buffer=50% | SL=69909.01
2026-02-10 19:55:19 - zone_v2_alerts - INFO - BREAKOUT | BACKTEST | zv2_BACKTEST_4 | DOWN | VA_BREAKOUT | entry=69326.00 | SL=69909.01 | TP=68742.99 | R=583.01
2026-02-10 19:55:19 - zone_v2_alerts - INFO - ZONE_BUILDING | BACKTEST | #5 | 02/10 05:44 - 02/10 05:51 | bars=8
2026-02-10 19:55:19 - zone_v2_alerts - INFO - ZONE_COMPLETE | BACKTEST | #zv2_BACKTEST_5 | 02/10 05:44 - 02/10 06:45 | bars=62 | range=68865.40-69465.20 | POC=69015.35 | VAH=69325.25 | VAL=68965.37
2026-02-10 19:55:19 - zone_v2_alerts - INFO - WIN | BACKTEST | zv2_BACKTEST_4 | DOWN | pnl=+1R
2026-02-10 19:55:19 - zone_v2_alerts - INFO - SL_MODE_POC | BACKTEST | POC=69015.35 | dist=231.25 | buffer=50% | SL=69130.98
2026-02-10 19:55:19 - zone_v2_alerts - INFO - BREAKOUT | BACKTEST | zv2_BACKTEST_5 | DOWN | VA_BREAKOUT | entry=68784.10 | SL=69130.98 | TP=68437.23 | R=346.88
2026-02-10 19:55:19 - zone_v2_alerts - INFO - ZONE_BUILDING | BACKTEST | #6 | 02/10 06:47 - 02/10 06:54 | bars=8
2026-02-10 19:55:19 - zone_v2_alerts - INFO - LOSS | BACKTEST | zv2_BACKTEST_5 | DOWN | pnl=-1R
2026-02-10 19:55:19 - zone_v2_alerts - INFO - ZONE_COMPLETE | BACKTEST | #zv2_BACKTEST_6 | 02/10 06:47 - 02/10 08:23 | bars=97 | range=68603.70-69173.20 | POC=68916.93 | VAH=69002.35 | VAL=68717.60
2026-02-10 19:55:19 - zone_v2_alerts - INFO - ZONE_BUILDING | BACKTEST | #7 | 02/10 08:25 - 02/10 08:32 | bars=8
2026-02-10 19:55:19 - zone_v2_alerts - INFO - SL_MODE_POC | BACKTEST | POC=68916.93 | dist=153.07 | buffer=50% | SL=68840.39
2026-02-10 19:55:19 - zone_v2_alerts - INFO - BREAKOUT | BACKTEST | zv2_BACKTEST_6 | UP | VA_BREAKOUT | entry=69070.00 | SL=68840.39 | TP=69299.61 | R=229.61
2026-02-10 19:55:19 - zone_v2_alerts - INFO - LOSS | BACKTEST | zv2_BACKTEST_6 | UP | pnl=-1R
2026-02-10 19:55:19 - zone_v2_alerts - INFO - ZONE_COMPLETE | BACKTEST | #zv2_BACKTEST_7 | 02/10 08:25 - 02/10 10:24 | bars=120 | range=68796.00-69385.20 | POC=69120.06 | VAH=69267.36 | VAL=68972.76
2026-02-10 19:55:19 - zone_v2_alerts - INFO - ZONE_BUILDING | BACKTEST | #8 | 02/10 10:26 - 02/10 10:33 | bars=8
2026-02-10 19:55:19 - zone_v2_alerts - INFO - SL_MODE_POC | BACKTEST | POC=69120.06 | dist=148.96 | buffer=50% | SL=69194.54
2026-02-10 19:55:19 - zone_v2_alerts - INFO - BREAKOUT | BACKTEST | zv2_BACKTEST_7 | DOWN | VA_BREAKOUT | entry=68971.10 | SL=69194.54 | TP=68747.66 | R=223.44
2026-02-10 19:55:19 - zone_v2_alerts - INFO - ZONE_COMPLETE | BACKTEST | #zv2_BACKTEST_8 | 02/10 10:26 - 02/10 11:41 | bars=76 | range=68783.90-69215.30 | POC=68963.65 | VAH=69028.36 | VAL=68855.80
2026-02-10 19:55:19 - zone_v2_alerts - INFO - WIN | BACKTEST | zv2_BACKTEST_7 | DOWN | pnl=+1R
2026-02-10 19:55:19 - zone_v2_alerts - INFO - SL_MODE_POC | BACKTEST | POC=68963.65 | dist=332.55 | buffer=50% | SL=69129.92
2026-02-10 19:55:19 - zone_v2_alerts - INFO - BREAKOUT | BACKTEST | zv2_BACKTEST_8 | DOWN | VA_BREAKOUT | entry=68631.10 | SL=69129.92 | TP=68132.28 | R=498.82
2026-02-10 19:55:19 - zone_v2_alerts - INFO - ZONE_BUILDING | BACKTEST | #9 | 02/10 11:53 - 02/10 12:00 | bars=8
2026-02-10 19:55:19 - zone_v2_alerts - INFO - LOSS | BACKTEST | zv2_BACKTEST_8 | DOWN | pnl=-1R
2026-02-10 19:55:19 - zone_v2_alerts - INFO - ZONE_COMPLETE | BACKTEST | #zv2_BACKTEST_9 | 02/10 11:53 - 02/10 14:15 | bars=143 | range=68286.20-69185.00 | POC=68510.90 | VAH=68915.36 | VAL=68406.04
2026-02-10 19:55:19 - zone_v2_alerts - INFO - SL_MODE_POC | BACKTEST | POC=68510.90 | dist=995.10 | buffer=50% | SL=68013.35
2026-02-10 19:55:19 - zone_v2_alerts - INFO - BREAKOUT | BACKTEST | zv2_BACKTEST_9 | UP | VA_BREAKOUT | entry=69506.00 | SL=68013.35 | TP=70998.65 | R=1492.65
2026-02-10 19:55:19 - zone_v2_alerts - INFO - ZONE_BUILDING | BACKTEST | #10 | 02/10 14:19 - 02/10 14:26 | bars=8
2026-02-10 19:55:19 - zone_v2_alerts - INFO - ZONE_COMPLETE | BACKTEST | #zv2_BACKTEST_10 | 02/10 14:19 - 02/10 14:36 | bars=18 | range=68871.70-69547.20 | POC=69175.68 | VAH=69412.10 | VAL=69051.83
2026-02-10 19:55:19 - zone_v2_alerts - INFO - SL_MODE_POC | BACKTEST | POC=69175.68 | dist=632.68 | buffer=50% | SL=69492.01
2026-02-10 19:55:19 - zone_v2_alerts - INFO - BLOCKED_SEQUENTIAL | BACKTEST | zv2_BACKTEST_10 | DOWN | open_trades=1
2026-02-10 19:55:19 - zone_v2_alerts - INFO - LOSS | BACKTEST | zv2_BACKTEST_9 | UP | pnl=-1R
2026-02-10 19:55:19 - zone_v2_alerts - INFO - ZONE_BUILDING | BACKTEST | #11 | 02/10 14:50 - 02/10 14:57 | bars=8
2026-02-10 19:55:19 - zone_v2_alerts - INFO - ZONE_COMPLETE | BACKTEST | #zv2_BACKTEST_11 | 02/10 14:50 - 02/10 15:06 | bars=17 | range=67930.10-68831.40 | POC=68395.77 | VAH=68591.05 | VAL=68230.53
2026-02-10 19:55:19 - zone_v2_alerts - INFO - SL_MODE_POC | BACKTEST | POC=68395.77 | dist=516.23 | buffer=50% | SL=68137.66
2026-02-10 19:55:19 - zone_v2_alerts - INFO - BREAKOUT | BACKTEST | zv2_BACKTEST_11 | UP | VA_BREAKOUT | entry=68912.00 | SL=68137.66 | TP=69686.34 | R=774.34
2026-02-10 19:55:19 - zone_v2_alerts - INFO - ZONE_BUILDING | BACKTEST | #12 | 02/10 15:08 - 02/10 15:15 | bars=8
2026-02-10 19:55:19 - zone_v2_alerts - INFO - WIN | BACKTEST | zv2_BACKTEST_11 | UP | pnl=+1R
2026-02-10 19:55:19 - zone_v2_alerts - INFO - ZONE_COMPLETE | BACKTEST | #zv2_BACKTEST_12 | 02/10 15:08 - 02/10 18:25 | bars=198 | range=68500.00-69982.20 | POC=69315.21 | VAH=69685.76 | VAL=68994.07
2026-02-10 19:55:19 - zone_v2_alerts - INFO - SL_MODE_POC | BACKTEST | POC=69315.21 | dist=447.31 | buffer=50% | SL=69538.87
2026-02-10 19:55:19 - zone_v2_alerts - INFO - BREAKOUT | BACKTEST | zv2_BACKTEST_12 | DOWN | VA_BREAKOUT | entry=68867.90 | SL=69538.87 | TP=68196.93 | R=670.97
2026-02-10 19:55:19 - zone_v2_alerts - INFO - ZONE_BUILDING | BACKTEST | #13 | 02/10 18:28 - 02/10 18:35 | bars=8
2026-02-10 19:55:19 - zone_v2_alerts - INFO - ZONE_COMPLETE | BACKTEST | #zv2_BACKTEST_13 | 02/10 18:28 - 02/10 21:30 | bars=183 | range=68509.40-69268.30 | POC=68800.31 | VAH=68990.04 | VAL=68686.48
2026-02-10 19:55:19 - zone_v2_alerts - INFO - SL_MODE_POC | BACKTEST | POC=68800.31 | dist=389.21 | buffer=50% | SL=68994.92
2026-02-10 19:55:19 - zone_v2_alerts - INFO - BLOCKED_SEQUENTIAL | BACKTEST | zv2_BACKTEST_13 | DOWN | open_trades=1
2026-02-10 19:55:19 - zone_v2_alerts - INFO - ZONE_BUILDING | BACKTEST | #14 | 02/10 21:33 - 02/10 21:40 | bars=8
2026-02-10 19:55:19 - zone_v2_alerts - INFO - ZONE_COMPLETE | BACKTEST | #zv2_BACKTEST_14 | 02/10 21:33 - 02/11 00:25 | bars=173 | range=68315.00-69076.30 | POC=68606.83 | VAH=68873.29 | VAL=68543.39
2026-02-10 19:55:19 - zone_v2_alerts - INFO - SL_MODE_POC | BACKTEST | POC=68606.83 | dist=557.77 | buffer=50% | SL=68327.95
2026-02-10 19:55:19 - zone_v2_alerts - INFO - BLOCKED_SEQUENTIAL | BACKTEST | zv2_BACKTEST_14 | UP | open_trades=1
2026-02-10 19:55:19 - zone_v2_alerts - INFO - ZONE_BUILDING | BACKTEST | #15 | 02/11 00:28 - 02/11 00:35 | bars=8
2026-02-10 19:55:19 - zone_v2 - INFO - [BACKTEST] Warmup completado: 160 velas, ATR=160, SMA=160
2026-02-10 19:55:19 - zone_v2_alerts - INFO - ZONE_BUILDING | BACKTEST | #1 | 02/10 03:35 - 02/10 03:42 | bars=8
2026-02-10 19:55:19 - zone_v2_alerts - INFO - ZONE_COMPLETE | BACKTEST | #zv2_BACKTEST_1 | 02/10 03:35 - 02/10 05:42 | bars=128 | range=69251.30-69874.90 | POC=69698.21 | VAH=69750.18 | VAL=69396.81
2026-02-10 19:55:19 - zone_v2_alerts - INFO - SL_MODE_POC | BACKTEST | POC=69698.21 | dist=338.21 | buffer=50% | SL=69867.32
2026-02-10 19:55:19 - zone_v2_alerts - INFO - BREAKOUT | BACKTEST | zv2_BACKTEST_1 | DOWN | VA_BREAKOUT | entry=69360.00 | SL=69867.32 | TP=68852.68 | R=507.32
2026-02-10 19:55:19 - zone_v2_alerts - INFO - ZONE_BUILDING | BACKTEST | #2 | 02/10 05:44 - 02/10 05:51 | bars=8
2026-02-10 19:55:19 - zone_v2_alerts - INFO - ZONE_COMPLETE | BACKTEST | #zv2_BACKTEST_2 | 02/10 05:44 - 02/10 06:45 | bars=62 | range=68865.40-69465.20 | POC=69015.35 | VAH=69325.25 | VAL=68965.37
2026-02-10 19:55:19 - zone_v2_alerts - INFO - WIN | BACKTEST | zv2_BACKTEST_1 | DOWN | pnl=+1R
2026-02-10 19:55:19 - zone_v2_alerts - INFO - SL_MODE_POC | BACKTEST | POC=69015.35 | dist=231.25 | buffer=50% | SL=69130.98
2026-02-10 19:55:19 - zone_v2_alerts - INFO - BREAKOUT | BACKTEST | zv2_BACKTEST_2 | DOWN | VA_BREAKOUT | entry=68784.10 | SL=69130.98 | TP=68437.23 | R=346.88
2026-02-10 19:55:19 - zone_v2_alerts - INFO - ZONE_BUILDING | BACKTEST | #3 | 02/10 06:47 - 02/10 06:54 | bars=8
2026-02-10 19:55:19 - zone_v2_alerts - INFO - LOSS | BACKTEST | zv2_BACKTEST_2 | DOWN | pnl=-1R
2026-02-10 19:55:19 - zone_v2_alerts - INFO - ZONE_COMPLETE | BACKTEST | #zv2_BACKTEST_3 | 02/10 06:47 - 02/10 08:23 | bars=97 | range=68603.70-69173.20 | POC=68916.93 | VAH=69002.35 | VAL=68717.60
2026-02-10 19:55:19 - zone_v2_alerts - INFO - ZONE_BUILDING | BACKTEST | #4 | 02/10 08:25 - 02/10 08:32 | bars=8
2026-02-10 19:55:19 - zone_v2_alerts - INFO - SL_MODE_POC | BACKTEST | POC=68916.93 | dist=153.07 | buffer=50% | SL=68840.39
2026-02-10 19:55:19 - zone_v2_alerts - INFO - BREAKOUT | BACKTEST | zv2_BACKTEST_3 | UP | VA_BREAKOUT | entry=69070.00 | SL=68840.39 | TP=69299.61 | R=229.61
2026-02-10 19:55:19 - zone_v2_alerts - INFO - LOSS | BACKTEST | zv2_BACKTEST_3 | UP | pnl=-1R
2026-02-10 19:55:19 - zone_v2_alerts - INFO - ZONE_COMPLETE | BACKTEST | #zv2_BACKTEST_4 | 02/10 08:25 - 02/10 11:41 | bars=197 | range=68783.90-69385.20 | POC=68994.35 | VAH=69184.77 | VAL=68844.03
2026-02-10 19:55:19 - zone_v2_alerts - INFO - SL_MODE_POC | BACKTEST | POC=68994.35 | dist=363.25 | buffer=50% | SL=69175.98
2026-02-10 19:55:19 - zone_v2_alerts - INFO - BREAKOUT | BACKTEST | zv2_BACKTEST_4 | DOWN | VA_BREAKOUT | entry=68631.10 | SL=69175.98 | TP=68086.22 | R=544.88
2026-02-10 19:55:19 - zone_v2_alerts - INFO - ZONE_BUILDING | BACKTEST | #5 | 02/10 11:53 - 02/10 12:00 | bars=8
2026-02-10 19:55:19 - zone_v2_alerts - INFO - LOSS | BACKTEST | zv2_BACKTEST_4 | DOWN | pnl=-1R
2026-02-10 19:55:19 - zone_v2_alerts - INFO - ZONE_COMPLETE | BACKTEST | #zv2_BACKTEST_5 | 02/10 11:53 - 02/10 14:15 | bars=143 | range=68286.20-69185.00 | POC=68510.90 | VAH=68915.36 | VAL=68406.04
2026-02-10 19:55:19 - zone_v2_alerts - INFO - SL_MODE_POC | BACKTEST | POC=68510.90 | dist=995.10 | buffer=50% | SL=68013.35
2026-02-10 19:55:19 - zone_v2_alerts - INFO - BREAKOUT | BACKTEST | zv2_BACKTEST_5 | UP | VA_BREAKOUT | entry=69506.00 | SL=68013.35 | TP=70998.65 | R=1492.65
2026-02-10 19:55:19 - zone_v2_alerts - INFO - ZONE_BUILDING | BACKTEST | #6 | 02/10 14:19 - 02/10 14:26 | bars=8
2026-02-10 19:55:19 - zone_v2_alerts - INFO - ZONE_COMPLETE | BACKTEST | #zv2_BACKTEST_6 | 02/10 14:19 - 02/10 14:36 | bars=18 | range=68871.70-69547.20 | POC=69175.68 | VAH=69412.10 | VAL=69051.83
2026-02-10 19:55:19 - zone_v2_alerts - INFO - SL_MODE_POC | BACKTEST | POC=69175.68 | dist=632.68 | buffer=50% | SL=69492.01
2026-02-10 19:55:19 - zone_v2_alerts - INFO - BLOCKED_SEQUENTIAL | BACKTEST | zv2_BACKTEST_6 | DOWN | open_trades=1
2026-02-10 19:55:19 - zone_v2_alerts - INFO - LOSS | BACKTEST | zv2_BACKTEST_5 | UP | pnl=-1R
2026-02-10 19:55:19 - zone_v2_alerts - INFO - ZONE_BUILDING | BACKTEST | #7 | 02/10 14:56 - 02/10 15:03 | bars=8
2026-02-10 19:55:19 - zone_v2_alerts - INFO - ZONE_COMPLETE | BACKTEST | #zv2_BACKTEST_7 | 02/10 14:56 - 02/10 15:06 | bars=11 | range=68250.00-68831.40 | POC=68472.87 | VAH=68579.46 | VAL=68346.90
2026-02-10 19:55:19 - zone_v2_alerts - INFO - SL_MODE_POC | BACKTEST | POC=68472.87 | dist=439.13 | buffer=50% | SL=68253.30
2026-02-10 19:55:19 - zone_v2_alerts - INFO - BREAKOUT | BACKTEST | zv2_BACKTEST_7 | UP | VA_BREAKOUT | entry=68912.00 | SL=68253.30 | TP=69570.70 | R=658.70
2026-02-10 19:55:19 - zone_v2_alerts - INFO - ZONE_BUILDING | BACKTEST | #8 | 02/10 15:09 - 02/10 15:16 | bars=8
2026-02-10 19:55:19 - zone_v2_alerts - INFO - ZONE_COMPLETE | BACKTEST | #zv2_BACKTEST_8 | 02/10 15:09 - 02/10 16:13 | bars=65 | range=68500.00-69481.60 | POC=69268.92 | VAH=69383.44 | VAL=68958.08
2026-02-10 19:55:19 - zone_v2_alerts - INFO - WIN | BACKTEST | zv2_BACKTEST_7 | UP | pnl=+1R
2026-02-10 19:55:19 - zone_v2_alerts - INFO - SL_MODE_POC | BACKTEST | POC=69268.92 | dist=278.08 | buffer=50% | SL=69129.88
2026-02-10 19:55:19 - zone_v2_alerts - INFO - BREAKOUT | BACKTEST | zv2_BACKTEST_8 | UP | VA_BREAKOUT | entry=69547.00 | SL=69129.88 | TP=69964.12 | R=417.12
2026-02-10 19:55:19 - zone_v2_alerts - INFO - ZONE_BUILDING | BACKTEST | #9 | 02/10 16:15 - 02/10 16:22 | bars=8
2026-02-10 19:55:19 - zone_v2_alerts - INFO - WIN | BACKTEST | zv2_BACKTEST_8 | UP | pnl=+1R
2026-02-10 19:55:19 - zone_v2_alerts - INFO - ZONE_COMPLETE | BACKTEST | #zv2_BACKTEST_9 | 02/10 16:15 - 02/10 18:26 | bars=132 | range=68955.10-69982.20 | POC=69383.06 | VAH=69776.78 | VAL=69263.23
2026-02-10 19:55:19 - zone_v2_alerts - INFO - SL_MODE_POC | BACKTEST | POC=69383.06 | dist=515.16 | buffer=50% | SL=69640.64
2026-02-10 19:55:19 - zone_v2_alerts - INFO - BREAKOUT | BACKTEST | zv2_BACKTEST_9 | DOWN | VA_BREAKOUT | entry=68867.90 | SL=69640.64 | TP=68095.16 | R=772.74
2026-02-10 19:55:19 - zone_v2_alerts - INFO - ZONE_BUILDING | BACKTEST | #10 | 02/10 18:28 - 02/10 18:35 | bars=8
2026-02-10 19:55:19 - zone_v2_alerts - INFO - ZONE_COMPLETE | BACKTEST | #zv2_BACKTEST_10 | 02/10 18:28 - 02/10 21:30 | bars=183 | range=68509.40-69268.30 | POC=68800.31 | VAH=68990.04 | VAL=68686.48
2026-02-10 19:55:19 - zone_v2_alerts - INFO - SL_MODE_POC | BACKTEST | POC=68800.31 | dist=389.21 | buffer=50% | SL=68994.92
2026-02-10 19:55:19 - zone_v2_alerts - INFO - BLOCKED_SEQUENTIAL | BACKTEST | zv2_BACKTEST_10 | DOWN | open_trades=1
2026-02-10 19:55:19 - zone_v2_alerts - INFO - ZONE_BUILDING | BACKTEST | #11 | 02/10 21:33 - 02/10 21:40 | bars=8
2026-02-10 19:55:19 - zone_v2_alerts - INFO - ZONE_COMPLETE | BACKTEST | #zv2_BACKTEST_11 | 02/10 21:33 - 02/11 00:25 | bars=173 | range=68315.00-69076.30 | POC=68606.83 | VAH=68873.29 | VAL=68543.39
2026-02-10 19:55:19 - zone_v2_alerts - INFO - SL_MODE_POC | BACKTEST | POC=68606.83 | dist=557.77 | buffer=50% | SL=68327.95
2026-02-10 19:55:19 - zone_v2_alerts - INFO - BLOCKED_SEQUENTIAL | BACKTEST | zv2_BACKTEST_11 | UP | open_trades=1
2026-02-10 19:55:19 - zone_v2_alerts - INFO - ZONE_BUILDING | BACKTEST | #12 | 02/11 00:28 - 02/11 00:35 | bars=8
2026-02-10 19:55:19 - zone_v2 - INFO - [BACKTEST] Warmup completado: 210 velas, ATR=210, SMA=210
2026-02-10 19:55:19 - zone_v2_alerts - INFO - ZONE_BUILDING | BACKTEST | #1 | 02/10 04:25 - 02/10 04:32 | bars=8
2026-02-10 19:55:19 - zone_v2_alerts - INFO - ZONE_COMPLETE | BACKTEST | #zv2_BACKTEST_1 | 02/10 04:25 - 02/10 05:42 | bars=78 | range=69328.10-69874.90 | POC=69683.52 | VAH=69801.99 | VAL=69510.37
2026-02-10 19:55:19 - zone_v2_alerts - INFO - SL_MODE_POC | BACKTEST | POC=69683.52 | dist=323.52 | buffer=50% | SL=69845.28
2026-02-10 19:55:19 - zone_v2_alerts - INFO - BREAKOUT | BACKTEST | zv2_BACKTEST_1 | DOWN | VA_BREAKOUT | entry=69360.00 | SL=69845.28 | TP=68874.72 | R=485.28
2026-02-10 19:55:19 - zone_v2_alerts - INFO - ZONE_BUILDING | BACKTEST | #2 | 02/10 05:44 - 02/10 05:51 | bars=8
2026-02-10 19:55:19 - zone_v2_alerts - INFO - WIN | BACKTEST | zv2_BACKTEST_1 | DOWN | pnl=+1R
2026-02-10 19:55:19 - zone_v2_alerts - INFO - ZONE_COMPLETE | BACKTEST | #zv2_BACKTEST_2 | 02/10 05:44 - 02/10 06:45 | bars=62 | range=68865.40-69465.20 | POC=69015.35 | VAH=69325.25 | VAL=68965.37
2026-02-10 19:55:19 - zone_v2_alerts - INFO - SL_MODE_POC | BACKTEST | POC=69015.35 | dist=231.25 | buffer=50% | SL=69130.98
2026-02-10 19:55:19 - zone_v2_alerts - INFO - BREAKOUT | BACKTEST | zv2_BACKTEST_2 | DOWN | VA_BREAKOUT | entry=68784.10 | SL=69130.98 | TP=68437.23 | R=346.88
2026-02-10 19:55:19 - zone_v2_alerts - INFO - ZONE_BUILDING | BACKTEST | #3 | 02/10 06:47 - 02/10 06:54 | bars=8
2026-02-10 19:55:19 - zone_v2_alerts - INFO - LOSS | BACKTEST | zv2_BACKTEST_2 | DOWN | pnl=-1R
2026-02-10 19:55:19 - zone_v2_alerts - INFO - ZONE_COMPLETE | BACKTEST | #zv2_BACKTEST_3 | 02/10 06:47 - 02/10 08:23 | bars=97 | range=68603.70-69173.20 | POC=68916.93 | VAH=69002.35 | VAL=68717.60
2026-02-10 19:55:19 - zone_v2_alerts - INFO - ZONE_BUILDING | BACKTEST | #4 | 02/10 08:25 - 02/10 08:32 | bars=8
2026-02-10 19:55:19 - zone_v2_alerts - INFO - SL_MODE_POC | BACKTEST | POC=68916.93 | dist=153.07 | buffer=50% | SL=68840.39
2026-02-10 19:55:19 - zone_v2_alerts - INFO - BREAKOUT | BACKTEST | zv2_BACKTEST_3 | UP | VA_BREAKOUT | entry=69070.00 | SL=68840.39 | TP=69299.61 | R=229.61
2026-02-10 19:55:19 - zone_v2_alerts - INFO - LOSS | BACKTEST | zv2_BACKTEST_3 | UP | pnl=-1R
2026-02-10 19:55:19 - zone_v2_alerts - INFO - ZONE_COMPLETE | BACKTEST | #zv2_BACKTEST_4 | 02/10 08:25 - 02/10 11:41 | bars=197 | range=68783.90-69385.20 | POC=68994.35 | VAH=69184.77 | VAL=68844.03
2026-02-10 19:55:19 - zone_v2_alerts - INFO - SL_MODE_POC | BACKTEST | POC=68994.35 | dist=363.25 | buffer=50% | SL=69175.98
2026-02-10 19:55:19 - zone_v2_alerts - INFO - BREAKOUT | BACKTEST | zv2_BACKTEST_4 | DOWN | VA_BREAKOUT | entry=68631.10 | SL=69175.98 | TP=68086.22 | R=544.88
2026-02-10 19:55:19 - zone_v2_alerts - INFO - ZONE_BUILDING | BACKTEST | #5 | 02/10 11:53 - 02/10 12:00 | bars=8
2026-02-10 19:55:19 - zone_v2_alerts - INFO - ZONE_COMPLETE | BACKTEST | #zv2_BACKTEST_5 | 02/10 11:53 - 02/10 13:32 | bars=100 | range=68286.20-68878.00 | POC=68493.33 | VAH=68680.73 | VAL=68444.01
2026-02-10 19:55:19 - zone_v2_alerts - INFO - SL_MODE_POC | BACKTEST | POC=68493.33 | dist=415.67 | buffer=50% | SL=68285.49
2026-02-10 19:55:19 - zone_v2_alerts - INFO - BLOCKED_SEQUENTIAL | BACKTEST | zv2_BACKTEST_5 | UP | open_trades=1
2026-02-10 19:55:19 - zone_v2_alerts - INFO - ZONE_BUILDING | BACKTEST | #6 | 02/10 13:35 - 02/10 13:42 | bars=8
2026-02-10 19:55:19 - zone_v2_alerts - INFO - LOSS | BACKTEST | zv2_BACKTEST_4 | DOWN | pnl=-1R
2026-02-10 19:55:19 - zone_v2_alerts - INFO - ZONE_COMPLETE | BACKTEST | #zv2_BACKTEST_6 | 02/10 13:35 - 02/10 14:15 | bars=41 | range=68831.90-69185.00 | POC=68908.40 | VAH=69090.84 | VAL=68878.98
2026-02-10 19:55:19 - zone_v2_alerts - INFO - SL_MODE_POC | BACKTEST | POC=68908.40 | dist=597.60 | buffer=50% | SL=68609.61
2026-02-10 19:55:19 - zone_v2_alerts - INFO - BREAKOUT | BACKTEST | zv2_BACKTEST_6 | UP | VA_BREAKOUT | entry=69506.00 | SL=68609.61 | TP=70402.39 | R=896.39
2026-02-10 19:55:19 - zone_v2_alerts - INFO - ZONE_BUILDING | BACKTEST | #7 | 02/10 14:26 - 02/10 14:33 | bars=8
2026-02-10 19:55:19 - zone_v2_alerts - INFO - ZONE_COMPLETE | BACKTEST | #zv2_BACKTEST_7 | 02/10 14:26 - 02/10 14:36 | bars=11 | range=68871.70-69393.70 | POC=69176.20 | VAH=69289.30 | VAL=69028.30
2026-02-10 19:55:19 - zone_v2_alerts - INFO - LOSS | BACKTEST | zv2_BACKTEST_6 | UP | pnl=-1R
2026-02-10 19:55:19 - zone_v2_alerts - INFO - SL_MODE_POC | BACKTEST | POC=69176.20 | dist=633.20 | buffer=50% | SL=69492.80
2026-02-10 19:55:19 - zone_v2_alerts - INFO - BREAKOUT | BACKTEST | zv2_BACKTEST_7 | DOWN | VA_BREAKOUT | entry=68543.00 | SL=69492.80 | TP=67593.20 | R=949.80
2026-02-10 19:55:19 - zone_v2_alerts - INFO - ZONE_BUILDING | BACKTEST | #8 | 02/10 14:56 - 02/10 15:03 | bars=8
2026-02-10 19:55:19 - zone_v2_alerts - INFO - ZONE_COMPLETE | BACKTEST | #zv2_BACKTEST_8 | 02/10 14:56 - 02/10 15:06 | bars=11 | range=68250.00-68831.40 | POC=68472.87 | VAH=68579.46 | VAL=68346.90
2026-02-10 19:55:19 - zone_v2_alerts - INFO - SL_MODE_POC | BACKTEST | POC=68472.87 | dist=439.13 | buffer=50% | SL=68253.30
2026-02-10 19:55:19 - zone_v2_alerts - INFO - BLOCKED_SEQUENTIAL | BACKTEST | zv2_BACKTEST_8 | UP | open_trades=1
2026-02-10 19:55:19 - zone_v2_alerts - INFO - ZONE_BUILDING | BACKTEST | #9 | 02/10 15:09 - 02/10 15:16 | bars=8
2026-02-10 19:55:19 - zone_v2_alerts - INFO - ZONE_COMPLETE | BACKTEST | #zv2_BACKTEST_9 | 02/10 15:09 - 02/10 16:13 | bars=65 | range=68500.00-69481.60 | POC=69268.92 | VAH=69383.44 | VAL=68958.08
2026-02-10 19:55:19 - zone_v2_alerts - INFO - LOSS | BACKTEST | zv2_BACKTEST_7 | DOWN | pnl=-1R
2026-02-10 19:55:19 - zone_v2_alerts - INFO - SL_MODE_POC | BACKTEST | POC=69268.92 | dist=278.08 | buffer=50% | SL=69129.88
2026-02-10 19:55:19 - zone_v2_alerts - INFO - BREAKOUT | BACKTEST | zv2_BACKTEST_9 | UP | VA_BREAKOUT | entry=69547.00 | SL=69129.88 | TP=69964.12 | R=417.12
2026-02-10 19:55:19 - zone_v2_alerts - INFO - ZONE_BUILDING | BACKTEST | #10 | 02/10 16:16 - 02/10 16:23 | bars=8
2026-02-10 19:55:19 - zone_v2_alerts - INFO - WIN | BACKTEST | zv2_BACKTEST_9 | UP | pnl=+1R
2026-02-10 19:55:19 - zone_v2_alerts - INFO - ZONE_COMPLETE | BACKTEST | #zv2_BACKTEST_10 | 02/10 16:16 - 02/10 18:26 | bars=131 | range=68955.10-69982.20 | POC=69383.06 | VAH=69776.78 | VAL=69263.23
2026-02-10 19:55:19 - zone_v2_alerts - INFO - SL_MODE_POC | BACKTEST | POC=69383.06 | dist=515.16 | buffer=50% | SL=69640.64
2026-02-10 19:55:19 - zone_v2_alerts - INFO - BREAKOUT | BACKTEST | zv2_BACKTEST_10 | DOWN | VA_BREAKOUT | entry=68867.90 | SL=69640.64 | TP=68095.16 | R=772.74
2026-02-10 19:55:19 - zone_v2_alerts - INFO - ZONE_BUILDING | BACKTEST | #11 | 02/10 18:28 - 02/10 18:35 | bars=8
2026-02-10 19:55:19 - zone_v2_alerts - INFO - ZONE_COMPLETE | BACKTEST | #zv2_BACKTEST_11 | 02/10 18:28 - 02/10 21:30 | bars=183 | range=68509.40-69268.30 | POC=68800.31 | VAH=68990.04 | VAL=68686.48
2026-02-10 19:55:19 - zone_v2_alerts - INFO - SL_MODE_POC | BACKTEST | POC=68800.31 | dist=389.21 | buffer=50% | SL=68994.92
2026-02-10 19:55:19 - zone_v2_alerts - INFO - BLOCKED_SEQUENTIAL | BACKTEST | zv2_BACKTEST_11 | DOWN | open_trades=1
2026-02-10 19:55:19 - zone_v2_alerts - INFO - ZONE_BUILDING | BACKTEST | #12 | 02/10 21:32 - 02/10 21:39 | bars=8
2026-02-10 19:55:19 - zone_v2_alerts - INFO - ZONE_COMPLETE | BACKTEST | #zv2_BACKTEST_12 | 02/10 21:32 - 02/11 00:26 | bars=175 | range=68315.00-69182.30 | POC=68618.55 | VAH=68922.11 | VAL=68401.73
2026-02-10 19:55:19 - zone_v2_alerts - INFO - SL_MODE_POC | BACKTEST | POC=68618.55 | dist=539.45 | buffer=50% | SL=68348.83
2026-02-10 19:55:19 - zone_v2_alerts - INFO - BLOCKED_SEQUENTIAL | BACKTEST | zv2_BACKTEST_12 | UP | open_trades=1
2026-02-10 19:55:19 - zone_v2_alerts - INFO - ZONE_BUILDING | BACKTEST | #13 | 02/11 00:28 - 02/11 00:35 | bars=8
2026-02-10 19:55:19 - zone_v2 - INFO - [BACKTEST] Warmup completado: 260 velas, ATR=260, SMA=260
2026-02-10 19:55:19 - zone_v2_alerts - INFO - ZONE_BUILDING | BACKTEST | #1 | 02/10 05:15 - 02/10 05:22 | bars=8
2026-02-10 19:55:19 - zone_v2_alerts - INFO - ZONE_COMPLETE | BACKTEST | #zv2_BACKTEST_1 | 02/10 05:15 - 02/10 05:42 | bars=28 | range=69328.10-69767.90 | POC=69555.33 | VAH=69635.96 | VAL=69445.38
2026-02-10 19:55:19 - zone_v2_alerts - INFO - SL_MODE_POC | BACKTEST | POC=69555.33 | dist=195.33 | buffer=50% | SL=69652.99
2026-02-10 19:55:19 - zone_v2_alerts - INFO - BREAKOUT | BACKTEST | zv2_BACKTEST_1 | DOWN | VA_BREAKOUT | entry=69360.00 | SL=69652.99 | TP=69067.01 | R=293.00
2026-02-10 19:55:19 - zone_v2_alerts - INFO - ZONE_BUILDING | BACKTEST | #2 | 02/10 05:44 - 02/10 05:51 | bars=8
2026-02-10 19:55:19 - zone_v2_alerts - INFO - WIN | BACKTEST | zv2_BACKTEST_1 | DOWN | pnl=+1R
2026-02-10 19:55:19 - zone_v2_alerts - INFO - ZONE_COMPLETE | BACKTEST | #zv2_BACKTEST_2 | 02/10 05:44 - 02/10 06:45 | bars=62 | range=68865.40-69465.20 | POC=69015.35 | VAH=69325.25 | VAL=68965.37
2026-02-10 19:55:19 - zone_v2_alerts - INFO - SL_MODE_POC | BACKTEST | POC=69015.35 | dist=231.25 | buffer=50% | SL=69130.98
2026-02-10 19:55:19 - zone_v2_alerts - INFO - BREAKOUT | BACKTEST | zv2_BACKTEST_2 | DOWN | VA_BREAKOUT | entry=68784.10 | SL=69130.98 | TP=68437.23 | R=346.88
2026-02-10 19:55:19 - zone_v2_alerts - INFO - ZONE_BUILDING | BACKTEST | #3 | 02/10 06:47 - 02/10 06:54 | bars=8
2026-02-10 19:55:19 - zone_v2_alerts - INFO - LOSS | BACKTEST | zv2_BACKTEST_2 | DOWN | pnl=-1R
2026-02-10 19:55:19 - zone_v2_alerts - INFO - ZONE_COMPLETE | BACKTEST | #zv2_BACKTEST_3 | 02/10 06:47 - 02/10 08:23 | bars=97 | range=68603.70-69173.20 | POC=68916.93 | VAH=69002.35 | VAL=68717.60
2026-02-10 19:55:19 - zone_v2_alerts - INFO - ZONE_BUILDING | BACKTEST | #4 | 02/10 08:25 - 02/10 08:32 | bars=8
2026-02-10 19:55:19 - zone_v2_alerts - INFO - SL_MODE_POC | BACKTEST | POC=68916.93 | dist=153.07 | buffer=50% | SL=68840.39
2026-02-10 19:55:19 - zone_v2_alerts - INFO - BREAKOUT | BACKTEST | zv2_BACKTEST_3 | UP | VA_BREAKOUT | entry=69070.00 | SL=68840.39 | TP=69299.61 | R=229.61
2026-02-10 19:55:19 - zone_v2_alerts - INFO - LOSS | BACKTEST | zv2_BACKTEST_3 | UP | pnl=-1R
2026-02-10 19:55:19 - zone_v2_alerts - INFO - ZONE_COMPLETE | BACKTEST | #zv2_BACKTEST_4 | 02/10 08:25 - 02/10 11:41 | bars=197 | range=68783.90-69385.20 | POC=68994.35 | VAH=69184.77 | VAL=68844.03
2026-02-10 19:55:19 - zone_v2_alerts - INFO - SL_MODE_POC | BACKTEST | POC=68994.35 | dist=363.25 | buffer=50% | SL=69175.98
2026-02-10 19:55:19 - zone_v2_alerts - INFO - BREAKOUT | BACKTEST | zv2_BACKTEST_4 | DOWN | VA_BREAKOUT | entry=68631.10 | SL=69175.98 | TP=68086.22 | R=544.88
2026-02-10 19:55:19 - zone_v2_alerts - INFO - ZONE_BUILDING | BACKTEST | #5 | 02/10 11:53 - 02/10 12:00 | bars=8
2026-02-10 19:55:19 - zone_v2_alerts - INFO - ZONE_COMPLETE | BACKTEST | #zv2_BACKTEST_5 | 02/10 11:53 - 02/10 13:32 | bars=100 | range=68286.20-68878.00 | POC=68493.33 | VAH=68680.73 | VAL=68444.01
2026-02-10 19:55:19 - zone_v2_alerts - INFO - SL_MODE_POC | BACKTEST | POC=68493.33 | dist=415.67 | buffer=50% | SL=68285.49
2026-02-10 19:55:19 - zone_v2_alerts - INFO - BLOCKED_SEQUENTIAL | BACKTEST | zv2_BACKTEST_5 | UP | open_trades=1
2026-02-10 19:55:19 - zone_v2_alerts - INFO - ZONE_BUILDING | BACKTEST | #6 | 02/10 13:35 - 02/10 13:42 | bars=8
2026-02-10 19:55:19 - zone_v2_alerts - INFO - LOSS | BACKTEST | zv2_BACKTEST_4 | DOWN | pnl=-1R
2026-02-10 19:55:19 - zone_v2_alerts - INFO - ZONE_COMPLETE | BACKTEST | #zv2_BACKTEST_6 | 02/10 13:35 - 02/10 14:15 | bars=41 | range=68831.90-69185.00 | POC=68908.40 | VAH=69090.84 | VAL=68878.98
2026-02-10 19:55:19 - zone_v2_alerts - INFO - SL_MODE_POC | BACKTEST | POC=68908.40 | dist=597.60 | buffer=50% | SL=68609.61
2026-02-10 19:55:19 - zone_v2_alerts - INFO - BREAKOUT | BACKTEST | zv2_BACKTEST_6 | UP | VA_BREAKOUT | entry=69506.00 | SL=68609.61 | TP=70402.39 | R=896.39
2026-02-10 19:55:19 - zone_v2_alerts - INFO - ZONE_BUILDING | BACKTEST | #7 | 02/10 14:26 - 02/10 14:33 | bars=8
2026-02-10 19:55:19 - zone_v2_alerts - INFO - ZONE_COMPLETE | BACKTEST | #zv2_BACKTEST_7 | 02/10 14:26 - 02/10 14:36 | bars=11 | range=68871.70-69393.70 | POC=69176.20 | VAH=69289.30 | VAL=69028.30
2026-02-10 19:55:19 - zone_v2_alerts - INFO - LOSS | BACKTEST | zv2_BACKTEST_6 | UP | pnl=-1R
2026-02-10 19:55:19 - zone_v2_alerts - INFO - SL_MODE_POC | BACKTEST | POC=69176.20 | dist=633.20 | buffer=50% | SL=69492.80
2026-02-10 19:55:19 - zone_v2_alerts - INFO - BREAKOUT | BACKTEST | zv2_BACKTEST_7 | DOWN | VA_BREAKOUT | entry=68543.00 | SL=69492.80 | TP=67593.20 | R=949.80
2026-02-10 19:55:19 - zone_v2_alerts - INFO - ZONE_BUILDING | BACKTEST | #8 | 02/10 14:56 - 02/10 15:03 | bars=8
2026-02-10 19:55:19 - zone_v2_alerts - INFO - ZONE_COMPLETE | BACKTEST | #zv2_BACKTEST_8 | 02/10 14:56 - 02/10 15:06 | bars=11 | range=68250.00-68831.40 | POC=68472.87 | VAH=68579.46 | VAL=68346.90
2026-02-10 19:55:19 - zone_v2_alerts - INFO - SL_MODE_POC | BACKTEST | POC=68472.87 | dist=439.13 | buffer=50% | SL=68253.30
2026-02-10 19:55:19 - zone_v2_alerts - INFO - BLOCKED_SEQUENTIAL | BACKTEST | zv2_BACKTEST_8 | UP | open_trades=1
2026-02-10 19:55:19 - zone_v2_alerts - INFO - ZONE_BUILDING | BACKTEST | #9 | 02/10 15:09 - 02/10 15:16 | bars=8
2026-02-10 19:55:19 - zone_v2_alerts - INFO - ZONE_COMPLETE | BACKTEST | #zv2_BACKTEST_9 | 02/10 15:09 - 02/10 15:21 | bars=13 | range=68500.00-69081.10 | POC=68858.35 | VAH=69042.36 | VAL=68654.96
2026-02-10 19:55:19 - zone_v2_alerts - INFO - SL_MODE_POC | BACKTEST | POC=68858.35 | dist=296.46 | buffer=50% | SL=68710.12
2026-02-10 19:55:19 - zone_v2_alerts - INFO - BLOCKED_SEQUENTIAL | BACKTEST | zv2_BACKTEST_9 | UP | open_trades=1
2026-02-10 19:55:19 - zone_v2_alerts - INFO - ZONE_BUILDING | BACKTEST | #10 | 02/10 15:23 - 02/10 15:30 | bars=8
2026-02-10 19:55:19 - zone_v2_alerts - INFO - ZONE_COMPLETE | BACKTEST | #zv2_BACKTEST_10 | 02/10 15:23 - 02/10 16:13 | bars=51 | range=68900.10-69481.60 | POC=69278.07 | VAH=69384.68 | VAL=69093.93
2026-02-10 19:55:19 - zone_v2_alerts - INFO - LOSS | BACKTEST | zv2_BACKTEST_7 | DOWN | pnl=-1R
2026-02-10 19:55:19 - zone_v2_alerts - INFO - SL_MODE_POC | BACKTEST | POC=69278.07 | dist=268.93 | buffer=50% | SL=69143.61
2026-02-10 19:55:19 - zone_v2_alerts - INFO - BREAKOUT | BACKTEST | zv2_BACKTEST_10 | UP | VA_BREAKOUT | entry=69547.00 | SL=69143.61 | TP=69950.39 | R=403.39
2026-02-10 19:55:19 - zone_v2_alerts - INFO - ZONE_BUILDING | BACKTEST | #11 | 02/10 16:16 - 02/10 16:23 | bars=8
2026-02-10 19:55:19 - zone_v2_alerts - INFO - WIN | BACKTEST | zv2_BACKTEST_10 | UP | pnl=+1R
2026-02-10 19:55:19 - zone_v2_alerts - INFO - ZONE_COMPLETE | BACKTEST | #zv2_BACKTEST_11 | 02/10 16:16 - 02/10 18:26 | bars=131 | range=68955.10-69982.20 | POC=69383.06 | VAH=69776.78 | VAL=69263.23
2026-02-10 19:55:19 - zone_v2_alerts - INFO - SL_MODE_POC | BACKTEST | POC=69383.06 | dist=515.16 | buffer=50% | SL=69640.64
2026-02-10 19:55:19 - zone_v2_alerts - INFO - BREAKOUT | BACKTEST | zv2_BACKTEST_11 | DOWN | VA_BREAKOUT | entry=68867.90 | SL=69640.64 | TP=68095.16 | R=772.74
2026-02-10 19:55:19 - zone_v2_alerts - INFO - ZONE_BUILDING | BACKTEST | #12 | 02/10 18:28 - 02/10 18:35 | bars=8
2026-02-10 19:55:19 - zone_v2_alerts - INFO - ZONE_COMPLETE | BACKTEST | #zv2_BACKTEST_12 | 02/10 18:28 - 02/10 21:30 | bars=183 | range=68509.40-69268.30 | POC=68800.31 | VAH=68990.04 | VAL=68686.48
2026-02-10 19:55:19 - zone_v2_alerts - INFO - SL_MODE_POC | BACKTEST | POC=68800.31 | dist=389.21 | buffer=50% | SL=68994.92
2026-02-10 19:55:19 - zone_v2_alerts - INFO - BLOCKED_SEQUENTIAL | BACKTEST | zv2_BACKTEST_12 | DOWN | open_trades=1
2026-02-10 19:55:19 - zone_v2_alerts - INFO - ZONE_BUILDING | BACKTEST | #13 | 02/10 21:32 - 02/10 21:39 | bars=8
2026-02-10 19:55:19 - zone_v2_alerts - INFO - ZONE_COMPLETE | BACKTEST | #zv2_BACKTEST_13 | 02/10 21:32 - 02/11 00:26 | bars=175 | range=68315.00-69182.30 | POC=68618.55 | VAH=68922.11 | VAL=68401.73
2026-02-10 19:55:19 - zone_v2_alerts - INFO - SL_MODE_POC | BACKTEST | POC=68618.55 | dist=539.45 | buffer=50% | SL=68348.83
2026-02-10 19:55:19 - zone_v2_alerts - INFO - BLOCKED_SEQUENTIAL | BACKTEST | zv2_BACKTEST_13 | UP | open_trades=1
2026-02-10 19:55:19 - zone_v2_alerts - INFO - ZONE_BUILDING | BACKTEST | #14 | 02/11 00:28 - 02/11 00:35 | bars=8
2026-02-10 19:55:19 - zone_v2 - INFO - [BACKTEST] Warmup completado: 310 velas, ATR=310, SMA=310
2026-02-10 19:55:19 - zone_v2_alerts - INFO - ZONE_BUILDING | BACKTEST | #1 | 02/10 06:05 - 02/10 06:12 | bars=8
2026-02-10 19:55:19 - zone_v2_alerts - INFO - ZONE_COMPLETE | BACKTEST | #zv2_BACKTEST_1 | 02/10 06:05 - 02/10 06:45 | bars=41 | range=68865.40-69465.20 | POC=69015.35 | VAH=69265.27 | VAL=68945.37
2026-02-10 19:55:19 - zone_v2_alerts - INFO - SL_MODE_POC | BACKTEST | POC=69015.35 | dist=231.25 | buffer=50% | SL=69130.98
2026-02-10 19:55:19 - zone_v2_alerts - INFO - BREAKOUT | BACKTEST | zv2_BACKTEST_1 | DOWN | VA_BREAKOUT | entry=68784.10 | SL=69130.98 | TP=68437.23 | R=346.88
2026-02-10 19:55:19 - zone_v2_alerts - INFO - ZONE_BUILDING | BACKTEST | #2 | 02/10 06:47 - 02/10 06:54 | bars=8
2026-02-10 19:55:19 - zone_v2_alerts - INFO - LOSS | BACKTEST | zv2_BACKTEST_1 | DOWN | pnl=-1R
2026-02-10 19:55:19 - zone_v2_alerts - INFO - ZONE_COMPLETE | BACKTEST | #zv2_BACKTEST_2 | 02/10 06:47 - 02/10 08:23 | bars=97 | range=68603.70-69173.20 | POC=68916.93 | VAH=69002.35 | VAL=68717.60
2026-02-10 19:55:19 - zone_v2_alerts - INFO - ZONE_BUILDING | BACKTEST | #3 | 02/10 08:25 - 02/10 08:32 | bars=8
2026-02-10 19:55:19 - zone_v2_alerts - INFO - SL_MODE_POC | BACKTEST | POC=68916.93 | dist=153.07 | buffer=50% | SL=68840.39
2026-02-10 19:55:19 - zone_v2_alerts - INFO - BREAKOUT | BACKTEST | zv2_BACKTEST_2 | UP | VA_BREAKOUT | entry=69070.00 | SL=68840.39 | TP=69299.61 | R=229.61
2026-02-10 19:55:19 - zone_v2_alerts - INFO - LOSS | BACKTEST | zv2_BACKTEST_2 | UP | pnl=-1R
2026-02-10 19:55:19 - zone_v2_alerts - INFO - ZONE_COMPLETE | BACKTEST | #zv2_BACKTEST_3 | 02/10 08:25 - 02/10 11:41 | bars=197 | range=68783.90-69385.20 | POC=68994.35 | VAH=69184.77 | VAL=68844.03
2026-02-10 19:55:19 - zone_v2_alerts - INFO - SL_MODE_POC | BACKTEST | POC=68994.35 | dist=363.25 | buffer=50% | SL=69175.98
2026-02-10 19:55:19 - zone_v2_alerts - INFO - BREAKOUT | BACKTEST | zv2_BACKTEST_3 | DOWN | VA_BREAKOUT | entry=68631.10 | SL=69175.98 | TP=68086.22 | R=544.88
2026-02-10 19:55:19 - zone_v2_alerts - INFO - ZONE_BUILDING | BACKTEST | #4 | 02/10 11:53 - 02/10 12:00 | bars=8
2026-02-10 19:55:19 - zone_v2_alerts - INFO - ZONE_COMPLETE | BACKTEST | #zv2_BACKTEST_4 | 02/10 11:53 - 02/10 13:32 | bars=100 | range=68286.20-68878.00 | POC=68493.33 | VAH=68680.73 | VAL=68444.01
2026-02-10 19:55:19 - zone_v2_alerts - INFO - SL_MODE_POC | BACKTEST | POC=68493.33 | dist=415.67 | buffer=50% | SL=68285.49
2026-02-10 19:55:19 - zone_v2_alerts - INFO - BLOCKED_SEQUENTIAL | BACKTEST | zv2_BACKTEST_4 | UP | open_trades=1
2026-02-10 19:55:19 - zone_v2_alerts - INFO - ZONE_BUILDING | BACKTEST | #5 | 02/10 13:35 - 02/10 13:42 | bars=8
2026-02-10 19:55:19 - zone_v2_alerts - INFO - LOSS | BACKTEST | zv2_BACKTEST_3 | DOWN | pnl=-1R
2026-02-10 19:55:19 - zone_v2_alerts - INFO - ZONE_COMPLETE | BACKTEST | #zv2_BACKTEST_5 | 02/10 13:35 - 02/10 14:15 | bars=41 | range=68831.90-69185.00 | POC=68908.40 | VAH=69090.84 | VAL=68878.98
2026-02-10 19:55:19 - zone_v2_alerts - INFO - SL_MODE_POC | BACKTEST | POC=68908.40 | dist=597.60 | buffer=50% | SL=68609.61
2026-02-10 19:55:19 - zone_v2_alerts - INFO - BREAKOUT | BACKTEST | zv2_BACKTEST_5 | UP | VA_BREAKOUT | entry=69506.00 | SL=68609.61 | TP=70402.39 | R=896.39
2026-02-10 19:55:19 - zone_v2_alerts - INFO - ZONE_BUILDING | BACKTEST | #6 | 02/10 14:26 - 02/10 14:33 | bars=8
2026-02-10 19:55:19 - zone_v2_alerts - INFO - ZONE_COMPLETE | BACKTEST | #zv2_BACKTEST_6 | 02/10 14:26 - 02/10 14:36 | bars=11 | range=68871.70-69393.70 | POC=69176.20 | VAH=69289.30 | VAL=69028.30
2026-02-10 19:55:19 - zone_v2_alerts - INFO - LOSS | BACKTEST | zv2_BACKTEST_5 | UP | pnl=-1R
2026-02-10 19:55:19 - zone_v2_alerts - INFO - SL_MODE_POC | BACKTEST | POC=69176.20 | dist=633.20 | buffer=50% | SL=69492.80
2026-02-10 19:55:19 - zone_v2_alerts - INFO - BREAKOUT | BACKTEST | zv2_BACKTEST_6 | DOWN | VA_BREAKOUT | entry=68543.00 | SL=69492.80 | TP=67593.20 | R=949.80
2026-02-10 19:55:19 - zone_v2_alerts - INFO - ZONE_BUILDING | BACKTEST | #7 | 02/10 15:27 - 02/10 15:34 | bars=8
2026-02-10 19:55:19 - zone_v2_alerts - INFO - ZONE_COMPLETE | BACKTEST | #zv2_BACKTEST_7 | 02/10 15:27 - 02/10 16:13 | bars=47 | range=68900.10-69481.60 | POC=69278.07 | VAH=69384.68 | VAL=69132.70
2026-02-10 19:55:19 - zone_v2_alerts - INFO - LOSS | BACKTEST | zv2_BACKTEST_6 | DOWN | pnl=-1R
2026-02-10 19:55:19 - zone_v2_alerts - INFO - SL_MODE_POC | BACKTEST | POC=69278.07 | dist=268.93 | buffer=50% | SL=69143.61
2026-02-10 19:55:19 - zone_v2_alerts - INFO - BREAKOUT | BACKTEST | zv2_BACKTEST_7 | UP | VA_BREAKOUT | entry=69547.00 | SL=69143.61 | TP=69950.39 | R=403.39
2026-02-10 19:55:19 - zone_v2_alerts - INFO - ZONE_BUILDING | BACKTEST | #8 | 02/10 16:16 - 02/10 16:23 | bars=8
2026-02-10 19:55:19 - zone_v2_alerts - INFO - WIN | BACKTEST | zv2_BACKTEST_7 | UP | pnl=+1R
2026-02-10 19:55:19 - zone_v2_alerts - INFO - ZONE_COMPLETE | BACKTEST | #zv2_BACKTEST_8 | 02/10 16:16 - 02/10 18:26 | bars=131 | range=68955.10-69982.20 | POC=69383.06 | VAH=69776.78 | VAL=69263.23
2026-02-10 19:55:19 - zone_v2_alerts - INFO - SL_MODE_POC | BACKTEST | POC=69383.06 | dist=515.16 | buffer=50% | SL=69640.64
2026-02-10 19:55:19 - zone_v2_alerts - INFO - BREAKOUT | BACKTEST | zv2_BACKTEST_8 | DOWN | VA_BREAKOUT | entry=68867.90 | SL=69640.64 | TP=68095.16 | R=772.74
2026-02-10 19:55:19 - zone_v2_alerts - INFO - ZONE_BUILDING | BACKTEST | #9 | 02/10 18:28 - 02/10 18:35 | bars=8
2026-02-10 19:55:20 - zone_v2_alerts - INFO - ZONE_COMPLETE | BACKTEST | #zv2_BACKTEST_9 | 02/10 18:28 - 02/10 21:30 | bars=183 | range=68509.40-69268.30 | POC=68800.31 | VAH=68990.04 | VAL=68686.48
2026-02-10 19:55:20 - zone_v2_alerts - INFO - SL_MODE_POC | BACKTEST | POC=68800.31 | dist=389.21 | buffer=50% | SL=68994.92
2026-02-10 19:55:20 - zone_v2_alerts - INFO - BLOCKED_SEQUENTIAL | BACKTEST | zv2_BACKTEST_9 | DOWN | open_trades=1
2026-02-10 19:55:20 - zone_v2_alerts - INFO - ZONE_BUILDING | BACKTEST | #10 | 02/10 21:32 - 02/10 21:39 | bars=8
2026-02-10 19:55:20 - zone_v2_alerts - INFO - ZONE_COMPLETE | BACKTEST | #zv2_BACKTEST_10 | 02/10 21:32 - 02/11 00:26 | bars=175 | range=68315.00-69182.30 | POC=68618.55 | VAH=68922.11 | VAL=68401.73
2026-02-10 19:55:20 - zone_v2_alerts - INFO - SL_MODE_POC | BACKTEST | POC=68618.55 | dist=539.45 | buffer=50% | SL=68348.83
2026-02-10 19:55:20 - zone_v2_alerts - INFO - BLOCKED_SEQUENTIAL | BACKTEST | zv2_BACKTEST_10 | UP | open_trades=1
2026-02-10 19:55:20 - zone_v2_alerts - INFO - ZONE_BUILDING | BACKTEST | #11 | 02/11 00:28 - 02/11 00:35 | bars=8
2026-02-10 19:55:20 - zone_v2 - INFO - [BACKTEST] Warmup completado: 60 velas, ATR=60, SMA=60
2026-02-10 19:55:20 - zone_v2_alerts - INFO - ZONE_BUILDING | BACKTEST | #1 | 02/10 01:56 - 02/10 02:03 | bars=8
2026-02-10 19:55:20 - zone_v2_alerts - INFO - ZONE_COMPLETE | BACKTEST | #zv2_BACKTEST_1 | 02/10 01:56 - 02/10 03:04 | bars=69 | range=69953.80-70463.70 | POC=70098.27 | VAH=70276.74 | VAL=69953.80
2026-02-10 19:55:20 - zone_v2_alerts - INFO - SL_MODE_POC | BACKTEST | POC=70098.27 | dist=357.57 | buffer=50% | SL=70277.06
2026-02-10 19:55:20 - zone_v2_alerts - INFO - BREAKOUT | BACKTEST | zv2_BACKTEST_1 | DOWN | VA_BREAKOUT | entry=69740.70 | SL=70277.06 | TP=69204.34 | R=536.36
2026-02-10 19:55:20 - zone_v2_alerts - INFO - ZONE_BUILDING | BACKTEST | #2 | 02/10 03:21 - 02/10 03:28 | bars=8
2026-02-10 19:55:20 - zone_v2_alerts - INFO - ZONE_COMPLETE | BACKTEST | #zv2_BACKTEST_2 | 02/10 03:21 - 02/10 03:29 | bars=9 | range=69436.90-69699.90 | POC=69599.08 | VAH=69656.07 | VAL=69498.27
2026-02-10 19:55:20 - zone_v2_alerts - INFO - WIN | BACKTEST | zv2_BACKTEST_1 | DOWN | pnl=+1R
2026-02-10 19:55:20 - zone_v2_alerts - INFO - SL_MODE_POC | BACKTEST | POC=69599.08 | dist=280.98 | buffer=50% | SL=69739.57
2026-02-10 19:55:20 - zone_v2_alerts - INFO - BREAKOUT | BACKTEST | zv2_BACKTEST_2 | DOWN | VA_BREAKOUT | entry=69318.10 | SL=69739.57 | TP=68896.63 | R=421.47
2026-02-10 19:55:20 - zone_v2_alerts - INFO - ZONE_BUILDING | BACKTEST | #3 | 02/10 03:32 - 02/10 03:39 | bars=8
2026-02-10 19:55:20 - zone_v2_alerts - INFO - LOSS | BACKTEST | zv2_BACKTEST_2 | DOWN | pnl=-1R
2026-02-10 19:55:20 - zone_v2_alerts - INFO - ZONE_COMPLETE | BACKTEST | #zv2_BACKTEST_3 | 02/10 03:32 - 02/10 05:42 | bars=131 | range=69234.00-69874.90 | POC=69714.68 | VAH=69810.81 | VAL=69447.63
2026-02-10 19:55:20 - zone_v2_alerts - INFO - SL_MODE_POC | BACKTEST | POC=69714.68 | dist=354.68 | buffer=50% | SL=69892.01
2026-02-10 19:55:20 - zone_v2_alerts - INFO - BREAKOUT | BACKTEST | zv2_BACKTEST_3 | DOWN | VA_BREAKOUT | entry=69360.00 | SL=69892.01 | TP=68827.99 | R=532.01
2026-02-10 19:55:20 - zone_v2_alerts - INFO - ZONE_BUILDING | BACKTEST | #4 | 02/10 05:44 - 02/10 05:51 | bars=8
2026-02-10 19:55:20 - zone_v2_alerts - INFO - ZONE_COMPLETE | BACKTEST | #zv2_BACKTEST_4 | 02/10 05:44 - 02/10 06:45 | bars=62 | range=68865.40-69465.20 | POC=69015.35 | VAH=69325.25 | VAL=68965.37
2026-02-10 19:55:20 - zone_v2_alerts - INFO - WIN | BACKTEST | zv2_BACKTEST_3 | DOWN | pnl=+1R
2026-02-10 19:55:20 - zone_v2_alerts - INFO - SL_MODE_POC | BACKTEST | POC=69015.35 | dist=231.25 | buffer=50% | SL=69130.98
2026-02-10 19:55:20 - zone_v2_alerts - INFO - BREAKOUT | BACKTEST | zv2_BACKTEST_4 | DOWN | VA_BREAKOUT | entry=68784.10 | SL=69130.98 | TP=68437.23 | R=346.88
2026-02-10 19:55:20 - zone_v2_alerts - INFO - ZONE_BUILDING | BACKTEST | #5 | 02/10 06:49 - 02/10 06:56 | bars=8
2026-02-10 19:55:20 - zone_v2_alerts - INFO - LOSS | BACKTEST | zv2_BACKTEST_4 | DOWN | pnl=-1R
2026-02-10 19:55:20 - zone_v2_alerts - INFO - ZONE_COMPLETE | BACKTEST | #zv2_BACKTEST_5 | 02/10 06:49 - 02/10 08:15 | bars=87 | range=68707.30-69173.20 | POC=68916.96 | VAH=69080.02 | VAL=68831.54
2026-02-10 19:55:20 - zone_v2_alerts - INFO - SL_MODE_POC | BACKTEST | POC=68916.96 | dist=184.06 | buffer=50% | SL=69008.98
2026-02-10 19:55:20 - zone_v2_alerts - INFO - BREAKOUT | BACKTEST | zv2_BACKTEST_5 | DOWN | VA_BREAKOUT | entry=68732.90 | SL=69008.98 | TP=68456.82 | R=276.08
2026-02-10 19:55:20 - zone_v2_alerts - INFO - LOSS | BACKTEST | zv2_BACKTEST_5 | DOWN | pnl=-1R
2026-02-10 19:55:20 - zone_v2_alerts - INFO - ZONE_BUILDING | BACKTEST | #6 | 02/10 08:26 - 02/10 08:33 | bars=8
2026-02-10 19:55:20 - zone_v2_alerts - INFO - ZONE_COMPLETE | BACKTEST | #zv2_BACKTEST_6 | 02/10 08:26 - 02/10 10:24 | bars=119 | range=68796.00-69385.20 | POC=69120.06 | VAH=69267.36 | VAL=68972.76
2026-02-10 19:55:20 - zone_v2_alerts - INFO - ZONE_BUILDING | BACKTEST | #7 | 02/10 10:26 - 02/10 10:33 | bars=8
2026-02-10 19:55:20 - zone_v2_alerts - INFO - SL_MODE_POC | BACKTEST | POC=69120.06 | dist=148.96 | buffer=50% | SL=69194.54
2026-02-10 19:55:20 - zone_v2_alerts - INFO - BREAKOUT | BACKTEST | zv2_BACKTEST_6 | DOWN | VA_BREAKOUT | entry=68971.10 | SL=69194.54 | TP=68747.66 | R=223.44
2026-02-10 19:55:20 - zone_v2_alerts - INFO - ZONE_COMPLETE | BACKTEST | #zv2_BACKTEST_7 | 02/10 10:26 - 02/10 11:00 | bars=35 | range=68846.20-69215.30 | POC=68987.69 | VAH=69030.75 | VAL=68883.11
2026-02-10 19:55:20 - zone_v2_alerts - INFO - SL_MODE_POC | BACKTEST | POC=68987.69 | dist=137.69 | buffer=50% | SL=69056.53
2026-02-10 19:55:20 - zone_v2_alerts - INFO - BLOCKED_SEQUENTIAL | BACKTEST | zv2_BACKTEST_7 | DOWN | open_trades=1
2026-02-10 19:55:20 - zone_v2_alerts - INFO - ZONE_BUILDING | BACKTEST | #8 | 02/10 11:02 - 02/10 11:09 | bars=8
2026-02-10 19:55:20 - zone_v2_alerts - INFO - ZONE_COMPLETE | BACKTEST | #zv2_BACKTEST_8 | 02/10 11:02 - 02/10 11:41 | bars=40 | range=68801.00-69050.00 | POC=68946.25 | VAH=68991.90 | VAL=68842.50
2026-02-10 19:55:20 - zone_v2_alerts - INFO - WIN | BACKTEST | zv2_BACKTEST_6 | DOWN | pnl=+1R
2026-02-10 19:55:20 - zone_v2_alerts - INFO - SL_MODE_POC | BACKTEST | POC=68946.25 | dist=315.15 | buffer=50% | SL=69103.82
2026-02-10 19:55:20 - zone_v2_alerts - INFO - BREAKOUT | BACKTEST | zv2_BACKTEST_8 | DOWN | VA_BREAKOUT | entry=68631.10 | SL=69103.82 | TP=68158.38 | R=472.72
2026-02-10 19:55:20 - zone_v2_alerts - INFO - ZONE_BUILDING | BACKTEST | #9 | 02/10 11:59 - 02/10 12:06 | bars=8
2026-02-10 19:55:20 - zone_v2_alerts - INFO - ZONE_COMPLETE | BACKTEST | #zv2_BACKTEST_9 | 02/10 11:59 - 02/10 13:33 | bars=95 | range=68286.20-68986.90 | POC=68508.09 | VAH=68729.98 | VAL=68449.70
2026-02-10 19:55:20 - zone_v2_alerts - INFO - SL_MODE_POC | BACKTEST | POC=68508.09 | dist=395.71 | buffer=50% | SL=68310.23
2026-02-10 19:55:20 - zone_v2_alerts - INFO - BLOCKED_SEQUENTIAL | BACKTEST | zv2_BACKTEST_9 | UP | open_trades=1
2026-02-10 19:55:20 - zone_v2_alerts - INFO - ZONE_BUILDING | BACKTEST | #10 | 02/10 13:35 - 02/10 13:42 | bars=8
2026-02-10 19:55:20 - zone_v2_alerts - INFO - LOSS | BACKTEST | zv2_BACKTEST_8 | DOWN | pnl=-1R
2026-02-10 19:55:20 - zone_v2_alerts - INFO - ZONE_COMPLETE | BACKTEST | #zv2_BACKTEST_10 | 02/10 13:35 - 02/10 14:15 | bars=41 | range=68831.90-69185.00 | POC=68908.40 | VAH=69090.84 | VAL=68878.98
2026-02-10 19:55:20 - zone_v2_alerts - INFO - SL_MODE_POC | BACKTEST | POC=68908.40 | dist=597.60 | buffer=50% | SL=68609.61
2026-02-10 19:55:20 - zone_v2_alerts - INFO - BREAKOUT | BACKTEST | zv2_BACKTEST_10 | UP | VA_BREAKOUT | entry=69506.00 | SL=68609.61 | TP=70402.39 | R=896.39
2026-02-10 19:55:20 - zone_v2_alerts - INFO - LOSS | BACKTEST | zv2_BACKTEST_10 | UP | pnl=-1R
2026-02-10 19:55:20 - zone_v2_alerts - INFO - ZONE_BUILDING | BACKTEST | #11 | 02/10 14:59 - 02/10 15:06 | bars=8
2026-02-10 19:55:20 - zone_v2_alerts - INFO - ZONE_COMPLETE | BACKTEST | #zv2_BACKTEST_11 | 02/10 14:59 - 02/10 16:13 | bars=75 | range=68250.00-69481.60 | POC=69255.81 | VAH=69399.49 | VAL=68865.80
2026-02-10 19:55:20 - zone_v2_alerts - INFO - SL_MODE_POC | BACKTEST | POC=69255.81 | dist=291.19 | buffer=50% | SL=69110.21
2026-02-10 19:55:20 - zone_v2_alerts - INFO - BREAKOUT | BACKTEST | zv2_BACKTEST_11 | UP | VA_BREAKOUT | entry=69547.00 | SL=69110.21 | TP=69983.79 | R=436.79
2026-02-10 19:55:20 - zone_v2_alerts - INFO - ZONE_BUILDING | BACKTEST | #12 | 02/10 16:16 - 02/10 16:23 | bars=8
2026-02-10 19:55:20 - zone_v2_alerts - INFO - ZONE_COMPLETE | BACKTEST | #zv2_BACKTEST_12 | 02/10 16:16 - 02/10 18:20 | bars=125 | range=69224.70-69982.20 | POC=69388.82 | VAH=69754.95 | VAL=69300.45
2026-02-10 19:55:20 - zone_v2_alerts - INFO - SL_MODE_POC | BACKTEST | POC=69388.82 | dist=308.72 | buffer=50% | SL=69543.19
2026-02-10 19:55:20 - zone_v2_alerts - INFO - BLOCKED_SEQUENTIAL | BACKTEST | zv2_BACKTEST_12 | DOWN | open_trades=1
2026-02-10 19:55:20 - zone_v2_alerts - INFO - LOSS | BACKTEST | zv2_BACKTEST_11 | UP | pnl=-1R
2026-02-10 19:55:20 - zone_v2_alerts - INFO - ZONE_BUILDING | BACKTEST | #13 | 02/10 18:42 - 02/10 18:49 | bars=8
2026-02-10 19:55:20 - zone_v2_alerts - INFO - ZONE_COMPLETE | BACKTEST | #zv2_BACKTEST_13 | 02/10 18:42 - 02/10 19:36 | bars=55 | range=68565.00-69268.30 | POC=68811.15 | VAH=68963.54 | VAL=68682.22
2026-02-10 19:55:20 - zone_v2_alerts - INFO - SL_MODE_POC | BACKTEST | POC=68811.15 | dist=379.04 | buffer=50% | SL=68621.63
2026-02-10 19:55:20 - zone_v2_alerts - INFO - BREAKOUT | BACKTEST | zv2_BACKTEST_13 | UP | VA_BREAKOUT | entry=69190.20 | SL=68621.63 | TP=69758.77 | R=568.57
2026-02-10 19:55:20 - zone_v2_alerts - INFO - ZONE_BUILDING | BACKTEST | #14 | 02/10 19:38 - 02/10 19:45 | bars=8
2026-02-10 19:55:20 - zone_v2_alerts - INFO - LOSS | BACKTEST | zv2_BACKTEST_13 | UP | pnl=-1R
2026-02-10 19:55:20 - zone_v2_alerts - INFO - ZONE_COMPLETE | BACKTEST | #zv2_BACKTEST_14 | 02/10 19:38 - 02/10 21:30 | bars=113 | range=68509.40-69266.30 | POC=68799.54 | VAH=68963.54 | VAL=68635.55
2026-02-10 19:55:20 - zone_v2_alerts - INFO - SL_MODE_POC | BACKTEST | POC=68799.54 | dist=388.44 | buffer=50% | SL=68993.77
2026-02-10 19:55:20 - zone_v2_alerts - INFO - BREAKOUT | BACKTEST | zv2_BACKTEST_14 | DOWN | VA_BREAKOUT | entry=68411.10 | SL=68993.77 | TP=67828.43 | R=582.67
2026-02-10 19:55:20 - zone_v2_alerts - INFO - ZONE_BUILDING | BACKTEST | #15 | 02/10 21:34 - 02/10 21:41 | bars=8
2026-02-10 19:55:20 - zone_v2_alerts - INFO - LOSS | BACKTEST | zv2_BACKTEST_14 | DOWN | pnl=-1R
2026-02-10 19:55:20 - zone_v2_alerts - INFO - ZONE_COMPLETE | BACKTEST | #zv2_BACKTEST_15 | 02/10 21:34 - 02/11 00:25 | bars=172 | range=68315.00-69076.30 | POC=68622.55 | VAH=68834.30 | VAL=68551.97
2026-02-10 19:55:20 - zone_v2_alerts - INFO - SL_MODE_POC | BACKTEST | POC=68622.55 | dist=542.05 | buffer=50% | SL=68351.52
2026-02-10 19:55:20 - zone_v2_alerts - INFO - BREAKOUT | BACKTEST | zv2_BACKTEST_15 | UP | VA_BREAKOUT | entry=69164.60 | SL=68351.52 | TP=69977.68 | R=813.08
2026-02-10 19:55:20 - zone_v2_alerts - INFO - ZONE_BUILDING | BACKTEST | #16 | 02/11 00:29 - 02/11 00:36 | bars=8
2026-02-10 19:55:20 - zone_v2 - INFO - [BACKTEST] Warmup completado: 110 velas, ATR=110, SMA=110
2026-02-10 19:55:20 - zone_v2_alerts - INFO - ZONE_BUILDING | BACKTEST | #1 | 02/10 02:46 - 02/10 02:53 | bars=8
2026-02-10 19:55:20 - zone_v2_alerts - INFO - ZONE_COMPLETE | BACKTEST | #zv2_BACKTEST_1 | 02/10 02:46 - 02/10 03:04 | bars=19 | range=69962.30-70152.00 | POC=70079.28 | VAH=70133.03 | VAL=70044.50
2026-02-10 19:55:20 - zone_v2_alerts - INFO - SL_MODE_POC | BACKTEST | POC=70079.28 | dist=338.58 | buffer=50% | SL=70248.57
2026-02-10 19:55:20 - zone_v2_alerts - INFO - BREAKOUT | BACKTEST | zv2_BACKTEST_1 | DOWN | VA_BREAKOUT | entry=69740.70 | SL=70248.57 | TP=69232.83 | R=507.87
2026-02-10 19:55:20 - zone_v2_alerts - INFO - ZONE_BUILDING | BACKTEST | #2 | 02/10 03:08 - 02/10 03:15 | bars=8
2026-02-10 19:55:20 - zone_v2_alerts - INFO - ZONE_COMPLETE | BACKTEST | #zv2_BACKTEST_2 | 02/10 03:08 - 02/10 03:18 | bars=11 | range=69576.20-69876.20 | POC=69781.20 | VAH=69826.20 | VAL=69706.20
2026-02-10 19:55:20 - zone_v2_alerts - INFO - SL_MODE_POC | BACKTEST | POC=69781.20 | dist=176.40 | buffer=50% | SL=69869.40
2026-02-10 19:55:20 - zone_v2_alerts - INFO - BLOCKED_SEQUENTIAL | BACKTEST | zv2_BACKTEST_2 | DOWN | open_trades=1
2026-02-10 19:55:20 - zone_v2_alerts - INFO - ZONE_BUILDING | BACKTEST | #3 | 02/10 03:21 - 02/10 03:28 | bars=8
2026-02-10 19:55:20 - zone_v2_alerts - INFO - ZONE_COMPLETE | BACKTEST | #zv2_BACKTEST_3 | 02/10 03:21 - 02/10 03:29 | bars=9 | range=69436.90-69699.90 | POC=69599.08 | VAH=69656.07 | VAL=69498.27
2026-02-10 19:55:20 - zone_v2_alerts - INFO - WIN | BACKTEST | zv2_BACKTEST_1 | DOWN | pnl=+1R
2026-02-10 19:55:20 - zone_v2_alerts - INFO - SL_MODE_POC | BACKTEST | POC=69599.08 | dist=280.98 | buffer=50% | SL=69739.57
2026-02-10 19:55:20 - zone_v2_alerts - INFO - BREAKOUT | BACKTEST | zv2_BACKTEST_3 | DOWN | VA_BREAKOUT | entry=69318.10 | SL=69739.57 | TP=68896.63 | R=421.47
2026-02-10 19:55:20 - zone_v2_alerts - INFO - ZONE_BUILDING | BACKTEST | #4 | 02/10 03:34 - 02/10 03:41 | bars=8
2026-02-10 19:55:20 - zone_v2_alerts - INFO - LOSS | BACKTEST | zv2_BACKTEST_3 | DOWN | pnl=-1R
2026-02-10 19:55:20 - zone_v2_alerts - INFO - ZONE_COMPLETE | BACKTEST | #zv2_BACKTEST_4 | 02/10 03:34 - 02/10 05:42 | bars=129 | range=69251.30-69874.90 | POC=69698.21 | VAH=69750.18 | VAL=69396.81
2026-02-10 19:55:20 - zone_v2_alerts - INFO - SL_MODE_POC | BACKTEST | POC=69698.21 | dist=338.21 | buffer=50% | SL=69867.32
2026-02-10 19:55:20 - zone_v2_alerts - INFO - BREAKOUT | BACKTEST | zv2_BACKTEST_4 | DOWN | VA_BREAKOUT | entry=69360.00 | SL=69867.32 | TP=68852.68 | R=507.32
2026-02-10 19:55:20 - zone_v2_alerts - INFO - ZONE_BUILDING | BACKTEST | #5 | 02/10 05:51 - 02/10 05:58 | bars=8
2026-02-10 19:55:20 - zone_v2_alerts - INFO - ZONE_COMPLETE | BACKTEST | #zv2_BACKTEST_5 | 02/10 05:51 - 02/10 06:45 | bars=55 | range=68865.40-69465.20 | POC=69015.35 | VAH=69325.25 | VAL=68945.37
2026-02-10 19:55:20 - zone_v2_alerts - INFO - WIN | BACKTEST | zv2_BACKTEST_4 | DOWN | pnl=+1R
2026-02-10 19:55:20 - zone_v2_alerts - INFO - SL_MODE_POC | BACKTEST | POC=69015.35 | dist=231.25 | buffer=50% | SL=69130.98
2026-02-10 19:55:20 - zone_v2_alerts - INFO - BREAKOUT | BACKTEST | zv2_BACKTEST_5 | DOWN | VA_BREAKOUT | entry=68784.10 | SL=69130.98 | TP=68437.23 | R=346.88
2026-02-10 19:55:20 - zone_v2_alerts - INFO - ZONE_BUILDING | BACKTEST | #6 | 02/10 06:49 - 02/10 06:56 | bars=8
2026-02-10 19:55:20 - zone_v2_alerts - INFO - LOSS | BACKTEST | zv2_BACKTEST_5 | DOWN | pnl=-1R
2026-02-10 19:55:20 - zone_v2_alerts - INFO - ZONE_COMPLETE | BACKTEST | #zv2_BACKTEST_6 | 02/10 06:49 - 02/10 08:23 | bars=95 | range=68680.60-69173.20 | POC=68918.69 | VAH=69074.68 | VAL=68811.96
2026-02-10 19:55:20 - zone_v2_alerts - INFO - ZONE_BUILDING | BACKTEST | #7 | 02/10 08:25 - 02/10 08:32 | bars=8
2026-02-10 19:55:20 - zone_v2_alerts - INFO - SL_MODE_POC | BACKTEST | POC=68918.69 | dist=199.61 | buffer=50% | SL=68818.89
2026-02-10 19:55:20 - zone_v2_alerts - INFO - BREAKOUT | BACKTEST | zv2_BACKTEST_6 | UP | VA_BREAKOUT | entry=69118.30 | SL=68818.89 | TP=69417.71 | R=299.42
2026-02-10 19:55:20 - zone_v2_alerts - INFO - ZONE_COMPLETE | BACKTEST | #zv2_BACKTEST_7 | 02/10 08:25 - 02/10 11:00 | bars=156 | range=68796.00-69385.20 | POC=69080.78 | VAH=69247.72 | VAL=68953.12
2026-02-10 19:55:20 - zone_v2_alerts - INFO - LOSS | BACKTEST | zv2_BACKTEST_6 | UP | pnl=-1R
2026-02-10 19:55:20 - zone_v2_alerts - INFO - SL_MODE_POC | BACKTEST | POC=69080.78 | dist=230.78 | buffer=50% | SL=69196.17
2026-02-10 19:55:20 - zone_v2_alerts - INFO - BREAKOUT | BACKTEST | zv2_BACKTEST_7 | DOWN | VA_BREAKOUT | entry=68850.00 | SL=69196.17 | TP=68503.83 | R=346.17
2026-02-10 19:55:20 - zone_v2_alerts - INFO - ZONE_BUILDING | BACKTEST | #8 | 02/10 11:02 - 02/10 11:09 | bars=8
2026-02-10 19:55:20 - zone_v2_alerts - INFO - ZONE_COMPLETE | BACKTEST | #zv2_BACKTEST_8 | 02/10 11:02 - 02/10 11:41 | bars=40 | range=68801.00-69050.00 | POC=68946.25 | VAH=68991.90 | VAL=68842.50
2026-02-10 19:55:20 - zone_v2_alerts - INFO - SL_MODE_POC | BACKTEST | POC=68946.25 | dist=315.15 | buffer=50% | SL=69103.82
2026-02-10 19:55:20 - zone_v2_alerts - INFO - BLOCKED_SEQUENTIAL | BACKTEST | zv2_BACKTEST_8 | DOWN | open_trades=1
2026-02-10 19:55:20 - zone_v2_alerts - INFO - WIN | BACKTEST | zv2_BACKTEST_7 | DOWN | pnl=+1R
2026-02-10 19:55:20 - zone_v2_alerts - INFO - ZONE_BUILDING | BACKTEST | #9 | 02/10 12:00 - 02/10 12:07 | bars=8
2026-02-10 19:55:20 - zone_v2_alerts - INFO - ZONE_COMPLETE | BACKTEST | #zv2_BACKTEST_9 | 02/10 12:00 - 02/10 13:32 | bars=93 | range=68286.20-68878.00 | POC=68493.33 | VAH=68700.46 | VAL=68444.01
2026-02-10 19:55:20 - zone_v2_alerts - INFO - SL_MODE_POC | BACKTEST | POC=68493.33 | dist=415.67 | buffer=50% | SL=68285.49
2026-02-10 19:55:20 - zone_v2_alerts - INFO - BREAKOUT | BACKTEST | zv2_BACKTEST_9 | UP | VA_BREAKOUT | entry=68909.00 | SL=68285.49 | TP=69532.51 | R=623.50
2026-02-10 19:55:20 - zone_v2_alerts - INFO - ZONE_BUILDING | BACKTEST | #10 | 02/10 13:35 - 02/10 13:42 | bars=8
2026-02-10 19:55:20 - zone_v2_alerts - INFO - ZONE_COMPLETE | BACKTEST | #zv2_BACKTEST_10 | 02/10 13:35 - 02/10 14:15 | bars=41 | range=68831.90-69185.00 | POC=68908.40 | VAH=69090.84 | VAL=68878.98
2026-02-10 19:55:20 - zone_v2_alerts - INFO - SL_MODE_POC | BACKTEST | POC=68908.40 | dist=597.60 | buffer=50% | SL=68609.61
2026-02-10 19:55:20 - zone_v2_alerts - INFO - BLOCKED_SEQUENTIAL | BACKTEST | zv2_BACKTEST_10 | UP | open_trades=1
2026-02-10 19:55:20 - zone_v2_alerts - INFO - WIN | BACKTEST | zv2_BACKTEST_9 | UP | pnl=+1R
2026-02-10 19:55:20 - zone_v2_alerts - INFO - ZONE_BUILDING | BACKTEST | #11 | 02/10 15:09 - 02/10 15:16 | bars=8
2026-02-10 19:55:20 - zone_v2_alerts - INFO - ZONE_COMPLETE | BACKTEST | #zv2_BACKTEST_11 | 02/10 15:09 - 02/10 18:20 | bars=192 | range=68500.00-69982.20 | POC=69315.21 | VAH=69735.17 | VAL=69043.47
2026-02-10 19:55:20 - zone_v2_alerts - INFO - SL_MODE_POC | BACKTEST | POC=69315.21 | dist=334.11 | buffer=50% | SL=69482.27
2026-02-10 19:55:20 - zone_v2_alerts - INFO - BREAKOUT | BACKTEST | zv2_BACKTEST_11 | DOWN | VA_BREAKOUT | entry=68981.10 | SL=69482.27 | TP=68479.93 | R=501.17
2026-02-10 19:55:20 - zone_v2_alerts - INFO - ZONE_BUILDING | BACKTEST | #12 | 02/10 18:42 - 02/10 18:49 | bars=8
2026-02-10 19:55:20 - zone_v2_alerts - INFO - ZONE_COMPLETE | BACKTEST | #zv2_BACKTEST_12 | 02/10 18:42 - 02/10 21:30 | bars=169 | range=68509.40-69268.30 | POC=68800.31 | VAH=68964.74 | VAL=68661.18
2026-02-10 19:55:20 - zone_v2_alerts - INFO - WIN | BACKTEST | zv2_BACKTEST_11 | DOWN | pnl=+1R
2026-02-10 19:55:20 - zone_v2_alerts - INFO - SL_MODE_POC | BACKTEST | POC=68800.31 | dist=389.21 | buffer=50% | SL=68994.92
2026-02-10 19:55:20 - zone_v2_alerts - INFO - BREAKOUT | BACKTEST | zv2_BACKTEST_12 | DOWN | VA_BREAKOUT | entry=68411.10 | SL=68994.92 | TP=67827.28 | R=583.82
2026-02-10 19:55:20 - zone_v2_alerts - INFO - ZONE_BUILDING | BACKTEST | #13 | 02/10 21:34 - 02/10 21:41 | bars=8
2026-02-10 19:55:20 - zone_v2_alerts - INFO - LOSS | BACKTEST | zv2_BACKTEST_12 | DOWN | pnl=-1R
2026-02-10 19:55:20 - zone_v2_alerts - INFO - ZONE_COMPLETE | BACKTEST | #zv2_BACKTEST_13 | 02/10 21:34 - 02/11 00:25 | bars=172 | range=68315.00-69076.30 | POC=68606.83 | VAH=68873.29 | VAL=68543.39
2026-02-10 19:55:20 - zone_v2_alerts - INFO - SL_MODE_POC | BACKTEST | POC=68606.83 | dist=557.77 | buffer=50% | SL=68327.95
2026-02-10 19:55:20 - zone_v2_alerts - INFO - BREAKOUT | BACKTEST | zv2_BACKTEST_13 | UP | VA_BREAKOUT | entry=69164.60 | SL=68327.95 | TP=70001.25 | R=836.65
2026-02-10 19:55:20 - zone_v2_alerts - INFO - ZONE_BUILDING | BACKTEST | #14 | 02/11 00:29 - 02/11 00:36 | bars=8
2026-02-10 19:55:20 - zone_v2 - INFO - [BACKTEST] Warmup completado: 160 velas, ATR=160, SMA=160
2026-02-10 19:55:20 - zone_v2_alerts - INFO - ZONE_BUILDING | BACKTEST | #1 | 02/10 03:38 - 02/10 03:45 | bars=8
2026-02-10 19:55:20 - zone_v2_alerts - INFO - ZONE_COMPLETE | BACKTEST | #zv2_BACKTEST_1 | 02/10 03:38 - 02/10 05:42 | bars=125 | range=69251.30-69874.90 | POC=69698.21 | VAH=69750.18 | VAL=69417.59
2026-02-10 19:55:20 - zone_v2_alerts - INFO - SL_MODE_POC | BACKTEST | POC=69698.21 | dist=338.21 | buffer=50% | SL=69867.32
2026-02-10 19:55:20 - zone_v2_alerts - INFO - BREAKOUT | BACKTEST | zv2_BACKTEST_1 | DOWN | VA_BREAKOUT | entry=69360.00 | SL=69867.32 | TP=68852.68 | R=507.32
2026-02-10 19:55:20 - zone_v2_alerts - INFO - ZONE_BUILDING | BACKTEST | #2 | 02/10 05:44 - 02/10 05:51 | bars=8
2026-02-10 19:55:20 - zone_v2_alerts - INFO - ZONE_COMPLETE | BACKTEST | #zv2_BACKTEST_2 | 02/10 05:44 - 02/10 06:45 | bars=62 | range=68865.40-69465.20 | POC=69015.35 | VAH=69325.25 | VAL=68965.37
2026-02-10 19:55:20 - zone_v2_alerts - INFO - WIN | BACKTEST | zv2_BACKTEST_1 | DOWN | pnl=+1R
2026-02-10 19:55:20 - zone_v2_alerts - INFO - SL_MODE_POC | BACKTEST | POC=69015.35 | dist=231.25 | buffer=50% | SL=69130.98
2026-02-10 19:55:20 - zone_v2_alerts - INFO - BREAKOUT | BACKTEST | zv2_BACKTEST_2 | DOWN | VA_BREAKOUT | entry=68784.10 | SL=69130.98 | TP=68437.23 | R=346.88
2026-02-10 19:55:20 - zone_v2_alerts - INFO - LOSS | BACKTEST | zv2_BACKTEST_2 | DOWN | pnl=-1R
2026-02-10 19:55:20 - zone_v2_alerts - INFO - ZONE_BUILDING | BACKTEST | #3 | 02/10 07:05 - 02/10 07:12 | bars=8
2026-02-10 19:55:20 - zone_v2_alerts - INFO - ZONE_COMPLETE | BACKTEST | #zv2_BACKTEST_3 | 02/10 07:05 - 02/10 08:23 | bars=79 | range=68680.60-69173.20 | POC=68918.69 | VAH=69091.10 | VAL=68861.22
2026-02-10 19:55:20 - zone_v2_alerts - INFO - ZONE_BUILDING | BACKTEST | #4 | 02/10 08:25 - 02/10 08:32 | bars=8
2026-02-10 19:55:20 - zone_v2_alerts - INFO - SL_MODE_POC | BACKTEST | POC=68918.69 | dist=213.01 | buffer=50% | SL=68812.18
2026-02-10 19:55:20 - zone_v2_alerts - INFO - BREAKOUT | BACKTEST | zv2_BACKTEST_3 | UP | VA_BREAKOUT | entry=69131.70 | SL=68812.18 | TP=69451.21 | R=319.51
2026-02-10 19:55:20 - zone_v2_alerts - INFO - LOSS | BACKTEST | zv2_BACKTEST_3 | UP | pnl=-1R
2026-02-10 19:55:20 - zone_v2_alerts - INFO - ZONE_COMPLETE | BACKTEST | #zv2_BACKTEST_4 | 02/10 08:25 - 02/10 11:41 | bars=197 | range=68783.90-69385.20 | POC=68994.35 | VAH=69184.77 | VAL=68844.03
2026-02-10 19:55:20 - zone_v2_alerts - INFO - SL_MODE_POC | BACKTEST | POC=68994.35 | dist=363.25 | buffer=50% | SL=69175.98
2026-02-10 19:55:20 - zone_v2_alerts - INFO - BREAKOUT | BACKTEST | zv2_BACKTEST_4 | DOWN | VA_BREAKOUT | entry=68631.10 | SL=69175.98 | TP=68086.22 | R=544.88
2026-02-10 19:55:20 - zone_v2_alerts - INFO - ZONE_BUILDING | BACKTEST | #5 | 02/10 12:07 - 02/10 12:14 | bars=8
2026-02-10 19:55:20 - zone_v2_alerts - INFO - ZONE_COMPLETE | BACKTEST | #zv2_BACKTEST_5 | 02/10 12:07 - 02/10 13:32 | bars=86 | range=68286.20-68878.00 | POC=68493.33 | VAH=68661.01 | VAL=68424.29
2026-02-10 19:55:20 - zone_v2_alerts - INFO - SL_MODE_POC | BACKTEST | POC=68493.33 | dist=415.67 | buffer=50% | SL=68285.49
2026-02-10 19:55:20 - zone_v2_alerts - INFO - BLOCKED_SEQUENTIAL | BACKTEST | zv2_BACKTEST_5 | UP | open_trades=1
2026-02-10 19:55:20 - zone_v2_alerts - INFO - ZONE_BUILDING | BACKTEST | #6 | 02/10 13:35 - 02/10 13:42 | bars=8
2026-02-10 19:55:20 - zone_v2_alerts - INFO - LOSS | BACKTEST | zv2_BACKTEST_4 | DOWN | pnl=-1R
2026-02-10 19:55:20 - zone_v2_alerts - INFO - ZONE_COMPLETE | BACKTEST | #zv2_BACKTEST_6 | 02/10 13:35 - 02/10 14:15 | bars=41 | range=68831.90-69185.00 | POC=68908.40 | VAH=69090.84 | VAL=68878.98
2026-02-10 19:55:20 - zone_v2_alerts - INFO - SL_MODE_POC | BACKTEST | POC=68908.40 | dist=597.60 | buffer=50% | SL=68609.61
2026-02-10 19:55:20 - zone_v2_alerts - INFO - BREAKOUT | BACKTEST | zv2_BACKTEST_6 | UP | VA_BREAKOUT | entry=69506.00 | SL=68609.61 | TP=70402.39 | R=896.39
2026-02-10 19:55:20 - zone_v2_alerts - INFO - LOSS | BACKTEST | zv2_BACKTEST_6 | UP | pnl=-1R
2026-02-10 19:55:20 - zone_v2_alerts - INFO - ZONE_BUILDING | BACKTEST | #7 | 02/10 15:11 - 02/10 15:18 | bars=8
2026-02-10 19:55:20 - zone_v2_alerts - INFO - ZONE_COMPLETE | BACKTEST | #zv2_BACKTEST_7 | 02/10 15:11 - 02/10 15:25 | bars=15 | range=68500.00-69168.30 | POC=68934.40 | VAH=69168.30 | VAL=68700.49
2026-02-10 19:55:20 - zone_v2_alerts - INFO - SL_MODE_POC | BACKTEST | POC=68934.40 | dist=278.90 | buffer=50% | SL=68794.94
2026-02-10 19:55:20 - zone_v2_alerts - INFO - BREAKOUT | BACKTEST | zv2_BACKTEST_7 | UP | VA_BREAKOUT | entry=69213.30 | SL=68794.94 | TP=69631.66 | R=418.36
2026-02-10 19:55:20 - zone_v2_alerts - INFO - ZONE_BUILDING | BACKTEST | #8 | 02/10 15:27 - 02/10 15:34 | bars=8
2026-02-10 19:55:20 - zone_v2_alerts - INFO - ZONE_COMPLETE | BACKTEST | #zv2_BACKTEST_8 | 02/10 15:27 - 02/10 16:13 | bars=47 | range=68900.10-69481.60 | POC=69278.07 | VAH=69384.68 | VAL=69132.70
2026-02-10 19:55:20 - zone_v2_alerts - INFO - WIN | BACKTEST | zv2_BACKTEST_7 | UP | pnl=+1R
2026-02-10 19:55:20 - zone_v2_alerts - INFO - SL_MODE_POC | BACKTEST | POC=69278.07 | dist=268.93 | buffer=50% | SL=69143.61
2026-02-10 19:55:20 - zone_v2_alerts - INFO - BREAKOUT | BACKTEST | zv2_BACKTEST_8 | UP | VA_BREAKOUT | entry=69547.00 | SL=69143.61 | TP=69950.39 | R=403.39
2026-02-10 19:55:20 - zone_v2_alerts - INFO - ZONE_BUILDING | BACKTEST | #9 | 02/10 16:16 - 02/10 16:23 | bars=8
2026-02-10 19:55:20 - zone_v2_alerts - INFO - WIN | BACKTEST | zv2_BACKTEST_8 | UP | pnl=+1R
2026-02-10 19:55:20 - zone_v2_alerts - INFO - ZONE_COMPLETE | BACKTEST | #zv2_BACKTEST_9 | 02/10 16:16 - 02/10 18:24 | bars=129 | range=69178.60-69982.20 | POC=69379.50 | VAH=69767.91 | VAL=69285.75
2026-02-10 19:55:20 - zone_v2_alerts - INFO - SL_MODE_POC | BACKTEST | POC=69379.50 | dist=537.10 | buffer=50% | SL=69648.05
2026-02-10 19:55:20 - zone_v2_alerts - INFO - BREAKOUT | BACKTEST | zv2_BACKTEST_9 | DOWN | VA_BREAKOUT | entry=68842.40 | SL=69648.05 | TP=68036.75 | R=805.65
2026-02-10 19:55:20 - zone_v2_alerts - INFO - ZONE_BUILDING | BACKTEST | #10 | 02/10 18:40 - 02/10 18:47 | bars=8
2026-02-10 19:55:20 - zone_v2_alerts - INFO - ZONE_COMPLETE | BACKTEST | #zv2_BACKTEST_10 | 02/10 18:40 - 02/10 19:36 | bars=57 | range=68565.00-69268.30 | POC=68811.15 | VAH=68986.98 | VAL=68705.66
2026-02-10 19:55:20 - zone_v2_alerts - INFO - SL_MODE_POC | BACKTEST | POC=68811.15 | dist=379.04 | buffer=50% | SL=68621.63
2026-02-10 19:55:20 - zone_v2_alerts - INFO - BLOCKED_SEQUENTIAL | BACKTEST | zv2_BACKTEST_10 | UP | open_trades=1
2026-02-10 19:55:20 - zone_v2_alerts - INFO - ZONE_BUILDING | BACKTEST | #11 | 02/10 19:38 - 02/10 19:45 | bars=8
2026-02-10 19:55:20 - zone_v2_alerts - INFO - ZONE_COMPLETE | BACKTEST | #zv2_BACKTEST_11 | 02/10 19:38 - 02/10 21:30 | bars=113 | range=68509.40-69266.30 | POC=68799.54 | VAH=68963.54 | VAL=68635.55
2026-02-10 19:55:20 - zone_v2_alerts - INFO - SL_MODE_POC | BACKTEST | POC=68799.54 | dist=388.44 | buffer=50% | SL=68993.77
2026-02-10 19:55:20 - zone_v2_alerts - INFO - BLOCKED_SEQUENTIAL | BACKTEST | zv2_BACKTEST_11 | DOWN | open_trades=1
2026-02-10 19:55:20 - zone_v2_alerts - INFO - ZONE_BUILDING | BACKTEST | #12 | 02/10 21:34 - 02/10 21:41 | bars=8
2026-02-10 19:55:20 - zone_v2_alerts - INFO - ZONE_COMPLETE | BACKTEST | #zv2_BACKTEST_12 | 02/10 21:34 - 02/11 00:25 | bars=172 | range=68315.00-69076.30 | POC=68606.83 | VAH=68873.29 | VAL=68543.39
2026-02-10 19:55:20 - zone_v2_alerts - INFO - SL_MODE_POC | BACKTEST | POC=68606.83 | dist=557.77 | buffer=50% | SL=68327.95
2026-02-10 19:55:20 - zone_v2_alerts - INFO - BLOCKED_SEQUENTIAL | BACKTEST | zv2_BACKTEST_12 | UP | open_trades=1
2026-02-10 19:55:20 - zone_v2_alerts - INFO - ZONE_BUILDING | BACKTEST | #13 | 02/11 00:29 - 02/11 00:36 | bars=8
2026-02-10 19:55:20 - zone_v2 - INFO - [BACKTEST] Warmup completado: 210 velas, ATR=210, SMA=210
2026-02-10 19:55:20 - zone_v2_alerts - INFO - ZONE_BUILDING | BACKTEST | #1 | 02/10 04:26 - 02/10 04:33 | bars=8
2026-02-10 19:55:20 - zone_v2_alerts - INFO - ZONE_COMPLETE | BACKTEST | #zv2_BACKTEST_1 | 02/10 04:26 - 02/10 05:42 | bars=77 | range=69328.10-69874.90 | POC=69683.52 | VAH=69801.99 | VAL=69510.37
2026-02-10 19:55:20 - zone_v2_alerts - INFO - SL_MODE_POC | BACKTEST | POC=69683.52 | dist=323.52 | buffer=50% | SL=69845.28
2026-02-10 19:55:20 - zone_v2_alerts - INFO - BREAKOUT | BACKTEST | zv2_BACKTEST_1 | DOWN | VA_BREAKOUT | entry=69360.00 | SL=69845.28 | TP=68874.72 | R=485.28
2026-02-10 19:55:20 - zone_v2_alerts - INFO - ZONE_BUILDING | BACKTEST | #2 | 02/10 05:44 - 02/10 05:51 | bars=8
2026-02-10 19:55:20 - zone_v2_alerts - INFO - WIN | BACKTEST | zv2_BACKTEST_1 | DOWN | pnl=+1R
2026-02-10 19:55:20 - zone_v2_alerts - INFO - ZONE_COMPLETE | BACKTEST | #zv2_BACKTEST_2 | 02/10 05:44 - 02/10 06:45 | bars=62 | range=68865.40-69465.20 | POC=69015.35 | VAH=69325.25 | VAL=68965.37
2026-02-10 19:55:20 - zone_v2_alerts - INFO - SL_MODE_POC | BACKTEST | POC=69015.35 | dist=231.25 | buffer=50% | SL=69130.98
2026-02-10 19:55:20 - zone_v2_alerts - INFO - BREAKOUT | BACKTEST | zv2_BACKTEST_2 | DOWN | VA_BREAKOUT | entry=68784.10 | SL=69130.98 | TP=68437.23 | R=346.88
2026-02-10 19:55:20 - zone_v2_alerts - INFO - LOSS | BACKTEST | zv2_BACKTEST_2 | DOWN | pnl=-1R
2026-02-10 19:55:20 - zone_v2_alerts - INFO - ZONE_BUILDING | BACKTEST | #3 | 02/10 07:05 - 02/10 07:12 | bars=8
2026-02-10 19:55:20 - zone_v2_alerts - INFO - ZONE_COMPLETE | BACKTEST | #zv2_BACKTEST_3 | 02/10 07:05 - 02/10 08:23 | bars=79 | range=68680.60-69173.20 | POC=68918.69 | VAH=69091.10 | VAL=68861.22
2026-02-10 19:55:20 - zone_v2_alerts - INFO - ZONE_BUILDING | BACKTEST | #4 | 02/10 08:25 - 02/10 08:32 | bars=8
2026-02-10 19:55:20 - zone_v2_alerts - INFO - SL_MODE_POC | BACKTEST | POC=68918.69 | dist=213.01 | buffer=50% | SL=68812.18
2026-02-10 19:55:20 - zone_v2_alerts - INFO - BREAKOUT | BACKTEST | zv2_BACKTEST_3 | UP | VA_BREAKOUT | entry=69131.70 | SL=68812.18 | TP=69451.21 | R=319.51
2026-02-10 19:55:20 - zone_v2_alerts - INFO - LOSS | BACKTEST | zv2_BACKTEST_3 | UP | pnl=-1R
2026-02-10 19:55:20 - zone_v2_alerts - INFO - ZONE_COMPLETE | BACKTEST | #zv2_BACKTEST_4 | 02/10 08:25 - 02/10 11:41 | bars=197 | range=68783.90-69385.20 | POC=68994.35 | VAH=69184.77 | VAL=68844.03
2026-02-10 19:55:20 - zone_v2_alerts - INFO - SL_MODE_POC | BACKTEST | POC=68994.35 | dist=363.25 | buffer=50% | SL=69175.98
2026-02-10 19:55:20 - zone_v2_alerts - INFO - BREAKOUT | BACKTEST | zv2_BACKTEST_4 | DOWN | VA_BREAKOUT | entry=68631.10 | SL=69175.98 | TP=68086.22 | R=544.88
2026-02-10 19:55:20 - zone_v2_alerts - INFO - ZONE_BUILDING | BACKTEST | #5 | 02/10 12:07 - 02/10 12:14 | bars=8
2026-02-10 19:55:20 - zone_v2_alerts - INFO - ZONE_COMPLETE | BACKTEST | #zv2_BACKTEST_5 | 02/10 12:07 - 02/10 13:32 | bars=86 | range=68286.20-68878.00 | POC=68493.33 | VAH=68661.01 | VAL=68424.29
2026-02-10 19:55:20 - zone_v2_alerts - INFO - SL_MODE_POC | BACKTEST | POC=68493.33 | dist=415.67 | buffer=50% | SL=68285.49
2026-02-10 19:55:20 - zone_v2_alerts - INFO - BLOCKED_SEQUENTIAL | BACKTEST | zv2_BACKTEST_5 | UP | open_trades=1
2026-02-10 19:55:20 - zone_v2_alerts - INFO - ZONE_BUILDING | BACKTEST | #6 | 02/10 13:35 - 02/10 13:42 | bars=8
2026-02-10 19:55:20 - zone_v2_alerts - INFO - LOSS | BACKTEST | zv2_BACKTEST_4 | DOWN | pnl=-1R
2026-02-10 19:55:20 - zone_v2_alerts - INFO - ZONE_COMPLETE | BACKTEST | #zv2_BACKTEST_6 | 02/10 13:35 - 02/10 14:15 | bars=41 | range=68831.90-69185.00 | POC=68908.40 | VAH=69090.84 | VAL=68878.98
2026-02-10 19:55:20 - zone_v2_alerts - INFO - SL_MODE_POC | BACKTEST | POC=68908.40 | dist=597.60 | buffer=50% | SL=68609.61
2026-02-10 19:55:20 - zone_v2_alerts - INFO - BREAKOUT | BACKTEST | zv2_BACKTEST_6 | UP | VA_BREAKOUT | entry=69506.00 | SL=68609.61 | TP=70402.39 | R=896.39
2026-02-10 19:55:20 - zone_v2_alerts - INFO - LOSS | BACKTEST | zv2_BACKTEST_6 | UP | pnl=-1R
2026-02-10 19:55:20 - zone_v2_alerts - INFO - ZONE_BUILDING | BACKTEST | #7 | 02/10 15:28 - 02/10 15:35 | bars=8
2026-02-10 19:55:20 - zone_v2_alerts - INFO - ZONE_COMPLETE | BACKTEST | #zv2_BACKTEST_7 | 02/10 15:28 - 02/10 16:13 | bars=46 | range=68900.10-69481.60 | POC=69278.07 | VAH=69384.68 | VAL=69132.70
2026-02-10 19:55:20 - zone_v2_alerts - INFO - SL_MODE_POC | BACKTEST | POC=69278.07 | dist=268.93 | buffer=50% | SL=69143.61
2026-02-10 19:55:20 - zone_v2_alerts - INFO - BREAKOUT | BACKTEST | zv2_BACKTEST_7 | UP | VA_BREAKOUT | entry=69547.00 | SL=69143.61 | TP=69950.39 | R=403.39
2026-02-10 19:55:20 - zone_v2_alerts - INFO - ZONE_BUILDING | BACKTEST | #8 | 02/10 16:16 - 02/10 16:23 | bars=8
2026-02-10 19:55:20 - zone_v2_alerts - INFO - WIN | BACKTEST | zv2_BACKTEST_7 | UP | pnl=+1R
2026-02-10 19:55:20 - zone_v2_alerts - INFO - ZONE_COMPLETE | BACKTEST | #zv2_BACKTEST_8 | 02/10 16:16 - 02/10 18:25 | bars=130 | range=69080.00-69982.20 | POC=69335.62 | VAH=69771.69 | VAL=69290.51
2026-02-10 19:55:20 - zone_v2_alerts - INFO - SL_MODE_POC | BACKTEST | POC=69335.62 | dist=354.52 | buffer=50% | SL=69512.88
2026-02-10 19:55:20 - zone_v2_alerts - INFO - BREAKOUT | BACKTEST | zv2_BACKTEST_8 | DOWN | VA_BREAKOUT | entry=68981.10 | SL=69512.88 | TP=68449.32 | R=531.78
2026-02-10 19:55:20 - zone_v2_alerts - INFO - ZONE_BUILDING | BACKTEST | #9 | 02/10 18:30 - 02/10 18:37 | bars=8
2026-02-10 19:55:20 - zone_v2_alerts - INFO - ZONE_COMPLETE | BACKTEST | #zv2_BACKTEST_9 | 02/10 18:30 - 02/10 21:30 | bars=181 | range=68509.40-69268.30 | POC=68800.31 | VAH=68990.04 | VAL=68686.48
2026-02-10 19:55:20 - zone_v2_alerts - INFO - WIN | BACKTEST | zv2_BACKTEST_8 | DOWN | pnl=+1R
2026-02-10 19:55:20 - zone_v2_alerts - INFO - SL_MODE_POC | BACKTEST | POC=68800.31 | dist=389.21 | buffer=50% | SL=68994.92
2026-02-10 19:55:20 - zone_v2_alerts - INFO - BREAKOUT | BACKTEST | zv2_BACKTEST_9 | DOWN | VA_BREAKOUT | entry=68411.10 | SL=68994.92 | TP=67827.28 | R=583.82
2026-02-10 19:55:20 - zone_v2_alerts - INFO - ZONE_BUILDING | BACKTEST | #10 | 02/10 21:34 - 02/10 21:41 | bars=8
2026-02-10 19:55:20 - zone_v2_alerts - INFO - LOSS | BACKTEST | zv2_BACKTEST_9 | DOWN | pnl=-1R
2026-02-10 19:55:20 - zone_v2_alerts - INFO - ZONE_COMPLETE | BACKTEST | #zv2_BACKTEST_10 | 02/10 21:34 - 02/11 00:25 | bars=172 | range=68315.00-69076.30 | POC=68606.83 | VAH=68873.29 | VAL=68543.39
2026-02-10 19:55:20 - zone_v2_alerts - INFO - SL_MODE_POC | BACKTEST | POC=68606.83 | dist=557.77 | buffer=50% | SL=68327.95
2026-02-10 19:55:20 - zone_v2_alerts - INFO - BREAKOUT | BACKTEST | zv2_BACKTEST_10 | UP | VA_BREAKOUT | entry=69164.60 | SL=68327.95 | TP=70001.25 | R=836.65
2026-02-10 19:55:20 - zone_v2_alerts - INFO - ZONE_BUILDING | BACKTEST | #11 | 02/11 00:29 - 02/11 00:36 | bars=8
[BTCUSDT] [V2 OPTIMIZE] Progreso: 430/462 (65.0s)
2026-02-10 19:55:20 - zone_v2 - INFO - [BACKTEST] Warmup completado: 260 velas, ATR=260, SMA=260
2026-02-10 19:55:20 - zone_v2_alerts - INFO - ZONE_BUILDING | BACKTEST | #1 | 02/10 05:16 - 02/10 05:23 | bars=8
2026-02-10 19:55:20 - zone_v2_alerts - INFO - ZONE_COMPLETE | BACKTEST | #zv2_BACKTEST_1 | 02/10 05:16 - 02/10 05:42 | bars=27 | range=69328.10-69700.90 | POC=69545.57 | VAH=69638.77 | VAL=69439.94
2026-02-10 19:55:20 - zone_v2_alerts - INFO - SL_MODE_POC | BACKTEST | POC=69545.57 | dist=185.57 | buffer=50% | SL=69638.35
2026-02-10 19:55:20 - zone_v2_alerts - INFO - BREAKOUT | BACKTEST | zv2_BACKTEST_1 | DOWN | VA_BREAKOUT | entry=69360.00 | SL=69638.35 | TP=69081.65 | R=278.35
2026-02-10 19:55:20 - zone_v2_alerts - INFO - ZONE_BUILDING | BACKTEST | #2 | 02/10 05:44 - 02/10 05:51 | bars=8
2026-02-10 19:55:20 - zone_v2_alerts - INFO - WIN | BACKTEST | zv2_BACKTEST_1 | DOWN | pnl=+1R
2026-02-10 19:55:20 - zone_v2_alerts - INFO - ZONE_COMPLETE | BACKTEST | #zv2_BACKTEST_2 | 02/10 05:44 - 02/10 06:45 | bars=62 | range=68865.40-69465.20 | POC=69015.35 | VAH=69325.25 | VAL=68965.37
2026-02-10 19:55:20 - zone_v2_alerts - INFO - SL_MODE_POC | BACKTEST | POC=69015.35 | dist=231.25 | buffer=50% | SL=69130.98
2026-02-10 19:55:20 - zone_v2_alerts - INFO - BREAKOUT | BACKTEST | zv2_BACKTEST_2 | DOWN | VA_BREAKOUT | entry=68784.10 | SL=69130.98 | TP=68437.23 | R=346.88
2026-02-10 19:55:20 - zone_v2_alerts - INFO - LOSS | BACKTEST | zv2_BACKTEST_2 | DOWN | pnl=-1R
2026-02-10 19:55:20 - zone_v2_alerts - INFO - ZONE_BUILDING | BACKTEST | #3 | 02/10 07:05 - 02/10 07:12 | bars=8
2026-02-10 19:55:20 - zone_v2_alerts - INFO - ZONE_COMPLETE | BACKTEST | #zv2_BACKTEST_3 | 02/10 07:05 - 02/10 08:23 | bars=79 | range=68680.60-69173.20 | POC=68918.69 | VAH=69091.10 | VAL=68861.22
2026-02-10 19:55:20 - zone_v2_alerts - INFO - ZONE_BUILDING | BACKTEST | #4 | 02/10 08:25 - 02/10 08:32 | bars=8
2026-02-10 19:55:20 - zone_v2_alerts - INFO - SL_MODE_POC | BACKTEST | POC=68918.69 | dist=213.01 | buffer=50% | SL=68812.18
2026-02-10 19:55:20 - zone_v2_alerts - INFO - BREAKOUT | BACKTEST | zv2_BACKTEST_3 | UP | VA_BREAKOUT | entry=69131.70 | SL=68812.18 | TP=69451.21 | R=319.51
2026-02-10 19:55:20 - zone_v2_alerts - INFO - LOSS | BACKTEST | zv2_BACKTEST_3 | UP | pnl=-1R
2026-02-10 19:55:20 - zone_v2_alerts - INFO - ZONE_COMPLETE | BACKTEST | #zv2_BACKTEST_4 | 02/10 08:25 - 02/10 11:41 | bars=197 | range=68783.90-69385.20 | POC=68994.35 | VAH=69184.77 | VAL=68844.03
2026-02-10 19:55:20 - zone_v2_alerts - INFO - SL_MODE_POC | BACKTEST | POC=68994.35 | dist=363.25 | buffer=50% | SL=69175.98
2026-02-10 19:55:20 - zone_v2_alerts - INFO - BREAKOUT | BACKTEST | zv2_BACKTEST_4 | DOWN | VA_BREAKOUT | entry=68631.10 | SL=69175.98 | TP=68086.22 | R=544.88
2026-02-10 19:55:20 - zone_v2_alerts - INFO - ZONE_BUILDING | BACKTEST | #5 | 02/10 12:00 - 02/10 12:07 | bars=8
2026-02-10 19:55:20 - zone_v2_alerts - INFO - ZONE_COMPLETE | BACKTEST | #zv2_BACKTEST_5 | 02/10 12:00 - 02/10 13:31 | bars=92 | range=68286.20-68819.90 | POC=68490.79 | VAH=68677.58 | VAL=68428.52
2026-02-10 19:55:20 - zone_v2_alerts - INFO - SL_MODE_POC | BACKTEST | POC=68490.79 | dist=496.32 | buffer=50% | SL=68242.63
2026-02-10 19:55:20 - zone_v2_alerts - INFO - BLOCKED_SEQUENTIAL | BACKTEST | zv2_BACKTEST_5 | UP | open_trades=1
2026-02-10 19:55:20 - zone_v2_alerts - INFO - ZONE_BUILDING | BACKTEST | #6 | 02/10 13:35 - 02/10 13:42 | bars=8
2026-02-10 19:55:20 - zone_v2_alerts - INFO - LOSS | BACKTEST | zv2_BACKTEST_4 | DOWN | pnl=-1R
2026-02-10 19:55:20 - zone_v2_alerts - INFO - ZONE_COMPLETE | BACKTEST | #zv2_BACKTEST_6 | 02/10 13:35 - 02/10 14:15 | bars=41 | range=68831.90-69185.00 | POC=68908.40 | VAH=69090.84 | VAL=68878.98
2026-02-10 19:55:20 - zone_v2_alerts - INFO - SL_MODE_POC | BACKTEST | POC=68908.40 | dist=597.60 | buffer=50% | SL=68609.61
2026-02-10 19:55:20 - zone_v2_alerts - INFO - BREAKOUT | BACKTEST | zv2_BACKTEST_6 | UP | VA_BREAKOUT | entry=69506.00 | SL=68609.61 | TP=70402.39 | R=896.39
2026-02-10 19:55:20 - zone_v2_alerts - INFO - LOSS | BACKTEST | zv2_BACKTEST_6 | UP | pnl=-1R
2026-02-10 19:55:20 - zone_v2_alerts - INFO - ZONE_BUILDING | BACKTEST | #7 | 02/10 15:31 - 02/10 15:38 | bars=8
2026-02-10 19:55:20 - zone_v2_alerts - INFO - ZONE_COMPLETE | BACKTEST | #zv2_BACKTEST_7 | 02/10 15:31 - 02/10 16:13 | bars=43 | range=68900.10-69481.60 | POC=69278.07 | VAH=69404.07 | VAL=69132.70
2026-02-10 19:55:20 - zone_v2_alerts - INFO - SL_MODE_POC | BACKTEST | POC=69278.07 | dist=268.93 | buffer=50% | SL=69143.61
2026-02-10 19:55:20 - zone_v2_alerts - INFO - BREAKOUT | BACKTEST | zv2_BACKTEST_7 | UP | VA_BREAKOUT | entry=69547.00 | SL=69143.61 | TP=69950.39 | R=403.39
2026-02-10 19:55:20 - zone_v2_alerts - INFO - ZONE_BUILDING | BACKTEST | #8 | 02/10 16:16 - 02/10 16:23 | bars=8
2026-02-10 19:55:20 - zone_v2_alerts - INFO - WIN | BACKTEST | zv2_BACKTEST_7 | UP | pnl=+1R
2026-02-10 19:55:20 - zone_v2_alerts - INFO - ZONE_COMPLETE | BACKTEST | #zv2_BACKTEST_8 | 02/10 16:16 - 02/10 18:26 | bars=131 | range=68955.10-69982.20 | POC=69383.06 | VAH=69776.78 | VAL=69263.23
2026-02-10 19:55:20 - zone_v2_alerts - INFO - SL_MODE_POC | BACKTEST | POC=69383.06 | dist=515.16 | buffer=50% | SL=69640.64
2026-02-10 19:55:20 - zone_v2_alerts - INFO - BREAKOUT | BACKTEST | zv2_BACKTEST_8 | DOWN | VA_BREAKOUT | entry=68867.90 | SL=69640.64 | TP=68095.16 | R=772.74
2026-02-10 19:55:20 - zone_v2_alerts - INFO - ZONE_BUILDING | BACKTEST | #9 | 02/10 18:28 - 02/10 18:35 | bars=8
2026-02-10 19:55:20 - zone_v2_alerts - INFO - ZONE_COMPLETE | BACKTEST | #zv2_BACKTEST_9 | 02/10 18:28 - 02/10 21:30 | bars=183 | range=68509.40-69268.30 | POC=68800.31 | VAH=68990.04 | VAL=68686.48
2026-02-10 19:55:20 - zone_v2_alerts - INFO - SL_MODE_POC | BACKTEST | POC=68800.31 | dist=389.21 | buffer=50% | SL=68994.92
2026-02-10 19:55:20 - zone_v2_alerts - INFO - BLOCKED_SEQUENTIAL | BACKTEST | zv2_BACKTEST_9 | DOWN | open_trades=1
2026-02-10 19:55:20 - zone_v2_alerts - INFO - ZONE_BUILDING | BACKTEST | #10 | 02/10 21:34 - 02/10 21:41 | bars=8
2026-02-10 19:55:20 - zone_v2_alerts - INFO - ZONE_COMPLETE | BACKTEST | #zv2_BACKTEST_10 | 02/10 21:34 - 02/11 00:25 | bars=172 | range=68315.00-69076.30 | POC=68606.83 | VAH=68873.29 | VAL=68543.39
2026-02-10 19:55:20 - zone_v2_alerts - INFO - SL_MODE_POC | BACKTEST | POC=68606.83 | dist=557.77 | buffer=50% | SL=68327.95
2026-02-10 19:55:20 - zone_v2_alerts - INFO - BLOCKED_SEQUENTIAL | BACKTEST | zv2_BACKTEST_10 | UP | open_trades=1
2026-02-10 19:55:20 - zone_v2_alerts - INFO - ZONE_BUILDING | BACKTEST | #11 | 02/11 00:29 - 02/11 00:36 | bars=8
2026-02-10 19:55:20 - zone_v2 - INFO - [BACKTEST] Warmup completado: 310 velas, ATR=310, SMA=310
2026-02-10 19:55:20 - zone_v2_alerts - INFO - ZONE_BUILDING | BACKTEST | #1 | 02/10 06:06 - 02/10 06:13 | bars=8
2026-02-10 19:55:20 - zone_v2_alerts - INFO - ZONE_COMPLETE | BACKTEST | #zv2_BACKTEST_1 | 02/10 06:06 - 02/10 06:45 | bars=40 | range=68865.40-69465.20 | POC=69015.35 | VAH=69265.27 | VAL=68945.37
2026-02-10 19:55:20 - zone_v2_alerts - INFO - SL_MODE_POC | BACKTEST | POC=69015.35 | dist=231.25 | buffer=50% | SL=69130.98
2026-02-10 19:55:20 - zone_v2_alerts - INFO - BREAKOUT | BACKTEST | zv2_BACKTEST_1 | DOWN | VA_BREAKOUT | entry=68784.10 | SL=69130.98 | TP=68437.23 | R=346.88
2026-02-10 19:55:20 - zone_v2_alerts - INFO - LOSS | BACKTEST | zv2_BACKTEST_1 | DOWN | pnl=-1R
2026-02-10 19:55:20 - zone_v2_alerts - INFO - ZONE_BUILDING | BACKTEST | #2 | 02/10 07:05 - 02/10 07:12 | bars=8
2026-02-10 19:55:20 - zone_v2_alerts - INFO - ZONE_COMPLETE | BACKTEST | #zv2_BACKTEST_2 | 02/10 07:05 - 02/10 08:23 | bars=79 | range=68680.60-69173.20 | POC=68918.69 | VAH=69091.10 | VAL=68861.22
2026-02-10 19:55:20 - zone_v2_alerts - INFO - ZONE_BUILDING | BACKTEST | #3 | 02/10 08:25 - 02/10 08:32 | bars=8
2026-02-10 19:55:20 - zone_v2_alerts - INFO - SL_MODE_POC | BACKTEST | POC=68918.69 | dist=213.01 | buffer=50% | SL=68812.18
2026-02-10 19:55:20 - zone_v2_alerts - INFO - BREAKOUT | BACKTEST | zv2_BACKTEST_2 | UP | VA_BREAKOUT | entry=69131.70 | SL=68812.18 | TP=69451.21 | R=319.51
2026-02-10 19:55:20 - zone_v2_alerts - INFO - LOSS | BACKTEST | zv2_BACKTEST_2 | UP | pnl=-1R
2026-02-10 19:55:20 - zone_v2_alerts - INFO - ZONE_COMPLETE | BACKTEST | #zv2_BACKTEST_3 | 02/10 08:25 - 02/10 11:41 | bars=197 | range=68783.90-69385.20 | POC=68994.35 | VAH=69184.77 | VAL=68844.03
2026-02-10 19:55:20 - zone_v2_alerts - INFO - SL_MODE_POC | BACKTEST | POC=68994.35 | dist=363.25 | buffer=50% | SL=69175.98
2026-02-10 19:55:20 - zone_v2_alerts - INFO - BREAKOUT | BACKTEST | zv2_BACKTEST_3 | DOWN | VA_BREAKOUT | entry=68631.10 | SL=69175.98 | TP=68086.22 | R=544.88
2026-02-10 19:55:20 - zone_v2_alerts - INFO - ZONE_BUILDING | BACKTEST | #4 | 02/10 12:00 - 02/10 12:07 | bars=8
2026-02-10 19:55:20 - zone_v2_alerts - INFO - ZONE_COMPLETE | BACKTEST | #zv2_BACKTEST_4 | 02/10 12:00 - 02/10 13:31 | bars=92 | range=68286.20-68819.90 | POC=68490.79 | VAH=68677.58 | VAL=68428.52
2026-02-10 19:55:20 - zone_v2_alerts - INFO - SL_MODE_POC | BACKTEST | POC=68490.79 | dist=496.32 | buffer=50% | SL=68242.63
2026-02-10 19:55:20 - zone_v2_alerts - INFO - BLOCKED_SEQUENTIAL | BACKTEST | zv2_BACKTEST_4 | UP | open_trades=1
2026-02-10 19:55:20 - zone_v2_alerts - INFO - ZONE_BUILDING | BACKTEST | #5 | 02/10 13:35 - 02/10 13:42 | bars=8
2026-02-10 19:55:20 - zone_v2_alerts - INFO - LOSS | BACKTEST | zv2_BACKTEST_3 | DOWN | pnl=-1R
2026-02-10 19:55:20 - zone_v2_alerts - INFO - ZONE_COMPLETE | BACKTEST | #zv2_BACKTEST_5 | 02/10 13:35 - 02/10 14:15 | bars=41 | range=68831.90-69185.00 | POC=68908.40 | VAH=69090.84 | VAL=68878.98
2026-02-10 19:55:20 - zone_v2_alerts - INFO - SL_MODE_POC | BACKTEST | POC=68908.40 | dist=597.60 | buffer=50% | SL=68609.61
2026-02-10 19:55:20 - zone_v2_alerts - INFO - BREAKOUT | BACKTEST | zv2_BACKTEST_5 | UP | VA_BREAKOUT | entry=69506.00 | SL=68609.61 | TP=70402.39 | R=896.39
2026-02-10 19:55:20 - zone_v2_alerts - INFO - LOSS | BACKTEST | zv2_BACKTEST_5 | UP | pnl=-1R
2026-02-10 19:55:20 - zone_v2_alerts - INFO - ZONE_BUILDING | BACKTEST | #6 | 02/10 15:31 - 02/10 15:38 | bars=8
2026-02-10 19:55:20 - zone_v2_alerts - INFO - ZONE_COMPLETE | BACKTEST | #zv2_BACKTEST_6 | 02/10 15:31 - 02/10 16:13 | bars=43 | range=68900.10-69481.60 | POC=69278.07 | VAH=69404.07 | VAL=69132.70
2026-02-10 19:55:20 - zone_v2_alerts - INFO - SL_MODE_POC | BACKTEST | POC=69278.07 | dist=268.93 | buffer=50% | SL=69143.61
2026-02-10 19:55:20 - zone_v2_alerts - INFO - BREAKOUT | BACKTEST | zv2_BACKTEST_6 | UP | VA_BREAKOUT | entry=69547.00 | SL=69143.61 | TP=69950.39 | R=403.39
2026-02-10 19:55:20 - zone_v2_alerts - INFO - ZONE_BUILDING | BACKTEST | #7 | 02/10 16:17 - 02/10 16:24 | bars=8
2026-02-10 19:55:20 - zone_v2_alerts - INFO - WIN | BACKTEST | zv2_BACKTEST_6 | UP | pnl=+1R
2026-02-10 19:55:20 - zone_v2_alerts - INFO - ZONE_COMPLETE | BACKTEST | #zv2_BACKTEST_7 | 02/10 16:17 - 02/10 18:25 | bars=129 | range=69080.00-69982.20 | POC=69335.62 | VAH=69741.61 | VAL=69260.44
2026-02-10 19:55:20 - zone_v2_alerts - INFO - SL_MODE_POC | BACKTEST | POC=69335.62 | dist=354.52 | buffer=50% | SL=69512.88
2026-02-10 19:55:20 - zone_v2_alerts - INFO - BREAKOUT | BACKTEST | zv2_BACKTEST_7 | DOWN | VA_BREAKOUT | entry=68981.10 | SL=69512.88 | TP=68449.32 | R=531.78
2026-02-10 19:55:20 - zone_v2_alerts - INFO - ZONE_BUILDING | BACKTEST | #8 | 02/10 18:30 - 02/10 18:37 | bars=8
2026-02-10 19:55:20 - zone_v2_alerts - INFO - ZONE_COMPLETE | BACKTEST | #zv2_BACKTEST_8 | 02/10 18:30 - 02/10 21:30 | bars=181 | range=68509.40-69268.30 | POC=68800.31 | VAH=68990.04 | VAL=68686.48
2026-02-10 19:55:20 - zone_v2_alerts - INFO - WIN | BACKTEST | zv2_BACKTEST_7 | DOWN | pnl=+1R
2026-02-10 19:55:20 - zone_v2_alerts - INFO - SL_MODE_POC | BACKTEST | POC=68800.31 | dist=389.21 | buffer=50% | SL=68994.92
2026-02-10 19:55:20 - zone_v2_alerts - INFO - BREAKOUT | BACKTEST | zv2_BACKTEST_8 | DOWN | VA_BREAKOUT | entry=68411.10 | SL=68994.92 | TP=67827.28 | R=583.82
2026-02-10 19:55:20 - zone_v2_alerts - INFO - ZONE_BUILDING | BACKTEST | #9 | 02/10 21:34 - 02/10 21:41 | bars=8
2026-02-10 19:55:20 - zone_v2_alerts - INFO - LOSS | BACKTEST | zv2_BACKTEST_8 | DOWN | pnl=-1R
2026-02-10 19:55:20 - zone_v2_alerts - INFO - ZONE_COMPLETE | BACKTEST | #zv2_BACKTEST_9 | 02/10 21:34 - 02/11 00:25 | bars=172 | range=68315.00-69076.30 | POC=68606.83 | VAH=68873.29 | VAL=68543.39
2026-02-10 19:55:20 - zone_v2_alerts - INFO - SL_MODE_POC | BACKTEST | POC=68606.83 | dist=557.77 | buffer=50% | SL=68327.95
2026-02-10 19:55:20 - zone_v2_alerts - INFO - BREAKOUT | BACKTEST | zv2_BACKTEST_9 | UP | VA_BREAKOUT | entry=69164.60 | SL=68327.95 | TP=70001.25 | R=836.65
2026-02-10 19:55:20 - zone_v2_alerts - INFO - ZONE_BUILDING | BACKTEST | #10 | 02/11 00:28 - 02/11 00:35 | bars=8
2026-02-10 19:55:20 - zone_v2 - INFO - [BACKTEST] Warmup completado: 60 velas, ATR=60, SMA=60
2026-02-10 19:55:20 - zone_v2_alerts - INFO - ZONE_BUILDING | BACKTEST | #1 | 02/10 02:01 - 02/10 02:08 | bars=8
2026-02-10 19:55:20 - zone_v2_alerts - INFO - ZONE_COMPLETE | BACKTEST | #zv2_BACKTEST_1 | 02/10 02:01 - 02/10 03:04 | bars=64 | range=69953.80-70430.70 | POC=70088.92 | VAH=70224.04 | VAL=69953.80
2026-02-10 19:55:20 - zone_v2_alerts - INFO - SL_MODE_POC | BACKTEST | POC=70088.92 | dist=348.22 | buffer=50% | SL=70263.03
2026-02-10 19:55:20 - zone_v2_alerts - INFO - BREAKOUT | BACKTEST | zv2_BACKTEST_1 | DOWN | VA_BREAKOUT | entry=69740.70 | SL=70263.03 | TP=69218.37 | R=522.33
2026-02-10 19:55:20 - zone_v2_alerts - INFO - WIN | BACKTEST | zv2_BACKTEST_1 | DOWN | pnl=+1R
2026-02-10 19:55:20 - zone_v2_alerts - INFO - ZONE_BUILDING | BACKTEST | #2 | 02/10 03:50 - 02/10 03:57 | bars=8
2026-02-10 19:55:20 - zone_v2_alerts - INFO - ZONE_COMPLETE | BACKTEST | #zv2_BACKTEST_2 | 02/10 03:50 - 02/10 05:27 | bars=98 | range=69430.10-69874.90 | POC=69704.39 | VAH=69830.42 | VAL=69608.02
2026-02-10 19:55:20 - zone_v2_alerts - INFO - SL_MODE_POC | BACKTEST | POC=69704.39 | dist=275.29 | buffer=50% | SL=69842.04
2026-02-10 19:55:20 - zone_v2_alerts - INFO - BREAKOUT | BACKTEST | zv2_BACKTEST_2 | DOWN | VA_BREAKOUT | entry=69429.10 | SL=69842.04 | TP=69016.16 | R=412.94
2026-02-10 19:55:20 - zone_v2_alerts - INFO - ZONE_BUILDING | BACKTEST | #3 | 02/10 05:50 - 02/10 05:57 | bars=8
2026-02-10 19:55:20 - zone_v2_alerts - INFO - WIN | BACKTEST | zv2_BACKTEST_2 | DOWN | pnl=+1R
2026-02-10 19:55:20 - zone_v2_alerts - INFO - ZONE_COMPLETE | BACKTEST | #zv2_BACKTEST_3 | 02/10 05:50 - 02/10 06:45 | bars=56 | range=68865.40-69465.20 | POC=69015.35 | VAH=69325.25 | VAL=68965.37
2026-02-10 19:55:20 - zone_v2_alerts - INFO - SL_MODE_POC | BACKTEST | POC=69015.35 | dist=231.25 | buffer=50% | SL=69130.98
2026-02-10 19:55:20 - zone_v2_alerts - INFO - BREAKOUT | BACKTEST | zv2_BACKTEST_3 | DOWN | VA_BREAKOUT | entry=68784.10 | SL=69130.98 | TP=68437.23 | R=346.88
2026-02-10 19:55:20 - zone_v2_alerts - INFO - LOSS | BACKTEST | zv2_BACKTEST_3 | DOWN | pnl=-1R
2026-02-10 19:55:20 - zone_v2_alerts - INFO - ZONE_BUILDING | BACKTEST | #4 | 02/10 07:06 - 02/10 07:13 | bars=8
2026-02-10 19:55:20 - zone_v2_alerts - INFO - ZONE_COMPLETE | BACKTEST | #zv2_BACKTEST_4 | 02/10 07:06 - 02/10 08:14 | bars=69 | range=68778.50-69173.20 | POC=68916.65 | VAH=69067.95 | VAL=68883.75
2026-02-10 19:55:20 - zone_v2_alerts - INFO - SL_MODE_POC | BACKTEST | POC=68916.65 | dist=200.85 | buffer=50% | SL=69017.07
2026-02-10 19:55:20 - zone_v2_alerts - INFO - BREAKOUT | BACKTEST | zv2_BACKTEST_4 | DOWN | VA_BREAKOUT | entry=68715.80 | SL=69017.07 | TP=68414.53 | R=301.27
2026-02-10 19:55:20 - zone_v2_alerts - INFO - LOSS | BACKTEST | zv2_BACKTEST_4 | DOWN | pnl=-1R
2026-02-10 19:55:20 - zone_v2_alerts - INFO - ZONE_BUILDING | BACKTEST | #5 | 02/10 08:35 - 02/10 08:42 | bars=8
2026-02-10 19:55:20 - zone_v2_alerts - INFO - ZONE_COMPLETE | BACKTEST | #zv2_BACKTEST_5 | 02/10 08:35 - 02/10 11:00 | bars=146 | range=68796.00-69385.20 | POC=69120.06 | VAH=69267.36 | VAL=68953.12
2026-02-10 19:55:20 - zone_v2_alerts - INFO - SL_MODE_POC | BACKTEST | POC=69120.06 | dist=270.06 | buffer=50% | SL=69255.09
2026-02-10 19:55:20 - zone_v2_alerts - INFO - BREAKOUT | BACKTEST | zv2_BACKTEST_5 | DOWN | VA_BREAKOUT | entry=68850.00 | SL=69255.09 | TP=68444.91 | R=405.09
2026-02-10 19:55:20 - zone_v2_alerts - INFO - ZONE_BUILDING | BACKTEST | #6 | 02/10 11:02 - 02/10 11:09 | bars=8
[DRAWINGS] [OK] Loaded 6 shapes for BTCUSDT
2026-02-10 19:55:20 - zone_v2_alerts - INFO - ZONE_COMPLETE | BACKTEST | #zv2_BACKTEST_6 | 02/10 11:02 - 02/10 11:41 | bars=40 | range=68801.00-69050.00 | POC=68946.25 | VAH=68991.90 | VAL=68842.50
2026-02-10 19:55:20 - uvicorn.access - INFO - 127.0.0.1:64710 - "GET /api/drawings/BTCUSDT HTTP/1.1" 200
2026-02-10 19:55:20 - zone_v2_alerts - INFO - SL_MODE_POC | BACKTEST | POC=68946.25 | dist=315.15 | buffer=50% | SL=69103.82
2026-02-10 19:55:20 - zone_v2_alerts - INFO - BLOCKED_SEQUENTIAL | BACKTEST | zv2_BACKTEST_6 | DOWN | open_trades=1
2026-02-10 19:55:20 - zone_v2_alerts - INFO - WIN | BACKTEST | zv2_BACKTEST_5 | DOWN | pnl=+1R
2026-02-10 19:55:20 - zone_v2_alerts - INFO - ZONE_BUILDING | BACKTEST | #7 | 02/10 12:06 - 02/10 12:13 | bars=8
2026-02-10 19:55:20 - zone_v2_alerts - INFO - ZONE_COMPLETE | BACKTEST | #zv2_BACKTEST_7 | 02/10 12:06 - 02/10 13:32 | bars=87 | range=68286.20-68878.00 | POC=68493.33 | VAH=68661.01 | VAL=68424.29
2026-02-10 19:55:20 - zone_v2_alerts - INFO - SL_MODE_POC | BACKTEST | POC=68493.33 | dist=415.67 | buffer=50% | SL=68285.49
2026-02-10 19:55:20 - zone_v2_alerts - INFO - BREAKOUT | BACKTEST | zv2_BACKTEST_7 | UP | VA_BREAKOUT | entry=68909.00 | SL=68285.49 | TP=69532.51 | R=623.50
2026-02-10 19:55:20 - zone_v2_alerts - INFO - ZONE_BUILDING | BACKTEST | #8 | 02/10 13:35 - 02/10 13:42 | bars=8
2026-02-10 19:55:20 - zone_v2_alerts - INFO - ZONE_COMPLETE | BACKTEST | #zv2_BACKTEST_8 | 02/10 13:35 - 02/10 14:15 | bars=41 | range=68831.90-69185.00 | POC=68908.40 | VAH=69090.84 | VAL=68878.98
2026-02-10 19:55:20 - zone_v2_alerts - INFO - SL_MODE_POC | BACKTEST | POC=68908.40 | dist=597.60 | buffer=50% | SL=68609.61
2026-02-10 19:55:20 - zone_v2_alerts - INFO - BLOCKED_SEQUENTIAL | BACKTEST | zv2_BACKTEST_8 | UP | open_trades=1
2026-02-10 19:55:20 - zone_v2_alerts - INFO - WIN | BACKTEST | zv2_BACKTEST_7 | UP | pnl=+1R
2026-02-10 19:55:20 - zone_v2_alerts - INFO - ZONE_BUILDING | BACKTEST | #9 | 02/10 15:08 - 02/10 15:15 | bars=8
2026-02-10 19:55:20 - zone_v2_alerts - INFO - ZONE_COMPLETE | BACKTEST | #zv2_BACKTEST_9 | 02/10 15:08 - 02/10 16:13 | bars=66 | range=68500.00-69481.60 | POC=69268.92 | VAH=69383.44 | VAL=68958.08
2026-02-10 19:55:20 - zone_v2_alerts - INFO - SL_MODE_POC | BACKTEST | POC=69268.92 | dist=278.08 | buffer=50% | SL=69129.88
2026-02-10 19:55:20 - zone_v2_alerts - INFO - BREAKOUT | BACKTEST | zv2_BACKTEST_9 | UP | VA_BREAKOUT | entry=69547.00 | SL=69129.88 | TP=69964.12 | R=417.12
2026-02-10 19:55:20 - zone_v2_alerts - INFO - ZONE_BUILDING | BACKTEST | #10 | 02/10 16:16 - 02/10 16:23 | bars=8
2026-02-10 19:55:20 - zone_v2_alerts - INFO - WIN | BACKTEST | zv2_BACKTEST_9 | UP | pnl=+1R
2026-02-10 19:55:20 - zone_v2_alerts - INFO - ZONE_COMPLETE | BACKTEST | #zv2_BACKTEST_10 | 02/10 16:16 - 02/10 18:20 | bars=125 | range=69224.70-69982.20 | POC=69388.82 | VAH=69754.95 | VAL=69300.45
2026-02-10 19:55:20 - zone_v2_alerts - INFO - SL_MODE_POC | BACKTEST | POC=69388.82 | dist=308.72 | buffer=50% | SL=69543.19
2026-02-10 19:55:20 - zone_v2_alerts - INFO - BREAKOUT | BACKTEST | zv2_BACKTEST_10 | DOWN | VA_BREAKOUT | entry=69080.10 | SL=69543.19 | TP=68617.01 | R=463.09
2026-02-10 19:55:20 - zone_v2_alerts - INFO - WIN | BACKTEST | zv2_BACKTEST_10 | DOWN | pnl=+1R
2026-02-10 19:55:20 - zone_v2_alerts - INFO - ZONE_BUILDING | BACKTEST | #11 | 02/10 18:50 - 02/10 18:57 | bars=8
2026-02-10 19:55:20 - zone_v2_alerts - INFO - ZONE_COMPLETE | BACKTEST | #zv2_BACKTEST_11 | 02/10 18:50 - 02/10 19:34 | bars=45 | range=68650.00-69052.80 | POC=68817.83 | VAH=68918.53 | VAL=68743.99
2026-02-10 19:55:20 - zone_v2_alerts - INFO - SL_MODE_POC | BACKTEST | POC=68817.83 | dist=405.47 | buffer=50% | SL=68615.10
2026-02-10 19:55:20 - zone_v2_alerts - INFO - BREAKOUT | BACKTEST | zv2_BACKTEST_11 | UP | VA_BREAKOUT | entry=69223.30 | SL=68615.10 | TP=69831.50 | R=608.20
2026-02-10 19:55:20 - zone_v2_alerts - INFO - ZONE_BUILDING | BACKTEST | #12 | 02/10 19:38 - 02/10 19:45 | bars=8
2026-02-10 19:55:20 - zone_v2_alerts - INFO - ZONE_COMPLETE | BACKTEST | #zv2_BACKTEST_12 | 02/10 19:38 - 02/10 20:11 | bars=34 | range=68804.70-69266.30 | POC=69166.29 | VAH=69235.53 | VAL=69004.73
2026-02-10 19:55:20 - zone_v2_alerts - INFO - SL_MODE_POC | BACKTEST | POC=69166.29 | dist=441.59 | buffer=50% | SL=69387.08
2026-02-10 19:55:20 - zone_v2_alerts - INFO - BLOCKED_SEQUENTIAL | BACKTEST | zv2_BACKTEST_12 | DOWN | open_trades=1
2026-02-10 19:55:20 - zone_v2_alerts - INFO - ZONE_BUILDING | BACKTEST | #13 | 02/10 20:14 - 02/10 20:21 | bars=8
2026-02-10 19:55:20 - zone_v2_alerts - INFO - LOSS | BACKTEST | zv2_BACKTEST_11 | UP | pnl=-1R
2026-02-10 19:55:20 - zone_v2_alerts - INFO - ZONE_COMPLETE | BACKTEST | #zv2_BACKTEST_13 | 02/10 20:14 - 02/10 21:28 | bars=75 | range=68583.60-68978.70 | POC=68787.74 | VAH=68873.34 | VAL=68702.13
2026-02-10 19:55:20 - zone_v2_alerts - INFO - SL_MODE_POC | BACKTEST | POC=68787.74 | dist=393.34 | buffer=50% | SL=68984.40
2026-02-10 19:55:20 - zone_v2_alerts - INFO - BREAKOUT | BACKTEST | zv2_BACKTEST_13 | DOWN | VA_BREAKOUT | entry=68394.40 | SL=68984.40 | TP=67804.40 | R=590.00
2026-02-10 19:55:21 - zone_v2_alerts - INFO - ZONE_BUILDING | BACKTEST | #14 | 02/10 21:54 - 02/10 22:01 | bars=8
2026-02-10 19:55:21 - zone_v2_alerts - INFO - ZONE_COMPLETE | BACKTEST | #zv2_BACKTEST_14 | 02/10 21:54 - 02/11 00:18 | bars=145 | range=68471.30-68975.40 | POC=68630.93 | VAH=68807.37 | VAL=68572.12
2026-02-10 19:55:21 - zone_v2_alerts - INFO - LOSS | BACKTEST | zv2_BACKTEST_13 | DOWN | pnl=-1R
2026-02-10 19:55:21 - zone_v2_alerts - INFO - SL_MODE_POC | BACKTEST | POC=68630.93 | dist=355.77 | buffer=50% | SL=68453.05
2026-02-10 19:55:21 - zone_v2_alerts - INFO - BREAKOUT | BACKTEST | zv2_BACKTEST_14 | UP | VA_BREAKOUT | entry=68986.70 | SL=68453.05 | TP=69520.35 | R=533.65
2026-02-10 19:55:21 - zone_v2_alerts - INFO - ZONE_BUILDING | BACKTEST | #15 | 02/11 00:46 - 02/11 00:53 | bars=8
2026-02-10 19:55:21 - zone_v2 - INFO - [BACKTEST] Warmup completado: 110 velas, ATR=110, SMA=110
2026-02-10 19:55:21 - zone_v2_alerts - INFO - ZONE_BUILDING | BACKTEST | #1 | 02/10 02:51 - 02/10 02:58 | bars=8
2026-02-10 19:55:21 - zone_v2_alerts - INFO - ZONE_COMPLETE | BACKTEST | #zv2_BACKTEST_1 | 02/10 02:51 - 02/10 03:04 | bars=14 | range=69962.30-70152.00 | POC=70066.63 | VAH=70101.41 | VAL=70012.89
2026-02-10 19:55:21 - zone_v2_alerts - INFO - SL_MODE_POC | BACKTEST | POC=70066.63 | dist=325.93 | buffer=50% | SL=70229.60
2026-02-10 19:55:21 - zone_v2_alerts - INFO - BREAKOUT | BACKTEST | zv2_BACKTEST_1 | DOWN | VA_BREAKOUT | entry=69740.70 | SL=70229.60 | TP=69251.80 | R=488.90
2026-02-10 19:55:21 - zone_v2_alerts - INFO - WIN | BACKTEST | zv2_BACKTEST_1 | DOWN | pnl=+1R
2026-02-10 19:55:21 - zone_v2_alerts - INFO - ZONE_BUILDING | BACKTEST | #2 | 02/10 03:50 - 02/10 03:57 | bars=8
2026-02-10 19:55:21 - zone_v2_alerts - INFO - ZONE_COMPLETE | BACKTEST | #zv2_BACKTEST_2 | 02/10 03:50 - 02/10 05:31 | bars=102 | range=69371.00-69874.90 | POC=69698.54 | VAH=69841.31 | VAL=69589.36
2026-02-10 19:55:21 - zone_v2_alerts - INFO - SL_MODE_POC | BACKTEST | POC=69698.54 | dist=172.84 | buffer=50% | SL=69784.95
2026-02-10 19:55:21 - zone_v2_alerts - INFO - BREAKOUT | BACKTEST | zv2_BACKTEST_2 | DOWN | VA_BREAKOUT | entry=69525.70 | SL=69784.95 | TP=69266.45 | R=259.25
2026-02-10 19:55:21 - zone_v2_alerts - INFO - ZONE_BUILDING | BACKTEST | #3 | 02/10 05:33 - 02/10 05:40 | bars=8
2026-02-10 19:55:21 - zone_v2_alerts - INFO - ZONE_COMPLETE | BACKTEST | #zv2_BACKTEST_3 | 02/10 05:33 - 02/10 05:42 | bars=10 | range=69328.10-69665.50 | POC=69592.40 | VAH=69631.76 | VAL=69418.07
2026-02-10 19:55:21 - zone_v2_alerts - INFO - WIN | BACKTEST | zv2_BACKTEST_2 | DOWN | pnl=+1R
2026-02-10 19:55:21 - zone_v2_alerts - INFO - SL_MODE_POC | BACKTEST | POC=69592.40 | dist=232.40 | buffer=50% | SL=69708.60
2026-02-10 19:55:21 - zone_v2_alerts - INFO - BREAKOUT | BACKTEST | zv2_BACKTEST_3 | DOWN | VA_BREAKOUT | entry=69360.00 | SL=69708.60 | TP=69011.40 | R=348.60
2026-02-10 19:55:21 - zone_v2_alerts - INFO - ZONE_BUILDING | BACKTEST | #4 | 02/10 05:52 - 02/10 05:59 | bars=8
2026-02-10 19:55:21 - zone_v2_alerts - INFO - ZONE_COMPLETE | BACKTEST | #zv2_BACKTEST_4 | 02/10 05:52 - 02/10 06:21 | bars=30 | range=69117.50-69465.20 | POC=69297.15 | VAH=69418.84 | VAL=69268.17
2026-02-10 19:55:21 - zone_v2_alerts - INFO - SL_MODE_POC | BACKTEST | POC=69297.15 | dist=170.95 | buffer=50% | SL=69382.62
2026-02-10 19:55:21 - zone_v2_alerts - INFO - BLOCKED_SEQUENTIAL | BACKTEST | zv2_BACKTEST_4 | DOWN | open_trades=1
2026-02-10 19:55:21 - zone_v2_alerts - INFO - ZONE_BUILDING | BACKTEST | #5 | 02/10 06:24 - 02/10 06:31 | bars=8
2026-02-10 19:55:21 - zone_v2_alerts - INFO - WIN | BACKTEST | zv2_BACKTEST_3 | DOWN | pnl=+1R
2026-02-10 19:55:21 - zone_v2_alerts - INFO - ZONE_COMPLETE | BACKTEST | #zv2_BACKTEST_5 | 02/10 06:24 - 02/10 06:45 | bars=22 | range=68865.40-69259.50 | POC=69016.47 | VAH=69154.41 | VAL=68957.36
2026-02-10 19:55:21 - zone_v2_alerts - INFO - SL_MODE_POC | BACKTEST | POC=69016.47 | dist=232.37 | buffer=50% | SL=69132.66
2026-02-10 19:55:21 - zone_v2_alerts - INFO - BREAKOUT | BACKTEST | zv2_BACKTEST_5 | DOWN | VA_BREAKOUT | entry=68784.10 | SL=69132.66 | TP=68435.54 | R=348.56
2026-02-10 19:55:21 - zone_v2_alerts - INFO - LOSS | BACKTEST | zv2_BACKTEST_5 | DOWN | pnl=-1R
2026-02-10 19:55:21 - zone_v2_alerts - INFO - ZONE_BUILDING | BACKTEST | #6 | 02/10 07:08 - 02/10 07:15 | bars=8
2026-02-10 19:55:21 - zone_v2_alerts - INFO - ZONE_COMPLETE | BACKTEST | #zv2_BACKTEST_6 | 02/10 07:08 - 02/10 08:30 | bars=83 | range=68680.60-69173.20 | POC=68918.69 | VAH=69091.10 | VAL=68877.64
2026-02-10 19:55:21 - zone_v2_alerts - INFO - ZONE_BUILDING | BACKTEST | #7 | 02/10 08:32 - 02/10 08:39 | bars=8
2026-02-10 19:55:21 - zone_v2_alerts - INFO - SL_MODE_POC | BACKTEST | POC=68918.69 | dist=213.01 | buffer=50% | SL=68812.18
2026-02-10 19:55:21 - zone_v2_alerts - INFO - BREAKOUT | BACKTEST | zv2_BACKTEST_6 | UP | VA_BREAKOUT | entry=69131.70 | SL=68812.18 | TP=69451.21 | R=319.51
2026-02-10 19:55:21 - zone_v2_alerts - INFO - ZONE_COMPLETE | BACKTEST | #zv2_BACKTEST_7 | 02/10 08:32 - 02/10 09:03 | bars=32 | range=68796.00-69287.10 | POC=69066.10 | VAH=69254.36 | VAL=69025.18
2026-02-10 19:55:21 - zone_v2_alerts - INFO - ZONE_BUILDING | BACKTEST | #8 | 02/10 09:05 - 02/10 09:12 | bars=8
2026-02-10 19:55:21 - zone_v2_alerts - INFO - SL_MODE_POC | BACKTEST | POC=69066.10 | dist=233.79 | buffer=50% | SL=68949.21
2026-02-10 19:55:21 - zone_v2_alerts - INFO - BLOCKED_SEQUENTIAL | BACKTEST | zv2_BACKTEST_7 | UP | open_trades=1
2026-02-10 19:55:21 - zone_v2_alerts - INFO - ZONE_COMPLETE | BACKTEST | #zv2_BACKTEST_8 | 02/10 09:05 - 02/10 11:00 | bars=116 | range=68846.20-69385.20 | POC=69250.45 | VAH=69331.30 | VAL=69025.87
2026-02-10 19:55:21 - zone_v2_alerts - INFO - LOSS | BACKTEST | zv2_BACKTEST_6 | UP | pnl=-1R
2026-02-10 19:55:21 - zone_v2_alerts - INFO - SL_MODE_POC | BACKTEST | POC=69250.45 | dist=400.45 | buffer=50% | SL=69450.67
2026-02-10 19:55:21 - zone_v2_alerts - INFO - BREAKOUT | BACKTEST | zv2_BACKTEST_8 | DOWN | VA_BREAKOUT | entry=68850.00 | SL=69450.67 | TP=68249.33 | R=600.67
2026-02-10 19:55:21 - zone_v2_alerts - INFO - ZONE_BUILDING | BACKTEST | #9 | 02/10 11:02 - 02/10 11:09 | bars=8
2026-02-10 19:55:21 - zone_v2_alerts - INFO - ZONE_COMPLETE | BACKTEST | #zv2_BACKTEST_9 | 02/10 11:02 - 02/10 11:41 | bars=40 | range=68801.00-69050.00 | POC=68946.25 | VAH=68991.90 | VAL=68842.50
2026-02-10 19:55:21 - zone_v2_alerts - INFO - SL_MODE_POC | BACKTEST | POC=68946.25 | dist=315.15 | buffer=50% | SL=69103.82
2026-02-10 19:55:21 - zone_v2_alerts - INFO - BLOCKED_SEQUENTIAL | BACKTEST | zv2_BACKTEST_9 | DOWN | open_trades=1
2026-02-10 19:55:21 - zone_v2_alerts - INFO - ZONE_BUILDING | BACKTEST | #10 | 02/10 12:08 - 02/10 12:15 | bars=8
2026-02-10 19:55:21 - zone_v2_alerts - INFO - ZONE_COMPLETE | BACKTEST | #zv2_BACKTEST_10 | 02/10 12:08 - 02/10 13:31 | bars=84 | range=68286.20-68819.90 | POC=68490.79 | VAH=68659.79 | VAL=68428.52
2026-02-10 19:55:21 - zone_v2_alerts - INFO - SL_MODE_POC | BACKTEST | POC=68490.79 | dist=496.32 | buffer=50% | SL=68242.63
2026-02-10 19:55:21 - zone_v2_alerts - INFO - BLOCKED_SEQUENTIAL | BACKTEST | zv2_BACKTEST_10 | UP | open_trades=1
2026-02-10 19:55:21 - zone_v2_alerts - INFO - ZONE_BUILDING | BACKTEST | #11 | 02/10 13:35 - 02/10 13:42 | bars=8
2026-02-10 19:55:21 - zone_v2_alerts - INFO - ZONE_COMPLETE | BACKTEST | #zv2_BACKTEST_11 | 02/10 13:35 - 02/10 14:15 | bars=41 | range=68831.90-69185.00 | POC=68908.40 | VAH=69090.84 | VAL=68878.98
2026-02-10 19:55:21 - zone_v2_alerts - INFO - LOSS | BACKTEST | zv2_BACKTEST_8 | DOWN | pnl=-1R
2026-02-10 19:55:21 - zone_v2_alerts - INFO - SL_MODE_POC | BACKTEST | POC=68908.40 | dist=597.60 | buffer=50% | SL=68609.61
2026-02-10 19:55:21 - zone_v2_alerts - INFO - BREAKOUT | BACKTEST | zv2_BACKTEST_11 | UP | VA_BREAKOUT | entry=69506.00 | SL=68609.61 | TP=70402.39 | R=896.39
2026-02-10 19:55:21 - zone_v2_alerts - INFO - LOSS | BACKTEST | zv2_BACKTEST_11 | UP | pnl=-1R
2026-02-10 19:55:21 - zone_v2_alerts - INFO - ZONE_BUILDING | BACKTEST | #12 | 02/10 15:26 - 02/10 15:33 | bars=8
2026-02-10 19:55:21 - zone_v2_alerts - INFO - ZONE_COMPLETE | BACKTEST | #zv2_BACKTEST_12 | 02/10 15:26 - 02/10 18:20 | bars=175 | range=68900.10-69982.20 | POC=69350.98 | VAH=69657.57 | VAL=69116.52
2026-02-10 19:55:21 - zone_v2_alerts - INFO - SL_MODE_POC | BACKTEST | POC=69350.98 | dist=508.58 | buffer=50% | SL=69605.26
2026-02-10 19:55:21 - zone_v2_alerts - INFO - BREAKOUT | BACKTEST | zv2_BACKTEST_12 | DOWN | VA_BREAKOUT | entry=68842.40 | SL=69605.26 | TP=68079.54 | R=762.86
2026-02-10 19:55:21 - zone_v2_alerts - INFO - ZONE_BUILDING | BACKTEST | #13 | 02/10 18:50 - 02/10 18:57 | bars=8
2026-02-10 19:55:21 - zone_v2_alerts - INFO - ZONE_COMPLETE | BACKTEST | #zv2_BACKTEST_13 | 02/10 18:50 - 02/10 19:36 | bars=47 | range=68650.00-69268.30 | POC=68804.57 | VAH=68979.76 | VAL=68732.44
2026-02-10 19:55:21 - zone_v2_alerts - INFO - SL_MODE_POC | BACKTEST | POC=68804.57 | dist=385.62 | buffer=50% | SL=68611.76
2026-02-10 19:55:21 - zone_v2_alerts - INFO - BLOCKED_SEQUENTIAL | BACKTEST | zv2_BACKTEST_13 | UP | open_trades=1
2026-02-10 19:55:21 - zone_v2_alerts - INFO - ZONE_BUILDING | BACKTEST | #14 | 02/10 19:38 - 02/10 19:45 | bars=8
2026-02-10 19:55:21 - zone_v2_alerts - INFO - ZONE_COMPLETE | BACKTEST | #zv2_BACKTEST_14 | 02/10 19:38 - 02/10 21:30 | bars=113 | range=68509.40-69266.30 | POC=68799.54 | VAH=68963.54 | VAL=68635.55
2026-02-10 19:55:21 - zone_v2_alerts - INFO - SL_MODE_POC | BACKTEST | POC=68799.54 | dist=388.44 | buffer=50% | SL=68993.77
2026-02-10 19:55:21 - zone_v2_alerts - INFO - BLOCKED_SEQUENTIAL | BACKTEST | zv2_BACKTEST_14 | DOWN | open_trades=1
2026-02-10 19:55:21 - zone_v2_alerts - INFO - ZONE_BUILDING | BACKTEST | #15 | 02/10 21:54 - 02/10 22:01 | bars=8
2026-02-10 19:55:21 - zone_v2_alerts - INFO - ZONE_COMPLETE | BACKTEST | #zv2_BACKTEST_15 | 02/10 21:54 - 02/11 00:25 | bars=152 | range=68471.30-69076.30 | POC=68642.72 | VAH=68814.13 | VAL=68551.97
2026-02-10 19:55:21 - zone_v2_alerts - INFO - SL_MODE_POC | BACKTEST | POC=68642.72 | dist=521.88 | buffer=50% | SL=68381.78
2026-02-10 19:55:21 - zone_v2_alerts - INFO - BLOCKED_SEQUENTIAL | BACKTEST | zv2_BACKTEST_15 | UP | open_trades=1
2026-02-10 19:55:21 - zone_v2_alerts - INFO - ZONE_BUILDING | BACKTEST | #16 | 02/11 00:46 - 02/11 00:53 | bars=8
2026-02-10 19:55:21 - zone_v2 - INFO - [BACKTEST] Warmup completado: 160 velas, ATR=160, SMA=160
2026-02-10 19:55:21 - zone_v2_alerts - INFO - ZONE_BUILDING | BACKTEST | #1 | 02/10 03:50 - 02/10 03:57 | bars=8
2026-02-10 19:55:21 - zone_v2_alerts - INFO - ZONE_COMPLETE | BACKTEST | #zv2_BACKTEST_1 | 02/10 03:50 - 02/10 04:11 | bars=22 | range=69430.10-69736.30 | POC=69659.75 | VAH=69736.30 | VAL=69511.75
2026-02-10 19:55:21 - zone_v2_alerts - INFO - ZONE_BUILDING | BACKTEST | #2 | 02/10 04:13 - 02/10 04:20 | bars=8
2026-02-10 19:55:21 - zone_v2_alerts - INFO - SL_MODE_POC | BACKTEST | POC=69659.75 | dist=139.35 | buffer=50% | SL=69590.07
2026-02-10 19:55:21 - zone_v2_alerts - INFO - BREAKOUT | BACKTEST | zv2_BACKTEST_1 | UP | VA_BREAKOUT | entry=69799.10 | SL=69590.07 | TP=70008.13 | R=209.03
2026-02-10 19:55:21 - zone_v2_alerts - INFO - LOSS | BACKTEST | zv2_BACKTEST_1 | UP | pnl=-1R
2026-02-10 19:55:21 - zone_v2_alerts - INFO - ZONE_COMPLETE | BACKTEST | #zv2_BACKTEST_2 | 02/10 04:13 - 02/10 05:42 | bars=90 | range=69328.10-69874.90 | POC=69701.75 | VAH=69801.99 | VAL=69528.59
2026-02-10 19:55:21 - zone_v2_alerts - INFO - SL_MODE_POC | BACKTEST | POC=69701.75 | dist=341.75 | buffer=50% | SL=69872.62
2026-02-10 19:55:21 - zone_v2_alerts - INFO - BREAKOUT | BACKTEST | zv2_BACKTEST_2 | DOWN | VA_BREAKOUT | entry=69360.00 | SL=69872.62 | TP=68847.38 | R=512.62
2026-02-10 19:55:21 - zone_v2_alerts - INFO - ZONE_BUILDING | BACKTEST | #3 | 02/10 05:51 - 02/10 05:58 | bars=8
2026-02-10 19:55:21 - zone_v2_alerts - INFO - ZONE_COMPLETE | BACKTEST | #zv2_BACKTEST_3 | 02/10 05:51 - 02/10 06:21 | bars=31 | range=69117.50-69465.20 | POC=69297.15 | VAH=69418.84 | VAL=69256.58
2026-02-10 19:55:21 - zone_v2_alerts - INFO - SL_MODE_POC | BACKTEST | POC=69297.15 | dist=170.95 | buffer=50% | SL=69382.62
2026-02-10 19:55:21 - zone_v2_alerts - INFO - BLOCKED_SEQUENTIAL | BACKTEST | zv2_BACKTEST_3 | DOWN | open_trades=1
2026-02-10 19:55:21 - zone_v2_alerts - INFO - ZONE_BUILDING | BACKTEST | #4 | 02/10 06:24 - 02/10 06:31 | bars=8
2026-02-10 19:55:21 - zone_v2_alerts - INFO - ZONE_COMPLETE | BACKTEST | #zv2_BACKTEST_4 | 02/10 06:24 - 02/10 06:45 | bars=22 | range=68865.40-69259.50 | POC=69016.47 | VAH=69154.41 | VAL=68957.36
2026-02-10 19:55:21 - zone_v2_alerts - INFO - WIN | BACKTEST | zv2_BACKTEST_2 | DOWN | pnl=+1R
2026-02-10 19:55:21 - zone_v2_alerts - INFO - SL_MODE_POC | BACKTEST | POC=69016.47 | dist=232.37 | buffer=50% | SL=69132.66
2026-02-10 19:55:21 - zone_v2_alerts - INFO - BREAKOUT | BACKTEST | zv2_BACKTEST_4 | DOWN | VA_BREAKOUT | entry=68784.10 | SL=69132.66 | TP=68435.54 | R=348.56
2026-02-10 19:55:21 - zone_v2_alerts - INFO - LOSS | BACKTEST | zv2_BACKTEST_4 | DOWN | pnl=-1R
2026-02-10 19:55:21 - zone_v2_alerts - INFO - ZONE_BUILDING | BACKTEST | #5 | 02/10 07:10 - 02/10 07:17 | bars=8
2026-02-10 19:55:21 - zone_v2_alerts - INFO - ZONE_COMPLETE | BACKTEST | #zv2_BACKTEST_5 | 02/10 07:10 - 02/10 11:41 | bars=272 | range=68680.60-69385.20 | POC=68903.72 | VAH=69173.82 | VAL=68845.01
2026-02-10 19:55:21 - zone_v2_alerts - INFO - SL_MODE_POC | BACKTEST | POC=68903.72 | dist=272.62 | buffer=50% | SL=69040.03
2026-02-10 19:55:21 - zone_v2_alerts - INFO - BREAKOUT | BACKTEST | zv2_BACKTEST_5 | DOWN | VA_BREAKOUT | entry=68631.10 | SL=69040.03 | TP=68222.17 | R=408.93
2026-02-10 19:55:21 - zone_v2_alerts - INFO - ZONE_BUILDING | BACKTEST | #6 | 02/10 12:09 - 02/10 12:16 | bars=8
2026-02-10 19:55:21 - zone_v2_alerts - INFO - ZONE_COMPLETE | BACKTEST | #zv2_BACKTEST_6 | 02/10 12:09 - 02/10 12:44 | bars=36 | range=68505.40-68819.90 | POC=68604.99 | VAH=68704.58 | VAL=68526.37
2026-02-10 19:55:21 - zone_v2_alerts - INFO - ZONE_BUILDING | BACKTEST | #7 | 02/10 12:46 - 02/10 12:53 | bars=8
2026-02-10 19:55:21 - zone_v2_alerts - INFO - SL_MODE_POC | BACKTEST | POC=68604.99 | dist=125.19 | buffer=50% | SL=68667.59
2026-02-10 19:55:21 - zone_v2_alerts - INFO - BLOCKED_SEQUENTIAL | BACKTEST | zv2_BACKTEST_6 | DOWN | open_trades=1
2026-02-10 19:55:21 - zone_v2_alerts - INFO - ZONE_COMPLETE | BACKTEST | #zv2_BACKTEST_7 | 02/10 12:46 - 02/10 13:31 | bars=46 | range=68286.20-68768.00 | POC=68486.95 | VAH=68607.40 | VAL=68414.68
2026-02-10 19:55:21 - zone_v2_alerts - INFO - SL_MODE_POC | BACKTEST | POC=68486.95 | dist=500.15 | buffer=50% | SL=68236.88
2026-02-10 19:55:21 - zone_v2_alerts - INFO - BLOCKED_SEQUENTIAL | BACKTEST | zv2_BACKTEST_7 | UP | open_trades=1
2026-02-10 19:55:21 - zone_v2_alerts - INFO - ZONE_BUILDING | BACKTEST | #8 | 02/10 13:35 - 02/10 13:42 | bars=8
2026-02-10 19:55:21 - zone_v2_alerts - INFO - LOSS | BACKTEST | zv2_BACKTEST_5 | DOWN | pnl=-1R
2026-02-10 19:55:21 - zone_v2_alerts - INFO - ZONE_COMPLETE | BACKTEST | #zv2_BACKTEST_8 | 02/10 13:35 - 02/10 14:15 | bars=41 | range=68831.90-69185.00 | POC=68908.40 | VAH=69090.84 | VAL=68878.98
2026-02-10 19:55:21 - zone_v2_alerts - INFO - SL_MODE_POC | BACKTEST | POC=68908.40 | dist=597.60 | buffer=50% | SL=68609.61
2026-02-10 19:55:21 - zone_v2_alerts - INFO - BREAKOUT | BACKTEST | zv2_BACKTEST_8 | UP | VA_BREAKOUT | entry=69506.00 | SL=68609.61 | TP=70402.39 | R=896.39
2026-02-10 19:55:21 - zone_v2_alerts - INFO - LOSS | BACKTEST | zv2_BACKTEST_8 | UP | pnl=-1R
2026-02-10 19:55:21 - zone_v2_alerts - INFO - ZONE_BUILDING | BACKTEST | #9 | 02/10 15:31 - 02/10 15:38 | bars=8
2026-02-10 19:55:21 - zone_v2_alerts - INFO - ZONE_COMPLETE | BACKTEST | #zv2_BACKTEST_9 | 02/10 15:31 - 02/10 16:13 | bars=43 | range=68900.10-69481.60 | POC=69278.07 | VAH=69404.07 | VAL=69132.70
2026-02-10 19:55:21 - zone_v2_alerts - INFO - SL_MODE_POC | BACKTEST | POC=69278.07 | dist=268.93 | buffer=50% | SL=69143.61
2026-02-10 19:55:21 - zone_v2_alerts - INFO - BREAKOUT | BACKTEST | zv2_BACKTEST_9 | UP | VA_BREAKOUT | entry=69547.00 | SL=69143.61 | TP=69950.39 | R=403.39
2026-02-10 19:55:21 - zone_v2_alerts - INFO - ZONE_BUILDING | BACKTEST | #10 | 02/10 16:16 - 02/10 16:23 | bars=8
2026-02-10 19:55:21 - zone_v2_alerts - INFO - WIN | BACKTEST | zv2_BACKTEST_9 | UP | pnl=+1R
2026-02-10 19:55:21 - zone_v2_alerts - INFO - ZONE_COMPLETE | BACKTEST | #zv2_BACKTEST_10 | 02/10 16:16 - 02/10 18:20 | bars=125 | range=69224.70-69982.20 | POC=69388.82 | VAH=69754.95 | VAL=69300.45
2026-02-10 19:55:21 - zone_v2_alerts - INFO - SL_MODE_POC | BACKTEST | POC=69388.82 | dist=308.72 | buffer=50% | SL=69543.19
2026-02-10 19:55:21 - zone_v2_alerts - INFO - BREAKOUT | BACKTEST | zv2_BACKTEST_10 | DOWN | VA_BREAKOUT | entry=69080.10 | SL=69543.19 | TP=68617.01 | R=463.09
2026-02-10 19:55:21 - zone_v2_alerts - INFO - WIN | BACKTEST | zv2_BACKTEST_10 | DOWN | pnl=+1R
2026-02-10 19:55:21 - zone_v2_alerts - INFO - ZONE_BUILDING | BACKTEST | #11 | 02/10 18:49 - 02/10 18:56 | bars=8
2026-02-10 19:55:21 - zone_v2_alerts - INFO - ZONE_COMPLETE | BACKTEST | #zv2_BACKTEST_11 | 02/10 18:49 - 02/10 19:34 | bars=46 | range=68650.00-69052.80 | POC=68817.83 | VAH=68918.53 | VAL=68743.99
2026-02-10 19:55:21 - zone_v2_alerts - INFO - SL_MODE_POC | BACKTEST | POC=68817.83 | dist=405.47 | buffer=50% | SL=68615.10
2026-02-10 19:55:21 - zone_v2_alerts - INFO - BREAKOUT | BACKTEST | zv2_BACKTEST_11 | UP | VA_BREAKOUT | entry=69223.30 | SL=68615.10 | TP=69831.50 | R=608.20
2026-02-10 19:55:21 - zone_v2_alerts - INFO - ZONE_BUILDING | BACKTEST | #12 | 02/10 19:38 - 02/10 19:45 | bars=8
2026-02-10 19:55:21 - zone_v2_alerts - INFO - LOSS | BACKTEST | zv2_BACKTEST_11 | UP | pnl=-1R
2026-02-10 19:55:21 - zone_v2_alerts - INFO - ZONE_COMPLETE | BACKTEST | #zv2_BACKTEST_12 | 02/10 19:38 - 02/10 21:30 | bars=113 | range=68509.40-69266.30 | POC=68799.54 | VAH=68963.54 | VAL=68635.55
2026-02-10 19:55:21 - zone_v2_alerts - INFO - SL_MODE_POC | BACKTEST | POC=68799.54 | dist=388.44 | buffer=50% | SL=68993.77
2026-02-10 19:55:21 - zone_v2_alerts - INFO - BREAKOUT | BACKTEST | zv2_BACKTEST_12 | DOWN | VA_BREAKOUT | entry=68411.10 | SL=68993.77 | TP=67828.43 | R=582.67
2026-02-10 19:55:21 - zone_v2_alerts - INFO - ZONE_BUILDING | BACKTEST | #13 | 02/10 21:53 - 02/10 22:00 | bars=8
2026-02-10 19:55:21 - zone_v2_alerts - INFO - LOSS | BACKTEST | zv2_BACKTEST_12 | DOWN | pnl=-1R
2026-02-10 19:55:21 - zone_v2_alerts - INFO - ZONE_COMPLETE | BACKTEST | #zv2_BACKTEST_13 | 02/10 21:53 - 02/11 00:25 | bars=153 | range=68471.30-69076.30 | POC=68642.72 | VAH=68814.13 | VAL=68551.97
2026-02-10 19:55:21 - zone_v2_alerts - INFO - SL_MODE_POC | BACKTEST | POC=68642.72 | dist=521.88 | buffer=50% | SL=68381.78
2026-02-10 19:55:21 - zone_v2_alerts - INFO - BREAKOUT | BACKTEST | zv2_BACKTEST_13 | UP | VA_BREAKOUT | entry=69164.60 | SL=68381.78 | TP=69947.42 | R=782.82
2026-02-10 19:55:21 - zone_v2_alerts - INFO - ZONE_BUILDING | BACKTEST | #14 | 02/11 00:46 - 02/11 00:53 | bars=8
2026-02-10 19:55:21 - zone_v2 - INFO - [BACKTEST] Warmup completado: 210 velas, ATR=210, SMA=210
2026-02-10 19:55:21 - zone_v2_alerts - INFO - ZONE_BUILDING | BACKTEST | #1 | 02/10 04:31 - 02/10 04:38 | bars=8
2026-02-10 19:55:21 - zone_v2_alerts - INFO - ZONE_COMPLETE | BACKTEST | #zv2_BACKTEST_1 | 02/10 04:31 - 02/10 05:42 | bars=72 | range=69328.10-69874.90 | POC=69683.52 | VAH=69747.31 | VAL=69437.46
2026-02-10 19:55:21 - zone_v2_alerts - INFO - SL_MODE_POC | BACKTEST | POC=69683.52 | dist=323.52 | buffer=50% | SL=69845.28
2026-02-10 19:55:21 - zone_v2_alerts - INFO - BREAKOUT | BACKTEST | zv2_BACKTEST_1 | DOWN | VA_BREAKOUT | entry=69360.00 | SL=69845.28 | TP=68874.72 | R=485.28
2026-02-10 19:55:21 - zone_v2_alerts - INFO - ZONE_BUILDING | BACKTEST | #2 | 02/10 05:44 - 02/10 05:51 | bars=8
2026-02-10 19:55:21 - zone_v2_alerts - INFO - ZONE_COMPLETE | BACKTEST | #zv2_BACKTEST_2 | 02/10 05:44 - 02/10 06:21 | bars=38 | range=69117.50-69465.20 | POC=69320.32 | VAH=69407.25 | VAL=69233.40
2026-02-10 19:55:21 - zone_v2_alerts - INFO - SL_MODE_POC | BACKTEST | POC=69320.32 | dist=194.12 | buffer=50% | SL=69417.39
2026-02-10 19:55:21 - zone_v2_alerts - INFO - BLOCKED_SEQUENTIAL | BACKTEST | zv2_BACKTEST_2 | DOWN | open_trades=1
2026-02-10 19:55:21 - zone_v2_alerts - INFO - ZONE_BUILDING | BACKTEST | #3 | 02/10 06:24 - 02/10 06:31 | bars=8
2026-02-10 19:55:21 - zone_v2_alerts - INFO - WIN | BACKTEST | zv2_BACKTEST_1 | DOWN | pnl=+1R
2026-02-10 19:55:21 - zone_v2_alerts - INFO - ZONE_COMPLETE | BACKTEST | #zv2_BACKTEST_3 | 02/10 06:24 - 02/10 06:45 | bars=22 | range=68865.40-69259.50 | POC=69016.47 | VAH=69154.41 | VAL=68957.36
2026-02-10 19:55:21 - zone_v2_alerts - INFO - SL_MODE_POC | BACKTEST | POC=69016.47 | dist=232.37 | buffer=50% | SL=69132.66
2026-02-10 19:55:21 - zone_v2_alerts - INFO - BREAKOUT | BACKTEST | zv2_BACKTEST_3 | DOWN | VA_BREAKOUT | entry=68784.10 | SL=69132.66 | TP=68435.54 | R=348.56
2026-02-10 19:55:21 - zone_v2_alerts - INFO - LOSS | BACKTEST | zv2_BACKTEST_3 | DOWN | pnl=-1R
2026-02-10 19:55:21 - zone_v2_alerts - INFO - ZONE_BUILDING | BACKTEST | #4 | 02/10 07:11 - 02/10 07:18 | bars=8
2026-02-10 19:55:21 - zone_v2_alerts - INFO - ZONE_COMPLETE | BACKTEST | #zv2_BACKTEST_4 | 02/10 07:11 - 02/10 11:41 | bars=271 | range=68680.60-69385.20 | POC=68997.67 | VAH=69150.33 | VAL=68845.01
2026-02-10 19:55:21 - zone_v2_alerts - INFO - SL_MODE_POC | BACKTEST | POC=68997.67 | dist=366.57 | buffer=50% | SL=69180.95
2026-02-10 19:55:21 - zone_v2_alerts - INFO - BREAKOUT | BACKTEST | zv2_BACKTEST_4 | DOWN | VA_BREAKOUT | entry=68631.10 | SL=69180.95 | TP=68081.25 | R=549.85
2026-02-10 19:55:21 - zone_v2_alerts - INFO - ZONE_BUILDING | BACKTEST | #5 | 02/10 12:08 - 02/10 12:15 | bars=8
2026-02-10 19:55:21 - zone_v2_alerts - INFO - ZONE_COMPLETE | BACKTEST | #zv2_BACKTEST_5 | 02/10 12:08 - 02/10 12:44 | bars=37 | range=68505.40-68819.90 | POC=68625.96 | VAH=68715.07 | VAL=68536.85
2026-02-10 19:55:21 - zone_v2_alerts - INFO - ZONE_BUILDING | BACKTEST | #6 | 02/10 12:46 - 02/10 12:53 | bars=8
2026-02-10 19:55:21 - zone_v2_alerts - INFO - SL_MODE_POC | BACKTEST | POC=68625.96 | dist=146.16 | buffer=50% | SL=68699.04
2026-02-10 19:55:21 - zone_v2_alerts - INFO - BLOCKED_SEQUENTIAL | BACKTEST | zv2_BACKTEST_5 | DOWN | open_trades=1
2026-02-10 19:55:21 - zone_v2_alerts - INFO - ZONE_COMPLETE | BACKTEST | #zv2_BACKTEST_6 | 02/10 12:46 - 02/10 13:31 | bars=46 | range=68286.20-68768.00 | POC=68486.95 | VAH=68607.40 | VAL=68414.68
2026-02-10 19:55:21 - zone_v2_alerts - INFO - SL_MODE_POC | BACKTEST | POC=68486.95 | dist=500.15 | buffer=50% | SL=68236.88
2026-02-10 19:55:21 - zone_v2_alerts - INFO - BLOCKED_SEQUENTIAL | BACKTEST | zv2_BACKTEST_6 | UP | open_trades=1
2026-02-10 19:55:21 - zone_v2_alerts - INFO - ZONE_BUILDING | BACKTEST | #7 | 02/10 13:35 - 02/10 13:42 | bars=8
2026-02-10 19:55:21 - zone_v2_alerts - INFO - LOSS | BACKTEST | zv2_BACKTEST_4 | DOWN | pnl=-1R
2026-02-10 19:55:21 - zone_v2_alerts - INFO - ZONE_COMPLETE | BACKTEST | #zv2_BACKTEST_7 | 02/10 13:35 - 02/10 14:15 | bars=41 | range=68831.90-69185.00 | POC=68908.40 | VAH=69090.84 | VAL=68878.98
2026-02-10 19:55:21 - zone_v2_alerts - INFO - SL_MODE_POC | BACKTEST | POC=68908.40 | dist=597.60 | buffer=50% | SL=68609.61
2026-02-10 19:55:21 - zone_v2_alerts - INFO - BREAKOUT | BACKTEST | zv2_BACKTEST_7 | UP | VA_BREAKOUT | entry=69506.00 | SL=68609.61 | TP=70402.39 | R=896.39
2026-02-10 19:55:21 - zone_v2_alerts - INFO - LOSS | BACKTEST | zv2_BACKTEST_7 | UP | pnl=-1R
2026-02-10 19:55:21 - zone_v2_alerts - INFO - ZONE_BUILDING | BACKTEST | #8 | 02/10 15:31 - 02/10 15:38 | bars=8
2026-02-10 19:55:21 - zone_v2_alerts - INFO - ZONE_COMPLETE | BACKTEST | #zv2_BACKTEST_8 | 02/10 15:31 - 02/10 16:13 | bars=43 | range=68900.10-69481.60 | POC=69278.07 | VAH=69404.07 | VAL=69132.70
2026-02-10 19:55:21 - zone_v2_alerts - INFO - SL_MODE_POC | BACKTEST | POC=69278.07 | dist=268.93 | buffer=50% | SL=69143.61
2026-02-10 19:55:21 - zone_v2_alerts - INFO - BREAKOUT | BACKTEST | zv2_BACKTEST_8 | UP | VA_BREAKOUT | entry=69547.00 | SL=69143.61 | TP=69950.39 | R=403.39
2026-02-10 19:55:21 - zone_v2_alerts - INFO - ZONE_BUILDING | BACKTEST | #9 | 02/10 16:16 - 02/10 16:23 | bars=8
2026-02-10 19:55:21 - zone_v2_alerts - INFO - WIN | BACKTEST | zv2_BACKTEST_8 | UP | pnl=+1R
2026-02-10 19:55:21 - zone_v2_alerts - INFO - ZONE_COMPLETE | BACKTEST | #zv2_BACKTEST_9 | 02/10 16:16 - 02/10 18:24 | bars=129 | range=69178.60-69982.20 | POC=69379.50 | VAH=69767.91 | VAL=69285.75
2026-02-10 19:55:21 - zone_v2_alerts - INFO - SL_MODE_POC | BACKTEST | POC=69379.50 | dist=537.10 | buffer=50% | SL=69648.05
2026-02-10 19:55:21 - zone_v2_alerts - INFO - BREAKOUT | BACKTEST | zv2_BACKTEST_9 | DOWN | VA_BREAKOUT | entry=68842.40 | SL=69648.05 | TP=68036.75 | R=805.65
2026-02-10 19:55:21 - zone_v2_alerts - INFO - ZONE_BUILDING | BACKTEST | #10 | 02/10 18:48 - 02/10 18:55 | bars=8
2026-02-10 19:55:21 - zone_v2_alerts - INFO - ZONE_COMPLETE | BACKTEST | #zv2_BACKTEST_10 | 02/10 18:48 - 02/10 19:36 | bars=49 | range=68619.00-69268.30 | POC=68802.97 | VAH=68943.65 | VAL=68683.93
2026-02-10 19:55:21 - zone_v2_alerts - INFO - SL_MODE_POC | BACKTEST | POC=68802.97 | dist=387.23 | buffer=50% | SL=68609.35
2026-02-10 19:55:21 - zone_v2_alerts - INFO - BLOCKED_SEQUENTIAL | BACKTEST | zv2_BACKTEST_10 | UP | open_trades=1
2026-02-10 19:55:21 - zone_v2_alerts - INFO - ZONE_BUILDING | BACKTEST | #11 | 02/10 19:38 - 02/10 19:45 | bars=8
2026-02-10 19:55:21 - zone_v2_alerts - INFO - ZONE_COMPLETE | BACKTEST | #zv2_BACKTEST_11 | 02/10 19:38 - 02/10 21:30 | bars=113 | range=68509.40-69266.30 | POC=68799.54 | VAH=68963.54 | VAL=68635.55
2026-02-10 19:55:21 - zone_v2_alerts - INFO - SL_MODE_POC | BACKTEST | POC=68799.54 | dist=388.44 | buffer=50% | SL=68993.77
2026-02-10 19:55:21 - zone_v2_alerts - INFO - BLOCKED_SEQUENTIAL | BACKTEST | zv2_BACKTEST_11 | DOWN | open_trades=1
2026-02-10 19:55:21 - zone_v2_alerts - INFO - ZONE_BUILDING | BACKTEST | #12 | 02/10 21:34 - 02/10 21:41 | bars=8
2026-02-10 19:55:21 - zone_v2_alerts - INFO - ZONE_COMPLETE | BACKTEST | #zv2_BACKTEST_12 | 02/10 21:34 - 02/11 00:25 | bars=172 | range=68315.00-69076.30 | POC=68606.83 | VAH=68873.29 | VAL=68543.39
2026-02-10 19:55:21 - zone_v2_alerts - INFO - SL_MODE_POC | BACKTEST | POC=68606.83 | dist=557.77 | buffer=50% | SL=68327.95
2026-02-10 19:55:21 - zone_v2_alerts - INFO - BLOCKED_SEQUENTIAL | BACKTEST | zv2_BACKTEST_12 | UP | open_trades=1
2026-02-10 19:55:21 - zone_v2_alerts - INFO - ZONE_BUILDING | BACKTEST | #13 | 02/11 00:46 - 02/11 00:53 | bars=8
2026-02-10 19:55:21 - zone_v2 - INFO - [BACKTEST] Warmup completado: 260 velas, ATR=260, SMA=260
2026-02-10 19:55:21 - zone_v2_alerts - INFO - ZONE_BUILDING | BACKTEST | #1 | 02/10 05:21 - 02/10 05:28 | bars=8
2026-02-10 19:55:21 - zone_v2_alerts - INFO - ZONE_COMPLETE | BACKTEST | #zv2_BACKTEST_1 | 02/10 05:21 - 02/10 05:42 | bars=22 | range=69328.10-69665.50 | POC=69547.41 | VAH=69620.51 | VAL=69440.57
2026-02-10 19:55:21 - zone_v2_alerts - INFO - SL_MODE_POC | BACKTEST | POC=69547.41 | dist=187.41 | buffer=50% | SL=69641.12
2026-02-10 19:55:21 - zone_v2_alerts - INFO - BREAKOUT | BACKTEST | zv2_BACKTEST_1 | DOWN | VA_BREAKOUT | entry=69360.00 | SL=69641.12 | TP=69078.88 | R=281.12
2026-02-10 19:55:21 - zone_v2_alerts - INFO - ZONE_BUILDING | BACKTEST | #2 | 02/10 05:51 - 02/10 05:58 | bars=8
2026-02-10 19:55:21 - zone_v2_alerts - INFO - ZONE_COMPLETE | BACKTEST | #zv2_BACKTEST_2 | 02/10 05:51 - 02/10 06:21 | bars=31 | range=69117.50-69465.20 | POC=69297.15 | VAH=69418.84 | VAL=69256.58
2026-02-10 19:55:21 - zone_v2_alerts - INFO - WIN | BACKTEST | zv2_BACKTEST_1 | DOWN | pnl=+1R
2026-02-10 19:55:21 - zone_v2_alerts - INFO - SL_MODE_POC | BACKTEST | POC=69297.15 | dist=170.95 | buffer=50% | SL=69382.62
2026-02-10 19:55:21 - zone_v2_alerts - INFO - BREAKOUT | BACKTEST | zv2_BACKTEST_2 | DOWN | VA_BREAKOUT | entry=69126.20 | SL=69382.62 | TP=68869.78 | R=256.42
2026-02-10 19:55:21 - zone_v2_alerts - INFO - ZONE_BUILDING | BACKTEST | #3 | 02/10 06:24 - 02/10 06:31 | bars=8
2026-02-10 19:55:21 - zone_v2_alerts - INFO - WIN | BACKTEST | zv2_BACKTEST_2 | DOWN | pnl=+1R
2026-02-10 19:55:21 - zone_v2_alerts - INFO - ZONE_COMPLETE | BACKTEST | #zv2_BACKTEST_3 | 02/10 06:24 - 02/10 06:45 | bars=22 | range=68865.40-69259.50 | POC=69016.47 | VAH=69154.41 | VAL=68957.36
2026-02-10 19:55:21 - zone_v2_alerts - INFO - SL_MODE_POC | BACKTEST | POC=69016.47 | dist=232.37 | buffer=50% | SL=69132.66
2026-02-10 19:55:21 - zone_v2_alerts - INFO - BREAKOUT | BACKTEST | zv2_BACKTEST_3 | DOWN | VA_BREAKOUT | entry=68784.10 | SL=69132.66 | TP=68435.54 | R=348.56
2026-02-10 19:55:21 - zone_v2_alerts - INFO - LOSS | BACKTEST | zv2_BACKTEST_3 | DOWN | pnl=-1R
2026-02-10 19:55:21 - zone_v2_alerts - INFO - ZONE_BUILDING | BACKTEST | #4 | 02/10 07:10 - 02/10 07:17 | bars=8
2026-02-10 19:55:21 - zone_v2_alerts - INFO - ZONE_COMPLETE | BACKTEST | #zv2_BACKTEST_4 | 02/10 07:10 - 02/10 08:23 | bars=74 | range=68680.60-69173.20 | POC=68918.69 | VAH=69074.68 | VAL=68844.80
2026-02-10 19:55:21 - zone_v2_alerts - INFO - ZONE_BUILDING | BACKTEST | #5 | 02/10 08:32 - 02/10 08:39 | bars=8
2026-02-10 19:55:21 - zone_v2_alerts - INFO - SL_MODE_POC | BACKTEST | POC=68918.69 | dist=199.61 | buffer=50% | SL=68818.89
2026-02-10 19:55:21 - zone_v2_alerts - INFO - BREAKOUT | BACKTEST | zv2_BACKTEST_4 | UP | VA_BREAKOUT | entry=69118.30 | SL=68818.89 | TP=69417.71 | R=299.42
2026-02-10 19:55:21 - zone_v2_alerts - INFO - LOSS | BACKTEST | zv2_BACKTEST_4 | UP | pnl=-1R
2026-02-10 19:55:21 - zone_v2_alerts - INFO - ZONE_COMPLETE | BACKTEST | #zv2_BACKTEST_5 | 02/10 08:32 - 02/10 11:41 | bars=190 | range=68783.90-69385.20 | POC=69094.57 | VAH=69204.81 | VAL=68844.03
2026-02-10 19:55:21 - zone_v2_alerts - INFO - SL_MODE_POC | BACKTEST | POC=69094.57 | dist=463.47 | buffer=50% | SL=69326.31
2026-02-10 19:55:21 - zone_v2_alerts - INFO - BREAKOUT | BACKTEST | zv2_BACKTEST_5 | DOWN | VA_BREAKOUT | entry=68631.10 | SL=69326.31 | TP=67935.89 | R=695.21
2026-02-10 19:55:21 - zone_v2_alerts - INFO - ZONE_BUILDING | BACKTEST | #6 | 02/10 12:07 - 02/10 12:14 | bars=8
2026-02-10 19:55:21 - zone_v2_alerts - INFO - ZONE_COMPLETE | BACKTEST | #zv2_BACKTEST_6 | 02/10 12:07 - 02/10 12:44 | bars=38 | range=68505.40-68819.90 | POC=68625.96 | VAH=68715.07 | VAL=68536.85
2026-02-10 19:55:21 - zone_v2_alerts - INFO - ZONE_BUILDING | BACKTEST | #7 | 02/10 12:46 - 02/10 12:53 | bars=8
2026-02-10 19:55:21 - zone_v2_alerts - INFO - SL_MODE_POC | BACKTEST | POC=68625.96 | dist=146.16 | buffer=50% | SL=68699.04
2026-02-10 19:55:21 - zone_v2_alerts - INFO - BLOCKED_SEQUENTIAL | BACKTEST | zv2_BACKTEST_6 | DOWN | open_trades=1
2026-02-10 19:55:21 - zone_v2_alerts - INFO - ZONE_COMPLETE | BACKTEST | #zv2_BACKTEST_7 | 02/10 12:46 - 02/10 13:31 | bars=46 | range=68286.20-68768.00 | POC=68486.95 | VAH=68607.40 | VAL=68414.68
2026-02-10 19:55:21 - zone_v2_alerts - INFO - SL_MODE_POC | BACKTEST | POC=68486.95 | dist=500.15 | buffer=50% | SL=68236.88
2026-02-10 19:55:21 - zone_v2_alerts - INFO - BLOCKED_SEQUENTIAL | BACKTEST | zv2_BACKTEST_7 | UP | open_trades=1
2026-02-10 19:55:21 - zone_v2_alerts - INFO - ZONE_BUILDING | BACKTEST | #8 | 02/10 13:52 - 02/10 13:59 | bars=8
2026-02-10 19:55:21 - zone_v2_alerts - INFO - ZONE_COMPLETE | BACKTEST | #zv2_BACKTEST_8 | 02/10 13:52 - 02/10 14:15 | bars=24 | range=68831.90-69185.00 | POC=69084.96 | VAH=69185.00 | VAL=68961.37
2026-02-10 19:55:21 - zone_v2_alerts - INFO - LOSS | BACKTEST | zv2_BACKTEST_5 | DOWN | pnl=-1R
2026-02-10 19:55:21 - zone_v2_alerts - INFO - SL_MODE_POC | BACKTEST | POC=69084.96 | dist=421.04 | buffer=50% | SL=68874.43
2026-02-10 19:55:21 - zone_v2_alerts - INFO - BREAKOUT | BACKTEST | zv2_BACKTEST_8 | UP | VA_BREAKOUT | entry=69506.00 | SL=68874.43 | TP=70137.57 | R=631.57
2026-02-10 19:55:21 - zone_v2_alerts - INFO - LOSS | BACKTEST | zv2_BACKTEST_8 | UP | pnl=-1R
2026-02-10 19:55:21 - zone_v2_alerts - INFO - ZONE_BUILDING | BACKTEST | #9 | 02/10 15:47 - 02/10 15:54 | bars=8
2026-02-10 19:55:21 - zone_v2_alerts - INFO - ZONE_COMPLETE | BACKTEST | #zv2_BACKTEST_9 | 02/10 15:47 - 02/10 16:13 | bars=27 | range=68900.10-69390.50 | POC=69235.21 | VAH=69374.15 | VAL=69079.91
2026-02-10 19:55:21 - zone_v2_alerts - INFO - SL_MODE_POC | BACKTEST | POC=69235.21 | dist=311.79 | buffer=50% | SL=69079.31
2026-02-10 19:55:21 - zone_v2_alerts - INFO - BREAKOUT | BACKTEST | zv2_BACKTEST_9 | UP | VA_BREAKOUT | entry=69547.00 | SL=69079.31 | TP=70014.69 | R=467.69
2026-02-10 19:55:21 - zone_v2_alerts - INFO - ZONE_BUILDING | BACKTEST | #10 | 02/10 16:16 - 02/10 16:23 | bars=8
2026-02-10 19:55:21 - zone_v2_alerts - INFO - ZONE_COMPLETE | BACKTEST | #zv2_BACKTEST_10 | 02/10 16:16 - 02/10 18:25 | bars=130 | range=69080.00-69982.20 | POC=69335.62 | VAH=69771.69 | VAL=69290.51
2026-02-10 19:55:21 - zone_v2_alerts - INFO - LOSS | BACKTEST | zv2_BACKTEST_9 | UP | pnl=-1R
2026-02-10 19:55:21 - zone_v2_alerts - INFO - SL_MODE_POC | BACKTEST | POC=69335.62 | dist=354.52 | buffer=50% | SL=69512.88
2026-02-10 19:55:21 - zone_v2_alerts - INFO - BREAKOUT | BACKTEST | zv2_BACKTEST_10 | DOWN | VA_BREAKOUT | entry=68981.10 | SL=69512.88 | TP=68449.32 | R=531.78
2026-02-10 19:55:21 - zone_v2_alerts - INFO - ZONE_BUILDING | BACKTEST | #11 | 02/10 18:30 - 02/10 18:37 | bars=8
2026-02-10 19:55:21 - zone_v2_alerts - INFO - ZONE_COMPLETE | BACKTEST | #zv2_BACKTEST_11 | 02/10 18:30 - 02/10 21:30 | bars=181 | range=68509.40-69268.30 | POC=68800.31 | VAH=68990.04 | VAL=68686.48
2026-02-10 19:55:21 - zone_v2_alerts - INFO - WIN | BACKTEST | zv2_BACKTEST_10 | DOWN | pnl=+1R
2026-02-10 19:55:21 - zone_v2_alerts - INFO - SL_MODE_POC | BACKTEST | POC=68800.31 | dist=389.21 | buffer=50% | SL=68994.92
2026-02-10 19:55:21 - zone_v2_alerts - INFO - BREAKOUT | BACKTEST | zv2_BACKTEST_11 | DOWN | VA_BREAKOUT | entry=68411.10 | SL=68994.92 | TP=67827.28 | R=583.82
2026-02-10 19:55:21 - zone_v2_alerts - INFO - ZONE_BUILDING | BACKTEST | #12 | 02/10 21:34 - 02/10 21:41 | bars=8
2026-02-10 19:55:21 - zone_v2_alerts - INFO - LOSS | BACKTEST | zv2_BACKTEST_11 | DOWN | pnl=-1R
2026-02-10 19:55:21 - zone_v2_alerts - INFO - ZONE_COMPLETE | BACKTEST | #zv2_BACKTEST_12 | 02/10 21:34 - 02/11 00:25 | bars=172 | range=68315.00-69076.30 | POC=68606.83 | VAH=68873.29 | VAL=68543.39
2026-02-10 19:55:21 - zone_v2_alerts - INFO - SL_MODE_POC | BACKTEST | POC=68606.83 | dist=557.77 | buffer=50% | SL=68327.95
2026-02-10 19:55:21 - zone_v2_alerts - INFO - BREAKOUT | BACKTEST | zv2_BACKTEST_12 | UP | VA_BREAKOUT | entry=69164.60 | SL=68327.95 | TP=70001.25 | R=836.65
2026-02-10 19:55:21 - zone_v2_alerts - INFO - ZONE_BUILDING | BACKTEST | #13 | 02/11 00:46 - 02/11 00:53 | bars=8
2026-02-10 19:55:21 - zone_v2 - INFO - [BACKTEST] Warmup completado: 310 velas, ATR=310, SMA=310
2026-02-10 19:55:21 - zone_v2_alerts - INFO - ZONE_BUILDING | BACKTEST | #1 | 02/10 06:11 - 02/10 06:18 | bars=8
2026-02-10 19:55:21 - zone_v2_alerts - INFO - ZONE_COMPLETE | BACKTEST | #zv2_BACKTEST_1 | 02/10 06:11 - 02/10 06:21 | bars=11 | range=69117.50-69360.90 | POC=69300.05 | VAH=69328.45 | VAL=69239.20
2026-02-10 19:55:21 - zone_v2_alerts - INFO - SL_MODE_POC | BACKTEST | POC=69300.05 | dist=173.85 | buffer=50% | SL=69386.98
2026-02-10 19:55:21 - zone_v2_alerts - INFO - BREAKOUT | BACKTEST | zv2_BACKTEST_1 | DOWN | VA_BREAKOUT | entry=69126.20 | SL=69386.98 | TP=68865.42 | R=260.78
2026-02-10 19:55:21 - zone_v2_alerts - INFO - ZONE_BUILDING | BACKTEST | #2 | 02/10 06:24 - 02/10 06:31 | bars=8
2026-02-10 19:55:21 - zone_v2_alerts - INFO - WIN | BACKTEST | zv2_BACKTEST_1 | DOWN | pnl=+1R
2026-02-10 19:55:21 - zone_v2_alerts - INFO - ZONE_COMPLETE | BACKTEST | #zv2_BACKTEST_2 | 02/10 06:24 - 02/10 06:45 | bars=22 | range=68865.40-69259.50 | POC=69016.47 | VAH=69154.41 | VAL=68957.36
2026-02-10 19:55:21 - zone_v2_alerts - INFO - SL_MODE_POC | BACKTEST | POC=69016.47 | dist=232.37 | buffer=50% | SL=69132.66
2026-02-10 19:55:21 - zone_v2_alerts - INFO - BREAKOUT | BACKTEST | zv2_BACKTEST_2 | DOWN | VA_BREAKOUT | entry=68784.10 | SL=69132.66 | TP=68435.54 | R=348.56
2026-02-10 19:55:21 - zone_v2_alerts - INFO - LOSS | BACKTEST | zv2_BACKTEST_2 | DOWN | pnl=-1R
2026-02-10 19:55:21 - zone_v2_alerts - INFO - ZONE_BUILDING | BACKTEST | #3 | 02/10 07:10 - 02/10 07:17 | bars=8
2026-02-10 19:55:21 - zone_v2_alerts - INFO - ZONE_COMPLETE | BACKTEST | #zv2_BACKTEST_3 | 02/10 07:10 - 02/10 08:30 | bars=81 | range=68680.60-69173.20 | POC=68918.69 | VAH=69091.10 | VAL=68877.64
2026-02-10 19:55:21 - zone_v2_alerts - INFO - ZONE_BUILDING | BACKTEST | #4 | 02/10 08:32 - 02/10 08:39 | bars=8
2026-02-10 19:55:21 - zone_v2_alerts - INFO - SL_MODE_POC | BACKTEST | POC=68918.69 | dist=213.01 | buffer=50% | SL=68812.18
2026-02-10 19:55:21 - zone_v2_alerts - INFO - BREAKOUT | BACKTEST | zv2_BACKTEST_3 | UP | VA_BREAKOUT | entry=69131.70 | SL=68812.18 | TP=69451.21 | R=319.51
2026-02-10 19:55:21 - zone_v2_alerts - INFO - LOSS | BACKTEST | zv2_BACKTEST_3 | UP | pnl=-1R
2026-02-10 19:55:21 - zone_v2_alerts - INFO - ZONE_COMPLETE | BACKTEST | #zv2_BACKTEST_4 | 02/10 08:32 - 02/10 11:41 | bars=190 | range=68783.90-69385.20 | POC=69094.57 | VAH=69204.81 | VAL=68844.03
2026-02-10 19:55:21 - zone_v2_alerts - INFO - SL_MODE_POC | BACKTEST | POC=69094.57 | dist=463.47 | buffer=50% | SL=69326.31
2026-02-10 19:55:21 - zone_v2_alerts - INFO - BREAKOUT | BACKTEST | zv2_BACKTEST_4 | DOWN | VA_BREAKOUT | entry=68631.10 | SL=69326.31 | TP=67935.89 | R=695.21
2026-02-10 19:55:21 - zone_v2_alerts - INFO - ZONE_BUILDING | BACKTEST | #5 | 02/10 12:07 - 02/10 12:14 | bars=8
2026-02-10 19:55:21 - zone_v2_alerts - INFO - ZONE_COMPLETE | BACKTEST | #zv2_BACKTEST_5 | 02/10 12:07 - 02/10 12:44 | bars=38 | range=68505.40-68819.90 | POC=68625.96 | VAH=68715.07 | VAL=68536.85
2026-02-10 19:55:21 - zone_v2_alerts - INFO - ZONE_BUILDING | BACKTEST | #6 | 02/10 12:46 - 02/10 12:53 | bars=8
2026-02-10 19:55:21 - zone_v2_alerts - INFO - SL_MODE_POC | BACKTEST | POC=68625.96 | dist=146.16 | buffer=50% | SL=68699.04
2026-02-10 19:55:21 - zone_v2_alerts - INFO - BLOCKED_SEQUENTIAL | BACKTEST | zv2_BACKTEST_5 | DOWN | open_trades=1
2026-02-10 19:55:21 - zone_v2_alerts - INFO - ZONE_COMPLETE | BACKTEST | #zv2_BACKTEST_6 | 02/10 12:46 - 02/10 13:31 | bars=46 | range=68286.20-68768.00 | POC=68486.95 | VAH=68607.40 | VAL=68414.68
2026-02-10 19:55:21 - zone_v2_alerts - INFO - SL_MODE_POC | BACKTEST | POC=68486.95 | dist=500.15 | buffer=50% | SL=68236.88
2026-02-10 19:55:21 - zone_v2_alerts - INFO - BLOCKED_SEQUENTIAL | BACKTEST | zv2_BACKTEST_6 | UP | open_trades=1
2026-02-10 19:55:21 - zone_v2_alerts - INFO - ZONE_BUILDING | BACKTEST | #7 | 02/10 13:52 - 02/10 13:59 | bars=8
2026-02-10 19:55:21 - zone_v2_alerts - INFO - ZONE_COMPLETE | BACKTEST | #zv2_BACKTEST_7 | 02/10 13:52 - 02/10 14:15 | bars=24 | range=68831.90-69185.00 | POC=69084.96 | VAH=69185.00 | VAL=68961.37
2026-02-10 19:55:21 - zone_v2_alerts - INFO - LOSS | BACKTEST | zv2_BACKTEST_4 | DOWN | pnl=-1R
2026-02-10 19:55:21 - zone_v2_alerts - INFO - SL_MODE_POC | BACKTEST | POC=69084.96 | dist=421.04 | buffer=50% | SL=68874.43
2026-02-10 19:55:21 - zone_v2_alerts - INFO - BREAKOUT | BACKTEST | zv2_BACKTEST_7 | UP | VA_BREAKOUT | entry=69506.00 | SL=68874.43 | TP=70137.57 | R=631.57
2026-02-10 19:55:21 - zone_v2_alerts - INFO - LOSS | BACKTEST | zv2_BACKTEST_7 | UP | pnl=-1R
2026-02-10 19:55:21 - zone_v2_alerts - INFO - ZONE_BUILDING | BACKTEST | #8 | 02/10 15:47 - 02/10 15:54 | bars=8
2026-02-10 19:55:21 - zone_v2_alerts - INFO - ZONE_COMPLETE | BACKTEST | #zv2_BACKTEST_8 | 02/10 15:47 - 02/10 16:13 | bars=27 | range=68900.10-69390.50 | POC=69235.21 | VAH=69374.15 | VAL=69079.91
2026-02-10 19:55:21 - zone_v2_alerts - INFO - SL_MODE_POC | BACKTEST | POC=69235.21 | dist=311.79 | buffer=50% | SL=69079.31
2026-02-10 19:55:21 - zone_v2_alerts - INFO - BREAKOUT | BACKTEST | zv2_BACKTEST_8 | UP | VA_BREAKOUT | entry=69547.00 | SL=69079.31 | TP=70014.69 | R=467.69
2026-02-10 19:55:21 - zone_v2_alerts - INFO - ZONE_BUILDING | BACKTEST | #9 | 02/10 16:16 - 02/10 16:23 | bars=8
2026-02-10 19:55:21 - zone_v2_alerts - INFO - ZONE_COMPLETE | BACKTEST | #zv2_BACKTEST_9 | 02/10 16:16 - 02/10 18:24 | bars=129 | range=69178.60-69982.20 | POC=69379.50 | VAH=69767.91 | VAL=69285.75
2026-02-10 19:55:21 - zone_v2_alerts - INFO - LOSS | BACKTEST | zv2_BACKTEST_8 | UP | pnl=-1R
2026-02-10 19:55:21 - zone_v2_alerts - INFO - SL_MODE_POC | BACKTEST | POC=69379.50 | dist=537.10 | buffer=50% | SL=69648.05
2026-02-10 19:55:21 - zone_v2_alerts - INFO - BREAKOUT | BACKTEST | zv2_BACKTEST_9 | DOWN | VA_BREAKOUT | entry=68842.40 | SL=69648.05 | TP=68036.75 | R=805.65
2026-02-10 19:55:21 - zone_v2_alerts - INFO - ZONE_BUILDING | BACKTEST | #10 | 02/10 18:48 - 02/10 18:55 | bars=8
2026-02-10 19:55:21 - zone_v2_alerts - INFO - ZONE_COMPLETE | BACKTEST | #zv2_BACKTEST_10 | 02/10 18:48 - 02/10 21:30 | bars=163 | range=68509.40-69268.30 | POC=68800.31 | VAH=68964.74 | VAL=68661.18
2026-02-10 19:55:21 - zone_v2_alerts - INFO - SL_MODE_POC | BACKTEST | POC=68800.31 | dist=389.21 | buffer=50% | SL=68994.92
2026-02-10 19:55:21 - zone_v2_alerts - INFO - BLOCKED_SEQUENTIAL | BACKTEST | zv2_BACKTEST_10 | DOWN | open_trades=1
2026-02-10 19:55:21 - zone_v2_alerts - INFO - ZONE_BUILDING | BACKTEST | #11 | 02/10 21:34 - 02/10 21:41 | bars=8
2026-02-10 19:55:21 - zone_v2_alerts - INFO - ZONE_COMPLETE | BACKTEST | #zv2_BACKTEST_11 | 02/10 21:34 - 02/11 00:25 | bars=172 | range=68315.00-69076.30 | POC=68606.83 | VAH=68873.29 | VAL=68543.39
2026-02-10 19:55:21 - zone_v2_alerts - INFO - SL_MODE_POC | BACKTEST | POC=68606.83 | dist=557.77 | buffer=50% | SL=68327.95
2026-02-10 19:55:21 - zone_v2_alerts - INFO - BLOCKED_SEQUENTIAL | BACKTEST | zv2_BACKTEST_11 | UP | open_trades=1
2026-02-10 19:55:21 - zone_v2_alerts - INFO - ZONE_BUILDING | BACKTEST | #12 | 02/11 00:46 - 02/11 00:53 | bars=8
2026-02-10 19:55:21 - zone_v2 - INFO - [BACKTEST] Warmup completado: 60 velas, ATR=60, SMA=60
2026-02-10 19:55:21 - zone_v2_alerts - INFO - ZONE_BUILDING | BACKTEST | #1 | 02/10 02:06 - 02/10 02:13 | bars=8
2026-02-10 19:55:21 - zone_v2_alerts - INFO - ZONE_COMPLETE | BACKTEST | #zv2_BACKTEST_1 | 02/10 02:06 - 02/10 03:04 | bars=59 | range=69953.80-70430.70 | POC=70088.92 | VAH=70160.46 | VAL=69953.80
2026-02-10 19:55:21 - zone_v2_alerts - INFO - SL_MODE_POC | BACKTEST | POC=70088.92 | dist=348.22 | buffer=50% | SL=70263.03
2026-02-10 19:55:21 - zone_v2_alerts - INFO - BREAKOUT | BACKTEST | zv2_BACKTEST_1 | DOWN | VA_BREAKOUT | entry=69740.70 | SL=70263.03 | TP=69218.37 | R=522.33
2026-02-10 19:55:21 - zone_v2_alerts - INFO - WIN | BACKTEST | zv2_BACKTEST_1 | DOWN | pnl=+1R
2026-02-10 19:55:21 - zone_v2_alerts - INFO - ZONE_BUILDING | BACKTEST | #2 | 02/10 03:55 - 02/10 04:02 | bars=8
2026-02-10 19:55:21 - zone_v2_alerts - INFO - ZONE_COMPLETE | BACKTEST | #zv2_BACKTEST_2 | 02/10 03:55 - 02/10 05:19 | bars=85 | range=69430.10-69874.90 | POC=69704.39 | VAH=69800.77 | VAL=69622.85
2026-02-10 19:55:21 - zone_v2_alerts - INFO - SL_MODE_POC | BACKTEST | POC=69704.39 | dist=169.29 | buffer=50% | SL=69789.04
2026-02-10 19:55:21 - zone_v2_alerts - INFO - BREAKOUT | BACKTEST | zv2_BACKTEST_2 | DOWN | VA_BREAKOUT | entry=69535.10 | SL=69789.04 | TP=69281.16 | R=253.94
2026-02-10 19:55:21 - zone_v2_alerts - INFO - WIN | BACKTEST | zv2_BACKTEST_2 | DOWN | pnl=+1R
2026-02-10 19:55:21 - zone_v2_alerts - INFO - ZONE_BUILDING | BACKTEST | #3 | 02/10 05:57 - 02/10 06:04 | bars=8
2026-02-10 19:55:21 - zone_v2_alerts - INFO - ZONE_COMPLETE | BACKTEST | #zv2_BACKTEST_3 | 02/10 05:57 - 02/10 06:45 | bars=49 | range=68865.40-69465.20 | POC=69015.35 | VAH=69305.25 | VAL=68945.37
2026-02-10 19:55:21 - zone_v2_alerts - INFO - SL_MODE_POC | BACKTEST | POC=69015.35 | dist=231.25 | buffer=50% | SL=69130.98
2026-02-10 19:55:21 - zone_v2_alerts - INFO - BREAKOUT | BACKTEST | zv2_BACKTEST_3 | DOWN | VA_BREAKOUT | entry=68784.10 | SL=69130.98 | TP=68437.23 | R=346.88
2026-02-10 19:55:21 - zone_v2_alerts - INFO - LOSS | BACKTEST | zv2_BACKTEST_3 | DOWN | pnl=-1R
2026-02-10 19:55:21 - zone_v2_alerts - INFO - ZONE_BUILDING | BACKTEST | #4 | 02/10 07:14 - 02/10 07:21 | bars=8
2026-02-10 19:55:21 - zone_v2_alerts - INFO - ZONE_COMPLETE | BACKTEST | #zv2_BACKTEST_4 | 02/10 07:14 - 02/10 08:14 | bars=61 | range=68778.50-69112.40 | POC=68917.62 | VAH=69012.23 | VAL=68856.41
2026-02-10 19:55:21 - zone_v2_alerts - INFO - SL_MODE_POC | BACKTEST | POC=68917.62 | dist=201.82 | buffer=50% | SL=69018.54
2026-02-10 19:55:21 - zone_v2_alerts - INFO - BREAKOUT | BACKTEST | zv2_BACKTEST_4 | DOWN | VA_BREAKOUT | entry=68715.80 | SL=69018.54 | TP=68413.06 | R=302.74
2026-02-10 19:55:21 - zone_v2_alerts - INFO - LOSS | BACKTEST | zv2_BACKTEST_4 | DOWN | pnl=-1R
2026-02-10 19:55:21 - zone_v2_alerts - INFO - ZONE_BUILDING | BACKTEST | #5 | 02/10 08:40 - 02/10 08:47 | bars=8
2026-02-10 19:55:21 - zone_v2_alerts - INFO - ZONE_COMPLETE | BACKTEST | #zv2_BACKTEST_5 | 02/10 08:40 - 02/10 09:03 | bars=24 | range=68899.60-69287.10 | POC=69138.56 | VAH=69183.77 | VAL=69028.77
2026-02-10 19:55:21 - zone_v2_alerts - INFO - SL_MODE_POC | BACKTEST | POC=69138.56 | dist=77.04 | buffer=50% | SL=69100.04
2026-02-10 19:55:21 - zone_v2_alerts - INFO - BREAKOUT | BACKTEST | zv2_BACKTEST_5 | UP | VA_BREAKOUT | entry=69215.60 | SL=69100.04 | TP=69331.16 | R=115.56
2026-02-10 19:55:21 - zone_v2_alerts - INFO - ZONE_BUILDING | BACKTEST | #6 | 02/10 09:05 - 02/10 09:12 | bars=8
2026-02-10 19:55:21 - zone_v2_alerts - INFO - WIN | BACKTEST | zv2_BACKTEST_5 | UP | pnl=+1R
2026-02-10 19:55:21 - zone_v2_alerts - INFO - ZONE_COMPLETE | BACKTEST | #zv2_BACKTEST_6 | 02/10 09:05 - 02/10 09:47 | bars=43 | range=69073.60-69385.20 | POC=69244.98 | VAH=69343.65 | VAL=69198.24
2026-02-10 19:55:21 - zone_v2_alerts - INFO - SL_MODE_POC | BACKTEST | POC=69244.98 | dist=236.78 | buffer=50% | SL=69363.37
2026-02-10 19:55:21 - zone_v2_alerts - INFO - BREAKOUT | BACKTEST | zv2_BACKTEST_6 | DOWN | VA_BREAKOUT | entry=69008.20 | SL=69363.37 | TP=68653.03 | R=355.17
2026-02-10 19:55:21 - zone_v2_alerts - INFO - ZONE_BUILDING | BACKTEST | #7 | 02/10 09:49 - 02/10 09:56 | bars=8
2026-02-10 19:55:21 - zone_v2_alerts - INFO - ZONE_COMPLETE | BACKTEST | #zv2_BACKTEST_7 | 02/10 09:49 - 02/10 11:00 | bars=72 | range=68846.20-69221.00 | POC=68989.87 | VAH=69108.56 | VAL=68921.16
2026-02-10 19:55:21 - zone_v2_alerts - INFO - SL_MODE_POC | BACKTEST | POC=68989.87 | dist=139.87 | buffer=50% | SL=69059.81
2026-02-10 19:55:21 - zone_v2_alerts - INFO - BLOCKED_SEQUENTIAL | BACKTEST | zv2_BACKTEST_7 | DOWN | open_trades=1
2026-02-10 19:55:21 - zone_v2_alerts - INFO - ZONE_BUILDING | BACKTEST | #8 | 02/10 11:02 - 02/10 11:09 | bars=8
2026-02-10 19:55:21 - zone_v2_alerts - INFO - ZONE_COMPLETE | BACKTEST | #zv2_BACKTEST_8 | 02/10 11:02 - 02/10 11:41 | bars=40 | range=68801.00-69050.00 | POC=68946.25 | VAH=68991.90 | VAL=68842.50
2026-02-10 19:55:21 - zone_v2_alerts - INFO - SL_MODE_POC | BACKTEST | POC=68946.25 | dist=315.15 | buffer=50% | SL=69103.82
2026-02-10 19:55:21 - zone_v2_alerts - INFO - BLOCKED_SEQUENTIAL | BACKTEST | zv2_BACKTEST_8 | DOWN | open_trades=1
2026-02-10 19:55:21 - zone_v2_alerts - INFO - WIN | BACKTEST | zv2_BACKTEST_6 | DOWN | pnl=+1R
2026-02-10 19:55:21 - zone_v2_alerts - INFO - ZONE_BUILDING | BACKTEST | #9 | 02/10 12:19 - 02/10 12:26 | bars=8
2026-02-10 19:55:21 - zone_v2_alerts - INFO - ZONE_COMPLETE | BACKTEST | #zv2_BACKTEST_9 | 02/10 12:19 - 02/10 13:31 | bars=73 | range=68286.20-68819.90 | POC=68490.79 | VAH=68659.79 | VAL=68428.52
2026-02-10 19:55:21 - zone_v2_alerts - INFO - SL_MODE_POC | BACKTEST | POC=68490.79 | dist=496.32 | buffer=50% | SL=68242.63
2026-02-10 19:55:21 - zone_v2_alerts - INFO - BREAKOUT | BACKTEST | zv2_BACKTEST_9 | UP | VA_BREAKOUT | entry=68987.10 | SL=68242.63 | TP=69731.57 | R=744.47
2026-02-10 19:55:21 - zone_v2_alerts - INFO - ZONE_BUILDING | BACKTEST | #10 | 02/10 13:35 - 02/10 13:42 | bars=8
2026-02-10 19:55:21 - zone_v2_alerts - INFO - ZONE_COMPLETE | BACKTEST | #zv2_BACKTEST_10 | 02/10 13:35 - 02/10 14:15 | bars=41 | range=68831.90-69185.00 | POC=68908.40 | VAH=69090.84 | VAL=68878.98
2026-02-10 19:55:21 - zone_v2_alerts - INFO - SL_MODE_POC | BACKTEST | POC=68908.40 | dist=597.60 | buffer=50% | SL=68609.61
2026-02-10 19:55:21 - zone_v2_alerts - INFO - BLOCKED_SEQUENTIAL | BACKTEST | zv2_BACKTEST_10 | UP | open_trades=1
2026-02-10 19:55:21 - zone_v2_alerts - INFO - LOSS | BACKTEST | zv2_BACKTEST_9 | UP | pnl=-1R
2026-02-10 19:55:21 - zone_v2_alerts - INFO - ZONE_BUILDING | BACKTEST | #11 | 02/10 15:13 - 02/10 15:20 | bars=8
2026-02-10 19:55:21 - zone_v2_alerts - INFO - ZONE_COMPLETE | BACKTEST | #zv2_BACKTEST_11 | 02/10 15:13 - 02/10 16:13 | bars=61 | range=68500.00-69481.60 | POC=69268.92 | VAH=69383.44 | VAL=68990.80
2026-02-10 19:55:21 - zone_v2_alerts - INFO - SL_MODE_POC | BACKTEST | POC=69268.92 | dist=278.08 | buffer=50% | SL=69129.88
2026-02-10 19:55:21 - zone_v2_alerts - INFO - BREAKOUT | BACKTEST | zv2_BACKTEST_11 | UP | VA_BREAKOUT | entry=69547.00 | SL=69129.88 | TP=69964.12 | R=417.12
2026-02-10 19:55:21 - zone_v2_alerts - INFO - ZONE_BUILDING | BACKTEST | #12 | 02/10 16:16 - 02/10 16:23 | bars=8
2026-02-10 19:55:21 - zone_v2_alerts - INFO - WIN | BACKTEST | zv2_BACKTEST_11 | UP | pnl=+1R
2026-02-10 19:55:21 - zone_v2_alerts - INFO - ZONE_COMPLETE | BACKTEST | #zv2_BACKTEST_12 | 02/10 16:16 - 02/10 18:20 | bars=125 | range=69224.70-69982.20 | POC=69388.82 | VAH=69754.95 | VAL=69300.45
2026-02-10 19:55:21 - zone_v2_alerts - INFO - SL_MODE_POC | BACKTEST | POC=69388.82 | dist=308.72 | buffer=50% | SL=69543.19
2026-02-10 19:55:21 - zone_v2_alerts - INFO - BREAKOUT | BACKTEST | zv2_BACKTEST_12 | DOWN | VA_BREAKOUT | entry=69080.10 | SL=69543.19 | TP=68617.01 | R=463.09
2026-02-10 19:55:21 - zone_v2_alerts - INFO - WIN | BACKTEST | zv2_BACKTEST_12 | DOWN | pnl=+1R
2026-02-10 19:55:21 - zone_v2_alerts - INFO - ZONE_BUILDING | BACKTEST | #13 | 02/10 18:56 - 02/10 19:03 | bars=8
2026-02-10 19:55:21 - zone_v2_alerts - INFO - ZONE_COMPLETE | BACKTEST | #zv2_BACKTEST_13 | 02/10 18:56 - 02/10 19:34 | bars=39 | range=68650.00-69052.80 | POC=68858.11 | VAH=68945.39 | VAL=68770.84
2026-02-10 19:55:21 - zone_v2_alerts - INFO - SL_MODE_POC | BACKTEST | POC=68858.11 | dist=365.19 | buffer=50% | SL=68675.52
2026-02-10 19:55:21 - zone_v2_alerts - INFO - BREAKOUT | BACKTEST | zv2_BACKTEST_13 | UP | VA_BREAKOUT | entry=69223.30 | SL=68675.52 | TP=69771.08 | R=547.78
2026-02-10 19:55:21 - zone_v2_alerts - INFO - ZONE_BUILDING | BACKTEST | #14 | 02/10 19:39 - 02/10 19:46 | bars=8
2026-02-10 19:55:21 - zone_v2_alerts - INFO - ZONE_COMPLETE | BACKTEST | #zv2_BACKTEST_14 | 02/10 19:39 - 02/10 20:11 | bars=33 | range=68804.70-69266.30 | POC=69166.29 | VAH=69235.53 | VAL=68989.34
2026-02-10 19:55:21 - zone_v2_alerts - INFO - SL_MODE_POC | BACKTEST | POC=69166.29 | dist=441.59 | buffer=50% | SL=69387.08
2026-02-10 19:55:21 - zone_v2_alerts - INFO - BLOCKED_SEQUENTIAL | BACKTEST | zv2_BACKTEST_14 | DOWN | open_trades=1
2026-02-10 19:55:21 - zone_v2_alerts - INFO - ZONE_BUILDING | BACKTEST | #15 | 02/10 20:15 - 02/10 20:22 | bars=8
2026-02-10 19:55:21 - zone_v2_alerts - INFO - LOSS | BACKTEST | zv2_BACKTEST_13 | UP | pnl=-1R
2026-02-10 19:55:21 - zone_v2_alerts - INFO - ZONE_COMPLETE | BACKTEST | #zv2_BACKTEST_15 | 02/10 20:15 - 02/10 21:28 | bars=74 | range=68583.60-68978.70 | POC=68787.74 | VAH=68873.34 | VAL=68702.13
2026-02-10 19:55:21 - zone_v2_alerts - INFO - SL_MODE_POC | BACKTEST | POC=68787.74 | dist=393.34 | buffer=50% | SL=68984.40
2026-02-10 19:55:21 - zone_v2_alerts - INFO - BREAKOUT | BACKTEST | zv2_BACKTEST_15 | DOWN | VA_BREAKOUT | entry=68394.40 | SL=68984.40 | TP=67804.40 | R=590.00
2026-02-10 19:55:21 - zone_v2_alerts - INFO - ZONE_BUILDING | BACKTEST | #16 | 02/10 22:04 - 02/10 22:11 | bars=8
2026-02-10 19:55:21 - zone_v2_alerts - INFO - ZONE_COMPLETE | BACKTEST | #zv2_BACKTEST_16 | 02/10 22:04 - 02/11 00:18 | bars=135 | range=68471.30-68975.40 | POC=68630.93 | VAH=68807.37 | VAL=68555.32
2026-02-10 19:55:21 - zone_v2_alerts - INFO - LOSS | BACKTEST | zv2_BACKTEST_15 | DOWN | pnl=-1R
2026-02-10 19:55:21 - zone_v2_alerts - INFO - SL_MODE_POC | BACKTEST | POC=68630.93 | dist=355.77 | buffer=50% | SL=68453.05
2026-02-10 19:55:21 - zone_v2_alerts - INFO - BREAKOUT | BACKTEST | zv2_BACKTEST_16 | UP | VA_BREAKOUT | entry=68986.70 | SL=68453.05 | TP=69520.35 | R=533.65
2026-02-10 19:55:21 - zone_v2 - INFO - [BACKTEST] Warmup completado: 110 velas, ATR=110, SMA=110
2026-02-10 19:55:21 - zone_v2_alerts - INFO - ZONE_BUILDING | BACKTEST | #1 | 02/10 02:56 - 02/10 03:03 | bars=8
2026-02-10 19:55:21 - zone_v2_alerts - INFO - ZONE_COMPLETE | BACKTEST | #zv2_BACKTEST_1 | 02/10 02:56 - 02/10 03:04 | bars=9 | range=69962.30-70138.60 | POC=70053.39 | VAH=70103.34 | VAL=70021.07
2026-02-10 19:55:21 - zone_v2_alerts - INFO - SL_MODE_POC | BACKTEST | POC=70053.39 | dist=312.69 | buffer=50% | SL=70209.73
2026-02-10 19:55:21 - zone_v2_alerts - INFO - BREAKOUT | BACKTEST | zv2_BACKTEST_1 | DOWN | VA_BREAKOUT | entry=69740.70 | SL=70209.73 | TP=69271.67 | R=469.03
2026-02-10 19:55:21 - zone_v2_alerts - INFO - WIN | BACKTEST | zv2_BACKTEST_1 | DOWN | pnl=+1R
2026-02-10 19:55:21 - zone_v2_alerts - INFO - ZONE_BUILDING | BACKTEST | #2 | 02/10 03:56 - 02/10 04:03 | bars=8
2026-02-10 19:55:21 - zone_v2_alerts - INFO - ZONE_COMPLETE | BACKTEST | #zv2_BACKTEST_2 | 02/10 03:56 - 02/10 04:11 | bars=16 | range=69430.10-69736.30 | POC=69659.75 | VAH=69736.30 | VAL=69521.96
2026-02-10 19:55:21 - zone_v2_alerts - INFO - ZONE_BUILDING | BACKTEST | #3 | 02/10 04:13 - 02/10 04:20 | bars=8
2026-02-10 19:55:21 - zone_v2_alerts - INFO - SL_MODE_POC | BACKTEST | POC=69659.75 | dist=139.35 | buffer=50% | SL=69590.07
2026-02-10 19:55:21 - zone_v2_alerts - INFO - BREAKOUT | BACKTEST | zv2_BACKTEST_2 | UP | VA_BREAKOUT | entry=69799.10 | SL=69590.07 | TP=70008.13 | R=209.03
2026-02-10 19:55:21 - zone_v2_alerts - INFO - LOSS | BACKTEST | zv2_BACKTEST_2 | UP | pnl=-1R
2026-02-10 19:55:21 - zone_v2_alerts - INFO - ZONE_COMPLETE | BACKTEST | #zv2_BACKTEST_3 | 02/10 04:13 - 02/10 05:27 | bars=75 | range=69461.20-69874.90 | POC=69688.74 | VAH=69805.95 | VAL=69612.89
2026-02-10 19:55:21 - zone_v2_alerts - INFO - SL_MODE_POC | BACKTEST | POC=69688.74 | dist=259.63 | buffer=50% | SL=69818.55
2026-02-10 19:55:21 - zone_v2_alerts - INFO - BREAKOUT | BACKTEST | zv2_BACKTEST_3 | DOWN | VA_BREAKOUT | entry=69429.10 | SL=69818.55 | TP=69039.65 | R=389.45
2026-02-10 19:55:21 - zone_v2_alerts - INFO - ZONE_BUILDING | BACKTEST | #4 | 02/10 06:12 - 02/10 06:19 | bars=8
2026-02-10 19:55:21 - zone_v2_alerts - INFO - ZONE_COMPLETE | BACKTEST | #zv2_BACKTEST_4 | 02/10 06:12 - 02/10 06:21 | bars=10 | range=69117.50-69360.90 | POC=69300.05 | VAH=69328.45 | VAL=69239.20
2026-02-10 19:55:21 - zone_v2_alerts - INFO - SL_MODE_POC | BACKTEST | POC=69300.05 | dist=173.85 | buffer=50% | SL=69386.98
2026-02-10 19:55:21 - zone_v2_alerts - INFO - BLOCKED_SEQUENTIAL | BACKTEST | zv2_BACKTEST_4 | DOWN | open_trades=1
2026-02-10 19:55:21 - zone_v2_alerts - INFO - WIN | BACKTEST | zv2_BACKTEST_3 | DOWN | pnl=+1R
2026-02-10 19:55:21 - zone_v2_alerts - INFO - ZONE_BUILDING | BACKTEST | #5 | 02/10 06:24 - 02/10 06:31 | bars=8
2026-02-10 19:55:21 - zone_v2_alerts - INFO - ZONE_COMPLETE | BACKTEST | #zv2_BACKTEST_5 | 02/10 06:24 - 02/10 06:45 | bars=22 | range=68865.40-69259.50 | POC=69016.47 | VAH=69154.41 | VAL=68957.36
2026-02-10 19:55:21 - zone_v2_alerts - INFO - SL_MODE_POC | BACKTEST | POC=69016.47 | dist=232.37 | buffer=50% | SL=69132.66
2026-02-10 19:55:21 - zone_v2_alerts - INFO - BREAKOUT | BACKTEST | zv2_BACKTEST_5 | DOWN | VA_BREAKOUT | entry=68784.10 | SL=69132.66 | TP=68435.54 | R=348.56
2026-02-10 19:55:21 - zone_v2_alerts - INFO - LOSS | BACKTEST | zv2_BACKTEST_5 | DOWN | pnl=-1R
2026-02-10 19:55:21 - zone_v2_alerts - INFO - ZONE_BUILDING | BACKTEST | #6 | 02/10 07:14 - 02/10 07:21 | bars=8
2026-02-10 19:55:21 - zone_v2_alerts - INFO - ZONE_COMPLETE | BACKTEST | #zv2_BACKTEST_6 | 02/10 07:14 - 02/10 08:30 | bars=77 | range=68680.60-69112.40 | POC=68918.09 | VAH=69069.22 | VAL=68867.71
2026-02-10 19:55:21 - zone_v2_alerts - INFO - ZONE_BUILDING | BACKTEST | #7 | 02/10 08:32 - 02/10 08:39 | bars=8
2026-02-10 19:55:21 - zone_v2_alerts - INFO - SL_MODE_POC | BACKTEST | POC=68918.09 | dist=184.91 | buffer=50% | SL=68825.63
2026-02-10 19:55:21 - zone_v2_alerts - INFO - BREAKOUT | BACKTEST | zv2_BACKTEST_6 | UP | VA_BREAKOUT | entry=69103.00 | SL=68825.63 | TP=69380.37 | R=277.37
2026-02-10 19:55:21 - zone_v2_alerts - INFO - ZONE_COMPLETE | BACKTEST | #zv2_BACKTEST_7 | 02/10 08:32 - 02/10 09:03 | bars=32 | range=68796.00-69287.10 | POC=69066.10 | VAH=69254.36 | VAL=69025.18
2026-02-10 19:55:21 - zone_v2_alerts - INFO - ZONE_BUILDING | BACKTEST | #8 | 02/10 09:05 - 02/10 09:12 | bars=8
2026-02-10 19:55:21 - zone_v2_alerts - INFO - SL_MODE_POC | BACKTEST | POC=69066.10 | dist=233.79 | buffer=50% | SL=68949.21
2026-02-10 19:55:21 - zone_v2_alerts - INFO - BLOCKED_SEQUENTIAL | BACKTEST | zv2_BACKTEST_7 | UP | open_trades=1
2026-02-10 19:55:21 - zone_v2_alerts - INFO - WIN | BACKTEST | zv2_BACKTEST_6 | UP | pnl=+1R
2026-02-10 19:55:21 - zone_v2_alerts - INFO - ZONE_COMPLETE | BACKTEST | #zv2_BACKTEST_8 | 02/10 09:05 - 02/10 11:00 | bars=116 | range=68846.20-69385.20 | POC=69250.45 | VAH=69331.30 | VAL=69025.87
2026-02-10 19:55:21 - zone_v2_alerts - INFO - SL_MODE_POC | BACKTEST | POC=69250.45 | dist=400.45 | buffer=50% | SL=69450.67
2026-02-10 19:55:21 - zone_v2_alerts - INFO - BREAKOUT | BACKTEST | zv2_BACKTEST_8 | DOWN | VA_BREAKOUT | entry=68850.00 | SL=69450.67 | TP=68249.33 | R=600.67
2026-02-10 19:55:21 - zone_v2_alerts - INFO - ZONE_BUILDING | BACKTEST | #9 | 02/10 11:02 - 02/10 11:09 | bars=8
2026-02-10 19:55:21 - zone_v2_alerts - INFO - ZONE_COMPLETE | BACKTEST | #zv2_BACKTEST_9 | 02/10 11:02 - 02/10 11:32 | bars=31 | range=68801.00-68975.70 | POC=68937.85 | VAH=68964.05 | VAL=68865.06
2026-02-10 19:55:21 - zone_v2_alerts - INFO - SL_MODE_POC | BACKTEST | POC=68937.85 | dist=85.55 | buffer=50% | SL=68895.07
2026-02-10 19:55:21 - zone_v2_alerts - INFO - BLOCKED_SEQUENTIAL | BACKTEST | zv2_BACKTEST_9 | UP | open_trades=1
2026-02-10 19:55:21 - zone_v2_alerts - INFO - ZONE_BUILDING | BACKTEST | #10 | 02/10 11:34 - 02/10 11:41 | bars=8
2026-02-10 19:55:21 - zone_v2_alerts - INFO - ZONE_COMPLETE | BACKTEST | #zv2_BACKTEST_10 | 02/10 11:34 - 02/10 11:41 | bars=8 | range=68835.90-69047.20 | POC=69008.46 | VAH=69040.16 | VAL=68934.51
2026-02-10 19:55:21 - zone_v2_alerts - INFO - SL_MODE_POC | BACKTEST | POC=69008.46 | dist=377.36 | buffer=50% | SL=69197.14
2026-02-10 19:55:21 - zone_v2_alerts - INFO - BLOCKED_SEQUENTIAL | BACKTEST | zv2_BACKTEST_10 | DOWN | open_trades=1
2026-02-10 19:55:21 - zone_v2_alerts - INFO - ZONE_BUILDING | BACKTEST | #11 | 02/10 12:21 - 02/10 12:28 | bars=8
2026-02-10 19:55:21 - zone_v2_alerts - INFO - ZONE_COMPLETE | BACKTEST | #zv2_BACKTEST_11 | 02/10 12:21 - 02/10 13:31 | bars=71 | range=68286.20-68819.90 | POC=68490.79 | VAH=68659.79 | VAL=68428.52
2026-02-10 19:55:21 - zone_v2_alerts - INFO - SL_MODE_POC | BACKTEST | POC=68490.79 | dist=496.32 | buffer=50% | SL=68242.63
2026-02-10 19:55:21 - zone_v2_alerts - INFO - BLOCKED_SEQUENTIAL | BACKTEST | zv2_BACKTEST_11 | UP | open_trades=1
2026-02-10 19:55:21 - zone_v2_alerts - INFO - ZONE_BUILDING | BACKTEST | #12 | 02/10 13:59 - 02/10 14:06 | bars=8
2026-02-10 19:55:21 - zone_v2_alerts - INFO - ZONE_COMPLETE | BACKTEST | #zv2_BACKTEST_12 | 02/10 13:59 - 02/10 14:15 | bars=17 | range=68831.90-69185.00 | POC=69084.96 | VAH=69185.00 | VAL=68996.68
2026-02-10 19:55:21 - zone_v2_alerts - INFO - LOSS | BACKTEST | zv2_BACKTEST_8 | DOWN | pnl=-1R
2026-02-10 19:55:21 - zone_v2_alerts - INFO - SL_MODE_POC | BACKTEST | POC=69084.96 | dist=421.04 | buffer=50% | SL=68874.43
2026-02-10 19:55:21 - zone_v2_alerts - INFO - BREAKOUT | BACKTEST | zv2_BACKTEST_12 | UP | VA_BREAKOUT | entry=69506.00 | SL=68874.43 | TP=70137.57 | R=631.57
2026-02-10 19:55:21 - zone_v2_alerts - INFO - LOSS | BACKTEST | zv2_BACKTEST_12 | UP | pnl=-1R
2026-02-10 19:55:21 - zone_v2_alerts - INFO - ZONE_BUILDING | BACKTEST | #13 | 02/10 15:32 - 02/10 15:39 | bars=8
2026-02-10 19:55:22 - zone_v2_alerts - INFO - ZONE_COMPLETE | BACKTEST | #zv2_BACKTEST_13 | 02/10 15:32 - 02/10 18:20 | bars=169 | range=68900.10-69982.20 | POC=69350.98 | VAH=69765.78 | VAL=69224.73
2026-02-10 19:55:22 - zone_v2_alerts - INFO - SL_MODE_POC | BACKTEST | POC=69350.98 | dist=508.58 | buffer=50% | SL=69605.26
2026-02-10 19:55:22 - zone_v2_alerts - INFO - BREAKOUT | BACKTEST | zv2_BACKTEST_13 | DOWN | VA_BREAKOUT | entry=68842.40 | SL=69605.26 | TP=68079.54 | R=762.86
2026-02-10 19:55:22 - zone_v2_alerts - INFO - ZONE_BUILDING | BACKTEST | #14 | 02/10 18:57 - 02/10 19:04 | bars=8
2026-02-10 19:55:22 - zone_v2_alerts - INFO - ZONE_COMPLETE | BACKTEST | #zv2_BACKTEST_14 | 02/10 18:57 - 02/10 19:36 | bars=40 | range=68650.00-69268.30 | POC=68887.01 | VAH=68979.76 | VAL=68732.44
2026-02-10 19:55:22 - zone_v2_alerts - INFO - SL_MODE_POC | BACKTEST | POC=68887.01 | dist=303.18 | buffer=50% | SL=68735.42
2026-02-10 19:55:22 - zone_v2_alerts - INFO - BLOCKED_SEQUENTIAL | BACKTEST | zv2_BACKTEST_14 | UP | open_trades=1
2026-02-10 19:55:22 - zone_v2_alerts - INFO - ZONE_BUILDING | BACKTEST | #15 | 02/10 19:38 - 02/10 19:45 | bars=8
2026-02-10 19:55:22 - zone_v2_alerts - INFO - ZONE_COMPLETE | BACKTEST | #zv2_BACKTEST_15 | 02/10 19:38 - 02/10 20:11 | bars=34 | range=68804.70-69266.30 | POC=69166.29 | VAH=69235.53 | VAL=69004.73
2026-02-10 19:55:22 - zone_v2_alerts - INFO - SL_MODE_POC | BACKTEST | POC=69166.29 | dist=441.59 | buffer=50% | SL=69387.08
2026-02-10 19:55:22 - zone_v2_alerts - INFO - BLOCKED_SEQUENTIAL | BACKTEST | zv2_BACKTEST_15 | DOWN | open_trades=1
2026-02-10 19:55:22 - zone_v2_alerts - INFO - ZONE_BUILDING | BACKTEST | #16 | 02/10 20:14 - 02/10 20:21 | bars=8
2026-02-10 19:55:22 - zone_v2_alerts - INFO - ZONE_COMPLETE | BACKTEST | #zv2_BACKTEST_16 | 02/10 20:14 - 02/10 21:28 | bars=75 | range=68583.60-68978.70 | POC=68787.74 | VAH=68873.34 | VAL=68702.13
2026-02-10 19:55:22 - zone_v2_alerts - INFO - SL_MODE_POC | BACKTEST | POC=68787.74 | dist=393.34 | buffer=50% | SL=68984.40
2026-02-10 19:55:22 - zone_v2_alerts - INFO - BLOCKED_SEQUENTIAL | BACKTEST | zv2_BACKTEST_16 | DOWN | open_trades=1
2026-02-10 19:55:22 - zone_v2_alerts - INFO - ZONE_BUILDING | BACKTEST | #17 | 02/10 22:02 - 02/10 22:09 | bars=8
2026-02-10 19:55:22 - zone_v2_alerts - INFO - ZONE_COMPLETE | BACKTEST | #zv2_BACKTEST_17 | 02/10 22:02 - 02/11 00:21 | bars=140 | range=68471.30-68999.90 | POC=68621.07 | VAH=68806.08 | VAL=68559.40
2026-02-10 19:55:22 - zone_v2_alerts - INFO - SL_MODE_POC | BACKTEST | POC=68621.07 | dist=384.93 | buffer=50% | SL=68428.61
2026-02-10 19:55:22 - zone_v2_alerts - INFO - BLOCKED_SEQUENTIAL | BACKTEST | zv2_BACKTEST_17 | UP | open_trades=1
[BTCUSDT] [V2 OPTIMIZE] Progreso: 440/462 (66.5s)
2026-02-10 19:55:22 - zone_v2 - INFO - [BACKTEST] Warmup completado: 160 velas, ATR=160, SMA=160
2026-02-10 19:55:22 - zone_v2_alerts - INFO - ZONE_BUILDING | BACKTEST | #1 | 02/10 03:56 - 02/10 04:03 | bars=8
2026-02-10 19:55:22 - zone_v2_alerts - INFO - ZONE_COMPLETE | BACKTEST | #zv2_BACKTEST_1 | 02/10 03:56 - 02/10 04:11 | bars=16 | range=69430.10-69736.30 | POC=69659.75 | VAH=69736.30 | VAL=69521.96
2026-02-10 19:55:22 - zone_v2_alerts - INFO - ZONE_BUILDING | BACKTEST | #2 | 02/10 04:13 - 02/10 04:20 | bars=8
2026-02-10 19:55:22 - zone_v2_alerts - INFO - SL_MODE_POC | BACKTEST | POC=69659.75 | dist=139.35 | buffer=50% | SL=69590.07
2026-02-10 19:55:22 - zone_v2_alerts - INFO - BREAKOUT | BACKTEST | zv2_BACKTEST_1 | UP | VA_BREAKOUT | entry=69799.10 | SL=69590.07 | TP=70008.13 | R=209.03
2026-02-10 19:55:22 - zone_v2_alerts - INFO - LOSS | BACKTEST | zv2_BACKTEST_1 | UP | pnl=-1R
2026-02-10 19:55:22 - zone_v2_alerts - INFO - ZONE_COMPLETE | BACKTEST | #zv2_BACKTEST_2 | 02/10 04:13 - 02/10 05:42 | bars=90 | range=69328.10-69874.90 | POC=69701.75 | VAH=69801.99 | VAL=69528.59
2026-02-10 19:55:22 - zone_v2_alerts - INFO - SL_MODE_POC | BACKTEST | POC=69701.75 | dist=341.75 | buffer=50% | SL=69872.62
2026-02-10 19:55:22 - zone_v2_alerts - INFO - BREAKOUT | BACKTEST | zv2_BACKTEST_2 | DOWN | VA_BREAKOUT | entry=69360.00 | SL=69872.62 | TP=68847.38 | R=512.62
2026-02-10 19:55:22 - zone_v2_alerts - INFO - ZONE_BUILDING | BACKTEST | #3 | 02/10 05:51 - 02/10 05:58 | bars=8
2026-02-10 19:55:22 - zone_v2_alerts - INFO - ZONE_COMPLETE | BACKTEST | #zv2_BACKTEST_3 | 02/10 05:51 - 02/10 06:21 | bars=31 | range=69117.50-69465.20 | POC=69297.15 | VAH=69418.84 | VAL=69256.58
2026-02-10 19:55:22 - zone_v2_alerts - INFO - SL_MODE_POC | BACKTEST | POC=69297.15 | dist=170.95 | buffer=50% | SL=69382.62
2026-02-10 19:55:22 - zone_v2_alerts - INFO - BLOCKED_SEQUENTIAL | BACKTEST | zv2_BACKTEST_3 | DOWN | open_trades=1
2026-02-10 19:55:22 - zone_v2_alerts - INFO - ZONE_BUILDING | BACKTEST | #4 | 02/10 06:24 - 02/10 06:31 | bars=8
2026-02-10 19:55:22 - zone_v2_alerts - INFO - ZONE_COMPLETE | BACKTEST | #zv2_BACKTEST_4 | 02/10 06:24 - 02/10 06:45 | bars=22 | range=68865.40-69259.50 | POC=69016.47 | VAH=69154.41 | VAL=68957.36
2026-02-10 19:55:22 - zone_v2_alerts - INFO - WIN | BACKTEST | zv2_BACKTEST_2 | DOWN | pnl=+1R
2026-02-10 19:55:22 - zone_v2_alerts - INFO - SL_MODE_POC | BACKTEST | POC=69016.47 | dist=232.37 | buffer=50% | SL=69132.66
2026-02-10 19:55:22 - zone_v2_alerts - INFO - BREAKOUT | BACKTEST | zv2_BACKTEST_4 | DOWN | VA_BREAKOUT | entry=68784.10 | SL=69132.66 | TP=68435.54 | R=348.56
2026-02-10 19:55:22 - zone_v2_alerts - INFO - LOSS | BACKTEST | zv2_BACKTEST_4 | DOWN | pnl=-1R
2026-02-10 19:55:22 - zone_v2_alerts - INFO - ZONE_BUILDING | BACKTEST | #5 | 02/10 07:17 - 02/10 07:24 | bars=8
2026-02-10 19:55:22 - zone_v2_alerts - INFO - ZONE_COMPLETE | BACKTEST | #zv2_BACKTEST_5 | 02/10 07:17 - 02/10 09:03 | bars=107 | range=68680.60-69287.10 | POC=68913.09 | VAH=69105.15 | VAL=68842.33
2026-02-10 19:55:22 - zone_v2_alerts - INFO - SL_MODE_POC | BACKTEST | POC=68913.09 | dist=302.51 | buffer=50% | SL=68761.84
2026-02-10 19:55:22 - zone_v2_alerts - INFO - BREAKOUT | BACKTEST | zv2_BACKTEST_5 | UP | VA_BREAKOUT | entry=69215.60 | SL=68761.84 | TP=69669.36 | R=453.76
2026-02-10 19:55:22 - zone_v2_alerts - INFO - ZONE_BUILDING | BACKTEST | #6 | 02/10 09:05 - 02/10 09:12 | bars=8
2026-02-10 19:55:22 - zone_v2_alerts - INFO - ZONE_COMPLETE | BACKTEST | #zv2_BACKTEST_6 | 02/10 09:05 - 02/10 09:47 | bars=43 | range=69073.60-69385.20 | POC=69244.98 | VAH=69343.65 | VAL=69198.24
2026-02-10 19:55:22 - zone_v2_alerts - INFO - SL_MODE_POC | BACKTEST | POC=69244.98 | dist=236.78 | buffer=50% | SL=69363.37
2026-02-10 19:55:22 - zone_v2_alerts - INFO - BLOCKED_SEQUENTIAL | BACKTEST | zv2_BACKTEST_6 | DOWN | open_trades=1
2026-02-10 19:55:22 - zone_v2_alerts - INFO - ZONE_BUILDING | BACKTEST | #7 | 02/10 09:49 - 02/10 09:56 | bars=8
2026-02-10 19:55:22 - zone_v2_alerts - INFO - ZONE_COMPLETE | BACKTEST | #zv2_BACKTEST_7 | 02/10 09:49 - 02/10 11:00 | bars=72 | range=68846.20-69221.00 | POC=68989.87 | VAH=69108.56 | VAL=68921.16
2026-02-10 19:55:22 - zone_v2_alerts - INFO - SL_MODE_POC | BACKTEST | POC=68989.87 | dist=139.87 | buffer=50% | SL=69059.81
2026-02-10 19:55:22 - zone_v2_alerts - INFO - BLOCKED_SEQUENTIAL | BACKTEST | zv2_BACKTEST_7 | DOWN | open_trades=1
2026-02-10 19:55:22 - zone_v2_alerts - INFO - ZONE_BUILDING | BACKTEST | #8 | 02/10 11:02 - 02/10 11:09 | bars=8
2026-02-10 19:55:22 - zone_v2_alerts - INFO - ZONE_COMPLETE | BACKTEST | #zv2_BACKTEST_8 | 02/10 11:02 - 02/10 11:41 | bars=40 | range=68801.00-69050.00 | POC=68946.25 | VAH=68991.90 | VAL=68842.50
2026-02-10 19:55:22 - zone_v2_alerts - INFO - LOSS | BACKTEST | zv2_BACKTEST_5 | UP | pnl=-1R
2026-02-10 19:55:22 - zone_v2_alerts - INFO - SL_MODE_POC | BACKTEST | POC=68946.25 | dist=315.15 | buffer=50% | SL=69103.82
2026-02-10 19:55:22 - zone_v2_alerts - INFO - BREAKOUT | BACKTEST | zv2_BACKTEST_8 | DOWN | VA_BREAKOUT | entry=68631.10 | SL=69103.82 | TP=68158.38 | R=472.72
2026-02-10 19:55:22 - zone_v2_alerts - INFO - ZONE_BUILDING | BACKTEST | #9 | 02/10 12:21 - 02/10 12:28 | bars=8
2026-02-10 19:55:22 - zone_v2_alerts - INFO - ZONE_COMPLETE | BACKTEST | #zv2_BACKTEST_9 | 02/10 12:21 - 02/10 12:44 | bars=24 | range=68518.30-68819.90 | POC=68744.50 | VAH=68819.90 | VAL=68608.78
2026-02-10 19:55:22 - zone_v2_alerts - INFO - SL_MODE_POC | BACKTEST | POC=68744.50 | dist=196.00 | buffer=50% | SL=68842.50
2026-02-10 19:55:22 - zone_v2_alerts - INFO - BLOCKED_SEQUENTIAL | BACKTEST | zv2_BACKTEST_9 | DOWN | open_trades=1
2026-02-10 19:55:22 - zone_v2_alerts - INFO - ZONE_BUILDING | BACKTEST | #10 | 02/10 12:46 - 02/10 12:53 | bars=8
2026-02-10 19:55:22 - zone_v2_alerts - INFO - ZONE_COMPLETE | BACKTEST | #zv2_BACKTEST_10 | 02/10 12:46 - 02/10 13:31 | bars=46 | range=68286.20-68768.00 | POC=68486.95 | VAH=68607.40 | VAL=68414.68
2026-02-10 19:55:22 - zone_v2_alerts - INFO - SL_MODE_POC | BACKTEST | POC=68486.95 | dist=500.15 | buffer=50% | SL=68236.88
2026-02-10 19:55:22 - zone_v2_alerts - INFO - BLOCKED_SEQUENTIAL | BACKTEST | zv2_BACKTEST_10 | UP | open_trades=1
2026-02-10 19:55:22 - zone_v2_alerts - INFO - LOSS | BACKTEST | zv2_BACKTEST_8 | DOWN | pnl=-1R
2026-02-10 19:55:22 - zone_v2_alerts - INFO - ZONE_BUILDING | BACKTEST | #11 | 02/10 13:59 - 02/10 14:06 | bars=8
2026-02-10 19:55:22 - zone_v2_alerts - INFO - ZONE_COMPLETE | BACKTEST | #zv2_BACKTEST_11 | 02/10 13:59 - 02/10 14:15 | bars=17 | range=68831.90-69185.00 | POC=69084.96 | VAH=69185.00 | VAL=68996.68
2026-02-10 19:55:22 - zone_v2_alerts - INFO - SL_MODE_POC | BACKTEST | POC=69084.96 | dist=421.04 | buffer=50% | SL=68874.43
2026-02-10 19:55:22 - zone_v2_alerts - INFO - BREAKOUT | BACKTEST | zv2_BACKTEST_11 | UP | VA_BREAKOUT | entry=69506.00 | SL=68874.43 | TP=70137.57 | R=631.57
2026-02-10 19:55:22 - zone_v2_alerts - INFO - LOSS | BACKTEST | zv2_BACKTEST_11 | UP | pnl=-1R
2026-02-10 19:55:22 - zone_v2_alerts - INFO - ZONE_BUILDING | BACKTEST | #12 | 02/10 15:51 - 02/10 15:58 | bars=8
2026-02-10 19:55:22 - zone_v2_alerts - INFO - ZONE_COMPLETE | BACKTEST | #zv2_BACKTEST_12 | 02/10 15:51 - 02/10 16:13 | bars=23 | range=68900.10-69386.70 | POC=69232.61 | VAH=69354.26 | VAL=69046.08
2026-02-10 19:55:22 - zone_v2_alerts - INFO - SL_MODE_POC | BACKTEST | POC=69232.61 | dist=314.39 | buffer=50% | SL=69075.42
2026-02-10 19:55:22 - zone_v2_alerts - INFO - BREAKOUT | BACKTEST | zv2_BACKTEST_12 | UP | VA_BREAKOUT | entry=69547.00 | SL=69075.42 | TP=70018.58 | R=471.58
2026-02-10 19:55:22 - zone_v2_alerts - INFO - ZONE_BUILDING | BACKTEST | #13 | 02/10 16:16 - 02/10 16:23 | bars=8
2026-02-10 19:55:22 - zone_v2_alerts - INFO - ZONE_COMPLETE | BACKTEST | #zv2_BACKTEST_13 | 02/10 16:16 - 02/10 18:20 | bars=125 | range=69224.70-69982.20 | POC=69388.82 | VAH=69754.95 | VAL=69300.45
2026-02-10 19:55:22 - zone_v2_alerts - INFO - SL_MODE_POC | BACKTEST | POC=69388.82 | dist=308.72 | buffer=50% | SL=69543.19
2026-02-10 19:55:22 - zone_v2_alerts - INFO - BLOCKED_SEQUENTIAL | BACKTEST | zv2_BACKTEST_13 | DOWN | open_trades=1
2026-02-10 19:55:22 - zone_v2_alerts - INFO - LOSS | BACKTEST | zv2_BACKTEST_12 | UP | pnl=-1R
2026-02-10 19:55:22 - zone_v2_alerts - INFO - ZONE_BUILDING | BACKTEST | #14 | 02/10 18:56 - 02/10 19:03 | bars=8
2026-02-10 19:55:22 - zone_v2_alerts - INFO - ZONE_COMPLETE | BACKTEST | #zv2_BACKTEST_14 | 02/10 18:56 - 02/10 19:36 | bars=41 | range=68650.00-69268.30 | POC=68887.01 | VAH=69000.37 | VAL=68753.05
2026-02-10 19:55:22 - zone_v2_alerts - INFO - SL_MODE_POC | BACKTEST | POC=68887.01 | dist=303.18 | buffer=50% | SL=68735.42
2026-02-10 19:55:22 - zone_v2_alerts - INFO - BREAKOUT | BACKTEST | zv2_BACKTEST_14 | UP | VA_BREAKOUT | entry=69190.20 | SL=68735.42 | TP=69644.98 | R=454.78
2026-02-10 19:55:22 - zone_v2_alerts - INFO - ZONE_BUILDING | BACKTEST | #15 | 02/10 19:38 - 02/10 19:45 | bars=8
2026-02-10 19:55:22 - zone_v2_alerts - INFO - ZONE_COMPLETE | BACKTEST | #zv2_BACKTEST_15 | 02/10 19:38 - 02/10 20:11 | bars=34 | range=68804.70-69266.30 | POC=69166.29 | VAH=69235.53 | VAL=69004.73
2026-02-10 19:55:22 - zone_v2_alerts - INFO - LOSS | BACKTEST | zv2_BACKTEST_14 | UP | pnl=-1R
2026-02-10 19:55:22 - zone_v2_alerts - INFO - SL_MODE_POC | BACKTEST | POC=69166.29 | dist=441.59 | buffer=50% | SL=69387.08
2026-02-10 19:55:22 - zone_v2_alerts - INFO - BREAKOUT | BACKTEST | zv2_BACKTEST_15 | DOWN | VA_BREAKOUT | entry=68724.70 | SL=69387.08 | TP=68062.32 | R=662.38
2026-02-10 19:55:22 - zone_v2_alerts - INFO - ZONE_BUILDING | BACKTEST | #16 | 02/10 20:14 - 02/10 20:21 | bars=8
2026-02-10 19:55:22 - zone_v2_alerts - INFO - ZONE_COMPLETE | BACKTEST | #zv2_BACKTEST_16 | 02/10 20:14 - 02/10 21:30 | bars=77 | range=68509.40-68978.70 | POC=68783.16 | VAH=68884.84 | VAL=68697.12
2026-02-10 19:55:22 - zone_v2_alerts - INFO - SL_MODE_POC | BACKTEST | POC=68783.16 | dist=372.06 | buffer=50% | SL=68969.19
2026-02-10 19:55:22 - zone_v2_alerts - INFO - BLOCKED_SEQUENTIAL | BACKTEST | zv2_BACKTEST_16 | DOWN | open_trades=1
2026-02-10 19:55:22 - zone_v2_alerts - INFO - ZONE_BUILDING | BACKTEST | #17 | 02/10 22:00 - 02/10 22:07 | bars=8
2026-02-10 19:55:22 - zone_v2_alerts - INFO - ZONE_COMPLETE | BACKTEST | #zv2_BACKTEST_17 | 02/10 22:00 - 02/11 00:21 | bars=142 | range=68471.30-68999.90 | POC=68621.07 | VAH=68806.08 | VAL=68559.40
2026-02-10 19:55:22 - zone_v2_alerts - INFO - SL_MODE_POC | BACKTEST | POC=68621.07 | dist=384.93 | buffer=50% | SL=68428.61
2026-02-10 19:55:22 - zone_v2_alerts - INFO - BLOCKED_SEQUENTIAL | BACKTEST | zv2_BACKTEST_17 | UP | open_trades=1
2026-02-10 19:55:22 - zone_v2 - INFO - [BACKTEST] Warmup completado: 210 velas, ATR=210, SMA=210
2026-02-10 19:55:22 - zone_v2_alerts - INFO - ZONE_BUILDING | BACKTEST | #1 | 02/10 04:36 - 02/10 04:43 | bars=8
2026-02-10 19:55:22 - zone_v2_alerts - INFO - ZONE_COMPLETE | BACKTEST | #zv2_BACKTEST_1 | 02/10 04:36 - 02/10 05:31 | bars=56 | range=69371.00-69874.90 | POC=69681.74 | VAH=69807.71 | VAL=69522.17
2026-02-10 19:55:22 - zone_v2_alerts - INFO - ZONE_BUILDING | BACKTEST | #2 | 02/10 05:33 - 02/10 05:40 | bars=8
2026-02-10 19:55:22 - zone_v2_alerts - INFO - ZONE_COMPLETE | BACKTEST | #zv2_BACKTEST_2 | 02/10 05:33 - 02/10 05:42 | bars=10 | range=69328.10-69665.50 | POC=69592.40 | VAH=69631.76 | VAL=69418.07
2026-02-10 19:55:22 - zone_v2_alerts - INFO - SL_MODE_POC | BACKTEST | POC=69681.74 | dist=411.24 | buffer=50% | SL=69887.36
2026-02-10 19:55:22 - zone_v2_alerts - INFO - BREAKOUT | BACKTEST | zv2_BACKTEST_1 | DOWN | VA_BREAKOUT | entry=69270.50 | SL=69887.36 | TP=68653.64 | R=616.86
2026-02-10 19:55:22 - zone_v2_alerts - INFO - SL_MODE_POC | BACKTEST | POC=69592.40 | dist=232.40 | buffer=50% | SL=69708.60
2026-02-10 19:55:22 - zone_v2_alerts - INFO - BLOCKED_SEQUENTIAL | BACKTEST | zv2_BACKTEST_2 | DOWN | open_trades=1
2026-02-10 19:55:22 - zone_v2_alerts - INFO - ZONE_BUILDING | BACKTEST | #3 | 02/10 05:51 - 02/10 05:58 | bars=8
2026-02-10 19:55:22 - zone_v2_alerts - INFO - ZONE_COMPLETE | BACKTEST | #zv2_BACKTEST_3 | 02/10 05:51 - 02/10 06:21 | bars=31 | range=69117.50-69465.20 | POC=69297.15 | VAH=69418.84 | VAL=69256.58
2026-02-10 19:55:22 - zone_v2_alerts - INFO - SL_MODE_POC | BACKTEST | POC=69297.15 | dist=170.95 | buffer=50% | SL=69382.62
2026-02-10 19:55:22 - zone_v2_alerts - INFO - BLOCKED_SEQUENTIAL | BACKTEST | zv2_BACKTEST_3 | DOWN | open_trades=1
2026-02-10 19:55:22 - zone_v2_alerts - INFO - ZONE_BUILDING | BACKTEST | #4 | 02/10 06:24 - 02/10 06:31 | bars=8
2026-02-10 19:55:22 - zone_v2_alerts - INFO - ZONE_COMPLETE | BACKTEST | #zv2_BACKTEST_4 | 02/10 06:24 - 02/10 06:45 | bars=22 | range=68865.40-69259.50 | POC=69016.47 | VAH=69154.41 | VAL=68957.36
2026-02-10 19:55:22 - zone_v2_alerts - INFO - SL_MODE_POC | BACKTEST | POC=69016.47 | dist=232.37 | buffer=50% | SL=69132.66
2026-02-10 19:55:22 - zone_v2_alerts - INFO - BLOCKED_SEQUENTIAL | BACKTEST | zv2_BACKTEST_4 | DOWN | open_trades=1
2026-02-10 19:55:22 - zone_v2_alerts - INFO - WIN | BACKTEST | zv2_BACKTEST_1 | DOWN | pnl=+1R
2026-02-10 19:55:22 - zone_v2_alerts - INFO - ZONE_BUILDING | BACKTEST | #5 | 02/10 07:17 - 02/10 07:24 | bars=8
2026-02-10 19:55:22 - zone_v2_alerts - INFO - ZONE_COMPLETE | BACKTEST | #zv2_BACKTEST_5 | 02/10 07:17 - 02/10 09:03 | bars=107 | range=68680.60-69287.10 | POC=68913.09 | VAH=69105.15 | VAL=68842.33
2026-02-10 19:55:22 - zone_v2_alerts - INFO - SL_MODE_POC | BACKTEST | POC=68913.09 | dist=302.51 | buffer=50% | SL=68761.84
2026-02-10 19:55:22 - zone_v2_alerts - INFO - BREAKOUT | BACKTEST | zv2_BACKTEST_5 | UP | VA_BREAKOUT | entry=69215.60 | SL=68761.84 | TP=69669.36 | R=453.76
2026-02-10 19:55:22 - zone_v2_alerts - INFO - ZONE_BUILDING | BACKTEST | #6 | 02/10 09:05 - 02/10 09:12 | bars=8
2026-02-10 19:55:22 - zone_v2_alerts - INFO - ZONE_COMPLETE | BACKTEST | #zv2_BACKTEST_6 | 02/10 09:05 - 02/10 11:41 | bars=157 | range=68783.90-69385.20 | POC=68994.35 | VAH=69184.77 | VAL=68823.99
2026-02-10 19:55:22 - zone_v2_alerts - INFO - LOSS | BACKTEST | zv2_BACKTEST_5 | UP | pnl=-1R
2026-02-10 19:55:22 - zone_v2_alerts - INFO - SL_MODE_POC | BACKTEST | POC=68994.35 | dist=363.25 | buffer=50% | SL=69175.98
2026-02-10 19:55:22 - zone_v2_alerts - INFO - BREAKOUT | BACKTEST | zv2_BACKTEST_6 | DOWN | VA_BREAKOUT | entry=68631.10 | SL=69175.98 | TP=68086.22 | R=544.88
2026-02-10 19:55:22 - zone_v2_alerts - INFO - ZONE_BUILDING | BACKTEST | #7 | 02/10 12:21 - 02/10 12:28 | bars=8
2026-02-10 19:55:22 - zone_v2_alerts - INFO - ZONE_COMPLETE | BACKTEST | #zv2_BACKTEST_7 | 02/10 12:21 - 02/10 12:44 | bars=24 | range=68518.30-68819.90 | POC=68744.50 | VAH=68819.90 | VAL=68608.78
2026-02-10 19:55:22 - zone_v2_alerts - INFO - SL_MODE_POC | BACKTEST | POC=68744.50 | dist=196.00 | buffer=50% | SL=68842.50
2026-02-10 19:55:22 - zone_v2_alerts - INFO - BLOCKED_SEQUENTIAL | BACKTEST | zv2_BACKTEST_7 | DOWN | open_trades=1
2026-02-10 19:55:22 - zone_v2_alerts - INFO - ZONE_BUILDING | BACKTEST | #8 | 02/10 12:46 - 02/10 12:53 | bars=8
2026-02-10 19:55:22 - zone_v2_alerts - INFO - ZONE_COMPLETE | BACKTEST | #zv2_BACKTEST_8 | 02/10 12:46 - 02/10 13:31 | bars=46 | range=68286.20-68768.00 | POC=68486.95 | VAH=68607.40 | VAL=68414.68
2026-02-10 19:55:22 - zone_v2_alerts - INFO - SL_MODE_POC | BACKTEST | POC=68486.95 | dist=500.15 | buffer=50% | SL=68236.88
2026-02-10 19:55:22 - zone_v2_alerts - INFO - BLOCKED_SEQUENTIAL | BACKTEST | zv2_BACKTEST_8 | UP | open_trades=1
2026-02-10 19:55:22 - zone_v2_alerts - INFO - ZONE_BUILDING | BACKTEST | #9 | 02/10 14:01 - 02/10 14:08 | bars=8
2026-02-10 19:55:22 - zone_v2_alerts - INFO - LOSS | BACKTEST | zv2_BACKTEST_6 | DOWN | pnl=-1R
2026-02-10 19:55:22 - zone_v2_alerts - INFO - ZONE_COMPLETE | BACKTEST | #zv2_BACKTEST_9 | 02/10 14:01 - 02/10 14:15 | bars=15 | range=68831.90-69185.00 | POC=69084.96 | VAH=69185.00 | VAL=69020.22
2026-02-10 19:55:22 - zone_v2_alerts - INFO - SL_MODE_POC | BACKTEST | POC=69084.96 | dist=421.04 | buffer=50% | SL=68874.43
2026-02-10 19:55:22 - zone_v2_alerts - INFO - BREAKOUT | BACKTEST | zv2_BACKTEST_9 | UP | VA_BREAKOUT | entry=69506.00 | SL=68874.43 | TP=70137.57 | R=631.57
2026-02-10 19:55:22 - zone_v2_alerts - INFO - LOSS | BACKTEST | zv2_BACKTEST_9 | UP | pnl=-1R
2026-02-10 19:55:22 - zone_v2_alerts - INFO - ZONE_BUILDING | BACKTEST | #10 | 02/10 15:52 - 02/10 15:59 | bars=8
2026-02-10 19:55:22 - zone_v2_alerts - INFO - ZONE_COMPLETE | BACKTEST | #zv2_BACKTEST_10 | 02/10 15:52 - 02/10 16:13 | bars=22 | range=68900.10-69386.70 | POC=69232.61 | VAH=69354.26 | VAL=69046.08
2026-02-10 19:55:22 - zone_v2_alerts - INFO - SL_MODE_POC | BACKTEST | POC=69232.61 | dist=314.39 | buffer=50% | SL=69075.42
2026-02-10 19:55:22 - zone_v2_alerts - INFO - BREAKOUT | BACKTEST | zv2_BACKTEST_10 | UP | VA_BREAKOUT | entry=69547.00 | SL=69075.42 | TP=70018.58 | R=471.58
2026-02-10 19:55:22 - zone_v2_alerts - INFO - ZONE_BUILDING | BACKTEST | #11 | 02/10 16:16 - 02/10 16:23 | bars=8
2026-02-10 19:55:22 - zone_v2_alerts - INFO - ZONE_COMPLETE | BACKTEST | #zv2_BACKTEST_11 | 02/10 16:16 - 02/10 18:20 | bars=125 | range=69224.70-69982.20 | POC=69388.82 | VAH=69754.95 | VAL=69300.45
2026-02-10 19:55:22 - zone_v2_alerts - INFO - SL_MODE_POC | BACKTEST | POC=69388.82 | dist=308.72 | buffer=50% | SL=69543.19
2026-02-10 19:55:22 - zone_v2_alerts - INFO - BLOCKED_SEQUENTIAL | BACKTEST | zv2_BACKTEST_11 | DOWN | open_trades=1
2026-02-10 19:55:22 - zone_v2_alerts - INFO - LOSS | BACKTEST | zv2_BACKTEST_10 | UP | pnl=-1R
2026-02-10 19:55:22 - zone_v2_alerts - INFO - ZONE_BUILDING | BACKTEST | #12 | 02/10 18:55 - 02/10 19:02 | bars=8
2026-02-10 19:55:22 - zone_v2_alerts - INFO - ZONE_COMPLETE | BACKTEST | #zv2_BACKTEST_12 | 02/10 18:55 - 02/10 19:36 | bars=42 | range=68650.00-69268.30 | POC=68845.79 | VAH=69000.37 | VAL=68753.05
2026-02-10 19:55:22 - zone_v2_alerts - INFO - SL_MODE_POC | BACKTEST | POC=68845.79 | dist=344.40 | buffer=50% | SL=68673.59
2026-02-10 19:55:22 - zone_v2_alerts - INFO - BREAKOUT | BACKTEST | zv2_BACKTEST_12 | UP | VA_BREAKOUT | entry=69190.20 | SL=68673.59 | TP=69706.81 | R=516.61
2026-02-10 19:55:22 - zone_v2_alerts - INFO - ZONE_BUILDING | BACKTEST | #13 | 02/10 19:38 - 02/10 19:45 | bars=8
2026-02-10 19:55:22 - zone_v2_alerts - INFO - ZONE_COMPLETE | BACKTEST | #zv2_BACKTEST_13 | 02/10 19:38 - 02/10 20:11 | bars=34 | range=68804.70-69266.30 | POC=69166.29 | VAH=69235.53 | VAL=69004.73
2026-02-10 19:55:22 - zone_v2_alerts - INFO - SL_MODE_POC | BACKTEST | POC=69166.29 | dist=441.59 | buffer=50% | SL=69387.08
2026-02-10 19:55:22 - zone_v2_alerts - INFO - BLOCKED_SEQUENTIAL | BACKTEST | zv2_BACKTEST_13 | DOWN | open_trades=1
2026-02-10 19:55:22 - zone_v2_alerts - INFO - ZONE_BUILDING | BACKTEST | #14 | 02/10 20:14 - 02/10 20:21 | bars=8
2026-02-10 19:55:22 - zone_v2_alerts - INFO - LOSS | BACKTEST | zv2_BACKTEST_12 | UP | pnl=-1R
2026-02-10 19:55:22 - zone_v2_alerts - INFO - ZONE_COMPLETE | BACKTEST | #zv2_BACKTEST_14 | 02/10 20:14 - 02/10 21:30 | bars=77 | range=68509.40-68978.70 | POC=68783.16 | VAH=68884.84 | VAL=68697.12
2026-02-10 19:55:22 - zone_v2_alerts - INFO - SL_MODE_POC | BACKTEST | POC=68783.16 | dist=372.06 | buffer=50% | SL=68969.19
2026-02-10 19:55:22 - zone_v2_alerts - INFO - BREAKOUT | BACKTEST | zv2_BACKTEST_14 | DOWN | VA_BREAKOUT | entry=68411.10 | SL=68969.19 | TP=67853.01 | R=558.09
2026-02-10 19:55:22 - zone_v2_alerts - INFO - ZONE_BUILDING | BACKTEST | #15 | 02/10 21:58 - 02/10 22:05 | bars=8
2026-02-10 19:55:22 - zone_v2_alerts - INFO - LOSS | BACKTEST | zv2_BACKTEST_14 | DOWN | pnl=-1R
2026-02-10 19:55:22 - zone_v2_alerts - INFO - ZONE_COMPLETE | BACKTEST | #zv2_BACKTEST_15 | 02/10 21:58 - 02/11 00:25 | bars=148 | range=68471.30-69076.30 | POC=68622.55 | VAH=68834.30 | VAL=68551.97
2026-02-10 19:55:22 - zone_v2_alerts - INFO - SL_MODE_POC | BACKTEST | POC=68622.55 | dist=542.05 | buffer=50% | SL=68351.52
2026-02-10 19:55:22 - zone_v2_alerts - INFO - BREAKOUT | BACKTEST | zv2_BACKTEST_15 | UP | VA_BREAKOUT | entry=69164.60 | SL=68351.52 | TP=69977.68 | R=813.08
2026-02-10 19:55:22 - zone_v2 - INFO - [BACKTEST] Warmup completado: 260 velas, ATR=260, SMA=260
2026-02-10 19:55:22 - zone_v2_alerts - INFO - ZONE_BUILDING | BACKTEST | #1 | 02/10 05:33 - 02/10 05:40 | bars=8
2026-02-10 19:55:22 - zone_v2_alerts - INFO - ZONE_COMPLETE | BACKTEST | #zv2_BACKTEST_1 | 02/10 05:33 - 02/10 05:42 | bars=10 | range=69328.10-69665.50 | POC=69592.40 | VAH=69631.76 | VAL=69418.07
2026-02-10 19:55:22 - zone_v2_alerts - INFO - SL_MODE_POC | BACKTEST | POC=69592.40 | dist=232.40 | buffer=50% | SL=69708.60
2026-02-10 19:55:22 - zone_v2_alerts - INFO - BREAKOUT | BACKTEST | zv2_BACKTEST_1 | DOWN | VA_BREAKOUT | entry=69360.00 | SL=69708.60 | TP=69011.40 | R=348.60
2026-02-10 19:55:22 - zone_v2_alerts - INFO - ZONE_BUILDING | BACKTEST | #2 | 02/10 05:51 - 02/10 05:58 | bars=8
2026-02-10 19:55:22 - zone_v2_alerts - INFO - ZONE_COMPLETE | BACKTEST | #zv2_BACKTEST_2 | 02/10 05:51 - 02/10 06:21 | bars=31 | range=69117.50-69465.20 | POC=69297.15 | VAH=69418.84 | VAL=69256.58
2026-02-10 19:55:22 - zone_v2_alerts - INFO - SL_MODE_POC | BACKTEST | POC=69297.15 | dist=170.95 | buffer=50% | SL=69382.62
2026-02-10 19:55:22 - zone_v2_alerts - INFO - BLOCKED_SEQUENTIAL | BACKTEST | zv2_BACKTEST_2 | DOWN | open_trades=1
2026-02-10 19:55:22 - zone_v2_alerts - INFO - ZONE_BUILDING | BACKTEST | #3 | 02/10 06:24 - 02/10 06:31 | bars=8
2026-02-10 19:55:22 - zone_v2_alerts - INFO - WIN | BACKTEST | zv2_BACKTEST_1 | DOWN | pnl=+1R
2026-02-10 19:55:22 - zone_v2_alerts - INFO - ZONE_COMPLETE | BACKTEST | #zv2_BACKTEST_3 | 02/10 06:24 - 02/10 06:45 | bars=22 | range=68865.40-69259.50 | POC=69016.47 | VAH=69154.41 | VAL=68957.36
2026-02-10 19:55:22 - zone_v2_alerts - INFO - SL_MODE_POC | BACKTEST | POC=69016.47 | dist=232.37 | buffer=50% | SL=69132.66
2026-02-10 19:55:22 - zone_v2_alerts - INFO - BREAKOUT | BACKTEST | zv2_BACKTEST_3 | DOWN | VA_BREAKOUT | entry=68784.10 | SL=69132.66 | TP=68435.54 | R=348.56
2026-02-10 19:55:22 - zone_v2_alerts - INFO - LOSS | BACKTEST | zv2_BACKTEST_3 | DOWN | pnl=-1R
2026-02-10 19:55:22 - zone_v2_alerts - INFO - ZONE_BUILDING | BACKTEST | #4 | 02/10 07:17 - 02/10 07:24 | bars=8
2026-02-10 19:55:22 - zone_v2_alerts - INFO - ZONE_COMPLETE | BACKTEST | #zv2_BACKTEST_4 | 02/10 07:17 - 02/10 09:03 | bars=107 | range=68680.60-69287.10 | POC=68913.09 | VAH=69105.15 | VAL=68842.33
2026-02-10 19:55:22 - zone_v2_alerts - INFO - SL_MODE_POC | BACKTEST | POC=68913.09 | dist=302.51 | buffer=50% | SL=68761.84
2026-02-10 19:55:22 - zone_v2_alerts - INFO - BREAKOUT | BACKTEST | zv2_BACKTEST_4 | UP | VA_BREAKOUT | entry=69215.60 | SL=68761.84 | TP=69669.36 | R=453.76
2026-02-10 19:55:22 - zone_v2_alerts - INFO - ZONE_BUILDING | BACKTEST | #5 | 02/10 09:05 - 02/10 09:12 | bars=8
2026-02-10 19:55:22 - zone_v2_alerts - INFO - ZONE_COMPLETE | BACKTEST | #zv2_BACKTEST_5 | 02/10 09:05 - 02/10 11:41 | bars=157 | range=68783.90-69385.20 | POC=68994.35 | VAH=69184.77 | VAL=68823.99
2026-02-10 19:55:22 - zone_v2_alerts - INFO - LOSS | BACKTEST | zv2_BACKTEST_4 | UP | pnl=-1R
2026-02-10 19:55:22 - zone_v2_alerts - INFO - SL_MODE_POC | BACKTEST | POC=68994.35 | dist=363.25 | buffer=50% | SL=69175.98
2026-02-10 19:55:22 - zone_v2_alerts - INFO - BREAKOUT | BACKTEST | zv2_BACKTEST_5 | DOWN | VA_BREAKOUT | entry=68631.10 | SL=69175.98 | TP=68086.22 | R=544.88
2026-02-10 19:55:22 - zone_v2_alerts - INFO - ZONE_BUILDING | BACKTEST | #6 | 02/10 12:21 - 02/10 12:28 | bars=8
2026-02-10 19:55:22 - zone_v2_alerts - INFO - ZONE_COMPLETE | BACKTEST | #zv2_BACKTEST_6 | 02/10 12:21 - 02/10 12:44 | bars=24 | range=68518.30-68819.90 | POC=68744.50 | VAH=68819.90 | VAL=68608.78
2026-02-10 19:55:22 - zone_v2_alerts - INFO - SL_MODE_POC | BACKTEST | POC=68744.50 | dist=196.00 | buffer=50% | SL=68842.50
2026-02-10 19:55:22 - zone_v2_alerts - INFO - BLOCKED_SEQUENTIAL | BACKTEST | zv2_BACKTEST_6 | DOWN | open_trades=1
2026-02-10 19:55:22 - zone_v2_alerts - INFO - ZONE_BUILDING | BACKTEST | #7 | 02/10 12:46 - 02/10 12:53 | bars=8
2026-02-10 19:55:22 - zone_v2_alerts - INFO - ZONE_COMPLETE | BACKTEST | #zv2_BACKTEST_7 | 02/10 12:46 - 02/10 13:23 | bars=38 | range=68286.20-68719.20 | POC=68495.48 | VAH=68574.87 | VAL=68416.10
2026-02-10 19:55:22 - zone_v2_alerts - INFO - SL_MODE_POC | BACKTEST | POC=68495.48 | dist=192.12 | buffer=50% | SL=68399.42
2026-02-10 19:55:22 - zone_v2_alerts - INFO - BLOCKED_SEQUENTIAL | BACKTEST | zv2_BACKTEST_7 | UP | open_trades=1
2026-02-10 19:55:22 - zone_v2_alerts - INFO - ZONE_BUILDING | BACKTEST | #8 | 02/10 14:01 - 02/10 14:08 | bars=8
2026-02-10 19:55:22 - zone_v2_alerts - INFO - LOSS | BACKTEST | zv2_BACKTEST_5 | DOWN | pnl=-1R
2026-02-10 19:55:22 - zone_v2_alerts - INFO - ZONE_COMPLETE | BACKTEST | #zv2_BACKTEST_8 | 02/10 14:01 - 02/10 14:15 | bars=15 | range=68831.90-69185.00 | POC=69084.96 | VAH=69185.00 | VAL=69020.22
2026-02-10 19:55:22 - zone_v2_alerts - INFO - SL_MODE_POC | BACKTEST | POC=69084.96 | dist=421.04 | buffer=50% | SL=68874.43
2026-02-10 19:55:22 - zone_v2_alerts - INFO - BREAKOUT | BACKTEST | zv2_BACKTEST_8 | UP | VA_BREAKOUT | entry=69506.00 | SL=68874.43 | TP=70137.57 | R=631.57
2026-02-10 19:55:22 - zone_v2_alerts - INFO - LOSS | BACKTEST | zv2_BACKTEST_8 | UP | pnl=-1R
2026-02-10 19:55:22 - zone_v2_alerts - INFO - ZONE_BUILDING | BACKTEST | #9 | 02/10 15:52 - 02/10 15:59 | bars=8
2026-02-10 19:55:22 - zone_v2_alerts - INFO - ZONE_COMPLETE | BACKTEST | #zv2_BACKTEST_9 | 02/10 15:52 - 02/10 16:13 | bars=22 | range=68900.10-69386.70 | POC=69232.61 | VAH=69354.26 | VAL=69046.08
2026-02-10 19:55:22 - zone_v2_alerts - INFO - SL_MODE_POC | BACKTEST | POC=69232.61 | dist=314.39 | buffer=50% | SL=69075.42
2026-02-10 19:55:22 - zone_v2_alerts - INFO - BREAKOUT | BACKTEST | zv2_BACKTEST_9 | UP | VA_BREAKOUT | entry=69547.00 | SL=69075.42 | TP=70018.58 | R=471.58
2026-02-10 19:55:22 - zone_v2_alerts - INFO - ZONE_BUILDING | BACKTEST | #10 | 02/10 16:16 - 02/10 16:23 | bars=8
2026-02-10 19:55:22 - zone_v2_alerts - INFO - ZONE_COMPLETE | BACKTEST | #zv2_BACKTEST_10 | 02/10 16:16 - 02/10 18:20 | bars=125 | range=69224.70-69982.20 | POC=69388.82 | VAH=69754.95 | VAL=69300.45
2026-02-10 19:55:22 - zone_v2_alerts - INFO - SL_MODE_POC | BACKTEST | POC=69388.82 | dist=308.72 | buffer=50% | SL=69543.19
2026-02-10 19:55:22 - zone_v2_alerts - INFO - BLOCKED_SEQUENTIAL | BACKTEST | zv2_BACKTEST_10 | DOWN | open_trades=1
2026-02-10 19:55:22 - zone_v2_alerts - INFO - LOSS | BACKTEST | zv2_BACKTEST_9 | UP | pnl=-1R
2026-02-10 19:55:22 - zone_v2_alerts - INFO - ZONE_BUILDING | BACKTEST | #11 | 02/10 18:54 - 02/10 19:01 | bars=8
2026-02-10 19:55:22 - zone_v2_alerts - INFO - ZONE_COMPLETE | BACKTEST | #zv2_BACKTEST_11 | 02/10 18:54 - 02/10 19:36 | bars=43 | range=68650.00-69268.30 | POC=68804.57 | VAH=69000.37 | VAL=68753.05
2026-02-10 19:55:22 - zone_v2_alerts - INFO - SL_MODE_POC | BACKTEST | POC=68804.57 | dist=385.62 | buffer=50% | SL=68611.76
2026-02-10 19:55:22 - zone_v2_alerts - INFO - BREAKOUT | BACKTEST | zv2_BACKTEST_11 | UP | VA_BREAKOUT | entry=69190.20 | SL=68611.76 | TP=69768.64 | R=578.44
2026-02-10 19:55:22 - zone_v2_alerts - INFO - ZONE_BUILDING | BACKTEST | #12 | 02/10 19:38 - 02/10 19:45 | bars=8
2026-02-10 19:55:22 - zone_v2_alerts - INFO - LOSS | BACKTEST | zv2_BACKTEST_11 | UP | pnl=-1R
2026-02-10 19:55:22 - zone_v2_alerts - INFO - ZONE_COMPLETE | BACKTEST | #zv2_BACKTEST_12 | 02/10 19:38 - 02/10 21:30 | bars=113 | range=68509.40-69266.30 | POC=68799.54 | VAH=68963.54 | VAL=68635.55
2026-02-10 19:55:22 - zone_v2_alerts - INFO - SL_MODE_POC | BACKTEST | POC=68799.54 | dist=388.44 | buffer=50% | SL=68993.77
2026-02-10 19:55:22 - zone_v2_alerts - INFO - BREAKOUT | BACKTEST | zv2_BACKTEST_12 | DOWN | VA_BREAKOUT | entry=68411.10 | SL=68993.77 | TP=67828.43 | R=582.67
2026-02-10 19:55:22 - zone_v2_alerts - INFO - ZONE_BUILDING | BACKTEST | #13 | 02/10 21:58 - 02/10 22:05 | bars=8
2026-02-10 19:55:22 - zone_v2_alerts - INFO - LOSS | BACKTEST | zv2_BACKTEST_12 | DOWN | pnl=-1R
2026-02-10 19:55:22 - zone_v2_alerts - INFO - ZONE_COMPLETE | BACKTEST | #zv2_BACKTEST_13 | 02/10 21:58 - 02/11 00:25 | bars=148 | range=68471.30-69076.30 | POC=68622.55 | VAH=68834.30 | VAL=68551.97
2026-02-10 19:55:22 - zone_v2_alerts - INFO - SL_MODE_POC | BACKTEST | POC=68622.55 | dist=542.05 | buffer=50% | SL=68351.52
2026-02-10 19:55:22 - zone_v2_alerts - INFO - BREAKOUT | BACKTEST | zv2_BACKTEST_13 | UP | VA_BREAKOUT | entry=69164.60 | SL=68351.52 | TP=69977.68 | R=813.08
2026-02-10 19:55:22 - zone_v2 - INFO - [BACKTEST] Warmup completado: 310 velas, ATR=310, SMA=310
2026-02-10 19:55:22 - zone_v2_alerts - INFO - ZONE_BUILDING | BACKTEST | #1 | 02/10 06:24 - 02/10 06:31 | bars=8
2026-02-10 19:55:22 - zone_v2_alerts - INFO - ZONE_COMPLETE | BACKTEST | #zv2_BACKTEST_1 | 02/10 06:24 - 02/10 06:45 | bars=22 | range=68865.40-69259.50 | POC=69016.47 | VAH=69154.41 | VAL=68957.36
2026-02-10 19:55:22 - zone_v2_alerts - INFO - SL_MODE_POC | BACKTEST | POC=69016.47 | dist=232.37 | buffer=50% | SL=69132.66
2026-02-10 19:55:22 - zone_v2_alerts - INFO - BREAKOUT | BACKTEST | zv2_BACKTEST_1 | DOWN | VA_BREAKOUT | entry=68784.10 | SL=69132.66 | TP=68435.54 | R=348.56
2026-02-10 19:55:22 - zone_v2_alerts - INFO - LOSS | BACKTEST | zv2_BACKTEST_1 | DOWN | pnl=-1R
2026-02-10 19:55:22 - zone_v2_alerts - INFO - ZONE_BUILDING | BACKTEST | #2 | 02/10 07:17 - 02/10 07:24 | bars=8
2026-02-10 19:55:22 - zone_v2_alerts - INFO - ZONE_COMPLETE | BACKTEST | #zv2_BACKTEST_2 | 02/10 07:17 - 02/10 09:03 | bars=107 | range=68680.60-69287.10 | POC=68913.09 | VAH=69105.15 | VAL=68842.33
2026-02-10 19:55:22 - zone_v2_alerts - INFO - SL_MODE_POC | BACKTEST | POC=68913.09 | dist=302.51 | buffer=50% | SL=68761.84
2026-02-10 19:55:22 - zone_v2_alerts - INFO - BREAKOUT | BACKTEST | zv2_BACKTEST_2 | UP | VA_BREAKOUT | entry=69215.60 | SL=68761.84 | TP=69669.36 | R=453.76
2026-02-10 19:55:22 - zone_v2_alerts - INFO - ZONE_BUILDING | BACKTEST | #3 | 02/10 09:05 - 02/10 09:12 | bars=8
2026-02-10 19:55:22 - zone_v2_alerts - INFO - ZONE_COMPLETE | BACKTEST | #zv2_BACKTEST_3 | 02/10 09:05 - 02/10 11:41 | bars=157 | range=68783.90-69385.20 | POC=68994.35 | VAH=69184.77 | VAL=68823.99
2026-02-10 19:55:22 - zone_v2_alerts - INFO - LOSS | BACKTEST | zv2_BACKTEST_2 | UP | pnl=-1R
2026-02-10 19:55:22 - zone_v2_alerts - INFO - SL_MODE_POC | BACKTEST | POC=68994.35 | dist=363.25 | buffer=50% | SL=69175.98
2026-02-10 19:55:22 - zone_v2_alerts - INFO - BREAKOUT | BACKTEST | zv2_BACKTEST_3 | DOWN | VA_BREAKOUT | entry=68631.10 | SL=69175.98 | TP=68086.22 | R=544.88
2026-02-10 19:55:22 - zone_v2_alerts - INFO - ZONE_BUILDING | BACKTEST | #4 | 02/10 12:21 - 02/10 12:28 | bars=8
2026-02-10 19:55:22 - zone_v2_alerts - INFO - ZONE_COMPLETE | BACKTEST | #zv2_BACKTEST_4 | 02/10 12:21 - 02/10 12:44 | bars=24 | range=68518.30-68819.90 | POC=68744.50 | VAH=68819.90 | VAL=68608.78
2026-02-10 19:55:22 - zone_v2_alerts - INFO - SL_MODE_POC | BACKTEST | POC=68744.50 | dist=196.00 | buffer=50% | SL=68842.50
2026-02-10 19:55:22 - zone_v2_alerts - INFO - BLOCKED_SEQUENTIAL | BACKTEST | zv2_BACKTEST_4 | DOWN | open_trades=1
2026-02-10 19:55:22 - zone_v2_alerts - INFO - ZONE_BUILDING | BACKTEST | #5 | 02/10 12:46 - 02/10 12:53 | bars=8
2026-02-10 19:55:22 - zone_v2_alerts - INFO - ZONE_COMPLETE | BACKTEST | #zv2_BACKTEST_5 | 02/10 12:46 - 02/10 13:23 | bars=38 | range=68286.20-68719.20 | POC=68495.48 | VAH=68574.87 | VAL=68416.10
2026-02-10 19:55:22 - zone_v2_alerts - INFO - SL_MODE_POC | BACKTEST | POC=68495.48 | dist=192.12 | buffer=50% | SL=68399.42
2026-02-10 19:55:22 - zone_v2_alerts - INFO - BLOCKED_SEQUENTIAL | BACKTEST | zv2_BACKTEST_5 | UP | open_trades=1
2026-02-10 19:55:22 - zone_v2_alerts - INFO - ZONE_BUILDING | BACKTEST | #6 | 02/10 14:01 - 02/10 14:08 | bars=8
2026-02-10 19:55:22 - zone_v2_alerts - INFO - LOSS | BACKTEST | zv2_BACKTEST_3 | DOWN | pnl=-1R
2026-02-10 19:55:22 - zone_v2_alerts - INFO - ZONE_COMPLETE | BACKTEST | #zv2_BACKTEST_6 | 02/10 14:01 - 02/10 14:15 | bars=15 | range=68831.90-69185.00 | POC=69084.96 | VAH=69185.00 | VAL=69020.22
2026-02-10 19:55:22 - zone_v2_alerts - INFO - SL_MODE_POC | BACKTEST | POC=69084.96 | dist=421.04 | buffer=50% | SL=68874.43
2026-02-10 19:55:22 - zone_v2_alerts - INFO - BREAKOUT | BACKTEST | zv2_BACKTEST_6 | UP | VA_BREAKOUT | entry=69506.00 | SL=68874.43 | TP=70137.57 | R=631.57
2026-02-10 19:55:22 - zone_v2_alerts - INFO - LOSS | BACKTEST | zv2_BACKTEST_6 | UP | pnl=-1R
2026-02-10 19:55:22 - zone_v2_alerts - INFO - ZONE_BUILDING | BACKTEST | #7 | 02/10 15:55 - 02/10 16:02 | bars=8
2026-02-10 19:55:22 - zone_v2_alerts - INFO - ZONE_COMPLETE | BACKTEST | #zv2_BACKTEST_7 | 02/10 15:55 - 02/10 16:13 | bars=19 | range=68900.10-69386.70 | POC=69232.61 | VAH=69370.48 | VAL=69046.08
2026-02-10 19:55:22 - zone_v2_alerts - INFO - SL_MODE_POC | BACKTEST | POC=69232.61 | dist=314.39 | buffer=50% | SL=69075.42
2026-02-10 19:55:22 - zone_v2_alerts - INFO - BREAKOUT | BACKTEST | zv2_BACKTEST_7 | UP | VA_BREAKOUT | entry=69547.00 | SL=69075.42 | TP=70018.58 | R=471.58
2026-02-10 19:55:22 - zone_v2_alerts - INFO - ZONE_BUILDING | BACKTEST | #8 | 02/10 16:16 - 02/10 16:23 | bars=8
2026-02-10 19:55:22 - zone_v2_alerts - INFO - ZONE_COMPLETE | BACKTEST | #zv2_BACKTEST_8 | 02/10 16:16 - 02/10 18:20 | bars=125 | range=69224.70-69982.20 | POC=69388.82 | VAH=69754.95 | VAL=69300.45
2026-02-10 19:55:22 - zone_v2_alerts - INFO - SL_MODE_POC | BACKTEST | POC=69388.82 | dist=308.72 | buffer=50% | SL=69543.19
2026-02-10 19:55:22 - zone_v2_alerts - INFO - BLOCKED_SEQUENTIAL | BACKTEST | zv2_BACKTEST_8 | DOWN | open_trades=1
2026-02-10 19:55:22 - zone_v2_alerts - INFO - LOSS | BACKTEST | zv2_BACKTEST_7 | UP | pnl=-1R
2026-02-10 19:55:22 - zone_v2_alerts - INFO - ZONE_BUILDING | BACKTEST | #9 | 02/10 18:55 - 02/10 19:02 | bars=8
2026-02-10 19:55:22 - zone_v2_alerts - INFO - ZONE_COMPLETE | BACKTEST | #zv2_BACKTEST_9 | 02/10 18:55 - 02/10 21:30 | bars=156 | range=68509.40-69268.30 | POC=68800.31 | VAH=68990.04 | VAL=68686.48
2026-02-10 19:55:22 - zone_v2_alerts - INFO - SL_MODE_POC | BACKTEST | POC=68800.31 | dist=389.21 | buffer=50% | SL=68994.92
2026-02-10 19:55:22 - zone_v2_alerts - INFO - BREAKOUT | BACKTEST | zv2_BACKTEST_9 | DOWN | VA_BREAKOUT | entry=68411.10 | SL=68994.92 | TP=67827.28 | R=583.82
2026-02-10 19:55:22 - zone_v2_alerts - INFO - ZONE_BUILDING | BACKTEST | #10 | 02/10 21:58 - 02/10 22:05 | bars=8
2026-02-10 19:55:22 - zone_v2_alerts - INFO - LOSS | BACKTEST | zv2_BACKTEST_9 | DOWN | pnl=-1R
2026-02-10 19:55:22 - zone_v2_alerts - INFO - ZONE_COMPLETE | BACKTEST | #zv2_BACKTEST_10 | 02/10 21:58 - 02/11 00:25 | bars=148 | range=68471.30-69076.30 | POC=68622.55 | VAH=68834.30 | VAL=68551.97
2026-02-10 19:55:22 - zone_v2_alerts - INFO - SL_MODE_POC | BACKTEST | POC=68622.55 | dist=542.05 | buffer=50% | SL=68351.52
2026-02-10 19:55:22 - zone_v2_alerts - INFO - BREAKOUT | BACKTEST | zv2_BACKTEST_10 | UP | VA_BREAKOUT | entry=69164.60 | SL=68351.52 | TP=69977.68 | R=813.08
2026-02-10 19:55:22 - zone_v2 - INFO - [BACKTEST] Warmup completado: 60 velas, ATR=60, SMA=60
2026-02-10 19:55:22 - zone_v2_alerts - INFO - ZONE_BUILDING | BACKTEST | #1 | 02/10 02:11 - 02/10 02:18 | bars=8
2026-02-10 19:55:22 - zone_v2_alerts - INFO - ZONE_COMPLETE | BACKTEST | #zv2_BACKTEST_1 | 02/10 02:11 - 02/10 02:41 | bars=31 | range=70053.60-70430.70 | POC=70097.60 | VAH=70279.86 | VAL=70053.60
2026-02-10 19:55:22 - zone_v2_alerts - INFO - SL_MODE_POC | BACKTEST | POC=70097.60 | dist=81.20 | buffer=50% | SL=70138.19
2026-02-10 19:55:22 - zone_v2_alerts - INFO - BREAKOUT | BACKTEST | zv2_BACKTEST_1 | DOWN | VA_BREAKOUT | entry=70016.40 | SL=70138.19 | TP=69894.61 | R=121.79
2026-02-10 19:55:22 - zone_v2_alerts - INFO - LOSS | BACKTEST | zv2_BACKTEST_1 | DOWN | pnl=-1R
2026-02-10 19:55:22 - zone_v2_alerts - INFO - ZONE_BUILDING | BACKTEST | #2 | 02/10 04:01 - 02/10 04:08 | bars=8
2026-02-10 19:55:22 - zone_v2_alerts - INFO - ZONE_COMPLETE | BACKTEST | #zv2_BACKTEST_2 | 02/10 04:01 - 02/10 04:11 | bars=11 | range=69487.40-69736.30 | POC=69657.48 | VAH=69728.00 | VAL=69628.44
2026-02-10 19:55:22 - zone_v2_alerts - INFO - ZONE_BUILDING | BACKTEST | #3 | 02/10 04:13 - 02/10 04:20 | bars=8
2026-02-10 19:55:22 - zone_v2_alerts - INFO - SL_MODE_POC | BACKTEST | POC=69657.48 | dist=109.62 | buffer=50% | SL=69602.67
2026-02-10 19:55:22 - zone_v2_alerts - INFO - BREAKOUT | BACKTEST | zv2_BACKTEST_2 | UP | VA_BREAKOUT | entry=69767.10 | SL=69602.67 | TP=69931.53 | R=164.43
2026-02-10 19:55:22 - zone_v2_alerts - INFO - LOSS | BACKTEST | zv2_BACKTEST_2 | UP | pnl=-1R
2026-02-10 19:55:22 - zone_v2_alerts - INFO - ZONE_COMPLETE | BACKTEST | #zv2_BACKTEST_3 | 02/10 04:13 - 02/10 05:19 | bars=67 | range=69572.80-69874.90 | POC=69688.60 | VAH=69774.20 | VAL=69613.08
2026-02-10 19:55:22 - zone_v2_alerts - INFO - SL_MODE_POC | BACKTEST | POC=69688.60 | dist=153.50 | buffer=50% | SL=69765.36
2026-02-10 19:55:22 - zone_v2_alerts - INFO - BREAKOUT | BACKTEST | zv2_BACKTEST_3 | DOWN | VA_BREAKOUT | entry=69535.10 | SL=69765.36 | TP=69304.84 | R=230.26
2026-02-10 19:55:22 - zone_v2_alerts - INFO - WIN | BACKTEST | zv2_BACKTEST_3 | DOWN | pnl=+1R
2026-02-10 19:55:22 - zone_v2_alerts - INFO - ZONE_BUILDING | BACKTEST | #4 | 02/10 06:24 - 02/10 06:31 | bars=8
2026-02-10 19:55:22 - zone_v2_alerts - INFO - ZONE_COMPLETE | BACKTEST | #zv2_BACKTEST_4 | 02/10 06:24 - 02/10 06:45 | bars=22 | range=68865.40-69259.50 | POC=69016.47 | VAH=69154.41 | VAL=68957.36
2026-02-10 19:55:22 - zone_v2_alerts - INFO - SL_MODE_POC | BACKTEST | POC=69016.47 | dist=232.37 | buffer=50% | SL=69132.66
2026-02-10 19:55:22 - zone_v2_alerts - INFO - BREAKOUT | BACKTEST | zv2_BACKTEST_4 | DOWN | VA_BREAKOUT | entry=68784.10 | SL=69132.66 | TP=68435.54 | R=348.56
2026-02-10 19:55:22 - zone_v2_alerts - INFO - LOSS | BACKTEST | zv2_BACKTEST_4 | DOWN | pnl=-1R
2026-02-10 19:55:22 - zone_v2_alerts - INFO - ZONE_BUILDING | BACKTEST | #5 | 02/10 07:19 - 02/10 07:26 | bars=8
2026-02-10 19:55:22 - zone_v2_alerts - INFO - ZONE_COMPLETE | BACKTEST | #zv2_BACKTEST_5 | 02/10 07:19 - 02/10 08:14 | bars=56 | range=68778.50-69112.40 | POC=68917.62 | VAH=69001.10 | VAL=68845.28
2026-02-10 19:55:22 - zone_v2_alerts - INFO - SL_MODE_POC | BACKTEST | POC=68917.62 | dist=201.82 | buffer=50% | SL=69018.54
2026-02-10 19:55:22 - zone_v2_alerts - INFO - BREAKOUT | BACKTEST | zv2_BACKTEST_5 | DOWN | VA_BREAKOUT | entry=68715.80 | SL=69018.54 | TP=68413.06 | R=302.74
2026-02-10 19:55:22 - zone_v2_alerts - INFO - LOSS | BACKTEST | zv2_BACKTEST_5 | DOWN | pnl=-1R
2026-02-10 19:55:22 - zone_v2_alerts - INFO - ZONE_BUILDING | BACKTEST | #6 | 02/10 08:46 - 02/10 08:53 | bars=8
2026-02-10 19:55:22 - zone_v2_alerts - INFO - ZONE_COMPLETE | BACKTEST | #zv2_BACKTEST_6 | 02/10 08:46 - 02/10 09:03 | bars=18 | range=69029.50-69287.10 | POC=69128.25 | VAH=69192.65 | VAL=69063.85
2026-02-10 19:55:22 - zone_v2_alerts - INFO - SL_MODE_POC | BACKTEST | POC=69128.25 | dist=87.35 | buffer=50% | SL=69084.57
2026-02-10 19:55:22 - zone_v2_alerts - INFO - BREAKOUT | BACKTEST | zv2_BACKTEST_6 | UP | VA_BREAKOUT | entry=69215.60 | SL=69084.57 | TP=69346.63 | R=131.03
2026-02-10 19:55:22 - zone_v2_alerts - INFO - ZONE_BUILDING | BACKTEST | #7 | 02/10 09:05 - 02/10 09:12 | bars=8
2026-02-10 19:55:22 - zone_v2_alerts - INFO - WIN | BACKTEST | zv2_BACKTEST_6 | UP | pnl=+1R
2026-02-10 19:55:22 - zone_v2_alerts - INFO - ZONE_COMPLETE | BACKTEST | #zv2_BACKTEST_7 | 02/10 09:05 - 02/10 09:47 | bars=43 | range=69073.60-69385.20 | POC=69244.98 | VAH=69343.65 | VAL=69198.24
2026-02-10 19:55:22 - zone_v2_alerts - INFO - SL_MODE_POC | BACKTEST | POC=69244.98 | dist=236.78 | buffer=50% | SL=69363.37
2026-02-10 19:55:22 - zone_v2_alerts - INFO - BREAKOUT | BACKTEST | zv2_BACKTEST_7 | DOWN | VA_BREAKOUT | entry=69008.20 | SL=69363.37 | TP=68653.03 | R=355.17
2026-02-10 19:55:22 - zone_v2_alerts - INFO - ZONE_BUILDING | BACKTEST | #8 | 02/10 09:50 - 02/10 09:57 | bars=8
2026-02-10 19:55:22 - zone_v2_alerts - INFO - ZONE_COMPLETE | BACKTEST | #zv2_BACKTEST_8 | 02/10 09:50 - 02/10 11:00 | bars=71 | range=68846.20-69221.00 | POC=68989.87 | VAH=69108.56 | VAL=68921.16
2026-02-10 19:55:22 - zone_v2_alerts - INFO - SL_MODE_POC | BACKTEST | POC=68989.87 | dist=139.87 | buffer=50% | SL=69059.81
2026-02-10 19:55:22 - zone_v2_alerts - INFO - BLOCKED_SEQUENTIAL | BACKTEST | zv2_BACKTEST_8 | DOWN | open_trades=1
2026-02-10 19:55:22 - zone_v2_alerts - INFO - ZONE_BUILDING | BACKTEST | #9 | 02/10 11:02 - 02/10 11:09 | bars=8
2026-02-10 19:55:22 - zone_v2_alerts - INFO - ZONE_COMPLETE | BACKTEST | #zv2_BACKTEST_9 | 02/10 11:02 - 02/10 11:41 | bars=40 | range=68801.00-69050.00 | POC=68946.25 | VAH=68991.90 | VAL=68842.50
2026-02-10 19:55:22 - zone_v2_alerts - INFO - SL_MODE_POC | BACKTEST | POC=68946.25 | dist=315.15 | buffer=50% | SL=69103.82
2026-02-10 19:55:22 - zone_v2_alerts - INFO - BLOCKED_SEQUENTIAL | BACKTEST | zv2_BACKTEST_9 | DOWN | open_trades=1
2026-02-10 19:55:22 - zone_v2_alerts - INFO - WIN | BACKTEST | zv2_BACKTEST_7 | DOWN | pnl=+1R
2026-02-10 19:55:22 - zone_v2_alerts - INFO - ZONE_BUILDING | BACKTEST | #10 | 02/10 12:26 - 02/10 12:33 | bars=8
2026-02-10 19:55:22 - zone_v2_alerts - INFO - ZONE_COMPLETE | BACKTEST | #zv2_BACKTEST_10 | 02/10 12:26 - 02/10 13:31 | bars=66 | range=68286.20-68819.90 | POC=68490.79 | VAH=68659.79 | VAL=68428.52
2026-02-10 19:55:22 - zone_v2_alerts - INFO - SL_MODE_POC | BACKTEST | POC=68490.79 | dist=496.32 | buffer=50% | SL=68242.63
2026-02-10 19:55:22 - zone_v2_alerts - INFO - BREAKOUT | BACKTEST | zv2_BACKTEST_10 | UP | VA_BREAKOUT | entry=68987.10 | SL=68242.63 | TP=69731.57 | R=744.47
2026-02-10 19:55:22 - zone_v2_alerts - INFO - ZONE_BUILDING | BACKTEST | #11 | 02/10 14:06 - 02/10 14:13 | bars=8
2026-02-10 19:55:22 - zone_v2_alerts - INFO - ZONE_COMPLETE | BACKTEST | #zv2_BACKTEST_11 | 02/10 14:06 - 02/10 14:15 | bars=10 | range=68864.60-69185.00 | POC=69094.22 | VAH=69163.64 | VAL=69046.16
2026-02-10 19:55:22 - zone_v2_alerts - INFO - SL_MODE_POC | BACKTEST | POC=69094.22 | dist=411.78 | buffer=50% | SL=68888.33
2026-02-10 19:55:22 - zone_v2_alerts - INFO - BLOCKED_SEQUENTIAL | BACKTEST | zv2_BACKTEST_11 | UP | open_trades=1
2026-02-10 19:55:22 - zone_v2_alerts - INFO - LOSS | BACKTEST | zv2_BACKTEST_10 | UP | pnl=-1R
2026-02-10 19:55:22 - zone_v2_alerts - INFO - ZONE_BUILDING | BACKTEST | #12 | 02/10 15:21 - 02/10 15:28 | bars=8
2026-02-10 19:55:22 - zone_v2_alerts - INFO - ZONE_COMPLETE | BACKTEST | #zv2_BACKTEST_12 | 02/10 15:21 - 02/10 16:13 | bars=53 | range=68852.60-69481.60 | POC=69240.48 | VAH=69376.77 | VAL=69083.23
2026-02-10 19:55:22 - zone_v2_alerts - INFO - SL_MODE_POC | BACKTEST | POC=69240.48 | dist=306.52 | buffer=50% | SL=69087.22
2026-02-10 19:55:22 - zone_v2_alerts - INFO - BREAKOUT | BACKTEST | zv2_BACKTEST_12 | UP | VA_BREAKOUT | entry=69547.00 | SL=69087.22 | TP=70006.78 | R=459.78
2026-02-10 19:55:22 - zone_v2_alerts - INFO - ZONE_BUILDING | BACKTEST | #13 | 02/10 16:16 - 02/10 16:23 | bars=8
2026-02-10 19:55:22 - zone_v2_alerts - INFO - ZONE_COMPLETE | BACKTEST | #zv2_BACKTEST_13 | 02/10 16:16 - 02/10 17:31 | bars=76 | range=69224.70-69786.80 | POC=69383.96 | VAH=69618.17 | VAL=69299.65
2026-02-10 19:55:22 - zone_v2_alerts - INFO - SL_MODE_POC | BACKTEST | POC=69383.96 | dist=383.04 | buffer=50% | SL=69192.44
2026-02-10 19:55:22 - zone_v2_alerts - INFO - BLOCKED_SEQUENTIAL | BACKTEST | zv2_BACKTEST_13 | UP | open_trades=1
2026-02-10 19:55:22 - zone_v2_alerts - INFO - ZONE_BUILDING | BACKTEST | #14 | 02/10 17:33 - 02/10 17:40 | bars=8
2026-02-10 19:55:22 - zone_v2_alerts - INFO - ZONE_COMPLETE | BACKTEST | #zv2_BACKTEST_14 | 02/10 17:33 - 02/10 18:20 | bars=48 | range=69356.10-69982.20 | POC=69825.68 | VAH=69940.46 | VAL=69669.15
2026-02-10 19:55:22 - zone_v2_alerts - INFO - SL_MODE_POC | BACKTEST | POC=69825.68 | dist=544.28 | buffer=50% | SL=70097.81
2026-02-10 19:55:22 - zone_v2_alerts - INFO - BLOCKED_SEQUENTIAL | BACKTEST | zv2_BACKTEST_14 | DOWN | open_trades=1
2026-02-10 19:55:22 - zone_v2_alerts - INFO - LOSS | BACKTEST | zv2_BACKTEST_12 | UP | pnl=-1R
2026-02-10 19:55:22 - zone_v2_alerts - INFO - ZONE_BUILDING | BACKTEST | #15 | 02/10 19:04 - 02/10 19:11 | bars=8
2026-02-10 19:55:22 - zone_v2_alerts - INFO - ZONE_COMPLETE | BACKTEST | #zv2_BACKTEST_15 | 02/10 19:04 - 02/10 19:34 | bars=31 | range=68650.00-69052.80 | POC=68817.83 | VAH=68918.53 | VAL=68743.99
2026-02-10 19:55:22 - zone_v2_alerts - INFO - SL_MODE_POC | BACKTEST | POC=68817.83 | dist=405.47 | buffer=50% | SL=68615.10
2026-02-10 19:55:22 - zone_v2_alerts - INFO - BREAKOUT | BACKTEST | zv2_BACKTEST_15 | UP | VA_BREAKOUT | entry=69223.30 | SL=68615.10 | TP=69831.50 | R=608.20
2026-02-10 19:55:22 - zone_v2_alerts - INFO - LOSS | BACKTEST | zv2_BACKTEST_15 | UP | pnl=-1R
2026-02-10 19:55:22 - zone_v2_alerts - INFO - ZONE_BUILDING | BACKTEST | #16 | 02/10 20:42 - 02/10 20:49 | bars=8
2026-02-10 19:55:22 - zone_v2_alerts - INFO - ZONE_COMPLETE | BACKTEST | #zv2_BACKTEST_16 | 02/10 20:42 - 02/10 21:28 | bars=47 | range=68655.10-68978.70 | POC=68789.93 | VAH=68881.62 | VAL=68719.82
2026-02-10 19:55:22 - zone_v2_alerts - INFO - SL_MODE_POC | BACKTEST | POC=68789.93 | dist=395.53 | buffer=50% | SL=68987.70
2026-02-10 19:55:22 - zone_v2_alerts - INFO - BREAKOUT | BACKTEST | zv2_BACKTEST_16 | DOWN | VA_BREAKOUT | entry=68394.40 | SL=68987.70 | TP=67801.10 | R=593.30
2026-02-10 19:55:22 - zone_v2_alerts - INFO - ZONE_BUILDING | BACKTEST | #17 | 02/10 22:11 - 02/10 22:18 | bars=8
2026-02-10 19:55:22 - zone_v2_alerts - INFO - ZONE_COMPLETE | BACKTEST | #zv2_BACKTEST_17 | 02/10 22:11 - 02/10 22:38 | bars=28 | range=68517.30-68789.80 | POC=68603.59 | VAH=68680.80 | VAL=68562.72
2026-02-10 19:55:22 - zone_v2_alerts - INFO - SL_MODE_POC | BACKTEST | POC=68603.59 | dist=146.81 | buffer=50% | SL=68530.19
2026-02-10 19:55:22 - zone_v2_alerts - INFO - BLOCKED_SEQUENTIAL | BACKTEST | zv2_BACKTEST_17 | UP | open_trades=1
2026-02-10 19:55:22 - zone_v2_alerts - INFO - ZONE_BUILDING | BACKTEST | #18 | 02/10 22:40 - 02/10 22:47 | bars=8
2026-02-10 19:55:22 - zone_v2_alerts - INFO - ZONE_COMPLETE | BACKTEST | #zv2_BACKTEST_18 | 02/10 22:40 - 02/10 23:48 | bars=69 | range=68471.30-68830.00 | POC=68632.71 | VAH=68710.43 | VAL=68566.95
2026-02-10 19:55:22 - zone_v2_alerts - INFO - SL_MODE_POC | BACKTEST | POC=68632.71 | dist=115.29 | buffer=50% | SL=68575.07
2026-02-10 19:55:22 - zone_v2_alerts - INFO - BLOCKED_SEQUENTIAL | BACKTEST | zv2_BACKTEST_18 | UP | open_trades=1
2026-02-10 19:55:22 - zone_v2_alerts - INFO - ZONE_BUILDING | BACKTEST | #19 | 02/10 23:50 - 02/10 23:57 | bars=8
2026-02-10 19:55:22 - zone_v2_alerts - INFO - ZONE_COMPLETE | BACKTEST | #zv2_BACKTEST_19 | 02/10 23:50 - 02/11 00:17 | bars=28 | range=68738.10-68955.50 | POC=68806.94 | VAH=68883.03 | VAL=68774.33
2026-02-10 19:55:22 - zone_v2_alerts - INFO - LOSS | BACKTEST | zv2_BACKTEST_16 | DOWN | pnl=-1R
2026-02-10 19:55:22 - zone_v2_alerts - INFO - SL_MODE_POC | BACKTEST | POC=68806.94 | dist=142.26 | buffer=50% | SL=68735.81
2026-02-10 19:55:22 - zone_v2_alerts - INFO - BREAKOUT | BACKTEST | zv2_BACKTEST_19 | UP | VA_BREAKOUT | entry=68949.20 | SL=68735.81 | TP=69162.59 | R=213.39
2026-02-10 19:55:22 - zone_v2_alerts - INFO - WIN | BACKTEST | zv2_BACKTEST_19 | UP | pnl=+1R
2026-02-10 19:55:22 - zone_v2 - INFO - [BACKTEST] Warmup completado: 110 velas, ATR=110, SMA=110
2026-02-10 19:55:22 - zone_v2_alerts - INFO - ZONE_BUILDING | BACKTEST | #1 | 02/10 04:13 - 02/10 04:20 | bars=8
2026-02-10 19:55:22 - zone_v2_alerts - INFO - ZONE_COMPLETE | BACKTEST | #zv2_BACKTEST_1 | 02/10 04:13 - 02/10 05:19 | bars=67 | range=69572.80-69874.90 | POC=69688.60 | VAH=69774.20 | VAL=69613.08
2026-02-10 19:55:22 - zone_v2_alerts - INFO - SL_MODE_POC | BACKTEST | POC=69688.60 | dist=153.50 | buffer=50% | SL=69765.36
2026-02-10 19:55:22 - zone_v2_alerts - INFO - BREAKOUT | BACKTEST | zv2_BACKTEST_1 | DOWN | VA_BREAKOUT | entry=69535.10 | SL=69765.36 | TP=69304.84 | R=230.26
2026-02-10 19:55:22 - zone_v2_alerts - INFO - WIN | BACKTEST | zv2_BACKTEST_1 | DOWN | pnl=+1R
2026-02-10 19:55:22 - zone_v2_alerts - INFO - ZONE_BUILDING | BACKTEST | #2 | 02/10 06:24 - 02/10 06:31 | bars=8
2026-02-10 19:55:22 - zone_v2_alerts - INFO - ZONE_COMPLETE | BACKTEST | #zv2_BACKTEST_2 | 02/10 06:24 - 02/10 06:45 | bars=22 | range=68865.40-69259.50 | POC=69016.47 | VAH=69154.41 | VAL=68957.36
2026-02-10 19:55:22 - zone_v2_alerts - INFO - SL_MODE_POC | BACKTEST | POC=69016.47 | dist=232.37 | buffer=50% | SL=69132.66
2026-02-10 19:55:22 - zone_v2_alerts - INFO - BREAKOUT | BACKTEST | zv2_BACKTEST_2 | DOWN | VA_BREAKOUT | entry=68784.10 | SL=69132.66 | TP=68435.54 | R=348.56
2026-02-10 19:55:22 - zone_v2_alerts - INFO - LOSS | BACKTEST | zv2_BACKTEST_2 | DOWN | pnl=-1R
2026-02-10 19:55:22 - zone_v2_alerts - INFO - ZONE_BUILDING | BACKTEST | #3 | 02/10 07:21 - 02/10 07:28 | bars=8
2026-02-10 19:55:22 - zone_v2_alerts - INFO - ZONE_COMPLETE | BACKTEST | #zv2_BACKTEST_3 | 02/10 07:21 - 02/10 08:30 | bars=70 | range=68680.60-69112.40 | POC=68918.09 | VAH=69054.83 | VAL=68853.32
2026-02-10 19:55:22 - zone_v2_alerts - INFO - SL_MODE_POC | BACKTEST | POC=68918.09 | dist=150.11 | buffer=50% | SL=68843.04
2026-02-10 19:55:22 - zone_v2_alerts - INFO - BREAKOUT | BACKTEST | zv2_BACKTEST_3 | UP | VA_BREAKOUT | entry=69068.20 | SL=68843.04 | TP=69293.36 | R=225.17
2026-02-10 19:55:22 - zone_v2_alerts - INFO - LOSS | BACKTEST | zv2_BACKTEST_3 | UP | pnl=-1R
2026-02-10 19:55:22 - zone_v2_alerts - INFO - ZONE_BUILDING | BACKTEST | #4 | 02/10 08:32 - 02/10 08:39 | bars=8
2026-02-10 19:55:22 - zone_v2_alerts - INFO - ZONE_COMPLETE | BACKTEST | #zv2_BACKTEST_4 | 02/10 08:32 - 02/10 09:02 | bars=31 | range=68796.00-69188.50 | POC=69064.21 | VAH=69188.50 | VAL=69018.42
2026-02-10 19:55:22 - zone_v2_alerts - INFO - SL_MODE_POC | BACKTEST | POC=69064.21 | dist=205.29 | buffer=50% | SL=68961.56
2026-02-10 19:55:22 - zone_v2_alerts - INFO - BREAKOUT | BACKTEST | zv2_BACKTEST_4 | UP | VA_BREAKOUT | entry=69269.50 | SL=68961.56 | TP=69577.44 | R=307.94
2026-02-10 19:55:22 - zone_v2_alerts - INFO - ZONE_BUILDING | BACKTEST | #5 | 02/10 09:06 - 02/10 09:13 | bars=8
2026-02-10 19:55:22 - zone_v2_alerts - INFO - ZONE_COMPLETE | BACKTEST | #zv2_BACKTEST_5 | 02/10 09:06 - 02/10 09:47 | bars=42 | range=69073.60-69385.20 | POC=69244.98 | VAH=69354.04 | VAL=69198.24
2026-02-10 19:55:22 - zone_v2_alerts - INFO - SL_MODE_POC | BACKTEST | POC=69244.98 | dist=236.78 | buffer=50% | SL=69363.37
2026-02-10 19:55:22 - zone_v2_alerts - INFO - BLOCKED_SEQUENTIAL | BACKTEST | zv2_BACKTEST_5 | DOWN | open_trades=1
2026-02-10 19:55:22 - zone_v2_alerts - INFO - LOSS | BACKTEST | zv2_BACKTEST_4 | UP | pnl=-1R
2026-02-10 19:55:22 - zone_v2_alerts - INFO - ZONE_BUILDING | BACKTEST | #6 | 02/10 09:50 - 02/10 09:57 | bars=8
2026-02-10 19:55:22 - zone_v2_alerts - INFO - ZONE_COMPLETE | BACKTEST | #zv2_BACKTEST_6 | 02/10 09:50 - 02/10 11:00 | bars=71 | range=68846.20-69221.00 | POC=68989.87 | VAH=69108.56 | VAL=68921.16
2026-02-10 19:55:22 - zone_v2_alerts - INFO - SL_MODE_POC | BACKTEST | POC=68989.87 | dist=139.87 | buffer=50% | SL=69059.81
2026-02-10 19:55:22 - zone_v2_alerts - INFO - BREAKOUT | BACKTEST | zv2_BACKTEST_6 | DOWN | VA_BREAKOUT | entry=68850.00 | SL=69059.81 | TP=68640.19 | R=209.81
2026-02-10 19:55:22 - zone_v2_alerts - INFO - ZONE_BUILDING | BACKTEST | #7 | 02/10 11:02 - 02/10 11:09 | bars=8
2026-02-10 19:55:22 - zone_v2_alerts - INFO - ZONE_COMPLETE | BACKTEST | #zv2_BACKTEST_7 | 02/10 11:02 - 02/10 11:32 | bars=31 | range=68801.00-68975.70 | POC=68937.85 | VAH=68964.05 | VAL=68865.06
2026-02-10 19:55:22 - zone_v2_alerts - INFO - SL_MODE_POC | BACKTEST | POC=68937.85 | dist=85.55 | buffer=50% | SL=68895.07
2026-02-10 19:55:22 - zone_v2_alerts - INFO - BLOCKED_SEQUENTIAL | BACKTEST | zv2_BACKTEST_7 | UP | open_trades=1
2026-02-10 19:55:22 - zone_v2_alerts - INFO - ZONE_BUILDING | BACKTEST | #8 | 02/10 11:34 - 02/10 11:41 | bars=8
2026-02-10 19:55:22 - zone_v2_alerts - INFO - ZONE_COMPLETE | BACKTEST | #zv2_BACKTEST_8 | 02/10 11:34 - 02/10 11:41 | bars=8 | range=68835.90-69047.20 | POC=69008.46 | VAH=69040.16 | VAL=68934.51
2026-02-10 19:55:22 - zone_v2_alerts - INFO - SL_MODE_POC | BACKTEST | POC=69008.46 | dist=377.36 | buffer=50% | SL=69197.14
2026-02-10 19:55:22 - zone_v2_alerts - INFO - BLOCKED_SEQUENTIAL | BACKTEST | zv2_BACKTEST_8 | DOWN | open_trades=1
2026-02-10 19:55:22 - zone_v2_alerts - INFO - WIN | BACKTEST | zv2_BACKTEST_6 | DOWN | pnl=+1R
2026-02-10 19:55:22 - zone_v2_alerts - INFO - ZONE_BUILDING | BACKTEST | #9 | 02/10 12:26 - 02/10 12:33 | bars=8
2026-02-10 19:55:22 - zone_v2_alerts - INFO - ZONE_COMPLETE | BACKTEST | #zv2_BACKTEST_9 | 02/10 12:26 - 02/10 13:31 | bars=66 | range=68286.20-68819.90 | POC=68490.79 | VAH=68659.79 | VAL=68428.52
2026-02-10 19:55:22 - zone_v2_alerts - INFO - SL_MODE_POC | BACKTEST | POC=68490.79 | dist=496.32 | buffer=50% | SL=68242.63
2026-02-10 19:55:22 - zone_v2_alerts - INFO - BREAKOUT | BACKTEST | zv2_BACKTEST_9 | UP | VA_BREAKOUT | entry=68987.10 | SL=68242.63 | TP=69731.57 | R=744.47
2026-02-10 19:55:22 - zone_v2_alerts - INFO - ZONE_BUILDING | BACKTEST | #10 | 02/10 14:06 - 02/10 14:13 | bars=8
2026-02-10 19:55:22 - zone_v2_alerts - INFO - ZONE_COMPLETE | BACKTEST | #zv2_BACKTEST_10 | 02/10 14:06 - 02/10 14:15 | bars=10 | range=68864.60-69185.00 | POC=69094.22 | VAH=69163.64 | VAL=69046.16
2026-02-10 19:55:22 - zone_v2_alerts - INFO - SL_MODE_POC | BACKTEST | POC=69094.22 | dist=411.78 | buffer=50% | SL=68888.33
2026-02-10 19:55:22 - zone_v2_alerts - INFO - BLOCKED_SEQUENTIAL | BACKTEST | zv2_BACKTEST_10 | UP | open_trades=1
2026-02-10 19:55:22 - zone_v2_alerts - INFO - LOSS | BACKTEST | zv2_BACKTEST_9 | UP | pnl=-1R
2026-02-10 19:55:22 - zone_v2_alerts - INFO - ZONE_BUILDING | BACKTEST | #11 | 02/10 15:41 - 02/10 15:48 | bars=8
2026-02-10 19:55:22 - zone_v2_alerts - INFO - ZONE_COMPLETE | BACKTEST | #zv2_BACKTEST_11 | 02/10 15:41 - 02/10 18:20 | bars=160 | range=68900.10-69982.20 | POC=69350.98 | VAH=69801.85 | VAL=69224.73
2026-02-10 19:55:22 - zone_v2_alerts - INFO - SL_MODE_POC | BACKTEST | POC=69350.98 | dist=508.58 | buffer=50% | SL=69605.26
2026-02-10 19:55:22 - zone_v2_alerts - INFO - BREAKOUT | BACKTEST | zv2_BACKTEST_11 | DOWN | VA_BREAKOUT | entry=68842.40 | SL=69605.26 | TP=68079.54 | R=762.86
2026-02-10 19:55:22 - zone_v2_alerts - INFO - ZONE_BUILDING | BACKTEST | #12 | 02/10 19:04 - 02/10 19:11 | bars=8
2026-02-10 19:55:22 - zone_v2_alerts - INFO - ZONE_COMPLETE | BACKTEST | #zv2_BACKTEST_12 | 02/10 19:04 - 02/10 19:36 | bars=33 | range=68650.00-69268.30 | POC=68804.57 | VAH=69000.37 | VAL=68711.83
2026-02-10 19:55:22 - zone_v2_alerts - INFO - SL_MODE_POC | BACKTEST | POC=68804.57 | dist=385.62 | buffer=50% | SL=68611.76
2026-02-10 19:55:22 - zone_v2_alerts - INFO - BLOCKED_SEQUENTIAL | BACKTEST | zv2_BACKTEST_12 | UP | open_trades=1
2026-02-10 19:55:22 - zone_v2_alerts - INFO - ZONE_BUILDING | BACKTEST | #13 | 02/10 19:38 - 02/10 19:45 | bars=8
2026-02-10 19:55:22 - zone_v2_alerts - INFO - ZONE_COMPLETE | BACKTEST | #zv2_BACKTEST_13 | 02/10 19:38 - 02/10 20:11 | bars=34 | range=68804.70-69266.30 | POC=69166.29 | VAH=69235.53 | VAL=69004.73
2026-02-10 19:55:22 - zone_v2_alerts - INFO - SL_MODE_POC | BACKTEST | POC=69166.29 | dist=441.59 | buffer=50% | SL=69387.08
2026-02-10 19:55:22 - zone_v2_alerts - INFO - BLOCKED_SEQUENTIAL | BACKTEST | zv2_BACKTEST_13 | DOWN | open_trades=1
2026-02-10 19:55:22 - zone_v2_alerts - INFO - ZONE_BUILDING | BACKTEST | #14 | 02/10 20:15 - 02/10 20:22 | bars=8
2026-02-10 19:55:22 - zone_v2_alerts - INFO - ZONE_COMPLETE | BACKTEST | #zv2_BACKTEST_14 | 02/10 20:15 - 02/10 21:28 | bars=74 | range=68583.60-68978.70 | POC=68787.74 | VAH=68873.34 | VAL=68702.13
2026-02-10 19:55:22 - zone_v2_alerts - INFO - SL_MODE_POC | BACKTEST | POC=68787.74 | dist=393.34 | buffer=50% | SL=68984.40
2026-02-10 19:55:22 - zone_v2_alerts - INFO - BLOCKED_SEQUENTIAL | BACKTEST | zv2_BACKTEST_14 | DOWN | open_trades=1
2026-02-10 19:55:22 - zone_v2_alerts - INFO - ZONE_BUILDING | BACKTEST | #15 | 02/10 22:09 - 02/10 22:16 | bars=8
2026-02-10 19:55:22 - zone_v2_alerts - INFO - ZONE_COMPLETE | BACKTEST | #zv2_BACKTEST_15 | 02/10 22:09 - 02/10 23:48 | bars=100 | range=68471.30-68830.00 | POC=68620.76 | VAH=68710.43 | VAL=68566.95
2026-02-10 19:55:22 - zone_v2_alerts - INFO - SL_MODE_POC | BACKTEST | POC=68620.76 | dist=127.24 | buffer=50% | SL=68557.14
2026-02-10 19:55:22 - zone_v2_alerts - INFO - BLOCKED_SEQUENTIAL | BACKTEST | zv2_BACKTEST_15 | UP | open_trades=1
2026-02-10 19:55:22 - zone_v2_alerts - INFO - ZONE_BUILDING | BACKTEST | #16 | 02/10 23:50 - 02/10 23:57 | bars=8
2026-02-10 19:55:22 - zone_v2_alerts - INFO - ZONE_COMPLETE | BACKTEST | #zv2_BACKTEST_16 | 02/10 23:50 - 02/11 00:18 | bars=29 | range=68738.10-68975.40 | POC=68805.34 | VAH=68896.30 | VAL=68777.65
2026-02-10 19:55:22 - zone_v2_alerts - INFO - SL_MODE_POC | BACKTEST | POC=68805.34 | dist=181.36 | buffer=50% | SL=68714.65
2026-02-10 19:55:22 - zone_v2_alerts - INFO - BLOCKED_SEQUENTIAL | BACKTEST | zv2_BACKTEST_16 | UP | open_trades=1
2026-02-10 19:55:22 - zone_v2 - INFO - [BACKTEST] Warmup completado: 160 velas, ATR=160, SMA=160
2026-02-10 19:55:23 - zone_v2_alerts - INFO - ZONE_BUILDING | BACKTEST | #1 | 02/10 04:36 - 02/10 04:43 | bars=8
2026-02-10 19:55:23 - zone_v2_alerts - INFO - ZONE_COMPLETE | BACKTEST | #zv2_BACKTEST_1 | 02/10 04:36 - 02/10 05:31 | bars=56 | range=69371.00-69874.90 | POC=69681.74 | VAH=69807.71 | VAL=69522.17
2026-02-10 19:55:23 - zone_v2_alerts - INFO - ZONE_BUILDING | BACKTEST | #2 | 02/10 05:33 - 02/10 05:40 | bars=8
2026-02-10 19:55:23 - zone_v2_alerts - INFO - ZONE_COMPLETE | BACKTEST | #zv2_BACKTEST_2 | 02/10 05:33 - 02/10 05:41 | bars=9 | range=69382.20-69665.50 | POC=69594.68 | VAH=69637.17 | VAL=69467.19
2026-02-10 19:55:23 - zone_v2_alerts - INFO - SL_MODE_POC | BACKTEST | POC=69681.74 | dist=411.24 | buffer=50% | SL=69887.36
2026-02-10 19:55:23 - zone_v2_alerts - INFO - BREAKOUT | BACKTEST | zv2_BACKTEST_1 | DOWN | VA_BREAKOUT | entry=69270.50 | SL=69887.36 | TP=68653.64 | R=616.86
2026-02-10 19:55:23 - zone_v2_alerts - INFO - SL_MODE_POC | BACKTEST | POC=69594.68 | dist=268.68 | buffer=50% | SL=69729.01
2026-02-10 19:55:23 - zone_v2_alerts - INFO - BLOCKED_SEQUENTIAL | BACKTEST | zv2_BACKTEST_2 | DOWN | open_trades=1
2026-02-10 19:55:23 - zone_v2_alerts - INFO - ZONE_BUILDING | BACKTEST | #3 | 02/10 06:13 - 02/10 06:20 | bars=8
2026-02-10 19:55:23 - zone_v2_alerts - INFO - ZONE_COMPLETE | BACKTEST | #zv2_BACKTEST_3 | 02/10 06:13 - 02/10 06:21 | bars=9 | range=69117.50-69360.90 | POC=69267.60 | VAH=69328.45 | VAL=69231.09
2026-02-10 19:55:23 - zone_v2_alerts - INFO - SL_MODE_POC | BACKTEST | POC=69267.60 | dist=141.40 | buffer=50% | SL=69338.30
2026-02-10 19:55:23 - zone_v2_alerts - INFO - BLOCKED_SEQUENTIAL | BACKTEST | zv2_BACKTEST_3 | DOWN | open_trades=1
2026-02-10 19:55:23 - zone_v2_alerts - INFO - ZONE_BUILDING | BACKTEST | #4 | 02/10 06:27 - 02/10 06:34 | bars=8
2026-02-10 19:55:23 - zone_v2_alerts - INFO - ZONE_COMPLETE | BACKTEST | #zv2_BACKTEST_4 | 02/10 06:27 - 02/10 06:44 | bars=18 | range=68963.00-69259.50 | POC=69017.36 | VAH=69131.02 | VAL=68963.00
2026-02-10 19:55:23 - zone_v2_alerts - INFO - SL_MODE_POC | BACKTEST | POC=69017.36 | dist=206.66 | buffer=50% | SL=69120.69
2026-02-10 19:55:23 - zone_v2_alerts - INFO - BLOCKED_SEQUENTIAL | BACKTEST | zv2_BACKTEST_4 | DOWN | open_trades=1
2026-02-10 19:55:23 - zone_v2_alerts - INFO - WIN | BACKTEST | zv2_BACKTEST_1 | DOWN | pnl=+1R
2026-02-10 19:55:23 - zone_v2_alerts - INFO - ZONE_BUILDING | BACKTEST | #5 | 02/10 07:22 - 02/10 07:29 | bars=8
2026-02-10 19:55:23 - zone_v2_alerts - INFO - ZONE_COMPLETE | BACKTEST | #zv2_BACKTEST_5 | 02/10 07:22 - 02/10 09:03 | bars=102 | range=68680.60-69287.10 | POC=68913.09 | VAH=69105.15 | VAL=68842.33
2026-02-10 19:55:23 - zone_v2_alerts - INFO - SL_MODE_POC | BACKTEST | POC=68913.09 | dist=302.51 | buffer=50% | SL=68761.84
2026-02-10 19:55:23 - zone_v2_alerts - INFO - BREAKOUT | BACKTEST | zv2_BACKTEST_5 | UP | VA_BREAKOUT | entry=69215.60 | SL=68761.84 | TP=69669.36 | R=453.76
2026-02-10 19:55:23 - zone_v2_alerts - INFO - ZONE_BUILDING | BACKTEST | #6 | 02/10 09:05 - 02/10 09:12 | bars=8
2026-02-10 19:55:23 - zone_v2_alerts - INFO - ZONE_COMPLETE | BACKTEST | #zv2_BACKTEST_6 | 02/10 09:05 - 02/10 09:47 | bars=43 | range=69073.60-69385.20 | POC=69244.98 | VAH=69343.65 | VAL=69198.24
2026-02-10 19:55:23 - zone_v2_alerts - INFO - SL_MODE_POC | BACKTEST | POC=69244.98 | dist=236.78 | buffer=50% | SL=69363.37
2026-02-10 19:55:23 - zone_v2_alerts - INFO - BLOCKED_SEQUENTIAL | BACKTEST | zv2_BACKTEST_6 | DOWN | open_trades=1
2026-02-10 19:55:23 - zone_v2_alerts - INFO - ZONE_BUILDING | BACKTEST | #7 | 02/10 09:50 - 02/10 09:57 | bars=8
2026-02-10 19:55:23 - zone_v2_alerts - INFO - ZONE_COMPLETE | BACKTEST | #zv2_BACKTEST_7 | 02/10 09:50 - 02/10 11:00 | bars=71 | range=68846.20-69221.00 | POC=68989.87 | VAH=69108.56 | VAL=68921.16
2026-02-10 19:55:23 - zone_v2_alerts - INFO - SL_MODE_POC | BACKTEST | POC=68989.87 | dist=139.87 | buffer=50% | SL=69059.81
2026-02-10 19:55:23 - zone_v2_alerts - INFO - BLOCKED_SEQUENTIAL | BACKTEST | zv2_BACKTEST_7 | DOWN | open_trades=1
2026-02-10 19:55:23 - zone_v2_alerts - INFO - ZONE_BUILDING | BACKTEST | #8 | 02/10 11:02 - 02/10 11:09 | bars=8
2026-02-10 19:55:23 - zone_v2_alerts - INFO - ZONE_COMPLETE | BACKTEST | #zv2_BACKTEST_8 | 02/10 11:02 - 02/10 11:41 | bars=40 | range=68801.00-69050.00 | POC=68946.25 | VAH=68991.90 | VAL=68842.50
2026-02-10 19:55:23 - zone_v2_alerts - INFO - LOSS | BACKTEST | zv2_BACKTEST_5 | UP | pnl=-1R
2026-02-10 19:55:23 - zone_v2_alerts - INFO - SL_MODE_POC | BACKTEST | POC=68946.25 | dist=315.15 | buffer=50% | SL=69103.82
2026-02-10 19:55:23 - zone_v2_alerts - INFO - BREAKOUT | BACKTEST | zv2_BACKTEST_8 | DOWN | VA_BREAKOUT | entry=68631.10 | SL=69103.82 | TP=68158.38 | R=472.72
2026-02-10 19:55:23 - zone_v2_alerts - INFO - ZONE_BUILDING | BACKTEST | #9 | 02/10 12:26 - 02/10 12:33 | bars=8
2026-02-10 19:55:23 - zone_v2_alerts - INFO - ZONE_COMPLETE | BACKTEST | #zv2_BACKTEST_9 | 02/10 12:26 - 02/10 12:44 | bars=19 | range=68518.30-68819.90 | POC=68744.50 | VAH=68819.90 | VAL=68598.73
2026-02-10 19:55:23 - zone_v2_alerts - INFO - SL_MODE_POC | BACKTEST | POC=68744.50 | dist=196.00 | buffer=50% | SL=68842.50
2026-02-10 19:55:23 - zone_v2_alerts - INFO - BLOCKED_SEQUENTIAL | BACKTEST | zv2_BACKTEST_9 | DOWN | open_trades=1
2026-02-10 19:55:23 - zone_v2_alerts - INFO - ZONE_BUILDING | BACKTEST | #10 | 02/10 12:46 - 02/10 12:53 | bars=8
2026-02-10 19:55:23 - zone_v2_alerts - INFO - ZONE_COMPLETE | BACKTEST | #zv2_BACKTEST_10 | 02/10 12:46 - 02/10 13:31 | bars=46 | range=68286.20-68768.00 | POC=68486.95 | VAH=68607.40 | VAL=68414.68
2026-02-10 19:55:23 - zone_v2_alerts - INFO - SL_MODE_POC | BACKTEST | POC=68486.95 | dist=500.15 | buffer=50% | SL=68236.88
2026-02-10 19:55:23 - zone_v2_alerts - INFO - BLOCKED_SEQUENTIAL | BACKTEST | zv2_BACKTEST_10 | UP | open_trades=1
2026-02-10 19:55:23 - zone_v2_alerts - INFO - LOSS | BACKTEST | zv2_BACKTEST_8 | DOWN | pnl=-1R
2026-02-10 19:55:23 - zone_v2_alerts - INFO - ZONE_BUILDING | BACKTEST | #11 | 02/10 14:06 - 02/10 14:13 | bars=8
2026-02-10 19:55:23 - zone_v2_alerts - INFO - ZONE_COMPLETE | BACKTEST | #zv2_BACKTEST_11 | 02/10 14:06 - 02/10 14:15 | bars=10 | range=68864.60-69185.00 | POC=69094.22 | VAH=69163.64 | VAL=69046.16
2026-02-10 19:55:23 - zone_v2_alerts - INFO - SL_MODE_POC | BACKTEST | POC=69094.22 | dist=411.78 | buffer=50% | SL=68888.33
2026-02-10 19:55:23 - zone_v2_alerts - INFO - BREAKOUT | BACKTEST | zv2_BACKTEST_11 | UP | VA_BREAKOUT | entry=69506.00 | SL=68888.33 | TP=70123.67 | R=617.67
2026-02-10 19:55:23 - zone_v2_alerts - INFO - LOSS | BACKTEST | zv2_BACKTEST_11 | UP | pnl=-1R
2026-02-10 19:55:23 - zone_v2_alerts - INFO - ZONE_BUILDING | BACKTEST | #12 | 02/10 16:00 - 02/10 16:07 | bars=8
2026-02-10 19:55:23 - zone_v2_alerts - INFO - ZONE_COMPLETE | BACKTEST | #zv2_BACKTEST_12 | 02/10 16:00 - 02/10 16:13 | bars=14 | range=68900.10-69360.60 | POC=68969.18 | VAH=69145.70 | VAL=68915.45
2026-02-10 19:55:23 - zone_v2_alerts - INFO - SL_MODE_POC | BACKTEST | POC=68969.18 | dist=577.82 | buffer=50% | SL=68680.26
2026-02-10 19:55:23 - zone_v2_alerts - INFO - BREAKOUT | BACKTEST | zv2_BACKTEST_12 | UP | VA_BREAKOUT | entry=69547.00 | SL=68680.26 | TP=70413.74 | R=866.74
2026-02-10 19:55:23 - zone_v2_alerts - INFO - ZONE_BUILDING | BACKTEST | #13 | 02/10 16:15 - 02/10 16:22 | bars=8
2026-02-10 19:55:23 - zone_v2_alerts - INFO - ZONE_COMPLETE | BACKTEST | #zv2_BACKTEST_13 | 02/10 16:15 - 02/10 18:20 | bars=126 | range=69224.70-69982.20 | POC=69616.07 | VAH=69881.20 | VAL=69426.70
2026-02-10 19:55:23 - zone_v2_alerts - INFO - SL_MODE_POC | BACKTEST | POC=69616.07 | dist=334.68 | buffer=50% | SL=69783.41
2026-02-10 19:55:23 - zone_v2_alerts - INFO - BLOCKED_SEQUENTIAL | BACKTEST | zv2_BACKTEST_13 | DOWN | open_trades=1
2026-02-10 19:55:23 - zone_v2_alerts - INFO - LOSS | BACKTEST | zv2_BACKTEST_12 | UP | pnl=-1R
2026-02-10 19:55:23 - zone_v2_alerts - INFO - ZONE_BUILDING | BACKTEST | #14 | 02/10 19:03 - 02/10 19:10 | bars=8
2026-02-10 19:55:23 - zone_v2_alerts - INFO - ZONE_COMPLETE | BACKTEST | #zv2_BACKTEST_14 | 02/10 19:03 - 02/10 19:34 | bars=32 | range=68650.00-69052.80 | POC=68817.83 | VAH=68905.11 | VAL=68743.99
2026-02-10 19:55:23 - zone_v2_alerts - INFO - SL_MODE_POC | BACKTEST | POC=68817.83 | dist=405.47 | buffer=50% | SL=68615.10
2026-02-10 19:55:23 - zone_v2_alerts - INFO - BREAKOUT | BACKTEST | zv2_BACKTEST_14 | UP | VA_BREAKOUT | entry=69223.30 | SL=68615.10 | TP=69831.50 | R=608.20
2026-02-10 19:55:23 - zone_v2_alerts - INFO - ZONE_BUILDING | BACKTEST | #15 | 02/10 19:38 - 02/10 19:45 | bars=8
2026-02-10 19:55:23 - zone_v2_alerts - INFO - ZONE_COMPLETE | BACKTEST | #zv2_BACKTEST_15 | 02/10 19:38 - 02/10 20:11 | bars=34 | range=68804.70-69266.30 | POC=69166.29 | VAH=69235.53 | VAL=69004.73
2026-02-10 19:55:23 - zone_v2_alerts - INFO - SL_MODE_POC | BACKTEST | POC=69166.29 | dist=441.59 | buffer=50% | SL=69387.08
2026-02-10 19:55:23 - zone_v2_alerts - INFO - BLOCKED_SEQUENTIAL | BACKTEST | zv2_BACKTEST_15 | DOWN | open_trades=1
2026-02-10 19:55:23 - zone_v2_alerts - INFO - ZONE_BUILDING | BACKTEST | #16 | 02/10 20:15 - 02/10 20:22 | bars=8
2026-02-10 19:55:23 - zone_v2_alerts - INFO - LOSS | BACKTEST | zv2_BACKTEST_14 | UP | pnl=-1R
2026-02-10 19:55:23 - zone_v2_alerts - INFO - ZONE_COMPLETE | BACKTEST | #zv2_BACKTEST_16 | 02/10 20:15 - 02/10 21:29 | bars=75 | range=68583.60-68978.70 | POC=68787.74 | VAH=68860.17 | VAL=68688.96
2026-02-10 19:55:23 - zone_v2_alerts - INFO - SL_MODE_POC | BACKTEST | POC=68787.74 | dist=383.74 | buffer=50% | SL=68979.60
2026-02-10 19:55:23 - zone_v2_alerts - INFO - BREAKOUT | BACKTEST | zv2_BACKTEST_16 | DOWN | VA_BREAKOUT | entry=68404.00 | SL=68979.60 | TP=67828.40 | R=575.60
2026-02-10 19:55:23 - zone_v2_alerts - INFO - ZONE_BUILDING | BACKTEST | #17 | 02/10 22:09 - 02/10 22:16 | bars=8
2026-02-10 19:55:23 - zone_v2_alerts - INFO - ZONE_COMPLETE | BACKTEST | #zv2_BACKTEST_17 | 02/10 22:09 - 02/11 00:18 | bars=130 | range=68471.30-68975.40 | POC=68614.13 | VAH=68807.37 | VAL=68555.32
2026-02-10 19:55:23 - zone_v2_alerts - INFO - LOSS | BACKTEST | zv2_BACKTEST_16 | DOWN | pnl=-1R
2026-02-10 19:55:23 - zone_v2_alerts - INFO - SL_MODE_POC | BACKTEST | POC=68614.13 | dist=372.57 | buffer=50% | SL=68427.84
2026-02-10 19:55:23 - zone_v2_alerts - INFO - BREAKOUT | BACKTEST | zv2_BACKTEST_17 | UP | VA_BREAKOUT | entry=68986.70 | SL=68427.84 | TP=69545.56 | R=558.86
2026-02-10 19:55:23 - zone_v2 - INFO - [BACKTEST] Warmup completado: 210 velas, ATR=210, SMA=210
2026-02-10 19:55:23 - zone_v2_alerts - INFO - ZONE_BUILDING | BACKTEST | #1 | 02/10 04:41 - 02/10 04:48 | bars=8
2026-02-10 19:55:23 - zone_v2_alerts - INFO - ZONE_COMPLETE | BACKTEST | #zv2_BACKTEST_1 | 02/10 04:41 - 02/10 05:30 | bars=50 | range=69371.00-69874.90 | POC=69681.74 | VAH=69790.92 | VAL=69522.17
2026-02-10 19:55:23 - zone_v2_alerts - INFO - SL_MODE_POC | BACKTEST | POC=69681.74 | dist=269.74 | buffer=50% | SL=69816.61
2026-02-10 19:55:23 - zone_v2_alerts - INFO - BREAKOUT | BACKTEST | zv2_BACKTEST_1 | DOWN | VA_BREAKOUT | entry=69412.00 | SL=69816.61 | TP=69007.39 | R=404.61
2026-02-10 19:55:23 - zone_v2_alerts - INFO - ZONE_BUILDING | BACKTEST | #2 | 02/10 05:33 - 02/10 05:40 | bars=8
2026-02-10 19:55:23 - zone_v2_alerts - INFO - ZONE_COMPLETE | BACKTEST | #zv2_BACKTEST_2 | 02/10 05:33 - 02/10 05:41 | bars=9 | range=69382.20-69665.50 | POC=69594.68 | VAH=69637.17 | VAL=69467.19
2026-02-10 19:55:23 - zone_v2_alerts - INFO - SL_MODE_POC | BACKTEST | POC=69594.68 | dist=268.68 | buffer=50% | SL=69729.01
2026-02-10 19:55:23 - zone_v2_alerts - INFO - BLOCKED_SEQUENTIAL | BACKTEST | zv2_BACKTEST_2 | DOWN | open_trades=1
2026-02-10 19:55:23 - zone_v2_alerts - INFO - ZONE_BUILDING | BACKTEST | #3 | 02/10 06:13 - 02/10 06:20 | bars=8
2026-02-10 19:55:23 - zone_v2_alerts - INFO - ZONE_COMPLETE | BACKTEST | #zv2_BACKTEST_3 | 02/10 06:13 - 02/10 06:21 | bars=9 | range=69117.50-69360.90 | POC=69267.60 | VAH=69328.45 | VAL=69231.09
2026-02-10 19:55:23 - zone_v2_alerts - INFO - SL_MODE_POC | BACKTEST | POC=69267.60 | dist=141.40 | buffer=50% | SL=69338.30
2026-02-10 19:55:23 - zone_v2_alerts - INFO - BLOCKED_SEQUENTIAL | BACKTEST | zv2_BACKTEST_3 | DOWN | open_trades=1
2026-02-10 19:55:23 - zone_v2_alerts - INFO - ZONE_BUILDING | BACKTEST | #4 | 02/10 06:24 - 02/10 06:31 | bars=8
2026-02-10 19:55:23 - zone_v2_alerts - INFO - WIN | BACKTEST | zv2_BACKTEST_1 | DOWN | pnl=+1R
2026-02-10 19:55:23 - zone_v2_alerts - INFO - ZONE_COMPLETE | BACKTEST | #zv2_BACKTEST_4 | 02/10 06:24 - 02/10 06:44 | bars=21 | range=68963.00-69259.50 | POC=69017.36 | VAH=69150.78 | VAL=68992.65
2026-02-10 19:55:23 - zone_v2_alerts - INFO - SL_MODE_POC | BACKTEST | POC=69017.36 | dist=206.66 | buffer=50% | SL=69120.69
2026-02-10 19:55:23 - zone_v2_alerts - INFO - BREAKOUT | BACKTEST | zv2_BACKTEST_4 | DOWN | VA_BREAKOUT | entry=68810.70 | SL=69120.69 | TP=68500.71 | R=309.99
2026-02-10 19:55:23 - zone_v2_alerts - INFO - LOSS | BACKTEST | zv2_BACKTEST_4 | DOWN | pnl=-1R
2026-02-10 19:55:23 - zone_v2_alerts - INFO - ZONE_BUILDING | BACKTEST | #5 | 02/10 07:22 - 02/10 07:29 | bars=8
2026-02-10 19:55:23 - zone_v2_alerts - INFO - ZONE_COMPLETE | BACKTEST | #zv2_BACKTEST_5 | 02/10 07:22 - 02/10 09:03 | bars=102 | range=68680.60-69287.10 | POC=68913.09 | VAH=69105.15 | VAL=68842.33
2026-02-10 19:55:23 - zone_v2_alerts - INFO - SL_MODE_POC | BACKTEST | POC=68913.09 | dist=302.51 | buffer=50% | SL=68761.84
2026-02-10 19:55:23 - zone_v2_alerts - INFO - BREAKOUT | BACKTEST | zv2_BACKTEST_5 | UP | VA_BREAKOUT | entry=69215.60 | SL=68761.84 | TP=69669.36 | R=453.76
2026-02-10 19:55:23 - zone_v2_alerts - INFO - ZONE_BUILDING | BACKTEST | #6 | 02/10 09:05 - 02/10 09:12 | bars=8
2026-02-10 19:55:23 - zone_v2_alerts - INFO - ZONE_COMPLETE | BACKTEST | #zv2_BACKTEST_6 | 02/10 09:05 - 02/10 09:47 | bars=43 | range=69073.60-69385.20 | POC=69244.98 | VAH=69343.65 | VAL=69198.24
2026-02-10 19:55:23 - zone_v2_alerts - INFO - SL_MODE_POC | BACKTEST | POC=69244.98 | dist=236.78 | buffer=50% | SL=69363.37
2026-02-10 19:55:23 - zone_v2_alerts - INFO - BLOCKED_SEQUENTIAL | BACKTEST | zv2_BACKTEST_6 | DOWN | open_trades=1
2026-02-10 19:55:23 - zone_v2_alerts - INFO - ZONE_BUILDING | BACKTEST | #7 | 02/10 09:49 - 02/10 09:56 | bars=8
2026-02-10 19:55:23 - zone_v2_alerts - INFO - ZONE_COMPLETE | BACKTEST | #zv2_BACKTEST_7 | 02/10 09:49 - 02/10 11:00 | bars=72 | range=68846.20-69221.00 | POC=68989.87 | VAH=69108.56 | VAL=68921.16
2026-02-10 19:55:23 - zone_v2_alerts - INFO - SL_MODE_POC | BACKTEST | POC=68989.87 | dist=139.87 | buffer=50% | SL=69059.81
2026-02-10 19:55:23 - zone_v2_alerts - INFO - BLOCKED_SEQUENTIAL | BACKTEST | zv2_BACKTEST_7 | DOWN | open_trades=1
2026-02-10 19:55:23 - zone_v2_alerts - INFO - ZONE_BUILDING | BACKTEST | #8 | 02/10 11:02 - 02/10 11:09 | bars=8
2026-02-10 19:55:23 - zone_v2_alerts - INFO - ZONE_COMPLETE | BACKTEST | #zv2_BACKTEST_8 | 02/10 11:02 - 02/10 11:41 | bars=40 | range=68801.00-69050.00 | POC=68946.25 | VAH=68991.90 | VAL=68842.50
2026-02-10 19:55:23 - zone_v2_alerts - INFO - LOSS | BACKTEST | zv2_BACKTEST_5 | UP | pnl=-1R
2026-02-10 19:55:23 - zone_v2_alerts - INFO - SL_MODE_POC | BACKTEST | POC=68946.25 | dist=315.15 | buffer=50% | SL=69103.82
2026-02-10 19:55:23 - zone_v2_alerts - INFO - BREAKOUT | BACKTEST | zv2_BACKTEST_8 | DOWN | VA_BREAKOUT | entry=68631.10 | SL=69103.82 | TP=68158.38 | R=472.72
2026-02-10 19:55:23 - zone_v2_alerts - INFO - ZONE_BUILDING | BACKTEST | #9 | 02/10 12:26 - 02/10 12:33 | bars=8
2026-02-10 19:55:23 - zone_v2_alerts - INFO - ZONE_COMPLETE | BACKTEST | #zv2_BACKTEST_9 | 02/10 12:26 - 02/10 12:44 | bars=19 | range=68518.30-68819.90 | POC=68744.50 | VAH=68819.90 | VAL=68598.73
2026-02-10 19:55:23 - zone_v2_alerts - INFO - SL_MODE_POC | BACKTEST | POC=68744.50 | dist=196.00 | buffer=50% | SL=68842.50
2026-02-10 19:55:23 - zone_v2_alerts - INFO - BLOCKED_SEQUENTIAL | BACKTEST | zv2_BACKTEST_9 | DOWN | open_trades=1
2026-02-10 19:55:23 - zone_v2_alerts - INFO - ZONE_BUILDING | BACKTEST | #10 | 02/10 12:46 - 02/10 12:53 | bars=8
2026-02-10 19:55:23 - zone_v2_alerts - INFO - ZONE_COMPLETE | BACKTEST | #zv2_BACKTEST_10 | 02/10 12:46 - 02/10 13:31 | bars=46 | range=68286.20-68768.00 | POC=68486.95 | VAH=68607.40 | VAL=68414.68
2026-02-10 19:55:23 - zone_v2_alerts - INFO - SL_MODE_POC | BACKTEST | POC=68486.95 | dist=500.15 | buffer=50% | SL=68236.88
2026-02-10 19:55:23 - zone_v2_alerts - INFO - BLOCKED_SEQUENTIAL | BACKTEST | zv2_BACKTEST_10 | UP | open_trades=1
2026-02-10 19:55:23 - zone_v2_alerts - INFO - LOSS | BACKTEST | zv2_BACKTEST_8 | DOWN | pnl=-1R
2026-02-10 19:55:23 - zone_v2_alerts - INFO - ZONE_BUILDING | BACKTEST | #11 | 02/10 16:00 - 02/10 16:07 | bars=8
2026-02-10 19:55:23 - zone_v2_alerts - INFO - ZONE_COMPLETE | BACKTEST | #zv2_BACKTEST_11 | 02/10 16:00 - 02/10 16:13 | bars=14 | range=68900.10-69360.60 | POC=68969.18 | VAH=69145.70 | VAL=68915.45
2026-02-10 19:55:23 - zone_v2_alerts - INFO - SL_MODE_POC | BACKTEST | POC=68969.18 | dist=577.82 | buffer=50% | SL=68680.26
2026-02-10 19:55:23 - zone_v2_alerts - INFO - BREAKOUT | BACKTEST | zv2_BACKTEST_11 | UP | VA_BREAKOUT | entry=69547.00 | SL=68680.26 | TP=70413.74 | R=866.74
2026-02-10 19:55:23 - zone_v2_alerts - INFO - ZONE_BUILDING | BACKTEST | #12 | 02/10 16:16 - 02/10 16:23 | bars=8
2026-02-10 19:55:23 - zone_v2_alerts - INFO - ZONE_COMPLETE | BACKTEST | #zv2_BACKTEST_12 | 02/10 16:16 - 02/10 18:20 | bars=125 | range=69224.70-69982.20 | POC=69388.82 | VAH=69754.95 | VAL=69300.45
2026-02-10 19:55:23 - zone_v2_alerts - INFO - SL_MODE_POC | BACKTEST | POC=69388.82 | dist=308.72 | buffer=50% | SL=69543.19
2026-02-10 19:55:23 - zone_v2_alerts - INFO - BLOCKED_SEQUENTIAL | BACKTEST | zv2_BACKTEST_12 | DOWN | open_trades=1
2026-02-10 19:55:23 - zone_v2_alerts - INFO - LOSS | BACKTEST | zv2_BACKTEST_11 | UP | pnl=-1R
2026-02-10 19:55:23 - zone_v2_alerts - INFO - ZONE_BUILDING | BACKTEST | #13 | 02/10 19:03 - 02/10 19:10 | bars=8
2026-02-10 19:55:23 - zone_v2_alerts - INFO - ZONE_COMPLETE | BACKTEST | #zv2_BACKTEST_13 | 02/10 19:03 - 02/10 19:36 | bars=34 | range=68650.00-69268.30 | POC=68804.57 | VAH=69000.37 | VAL=68732.44
2026-02-10 19:55:23 - zone_v2_alerts - INFO - SL_MODE_POC | BACKTEST | POC=68804.57 | dist=385.62 | buffer=50% | SL=68611.76
2026-02-10 19:55:23 - zone_v2_alerts - INFO - BREAKOUT | BACKTEST | zv2_BACKTEST_13 | UP | VA_BREAKOUT | entry=69190.20 | SL=68611.76 | TP=69768.64 | R=578.44
2026-02-10 19:55:23 - zone_v2_alerts - INFO - ZONE_BUILDING | BACKTEST | #14 | 02/10 19:38 - 02/10 19:45 | bars=8
2026-02-10 19:55:23 - zone_v2_alerts - INFO - ZONE_COMPLETE | BACKTEST | #zv2_BACKTEST_14 | 02/10 19:38 - 02/10 20:11 | bars=34 | range=68804.70-69266.30 | POC=69166.29 | VAH=69235.53 | VAL=69004.73
2026-02-10 19:55:23 - zone_v2_alerts - INFO - SL_MODE_POC | BACKTEST | POC=69166.29 | dist=441.59 | buffer=50% | SL=69387.08
2026-02-10 19:55:23 - zone_v2_alerts - INFO - BLOCKED_SEQUENTIAL | BACKTEST | zv2_BACKTEST_14 | DOWN | open_trades=1
2026-02-10 19:55:23 - zone_v2_alerts - INFO - ZONE_BUILDING | BACKTEST | #15 | 02/10 20:15 - 02/10 20:22 | bars=8
2026-02-10 19:55:23 - zone_v2_alerts - INFO - LOSS | BACKTEST | zv2_BACKTEST_13 | UP | pnl=-1R
2026-02-10 19:55:23 - zone_v2_alerts - INFO - ZONE_COMPLETE | BACKTEST | #zv2_BACKTEST_15 | 02/10 20:15 - 02/10 21:30 | bars=76 | range=68509.40-68978.70 | POC=68783.16 | VAH=68884.84 | VAL=68697.12
2026-02-10 19:55:23 - zone_v2_alerts - INFO - SL_MODE_POC | BACKTEST | POC=68783.16 | dist=372.06 | buffer=50% | SL=68969.19
2026-02-10 19:55:23 - zone_v2_alerts - INFO - BREAKOUT | BACKTEST | zv2_BACKTEST_15 | DOWN | VA_BREAKOUT | entry=68411.10 | SL=68969.19 | TP=67853.01 | R=558.09
2026-02-10 19:55:23 - zone_v2_alerts - INFO - ZONE_BUILDING | BACKTEST | #16 | 02/10 22:05 - 02/10 22:12 | bars=8
2026-02-10 19:55:23 - zone_v2_alerts - INFO - LOSS | BACKTEST | zv2_BACKTEST_15 | DOWN | pnl=-1R
2026-02-10 19:55:23 - zone_v2_alerts - INFO - ZONE_COMPLETE | BACKTEST | #zv2_BACKTEST_16 | 02/10 22:05 - 02/11 00:21 | bars=137 | range=68471.30-68999.90 | POC=68621.07 | VAH=68823.70 | VAL=68559.40
2026-02-10 19:55:23 - zone_v2_alerts - INFO - SL_MODE_POC | BACKTEST | POC=68621.07 | dist=384.93 | buffer=50% | SL=68428.61
2026-02-10 19:55:23 - zone_v2_alerts - INFO - BREAKOUT | BACKTEST | zv2_BACKTEST_16 | UP | VA_BREAKOUT | entry=69006.00 | SL=68428.61 | TP=69583.39 | R=577.39
2026-02-10 19:55:23 - zone_v2 - INFO - [BACKTEST] Warmup completado: 260 velas, ATR=260, SMA=260
2026-02-10 19:55:23 - zone_v2_alerts - INFO - ZONE_BUILDING | BACKTEST | #1 | 02/10 05:33 - 02/10 05:40 | bars=8
2026-02-10 19:55:23 - zone_v2_alerts - INFO - ZONE_COMPLETE | BACKTEST | #zv2_BACKTEST_1 | 02/10 05:33 - 02/10 05:41 | bars=9 | range=69382.20-69665.50 | POC=69594.68 | VAH=69637.17 | VAL=69467.19
2026-02-10 19:55:23 - zone_v2_alerts - INFO - SL_MODE_POC | BACKTEST | POC=69594.68 | dist=268.68 | buffer=50% | SL=69729.01
2026-02-10 19:55:23 - zone_v2_alerts - INFO - BREAKOUT | BACKTEST | zv2_BACKTEST_1 | DOWN | VA_BREAKOUT | entry=69326.00 | SL=69729.01 | TP=68922.99 | R=403.01
2026-02-10 19:55:23 - zone_v2_alerts - INFO - ZONE_BUILDING | BACKTEST | #2 | 02/10 06:24 - 02/10 06:31 | bars=8
2026-02-10 19:55:23 - zone_v2_alerts - INFO - WIN | BACKTEST | zv2_BACKTEST_1 | DOWN | pnl=+1R
2026-02-10 19:55:23 - zone_v2_alerts - INFO - ZONE_COMPLETE | BACKTEST | #zv2_BACKTEST_2 | 02/10 06:24 - 02/10 06:45 | bars=22 | range=68865.40-69259.50 | POC=69016.47 | VAH=69154.41 | VAL=68957.36
2026-02-10 19:55:23 - zone_v2_alerts - INFO - SL_MODE_POC | BACKTEST | POC=69016.47 | dist=232.37 | buffer=50% | SL=69132.66
2026-02-10 19:55:23 - zone_v2_alerts - INFO - BREAKOUT | BACKTEST | zv2_BACKTEST_2 | DOWN | VA_BREAKOUT | entry=68784.10 | SL=69132.66 | TP=68435.54 | R=348.56
2026-02-10 19:55:23 - zone_v2_alerts - INFO - LOSS | BACKTEST | zv2_BACKTEST_2 | DOWN | pnl=-1R
2026-02-10 19:55:23 - zone_v2_alerts - INFO - ZONE_BUILDING | BACKTEST | #3 | 02/10 07:22 - 02/10 07:29 | bars=8
2026-02-10 19:55:23 - zone_v2_alerts - INFO - ZONE_COMPLETE | BACKTEST | #zv2_BACKTEST_3 | 02/10 07:22 - 02/10 08:30 | bars=69 | range=68680.60-69112.40 | POC=68918.09 | VAH=69054.83 | VAL=68853.32
2026-02-10 19:55:23 - zone_v2_alerts - INFO - SL_MODE_POC | BACKTEST | POC=68918.09 | dist=150.11 | buffer=50% | SL=68843.04
2026-02-10 19:55:23 - zone_v2_alerts - INFO - BREAKOUT | BACKTEST | zv2_BACKTEST_3 | UP | VA_BREAKOUT | entry=69068.20 | SL=68843.04 | TP=69293.36 | R=225.17
2026-02-10 19:55:23 - zone_v2_alerts - INFO - LOSS | BACKTEST | zv2_BACKTEST_3 | UP | pnl=-1R
2026-02-10 19:55:23 - zone_v2_alerts - INFO - ZONE_BUILDING | BACKTEST | #4 | 02/10 08:32 - 02/10 08:39 | bars=8
2026-02-10 19:55:23 - zone_v2_alerts - INFO - ZONE_COMPLETE | BACKTEST | #zv2_BACKTEST_4 | 02/10 08:32 - 02/10 09:03 | bars=32 | range=68796.00-69287.10 | POC=69066.10 | VAH=69254.36 | VAL=69025.18
2026-02-10 19:55:23 - zone_v2_alerts - INFO - ZONE_BUILDING | BACKTEST | #5 | 02/10 09:05 - 02/10 09:12 | bars=8
2026-02-10 19:55:23 - zone_v2_alerts - INFO - SL_MODE_POC | BACKTEST | POC=69066.10 | dist=233.79 | buffer=50% | SL=68949.21
2026-02-10 19:55:23 - zone_v2_alerts - INFO - BREAKOUT | BACKTEST | zv2_BACKTEST_4 | UP | VA_BREAKOUT | entry=69299.90 | SL=68949.21 | TP=69650.59 | R=350.69
2026-02-10 19:55:23 - zone_v2_alerts - INFO - LOSS | BACKTEST | zv2_BACKTEST_4 | UP | pnl=-1R
2026-02-10 19:55:23 - zone_v2_alerts - INFO - ZONE_COMPLETE | BACKTEST | #zv2_BACKTEST_5 | 02/10 09:05 - 02/10 11:41 | bars=157 | range=68783.90-69385.20 | POC=68994.35 | VAH=69184.77 | VAL=68823.99
2026-02-10 19:55:23 - zone_v2_alerts - INFO - SL_MODE_POC | BACKTEST | POC=68994.35 | dist=363.25 | buffer=50% | SL=69175.98
2026-02-10 19:55:23 - zone_v2_alerts - INFO - BREAKOUT | BACKTEST | zv2_BACKTEST_5 | DOWN | VA_BREAKOUT | entry=68631.10 | SL=69175.98 | TP=68086.22 | R=544.88
2026-02-10 19:55:23 - zone_v2_alerts - INFO - ZONE_BUILDING | BACKTEST | #6 | 02/10 12:26 - 02/10 12:33 | bars=8
2026-02-10 19:55:23 - zone_v2_alerts - INFO - ZONE_COMPLETE | BACKTEST | #zv2_BACKTEST_6 | 02/10 12:26 - 02/10 12:44 | bars=19 | range=68518.30-68819.90 | POC=68744.50 | VAH=68819.90 | VAL=68598.73
2026-02-10 19:55:23 - zone_v2_alerts - INFO - SL_MODE_POC | BACKTEST | POC=68744.50 | dist=196.00 | buffer=50% | SL=68842.50
2026-02-10 19:55:23 - zone_v2_alerts - INFO - BLOCKED_SEQUENTIAL | BACKTEST | zv2_BACKTEST_6 | DOWN | open_trades=1
2026-02-10 19:55:23 - zone_v2_alerts - INFO - ZONE_BUILDING | BACKTEST | #7 | 02/10 12:46 - 02/10 12:53 | bars=8
2026-02-10 19:55:23 - zone_v2_alerts - INFO - ZONE_COMPLETE | BACKTEST | #zv2_BACKTEST_7 | 02/10 12:46 - 02/10 13:31 | bars=46 | range=68286.20-68768.00 | POC=68486.95 | VAH=68607.40 | VAL=68414.68
2026-02-10 19:55:23 - zone_v2_alerts - INFO - SL_MODE_POC | BACKTEST | POC=68486.95 | dist=500.15 | buffer=50% | SL=68236.88
2026-02-10 19:55:23 - zone_v2_alerts - INFO - BLOCKED_SEQUENTIAL | BACKTEST | zv2_BACKTEST_7 | UP | open_trades=1
2026-02-10 19:55:23 - zone_v2_alerts - INFO - LOSS | BACKTEST | zv2_BACKTEST_5 | DOWN | pnl=-1R
2026-02-10 19:55:23 - zone_v2_alerts - INFO - ZONE_BUILDING | BACKTEST | #8 | 02/10 16:03 - 02/10 16:10 | bars=8
2026-02-10 19:55:23 - zone_v2_alerts - INFO - ZONE_COMPLETE | BACKTEST | #zv2_BACKTEST_8 | 02/10 16:03 - 02/10 16:13 | bars=11 | range=68900.10-69360.60 | POC=68969.18 | VAH=69145.70 | VAL=68946.15
2026-02-10 19:55:23 - zone_v2_alerts - INFO - SL_MODE_POC | BACKTEST | POC=68969.18 | dist=577.82 | buffer=50% | SL=68680.26
2026-02-10 19:55:23 - zone_v2_alerts - INFO - BREAKOUT | BACKTEST | zv2_BACKTEST_8 | UP | VA_BREAKOUT | entry=69547.00 | SL=68680.26 | TP=70413.74 | R=866.74
2026-02-10 19:55:23 - zone_v2_alerts - INFO - ZONE_BUILDING | BACKTEST | #9 | 02/10 16:16 - 02/10 16:23 | bars=8
2026-02-10 19:55:23 - zone_v2_alerts - INFO - ZONE_COMPLETE | BACKTEST | #zv2_BACKTEST_9 | 02/10 16:16 - 02/10 18:20 | bars=125 | range=69224.70-69982.20 | POC=69388.82 | VAH=69754.95 | VAL=69300.45
2026-02-10 19:55:23 - zone_v2_alerts - INFO - SL_MODE_POC | BACKTEST | POC=69388.82 | dist=308.72 | buffer=50% | SL=69543.19
2026-02-10 19:55:23 - zone_v2_alerts - INFO - BLOCKED_SEQUENTIAL | BACKTEST | zv2_BACKTEST_9 | DOWN | open_trades=1
2026-02-10 19:55:23 - zone_v2_alerts - INFO - LOSS | BACKTEST | zv2_BACKTEST_8 | UP | pnl=-1R
2026-02-10 19:55:23 - zone_v2_alerts - INFO - ZONE_BUILDING | BACKTEST | #10 | 02/10 19:01 - 02/10 19:08 | bars=8
2026-02-10 19:55:23 - zone_v2_alerts - INFO - ZONE_COMPLETE | BACKTEST | #zv2_BACKTEST_10 | 02/10 19:01 - 02/10 19:36 | bars=36 | range=68650.00-69268.30 | POC=68804.57 | VAH=69000.37 | VAL=68732.44
2026-02-10 19:55:23 - zone_v2_alerts - INFO - SL_MODE_POC | BACKTEST | POC=68804.57 | dist=385.62 | buffer=50% | SL=68611.76
2026-02-10 19:55:23 - zone_v2_alerts - INFO - BREAKOUT | BACKTEST | zv2_BACKTEST_10 | UP | VA_BREAKOUT | entry=69190.20 | SL=68611.76 | TP=69768.64 | R=578.44
2026-02-10 19:55:23 - zone_v2_alerts - INFO - ZONE_BUILDING | BACKTEST | #11 | 02/10 19:38 - 02/10 19:45 | bars=8
2026-02-10 19:55:23 - zone_v2_alerts - INFO - ZONE_COMPLETE | BACKTEST | #zv2_BACKTEST_11 | 02/10 19:38 - 02/10 20:11 | bars=34 | range=68804.70-69266.30 | POC=69166.29 | VAH=69235.53 | VAL=69004.73
2026-02-10 19:55:23 - zone_v2_alerts - INFO - SL_MODE_POC | BACKTEST | POC=69166.29 | dist=441.59 | buffer=50% | SL=69387.08
2026-02-10 19:55:23 - zone_v2_alerts - INFO - BLOCKED_SEQUENTIAL | BACKTEST | zv2_BACKTEST_11 | DOWN | open_trades=1
2026-02-10 19:55:23 - zone_v2_alerts - INFO - ZONE_BUILDING | BACKTEST | #12 | 02/10 20:14 - 02/10 20:21 | bars=8
2026-02-10 19:55:23 - zone_v2_alerts - INFO - LOSS | BACKTEST | zv2_BACKTEST_10 | UP | pnl=-1R
2026-02-10 19:55:23 - zone_v2_alerts - INFO - ZONE_COMPLETE | BACKTEST | #zv2_BACKTEST_12 | 02/10 20:14 - 02/10 21:30 | bars=77 | range=68509.40-68978.70 | POC=68783.16 | VAH=68884.84 | VAL=68697.12
2026-02-10 19:55:23 - zone_v2_alerts - INFO - SL_MODE_POC | BACKTEST | POC=68783.16 | dist=372.06 | buffer=50% | SL=68969.19
2026-02-10 19:55:23 - zone_v2_alerts - INFO - BREAKOUT | BACKTEST | zv2_BACKTEST_12 | DOWN | VA_BREAKOUT | entry=68411.10 | SL=68969.19 | TP=67853.01 | R=558.09
2026-02-10 19:55:23 - zone_v2_alerts - INFO - ZONE_BUILDING | BACKTEST | #13 | 02/10 22:05 - 02/10 22:12 | bars=8
2026-02-10 19:55:23 - zone_v2_alerts - INFO - LOSS | BACKTEST | zv2_BACKTEST_12 | DOWN | pnl=-1R
2026-02-10 19:55:23 - zone_v2_alerts - INFO - ZONE_COMPLETE | BACKTEST | #zv2_BACKTEST_13 | 02/10 22:05 - 02/11 00:25 | bars=141 | range=68471.30-69076.30 | POC=68622.55 | VAH=68854.47 | VAL=68551.97
2026-02-10 19:55:23 - zone_v2_alerts - INFO - SL_MODE_POC | BACKTEST | POC=68622.55 | dist=542.05 | buffer=50% | SL=68351.52
2026-02-10 19:55:23 - zone_v2_alerts - INFO - BREAKOUT | BACKTEST | zv2_BACKTEST_13 | UP | VA_BREAKOUT | entry=69164.60 | SL=68351.52 | TP=69977.68 | R=813.08
2026-02-10 19:55:23 - zone_v2 - INFO - [BACKTEST] Warmup completado: 310 velas, ATR=310, SMA=310
2026-02-10 19:55:23 - zone_v2_alerts - INFO - ZONE_BUILDING | BACKTEST | #1 | 02/10 06:24 - 02/10 06:31 | bars=8
2026-02-10 19:55:23 - zone_v2_alerts - INFO - ZONE_COMPLETE | BACKTEST | #zv2_BACKTEST_1 | 02/10 06:24 - 02/10 06:44 | bars=21 | range=68963.00-69259.50 | POC=69017.36 | VAH=69150.78 | VAL=68992.65
2026-02-10 19:55:23 - zone_v2_alerts - INFO - SL_MODE_POC | BACKTEST | POC=69017.36 | dist=206.66 | buffer=50% | SL=69120.69
2026-02-10 19:55:23 - zone_v2_alerts - INFO - BREAKOUT | BACKTEST | zv2_BACKTEST_1 | DOWN | VA_BREAKOUT | entry=68810.70 | SL=69120.69 | TP=68500.71 | R=309.99
2026-02-10 19:55:23 - zone_v2_alerts - INFO - LOSS | BACKTEST | zv2_BACKTEST_1 | DOWN | pnl=-1R
2026-02-10 19:55:23 - zone_v2_alerts - INFO - ZONE_BUILDING | BACKTEST | #2 | 02/10 07:22 - 02/10 07:29 | bars=8
2026-02-10 19:55:23 - zone_v2_alerts - INFO - ZONE_COMPLETE | BACKTEST | #zv2_BACKTEST_2 | 02/10 07:22 - 02/10 08:30 | bars=69 | range=68680.60-69112.40 | POC=68918.09 | VAH=69054.83 | VAL=68853.32
2026-02-10 19:55:23 - zone_v2_alerts - INFO - SL_MODE_POC | BACKTEST | POC=68918.09 | dist=150.11 | buffer=50% | SL=68843.04
2026-02-10 19:55:23 - zone_v2_alerts - INFO - BREAKOUT | BACKTEST | zv2_BACKTEST_2 | UP | VA_BREAKOUT | entry=69068.20 | SL=68843.04 | TP=69293.36 | R=225.17
2026-02-10 19:55:23 - zone_v2_alerts - INFO - LOSS | BACKTEST | zv2_BACKTEST_2 | UP | pnl=-1R
2026-02-10 19:55:23 - zone_v2_alerts - INFO - ZONE_BUILDING | BACKTEST | #3 | 02/10 08:32 - 02/10 08:39 | bars=8
2026-02-10 19:55:23 - zone_v2_alerts - INFO - ZONE_COMPLETE | BACKTEST | #zv2_BACKTEST_3 | 02/10 08:32 - 02/10 09:03 | bars=32 | range=68796.00-69287.10 | POC=69066.10 | VAH=69254.36 | VAL=69025.18
2026-02-10 19:55:23 - zone_v2_alerts - INFO - ZONE_BUILDING | BACKTEST | #4 | 02/10 09:05 - 02/10 09:12 | bars=8
2026-02-10 19:55:23 - zone_v2_alerts - INFO - SL_MODE_POC | BACKTEST | POC=69066.10 | dist=233.79 | buffer=50% | SL=68949.21
2026-02-10 19:55:23 - zone_v2_alerts - INFO - BREAKOUT | BACKTEST | zv2_BACKTEST_3 | UP | VA_BREAKOUT | entry=69299.90 | SL=68949.21 | TP=69650.59 | R=350.69
2026-02-10 19:55:23 - zone_v2_alerts - INFO - ZONE_COMPLETE | BACKTEST | #zv2_BACKTEST_4 | 02/10 09:05 - 02/10 09:47 | bars=43 | range=69073.60-69385.20 | POC=69244.98 | VAH=69343.65 | VAL=69198.24
2026-02-10 19:55:23 - zone_v2_alerts - INFO - SL_MODE_POC | BACKTEST | POC=69244.98 | dist=236.78 | buffer=50% | SL=69363.37
2026-02-10 19:55:23 - zone_v2_alerts - INFO - BLOCKED_SEQUENTIAL | BACKTEST | zv2_BACKTEST_4 | DOWN | open_trades=1
2026-02-10 19:55:23 - zone_v2_alerts - INFO - LOSS | BACKTEST | zv2_BACKTEST_3 | UP | pnl=-1R
2026-02-10 19:55:23 - zone_v2_alerts - INFO - ZONE_BUILDING | BACKTEST | #5 | 02/10 09:49 - 02/10 09:56 | bars=8
2026-02-10 19:55:23 - zone_v2_alerts - INFO - ZONE_COMPLETE | BACKTEST | #zv2_BACKTEST_5 | 02/10 09:49 - 02/10 11:41 | bars=113 | range=68783.90-69221.00 | POC=68995.16 | VAH=69075.30 | VAL=68842.18
2026-02-10 19:55:23 - zone_v2_alerts - INFO - SL_MODE_POC | BACKTEST | POC=68995.16 | dist=364.06 | buffer=50% | SL=69177.20
2026-02-10 19:55:23 - zone_v2_alerts - INFO - BREAKOUT | BACKTEST | zv2_BACKTEST_5 | DOWN | VA_BREAKOUT | entry=68631.10 | SL=69177.20 | TP=68085.00 | R=546.10
2026-02-10 19:55:23 - zone_v2_alerts - INFO - ZONE_BUILDING | BACKTEST | #6 | 02/10 12:26 - 02/10 12:33 | bars=8
2026-02-10 19:55:23 - zone_v2_alerts - INFO - ZONE_COMPLETE | BACKTEST | #zv2_BACKTEST_6 | 02/10 12:26 - 02/10 12:44 | bars=19 | range=68518.30-68819.90 | POC=68744.50 | VAH=68819.90 | VAL=68598.73
2026-02-10 19:55:23 - zone_v2_alerts - INFO - SL_MODE_POC | BACKTEST | POC=68744.50 | dist=196.00 | buffer=50% | SL=68842.50
2026-02-10 19:55:23 - zone_v2_alerts - INFO - BLOCKED_SEQUENTIAL | BACKTEST | zv2_BACKTEST_6 | DOWN | open_trades=1
2026-02-10 19:55:23 - zone_v2_alerts - INFO - ZONE_BUILDING | BACKTEST | #7 | 02/10 12:46 - 02/10 12:53 | bars=8
2026-02-10 19:55:23 - zone_v2_alerts - INFO - ZONE_COMPLETE | BACKTEST | #zv2_BACKTEST_7 | 02/10 12:46 - 02/10 13:31 | bars=46 | range=68286.20-68768.00 | POC=68486.95 | VAH=68607.40 | VAL=68414.68
2026-02-10 19:55:23 - zone_v2_alerts - INFO - SL_MODE_POC | BACKTEST | POC=68486.95 | dist=500.15 | buffer=50% | SL=68236.88
2026-02-10 19:55:23 - zone_v2_alerts - INFO - BLOCKED_SEQUENTIAL | BACKTEST | zv2_BACKTEST_7 | UP | open_trades=1
2026-02-10 19:55:23 - zone_v2_alerts - INFO - LOSS | BACKTEST | zv2_BACKTEST_5 | DOWN | pnl=-1R
2026-02-10 19:55:23 - zone_v2_alerts - INFO - ZONE_BUILDING | BACKTEST | #8 | 02/10 16:06 - 02/10 16:13 | bars=8
2026-02-10 19:55:23 - zone_v2_alerts - INFO - ZONE_COMPLETE | BACKTEST | #zv2_BACKTEST_8 | 02/10 16:06 - 02/10 16:13 | bars=8 | range=68900.10-69360.60 | POC=68969.18 | VAH=69115.00 | VAL=68900.10
2026-02-10 19:55:23 - zone_v2_alerts - INFO - SL_MODE_POC | BACKTEST | POC=68969.18 | dist=577.82 | buffer=50% | SL=68680.26
2026-02-10 19:55:23 - zone_v2_alerts - INFO - BREAKOUT | BACKTEST | zv2_BACKTEST_8 | UP | VA_BREAKOUT | entry=69547.00 | SL=68680.26 | TP=70413.74 | R=866.74
2026-02-10 19:55:23 - zone_v2_alerts - INFO - ZONE_BUILDING | BACKTEST | #9 | 02/10 16:16 - 02/10 16:23 | bars=8
2026-02-10 19:55:23 - zone_v2_alerts - INFO - ZONE_COMPLETE | BACKTEST | #zv2_BACKTEST_9 | 02/10 16:16 - 02/10 18:20 | bars=125 | range=69224.70-69982.20 | POC=69388.82 | VAH=69754.95 | VAL=69300.45
2026-02-10 19:55:23 - zone_v2_alerts - INFO - SL_MODE_POC | BACKTEST | POC=69388.82 | dist=308.72 | buffer=50% | SL=69543.19
2026-02-10 19:55:23 - zone_v2_alerts - INFO - BLOCKED_SEQUENTIAL | BACKTEST | zv2_BACKTEST_9 | DOWN | open_trades=1
2026-02-10 19:55:23 - zone_v2_alerts - INFO - LOSS | BACKTEST | zv2_BACKTEST_8 | UP | pnl=-1R
2026-02-10 19:55:23 - zone_v2_alerts - INFO - ZONE_BUILDING | BACKTEST | #10 | 02/10 19:01 - 02/10 19:08 | bars=8
2026-02-10 19:55:23 - zone_v2_alerts - INFO - ZONE_COMPLETE | BACKTEST | #zv2_BACKTEST_10 | 02/10 19:01 - 02/10 21:30 | bars=150 | range=68509.40-69268.30 | POC=68800.31 | VAH=68990.04 | VAL=68661.18
2026-02-10 19:55:23 - zone_v2_alerts - INFO - SL_MODE_POC | BACKTEST | POC=68800.31 | dist=389.21 | buffer=50% | SL=68994.92
2026-02-10 19:55:23 - zone_v2_alerts - INFO - BREAKOUT | BACKTEST | zv2_BACKTEST_10 | DOWN | VA_BREAKOUT | entry=68411.10 | SL=68994.92 | TP=67827.28 | R=583.82
2026-02-10 19:55:23 - zone_v2_alerts - INFO - ZONE_BUILDING | BACKTEST | #11 | 02/10 22:05 - 02/10 22:12 | bars=8
2026-02-10 19:55:23 - zone_v2_alerts - INFO - LOSS | BACKTEST | zv2_BACKTEST_10 | DOWN | pnl=-1R
2026-02-10 19:55:23 - zone_v2_alerts - INFO - ZONE_COMPLETE | BACKTEST | #zv2_BACKTEST_11 | 02/10 22:05 - 02/11 00:25 | bars=141 | range=68471.30-69076.30 | POC=68622.55 | VAH=68854.47 | VAL=68551.97
2026-02-10 19:55:23 - zone_v2_alerts - INFO - SL_MODE_POC | BACKTEST | POC=68622.55 | dist=542.05 | buffer=50% | SL=68351.52
2026-02-10 19:55:23 - zone_v2_alerts - INFO - BREAKOUT | BACKTEST | zv2_BACKTEST_11 | UP | VA_BREAKOUT | entry=69164.60 | SL=68351.52 | TP=69977.68 | R=813.08
[BTCUSDT] [V2 OPTIMIZE] Progreso: 450/462 (68.1s)
2026-02-10 19:55:23 - zone_v2 - INFO - [BACKTEST] Warmup completado: 60 velas, ATR=60, SMA=60
2026-02-10 19:55:23 - zone_v2_alerts - INFO - ZONE_BUILDING | BACKTEST | #1 | 02/10 02:16 - 02/10 02:23 | bars=8
2026-02-10 19:55:23 - zone_v2_alerts - INFO - ZONE_COMPLETE | BACKTEST | #zv2_BACKTEST_1 | 02/10 02:16 - 02/10 02:38 | bars=23 | range=70073.70-70430.70 | POC=70210.55 | VAH=70347.40 | VAL=70157.00
2026-02-10 19:55:23 - zone_v2_alerts - INFO - SL_MODE_POC | BACKTEST | POC=70210.55 | dist=156.95 | buffer=50% | SL=70289.02
2026-02-10 19:55:23 - zone_v2_alerts - INFO - BREAKOUT | BACKTEST | zv2_BACKTEST_1 | DOWN | VA_BREAKOUT | entry=70053.60 | SL=70289.02 | TP=69818.18 | R=235.42
2026-02-10 19:55:23 - zone_v2_alerts - INFO - WIN | BACKTEST | zv2_BACKTEST_1 | DOWN | pnl=+1R
2026-02-10 19:55:23 - zone_v2_alerts - INFO - ZONE_BUILDING | BACKTEST | #2 | 02/10 04:13 - 02/10 04:20 | bars=8
2026-02-10 19:55:23 - zone_v2_alerts - INFO - ZONE_COMPLETE | BACKTEST | #zv2_BACKTEST_2 | 02/10 04:13 - 02/10 05:19 | bars=67 | range=69572.80-69874.90 | POC=69688.60 | VAH=69774.20 | VAL=69613.08
2026-02-10 19:55:23 - zone_v2_alerts - INFO - SL_MODE_POC | BACKTEST | POC=69688.60 | dist=153.50 | buffer=50% | SL=69765.36
2026-02-10 19:55:23 - zone_v2_alerts - INFO - BREAKOUT | BACKTEST | zv2_BACKTEST_2 | DOWN | VA_BREAKOUT | entry=69535.10 | SL=69765.36 | TP=69304.84 | R=230.26
2026-02-10 19:55:23 - zone_v2_alerts - INFO - WIN | BACKTEST | zv2_BACKTEST_2 | DOWN | pnl=+1R
2026-02-10 19:55:23 - zone_v2_alerts - INFO - ZONE_BUILDING | BACKTEST | #3 | 02/10 06:24 - 02/10 06:31 | bars=8
2026-02-10 19:55:23 - zone_v2_alerts - INFO - ZONE_COMPLETE | BACKTEST | #zv2_BACKTEST_3 | 02/10 06:24 - 02/10 06:44 | bars=21 | range=68963.00-69259.50 | POC=69017.36 | VAH=69150.78 | VAL=68992.65
2026-02-10 19:55:23 - zone_v2_alerts - INFO - SL_MODE_POC | BACKTEST | POC=69017.36 | dist=206.66 | buffer=50% | SL=69120.69
2026-02-10 19:55:23 - zone_v2_alerts - INFO - BREAKOUT | BACKTEST | zv2_BACKTEST_3 | DOWN | VA_BREAKOUT | entry=68810.70 | SL=69120.69 | TP=68500.71 | R=309.99
2026-02-10 19:55:23 - zone_v2_alerts - INFO - LOSS | BACKTEST | zv2_BACKTEST_3 | DOWN | pnl=-1R
2026-02-10 19:55:23 - zone_v2_alerts - INFO - ZONE_BUILDING | BACKTEST | #4 | 02/10 07:26 - 02/10 07:33 | bars=8
2026-02-10 19:55:23 - zone_v2_alerts - INFO - ZONE_COMPLETE | BACKTEST | #zv2_BACKTEST_4 | 02/10 07:26 - 02/10 08:14 | bars=49 | range=68778.50-69101.40 | POC=68902.28 | VAH=68972.24 | VAL=68853.84
2026-02-10 19:55:23 - zone_v2_alerts - INFO - SL_MODE_POC | BACKTEST | POC=68902.28 | dist=186.48 | buffer=50% | SL=68995.52
2026-02-10 19:55:23 - zone_v2_alerts - INFO - BREAKOUT | BACKTEST | zv2_BACKTEST_4 | DOWN | VA_BREAKOUT | entry=68715.80 | SL=68995.52 | TP=68436.08 | R=279.72
2026-02-10 19:55:23 - zone_v2_alerts - INFO - LOSS | BACKTEST | zv2_BACKTEST_4 | DOWN | pnl=-1R
2026-02-10 19:55:23 - zone_v2_alerts - INFO - ZONE_BUILDING | BACKTEST | #5 | 02/10 08:51 - 02/10 08:58 | bars=8
2026-02-10 19:55:23 - zone_v2_alerts - INFO - ZONE_COMPLETE | BACKTEST | #zv2_BACKTEST_5 | 02/10 08:51 - 02/10 09:03 | bars=13 | range=69029.50-69287.10 | POC=69145.42 | VAH=69192.65 | VAL=69055.26
2026-02-10 19:55:23 - zone_v2_alerts - INFO - SL_MODE_POC | BACKTEST | POC=69145.42 | dist=70.18 | buffer=50% | SL=69110.33
2026-02-10 19:55:23 - zone_v2_alerts - INFO - BREAKOUT | BACKTEST | zv2_BACKTEST_5 | UP | VA_BREAKOUT | entry=69215.60 | SL=69110.33 | TP=69320.87 | R=105.27
2026-02-10 19:55:23 - zone_v2_alerts - INFO - ZONE_BUILDING | BACKTEST | #6 | 02/10 09:05 - 02/10 09:12 | bars=8
2026-02-10 19:55:23 - zone_v2_alerts - INFO - WIN | BACKTEST | zv2_BACKTEST_5 | UP | pnl=+1R
2026-02-10 19:55:23 - zone_v2_alerts - INFO - ZONE_COMPLETE | BACKTEST | #zv2_BACKTEST_6 | 02/10 09:05 - 02/10 09:47 | bars=43 | range=69073.60-69385.20 | POC=69244.98 | VAH=69343.65 | VAL=69198.24
2026-02-10 19:55:23 - zone_v2_alerts - INFO - SL_MODE_POC | BACKTEST | POC=69244.98 | dist=236.78 | buffer=50% | SL=69363.37
2026-02-10 19:55:23 - zone_v2_alerts - INFO - BREAKOUT | BACKTEST | zv2_BACKTEST_6 | DOWN | VA_BREAKOUT | entry=69008.20 | SL=69363.37 | TP=68653.03 | R=355.17
2026-02-10 19:55:23 - zone_v2_alerts - INFO - ZONE_BUILDING | BACKTEST | #7 | 02/10 09:51 - 02/10 09:58 | bars=8
2026-02-10 19:55:23 - zone_v2_alerts - INFO - ZONE_COMPLETE | BACKTEST | #zv2_BACKTEST_7 | 02/10 09:51 - 02/10 10:58 | bars=68 | range=68914.20-69221.00 | POC=69103.39 | VAH=69128.96 | VAL=68975.56
2026-02-10 19:55:23 - zone_v2_alerts - INFO - SL_MODE_POC | BACKTEST | POC=69103.39 | dist=302.39 | buffer=50% | SL=69254.59
2026-02-10 19:55:23 - zone_v2_alerts - INFO - BLOCKED_SEQUENTIAL | BACKTEST | zv2_BACKTEST_7 | DOWN | open_trades=1
2026-02-10 19:55:23 - zone_v2_alerts - INFO - ZONE_BUILDING | BACKTEST | #8 | 02/10 11:02 - 02/10 11:09 | bars=8
2026-02-10 19:55:23 - zone_v2_alerts - INFO - ZONE_COMPLETE | BACKTEST | #zv2_BACKTEST_8 | 02/10 11:02 - 02/10 11:32 | bars=31 | range=68801.00-68975.70 | POC=68937.85 | VAH=68964.05 | VAL=68865.06
2026-02-10 19:55:23 - zone_v2_alerts - INFO - SL_MODE_POC | BACKTEST | POC=68937.85 | dist=85.55 | buffer=50% | SL=68895.07
2026-02-10 19:55:23 - zone_v2_alerts - INFO - BLOCKED_SEQUENTIAL | BACKTEST | zv2_BACKTEST_8 | UP | open_trades=1
2026-02-10 19:55:23 - zone_v2_alerts - INFO - ZONE_BUILDING | BACKTEST | #9 | 02/10 11:34 - 02/10 11:41 | bars=8
2026-02-10 19:55:23 - zone_v2_alerts - INFO - ZONE_COMPLETE | BACKTEST | #zv2_BACKTEST_9 | 02/10 11:34 - 02/10 11:41 | bars=8 | range=68835.90-69047.20 | POC=69008.46 | VAH=69040.16 | VAL=68934.51
2026-02-10 19:55:23 - zone_v2_alerts - INFO - SL_MODE_POC | BACKTEST | POC=69008.46 | dist=377.36 | buffer=50% | SL=69197.14
2026-02-10 19:55:23 - zone_v2_alerts - INFO - BLOCKED_SEQUENTIAL | BACKTEST | zv2_BACKTEST_9 | DOWN | open_trades=1
2026-02-10 19:55:23 - zone_v2_alerts - INFO - WIN | BACKTEST | zv2_BACKTEST_6 | DOWN | pnl=+1R
2026-02-10 19:55:23 - zone_v2_alerts - INFO - ZONE_BUILDING | BACKTEST | #10 | 02/10 12:31 - 02/10 12:38 | bars=8
2026-02-10 19:55:23 - zone_v2_alerts - INFO - ZONE_COMPLETE | BACKTEST | #zv2_BACKTEST_10 | 02/10 12:31 - 02/10 13:31 | bars=61 | range=68286.20-68819.90 | POC=68490.79 | VAH=68642.00 | VAL=68428.52
2026-02-10 19:55:23 - zone_v2_alerts - INFO - SL_MODE_POC | BACKTEST | POC=68490.79 | dist=496.32 | buffer=50% | SL=68242.63
2026-02-10 19:55:23 - zone_v2_alerts - INFO - BREAKOUT | BACKTEST | zv2_BACKTEST_10 | UP | VA_BREAKOUT | entry=68987.10 | SL=68242.63 | TP=69731.57 | R=744.47
2026-02-10 19:55:23 - zone_v2_alerts - INFO - LOSS | BACKTEST | zv2_BACKTEST_10 | UP | pnl=-1R
2026-02-10 19:55:23 - zone_v2_alerts - INFO - ZONE_BUILDING | BACKTEST | #11 | 02/10 15:25 - 02/10 15:32 | bars=8
2026-02-10 19:55:23 - zone_v2_alerts - INFO - ZONE_COMPLETE | BACKTEST | #zv2_BACKTEST_11 | 02/10 15:25 - 02/10 17:31 | bars=127 | range=68900.10-69805.80 | POC=69337.85 | VAH=69564.28 | VAL=69111.43
2026-02-10 19:55:23 - zone_v2_alerts - INFO - SL_MODE_POC | BACKTEST | POC=69337.85 | dist=429.15 | buffer=50% | SL=69123.28
2026-02-10 19:55:23 - zone_v2_alerts - INFO - BREAKOUT | BACKTEST | zv2_BACKTEST_11 | UP | VA_BREAKOUT | entry=69767.00 | SL=69123.28 | TP=70410.72 | R=643.72
2026-02-10 19:55:23 - zone_v2_alerts - INFO - ZONE_BUILDING | BACKTEST | #12 | 02/10 17:33 - 02/10 17:40 | bars=8
2026-02-10 19:55:23 - zone_v2_alerts - INFO - ZONE_COMPLETE | BACKTEST | #zv2_BACKTEST_12 | 02/10 17:33 - 02/10 17:40 | bars=8 | range=69713.50-69888.00 | POC=69803.66 | VAH=69829.83 | VAL=69730.95
2026-02-10 19:55:23 - zone_v2_alerts - INFO - SL_MODE_POC | BACKTEST | POC=69803.66 | dist=74.64 | buffer=50% | SL=69766.34
2026-02-10 19:55:23 - zone_v2_alerts - INFO - BLOCKED_SEQUENTIAL | BACKTEST | zv2_BACKTEST_12 | UP | open_trades=1
2026-02-10 19:55:23 - zone_v2_alerts - INFO - ZONE_BUILDING | BACKTEST | #13 | 02/10 17:42 - 02/10 17:49 | bars=8
2026-02-10 19:55:23 - zone_v2_alerts - INFO - ZONE_COMPLETE | BACKTEST | #zv2_BACKTEST_13 | 02/10 17:42 - 02/10 18:19 | bars=38 | range=69450.50-69933.60 | POC=69861.13 | VAH=69917.50 | VAL=69611.53
2026-02-10 19:55:23 - zone_v2_alerts - INFO - SL_MODE_POC | BACKTEST | POC=69861.13 | dist=554.93 | buffer=50% | SL=70138.60
2026-02-10 19:55:23 - zone_v2_alerts - INFO - BLOCKED_SEQUENTIAL | BACKTEST | zv2_BACKTEST_13 | DOWN | open_trades=1
2026-02-10 19:55:23 - zone_v2_alerts - INFO - LOSS | BACKTEST | zv2_BACKTEST_11 | UP | pnl=-1R
2026-02-10 19:55:23 - zone_v2_alerts - INFO - ZONE_BUILDING | BACKTEST | #14 | 02/10 19:10 - 02/10 19:17 | bars=8
2026-02-10 19:55:23 - zone_v2_alerts - INFO - ZONE_COMPLETE | BACKTEST | #zv2_BACKTEST_14 | 02/10 19:10 - 02/10 19:34 | bars=25 | range=68682.70-69052.80 | POC=68898.59 | VAH=68941.77 | VAL=68769.06
2026-02-10 19:55:23 - zone_v2_alerts - INFO - SL_MODE_POC | BACKTEST | POC=68898.59 | dist=324.71 | buffer=50% | SL=68736.24
2026-02-10 19:55:23 - zone_v2_alerts - INFO - BREAKOUT | BACKTEST | zv2_BACKTEST_14 | UP | VA_BREAKOUT | entry=69223.30 | SL=68736.24 | TP=69710.36 | R=487.06
2026-02-10 19:55:23 - zone_v2_alerts - INFO - LOSS | BACKTEST | zv2_BACKTEST_14 | UP | pnl=-1R
2026-02-10 19:55:23 - zone_v2_alerts - INFO - ZONE_BUILDING | BACKTEST | #15 | 02/10 20:49 - 02/10 20:56 | bars=8
2026-02-10 19:55:23 - zone_v2_alerts - INFO - ZONE_COMPLETE | BACKTEST | #zv2_BACKTEST_15 | 02/10 20:49 - 02/10 21:28 | bars=40 | range=68655.10-68978.70 | POC=68789.93 | VAH=68881.62 | VAL=68709.03
2026-02-10 19:55:23 - zone_v2_alerts - INFO - SL_MODE_POC | BACKTEST | POC=68789.93 | dist=395.53 | buffer=50% | SL=68987.70
2026-02-10 19:55:23 - zone_v2_alerts - INFO - BREAKOUT | BACKTEST | zv2_BACKTEST_15 | DOWN | VA_BREAKOUT | entry=68394.40 | SL=68987.70 | TP=67801.10 | R=593.30
2026-02-10 19:55:23 - zone_v2_alerts - INFO - ZONE_BUILDING | BACKTEST | #16 | 02/10 22:18 - 02/10 22:25 | bars=8
2026-02-10 19:55:23 - zone_v2_alerts - INFO - ZONE_COMPLETE | BACKTEST | #zv2_BACKTEST_16 | 02/10 22:18 - 02/10 22:38 | bars=21 | range=68517.30-68789.80 | POC=68585.43 | VAH=68708.05 | VAL=68553.63
2026-02-10 19:55:23 - zone_v2_alerts - INFO - SL_MODE_POC | BACKTEST | POC=68585.43 | dist=164.97 | buffer=50% | SL=68502.94
2026-02-10 19:55:23 - zone_v2_alerts - INFO - BLOCKED_SEQUENTIAL | BACKTEST | zv2_BACKTEST_16 | UP | open_trades=1
2026-02-10 19:55:23 - zone_v2_alerts - INFO - ZONE_BUILDING | BACKTEST | #17 | 02/10 22:40 - 02/10 22:47 | bars=8
2026-02-10 19:55:23 - zone_v2_alerts - INFO - ZONE_COMPLETE | BACKTEST | #zv2_BACKTEST_17 | 02/10 22:40 - 02/10 23:48 | bars=69 | range=68471.30-68830.00 | POC=68632.71 | VAH=68710.43 | VAL=68566.95
2026-02-10 19:55:23 - zone_v2_alerts - INFO - SL_MODE_POC | BACKTEST | POC=68632.71 | dist=115.29 | buffer=50% | SL=68575.07
2026-02-10 19:55:23 - zone_v2_alerts - INFO - BLOCKED_SEQUENTIAL | BACKTEST | zv2_BACKTEST_17 | UP | open_trades=1
2026-02-10 19:55:23 - zone_v2_alerts - INFO - ZONE_BUILDING | BACKTEST | #18 | 02/10 23:51 - 02/10 23:58 | bars=8
2026-02-10 19:55:23 - zone_v2_alerts - INFO - ZONE_COMPLETE | BACKTEST | #zv2_BACKTEST_18 | 02/10 23:51 - 02/11 00:04 | bars=14 | range=68738.10-68844.30 | POC=68803.59 | VAH=68808.90 | VAL=68773.50
2026-02-10 19:55:23 - zone_v2_alerts - INFO - SL_MODE_POC | BACKTEST | POC=68803.59 | dist=58.21 | buffer=50% | SL=68774.48
2026-02-10 19:55:23 - zone_v2_alerts - INFO - BLOCKED_SEQUENTIAL | BACKTEST | zv2_BACKTEST_18 | UP | open_trades=1
2026-02-10 19:55:23 - zone_v2_alerts - INFO - ZONE_BUILDING | BACKTEST | #19 | 02/11 00:06 - 02/11 00:13 | bars=8
2026-02-10 19:55:23 - zone_v2_alerts - INFO - ZONE_COMPLETE | BACKTEST | #zv2_BACKTEST_19 | 02/11 00:06 - 02/11 00:17 | bars=12 | range=68750.00-68955.50 | POC=68869.88 | VAH=68914.40 | VAL=68811.65
2026-02-10 19:55:23 - zone_v2_alerts - INFO - LOSS | BACKTEST | zv2_BACKTEST_15 | DOWN | pnl=-1R
2026-02-10 19:55:23 - zone_v2_alerts - INFO - SL_MODE_POC | BACKTEST | POC=68869.88 | dist=79.32 | buffer=50% | SL=68830.21
2026-02-10 19:55:23 - zone_v2_alerts - INFO - BREAKOUT | BACKTEST | zv2_BACKTEST_19 | UP | VA_BREAKOUT | entry=68949.20 | SL=68830.21 | TP=69068.19 | R=118.99
2026-02-10 19:55:23 - zone_v2_alerts - INFO - WIN | BACKTEST | zv2_BACKTEST_19 | UP | pnl=+1R
2026-02-10 19:55:23 - zone_v2 - INFO - [BACKTEST] Warmup completado: 110 velas, ATR=110, SMA=110
2026-02-10 19:55:23 - zone_v2_alerts - INFO - ZONE_BUILDING | BACKTEST | #1 | 02/10 04:44 - 02/10 04:51 | bars=8
2026-02-10 19:55:23 - zone_v2_alerts - INFO - ZONE_COMPLETE | BACKTEST | #zv2_BACKTEST_1 | 02/10 04:44 - 02/10 05:19 | bars=36 | range=69580.50-69874.90 | POC=69693.35 | VAH=69806.21 | VAL=69649.19
2026-02-10 19:55:23 - zone_v2_alerts - INFO - SL_MODE_POC | BACKTEST | POC=69693.35 | dist=158.25 | buffer=50% | SL=69772.48
2026-02-10 19:55:23 - zone_v2_alerts - INFO - BREAKOUT | BACKTEST | zv2_BACKTEST_1 | DOWN | VA_BREAKOUT | entry=69535.10 | SL=69772.48 | TP=69297.72 | R=237.38
2026-02-10 19:55:23 - zone_v2_alerts - INFO - WIN | BACKTEST | zv2_BACKTEST_1 | DOWN | pnl=+1R
2026-02-10 19:55:23 - zone_v2_alerts - INFO - ZONE_BUILDING | BACKTEST | #2 | 02/10 06:26 - 02/10 06:33 | bars=8
2026-02-10 19:55:23 - zone_v2_alerts - INFO - ZONE_COMPLETE | BACKTEST | #zv2_BACKTEST_2 | 02/10 06:26 - 02/10 06:44 | bars=19 | range=68963.00-69259.50 | POC=69017.36 | VAH=69131.02 | VAL=68963.00
2026-02-10 19:55:23 - zone_v2_alerts - INFO - SL_MODE_POC | BACKTEST | POC=69017.36 | dist=206.66 | buffer=50% | SL=69120.69
2026-02-10 19:55:23 - zone_v2_alerts - INFO - BREAKOUT | BACKTEST | zv2_BACKTEST_2 | DOWN | VA_BREAKOUT | entry=68810.70 | SL=69120.69 | TP=68500.71 | R=309.99
2026-02-10 19:55:23 - zone_v2_alerts - INFO - LOSS | BACKTEST | zv2_BACKTEST_2 | DOWN | pnl=-1R
2026-02-10 19:55:23 - zone_v2_alerts - INFO - ZONE_BUILDING | BACKTEST | #3 | 02/10 07:26 - 02/10 07:33 | bars=8
2026-02-10 19:55:23 - zone_v2_alerts - INFO - ZONE_COMPLETE | BACKTEST | #zv2_BACKTEST_3 | 02/10 07:26 - 02/10 08:30 | bars=65 | range=68680.60-69101.40 | POC=68912.04 | VAH=69017.24 | VAL=68834.89
2026-02-10 19:55:23 - zone_v2_alerts - INFO - SL_MODE_POC | BACKTEST | POC=68912.04 | dist=156.16 | buffer=50% | SL=68833.96
2026-02-10 19:55:23 - zone_v2_alerts - INFO - BREAKOUT | BACKTEST | zv2_BACKTEST_3 | UP | VA_BREAKOUT | entry=69068.20 | SL=68833.96 | TP=69302.44 | R=234.24
2026-02-10 19:55:23 - zone_v2_alerts - INFO - LOSS | BACKTEST | zv2_BACKTEST_3 | UP | pnl=-1R
2026-02-10 19:55:23 - zone_v2_alerts - INFO - ZONE_BUILDING | BACKTEST | #4 | 02/10 08:32 - 02/10 08:39 | bars=8
2026-02-10 19:55:23 - zone_v2_alerts - INFO - ZONE_COMPLETE | BACKTEST | #zv2_BACKTEST_4 | 02/10 08:32 - 02/10 09:02 | bars=31 | range=68796.00-69188.50 | POC=69064.21 | VAH=69188.50 | VAL=69018.42
2026-02-10 19:55:23 - zone_v2_alerts - INFO - SL_MODE_POC | BACKTEST | POC=69064.21 | dist=205.29 | buffer=50% | SL=68961.56
2026-02-10 19:55:23 - zone_v2_alerts - INFO - BREAKOUT | BACKTEST | zv2_BACKTEST_4 | UP | VA_BREAKOUT | entry=69269.50 | SL=68961.56 | TP=69577.44 | R=307.94
2026-02-10 19:55:23 - zone_v2_alerts - INFO - ZONE_BUILDING | BACKTEST | #5 | 02/10 09:38 - 02/10 09:45 | bars=8
2026-02-10 19:55:23 - zone_v2_alerts - INFO - ZONE_COMPLETE | BACKTEST | #zv2_BACKTEST_5 | 02/10 09:38 - 02/10 09:47 | bars=10 | range=69073.60-69213.90 | POC=69146.09 | VAH=69167.13 | VAL=69106.34
2026-02-10 19:55:23 - zone_v2_alerts - INFO - SL_MODE_POC | BACKTEST | POC=69146.09 | dist=137.89 | buffer=50% | SL=69215.03
2026-02-10 19:55:23 - zone_v2_alerts - INFO - BLOCKED_SEQUENTIAL | BACKTEST | zv2_BACKTEST_5 | DOWN | open_trades=1
2026-02-10 19:55:23 - zone_v2_alerts - INFO - LOSS | BACKTEST | zv2_BACKTEST_4 | UP | pnl=-1R
2026-02-10 19:55:23 - zone_v2_alerts - INFO - ZONE_BUILDING | BACKTEST | #6 | 02/10 09:50 - 02/10 09:57 | bars=8
2026-02-10 19:55:23 - zone_v2_alerts - INFO - ZONE_COMPLETE | BACKTEST | #zv2_BACKTEST_6 | 02/10 09:50 - 02/10 10:59 | bars=70 | range=68877.90-69221.00 | POC=68986.55 | VAH=69118.07 | VAL=68946.52
2026-02-10 19:55:23 - zone_v2_alerts - INFO - SL_MODE_POC | BACKTEST | POC=68986.55 | dist=104.15 | buffer=50% | SL=69038.62
2026-02-10 19:55:23 - zone_v2_alerts - INFO - BREAKOUT | BACKTEST | zv2_BACKTEST_6 | DOWN | VA_BREAKOUT | entry=68882.40 | SL=69038.62 | TP=68726.18 | R=156.22
2026-02-10 19:55:23 - zone_v2_alerts - INFO - ZONE_BUILDING | BACKTEST | #7 | 02/10 11:02 - 02/10 11:09 | bars=8
2026-02-10 19:55:23 - zone_v2_alerts - INFO - ZONE_COMPLETE | BACKTEST | #zv2_BACKTEST_7 | 02/10 11:02 - 02/10 11:32 | bars=31 | range=68801.00-68975.70 | POC=68937.85 | VAH=68964.05 | VAL=68865.06
2026-02-10 19:55:23 - zone_v2_alerts - INFO - LOSS | BACKTEST | zv2_BACKTEST_6 | DOWN | pnl=-1R
2026-02-10 19:55:23 - zone_v2_alerts - INFO - SL_MODE_POC | BACKTEST | POC=68937.85 | dist=85.55 | buffer=50% | SL=68895.07
2026-02-10 19:55:23 - zone_v2_alerts - INFO - BREAKOUT | BACKTEST | zv2_BACKTEST_7 | UP | VA_BREAKOUT | entry=69023.40 | SL=68895.07 | TP=69151.73 | R=128.33
2026-02-10 19:55:23 - zone_v2_alerts - INFO - LOSS | BACKTEST | zv2_BACKTEST_7 | UP | pnl=-1R
2026-02-10 19:55:23 - zone_v2_alerts - INFO - ZONE_BUILDING | BACKTEST | #8 | 02/10 11:34 - 02/10 11:41 | bars=8
2026-02-10 19:55:23 - zone_v2_alerts - INFO - ZONE_COMPLETE | BACKTEST | #zv2_BACKTEST_8 | 02/10 11:34 - 02/10 11:41 | bars=8 | range=68835.90-69047.20 | POC=69008.46 | VAH=69040.16 | VAL=68934.51
2026-02-10 19:55:23 - zone_v2_alerts - INFO - SL_MODE_POC | BACKTEST | POC=69008.46 | dist=377.36 | buffer=50% | SL=69197.14
2026-02-10 19:55:23 - zone_v2_alerts - INFO - BREAKOUT | BACKTEST | zv2_BACKTEST_8 | DOWN | VA_BREAKOUT | entry=68631.10 | SL=69197.14 | TP=68065.06 | R=566.04
2026-02-10 19:55:23 - zone_v2_alerts - INFO - ZONE_BUILDING | BACKTEST | #9 | 02/10 12:31 - 02/10 12:38 | bars=8
2026-02-10 19:55:23 - zone_v2_alerts - INFO - ZONE_COMPLETE | BACKTEST | #zv2_BACKTEST_9 | 02/10 12:31 - 02/10 13:31 | bars=61 | range=68286.20-68819.90 | POC=68490.79 | VAH=68642.00 | VAL=68428.52
2026-02-10 19:55:23 - zone_v2_alerts - INFO - SL_MODE_POC | BACKTEST | POC=68490.79 | dist=496.32 | buffer=50% | SL=68242.63
2026-02-10 19:55:23 - zone_v2_alerts - INFO - BLOCKED_SEQUENTIAL | BACKTEST | zv2_BACKTEST_9 | UP | open_trades=1
2026-02-10 19:55:23 - zone_v2_alerts - INFO - LOSS | BACKTEST | zv2_BACKTEST_8 | DOWN | pnl=-1R
2026-02-10 19:55:23 - zone_v2_alerts - INFO - ZONE_BUILDING | BACKTEST | #10 | 02/10 16:01 - 02/10 16:08 | bars=8
2026-02-10 19:55:23 - zone_v2_alerts - INFO - ZONE_COMPLETE | BACKTEST | #zv2_BACKTEST_10 | 02/10 16:01 - 02/10 18:19 | bars=139 | range=68900.10-69982.20 | POC=69603.46 | VAH=69837.92 | VAL=69332.94
2026-02-10 19:55:23 - zone_v2_alerts - INFO - SL_MODE_POC | BACKTEST | POC=69603.46 | dist=322.07 | buffer=50% | SL=69764.50
2026-02-10 19:55:23 - zone_v2_alerts - INFO - BREAKOUT | BACKTEST | zv2_BACKTEST_10 | DOWN | VA_BREAKOUT | entry=69281.40 | SL=69764.50 | TP=68798.30 | R=483.10
2026-02-10 19:55:23 - zone_v2_alerts - INFO - WIN | BACKTEST | zv2_BACKTEST_10 | DOWN | pnl=+1R
2026-02-10 19:55:23 - zone_v2_alerts - INFO - ZONE_BUILDING | BACKTEST | #11 | 02/10 19:21 - 02/10 19:28 | bars=8
2026-02-10 19:55:23 - zone_v2_alerts - INFO - ZONE_COMPLETE | BACKTEST | #zv2_BACKTEST_11 | 02/10 19:21 - 02/10 19:34 | bars=14 | range=68696.20-69052.80 | POC=68904.22 | VAH=68957.71 | VAL=68767.52
2026-02-10 19:55:23 - zone_v2_alerts - INFO - SL_MODE_POC | BACKTEST | POC=68904.22 | dist=319.08 | buffer=50% | SL=68744.68
2026-02-10 19:55:23 - zone_v2_alerts - INFO - BREAKOUT | BACKTEST | zv2_BACKTEST_11 | UP | VA_BREAKOUT | entry=69223.30 | SL=68744.68 | TP=69701.92 | R=478.62
2026-02-10 19:55:23 - zone_v2_alerts - INFO - ZONE_BUILDING | BACKTEST | #12 | 02/10 19:38 - 02/10 19:45 | bars=8
2026-02-10 19:55:23 - zone_v2_alerts - INFO - ZONE_COMPLETE | BACKTEST | #zv2_BACKTEST_12 | 02/10 19:38 - 02/10 20:11 | bars=34 | range=68804.70-69266.30 | POC=69166.29 | VAH=69235.53 | VAL=69004.73
2026-02-10 19:55:23 - zone_v2_alerts - INFO - LOSS | BACKTEST | zv2_BACKTEST_11 | UP | pnl=-1R
2026-02-10 19:55:23 - zone_v2_alerts - INFO - SL_MODE_POC | BACKTEST | POC=69166.29 | dist=441.59 | buffer=50% | SL=69387.08
2026-02-10 19:55:23 - zone_v2_alerts - INFO - BREAKOUT | BACKTEST | zv2_BACKTEST_12 | DOWN | VA_BREAKOUT | entry=68724.70 | SL=69387.08 | TP=68062.32 | R=662.38
2026-02-10 19:55:23 - zone_v2_alerts - INFO - ZONE_BUILDING | BACKTEST | #13 | 02/10 20:47 - 02/10 20:54 | bars=8
2026-02-10 19:55:23 - zone_v2_alerts - INFO - ZONE_COMPLETE | BACKTEST | #zv2_BACKTEST_13 | 02/10 20:47 - 02/10 21:28 | bars=42 | range=68655.10-68978.70 | POC=68789.93 | VAH=68881.62 | VAL=68709.03
2026-02-10 19:55:23 - zone_v2_alerts - INFO - SL_MODE_POC | BACKTEST | POC=68789.93 | dist=395.53 | buffer=50% | SL=68987.70
2026-02-10 19:55:23 - zone_v2_alerts - INFO - BLOCKED_SEQUENTIAL | BACKTEST | zv2_BACKTEST_13 | DOWN | open_trades=1
2026-02-10 19:55:23 - zone_v2_alerts - INFO - ZONE_BUILDING | BACKTEST | #14 | 02/10 22:18 - 02/10 22:25 | bars=8
2026-02-10 19:55:23 - zone_v2_alerts - INFO - ZONE_COMPLETE | BACKTEST | #zv2_BACKTEST_14 | 02/10 22:18 - 02/10 23:48 | bars=91 | range=68471.30-68830.00 | POC=68632.71 | VAH=68710.43 | VAL=68566.95
2026-02-10 19:55:23 - uvicorn.access - INFO - 127.0.0.1:64710 - "GET /api/zones/v2/status HTTP/1.1" 200
2026-02-10 19:55:23 - zone_v2_alerts - INFO - SL_MODE_POC | BACKTEST | POC=68632.71 | dist=115.29 | buffer=50% | SL=68575.07
2026-02-10 19:55:23 - zone_v2_alerts - INFO - BLOCKED_SEQUENTIAL | BACKTEST | zv2_BACKTEST_14 | UP | open_trades=1
2026-02-10 19:55:23 - zone_v2_alerts - INFO - ZONE_BUILDING | BACKTEST | #15 | 02/10 23:51 - 02/10 23:58 | bars=8
2026-02-10 19:55:23 - zone_v2_alerts - INFO - ZONE_COMPLETE | BACKTEST | #zv2_BACKTEST_15 | 02/10 23:51 - 02/11 00:17 | bars=27 | range=68738.10-68955.50 | POC=68806.94 | VAH=68890.28 | VAL=68774.33
2026-02-10 19:55:23 - zone_v2_alerts - INFO - SL_MODE_POC | BACKTEST | POC=68806.94 | dist=142.26 | buffer=50% | SL=68735.81
2026-02-10 19:55:23 - zone_v2_alerts - INFO - BLOCKED_SEQUENTIAL | BACKTEST | zv2_BACKTEST_15 | UP | open_trades=1
2026-02-10 19:55:23 - zone_v2 - INFO - [BACKTEST] Warmup completado: 160 velas, ATR=160, SMA=160
2026-02-10 19:55:23 - zone_v2_alerts - INFO - ZONE_BUILDING | BACKTEST | #1 | 02/10 04:44 - 02/10 04:51 | bars=8
2026-02-10 19:55:23 - zone_v2_alerts - INFO - ZONE_COMPLETE | BACKTEST | #zv2_BACKTEST_1 | 02/10 04:44 - 02/10 05:27 | bars=44 | range=69461.20-69874.90 | POC=69688.74 | VAH=69778.37 | VAL=69516.36
[DRAWINGS] [OK] Loaded 6 shapes for BTCUSDT
2026-02-10 19:55:23 - zone_v2_alerts - INFO - SL_MODE_POC | BACKTEST | POC=69688.74 | dist=259.63 | buffer=50% | SL=69818.55
2026-02-10 19:55:23 - uvicorn.access - INFO - 127.0.0.1:64710 - "GET /api/drawings/BTCUSDT HTTP/1.1" 200
2026-02-10 19:55:23 - zone_v2_alerts - INFO - BREAKOUT | BACKTEST | zv2_BACKTEST_1 | DOWN | VA_BREAKOUT | entry=69429.10 | SL=69818.55 | TP=69039.65 | R=389.45
2026-02-10 19:55:23 - zone_v2_alerts - INFO - WIN | BACKTEST | zv2_BACKTEST_1 | DOWN | pnl=+1R
2026-02-10 19:55:23 - zone_v2_alerts - INFO - ZONE_BUILDING | BACKTEST | #2 | 02/10 06:27 - 02/10 06:34 | bars=8
2026-02-10 19:55:23 - zone_v2_alerts - INFO - ZONE_COMPLETE | BACKTEST | #zv2_BACKTEST_2 | 02/10 06:27 - 02/10 06:40 | bars=14 | range=68966.70-69259.50 | POC=69147.26 | VAH=69181.42 | VAL=69015.50
2026-02-10 19:55:23 - zone_v2_alerts - INFO - SL_MODE_POC | BACKTEST | POC=69147.26 | dist=345.66 | buffer=50% | SL=69320.09
2026-02-10 19:55:23 - zone_v2_alerts - INFO - BREAKOUT | BACKTEST | zv2_BACKTEST_2 | DOWN | VA_BREAKOUT | entry=68801.60 | SL=69320.09 | TP=68283.11 | R=518.49
2026-02-10 19:55:23 - zone_v2_alerts - INFO - ZONE_BUILDING | BACKTEST | #3 | 02/10 07:26 - 02/10 07:33 | bars=8
2026-02-10 19:55:23 - zone_v2_alerts - INFO - ZONE_COMPLETE | BACKTEST | #zv2_BACKTEST_3 | 02/10 07:26 - 02/10 09:03 | bars=98 | range=68680.60-69287.10 | POC=68913.09 | VAH=69125.37 | VAL=68842.33
2026-02-10 19:55:23 - zone_v2_alerts - INFO - LOSS | BACKTEST | zv2_BACKTEST_2 | DOWN | pnl=-1R
2026-02-10 19:55:23 - zone_v2_alerts - INFO - SL_MODE_POC | BACKTEST | POC=68913.09 | dist=302.51 | buffer=50% | SL=68761.84
2026-02-10 19:55:23 - zone_v2_alerts - INFO - BREAKOUT | BACKTEST | zv2_BACKTEST_3 | UP | VA_BREAKOUT | entry=69215.60 | SL=68761.84 | TP=69669.36 | R=453.76
2026-02-10 19:55:23 - zone_v2_alerts - INFO - ZONE_BUILDING | BACKTEST | #4 | 02/10 09:05 - 02/10 09:12 | bars=8
2026-02-10 19:55:24 - zone_v2_alerts - INFO - ZONE_COMPLETE | BACKTEST | #zv2_BACKTEST_4 | 02/10 09:05 - 02/10 09:47 | bars=43 | range=69073.60-69385.20 | POC=69244.98 | VAH=69343.65 | VAL=69198.24
2026-02-10 19:55:24 - zone_v2_alerts - INFO - SL_MODE_POC | BACKTEST | POC=69244.98 | dist=236.78 | buffer=50% | SL=69363.37
2026-02-10 19:55:24 - zone_v2_alerts - INFO - BLOCKED_SEQUENTIAL | BACKTEST | zv2_BACKTEST_4 | DOWN | open_trades=1
2026-02-10 19:55:24 - zone_v2_alerts - INFO - ZONE_BUILDING | BACKTEST | #5 | 02/10 09:50 - 02/10 09:57 | bars=8
2026-02-10 19:55:24 - zone_v2_alerts - INFO - ZONE_COMPLETE | BACKTEST | #zv2_BACKTEST_5 | 02/10 09:50 - 02/10 11:00 | bars=71 | range=68846.20-69221.00 | POC=68989.87 | VAH=69108.56 | VAL=68921.16
2026-02-10 19:55:24 - zone_v2_alerts - INFO - SL_MODE_POC | BACKTEST | POC=68989.87 | dist=139.87 | buffer=50% | SL=69059.81
2026-02-10 19:55:24 - zone_v2_alerts - INFO - BLOCKED_SEQUENTIAL | BACKTEST | zv2_BACKTEST_5 | DOWN | open_trades=1
2026-02-10 19:55:24 - zone_v2_alerts - INFO - ZONE_BUILDING | BACKTEST | #6 | 02/10 11:02 - 02/10 11:09 | bars=8
2026-02-10 19:55:24 - zone_v2_alerts - INFO - ZONE_COMPLETE | BACKTEST | #zv2_BACKTEST_6 | 02/10 11:02 - 02/10 11:32 | bars=31 | range=68801.00-68975.70 | POC=68937.85 | VAH=68964.05 | VAL=68865.06
2026-02-10 19:55:24 - zone_v2_alerts - INFO - SL_MODE_POC | BACKTEST | POC=68937.85 | dist=85.55 | buffer=50% | SL=68895.07
2026-02-10 19:55:24 - zone_v2_alerts - INFO - BLOCKED_SEQUENTIAL | BACKTEST | zv2_BACKTEST_6 | UP | open_trades=1
2026-02-10 19:55:24 - zone_v2_alerts - INFO - ZONE_BUILDING | BACKTEST | #7 | 02/10 11:34 - 02/10 11:41 | bars=8
2026-02-10 19:55:24 - zone_v2_alerts - INFO - ZONE_COMPLETE | BACKTEST | #zv2_BACKTEST_7 | 02/10 11:34 - 02/10 11:41 | bars=8 | range=68835.90-69047.20 | POC=69008.46 | VAH=69040.16 | VAL=68934.51
2026-02-10 19:55:24 - zone_v2_alerts - INFO - LOSS | BACKTEST | zv2_BACKTEST_3 | UP | pnl=-1R
2026-02-10 19:55:24 - zone_v2_alerts - INFO - SL_MODE_POC | BACKTEST | POC=69008.46 | dist=377.36 | buffer=50% | SL=69197.14
2026-02-10 19:55:24 - zone_v2_alerts - INFO - BREAKOUT | BACKTEST | zv2_BACKTEST_7 | DOWN | VA_BREAKOUT | entry=68631.10 | SL=69197.14 | TP=68065.06 | R=566.04
2026-02-10 19:55:24 - zone_v2_alerts - INFO - ZONE_BUILDING | BACKTEST | #8 | 02/10 12:31 - 02/10 12:38 | bars=8
2026-02-10 19:55:24 - zone_v2_alerts - INFO - ZONE_COMPLETE | BACKTEST | #zv2_BACKTEST_8 | 02/10 12:31 - 02/10 12:44 | bars=14 | range=68518.30-68819.90 | POC=68603.75 | VAH=68769.63 | VAL=68518.30
2026-02-10 19:55:24 - zone_v2_alerts - INFO - ZONE_BUILDING | BACKTEST | #9 | 02/10 12:46 - 02/10 12:53 | bars=8
2026-02-10 19:55:24 - zone_v2_alerts - INFO - SL_MODE_POC | BACKTEST | POC=68603.75 | dist=123.95 | buffer=50% | SL=68665.73
2026-02-10 19:55:24 - zone_v2_alerts - INFO - BLOCKED_SEQUENTIAL | BACKTEST | zv2_BACKTEST_8 | DOWN | open_trades=1
2026-02-10 19:55:24 - zone_v2_alerts - INFO - ZONE_COMPLETE | BACKTEST | #zv2_BACKTEST_9 | 02/10 12:46 - 02/10 13:31 | bars=46 | range=68286.20-68768.00 | POC=68486.95 | VAH=68607.40 | VAL=68414.68
2026-02-10 19:55:24 - zone_v2_alerts - INFO - SL_MODE_POC | BACKTEST | POC=68486.95 | dist=500.15 | buffer=50% | SL=68236.88
2026-02-10 19:55:24 - zone_v2_alerts - INFO - BLOCKED_SEQUENTIAL | BACKTEST | zv2_BACKTEST_9 | UP | open_trades=1
2026-02-10 19:55:24 - zone_v2_alerts - INFO - LOSS | BACKTEST | zv2_BACKTEST_7 | DOWN | pnl=-1R
2026-02-10 19:55:24 - zone_v2_alerts - INFO - ZONE_BUILDING | BACKTEST | #10 | 02/10 16:06 - 02/10 16:13 | bars=8
2026-02-10 19:55:24 - zone_v2_alerts - INFO - ZONE_COMPLETE | BACKTEST | #zv2_BACKTEST_10 | 02/10 16:06 - 02/10 18:20 | bars=135 | range=68900.10-69982.20 | POC=69603.46 | VAH=69837.92 | VAL=69332.94
2026-02-10 19:55:24 - zone_v2_alerts - INFO - SL_MODE_POC | BACKTEST | POC=69603.46 | dist=322.07 | buffer=50% | SL=69764.50
2026-02-10 19:55:24 - zone_v2_alerts - INFO - BREAKOUT | BACKTEST | zv2_BACKTEST_10 | DOWN | VA_BREAKOUT | entry=69281.40 | SL=69764.50 | TP=68798.30 | R=483.10
2026-02-10 19:55:24 - zone_v2_alerts - INFO - WIN | BACKTEST | zv2_BACKTEST_10 | DOWN | pnl=+1R
2026-02-10 19:55:24 - zone_v2_alerts - INFO - ZONE_BUILDING | BACKTEST | #11 | 02/10 19:21 - 02/10 19:28 | bars=8
2026-02-10 19:55:24 - zone_v2_alerts - INFO - ZONE_COMPLETE | BACKTEST | #zv2_BACKTEST_11 | 02/10 19:21 - 02/10 19:34 | bars=14 | range=68696.20-69052.80 | POC=68904.22 | VAH=68957.71 | VAL=68767.52
2026-02-10 19:55:24 - zone_v2_alerts - INFO - SL_MODE_POC | BACKTEST | POC=68904.22 | dist=319.08 | buffer=50% | SL=68744.68
2026-02-10 19:55:24 - zone_v2_alerts - INFO - BREAKOUT | BACKTEST | zv2_BACKTEST_11 | UP | VA_BREAKOUT | entry=69223.30 | SL=68744.68 | TP=69701.92 | R=478.62
2026-02-10 19:55:24 - zone_v2_alerts - INFO - LOSS | BACKTEST | zv2_BACKTEST_11 | UP | pnl=-1R
2026-02-10 19:55:24 - zone_v2_alerts - INFO - ZONE_BUILDING | BACKTEST | #12 | 02/10 20:15 - 02/10 20:22 | bars=8
2026-02-10 19:55:24 - zone_v2_alerts - INFO - ZONE_COMPLETE | BACKTEST | #zv2_BACKTEST_12 | 02/10 20:15 - 02/10 21:30 | bars=76 | range=68509.40-68978.70 | POC=68783.16 | VAH=68884.84 | VAL=68697.12
2026-02-10 19:55:24 - zone_v2_alerts - INFO - SL_MODE_POC | BACKTEST | POC=68783.16 | dist=372.06 | buffer=50% | SL=68969.19
2026-02-10 19:55:24 - zone_v2_alerts - INFO - BREAKOUT | BACKTEST | zv2_BACKTEST_12 | DOWN | VA_BREAKOUT | entry=68411.10 | SL=68969.19 | TP=67853.01 | R=558.09
2026-02-10 19:55:24 - zone_v2_alerts - INFO - ZONE_BUILDING | BACKTEST | #13 | 02/10 22:16 - 02/10 22:23 | bars=8
2026-02-10 19:55:24 - zone_v2_alerts - INFO - ZONE_COMPLETE | BACKTEST | #zv2_BACKTEST_13 | 02/10 22:16 - 02/10 23:48 | bars=93 | range=68471.30-68830.00 | POC=68632.71 | VAH=68710.43 | VAL=68566.95
2026-02-10 19:55:24 - zone_v2_alerts - INFO - SL_MODE_POC | BACKTEST | POC=68632.71 | dist=115.29 | buffer=50% | SL=68575.07
2026-02-10 19:55:24 - zone_v2_alerts - INFO - BLOCKED_SEQUENTIAL | BACKTEST | zv2_BACKTEST_13 | UP | open_trades=1
2026-02-10 19:55:24 - zone_v2_alerts - INFO - ZONE_BUILDING | BACKTEST | #14 | 02/10 23:50 - 02/10 23:57 | bars=8
2026-02-10 19:55:24 - zone_v2_alerts - INFO - ZONE_COMPLETE | BACKTEST | #zv2_BACKTEST_14 | 02/10 23:50 - 02/11 00:17 | bars=28 | range=68738.10-68955.50 | POC=68806.94 | VAH=68883.03 | VAL=68774.33
2026-02-10 19:55:24 - zone_v2_alerts - INFO - LOSS | BACKTEST | zv2_BACKTEST_12 | DOWN | pnl=-1R
2026-02-10 19:55:24 - zone_v2_alerts - INFO - SL_MODE_POC | BACKTEST | POC=68806.94 | dist=142.26 | buffer=50% | SL=68735.81
2026-02-10 19:55:24 - zone_v2_alerts - INFO - BREAKOUT | BACKTEST | zv2_BACKTEST_14 | UP | VA_BREAKOUT | entry=68949.20 | SL=68735.81 | TP=69162.59 | R=213.39
2026-02-10 19:55:24 - zone_v2_alerts - INFO - WIN | BACKTEST | zv2_BACKTEST_14 | UP | pnl=+1R
2026-02-10 19:55:24 - zone_v2 - INFO - [BACKTEST] Warmup completado: 210 velas, ATR=210, SMA=210
2026-02-10 19:55:24 - zone_v2_alerts - INFO - ZONE_BUILDING | BACKTEST | #1 | 02/10 04:46 - 02/10 04:53 | bars=8
2026-02-10 19:55:24 - zone_v2_alerts - INFO - ZONE_COMPLETE | BACKTEST | #zv2_BACKTEST_1 | 02/10 04:46 - 02/10 05:26 | bars=41 | range=69509.20-69874.90 | POC=69685.96 | VAH=69850.52 | VAL=69631.10
2026-02-10 19:55:24 - zone_v2_alerts - INFO - SL_MODE_POC | BACKTEST | POC=69685.96 | dist=198.15 | buffer=50% | SL=69785.03
2026-02-10 19:55:24 - zone_v2_alerts - INFO - BREAKOUT | BACKTEST | zv2_BACKTEST_1 | DOWN | VA_BREAKOUT | entry=69487.80 | SL=69785.03 | TP=69190.57 | R=297.23
2026-02-10 19:55:24 - zone_v2_alerts - INFO - WIN | BACKTEST | zv2_BACKTEST_1 | DOWN | pnl=+1R
2026-02-10 19:55:24 - zone_v2_alerts - INFO - ZONE_BUILDING | BACKTEST | #2 | 02/10 06:26 - 02/10 06:33 | bars=8
2026-02-10 19:55:24 - zone_v2_alerts - INFO - ZONE_COMPLETE | BACKTEST | #zv2_BACKTEST_2 | 02/10 06:26 - 02/10 06:40 | bars=15 | range=68966.70-69259.50 | POC=69147.26 | VAH=69181.42 | VAL=69015.50
2026-02-10 19:55:24 - zone_v2_alerts - INFO - SL_MODE_POC | BACKTEST | POC=69147.26 | dist=345.66 | buffer=50% | SL=69320.09
2026-02-10 19:55:24 - zone_v2_alerts - INFO - BREAKOUT | BACKTEST | zv2_BACKTEST_2 | DOWN | VA_BREAKOUT | entry=68801.60 | SL=69320.09 | TP=68283.11 | R=518.49
2026-02-10 19:55:24 - zone_v2_alerts - INFO - ZONE_BUILDING | BACKTEST | #3 | 02/10 07:27 - 02/10 07:34 | bars=8
2026-02-10 19:55:24 - zone_v2_alerts - INFO - ZONE_COMPLETE | BACKTEST | #zv2_BACKTEST_3 | 02/10 07:27 - 02/10 09:03 | bars=97 | range=68680.60-69287.10 | POC=68913.09 | VAH=69125.37 | VAL=68842.33
2026-02-10 19:55:24 - zone_v2_alerts - INFO - LOSS | BACKTEST | zv2_BACKTEST_2 | DOWN | pnl=-1R
2026-02-10 19:55:24 - zone_v2_alerts - INFO - SL_MODE_POC | BACKTEST | POC=68913.09 | dist=302.51 | buffer=50% | SL=68761.84
2026-02-10 19:55:24 - zone_v2_alerts - INFO - BREAKOUT | BACKTEST | zv2_BACKTEST_3 | UP | VA_BREAKOUT | entry=69215.60 | SL=68761.84 | TP=69669.36 | R=453.76
2026-02-10 19:55:24 - zone_v2_alerts - INFO - ZONE_BUILDING | BACKTEST | #4 | 02/10 09:05 - 02/10 09:12 | bars=8
2026-02-10 19:55:24 - zone_v2_alerts - INFO - ZONE_COMPLETE | BACKTEST | #zv2_BACKTEST_4 | 02/10 09:05 - 02/10 09:47 | bars=43 | range=69073.60-69385.20 | POC=69244.98 | VAH=69343.65 | VAL=69198.24
2026-02-10 19:55:24 - zone_v2_alerts - INFO - SL_MODE_POC | BACKTEST | POC=69244.98 | dist=236.78 | buffer=50% | SL=69363.37
2026-02-10 19:55:24 - zone_v2_alerts - INFO - BLOCKED_SEQUENTIAL | BACKTEST | zv2_BACKTEST_4 | DOWN | open_trades=1
2026-02-10 19:55:24 - zone_v2_alerts - INFO - ZONE_BUILDING | BACKTEST | #5 | 02/10 09:50 - 02/10 09:57 | bars=8
2026-02-10 19:55:24 - zone_v2_alerts - INFO - ZONE_COMPLETE | BACKTEST | #zv2_BACKTEST_5 | 02/10 09:50 - 02/10 11:00 | bars=71 | range=68846.20-69221.00 | POC=68989.87 | VAH=69108.56 | VAL=68921.16
2026-02-10 19:55:24 - zone_v2_alerts - INFO - SL_MODE_POC | BACKTEST | POC=68989.87 | dist=139.87 | buffer=50% | SL=69059.81
2026-02-10 19:55:24 - zone_v2_alerts - INFO - BLOCKED_SEQUENTIAL | BACKTEST | zv2_BACKTEST_5 | DOWN | open_trades=1
2026-02-10 19:55:24 - zone_v2_alerts - INFO - ZONE_BUILDING | BACKTEST | #6 | 02/10 11:02 - 02/10 11:09 | bars=8
2026-02-10 19:55:24 - zone_v2_alerts - INFO - ZONE_COMPLETE | BACKTEST | #zv2_BACKTEST_6 | 02/10 11:02 - 02/10 11:41 | bars=40 | range=68801.00-69050.00 | POC=68946.25 | VAH=68991.90 | VAL=68842.50
2026-02-10 19:55:24 - zone_v2_alerts - INFO - LOSS | BACKTEST | zv2_BACKTEST_3 | UP | pnl=-1R
2026-02-10 19:55:24 - zone_v2_alerts - INFO - SL_MODE_POC | BACKTEST | POC=68946.25 | dist=315.15 | buffer=50% | SL=69103.82
2026-02-10 19:55:24 - zone_v2_alerts - INFO - BREAKOUT | BACKTEST | zv2_BACKTEST_6 | DOWN | VA_BREAKOUT | entry=68631.10 | SL=69103.82 | TP=68158.38 | R=472.72
2026-02-10 19:55:24 - zone_v2_alerts - INFO - ZONE_BUILDING | BACKTEST | #7 | 02/10 12:31 - 02/10 12:38 | bars=8
2026-02-10 19:55:24 - zone_v2_alerts - INFO - ZONE_COMPLETE | BACKTEST | #zv2_BACKTEST_7 | 02/10 12:31 - 02/10 12:44 | bars=14 | range=68518.30-68819.90 | POC=68603.75 | VAH=68769.63 | VAL=68518.30
2026-02-10 19:55:24 - zone_v2_alerts - INFO - ZONE_BUILDING | BACKTEST | #8 | 02/10 12:46 - 02/10 12:53 | bars=8
2026-02-10 19:55:24 - zone_v2_alerts - INFO - SL_MODE_POC | BACKTEST | POC=68603.75 | dist=123.95 | buffer=50% | SL=68665.73
2026-02-10 19:55:24 - zone_v2_alerts - INFO - BLOCKED_SEQUENTIAL | BACKTEST | zv2_BACKTEST_7 | DOWN | open_trades=1
2026-02-10 19:55:24 - zone_v2_alerts - INFO - ZONE_COMPLETE | BACKTEST | #zv2_BACKTEST_8 | 02/10 12:46 - 02/10 13:31 | bars=46 | range=68286.20-68768.00 | POC=68486.95 | VAH=68607.40 | VAL=68414.68
2026-02-10 19:55:24 - zone_v2_alerts - INFO - SL_MODE_POC | BACKTEST | POC=68486.95 | dist=500.15 | buffer=50% | SL=68236.88
2026-02-10 19:55:24 - zone_v2_alerts - INFO - BLOCKED_SEQUENTIAL | BACKTEST | zv2_BACKTEST_8 | UP | open_trades=1
2026-02-10 19:55:24 - zone_v2_alerts - INFO - LOSS | BACKTEST | zv2_BACKTEST_6 | DOWN | pnl=-1R
2026-02-10 19:55:24 - zone_v2_alerts - INFO - ZONE_BUILDING | BACKTEST | #9 | 02/10 16:16 - 02/10 16:23 | bars=8
2026-02-10 19:55:24 - zone_v2_alerts - INFO - ZONE_COMPLETE | BACKTEST | #zv2_BACKTEST_9 | 02/10 16:16 - 02/10 18:20 | bars=125 | range=69224.70-69982.20 | POC=69388.82 | VAH=69754.95 | VAL=69300.45
2026-02-10 19:55:24 - zone_v2_alerts - INFO - SL_MODE_POC | BACKTEST | POC=69388.82 | dist=308.72 | buffer=50% | SL=69543.19
2026-02-10 19:55:24 - zone_v2_alerts - INFO - BREAKOUT | BACKTEST | zv2_BACKTEST_9 | DOWN | VA_BREAKOUT | entry=69080.10 | SL=69543.19 | TP=68617.01 | R=463.09
2026-02-10 19:55:24 - zone_v2_alerts - INFO - WIN | BACKTEST | zv2_BACKTEST_9 | DOWN | pnl=+1R
2026-02-10 19:55:24 - zone_v2_alerts - INFO - ZONE_BUILDING | BACKTEST | #10 | 02/10 19:11 - 02/10 19:18 | bars=8
2026-02-10 19:55:24 - zone_v2_alerts - INFO - ZONE_COMPLETE | BACKTEST | #zv2_BACKTEST_10 | 02/10 19:11 - 02/10 19:34 | bars=24 | range=68682.70-69052.80 | POC=68824.57 | VAH=68929.43 | VAL=68756.72
2026-02-10 19:55:24 - zone_v2_alerts - INFO - SL_MODE_POC | BACKTEST | POC=68824.57 | dist=398.73 | buffer=50% | SL=68625.21
2026-02-10 19:55:24 - zone_v2_alerts - INFO - BREAKOUT | BACKTEST | zv2_BACKTEST_10 | UP | VA_BREAKOUT | entry=69223.30 | SL=68625.21 | TP=69821.39 | R=598.09
2026-02-10 19:55:24 - zone_v2_alerts - INFO - ZONE_BUILDING | BACKTEST | #11 | 02/10 19:38 - 02/10 19:45 | bars=8
2026-02-10 19:55:24 - zone_v2_alerts - INFO - ZONE_COMPLETE | BACKTEST | #zv2_BACKTEST_11 | 02/10 19:38 - 02/10 20:11 | bars=34 | range=68804.70-69266.30 | POC=69166.29 | VAH=69235.53 | VAL=69004.73
2026-02-10 19:55:24 - zone_v2_alerts - INFO - SL_MODE_POC | BACKTEST | POC=69166.29 | dist=441.59 | buffer=50% | SL=69387.08
2026-02-10 19:55:24 - zone_v2_alerts - INFO - BLOCKED_SEQUENTIAL | BACKTEST | zv2_BACKTEST_11 | DOWN | open_trades=1
2026-02-10 19:55:24 - zone_v2_alerts - INFO - ZONE_BUILDING | BACKTEST | #12 | 02/10 20:15 - 02/10 20:22 | bars=8
2026-02-10 19:55:24 - zone_v2_alerts - INFO - LOSS | BACKTEST | zv2_BACKTEST_10 | UP | pnl=-1R
2026-02-10 19:55:24 - zone_v2_alerts - INFO - ZONE_COMPLETE | BACKTEST | #zv2_BACKTEST_12 | 02/10 20:15 - 02/10 21:30 | bars=76 | range=68509.40-68978.70 | POC=68783.16 | VAH=68884.84 | VAL=68697.12
2026-02-10 19:55:24 - zone_v2_alerts - INFO - SL_MODE_POC | BACKTEST | POC=68783.16 | dist=372.06 | buffer=50% | SL=68969.19
2026-02-10 19:55:24 - zone_v2_alerts - INFO - BREAKOUT | BACKTEST | zv2_BACKTEST_12 | DOWN | VA_BREAKOUT | entry=68411.10 | SL=68969.19 | TP=67853.01 | R=558.09
2026-02-10 19:55:24 - zone_v2_alerts - INFO - ZONE_BUILDING | BACKTEST | #13 | 02/10 22:14 - 02/10 22:21 | bars=8
2026-02-10 19:55:24 - zone_v2_alerts - INFO - LOSS | BACKTEST | zv2_BACKTEST_12 | DOWN | pnl=-1R
2026-02-10 19:55:24 - zone_v2_alerts - INFO - ZONE_COMPLETE | BACKTEST | #zv2_BACKTEST_13 | 02/10 22:14 - 02/11 00:18 | bars=125 | range=68471.30-68975.40 | POC=68630.93 | VAH=68807.37 | VAL=68555.32
2026-02-10 19:55:24 - zone_v2_alerts - INFO - SL_MODE_POC | BACKTEST | POC=68630.93 | dist=355.77 | buffer=50% | SL=68453.05
2026-02-10 19:55:24 - zone_v2_alerts - INFO - BREAKOUT | BACKTEST | zv2_BACKTEST_13 | UP | VA_BREAKOUT | entry=68986.70 | SL=68453.05 | TP=69520.35 | R=533.65
2026-02-10 19:55:24 - zone_v2 - INFO - [BACKTEST] Warmup completado: 260 velas, ATR=260, SMA=260
2026-02-10 19:55:24 - zone_v2_alerts - INFO - ZONE_BUILDING | BACKTEST | #1 | 02/10 06:26 - 02/10 06:33 | bars=8
2026-02-10 19:55:24 - zone_v2_alerts - INFO - ZONE_COMPLETE | BACKTEST | #zv2_BACKTEST_1 | 02/10 06:26 - 02/10 06:40 | bars=15 | range=68966.70-69259.50 | POC=69147.26 | VAH=69181.42 | VAL=69015.50
2026-02-10 19:55:24 - zone_v2_alerts - INFO - SL_MODE_POC | BACKTEST | POC=69147.26 | dist=345.66 | buffer=50% | SL=69320.09
2026-02-10 19:55:24 - zone_v2_alerts - INFO - BREAKOUT | BACKTEST | zv2_BACKTEST_1 | DOWN | VA_BREAKOUT | entry=68801.60 | SL=69320.09 | TP=68283.11 | R=518.49
2026-02-10 19:55:24 - zone_v2_alerts - INFO - ZONE_BUILDING | BACKTEST | #2 | 02/10 07:26 - 02/10 07:33 | bars=8
2026-02-10 19:55:24 - zone_v2_alerts - INFO - ZONE_COMPLETE | BACKTEST | #zv2_BACKTEST_2 | 02/10 07:26 - 02/10 09:03 | bars=98 | range=68680.60-69287.10 | POC=68913.09 | VAH=69125.37 | VAL=68842.33
2026-02-10 19:55:24 - zone_v2_alerts - INFO - LOSS | BACKTEST | zv2_BACKTEST_1 | DOWN | pnl=-1R
2026-02-10 19:55:24 - zone_v2_alerts - INFO - SL_MODE_POC | BACKTEST | POC=68913.09 | dist=302.51 | buffer=50% | SL=68761.84
2026-02-10 19:55:24 - zone_v2_alerts - INFO - BREAKOUT | BACKTEST | zv2_BACKTEST_2 | UP | VA_BREAKOUT | entry=69215.60 | SL=68761.84 | TP=69669.36 | R=453.76
2026-02-10 19:55:24 - zone_v2_alerts - INFO - ZONE_BUILDING | BACKTEST | #3 | 02/10 09:05 - 02/10 09:12 | bars=8
2026-02-10 19:55:24 - zone_v2_alerts - INFO - ZONE_COMPLETE | BACKTEST | #zv2_BACKTEST_3 | 02/10 09:05 - 02/10 09:47 | bars=43 | range=69073.60-69385.20 | POC=69244.98 | VAH=69343.65 | VAL=69198.24
2026-02-10 19:55:24 - zone_v2_alerts - INFO - SL_MODE_POC | BACKTEST | POC=69244.98 | dist=236.78 | buffer=50% | SL=69363.37
2026-02-10 19:55:24 - zone_v2_alerts - INFO - BLOCKED_SEQUENTIAL | BACKTEST | zv2_BACKTEST_3 | DOWN | open_trades=1
2026-02-10 19:55:24 - zone_v2_alerts - INFO - ZONE_BUILDING | BACKTEST | #4 | 02/10 09:50 - 02/10 09:57 | bars=8
2026-02-10 19:55:24 - zone_v2_alerts - INFO - ZONE_COMPLETE | BACKTEST | #zv2_BACKTEST_4 | 02/10 09:50 - 02/10 11:00 | bars=71 | range=68846.20-69221.00 | POC=68989.87 | VAH=69108.56 | VAL=68921.16
2026-02-10 19:55:24 - zone_v2_alerts - INFO - SL_MODE_POC | BACKTEST | POC=68989.87 | dist=139.87 | buffer=50% | SL=69059.81
2026-02-10 19:55:24 - zone_v2_alerts - INFO - BLOCKED_SEQUENTIAL | BACKTEST | zv2_BACKTEST_4 | DOWN | open_trades=1
2026-02-10 19:55:24 - zone_v2_alerts - INFO - ZONE_BUILDING | BACKTEST | #5 | 02/10 11:02 - 02/10 11:09 | bars=8
2026-02-10 19:55:24 - zone_v2_alerts - INFO - ZONE_COMPLETE | BACKTEST | #zv2_BACKTEST_5 | 02/10 11:02 - 02/10 11:41 | bars=40 | range=68801.00-69050.00 | POC=68946.25 | VAH=68991.90 | VAL=68842.50
2026-02-10 19:55:24 - zone_v2_alerts - INFO - LOSS | BACKTEST | zv2_BACKTEST_2 | UP | pnl=-1R
2026-02-10 19:55:24 - zone_v2_alerts - INFO - SL_MODE_POC | BACKTEST | POC=68946.25 | dist=315.15 | buffer=50% | SL=69103.82
2026-02-10 19:55:24 - zone_v2_alerts - INFO - BREAKOUT | BACKTEST | zv2_BACKTEST_5 | DOWN | VA_BREAKOUT | entry=68631.10 | SL=69103.82 | TP=68158.38 | R=472.72
2026-02-10 19:55:24 - zone_v2_alerts - INFO - ZONE_BUILDING | BACKTEST | #6 | 02/10 12:31 - 02/10 12:38 | bars=8
2026-02-10 19:55:24 - zone_v2_alerts - INFO - ZONE_COMPLETE | BACKTEST | #zv2_BACKTEST_6 | 02/10 12:31 - 02/10 12:44 | bars=14 | range=68518.30-68819.90 | POC=68603.75 | VAH=68769.63 | VAL=68518.30
2026-02-10 19:55:24 - zone_v2_alerts - INFO - ZONE_BUILDING | BACKTEST | #7 | 02/10 12:46 - 02/10 12:53 | bars=8
2026-02-10 19:55:24 - zone_v2_alerts - INFO - SL_MODE_POC | BACKTEST | POC=68603.75 | dist=123.95 | buffer=50% | SL=68665.73
2026-02-10 19:55:24 - zone_v2_alerts - INFO - BLOCKED_SEQUENTIAL | BACKTEST | zv2_BACKTEST_6 | DOWN | open_trades=1
2026-02-10 19:55:24 - zone_v2_alerts - INFO - ZONE_COMPLETE | BACKTEST | #zv2_BACKTEST_7 | 02/10 12:46 - 02/10 13:31 | bars=46 | range=68286.20-68768.00 | POC=68486.95 | VAH=68607.40 | VAL=68414.68
2026-02-10 19:55:24 - zone_v2_alerts - INFO - SL_MODE_POC | BACKTEST | POC=68486.95 | dist=500.15 | buffer=50% | SL=68236.88
2026-02-10 19:55:24 - zone_v2_alerts - INFO - BLOCKED_SEQUENTIAL | BACKTEST | zv2_BACKTEST_7 | UP | open_trades=1
2026-02-10 19:55:24 - zone_v2_alerts - INFO - LOSS | BACKTEST | zv2_BACKTEST_5 | DOWN | pnl=-1R
2026-02-10 19:55:24 - zone_v2_alerts - INFO - ZONE_BUILDING | BACKTEST | #8 | 02/10 16:16 - 02/10 16:23 | bars=8
2026-02-10 19:55:24 - zone_v2_alerts - INFO - ZONE_COMPLETE | BACKTEST | #zv2_BACKTEST_8 | 02/10 16:16 - 02/10 18:20 | bars=125 | range=69224.70-69982.20 | POC=69388.82 | VAH=69754.95 | VAL=69300.45
2026-02-10 19:55:24 - zone_v2_alerts - INFO - SL_MODE_POC | BACKTEST | POC=69388.82 | dist=308.72 | buffer=50% | SL=69543.19
2026-02-10 19:55:24 - zone_v2_alerts - INFO - BREAKOUT | BACKTEST | zv2_BACKTEST_8 | DOWN | VA_BREAKOUT | entry=69080.10 | SL=69543.19 | TP=68617.01 | R=463.09
2026-02-10 19:55:24 - zone_v2_alerts - INFO - WIN | BACKTEST | zv2_BACKTEST_8 | DOWN | pnl=+1R
2026-02-10 19:55:24 - zone_v2_alerts - INFO - ZONE_BUILDING | BACKTEST | #9 | 02/10 19:08 - 02/10 19:15 | bars=8
2026-02-10 19:55:24 - zone_v2_alerts - INFO - ZONE_COMPLETE | BACKTEST | #zv2_BACKTEST_9 | 02/10 19:08 - 02/10 19:36 | bars=29 | range=68682.70-69268.30 | POC=68887.66 | VAH=69014.54 | VAL=68741.26
2026-02-10 19:55:24 - zone_v2_alerts - INFO - SL_MODE_POC | BACKTEST | POC=68887.66 | dist=302.54 | buffer=50% | SL=68736.39
2026-02-10 19:55:24 - zone_v2_alerts - INFO - BREAKOUT | BACKTEST | zv2_BACKTEST_9 | UP | VA_BREAKOUT | entry=69190.20 | SL=68736.39 | TP=69644.01 | R=453.81
2026-02-10 19:55:24 - zone_v2_alerts - INFO - ZONE_BUILDING | BACKTEST | #10 | 02/10 19:38 - 02/10 19:45 | bars=8
2026-02-10 19:55:24 - zone_v2_alerts - INFO - ZONE_COMPLETE | BACKTEST | #zv2_BACKTEST_10 | 02/10 19:38 - 02/10 20:11 | bars=34 | range=68804.70-69266.30 | POC=69166.29 | VAH=69235.53 | VAL=69004.73
2026-02-10 19:55:24 - zone_v2_alerts - INFO - LOSS | BACKTEST | zv2_BACKTEST_9 | UP | pnl=-1R
2026-02-10 19:55:24 - zone_v2_alerts - INFO - SL_MODE_POC | BACKTEST | POC=69166.29 | dist=441.59 | buffer=50% | SL=69387.08
2026-02-10 19:55:24 - zone_v2_alerts - INFO - BREAKOUT | BACKTEST | zv2_BACKTEST_10 | DOWN | VA_BREAKOUT | entry=68724.70 | SL=69387.08 | TP=68062.32 | R=662.38
2026-02-10 19:55:24 - zone_v2_alerts - INFO - ZONE_BUILDING | BACKTEST | #11 | 02/10 20:15 - 02/10 20:22 | bars=8
2026-02-10 19:55:24 - zone_v2_alerts - INFO - ZONE_COMPLETE | BACKTEST | #zv2_BACKTEST_11 | 02/10 20:15 - 02/10 21:30 | bars=76 | range=68509.40-68978.70 | POC=68783.16 | VAH=68884.84 | VAL=68697.12
2026-02-10 19:55:24 - zone_v2_alerts - INFO - SL_MODE_POC | BACKTEST | POC=68783.16 | dist=372.06 | buffer=50% | SL=68969.19
2026-02-10 19:55:24 - zone_v2_alerts - INFO - BLOCKED_SEQUENTIAL | BACKTEST | zv2_BACKTEST_11 | DOWN | open_trades=1
2026-02-10 19:55:24 - zone_v2_alerts - INFO - ZONE_BUILDING | BACKTEST | #12 | 02/10 22:14 - 02/10 22:21 | bars=8
2026-02-10 19:55:24 - zone_v2_alerts - INFO - ZONE_COMPLETE | BACKTEST | #zv2_BACKTEST_12 | 02/10 22:14 - 02/11 00:21 | bars=128 | range=68471.30-68999.90 | POC=68621.07 | VAH=68823.70 | VAL=68559.40
2026-02-10 19:55:24 - zone_v2_alerts - INFO - SL_MODE_POC | BACKTEST | POC=68621.07 | dist=384.93 | buffer=50% | SL=68428.61
2026-02-10 19:55:24 - zone_v2_alerts - INFO - BLOCKED_SEQUENTIAL | BACKTEST | zv2_BACKTEST_12 | UP | open_trades=1
2026-02-10 19:55:24 - zone_v2 - INFO - [BACKTEST] Warmup completado: 310 velas, ATR=310, SMA=310
2026-02-10 19:55:24 - zone_v2_alerts - INFO - ZONE_BUILDING | BACKTEST | #1 | 02/10 06:28 - 02/10 06:35 | bars=8
2026-02-10 19:55:24 - zone_v2_alerts - INFO - ZONE_COMPLETE | BACKTEST | #zv2_BACKTEST_1 | 02/10 06:28 - 02/10 06:40 | bars=13 | range=68966.70-69259.50 | POC=69176.54 | VAH=69220.46 | VAL=69035.02
2026-02-10 19:55:24 - zone_v2_alerts - INFO - SL_MODE_POC | BACKTEST | POC=69176.54 | dist=155.64 | buffer=50% | SL=69254.36
2026-02-10 19:55:24 - zone_v2_alerts - INFO - BREAKOUT | BACKTEST | zv2_BACKTEST_1 | DOWN | VA_BREAKOUT | entry=69020.90 | SL=69254.36 | TP=68787.44 | R=233.46
2026-02-10 19:55:24 - zone_v2_alerts - INFO - WIN | BACKTEST | zv2_BACKTEST_1 | DOWN | pnl=+1R
2026-02-10 19:55:24 - zone_v2_alerts - INFO - ZONE_BUILDING | BACKTEST | #2 | 02/10 07:26 - 02/10 07:33 | bars=8
2026-02-10 19:55:24 - zone_v2_alerts - INFO - ZONE_COMPLETE | BACKTEST | #zv2_BACKTEST_2 | 02/10 07:26 - 02/10 09:03 | bars=98 | range=68680.60-69287.10 | POC=68913.09 | VAH=69125.37 | VAL=68842.33
2026-02-10 19:55:24 - zone_v2_alerts - INFO - SL_MODE_POC | BACKTEST | POC=68913.09 | dist=302.51 | buffer=50% | SL=68761.84
2026-02-10 19:55:24 - zone_v2_alerts - INFO - BREAKOUT | BACKTEST | zv2_BACKTEST_2 | UP | VA_BREAKOUT | entry=69215.60 | SL=68761.84 | TP=69669.36 | R=453.76
2026-02-10 19:55:24 - zone_v2_alerts - INFO - ZONE_BUILDING | BACKTEST | #3 | 02/10 09:05 - 02/10 09:12 | bars=8
2026-02-10 19:55:24 - zone_v2_alerts - INFO - ZONE_COMPLETE | BACKTEST | #zv2_BACKTEST_3 | 02/10 09:05 - 02/10 09:47 | bars=43 | range=69073.60-69385.20 | POC=69244.98 | VAH=69343.65 | VAL=69198.24
2026-02-10 19:55:24 - zone_v2_alerts - INFO - SL_MODE_POC | BACKTEST | POC=69244.98 | dist=236.78 | buffer=50% | SL=69363.37
2026-02-10 19:55:24 - zone_v2_alerts - INFO - BLOCKED_SEQUENTIAL | BACKTEST | zv2_BACKTEST_3 | DOWN | open_trades=1
2026-02-10 19:55:24 - zone_v2_alerts - INFO - ZONE_BUILDING | BACKTEST | #4 | 02/10 09:50 - 02/10 09:57 | bars=8
2026-02-10 19:55:24 - zone_v2_alerts - INFO - ZONE_COMPLETE | BACKTEST | #zv2_BACKTEST_4 | 02/10 09:50 - 02/10 11:00 | bars=71 | range=68846.20-69221.00 | POC=68989.87 | VAH=69108.56 | VAL=68921.16
2026-02-10 19:55:24 - zone_v2_alerts - INFO - SL_MODE_POC | BACKTEST | POC=68989.87 | dist=139.87 | buffer=50% | SL=69059.81
2026-02-10 19:55:24 - zone_v2_alerts - INFO - BLOCKED_SEQUENTIAL | BACKTEST | zv2_BACKTEST_4 | DOWN | open_trades=1
2026-02-10 19:55:24 - zone_v2_alerts - INFO - ZONE_BUILDING | BACKTEST | #5 | 02/10 11:02 - 02/10 11:09 | bars=8
2026-02-10 19:55:24 - zone_v2_alerts - INFO - LOSS | BACKTEST | zv2_BACKTEST_2 | UP | pnl=-1R
2026-02-10 19:55:24 - zone_v2_alerts - INFO - ZONE_COMPLETE | BACKTEST | #zv2_BACKTEST_5 | 02/10 11:02 - 02/10 11:42 | bars=41 | range=68728.30-69050.00 | POC=68948.13 | VAH=69007.11 | VAL=68835.53
2026-02-10 19:55:24 - zone_v2_alerts - INFO - SL_MODE_POC | BACKTEST | POC=68948.13 | dist=407.43 | buffer=50% | SL=69151.84
2026-02-10 19:55:24 - zone_v2_alerts - INFO - BREAKOUT | BACKTEST | zv2_BACKTEST_5 | DOWN | VA_BREAKOUT | entry=68540.70 | SL=69151.84 | TP=67929.56 | R=611.14
2026-02-10 19:55:24 - zone_v2_alerts - INFO - ZONE_BUILDING | BACKTEST | #6 | 02/10 12:31 - 02/10 12:38 | bars=8
2026-02-10 19:55:24 - zone_v2_alerts - INFO - ZONE_COMPLETE | BACKTEST | #zv2_BACKTEST_6 | 02/10 12:31 - 02/10 12:44 | bars=14 | range=68518.30-68819.90 | POC=68603.75 | VAH=68769.63 | VAL=68518.30
2026-02-10 19:55:24 - zone_v2_alerts - INFO - ZONE_BUILDING | BACKTEST | #7 | 02/10 12:46 - 02/10 12:53 | bars=8
2026-02-10 19:55:24 - zone_v2_alerts - INFO - SL_MODE_POC | BACKTEST | POC=68603.75 | dist=123.95 | buffer=50% | SL=68665.73
2026-02-10 19:55:24 - zone_v2_alerts - INFO - BLOCKED_SEQUENTIAL | BACKTEST | zv2_BACKTEST_6 | DOWN | open_trades=1
2026-02-10 19:55:24 - zone_v2_alerts - INFO - ZONE_COMPLETE | BACKTEST | #zv2_BACKTEST_7 | 02/10 12:46 - 02/10 13:31 | bars=46 | range=68286.20-68768.00 | POC=68486.95 | VAH=68607.40 | VAL=68414.68
2026-02-10 19:55:24 - zone_v2_alerts - INFO - SL_MODE_POC | BACKTEST | POC=68486.95 | dist=500.15 | buffer=50% | SL=68236.88
2026-02-10 19:55:24 - zone_v2_alerts - INFO - BLOCKED_SEQUENTIAL | BACKTEST | zv2_BACKTEST_7 | UP | open_trades=1
2026-02-10 19:55:24 - zone_v2_alerts - INFO - LOSS | BACKTEST | zv2_BACKTEST_5 | DOWN | pnl=-1R
2026-02-10 19:55:24 - zone_v2_alerts - INFO - ZONE_BUILDING | BACKTEST | #8 | 02/10 16:16 - 02/10 16:23 | bars=8
2026-02-10 19:55:24 - zone_v2_alerts - INFO - ZONE_COMPLETE | BACKTEST | #zv2_BACKTEST_8 | 02/10 16:16 - 02/10 18:20 | bars=125 | range=69224.70-69982.20 | POC=69388.82 | VAH=69754.95 | VAL=69300.45
2026-02-10 19:55:24 - zone_v2_alerts - INFO - SL_MODE_POC | BACKTEST | POC=69388.82 | dist=308.72 | buffer=50% | SL=69543.19
2026-02-10 19:55:24 - zone_v2_alerts - INFO - BREAKOUT | BACKTEST | zv2_BACKTEST_8 | DOWN | VA_BREAKOUT | entry=69080.10 | SL=69543.19 | TP=68617.01 | R=463.09
2026-02-10 19:55:24 - zone_v2_alerts - INFO - WIN | BACKTEST | zv2_BACKTEST_8 | DOWN | pnl=+1R
2026-02-10 19:55:24 - zone_v2_alerts - INFO - ZONE_BUILDING | BACKTEST | #9 | 02/10 19:09 - 02/10 19:16 | bars=8
2026-02-10 19:55:24 - zone_v2_alerts - INFO - ZONE_COMPLETE | BACKTEST | #zv2_BACKTEST_9 | 02/10 19:09 - 02/10 20:11 | bars=63 | range=68682.70-69268.30 | POC=69160.94 | VAH=69248.78 | VAL=68877.90
2026-02-10 19:55:24 - zone_v2_alerts - INFO - SL_MODE_POC | BACKTEST | POC=69160.94 | dist=436.24 | buffer=50% | SL=69379.06
2026-02-10 19:55:24 - zone_v2_alerts - INFO - BREAKOUT | BACKTEST | zv2_BACKTEST_9 | DOWN | VA_BREAKOUT | entry=68724.70 | SL=69379.06 | TP=68070.34 | R=654.36
2026-02-10 19:55:24 - zone_v2_alerts - INFO - ZONE_BUILDING | BACKTEST | #10 | 02/10 20:14 - 02/10 20:21 | bars=8
2026-02-10 19:55:24 - zone_v2_alerts - INFO - ZONE_COMPLETE | BACKTEST | #zv2_BACKTEST_10 | 02/10 20:14 - 02/10 21:30 | bars=77 | range=68509.40-68978.70 | POC=68783.16 | VAH=68884.84 | VAL=68697.12
2026-02-10 19:55:24 - zone_v2_alerts - INFO - SL_MODE_POC | BACKTEST | POC=68783.16 | dist=372.06 | buffer=50% | SL=68969.19
2026-02-10 19:55:24 - zone_v2_alerts - INFO - BLOCKED_SEQUENTIAL | BACKTEST | zv2_BACKTEST_10 | DOWN | open_trades=1
2026-02-10 19:55:24 - zone_v2_alerts - INFO - ZONE_BUILDING | BACKTEST | #11 | 02/10 22:14 - 02/10 22:21 | bars=8
2026-02-10 19:55:24 - zone_v2_alerts - INFO - ZONE_COMPLETE | BACKTEST | #zv2_BACKTEST_11 | 02/10 22:14 - 02/11 00:25 | bars=132 | range=68471.30-69076.30 | POC=68622.55 | VAH=68874.63 | VAL=68551.97
2026-02-10 19:55:24 - zone_v2_alerts - INFO - SL_MODE_POC | BACKTEST | POC=68622.55 | dist=542.05 | buffer=50% | SL=68351.52
2026-02-10 19:55:24 - zone_v2_alerts - INFO - BLOCKED_SEQUENTIAL | BACKTEST | zv2_BACKTEST_11 | UP | open_trades=1
2026-02-10 19:55:24 - zone_v2 - INFO - [BACKTEST] Warmup completado: 60 velas, ATR=60, SMA=60
2026-02-10 19:55:24 - zone_v2_alerts - INFO - ZONE_BUILDING | BACKTEST | #1 | 02/10 02:21 - 02/10 02:28 | bars=8
2026-02-10 19:55:24 - zone_v2_alerts - INFO - ZONE_COMPLETE | BACKTEST | #zv2_BACKTEST_1 | 02/10 02:21 - 02/10 02:35 | bars=15 | range=70094.70-70344.70 | POC=70207.20 | VAH=70311.37 | VAL=70178.03
2026-02-10 19:55:24 - zone_v2_alerts - INFO - SL_MODE_POC | BACKTEST | POC=70207.20 | dist=96.90 | buffer=50% | SL=70255.65
2026-02-10 19:55:24 - zone_v2_alerts - INFO - BREAKOUT | BACKTEST | zv2_BACKTEST_1 | DOWN | VA_BREAKOUT | entry=70110.30 | SL=70255.65 | TP=69964.95 | R=145.35
2026-02-10 19:55:24 - zone_v2_alerts - INFO - WIN | BACKTEST | zv2_BACKTEST_1 | DOWN | pnl=+1R
2026-02-10 19:55:24 - zone_v2_alerts - INFO - ZONE_BUILDING | BACKTEST | #2 | 02/10 04:49 - 02/10 04:56 | bars=8
2026-02-10 19:55:24 - zone_v2_alerts - INFO - ZONE_COMPLETE | BACKTEST | #zv2_BACKTEST_2 | 02/10 04:49 - 02/10 05:19 | bars=31 | range=69580.50-69874.90 | POC=69693.35 | VAH=69806.21 | VAL=69659.01
2026-02-10 19:55:24 - zone_v2_alerts - INFO - SL_MODE_POC | BACKTEST | POC=69693.35 | dist=158.25 | buffer=50% | SL=69772.48
2026-02-10 19:55:24 - zone_v2_alerts - INFO - BREAKOUT | BACKTEST | zv2_BACKTEST_2 | DOWN | VA_BREAKOUT | entry=69535.10 | SL=69772.48 | TP=69297.72 | R=237.38
2026-02-10 19:55:24 - zone_v2_alerts - INFO - WIN | BACKTEST | zv2_BACKTEST_2 | DOWN | pnl=+1R
2026-02-10 19:55:24 - zone_v2_alerts - INFO - ZONE_BUILDING | BACKTEST | #3 | 02/10 06:29 - 02/10 06:36 | bars=8
2026-02-10 19:55:24 - zone_v2_alerts - INFO - ZONE_COMPLETE | BACKTEST | #zv2_BACKTEST_3 | 02/10 06:29 - 02/10 06:40 | bars=12 | range=68966.70-69259.50 | POC=69117.98 | VAH=69200.94 | VAL=69015.50
2026-02-10 19:55:24 - zone_v2_alerts - INFO - SL_MODE_POC | BACKTEST | POC=69117.98 | dist=316.38 | buffer=50% | SL=69276.17
2026-02-10 19:55:24 - zone_v2_alerts - INFO - BREAKOUT | BACKTEST | zv2_BACKTEST_3 | DOWN | VA_BREAKOUT | entry=68801.60 | SL=69276.17 | TP=68327.03 | R=474.57
2026-02-10 19:55:24 - zone_v2_alerts - INFO - ZONE_BUILDING | BACKTEST | #4 | 02/10 07:31 - 02/10 07:38 | bars=8
2026-02-10 19:55:24 - zone_v2_alerts - INFO - ZONE_COMPLETE | BACKTEST | #zv2_BACKTEST_4 | 02/10 07:31 - 02/10 08:14 | bars=44 | range=68778.50-69080.20 | POC=68914.26 | VAH=68959.52 | VAL=68848.90
2026-02-10 19:55:24 - zone_v2_alerts - INFO - SL_MODE_POC | BACKTEST | POC=68914.26 | dist=198.46 | buffer=50% | SL=69013.50
2026-02-10 19:55:24 - zone_v2_alerts - INFO - BLOCKED_SEQUENTIAL | BACKTEST | zv2_BACKTEST_4 | DOWN | open_trades=1
2026-02-10 19:55:24 - zone_v2_alerts - INFO - LOSS | BACKTEST | zv2_BACKTEST_3 | DOWN | pnl=-1R
2026-02-10 19:55:24 - zone_v2_alerts - INFO - ZONE_BUILDING | BACKTEST | #5 | 02/10 09:05 - 02/10 09:12 | bars=8
2026-02-10 19:55:24 - zone_v2_alerts - INFO - ZONE_COMPLETE | BACKTEST | #zv2_BACKTEST_5 | 02/10 09:05 - 02/10 09:47 | bars=43 | range=69073.60-69385.20 | POC=69244.98 | VAH=69343.65 | VAL=69198.24
2026-02-10 19:55:24 - zone_v2_alerts - INFO - SL_MODE_POC | BACKTEST | POC=69244.98 | dist=236.78 | buffer=50% | SL=69363.37
2026-02-10 19:55:24 - zone_v2_alerts - INFO - BREAKOUT | BACKTEST | zv2_BACKTEST_5 | DOWN | VA_BREAKOUT | entry=69008.20 | SL=69363.37 | TP=68653.03 | R=355.17
2026-02-10 19:55:24 - zone_v2_alerts - INFO - ZONE_BUILDING | BACKTEST | #6 | 02/10 09:51 - 02/10 09:58 | bars=8
2026-02-10 19:55:24 - zone_v2_alerts - INFO - ZONE_COMPLETE | BACKTEST | #zv2_BACKTEST_6 | 02/10 09:51 - 02/10 10:58 | bars=68 | range=68914.20-69221.00 | POC=69103.39 | VAH=69128.96 | VAL=68975.56
2026-02-10 19:55:24 - zone_v2_alerts - INFO - SL_MODE_POC | BACKTEST | POC=69103.39 | dist=302.39 | buffer=50% | SL=69254.59
2026-02-10 19:55:24 - zone_v2_alerts - INFO - BLOCKED_SEQUENTIAL | BACKTEST | zv2_BACKTEST_6 | DOWN | open_trades=1
2026-02-10 19:55:24 - zone_v2_alerts - INFO - WIN | BACKTEST | zv2_BACKTEST_5 | DOWN | pnl=+1R
2026-02-10 19:55:24 - zone_v2_alerts - INFO - ZONE_BUILDING | BACKTEST | #7 | 02/10 12:36 - 02/10 12:43 | bars=8
2026-02-10 19:55:24 - zone_v2_alerts - INFO - ZONE_COMPLETE | BACKTEST | #zv2_BACKTEST_7 | 02/10 12:36 - 02/10 13:31 | bars=56 | range=68286.20-68768.00 | POC=68486.95 | VAH=68623.46 | VAL=68430.74
2026-02-10 19:55:24 - zone_v2_alerts - INFO - SL_MODE_POC | BACKTEST | POC=68486.95 | dist=500.15 | buffer=50% | SL=68236.88
2026-02-10 19:55:24 - zone_v2_alerts - INFO - BREAKOUT | BACKTEST | zv2_BACKTEST_7 | UP | VA_BREAKOUT | entry=68987.10 | SL=68236.88 | TP=69737.33 | R=750.23
2026-02-10 19:55:24 - zone_v2_alerts - INFO - LOSS | BACKTEST | zv2_BACKTEST_7 | UP | pnl=-1R
2026-02-10 19:55:24 - zone_v2_alerts - INFO - ZONE_BUILDING | BACKTEST | #8 | 02/10 16:06 - 02/10 16:13 | bars=8
2026-02-10 19:55:24 - zone_v2_alerts - INFO - ZONE_COMPLETE | BACKTEST | #zv2_BACKTEST_8 | 02/10 16:06 - 02/10 17:31 | bars=86 | range=68900.10-69805.80 | POC=69368.04 | VAH=69685.04 | VAL=69292.57
2026-02-10 19:55:24 - zone_v2_alerts - INFO - SL_MODE_POC | BACKTEST | POC=69368.04 | dist=398.96 | buffer=50% | SL=69168.57
2026-02-10 19:55:24 - zone_v2_alerts - INFO - BREAKOUT | BACKTEST | zv2_BACKTEST_8 | UP | VA_BREAKOUT | entry=69767.00 | SL=69168.57 | TP=70365.43 | R=598.43
2026-02-10 19:55:24 - zone_v2_alerts - INFO - LOSS | BACKTEST | zv2_BACKTEST_8 | UP | pnl=-1R
2026-02-10 19:55:24 - zone_v2_alerts - INFO - ZONE_BUILDING | BACKTEST | #9 | 02/10 20:55 - 02/10 21:02 | bars=8
2026-02-10 19:55:24 - zone_v2_alerts - INFO - ZONE_COMPLETE | BACKTEST | #zv2_BACKTEST_9 | 02/10 20:55 - 02/10 21:28 | bars=34 | range=68655.10-68978.70 | POC=68789.93 | VAH=68870.83 | VAL=68698.25
2026-02-10 19:55:24 - zone_v2_alerts - INFO - SL_MODE_POC | BACKTEST | POC=68789.93 | dist=395.53 | buffer=50% | SL=68987.70
2026-02-10 19:55:24 - zone_v2_alerts - INFO - BREAKOUT | BACKTEST | zv2_BACKTEST_9 | DOWN | VA_BREAKOUT | entry=68394.40 | SL=68987.70 | TP=67801.10 | R=593.30
2026-02-10 19:55:24 - zone_v2_alerts - INFO - ZONE_BUILDING | BACKTEST | #10 | 02/10 22:22 - 02/10 22:29 | bars=8
2026-02-10 19:55:24 - zone_v2_alerts - INFO - ZONE_COMPLETE | BACKTEST | #zv2_BACKTEST_10 | 02/10 22:22 - 02/10 23:48 | bars=87 | range=68471.30-68830.00 | POC=68632.71 | VAH=68710.43 | VAL=68566.95
2026-02-10 19:55:24 - zone_v2_alerts - INFO - SL_MODE_POC | BACKTEST | POC=68632.71 | dist=115.29 | buffer=50% | SL=68575.07
2026-02-10 19:55:24 - zone_v2_alerts - INFO - BLOCKED_SEQUENTIAL | BACKTEST | zv2_BACKTEST_10 | UP | open_trades=1
2026-02-10 19:55:24 - zone_v2_alerts - INFO - LOSS | BACKTEST | zv2_BACKTEST_9 | DOWN | pnl=-1R
2026-02-10 19:55:24 - zone_v2 - INFO - [BACKTEST] Warmup completado: 110 velas, ATR=110, SMA=110
2026-02-10 19:55:24 - zone_v2_alerts - INFO - ZONE_BUILDING | BACKTEST | #1 | 02/10 04:49 - 02/10 04:56 | bars=8
2026-02-10 19:55:24 - zone_v2_alerts - INFO - ZONE_COMPLETE | BACKTEST | #zv2_BACKTEST_1 | 02/10 04:49 - 02/10 05:19 | bars=31 | range=69580.50-69874.90 | POC=69693.35 | VAH=69806.21 | VAL=69659.01
2026-02-10 19:55:24 - zone_v2_alerts - INFO - SL_MODE_POC | BACKTEST | POC=69693.35 | dist=158.25 | buffer=50% | SL=69772.48
2026-02-10 19:55:24 - zone_v2_alerts - INFO - BREAKOUT | BACKTEST | zv2_BACKTEST_1 | DOWN | VA_BREAKOUT | entry=69535.10 | SL=69772.48 | TP=69297.72 | R=237.38
2026-02-10 19:55:24 - zone_v2_alerts - INFO - WIN | BACKTEST | zv2_BACKTEST_1 | DOWN | pnl=+1R
2026-02-10 19:55:24 - zone_v2_alerts - INFO - ZONE_BUILDING | BACKTEST | #2 | 02/10 06:32 - 02/10 06:39 | bars=8
2026-02-10 19:55:24 - zone_v2_alerts - INFO - ZONE_COMPLETE | BACKTEST | #zv2_BACKTEST_2 | 02/10 06:32 - 02/10 06:40 | bars=9 | range=68966.70-69259.50 | POC=69117.98 | VAH=69142.38 | VAL=68966.70
2026-02-10 19:55:24 - zone_v2_alerts - INFO - SL_MODE_POC | BACKTEST | POC=69117.98 | dist=307.28 | buffer=50% | SL=69271.62
2026-02-10 19:55:24 - zone_v2_alerts - INFO - BREAKOUT | BACKTEST | zv2_BACKTEST_2 | DOWN | VA_BREAKOUT | entry=68810.70 | SL=69271.62 | TP=68349.78 | R=460.92
2026-02-10 19:55:24 - zone_v2_alerts - INFO - ZONE_BUILDING | BACKTEST | #3 | 02/10 07:31 - 02/10 07:38 | bars=8
2026-02-10 19:55:24 - zone_v2_alerts - INFO - ZONE_COMPLETE | BACKTEST | #zv2_BACKTEST_3 | 02/10 07:31 - 02/10 08:30 | bars=60 | range=68680.60-69080.20 | POC=68913.70 | VAH=69026.92 | VAL=68840.44
2026-02-10 19:55:24 - zone_v2_alerts - INFO - SL_MODE_POC | BACKTEST | POC=68913.70 | dist=154.50 | buffer=50% | SL=68836.45
2026-02-10 19:55:24 - zone_v2_alerts - INFO - BLOCKED_SEQUENTIAL | BACKTEST | zv2_BACKTEST_3 | UP | open_trades=1
2026-02-10 19:55:24 - zone_v2_alerts - INFO - ZONE_BUILDING | BACKTEST | #4 | 02/10 08:32 - 02/10 08:39 | bars=8
2026-02-10 19:55:24 - zone_v2_alerts - INFO - ZONE_COMPLETE | BACKTEST | #zv2_BACKTEST_4 | 02/10 08:32 - 02/10 08:51 | bars=20 | range=68796.00-69137.00 | POC=69063.12 | VAH=69137.00 | VAL=68955.13
2026-02-10 19:55:24 - zone_v2_alerts - INFO - SL_MODE_POC | BACKTEST | POC=69063.12 | dist=100.98 | buffer=50% | SL=69012.63
2026-02-10 19:55:24 - zone_v2_alerts - INFO - BLOCKED_SEQUENTIAL | BACKTEST | zv2_BACKTEST_4 | UP | open_trades=1
2026-02-10 19:55:24 - zone_v2_alerts - INFO - ZONE_BUILDING | BACKTEST | #5 | 02/10 08:53 - 02/10 09:00 | bars=8
2026-02-10 19:55:24 - zone_v2_alerts - INFO - ZONE_COMPLETE | BACKTEST | #zv2_BACKTEST_5 | 02/10 08:53 - 02/10 09:02 | bars=10 | range=69029.50-69188.50 | POC=69122.25 | VAH=69188.50 | VAL=69087.80
2026-02-10 19:55:24 - zone_v2_alerts - INFO - LOSS | BACKTEST | zv2_BACKTEST_2 | DOWN | pnl=-1R
2026-02-10 19:55:24 - zone_v2_alerts - INFO - SL_MODE_POC | BACKTEST | POC=69122.25 | dist=147.25 | buffer=50% | SL=69048.62
2026-02-10 19:55:24 - zone_v2_alerts - INFO - BREAKOUT | BACKTEST | zv2_BACKTEST_5 | UP | VA_BREAKOUT | entry=69269.50 | SL=69048.62 | TP=69490.38 | R=220.88
2026-02-10 19:55:24 - zone_v2_alerts - INFO - LOSS | BACKTEST | zv2_BACKTEST_5 | UP | pnl=-1R
2026-02-10 19:55:24 - zone_v2_alerts - INFO - ZONE_BUILDING | BACKTEST | #6 | 02/10 09:50 - 02/10 09:57 | bars=8
2026-02-10 19:55:24 - zone_v2_alerts - INFO - ZONE_COMPLETE | BACKTEST | #zv2_BACKTEST_6 | 02/10 09:50 - 02/10 10:59 | bars=70 | range=68877.90-69221.00 | POC=68986.55 | VAH=69118.07 | VAL=68946.52
2026-02-10 19:55:24 - zone_v2_alerts - INFO - SL_MODE_POC | BACKTEST | POC=68986.55 | dist=104.15 | buffer=50% | SL=69038.62
2026-02-10 19:55:24 - zone_v2_alerts - INFO - BREAKOUT | BACKTEST | zv2_BACKTEST_6 | DOWN | VA_BREAKOUT | entry=68882.40 | SL=69038.62 | TP=68726.18 | R=156.22
2026-02-10 19:55:24 - zone_v2_alerts - INFO - ZONE_BUILDING | BACKTEST | #7 | 02/10 11:04 - 02/10 11:11 | bars=8
2026-02-10 19:55:24 - zone_v2_alerts - INFO - ZONE_COMPLETE | BACKTEST | #zv2_BACKTEST_7 | 02/10 11:04 - 02/10 11:32 | bars=29 | range=68804.00-68975.70 | POC=68938.50 | VAH=68964.25 | VAL=68866.96
2026-02-10 19:55:24 - zone_v2_alerts - INFO - LOSS | BACKTEST | zv2_BACKTEST_6 | DOWN | pnl=-1R
2026-02-10 19:55:24 - zone_v2_alerts - INFO - SL_MODE_POC | BACKTEST | POC=68938.50 | dist=84.90 | buffer=50% | SL=68896.05
2026-02-10 19:55:24 - zone_v2_alerts - INFO - BREAKOUT | BACKTEST | zv2_BACKTEST_7 | UP | VA_BREAKOUT | entry=69023.40 | SL=68896.05 | TP=69150.75 | R=127.35
2026-02-10 19:55:24 - zone_v2_alerts - INFO - LOSS | BACKTEST | zv2_BACKTEST_7 | UP | pnl=-1R
2026-02-10 19:55:24 - zone_v2_alerts - INFO - ZONE_BUILDING | BACKTEST | #8 | 02/10 12:37 - 02/10 12:44 | bars=8
2026-02-10 19:55:24 - zone_v2_alerts - INFO - ZONE_COMPLETE | BACKTEST | #zv2_BACKTEST_8 | 02/10 12:37 - 02/10 13:31 | bars=55 | range=68286.20-68768.00 | POC=68486.95 | VAH=68623.46 | VAL=68430.74
2026-02-10 19:55:24 - zone_v2_alerts - INFO - SL_MODE_POC | BACKTEST | POC=68486.95 | dist=500.15 | buffer=50% | SL=68236.88
2026-02-10 19:55:24 - zone_v2_alerts - INFO - BREAKOUT | BACKTEST | zv2_BACKTEST_8 | UP | VA_BREAKOUT | entry=68987.10 | SL=68236.88 | TP=69737.33 | R=750.23
2026-02-10 19:55:24 - zone_v2_alerts - INFO - LOSS | BACKTEST | zv2_BACKTEST_8 | UP | pnl=-1R
2026-02-10 19:55:24 - zone_v2_alerts - INFO - ZONE_BUILDING | BACKTEST | #9 | 02/10 16:09 - 02/10 16:16 | bars=8
2026-02-10 19:55:24 - zone_v2_alerts - INFO - ZONE_COMPLETE | BACKTEST | #zv2_BACKTEST_9 | 02/10 16:09 - 02/10 17:40 | bars=92 | range=68964.00-69922.30 | POC=69395.24 | VAH=69698.70 | VAL=69315.38
2026-02-10 19:55:24 - zone_v2_alerts - INFO - SL_MODE_POC | BACKTEST | POC=69395.24 | dist=483.07 | buffer=50% | SL=69153.70
2026-02-10 19:55:24 - zone_v2_alerts - INFO - BREAKOUT | BACKTEST | zv2_BACKTEST_9 | UP | VA_BREAKOUT | entry=69878.30 | SL=69153.70 | TP=70602.90 | R=724.60
2026-02-10 19:55:24 - zone_v2_alerts - INFO - ZONE_BUILDING | BACKTEST | #10 | 02/10 17:42 - 02/10 17:49 | bars=8
2026-02-10 19:55:24 - zone_v2_alerts - INFO - ZONE_COMPLETE | BACKTEST | #zv2_BACKTEST_10 | 02/10 17:42 - 02/10 18:19 | bars=38 | range=69450.50-69933.60 | POC=69861.13 | VAH=69917.50 | VAL=69611.53
2026-02-10 19:55:24 - zone_v2_alerts - INFO - SL_MODE_POC | BACKTEST | POC=69861.13 | dist=554.93 | buffer=50% | SL=70138.60
2026-02-10 19:55:24 - zone_v2_alerts - INFO - BLOCKED_SEQUENTIAL | BACKTEST | zv2_BACKTEST_10 | DOWN | open_trades=1
2026-02-10 19:55:24 - zone_v2_alerts - INFO - LOSS | BACKTEST | zv2_BACKTEST_9 | UP | pnl=-1R
2026-02-10 19:55:24 - zone_v2_alerts - INFO - ZONE_BUILDING | BACKTEST | #11 | 02/10 19:28 - 02/10 19:35 | bars=8
2026-02-10 19:55:24 - zone_v2_alerts - INFO - ZONE_COMPLETE | BACKTEST | #zv2_BACKTEST_11 | 02/10 19:28 - 02/10 19:36 | bars=9 | range=68753.50-69268.30 | POC=68933.68 | VAH=69113.86 | VAL=68770.66
2026-02-10 19:55:24 - zone_v2_alerts - INFO - SL_MODE_POC | BACKTEST | POC=68933.68 | dist=256.52 | buffer=50% | SL=68805.42
2026-02-10 19:55:24 - zone_v2_alerts - INFO - BREAKOUT | BACKTEST | zv2_BACKTEST_11 | UP | VA_BREAKOUT | entry=69190.20 | SL=68805.42 | TP=69574.98 | R=384.78
2026-02-10 19:55:24 - zone_v2_alerts - INFO - ZONE_BUILDING | BACKTEST | #12 | 02/10 19:38 - 02/10 19:45 | bars=8
2026-02-10 19:55:24 - zone_v2_alerts - INFO - LOSS | BACKTEST | zv2_BACKTEST_11 | UP | pnl=-1R
2026-02-10 19:55:24 - zone_v2_alerts - INFO - ZONE_COMPLETE | BACKTEST | #zv2_BACKTEST_12 | 02/10 19:38 - 02/10 20:11 | bars=34 | range=68804.70-69266.30 | POC=69166.29 | VAH=69235.53 | VAL=69004.73
2026-02-10 19:55:24 - zone_v2_alerts - INFO - SL_MODE_POC | BACKTEST | POC=69166.29 | dist=441.59 | buffer=50% | SL=69387.08
2026-02-10 19:55:24 - zone_v2_alerts - INFO - BREAKOUT | BACKTEST | zv2_BACKTEST_12 | DOWN | VA_BREAKOUT | entry=68724.70 | SL=69387.08 | TP=68062.32 | R=662.38
2026-02-10 19:55:24 - zone_v2_alerts - INFO - ZONE_BUILDING | BACKTEST | #13 | 02/10 20:53 - 02/10 21:00 | bars=8
2026-02-10 19:55:24 - zone_v2_alerts - INFO - ZONE_COMPLETE | BACKTEST | #zv2_BACKTEST_13 | 02/10 20:53 - 02/10 21:29 | bars=37 | range=68608.00-68978.70 | POC=68787.17 | VAH=68867.49 | VAL=68682.14
2026-02-10 19:55:24 - zone_v2_alerts - INFO - SL_MODE_POC | BACKTEST | POC=68787.17 | dist=383.17 | buffer=50% | SL=68978.76
2026-02-10 19:55:24 - zone_v2_alerts - INFO - BLOCKED_SEQUENTIAL | BACKTEST | zv2_BACKTEST_13 | DOWN | open_trades=1
2026-02-10 19:55:24 - zone_v2_alerts - INFO - ZONE_BUILDING | BACKTEST | #14 | 02/10 22:21 - 02/10 22:28 | bars=8
2026-02-10 19:55:24 - zone_v2_alerts - INFO - ZONE_COMPLETE | BACKTEST | #zv2_BACKTEST_14 | 02/10 22:21 - 02/10 23:47 | bars=87 | range=68471.30-68830.00 | POC=68632.71 | VAH=68710.43 | VAL=68566.95
2026-02-10 19:55:24 - zone_v2_alerts - INFO - SL_MODE_POC | BACKTEST | POC=68632.71 | dist=167.09 | buffer=50% | SL=68549.17
2026-02-10 19:55:24 - zone_v2_alerts - INFO - BLOCKED_SEQUENTIAL | BACKTEST | zv2_BACKTEST_14 | UP | open_trades=1
2026-02-10 19:55:24 - zone_v2_alerts - INFO - ZONE_BUILDING | BACKTEST | #15 | 02/10 23:51 - 02/10 23:58 | bars=8
2026-02-10 19:55:24 - zone_v2_alerts - INFO - ZONE_COMPLETE | BACKTEST | #zv2_BACKTEST_15 | 02/10 23:51 - 02/11 00:04 | bars=14 | range=68738.10-68844.30 | POC=68803.59 | VAH=68808.90 | VAL=68773.50
2026-02-10 19:55:24 - zone_v2_alerts - INFO - SL_MODE_POC | BACKTEST | POC=68803.59 | dist=58.21 | buffer=50% | SL=68774.48
2026-02-10 19:55:24 - zone_v2_alerts - INFO - BLOCKED_SEQUENTIAL | BACKTEST | zv2_BACKTEST_15 | UP | open_trades=1
2026-02-10 19:55:24 - zone_v2 - INFO - [BACKTEST] Warmup completado: 160 velas, ATR=160, SMA=160
2026-02-10 19:55:24 - zone_v2_alerts - INFO - ZONE_BUILDING | BACKTEST | #1 | 02/10 04:52 - 02/10 04:59 | bars=8
2026-02-10 19:55:24 - zone_v2_alerts - INFO - ZONE_COMPLETE | BACKTEST | #zv2_BACKTEST_1 | 02/10 04:52 - 02/10 05:26 | bars=35 | range=69509.20-69874.90 | POC=69673.76 | VAH=69850.52 | VAL=69606.72
2026-02-10 19:55:24 - zone_v2_alerts - INFO - SL_MODE_POC | BACKTEST | POC=69673.76 | dist=185.96 | buffer=50% | SL=69766.75
2026-02-10 19:55:24 - zone_v2_alerts - INFO - BREAKOUT | BACKTEST | zv2_BACKTEST_1 | DOWN | VA_BREAKOUT | entry=69487.80 | SL=69766.75 | TP=69208.85 | R=278.95
2026-02-10 19:55:24 - zone_v2_alerts - INFO - WIN | BACKTEST | zv2_BACKTEST_1 | DOWN | pnl=+1R
2026-02-10 19:55:24 - zone_v2_alerts - INFO - ZONE_BUILDING | BACKTEST | #2 | 02/10 06:31 - 02/10 06:38 | bars=8
2026-02-10 19:55:24 - zone_v2_alerts - INFO - ZONE_COMPLETE | BACKTEST | #zv2_BACKTEST_2 | 02/10 06:31 - 02/10 06:40 | bars=10 | range=68966.70-69259.50 | POC=69117.98 | VAH=69161.90 | VAL=68966.70
2026-02-10 19:55:24 - zone_v2_alerts - INFO - SL_MODE_POC | BACKTEST | POC=69117.98 | dist=307.28 | buffer=50% | SL=69271.62
2026-02-10 19:55:24 - zone_v2_alerts - INFO - BREAKOUT | BACKTEST | zv2_BACKTEST_2 | DOWN | VA_BREAKOUT | entry=68810.70 | SL=69271.62 | TP=68349.78 | R=460.92
2026-02-10 19:55:24 - zone_v2_alerts - INFO - ZONE_BUILDING | BACKTEST | #3 | 02/10 07:31 - 02/10 07:38 | bars=8
2026-02-10 19:55:24 - zone_v2_alerts - INFO - LOSS | BACKTEST | zv2_BACKTEST_2 | DOWN | pnl=-1R
2026-02-10 19:55:24 - zone_v2_alerts - INFO - ZONE_COMPLETE | BACKTEST | #zv2_BACKTEST_3 | 02/10 07:31 - 02/10 09:03 | bars=93 | range=68680.60-69287.10 | POC=68913.09 | VAH=69125.37 | VAL=68842.33
2026-02-10 19:55:24 - zone_v2_alerts - INFO - SL_MODE_POC | BACKTEST | POC=68913.09 | dist=302.51 | buffer=50% | SL=68761.84
2026-02-10 19:55:24 - zone_v2_alerts - INFO - BREAKOUT | BACKTEST | zv2_BACKTEST_3 | UP | VA_BREAKOUT | entry=69215.60 | SL=68761.84 | TP=69669.36 | R=453.76
2026-02-10 19:55:24 - zone_v2_alerts - INFO - ZONE_BUILDING | BACKTEST | #4 | 02/10 09:05 - 02/10 09:12 | bars=8
2026-02-10 19:55:24 - zone_v2_alerts - INFO - ZONE_COMPLETE | BACKTEST | #zv2_BACKTEST_4 | 02/10 09:05 - 02/10 09:47 | bars=43 | range=69073.60-69385.20 | POC=69244.98 | VAH=69343.65 | VAL=69198.24
2026-02-10 19:55:24 - zone_v2_alerts - INFO - SL_MODE_POC | BACKTEST | POC=69244.98 | dist=236.78 | buffer=50% | SL=69363.37
2026-02-10 19:55:24 - zone_v2_alerts - INFO - BLOCKED_SEQUENTIAL | BACKTEST | zv2_BACKTEST_4 | DOWN | open_trades=1
2026-02-10 19:55:24 - zone_v2_alerts - INFO - ZONE_BUILDING | BACKTEST | #5 | 02/10 09:51 - 02/10 09:58 | bars=8
2026-02-10 19:55:24 - zone_v2_alerts - INFO - ZONE_COMPLETE | BACKTEST | #zv2_BACKTEST_5 | 02/10 09:51 - 02/10 10:59 | bars=69 | range=68877.90-69221.00 | POC=69089.48 | VAH=69129.51 | VAL=68969.39
2026-02-10 19:55:24 - zone_v2_alerts - INFO - SL_MODE_POC | BACKTEST | POC=69089.48 | dist=207.08 | buffer=50% | SL=69193.02
2026-02-10 19:55:24 - zone_v2_alerts - INFO - BLOCKED_SEQUENTIAL | BACKTEST | zv2_BACKTEST_5 | DOWN | open_trades=1
2026-02-10 19:55:24 - zone_v2_alerts - INFO - ZONE_BUILDING | BACKTEST | #6 | 02/10 11:02 - 02/10 11:09 | bars=8
2026-02-10 19:55:24 - zone_v2_alerts - INFO - ZONE_COMPLETE | BACKTEST | #zv2_BACKTEST_6 | 02/10 11:02 - 02/10 11:41 | bars=40 | range=68801.00-69050.00 | POC=68946.25 | VAH=68991.90 | VAL=68842.50
2026-02-10 19:55:24 - zone_v2_alerts - INFO - LOSS | BACKTEST | zv2_BACKTEST_3 | UP | pnl=-1R
2026-02-10 19:55:24 - zone_v2_alerts - INFO - SL_MODE_POC | BACKTEST | POC=68946.25 | dist=315.15 | buffer=50% | SL=69103.82
2026-02-10 19:55:24 - zone_v2_alerts - INFO - BREAKOUT | BACKTEST | zv2_BACKTEST_6 | DOWN | VA_BREAKOUT | entry=68631.10 | SL=69103.82 | TP=68158.38 | R=472.72
2026-02-10 19:55:24 - zone_v2_alerts - INFO - ZONE_BUILDING | BACKTEST | #7 | 02/10 12:37 - 02/10 12:44 | bars=8
2026-02-10 19:55:24 - zone_v2_alerts - INFO - ZONE_COMPLETE | BACKTEST | #zv2_BACKTEST_7 | 02/10 12:37 - 02/10 12:44 | bars=8 | range=68518.30-68642.30 | POC=68603.03 | VAH=68634.03 | VAL=68555.50
2026-02-10 19:55:24 - zone_v2_alerts - INFO - SL_MODE_POC | BACKTEST | POC=68603.03 | dist=54.53 | buffer=50% | SL=68630.30
2026-02-10 19:55:24 - zone_v2_alerts - INFO - BLOCKED_SEQUENTIAL | BACKTEST | zv2_BACKTEST_7 | DOWN | open_trades=1
2026-02-10 19:55:24 - zone_v2_alerts - INFO - ZONE_BUILDING | BACKTEST | #8 | 02/10 12:46 - 02/10 12:53 | bars=8
2026-02-10 19:55:24 - zone_v2_alerts - INFO - ZONE_COMPLETE | BACKTEST | #zv2_BACKTEST_8 | 02/10 12:46 - 02/10 13:31 | bars=46 | range=68286.20-68768.00 | POC=68486.95 | VAH=68607.40 | VAL=68414.68
2026-02-10 19:55:24 - zone_v2_alerts - INFO - SL_MODE_POC | BACKTEST | POC=68486.95 | dist=500.15 | buffer=50% | SL=68236.88
2026-02-10 19:55:24 - zone_v2_alerts - INFO - BLOCKED_SEQUENTIAL | BACKTEST | zv2_BACKTEST_8 | UP | open_trades=1
2026-02-10 19:55:24 - zone_v2_alerts - INFO - LOSS | BACKTEST | zv2_BACKTEST_6 | DOWN | pnl=-1R
2026-02-10 19:55:25 - zone_v2_alerts - INFO - ZONE_BUILDING | BACKTEST | #9 | 02/10 16:16 - 02/10 16:23 | bars=8
2026-02-10 19:55:25 - zone_v2_alerts - INFO - ZONE_COMPLETE | BACKTEST | #zv2_BACKTEST_9 | 02/10 16:16 - 02/10 18:20 | bars=125 | range=69224.70-69982.20 | POC=69388.82 | VAH=69754.95 | VAL=69300.45
2026-02-10 19:55:25 - zone_v2_alerts - INFO - SL_MODE_POC | BACKTEST | POC=69388.82 | dist=308.72 | buffer=50% | SL=69543.19
2026-02-10 19:55:25 - zone_v2_alerts - INFO - BREAKOUT | BACKTEST | zv2_BACKTEST_9 | DOWN | VA_BREAKOUT | entry=69080.10 | SL=69543.19 | TP=68617.01 | R=463.09
2026-02-10 19:55:25 - zone_v2_alerts - INFO - WIN | BACKTEST | zv2_BACKTEST_9 | DOWN | pnl=+1R
2026-02-10 19:55:25 - zone_v2_alerts - INFO - ZONE_BUILDING | BACKTEST | #10 | 02/10 20:52 - 02/10 20:59 | bars=8
2026-02-10 19:55:25 - zone_v2_alerts - INFO - ZONE_COMPLETE | BACKTEST | #zv2_BACKTEST_10 | 02/10 20:52 - 02/10 21:30 | bars=39 | range=68509.40-68978.70 | POC=68783.16 | VAH=68900.48 | VAL=68681.48
2026-02-10 19:55:25 - zone_v2_alerts - INFO - SL_MODE_POC | BACKTEST | POC=68783.16 | dist=372.06 | buffer=50% | SL=68969.19
2026-02-10 19:55:25 - zone_v2_alerts - INFO - BREAKOUT | BACKTEST | zv2_BACKTEST_10 | DOWN | VA_BREAKOUT | entry=68411.10 | SL=68969.19 | TP=67853.01 | R=558.09
2026-02-10 19:55:25 - zone_v2_alerts - INFO - ZONE_BUILDING | BACKTEST | #11 | 02/10 22:21 - 02/10 22:28 | bars=8
2026-02-10 19:55:25 - zone_v2_alerts - INFO - ZONE_COMPLETE | BACKTEST | #zv2_BACKTEST_11 | 02/10 22:21 - 02/10 23:48 | bars=88 | range=68471.30-68830.00 | POC=68632.71 | VAH=68710.43 | VAL=68566.95
2026-02-10 19:55:25 - zone_v2_alerts - INFO - SL_MODE_POC | BACKTEST | POC=68632.71 | dist=115.29 | buffer=50% | SL=68575.07
2026-02-10 19:55:25 - zone_v2_alerts - INFO - BLOCKED_SEQUENTIAL | BACKTEST | zv2_BACKTEST_11 | UP | open_trades=1
2026-02-10 19:55:25 - zone_v2_alerts - INFO - ZONE_BUILDING | BACKTEST | #12 | 02/10 23:50 - 02/10 23:57 | bars=8
2026-02-10 19:55:25 - zone_v2_alerts - INFO - ZONE_COMPLETE | BACKTEST | #zv2_BACKTEST_12 | 02/10 23:50 - 02/11 00:04 | bars=15 | range=68738.10-68844.30 | POC=68803.59 | VAH=68808.90 | VAL=68773.50
2026-02-10 19:55:25 - zone_v2_alerts - INFO - SL_MODE_POC | BACKTEST | POC=68803.59 | dist=58.21 | buffer=50% | SL=68774.48
2026-02-10 19:55:25 - zone_v2_alerts - INFO - BLOCKED_SEQUENTIAL | BACKTEST | zv2_BACKTEST_12 | UP | open_trades=1
2026-02-10 19:55:25 - zone_v2_alerts - INFO - ZONE_BUILDING | BACKTEST | #13 | 02/11 00:06 - 02/11 00:13 | bars=8
2026-02-10 19:55:25 - zone_v2_alerts - INFO - ZONE_COMPLETE | BACKTEST | #zv2_BACKTEST_13 | 02/11 00:06 - 02/11 00:17 | bars=12 | range=68750.00-68955.50 | POC=68869.88 | VAH=68914.40 | VAL=68811.65
2026-02-10 19:55:25 - zone_v2_alerts - INFO - LOSS | BACKTEST | zv2_BACKTEST_10 | DOWN | pnl=-1R
2026-02-10 19:55:25 - zone_v2_alerts - INFO - SL_MODE_POC | BACKTEST | POC=68869.88 | dist=79.32 | buffer=50% | SL=68830.21
2026-02-10 19:55:25 - zone_v2_alerts - INFO - BREAKOUT | BACKTEST | zv2_BACKTEST_13 | UP | VA_BREAKOUT | entry=68949.20 | SL=68830.21 | TP=69068.19 | R=118.99
2026-02-10 19:55:25 - zone_v2_alerts - INFO - WIN | BACKTEST | zv2_BACKTEST_13 | UP | pnl=+1R
2026-02-10 19:55:25 - zone_v2 - INFO - [BACKTEST] Warmup completado: 210 velas, ATR=210, SMA=210
2026-02-10 19:55:25 - zone_v2_alerts - INFO - ZONE_BUILDING | BACKTEST | #1 | 02/10 04:52 - 02/10 04:59 | bars=8
2026-02-10 19:55:25 - zone_v2_alerts - INFO - ZONE_COMPLETE | BACKTEST | #zv2_BACKTEST_1 | 02/10 04:52 - 02/10 05:26 | bars=35 | range=69509.20-69874.90 | POC=69673.76 | VAH=69850.52 | VAL=69606.72
2026-02-10 19:55:25 - zone_v2_alerts - INFO - SL_MODE_POC | BACKTEST | POC=69673.76 | dist=185.96 | buffer=50% | SL=69766.75
2026-02-10 19:55:25 - zone_v2_alerts - INFO - BREAKOUT | BACKTEST | zv2_BACKTEST_1 | DOWN | VA_BREAKOUT | entry=69487.80 | SL=69766.75 | TP=69208.85 | R=278.95
2026-02-10 19:55:25 - zone_v2_alerts - INFO - WIN | BACKTEST | zv2_BACKTEST_1 | DOWN | pnl=+1R
2026-02-10 19:55:25 - zone_v2_alerts - INFO - ZONE_BUILDING | BACKTEST | #2 | 02/10 06:31 - 02/10 06:38 | bars=8
2026-02-10 19:55:25 - zone_v2_alerts - INFO - ZONE_COMPLETE | BACKTEST | #zv2_BACKTEST_2 | 02/10 06:31 - 02/10 06:40 | bars=10 | range=68966.70-69259.50 | POC=69117.98 | VAH=69161.90 | VAL=68966.70
2026-02-10 19:55:25 - zone_v2_alerts - INFO - SL_MODE_POC | BACKTEST | POC=69117.98 | dist=307.28 | buffer=50% | SL=69271.62
2026-02-10 19:55:25 - zone_v2_alerts - INFO - BREAKOUT | BACKTEST | zv2_BACKTEST_2 | DOWN | VA_BREAKOUT | entry=68810.70 | SL=69271.62 | TP=68349.78 | R=460.92
2026-02-10 19:55:25 - zone_v2_alerts - INFO - ZONE_BUILDING | BACKTEST | #3 | 02/10 07:32 - 02/10 07:39 | bars=8
2026-02-10 19:55:25 - zone_v2_alerts - INFO - LOSS | BACKTEST | zv2_BACKTEST_2 | DOWN | pnl=-1R
2026-02-10 19:55:25 - zone_v2_alerts - INFO - ZONE_COMPLETE | BACKTEST | #zv2_BACKTEST_3 | 02/10 07:32 - 02/10 09:03 | bars=92 | range=68680.60-69287.10 | POC=68913.09 | VAH=69125.37 | VAL=68842.33
2026-02-10 19:55:25 - zone_v2_alerts - INFO - SL_MODE_POC | BACKTEST | POC=68913.09 | dist=302.51 | buffer=50% | SL=68761.84
2026-02-10 19:55:25 - zone_v2_alerts - INFO - BREAKOUT | BACKTEST | zv2_BACKTEST_3 | UP | VA_BREAKOUT | entry=69215.60 | SL=68761.84 | TP=69669.36 | R=453.76
2026-02-10 19:55:25 - zone_v2_alerts - INFO - ZONE_BUILDING | BACKTEST | #4 | 02/10 09:05 - 02/10 09:12 | bars=8
2026-02-10 19:55:25 - zone_v2_alerts - INFO - ZONE_COMPLETE | BACKTEST | #zv2_BACKTEST_4 | 02/10 09:05 - 02/10 09:47 | bars=43 | range=69073.60-69385.20 | POC=69244.98 | VAH=69343.65 | VAL=69198.24
2026-02-10 19:55:25 - zone_v2_alerts - INFO - SL_MODE_POC | BACKTEST | POC=69244.98 | dist=236.78 | buffer=50% | SL=69363.37
2026-02-10 19:55:25 - zone_v2_alerts - INFO - BLOCKED_SEQUENTIAL | BACKTEST | zv2_BACKTEST_4 | DOWN | open_trades=1
2026-02-10 19:55:25 - zone_v2_alerts - INFO - ZONE_BUILDING | BACKTEST | #5 | 02/10 09:50 - 02/10 09:57 | bars=8
2026-02-10 19:55:25 - zone_v2_alerts - INFO - ZONE_COMPLETE | BACKTEST | #zv2_BACKTEST_5 | 02/10 09:50 - 02/10 11:00 | bars=71 | range=68846.20-69221.00 | POC=68989.87 | VAH=69108.56 | VAL=68921.16
2026-02-10 19:55:25 - zone_v2_alerts - INFO - SL_MODE_POC | BACKTEST | POC=68989.87 | dist=139.87 | buffer=50% | SL=69059.81
2026-02-10 19:55:25 - zone_v2_alerts - INFO - BLOCKED_SEQUENTIAL | BACKTEST | zv2_BACKTEST_5 | DOWN | open_trades=1
2026-02-10 19:55:25 - zone_v2_alerts - INFO - ZONE_BUILDING | BACKTEST | #6 | 02/10 11:02 - 02/10 11:09 | bars=8
2026-02-10 19:55:25 - zone_v2_alerts - INFO - ZONE_COMPLETE | BACKTEST | #zv2_BACKTEST_6 | 02/10 11:02 - 02/10 11:41 | bars=40 | range=68801.00-69050.00 | POC=68946.25 | VAH=68991.90 | VAL=68842.50
2026-02-10 19:55:25 - zone_v2_alerts - INFO - LOSS | BACKTEST | zv2_BACKTEST_3 | UP | pnl=-1R
2026-02-10 19:55:25 - zone_v2_alerts - INFO - SL_MODE_POC | BACKTEST | POC=68946.25 | dist=315.15 | buffer=50% | SL=69103.82
2026-02-10 19:55:25 - zone_v2_alerts - INFO - BREAKOUT | BACKTEST | zv2_BACKTEST_6 | DOWN | VA_BREAKOUT | entry=68631.10 | SL=69103.82 | TP=68158.38 | R=472.72
2026-02-10 19:55:25 - zone_v2_alerts - INFO - ZONE_BUILDING | BACKTEST | #7 | 02/10 12:37 - 02/10 12:44 | bars=8
2026-02-10 19:55:25 - zone_v2_alerts - INFO - ZONE_COMPLETE | BACKTEST | #zv2_BACKTEST_7 | 02/10 12:37 - 02/10 12:44 | bars=8 | range=68518.30-68642.30 | POC=68603.03 | VAH=68634.03 | VAL=68555.50
2026-02-10 19:55:25 - zone_v2_alerts - INFO - SL_MODE_POC | BACKTEST | POC=68603.03 | dist=54.53 | buffer=50% | SL=68630.30
2026-02-10 19:55:25 - zone_v2_alerts - INFO - BLOCKED_SEQUENTIAL | BACKTEST | zv2_BACKTEST_7 | DOWN | open_trades=1
2026-02-10 19:55:25 - zone_v2_alerts - INFO - ZONE_BUILDING | BACKTEST | #8 | 02/10 12:46 - 02/10 12:53 | bars=8
2026-02-10 19:55:25 - zone_v2_alerts - INFO - ZONE_COMPLETE | BACKTEST | #zv2_BACKTEST_8 | 02/10 12:46 - 02/10 13:31 | bars=46 | range=68286.20-68768.00 | POC=68486.95 | VAH=68607.40 | VAL=68414.68
2026-02-10 19:55:25 - zone_v2_alerts - INFO - SL_MODE_POC | BACKTEST | POC=68486.95 | dist=500.15 | buffer=50% | SL=68236.88
2026-02-10 19:55:25 - zone_v2_alerts - INFO - BLOCKED_SEQUENTIAL | BACKTEST | zv2_BACKTEST_8 | UP | open_trades=1
2026-02-10 19:55:25 - zone_v2_alerts - INFO - LOSS | BACKTEST | zv2_BACKTEST_6 | DOWN | pnl=-1R
2026-02-10 19:55:25 - zone_v2_alerts - INFO - ZONE_BUILDING | BACKTEST | #9 | 02/10 16:20 - 02/10 16:27 | bars=8
2026-02-10 19:55:25 - zone_v2_alerts - INFO - ZONE_COMPLETE | BACKTEST | #zv2_BACKTEST_9 | 02/10 16:20 - 02/10 18:20 | bars=121 | range=69224.70-69982.20 | POC=69388.82 | VAH=69754.95 | VAL=69300.45
2026-02-10 19:55:25 - zone_v2_alerts - INFO - SL_MODE_POC | BACKTEST | POC=69388.82 | dist=308.72 | buffer=50% | SL=69543.19
2026-02-10 19:55:25 - zone_v2_alerts - INFO - BREAKOUT | BACKTEST | zv2_BACKTEST_9 | DOWN | VA_BREAKOUT | entry=69080.10 | SL=69543.19 | TP=68617.01 | R=463.09
2026-02-10 19:55:25 - zone_v2_alerts - INFO - WIN | BACKTEST | zv2_BACKTEST_9 | DOWN | pnl=+1R
2026-02-10 19:55:25 - zone_v2_alerts - INFO - ZONE_BUILDING | BACKTEST | #10 | 02/10 20:52 - 02/10 20:59 | bars=8
2026-02-10 19:55:25 - zone_v2_alerts - INFO - ZONE_COMPLETE | BACKTEST | #zv2_BACKTEST_10 | 02/10 20:52 - 02/10 21:30 | bars=39 | range=68509.40-68978.70 | POC=68783.16 | VAH=68900.48 | VAL=68681.48
2026-02-10 19:55:25 - zone_v2_alerts - INFO - SL_MODE_POC | BACKTEST | POC=68783.16 | dist=372.06 | buffer=50% | SL=68969.19
2026-02-10 19:55:25 - zone_v2_alerts - INFO - BREAKOUT | BACKTEST | zv2_BACKTEST_10 | DOWN | VA_BREAKOUT | entry=68411.10 | SL=68969.19 | TP=67853.01 | R=558.09
2026-02-10 19:55:25 - zone_v2_alerts - INFO - ZONE_BUILDING | BACKTEST | #11 | 02/10 22:19 - 02/10 22:26 | bars=8
2026-02-10 19:55:25 - zone_v2_alerts - INFO - ZONE_COMPLETE | BACKTEST | #zv2_BACKTEST_11 | 02/10 22:19 - 02/11 00:17 | bars=119 | range=68471.30-68955.50 | POC=68624.63 | VAH=68810.24 | VAL=68552.00
2026-02-10 19:55:25 - zone_v2_alerts - INFO - LOSS | BACKTEST | zv2_BACKTEST_10 | DOWN | pnl=-1R
2026-02-10 19:55:25 - zone_v2_alerts - INFO - SL_MODE_POC | BACKTEST | POC=68624.63 | dist=324.57 | buffer=50% | SL=68462.35
2026-02-10 19:55:25 - zone_v2_alerts - INFO - BREAKOUT | BACKTEST | zv2_BACKTEST_11 | UP | VA_BREAKOUT | entry=68949.20 | SL=68462.35 | TP=69436.05 | R=486.85
[BTCUSDT] [V2 OPTIMIZE] Progreso: 460/462 (69.7s)
2026-02-10 19:55:25 - zone_v2 - INFO - [BACKTEST] Warmup completado: 260 velas, ATR=260, SMA=260
2026-02-10 19:55:25 - zone_v2_alerts - INFO - ZONE_BUILDING | BACKTEST | #1 | 02/10 06:31 - 02/10 06:38 | bars=8
2026-02-10 19:55:25 - zone_v2_alerts - INFO - ZONE_COMPLETE | BACKTEST | #zv2_BACKTEST_1 | 02/10 06:31 - 02/10 06:40 | bars=10 | range=68966.70-69259.50 | POC=69117.98 | VAH=69161.90 | VAL=68966.70
2026-02-10 19:55:25 - zone_v2_alerts - INFO - SL_MODE_POC | BACKTEST | POC=69117.98 | dist=307.28 | buffer=50% | SL=69271.62
2026-02-10 19:55:25 - zone_v2_alerts - INFO - BREAKOUT | BACKTEST | zv2_BACKTEST_1 | DOWN | VA_BREAKOUT | entry=68810.70 | SL=69271.62 | TP=68349.78 | R=460.92
2026-02-10 19:55:25 - zone_v2_alerts - INFO - ZONE_BUILDING | BACKTEST | #2 | 02/10 07:31 - 02/10 07:38 | bars=8
2026-02-10 19:55:25 - zone_v2_alerts - INFO - LOSS | BACKTEST | zv2_BACKTEST_1 | DOWN | pnl=-1R
2026-02-10 19:55:25 - zone_v2_alerts - INFO - ZONE_COMPLETE | BACKTEST | #zv2_BACKTEST_2 | 02/10 07:31 - 02/10 09:03 | bars=93 | range=68680.60-69287.10 | POC=68913.09 | VAH=69125.37 | VAL=68842.33
2026-02-10 19:55:25 - zone_v2_alerts - INFO - SL_MODE_POC | BACKTEST | POC=68913.09 | dist=302.51 | buffer=50% | SL=68761.84
2026-02-10 19:55:25 - zone_v2_alerts - INFO - BREAKOUT | BACKTEST | zv2_BACKTEST_2 | UP | VA_BREAKOUT | entry=69215.60 | SL=68761.84 | TP=69669.36 | R=453.76
2026-02-10 19:55:25 - zone_v2_alerts - INFO - ZONE_BUILDING | BACKTEST | #3 | 02/10 09:05 - 02/10 09:12 | bars=8
2026-02-10 19:55:25 - zone_v2_alerts - INFO - ZONE_COMPLETE | BACKTEST | #zv2_BACKTEST_3 | 02/10 09:05 - 02/10 09:47 | bars=43 | range=69073.60-69385.20 | POC=69244.98 | VAH=69343.65 | VAL=69198.24
2026-02-10 19:55:25 - zone_v2_alerts - INFO - SL_MODE_POC | BACKTEST | POC=69244.98 | dist=236.78 | buffer=50% | SL=69363.37
2026-02-10 19:55:25 - zone_v2_alerts - INFO - BLOCKED_SEQUENTIAL | BACKTEST | zv2_BACKTEST_3 | DOWN | open_trades=1
2026-02-10 19:55:25 - zone_v2_alerts - INFO - ZONE_BUILDING | BACKTEST | #4 | 02/10 09:50 - 02/10 09:57 | bars=8
2026-02-10 19:55:25 - zone_v2_alerts - INFO - ZONE_COMPLETE | BACKTEST | #zv2_BACKTEST_4 | 02/10 09:50 - 02/10 11:00 | bars=71 | range=68846.20-69221.00 | POC=68989.87 | VAH=69108.56 | VAL=68921.16
2026-02-10 19:55:25 - zone_v2_alerts - INFO - SL_MODE_POC | BACKTEST | POC=68989.87 | dist=139.87 | buffer=50% | SL=69059.81
2026-02-10 19:55:25 - zone_v2_alerts - INFO - BLOCKED_SEQUENTIAL | BACKTEST | zv2_BACKTEST_4 | DOWN | open_trades=1
2026-02-10 19:55:25 - zone_v2_alerts - INFO - ZONE_BUILDING | BACKTEST | #5 | 02/10 11:02 - 02/10 11:09 | bars=8
2026-02-10 19:55:25 - zone_v2_alerts - INFO - ZONE_COMPLETE | BACKTEST | #zv2_BACKTEST_5 | 02/10 11:02 - 02/10 11:41 | bars=40 | range=68801.00-69050.00 | POC=68946.25 | VAH=68991.90 | VAL=68842.50
2026-02-10 19:55:25 - zone_v2_alerts - INFO - LOSS | BACKTEST | zv2_BACKTEST_2 | UP | pnl=-1R
2026-02-10 19:55:25 - zone_v2_alerts - INFO - SL_MODE_POC | BACKTEST | POC=68946.25 | dist=315.15 | buffer=50% | SL=69103.82
2026-02-10 19:55:25 - zone_v2_alerts - INFO - BREAKOUT | BACKTEST | zv2_BACKTEST_5 | DOWN | VA_BREAKOUT | entry=68631.10 | SL=69103.82 | TP=68158.38 | R=472.72
2026-02-10 19:55:25 - zone_v2_alerts - INFO - ZONE_BUILDING | BACKTEST | #6 | 02/10 12:37 - 02/10 12:44 | bars=8
2026-02-10 19:55:25 - zone_v2_alerts - INFO - ZONE_COMPLETE | BACKTEST | #zv2_BACKTEST_6 | 02/10 12:37 - 02/10 12:44 | bars=8 | range=68518.30-68642.30 | POC=68603.03 | VAH=68634.03 | VAL=68555.50
2026-02-10 19:55:25 - zone_v2_alerts - INFO - SL_MODE_POC | BACKTEST | POC=68603.03 | dist=54.53 | buffer=50% | SL=68630.30
2026-02-10 19:55:25 - zone_v2_alerts - INFO - BLOCKED_SEQUENTIAL | BACKTEST | zv2_BACKTEST_6 | DOWN | open_trades=1
2026-02-10 19:55:25 - zone_v2_alerts - INFO - ZONE_BUILDING | BACKTEST | #7 | 02/10 12:46 - 02/10 12:53 | bars=8
2026-02-10 19:55:25 - zone_v2_alerts - INFO - ZONE_COMPLETE | BACKTEST | #zv2_BACKTEST_7 | 02/10 12:46 - 02/10 13:31 | bars=46 | range=68286.20-68768.00 | POC=68486.95 | VAH=68607.40 | VAL=68414.68
2026-02-10 19:55:25 - zone_v2_alerts - INFO - SL_MODE_POC | BACKTEST | POC=68486.95 | dist=500.15 | buffer=50% | SL=68236.88
2026-02-10 19:55:25 - zone_v2_alerts - INFO - BLOCKED_SEQUENTIAL | BACKTEST | zv2_BACKTEST_7 | UP | open_trades=1
2026-02-10 19:55:25 - zone_v2_alerts - INFO - LOSS | BACKTEST | zv2_BACKTEST_5 | DOWN | pnl=-1R
2026-02-10 19:55:25 - zone_v2_alerts - INFO - ZONE_BUILDING | BACKTEST | #8 | 02/10 16:20 - 02/10 16:27 | bars=8
2026-02-10 19:55:25 - zone_v2_alerts - INFO - ZONE_COMPLETE | BACKTEST | #zv2_BACKTEST_8 | 02/10 16:20 - 02/10 18:20 | bars=121 | range=69224.70-69982.20 | POC=69388.82 | VAH=69754.95 | VAL=69300.45
2026-02-10 19:55:25 - zone_v2_alerts - INFO - SL_MODE_POC | BACKTEST | POC=69388.82 | dist=308.72 | buffer=50% | SL=69543.19
2026-02-10 19:55:25 - zone_v2_alerts - INFO - BREAKOUT | BACKTEST | zv2_BACKTEST_8 | DOWN | VA_BREAKOUT | entry=69080.10 | SL=69543.19 | TP=68617.01 | R=463.09
2026-02-10 19:55:25 - zone_v2_alerts - INFO - WIN | BACKTEST | zv2_BACKTEST_8 | DOWN | pnl=+1R
2026-02-10 19:55:25 - zone_v2_alerts - INFO - ZONE_BUILDING | BACKTEST | #9 | 02/10 19:16 - 02/10 19:23 | bars=8
2026-02-10 19:55:25 - zone_v2_alerts - INFO - ZONE_COMPLETE | BACKTEST | #zv2_BACKTEST_9 | 02/10 19:16 - 02/10 19:36 | bars=21 | range=68682.70-69268.30 | POC=68848.62 | VAH=69053.58 | VAL=68721.74
2026-02-10 19:55:25 - zone_v2_alerts - INFO - SL_MODE_POC | BACKTEST | POC=68848.62 | dist=341.58 | buffer=50% | SL=68677.83
2026-02-10 19:55:25 - zone_v2_alerts - INFO - BREAKOUT | BACKTEST | zv2_BACKTEST_9 | UP | VA_BREAKOUT | entry=69190.20 | SL=68677.83 | TP=69702.57 | R=512.37
2026-02-10 19:55:25 - zone_v2_alerts - INFO - ZONE_BUILDING | BACKTEST | #10 | 02/10 19:38 - 02/10 19:45 | bars=8
2026-02-10 19:55:25 - zone_v2_alerts - INFO - ZONE_COMPLETE | BACKTEST | #zv2_BACKTEST_10 | 02/10 19:38 - 02/10 20:11 | bars=34 | range=68804.70-69266.30 | POC=69166.29 | VAH=69235.53 | VAL=69004.73
2026-02-10 19:55:25 - zone_v2_alerts - INFO - SL_MODE_POC | BACKTEST | POC=69166.29 | dist=441.59 | buffer=50% | SL=69387.08
2026-02-10 19:55:25 - zone_v2_alerts - INFO - BLOCKED_SEQUENTIAL | BACKTEST | zv2_BACKTEST_10 | DOWN | open_trades=1
2026-02-10 19:55:25 - zone_v2_alerts - INFO - ZONE_BUILDING | BACKTEST | #11 | 02/10 20:17 - 02/10 20:24 | bars=8
2026-02-10 19:55:25 - zone_v2_alerts - INFO - LOSS | BACKTEST | zv2_BACKTEST_9 | UP | pnl=-1R
2026-02-10 19:55:25 - zone_v2_alerts - INFO - ZONE_COMPLETE | BACKTEST | #zv2_BACKTEST_11 | 02/10 20:17 - 02/10 21:30 | bars=74 | range=68509.40-68978.70 | POC=68783.16 | VAH=68884.84 | VAL=68697.12
2026-02-10 19:55:25 - zone_v2_alerts - INFO - SL_MODE_POC | BACKTEST | POC=68783.16 | dist=372.06 | buffer=50% | SL=68969.19
2026-02-10 19:55:25 - zone_v2_alerts - INFO - BREAKOUT | BACKTEST | zv2_BACKTEST_11 | DOWN | VA_BREAKOUT | entry=68411.10 | SL=68969.19 | TP=67853.01 | R=558.09
2026-02-10 19:55:25 - zone_v2_alerts - INFO - ZONE_BUILDING | BACKTEST | #12 | 02/10 22:19 - 02/10 22:26 | bars=8
2026-02-10 19:55:25 - zone_v2_alerts - INFO - LOSS | BACKTEST | zv2_BACKTEST_11 | DOWN | pnl=-1R
2026-02-10 19:55:25 - zone_v2_alerts - INFO - ZONE_COMPLETE | BACKTEST | #zv2_BACKTEST_12 | 02/10 22:19 - 02/11 00:18 | bars=120 | range=68471.30-68975.40 | POC=68630.93 | VAH=68824.17 | VAL=68555.32
2026-02-10 19:55:25 - zone_v2_alerts - INFO - SL_MODE_POC | BACKTEST | POC=68630.93 | dist=355.77 | buffer=50% | SL=68453.05
2026-02-10 19:55:25 - zone_v2_alerts - INFO - BREAKOUT | BACKTEST | zv2_BACKTEST_12 | UP | VA_BREAKOUT | entry=68986.70 | SL=68453.05 | TP=69520.35 | R=533.65
2026-02-10 19:55:25 - zone_v2 - INFO - [BACKTEST] Warmup completado: 310 velas, ATR=310, SMA=310
2026-02-10 19:55:25 - zone_v2_alerts - INFO - ZONE_BUILDING | BACKTEST | #1 | 02/10 06:33 - 02/10 06:40 | bars=8
2026-02-10 19:55:25 - zone_v2_alerts - INFO - ZONE_COMPLETE | BACKTEST | #zv2_BACKTEST_1 | 02/10 06:33 - 02/10 06:40 | bars=8 | range=68966.70-69259.50 | POC=69117.98 | VAH=69132.62 | VAL=68966.70
2026-02-10 19:55:25 - zone_v2_alerts - INFO - SL_MODE_POC | BACKTEST | POC=69117.98 | dist=307.28 | buffer=50% | SL=69271.62
2026-02-10 19:55:25 - zone_v2_alerts - INFO - BREAKOUT | BACKTEST | zv2_BACKTEST_1 | DOWN | VA_BREAKOUT | entry=68810.70 | SL=69271.62 | TP=68349.78 | R=460.92
2026-02-10 19:55:25 - zone_v2_alerts - INFO - ZONE_BUILDING | BACKTEST | #2 | 02/10 07:31 - 02/10 07:38 | bars=8
2026-02-10 19:55:25 - zone_v2_alerts - INFO - ZONE_COMPLETE | BACKTEST | #zv2_BACKTEST_2 | 02/10 07:31 - 02/10 09:02 | bars=92 | range=68680.60-69188.50 | POC=68926.09 | VAH=69086.92 | VAL=68849.90
2026-02-10 19:55:25 - zone_v2_alerts - INFO - LOSS | BACKTEST | zv2_BACKTEST_1 | DOWN | pnl=-1R
2026-02-10 19:55:25 - zone_v2_alerts - INFO - SL_MODE_POC | BACKTEST | POC=68926.09 | dist=343.41 | buffer=50% | SL=68754.38
2026-02-10 19:55:25 - zone_v2_alerts - INFO - BREAKOUT | BACKTEST | zv2_BACKTEST_2 | UP | VA_BREAKOUT | entry=69269.50 | SL=68754.38 | TP=69784.62 | R=515.12
2026-02-10 19:55:25 - zone_v2_alerts - INFO - ZONE_BUILDING | BACKTEST | #3 | 02/10 09:05 - 02/10 09:12 | bars=8
2026-02-10 19:55:25 - zone_v2_alerts - INFO - ZONE_COMPLETE | BACKTEST | #zv2_BACKTEST_3 | 02/10 09:05 - 02/10 09:47 | bars=43 | range=69073.60-69385.20 | POC=69244.98 | VAH=69343.65 | VAL=69198.24
2026-02-10 19:55:25 - zone_v2_alerts - INFO - SL_MODE_POC | BACKTEST | POC=69244.98 | dist=236.78 | buffer=50% | SL=69363.37
2026-02-10 19:55:25 - zone_v2_alerts - INFO - BLOCKED_SEQUENTIAL | BACKTEST | zv2_BACKTEST_3 | DOWN | open_trades=1
2026-02-10 19:55:25 - zone_v2_alerts - INFO - ZONE_BUILDING | BACKTEST | #4 | 02/10 09:50 - 02/10 09:57 | bars=8
2026-02-10 19:55:25 - zone_v2_alerts - INFO - ZONE_COMPLETE | BACKTEST | #zv2_BACKTEST_4 | 02/10 09:50 - 02/10 11:00 | bars=71 | range=68846.20-69221.00 | POC=68989.87 | VAH=69108.56 | VAL=68921.16
2026-02-10 19:55:25 - zone_v2_alerts - INFO - SL_MODE_POC | BACKTEST | POC=68989.87 | dist=139.87 | buffer=50% | SL=69059.81
2026-02-10 19:55:25 - zone_v2_alerts - INFO - BLOCKED_SEQUENTIAL | BACKTEST | zv2_BACKTEST_4 | DOWN | open_trades=1
2026-02-10 19:55:25 - zone_v2_alerts - INFO - ZONE_BUILDING | BACKTEST | #5 | 02/10 11:02 - 02/10 11:09 | bars=8
2026-02-10 19:55:25 - zone_v2_alerts - INFO - LOSS | BACKTEST | zv2_BACKTEST_2 | UP | pnl=-1R
2026-02-10 19:55:25 - zone_v2_alerts - INFO - ZONE_COMPLETE | BACKTEST | #zv2_BACKTEST_5 | 02/10 11:02 - 02/10 11:42 | bars=41 | range=68728.30-69050.00 | POC=68948.13 | VAH=69007.11 | VAL=68835.53
2026-02-10 19:55:25 - zone_v2_alerts - INFO - SL_MODE_POC | BACKTEST | POC=68948.13 | dist=407.43 | buffer=50% | SL=69151.84
2026-02-10 19:55:25 - zone_v2_alerts - INFO - BREAKOUT | BACKTEST | zv2_BACKTEST_5 | DOWN | VA_BREAKOUT | entry=68540.70 | SL=69151.84 | TP=67929.56 | R=611.14
2026-02-10 19:55:25 - zone_v2_alerts - INFO - ZONE_BUILDING | BACKTEST | #6 | 02/10 12:37 - 02/10 12:44 | bars=8
2026-02-10 19:55:25 - zone_v2_alerts - INFO - ZONE_COMPLETE | BACKTEST | #zv2_BACKTEST_6 | 02/10 12:37 - 02/10 12:44 | bars=8 | range=68518.30-68642.30 | POC=68603.03 | VAH=68634.03 | VAL=68555.50
2026-02-10 19:55:25 - zone_v2_alerts - INFO - SL_MODE_POC | BACKTEST | POC=68603.03 | dist=54.53 | buffer=50% | SL=68630.30
2026-02-10 19:55:25 - zone_v2_alerts - INFO - BLOCKED_SEQUENTIAL | BACKTEST | zv2_BACKTEST_6 | DOWN | open_trades=1
2026-02-10 19:55:25 - zone_v2_alerts - INFO - ZONE_BUILDING | BACKTEST | #7 | 02/10 12:46 - 02/10 12:53 | bars=8
2026-02-10 19:55:25 - zone_v2_alerts - INFO - ZONE_COMPLETE | BACKTEST | #zv2_BACKTEST_7 | 02/10 12:46 - 02/10 13:31 | bars=46 | range=68286.20-68768.00 | POC=68486.95 | VAH=68607.40 | VAL=68414.68
2026-02-10 19:55:25 - zone_v2_alerts - INFO - SL_MODE_POC | BACKTEST | POC=68486.95 | dist=500.15 | buffer=50% | SL=68236.88
2026-02-10 19:55:25 - zone_v2_alerts - INFO - BLOCKED_SEQUENTIAL | BACKTEST | zv2_BACKTEST_7 | UP | open_trades=1
2026-02-10 19:55:25 - zone_v2_alerts - INFO - LOSS | BACKTEST | zv2_BACKTEST_5 | DOWN | pnl=-1R
2026-02-10 19:55:25 - zone_v2_alerts - INFO - ZONE_BUILDING | BACKTEST | #8 | 02/10 16:21 - 02/10 16:28 | bars=8
2026-02-10 19:55:25 - zone_v2_alerts - INFO - ZONE_COMPLETE | BACKTEST | #zv2_BACKTEST_8 | 02/10 16:21 - 02/10 18:20 | bars=120 | range=69224.70-69982.20 | POC=69388.82 | VAH=69780.20 | VAL=69300.45
2026-02-10 19:55:25 - zone_v2_alerts - INFO - SL_MODE_POC | BACKTEST | POC=69388.82 | dist=308.72 | buffer=50% | SL=69543.19
2026-02-10 19:55:25 - zone_v2_alerts - INFO - BREAKOUT | BACKTEST | zv2_BACKTEST_8 | DOWN | VA_BREAKOUT | entry=69080.10 | SL=69543.19 | TP=68617.01 | R=463.09
2026-02-10 19:55:25 - zone_v2_alerts - INFO - WIN | BACKTEST | zv2_BACKTEST_8 | DOWN | pnl=+1R
2026-02-10 19:55:25 - zone_v2_alerts - INFO - ZONE_BUILDING | BACKTEST | #9 | 02/10 19:26 - 02/10 19:33 | bars=8
2026-02-10 19:55:25 - zone_v2_alerts - INFO - ZONE_COMPLETE | BACKTEST | #zv2_BACKTEST_9 | 02/10 19:26 - 02/10 20:11 | bars=46 | range=68696.20-69268.30 | POC=69163.41 | VAH=69249.23 | VAL=68963.18
2026-02-10 19:55:25 - zone_v2_alerts - INFO - SL_MODE_POC | BACKTEST | POC=69163.41 | dist=438.71 | buffer=50% | SL=69382.77
2026-02-10 19:55:25 - zone_v2_alerts - INFO - BREAKOUT | BACKTEST | zv2_BACKTEST_9 | DOWN | VA_BREAKOUT | entry=68724.70 | SL=69382.77 | TP=68066.63 | R=658.07
2026-02-10 19:55:25 - zone_v2_alerts - INFO - ZONE_BUILDING | BACKTEST | #10 | 02/10 20:15 - 02/10 20:22 | bars=8
2026-02-10 19:55:25 - zone_v2_alerts - INFO - ZONE_COMPLETE | BACKTEST | #zv2_BACKTEST_10 | 02/10 20:15 - 02/10 21:30 | bars=76 | range=68509.40-68978.70 | POC=68783.16 | VAH=68884.84 | VAL=68697.12
2026-02-10 19:55:25 - zone_v2_alerts - INFO - SL_MODE_POC | BACKTEST | POC=68783.16 | dist=372.06 | buffer=50% | SL=68969.19
2026-02-10 19:55:25 - zone_v2_alerts - INFO - BLOCKED_SEQUENTIAL | BACKTEST | zv2_BACKTEST_10 | DOWN | open_trades=1
2026-02-10 19:55:25 - zone_v2_alerts - INFO - ZONE_BUILDING | BACKTEST | #11 | 02/10 22:19 - 02/10 22:26 | bars=8
2026-02-10 19:55:25 - zone_v2_alerts - INFO - ZONE_COMPLETE | BACKTEST | #zv2_BACKTEST_11 | 02/10 22:19 - 02/11 00:21 | bars=123 | range=68471.30-68999.90 | POC=68621.07 | VAH=68823.70 | VAL=68559.40
2026-02-10 19:55:25 - zone_v2_alerts - INFO - SL_MODE_POC | BACKTEST | POC=68621.07 | dist=384.93 | buffer=50% | SL=68428.61
2026-02-10 19:55:25 - zone_v2_alerts - INFO - BLOCKED_SEQUENTIAL | BACKTEST | zv2_BACKTEST_11 | UP | open_trades=1
[BTCUSDT] [V2 OPTIMIZE] Completado: 462 combos en 70.1s
[BTCUSDT] [V2 OPTIMIZE] MEJOR: expectancy=1.0 | WR=100.0% | PnL=2R | params={'multiplier': 0.5, 'ma_period': 10, 'atr_period': 200}