2026-01-28 14:40:59,148 | INFO | store.journal_store | Database initialized at data/journal.db
2026-01-28 14:40:59,184 | INFO | main | ============================================================
2026-01-28 14:40:59,184 | INFO | main | Trading Journal Backend starting...
2026-01-28 14:40:59,184 | INFO | main | Database: data/journal.db
2026-01-28 14:40:59,185 | INFO | main | Screenshots: screenshots/
2026-01-28 14:40:59,185 | INFO | main | ============================================================
2026-01-28 14:40:59,187 | INFO | services.screenshot_service | Screenshot service initialized (mplfinance fallback only)
2026-01-28 14:40:59,814 | INFO | services.position_monitor | Loaded 0 existing open entries
2026-01-28 14:40:59,814 | INFO | services.position_monitor | Position monitor started (interval: 5.0s)
2026-01-28 14:40:59,815 | INFO | main | All services started successfully
2026-01-28 14:46:17,102 | INFO | store.journal_store | Database initialized at data/journal.db
2026-01-28 14:46:20,233 | INFO | store.journal_store | Database initialized at data/journal.db
2026-01-28 14:46:20,403 | INFO | watchfiles.main | 1 change detected
2026-01-28 14:46:20,549 | INFO | store.journal_store | Database initialized at data/journal.db
2026-01-28 14:46:20,576 | INFO | main | ============================================================
2026-01-28 14:46:20,576 | INFO | main | Trading Journal Backend starting...
2026-01-28 14:46:20,576 | INFO | main | Database: data/journal.db
2026-01-28 14:46:20,576 | INFO | main | Screenshots: screenshots/
2026-01-28 14:46:20,577 | INFO | main | ============================================================
2026-01-28 14:46:20,578 | ERROR | asyncio | Task exception was never retrieved
future: <Task finished name='Task-3' coro=<Connection.run() done, defined at C:\Users\inven\OneDrive\Documentos\GitHub\watchlist\6.Trading_Journal\backend\.venv\Lib\site-packages\playwright\_impl\_connection.py:305> exception=NotImplementedError()>
Traceback (most recent call last):
  File "C:\Users\inven\OneDrive\Documentos\GitHub\watchlist\6.Trading_Journal\backend\.venv\Lib\site-packages\playwright\_impl\_connection.py", line 312, in run
    await self._transport.connect()
  File "C:\Users\inven\OneDrive\Documentos\GitHub\watchlist\6.Trading_Journal\backend\.venv\Lib\site-packages\playwright\_impl\_transport.py", line 133, in connect
    raise exc
  File "C:\Users\inven\OneDrive\Documentos\GitHub\watchlist\6.Trading_Journal\backend\.venv\Lib\site-packages\playwright\_impl\_transport.py", line 120, in connect
    self._proc = await asyncio.create_subprocess_exec(
                 ^^^^^^^^^^^^^^^^^^^^^^^^^^^^^^^^^^^^^
    ...<9 lines>...
    )
    ^
  File "C:\Python314\Lib\asyncio\subprocess.py", line 224, in create_subprocess_exec
    transport, protocol = await loop.subprocess_exec(
                          ^^^^^^^^^^^^^^^^^^^^^^^^^^^
    ...<3 lines>...
        stderr=stderr, **kwds)
        ^^^^^^^^^^^^^^^^^^^^^^
  File "C:\Python314\Lib\asyncio\base_events.py", line 1798, in subprocess_exec
    transport = await self._make_subprocess_transport(
                ^^^^^^^^^^^^^^^^^^^^^^^^^^^^^^^^^^^^^^
        protocol, popen_args, False, stdin, stdout, stderr,
        ^^^^^^^^^^^^^^^^^^^^^^^^^^^^^^^^^^^^^^^^^^^^^^^^^^^
        bufsize, **kwargs)
        ^^^^^^^^^^^^^^^^^^
  File "C:\Python314\Lib\asyncio\base_events.py", line 533, in _make_subprocess_transport
    raise NotImplementedError
NotImplementedError
2026-01-28 14:46:20,601 | ERROR | services.screenshot_service | Failed to initialize Playwright: 
2026-01-28 14:46:20,755 | INFO | watchfiles.main | 1 change detected
2026-01-28 14:46:21,190 | INFO | services.position_monitor | Loaded 0 existing open entries
2026-01-28 14:46:21,190 | INFO | services.position_monitor | Position monitor started (interval: 5.0s)
2026-01-28 14:46:21,191 | INFO | main | All services started successfully
2026-01-28 14:56:41,083 | INFO | watchfiles.main | 13 changes detected
2026-01-28 14:56:41,488 | INFO | watchfiles.main | 1 change detected
2026-01-28 14:56:42,195 | INFO | watchfiles.main | 2 changes detected
2026-01-28 14:56:42,581 | INFO | watchfiles.main | 7 changes detected
2026-01-28 14:56:42,941 | INFO | watchfiles.main | 9 changes detected
2026-01-28 14:56:43,395 | INFO | watchfiles.main | 31 changes detected
2026-01-28 14:56:43,904 | INFO | watchfiles.main | 6 changes detected
2026-01-28 14:56:44,361 | INFO | watchfiles.main | 28 changes detected
2026-01-28 14:56:44,729 | INFO | watchfiles.main | 1 change detected
2026-01-28 14:56:46,551 | INFO | watchfiles.main | 1 change detected
2026-01-28 14:56:47,458 | INFO | watchfiles.main | 43 changes detected
2026-01-28 14:56:47,819 | INFO | watchfiles.main | 6 changes detected
2026-01-28 14:56:48,181 | INFO | watchfiles.main | 7 changes detected
2026-01-28 14:58:23,465 | INFO | watchfiles.main | 5 changes detected
2026-01-28 15:11:27,384 | INFO | store.journal_store | Database initialized at data/journal.db
2026-01-28 15:11:29,008 | INFO | store.journal_store | Database initialized at data/journal.db
2026-01-28 15:11:29,208 | INFO | store.journal_store | Database initialized at data/journal.db
2026-01-28 15:11:29,244 | INFO | main | ============================================================
2026-01-28 15:11:29,244 | INFO | main | Trading Journal Backend starting...
2026-01-28 15:11:29,245 | INFO | main | Database: data/journal.db
2026-01-28 15:11:29,245 | INFO | main | Screenshots: screenshots/
2026-01-28 15:11:29,245 | INFO | main | ============================================================
2026-01-28 15:11:29,247 | INFO | services.screenshot_service | Screenshot service initialized (mplfinance fallback only)
2026-01-28 15:11:29,944 | INFO | services.position_monitor | Loaded 0 existing open entries
2026-01-28 15:11:29,944 | INFO | services.position_monitor | Position monitor started (interval: 5.0s)
2026-01-28 15:11:29,944 | INFO | main | All services started successfully
2026-01-28 15:19:06,224 | ERROR | services.position_monitor | Error fetching positions: 
2026-01-28 15:19:21,513 | ERROR | services.position_monitor | Error fetching positions: 
2026-01-28 15:19:36,800 | ERROR | services.position_monitor | Error fetching positions: 
2026-01-28 15:19:52,078 | ERROR | services.position_monitor | Error fetching positions: 
2026-01-28 15:20:07,365 | ERROR | services.position_monitor | Error fetching positions: 
2026-01-28 15:20:22,653 | ERROR | services.position_monitor | Error fetching positions: 
2026-01-28 15:20:37,939 | ERROR | services.position_monitor | Error fetching positions: 
2026-01-28 15:20:53,217 | ERROR | services.position_monitor | Error fetching positions: 
2026-01-28 15:21:08,515 | ERROR | services.position_monitor | Error fetching positions: 
2026-01-28 15:21:23,802 | ERROR | services.position_monitor | Error fetching positions: 
2026-01-28 15:21:39,086 | ERROR | services.position_monitor | Error fetching positions: 
2026-01-28 15:21:54,375 | ERROR | services.position_monitor | Error fetching positions: 
2026-01-28 15:22:09,669 | ERROR | services.position_monitor | Error fetching positions: 
2026-01-28 15:22:24,959 | ERROR | services.position_monitor | Error fetching positions: 
2026-01-28 15:22:40,249 | ERROR | services.position_monitor | Error fetching positions: 
2026-01-28 15:22:55,537 | ERROR | services.position_monitor | Error fetching positions: 
2026-01-28 15:23:10,830 | ERROR | services.position_monitor | Error fetching positions: 
2026-01-28 15:23:26,120 | ERROR | services.position_monitor | Error fetching positions: 
2026-01-28 15:23:41,400 | ERROR | services.position_monitor | Error fetching positions: 
2026-01-28 15:23:56,681 | ERROR | services.position_monitor | Error fetching positions: 
2026-01-28 15:24:11,974 | ERROR | services.position_monitor | Error fetching positions: 
2026-01-28 15:24:27,264 | ERROR | services.position_monitor | Error fetching positions: 
2026-01-28 15:24:42,542 | ERROR | services.position_monitor | Error fetching positions: 
2026-01-28 15:25:21,284 | ERROR | services.position_monitor | Error fetching positions: 
2026-01-28 15:25:36,586 | ERROR | services.position_monitor | Error fetching positions: 
2026-01-28 15:25:51,885 | ERROR | services.position_monitor | Error fetching positions: 
2026-01-28 15:26:07,179 | ERROR | services.position_monitor | Error fetching positions: 
2026-01-28 15:26:22,468 | ERROR | services.position_monitor | Error fetching positions: 
2026-01-28 15:26:37,751 | ERROR | services.position_monitor | Error fetching positions: 
2026-01-28 15:26:53,033 | ERROR | services.position_monitor | Error fetching positions: 
2026-01-28 15:27:08,330 | ERROR | services.position_monitor | Error fetching positions: 
2026-01-28 15:27:23,611 | ERROR | services.position_monitor | Error fetching positions: 
2026-01-28 15:27:38,891 | ERROR | services.position_monitor | Error fetching positions: 
2026-01-28 15:27:54,177 | ERROR | services.position_monitor | Error fetching positions: 
2026-01-28 15:28:09,471 | ERROR | services.position_monitor | Error fetching positions: 
2026-01-28 15:28:24,754 | ERROR | services.position_monitor | Error fetching positions: 
2026-01-28 15:28:40,039 | ERROR | services.position_monitor | Error fetching positions: 
2026-01-28 15:28:55,328 | ERROR | services.position_monitor | Error fetching positions: 
2026-01-28 15:29:10,604 | ERROR | services.position_monitor | Error fetching positions: 
2026-01-28 15:29:25,891 | ERROR | services.position_monitor | Error fetching positions: 
2026-01-28 15:29:41,181 | ERROR | services.position_monitor | Error fetching positions: 
2026-01-28 15:29:56,459 | ERROR | services.position_monitor | Error fetching positions: 
2026-01-28 15:30:11,745 | ERROR | services.position_monitor | Error fetching positions: 
2026-01-28 15:30:27,039 | ERROR | services.position_monitor | Error fetching positions: 
2026-01-28 15:30:42,322 | ERROR | services.position_monitor | Error fetching positions: 
2026-01-28 15:30:57,601 | ERROR | services.position_monitor | Error fetching positions: 
2026-01-28 15:31:12,888 | ERROR | services.position_monitor | Error fetching positions: 
2026-01-28 15:31:28,176 | ERROR | services.position_monitor | Error fetching positions: 
2026-01-28 15:31:43,470 | ERROR | services.position_monitor | Error fetching positions: 
2026-01-28 15:31:58,756 | ERROR | services.position_monitor | Error fetching positions: 
2026-01-28 15:32:14,044 | ERROR | services.position_monitor | Error fetching positions: 
2026-01-28 15:32:29,328 | ERROR | services.position_monitor | Error fetching positions: 
2026-01-28 15:32:44,613 | ERROR | services.position_monitor | Error fetching positions: 
2026-01-28 15:32:59,889 | ERROR | services.position_monitor | Error fetching positions: 
2026-01-28 15:33:15,176 | ERROR | services.position_monitor | Error fetching positions: 
2026-01-28 15:33:30,475 | ERROR | services.position_monitor | Error fetching positions: 
2026-01-28 15:33:45,763 | ERROR | services.position_monitor | Error fetching positions: 
2026-01-28 15:34:01,053 | ERROR | services.position_monitor | Error fetching positions: 
2026-01-28 15:34:16,339 | ERROR | services.position_monitor | Error fetching positions: 
2026-01-28 15:34:31,620 | ERROR | services.position_monitor | Error fetching positions: 
2026-01-28 15:34:46,923 | ERROR | services.position_monitor | Error fetching positions: 
2026-01-28 15:35:02,219 | ERROR | services.position_monitor | Error fetching positions: 
2026-01-28 15:35:17,497 | ERROR | services.position_monitor | Error fetching positions: 
2026-01-28 15:35:32,783 | ERROR | services.position_monitor | Error fetching positions: 
2026-01-28 15:35:48,065 | ERROR | services.position_monitor | Error fetching positions: 
2026-01-28 15:36:03,357 | ERROR | services.position_monitor | Error fetching positions: 
2026-01-28 15:36:18,651 | ERROR | services.position_monitor | Error fetching positions: 
2026-01-28 15:36:33,948 | ERROR | services.position_monitor | Error fetching positions: 
2026-01-28 15:36:49,244 | ERROR | services.position_monitor | Error fetching positions: 
2026-01-28 15:37:04,523 | ERROR | services.position_monitor | Error fetching positions: 
2026-01-28 15:37:19,814 | ERROR | services.position_monitor | Error fetching positions: 
2026-01-28 15:37:35,096 | ERROR | services.position_monitor | Error fetching positions: 
2026-01-28 15:37:50,394 | ERROR | services.position_monitor | Error fetching positions: 
2026-01-28 15:38:05,692 | ERROR | services.position_monitor | Error fetching positions: 
2026-01-28 15:38:20,980 | ERROR | services.position_monitor | Error fetching positions: 
2026-01-28 15:38:36,279 | ERROR | services.position_monitor | Error fetching positions: 
2026-01-28 15:38:51,558 | ERROR | services.position_monitor | Error fetching positions: 
2026-01-28 15:39:06,847 | ERROR | services.position_monitor | Error fetching positions: 
2026-01-28 15:39:22,144 | ERROR | services.position_monitor | Error fetching positions: 
2026-01-28 15:39:37,442 | ERROR | services.position_monitor | Error fetching positions: 
2026-01-28 15:39:52,740 | ERROR | services.position_monitor | Error fetching positions: 
2026-01-28 15:40:08,024 | ERROR | services.position_monitor | Error fetching positions: 
2026-01-28 15:40:23,321 | ERROR | services.position_monitor | Error fetching positions: 
2026-01-28 15:40:38,621 | ERROR | services.position_monitor | Error fetching positions: 
2026-01-28 15:40:53,922 | ERROR | services.position_monitor | Error fetching positions: 
2026-01-28 15:41:09,209 | ERROR | services.position_monitor | Error fetching positions: 
2026-01-28 15:41:24,511 | ERROR | services.position_monitor | Error fetching positions: 
2026-01-28 15:41:39,803 | ERROR | services.position_monitor | Error fetching positions: 
2026-01-28 15:41:55,087 | ERROR | services.position_monitor | Error fetching positions: 
2026-01-28 15:42:10,364 | ERROR | services.position_monitor | Error fetching positions: 
2026-01-28 15:42:25,656 | ERROR | services.position_monitor | Error fetching positions: 
2026-01-28 15:42:40,949 | ERROR | services.position_monitor | Error fetching positions: 
2026-01-28 15:42:56,236 | ERROR | services.position_monitor | Error fetching positions: 
2026-01-28 15:43:11,519 | ERROR | services.position_monitor | Error fetching positions: 
2026-01-28 15:43:26,819 | ERROR | services.position_monitor | Error fetching positions: 
2026-01-28 15:43:42,112 | ERROR | services.position_monitor | Error fetching positions: 
2026-01-28 15:43:57,398 | ERROR | services.position_monitor | Error fetching positions: 
2026-01-28 15:44:12,688 | ERROR | services.position_monitor | Error fetching positions: 
2026-01-28 15:44:27,973 | ERROR | services.position_monitor | Error fetching positions: 
2026-01-28 15:44:43,260 | ERROR | services.position_monitor | Error fetching positions: 
2026-01-28 15:44:58,559 | ERROR | services.position_monitor | Error fetching positions: 
2026-01-28 15:45:13,851 | ERROR | services.position_monitor | Error fetching positions: 
2026-01-28 15:45:29,138 | ERROR | services.position_monitor | Error fetching positions: 
2026-01-28 15:45:44,410 | ERROR | services.position_monitor | Error fetching positions: 
2026-01-28 15:45:59,714 | ERROR | services.position_monitor | Error fetching positions: 
2026-01-28 15:46:14,991 | ERROR | services.position_monitor | Error fetching positions: 
2026-01-28 15:46:30,287 | ERROR | services.position_monitor | Error fetching positions: 
2026-01-28 15:46:45,573 | ERROR | services.position_monitor | Error fetching positions: 
2026-01-28 15:47:00,860 | ERROR | services.position_monitor | Error fetching positions: 
2026-01-28 15:47:16,152 | ERROR | services.position_monitor | Error fetching positions: 
2026-01-28 15:47:31,448 | ERROR | services.position_monitor | Error fetching positions: 
2026-01-28 15:47:46,738 | ERROR | services.position_monitor | Error fetching positions: 
2026-01-28 15:48:02,011 | ERROR | services.position_monitor | Error fetching positions: 
2026-01-28 15:48:17,289 | ERROR | services.position_monitor | Error fetching positions: 
2026-01-28 15:48:32,588 | ERROR | services.position_monitor | Error fetching positions: 
2026-01-28 15:48:47,871 | ERROR | services.position_monitor | Error fetching positions: 
2026-01-28 15:49:03,152 | ERROR | services.position_monitor | Error fetching positions: 
2026-01-28 15:49:18,438 | ERROR | services.position_monitor | Error fetching positions: 
2026-01-28 15:49:33,715 | ERROR | services.position_monitor | Error fetching positions: 
2026-01-28 15:49:49,003 | ERROR | services.position_monitor | Error fetching positions: 
2026-01-28 15:50:04,289 | ERROR | services.position_monitor | Error fetching positions: 
2026-01-28 15:50:19,580 | ERROR | services.position_monitor | Error fetching positions: 
2026-01-28 15:50:34,877 | ERROR | services.position_monitor | Error fetching positions: 
2026-01-28 15:50:50,179 | ERROR | services.position_monitor | Error fetching positions: 
2026-01-28 15:51:05,477 | ERROR | services.position_monitor | Error fetching positions: 
2026-01-28 15:51:20,741 | ERROR | services.position_monitor | Error fetching positions: 
2026-01-28 15:51:36,030 | ERROR | services.position_monitor | Error fetching positions: 
2026-01-28 15:51:51,320 | ERROR | services.position_monitor | Error fetching positions: 
2026-01-28 15:52:06,614 | ERROR | services.position_monitor | Error fetching positions: 
2026-01-28 15:52:21,914 | ERROR | services.position_monitor | Error fetching positions: 
2026-01-28 15:52:37,215 | ERROR | services.position_monitor | Error fetching positions: 
2026-01-28 15:52:52,503 | ERROR | services.position_monitor | Error fetching positions: 
2026-01-28 15:53:07,801 | ERROR | services.position_monitor | Error fetching positions: 
2026-01-28 15:53:23,097 | ERROR | services.position_monitor | Error fetching positions: 
2026-01-28 15:53:38,391 | ERROR | services.position_monitor | Error fetching positions: 
2026-01-28 15:53:53,692 | ERROR | services.position_monitor | Error fetching positions: 
2026-01-28 15:54:08,967 | ERROR | services.position_monitor | Error fetching positions: 
2026-01-28 15:54:24,251 | ERROR | services.position_monitor | Error fetching positions: 
2026-01-28 15:54:39,531 | ERROR | services.position_monitor | Error fetching positions: 
2026-01-28 15:54:54,819 | ERROR | services.position_monitor | Error fetching positions: 
2026-01-28 15:55:10,121 | ERROR | services.position_monitor | Error fetching positions: 
2026-01-28 15:55:25,416 | ERROR | services.position_monitor | Error fetching positions: 
2026-01-28 15:55:40,703 | ERROR | services.position_monitor | Error fetching positions: 
2026-01-28 15:55:55,989 | ERROR | services.position_monitor | Error fetching positions: 
2026-01-28 15:56:11,280 | ERROR | services.position_monitor | Error fetching positions: 
2026-01-28 15:56:26,580 | ERROR | services.position_monitor | Error fetching positions: 
2026-01-28 15:56:41,867 | ERROR | services.position_monitor | Error fetching positions: 
2026-01-28 15:56:57,157 | ERROR | services.position_monitor | Error fetching positions: 
2026-01-28 15:57:12,448 | ERROR | services.position_monitor | Error fetching positions: 
2026-01-28 15:57:27,737 | ERROR | services.position_monitor | Error fetching positions: 
2026-01-28 15:57:43,030 | ERROR | services.position_monitor | Error fetching positions: 
2026-01-28 15:57:58,319 | ERROR | services.position_monitor | Error fetching positions: 
2026-01-28 15:58:13,611 | ERROR | services.position_monitor | Error fetching positions: 
2026-01-28 15:58:28,900 | ERROR | services.position_monitor | Error fetching positions: 
2026-01-28 15:58:44,184 | ERROR | services.position_monitor | Error fetching positions: 
2026-01-28 15:58:59,473 | ERROR | services.position_monitor | Error fetching positions: 
2026-01-28 15:59:14,771 | ERROR | services.position_monitor | Error fetching positions: 
2026-01-28 15:59:30,063 | ERROR | services.position_monitor | Error fetching positions: 
2026-01-28 15:59:45,354 | ERROR | services.position_monitor | Error fetching positions: 
2026-01-28 16:00:00,631 | ERROR | services.position_monitor | Error fetching positions: 
2026-01-28 16:00:15,918 | ERROR | services.position_monitor | Error fetching positions: 
2026-01-28 16:00:31,209 | ERROR | services.position_monitor | Error fetching positions: 
2026-01-28 16:00:46,502 | ERROR | services.position_monitor | Error fetching positions: 
2026-01-28 16:01:01,782 | ERROR | services.position_monitor | Error fetching positions: 
2026-01-28 16:01:17,071 | ERROR | services.position_monitor | Error fetching positions: 
2026-01-28 16:01:32,354 | ERROR | services.position_monitor | Error fetching positions: 
2026-01-28 16:01:47,644 | ERROR | services.position_monitor | Error fetching positions: 
2026-01-28 16:02:02,938 | ERROR | services.position_monitor | Error fetching positions: 
2026-01-28 16:02:18,215 | ERROR | services.position_monitor | Error fetching positions: 
2026-01-28 16:02:33,516 | ERROR | services.position_monitor | Error fetching positions: 
2026-01-28 16:02:48,799 | ERROR | services.position_monitor | Error fetching positions: 
2026-01-28 16:03:04,098 | ERROR | services.position_monitor | Error fetching positions: 
2026-01-28 16:03:19,375 | ERROR | services.position_monitor | Error fetching positions: 
2026-01-28 16:03:34,667 | ERROR | services.position_monitor | Error fetching positions: 
2026-01-28 16:03:49,955 | ERROR | services.position_monitor | Error fetching positions: 
2026-01-28 16:04:05,236 | ERROR | services.position_monitor | Error fetching positions: 
2026-01-28 16:04:20,536 | ERROR | services.position_monitor | Error fetching positions: 
2026-01-28 16:04:35,828 | ERROR | services.position_monitor | Error fetching positions: 
2026-01-28 16:04:51,119 | ERROR | services.position_monitor | Error fetching positions: 
2026-01-28 16:05:06,413 | ERROR | services.position_monitor | Error fetching positions: 
2026-01-28 16:05:21,699 | ERROR | services.position_monitor | Error fetching positions: 
2026-01-28 16:05:36,980 | ERROR | services.position_monitor | Error fetching positions: 
2026-01-28 16:05:52,270 | ERROR | services.position_monitor | Error fetching positions: 
2026-01-28 16:06:07,556 | ERROR | services.position_monitor | Error fetching positions: 
2026-01-28 16:06:22,847 | ERROR | services.position_monitor | Error fetching positions: 
2026-01-28 16:06:38,127 | ERROR | services.position_monitor | Error fetching positions: 
2026-01-28 16:06:53,411 | ERROR | services.position_monitor | Error fetching positions: 
2026-01-28 16:07:08,695 | ERROR | services.position_monitor | Error fetching positions: 
2026-01-28 16:07:23,989 | ERROR | services.position_monitor | Error fetching positions: 
2026-01-28 16:07:39,280 | ERROR | services.position_monitor | Error fetching positions: 
2026-01-28 16:07:54,572 | ERROR | services.position_monitor | Error fetching positions: 
2026-01-28 16:08:09,844 | ERROR | services.position_monitor | Error fetching positions: 
2026-01-28 16:08:25,153 | ERROR | services.position_monitor | Error fetching positions: 
2026-01-28 16:08:40,433 | ERROR | services.position_monitor | Error fetching positions: 
2026-01-28 16:08:55,729 | ERROR | services.position_monitor | Error fetching positions: 
2026-01-28 16:09:11,021 | ERROR | services.position_monitor | Error fetching positions: 
2026-01-28 16:09:26,320 | ERROR | services.position_monitor | Error fetching positions: 
2026-01-28 16:09:41,616 | ERROR | services.position_monitor | Error fetching positions: 
2026-01-28 16:09:56,912 | ERROR | services.position_monitor | Error fetching positions: 
2026-01-28 16:10:12,189 | ERROR | services.position_monitor | Error fetching positions: 
2026-01-28 16:10:27,485 | ERROR | services.position_monitor | Error fetching positions: 
2026-01-28 16:10:42,771 | ERROR | services.position_monitor | Error fetching positions: 
2026-01-28 16:10:58,056 | ERROR | services.position_monitor | Error fetching positions: 
2026-01-28 16:11:13,338 | ERROR | services.position_monitor | Error fetching positions: 
2026-01-28 16:11:28,622 | ERROR | services.position_monitor | Error fetching positions: 
2026-01-28 16:11:43,896 | ERROR | services.position_monitor | Error fetching positions: 
2026-01-28 16:11:59,199 | ERROR | services.position_monitor | Error fetching positions: 
2026-01-28 16:12:14,477 | ERROR | services.position_monitor | Error fetching positions: 
2026-01-28 16:12:29,768 | ERROR | services.position_monitor | Error fetching positions: 
2026-01-28 16:12:45,063 | ERROR | services.position_monitor | Error fetching positions: 
2026-01-28 16:13:00,340 | ERROR | services.position_monitor | Error fetching positions: 
2026-01-28 16:13:15,626 | ERROR | services.position_monitor | Error fetching positions: 
2026-01-28 16:13:30,909 | ERROR | services.position_monitor | Error fetching positions: 
2026-01-28 16:13:46,202 | ERROR | services.position_monitor | Error fetching positions: 
2026-01-28 16:14:01,490 | ERROR | services.position_monitor | Error fetching positions: 
2026-01-28 16:14:16,787 | ERROR | services.position_monitor | Error fetching positions: 
2026-01-28 16:14:32,078 | ERROR | services.position_monitor | Error fetching positions: 
2026-01-28 16:14:47,369 | ERROR | services.position_monitor | Error fetching positions: 
2026-01-28 16:15:02,671 | ERROR | services.position_monitor | Error fetching positions: 
2026-01-28 16:15:17,958 | ERROR | services.position_monitor | Error fetching positions: 
2026-01-28 16:15:33,253 | ERROR | services.position_monitor | Error fetching positions: 
2026-01-28 16:15:48,547 | ERROR | services.position_monitor | Error fetching positions: 
2026-01-28 16:16:03,836 | ERROR | services.position_monitor | Error fetching positions: 
2026-01-28 16:16:19,137 | ERROR | services.position_monitor | Error fetching positions: 
2026-01-28 16:16:34,431 | ERROR | services.position_monitor | Error fetching positions: 
2026-01-28 16:16:49,722 | ERROR | services.position_monitor | Error fetching positions: 
2026-01-28 16:17:05,020 | ERROR | services.position_monitor | Error fetching positions: 
2026-01-28 16:17:20,306 | ERROR | services.position_monitor | Error fetching positions: 
2026-01-28 16:17:35,594 | ERROR | services.position_monitor | Error fetching positions: 
2026-01-28 16:17:50,862 | ERROR | services.position_monitor | Error fetching positions: 
2026-01-28 16:18:06,145 | ERROR | services.position_monitor | Error fetching positions: 
2026-01-28 16:18:21,435 | ERROR | services.position_monitor | Error fetching positions: 
2026-01-28 16:18:36,720 | ERROR | services.position_monitor | Error fetching positions: 
2026-01-28 16:18:52,016 | ERROR | services.position_monitor | Error fetching positions: 
2026-01-28 16:19:07,293 | ERROR | services.position_monitor | Error fetching positions: 
2026-01-28 16:19:22,587 | ERROR | services.position_monitor | Error fetching positions: 
2026-01-28 16:19:37,880 | ERROR | services.position_monitor | Error fetching positions: 
2026-01-28 16:19:53,164 | ERROR | services.position_monitor | Error fetching positions: 
2026-01-28 16:20:08,456 | ERROR | services.position_monitor | Error fetching positions: 
2026-01-28 16:20:23,749 | ERROR | services.position_monitor | Error fetching positions: 
2026-01-28 16:20:39,044 | ERROR | services.position_monitor | Error fetching positions: 
2026-01-28 16:20:54,332 | ERROR | services.position_monitor | Error fetching positions: 
2026-01-28 16:21:09,611 | ERROR | services.position_monitor | Error fetching positions: 
2026-01-28 16:21:24,897 | ERROR | services.position_monitor | Error fetching positions: 
2026-01-28 16:21:40,176 | ERROR | services.position_monitor | Error fetching positions: 
2026-01-28 16:21:55,470 | ERROR | services.position_monitor | Error fetching positions: 
2026-01-28 16:22:10,760 | ERROR | services.position_monitor | Error fetching positions: 
2026-01-28 16:22:26,045 | ERROR | services.position_monitor | Error fetching positions: 
2026-01-28 16:22:41,324 | ERROR | services.position_monitor | Error fetching positions: 
2026-01-28 16:22:56,618 | ERROR | services.position_monitor | Error fetching positions: 
2026-01-28 16:23:11,922 | ERROR | services.position_monitor | Error fetching positions: 
2026-01-28 16:23:27,199 | ERROR | services.position_monitor | Error fetching positions: 
2026-01-28 16:23:42,483 | ERROR | services.position_monitor | Error fetching positions: 
2026-01-28 16:23:57,760 | ERROR | services.position_monitor | Error fetching positions: 
2026-01-28 16:24:13,050 | ERROR | services.position_monitor | Error fetching positions: 
2026-01-28 16:24:28,336 | ERROR | services.position_monitor | Error fetching positions: 
2026-01-28 16:24:43,631 | ERROR | services.position_monitor | Error fetching positions: 
2026-01-28 16:24:58,899 | ERROR | services.position_monitor | Error fetching positions: 
2026-01-28 16:25:14,185 | ERROR | services.position_monitor | Error fetching positions: 
2026-01-28 16:25:29,478 | ERROR | services.position_monitor | Error fetching positions: 
2026-01-28 16:25:44,758 | ERROR | services.position_monitor | Error fetching positions: 
2026-01-28 16:26:00,042 | ERROR | services.position_monitor | Error fetching positions: 
2026-01-28 16:26:15,344 | ERROR | services.position_monitor | Error fetching positions: 
2026-01-28 16:26:30,626 | ERROR | services.position_monitor | Error fetching positions: 
2026-01-28 16:26:45,918 | ERROR | services.position_monitor | Error fetching positions: 
2026-01-28 16:27:01,209 | ERROR | services.position_monitor | Error fetching positions: 
2026-01-28 16:27:16,496 | ERROR | services.position_monitor | Error fetching positions: 
2026-01-28 16:27:31,771 | ERROR | services.position_monitor | Error fetching positions: 
2026-01-28 16:27:47,060 | ERROR | services.position_monitor | Error fetching positions: 
2026-01-28 16:28:02,341 | ERROR | services.position_monitor | Error fetching positions: 
2026-01-28 16:28:17,631 | ERROR | services.position_monitor | Error fetching positions: 
2026-01-28 16:28:32,929 | ERROR | services.position_monitor | Error fetching positions: 
2026-01-28 16:28:48,229 | ERROR | services.position_monitor | Error fetching positions: 
2026-01-28 16:29:03,509 | ERROR | services.position_monitor | Error fetching positions: 
2026-01-28 16:29:18,783 | ERROR | services.position_monitor | Error fetching positions: 
2026-01-28 16:29:34,067 | ERROR | services.position_monitor | Error fetching positions: 
2026-01-28 16:29:49,363 | ERROR | services.position_monitor | Error fetching positions: 
2026-01-28 16:30:04,659 | ERROR | services.position_monitor | Error fetching positions: 
2026-01-28 16:30:19,952 | ERROR | services.position_monitor | Error fetching positions: 
2026-01-28 16:30:35,247 | ERROR | services.position_monitor | Error fetching positions: 
2026-01-28 16:30:50,533 | ERROR | services.position_monitor | Error fetching positions: 
2026-01-28 16:31:05,816 | ERROR | services.position_monitor | Error fetching positions: 
2026-01-28 16:31:21,105 | ERROR | services.position_monitor | Error fetching positions: 
2026-01-28 16:31:36,397 | ERROR | services.position_monitor | Error fetching positions: 
2026-01-28 16:31:51,668 | ERROR | services.position_monitor | Error fetching positions: 
2026-01-28 16:32:06,962 | ERROR | services.position_monitor | Error fetching positions: 
2026-01-28 16:32:22,249 | ERROR | services.position_monitor | Error fetching positions: 
2026-01-28 16:32:37,540 | ERROR | services.position_monitor | Error fetching positions: 
2026-01-28 16:32:52,834 | ERROR | services.position_monitor | Error fetching positions: 
2026-01-28 16:33:08,122 | ERROR | services.position_monitor | Error fetching positions: 
2026-01-28 16:33:23,411 | ERROR | services.position_monitor | Error fetching positions: 
2026-01-28 16:33:38,699 | ERROR | services.position_monitor | Error fetching positions: 
2026-01-28 16:33:53,987 | ERROR | services.position_monitor | Error fetching positions: 
2026-01-28 16:34:09,276 | ERROR | services.position_monitor | Error fetching positions: 
2026-01-28 16:34:24,567 | ERROR | services.position_monitor | Error fetching positions: 
2026-01-28 16:34:39,853 | ERROR | services.position_monitor | Error fetching positions: 
2026-01-28 16:34:55,135 | ERROR | services.position_monitor | Error fetching positions: 
2026-01-28 16:35:10,424 | ERROR | services.position_monitor | Error fetching positions: 
2026-01-28 16:35:25,726 | ERROR | services.position_monitor | Error fetching positions: 
2026-01-28 16:35:41,013 | ERROR | services.position_monitor | Error fetching positions: 
2026-01-28 16:35:56,316 | ERROR | services.position_monitor | Error fetching positions: 
2026-01-28 16:36:11,614 | ERROR | services.position_monitor | Error fetching positions: 
2026-01-28 16:36:26,915 | ERROR | services.position_monitor | Error fetching positions: 
2026-01-28 16:36:42,217 | ERROR | services.position_monitor | Error fetching positions: 
2026-01-28 16:36:57,512 | ERROR | services.position_monitor | Error fetching positions: 
2026-01-28 16:37:12,800 | ERROR | services.position_monitor | Error fetching positions: 
2026-01-28 16:37:28,087 | ERROR | services.position_monitor | Error fetching positions: 
2026-01-28 16:37:43,376 | ERROR | services.position_monitor | Error fetching positions: 
2026-01-28 16:37:58,674 | ERROR | services.position_monitor | Error fetching positions: 
2026-01-28 16:38:13,966 | ERROR | services.position_monitor | Error fetching positions: 
2026-01-28 16:38:29,262 | ERROR | services.position_monitor | Error fetching positions: 
2026-01-28 16:38:44,551 | ERROR | services.position_monitor | Error fetching positions: 
2026-01-28 16:38:59,835 | ERROR | services.position_monitor | Error fetching positions: 
2026-01-28 16:39:15,135 | ERROR | services.position_monitor | Error fetching positions: 
2026-01-28 16:39:30,423 | ERROR | services.position_monitor | Error fetching positions: 
2026-01-28 16:39:45,721 | ERROR | services.position_monitor | Error fetching positions: 
2026-01-28 16:40:01,001 | ERROR | services.position_monitor | Error fetching positions: 
2026-01-28 16:40:16,304 | ERROR | services.position_monitor | Error fetching positions: 
2026-01-28 16:40:31,589 | ERROR | services.position_monitor | Error fetching positions: 
2026-01-28 16:40:46,876 | ERROR | services.position_monitor | Error fetching positions: 
2026-01-28 16:41:02,169 | ERROR | services.position_monitor | Error fetching positions: 
2026-01-28 16:41:17,456 | ERROR | services.position_monitor | Error fetching positions: 
2026-01-28 16:41:32,741 | ERROR | services.position_monitor | Error fetching positions: 
2026-01-28 16:41:48,038 | ERROR | services.position_monitor | Error fetching positions: 
2026-01-28 16:42:03,329 | ERROR | services.position_monitor | Error fetching positions: 
2026-01-28 16:42:18,617 | ERROR | services.position_monitor | Error fetching positions: 
2026-01-28 16:42:33,894 | ERROR | services.position_monitor | Error fetching positions: 
2026-01-28 16:42:49,179 | ERROR | services.position_monitor | Error fetching positions: 
2026-01-28 16:43:04,471 | ERROR | services.position_monitor | Error fetching positions: 
2026-01-28 16:43:19,754 | ERROR | services.position_monitor | Error fetching positions: 
2026-01-28 16:43:35,050 | ERROR | services.position_monitor | Error fetching positions: 
2026-01-28 16:43:50,336 | ERROR | services.position_monitor | Error fetching positions: 
2026-01-28 16:44:05,631 | ERROR | services.position_monitor | Error fetching positions: 
2026-01-28 16:44:20,912 | ERROR | services.position_monitor | Error fetching positions: 
2026-01-28 16:44:36,211 | ERROR | services.position_monitor | Error fetching positions: 
2026-01-28 16:44:51,502 | ERROR | services.position_monitor | Error fetching positions: 
2026-01-28 16:45:06,780 | ERROR | services.position_monitor | Error fetching positions: 
2026-01-28 16:45:22,068 | ERROR | services.position_monitor | Error fetching positions: 
2026-01-28 16:45:37,364 | ERROR | services.position_monitor | Error fetching positions: 
2026-01-28 16:45:52,651 | ERROR | services.position_monitor | Error fetching positions: 
2026-01-28 16:46:07,935 | ERROR | services.position_monitor | Error fetching positions: 
2026-01-28 16:46:23,235 | ERROR | services.position_monitor | Error fetching positions: 
2026-01-28 16:46:38,510 | ERROR | services.position_monitor | Error fetching positions: 
2026-01-28 16:46:53,801 | ERROR | services.position_monitor | Error fetching positions: 
2026-01-28 16:47:09,091 | ERROR | services.position_monitor | Error fetching positions: 
2026-01-28 16:47:24,375 | ERROR | services.position_monitor | Error fetching positions: 
2026-01-28 16:47:39,667 | ERROR | services.position_monitor | Error fetching positions: 
2026-01-28 16:47:54,957 | ERROR | services.position_monitor | Error fetching positions: 
2026-01-28 16:48:10,235 | ERROR | services.position_monitor | Error fetching positions: 
2026-01-28 16:48:25,528 | ERROR | services.position_monitor | Error fetching positions: 
2026-01-28 16:48:40,813 | ERROR | services.position_monitor | Error fetching positions: 
2026-01-28 16:48:56,103 | ERROR | services.position_monitor | Error fetching positions: 
2026-01-28 16:49:11,401 | ERROR | services.position_monitor | Error fetching positions: 
2026-01-28 16:49:26,683 | ERROR | services.position_monitor | Error fetching positions: 
2026-01-28 16:49:41,972 | ERROR | services.position_monitor | Error fetching positions: 
2026-01-28 16:49:57,259 | ERROR | services.position_monitor | Error fetching positions: 
2026-01-28 16:50:12,550 | ERROR | services.position_monitor | Error fetching positions: 
2026-01-28 16:50:27,839 | ERROR | services.position_monitor | Error fetching positions: 
2026-01-28 16:50:43,129 | ERROR | services.position_monitor | Error fetching positions: 
2026-01-28 16:50:58,407 | ERROR | services.position_monitor | Error fetching positions: 
2026-01-28 16:51:13,680 | ERROR | services.position_monitor | Error fetching positions: 
2026-01-28 16:51:28,968 | ERROR | services.position_monitor | Error fetching positions: 
2026-01-28 16:51:44,268 | ERROR | services.position_monitor | Error fetching positions: 
2026-01-28 16:51:59,548 | ERROR | services.position_monitor | Error fetching positions: 
2026-01-28 16:52:14,824 | ERROR | services.position_monitor | Error fetching positions: 
2026-01-28 16:52:30,115 | ERROR | services.position_monitor | Error fetching positions: 
2026-01-28 16:52:45,417 | ERROR | services.position_monitor | Error fetching positions: 
2026-01-28 16:53:00,712 | ERROR | services.position_monitor | Error fetching positions: 
2026-01-28 16:53:16,004 | ERROR | services.position_monitor | Error fetching positions: 
2026-01-28 16:53:31,293 | ERROR | services.position_monitor | Error fetching positions: 
2026-01-28 16:53:46,575 | ERROR | services.position_monitor | Error fetching positions: 
2026-01-28 16:54:01,851 | ERROR | services.position_monitor | Error fetching positions: 
2026-01-28 16:54:17,137 | ERROR | services.position_monitor | Error fetching positions: 
2026-01-28 16:54:32,427 | ERROR | services.position_monitor | Error fetching positions: 
2026-01-28 16:54:47,713 | ERROR | services.position_monitor | Error fetching positions: 
2026-01-28 16:55:03,005 | ERROR | services.position_monitor | Error fetching positions: 
2026-01-28 16:55:18,302 | ERROR | services.position_monitor | Error fetching positions: 
2026-01-28 16:55:33,589 | ERROR | services.position_monitor | Error fetching positions: 
2026-01-28 16:55:48,871 | ERROR | services.position_monitor | Error fetching positions: 
2026-01-28 16:56:04,153 | ERROR | services.position_monitor | Error fetching positions: 
2026-01-28 16:56:19,444 | ERROR | services.position_monitor | Error fetching positions: 
2026-01-28 16:56:34,710 | ERROR | services.position_monitor | Error fetching positions: 
2026-01-28 16:56:50,002 | ERROR | services.position_monitor | Error fetching positions: 
2026-01-28 16:57:05,292 | ERROR | services.position_monitor | Error fetching positions: 
2026-01-28 16:57:20,577 | ERROR | services.position_monitor | Error fetching positions: 
2026-01-28 16:57:35,879 | ERROR | services.position_monitor | Error fetching positions: 
2026-01-28 16:57:51,167 | ERROR | services.position_monitor | Error fetching positions: 
2026-01-28 16:58:06,454 | ERROR | services.position_monitor | Error fetching positions: 
2026-01-28 16:58:21,742 | ERROR | services.position_monitor | Error fetching positions: 
2026-01-28 16:58:37,027 | ERROR | services.position_monitor | Error fetching positions: 
2026-01-28 16:58:52,322 | ERROR | services.position_monitor | Error fetching positions: 
2026-01-28 16:59:07,616 | ERROR | services.position_monitor | Error fetching positions: 
2026-01-28 16:59:22,911 | ERROR | services.position_monitor | Error fetching positions: 
2026-01-28 16:59:38,191 | ERROR | services.position_monitor | Error fetching positions: 
2026-01-28 16:59:53,478 | ERROR | services.position_monitor | Error fetching positions: 
2026-01-28 17:00:08,749 | ERROR | services.position_monitor | Error fetching positions: 
2026-01-28 17:00:24,040 | ERROR | services.position_monitor | Error fetching positions: 
2026-01-28 17:00:39,324 | ERROR | services.position_monitor | Error fetching positions: 
2026-01-28 17:00:54,593 | ERROR | services.position_monitor | Error fetching positions: 
2026-01-28 17:01:09,892 | ERROR | services.position_monitor | Error fetching positions: 
2026-01-28 17:01:25,190 | ERROR | services.position_monitor | Error fetching positions: 
2026-01-28 17:01:40,480 | ERROR | services.position_monitor | Error fetching positions: 
2026-01-28 17:01:55,768 | ERROR | services.position_monitor | Error fetching positions: 
2026-01-28 17:02:11,063 | ERROR | services.position_monitor | Error fetching positions: 
2026-01-28 17:02:26,347 | ERROR | services.position_monitor | Error fetching positions: 
2026-01-28 17:02:41,634 | ERROR | services.position_monitor | Error fetching positions: 
2026-01-28 17:02:56,918 | ERROR | services.position_monitor | Error fetching positions: 
2026-01-28 17:03:12,202 | ERROR | services.position_monitor | Error fetching positions: 
2026-01-28 17:03:27,498 | ERROR | services.position_monitor | Error fetching positions: 
2026-01-28 17:03:42,789 | ERROR | services.position_monitor | Error fetching positions: 
2026-01-28 17:03:58,094 | ERROR | services.position_monitor | Error fetching positions: 
2026-01-28 17:04:13,383 | ERROR | services.position_monitor | Error fetching positions: 
2026-01-28 17:04:28,677 | ERROR | services.position_monitor | Error fetching positions: 
2026-01-28 17:04:43,955 | ERROR | services.position_monitor | Error fetching positions: 
2026-01-28 17:04:59,243 | ERROR | services.position_monitor | Error fetching positions: 
2026-01-28 17:05:14,543 | ERROR | services.position_monitor | Error fetching positions: 
2026-01-28 17:05:29,833 | ERROR | services.position_monitor | Error fetching positions: 
2026-01-28 17:05:45,127 | ERROR | services.position_monitor | Error fetching positions: 
2026-01-28 17:06:00,418 | ERROR | services.position_monitor | Error fetching positions: 
2026-01-28 17:06:15,707 | ERROR | services.position_monitor | Error fetching positions: 
2026-01-28 17:06:31,001 | ERROR | services.position_monitor | Error fetching positions: 
2026-01-28 17:06:46,300 | ERROR | services.position_monitor | Error fetching positions: 
2026-01-28 17:07:01,583 | ERROR | services.position_monitor | Error fetching positions: 
2026-01-28 17:07:16,886 | ERROR | services.position_monitor | Error fetching positions: 
2026-01-28 17:07:32,180 | ERROR | services.position_monitor | Error fetching positions: 
2026-01-28 17:07:47,464 | ERROR | services.position_monitor | Error fetching positions: 
2026-01-28 17:08:02,759 | ERROR | services.position_monitor | Error fetching positions: 
2026-01-28 17:08:18,054 | ERROR | services.position_monitor | Error fetching positions: 
2026-01-28 17:08:33,352 | ERROR | services.position_monitor | Error fetching positions: 
2026-01-28 17:08:48,639 | ERROR | services.position_monitor | Error fetching positions: 
2026-01-28 17:09:03,931 | ERROR | services.position_monitor | Error fetching positions: 
2026-01-28 17:09:19,209 | ERROR | services.position_monitor | Error fetching positions: 
2026-01-28 17:09:34,510 | ERROR | services.position_monitor | Error fetching positions: 
2026-01-28 17:09:49,796 | ERROR | services.position_monitor | Error fetching positions: 
2026-01-28 17:10:05,097 | ERROR | services.position_monitor | Error fetching positions: 
2026-01-28 17:10:20,427 | ERROR | services.position_monitor | Error fetching positions: 
2026-01-28 17:10:35,780 | ERROR | services.position_monitor | Error fetching positions: 
2026-01-28 17:10:51,058 | ERROR | services.position_monitor | Error fetching positions: 
2026-01-28 17:11:06,352 | ERROR | services.position_monitor | Error fetching positions: 
2026-01-28 17:11:21,639 | ERROR | services.position_monitor | Error fetching positions: 
2026-01-28 17:11:36,939 | ERROR | services.position_monitor | Error fetching positions: 
2026-01-28 17:11:52,226 | ERROR | services.position_monitor | Error fetching positions: 
2026-01-28 17:12:07,520 | ERROR | services.position_monitor | Error fetching positions: 
2026-01-28 17:12:22,819 | ERROR | services.position_monitor | Error fetching positions: 
2026-01-28 17:12:38,112 | ERROR | services.position_monitor | Error fetching positions: 
2026-01-28 17:12:53,405 | ERROR | services.position_monitor | Error fetching positions: 
2026-01-28 17:13:08,700 | ERROR | services.position_monitor | Error fetching positions: 
2026-01-28 17:13:23,991 | ERROR | services.position_monitor | Error fetching positions: 
2026-01-28 17:13:39,271 | ERROR | services.position_monitor | Error fetching positions: 
2026-01-28 17:13:54,568 | ERROR | services.position_monitor | Error fetching positions: 
2026-01-28 17:14:09,852 | ERROR | services.position_monitor | Error fetching positions: 
2026-01-28 17:14:25,136 | ERROR | services.position_monitor | Error fetching positions: 
2026-01-28 17:14:40,421 | ERROR | services.position_monitor | Error fetching positions: 
2026-01-28 17:14:55,709 | ERROR | services.position_monitor | Error fetching positions: 
2026-01-28 17:15:10,997 | ERROR | services.position_monitor | Error fetching positions: 
2026-01-28 17:15:26,285 | ERROR | services.position_monitor | Error fetching positions: 
2026-01-28 17:15:41,566 | ERROR | services.position_monitor | Error fetching positions: 
2026-01-28 17:15:56,863 | ERROR | services.position_monitor | Error fetching positions: 
2026-01-28 17:16:12,152 | ERROR | services.position_monitor | Error fetching positions: 
2026-01-28 17:16:27,443 | ERROR | services.position_monitor | Error fetching positions: 
2026-01-28 17:16:42,735 | ERROR | services.position_monitor | Error fetching positions: 
2026-01-28 17:16:58,019 | ERROR | services.position_monitor | Error fetching positions: 
2026-01-28 17:17:13,313 | ERROR | services.position_monitor | Error fetching positions: 
2026-01-28 17:17:28,600 | ERROR | services.position_monitor | Error fetching positions: 
2026-01-28 17:17:43,883 | ERROR | services.position_monitor | Error fetching positions: 
2026-01-28 17:17:59,161 | ERROR | services.position_monitor | Error fetching positions: 
2026-01-28 17:18:14,452 | ERROR | services.position_monitor | Error fetching positions: 
2026-01-28 17:18:29,738 | ERROR | services.position_monitor | Error fetching positions: 
2026-01-28 17:18:45,014 | ERROR | services.position_monitor | Error fetching positions: 
2026-01-28 17:19:00,308 | ERROR | services.position_monitor | Error fetching positions: 
2026-01-28 17:19:15,596 | ERROR | services.position_monitor | Error fetching positions: 
2026-01-28 17:19:30,894 | ERROR | services.position_monitor | Error fetching positions: 
2026-01-28 17:19:46,184 | ERROR | services.position_monitor | Error fetching positions: 
2026-01-28 17:20:01,484 | ERROR | services.position_monitor | Error fetching positions: 
2026-01-28 17:20:16,773 | ERROR | services.position_monitor | Error fetching positions: 
2026-01-28 17:20:32,072 | ERROR | services.position_monitor | Error fetching positions: 
2026-01-28 17:20:47,349 | ERROR | services.position_monitor | Error fetching positions: 
2026-01-28 17:21:02,633 | ERROR | services.position_monitor | Error fetching positions: 
2026-01-28 17:21:17,926 | ERROR | services.position_monitor | Error fetching positions: 
2026-01-28 17:21:33,213 | ERROR | services.position_monitor | Error fetching positions: 
2026-01-28 17:21:48,492 | ERROR | services.position_monitor | Error fetching positions: 
2026-01-28 17:22:03,782 | ERROR | services.position_monitor | Error fetching positions: 
2026-01-28 17:22:19,070 | ERROR | services.position_monitor | Error fetching positions: 
2026-01-28 17:22:34,358 | ERROR | services.position_monitor | Error fetching positions: 
2026-01-28 17:22:49,633 | ERROR | services.position_monitor | Error fetching positions: 
2026-01-28 17:23:04,913 | ERROR | services.position_monitor | Error fetching positions: 
2026-01-28 17:23:20,191 | ERROR | services.position_monitor | Error fetching positions: 
2026-01-28 17:23:35,475 | ERROR | services.position_monitor | Error fetching positions: 
2026-01-28 17:23:50,763 | ERROR | services.position_monitor | Error fetching positions: 
2026-01-28 17:24:06,049 | ERROR | services.position_monitor | Error fetching positions: 
2026-01-28 17:24:21,344 | ERROR | services.position_monitor | Error fetching positions: 
2026-01-28 17:24:36,632 | ERROR | services.position_monitor | Error fetching positions: 
2026-01-28 17:24:51,927 | ERROR | services.position_monitor | Error fetching positions: 
2026-01-28 17:25:07,217 | ERROR | services.position_monitor | Error fetching positions: 
2026-01-28 17:25:22,507 | ERROR | services.position_monitor | Error fetching positions: 
2026-01-28 17:25:37,805 | ERROR | services.position_monitor | Error fetching positions: 
2026-01-28 17:25:53,084 | ERROR | services.position_monitor | Error fetching positions: 
2026-01-28 17:26:08,377 | ERROR | services.position_monitor | Error fetching positions: 
2026-01-28 17:26:23,679 | ERROR | services.position_monitor | Error fetching positions: 
2026-01-28 17:26:38,973 | ERROR | services.position_monitor | Error fetching positions: 
2026-01-28 17:26:54,269 | ERROR | services.position_monitor | Error fetching positions: 
2026-01-28 17:27:09,565 | ERROR | services.position_monitor | Error fetching positions: 
2026-01-28 17:27:24,850 | ERROR | services.position_monitor | Error fetching positions: 
2026-01-28 17:27:40,146 | ERROR | services.position_monitor | Error fetching positions: 
2026-01-28 17:27:55,436 | ERROR | services.position_monitor | Error fetching positions: 
2026-01-28 17:28:10,735 | ERROR | services.position_monitor | Error fetching positions: 
2026-01-28 17:28:26,030 | ERROR | services.position_monitor | Error fetching positions: 
2026-01-28 17:28:41,312 | ERROR | services.position_monitor | Error fetching positions: 
2026-01-28 17:28:56,595 | ERROR | services.position_monitor | Error fetching positions: 
2026-01-28 17:29:11,884 | ERROR | services.position_monitor | Error fetching positions: 
2026-01-28 17:29:27,173 | ERROR | services.position_monitor | Error fetching positions: 
2026-01-28 17:29:42,477 | ERROR | services.position_monitor | Error fetching positions: 
2026-01-28 17:29:57,771 | ERROR | services.position_monitor | Error fetching positions: 
2026-01-28 17:30:13,055 | ERROR | services.position_monitor | Error fetching positions: 
2026-01-28 17:30:28,343 | ERROR | services.position_monitor | Error fetching positions: 
2026-01-28 17:30:43,635 | ERROR | services.position_monitor | Error fetching positions: 
2026-01-28 17:30:58,935 | ERROR | services.position_monitor | Error fetching positions: 
2026-01-28 17:31:14,233 | ERROR | services.position_monitor | Error fetching positions: 
2026-01-28 17:31:29,536 | ERROR | services.position_monitor | Error fetching positions: 
2026-01-28 17:31:44,820 | ERROR | services.position_monitor | Error fetching positions: 
2026-01-28 17:32:00,112 | ERROR | services.position_monitor | Error fetching positions: 
2026-01-28 17:32:15,401 | ERROR | services.position_monitor | Error fetching positions: 
2026-01-28 17:32:30,693 | ERROR | services.position_monitor | Error fetching positions: 
2026-01-28 17:32:45,982 | ERROR | services.position_monitor | Error fetching positions: 
2026-01-28 17:33:01,259 | ERROR | services.position_monitor | Error fetching positions: 
2026-01-28 17:33:16,543 | ERROR | services.position_monitor | Error fetching positions: 
2026-01-28 17:33:31,835 | ERROR | services.position_monitor | Error fetching positions: 
2026-01-28 17:33:47,123 | ERROR | services.position_monitor | Error fetching positions: 
2026-01-28 17:34:02,417 | ERROR | services.position_monitor | Error fetching positions: 
2026-01-28 17:34:17,719 | ERROR | services.position_monitor | Error fetching positions: 
2026-01-28 17:34:33,006 | ERROR | services.position_monitor | Error fetching positions: 
2026-01-28 17:34:48,293 | ERROR | services.position_monitor | Error fetching positions: 
2026-01-28 17:35:03,570 | ERROR | services.position_monitor | Error fetching positions: 
2026-01-28 17:35:18,871 | ERROR | services.position_monitor | Error fetching positions: 
2026-01-28 17:35:34,164 | ERROR | services.position_monitor | Error fetching positions: 
2026-01-28 17:35:49,452 | ERROR | services.position_monitor | Error fetching positions: 
2026-01-28 17:36:04,751 | ERROR | services.position_monitor | Error fetching positions: 
2026-01-28 17:36:20,051 | ERROR | services.position_monitor | Error fetching positions: 
2026-01-28 17:36:35,329 | ERROR | services.position_monitor | Error fetching positions: 
2026-01-28 17:36:50,620 | ERROR | services.position_monitor | Error fetching positions: 
2026-01-28 17:37:05,900 | ERROR | services.position_monitor | Error fetching positions: 
2026-01-28 17:37:21,190 | ERROR | services.position_monitor | Error fetching positions: 
2026-01-28 17:37:36,491 | ERROR | services.position_monitor | Error fetching positions: 
2026-01-28 17:37:51,763 | ERROR | services.position_monitor | Error fetching positions: 
2026-01-28 17:38:07,034 | ERROR | services.position_monitor | Error fetching positions: 
2026-01-28 17:38:22,322 | ERROR | services.position_monitor | Error fetching positions: 
2026-01-28 17:38:37,615 | ERROR | services.position_monitor | Error fetching positions: 
2026-01-28 17:38:52,906 | ERROR | services.position_monitor | Error fetching positions: 
2026-01-28 17:39:08,195 | ERROR | services.position_monitor | Error fetching positions: 
2026-01-28 17:39:23,491 | ERROR | services.position_monitor | Error fetching positions: 
2026-01-28 17:39:38,771 | ERROR | services.position_monitor | Error fetching positions: 
2026-01-28 17:39:54,074 | ERROR | services.position_monitor | Error fetching positions: 
2026-01-28 17:40:09,360 | ERROR | services.position_monitor | Error fetching positions: 
2026-01-28 17:40:24,640 | ERROR | services.position_monitor | Error fetching positions: 
2026-01-28 17:40:39,934 | ERROR | services.position_monitor | Error fetching positions: 
2026-01-28 17:40:55,215 | ERROR | services.position_monitor | Error fetching positions: 
2026-01-28 17:41:10,502 | ERROR | services.position_monitor | Error fetching positions: 
2026-01-28 17:41:25,782 | ERROR | services.position_monitor | Error fetching positions: 
2026-01-28 17:41:41,067 | ERROR | services.position_monitor | Error fetching positions: 
2026-01-28 17:41:56,370 | ERROR | services.position_monitor | Error fetching positions: 
2026-01-28 17:42:11,634 | ERROR | services.position_monitor | Error fetching positions: 
2026-01-28 17:42:26,917 | ERROR | services.position_monitor | Error fetching positions: 
2026-01-28 17:42:42,203 | ERROR | services.position_monitor | Error fetching positions: 
2026-01-28 17:42:57,494 | ERROR | services.position_monitor | Error fetching positions: 
2026-01-28 17:43:12,780 | ERROR | services.position_monitor | Error fetching positions: 
2026-01-28 17:43:28,062 | ERROR | services.position_monitor | Error fetching positions: 
2026-01-28 17:43:43,338 | ERROR | services.position_monitor | Error fetching positions: 
2026-01-28 17:43:58,632 | ERROR | services.position_monitor | Error fetching positions: 
2026-01-28 17:44:13,925 | ERROR | services.position_monitor | Error fetching positions: 
2026-01-28 17:44:29,215 | ERROR | services.position_monitor | Error fetching positions: 
2026-01-28 17:44:44,501 | ERROR | services.position_monitor | Error fetching positions: 
2026-01-28 17:44:59,785 | ERROR | services.position_monitor | Error fetching positions: 
2026-01-28 17:45:15,070 | ERROR | services.position_monitor | Error fetching positions: 
2026-01-28 17:45:30,368 | ERROR | services.position_monitor | Error fetching positions: 
2026-01-28 17:45:45,670 | ERROR | services.position_monitor | Error fetching positions: 
2026-01-28 17:46:00,954 | ERROR | services.position_monitor | Error fetching positions: 
2026-01-28 17:46:16,239 | ERROR | services.position_monitor | Error fetching positions: 
2026-01-28 17:46:31,522 | ERROR | services.position_monitor | Error fetching positions: 
2026-01-28 17:46:46,826 | ERROR | services.position_monitor | Error fetching positions: 
2026-01-28 17:47:02,116 | ERROR | services.position_monitor | Error fetching positions: 
2026-01-28 17:47:17,403 | ERROR | services.position_monitor | Error fetching positions: 
2026-01-28 17:47:32,706 | ERROR | services.position_monitor | Error fetching positions: 
2026-01-28 17:47:47,988 | ERROR | services.position_monitor | Error fetching positions: 
2026-01-28 17:48:03,273 | ERROR | services.position_monitor | Error fetching positions: 
2026-01-28 17:48:18,538 | ERROR | services.position_monitor | Error fetching positions: 
2026-01-28 17:48:33,822 | ERROR | services.position_monitor | Error fetching positions: 
2026-01-28 17:48:49,111 | ERROR | services.position_monitor | Error fetching positions: 
2026-01-28 17:49:04,397 | ERROR | services.position_monitor | Error fetching positions: 
2026-01-28 17:49:19,686 | ERROR | services.position_monitor | Error fetching positions: 
2026-01-28 17:49:34,980 | ERROR | services.position_monitor | Error fetching positions: 
2026-01-28 17:49:50,284 | ERROR | services.position_monitor | Error fetching positions: 
2026-01-28 17:50:05,573 | ERROR | services.position_monitor | Error fetching positions: 
2026-01-28 17:50:20,866 | ERROR | services.position_monitor | Error fetching positions: 
2026-01-28 17:50:36,162 | ERROR | services.position_monitor | Error fetching positions: 
2026-01-28 17:50:51,459 | ERROR | services.position_monitor | Error fetching positions: 
2026-01-28 17:51:06,744 | ERROR | services.position_monitor | Error fetching positions: 
2026-01-28 17:51:22,015 | ERROR | services.position_monitor | Error fetching positions: 
2026-01-28 17:51:37,312 | ERROR | services.position_monitor | Error fetching positions: 
2026-01-28 17:51:52,603 | ERROR | services.position_monitor | Error fetching positions: 
2026-01-28 17:52:07,882 | ERROR | services.position_monitor | Error fetching positions: 
2026-01-28 17:52:23,152 | ERROR | services.position_monitor | Error fetching positions: 
2026-01-28 17:52:38,442 | ERROR | services.position_monitor | Error fetching positions: 
2026-01-28 17:52:53,731 | ERROR | services.position_monitor | Error fetching positions: 
2026-01-28 17:53:09,020 | ERROR | services.position_monitor | Error fetching positions: 
2026-01-28 17:53:24,314 | ERROR | services.position_monitor | Error fetching positions: 
2026-01-28 17:53:39,600 | ERROR | services.position_monitor | Error fetching positions: 
2026-01-28 17:53:54,894 | ERROR | services.position_monitor | Error fetching positions: 
2026-01-28 17:54:10,184 | ERROR | services.position_monitor | Error fetching positions: 
2026-01-28 17:54:25,470 | ERROR | services.position_monitor | Error fetching positions: 
2026-01-28 17:54:40,761 | ERROR | services.position_monitor | Error fetching positions: 
2026-01-28 17:54:56,061 | ERROR | services.position_monitor | Error fetching positions: 
2026-01-28 17:55:11,349 | ERROR | services.position_monitor | Error fetching positions: 
2026-01-28 17:55:26,640 | ERROR | services.position_monitor | Error fetching positions: 
2026-01-28 17:55:41,923 | ERROR | services.position_monitor | Error fetching positions: 
2026-01-28 17:55:57,206 | ERROR | services.position_monitor | Error fetching positions: 
2026-01-28 17:56:12,506 | ERROR | services.position_monitor | Error fetching positions: 
2026-01-28 17:56:27,801 | ERROR | services.position_monitor | Error fetching positions: 
2026-01-28 17:56:43,094 | ERROR | services.position_monitor | Error fetching positions: 
2026-01-28 17:56:58,379 | ERROR | services.position_monitor | Error fetching positions: 
2026-01-28 17:57:13,660 | ERROR | services.position_monitor | Error fetching positions: 
2026-01-28 17:57:28,951 | ERROR | services.position_monitor | Error fetching positions: 
2026-01-28 17:57:44,250 | ERROR | services.position_monitor | Error fetching positions: 
2026-01-28 17:57:59,543 | ERROR | services.position_monitor | Error fetching positions: 
2026-01-28 17:58:14,827 | ERROR | services.position_monitor | Error fetching positions: 
2026-01-28 17:58:30,112 | ERROR | services.position_monitor | Error fetching positions: 
2026-01-28 17:58:45,417 | ERROR | services.position_monitor | Error fetching positions: 
2026-01-28 17:59:00,704 | ERROR | services.position_monitor | Error fetching positions: 
2026-01-28 17:59:15,985 | ERROR | services.position_monitor | Error fetching positions: 
2026-01-28 17:59:31,265 | ERROR | services.position_monitor | Error fetching positions: 
2026-01-28 17:59:46,543 | ERROR | services.position_monitor | Error fetching positions: 
2026-01-28 18:00:01,818 | ERROR | services.position_monitor | Error fetching positions: 
2026-01-28 18:00:17,115 | ERROR | services.position_monitor | Error fetching positions: 
2026-01-28 18:00:32,420 | ERROR | services.position_monitor | Error fetching positions: 
2026-01-28 18:00:47,702 | ERROR | services.position_monitor | Error fetching positions: 
2026-01-28 18:01:02,989 | ERROR | services.position_monitor | Error fetching positions: 
2026-01-28 18:01:18,268 | ERROR | services.position_monitor | Error fetching positions: 
2026-01-28 18:01:33,551 | ERROR | services.position_monitor | Error fetching positions: 
2026-01-28 18:01:48,845 | ERROR | services.position_monitor | Error fetching positions: 
2026-01-28 18:02:04,130 | ERROR | services.position_monitor | Error fetching positions: 
2026-01-28 18:02:19,413 | ERROR | services.position_monitor | Error fetching positions: 
2026-01-28 18:02:34,698 | ERROR | services.position_monitor | Error fetching positions: 
2026-01-28 18:02:49,972 | ERROR | services.position_monitor | Error fetching positions: 
2026-01-28 18:03:05,263 | ERROR | services.position_monitor | Error fetching positions: 
2026-01-28 18:03:20,537 | ERROR | services.position_monitor | Error fetching positions: 
2026-01-28 18:03:35,826 | ERROR | services.position_monitor | Error fetching positions: 
2026-01-28 18:03:51,100 | ERROR | services.position_monitor | Error fetching positions: 
2026-01-28 18:04:06,391 | ERROR | services.position_monitor | Error fetching positions: 
2026-01-28 18:04:21,677 | ERROR | services.position_monitor | Error fetching positions: 
2026-01-28 18:04:36,965 | ERROR | services.position_monitor | Error fetching positions: 
2026-01-28 18:04:52,255 | ERROR | services.position_monitor | Error fetching positions: 
2026-01-28 18:05:07,544 | ERROR | services.position_monitor | Error fetching positions: 
2026-01-28 18:05:22,837 | ERROR | services.position_monitor | Error fetching positions: 
2026-01-28 18:05:38,126 | ERROR | services.position_monitor | Error fetching positions: 
2026-01-28 18:05:53,412 | ERROR | services.position_monitor | Error fetching positions: 
2026-01-28 18:06:08,705 | ERROR | services.position_monitor | Error fetching positions: 
2026-01-28 18:06:23,994 | ERROR | services.position_monitor | Error fetching positions: 
2026-01-28 18:06:39,273 | ERROR | services.position_monitor | Error fetching positions: 
2026-01-28 18:06:54,570 | ERROR | services.position_monitor | Error fetching positions: 
2026-01-28 18:07:09,849 | ERROR | services.position_monitor | Error fetching positions: 
2026-01-28 18:07:25,142 | ERROR | services.position_monitor | Error fetching positions: 
2026-01-28 18:07:40,426 | ERROR | services.position_monitor | Error fetching positions: 
2026-01-28 18:07:55,721 | ERROR | services.position_monitor | Error fetching positions: 
2026-01-28 18:08:11,014 | ERROR | services.position_monitor | Error fetching positions: 
2026-01-28 18:08:26,300 | ERROR | services.position_monitor | Error fetching positions: 
2026-01-28 18:08:41,585 | ERROR | services.position_monitor | Error fetching positions: 
2026-01-28 18:08:56,866 | ERROR | services.position_monitor | Error fetching positions: 
2026-01-28 18:09:12,151 | ERROR | services.position_monitor | Error fetching positions: 
2026-01-28 18:09:27,447 | ERROR | services.position_monitor | Error fetching positions: 
2026-01-28 18:09:42,719 | ERROR | services.position_monitor | Error fetching positions: 
2026-01-28 18:09:57,997 | ERROR | services.position_monitor | Error fetching positions: 
2026-01-28 18:10:13,281 | ERROR | services.position_monitor | Error fetching positions: 
2026-01-28 18:10:28,572 | ERROR | services.position_monitor | Error fetching positions: 
2026-01-28 18:10:43,848 | ERROR | services.position_monitor | Error fetching positions: 
2026-01-28 18:10:59,141 | ERROR | services.position_monitor | Error fetching positions: 
2026-01-28 18:11:14,432 | ERROR | services.position_monitor | Error fetching positions: 
2026-01-28 18:11:29,723 | ERROR | services.position_monitor | Error fetching positions: 
2026-01-28 18:11:45,002 | ERROR | services.position_monitor | Error fetching positions: 
2026-01-28 18:12:00,288 | ERROR | services.position_monitor | Error fetching positions: 
2026-01-28 18:12:15,579 | ERROR | services.position_monitor | Error fetching positions: 
2026-01-28 18:12:30,860 | ERROR | services.position_monitor | Error fetching positions: 
2026-01-28 18:12:46,145 | ERROR | services.position_monitor | Error fetching positions: 
2026-01-28 18:13:01,438 | ERROR | services.position_monitor | Error fetching positions: 
2026-01-28 18:13:16,728 | ERROR | services.position_monitor | Error fetching positions: 
2026-01-28 18:13:32,006 | ERROR | services.position_monitor | Error fetching positions: 
2026-01-28 18:13:47,291 | ERROR | services.position_monitor | Error fetching positions: 
2026-01-28 18:14:02,581 | ERROR | services.position_monitor | Error fetching positions: 
2026-01-28 18:14:17,877 | ERROR | services.position_monitor | Error fetching positions: 
2026-01-28 18:14:33,171 | ERROR | services.position_monitor | Error fetching positions: 
2026-01-28 18:14:48,458 | ERROR | services.position_monitor | Error fetching positions: 
2026-01-28 18:15:03,744 | ERROR | services.position_monitor | Error fetching positions: 
2026-01-28 18:15:19,026 | ERROR | services.position_monitor | Error fetching positions: 
2026-01-28 18:15:34,315 | ERROR | services.position_monitor | Error fetching positions: 
2026-01-28 18:15:49,591 | ERROR | services.position_monitor | Error fetching positions: 
2026-01-28 18:16:04,884 | ERROR | services.position_monitor | Error fetching positions: 
2026-01-28 18:16:20,173 | ERROR | services.position_monitor | Error fetching positions: 
2026-01-28 18:16:35,456 | ERROR | services.position_monitor | Error fetching positions: 
2026-01-28 18:16:50,744 | ERROR | services.position_monitor | Error fetching positions: 
2026-01-28 18:17:06,030 | ERROR | services.position_monitor | Error fetching positions: 
2026-01-28 18:17:21,313 | ERROR | services.position_monitor | Error fetching positions: 
2026-01-28 18:17:36,595 | ERROR | services.position_monitor | Error fetching positions: 
2026-01-28 18:17:51,873 | ERROR | services.position_monitor | Error fetching positions: 
2026-01-28 18:18:07,147 | ERROR | services.position_monitor | Error fetching positions: 
2026-01-28 18:18:22,437 | ERROR | services.position_monitor | Error fetching positions: 
2026-01-28 18:18:37,720 | ERROR | services.position_monitor | Error fetching positions: 
2026-01-28 18:18:53,013 | ERROR | services.position_monitor | Error fetching positions: 
2026-01-28 18:19:08,307 | ERROR | services.position_monitor | Error fetching positions: 
2026-01-28 18:19:23,591 | ERROR | services.position_monitor | Error fetching positions: 
2026-01-28 18:19:38,875 | ERROR | services.position_monitor | Error fetching positions: 
2026-01-28 18:19:54,162 | ERROR | services.position_monitor | Error fetching positions: 
2026-01-28 18:20:09,451 | ERROR | services.position_monitor | Error fetching positions: 
2026-01-28 18:20:24,741 | ERROR | services.position_monitor | Error fetching positions: 
2026-01-28 18:20:40,027 | ERROR | services.position_monitor | Error fetching positions: 
2026-01-28 18:20:55,322 | ERROR | services.position_monitor | Error fetching positions: 
2026-01-28 18:21:10,598 | ERROR | services.position_monitor | Error fetching positions: 
2026-01-28 18:21:25,875 | ERROR | services.position_monitor | Error fetching positions: 
2026-01-28 18:21:41,174 | ERROR | services.position_monitor | Error fetching positions: 
2026-01-28 18:21:56,456 | ERROR | services.position_monitor | Error fetching positions: 
2026-01-28 18:22:11,731 | ERROR | services.position_monitor | Error fetching positions: 
2026-01-28 18:22:27,019 | ERROR | services.position_monitor | Error fetching positions: 
2026-01-28 18:22:42,310 | ERROR | services.position_monitor | Error fetching positions: 
2026-01-28 18:22:57,604 | ERROR | services.position_monitor | Error fetching positions: 
2026-01-28 18:23:12,882 | ERROR | services.position_monitor | Error fetching positions: 
2026-01-28 18:23:28,167 | ERROR | services.position_monitor | Error fetching positions: 
2026-01-28 18:23:43,465 | ERROR | services.position_monitor | Error fetching positions: 
2026-01-28 18:23:58,745 | ERROR | services.position_monitor | Error fetching positions: 
2026-01-28 18:24:14,022 | ERROR | services.position_monitor | Error fetching positions: 
2026-01-28 18:24:29,304 | ERROR | services.position_monitor | Error fetching positions: 
2026-01-28 18:24:44,599 | ERROR | services.position_monitor | Error fetching positions: 
2026-01-28 18:24:59,884 | ERROR | services.position_monitor | Error fetching positions: 
2026-01-28 18:25:15,170 | ERROR | services.position_monitor | Error fetching positions: 
2026-01-28 18:25:30,466 | ERROR | services.position_monitor | Error fetching positions: 
2026-01-28 18:25:45,754 | ERROR | services.position_monitor | Error fetching positions: 
2026-01-28 18:26:01,047 | ERROR | services.position_monitor | Error fetching positions: 
2026-01-28 18:26:16,342 | ERROR | services.position_monitor | Error fetching positions: 
2026-01-28 18:26:31,626 | ERROR | services.position_monitor | Error fetching positions: 
2026-01-28 18:26:46,919 | ERROR | services.position_monitor | Error fetching positions: 
2026-01-28 18:27:02,214 | ERROR | services.position_monitor | Error fetching positions: 
2026-01-28 18:27:17,503 | ERROR | services.position_monitor | Error fetching positions: 
2026-01-28 18:27:32,789 | ERROR | services.position_monitor | Error fetching positions: 
2026-01-28 18:27:48,081 | ERROR | services.position_monitor | Error fetching positions: 
2026-01-28 18:28:03,367 | ERROR | services.position_monitor | Error fetching positions: 
2026-01-28 18:28:18,656 | ERROR | services.position_monitor | Error fetching positions: 
2026-01-28 18:28:33,940 | ERROR | services.position_monitor | Error fetching positions: 
2026-01-28 18:28:49,227 | ERROR | services.position_monitor | Error fetching positions: 
2026-01-28 18:29:04,511 | ERROR | services.position_monitor | Error fetching positions: 
2026-01-28 18:29:19,806 | ERROR | services.position_monitor | Error fetching positions: 
2026-01-28 18:29:35,103 | ERROR | services.position_monitor | Error fetching positions: 
2026-01-28 18:29:50,393 | ERROR | services.position_monitor | Error fetching positions: 
2026-01-28 18:30:05,682 | ERROR | services.position_monitor | Error fetching positions: 
2026-01-28 18:30:20,966 | ERROR | services.position_monitor | Error fetching positions: 
2026-01-28 18:30:36,254 | ERROR | services.position_monitor | Error fetching positions: 
2026-01-28 18:30:51,541 | ERROR | services.position_monitor | Error fetching positions: 
2026-01-28 18:31:06,826 | ERROR | services.position_monitor | Error fetching positions: 
2026-01-28 18:31:22,100 | ERROR | services.position_monitor | Error fetching positions: 
2026-01-28 18:31:37,380 | ERROR | services.position_monitor | Error fetching positions: 
2026-01-28 18:31:52,668 | ERROR | services.position_monitor | Error fetching positions: 
2026-01-28 18:32:07,955 | ERROR | services.position_monitor | Error fetching positions: 
2026-01-28 18:32:23,236 | ERROR | services.position_monitor | Error fetching positions: 
2026-01-28 18:32:38,537 | ERROR | services.position_monitor | Error fetching positions: 
2026-01-28 18:32:53,825 | ERROR | services.position_monitor | Error fetching positions: 
2026-01-28 18:33:09,115 | ERROR | services.position_monitor | Error fetching positions: 
2026-01-28 18:33:24,400 | ERROR | services.position_monitor | Error fetching positions: 
2026-01-28 18:33:39,692 | ERROR | services.position_monitor | Error fetching positions: 
2026-01-28 18:33:54,976 | ERROR | services.position_monitor | Error fetching positions: 
2026-01-28 18:34:10,267 | ERROR | services.position_monitor | Error fetching positions: 
2026-01-28 18:34:25,555 | ERROR | services.position_monitor | Error fetching positions: 
2026-01-28 18:34:40,840 | ERROR | services.position_monitor | Error fetching positions: 
2026-01-28 18:34:56,113 | ERROR | services.position_monitor | Error fetching positions: 
2026-01-28 18:35:11,408 | ERROR | services.position_monitor | Error fetching positions: 
2026-01-28 18:35:26,699 | ERROR | services.position_monitor | Error fetching positions: 
2026-01-28 18:35:42,013 | ERROR | services.position_monitor | Error fetching positions: 
2026-01-28 18:35:57,303 | ERROR | services.position_monitor | Error fetching positions: 
2026-01-28 18:36:12,597 | ERROR | services.position_monitor | Error fetching positions: 
2026-01-28 18:36:27,885 | ERROR | services.position_monitor | Error fetching positions: 
2026-01-28 18:36:43,170 | ERROR | services.position_monitor | Error fetching positions: 
2026-01-28 18:36:58,454 | ERROR | services.position_monitor | Error fetching positions: 
2026-01-28 18:37:13,745 | ERROR | services.position_monitor | Error fetching positions: 
2026-01-28 18:37:29,033 | ERROR | services.position_monitor | Error fetching positions: 
2026-01-28 18:37:44,314 | ERROR | services.position_monitor | Error fetching positions: 
2026-01-28 18:37:59,596 | ERROR | services.position_monitor | Error fetching positions: 
2026-01-28 18:38:14,882 | ERROR | services.position_monitor | Error fetching positions: 
2026-01-28 18:38:30,166 | ERROR | services.position_monitor | Error fetching positions: 
2026-01-28 18:38:45,443 | ERROR | services.position_monitor | Error fetching positions: 
2026-01-28 18:39:00,733 | ERROR | services.position_monitor | Error fetching positions: 
2026-01-28 18:39:16,025 | ERROR | services.position_monitor | Error fetching positions: 
2026-01-28 18:39:31,314 | ERROR | services.position_monitor | Error fetching positions: 
2026-01-28 18:39:46,592 | ERROR | services.position_monitor | Error fetching positions: 
2026-01-28 18:40:01,877 | ERROR | services.position_monitor | Error fetching positions: 
2026-01-28 18:40:17,159 | ERROR | services.position_monitor | Error fetching positions: 
2026-01-28 18:40:32,442 | ERROR | services.position_monitor | Error fetching positions: 
2026-01-28 18:40:47,739 | ERROR | services.position_monitor | Error fetching positions: 
2026-01-28 18:41:03,018 | ERROR | services.position_monitor | Error fetching positions: 
2026-01-28 18:41:18,306 | ERROR | services.position_monitor | Error fetching positions: 
2026-01-28 18:41:33,591 | ERROR | services.position_monitor | Error fetching positions: 
2026-01-28 18:41:48,887 | ERROR | services.position_monitor | Error fetching positions: 
2026-01-28 18:42:04,182 | ERROR | services.position_monitor | Error fetching positions: 
2026-01-28 18:42:19,471 | ERROR | services.position_monitor | Error fetching positions: 
2026-01-28 18:42:34,758 | ERROR | services.position_monitor | Error fetching positions: 
2026-01-28 18:42:50,039 | ERROR | services.position_monitor | Error fetching positions: 
2026-01-28 18:43:05,332 | ERROR | services.position_monitor | Error fetching positions: 
2026-01-28 18:43:20,619 | ERROR | services.position_monitor | Error fetching positions: 
2026-01-28 18:43:35,899 | ERROR | services.position_monitor | Error fetching positions: 
2026-01-28 18:43:51,176 | ERROR | services.position_monitor | Error fetching positions: 
2026-01-28 18:44:06,476 | ERROR | services.position_monitor | Error fetching positions: 
2026-01-28 18:44:21,768 | ERROR | services.position_monitor | Error fetching positions: 
2026-01-28 18:44:37,049 | ERROR | services.position_monitor | Error fetching positions: 
2026-01-28 18:44:52,348 | ERROR | services.position_monitor | Error fetching positions: 
2026-01-28 18:45:07,647 | ERROR | services.position_monitor | Error fetching positions: 
2026-01-28 18:45:22,936 | ERROR | services.position_monitor | Error fetching positions: 
2026-01-28 18:45:38,229 | ERROR | services.position_monitor | Error fetching positions: 
2026-01-28 18:45:53,509 | ERROR | services.position_monitor | Error fetching positions: 
2026-01-28 18:46:08,799 | ERROR | services.position_monitor | Error fetching positions: 
2026-01-28 18:46:24,084 | ERROR | services.position_monitor | Error fetching positions: 
2026-01-28 18:46:39,380 | ERROR | services.position_monitor | Error fetching positions: 
2026-01-28 18:46:54,656 | ERROR | services.position_monitor | Error fetching positions: 
2026-01-28 18:47:09,937 | ERROR | services.position_monitor | Error fetching positions: 
2026-01-28 18:47:25,236 | ERROR | services.position_monitor | Error fetching positions: 
2026-01-28 18:47:40,520 | ERROR | services.position_monitor | Error fetching positions: 
2026-01-28 18:47:55,807 | ERROR | services.position_monitor | Error fetching positions: 
2026-01-28 18:48:11,095 | ERROR | services.position_monitor | Error fetching positions: 
2026-01-28 18:48:26,397 | ERROR | services.position_monitor | Error fetching positions: 
2026-01-28 18:48:41,702 | ERROR | services.position_monitor | Error fetching positions: 
2026-01-28 18:48:56,987 | ERROR | services.position_monitor | Error fetching positions: 
2026-01-28 18:49:12,276 | ERROR | services.position_monitor | Error fetching positions: 
2026-01-28 18:49:27,563 | ERROR | services.position_monitor | Error fetching positions: 
2026-01-28 18:49:42,848 | ERROR | services.position_monitor | Error fetching positions: 
2026-01-28 18:49:58,123 | ERROR | services.position_monitor | Error fetching positions: 
2026-01-28 18:50:13,413 | ERROR | services.position_monitor | Error fetching positions: 
2026-01-28 18:50:28,706 | ERROR | services.position_monitor | Error fetching positions: 
2026-01-28 18:50:43,986 | ERROR | services.position_monitor | Error fetching positions: 
2026-01-28 18:50:59,284 | ERROR | services.position_monitor | Error fetching positions: 
2026-01-28 18:51:14,581 | ERROR | services.position_monitor | Error fetching positions: 
2026-01-28 18:51:29,873 | ERROR | services.position_monitor | Error fetching positions: 
2026-01-28 18:51:45,152 | ERROR | services.position_monitor | Error fetching positions: 
2026-01-28 18:52:00,441 | ERROR | services.position_monitor | Error fetching positions: 
2026-01-28 18:52:15,730 | ERROR | services.position_monitor | Error fetching positions: 
2026-01-28 18:52:31,017 | ERROR | services.position_monitor | Error fetching positions: 
2026-01-28 18:52:46,290 | ERROR | services.position_monitor | Error fetching positions: 
2026-01-28 18:53:01,575 | ERROR | services.position_monitor | Error fetching positions: 
2026-01-28 18:53:16,874 | ERROR | services.position_monitor | Error fetching positions: 
2026-01-28 18:53:32,170 | ERROR | services.position_monitor | Error fetching positions: 
2026-01-28 18:53:47,465 | ERROR | services.position_monitor | Error fetching positions: 
2026-01-28 18:54:02,747 | ERROR | services.position_monitor | Error fetching positions: 
2026-01-28 18:54:18,032 | ERROR | services.position_monitor | Error fetching positions: 
2026-01-28 18:54:33,329 | ERROR | services.position_monitor | Error fetching positions: 
2026-01-28 18:55:21,954 | INFO | store.journal_store | Database initialized at data/journal.db
2026-01-28 18:55:23,637 | INFO | store.journal_store | Database initialized at data/journal.db
2026-01-28 18:55:23,890 | INFO | store.journal_store | Database initialized at data/journal.db
2026-01-28 18:55:23,942 | INFO | main | ============================================================
2026-01-28 18:55:23,943 | INFO | main | Trading Journal Backend starting...
2026-01-28 18:55:23,943 | INFO | main | Database: data/journal.db
2026-01-28 18:55:23,944 | INFO | main | Screenshots: screenshots/
2026-01-28 18:55:23,944 | INFO | main | ============================================================
2026-01-28 18:55:23,946 | INFO | services.screenshot_service | Screenshot service initialized (mplfinance fallback only)
2026-01-28 18:55:24,720 | INFO | services.position_monitor | Loaded 0 existing open entries
2026-01-28 18:55:24,720 | INFO | services.position_monitor | Position monitor started (interval: 5.0s)
2026-01-28 18:55:24,721 | INFO | main | All services started successfully
2026-01-28 18:55:35,111 | ERROR | services.position_monitor | Error fetching positions: 
2026-01-28 18:55:50,400 | ERROR | services.position_monitor | Error fetching positions: 
2026-01-28 18:56:05,676 | ERROR | services.position_monitor | Error fetching positions: 
2026-01-28 18:56:20,972 | ERROR | services.position_monitor | Error fetching positions: 
2026-01-28 18:56:36,264 | ERROR | services.position_monitor | Error fetching positions: 
2026-01-28 18:56:51,548 | ERROR | services.position_monitor | Error fetching positions: 
2026-01-28 18:57:06,824 | ERROR | services.position_monitor | Error fetching positions: 
2026-01-28 18:57:22,113 | ERROR | services.position_monitor | Error fetching positions: 
2026-01-28 18:57:37,413 | ERROR | services.position_monitor | Error fetching positions: 
2026-01-28 18:57:52,701 | ERROR | services.position_monitor | Error fetching positions: 
2026-01-28 18:58:07,986 | ERROR | services.position_monitor | Error fetching positions: 
2026-01-28 18:58:23,270 | ERROR | services.position_monitor | Error fetching positions: 
2026-01-28 18:58:38,566 | ERROR | services.position_monitor | Error fetching positions: 
2026-01-28 18:58:53,846 | ERROR | services.position_monitor | Error fetching positions: 
2026-01-28 18:59:09,130 | ERROR | services.position_monitor | Error fetching positions: 
2026-01-28 18:59:24,425 | ERROR | services.position_monitor | Error fetching positions: 
2026-01-28 18:59:39,714 | ERROR | services.position_monitor | Error fetching positions: 
2026-01-28 18:59:54,998 | ERROR | services.position_monitor | Error fetching positions: 
2026-01-28 19:00:10,291 | ERROR | services.position_monitor | Error fetching positions: 
2026-01-28 19:00:25,574 | ERROR | services.position_monitor | Error fetching positions: 
2026-01-28 19:00:40,858 | ERROR | services.position_monitor | Error fetching positions: 
2026-01-28 19:00:56,141 | ERROR | services.position_monitor | Error fetching positions: 
2026-01-28 19:01:11,414 | ERROR | services.position_monitor | Error fetching positions: 
2026-01-28 19:01:26,695 | ERROR | services.position_monitor | Error fetching positions: 
2026-01-28 19:01:41,977 | ERROR | services.position_monitor | Error fetching positions: 
2026-01-28 19:01:57,258 | ERROR | services.position_monitor | Error fetching positions: 
2026-01-28 19:02:12,551 | ERROR | services.position_monitor | Error fetching positions: 
2026-01-28 19:02:27,839 | ERROR | services.position_monitor | Error fetching positions: 
2026-01-28 19:02:43,111 | ERROR | services.position_monitor | Error fetching positions: 
2026-01-28 19:02:58,393 | ERROR | services.position_monitor | Error fetching positions: 
2026-01-28 19:03:13,682 | ERROR | services.position_monitor | Error fetching positions: 
2026-01-28 19:03:28,962 | ERROR | services.position_monitor | Error fetching positions: 
2026-01-28 19:03:44,242 | ERROR | services.position_monitor | Error fetching positions: 
2026-01-28 19:03:59,542 | ERROR | services.position_monitor | Error fetching positions: 
2026-01-28 19:04:14,832 | ERROR | services.position_monitor | Error fetching positions: 
2026-01-28 19:04:30,107 | ERROR | services.position_monitor | Error fetching positions: 
2026-01-28 19:04:45,399 | ERROR | services.position_monitor | Error fetching positions: 
2026-01-28 19:05:00,679 | ERROR | services.position_monitor | Error fetching positions: 
2026-01-28 19:05:15,954 | ERROR | services.position_monitor | Error fetching positions: 
2026-01-28 19:05:31,244 | ERROR | services.position_monitor | Error fetching positions: 
2026-01-28 19:05:46,540 | ERROR | services.position_monitor | Error fetching positions: 
2026-01-28 19:06:01,830 | ERROR | services.position_monitor | Error fetching positions: 
2026-01-28 19:06:17,125 | ERROR | services.position_monitor | Error fetching positions: 
2026-01-28 19:06:32,406 | ERROR | services.position_monitor | Error fetching positions: 
2026-01-28 19:06:47,698 | ERROR | services.position_monitor | Error fetching positions: 
2026-01-28 19:07:02,987 | ERROR | services.position_monitor | Error fetching positions: 
2026-01-28 19:07:18,274 | ERROR | services.position_monitor | Error fetching positions: 
2026-01-28 19:07:33,553 | ERROR | services.position_monitor | Error fetching positions: 
2026-01-28 19:07:48,826 | ERROR | services.position_monitor | Error fetching positions: 
2026-01-28 19:08:04,107 | ERROR | services.position_monitor | Error fetching positions: 
2026-01-28 19:08:19,393 | ERROR | services.position_monitor | Error fetching positions: 
2026-01-28 19:08:34,676 | ERROR | services.position_monitor | Error fetching positions: 
2026-01-28 19:08:49,960 | ERROR | services.position_monitor | Error fetching positions: 
2026-01-28 19:09:05,261 | ERROR | services.position_monitor | Error fetching positions: 
2026-01-28 19:09:20,554 | ERROR | services.position_monitor | Error fetching positions: 
2026-01-28 19:09:35,836 | ERROR | services.position_monitor | Error fetching positions: 
2026-01-28 19:09:51,129 | ERROR | services.position_monitor | Error fetching positions: 
2026-01-28 19:10:06,396 | ERROR | services.position_monitor | Error fetching positions: 
2026-01-28 19:10:21,684 | ERROR | services.position_monitor | Error fetching positions: 
2026-01-28 19:10:36,988 | ERROR | services.position_monitor | Error fetching positions: 
2026-01-28 19:10:52,281 | ERROR | services.position_monitor | Error fetching positions: 
2026-01-28 19:11:07,554 | ERROR | services.position_monitor | Error fetching positions: 
2026-01-28 19:11:22,845 | ERROR | services.position_monitor | Error fetching positions: 
2026-01-28 19:11:38,142 | ERROR | services.position_monitor | Error fetching positions: 
2026-01-28 19:11:53,420 | ERROR | services.position_monitor | Error fetching positions: 
2026-01-28 19:12:08,720 | ERROR | services.position_monitor | Error fetching positions: 
2026-01-28 19:12:24,015 | ERROR | services.position_monitor | Error fetching positions: 
2026-01-28 19:12:39,307 | ERROR | services.position_monitor | Error fetching positions: 
2026-01-28 19:12:54,590 | ERROR | services.position_monitor | Error fetching positions: 
2026-01-28 19:13:09,875 | ERROR | services.position_monitor | Error fetching positions: 
2026-01-28 19:13:25,170 | ERROR | services.position_monitor | Error fetching positions: 
2026-01-28 19:13:40,462 | ERROR | services.position_monitor | Error fetching positions: 
2026-01-28 19:13:55,744 | ERROR | services.position_monitor | Error fetching positions: 
2026-01-28 19:14:11,041 | ERROR | services.position_monitor | Error fetching positions: 
2026-01-28 19:14:26,321 | ERROR | services.position_monitor | Error fetching positions: 
2026-01-28 19:14:41,601 | ERROR | services.position_monitor | Error fetching positions: 
2026-01-28 19:14:56,889 | ERROR | services.position_monitor | Error fetching positions: 
2026-01-28 19:15:12,169 | ERROR | services.position_monitor | Error fetching positions: 
2026-01-28 19:15:27,455 | ERROR | services.position_monitor | Error fetching positions: 
2026-01-28 19:15:42,746 | ERROR | services.position_monitor | Error fetching positions: 
2026-01-28 19:15:58,038 | ERROR | services.position_monitor | Error fetching positions: 
2026-01-28 19:16:13,322 | ERROR | services.position_monitor | Error fetching positions: 
2026-01-28 19:16:28,617 | ERROR | services.position_monitor | Error fetching positions: 
2026-01-28 19:16:43,913 | ERROR | services.position_monitor | Error fetching positions: 
2026-01-28 19:16:59,188 | ERROR | services.position_monitor | Error fetching positions: 
2026-01-28 19:17:14,471 | ERROR | services.position_monitor | Error fetching positions: 
2026-01-28 19:17:29,761 | ERROR | services.position_monitor | Error fetching positions: 
2026-01-28 19:17:45,046 | ERROR | services.position_monitor | Error fetching positions: 
2026-01-28 19:18:00,343 | ERROR | services.position_monitor | Error fetching positions: 
2026-01-28 19:18:15,627 | ERROR | services.position_monitor | Error fetching positions: 
2026-01-28 19:18:30,920 | ERROR | services.position_monitor | Error fetching positions: 
2026-01-28 19:18:46,191 | ERROR | services.position_monitor | Error fetching positions: 
2026-01-28 19:19:01,480 | ERROR | services.position_monitor | Error fetching positions: 
2026-01-28 19:19:16,766 | ERROR | services.position_monitor | Error fetching positions: 
2026-01-28 19:19:32,060 | ERROR | services.position_monitor | Error fetching positions: 
2026-01-28 19:19:47,349 | ERROR | services.position_monitor | Error fetching positions: 
2026-01-28 19:20:02,637 | ERROR | services.position_monitor | Error fetching positions: 
2026-01-28 19:20:17,923 | ERROR | services.position_monitor | Error fetching positions: 
2026-01-28 19:20:33,209 | ERROR | services.position_monitor | Error fetching positions: 
2026-01-28 19:20:48,499 | ERROR | services.position_monitor | Error fetching positions: 
2026-01-28 19:21:03,788 | ERROR | services.position_monitor | Error fetching positions: 
2026-01-28 19:21:19,071 | ERROR | services.position_monitor | Error fetching positions: 
2026-01-28 19:21:34,368 | ERROR | services.position_monitor | Error fetching positions: 
2026-01-28 19:21:49,662 | ERROR | services.position_monitor | Error fetching positions: 
2026-01-28 19:22:04,938 | ERROR | services.position_monitor | Error fetching positions: 
2026-01-28 19:22:20,221 | ERROR | services.position_monitor | Error fetching positions: 
2026-01-28 19:22:35,512 | ERROR | services.position_monitor | Error fetching positions: 
2026-01-28 19:22:50,800 | ERROR | services.position_monitor | Error fetching positions: 
2026-01-28 19:23:06,095 | ERROR | services.position_monitor | Error fetching positions: 
2026-01-28 19:23:21,399 | ERROR | services.position_monitor | Error fetching positions: 
2026-01-28 19:23:36,688 | ERROR | services.position_monitor | Error fetching positions: 
2026-01-28 19:23:51,979 | ERROR | services.position_monitor | Error fetching positions: 
2026-01-28 19:24:07,266 | ERROR | services.position_monitor | Error fetching positions: 
2026-01-28 19:24:22,547 | ERROR | services.position_monitor | Error fetching positions: 
2026-01-28 19:24:37,830 | ERROR | services.position_monitor | Error fetching positions: 
2026-01-28 19:24:53,120 | ERROR | services.position_monitor | Error fetching positions: 
2026-01-28 19:25:08,407 | ERROR | services.position_monitor | Error fetching positions: 
2026-01-28 19:25:23,696 | ERROR | services.position_monitor | Error fetching positions: 
2026-01-28 19:25:38,983 | ERROR | services.position_monitor | Error fetching positions: 
2026-01-28 19:25:54,274 | ERROR | services.position_monitor | Error fetching positions: 
2026-01-28 19:26:09,574 | ERROR | services.position_monitor | Error fetching positions: 
2026-01-28 19:26:24,860 | ERROR | services.position_monitor | Error fetching positions: 
2026-01-28 19:26:40,144 | ERROR | services.position_monitor | Error fetching positions: 
2026-01-28 19:26:43,683 | INFO | services.position_monitor | Force sync requested
2026-01-28 19:26:53,970 | ERROR | services.position_monitor | Error fetching positions: 
2026-01-28 19:26:55,436 | ERROR | services.position_monitor | Error fetching positions: 
2026-01-28 19:27:10,724 | ERROR | services.position_monitor | Error fetching positions: 
2026-01-28 19:27:26,018 | ERROR | services.position_monitor | Error fetching positions: 
2026-01-28 19:27:41,325 | ERROR | services.position_monitor | Error fetching positions: 
2026-01-28 19:27:41,913 | INFO | main | Trading Journal Backend shutting down...
2026-01-28 19:27:41,915 | INFO | services.position_monitor | Position monitor stopped
2026-01-28 19:27:41,916 | INFO | services.screenshot_service | Screenshot service shut down
2026-01-28 19:27:41,917 | INFO | main | Shutdown complete
2026-01-28 19:27:44,090 | INFO | store.journal_store | Database initialized at data/journal.db
2026-01-28 19:27:44,346 | INFO | store.journal_store | Database initialized at data/journal.db
2026-01-28 19:27:44,395 | INFO | main | ============================================================
2026-01-28 19:27:44,395 | INFO | main | Trading Journal Backend starting...
2026-01-28 19:27:44,396 | INFO | main | Database: data/journal.db
2026-01-28 19:27:44,396 | INFO | main | Screenshots: screenshots/
2026-01-28 19:27:44,397 | INFO | main | ============================================================
2026-01-28 19:27:44,399 | INFO | services.screenshot_service | Screenshot service initialized (mplfinance fallback only)
2026-01-28 19:27:45,309 | INFO | services.position_monitor | Loaded 0 existing open entries
2026-01-28 19:27:55,606 | ERROR | services.position_monitor | Error fetching positions: 
2026-01-28 19:27:55,607 | INFO | services.position_monitor | Position monitor started (interval: 5.0s)
2026-01-28 19:27:55,607 | INFO | main | All services started successfully
2026-01-28 19:28:06,073 | ERROR | services.position_monitor | Error fetching positions: 
2026-01-28 19:28:21,354 | ERROR | services.position_monitor | Error fetching positions: 
2026-01-28 19:28:36,640 | ERROR | services.position_monitor | Error fetching positions: 
2026-01-28 19:28:51,937 | ERROR | services.position_monitor | Error fetching positions: 
2026-01-28 19:29:07,226 | ERROR | services.position_monitor | Error fetching positions: 
2026-01-28 19:29:22,510 | ERROR | services.position_monitor | Error fetching positions: 
2026-01-28 19:29:37,801 | ERROR | services.position_monitor | Error fetching positions: 
2026-01-28 19:29:53,092 | ERROR | services.position_monitor | Error fetching positions: 
2026-01-28 19:30:08,383 | ERROR | services.position_monitor | Error fetching positions: 
2026-01-28 19:30:23,669 | ERROR | services.position_monitor | Error fetching positions: 
2026-01-28 19:30:38,956 | ERROR | services.position_monitor | Error fetching positions: 
2026-01-28 19:30:54,233 | ERROR | services.position_monitor | Error fetching positions: 
2026-01-28 19:31:09,525 | ERROR | services.position_monitor | Error fetching positions: 
2026-01-28 19:31:24,810 | ERROR | services.position_monitor | Error fetching positions: 
2026-01-28 19:31:40,092 | ERROR | services.position_monitor | Error fetching positions: 
2026-01-28 19:31:55,375 | ERROR | services.position_monitor | Error fetching positions: 
2026-01-28 19:32:10,675 | ERROR | services.position_monitor | Error fetching positions: 
2026-01-28 19:32:25,964 | ERROR | services.position_monitor | Error fetching positions: 
2026-01-28 19:32:41,246 | ERROR | services.position_monitor | Error fetching positions: 
2026-01-28 19:32:56,531 | ERROR | services.position_monitor | Error fetching positions: 
2026-01-28 19:33:11,820 | ERROR | services.position_monitor | Error fetching positions: 
2026-01-28 19:33:27,112 | ERROR | services.position_monitor | Error fetching positions: 
2026-01-28 19:33:42,403 | ERROR | services.position_monitor | Error fetching positions: 
2026-01-28 19:33:57,698 | ERROR | services.position_monitor | Error fetching positions: 
2026-01-28 19:34:12,985 | ERROR | services.position_monitor | Error fetching positions: 
2026-01-28 19:34:28,267 | ERROR | services.position_monitor | Error fetching positions: 
2026-01-28 19:34:43,560 | ERROR | services.position_monitor | Error fetching positions: 
2026-01-28 19:34:58,841 | ERROR | services.position_monitor | Error fetching positions: 
2026-01-28 19:35:14,121 | ERROR | services.position_monitor | Error fetching positions: 
2026-01-28 19:35:29,422 | ERROR | services.position_monitor | Error fetching positions: 
2026-01-28 19:35:44,716 | ERROR | services.position_monitor | Error fetching positions: 
2026-01-28 19:35:59,999 | ERROR | services.position_monitor | Error fetching positions: 
2026-01-28 19:36:15,300 | ERROR | services.position_monitor | Error fetching positions: 
2026-01-28 19:36:30,588 | ERROR | services.position_monitor | Error fetching positions: 
2026-01-28 19:36:45,870 | ERROR | services.position_monitor | Error fetching positions: 
2026-01-28 19:37:01,165 | ERROR | services.position_monitor | Error fetching positions: 
2026-01-28 19:37:16,452 | ERROR | services.position_monitor | Error fetching positions: 
2026-01-28 19:37:31,727 | ERROR | services.position_monitor | Error fetching positions: 
2026-01-28 19:37:47,012 | ERROR | services.position_monitor | Error fetching positions: 
2026-01-28 19:38:02,311 | ERROR | services.position_monitor | Error fetching positions: 
2026-01-28 19:38:17,598 | ERROR | services.position_monitor | Error fetching positions: 
2026-01-28 19:38:32,888 | ERROR | services.position_monitor | Error fetching positions: 
2026-01-28 19:38:48,184 | ERROR | services.position_monitor | Error fetching positions: 
2026-01-28 19:39:03,473 | ERROR | services.position_monitor | Error fetching positions: 
2026-01-28 19:39:18,750 | ERROR | services.position_monitor | Error fetching positions: 
2026-01-28 19:39:34,026 | ERROR | services.position_monitor | Error fetching positions: 
2026-01-28 19:39:49,311 | ERROR | services.position_monitor | Error fetching positions: 
2026-01-28 19:40:04,595 | ERROR | services.position_monitor | Error fetching positions: 
2026-01-28 19:40:19,867 | ERROR | services.position_monitor | Error fetching positions: 
2026-01-28 19:40:33,294 | INFO | main | Trading Journal Backend shutting down...
2026-01-28 19:40:33,299 | INFO | services.position_monitor | Position monitor stopped
2026-01-28 19:40:33,300 | INFO | services.screenshot_service | Screenshot service shut down
2026-01-28 19:40:33,300 | INFO | main | Shutdown complete
2026-01-28 19:40:35,049 | INFO | store.journal_store | Database initialized at data/journal.db
2026-01-28 19:40:35,248 | INFO | store.journal_store | Database initialized at data/journal.db
2026-01-28 19:40:35,284 | INFO | main | ============================================================
2026-01-28 19:40:35,284 | INFO | main | Trading Journal Backend starting...
2026-01-28 19:40:35,284 | INFO | main | Database: data/journal.db
2026-01-28 19:40:35,285 | INFO | main | Screenshots: screenshots/
2026-01-28 19:40:35,285 | INFO | main | ============================================================
2026-01-28 19:40:35,287 | INFO | services.screenshot_service | Screenshot service initialized (mplfinance fallback only)
2026-01-28 19:40:35,870 | INFO | services.position_monitor | Loaded 0 existing open entries
2026-01-28 19:40:46,160 | ERROR | services.position_monitor | Error fetching positions: ReadTimeout: 
2026-01-28 19:40:46,180 | ERROR | services.position_monitor | Traceback (most recent call last):
  File "C:\Users\inven\OneDrive\Documentos\GitHub\watchlist\6.Trading_Journal\backend\.venv\Lib\site-packages\httpx\_transports\default.py", line 101, in map_httpcore_exceptions
    yield
  File "C:\Users\inven\OneDrive\Documentos\GitHub\watchlist\6.Trading_Journal\backend\.venv\Lib\site-packages\httpx\_transports\default.py", line 394, in handle_async_request
    resp = await self._pool.handle_async_request(req)
           ^^^^^^^^^^^^^^^^^^^^^^^^^^^^^^^^^^^^^^^^^^
  File "C:\Users\inven\OneDrive\Documentos\GitHub\watchlist\6.Trading_Journal\backend\.venv\Lib\site-packages\httpcore\_async\connection_pool.py", line 256, in handle_async_request
    raise exc from None
  File "C:\Users\inven\OneDrive\Documentos\GitHub\watchlist\6.Trading_Journal\backend\.venv\Lib\site-packages\httpcore\_async\connection_pool.py", line 236, in handle_async_request
    response = await connection.handle_async_request(
               ^^^^^^^^^^^^^^^^^^^^^^^^^^^^^^^^^^^^^^
        pool_request.request
        ^^^^^^^^^^^^^^^^^^^^
    )
    ^
  File "C:\Users\inven\OneDrive\Documentos\GitHub\watchlist\6.Trading_Journal\backend\.venv\Lib\site-packages\httpcore\_async\connection.py", line 103, in handle_async_request
    return await self._connection.handle_async_request(request)
           ^^^^^^^^^^^^^^^^^^^^^^^^^^^^^^^^^^^^^^^^^^^^^^^^^^^^
  File "C:\Users\inven\OneDrive\Documentos\GitHub\watchlist\6.Trading_Journal\backend\.venv\Lib\site-packages\httpcore\_async\http11.py", line 136, in handle_async_request
    raise exc
  File "C:\Users\inven\OneDrive\Documentos\GitHub\watchlist\6.Trading_Journal\backend\.venv\Lib\site-packages\httpcore\_async\http11.py", line 106, in handle_async_request
    ) = await self._receive_response_headers(**kwargs)
        ^^^^^^^^^^^^^^^^^^^^^^^^^^^^^^^^^^^^^^^^^^^^^^
  File "C:\Users\inven\OneDrive\Documentos\GitHub\watchlist\6.Trading_Journal\backend\.venv\Lib\site-packages\httpcore\_async\http11.py", line 177, in _receive_response_headers
    event = await self._receive_event(timeout=timeout)
            ^^^^^^^^^^^^^^^^^^^^^^^^^^^^^^^^^^^^^^^^^^
  File "C:\Users\inven\OneDrive\Documentos\GitHub\watchlist\6.Trading_Journal\backend\.venv\Lib\site-packages\httpcore\_async\http11.py", line 217, in _receive_event
    data = await self._network_stream.read(
           ^^^^^^^^^^^^^^^^^^^^^^^^^^^^^^^^
        self.READ_NUM_BYTES, timeout=timeout
        ^^^^^^^^^^^^^^^^^^^^^^^^^^^^^^^^^^^^
    )
    ^
  File "C:\Users\inven\OneDrive\Documentos\GitHub\watchlist\6.Trading_Journal\backend\.venv\Lib\site-packages\httpcore\_backends\anyio.py", line 32, in read
    with map_exceptions(exc_map):
         ~~~~~~~~~~~~~~^^^^^^^^^
  File "C:\Python314\Lib\contextlib.py", line 162, in __exit__
    self.gen.throw(value)
    ~~~~~~~~~~~~~~^^^^^^^
  File "C:\Users\inven\OneDrive\Documentos\GitHub\watchlist\6.Trading_Journal\backend\.venv\Lib\site-packages\httpcore\_exceptions.py", line 14, in map_exceptions
    raise to_exc(exc) from exc
httpcore.ReadTimeout

The above exception was the direct cause of the following exception:

Traceback (most recent call last):
  File "C:\Users\inven\OneDrive\Documentos\GitHub\watchlist\6.Trading_Journal\backend\services\position_monitor.py", line 186, in _fetch_positions
    response = await self._http_client.get(
               ^^^^^^^^^^^^^^^^^^^^^^^^^^^^
        f"{self.trading_bot_url}/api/positions"
        ^^^^^^^^^^^^^^^^^^^^^^^^^^^^^^^^^^^^^^^
    )
    ^
  File "C:\Users\inven\OneDrive\Documentos\GitHub\watchlist\6.Trading_Journal\backend\.venv\Lib\site-packages\httpx\_client.py", line 1768, in get
    return await self.request(
           ^^^^^^^^^^^^^^^^^^^
    ...<9 lines>...
    )
    ^
  File "C:\Users\inven\OneDrive\Documentos\GitHub\watchlist\6.Trading_Journal\backend\.venv\Lib\site-packages\httpx\_client.py", line 1540, in request
    return await self.send(request, auth=auth, follow_redirects=follow_redirects)
           ^^^^^^^^^^^^^^^^^^^^^^^^^^^^^^^^^^^^^^^^^^^^^^^^^^^^^^^^^^^^^^^^^^^^^^
  File "C:\Users\inven\OneDrive\Documentos\GitHub\watchlist\6.Trading_Journal\backend\.venv\Lib\site-packages\httpx\_client.py", line 1629, in send
    response = await self._send_handling_auth(
               ^^^^^^^^^^^^^^^^^^^^^^^^^^^^^^^
    ...<4 lines>...
    )
    ^
  File "C:\Users\inven\OneDrive\Documentos\GitHub\watchlist\6.Trading_Journal\backend\.venv\Lib\site-packages\httpx\_client.py", line 1657, in _send_handling_auth
    response = await self._send_handling_redirects(
               ^^^^^^^^^^^^^^^^^^^^^^^^^^^^^^^^^^^^
    ...<3 lines>...
    )
    ^
  File "C:\Users\inven\OneDrive\Documentos\GitHub\watchlist\6.Trading_Journal\backend\.venv\Lib\site-packages\httpx\_client.py", line 1694, in _send_handling_redirects
    response = await self._send_single_request(request)
               ^^^^^^^^^^^^^^^^^^^^^^^^^^^^^^^^^^^^^^^^
  File "C:\Users\inven\OneDrive\Documentos\GitHub\watchlist\6.Trading_Journal\backend\.venv\Lib\site-packages\httpx\_client.py", line 1730, in _send_single_request
    response = await transport.handle_async_request(request)
               ^^^^^^^^^^^^^^^^^^^^^^^^^^^^^^^^^^^^^^^^^^^^^
  File "C:\Users\inven\OneDrive\Documentos\GitHub\watchlist\6.Trading_Journal\backend\.venv\Lib\site-packages\httpx\_transports\default.py", line 393, in handle_async_request
    with map_httpcore_exceptions():
         ~~~~~~~~~~~~~~~~~~~~~~~^^
  File "C:\Python314\Lib\contextlib.py", line 162, in __exit__
    self.gen.throw(value)
    ~~~~~~~~~~~~~~^^^^^^^
  File "C:\Users\inven\OneDrive\Documentos\GitHub\watchlist\6.Trading_Journal\backend\.venv\Lib\site-packages\httpx\_transports\default.py", line 118, in map_httpcore_exceptions
    raise mapped_exc(message) from exc
httpx.ReadTimeout

2026-01-28 19:40:46,181 | INFO | services.position_monitor | Position monitor started (interval: 5.0s)
2026-01-28 19:40:46,182 | INFO | main | All services started successfully
2026-01-28 19:40:56,635 | ERROR | services.position_monitor | Error fetching positions: ReadTimeout: 
2026-01-28 19:40:56,641 | ERROR | services.position_monitor | Traceback (most recent call last):
  File "C:\Users\inven\OneDrive\Documentos\GitHub\watchlist\6.Trading_Journal\backend\.venv\Lib\site-packages\httpx\_transports\default.py", line 101, in map_httpcore_exceptions
    yield
  File "C:\Users\inven\OneDrive\Documentos\GitHub\watchlist\6.Trading_Journal\backend\.venv\Lib\site-packages\httpx\_transports\default.py", line 394, in handle_async_request
    resp = await self._pool.handle_async_request(req)
           ^^^^^^^^^^^^^^^^^^^^^^^^^^^^^^^^^^^^^^^^^^
  File "C:\Users\inven\OneDrive\Documentos\GitHub\watchlist\6.Trading_Journal\backend\.venv\Lib\site-packages\httpcore\_async\connection_pool.py", line 256, in handle_async_request
    raise exc from None
  File "C:\Users\inven\OneDrive\Documentos\GitHub\watchlist\6.Trading_Journal\backend\.venv\Lib\site-packages\httpcore\_async\connection_pool.py", line 236, in handle_async_request
    response = await connection.handle_async_request(
               ^^^^^^^^^^^^^^^^^^^^^^^^^^^^^^^^^^^^^^
        pool_request.request
        ^^^^^^^^^^^^^^^^^^^^
    )
    ^
  File "C:\Users\inven\OneDrive\Documentos\GitHub\watchlist\6.Trading_Journal\backend\.venv\Lib\site-packages\httpcore\_async\connection.py", line 103, in handle_async_request
    return await self._connection.handle_async_request(request)
           ^^^^^^^^^^^^^^^^^^^^^^^^^^^^^^^^^^^^^^^^^^^^^^^^^^^^
  File "C:\Users\inven\OneDrive\Documentos\GitHub\watchlist\6.Trading_Journal\backend\.venv\Lib\site-packages\httpcore\_async\http11.py", line 136, in handle_async_request
    raise exc
  File "C:\Users\inven\OneDrive\Documentos\GitHub\watchlist\6.Trading_Journal\backend\.venv\Lib\site-packages\httpcore\_async\http11.py", line 106, in handle_async_request
    ) = await self._receive_response_headers(**kwargs)
        ^^^^^^^^^^^^^^^^^^^^^^^^^^^^^^^^^^^^^^^^^^^^^^
  File "C:\Users\inven\OneDrive\Documentos\GitHub\watchlist\6.Trading_Journal\backend\.venv\Lib\site-packages\httpcore\_async\http11.py", line 177, in _receive_response_headers
    event = await self._receive_event(timeout=timeout)
            ^^^^^^^^^^^^^^^^^^^^^^^^^^^^^^^^^^^^^^^^^^
  File "C:\Users\inven\OneDrive\Documentos\GitHub\watchlist\6.Trading_Journal\backend\.venv\Lib\site-packages\httpcore\_async\http11.py", line 217, in _receive_event
    data = await self._network_stream.read(
           ^^^^^^^^^^^^^^^^^^^^^^^^^^^^^^^^
        self.READ_NUM_BYTES, timeout=timeout
        ^^^^^^^^^^^^^^^^^^^^^^^^^^^^^^^^^^^^
    )
    ^
  File "C:\Users\inven\OneDrive\Documentos\GitHub\watchlist\6.Trading_Journal\backend\.venv\Lib\site-packages\httpcore\_backends\anyio.py", line 32, in read
    with map_exceptions(exc_map):
         ~~~~~~~~~~~~~~^^^^^^^^^
  File "C:\Python314\Lib\contextlib.py", line 162, in __exit__
    self.gen.throw(value)
    ~~~~~~~~~~~~~~^^^^^^^
  File "C:\Users\inven\OneDrive\Documentos\GitHub\watchlist\6.Trading_Journal\backend\.venv\Lib\site-packages\httpcore\_exceptions.py", line 14, in map_exceptions
    raise to_exc(exc) from exc
httpcore.ReadTimeout

The above exception was the direct cause of the following exception:

Traceback (most recent call last):
  File "C:\Users\inven\OneDrive\Documentos\GitHub\watchlist\6.Trading_Journal\backend\services\position_monitor.py", line 186, in _fetch_positions
    response = await self._http_client.get(
               ^^^^^^^^^^^^^^^^^^^^^^^^^^^^
        f"{self.trading_bot_url}/api/positions"
        ^^^^^^^^^^^^^^^^^^^^^^^^^^^^^^^^^^^^^^^
    )
    ^
  File "C:\Users\inven\OneDrive\Documentos\GitHub\watchlist\6.Trading_Journal\backend\.venv\Lib\site-packages\httpx\_client.py", line 1768, in get
    return await self.request(
           ^^^^^^^^^^^^^^^^^^^
    ...<9 lines>...
    )
    ^
  File "C:\Users\inven\OneDrive\Documentos\GitHub\watchlist\6.Trading_Journal\backend\.venv\Lib\site-packages\httpx\_client.py", line 1540, in request
    return await self.send(request, auth=auth, follow_redirects=follow_redirects)
           ^^^^^^^^^^^^^^^^^^^^^^^^^^^^^^^^^^^^^^^^^^^^^^^^^^^^^^^^^^^^^^^^^^^^^^
  File "C:\Users\inven\OneDrive\Documentos\GitHub\watchlist\6.Trading_Journal\backend\.venv\Lib\site-packages\httpx\_client.py", line 1629, in send
    response = await self._send_handling_auth(
               ^^^^^^^^^^^^^^^^^^^^^^^^^^^^^^^
    ...<4 lines>...
    )
    ^
  File "C:\Users\inven\OneDrive\Documentos\GitHub\watchlist\6.Trading_Journal\backend\.venv\Lib\site-packages\httpx\_client.py", line 1657, in _send_handling_auth
    response = await self._send_handling_redirects(
               ^^^^^^^^^^^^^^^^^^^^^^^^^^^^^^^^^^^^
    ...<3 lines>...
    )
    ^
  File "C:\Users\inven\OneDrive\Documentos\GitHub\watchlist\6.Trading_Journal\backend\.venv\Lib\site-packages\httpx\_client.py", line 1694, in _send_handling_redirects
    response = await self._send_single_request(request)
               ^^^^^^^^^^^^^^^^^^^^^^^^^^^^^^^^^^^^^^^^
  File "C:\Users\inven\OneDrive\Documentos\GitHub\watchlist\6.Trading_Journal\backend\.venv\Lib\site-packages\httpx\_client.py", line 1730, in _send_single_request
    response = await transport.handle_async_request(request)
               ^^^^^^^^^^^^^^^^^^^^^^^^^^^^^^^^^^^^^^^^^^^^^
  File "C:\Users\inven\OneDrive\Documentos\GitHub\watchlist\6.Trading_Journal\backend\.venv\Lib\site-packages\httpx\_transports\default.py", line 393, in handle_async_request
    with map_httpcore_exceptions():
         ~~~~~~~~~~~~~~~~~~~~~~~^^
  File "C:\Python314\Lib\contextlib.py", line 162, in __exit__
    self.gen.throw(value)
    ~~~~~~~~~~~~~~^^^^^^^
  File "C:\Users\inven\OneDrive\Documentos\GitHub\watchlist\6.Trading_Journal\backend\.venv\Lib\site-packages\httpx\_transports\default.py", line 118, in map_httpcore_exceptions
    raise mapped_exc(message) from exc
httpx.ReadTimeout

2026-01-28 19:41:11,931 | ERROR | services.position_monitor | Error fetching positions: ReadTimeout: 
2026-01-28 19:41:11,935 | ERROR | services.position_monitor | Traceback (most recent call last):
  File "C:\Users\inven\OneDrive\Documentos\GitHub\watchlist\6.Trading_Journal\backend\.venv\Lib\site-packages\httpx\_transports\default.py", line 101, in map_httpcore_exceptions
    yield
  File "C:\Users\inven\OneDrive\Documentos\GitHub\watchlist\6.Trading_Journal\backend\.venv\Lib\site-packages\httpx\_transports\default.py", line 394, in handle_async_request
    resp = await self._pool.handle_async_request(req)
           ^^^^^^^^^^^^^^^^^^^^^^^^^^^^^^^^^^^^^^^^^^
  File "C:\Users\inven\OneDrive\Documentos\GitHub\watchlist\6.Trading_Journal\backend\.venv\Lib\site-packages\httpcore\_async\connection_pool.py", line 256, in handle_async_request
    raise exc from None
  File "C:\Users\inven\OneDrive\Documentos\GitHub\watchlist\6.Trading_Journal\backend\.venv\Lib\site-packages\httpcore\_async\connection_pool.py", line 236, in handle_async_request
    response = await connection.handle_async_request(
               ^^^^^^^^^^^^^^^^^^^^^^^^^^^^^^^^^^^^^^
        pool_request.request
        ^^^^^^^^^^^^^^^^^^^^
    )
    ^
  File "C:\Users\inven\OneDrive\Documentos\GitHub\watchlist\6.Trading_Journal\backend\.venv\Lib\site-packages\httpcore\_async\connection.py", line 103, in handle_async_request
    return await self._connection.handle_async_request(request)
           ^^^^^^^^^^^^^^^^^^^^^^^^^^^^^^^^^^^^^^^^^^^^^^^^^^^^
  File "C:\Users\inven\OneDrive\Documentos\GitHub\watchlist\6.Trading_Journal\backend\.venv\Lib\site-packages\httpcore\_async\http11.py", line 136, in handle_async_request
    raise exc
  File "C:\Users\inven\OneDrive\Documentos\GitHub\watchlist\6.Trading_Journal\backend\.venv\Lib\site-packages\httpcore\_async\http11.py", line 106, in handle_async_request
    ) = await self._receive_response_headers(**kwargs)
        ^^^^^^^^^^^^^^^^^^^^^^^^^^^^^^^^^^^^^^^^^^^^^^
  File "C:\Users\inven\OneDrive\Documentos\GitHub\watchlist\6.Trading_Journal\backend\.venv\Lib\site-packages\httpcore\_async\http11.py", line 177, in _receive_response_headers
    event = await self._receive_event(timeout=timeout)
            ^^^^^^^^^^^^^^^^^^^^^^^^^^^^^^^^^^^^^^^^^^
  File "C:\Users\inven\OneDrive\Documentos\GitHub\watchlist\6.Trading_Journal\backend\.venv\Lib\site-packages\httpcore\_async\http11.py", line 217, in _receive_event
    data = await self._network_stream.read(
           ^^^^^^^^^^^^^^^^^^^^^^^^^^^^^^^^
        self.READ_NUM_BYTES, timeout=timeout
        ^^^^^^^^^^^^^^^^^^^^^^^^^^^^^^^^^^^^
    )
    ^
  File "C:\Users\inven\OneDrive\Documentos\GitHub\watchlist\6.Trading_Journal\backend\.venv\Lib\site-packages\httpcore\_backends\anyio.py", line 32, in read
    with map_exceptions(exc_map):
         ~~~~~~~~~~~~~~^^^^^^^^^
  File "C:\Python314\Lib\contextlib.py", line 162, in __exit__
    self.gen.throw(value)
    ~~~~~~~~~~~~~~^^^^^^^
  File "C:\Users\inven\OneDrive\Documentos\GitHub\watchlist\6.Trading_Journal\backend\.venv\Lib\site-packages\httpcore\_exceptions.py", line 14, in map_exceptions
    raise to_exc(exc) from exc
httpcore.ReadTimeout

The above exception was the direct cause of the following exception:

Traceback (most recent call last):
  File "C:\Users\inven\OneDrive\Documentos\GitHub\watchlist\6.Trading_Journal\backend\services\position_monitor.py", line 186, in _fetch_positions
    response = await self._http_client.get(
               ^^^^^^^^^^^^^^^^^^^^^^^^^^^^
        f"{self.trading_bot_url}/api/positions"
        ^^^^^^^^^^^^^^^^^^^^^^^^^^^^^^^^^^^^^^^
    )
    ^
  File "C:\Users\inven\OneDrive\Documentos\GitHub\watchlist\6.Trading_Journal\backend\.venv\Lib\site-packages\httpx\_client.py", line 1768, in get
    return await self.request(
           ^^^^^^^^^^^^^^^^^^^
    ...<9 lines>...
    )
    ^
  File "C:\Users\inven\OneDrive\Documentos\GitHub\watchlist\6.Trading_Journal\backend\.venv\Lib\site-packages\httpx\_client.py", line 1540, in request
    return await self.send(request, auth=auth, follow_redirects=follow_redirects)
           ^^^^^^^^^^^^^^^^^^^^^^^^^^^^^^^^^^^^^^^^^^^^^^^^^^^^^^^^^^^^^^^^^^^^^^
  File "C:\Users\inven\OneDrive\Documentos\GitHub\watchlist\6.Trading_Journal\backend\.venv\Lib\site-packages\httpx\_client.py", line 1629, in send
    response = await self._send_handling_auth(
               ^^^^^^^^^^^^^^^^^^^^^^^^^^^^^^^
    ...<4 lines>...
    )
    ^
  File "C:\Users\inven\OneDrive\Documentos\GitHub\watchlist\6.Trading_Journal\backend\.venv\Lib\site-packages\httpx\_client.py", line 1657, in _send_handling_auth
    response = await self._send_handling_redirects(
               ^^^^^^^^^^^^^^^^^^^^^^^^^^^^^^^^^^^^
    ...<3 lines>...
    )
    ^
  File "C:\Users\inven\OneDrive\Documentos\GitHub\watchlist\6.Trading_Journal\backend\.venv\Lib\site-packages\httpx\_client.py", line 1694, in _send_handling_redirects
    response = await self._send_single_request(request)
               ^^^^^^^^^^^^^^^^^^^^^^^^^^^^^^^^^^^^^^^^
  File "C:\Users\inven\OneDrive\Documentos\GitHub\watchlist\6.Trading_Journal\backend\.venv\Lib\site-packages\httpx\_client.py", line 1730, in _send_single_request
    response = await transport.handle_async_request(request)
               ^^^^^^^^^^^^^^^^^^^^^^^^^^^^^^^^^^^^^^^^^^^^^
  File "C:\Users\inven\OneDrive\Documentos\GitHub\watchlist\6.Trading_Journal\backend\.venv\Lib\site-packages\httpx\_transports\default.py", line 393, in handle_async_request
    with map_httpcore_exceptions():
         ~~~~~~~~~~~~~~~~~~~~~~~^^
  File "C:\Python314\Lib\contextlib.py", line 162, in __exit__
    self.gen.throw(value)
    ~~~~~~~~~~~~~~^^^^^^^
  File "C:\Users\inven\OneDrive\Documentos\GitHub\watchlist\6.Trading_Journal\backend\.venv\Lib\site-packages\httpx\_transports\default.py", line 118, in map_httpcore_exceptions
    raise mapped_exc(message) from exc
httpx.ReadTimeout

2026-01-28 19:41:27,218 | ERROR | services.position_monitor | Error fetching positions: ReadTimeout: 
2026-01-28 19:41:27,222 | ERROR | services.position_monitor | Traceback (most recent call last):
  File "C:\Users\inven\OneDrive\Documentos\GitHub\watchlist\6.Trading_Journal\backend\.venv\Lib\site-packages\httpx\_transports\default.py", line 101, in map_httpcore_exceptions
    yield
  File "C:\Users\inven\OneDrive\Documentos\GitHub\watchlist\6.Trading_Journal\backend\.venv\Lib\site-packages\httpx\_transports\default.py", line 394, in handle_async_request
    resp = await self._pool.handle_async_request(req)
           ^^^^^^^^^^^^^^^^^^^^^^^^^^^^^^^^^^^^^^^^^^
  File "C:\Users\inven\OneDrive\Documentos\GitHub\watchlist\6.Trading_Journal\backend\.venv\Lib\site-packages\httpcore\_async\connection_pool.py", line 256, in handle_async_request
    raise exc from None
  File "C:\Users\inven\OneDrive\Documentos\GitHub\watchlist\6.Trading_Journal\backend\.venv\Lib\site-packages\httpcore\_async\connection_pool.py", line 236, in handle_async_request
    response = await connection.handle_async_request(
               ^^^^^^^^^^^^^^^^^^^^^^^^^^^^^^^^^^^^^^
        pool_request.request
        ^^^^^^^^^^^^^^^^^^^^
    )
    ^
  File "C:\Users\inven\OneDrive\Documentos\GitHub\watchlist\6.Trading_Journal\backend\.venv\Lib\site-packages\httpcore\_async\connection.py", line 103, in handle_async_request
    return await self._connection.handle_async_request(request)
           ^^^^^^^^^^^^^^^^^^^^^^^^^^^^^^^^^^^^^^^^^^^^^^^^^^^^
  File "C:\Users\inven\OneDrive\Documentos\GitHub\watchlist\6.Trading_Journal\backend\.venv\Lib\site-packages\httpcore\_async\http11.py", line 136, in handle_async_request
    raise exc
  File "C:\Users\inven\OneDrive\Documentos\GitHub\watchlist\6.Trading_Journal\backend\.venv\Lib\site-packages\httpcore\_async\http11.py", line 106, in handle_async_request
    ) = await self._receive_response_headers(**kwargs)
        ^^^^^^^^^^^^^^^^^^^^^^^^^^^^^^^^^^^^^^^^^^^^^^
  File "C:\Users\inven\OneDrive\Documentos\GitHub\watchlist\6.Trading_Journal\backend\.venv\Lib\site-packages\httpcore\_async\http11.py", line 177, in _receive_response_headers
    event = await self._receive_event(timeout=timeout)
            ^^^^^^^^^^^^^^^^^^^^^^^^^^^^^^^^^^^^^^^^^^
  File "C:\Users\inven\OneDrive\Documentos\GitHub\watchlist\6.Trading_Journal\backend\.venv\Lib\site-packages\httpcore\_async\http11.py", line 217, in _receive_event
    data = await self._network_stream.read(
           ^^^^^^^^^^^^^^^^^^^^^^^^^^^^^^^^
        self.READ_NUM_BYTES, timeout=timeout
        ^^^^^^^^^^^^^^^^^^^^^^^^^^^^^^^^^^^^
    )
    ^
  File "C:\Users\inven\OneDrive\Documentos\GitHub\watchlist\6.Trading_Journal\backend\.venv\Lib\site-packages\httpcore\_backends\anyio.py", line 32, in read
    with map_exceptions(exc_map):
         ~~~~~~~~~~~~~~^^^^^^^^^
  File "C:\Python314\Lib\contextlib.py", line 162, in __exit__
    self.gen.throw(value)
    ~~~~~~~~~~~~~~^^^^^^^
  File "C:\Users\inven\OneDrive\Documentos\GitHub\watchlist\6.Trading_Journal\backend\.venv\Lib\site-packages\httpcore\_exceptions.py", line 14, in map_exceptions
    raise to_exc(exc) from exc
httpcore.ReadTimeout

The above exception was the direct cause of the following exception:

Traceback (most recent call last):
  File "C:\Users\inven\OneDrive\Documentos\GitHub\watchlist\6.Trading_Journal\backend\services\position_monitor.py", line 186, in _fetch_positions
    response = await self._http_client.get(
               ^^^^^^^^^^^^^^^^^^^^^^^^^^^^
        f"{self.trading_bot_url}/api/positions"
        ^^^^^^^^^^^^^^^^^^^^^^^^^^^^^^^^^^^^^^^
    )
    ^
  File "C:\Users\inven\OneDrive\Documentos\GitHub\watchlist\6.Trading_Journal\backend\.venv\Lib\site-packages\httpx\_client.py", line 1768, in get
    return await self.request(
           ^^^^^^^^^^^^^^^^^^^
    ...<9 lines>...
    )
    ^
  File "C:\Users\inven\OneDrive\Documentos\GitHub\watchlist\6.Trading_Journal\backend\.venv\Lib\site-packages\httpx\_client.py", line 1540, in request
    return await self.send(request, auth=auth, follow_redirects=follow_redirects)
           ^^^^^^^^^^^^^^^^^^^^^^^^^^^^^^^^^^^^^^^^^^^^^^^^^^^^^^^^^^^^^^^^^^^^^^
  File "C:\Users\inven\OneDrive\Documentos\GitHub\watchlist\6.Trading_Journal\backend\.venv\Lib\site-packages\httpx\_client.py", line 1629, in send
    response = await self._send_handling_auth(
               ^^^^^^^^^^^^^^^^^^^^^^^^^^^^^^^
    ...<4 lines>...
    )
    ^
  File "C:\Users\inven\OneDrive\Documentos\GitHub\watchlist\6.Trading_Journal\backend\.venv\Lib\site-packages\httpx\_client.py", line 1657, in _send_handling_auth
    response = await self._send_handling_redirects(
               ^^^^^^^^^^^^^^^^^^^^^^^^^^^^^^^^^^^^
    ...<3 lines>...
    )
    ^
  File "C:\Users\inven\OneDrive\Documentos\GitHub\watchlist\6.Trading_Journal\backend\.venv\Lib\site-packages\httpx\_client.py", line 1694, in _send_handling_redirects
    response = await self._send_single_request(request)
               ^^^^^^^^^^^^^^^^^^^^^^^^^^^^^^^^^^^^^^^^
  File "C:\Users\inven\OneDrive\Documentos\GitHub\watchlist\6.Trading_Journal\backend\.venv\Lib\site-packages\httpx\_client.py", line 1730, in _send_single_request
    response = await transport.handle_async_request(request)
               ^^^^^^^^^^^^^^^^^^^^^^^^^^^^^^^^^^^^^^^^^^^^^
  File "C:\Users\inven\OneDrive\Documentos\GitHub\watchlist\6.Trading_Journal\backend\.venv\Lib\site-packages\httpx\_transports\default.py", line 393, in handle_async_request
    with map_httpcore_exceptions():
         ~~~~~~~~~~~~~~~~~~~~~~~^^
  File "C:\Python314\Lib\contextlib.py", line 162, in __exit__
    self.gen.throw(value)
    ~~~~~~~~~~~~~~^^^^^^^
  File "C:\Users\inven\OneDrive\Documentos\GitHub\watchlist\6.Trading_Journal\backend\.venv\Lib\site-packages\httpx\_transports\default.py", line 118, in map_httpcore_exceptions
    raise mapped_exc(message) from exc
httpx.ReadTimeout

2026-01-28 19:41:42,504 | ERROR | services.position_monitor | Error fetching positions: ReadTimeout: 
2026-01-28 19:41:42,510 | ERROR | services.position_monitor | Traceback (most recent call last):
  File "C:\Users\inven\OneDrive\Documentos\GitHub\watchlist\6.Trading_Journal\backend\.venv\Lib\site-packages\httpx\_transports\default.py", line 101, in map_httpcore_exceptions
    yield
  File "C:\Users\inven\OneDrive\Documentos\GitHub\watchlist\6.Trading_Journal\backend\.venv\Lib\site-packages\httpx\_transports\default.py", line 394, in handle_async_request
    resp = await self._pool.handle_async_request(req)
           ^^^^^^^^^^^^^^^^^^^^^^^^^^^^^^^^^^^^^^^^^^
  File "C:\Users\inven\OneDrive\Documentos\GitHub\watchlist\6.Trading_Journal\backend\.venv\Lib\site-packages\httpcore\_async\connection_pool.py", line 256, in handle_async_request
    raise exc from None
  File "C:\Users\inven\OneDrive\Documentos\GitHub\watchlist\6.Trading_Journal\backend\.venv\Lib\site-packages\httpcore\_async\connection_pool.py", line 236, in handle_async_request
    response = await connection.handle_async_request(
               ^^^^^^^^^^^^^^^^^^^^^^^^^^^^^^^^^^^^^^
        pool_request.request
        ^^^^^^^^^^^^^^^^^^^^
    )
    ^
  File "C:\Users\inven\OneDrive\Documentos\GitHub\watchlist\6.Trading_Journal\backend\.venv\Lib\site-packages\httpcore\_async\connection.py", line 103, in handle_async_request
    return await self._connection.handle_async_request(request)
           ^^^^^^^^^^^^^^^^^^^^^^^^^^^^^^^^^^^^^^^^^^^^^^^^^^^^
  File "C:\Users\inven\OneDrive\Documentos\GitHub\watchlist\6.Trading_Journal\backend\.venv\Lib\site-packages\httpcore\_async\http11.py", line 136, in handle_async_request
    raise exc
  File "C:\Users\inven\OneDrive\Documentos\GitHub\watchlist\6.Trading_Journal\backend\.venv\Lib\site-packages\httpcore\_async\http11.py", line 106, in handle_async_request
    ) = await self._receive_response_headers(**kwargs)
        ^^^^^^^^^^^^^^^^^^^^^^^^^^^^^^^^^^^^^^^^^^^^^^
  File "C:\Users\inven\OneDrive\Documentos\GitHub\watchlist\6.Trading_Journal\backend\.venv\Lib\site-packages\httpcore\_async\http11.py", line 177, in _receive_response_headers
    event = await self._receive_event(timeout=timeout)
            ^^^^^^^^^^^^^^^^^^^^^^^^^^^^^^^^^^^^^^^^^^
  File "C:\Users\inven\OneDrive\Documentos\GitHub\watchlist\6.Trading_Journal\backend\.venv\Lib\site-packages\httpcore\_async\http11.py", line 217, in _receive_event
    data = await self._network_stream.read(
           ^^^^^^^^^^^^^^^^^^^^^^^^^^^^^^^^
        self.READ_NUM_BYTES, timeout=timeout
        ^^^^^^^^^^^^^^^^^^^^^^^^^^^^^^^^^^^^
    )
    ^
  File "C:\Users\inven\OneDrive\Documentos\GitHub\watchlist\6.Trading_Journal\backend\.venv\Lib\site-packages\httpcore\_backends\anyio.py", line 32, in read
    with map_exceptions(exc_map):
         ~~~~~~~~~~~~~~^^^^^^^^^
  File "C:\Python314\Lib\contextlib.py", line 162, in __exit__
    self.gen.throw(value)
    ~~~~~~~~~~~~~~^^^^^^^
  File "C:\Users\inven\OneDrive\Documentos\GitHub\watchlist\6.Trading_Journal\backend\.venv\Lib\site-packages\httpcore\_exceptions.py", line 14, in map_exceptions
    raise to_exc(exc) from exc
httpcore.ReadTimeout

The above exception was the direct cause of the following exception:

Traceback (most recent call last):
  File "C:\Users\inven\OneDrive\Documentos\GitHub\watchlist\6.Trading_Journal\backend\services\position_monitor.py", line 186, in _fetch_positions
    response = await self._http_client.get(
               ^^^^^^^^^^^^^^^^^^^^^^^^^^^^
        f"{self.trading_bot_url}/api/positions"
        ^^^^^^^^^^^^^^^^^^^^^^^^^^^^^^^^^^^^^^^
    )
    ^
  File "C:\Users\inven\OneDrive\Documentos\GitHub\watchlist\6.Trading_Journal\backend\.venv\Lib\site-packages\httpx\_client.py", line 1768, in get
    return await self.request(
           ^^^^^^^^^^^^^^^^^^^
    ...<9 lines>...
    )
    ^
  File "C:\Users\inven\OneDrive\Documentos\GitHub\watchlist\6.Trading_Journal\backend\.venv\Lib\site-packages\httpx\_client.py", line 1540, in request
    return await self.send(request, auth=auth, follow_redirects=follow_redirects)
           ^^^^^^^^^^^^^^^^^^^^^^^^^^^^^^^^^^^^^^^^^^^^^^^^^^^^^^^^^^^^^^^^^^^^^^
  File "C:\Users\inven\OneDrive\Documentos\GitHub\watchlist\6.Trading_Journal\backend\.venv\Lib\site-packages\httpx\_client.py", line 1629, in send
    response = await self._send_handling_auth(
               ^^^^^^^^^^^^^^^^^^^^^^^^^^^^^^^
    ...<4 lines>...
    )
    ^
  File "C:\Users\inven\OneDrive\Documentos\GitHub\watchlist\6.Trading_Journal\backend\.venv\Lib\site-packages\httpx\_client.py", line 1657, in _send_handling_auth
    response = await self._send_handling_redirects(
               ^^^^^^^^^^^^^^^^^^^^^^^^^^^^^^^^^^^^
    ...<3 lines>...
    )
    ^
  File "C:\Users\inven\OneDrive\Documentos\GitHub\watchlist\6.Trading_Journal\backend\.venv\Lib\site-packages\httpx\_client.py", line 1694, in _send_handling_redirects
    response = await self._send_single_request(request)
               ^^^^^^^^^^^^^^^^^^^^^^^^^^^^^^^^^^^^^^^^
  File "C:\Users\inven\OneDrive\Documentos\GitHub\watchlist\6.Trading_Journal\backend\.venv\Lib\site-packages\httpx\_client.py", line 1730, in _send_single_request
    response = await transport.handle_async_request(request)
               ^^^^^^^^^^^^^^^^^^^^^^^^^^^^^^^^^^^^^^^^^^^^^
  File "C:\Users\inven\OneDrive\Documentos\GitHub\watchlist\6.Trading_Journal\backend\.venv\Lib\site-packages\httpx\_transports\default.py", line 393, in handle_async_request
    with map_httpcore_exceptions():
         ~~~~~~~~~~~~~~~~~~~~~~~^^
  File "C:\Python314\Lib\contextlib.py", line 162, in __exit__
    self.gen.throw(value)
    ~~~~~~~~~~~~~~^^^^^^^
  File "C:\Users\inven\OneDrive\Documentos\GitHub\watchlist\6.Trading_Journal\backend\.venv\Lib\site-packages\httpx\_transports\default.py", line 118, in map_httpcore_exceptions
    raise mapped_exc(message) from exc
httpx.ReadTimeout

2026-01-28 19:41:57,791 | ERROR | services.position_monitor | Error fetching positions: ReadTimeout: 
2026-01-28 19:41:57,796 | ERROR | services.position_monitor | Traceback (most recent call last):
  File "C:\Users\inven\OneDrive\Documentos\GitHub\watchlist\6.Trading_Journal\backend\.venv\Lib\site-packages\httpx\_transports\default.py", line 101, in map_httpcore_exceptions
    yield
  File "C:\Users\inven\OneDrive\Documentos\GitHub\watchlist\6.Trading_Journal\backend\.venv\Lib\site-packages\httpx\_transports\default.py", line 394, in handle_async_request
    resp = await self._pool.handle_async_request(req)
           ^^^^^^^^^^^^^^^^^^^^^^^^^^^^^^^^^^^^^^^^^^
  File "C:\Users\inven\OneDrive\Documentos\GitHub\watchlist\6.Trading_Journal\backend\.venv\Lib\site-packages\httpcore\_async\connection_pool.py", line 256, in handle_async_request
    raise exc from None
  File "C:\Users\inven\OneDrive\Documentos\GitHub\watchlist\6.Trading_Journal\backend\.venv\Lib\site-packages\httpcore\_async\connection_pool.py", line 236, in handle_async_request
    response = await connection.handle_async_request(
               ^^^^^^^^^^^^^^^^^^^^^^^^^^^^^^^^^^^^^^
        pool_request.request
        ^^^^^^^^^^^^^^^^^^^^
    )
    ^
  File "C:\Users\inven\OneDrive\Documentos\GitHub\watchlist\6.Trading_Journal\backend\.venv\Lib\site-packages\httpcore\_async\connection.py", line 103, in handle_async_request
    return await self._connection.handle_async_request(request)
           ^^^^^^^^^^^^^^^^^^^^^^^^^^^^^^^^^^^^^^^^^^^^^^^^^^^^
  File "C:\Users\inven\OneDrive\Documentos\GitHub\watchlist\6.Trading_Journal\backend\.venv\Lib\site-packages\httpcore\_async\http11.py", line 136, in handle_async_request
    raise exc
  File "C:\Users\inven\OneDrive\Documentos\GitHub\watchlist\6.Trading_Journal\backend\.venv\Lib\site-packages\httpcore\_async\http11.py", line 106, in handle_async_request
    ) = await self._receive_response_headers(**kwargs)
        ^^^^^^^^^^^^^^^^^^^^^^^^^^^^^^^^^^^^^^^^^^^^^^
  File "C:\Users\inven\OneDrive\Documentos\GitHub\watchlist\6.Trading_Journal\backend\.venv\Lib\site-packages\httpcore\_async\http11.py", line 177, in _receive_response_headers
    event = await self._receive_event(timeout=timeout)
            ^^^^^^^^^^^^^^^^^^^^^^^^^^^^^^^^^^^^^^^^^^
  File "C:\Users\inven\OneDrive\Documentos\GitHub\watchlist\6.Trading_Journal\backend\.venv\Lib\site-packages\httpcore\_async\http11.py", line 217, in _receive_event
    data = await self._network_stream.read(
           ^^^^^^^^^^^^^^^^^^^^^^^^^^^^^^^^
        self.READ_NUM_BYTES, timeout=timeout
        ^^^^^^^^^^^^^^^^^^^^^^^^^^^^^^^^^^^^
    )
    ^
  File "C:\Users\inven\OneDrive\Documentos\GitHub\watchlist\6.Trading_Journal\backend\.venv\Lib\site-packages\httpcore\_backends\anyio.py", line 32, in read
    with map_exceptions(exc_map):
         ~~~~~~~~~~~~~~^^^^^^^^^
  File "C:\Python314\Lib\contextlib.py", line 162, in __exit__
    self.gen.throw(value)
    ~~~~~~~~~~~~~~^^^^^^^
  File "C:\Users\inven\OneDrive\Documentos\GitHub\watchlist\6.Trading_Journal\backend\.venv\Lib\site-packages\httpcore\_exceptions.py", line 14, in map_exceptions
    raise to_exc(exc) from exc
httpcore.ReadTimeout

The above exception was the direct cause of the following exception:

Traceback (most recent call last):
  File "C:\Users\inven\OneDrive\Documentos\GitHub\watchlist\6.Trading_Journal\backend\services\position_monitor.py", line 186, in _fetch_positions
    response = await self._http_client.get(
               ^^^^^^^^^^^^^^^^^^^^^^^^^^^^
        f"{self.trading_bot_url}/api/positions"
        ^^^^^^^^^^^^^^^^^^^^^^^^^^^^^^^^^^^^^^^
    )
    ^
  File "C:\Users\inven\OneDrive\Documentos\GitHub\watchlist\6.Trading_Journal\backend\.venv\Lib\site-packages\httpx\_client.py", line 1768, in get
    return await self.request(
           ^^^^^^^^^^^^^^^^^^^
    ...<9 lines>...
    )
    ^
  File "C:\Users\inven\OneDrive\Documentos\GitHub\watchlist\6.Trading_Journal\backend\.venv\Lib\site-packages\httpx\_client.py", line 1540, in request
    return await self.send(request, auth=auth, follow_redirects=follow_redirects)
           ^^^^^^^^^^^^^^^^^^^^^^^^^^^^^^^^^^^^^^^^^^^^^^^^^^^^^^^^^^^^^^^^^^^^^^
  File "C:\Users\inven\OneDrive\Documentos\GitHub\watchlist\6.Trading_Journal\backend\.venv\Lib\site-packages\httpx\_client.py", line 1629, in send
    response = await self._send_handling_auth(
               ^^^^^^^^^^^^^^^^^^^^^^^^^^^^^^^
    ...<4 lines>...
    )
    ^
  File "C:\Users\inven\OneDrive\Documentos\GitHub\watchlist\6.Trading_Journal\backend\.venv\Lib\site-packages\httpx\_client.py", line 1657, in _send_handling_auth
    response = await self._send_handling_redirects(
               ^^^^^^^^^^^^^^^^^^^^^^^^^^^^^^^^^^^^
    ...<3 lines>...
    )
    ^
  File "C:\Users\inven\OneDrive\Documentos\GitHub\watchlist\6.Trading_Journal\backend\.venv\Lib\site-packages\httpx\_client.py", line 1694, in _send_handling_redirects
    response = await self._send_single_request(request)
               ^^^^^^^^^^^^^^^^^^^^^^^^^^^^^^^^^^^^^^^^
  File "C:\Users\inven\OneDrive\Documentos\GitHub\watchlist\6.Trading_Journal\backend\.venv\Lib\site-packages\httpx\_client.py", line 1730, in _send_single_request
    response = await transport.handle_async_request(request)
               ^^^^^^^^^^^^^^^^^^^^^^^^^^^^^^^^^^^^^^^^^^^^^
  File "C:\Users\inven\OneDrive\Documentos\GitHub\watchlist\6.Trading_Journal\backend\.venv\Lib\site-packages\httpx\_transports\default.py", line 393, in handle_async_request
    with map_httpcore_exceptions():
         ~~~~~~~~~~~~~~~~~~~~~~~^^
  File "C:\Python314\Lib\contextlib.py", line 162, in __exit__
    self.gen.throw(value)
    ~~~~~~~~~~~~~~^^^^^^^
  File "C:\Users\inven\OneDrive\Documentos\GitHub\watchlist\6.Trading_Journal\backend\.venv\Lib\site-packages\httpx\_transports\default.py", line 118, in map_httpcore_exceptions
    raise mapped_exc(message) from exc
httpx.ReadTimeout

2026-01-28 19:45:35,067 | INFO | store.journal_store | Database initialized at data/journal.db
2026-01-28 19:45:36,543 | INFO | store.journal_store | Database initialized at data/journal.db
2026-01-28 19:45:36,779 | INFO | store.journal_store | Database initialized at data/journal.db
2026-01-28 19:45:36,836 | INFO | main | ============================================================
2026-01-28 19:45:36,837 | INFO | main | Trading Journal Backend starting...
2026-01-28 19:45:36,837 | INFO | main | Database: data/journal.db
2026-01-28 19:45:36,837 | INFO | main | Screenshots: screenshots/
2026-01-28 19:45:36,838 | INFO | main | ============================================================
2026-01-28 19:45:36,840 | INFO | services.screenshot_service | Screenshot service initialized (mplfinance fallback only)
2026-01-28 19:45:37,563 | INFO | services.position_monitor | Loaded 0 existing open entries
2026-01-28 19:45:47,864 | ERROR | services.position_monitor | Error fetching positions: ReadTimeout: 
2026-01-28 19:45:47,876 | ERROR | services.position_monitor | Traceback (most recent call last):
  File "C:\Users\inven\OneDrive\Documentos\GitHub\watchlist\6.Trading_Journal\backend\.venv\Lib\site-packages\httpx\_transports\default.py", line 101, in map_httpcore_exceptions
    yield
  File "C:\Users\inven\OneDrive\Documentos\GitHub\watchlist\6.Trading_Journal\backend\.venv\Lib\site-packages\httpx\_transports\default.py", line 394, in handle_async_request
    resp = await self._pool.handle_async_request(req)
           ^^^^^^^^^^^^^^^^^^^^^^^^^^^^^^^^^^^^^^^^^^
  File "C:\Users\inven\OneDrive\Documentos\GitHub\watchlist\6.Trading_Journal\backend\.venv\Lib\site-packages\httpcore\_async\connection_pool.py", line 256, in handle_async_request
    raise exc from None
  File "C:\Users\inven\OneDrive\Documentos\GitHub\watchlist\6.Trading_Journal\backend\.venv\Lib\site-packages\httpcore\_async\connection_pool.py", line 236, in handle_async_request
    response = await connection.handle_async_request(
               ^^^^^^^^^^^^^^^^^^^^^^^^^^^^^^^^^^^^^^
        pool_request.request
        ^^^^^^^^^^^^^^^^^^^^
    )
    ^
  File "C:\Users\inven\OneDrive\Documentos\GitHub\watchlist\6.Trading_Journal\backend\.venv\Lib\site-packages\httpcore\_async\connection.py", line 103, in handle_async_request
    return await self._connection.handle_async_request(request)
           ^^^^^^^^^^^^^^^^^^^^^^^^^^^^^^^^^^^^^^^^^^^^^^^^^^^^
  File "C:\Users\inven\OneDrive\Documentos\GitHub\watchlist\6.Trading_Journal\backend\.venv\Lib\site-packages\httpcore\_async\http11.py", line 136, in handle_async_request
    raise exc
  File "C:\Users\inven\OneDrive\Documentos\GitHub\watchlist\6.Trading_Journal\backend\.venv\Lib\site-packages\httpcore\_async\http11.py", line 106, in handle_async_request
    ) = await self._receive_response_headers(**kwargs)
        ^^^^^^^^^^^^^^^^^^^^^^^^^^^^^^^^^^^^^^^^^^^^^^
  File "C:\Users\inven\OneDrive\Documentos\GitHub\watchlist\6.Trading_Journal\backend\.venv\Lib\site-packages\httpcore\_async\http11.py", line 177, in _receive_response_headers
    event = await self._receive_event(timeout=timeout)
            ^^^^^^^^^^^^^^^^^^^^^^^^^^^^^^^^^^^^^^^^^^
  File "C:\Users\inven\OneDrive\Documentos\GitHub\watchlist\6.Trading_Journal\backend\.venv\Lib\site-packages\httpcore\_async\http11.py", line 217, in _receive_event
    data = await self._network_stream.read(
           ^^^^^^^^^^^^^^^^^^^^^^^^^^^^^^^^
        self.READ_NUM_BYTES, timeout=timeout
        ^^^^^^^^^^^^^^^^^^^^^^^^^^^^^^^^^^^^
    )
    ^
  File "C:\Users\inven\OneDrive\Documentos\GitHub\watchlist\6.Trading_Journal\backend\.venv\Lib\site-packages\httpcore\_backends\anyio.py", line 32, in read
    with map_exceptions(exc_map):
         ~~~~~~~~~~~~~~^^^^^^^^^
  File "C:\Python314\Lib\contextlib.py", line 162, in __exit__
    self.gen.throw(value)
    ~~~~~~~~~~~~~~^^^^^^^
  File "C:\Users\inven\OneDrive\Documentos\GitHub\watchlist\6.Trading_Journal\backend\.venv\Lib\site-packages\httpcore\_exceptions.py", line 14, in map_exceptions
    raise to_exc(exc) from exc
httpcore.ReadTimeout

The above exception was the direct cause of the following exception:

Traceback (most recent call last):
  File "C:\Users\inven\OneDrive\Documentos\GitHub\watchlist\6.Trading_Journal\backend\services\position_monitor.py", line 186, in _fetch_positions
    response = await self._http_client.get(
               ^^^^^^^^^^^^^^^^^^^^^^^^^^^^
        f"{self.trading_bot_url}/api/positions"
        ^^^^^^^^^^^^^^^^^^^^^^^^^^^^^^^^^^^^^^^
    )
    ^
  File "C:\Users\inven\OneDrive\Documentos\GitHub\watchlist\6.Trading_Journal\backend\.venv\Lib\site-packages\httpx\_client.py", line 1768, in get
    return await self.request(
           ^^^^^^^^^^^^^^^^^^^
    ...<9 lines>...
    )
    ^
  File "C:\Users\inven\OneDrive\Documentos\GitHub\watchlist\6.Trading_Journal\backend\.venv\Lib\site-packages\httpx\_client.py", line 1540, in request
    return await self.send(request, auth=auth, follow_redirects=follow_redirects)
           ^^^^^^^^^^^^^^^^^^^^^^^^^^^^^^^^^^^^^^^^^^^^^^^^^^^^^^^^^^^^^^^^^^^^^^
  File "C:\Users\inven\OneDrive\Documentos\GitHub\watchlist\6.Trading_Journal\backend\.venv\Lib\site-packages\httpx\_client.py", line 1629, in send
    response = await self._send_handling_auth(
               ^^^^^^^^^^^^^^^^^^^^^^^^^^^^^^^
    ...<4 lines>...
    )
    ^
  File "C:\Users\inven\OneDrive\Documentos\GitHub\watchlist\6.Trading_Journal\backend\.venv\Lib\site-packages\httpx\_client.py", line 1657, in _send_handling_auth
    response = await self._send_handling_redirects(
               ^^^^^^^^^^^^^^^^^^^^^^^^^^^^^^^^^^^^
    ...<3 lines>...
    )
    ^
  File "C:\Users\inven\OneDrive\Documentos\GitHub\watchlist\6.Trading_Journal\backend\.venv\Lib\site-packages\httpx\_client.py", line 1694, in _send_handling_redirects
    response = await self._send_single_request(request)
               ^^^^^^^^^^^^^^^^^^^^^^^^^^^^^^^^^^^^^^^^
  File "C:\Users\inven\OneDrive\Documentos\GitHub\watchlist\6.Trading_Journal\backend\.venv\Lib\site-packages\httpx\_client.py", line 1730, in _send_single_request
    response = await transport.handle_async_request(request)
               ^^^^^^^^^^^^^^^^^^^^^^^^^^^^^^^^^^^^^^^^^^^^^
  File "C:\Users\inven\OneDrive\Documentos\GitHub\watchlist\6.Trading_Journal\backend\.venv\Lib\site-packages\httpx\_transports\default.py", line 393, in handle_async_request
    with map_httpcore_exceptions():
         ~~~~~~~~~~~~~~~~~~~~~~~^^
  File "C:\Python314\Lib\contextlib.py", line 162, in __exit__
    self.gen.throw(value)
    ~~~~~~~~~~~~~~^^^^^^^
  File "C:\Users\inven\OneDrive\Documentos\GitHub\watchlist\6.Trading_Journal\backend\.venv\Lib\site-packages\httpx\_transports\default.py", line 118, in map_httpcore_exceptions
    raise mapped_exc(message) from exc
httpx.ReadTimeout

2026-01-28 19:45:47,877 | INFO | services.position_monitor | Position monitor started (interval: 5.0s)
2026-01-28 19:45:47,877 | INFO | main | All services started successfully
2026-01-28 19:45:58,248 | ERROR | services.position_monitor | Error fetching positions: ReadTimeout: 
2026-01-28 19:45:58,253 | ERROR | services.position_monitor | Traceback (most recent call last):
  File "C:\Users\inven\OneDrive\Documentos\GitHub\watchlist\6.Trading_Journal\backend\.venv\Lib\site-packages\httpx\_transports\default.py", line 101, in map_httpcore_exceptions
    yield
  File "C:\Users\inven\OneDrive\Documentos\GitHub\watchlist\6.Trading_Journal\backend\.venv\Lib\site-packages\httpx\_transports\default.py", line 394, in handle_async_request
    resp = await self._pool.handle_async_request(req)
           ^^^^^^^^^^^^^^^^^^^^^^^^^^^^^^^^^^^^^^^^^^
  File "C:\Users\inven\OneDrive\Documentos\GitHub\watchlist\6.Trading_Journal\backend\.venv\Lib\site-packages\httpcore\_async\connection_pool.py", line 256, in handle_async_request
    raise exc from None
  File "C:\Users\inven\OneDrive\Documentos\GitHub\watchlist\6.Trading_Journal\backend\.venv\Lib\site-packages\httpcore\_async\connection_pool.py", line 236, in handle_async_request
    response = await connection.handle_async_request(
               ^^^^^^^^^^^^^^^^^^^^^^^^^^^^^^^^^^^^^^
        pool_request.request
        ^^^^^^^^^^^^^^^^^^^^
    )
    ^
  File "C:\Users\inven\OneDrive\Documentos\GitHub\watchlist\6.Trading_Journal\backend\.venv\Lib\site-packages\httpcore\_async\connection.py", line 103, in handle_async_request
    return await self._connection.handle_async_request(request)
           ^^^^^^^^^^^^^^^^^^^^^^^^^^^^^^^^^^^^^^^^^^^^^^^^^^^^
  File "C:\Users\inven\OneDrive\Documentos\GitHub\watchlist\6.Trading_Journal\backend\.venv\Lib\site-packages\httpcore\_async\http11.py", line 136, in handle_async_request
    raise exc
  File "C:\Users\inven\OneDrive\Documentos\GitHub\watchlist\6.Trading_Journal\backend\.venv\Lib\site-packages\httpcore\_async\http11.py", line 106, in handle_async_request
    ) = await self._receive_response_headers(**kwargs)
        ^^^^^^^^^^^^^^^^^^^^^^^^^^^^^^^^^^^^^^^^^^^^^^
  File "C:\Users\inven\OneDrive\Documentos\GitHub\watchlist\6.Trading_Journal\backend\.venv\Lib\site-packages\httpcore\_async\http11.py", line 177, in _receive_response_headers
    event = await self._receive_event(timeout=timeout)
            ^^^^^^^^^^^^^^^^^^^^^^^^^^^^^^^^^^^^^^^^^^
  File "C:\Users\inven\OneDrive\Documentos\GitHub\watchlist\6.Trading_Journal\backend\.venv\Lib\site-packages\httpcore\_async\http11.py", line 217, in _receive_event
    data = await self._network_stream.read(
           ^^^^^^^^^^^^^^^^^^^^^^^^^^^^^^^^
        self.READ_NUM_BYTES, timeout=timeout
        ^^^^^^^^^^^^^^^^^^^^^^^^^^^^^^^^^^^^
    )
    ^
  File "C:\Users\inven\OneDrive\Documentos\GitHub\watchlist\6.Trading_Journal\backend\.venv\Lib\site-packages\httpcore\_backends\anyio.py", line 32, in read
    with map_exceptions(exc_map):
         ~~~~~~~~~~~~~~^^^^^^^^^
  File "C:\Python314\Lib\contextlib.py", line 162, in __exit__
    self.gen.throw(value)
    ~~~~~~~~~~~~~~^^^^^^^
  File "C:\Users\inven\OneDrive\Documentos\GitHub\watchlist\6.Trading_Journal\backend\.venv\Lib\site-packages\httpcore\_exceptions.py", line 14, in map_exceptions
    raise to_exc(exc) from exc
httpcore.ReadTimeout

The above exception was the direct cause of the following exception:

Traceback (most recent call last):
  File "C:\Users\inven\OneDrive\Documentos\GitHub\watchlist\6.Trading_Journal\backend\services\position_monitor.py", line 186, in _fetch_positions
    response = await self._http_client.get(
               ^^^^^^^^^^^^^^^^^^^^^^^^^^^^
        f"{self.trading_bot_url}/api/positions"
        ^^^^^^^^^^^^^^^^^^^^^^^^^^^^^^^^^^^^^^^
    )
    ^
  File "C:\Users\inven\OneDrive\Documentos\GitHub\watchlist\6.Trading_Journal\backend\.venv\Lib\site-packages\httpx\_client.py", line 1768, in get
    return await self.request(
           ^^^^^^^^^^^^^^^^^^^
    ...<9 lines>...
    )
    ^
  File "C:\Users\inven\OneDrive\Documentos\GitHub\watchlist\6.Trading_Journal\backend\.venv\Lib\site-packages\httpx\_client.py", line 1540, in request
    return await self.send(request, auth=auth, follow_redirects=follow_redirects)
           ^^^^^^^^^^^^^^^^^^^^^^^^^^^^^^^^^^^^^^^^^^^^^^^^^^^^^^^^^^^^^^^^^^^^^^
  File "C:\Users\inven\OneDrive\Documentos\GitHub\watchlist\6.Trading_Journal\backend\.venv\Lib\site-packages\httpx\_client.py", line 1629, in send
    response = await self._send_handling_auth(
               ^^^^^^^^^^^^^^^^^^^^^^^^^^^^^^^
    ...<4 lines>...
    )
    ^
  File "C:\Users\inven\OneDrive\Documentos\GitHub\watchlist\6.Trading_Journal\backend\.venv\Lib\site-packages\httpx\_client.py", line 1657, in _send_handling_auth
    response = await self._send_handling_redirects(
               ^^^^^^^^^^^^^^^^^^^^^^^^^^^^^^^^^^^^
    ...<3 lines>...
    )
    ^
  File "C:\Users\inven\OneDrive\Documentos\GitHub\watchlist\6.Trading_Journal\backend\.venv\Lib\site-packages\httpx\_client.py", line 1694, in _send_handling_redirects
    response = await self._send_single_request(request)
               ^^^^^^^^^^^^^^^^^^^^^^^^^^^^^^^^^^^^^^^^
  File "C:\Users\inven\OneDrive\Documentos\GitHub\watchlist\6.Trading_Journal\backend\.venv\Lib\site-packages\httpx\_client.py", line 1730, in _send_single_request
    response = await transport.handle_async_request(request)
               ^^^^^^^^^^^^^^^^^^^^^^^^^^^^^^^^^^^^^^^^^^^^^
  File "C:\Users\inven\OneDrive\Documentos\GitHub\watchlist\6.Trading_Journal\backend\.venv\Lib\site-packages\httpx\_transports\default.py", line 393, in handle_async_request
    with map_httpcore_exceptions():
         ~~~~~~~~~~~~~~~~~~~~~~~^^
  File "C:\Python314\Lib\contextlib.py", line 162, in __exit__
    self.gen.throw(value)
    ~~~~~~~~~~~~~~^^^^^^^
  File "C:\Users\inven\OneDrive\Documentos\GitHub\watchlist\6.Trading_Journal\backend\.venv\Lib\site-packages\httpx\_transports\default.py", line 118, in map_httpcore_exceptions
    raise mapped_exc(message) from exc
httpx.ReadTimeout

2026-01-28 19:46:13,545 | ERROR | services.position_monitor | Error fetching positions: ReadTimeout: 
2026-01-28 19:46:13,551 | ERROR | services.position_monitor | Traceback (most recent call last):
  File "C:\Users\inven\OneDrive\Documentos\GitHub\watchlist\6.Trading_Journal\backend\.venv\Lib\site-packages\httpx\_transports\default.py", line 101, in map_httpcore_exceptions
    yield
  File "C:\Users\inven\OneDrive\Documentos\GitHub\watchlist\6.Trading_Journal\backend\.venv\Lib\site-packages\httpx\_transports\default.py", line 394, in handle_async_request
    resp = await self._pool.handle_async_request(req)
           ^^^^^^^^^^^^^^^^^^^^^^^^^^^^^^^^^^^^^^^^^^
  File "C:\Users\inven\OneDrive\Documentos\GitHub\watchlist\6.Trading_Journal\backend\.venv\Lib\site-packages\httpcore\_async\connection_pool.py", line 256, in handle_async_request
    raise exc from None
  File "C:\Users\inven\OneDrive\Documentos\GitHub\watchlist\6.Trading_Journal\backend\.venv\Lib\site-packages\httpcore\_async\connection_pool.py", line 236, in handle_async_request
    response = await connection.handle_async_request(
               ^^^^^^^^^^^^^^^^^^^^^^^^^^^^^^^^^^^^^^
        pool_request.request
        ^^^^^^^^^^^^^^^^^^^^
    )
    ^
  File "C:\Users\inven\OneDrive\Documentos\GitHub\watchlist\6.Trading_Journal\backend\.venv\Lib\site-packages\httpcore\_async\connection.py", line 103, in handle_async_request
    return await self._connection.handle_async_request(request)
           ^^^^^^^^^^^^^^^^^^^^^^^^^^^^^^^^^^^^^^^^^^^^^^^^^^^^
  File "C:\Users\inven\OneDrive\Documentos\GitHub\watchlist\6.Trading_Journal\backend\.venv\Lib\site-packages\httpcore\_async\http11.py", line 136, in handle_async_request
    raise exc
  File "C:\Users\inven\OneDrive\Documentos\GitHub\watchlist\6.Trading_Journal\backend\.venv\Lib\site-packages\httpcore\_async\http11.py", line 106, in handle_async_request
    ) = await self._receive_response_headers(**kwargs)
        ^^^^^^^^^^^^^^^^^^^^^^^^^^^^^^^^^^^^^^^^^^^^^^
  File "C:\Users\inven\OneDrive\Documentos\GitHub\watchlist\6.Trading_Journal\backend\.venv\Lib\site-packages\httpcore\_async\http11.py", line 177, in _receive_response_headers
    event = await self._receive_event(timeout=timeout)
            ^^^^^^^^^^^^^^^^^^^^^^^^^^^^^^^^^^^^^^^^^^
  File "C:\Users\inven\OneDrive\Documentos\GitHub\watchlist\6.Trading_Journal\backend\.venv\Lib\site-packages\httpcore\_async\http11.py", line 217, in _receive_event
    data = await self._network_stream.read(
           ^^^^^^^^^^^^^^^^^^^^^^^^^^^^^^^^
        self.READ_NUM_BYTES, timeout=timeout
        ^^^^^^^^^^^^^^^^^^^^^^^^^^^^^^^^^^^^
    )
    ^
  File "C:\Users\inven\OneDrive\Documentos\GitHub\watchlist\6.Trading_Journal\backend\.venv\Lib\site-packages\httpcore\_backends\anyio.py", line 32, in read
    with map_exceptions(exc_map):
         ~~~~~~~~~~~~~~^^^^^^^^^
  File "C:\Python314\Lib\contextlib.py", line 162, in __exit__
    self.gen.throw(value)
    ~~~~~~~~~~~~~~^^^^^^^
  File "C:\Users\inven\OneDrive\Documentos\GitHub\watchlist\6.Trading_Journal\backend\.venv\Lib\site-packages\httpcore\_exceptions.py", line 14, in map_exceptions
    raise to_exc(exc) from exc
httpcore.ReadTimeout

The above exception was the direct cause of the following exception:

Traceback (most recent call last):
  File "C:\Users\inven\OneDrive\Documentos\GitHub\watchlist\6.Trading_Journal\backend\services\position_monitor.py", line 186, in _fetch_positions
    response = await self._http_client.get(
               ^^^^^^^^^^^^^^^^^^^^^^^^^^^^
        f"{self.trading_bot_url}/api/positions"
        ^^^^^^^^^^^^^^^^^^^^^^^^^^^^^^^^^^^^^^^
    )
    ^
  File "C:\Users\inven\OneDrive\Documentos\GitHub\watchlist\6.Trading_Journal\backend\.venv\Lib\site-packages\httpx\_client.py", line 1768, in get
    return await self.request(
           ^^^^^^^^^^^^^^^^^^^
    ...<9 lines>...
    )
    ^
  File "C:\Users\inven\OneDrive\Documentos\GitHub\watchlist\6.Trading_Journal\backend\.venv\Lib\site-packages\httpx\_client.py", line 1540, in request
    return await self.send(request, auth=auth, follow_redirects=follow_redirects)
           ^^^^^^^^^^^^^^^^^^^^^^^^^^^^^^^^^^^^^^^^^^^^^^^^^^^^^^^^^^^^^^^^^^^^^^
  File "C:\Users\inven\OneDrive\Documentos\GitHub\watchlist\6.Trading_Journal\backend\.venv\Lib\site-packages\httpx\_client.py", line 1629, in send
    response = await self._send_handling_auth(
               ^^^^^^^^^^^^^^^^^^^^^^^^^^^^^^^
    ...<4 lines>...
    )
    ^
  File "C:\Users\inven\OneDrive\Documentos\GitHub\watchlist\6.Trading_Journal\backend\.venv\Lib\site-packages\httpx\_client.py", line 1657, in _send_handling_auth
    response = await self._send_handling_redirects(
               ^^^^^^^^^^^^^^^^^^^^^^^^^^^^^^^^^^^^
    ...<3 lines>...
    )
    ^
  File "C:\Users\inven\OneDrive\Documentos\GitHub\watchlist\6.Trading_Journal\backend\.venv\Lib\site-packages\httpx\_client.py", line 1694, in _send_handling_redirects
    response = await self._send_single_request(request)
               ^^^^^^^^^^^^^^^^^^^^^^^^^^^^^^^^^^^^^^^^
  File "C:\Users\inven\OneDrive\Documentos\GitHub\watchlist\6.Trading_Journal\backend\.venv\Lib\site-packages\httpx\_client.py", line 1730, in _send_single_request
    response = await transport.handle_async_request(request)
               ^^^^^^^^^^^^^^^^^^^^^^^^^^^^^^^^^^^^^^^^^^^^^
  File "C:\Users\inven\OneDrive\Documentos\GitHub\watchlist\6.Trading_Journal\backend\.venv\Lib\site-packages\httpx\_transports\default.py", line 393, in handle_async_request
    with map_httpcore_exceptions():
         ~~~~~~~~~~~~~~~~~~~~~~~^^
  File "C:\Python314\Lib\contextlib.py", line 162, in __exit__
    self.gen.throw(value)
    ~~~~~~~~~~~~~~^^^^^^^
  File "C:\Users\inven\OneDrive\Documentos\GitHub\watchlist\6.Trading_Journal\backend\.venv\Lib\site-packages\httpx\_transports\default.py", line 118, in map_httpcore_exceptions
    raise mapped_exc(message) from exc
httpx.ReadTimeout

2026-01-28 19:46:28,833 | ERROR | services.position_monitor | Error fetching positions: ReadTimeout: 
2026-01-28 19:46:28,841 | ERROR | services.position_monitor | Traceback (most recent call last):
  File "C:\Users\inven\OneDrive\Documentos\GitHub\watchlist\6.Trading_Journal\backend\.venv\Lib\site-packages\httpx\_transports\default.py", line 101, in map_httpcore_exceptions
    yield
  File "C:\Users\inven\OneDrive\Documentos\GitHub\watchlist\6.Trading_Journal\backend\.venv\Lib\site-packages\httpx\_transports\default.py", line 394, in handle_async_request
    resp = await self._pool.handle_async_request(req)
           ^^^^^^^^^^^^^^^^^^^^^^^^^^^^^^^^^^^^^^^^^^
  File "C:\Users\inven\OneDrive\Documentos\GitHub\watchlist\6.Trading_Journal\backend\.venv\Lib\site-packages\httpcore\_async\connection_pool.py", line 256, in handle_async_request
    raise exc from None
  File "C:\Users\inven\OneDrive\Documentos\GitHub\watchlist\6.Trading_Journal\backend\.venv\Lib\site-packages\httpcore\_async\connection_pool.py", line 236, in handle_async_request
    response = await connection.handle_async_request(
               ^^^^^^^^^^^^^^^^^^^^^^^^^^^^^^^^^^^^^^
        pool_request.request
        ^^^^^^^^^^^^^^^^^^^^
    )
    ^
  File "C:\Users\inven\OneDrive\Documentos\GitHub\watchlist\6.Trading_Journal\backend\.venv\Lib\site-packages\httpcore\_async\connection.py", line 103, in handle_async_request
    return await self._connection.handle_async_request(request)
           ^^^^^^^^^^^^^^^^^^^^^^^^^^^^^^^^^^^^^^^^^^^^^^^^^^^^
  File "C:\Users\inven\OneDrive\Documentos\GitHub\watchlist\6.Trading_Journal\backend\.venv\Lib\site-packages\httpcore\_async\http11.py", line 136, in handle_async_request
    raise exc
  File "C:\Users\inven\OneDrive\Documentos\GitHub\watchlist\6.Trading_Journal\backend\.venv\Lib\site-packages\httpcore\_async\http11.py", line 106, in handle_async_request
    ) = await self._receive_response_headers(**kwargs)
        ^^^^^^^^^^^^^^^^^^^^^^^^^^^^^^^^^^^^^^^^^^^^^^
  File "C:\Users\inven\OneDrive\Documentos\GitHub\watchlist\6.Trading_Journal\backend\.venv\Lib\site-packages\httpcore\_async\http11.py", line 177, in _receive_response_headers
    event = await self._receive_event(timeout=timeout)
            ^^^^^^^^^^^^^^^^^^^^^^^^^^^^^^^^^^^^^^^^^^
  File "C:\Users\inven\OneDrive\Documentos\GitHub\watchlist\6.Trading_Journal\backend\.venv\Lib\site-packages\httpcore\_async\http11.py", line 217, in _receive_event
    data = await self._network_stream.read(
           ^^^^^^^^^^^^^^^^^^^^^^^^^^^^^^^^
        self.READ_NUM_BYTES, timeout=timeout
        ^^^^^^^^^^^^^^^^^^^^^^^^^^^^^^^^^^^^
    )
    ^
  File "C:\Users\inven\OneDrive\Documentos\GitHub\watchlist\6.Trading_Journal\backend\.venv\Lib\site-packages\httpcore\_backends\anyio.py", line 32, in read
    with map_exceptions(exc_map):
         ~~~~~~~~~~~~~~^^^^^^^^^
  File "C:\Python314\Lib\contextlib.py", line 162, in __exit__
    self.gen.throw(value)
    ~~~~~~~~~~~~~~^^^^^^^
  File "C:\Users\inven\OneDrive\Documentos\GitHub\watchlist\6.Trading_Journal\backend\.venv\Lib\site-packages\httpcore\_exceptions.py", line 14, in map_exceptions
    raise to_exc(exc) from exc
httpcore.ReadTimeout

The above exception was the direct cause of the following exception:

Traceback (most recent call last):
  File "C:\Users\inven\OneDrive\Documentos\GitHub\watchlist\6.Trading_Journal\backend\services\position_monitor.py", line 186, in _fetch_positions
    response = await self._http_client.get(
               ^^^^^^^^^^^^^^^^^^^^^^^^^^^^
        f"{self.trading_bot_url}/api/positions"
        ^^^^^^^^^^^^^^^^^^^^^^^^^^^^^^^^^^^^^^^
    )
    ^
  File "C:\Users\inven\OneDrive\Documentos\GitHub\watchlist\6.Trading_Journal\backend\.venv\Lib\site-packages\httpx\_client.py", line 1768, in get
    return await self.request(
           ^^^^^^^^^^^^^^^^^^^
    ...<9 lines>...
    )
    ^
  File "C:\Users\inven\OneDrive\Documentos\GitHub\watchlist\6.Trading_Journal\backend\.venv\Lib\site-packages\httpx\_client.py", line 1540, in request
    return await self.send(request, auth=auth, follow_redirects=follow_redirects)
           ^^^^^^^^^^^^^^^^^^^^^^^^^^^^^^^^^^^^^^^^^^^^^^^^^^^^^^^^^^^^^^^^^^^^^^
  File "C:\Users\inven\OneDrive\Documentos\GitHub\watchlist\6.Trading_Journal\backend\.venv\Lib\site-packages\httpx\_client.py", line 1629, in send
    response = await self._send_handling_auth(
               ^^^^^^^^^^^^^^^^^^^^^^^^^^^^^^^
    ...<4 lines>...
    )
    ^
  File "C:\Users\inven\OneDrive\Documentos\GitHub\watchlist\6.Trading_Journal\backend\.venv\Lib\site-packages\httpx\_client.py", line 1657, in _send_handling_auth
    response = await self._send_handling_redirects(
               ^^^^^^^^^^^^^^^^^^^^^^^^^^^^^^^^^^^^
    ...<3 lines>...
    )
    ^
  File "C:\Users\inven\OneDrive\Documentos\GitHub\watchlist\6.Trading_Journal\backend\.venv\Lib\site-packages\httpx\_client.py", line 1694, in _send_handling_redirects
    response = await self._send_single_request(request)
               ^^^^^^^^^^^^^^^^^^^^^^^^^^^^^^^^^^^^^^^^
  File "C:\Users\inven\OneDrive\Documentos\GitHub\watchlist\6.Trading_Journal\backend\.venv\Lib\site-packages\httpx\_client.py", line 1730, in _send_single_request
    response = await transport.handle_async_request(request)
               ^^^^^^^^^^^^^^^^^^^^^^^^^^^^^^^^^^^^^^^^^^^^^
  File "C:\Users\inven\OneDrive\Documentos\GitHub\watchlist\6.Trading_Journal\backend\.venv\Lib\site-packages\httpx\_transports\default.py", line 393, in handle_async_request
    with map_httpcore_exceptions():
         ~~~~~~~~~~~~~~~~~~~~~~~^^
  File "C:\Python314\Lib\contextlib.py", line 162, in __exit__
    self.gen.throw(value)
    ~~~~~~~~~~~~~~^^^^^^^
  File "C:\Users\inven\OneDrive\Documentos\GitHub\watchlist\6.Trading_Journal\backend\.venv\Lib\site-packages\httpx\_transports\default.py", line 118, in map_httpcore_exceptions
    raise mapped_exc(message) from exc
httpx.ReadTimeout

2026-01-28 19:46:44,126 | ERROR | services.position_monitor | Error fetching positions: ReadTimeout: 
2026-01-28 19:46:44,131 | ERROR | services.position_monitor | Traceback (most recent call last):
  File "C:\Users\inven\OneDrive\Documentos\GitHub\watchlist\6.Trading_Journal\backend\.venv\Lib\site-packages\httpx\_transports\default.py", line 101, in map_httpcore_exceptions
    yield
  File "C:\Users\inven\OneDrive\Documentos\GitHub\watchlist\6.Trading_Journal\backend\.venv\Lib\site-packages\httpx\_transports\default.py", line 394, in handle_async_request
    resp = await self._pool.handle_async_request(req)
           ^^^^^^^^^^^^^^^^^^^^^^^^^^^^^^^^^^^^^^^^^^
  File "C:\Users\inven\OneDrive\Documentos\GitHub\watchlist\6.Trading_Journal\backend\.venv\Lib\site-packages\httpcore\_async\connection_pool.py", line 256, in handle_async_request
    raise exc from None
  File "C:\Users\inven\OneDrive\Documentos\GitHub\watchlist\6.Trading_Journal\backend\.venv\Lib\site-packages\httpcore\_async\connection_pool.py", line 236, in handle_async_request
    response = await connection.handle_async_request(
               ^^^^^^^^^^^^^^^^^^^^^^^^^^^^^^^^^^^^^^
        pool_request.request
        ^^^^^^^^^^^^^^^^^^^^
    )
    ^
  File "C:\Users\inven\OneDrive\Documentos\GitHub\watchlist\6.Trading_Journal\backend\.venv\Lib\site-packages\httpcore\_async\connection.py", line 103, in handle_async_request
    return await self._connection.handle_async_request(request)
           ^^^^^^^^^^^^^^^^^^^^^^^^^^^^^^^^^^^^^^^^^^^^^^^^^^^^
  File "C:\Users\inven\OneDrive\Documentos\GitHub\watchlist\6.Trading_Journal\backend\.venv\Lib\site-packages\httpcore\_async\http11.py", line 136, in handle_async_request
    raise exc
  File "C:\Users\inven\OneDrive\Documentos\GitHub\watchlist\6.Trading_Journal\backend\.venv\Lib\site-packages\httpcore\_async\http11.py", line 106, in handle_async_request
    ) = await self._receive_response_headers(**kwargs)
        ^^^^^^^^^^^^^^^^^^^^^^^^^^^^^^^^^^^^^^^^^^^^^^
  File "C:\Users\inven\OneDrive\Documentos\GitHub\watchlist\6.Trading_Journal\backend\.venv\Lib\site-packages\httpcore\_async\http11.py", line 177, in _receive_response_headers
    event = await self._receive_event(timeout=timeout)
            ^^^^^^^^^^^^^^^^^^^^^^^^^^^^^^^^^^^^^^^^^^
  File "C:\Users\inven\OneDrive\Documentos\GitHub\watchlist\6.Trading_Journal\backend\.venv\Lib\site-packages\httpcore\_async\http11.py", line 217, in _receive_event
    data = await self._network_stream.read(
           ^^^^^^^^^^^^^^^^^^^^^^^^^^^^^^^^
        self.READ_NUM_BYTES, timeout=timeout
        ^^^^^^^^^^^^^^^^^^^^^^^^^^^^^^^^^^^^
    )
    ^
  File "C:\Users\inven\OneDrive\Documentos\GitHub\watchlist\6.Trading_Journal\backend\.venv\Lib\site-packages\httpcore\_backends\anyio.py", line 32, in read
    with map_exceptions(exc_map):
         ~~~~~~~~~~~~~~^^^^^^^^^
  File "C:\Python314\Lib\contextlib.py", line 162, in __exit__
    self.gen.throw(value)
    ~~~~~~~~~~~~~~^^^^^^^
  File "C:\Users\inven\OneDrive\Documentos\GitHub\watchlist\6.Trading_Journal\backend\.venv\Lib\site-packages\httpcore\_exceptions.py", line 14, in map_exceptions
    raise to_exc(exc) from exc
httpcore.ReadTimeout

The above exception was the direct cause of the following exception:

Traceback (most recent call last):
  File "C:\Users\inven\OneDrive\Documentos\GitHub\watchlist\6.Trading_Journal\backend\services\position_monitor.py", line 186, in _fetch_positions
    response = await self._http_client.get(
               ^^^^^^^^^^^^^^^^^^^^^^^^^^^^
        f"{self.trading_bot_url}/api/positions"
        ^^^^^^^^^^^^^^^^^^^^^^^^^^^^^^^^^^^^^^^
    )
    ^
  File "C:\Users\inven\OneDrive\Documentos\GitHub\watchlist\6.Trading_Journal\backend\.venv\Lib\site-packages\httpx\_client.py", line 1768, in get
    return await self.request(
           ^^^^^^^^^^^^^^^^^^^
    ...<9 lines>...
    )
    ^
  File "C:\Users\inven\OneDrive\Documentos\GitHub\watchlist\6.Trading_Journal\backend\.venv\Lib\site-packages\httpx\_client.py", line 1540, in request
    return await self.send(request, auth=auth, follow_redirects=follow_redirects)
           ^^^^^^^^^^^^^^^^^^^^^^^^^^^^^^^^^^^^^^^^^^^^^^^^^^^^^^^^^^^^^^^^^^^^^^
  File "C:\Users\inven\OneDrive\Documentos\GitHub\watchlist\6.Trading_Journal\backend\.venv\Lib\site-packages\httpx\_client.py", line 1629, in send
    response = await self._send_handling_auth(
               ^^^^^^^^^^^^^^^^^^^^^^^^^^^^^^^
    ...<4 lines>...
    )
    ^
  File "C:\Users\inven\OneDrive\Documentos\GitHub\watchlist\6.Trading_Journal\backend\.venv\Lib\site-packages\httpx\_client.py", line 1657, in _send_handling_auth
    response = await self._send_handling_redirects(
               ^^^^^^^^^^^^^^^^^^^^^^^^^^^^^^^^^^^^
    ...<3 lines>...
    )
    ^
  File "C:\Users\inven\OneDrive\Documentos\GitHub\watchlist\6.Trading_Journal\backend\.venv\Lib\site-packages\httpx\_client.py", line 1694, in _send_handling_redirects
    response = await self._send_single_request(request)
               ^^^^^^^^^^^^^^^^^^^^^^^^^^^^^^^^^^^^^^^^
  File "C:\Users\inven\OneDrive\Documentos\GitHub\watchlist\6.Trading_Journal\backend\.venv\Lib\site-packages\httpx\_client.py", line 1730, in _send_single_request
    response = await transport.handle_async_request(request)
               ^^^^^^^^^^^^^^^^^^^^^^^^^^^^^^^^^^^^^^^^^^^^^
  File "C:\Users\inven\OneDrive\Documentos\GitHub\watchlist\6.Trading_Journal\backend\.venv\Lib\site-packages\httpx\_transports\default.py", line 393, in handle_async_request
    with map_httpcore_exceptions():
         ~~~~~~~~~~~~~~~~~~~~~~~^^
  File "C:\Python314\Lib\contextlib.py", line 162, in __exit__
    self.gen.throw(value)
    ~~~~~~~~~~~~~~^^^^^^^
  File "C:\Users\inven\OneDrive\Documentos\GitHub\watchlist\6.Trading_Journal\backend\.venv\Lib\site-packages\httpx\_transports\default.py", line 118, in map_httpcore_exceptions
    raise mapped_exc(message) from exc
httpx.ReadTimeout

2026-01-28 19:46:59,414 | ERROR | services.position_monitor | Error fetching positions: ReadTimeout: 
2026-01-28 19:46:59,420 | ERROR | services.position_monitor | Traceback (most recent call last):
  File "C:\Users\inven\OneDrive\Documentos\GitHub\watchlist\6.Trading_Journal\backend\.venv\Lib\site-packages\httpx\_transports\default.py", line 101, in map_httpcore_exceptions
    yield
  File "C:\Users\inven\OneDrive\Documentos\GitHub\watchlist\6.Trading_Journal\backend\.venv\Lib\site-packages\httpx\_transports\default.py", line 394, in handle_async_request
    resp = await self._pool.handle_async_request(req)
           ^^^^^^^^^^^^^^^^^^^^^^^^^^^^^^^^^^^^^^^^^^
  File "C:\Users\inven\OneDrive\Documentos\GitHub\watchlist\6.Trading_Journal\backend\.venv\Lib\site-packages\httpcore\_async\connection_pool.py", line 256, in handle_async_request
    raise exc from None
  File "C:\Users\inven\OneDrive\Documentos\GitHub\watchlist\6.Trading_Journal\backend\.venv\Lib\site-packages\httpcore\_async\connection_pool.py", line 236, in handle_async_request
    response = await connection.handle_async_request(
               ^^^^^^^^^^^^^^^^^^^^^^^^^^^^^^^^^^^^^^
        pool_request.request
        ^^^^^^^^^^^^^^^^^^^^
    )
    ^
  File "C:\Users\inven\OneDrive\Documentos\GitHub\watchlist\6.Trading_Journal\backend\.venv\Lib\site-packages\httpcore\_async\connection.py", line 103, in handle_async_request
    return await self._connection.handle_async_request(request)
           ^^^^^^^^^^^^^^^^^^^^^^^^^^^^^^^^^^^^^^^^^^^^^^^^^^^^
  File "C:\Users\inven\OneDrive\Documentos\GitHub\watchlist\6.Trading_Journal\backend\.venv\Lib\site-packages\httpcore\_async\http11.py", line 136, in handle_async_request
    raise exc
  File "C:\Users\inven\OneDrive\Documentos\GitHub\watchlist\6.Trading_Journal\backend\.venv\Lib\site-packages\httpcore\_async\http11.py", line 106, in handle_async_request
    ) = await self._receive_response_headers(**kwargs)
        ^^^^^^^^^^^^^^^^^^^^^^^^^^^^^^^^^^^^^^^^^^^^^^
  File "C:\Users\inven\OneDrive\Documentos\GitHub\watchlist\6.Trading_Journal\backend\.venv\Lib\site-packages\httpcore\_async\http11.py", line 177, in _receive_response_headers
    event = await self._receive_event(timeout=timeout)
            ^^^^^^^^^^^^^^^^^^^^^^^^^^^^^^^^^^^^^^^^^^
  File "C:\Users\inven\OneDrive\Documentos\GitHub\watchlist\6.Trading_Journal\backend\.venv\Lib\site-packages\httpcore\_async\http11.py", line 217, in _receive_event
    data = await self._network_stream.read(
           ^^^^^^^^^^^^^^^^^^^^^^^^^^^^^^^^
        self.READ_NUM_BYTES, timeout=timeout
        ^^^^^^^^^^^^^^^^^^^^^^^^^^^^^^^^^^^^
    )
    ^
  File "C:\Users\inven\OneDrive\Documentos\GitHub\watchlist\6.Trading_Journal\backend\.venv\Lib\site-packages\httpcore\_backends\anyio.py", line 32, in read
    with map_exceptions(exc_map):
         ~~~~~~~~~~~~~~^^^^^^^^^
  File "C:\Python314\Lib\contextlib.py", line 162, in __exit__
    self.gen.throw(value)
    ~~~~~~~~~~~~~~^^^^^^^
  File "C:\Users\inven\OneDrive\Documentos\GitHub\watchlist\6.Trading_Journal\backend\.venv\Lib\site-packages\httpcore\_exceptions.py", line 14, in map_exceptions
    raise to_exc(exc) from exc
httpcore.ReadTimeout

The above exception was the direct cause of the following exception:

Traceback (most recent call last):
  File "C:\Users\inven\OneDrive\Documentos\GitHub\watchlist\6.Trading_Journal\backend\services\position_monitor.py", line 186, in _fetch_positions
    response = await self._http_client.get(
               ^^^^^^^^^^^^^^^^^^^^^^^^^^^^
        f"{self.trading_bot_url}/api/positions"
        ^^^^^^^^^^^^^^^^^^^^^^^^^^^^^^^^^^^^^^^
    )
    ^
  File "C:\Users\inven\OneDrive\Documentos\GitHub\watchlist\6.Trading_Journal\backend\.venv\Lib\site-packages\httpx\_client.py", line 1768, in get
    return await self.request(
           ^^^^^^^^^^^^^^^^^^^
    ...<9 lines>...
    )
    ^
  File "C:\Users\inven\OneDrive\Documentos\GitHub\watchlist\6.Trading_Journal\backend\.venv\Lib\site-packages\httpx\_client.py", line 1540, in request
    return await self.send(request, auth=auth, follow_redirects=follow_redirects)
           ^^^^^^^^^^^^^^^^^^^^^^^^^^^^^^^^^^^^^^^^^^^^^^^^^^^^^^^^^^^^^^^^^^^^^^
  File "C:\Users\inven\OneDrive\Documentos\GitHub\watchlist\6.Trading_Journal\backend\.venv\Lib\site-packages\httpx\_client.py", line 1629, in send
    response = await self._send_handling_auth(
               ^^^^^^^^^^^^^^^^^^^^^^^^^^^^^^^
    ...<4 lines>...
    )
    ^
  File "C:\Users\inven\OneDrive\Documentos\GitHub\watchlist\6.Trading_Journal\backend\.venv\Lib\site-packages\httpx\_client.py", line 1657, in _send_handling_auth
    response = await self._send_handling_redirects(
               ^^^^^^^^^^^^^^^^^^^^^^^^^^^^^^^^^^^^
    ...<3 lines>...
    )
    ^
  File "C:\Users\inven\OneDrive\Documentos\GitHub\watchlist\6.Trading_Journal\backend\.venv\Lib\site-packages\httpx\_client.py", line 1694, in _send_handling_redirects
    response = await self._send_single_request(request)
               ^^^^^^^^^^^^^^^^^^^^^^^^^^^^^^^^^^^^^^^^
  File "C:\Users\inven\OneDrive\Documentos\GitHub\watchlist\6.Trading_Journal\backend\.venv\Lib\site-packages\httpx\_client.py", line 1730, in _send_single_request
    response = await transport.handle_async_request(request)
               ^^^^^^^^^^^^^^^^^^^^^^^^^^^^^^^^^^^^^^^^^^^^^
  File "C:\Users\inven\OneDrive\Documentos\GitHub\watchlist\6.Trading_Journal\backend\.venv\Lib\site-packages\httpx\_transports\default.py", line 393, in handle_async_request
    with map_httpcore_exceptions():
         ~~~~~~~~~~~~~~~~~~~~~~~^^
  File "C:\Python314\Lib\contextlib.py", line 162, in __exit__
    self.gen.throw(value)
    ~~~~~~~~~~~~~~^^^^^^^
  File "C:\Users\inven\OneDrive\Documentos\GitHub\watchlist\6.Trading_Journal\backend\.venv\Lib\site-packages\httpx\_transports\default.py", line 118, in map_httpcore_exceptions
    raise mapped_exc(message) from exc
httpx.ReadTimeout

2026-01-28 19:47:14,703 | ERROR | services.position_monitor | Error fetching positions: ReadTimeout: 
2026-01-28 19:47:14,711 | ERROR | services.position_monitor | Traceback (most recent call last):
  File "C:\Users\inven\OneDrive\Documentos\GitHub\watchlist\6.Trading_Journal\backend\.venv\Lib\site-packages\httpx\_transports\default.py", line 101, in map_httpcore_exceptions
    yield
  File "C:\Users\inven\OneDrive\Documentos\GitHub\watchlist\6.Trading_Journal\backend\.venv\Lib\site-packages\httpx\_transports\default.py", line 394, in handle_async_request
    resp = await self._pool.handle_async_request(req)
           ^^^^^^^^^^^^^^^^^^^^^^^^^^^^^^^^^^^^^^^^^^
  File "C:\Users\inven\OneDrive\Documentos\GitHub\watchlist\6.Trading_Journal\backend\.venv\Lib\site-packages\httpcore\_async\connection_pool.py", line 256, in handle_async_request
    raise exc from None
  File "C:\Users\inven\OneDrive\Documentos\GitHub\watchlist\6.Trading_Journal\backend\.venv\Lib\site-packages\httpcore\_async\connection_pool.py", line 236, in handle_async_request
    response = await connection.handle_async_request(
               ^^^^^^^^^^^^^^^^^^^^^^^^^^^^^^^^^^^^^^
        pool_request.request
        ^^^^^^^^^^^^^^^^^^^^
    )
    ^
  File "C:\Users\inven\OneDrive\Documentos\GitHub\watchlist\6.Trading_Journal\backend\.venv\Lib\site-packages\httpcore\_async\connection.py", line 103, in handle_async_request
    return await self._connection.handle_async_request(request)
           ^^^^^^^^^^^^^^^^^^^^^^^^^^^^^^^^^^^^^^^^^^^^^^^^^^^^
  File "C:\Users\inven\OneDrive\Documentos\GitHub\watchlist\6.Trading_Journal\backend\.venv\Lib\site-packages\httpcore\_async\http11.py", line 136, in handle_async_request
    raise exc
  File "C:\Users\inven\OneDrive\Documentos\GitHub\watchlist\6.Trading_Journal\backend\.venv\Lib\site-packages\httpcore\_async\http11.py", line 106, in handle_async_request
    ) = await self._receive_response_headers(**kwargs)
        ^^^^^^^^^^^^^^^^^^^^^^^^^^^^^^^^^^^^^^^^^^^^^^
  File "C:\Users\inven\OneDrive\Documentos\GitHub\watchlist\6.Trading_Journal\backend\.venv\Lib\site-packages\httpcore\_async\http11.py", line 177, in _receive_response_headers
    event = await self._receive_event(timeout=timeout)
            ^^^^^^^^^^^^^^^^^^^^^^^^^^^^^^^^^^^^^^^^^^
  File "C:\Users\inven\OneDrive\Documentos\GitHub\watchlist\6.Trading_Journal\backend\.venv\Lib\site-packages\httpcore\_async\http11.py", line 217, in _receive_event
    data = await self._network_stream.read(
           ^^^^^^^^^^^^^^^^^^^^^^^^^^^^^^^^
        self.READ_NUM_BYTES, timeout=timeout
        ^^^^^^^^^^^^^^^^^^^^^^^^^^^^^^^^^^^^
    )
    ^
  File "C:\Users\inven\OneDrive\Documentos\GitHub\watchlist\6.Trading_Journal\backend\.venv\Lib\site-packages\httpcore\_backends\anyio.py", line 32, in read
    with map_exceptions(exc_map):
         ~~~~~~~~~~~~~~^^^^^^^^^
  File "C:\Python314\Lib\contextlib.py", line 162, in __exit__
    self.gen.throw(value)
    ~~~~~~~~~~~~~~^^^^^^^
  File "C:\Users\inven\OneDrive\Documentos\GitHub\watchlist\6.Trading_Journal\backend\.venv\Lib\site-packages\httpcore\_exceptions.py", line 14, in map_exceptions
    raise to_exc(exc) from exc
httpcore.ReadTimeout

The above exception was the direct cause of the following exception:

Traceback (most recent call last):
  File "C:\Users\inven\OneDrive\Documentos\GitHub\watchlist\6.Trading_Journal\backend\services\position_monitor.py", line 186, in _fetch_positions
    response = await self._http_client.get(
               ^^^^^^^^^^^^^^^^^^^^^^^^^^^^
        f"{self.trading_bot_url}/api/positions"
        ^^^^^^^^^^^^^^^^^^^^^^^^^^^^^^^^^^^^^^^
    )
    ^
  File "C:\Users\inven\OneDrive\Documentos\GitHub\watchlist\6.Trading_Journal\backend\.venv\Lib\site-packages\httpx\_client.py", line 1768, in get
    return await self.request(
           ^^^^^^^^^^^^^^^^^^^
    ...<9 lines>...
    )
    ^
  File "C:\Users\inven\OneDrive\Documentos\GitHub\watchlist\6.Trading_Journal\backend\.venv\Lib\site-packages\httpx\_client.py", line 1540, in request
    return await self.send(request, auth=auth, follow_redirects=follow_redirects)
           ^^^^^^^^^^^^^^^^^^^^^^^^^^^^^^^^^^^^^^^^^^^^^^^^^^^^^^^^^^^^^^^^^^^^^^
  File "C:\Users\inven\OneDrive\Documentos\GitHub\watchlist\6.Trading_Journal\backend\.venv\Lib\site-packages\httpx\_client.py", line 1629, in send
    response = await self._send_handling_auth(
               ^^^^^^^^^^^^^^^^^^^^^^^^^^^^^^^
    ...<4 lines>...
    )
    ^
  File "C:\Users\inven\OneDrive\Documentos\GitHub\watchlist\6.Trading_Journal\backend\.venv\Lib\site-packages\httpx\_client.py", line 1657, in _send_handling_auth
    response = await self._send_handling_redirects(
               ^^^^^^^^^^^^^^^^^^^^^^^^^^^^^^^^^^^^
    ...<3 lines>...
    )
    ^
  File "C:\Users\inven\OneDrive\Documentos\GitHub\watchlist\6.Trading_Journal\backend\.venv\Lib\site-packages\httpx\_client.py", line 1694, in _send_handling_redirects
    response = await self._send_single_request(request)
               ^^^^^^^^^^^^^^^^^^^^^^^^^^^^^^^^^^^^^^^^
  File "C:\Users\inven\OneDrive\Documentos\GitHub\watchlist\6.Trading_Journal\backend\.venv\Lib\site-packages\httpx\_client.py", line 1730, in _send_single_request
    response = await transport.handle_async_request(request)
               ^^^^^^^^^^^^^^^^^^^^^^^^^^^^^^^^^^^^^^^^^^^^^
  File "C:\Users\inven\OneDrive\Documentos\GitHub\watchlist\6.Trading_Journal\backend\.venv\Lib\site-packages\httpx\_transports\default.py", line 393, in handle_async_request
    with map_httpcore_exceptions():
         ~~~~~~~~~~~~~~~~~~~~~~~^^
  File "C:\Python314\Lib\contextlib.py", line 162, in __exit__
    self.gen.throw(value)
    ~~~~~~~~~~~~~~^^^^^^^
  File "C:\Users\inven\OneDrive\Documentos\GitHub\watchlist\6.Trading_Journal\backend\.venv\Lib\site-packages\httpx\_transports\default.py", line 118, in map_httpcore_exceptions
    raise mapped_exc(message) from exc
httpx.ReadTimeout

2026-01-28 19:47:30,002 | ERROR | services.position_monitor | Error fetching positions: ReadTimeout: 
2026-01-28 19:47:30,011 | ERROR | services.position_monitor | Traceback (most recent call last):
  File "C:\Users\inven\OneDrive\Documentos\GitHub\watchlist\6.Trading_Journal\backend\.venv\Lib\site-packages\httpx\_transports\default.py", line 101, in map_httpcore_exceptions
    yield
  File "C:\Users\inven\OneDrive\Documentos\GitHub\watchlist\6.Trading_Journal\backend\.venv\Lib\site-packages\httpx\_transports\default.py", line 394, in handle_async_request
    resp = await self._pool.handle_async_request(req)
           ^^^^^^^^^^^^^^^^^^^^^^^^^^^^^^^^^^^^^^^^^^
  File "C:\Users\inven\OneDrive\Documentos\GitHub\watchlist\6.Trading_Journal\backend\.venv\Lib\site-packages\httpcore\_async\connection_pool.py", line 256, in handle_async_request
    raise exc from None
  File "C:\Users\inven\OneDrive\Documentos\GitHub\watchlist\6.Trading_Journal\backend\.venv\Lib\site-packages\httpcore\_async\connection_pool.py", line 236, in handle_async_request
    response = await connection.handle_async_request(
               ^^^^^^^^^^^^^^^^^^^^^^^^^^^^^^^^^^^^^^
        pool_request.request
        ^^^^^^^^^^^^^^^^^^^^
    )
    ^
  File "C:\Users\inven\OneDrive\Documentos\GitHub\watchlist\6.Trading_Journal\backend\.venv\Lib\site-packages\httpcore\_async\connection.py", line 103, in handle_async_request
    return await self._connection.handle_async_request(request)
           ^^^^^^^^^^^^^^^^^^^^^^^^^^^^^^^^^^^^^^^^^^^^^^^^^^^^
  File "C:\Users\inven\OneDrive\Documentos\GitHub\watchlist\6.Trading_Journal\backend\.venv\Lib\site-packages\httpcore\_async\http11.py", line 136, in handle_async_request
    raise exc
  File "C:\Users\inven\OneDrive\Documentos\GitHub\watchlist\6.Trading_Journal\backend\.venv\Lib\site-packages\httpcore\_async\http11.py", line 106, in handle_async_request
    ) = await self._receive_response_headers(**kwargs)
        ^^^^^^^^^^^^^^^^^^^^^^^^^^^^^^^^^^^^^^^^^^^^^^
  File "C:\Users\inven\OneDrive\Documentos\GitHub\watchlist\6.Trading_Journal\backend\.venv\Lib\site-packages\httpcore\_async\http11.py", line 177, in _receive_response_headers
    event = await self._receive_event(timeout=timeout)
            ^^^^^^^^^^^^^^^^^^^^^^^^^^^^^^^^^^^^^^^^^^
  File "C:\Users\inven\OneDrive\Documentos\GitHub\watchlist\6.Trading_Journal\backend\.venv\Lib\site-packages\httpcore\_async\http11.py", line 217, in _receive_event
    data = await self._network_stream.read(
           ^^^^^^^^^^^^^^^^^^^^^^^^^^^^^^^^
        self.READ_NUM_BYTES, timeout=timeout
        ^^^^^^^^^^^^^^^^^^^^^^^^^^^^^^^^^^^^
    )
    ^
  File "C:\Users\inven\OneDrive\Documentos\GitHub\watchlist\6.Trading_Journal\backend\.venv\Lib\site-packages\httpcore\_backends\anyio.py", line 32, in read
    with map_exceptions(exc_map):
         ~~~~~~~~~~~~~~^^^^^^^^^
  File "C:\Python314\Lib\contextlib.py", line 162, in __exit__
    self.gen.throw(value)
    ~~~~~~~~~~~~~~^^^^^^^
  File "C:\Users\inven\OneDrive\Documentos\GitHub\watchlist\6.Trading_Journal\backend\.venv\Lib\site-packages\httpcore\_exceptions.py", line 14, in map_exceptions
    raise to_exc(exc) from exc
httpcore.ReadTimeout

The above exception was the direct cause of the following exception:

Traceback (most recent call last):
  File "C:\Users\inven\OneDrive\Documentos\GitHub\watchlist\6.Trading_Journal\backend\services\position_monitor.py", line 186, in _fetch_positions
    response = await self._http_client.get(
               ^^^^^^^^^^^^^^^^^^^^^^^^^^^^
        f"{self.trading_bot_url}/api/positions"
        ^^^^^^^^^^^^^^^^^^^^^^^^^^^^^^^^^^^^^^^
    )
    ^
  File "C:\Users\inven\OneDrive\Documentos\GitHub\watchlist\6.Trading_Journal\backend\.venv\Lib\site-packages\httpx\_client.py", line 1768, in get
    return await self.request(
           ^^^^^^^^^^^^^^^^^^^
    ...<9 lines>...
    )
    ^
  File "C:\Users\inven\OneDrive\Documentos\GitHub\watchlist\6.Trading_Journal\backend\.venv\Lib\site-packages\httpx\_client.py", line 1540, in request
    return await self.send(request, auth=auth, follow_redirects=follow_redirects)
           ^^^^^^^^^^^^^^^^^^^^^^^^^^^^^^^^^^^^^^^^^^^^^^^^^^^^^^^^^^^^^^^^^^^^^^
  File "C:\Users\inven\OneDrive\Documentos\GitHub\watchlist\6.Trading_Journal\backend\.venv\Lib\site-packages\httpx\_client.py", line 1629, in send
    response = await self._send_handling_auth(
               ^^^^^^^^^^^^^^^^^^^^^^^^^^^^^^^
    ...<4 lines>...
    )
    ^
  File "C:\Users\inven\OneDrive\Documentos\GitHub\watchlist\6.Trading_Journal\backend\.venv\Lib\site-packages\httpx\_client.py", line 1657, in _send_handling_auth
    response = await self._send_handling_redirects(
               ^^^^^^^^^^^^^^^^^^^^^^^^^^^^^^^^^^^^
    ...<3 lines>...
    )
    ^
  File "C:\Users\inven\OneDrive\Documentos\GitHub\watchlist\6.Trading_Journal\backend\.venv\Lib\site-packages\httpx\_client.py", line 1694, in _send_handling_redirects
    response = await self._send_single_request(request)
               ^^^^^^^^^^^^^^^^^^^^^^^^^^^^^^^^^^^^^^^^
  File "C:\Users\inven\OneDrive\Documentos\GitHub\watchlist\6.Trading_Journal\backend\.venv\Lib\site-packages\httpx\_client.py", line 1730, in _send_single_request
    response = await transport.handle_async_request(request)
               ^^^^^^^^^^^^^^^^^^^^^^^^^^^^^^^^^^^^^^^^^^^^^
  File "C:\Users\inven\OneDrive\Documentos\GitHub\watchlist\6.Trading_Journal\backend\.venv\Lib\site-packages\httpx\_transports\default.py", line 393, in handle_async_request
    with map_httpcore_exceptions():
         ~~~~~~~~~~~~~~~~~~~~~~~^^
  File "C:\Python314\Lib\contextlib.py", line 162, in __exit__
    self.gen.throw(value)
    ~~~~~~~~~~~~~~^^^^^^^
  File "C:\Users\inven\OneDrive\Documentos\GitHub\watchlist\6.Trading_Journal\backend\.venv\Lib\site-packages\httpx\_transports\default.py", line 118, in map_httpcore_exceptions
    raise mapped_exc(message) from exc
httpx.ReadTimeout

2026-01-28 19:47:45,305 | ERROR | services.position_monitor | Error fetching positions: ReadTimeout: 
2026-01-28 19:47:45,328 | ERROR | services.position_monitor | Traceback (most recent call last):
  File "C:\Users\inven\OneDrive\Documentos\GitHub\watchlist\6.Trading_Journal\backend\.venv\Lib\site-packages\httpx\_transports\default.py", line 101, in map_httpcore_exceptions
    yield
  File "C:\Users\inven\OneDrive\Documentos\GitHub\watchlist\6.Trading_Journal\backend\.venv\Lib\site-packages\httpx\_transports\default.py", line 394, in handle_async_request
    resp = await self._pool.handle_async_request(req)
           ^^^^^^^^^^^^^^^^^^^^^^^^^^^^^^^^^^^^^^^^^^
  File "C:\Users\inven\OneDrive\Documentos\GitHub\watchlist\6.Trading_Journal\backend\.venv\Lib\site-packages\httpcore\_async\connection_pool.py", line 256, in handle_async_request
    raise exc from None
  File "C:\Users\inven\OneDrive\Documentos\GitHub\watchlist\6.Trading_Journal\backend\.venv\Lib\site-packages\httpcore\_async\connection_pool.py", line 236, in handle_async_request
    response = await connection.handle_async_request(
               ^^^^^^^^^^^^^^^^^^^^^^^^^^^^^^^^^^^^^^
        pool_request.request
        ^^^^^^^^^^^^^^^^^^^^
    )
    ^
  File "C:\Users\inven\OneDrive\Documentos\GitHub\watchlist\6.Trading_Journal\backend\.venv\Lib\site-packages\httpcore\_async\connection.py", line 103, in handle_async_request
    return await self._connection.handle_async_request(request)
           ^^^^^^^^^^^^^^^^^^^^^^^^^^^^^^^^^^^^^^^^^^^^^^^^^^^^
  File "C:\Users\inven\OneDrive\Documentos\GitHub\watchlist\6.Trading_Journal\backend\.venv\Lib\site-packages\httpcore\_async\http11.py", line 136, in handle_async_request
    raise exc
  File "C:\Users\inven\OneDrive\Documentos\GitHub\watchlist\6.Trading_Journal\backend\.venv\Lib\site-packages\httpcore\_async\http11.py", line 106, in handle_async_request
    ) = await self._receive_response_headers(**kwargs)
        ^^^^^^^^^^^^^^^^^^^^^^^^^^^^^^^^^^^^^^^^^^^^^^
  File "C:\Users\inven\OneDrive\Documentos\GitHub\watchlist\6.Trading_Journal\backend\.venv\Lib\site-packages\httpcore\_async\http11.py", line 177, in _receive_response_headers
    event = await self._receive_event(timeout=timeout)
            ^^^^^^^^^^^^^^^^^^^^^^^^^^^^^^^^^^^^^^^^^^
  File "C:\Users\inven\OneDrive\Documentos\GitHub\watchlist\6.Trading_Journal\backend\.venv\Lib\site-packages\httpcore\_async\http11.py", line 217, in _receive_event
    data = await self._network_stream.read(
           ^^^^^^^^^^^^^^^^^^^^^^^^^^^^^^^^
        self.READ_NUM_BYTES, timeout=timeout
        ^^^^^^^^^^^^^^^^^^^^^^^^^^^^^^^^^^^^
    )
    ^
  File "C:\Users\inven\OneDrive\Documentos\GitHub\watchlist\6.Trading_Journal\backend\.venv\Lib\site-packages\httpcore\_backends\anyio.py", line 32, in read
    with map_exceptions(exc_map):
         ~~~~~~~~~~~~~~^^^^^^^^^
  File "C:\Python314\Lib\contextlib.py", line 162, in __exit__
    self.gen.throw(value)
    ~~~~~~~~~~~~~~^^^^^^^
  File "C:\Users\inven\OneDrive\Documentos\GitHub\watchlist\6.Trading_Journal\backend\.venv\Lib\site-packages\httpcore\_exceptions.py", line 14, in map_exceptions
    raise to_exc(exc) from exc
httpcore.ReadTimeout

The above exception was the direct cause of the following exception:

Traceback (most recent call last):
  File "C:\Users\inven\OneDrive\Documentos\GitHub\watchlist\6.Trading_Journal\backend\services\position_monitor.py", line 186, in _fetch_positions
    response = await self._http_client.get(
               ^^^^^^^^^^^^^^^^^^^^^^^^^^^^
        f"{self.trading_bot_url}/api/positions"
        ^^^^^^^^^^^^^^^^^^^^^^^^^^^^^^^^^^^^^^^
    )
    ^
  File "C:\Users\inven\OneDrive\Documentos\GitHub\watchlist\6.Trading_Journal\backend\.venv\Lib\site-packages\httpx\_client.py", line 1768, in get
    return await self.request(
           ^^^^^^^^^^^^^^^^^^^
    ...<9 lines>...
    )
    ^
  File "C:\Users\inven\OneDrive\Documentos\GitHub\watchlist\6.Trading_Journal\backend\.venv\Lib\site-packages\httpx\_client.py", line 1540, in request
    return await self.send(request, auth=auth, follow_redirects=follow_redirects)
           ^^^^^^^^^^^^^^^^^^^^^^^^^^^^^^^^^^^^^^^^^^^^^^^^^^^^^^^^^^^^^^^^^^^^^^
  File "C:\Users\inven\OneDrive\Documentos\GitHub\watchlist\6.Trading_Journal\backend\.venv\Lib\site-packages\httpx\_client.py", line 1629, in send
    response = await self._send_handling_auth(
               ^^^^^^^^^^^^^^^^^^^^^^^^^^^^^^^
    ...<4 lines>...
    )
    ^
  File "C:\Users\inven\OneDrive\Documentos\GitHub\watchlist\6.Trading_Journal\backend\.venv\Lib\site-packages\httpx\_client.py", line 1657, in _send_handling_auth
    response = await self._send_handling_redirects(
               ^^^^^^^^^^^^^^^^^^^^^^^^^^^^^^^^^^^^
    ...<3 lines>...
    )
    ^
  File "C:\Users\inven\OneDrive\Documentos\GitHub\watchlist\6.Trading_Journal\backend\.venv\Lib\site-packages\httpx\_client.py", line 1694, in _send_handling_redirects
    response = await self._send_single_request(request)
               ^^^^^^^^^^^^^^^^^^^^^^^^^^^^^^^^^^^^^^^^
  File "C:\Users\inven\OneDrive\Documentos\GitHub\watchlist\6.Trading_Journal\backend\.venv\Lib\site-packages\httpx\_client.py", line 1730, in _send_single_request
    response = await transport.handle_async_request(request)
               ^^^^^^^^^^^^^^^^^^^^^^^^^^^^^^^^^^^^^^^^^^^^^
  File "C:\Users\inven\OneDrive\Documentos\GitHub\watchlist\6.Trading_Journal\backend\.venv\Lib\site-packages\httpx\_transports\default.py", line 393, in handle_async_request
    with map_httpcore_exceptions():
         ~~~~~~~~~~~~~~~~~~~~~~~^^
  File "C:\Python314\Lib\contextlib.py", line 162, in __exit__
    self.gen.throw(value)
    ~~~~~~~~~~~~~~^^^^^^^
  File "C:\Users\inven\OneDrive\Documentos\GitHub\watchlist\6.Trading_Journal\backend\.venv\Lib\site-packages\httpx\_transports\default.py", line 118, in map_httpcore_exceptions
    raise mapped_exc(message) from exc
httpx.ReadTimeout

2026-01-28 19:48:00,621 | ERROR | services.position_monitor | Error fetching positions: ReadTimeout: 
2026-01-28 19:48:00,628 | ERROR | services.position_monitor | Traceback (most recent call last):
  File "C:\Users\inven\OneDrive\Documentos\GitHub\watchlist\6.Trading_Journal\backend\.venv\Lib\site-packages\httpx\_transports\default.py", line 101, in map_httpcore_exceptions
    yield
  File "C:\Users\inven\OneDrive\Documentos\GitHub\watchlist\6.Trading_Journal\backend\.venv\Lib\site-packages\httpx\_transports\default.py", line 394, in handle_async_request
    resp = await self._pool.handle_async_request(req)
           ^^^^^^^^^^^^^^^^^^^^^^^^^^^^^^^^^^^^^^^^^^
  File "C:\Users\inven\OneDrive\Documentos\GitHub\watchlist\6.Trading_Journal\backend\.venv\Lib\site-packages\httpcore\_async\connection_pool.py", line 256, in handle_async_request
    raise exc from None
  File "C:\Users\inven\OneDrive\Documentos\GitHub\watchlist\6.Trading_Journal\backend\.venv\Lib\site-packages\httpcore\_async\connection_pool.py", line 236, in handle_async_request
    response = await connection.handle_async_request(
               ^^^^^^^^^^^^^^^^^^^^^^^^^^^^^^^^^^^^^^
        pool_request.request
        ^^^^^^^^^^^^^^^^^^^^
    )
    ^
  File "C:\Users\inven\OneDrive\Documentos\GitHub\watchlist\6.Trading_Journal\backend\.venv\Lib\site-packages\httpcore\_async\connection.py", line 103, in handle_async_request
    return await self._connection.handle_async_request(request)
           ^^^^^^^^^^^^^^^^^^^^^^^^^^^^^^^^^^^^^^^^^^^^^^^^^^^^
  File "C:\Users\inven\OneDrive\Documentos\GitHub\watchlist\6.Trading_Journal\backend\.venv\Lib\site-packages\httpcore\_async\http11.py", line 136, in handle_async_request
    raise exc
  File "C:\Users\inven\OneDrive\Documentos\GitHub\watchlist\6.Trading_Journal\backend\.venv\Lib\site-packages\httpcore\_async\http11.py", line 106, in handle_async_request
    ) = await self._receive_response_headers(**kwargs)
        ^^^^^^^^^^^^^^^^^^^^^^^^^^^^^^^^^^^^^^^^^^^^^^
  File "C:\Users\inven\OneDrive\Documentos\GitHub\watchlist\6.Trading_Journal\backend\.venv\Lib\site-packages\httpcore\_async\http11.py", line 177, in _receive_response_headers
    event = await self._receive_event(timeout=timeout)
            ^^^^^^^^^^^^^^^^^^^^^^^^^^^^^^^^^^^^^^^^^^
  File "C:\Users\inven\OneDrive\Documentos\GitHub\watchlist\6.Trading_Journal\backend\.venv\Lib\site-packages\httpcore\_async\http11.py", line 217, in _receive_event
    data = await self._network_stream.read(
           ^^^^^^^^^^^^^^^^^^^^^^^^^^^^^^^^
        self.READ_NUM_BYTES, timeout=timeout
        ^^^^^^^^^^^^^^^^^^^^^^^^^^^^^^^^^^^^
    )
    ^
  File "C:\Users\inven\OneDrive\Documentos\GitHub\watchlist\6.Trading_Journal\backend\.venv\Lib\site-packages\httpcore\_backends\anyio.py", line 32, in read
    with map_exceptions(exc_map):
         ~~~~~~~~~~~~~~^^^^^^^^^
  File "C:\Python314\Lib\contextlib.py", line 162, in __exit__
    self.gen.throw(value)
    ~~~~~~~~~~~~~~^^^^^^^
  File "C:\Users\inven\OneDrive\Documentos\GitHub\watchlist\6.Trading_Journal\backend\.venv\Lib\site-packages\httpcore\_exceptions.py", line 14, in map_exceptions
    raise to_exc(exc) from exc
httpcore.ReadTimeout

The above exception was the direct cause of the following exception:

Traceback (most recent call last):
  File "C:\Users\inven\OneDrive\Documentos\GitHub\watchlist\6.Trading_Journal\backend\services\position_monitor.py", line 186, in _fetch_positions
    response = await self._http_client.get(
               ^^^^^^^^^^^^^^^^^^^^^^^^^^^^
        f"{self.trading_bot_url}/api/positions"
        ^^^^^^^^^^^^^^^^^^^^^^^^^^^^^^^^^^^^^^^
    )
    ^
  File "C:\Users\inven\OneDrive\Documentos\GitHub\watchlist\6.Trading_Journal\backend\.venv\Lib\site-packages\httpx\_client.py", line 1768, in get
    return await self.request(
           ^^^^^^^^^^^^^^^^^^^
    ...<9 lines>...
    )
    ^
  File "C:\Users\inven\OneDrive\Documentos\GitHub\watchlist\6.Trading_Journal\backend\.venv\Lib\site-packages\httpx\_client.py", line 1540, in request
    return await self.send(request, auth=auth, follow_redirects=follow_redirects)
           ^^^^^^^^^^^^^^^^^^^^^^^^^^^^^^^^^^^^^^^^^^^^^^^^^^^^^^^^^^^^^^^^^^^^^^
  File "C:\Users\inven\OneDrive\Documentos\GitHub\watchlist\6.Trading_Journal\backend\.venv\Lib\site-packages\httpx\_client.py", line 1629, in send
    response = await self._send_handling_auth(
               ^^^^^^^^^^^^^^^^^^^^^^^^^^^^^^^
    ...<4 lines>...
    )
    ^
  File "C:\Users\inven\OneDrive\Documentos\GitHub\watchlist\6.Trading_Journal\backend\.venv\Lib\site-packages\httpx\_client.py", line 1657, in _send_handling_auth
    response = await self._send_handling_redirects(
               ^^^^^^^^^^^^^^^^^^^^^^^^^^^^^^^^^^^^
    ...<3 lines>...
    )
    ^
  File "C:\Users\inven\OneDrive\Documentos\GitHub\watchlist\6.Trading_Journal\backend\.venv\Lib\site-packages\httpx\_client.py", line 1694, in _send_handling_redirects
    response = await self._send_single_request(request)
               ^^^^^^^^^^^^^^^^^^^^^^^^^^^^^^^^^^^^^^^^
  File "C:\Users\inven\OneDrive\Documentos\GitHub\watchlist\6.Trading_Journal\backend\.venv\Lib\site-packages\httpx\_client.py", line 1730, in _send_single_request
    response = await transport.handle_async_request(request)
               ^^^^^^^^^^^^^^^^^^^^^^^^^^^^^^^^^^^^^^^^^^^^^
  File "C:\Users\inven\OneDrive\Documentos\GitHub\watchlist\6.Trading_Journal\backend\.venv\Lib\site-packages\httpx\_transports\default.py", line 393, in handle_async_request
    with map_httpcore_exceptions():
         ~~~~~~~~~~~~~~~~~~~~~~~^^
  File "C:\Python314\Lib\contextlib.py", line 162, in __exit__
    self.gen.throw(value)
    ~~~~~~~~~~~~~~^^^^^^^
  File "C:\Users\inven\OneDrive\Documentos\GitHub\watchlist\6.Trading_Journal\backend\.venv\Lib\site-packages\httpx\_transports\default.py", line 118, in map_httpcore_exceptions
    raise mapped_exc(message) from exc
httpx.ReadTimeout

2026-01-28 19:48:15,911 | ERROR | services.position_monitor | Error fetching positions: ReadTimeout: 
2026-01-28 19:48:15,916 | ERROR | services.position_monitor | Traceback (most recent call last):
  File "C:\Users\inven\OneDrive\Documentos\GitHub\watchlist\6.Trading_Journal\backend\.venv\Lib\site-packages\httpx\_transports\default.py", line 101, in map_httpcore_exceptions
    yield
  File "C:\Users\inven\OneDrive\Documentos\GitHub\watchlist\6.Trading_Journal\backend\.venv\Lib\site-packages\httpx\_transports\default.py", line 394, in handle_async_request
    resp = await self._pool.handle_async_request(req)
           ^^^^^^^^^^^^^^^^^^^^^^^^^^^^^^^^^^^^^^^^^^
  File "C:\Users\inven\OneDrive\Documentos\GitHub\watchlist\6.Trading_Journal\backend\.venv\Lib\site-packages\httpcore\_async\connection_pool.py", line 256, in handle_async_request
    raise exc from None
  File "C:\Users\inven\OneDrive\Documentos\GitHub\watchlist\6.Trading_Journal\backend\.venv\Lib\site-packages\httpcore\_async\connection_pool.py", line 236, in handle_async_request
    response = await connection.handle_async_request(
               ^^^^^^^^^^^^^^^^^^^^^^^^^^^^^^^^^^^^^^
        pool_request.request
        ^^^^^^^^^^^^^^^^^^^^
    )
    ^
  File "C:\Users\inven\OneDrive\Documentos\GitHub\watchlist\6.Trading_Journal\backend\.venv\Lib\site-packages\httpcore\_async\connection.py", line 103, in handle_async_request
    return await self._connection.handle_async_request(request)
           ^^^^^^^^^^^^^^^^^^^^^^^^^^^^^^^^^^^^^^^^^^^^^^^^^^^^
  File "C:\Users\inven\OneDrive\Documentos\GitHub\watchlist\6.Trading_Journal\backend\.venv\Lib\site-packages\httpcore\_async\http11.py", line 136, in handle_async_request
    raise exc
  File "C:\Users\inven\OneDrive\Documentos\GitHub\watchlist\6.Trading_Journal\backend\.venv\Lib\site-packages\httpcore\_async\http11.py", line 106, in handle_async_request
    ) = await self._receive_response_headers(**kwargs)
        ^^^^^^^^^^^^^^^^^^^^^^^^^^^^^^^^^^^^^^^^^^^^^^
  File "C:\Users\inven\OneDrive\Documentos\GitHub\watchlist\6.Trading_Journal\backend\.venv\Lib\site-packages\httpcore\_async\http11.py", line 177, in _receive_response_headers
    event = await self._receive_event(timeout=timeout)
            ^^^^^^^^^^^^^^^^^^^^^^^^^^^^^^^^^^^^^^^^^^
  File "C:\Users\inven\OneDrive\Documentos\GitHub\watchlist\6.Trading_Journal\backend\.venv\Lib\site-packages\httpcore\_async\http11.py", line 217, in _receive_event
    data = await self._network_stream.read(
           ^^^^^^^^^^^^^^^^^^^^^^^^^^^^^^^^
        self.READ_NUM_BYTES, timeout=timeout
        ^^^^^^^^^^^^^^^^^^^^^^^^^^^^^^^^^^^^
    )
    ^
  File "C:\Users\inven\OneDrive\Documentos\GitHub\watchlist\6.Trading_Journal\backend\.venv\Lib\site-packages\httpcore\_backends\anyio.py", line 32, in read
    with map_exceptions(exc_map):
         ~~~~~~~~~~~~~~^^^^^^^^^
  File "C:\Python314\Lib\contextlib.py", line 162, in __exit__
    self.gen.throw(value)
    ~~~~~~~~~~~~~~^^^^^^^
  File "C:\Users\inven\OneDrive\Documentos\GitHub\watchlist\6.Trading_Journal\backend\.venv\Lib\site-packages\httpcore\_exceptions.py", line 14, in map_exceptions
    raise to_exc(exc) from exc
httpcore.ReadTimeout

The above exception was the direct cause of the following exception:

Traceback (most recent call last):
  File "C:\Users\inven\OneDrive\Documentos\GitHub\watchlist\6.Trading_Journal\backend\services\position_monitor.py", line 186, in _fetch_positions
    response = await self._http_client.get(
               ^^^^^^^^^^^^^^^^^^^^^^^^^^^^
        f"{self.trading_bot_url}/api/positions"
        ^^^^^^^^^^^^^^^^^^^^^^^^^^^^^^^^^^^^^^^
    )
    ^
  File "C:\Users\inven\OneDrive\Documentos\GitHub\watchlist\6.Trading_Journal\backend\.venv\Lib\site-packages\httpx\_client.py", line 1768, in get
    return await self.request(
           ^^^^^^^^^^^^^^^^^^^
    ...<9 lines>...
    )
    ^
  File "C:\Users\inven\OneDrive\Documentos\GitHub\watchlist\6.Trading_Journal\backend\.venv\Lib\site-packages\httpx\_client.py", line 1540, in request
    return await self.send(request, auth=auth, follow_redirects=follow_redirects)
           ^^^^^^^^^^^^^^^^^^^^^^^^^^^^^^^^^^^^^^^^^^^^^^^^^^^^^^^^^^^^^^^^^^^^^^
  File "C:\Users\inven\OneDrive\Documentos\GitHub\watchlist\6.Trading_Journal\backend\.venv\Lib\site-packages\httpx\_client.py", line 1629, in send
    response = await self._send_handling_auth(
               ^^^^^^^^^^^^^^^^^^^^^^^^^^^^^^^
    ...<4 lines>...
    )
    ^
  File "C:\Users\inven\OneDrive\Documentos\GitHub\watchlist\6.Trading_Journal\backend\.venv\Lib\site-packages\httpx\_client.py", line 1657, in _send_handling_auth
    response = await self._send_handling_redirects(
               ^^^^^^^^^^^^^^^^^^^^^^^^^^^^^^^^^^^^
    ...<3 lines>...
    )
    ^
  File "C:\Users\inven\OneDrive\Documentos\GitHub\watchlist\6.Trading_Journal\backend\.venv\Lib\site-packages\httpx\_client.py", line 1694, in _send_handling_redirects
    response = await self._send_single_request(request)
               ^^^^^^^^^^^^^^^^^^^^^^^^^^^^^^^^^^^^^^^^
  File "C:\Users\inven\OneDrive\Documentos\GitHub\watchlist\6.Trading_Journal\backend\.venv\Lib\site-packages\httpx\_client.py", line 1730, in _send_single_request
    response = await transport.handle_async_request(request)
               ^^^^^^^^^^^^^^^^^^^^^^^^^^^^^^^^^^^^^^^^^^^^^
  File "C:\Users\inven\OneDrive\Documentos\GitHub\watchlist\6.Trading_Journal\backend\.venv\Lib\site-packages\httpx\_transports\default.py", line 393, in handle_async_request
    with map_httpcore_exceptions():
         ~~~~~~~~~~~~~~~~~~~~~~~^^
  File "C:\Python314\Lib\contextlib.py", line 162, in __exit__
    self.gen.throw(value)
    ~~~~~~~~~~~~~~^^^^^^^
  File "C:\Users\inven\OneDrive\Documentos\GitHub\watchlist\6.Trading_Journal\backend\.venv\Lib\site-packages\httpx\_transports\default.py", line 118, in map_httpcore_exceptions
    raise mapped_exc(message) from exc
httpx.ReadTimeout

2026-01-28 19:48:31,212 | ERROR | services.position_monitor | Error fetching positions: ReadTimeout: 
2026-01-28 19:48:31,223 | ERROR | services.position_monitor | Traceback (most recent call last):
  File "C:\Users\inven\OneDrive\Documentos\GitHub\watchlist\6.Trading_Journal\backend\.venv\Lib\site-packages\httpx\_transports\default.py", line 101, in map_httpcore_exceptions
    yield
  File "C:\Users\inven\OneDrive\Documentos\GitHub\watchlist\6.Trading_Journal\backend\.venv\Lib\site-packages\httpx\_transports\default.py", line 394, in handle_async_request
    resp = await self._pool.handle_async_request(req)
           ^^^^^^^^^^^^^^^^^^^^^^^^^^^^^^^^^^^^^^^^^^
  File "C:\Users\inven\OneDrive\Documentos\GitHub\watchlist\6.Trading_Journal\backend\.venv\Lib\site-packages\httpcore\_async\connection_pool.py", line 256, in handle_async_request
    raise exc from None
  File "C:\Users\inven\OneDrive\Documentos\GitHub\watchlist\6.Trading_Journal\backend\.venv\Lib\site-packages\httpcore\_async\connection_pool.py", line 236, in handle_async_request
    response = await connection.handle_async_request(
               ^^^^^^^^^^^^^^^^^^^^^^^^^^^^^^^^^^^^^^
        pool_request.request
        ^^^^^^^^^^^^^^^^^^^^
    )
    ^
  File "C:\Users\inven\OneDrive\Documentos\GitHub\watchlist\6.Trading_Journal\backend\.venv\Lib\site-packages\httpcore\_async\connection.py", line 103, in handle_async_request
    return await self._connection.handle_async_request(request)
           ^^^^^^^^^^^^^^^^^^^^^^^^^^^^^^^^^^^^^^^^^^^^^^^^^^^^
  File "C:\Users\inven\OneDrive\Documentos\GitHub\watchlist\6.Trading_Journal\backend\.venv\Lib\site-packages\httpcore\_async\http11.py", line 136, in handle_async_request
    raise exc
  File "C:\Users\inven\OneDrive\Documentos\GitHub\watchlist\6.Trading_Journal\backend\.venv\Lib\site-packages\httpcore\_async\http11.py", line 106, in handle_async_request
    ) = await self._receive_response_headers(**kwargs)
        ^^^^^^^^^^^^^^^^^^^^^^^^^^^^^^^^^^^^^^^^^^^^^^
  File "C:\Users\inven\OneDrive\Documentos\GitHub\watchlist\6.Trading_Journal\backend\.venv\Lib\site-packages\httpcore\_async\http11.py", line 177, in _receive_response_headers
    event = await self._receive_event(timeout=timeout)
            ^^^^^^^^^^^^^^^^^^^^^^^^^^^^^^^^^^^^^^^^^^
  File "C:\Users\inven\OneDrive\Documentos\GitHub\watchlist\6.Trading_Journal\backend\.venv\Lib\site-packages\httpcore\_async\http11.py", line 217, in _receive_event
    data = await self._network_stream.read(
           ^^^^^^^^^^^^^^^^^^^^^^^^^^^^^^^^
        self.READ_NUM_BYTES, timeout=timeout
        ^^^^^^^^^^^^^^^^^^^^^^^^^^^^^^^^^^^^
    )
    ^
  File "C:\Users\inven\OneDrive\Documentos\GitHub\watchlist\6.Trading_Journal\backend\.venv\Lib\site-packages\httpcore\_backends\anyio.py", line 32, in read
    with map_exceptions(exc_map):
         ~~~~~~~~~~~~~~^^^^^^^^^
  File "C:\Python314\Lib\contextlib.py", line 162, in __exit__
    self.gen.throw(value)
    ~~~~~~~~~~~~~~^^^^^^^
  File "C:\Users\inven\OneDrive\Documentos\GitHub\watchlist\6.Trading_Journal\backend\.venv\Lib\site-packages\httpcore\_exceptions.py", line 14, in map_exceptions
    raise to_exc(exc) from exc
httpcore.ReadTimeout

The above exception was the direct cause of the following exception:

Traceback (most recent call last):
  File "C:\Users\inven\OneDrive\Documentos\GitHub\watchlist\6.Trading_Journal\backend\services\position_monitor.py", line 186, in _fetch_positions
    response = await self._http_client.get(
               ^^^^^^^^^^^^^^^^^^^^^^^^^^^^
        f"{self.trading_bot_url}/api/positions"
        ^^^^^^^^^^^^^^^^^^^^^^^^^^^^^^^^^^^^^^^
    )
    ^
  File "C:\Users\inven\OneDrive\Documentos\GitHub\watchlist\6.Trading_Journal\backend\.venv\Lib\site-packages\httpx\_client.py", line 1768, in get
    return await self.request(
           ^^^^^^^^^^^^^^^^^^^
    ...<9 lines>...
    )
    ^
  File "C:\Users\inven\OneDrive\Documentos\GitHub\watchlist\6.Trading_Journal\backend\.venv\Lib\site-packages\httpx\_client.py", line 1540, in request
    return await self.send(request, auth=auth, follow_redirects=follow_redirects)
           ^^^^^^^^^^^^^^^^^^^^^^^^^^^^^^^^^^^^^^^^^^^^^^^^^^^^^^^^^^^^^^^^^^^^^^
  File "C:\Users\inven\OneDrive\Documentos\GitHub\watchlist\6.Trading_Journal\backend\.venv\Lib\site-packages\httpx\_client.py", line 1629, in send
    response = await self._send_handling_auth(
               ^^^^^^^^^^^^^^^^^^^^^^^^^^^^^^^
    ...<4 lines>...
    )
    ^
  File "C:\Users\inven\OneDrive\Documentos\GitHub\watchlist\6.Trading_Journal\backend\.venv\Lib\site-packages\httpx\_client.py", line 1657, in _send_handling_auth
    response = await self._send_handling_redirects(
               ^^^^^^^^^^^^^^^^^^^^^^^^^^^^^^^^^^^^
    ...<3 lines>...
    )
    ^
  File "C:\Users\inven\OneDrive\Documentos\GitHub\watchlist\6.Trading_Journal\backend\.venv\Lib\site-packages\httpx\_client.py", line 1694, in _send_handling_redirects
    response = await self._send_single_request(request)
               ^^^^^^^^^^^^^^^^^^^^^^^^^^^^^^^^^^^^^^^^
  File "C:\Users\inven\OneDrive\Documentos\GitHub\watchlist\6.Trading_Journal\backend\.venv\Lib\site-packages\httpx\_client.py", line 1730, in _send_single_request
    response = await transport.handle_async_request(request)
               ^^^^^^^^^^^^^^^^^^^^^^^^^^^^^^^^^^^^^^^^^^^^^
  File "C:\Users\inven\OneDrive\Documentos\GitHub\watchlist\6.Trading_Journal\backend\.venv\Lib\site-packages\httpx\_transports\default.py", line 393, in handle_async_request
    with map_httpcore_exceptions():
         ~~~~~~~~~~~~~~~~~~~~~~~^^
  File "C:\Python314\Lib\contextlib.py", line 162, in __exit__
    self.gen.throw(value)
    ~~~~~~~~~~~~~~^^^^^^^
  File "C:\Users\inven\OneDrive\Documentos\GitHub\watchlist\6.Trading_Journal\backend\.venv\Lib\site-packages\httpx\_transports\default.py", line 118, in map_httpcore_exceptions
    raise mapped_exc(message) from exc
httpx.ReadTimeout

2026-01-28 19:48:46,509 | ERROR | services.position_monitor | Error fetching positions: ReadTimeout: 
2026-01-28 19:48:46,514 | ERROR | services.position_monitor | Traceback (most recent call last):
  File "C:\Users\inven\OneDrive\Documentos\GitHub\watchlist\6.Trading_Journal\backend\.venv\Lib\site-packages\httpx\_transports\default.py", line 101, in map_httpcore_exceptions
    yield
  File "C:\Users\inven\OneDrive\Documentos\GitHub\watchlist\6.Trading_Journal\backend\.venv\Lib\site-packages\httpx\_transports\default.py", line 394, in handle_async_request
    resp = await self._pool.handle_async_request(req)
           ^^^^^^^^^^^^^^^^^^^^^^^^^^^^^^^^^^^^^^^^^^
  File "C:\Users\inven\OneDrive\Documentos\GitHub\watchlist\6.Trading_Journal\backend\.venv\Lib\site-packages\httpcore\_async\connection_pool.py", line 256, in handle_async_request
    raise exc from None
  File "C:\Users\inven\OneDrive\Documentos\GitHub\watchlist\6.Trading_Journal\backend\.venv\Lib\site-packages\httpcore\_async\connection_pool.py", line 236, in handle_async_request
    response = await connection.handle_async_request(
               ^^^^^^^^^^^^^^^^^^^^^^^^^^^^^^^^^^^^^^
        pool_request.request
        ^^^^^^^^^^^^^^^^^^^^
    )
    ^
  File "C:\Users\inven\OneDrive\Documentos\GitHub\watchlist\6.Trading_Journal\backend\.venv\Lib\site-packages\httpcore\_async\connection.py", line 103, in handle_async_request
    return await self._connection.handle_async_request(request)
           ^^^^^^^^^^^^^^^^^^^^^^^^^^^^^^^^^^^^^^^^^^^^^^^^^^^^
  File "C:\Users\inven\OneDrive\Documentos\GitHub\watchlist\6.Trading_Journal\backend\.venv\Lib\site-packages\httpcore\_async\http11.py", line 136, in handle_async_request
    raise exc
  File "C:\Users\inven\OneDrive\Documentos\GitHub\watchlist\6.Trading_Journal\backend\.venv\Lib\site-packages\httpcore\_async\http11.py", line 106, in handle_async_request
    ) = await self._receive_response_headers(**kwargs)
        ^^^^^^^^^^^^^^^^^^^^^^^^^^^^^^^^^^^^^^^^^^^^^^
  File "C:\Users\inven\OneDrive\Documentos\GitHub\watchlist\6.Trading_Journal\backend\.venv\Lib\site-packages\httpcore\_async\http11.py", line 177, in _receive_response_headers
    event = await self._receive_event(timeout=timeout)
            ^^^^^^^^^^^^^^^^^^^^^^^^^^^^^^^^^^^^^^^^^^
  File "C:\Users\inven\OneDrive\Documentos\GitHub\watchlist\6.Trading_Journal\backend\.venv\Lib\site-packages\httpcore\_async\http11.py", line 217, in _receive_event
    data = await self._network_stream.read(
           ^^^^^^^^^^^^^^^^^^^^^^^^^^^^^^^^
        self.READ_NUM_BYTES, timeout=timeout
        ^^^^^^^^^^^^^^^^^^^^^^^^^^^^^^^^^^^^
    )
    ^
  File "C:\Users\inven\OneDrive\Documentos\GitHub\watchlist\6.Trading_Journal\backend\.venv\Lib\site-packages\httpcore\_backends\anyio.py", line 32, in read
    with map_exceptions(exc_map):
         ~~~~~~~~~~~~~~^^^^^^^^^
  File "C:\Python314\Lib\contextlib.py", line 162, in __exit__
    self.gen.throw(value)
    ~~~~~~~~~~~~~~^^^^^^^
  File "C:\Users\inven\OneDrive\Documentos\GitHub\watchlist\6.Trading_Journal\backend\.venv\Lib\site-packages\httpcore\_exceptions.py", line 14, in map_exceptions
    raise to_exc(exc) from exc
httpcore.ReadTimeout

The above exception was the direct cause of the following exception:

Traceback (most recent call last):
  File "C:\Users\inven\OneDrive\Documentos\GitHub\watchlist\6.Trading_Journal\backend\services\position_monitor.py", line 186, in _fetch_positions
    response = await self._http_client.get(
               ^^^^^^^^^^^^^^^^^^^^^^^^^^^^
        f"{self.trading_bot_url}/api/positions"
        ^^^^^^^^^^^^^^^^^^^^^^^^^^^^^^^^^^^^^^^
    )
    ^
  File "C:\Users\inven\OneDrive\Documentos\GitHub\watchlist\6.Trading_Journal\backend\.venv\Lib\site-packages\httpx\_client.py", line 1768, in get
    return await self.request(
           ^^^^^^^^^^^^^^^^^^^
    ...<9 lines>...
    )
    ^
  File "C:\Users\inven\OneDrive\Documentos\GitHub\watchlist\6.Trading_Journal\backend\.venv\Lib\site-packages\httpx\_client.py", line 1540, in request
    return await self.send(request, auth=auth, follow_redirects=follow_redirects)
           ^^^^^^^^^^^^^^^^^^^^^^^^^^^^^^^^^^^^^^^^^^^^^^^^^^^^^^^^^^^^^^^^^^^^^^
  File "C:\Users\inven\OneDrive\Documentos\GitHub\watchlist\6.Trading_Journal\backend\.venv\Lib\site-packages\httpx\_client.py", line 1629, in send
    response = await self._send_handling_auth(
               ^^^^^^^^^^^^^^^^^^^^^^^^^^^^^^^
    ...<4 lines>...
    )
    ^
  File "C:\Users\inven\OneDrive\Documentos\GitHub\watchlist\6.Trading_Journal\backend\.venv\Lib\site-packages\httpx\_client.py", line 1657, in _send_handling_auth
    response = await self._send_handling_redirects(
               ^^^^^^^^^^^^^^^^^^^^^^^^^^^^^^^^^^^^
    ...<3 lines>...
    )
    ^
  File "C:\Users\inven\OneDrive\Documentos\GitHub\watchlist\6.Trading_Journal\backend\.venv\Lib\site-packages\httpx\_client.py", line 1694, in _send_handling_redirects
    response = await self._send_single_request(request)
               ^^^^^^^^^^^^^^^^^^^^^^^^^^^^^^^^^^^^^^^^
  File "C:\Users\inven\OneDrive\Documentos\GitHub\watchlist\6.Trading_Journal\backend\.venv\Lib\site-packages\httpx\_client.py", line 1730, in _send_single_request
    response = await transport.handle_async_request(request)
               ^^^^^^^^^^^^^^^^^^^^^^^^^^^^^^^^^^^^^^^^^^^^^
  File "C:\Users\inven\OneDrive\Documentos\GitHub\watchlist\6.Trading_Journal\backend\.venv\Lib\site-packages\httpx\_transports\default.py", line 393, in handle_async_request
    with map_httpcore_exceptions():
         ~~~~~~~~~~~~~~~~~~~~~~~^^
  File "C:\Python314\Lib\contextlib.py", line 162, in __exit__
    self.gen.throw(value)
    ~~~~~~~~~~~~~~^^^^^^^
  File "C:\Users\inven\OneDrive\Documentos\GitHub\watchlist\6.Trading_Journal\backend\.venv\Lib\site-packages\httpx\_transports\default.py", line 118, in map_httpcore_exceptions
    raise mapped_exc(message) from exc
httpx.ReadTimeout

2026-01-28 19:49:01,809 | ERROR | services.position_monitor | Error fetching positions: ReadTimeout: 
2026-01-28 19:49:01,818 | ERROR | services.position_monitor | Traceback (most recent call last):
  File "C:\Users\inven\OneDrive\Documentos\GitHub\watchlist\6.Trading_Journal\backend\.venv\Lib\site-packages\httpx\_transports\default.py", line 101, in map_httpcore_exceptions
    yield
  File "C:\Users\inven\OneDrive\Documentos\GitHub\watchlist\6.Trading_Journal\backend\.venv\Lib\site-packages\httpx\_transports\default.py", line 394, in handle_async_request
    resp = await self._pool.handle_async_request(req)
           ^^^^^^^^^^^^^^^^^^^^^^^^^^^^^^^^^^^^^^^^^^
  File "C:\Users\inven\OneDrive\Documentos\GitHub\watchlist\6.Trading_Journal\backend\.venv\Lib\site-packages\httpcore\_async\connection_pool.py", line 256, in handle_async_request
    raise exc from None
  File "C:\Users\inven\OneDrive\Documentos\GitHub\watchlist\6.Trading_Journal\backend\.venv\Lib\site-packages\httpcore\_async\connection_pool.py", line 236, in handle_async_request
    response = await connection.handle_async_request(
               ^^^^^^^^^^^^^^^^^^^^^^^^^^^^^^^^^^^^^^
        pool_request.request
        ^^^^^^^^^^^^^^^^^^^^
    )
    ^
  File "C:\Users\inven\OneDrive\Documentos\GitHub\watchlist\6.Trading_Journal\backend\.venv\Lib\site-packages\httpcore\_async\connection.py", line 103, in handle_async_request
    return await self._connection.handle_async_request(request)
           ^^^^^^^^^^^^^^^^^^^^^^^^^^^^^^^^^^^^^^^^^^^^^^^^^^^^
  File "C:\Users\inven\OneDrive\Documentos\GitHub\watchlist\6.Trading_Journal\backend\.venv\Lib\site-packages\httpcore\_async\http11.py", line 136, in handle_async_request
    raise exc
  File "C:\Users\inven\OneDrive\Documentos\GitHub\watchlist\6.Trading_Journal\backend\.venv\Lib\site-packages\httpcore\_async\http11.py", line 106, in handle_async_request
    ) = await self._receive_response_headers(**kwargs)
        ^^^^^^^^^^^^^^^^^^^^^^^^^^^^^^^^^^^^^^^^^^^^^^
  File "C:\Users\inven\OneDrive\Documentos\GitHub\watchlist\6.Trading_Journal\backend\.venv\Lib\site-packages\httpcore\_async\http11.py", line 177, in _receive_response_headers
    event = await self._receive_event(timeout=timeout)
            ^^^^^^^^^^^^^^^^^^^^^^^^^^^^^^^^^^^^^^^^^^
  File "C:\Users\inven\OneDrive\Documentos\GitHub\watchlist\6.Trading_Journal\backend\.venv\Lib\site-packages\httpcore\_async\http11.py", line 217, in _receive_event
    data = await self._network_stream.read(
           ^^^^^^^^^^^^^^^^^^^^^^^^^^^^^^^^
        self.READ_NUM_BYTES, timeout=timeout
        ^^^^^^^^^^^^^^^^^^^^^^^^^^^^^^^^^^^^
    )
    ^
  File "C:\Users\inven\OneDrive\Documentos\GitHub\watchlist\6.Trading_Journal\backend\.venv\Lib\site-packages\httpcore\_backends\anyio.py", line 32, in read
    with map_exceptions(exc_map):
         ~~~~~~~~~~~~~~^^^^^^^^^
  File "C:\Python314\Lib\contextlib.py", line 162, in __exit__
    self.gen.throw(value)
    ~~~~~~~~~~~~~~^^^^^^^
  File "C:\Users\inven\OneDrive\Documentos\GitHub\watchlist\6.Trading_Journal\backend\.venv\Lib\site-packages\httpcore\_exceptions.py", line 14, in map_exceptions
    raise to_exc(exc) from exc
httpcore.ReadTimeout

The above exception was the direct cause of the following exception:

Traceback (most recent call last):
  File "C:\Users\inven\OneDrive\Documentos\GitHub\watchlist\6.Trading_Journal\backend\services\position_monitor.py", line 186, in _fetch_positions
    response = await self._http_client.get(
               ^^^^^^^^^^^^^^^^^^^^^^^^^^^^
        f"{self.trading_bot_url}/api/positions"
        ^^^^^^^^^^^^^^^^^^^^^^^^^^^^^^^^^^^^^^^
    )
    ^
  File "C:\Users\inven\OneDrive\Documentos\GitHub\watchlist\6.Trading_Journal\backend\.venv\Lib\site-packages\httpx\_client.py", line 1768, in get
    return await self.request(
           ^^^^^^^^^^^^^^^^^^^
    ...<9 lines>...
    )
    ^
  File "C:\Users\inven\OneDrive\Documentos\GitHub\watchlist\6.Trading_Journal\backend\.venv\Lib\site-packages\httpx\_client.py", line 1540, in request
    return await self.send(request, auth=auth, follow_redirects=follow_redirects)
           ^^^^^^^^^^^^^^^^^^^^^^^^^^^^^^^^^^^^^^^^^^^^^^^^^^^^^^^^^^^^^^^^^^^^^^
  File "C:\Users\inven\OneDrive\Documentos\GitHub\watchlist\6.Trading_Journal\backend\.venv\Lib\site-packages\httpx\_client.py", line 1629, in send
    response = await self._send_handling_auth(
               ^^^^^^^^^^^^^^^^^^^^^^^^^^^^^^^
    ...<4 lines>...
    )
    ^
  File "C:\Users\inven\OneDrive\Documentos\GitHub\watchlist\6.Trading_Journal\backend\.venv\Lib\site-packages\httpx\_client.py", line 1657, in _send_handling_auth
    response = await self._send_handling_redirects(
               ^^^^^^^^^^^^^^^^^^^^^^^^^^^^^^^^^^^^
    ...<3 lines>...
    )
    ^
  File "C:\Users\inven\OneDrive\Documentos\GitHub\watchlist\6.Trading_Journal\backend\.venv\Lib\site-packages\httpx\_client.py", line 1694, in _send_handling_redirects
    response = await self._send_single_request(request)
               ^^^^^^^^^^^^^^^^^^^^^^^^^^^^^^^^^^^^^^^^
  File "C:\Users\inven\OneDrive\Documentos\GitHub\watchlist\6.Trading_Journal\backend\.venv\Lib\site-packages\httpx\_client.py", line 1730, in _send_single_request
    response = await transport.handle_async_request(request)
               ^^^^^^^^^^^^^^^^^^^^^^^^^^^^^^^^^^^^^^^^^^^^^
  File "C:\Users\inven\OneDrive\Documentos\GitHub\watchlist\6.Trading_Journal\backend\.venv\Lib\site-packages\httpx\_transports\default.py", line 393, in handle_async_request
    with map_httpcore_exceptions():
         ~~~~~~~~~~~~~~~~~~~~~~~^^
  File "C:\Python314\Lib\contextlib.py", line 162, in __exit__
    self.gen.throw(value)
    ~~~~~~~~~~~~~~^^^^^^^
  File "C:\Users\inven\OneDrive\Documentos\GitHub\watchlist\6.Trading_Journal\backend\.venv\Lib\site-packages\httpx\_transports\default.py", line 118, in map_httpcore_exceptions
    raise mapped_exc(message) from exc
httpx.ReadTimeout

2026-01-28 19:49:17,112 | ERROR | services.position_monitor | Error fetching positions: ReadTimeout: 
2026-01-28 19:49:17,120 | ERROR | services.position_monitor | Traceback (most recent call last):
  File "C:\Users\inven\OneDrive\Documentos\GitHub\watchlist\6.Trading_Journal\backend\.venv\Lib\site-packages\httpx\_transports\default.py", line 101, in map_httpcore_exceptions
    yield
  File "C:\Users\inven\OneDrive\Documentos\GitHub\watchlist\6.Trading_Journal\backend\.venv\Lib\site-packages\httpx\_transports\default.py", line 394, in handle_async_request
    resp = await self._pool.handle_async_request(req)
           ^^^^^^^^^^^^^^^^^^^^^^^^^^^^^^^^^^^^^^^^^^
  File "C:\Users\inven\OneDrive\Documentos\GitHub\watchlist\6.Trading_Journal\backend\.venv\Lib\site-packages\httpcore\_async\connection_pool.py", line 256, in handle_async_request
    raise exc from None
  File "C:\Users\inven\OneDrive\Documentos\GitHub\watchlist\6.Trading_Journal\backend\.venv\Lib\site-packages\httpcore\_async\connection_pool.py", line 236, in handle_async_request
    response = await connection.handle_async_request(
               ^^^^^^^^^^^^^^^^^^^^^^^^^^^^^^^^^^^^^^
        pool_request.request
        ^^^^^^^^^^^^^^^^^^^^
    )
    ^
  File "C:\Users\inven\OneDrive\Documentos\GitHub\watchlist\6.Trading_Journal\backend\.venv\Lib\site-packages\httpcore\_async\connection.py", line 103, in handle_async_request
    return await self._connection.handle_async_request(request)
           ^^^^^^^^^^^^^^^^^^^^^^^^^^^^^^^^^^^^^^^^^^^^^^^^^^^^
  File "C:\Users\inven\OneDrive\Documentos\GitHub\watchlist\6.Trading_Journal\backend\.venv\Lib\site-packages\httpcore\_async\http11.py", line 136, in handle_async_request
    raise exc
  File "C:\Users\inven\OneDrive\Documentos\GitHub\watchlist\6.Trading_Journal\backend\.venv\Lib\site-packages\httpcore\_async\http11.py", line 106, in handle_async_request
    ) = await self._receive_response_headers(**kwargs)
        ^^^^^^^^^^^^^^^^^^^^^^^^^^^^^^^^^^^^^^^^^^^^^^
  File "C:\Users\inven\OneDrive\Documentos\GitHub\watchlist\6.Trading_Journal\backend\.venv\Lib\site-packages\httpcore\_async\http11.py", line 177, in _receive_response_headers
    event = await self._receive_event(timeout=timeout)
            ^^^^^^^^^^^^^^^^^^^^^^^^^^^^^^^^^^^^^^^^^^
  File "C:\Users\inven\OneDrive\Documentos\GitHub\watchlist\6.Trading_Journal\backend\.venv\Lib\site-packages\httpcore\_async\http11.py", line 217, in _receive_event
    data = await self._network_stream.read(
           ^^^^^^^^^^^^^^^^^^^^^^^^^^^^^^^^
        self.READ_NUM_BYTES, timeout=timeout
        ^^^^^^^^^^^^^^^^^^^^^^^^^^^^^^^^^^^^
    )
    ^
  File "C:\Users\inven\OneDrive\Documentos\GitHub\watchlist\6.Trading_Journal\backend\.venv\Lib\site-packages\httpcore\_backends\anyio.py", line 32, in read
    with map_exceptions(exc_map):
         ~~~~~~~~~~~~~~^^^^^^^^^
  File "C:\Python314\Lib\contextlib.py", line 162, in __exit__
    self.gen.throw(value)
    ~~~~~~~~~~~~~~^^^^^^^
  File "C:\Users\inven\OneDrive\Documentos\GitHub\watchlist\6.Trading_Journal\backend\.venv\Lib\site-packages\httpcore\_exceptions.py", line 14, in map_exceptions
    raise to_exc(exc) from exc
httpcore.ReadTimeout

The above exception was the direct cause of the following exception:

Traceback (most recent call last):
  File "C:\Users\inven\OneDrive\Documentos\GitHub\watchlist\6.Trading_Journal\backend\services\position_monitor.py", line 186, in _fetch_positions
    response = await self._http_client.get(
               ^^^^^^^^^^^^^^^^^^^^^^^^^^^^
        f"{self.trading_bot_url}/api/positions"
        ^^^^^^^^^^^^^^^^^^^^^^^^^^^^^^^^^^^^^^^
    )
    ^
  File "C:\Users\inven\OneDrive\Documentos\GitHub\watchlist\6.Trading_Journal\backend\.venv\Lib\site-packages\httpx\_client.py", line 1768, in get
    return await self.request(
           ^^^^^^^^^^^^^^^^^^^
    ...<9 lines>...
    )
    ^
  File "C:\Users\inven\OneDrive\Documentos\GitHub\watchlist\6.Trading_Journal\backend\.venv\Lib\site-packages\httpx\_client.py", line 1540, in request
    return await self.send(request, auth=auth, follow_redirects=follow_redirects)
           ^^^^^^^^^^^^^^^^^^^^^^^^^^^^^^^^^^^^^^^^^^^^^^^^^^^^^^^^^^^^^^^^^^^^^^
  File "C:\Users\inven\OneDrive\Documentos\GitHub\watchlist\6.Trading_Journal\backend\.venv\Lib\site-packages\httpx\_client.py", line 1629, in send
    response = await self._send_handling_auth(
               ^^^^^^^^^^^^^^^^^^^^^^^^^^^^^^^
    ...<4 lines>...
    )
    ^
  File "C:\Users\inven\OneDrive\Documentos\GitHub\watchlist\6.Trading_Journal\backend\.venv\Lib\site-packages\httpx\_client.py", line 1657, in _send_handling_auth
    response = await self._send_handling_redirects(
               ^^^^^^^^^^^^^^^^^^^^^^^^^^^^^^^^^^^^
    ...<3 lines>...
    )
    ^
  File "C:\Users\inven\OneDrive\Documentos\GitHub\watchlist\6.Trading_Journal\backend\.venv\Lib\site-packages\httpx\_client.py", line 1694, in _send_handling_redirects
    response = await self._send_single_request(request)
               ^^^^^^^^^^^^^^^^^^^^^^^^^^^^^^^^^^^^^^^^
  File "C:\Users\inven\OneDrive\Documentos\GitHub\watchlist\6.Trading_Journal\backend\.venv\Lib\site-packages\httpx\_client.py", line 1730, in _send_single_request
    response = await transport.handle_async_request(request)
               ^^^^^^^^^^^^^^^^^^^^^^^^^^^^^^^^^^^^^^^^^^^^^
  File "C:\Users\inven\OneDrive\Documentos\GitHub\watchlist\6.Trading_Journal\backend\.venv\Lib\site-packages\httpx\_transports\default.py", line 393, in handle_async_request
    with map_httpcore_exceptions():
         ~~~~~~~~~~~~~~~~~~~~~~~^^
  File "C:\Python314\Lib\contextlib.py", line 162, in __exit__
    self.gen.throw(value)
    ~~~~~~~~~~~~~~^^^^^^^
  File "C:\Users\inven\OneDrive\Documentos\GitHub\watchlist\6.Trading_Journal\backend\.venv\Lib\site-packages\httpx\_transports\default.py", line 118, in map_httpcore_exceptions
    raise mapped_exc(message) from exc
httpx.ReadTimeout

2026-01-28 19:49:32,400 | ERROR | services.position_monitor | Error fetching positions: ReadTimeout: 
2026-01-28 19:49:32,405 | ERROR | services.position_monitor | Traceback (most recent call last):
  File "C:\Users\inven\OneDrive\Documentos\GitHub\watchlist\6.Trading_Journal\backend\.venv\Lib\site-packages\httpx\_transports\default.py", line 101, in map_httpcore_exceptions
    yield
  File "C:\Users\inven\OneDrive\Documentos\GitHub\watchlist\6.Trading_Journal\backend\.venv\Lib\site-packages\httpx\_transports\default.py", line 394, in handle_async_request
    resp = await self._pool.handle_async_request(req)
           ^^^^^^^^^^^^^^^^^^^^^^^^^^^^^^^^^^^^^^^^^^
  File "C:\Users\inven\OneDrive\Documentos\GitHub\watchlist\6.Trading_Journal\backend\.venv\Lib\site-packages\httpcore\_async\connection_pool.py", line 256, in handle_async_request
    raise exc from None
  File "C:\Users\inven\OneDrive\Documentos\GitHub\watchlist\6.Trading_Journal\backend\.venv\Lib\site-packages\httpcore\_async\connection_pool.py", line 236, in handle_async_request
    response = await connection.handle_async_request(
               ^^^^^^^^^^^^^^^^^^^^^^^^^^^^^^^^^^^^^^
        pool_request.request
        ^^^^^^^^^^^^^^^^^^^^
    )
    ^
  File "C:\Users\inven\OneDrive\Documentos\GitHub\watchlist\6.Trading_Journal\backend\.venv\Lib\site-packages\httpcore\_async\connection.py", line 103, in handle_async_request
    return await self._connection.handle_async_request(request)
           ^^^^^^^^^^^^^^^^^^^^^^^^^^^^^^^^^^^^^^^^^^^^^^^^^^^^
  File "C:\Users\inven\OneDrive\Documentos\GitHub\watchlist\6.Trading_Journal\backend\.venv\Lib\site-packages\httpcore\_async\http11.py", line 136, in handle_async_request
    raise exc
  File "C:\Users\inven\OneDrive\Documentos\GitHub\watchlist\6.Trading_Journal\backend\.venv\Lib\site-packages\httpcore\_async\http11.py", line 106, in handle_async_request
    ) = await self._receive_response_headers(**kwargs)
        ^^^^^^^^^^^^^^^^^^^^^^^^^^^^^^^^^^^^^^^^^^^^^^
  File "C:\Users\inven\OneDrive\Documentos\GitHub\watchlist\6.Trading_Journal\backend\.venv\Lib\site-packages\httpcore\_async\http11.py", line 177, in _receive_response_headers
    event = await self._receive_event(timeout=timeout)
            ^^^^^^^^^^^^^^^^^^^^^^^^^^^^^^^^^^^^^^^^^^
  File "C:\Users\inven\OneDrive\Documentos\GitHub\watchlist\6.Trading_Journal\backend\.venv\Lib\site-packages\httpcore\_async\http11.py", line 217, in _receive_event
    data = await self._network_stream.read(
           ^^^^^^^^^^^^^^^^^^^^^^^^^^^^^^^^
        self.READ_NUM_BYTES, timeout=timeout
        ^^^^^^^^^^^^^^^^^^^^^^^^^^^^^^^^^^^^
    )
    ^
  File "C:\Users\inven\OneDrive\Documentos\GitHub\watchlist\6.Trading_Journal\backend\.venv\Lib\site-packages\httpcore\_backends\anyio.py", line 32, in read
    with map_exceptions(exc_map):
         ~~~~~~~~~~~~~~^^^^^^^^^
  File "C:\Python314\Lib\contextlib.py", line 162, in __exit__
    self.gen.throw(value)
    ~~~~~~~~~~~~~~^^^^^^^
  File "C:\Users\inven\OneDrive\Documentos\GitHub\watchlist\6.Trading_Journal\backend\.venv\Lib\site-packages\httpcore\_exceptions.py", line 14, in map_exceptions
    raise to_exc(exc) from exc
httpcore.ReadTimeout

The above exception was the direct cause of the following exception:

Traceback (most recent call last):
  File "C:\Users\inven\OneDrive\Documentos\GitHub\watchlist\6.Trading_Journal\backend\services\position_monitor.py", line 186, in _fetch_positions
    response = await self._http_client.get(
               ^^^^^^^^^^^^^^^^^^^^^^^^^^^^
        f"{self.trading_bot_url}/api/positions"
        ^^^^^^^^^^^^^^^^^^^^^^^^^^^^^^^^^^^^^^^
    )
    ^
  File "C:\Users\inven\OneDrive\Documentos\GitHub\watchlist\6.Trading_Journal\backend\.venv\Lib\site-packages\httpx\_client.py", line 1768, in get
    return await self.request(
           ^^^^^^^^^^^^^^^^^^^
    ...<9 lines>...
    )
    ^
  File "C:\Users\inven\OneDrive\Documentos\GitHub\watchlist\6.Trading_Journal\backend\.venv\Lib\site-packages\httpx\_client.py", line 1540, in request
    return await self.send(request, auth=auth, follow_redirects=follow_redirects)
           ^^^^^^^^^^^^^^^^^^^^^^^^^^^^^^^^^^^^^^^^^^^^^^^^^^^^^^^^^^^^^^^^^^^^^^
  File "C:\Users\inven\OneDrive\Documentos\GitHub\watchlist\6.Trading_Journal\backend\.venv\Lib\site-packages\httpx\_client.py", line 1629, in send
    response = await self._send_handling_auth(
               ^^^^^^^^^^^^^^^^^^^^^^^^^^^^^^^
    ...<4 lines>...
    )
    ^
  File "C:\Users\inven\OneDrive\Documentos\GitHub\watchlist\6.Trading_Journal\backend\.venv\Lib\site-packages\httpx\_client.py", line 1657, in _send_handling_auth
    response = await self._send_handling_redirects(
               ^^^^^^^^^^^^^^^^^^^^^^^^^^^^^^^^^^^^
    ...<3 lines>...
    )
    ^
  File "C:\Users\inven\OneDrive\Documentos\GitHub\watchlist\6.Trading_Journal\backend\.venv\Lib\site-packages\httpx\_client.py", line 1694, in _send_handling_redirects
    response = await self._send_single_request(request)
               ^^^^^^^^^^^^^^^^^^^^^^^^^^^^^^^^^^^^^^^^
  File "C:\Users\inven\OneDrive\Documentos\GitHub\watchlist\6.Trading_Journal\backend\.venv\Lib\site-packages\httpx\_client.py", line 1730, in _send_single_request
    response = await transport.handle_async_request(request)
               ^^^^^^^^^^^^^^^^^^^^^^^^^^^^^^^^^^^^^^^^^^^^^
  File "C:\Users\inven\OneDrive\Documentos\GitHub\watchlist\6.Trading_Journal\backend\.venv\Lib\site-packages\httpx\_transports\default.py", line 393, in handle_async_request
    with map_httpcore_exceptions():
         ~~~~~~~~~~~~~~~~~~~~~~~^^
  File "C:\Python314\Lib\contextlib.py", line 162, in __exit__
    self.gen.throw(value)
    ~~~~~~~~~~~~~~^^^^^^^
  File "C:\Users\inven\OneDrive\Documentos\GitHub\watchlist\6.Trading_Journal\backend\.venv\Lib\site-packages\httpx\_transports\default.py", line 118, in map_httpcore_exceptions
    raise mapped_exc(message) from exc
httpx.ReadTimeout

2026-01-28 19:49:47,686 | ERROR | services.position_monitor | Error fetching positions: ReadTimeout: 
2026-01-28 19:49:47,690 | ERROR | services.position_monitor | Traceback (most recent call last):
  File "C:\Users\inven\OneDrive\Documentos\GitHub\watchlist\6.Trading_Journal\backend\.venv\Lib\site-packages\httpx\_transports\default.py", line 101, in map_httpcore_exceptions
    yield
  File "C:\Users\inven\OneDrive\Documentos\GitHub\watchlist\6.Trading_Journal\backend\.venv\Lib\site-packages\httpx\_transports\default.py", line 394, in handle_async_request
    resp = await self._pool.handle_async_request(req)
           ^^^^^^^^^^^^^^^^^^^^^^^^^^^^^^^^^^^^^^^^^^
  File "C:\Users\inven\OneDrive\Documentos\GitHub\watchlist\6.Trading_Journal\backend\.venv\Lib\site-packages\httpcore\_async\connection_pool.py", line 256, in handle_async_request
    raise exc from None
  File "C:\Users\inven\OneDrive\Documentos\GitHub\watchlist\6.Trading_Journal\backend\.venv\Lib\site-packages\httpcore\_async\connection_pool.py", line 236, in handle_async_request
    response = await connection.handle_async_request(
               ^^^^^^^^^^^^^^^^^^^^^^^^^^^^^^^^^^^^^^
        pool_request.request
        ^^^^^^^^^^^^^^^^^^^^
    )
    ^
  File "C:\Users\inven\OneDrive\Documentos\GitHub\watchlist\6.Trading_Journal\backend\.venv\Lib\site-packages\httpcore\_async\connection.py", line 103, in handle_async_request
    return await self._connection.handle_async_request(request)
           ^^^^^^^^^^^^^^^^^^^^^^^^^^^^^^^^^^^^^^^^^^^^^^^^^^^^
  File "C:\Users\inven\OneDrive\Documentos\GitHub\watchlist\6.Trading_Journal\backend\.venv\Lib\site-packages\httpcore\_async\http11.py", line 136, in handle_async_request
    raise exc
  File "C:\Users\inven\OneDrive\Documentos\GitHub\watchlist\6.Trading_Journal\backend\.venv\Lib\site-packages\httpcore\_async\http11.py", line 106, in handle_async_request
    ) = await self._receive_response_headers(**kwargs)
        ^^^^^^^^^^^^^^^^^^^^^^^^^^^^^^^^^^^^^^^^^^^^^^
  File "C:\Users\inven\OneDrive\Documentos\GitHub\watchlist\6.Trading_Journal\backend\.venv\Lib\site-packages\httpcore\_async\http11.py", line 177, in _receive_response_headers
    event = await self._receive_event(timeout=timeout)
            ^^^^^^^^^^^^^^^^^^^^^^^^^^^^^^^^^^^^^^^^^^
  File "C:\Users\inven\OneDrive\Documentos\GitHub\watchlist\6.Trading_Journal\backend\.venv\Lib\site-packages\httpcore\_async\http11.py", line 217, in _receive_event
    data = await self._network_stream.read(
           ^^^^^^^^^^^^^^^^^^^^^^^^^^^^^^^^
        self.READ_NUM_BYTES, timeout=timeout
        ^^^^^^^^^^^^^^^^^^^^^^^^^^^^^^^^^^^^
    )
    ^
  File "C:\Users\inven\OneDrive\Documentos\GitHub\watchlist\6.Trading_Journal\backend\.venv\Lib\site-packages\httpcore\_backends\anyio.py", line 32, in read
    with map_exceptions(exc_map):
         ~~~~~~~~~~~~~~^^^^^^^^^
  File "C:\Python314\Lib\contextlib.py", line 162, in __exit__
    self.gen.throw(value)
    ~~~~~~~~~~~~~~^^^^^^^
  File "C:\Users\inven\OneDrive\Documentos\GitHub\watchlist\6.Trading_Journal\backend\.venv\Lib\site-packages\httpcore\_exceptions.py", line 14, in map_exceptions
    raise to_exc(exc) from exc
httpcore.ReadTimeout

The above exception was the direct cause of the following exception:

Traceback (most recent call last):
  File "C:\Users\inven\OneDrive\Documentos\GitHub\watchlist\6.Trading_Journal\backend\services\position_monitor.py", line 186, in _fetch_positions
    response = await self._http_client.get(
               ^^^^^^^^^^^^^^^^^^^^^^^^^^^^
        f"{self.trading_bot_url}/api/positions"
        ^^^^^^^^^^^^^^^^^^^^^^^^^^^^^^^^^^^^^^^
    )
    ^
  File "C:\Users\inven\OneDrive\Documentos\GitHub\watchlist\6.Trading_Journal\backend\.venv\Lib\site-packages\httpx\_client.py", line 1768, in get
    return await self.request(
           ^^^^^^^^^^^^^^^^^^^
    ...<9 lines>...
    )
    ^
  File "C:\Users\inven\OneDrive\Documentos\GitHub\watchlist\6.Trading_Journal\backend\.venv\Lib\site-packages\httpx\_client.py", line 1540, in request
    return await self.send(request, auth=auth, follow_redirects=follow_redirects)
           ^^^^^^^^^^^^^^^^^^^^^^^^^^^^^^^^^^^^^^^^^^^^^^^^^^^^^^^^^^^^^^^^^^^^^^
  File "C:\Users\inven\OneDrive\Documentos\GitHub\watchlist\6.Trading_Journal\backend\.venv\Lib\site-packages\httpx\_client.py", line 1629, in send
    response = await self._send_handling_auth(
               ^^^^^^^^^^^^^^^^^^^^^^^^^^^^^^^
    ...<4 lines>...
    )
    ^
  File "C:\Users\inven\OneDrive\Documentos\GitHub\watchlist\6.Trading_Journal\backend\.venv\Lib\site-packages\httpx\_client.py", line 1657, in _send_handling_auth
    response = await self._send_handling_redirects(
               ^^^^^^^^^^^^^^^^^^^^^^^^^^^^^^^^^^^^
    ...<3 lines>...
    )
    ^
  File "C:\Users\inven\OneDrive\Documentos\GitHub\watchlist\6.Trading_Journal\backend\.venv\Lib\site-packages\httpx\_client.py", line 1694, in _send_handling_redirects
    response = await self._send_single_request(request)
               ^^^^^^^^^^^^^^^^^^^^^^^^^^^^^^^^^^^^^^^^
  File "C:\Users\inven\OneDrive\Documentos\GitHub\watchlist\6.Trading_Journal\backend\.venv\Lib\site-packages\httpx\_client.py", line 1730, in _send_single_request
    response = await transport.handle_async_request(request)
               ^^^^^^^^^^^^^^^^^^^^^^^^^^^^^^^^^^^^^^^^^^^^^
  File "C:\Users\inven\OneDrive\Documentos\GitHub\watchlist\6.Trading_Journal\backend\.venv\Lib\site-packages\httpx\_transports\default.py", line 393, in handle_async_request
    with map_httpcore_exceptions():
         ~~~~~~~~~~~~~~~~~~~~~~~^^
  File "C:\Python314\Lib\contextlib.py", line 162, in __exit__
    self.gen.throw(value)
    ~~~~~~~~~~~~~~^^^^^^^
  File "C:\Users\inven\OneDrive\Documentos\GitHub\watchlist\6.Trading_Journal\backend\.venv\Lib\site-packages\httpx\_transports\default.py", line 118, in map_httpcore_exceptions
    raise mapped_exc(message) from exc
httpx.ReadTimeout

2026-01-28 19:50:02,977 | ERROR | services.position_monitor | Error fetching positions: ReadTimeout: 
2026-01-28 19:50:02,984 | ERROR | services.position_monitor | Traceback (most recent call last):
  File "C:\Users\inven\OneDrive\Documentos\GitHub\watchlist\6.Trading_Journal\backend\.venv\Lib\site-packages\httpx\_transports\default.py", line 101, in map_httpcore_exceptions
    yield
  File "C:\Users\inven\OneDrive\Documentos\GitHub\watchlist\6.Trading_Journal\backend\.venv\Lib\site-packages\httpx\_transports\default.py", line 394, in handle_async_request
    resp = await self._pool.handle_async_request(req)
           ^^^^^^^^^^^^^^^^^^^^^^^^^^^^^^^^^^^^^^^^^^
  File "C:\Users\inven\OneDrive\Documentos\GitHub\watchlist\6.Trading_Journal\backend\.venv\Lib\site-packages\httpcore\_async\connection_pool.py", line 256, in handle_async_request
    raise exc from None
  File "C:\Users\inven\OneDrive\Documentos\GitHub\watchlist\6.Trading_Journal\backend\.venv\Lib\site-packages\httpcore\_async\connection_pool.py", line 236, in handle_async_request
    response = await connection.handle_async_request(
               ^^^^^^^^^^^^^^^^^^^^^^^^^^^^^^^^^^^^^^
        pool_request.request
        ^^^^^^^^^^^^^^^^^^^^
    )
    ^
  File "C:\Users\inven\OneDrive\Documentos\GitHub\watchlist\6.Trading_Journal\backend\.venv\Lib\site-packages\httpcore\_async\connection.py", line 103, in handle_async_request
    return await self._connection.handle_async_request(request)
           ^^^^^^^^^^^^^^^^^^^^^^^^^^^^^^^^^^^^^^^^^^^^^^^^^^^^
  File "C:\Users\inven\OneDrive\Documentos\GitHub\watchlist\6.Trading_Journal\backend\.venv\Lib\site-packages\httpcore\_async\http11.py", line 136, in handle_async_request
    raise exc
  File "C:\Users\inven\OneDrive\Documentos\GitHub\watchlist\6.Trading_Journal\backend\.venv\Lib\site-packages\httpcore\_async\http11.py", line 106, in handle_async_request
    ) = await self._receive_response_headers(**kwargs)
        ^^^^^^^^^^^^^^^^^^^^^^^^^^^^^^^^^^^^^^^^^^^^^^
  File "C:\Users\inven\OneDrive\Documentos\GitHub\watchlist\6.Trading_Journal\backend\.venv\Lib\site-packages\httpcore\_async\http11.py", line 177, in _receive_response_headers
    event = await self._receive_event(timeout=timeout)
            ^^^^^^^^^^^^^^^^^^^^^^^^^^^^^^^^^^^^^^^^^^
  File "C:\Users\inven\OneDrive\Documentos\GitHub\watchlist\6.Trading_Journal\backend\.venv\Lib\site-packages\httpcore\_async\http11.py", line 217, in _receive_event
    data = await self._network_stream.read(
           ^^^^^^^^^^^^^^^^^^^^^^^^^^^^^^^^
        self.READ_NUM_BYTES, timeout=timeout
        ^^^^^^^^^^^^^^^^^^^^^^^^^^^^^^^^^^^^
    )
    ^
  File "C:\Users\inven\OneDrive\Documentos\GitHub\watchlist\6.Trading_Journal\backend\.venv\Lib\site-packages\httpcore\_backends\anyio.py", line 32, in read
    with map_exceptions(exc_map):
         ~~~~~~~~~~~~~~^^^^^^^^^
  File "C:\Python314\Lib\contextlib.py", line 162, in __exit__
    self.gen.throw(value)
    ~~~~~~~~~~~~~~^^^^^^^
  File "C:\Users\inven\OneDrive\Documentos\GitHub\watchlist\6.Trading_Journal\backend\.venv\Lib\site-packages\httpcore\_exceptions.py", line 14, in map_exceptions
    raise to_exc(exc) from exc
httpcore.ReadTimeout

The above exception was the direct cause of the following exception:

Traceback (most recent call last):
  File "C:\Users\inven\OneDrive\Documentos\GitHub\watchlist\6.Trading_Journal\backend\services\position_monitor.py", line 186, in _fetch_positions
    response = await self._http_client.get(
               ^^^^^^^^^^^^^^^^^^^^^^^^^^^^
        f"{self.trading_bot_url}/api/positions"
        ^^^^^^^^^^^^^^^^^^^^^^^^^^^^^^^^^^^^^^^
    )
    ^
  File "C:\Users\inven\OneDrive\Documentos\GitHub\watchlist\6.Trading_Journal\backend\.venv\Lib\site-packages\httpx\_client.py", line 1768, in get
    return await self.request(
           ^^^^^^^^^^^^^^^^^^^
    ...<9 lines>...
    )
    ^
  File "C:\Users\inven\OneDrive\Documentos\GitHub\watchlist\6.Trading_Journal\backend\.venv\Lib\site-packages\httpx\_client.py", line 1540, in request
    return await self.send(request, auth=auth, follow_redirects=follow_redirects)
           ^^^^^^^^^^^^^^^^^^^^^^^^^^^^^^^^^^^^^^^^^^^^^^^^^^^^^^^^^^^^^^^^^^^^^^
  File "C:\Users\inven\OneDrive\Documentos\GitHub\watchlist\6.Trading_Journal\backend\.venv\Lib\site-packages\httpx\_client.py", line 1629, in send
    response = await self._send_handling_auth(
               ^^^^^^^^^^^^^^^^^^^^^^^^^^^^^^^
    ...<4 lines>...
    )
    ^
  File "C:\Users\inven\OneDrive\Documentos\GitHub\watchlist\6.Trading_Journal\backend\.venv\Lib\site-packages\httpx\_client.py", line 1657, in _send_handling_auth
    response = await self._send_handling_redirects(
               ^^^^^^^^^^^^^^^^^^^^^^^^^^^^^^^^^^^^
    ...<3 lines>...
    )
    ^
  File "C:\Users\inven\OneDrive\Documentos\GitHub\watchlist\6.Trading_Journal\backend\.venv\Lib\site-packages\httpx\_client.py", line 1694, in _send_handling_redirects
    response = await self._send_single_request(request)
               ^^^^^^^^^^^^^^^^^^^^^^^^^^^^^^^^^^^^^^^^
  File "C:\Users\inven\OneDrive\Documentos\GitHub\watchlist\6.Trading_Journal\backend\.venv\Lib\site-packages\httpx\_client.py", line 1730, in _send_single_request
    response = await transport.handle_async_request(request)
               ^^^^^^^^^^^^^^^^^^^^^^^^^^^^^^^^^^^^^^^^^^^^^
  File "C:\Users\inven\OneDrive\Documentos\GitHub\watchlist\6.Trading_Journal\backend\.venv\Lib\site-packages\httpx\_transports\default.py", line 393, in handle_async_request
    with map_httpcore_exceptions():
         ~~~~~~~~~~~~~~~~~~~~~~~^^
  File "C:\Python314\Lib\contextlib.py", line 162, in __exit__
    self.gen.throw(value)
    ~~~~~~~~~~~~~~^^^^^^^
  File "C:\Users\inven\OneDrive\Documentos\GitHub\watchlist\6.Trading_Journal\backend\.venv\Lib\site-packages\httpx\_transports\default.py", line 118, in map_httpcore_exceptions
    raise mapped_exc(message) from exc
httpx.ReadTimeout

2026-01-28 19:50:18,270 | ERROR | services.position_monitor | Error fetching positions: ReadTimeout: 
2026-01-28 19:50:18,275 | ERROR | services.position_monitor | Traceback (most recent call last):
  File "C:\Users\inven\OneDrive\Documentos\GitHub\watchlist\6.Trading_Journal\backend\.venv\Lib\site-packages\httpx\_transports\default.py", line 101, in map_httpcore_exceptions
    yield
  File "C:\Users\inven\OneDrive\Documentos\GitHub\watchlist\6.Trading_Journal\backend\.venv\Lib\site-packages\httpx\_transports\default.py", line 394, in handle_async_request
    resp = await self._pool.handle_async_request(req)
           ^^^^^^^^^^^^^^^^^^^^^^^^^^^^^^^^^^^^^^^^^^
  File "C:\Users\inven\OneDrive\Documentos\GitHub\watchlist\6.Trading_Journal\backend\.venv\Lib\site-packages\httpcore\_async\connection_pool.py", line 256, in handle_async_request
    raise exc from None
  File "C:\Users\inven\OneDrive\Documentos\GitHub\watchlist\6.Trading_Journal\backend\.venv\Lib\site-packages\httpcore\_async\connection_pool.py", line 236, in handle_async_request
    response = await connection.handle_async_request(
               ^^^^^^^^^^^^^^^^^^^^^^^^^^^^^^^^^^^^^^
        pool_request.request
        ^^^^^^^^^^^^^^^^^^^^
    )
    ^
  File "C:\Users\inven\OneDrive\Documentos\GitHub\watchlist\6.Trading_Journal\backend\.venv\Lib\site-packages\httpcore\_async\connection.py", line 103, in handle_async_request
    return await self._connection.handle_async_request(request)
           ^^^^^^^^^^^^^^^^^^^^^^^^^^^^^^^^^^^^^^^^^^^^^^^^^^^^
  File "C:\Users\inven\OneDrive\Documentos\GitHub\watchlist\6.Trading_Journal\backend\.venv\Lib\site-packages\httpcore\_async\http11.py", line 136, in handle_async_request
    raise exc
  File "C:\Users\inven\OneDrive\Documentos\GitHub\watchlist\6.Trading_Journal\backend\.venv\Lib\site-packages\httpcore\_async\http11.py", line 106, in handle_async_request
    ) = await self._receive_response_headers(**kwargs)
        ^^^^^^^^^^^^^^^^^^^^^^^^^^^^^^^^^^^^^^^^^^^^^^
  File "C:\Users\inven\OneDrive\Documentos\GitHub\watchlist\6.Trading_Journal\backend\.venv\Lib\site-packages\httpcore\_async\http11.py", line 177, in _receive_response_headers
    event = await self._receive_event(timeout=timeout)
            ^^^^^^^^^^^^^^^^^^^^^^^^^^^^^^^^^^^^^^^^^^
  File "C:\Users\inven\OneDrive\Documentos\GitHub\watchlist\6.Trading_Journal\backend\.venv\Lib\site-packages\httpcore\_async\http11.py", line 217, in _receive_event
    data = await self._network_stream.read(
           ^^^^^^^^^^^^^^^^^^^^^^^^^^^^^^^^
        self.READ_NUM_BYTES, timeout=timeout
        ^^^^^^^^^^^^^^^^^^^^^^^^^^^^^^^^^^^^
    )
    ^
  File "C:\Users\inven\OneDrive\Documentos\GitHub\watchlist\6.Trading_Journal\backend\.venv\Lib\site-packages\httpcore\_backends\anyio.py", line 32, in read
    with map_exceptions(exc_map):
         ~~~~~~~~~~~~~~^^^^^^^^^
  File "C:\Python314\Lib\contextlib.py", line 162, in __exit__
    self.gen.throw(value)
    ~~~~~~~~~~~~~~^^^^^^^
  File "C:\Users\inven\OneDrive\Documentos\GitHub\watchlist\6.Trading_Journal\backend\.venv\Lib\site-packages\httpcore\_exceptions.py", line 14, in map_exceptions
    raise to_exc(exc) from exc
httpcore.ReadTimeout

The above exception was the direct cause of the following exception:

Traceback (most recent call last):
  File "C:\Users\inven\OneDrive\Documentos\GitHub\watchlist\6.Trading_Journal\backend\services\position_monitor.py", line 186, in _fetch_positions
    response = await self._http_client.get(
               ^^^^^^^^^^^^^^^^^^^^^^^^^^^^
        f"{self.trading_bot_url}/api/positions"
        ^^^^^^^^^^^^^^^^^^^^^^^^^^^^^^^^^^^^^^^
    )
    ^
  File "C:\Users\inven\OneDrive\Documentos\GitHub\watchlist\6.Trading_Journal\backend\.venv\Lib\site-packages\httpx\_client.py", line 1768, in get
    return await self.request(
           ^^^^^^^^^^^^^^^^^^^
    ...<9 lines>...
    )
    ^
  File "C:\Users\inven\OneDrive\Documentos\GitHub\watchlist\6.Trading_Journal\backend\.venv\Lib\site-packages\httpx\_client.py", line 1540, in request
    return await self.send(request, auth=auth, follow_redirects=follow_redirects)
           ^^^^^^^^^^^^^^^^^^^^^^^^^^^^^^^^^^^^^^^^^^^^^^^^^^^^^^^^^^^^^^^^^^^^^^
  File "C:\Users\inven\OneDrive\Documentos\GitHub\watchlist\6.Trading_Journal\backend\.venv\Lib\site-packages\httpx\_client.py", line 1629, in send
    response = await self._send_handling_auth(
               ^^^^^^^^^^^^^^^^^^^^^^^^^^^^^^^
    ...<4 lines>...
    )
    ^
  File "C:\Users\inven\OneDrive\Documentos\GitHub\watchlist\6.Trading_Journal\backend\.venv\Lib\site-packages\httpx\_client.py", line 1657, in _send_handling_auth
    response = await self._send_handling_redirects(
               ^^^^^^^^^^^^^^^^^^^^^^^^^^^^^^^^^^^^
    ...<3 lines>...
    )
    ^
  File "C:\Users\inven\OneDrive\Documentos\GitHub\watchlist\6.Trading_Journal\backend\.venv\Lib\site-packages\httpx\_client.py", line 1694, in _send_handling_redirects
    response = await self._send_single_request(request)
               ^^^^^^^^^^^^^^^^^^^^^^^^^^^^^^^^^^^^^^^^
  File "C:\Users\inven\OneDrive\Documentos\GitHub\watchlist\6.Trading_Journal\backend\.venv\Lib\site-packages\httpx\_client.py", line 1730, in _send_single_request
    response = await transport.handle_async_request(request)
               ^^^^^^^^^^^^^^^^^^^^^^^^^^^^^^^^^^^^^^^^^^^^^
  File "C:\Users\inven\OneDrive\Documentos\GitHub\watchlist\6.Trading_Journal\backend\.venv\Lib\site-packages\httpx\_transports\default.py", line 393, in handle_async_request
    with map_httpcore_exceptions():
         ~~~~~~~~~~~~~~~~~~~~~~~^^
  File "C:\Python314\Lib\contextlib.py", line 162, in __exit__
    self.gen.throw(value)
    ~~~~~~~~~~~~~~^^^^^^^
  File "C:\Users\inven\OneDrive\Documentos\GitHub\watchlist\6.Trading_Journal\backend\.venv\Lib\site-packages\httpx\_transports\default.py", line 118, in map_httpcore_exceptions
    raise mapped_exc(message) from exc
httpx.ReadTimeout

2026-01-28 19:50:33,566 | ERROR | services.position_monitor | Error fetching positions: ReadTimeout: 
2026-01-28 19:50:33,570 | ERROR | services.position_monitor | Traceback (most recent call last):
  File "C:\Users\inven\OneDrive\Documentos\GitHub\watchlist\6.Trading_Journal\backend\.venv\Lib\site-packages\httpx\_transports\default.py", line 101, in map_httpcore_exceptions
    yield
  File "C:\Users\inven\OneDrive\Documentos\GitHub\watchlist\6.Trading_Journal\backend\.venv\Lib\site-packages\httpx\_transports\default.py", line 394, in handle_async_request
    resp = await self._pool.handle_async_request(req)
           ^^^^^^^^^^^^^^^^^^^^^^^^^^^^^^^^^^^^^^^^^^
  File "C:\Users\inven\OneDrive\Documentos\GitHub\watchlist\6.Trading_Journal\backend\.venv\Lib\site-packages\httpcore\_async\connection_pool.py", line 256, in handle_async_request
    raise exc from None
  File "C:\Users\inven\OneDrive\Documentos\GitHub\watchlist\6.Trading_Journal\backend\.venv\Lib\site-packages\httpcore\_async\connection_pool.py", line 236, in handle_async_request
    response = await connection.handle_async_request(
               ^^^^^^^^^^^^^^^^^^^^^^^^^^^^^^^^^^^^^^
        pool_request.request
        ^^^^^^^^^^^^^^^^^^^^
    )
    ^
  File "C:\Users\inven\OneDrive\Documentos\GitHub\watchlist\6.Trading_Journal\backend\.venv\Lib\site-packages\httpcore\_async\connection.py", line 103, in handle_async_request
    return await self._connection.handle_async_request(request)
           ^^^^^^^^^^^^^^^^^^^^^^^^^^^^^^^^^^^^^^^^^^^^^^^^^^^^
  File "C:\Users\inven\OneDrive\Documentos\GitHub\watchlist\6.Trading_Journal\backend\.venv\Lib\site-packages\httpcore\_async\http11.py", line 136, in handle_async_request
    raise exc
  File "C:\Users\inven\OneDrive\Documentos\GitHub\watchlist\6.Trading_Journal\backend\.venv\Lib\site-packages\httpcore\_async\http11.py", line 106, in handle_async_request
    ) = await self._receive_response_headers(**kwargs)
        ^^^^^^^^^^^^^^^^^^^^^^^^^^^^^^^^^^^^^^^^^^^^^^
  File "C:\Users\inven\OneDrive\Documentos\GitHub\watchlist\6.Trading_Journal\backend\.venv\Lib\site-packages\httpcore\_async\http11.py", line 177, in _receive_response_headers
    event = await self._receive_event(timeout=timeout)
            ^^^^^^^^^^^^^^^^^^^^^^^^^^^^^^^^^^^^^^^^^^
  File "C:\Users\inven\OneDrive\Documentos\GitHub\watchlist\6.Trading_Journal\backend\.venv\Lib\site-packages\httpcore\_async\http11.py", line 217, in _receive_event
    data = await self._network_stream.read(
           ^^^^^^^^^^^^^^^^^^^^^^^^^^^^^^^^
        self.READ_NUM_BYTES, timeout=timeout
        ^^^^^^^^^^^^^^^^^^^^^^^^^^^^^^^^^^^^
    )
    ^
  File "C:\Users\inven\OneDrive\Documentos\GitHub\watchlist\6.Trading_Journal\backend\.venv\Lib\site-packages\httpcore\_backends\anyio.py", line 32, in read
    with map_exceptions(exc_map):
         ~~~~~~~~~~~~~~^^^^^^^^^
  File "C:\Python314\Lib\contextlib.py", line 162, in __exit__
    self.gen.throw(value)
    ~~~~~~~~~~~~~~^^^^^^^
  File "C:\Users\inven\OneDrive\Documentos\GitHub\watchlist\6.Trading_Journal\backend\.venv\Lib\site-packages\httpcore\_exceptions.py", line 14, in map_exceptions
    raise to_exc(exc) from exc
httpcore.ReadTimeout

The above exception was the direct cause of the following exception:

Traceback (most recent call last):
  File "C:\Users\inven\OneDrive\Documentos\GitHub\watchlist\6.Trading_Journal\backend\services\position_monitor.py", line 186, in _fetch_positions
    response = await self._http_client.get(
               ^^^^^^^^^^^^^^^^^^^^^^^^^^^^
        f"{self.trading_bot_url}/api/positions"
        ^^^^^^^^^^^^^^^^^^^^^^^^^^^^^^^^^^^^^^^
    )
    ^
  File "C:\Users\inven\OneDrive\Documentos\GitHub\watchlist\6.Trading_Journal\backend\.venv\Lib\site-packages\httpx\_client.py", line 1768, in get
    return await self.request(
           ^^^^^^^^^^^^^^^^^^^
    ...<9 lines>...
    )
    ^
  File "C:\Users\inven\OneDrive\Documentos\GitHub\watchlist\6.Trading_Journal\backend\.venv\Lib\site-packages\httpx\_client.py", line 1540, in request
    return await self.send(request, auth=auth, follow_redirects=follow_redirects)
           ^^^^^^^^^^^^^^^^^^^^^^^^^^^^^^^^^^^^^^^^^^^^^^^^^^^^^^^^^^^^^^^^^^^^^^
  File "C:\Users\inven\OneDrive\Documentos\GitHub\watchlist\6.Trading_Journal\backend\.venv\Lib\site-packages\httpx\_client.py", line 1629, in send
    response = await self._send_handling_auth(
               ^^^^^^^^^^^^^^^^^^^^^^^^^^^^^^^
    ...<4 lines>...
    )
    ^
  File "C:\Users\inven\OneDrive\Documentos\GitHub\watchlist\6.Trading_Journal\backend\.venv\Lib\site-packages\httpx\_client.py", line 1657, in _send_handling_auth
    response = await self._send_handling_redirects(
               ^^^^^^^^^^^^^^^^^^^^^^^^^^^^^^^^^^^^
    ...<3 lines>...
    )
    ^
  File "C:\Users\inven\OneDrive\Documentos\GitHub\watchlist\6.Trading_Journal\backend\.venv\Lib\site-packages\httpx\_client.py", line 1694, in _send_handling_redirects
    response = await self._send_single_request(request)
               ^^^^^^^^^^^^^^^^^^^^^^^^^^^^^^^^^^^^^^^^
  File "C:\Users\inven\OneDrive\Documentos\GitHub\watchlist\6.Trading_Journal\backend\.venv\Lib\site-packages\httpx\_client.py", line 1730, in _send_single_request
    response = await transport.handle_async_request(request)
               ^^^^^^^^^^^^^^^^^^^^^^^^^^^^^^^^^^^^^^^^^^^^^
  File "C:\Users\inven\OneDrive\Documentos\GitHub\watchlist\6.Trading_Journal\backend\.venv\Lib\site-packages\httpx\_transports\default.py", line 393, in handle_async_request
    with map_httpcore_exceptions():
         ~~~~~~~~~~~~~~~~~~~~~~~^^
  File "C:\Python314\Lib\contextlib.py", line 162, in __exit__
    self.gen.throw(value)
    ~~~~~~~~~~~~~~^^^^^^^
  File "C:\Users\inven\OneDrive\Documentos\GitHub\watchlist\6.Trading_Journal\backend\.venv\Lib\site-packages\httpx\_transports\default.py", line 118, in map_httpcore_exceptions
    raise mapped_exc(message) from exc
httpx.ReadTimeout

2026-01-28 19:50:48,845 | ERROR | services.position_monitor | Error fetching positions: ReadTimeout: 
2026-01-28 19:50:48,849 | ERROR | services.position_monitor | Traceback (most recent call last):
  File "C:\Users\inven\OneDrive\Documentos\GitHub\watchlist\6.Trading_Journal\backend\.venv\Lib\site-packages\httpx\_transports\default.py", line 101, in map_httpcore_exceptions
    yield
  File "C:\Users\inven\OneDrive\Documentos\GitHub\watchlist\6.Trading_Journal\backend\.venv\Lib\site-packages\httpx\_transports\default.py", line 394, in handle_async_request
    resp = await self._pool.handle_async_request(req)
           ^^^^^^^^^^^^^^^^^^^^^^^^^^^^^^^^^^^^^^^^^^
  File "C:\Users\inven\OneDrive\Documentos\GitHub\watchlist\6.Trading_Journal\backend\.venv\Lib\site-packages\httpcore\_async\connection_pool.py", line 256, in handle_async_request
    raise exc from None
  File "C:\Users\inven\OneDrive\Documentos\GitHub\watchlist\6.Trading_Journal\backend\.venv\Lib\site-packages\httpcore\_async\connection_pool.py", line 236, in handle_async_request
    response = await connection.handle_async_request(
               ^^^^^^^^^^^^^^^^^^^^^^^^^^^^^^^^^^^^^^
        pool_request.request
        ^^^^^^^^^^^^^^^^^^^^
    )
    ^
  File "C:\Users\inven\OneDrive\Documentos\GitHub\watchlist\6.Trading_Journal\backend\.venv\Lib\site-packages\httpcore\_async\connection.py", line 103, in handle_async_request
    return await self._connection.handle_async_request(request)
           ^^^^^^^^^^^^^^^^^^^^^^^^^^^^^^^^^^^^^^^^^^^^^^^^^^^^
  File "C:\Users\inven\OneDrive\Documentos\GitHub\watchlist\6.Trading_Journal\backend\.venv\Lib\site-packages\httpcore\_async\http11.py", line 136, in handle_async_request
    raise exc
  File "C:\Users\inven\OneDrive\Documentos\GitHub\watchlist\6.Trading_Journal\backend\.venv\Lib\site-packages\httpcore\_async\http11.py", line 106, in handle_async_request
    ) = await self._receive_response_headers(**kwargs)
        ^^^^^^^^^^^^^^^^^^^^^^^^^^^^^^^^^^^^^^^^^^^^^^
  File "C:\Users\inven\OneDrive\Documentos\GitHub\watchlist\6.Trading_Journal\backend\.venv\Lib\site-packages\httpcore\_async\http11.py", line 177, in _receive_response_headers
    event = await self._receive_event(timeout=timeout)
            ^^^^^^^^^^^^^^^^^^^^^^^^^^^^^^^^^^^^^^^^^^
  File "C:\Users\inven\OneDrive\Documentos\GitHub\watchlist\6.Trading_Journal\backend\.venv\Lib\site-packages\httpcore\_async\http11.py", line 217, in _receive_event
    data = await self._network_stream.read(
           ^^^^^^^^^^^^^^^^^^^^^^^^^^^^^^^^
        self.READ_NUM_BYTES, timeout=timeout
        ^^^^^^^^^^^^^^^^^^^^^^^^^^^^^^^^^^^^
    )
    ^
  File "C:\Users\inven\OneDrive\Documentos\GitHub\watchlist\6.Trading_Journal\backend\.venv\Lib\site-packages\httpcore\_backends\anyio.py", line 32, in read
    with map_exceptions(exc_map):
         ~~~~~~~~~~~~~~^^^^^^^^^
  File "C:\Python314\Lib\contextlib.py", line 162, in __exit__
    self.gen.throw(value)
    ~~~~~~~~~~~~~~^^^^^^^
  File "C:\Users\inven\OneDrive\Documentos\GitHub\watchlist\6.Trading_Journal\backend\.venv\Lib\site-packages\httpcore\_exceptions.py", line 14, in map_exceptions
    raise to_exc(exc) from exc
httpcore.ReadTimeout

The above exception was the direct cause of the following exception:

Traceback (most recent call last):
  File "C:\Users\inven\OneDrive\Documentos\GitHub\watchlist\6.Trading_Journal\backend\services\position_monitor.py", line 186, in _fetch_positions
    response = await self._http_client.get(
               ^^^^^^^^^^^^^^^^^^^^^^^^^^^^
        f"{self.trading_bot_url}/api/positions"
        ^^^^^^^^^^^^^^^^^^^^^^^^^^^^^^^^^^^^^^^
    )
    ^
  File "C:\Users\inven\OneDrive\Documentos\GitHub\watchlist\6.Trading_Journal\backend\.venv\Lib\site-packages\httpx\_client.py", line 1768, in get
    return await self.request(
           ^^^^^^^^^^^^^^^^^^^
    ...<9 lines>...
    )
    ^
  File "C:\Users\inven\OneDrive\Documentos\GitHub\watchlist\6.Trading_Journal\backend\.venv\Lib\site-packages\httpx\_client.py", line 1540, in request
    return await self.send(request, auth=auth, follow_redirects=follow_redirects)
           ^^^^^^^^^^^^^^^^^^^^^^^^^^^^^^^^^^^^^^^^^^^^^^^^^^^^^^^^^^^^^^^^^^^^^^
  File "C:\Users\inven\OneDrive\Documentos\GitHub\watchlist\6.Trading_Journal\backend\.venv\Lib\site-packages\httpx\_client.py", line 1629, in send
    response = await self._send_handling_auth(
               ^^^^^^^^^^^^^^^^^^^^^^^^^^^^^^^
    ...<4 lines>...
    )
    ^
  File "C:\Users\inven\OneDrive\Documentos\GitHub\watchlist\6.Trading_Journal\backend\.venv\Lib\site-packages\httpx\_client.py", line 1657, in _send_handling_auth
    response = await self._send_handling_redirects(
               ^^^^^^^^^^^^^^^^^^^^^^^^^^^^^^^^^^^^
    ...<3 lines>...
    )
    ^
  File "C:\Users\inven\OneDrive\Documentos\GitHub\watchlist\6.Trading_Journal\backend\.venv\Lib\site-packages\httpx\_client.py", line 1694, in _send_handling_redirects
    response = await self._send_single_request(request)
               ^^^^^^^^^^^^^^^^^^^^^^^^^^^^^^^^^^^^^^^^
  File "C:\Users\inven\OneDrive\Documentos\GitHub\watchlist\6.Trading_Journal\backend\.venv\Lib\site-packages\httpx\_client.py", line 1730, in _send_single_request
    response = await transport.handle_async_request(request)
               ^^^^^^^^^^^^^^^^^^^^^^^^^^^^^^^^^^^^^^^^^^^^^
  File "C:\Users\inven\OneDrive\Documentos\GitHub\watchlist\6.Trading_Journal\backend\.venv\Lib\site-packages\httpx\_transports\default.py", line 393, in handle_async_request
    with map_httpcore_exceptions():
         ~~~~~~~~~~~~~~~~~~~~~~~^^
  File "C:\Python314\Lib\contextlib.py", line 162, in __exit__
    self.gen.throw(value)
    ~~~~~~~~~~~~~~^^^^^^^
  File "C:\Users\inven\OneDrive\Documentos\GitHub\watchlist\6.Trading_Journal\backend\.venv\Lib\site-packages\httpx\_transports\default.py", line 118, in map_httpcore_exceptions
    raise mapped_exc(message) from exc
httpx.ReadTimeout

2026-01-28 19:51:04,132 | ERROR | services.position_monitor | Error fetching positions: ReadTimeout: 
2026-01-28 19:51:04,137 | ERROR | services.position_monitor | Traceback (most recent call last):
  File "C:\Users\inven\OneDrive\Documentos\GitHub\watchlist\6.Trading_Journal\backend\.venv\Lib\site-packages\httpx\_transports\default.py", line 101, in map_httpcore_exceptions
    yield
  File "C:\Users\inven\OneDrive\Documentos\GitHub\watchlist\6.Trading_Journal\backend\.venv\Lib\site-packages\httpx\_transports\default.py", line 394, in handle_async_request
    resp = await self._pool.handle_async_request(req)
           ^^^^^^^^^^^^^^^^^^^^^^^^^^^^^^^^^^^^^^^^^^
  File "C:\Users\inven\OneDrive\Documentos\GitHub\watchlist\6.Trading_Journal\backend\.venv\Lib\site-packages\httpcore\_async\connection_pool.py", line 256, in handle_async_request
    raise exc from None
  File "C:\Users\inven\OneDrive\Documentos\GitHub\watchlist\6.Trading_Journal\backend\.venv\Lib\site-packages\httpcore\_async\connection_pool.py", line 236, in handle_async_request
    response = await connection.handle_async_request(
               ^^^^^^^^^^^^^^^^^^^^^^^^^^^^^^^^^^^^^^
        pool_request.request
        ^^^^^^^^^^^^^^^^^^^^
    )
    ^
  File "C:\Users\inven\OneDrive\Documentos\GitHub\watchlist\6.Trading_Journal\backend\.venv\Lib\site-packages\httpcore\_async\connection.py", line 103, in handle_async_request
    return await self._connection.handle_async_request(request)
           ^^^^^^^^^^^^^^^^^^^^^^^^^^^^^^^^^^^^^^^^^^^^^^^^^^^^
  File "C:\Users\inven\OneDrive\Documentos\GitHub\watchlist\6.Trading_Journal\backend\.venv\Lib\site-packages\httpcore\_async\http11.py", line 136, in handle_async_request
    raise exc
  File "C:\Users\inven\OneDrive\Documentos\GitHub\watchlist\6.Trading_Journal\backend\.venv\Lib\site-packages\httpcore\_async\http11.py", line 106, in handle_async_request
    ) = await self._receive_response_headers(**kwargs)
        ^^^^^^^^^^^^^^^^^^^^^^^^^^^^^^^^^^^^^^^^^^^^^^
  File "C:\Users\inven\OneDrive\Documentos\GitHub\watchlist\6.Trading_Journal\backend\.venv\Lib\site-packages\httpcore\_async\http11.py", line 177, in _receive_response_headers
    event = await self._receive_event(timeout=timeout)
            ^^^^^^^^^^^^^^^^^^^^^^^^^^^^^^^^^^^^^^^^^^
  File "C:\Users\inven\OneDrive\Documentos\GitHub\watchlist\6.Trading_Journal\backend\.venv\Lib\site-packages\httpcore\_async\http11.py", line 217, in _receive_event
    data = await self._network_stream.read(
           ^^^^^^^^^^^^^^^^^^^^^^^^^^^^^^^^
        self.READ_NUM_BYTES, timeout=timeout
        ^^^^^^^^^^^^^^^^^^^^^^^^^^^^^^^^^^^^
    )
    ^
  File "C:\Users\inven\OneDrive\Documentos\GitHub\watchlist\6.Trading_Journal\backend\.venv\Lib\site-packages\httpcore\_backends\anyio.py", line 32, in read
    with map_exceptions(exc_map):
         ~~~~~~~~~~~~~~^^^^^^^^^
  File "C:\Python314\Lib\contextlib.py", line 162, in __exit__
    self.gen.throw(value)
    ~~~~~~~~~~~~~~^^^^^^^
  File "C:\Users\inven\OneDrive\Documentos\GitHub\watchlist\6.Trading_Journal\backend\.venv\Lib\site-packages\httpcore\_exceptions.py", line 14, in map_exceptions
    raise to_exc(exc) from exc
httpcore.ReadTimeout

The above exception was the direct cause of the following exception:

Traceback (most recent call last):
  File "C:\Users\inven\OneDrive\Documentos\GitHub\watchlist\6.Trading_Journal\backend\services\position_monitor.py", line 186, in _fetch_positions
    response = await self._http_client.get(
               ^^^^^^^^^^^^^^^^^^^^^^^^^^^^
        f"{self.trading_bot_url}/api/positions"
        ^^^^^^^^^^^^^^^^^^^^^^^^^^^^^^^^^^^^^^^
    )
    ^
  File "C:\Users\inven\OneDrive\Documentos\GitHub\watchlist\6.Trading_Journal\backend\.venv\Lib\site-packages\httpx\_client.py", line 1768, in get
    return await self.request(
           ^^^^^^^^^^^^^^^^^^^
    ...<9 lines>...
    )
    ^
  File "C:\Users\inven\OneDrive\Documentos\GitHub\watchlist\6.Trading_Journal\backend\.venv\Lib\site-packages\httpx\_client.py", line 1540, in request
    return await self.send(request, auth=auth, follow_redirects=follow_redirects)
           ^^^^^^^^^^^^^^^^^^^^^^^^^^^^^^^^^^^^^^^^^^^^^^^^^^^^^^^^^^^^^^^^^^^^^^
  File "C:\Users\inven\OneDrive\Documentos\GitHub\watchlist\6.Trading_Journal\backend\.venv\Lib\site-packages\httpx\_client.py", line 1629, in send
    response = await self._send_handling_auth(
               ^^^^^^^^^^^^^^^^^^^^^^^^^^^^^^^
    ...<4 lines>...
    )
    ^
  File "C:\Users\inven\OneDrive\Documentos\GitHub\watchlist\6.Trading_Journal\backend\.venv\Lib\site-packages\httpx\_client.py", line 1657, in _send_handling_auth
    response = await self._send_handling_redirects(
               ^^^^^^^^^^^^^^^^^^^^^^^^^^^^^^^^^^^^
    ...<3 lines>...
    )
    ^
  File "C:\Users\inven\OneDrive\Documentos\GitHub\watchlist\6.Trading_Journal\backend\.venv\Lib\site-packages\httpx\_client.py", line 1694, in _send_handling_redirects
    response = await self._send_single_request(request)
               ^^^^^^^^^^^^^^^^^^^^^^^^^^^^^^^^^^^^^^^^
  File "C:\Users\inven\OneDrive\Documentos\GitHub\watchlist\6.Trading_Journal\backend\.venv\Lib\site-packages\httpx\_client.py", line 1730, in _send_single_request
    response = await transport.handle_async_request(request)
               ^^^^^^^^^^^^^^^^^^^^^^^^^^^^^^^^^^^^^^^^^^^^^
  File "C:\Users\inven\OneDrive\Documentos\GitHub\watchlist\6.Trading_Journal\backend\.venv\Lib\site-packages\httpx\_transports\default.py", line 393, in handle_async_request
    with map_httpcore_exceptions():
         ~~~~~~~~~~~~~~~~~~~~~~~^^
  File "C:\Python314\Lib\contextlib.py", line 162, in __exit__
    self.gen.throw(value)
    ~~~~~~~~~~~~~~^^^^^^^
  File "C:\Users\inven\OneDrive\Documentos\GitHub\watchlist\6.Trading_Journal\backend\.venv\Lib\site-packages\httpx\_transports\default.py", line 118, in map_httpcore_exceptions
    raise mapped_exc(message) from exc
httpx.ReadTimeout

2026-01-28 19:51:19,430 | ERROR | services.position_monitor | Error fetching positions: ReadTimeout: 
2026-01-28 19:51:19,435 | ERROR | services.position_monitor | Traceback (most recent call last):
  File "C:\Users\inven\OneDrive\Documentos\GitHub\watchlist\6.Trading_Journal\backend\.venv\Lib\site-packages\httpx\_transports\default.py", line 101, in map_httpcore_exceptions
    yield
  File "C:\Users\inven\OneDrive\Documentos\GitHub\watchlist\6.Trading_Journal\backend\.venv\Lib\site-packages\httpx\_transports\default.py", line 394, in handle_async_request
    resp = await self._pool.handle_async_request(req)
           ^^^^^^^^^^^^^^^^^^^^^^^^^^^^^^^^^^^^^^^^^^
  File "C:\Users\inven\OneDrive\Documentos\GitHub\watchlist\6.Trading_Journal\backend\.venv\Lib\site-packages\httpcore\_async\connection_pool.py", line 256, in handle_async_request
    raise exc from None
  File "C:\Users\inven\OneDrive\Documentos\GitHub\watchlist\6.Trading_Journal\backend\.venv\Lib\site-packages\httpcore\_async\connection_pool.py", line 236, in handle_async_request
    response = await connection.handle_async_request(
               ^^^^^^^^^^^^^^^^^^^^^^^^^^^^^^^^^^^^^^
        pool_request.request
        ^^^^^^^^^^^^^^^^^^^^
    )
    ^
  File "C:\Users\inven\OneDrive\Documentos\GitHub\watchlist\6.Trading_Journal\backend\.venv\Lib\site-packages\httpcore\_async\connection.py", line 103, in handle_async_request
    return await self._connection.handle_async_request(request)
           ^^^^^^^^^^^^^^^^^^^^^^^^^^^^^^^^^^^^^^^^^^^^^^^^^^^^
  File "C:\Users\inven\OneDrive\Documentos\GitHub\watchlist\6.Trading_Journal\backend\.venv\Lib\site-packages\httpcore\_async\http11.py", line 136, in handle_async_request
    raise exc
  File "C:\Users\inven\OneDrive\Documentos\GitHub\watchlist\6.Trading_Journal\backend\.venv\Lib\site-packages\httpcore\_async\http11.py", line 106, in handle_async_request
    ) = await self._receive_response_headers(**kwargs)
        ^^^^^^^^^^^^^^^^^^^^^^^^^^^^^^^^^^^^^^^^^^^^^^
  File "C:\Users\inven\OneDrive\Documentos\GitHub\watchlist\6.Trading_Journal\backend\.venv\Lib\site-packages\httpcore\_async\http11.py", line 177, in _receive_response_headers
    event = await self._receive_event(timeout=timeout)
            ^^^^^^^^^^^^^^^^^^^^^^^^^^^^^^^^^^^^^^^^^^
  File "C:\Users\inven\OneDrive\Documentos\GitHub\watchlist\6.Trading_Journal\backend\.venv\Lib\site-packages\httpcore\_async\http11.py", line 217, in _receive_event
    data = await self._network_stream.read(
           ^^^^^^^^^^^^^^^^^^^^^^^^^^^^^^^^
        self.READ_NUM_BYTES, timeout=timeout
        ^^^^^^^^^^^^^^^^^^^^^^^^^^^^^^^^^^^^
    )
    ^
  File "C:\Users\inven\OneDrive\Documentos\GitHub\watchlist\6.Trading_Journal\backend\.venv\Lib\site-packages\httpcore\_backends\anyio.py", line 32, in read
    with map_exceptions(exc_map):
         ~~~~~~~~~~~~~~^^^^^^^^^
  File "C:\Python314\Lib\contextlib.py", line 162, in __exit__
    self.gen.throw(value)
    ~~~~~~~~~~~~~~^^^^^^^
  File "C:\Users\inven\OneDrive\Documentos\GitHub\watchlist\6.Trading_Journal\backend\.venv\Lib\site-packages\httpcore\_exceptions.py", line 14, in map_exceptions
    raise to_exc(exc) from exc
httpcore.ReadTimeout

The above exception was the direct cause of the following exception:

Traceback (most recent call last):
  File "C:\Users\inven\OneDrive\Documentos\GitHub\watchlist\6.Trading_Journal\backend\services\position_monitor.py", line 186, in _fetch_positions
    response = await self._http_client.get(
               ^^^^^^^^^^^^^^^^^^^^^^^^^^^^
        f"{self.trading_bot_url}/api/positions"
        ^^^^^^^^^^^^^^^^^^^^^^^^^^^^^^^^^^^^^^^
    )
    ^
  File "C:\Users\inven\OneDrive\Documentos\GitHub\watchlist\6.Trading_Journal\backend\.venv\Lib\site-packages\httpx\_client.py", line 1768, in get
    return await self.request(
           ^^^^^^^^^^^^^^^^^^^
    ...<9 lines>...
    )
    ^
  File "C:\Users\inven\OneDrive\Documentos\GitHub\watchlist\6.Trading_Journal\backend\.venv\Lib\site-packages\httpx\_client.py", line 1540, in request
    return await self.send(request, auth=auth, follow_redirects=follow_redirects)
           ^^^^^^^^^^^^^^^^^^^^^^^^^^^^^^^^^^^^^^^^^^^^^^^^^^^^^^^^^^^^^^^^^^^^^^
  File "C:\Users\inven\OneDrive\Documentos\GitHub\watchlist\6.Trading_Journal\backend\.venv\Lib\site-packages\httpx\_client.py", line 1629, in send
    response = await self._send_handling_auth(
               ^^^^^^^^^^^^^^^^^^^^^^^^^^^^^^^
    ...<4 lines>...
    )
    ^
  File "C:\Users\inven\OneDrive\Documentos\GitHub\watchlist\6.Trading_Journal\backend\.venv\Lib\site-packages\httpx\_client.py", line 1657, in _send_handling_auth
    response = await self._send_handling_redirects(
               ^^^^^^^^^^^^^^^^^^^^^^^^^^^^^^^^^^^^
    ...<3 lines>...
    )
    ^
  File "C:\Users\inven\OneDrive\Documentos\GitHub\watchlist\6.Trading_Journal\backend\.venv\Lib\site-packages\httpx\_client.py", line 1694, in _send_handling_redirects
    response = await self._send_single_request(request)
               ^^^^^^^^^^^^^^^^^^^^^^^^^^^^^^^^^^^^^^^^
  File "C:\Users\inven\OneDrive\Documentos\GitHub\watchlist\6.Trading_Journal\backend\.venv\Lib\site-packages\httpx\_client.py", line 1730, in _send_single_request
    response = await transport.handle_async_request(request)
               ^^^^^^^^^^^^^^^^^^^^^^^^^^^^^^^^^^^^^^^^^^^^^
  File "C:\Users\inven\OneDrive\Documentos\GitHub\watchlist\6.Trading_Journal\backend\.venv\Lib\site-packages\httpx\_transports\default.py", line 393, in handle_async_request
    with map_httpcore_exceptions():
         ~~~~~~~~~~~~~~~~~~~~~~~^^
  File "C:\Python314\Lib\contextlib.py", line 162, in __exit__
    self.gen.throw(value)
    ~~~~~~~~~~~~~~^^^^^^^
  File "C:\Users\inven\OneDrive\Documentos\GitHub\watchlist\6.Trading_Journal\backend\.venv\Lib\site-packages\httpx\_transports\default.py", line 118, in map_httpcore_exceptions
    raise mapped_exc(message) from exc
httpx.ReadTimeout

2026-01-28 19:51:34,732 | ERROR | services.position_monitor | Error fetching positions: ReadTimeout: 
2026-01-28 19:51:34,739 | ERROR | services.position_monitor | Traceback (most recent call last):
  File "C:\Users\inven\OneDrive\Documentos\GitHub\watchlist\6.Trading_Journal\backend\.venv\Lib\site-packages\httpx\_transports\default.py", line 101, in map_httpcore_exceptions
    yield
  File "C:\Users\inven\OneDrive\Documentos\GitHub\watchlist\6.Trading_Journal\backend\.venv\Lib\site-packages\httpx\_transports\default.py", line 394, in handle_async_request
    resp = await self._pool.handle_async_request(req)
           ^^^^^^^^^^^^^^^^^^^^^^^^^^^^^^^^^^^^^^^^^^
  File "C:\Users\inven\OneDrive\Documentos\GitHub\watchlist\6.Trading_Journal\backend\.venv\Lib\site-packages\httpcore\_async\connection_pool.py", line 256, in handle_async_request
    raise exc from None
  File "C:\Users\inven\OneDrive\Documentos\GitHub\watchlist\6.Trading_Journal\backend\.venv\Lib\site-packages\httpcore\_async\connection_pool.py", line 236, in handle_async_request
    response = await connection.handle_async_request(
               ^^^^^^^^^^^^^^^^^^^^^^^^^^^^^^^^^^^^^^
        pool_request.request
        ^^^^^^^^^^^^^^^^^^^^
    )
    ^
  File "C:\Users\inven\OneDrive\Documentos\GitHub\watchlist\6.Trading_Journal\backend\.venv\Lib\site-packages\httpcore\_async\connection.py", line 103, in handle_async_request
    return await self._connection.handle_async_request(request)
           ^^^^^^^^^^^^^^^^^^^^^^^^^^^^^^^^^^^^^^^^^^^^^^^^^^^^
  File "C:\Users\inven\OneDrive\Documentos\GitHub\watchlist\6.Trading_Journal\backend\.venv\Lib\site-packages\httpcore\_async\http11.py", line 136, in handle_async_request
    raise exc
  File "C:\Users\inven\OneDrive\Documentos\GitHub\watchlist\6.Trading_Journal\backend\.venv\Lib\site-packages\httpcore\_async\http11.py", line 106, in handle_async_request
    ) = await self._receive_response_headers(**kwargs)
        ^^^^^^^^^^^^^^^^^^^^^^^^^^^^^^^^^^^^^^^^^^^^^^
  File "C:\Users\inven\OneDrive\Documentos\GitHub\watchlist\6.Trading_Journal\backend\.venv\Lib\site-packages\httpcore\_async\http11.py", line 177, in _receive_response_headers
    event = await self._receive_event(timeout=timeout)
            ^^^^^^^^^^^^^^^^^^^^^^^^^^^^^^^^^^^^^^^^^^
  File "C:\Users\inven\OneDrive\Documentos\GitHub\watchlist\6.Trading_Journal\backend\.venv\Lib\site-packages\httpcore\_async\http11.py", line 217, in _receive_event
    data = await self._network_stream.read(
           ^^^^^^^^^^^^^^^^^^^^^^^^^^^^^^^^
        self.READ_NUM_BYTES, timeout=timeout
        ^^^^^^^^^^^^^^^^^^^^^^^^^^^^^^^^^^^^
    )
    ^
  File "C:\Users\inven\OneDrive\Documentos\GitHub\watchlist\6.Trading_Journal\backend\.venv\Lib\site-packages\httpcore\_backends\anyio.py", line 32, in read
    with map_exceptions(exc_map):
         ~~~~~~~~~~~~~~^^^^^^^^^
  File "C:\Python314\Lib\contextlib.py", line 162, in __exit__
    self.gen.throw(value)
    ~~~~~~~~~~~~~~^^^^^^^
  File "C:\Users\inven\OneDrive\Documentos\GitHub\watchlist\6.Trading_Journal\backend\.venv\Lib\site-packages\httpcore\_exceptions.py", line 14, in map_exceptions
    raise to_exc(exc) from exc
httpcore.ReadTimeout

The above exception was the direct cause of the following exception:

Traceback (most recent call last):
  File "C:\Users\inven\OneDrive\Documentos\GitHub\watchlist\6.Trading_Journal\backend\services\position_monitor.py", line 186, in _fetch_positions
    response = await self._http_client.get(
               ^^^^^^^^^^^^^^^^^^^^^^^^^^^^
        f"{self.trading_bot_url}/api/positions"
        ^^^^^^^^^^^^^^^^^^^^^^^^^^^^^^^^^^^^^^^
    )
    ^
  File "C:\Users\inven\OneDrive\Documentos\GitHub\watchlist\6.Trading_Journal\backend\.venv\Lib\site-packages\httpx\_client.py", line 1768, in get
    return await self.request(
           ^^^^^^^^^^^^^^^^^^^
    ...<9 lines>...
    )
    ^
  File "C:\Users\inven\OneDrive\Documentos\GitHub\watchlist\6.Trading_Journal\backend\.venv\Lib\site-packages\httpx\_client.py", line 1540, in request
    return await self.send(request, auth=auth, follow_redirects=follow_redirects)
           ^^^^^^^^^^^^^^^^^^^^^^^^^^^^^^^^^^^^^^^^^^^^^^^^^^^^^^^^^^^^^^^^^^^^^^
  File "C:\Users\inven\OneDrive\Documentos\GitHub\watchlist\6.Trading_Journal\backend\.venv\Lib\site-packages\httpx\_client.py", line 1629, in send
    response = await self._send_handling_auth(
               ^^^^^^^^^^^^^^^^^^^^^^^^^^^^^^^
    ...<4 lines>...
    )
    ^
  File "C:\Users\inven\OneDrive\Documentos\GitHub\watchlist\6.Trading_Journal\backend\.venv\Lib\site-packages\httpx\_client.py", line 1657, in _send_handling_auth
    response = await self._send_handling_redirects(
               ^^^^^^^^^^^^^^^^^^^^^^^^^^^^^^^^^^^^
    ...<3 lines>...
    )
    ^
  File "C:\Users\inven\OneDrive\Documentos\GitHub\watchlist\6.Trading_Journal\backend\.venv\Lib\site-packages\httpx\_client.py", line 1694, in _send_handling_redirects
    response = await self._send_single_request(request)
               ^^^^^^^^^^^^^^^^^^^^^^^^^^^^^^^^^^^^^^^^
  File "C:\Users\inven\OneDrive\Documentos\GitHub\watchlist\6.Trading_Journal\backend\.venv\Lib\site-packages\httpx\_client.py", line 1730, in _send_single_request
    response = await transport.handle_async_request(request)
               ^^^^^^^^^^^^^^^^^^^^^^^^^^^^^^^^^^^^^^^^^^^^^
  File "C:\Users\inven\OneDrive\Documentos\GitHub\watchlist\6.Trading_Journal\backend\.venv\Lib\site-packages\httpx\_transports\default.py", line 393, in handle_async_request
    with map_httpcore_exceptions():
         ~~~~~~~~~~~~~~~~~~~~~~~^^
  File "C:\Python314\Lib\contextlib.py", line 162, in __exit__
    self.gen.throw(value)
    ~~~~~~~~~~~~~~^^^^^^^
  File "C:\Users\inven\OneDrive\Documentos\GitHub\watchlist\6.Trading_Journal\backend\.venv\Lib\site-packages\httpx\_transports\default.py", line 118, in map_httpcore_exceptions
    raise mapped_exc(message) from exc
httpx.ReadTimeout

2026-01-28 19:51:50,026 | ERROR | services.position_monitor | Error fetching positions: ReadTimeout: 
2026-01-28 19:51:50,032 | ERROR | services.position_monitor | Traceback (most recent call last):
  File "C:\Users\inven\OneDrive\Documentos\GitHub\watchlist\6.Trading_Journal\backend\.venv\Lib\site-packages\httpx\_transports\default.py", line 101, in map_httpcore_exceptions
    yield
  File "C:\Users\inven\OneDrive\Documentos\GitHub\watchlist\6.Trading_Journal\backend\.venv\Lib\site-packages\httpx\_transports\default.py", line 394, in handle_async_request
    resp = await self._pool.handle_async_request(req)
           ^^^^^^^^^^^^^^^^^^^^^^^^^^^^^^^^^^^^^^^^^^
  File "C:\Users\inven\OneDrive\Documentos\GitHub\watchlist\6.Trading_Journal\backend\.venv\Lib\site-packages\httpcore\_async\connection_pool.py", line 256, in handle_async_request
    raise exc from None
  File "C:\Users\inven\OneDrive\Documentos\GitHub\watchlist\6.Trading_Journal\backend\.venv\Lib\site-packages\httpcore\_async\connection_pool.py", line 236, in handle_async_request
    response = await connection.handle_async_request(
               ^^^^^^^^^^^^^^^^^^^^^^^^^^^^^^^^^^^^^^
        pool_request.request
        ^^^^^^^^^^^^^^^^^^^^
    )
    ^
  File "C:\Users\inven\OneDrive\Documentos\GitHub\watchlist\6.Trading_Journal\backend\.venv\Lib\site-packages\httpcore\_async\connection.py", line 103, in handle_async_request
    return await self._connection.handle_async_request(request)
           ^^^^^^^^^^^^^^^^^^^^^^^^^^^^^^^^^^^^^^^^^^^^^^^^^^^^
  File "C:\Users\inven\OneDrive\Documentos\GitHub\watchlist\6.Trading_Journal\backend\.venv\Lib\site-packages\httpcore\_async\http11.py", line 136, in handle_async_request
    raise exc
  File "C:\Users\inven\OneDrive\Documentos\GitHub\watchlist\6.Trading_Journal\backend\.venv\Lib\site-packages\httpcore\_async\http11.py", line 106, in handle_async_request
    ) = await self._receive_response_headers(**kwargs)
        ^^^^^^^^^^^^^^^^^^^^^^^^^^^^^^^^^^^^^^^^^^^^^^
  File "C:\Users\inven\OneDrive\Documentos\GitHub\watchlist\6.Trading_Journal\backend\.venv\Lib\site-packages\httpcore\_async\http11.py", line 177, in _receive_response_headers
    event = await self._receive_event(timeout=timeout)
            ^^^^^^^^^^^^^^^^^^^^^^^^^^^^^^^^^^^^^^^^^^
  File "C:\Users\inven\OneDrive\Documentos\GitHub\watchlist\6.Trading_Journal\backend\.venv\Lib\site-packages\httpcore\_async\http11.py", line 217, in _receive_event
    data = await self._network_stream.read(
           ^^^^^^^^^^^^^^^^^^^^^^^^^^^^^^^^
        self.READ_NUM_BYTES, timeout=timeout
        ^^^^^^^^^^^^^^^^^^^^^^^^^^^^^^^^^^^^
    )
    ^
  File "C:\Users\inven\OneDrive\Documentos\GitHub\watchlist\6.Trading_Journal\backend\.venv\Lib\site-packages\httpcore\_backends\anyio.py", line 32, in read
    with map_exceptions(exc_map):
         ~~~~~~~~~~~~~~^^^^^^^^^
  File "C:\Python314\Lib\contextlib.py", line 162, in __exit__
    self.gen.throw(value)
    ~~~~~~~~~~~~~~^^^^^^^
  File "C:\Users\inven\OneDrive\Documentos\GitHub\watchlist\6.Trading_Journal\backend\.venv\Lib\site-packages\httpcore\_exceptions.py", line 14, in map_exceptions
    raise to_exc(exc) from exc
httpcore.ReadTimeout

The above exception was the direct cause of the following exception:

Traceback (most recent call last):
  File "C:\Users\inven\OneDrive\Documentos\GitHub\watchlist\6.Trading_Journal\backend\services\position_monitor.py", line 186, in _fetch_positions
    response = await self._http_client.get(
               ^^^^^^^^^^^^^^^^^^^^^^^^^^^^
        f"{self.trading_bot_url}/api/positions"
        ^^^^^^^^^^^^^^^^^^^^^^^^^^^^^^^^^^^^^^^
    )
    ^
  File "C:\Users\inven\OneDrive\Documentos\GitHub\watchlist\6.Trading_Journal\backend\.venv\Lib\site-packages\httpx\_client.py", line 1768, in get
    return await self.request(
           ^^^^^^^^^^^^^^^^^^^
    ...<9 lines>...
    )
    ^
  File "C:\Users\inven\OneDrive\Documentos\GitHub\watchlist\6.Trading_Journal\backend\.venv\Lib\site-packages\httpx\_client.py", line 1540, in request
    return await self.send(request, auth=auth, follow_redirects=follow_redirects)
           ^^^^^^^^^^^^^^^^^^^^^^^^^^^^^^^^^^^^^^^^^^^^^^^^^^^^^^^^^^^^^^^^^^^^^^
  File "C:\Users\inven\OneDrive\Documentos\GitHub\watchlist\6.Trading_Journal\backend\.venv\Lib\site-packages\httpx\_client.py", line 1629, in send
    response = await self._send_handling_auth(
               ^^^^^^^^^^^^^^^^^^^^^^^^^^^^^^^
    ...<4 lines>...
    )
    ^
  File "C:\Users\inven\OneDrive\Documentos\GitHub\watchlist\6.Trading_Journal\backend\.venv\Lib\site-packages\httpx\_client.py", line 1657, in _send_handling_auth
    response = await self._send_handling_redirects(
               ^^^^^^^^^^^^^^^^^^^^^^^^^^^^^^^^^^^^
    ...<3 lines>...
    )
    ^
  File "C:\Users\inven\OneDrive\Documentos\GitHub\watchlist\6.Trading_Journal\backend\.venv\Lib\site-packages\httpx\_client.py", line 1694, in _send_handling_redirects
    response = await self._send_single_request(request)
               ^^^^^^^^^^^^^^^^^^^^^^^^^^^^^^^^^^^^^^^^
  File "C:\Users\inven\OneDrive\Documentos\GitHub\watchlist\6.Trading_Journal\backend\.venv\Lib\site-packages\httpx\_client.py", line 1730, in _send_single_request
    response = await transport.handle_async_request(request)
               ^^^^^^^^^^^^^^^^^^^^^^^^^^^^^^^^^^^^^^^^^^^^^
  File "C:\Users\inven\OneDrive\Documentos\GitHub\watchlist\6.Trading_Journal\backend\.venv\Lib\site-packages\httpx\_transports\default.py", line 393, in handle_async_request
    with map_httpcore_exceptions():
         ~~~~~~~~~~~~~~~~~~~~~~~^^
  File "C:\Python314\Lib\contextlib.py", line 162, in __exit__
    self.gen.throw(value)
    ~~~~~~~~~~~~~~^^^^^^^
  File "C:\Users\inven\OneDrive\Documentos\GitHub\watchlist\6.Trading_Journal\backend\.venv\Lib\site-packages\httpx\_transports\default.py", line 118, in map_httpcore_exceptions
    raise mapped_exc(message) from exc
httpx.ReadTimeout

2026-01-28 19:52:05,329 | ERROR | services.position_monitor | Error fetching positions: ReadTimeout: 
2026-01-28 19:52:05,335 | ERROR | services.position_monitor | Traceback (most recent call last):
  File "C:\Users\inven\OneDrive\Documentos\GitHub\watchlist\6.Trading_Journal\backend\.venv\Lib\site-packages\httpx\_transports\default.py", line 101, in map_httpcore_exceptions
    yield
  File "C:\Users\inven\OneDrive\Documentos\GitHub\watchlist\6.Trading_Journal\backend\.venv\Lib\site-packages\httpx\_transports\default.py", line 394, in handle_async_request
    resp = await self._pool.handle_async_request(req)
           ^^^^^^^^^^^^^^^^^^^^^^^^^^^^^^^^^^^^^^^^^^
  File "C:\Users\inven\OneDrive\Documentos\GitHub\watchlist\6.Trading_Journal\backend\.venv\Lib\site-packages\httpcore\_async\connection_pool.py", line 256, in handle_async_request
    raise exc from None
  File "C:\Users\inven\OneDrive\Documentos\GitHub\watchlist\6.Trading_Journal\backend\.venv\Lib\site-packages\httpcore\_async\connection_pool.py", line 236, in handle_async_request
    response = await connection.handle_async_request(
               ^^^^^^^^^^^^^^^^^^^^^^^^^^^^^^^^^^^^^^
        pool_request.request
        ^^^^^^^^^^^^^^^^^^^^
    )
    ^
  File "C:\Users\inven\OneDrive\Documentos\GitHub\watchlist\6.Trading_Journal\backend\.venv\Lib\site-packages\httpcore\_async\connection.py", line 103, in handle_async_request
    return await self._connection.handle_async_request(request)
           ^^^^^^^^^^^^^^^^^^^^^^^^^^^^^^^^^^^^^^^^^^^^^^^^^^^^
  File "C:\Users\inven\OneDrive\Documentos\GitHub\watchlist\6.Trading_Journal\backend\.venv\Lib\site-packages\httpcore\_async\http11.py", line 136, in handle_async_request
    raise exc
  File "C:\Users\inven\OneDrive\Documentos\GitHub\watchlist\6.Trading_Journal\backend\.venv\Lib\site-packages\httpcore\_async\http11.py", line 106, in handle_async_request
    ) = await self._receive_response_headers(**kwargs)
        ^^^^^^^^^^^^^^^^^^^^^^^^^^^^^^^^^^^^^^^^^^^^^^
  File "C:\Users\inven\OneDrive\Documentos\GitHub\watchlist\6.Trading_Journal\backend\.venv\Lib\site-packages\httpcore\_async\http11.py", line 177, in _receive_response_headers
    event = await self._receive_event(timeout=timeout)
            ^^^^^^^^^^^^^^^^^^^^^^^^^^^^^^^^^^^^^^^^^^
  File "C:\Users\inven\OneDrive\Documentos\GitHub\watchlist\6.Trading_Journal\backend\.venv\Lib\site-packages\httpcore\_async\http11.py", line 217, in _receive_event
    data = await self._network_stream.read(
           ^^^^^^^^^^^^^^^^^^^^^^^^^^^^^^^^
        self.READ_NUM_BYTES, timeout=timeout
        ^^^^^^^^^^^^^^^^^^^^^^^^^^^^^^^^^^^^
    )
    ^
  File "C:\Users\inven\OneDrive\Documentos\GitHub\watchlist\6.Trading_Journal\backend\.venv\Lib\site-packages\httpcore\_backends\anyio.py", line 32, in read
    with map_exceptions(exc_map):
         ~~~~~~~~~~~~~~^^^^^^^^^
  File "C:\Python314\Lib\contextlib.py", line 162, in __exit__
    self.gen.throw(value)
    ~~~~~~~~~~~~~~^^^^^^^
  File "C:\Users\inven\OneDrive\Documentos\GitHub\watchlist\6.Trading_Journal\backend\.venv\Lib\site-packages\httpcore\_exceptions.py", line 14, in map_exceptions
    raise to_exc(exc) from exc
httpcore.ReadTimeout

The above exception was the direct cause of the following exception:

Traceback (most recent call last):
  File "C:\Users\inven\OneDrive\Documentos\GitHub\watchlist\6.Trading_Journal\backend\services\position_monitor.py", line 186, in _fetch_positions
    response = await self._http_client.get(
               ^^^^^^^^^^^^^^^^^^^^^^^^^^^^
        f"{self.trading_bot_url}/api/positions"
        ^^^^^^^^^^^^^^^^^^^^^^^^^^^^^^^^^^^^^^^
    )
    ^
  File "C:\Users\inven\OneDrive\Documentos\GitHub\watchlist\6.Trading_Journal\backend\.venv\Lib\site-packages\httpx\_client.py", line 1768, in get
    return await self.request(
           ^^^^^^^^^^^^^^^^^^^
    ...<9 lines>...
    )
    ^
  File "C:\Users\inven\OneDrive\Documentos\GitHub\watchlist\6.Trading_Journal\backend\.venv\Lib\site-packages\httpx\_client.py", line 1540, in request
    return await self.send(request, auth=auth, follow_redirects=follow_redirects)
           ^^^^^^^^^^^^^^^^^^^^^^^^^^^^^^^^^^^^^^^^^^^^^^^^^^^^^^^^^^^^^^^^^^^^^^
  File "C:\Users\inven\OneDrive\Documentos\GitHub\watchlist\6.Trading_Journal\backend\.venv\Lib\site-packages\httpx\_client.py", line 1629, in send
    response = await self._send_handling_auth(
               ^^^^^^^^^^^^^^^^^^^^^^^^^^^^^^^
    ...<4 lines>...
    )
    ^
  File "C:\Users\inven\OneDrive\Documentos\GitHub\watchlist\6.Trading_Journal\backend\.venv\Lib\site-packages\httpx\_client.py", line 1657, in _send_handling_auth
    response = await self._send_handling_redirects(
               ^^^^^^^^^^^^^^^^^^^^^^^^^^^^^^^^^^^^
    ...<3 lines>...
    )
    ^
  File "C:\Users\inven\OneDrive\Documentos\GitHub\watchlist\6.Trading_Journal\backend\.venv\Lib\site-packages\httpx\_client.py", line 1694, in _send_handling_redirects
    response = await self._send_single_request(request)
               ^^^^^^^^^^^^^^^^^^^^^^^^^^^^^^^^^^^^^^^^
  File "C:\Users\inven\OneDrive\Documentos\GitHub\watchlist\6.Trading_Journal\backend\.venv\Lib\site-packages\httpx\_client.py", line 1730, in _send_single_request
    response = await transport.handle_async_request(request)
               ^^^^^^^^^^^^^^^^^^^^^^^^^^^^^^^^^^^^^^^^^^^^^
  File "C:\Users\inven\OneDrive\Documentos\GitHub\watchlist\6.Trading_Journal\backend\.venv\Lib\site-packages\httpx\_transports\default.py", line 393, in handle_async_request
    with map_httpcore_exceptions():
         ~~~~~~~~~~~~~~~~~~~~~~~^^
  File "C:\Python314\Lib\contextlib.py", line 162, in __exit__
    self.gen.throw(value)
    ~~~~~~~~~~~~~~^^^^^^^
  File "C:\Users\inven\OneDrive\Documentos\GitHub\watchlist\6.Trading_Journal\backend\.venv\Lib\site-packages\httpx\_transports\default.py", line 118, in map_httpcore_exceptions
    raise mapped_exc(message) from exc
httpx.ReadTimeout

2026-01-28 19:52:20,624 | ERROR | services.position_monitor | Error fetching positions: ReadTimeout: 
2026-01-28 19:52:20,628 | ERROR | services.position_monitor | Traceback (most recent call last):
  File "C:\Users\inven\OneDrive\Documentos\GitHub\watchlist\6.Trading_Journal\backend\.venv\Lib\site-packages\httpx\_transports\default.py", line 101, in map_httpcore_exceptions
    yield
  File "C:\Users\inven\OneDrive\Documentos\GitHub\watchlist\6.Trading_Journal\backend\.venv\Lib\site-packages\httpx\_transports\default.py", line 394, in handle_async_request
    resp = await self._pool.handle_async_request(req)
           ^^^^^^^^^^^^^^^^^^^^^^^^^^^^^^^^^^^^^^^^^^
  File "C:\Users\inven\OneDrive\Documentos\GitHub\watchlist\6.Trading_Journal\backend\.venv\Lib\site-packages\httpcore\_async\connection_pool.py", line 256, in handle_async_request
    raise exc from None
  File "C:\Users\inven\OneDrive\Documentos\GitHub\watchlist\6.Trading_Journal\backend\.venv\Lib\site-packages\httpcore\_async\connection_pool.py", line 236, in handle_async_request
    response = await connection.handle_async_request(
               ^^^^^^^^^^^^^^^^^^^^^^^^^^^^^^^^^^^^^^
        pool_request.request
        ^^^^^^^^^^^^^^^^^^^^
    )
    ^
  File "C:\Users\inven\OneDrive\Documentos\GitHub\watchlist\6.Trading_Journal\backend\.venv\Lib\site-packages\httpcore\_async\connection.py", line 103, in handle_async_request
    return await self._connection.handle_async_request(request)
           ^^^^^^^^^^^^^^^^^^^^^^^^^^^^^^^^^^^^^^^^^^^^^^^^^^^^
  File "C:\Users\inven\OneDrive\Documentos\GitHub\watchlist\6.Trading_Journal\backend\.venv\Lib\site-packages\httpcore\_async\http11.py", line 136, in handle_async_request
    raise exc
  File "C:\Users\inven\OneDrive\Documentos\GitHub\watchlist\6.Trading_Journal\backend\.venv\Lib\site-packages\httpcore\_async\http11.py", line 106, in handle_async_request
    ) = await self._receive_response_headers(**kwargs)
        ^^^^^^^^^^^^^^^^^^^^^^^^^^^^^^^^^^^^^^^^^^^^^^
  File "C:\Users\inven\OneDrive\Documentos\GitHub\watchlist\6.Trading_Journal\backend\.venv\Lib\site-packages\httpcore\_async\http11.py", line 177, in _receive_response_headers
    event = await self._receive_event(timeout=timeout)
            ^^^^^^^^^^^^^^^^^^^^^^^^^^^^^^^^^^^^^^^^^^
  File "C:\Users\inven\OneDrive\Documentos\GitHub\watchlist\6.Trading_Journal\backend\.venv\Lib\site-packages\httpcore\_async\http11.py", line 217, in _receive_event
    data = await self._network_stream.read(
           ^^^^^^^^^^^^^^^^^^^^^^^^^^^^^^^^
        self.READ_NUM_BYTES, timeout=timeout
        ^^^^^^^^^^^^^^^^^^^^^^^^^^^^^^^^^^^^
    )
    ^
  File "C:\Users\inven\OneDrive\Documentos\GitHub\watchlist\6.Trading_Journal\backend\.venv\Lib\site-packages\httpcore\_backends\anyio.py", line 32, in read
    with map_exceptions(exc_map):
         ~~~~~~~~~~~~~~^^^^^^^^^
  File "C:\Python314\Lib\contextlib.py", line 162, in __exit__
    self.gen.throw(value)
    ~~~~~~~~~~~~~~^^^^^^^
  File "C:\Users\inven\OneDrive\Documentos\GitHub\watchlist\6.Trading_Journal\backend\.venv\Lib\site-packages\httpcore\_exceptions.py", line 14, in map_exceptions
    raise to_exc(exc) from exc
httpcore.ReadTimeout

The above exception was the direct cause of the following exception:

Traceback (most recent call last):
  File "C:\Users\inven\OneDrive\Documentos\GitHub\watchlist\6.Trading_Journal\backend\services\position_monitor.py", line 186, in _fetch_positions
    response = await self._http_client.get(
               ^^^^^^^^^^^^^^^^^^^^^^^^^^^^
        f"{self.trading_bot_url}/api/positions"
        ^^^^^^^^^^^^^^^^^^^^^^^^^^^^^^^^^^^^^^^
    )
    ^
  File "C:\Users\inven\OneDrive\Documentos\GitHub\watchlist\6.Trading_Journal\backend\.venv\Lib\site-packages\httpx\_client.py", line 1768, in get
    return await self.request(
           ^^^^^^^^^^^^^^^^^^^
    ...<9 lines>...
    )
    ^
  File "C:\Users\inven\OneDrive\Documentos\GitHub\watchlist\6.Trading_Journal\backend\.venv\Lib\site-packages\httpx\_client.py", line 1540, in request
    return await self.send(request, auth=auth, follow_redirects=follow_redirects)
           ^^^^^^^^^^^^^^^^^^^^^^^^^^^^^^^^^^^^^^^^^^^^^^^^^^^^^^^^^^^^^^^^^^^^^^
  File "C:\Users\inven\OneDrive\Documentos\GitHub\watchlist\6.Trading_Journal\backend\.venv\Lib\site-packages\httpx\_client.py", line 1629, in send
    response = await self._send_handling_auth(
               ^^^^^^^^^^^^^^^^^^^^^^^^^^^^^^^
    ...<4 lines>...
    )
    ^
  File "C:\Users\inven\OneDrive\Documentos\GitHub\watchlist\6.Trading_Journal\backend\.venv\Lib\site-packages\httpx\_client.py", line 1657, in _send_handling_auth
    response = await self._send_handling_redirects(
               ^^^^^^^^^^^^^^^^^^^^^^^^^^^^^^^^^^^^
    ...<3 lines>...
    )
    ^
  File "C:\Users\inven\OneDrive\Documentos\GitHub\watchlist\6.Trading_Journal\backend\.venv\Lib\site-packages\httpx\_client.py", line 1694, in _send_handling_redirects
    response = await self._send_single_request(request)
               ^^^^^^^^^^^^^^^^^^^^^^^^^^^^^^^^^^^^^^^^
  File "C:\Users\inven\OneDrive\Documentos\GitHub\watchlist\6.Trading_Journal\backend\.venv\Lib\site-packages\httpx\_client.py", line 1730, in _send_single_request
    response = await transport.handle_async_request(request)
               ^^^^^^^^^^^^^^^^^^^^^^^^^^^^^^^^^^^^^^^^^^^^^
  File "C:\Users\inven\OneDrive\Documentos\GitHub\watchlist\6.Trading_Journal\backend\.venv\Lib\site-packages\httpx\_transports\default.py", line 393, in handle_async_request
    with map_httpcore_exceptions():
         ~~~~~~~~~~~~~~~~~~~~~~~^^
  File "C:\Python314\Lib\contextlib.py", line 162, in __exit__
    self.gen.throw(value)
    ~~~~~~~~~~~~~~^^^^^^^
  File "C:\Users\inven\OneDrive\Documentos\GitHub\watchlist\6.Trading_Journal\backend\.venv\Lib\site-packages\httpx\_transports\default.py", line 118, in map_httpcore_exceptions
    raise mapped_exc(message) from exc
httpx.ReadTimeout

2026-01-28 19:52:35,924 | ERROR | services.position_monitor | Error fetching positions: ReadTimeout: 
2026-01-28 19:52:35,929 | ERROR | services.position_monitor | Traceback (most recent call last):
  File "C:\Users\inven\OneDrive\Documentos\GitHub\watchlist\6.Trading_Journal\backend\.venv\Lib\site-packages\httpx\_transports\default.py", line 101, in map_httpcore_exceptions
    yield
  File "C:\Users\inven\OneDrive\Documentos\GitHub\watchlist\6.Trading_Journal\backend\.venv\Lib\site-packages\httpx\_transports\default.py", line 394, in handle_async_request
    resp = await self._pool.handle_async_request(req)
           ^^^^^^^^^^^^^^^^^^^^^^^^^^^^^^^^^^^^^^^^^^
  File "C:\Users\inven\OneDrive\Documentos\GitHub\watchlist\6.Trading_Journal\backend\.venv\Lib\site-packages\httpcore\_async\connection_pool.py", line 256, in handle_async_request
    raise exc from None
  File "C:\Users\inven\OneDrive\Documentos\GitHub\watchlist\6.Trading_Journal\backend\.venv\Lib\site-packages\httpcore\_async\connection_pool.py", line 236, in handle_async_request
    response = await connection.handle_async_request(
               ^^^^^^^^^^^^^^^^^^^^^^^^^^^^^^^^^^^^^^
        pool_request.request
        ^^^^^^^^^^^^^^^^^^^^
    )
    ^
  File "C:\Users\inven\OneDrive\Documentos\GitHub\watchlist\6.Trading_Journal\backend\.venv\Lib\site-packages\httpcore\_async\connection.py", line 103, in handle_async_request
    return await self._connection.handle_async_request(request)
           ^^^^^^^^^^^^^^^^^^^^^^^^^^^^^^^^^^^^^^^^^^^^^^^^^^^^
  File "C:\Users\inven\OneDrive\Documentos\GitHub\watchlist\6.Trading_Journal\backend\.venv\Lib\site-packages\httpcore\_async\http11.py", line 136, in handle_async_request
    raise exc
  File "C:\Users\inven\OneDrive\Documentos\GitHub\watchlist\6.Trading_Journal\backend\.venv\Lib\site-packages\httpcore\_async\http11.py", line 106, in handle_async_request
    ) = await self._receive_response_headers(**kwargs)
        ^^^^^^^^^^^^^^^^^^^^^^^^^^^^^^^^^^^^^^^^^^^^^^
  File "C:\Users\inven\OneDrive\Documentos\GitHub\watchlist\6.Trading_Journal\backend\.venv\Lib\site-packages\httpcore\_async\http11.py", line 177, in _receive_response_headers
    event = await self._receive_event(timeout=timeout)
            ^^^^^^^^^^^^^^^^^^^^^^^^^^^^^^^^^^^^^^^^^^
  File "C:\Users\inven\OneDrive\Documentos\GitHub\watchlist\6.Trading_Journal\backend\.venv\Lib\site-packages\httpcore\_async\http11.py", line 217, in _receive_event
    data = await self._network_stream.read(
           ^^^^^^^^^^^^^^^^^^^^^^^^^^^^^^^^
        self.READ_NUM_BYTES, timeout=timeout
        ^^^^^^^^^^^^^^^^^^^^^^^^^^^^^^^^^^^^
    )
    ^
  File "C:\Users\inven\OneDrive\Documentos\GitHub\watchlist\6.Trading_Journal\backend\.venv\Lib\site-packages\httpcore\_backends\anyio.py", line 32, in read
    with map_exceptions(exc_map):
         ~~~~~~~~~~~~~~^^^^^^^^^
  File "C:\Python314\Lib\contextlib.py", line 162, in __exit__
    self.gen.throw(value)
    ~~~~~~~~~~~~~~^^^^^^^
  File "C:\Users\inven\OneDrive\Documentos\GitHub\watchlist\6.Trading_Journal\backend\.venv\Lib\site-packages\httpcore\_exceptions.py", line 14, in map_exceptions
    raise to_exc(exc) from exc
httpcore.ReadTimeout

The above exception was the direct cause of the following exception:

Traceback (most recent call last):
  File "C:\Users\inven\OneDrive\Documentos\GitHub\watchlist\6.Trading_Journal\backend\services\position_monitor.py", line 186, in _fetch_positions
    response = await self._http_client.get(
               ^^^^^^^^^^^^^^^^^^^^^^^^^^^^
        f"{self.trading_bot_url}/api/positions"
        ^^^^^^^^^^^^^^^^^^^^^^^^^^^^^^^^^^^^^^^
    )
    ^
  File "C:\Users\inven\OneDrive\Documentos\GitHub\watchlist\6.Trading_Journal\backend\.venv\Lib\site-packages\httpx\_client.py", line 1768, in get
    return await self.request(
           ^^^^^^^^^^^^^^^^^^^
    ...<9 lines>...
    )
    ^
  File "C:\Users\inven\OneDrive\Documentos\GitHub\watchlist\6.Trading_Journal\backend\.venv\Lib\site-packages\httpx\_client.py", line 1540, in request
    return await self.send(request, auth=auth, follow_redirects=follow_redirects)
           ^^^^^^^^^^^^^^^^^^^^^^^^^^^^^^^^^^^^^^^^^^^^^^^^^^^^^^^^^^^^^^^^^^^^^^
  File "C:\Users\inven\OneDrive\Documentos\GitHub\watchlist\6.Trading_Journal\backend\.venv\Lib\site-packages\httpx\_client.py", line 1629, in send
    response = await self._send_handling_auth(
               ^^^^^^^^^^^^^^^^^^^^^^^^^^^^^^^
    ...<4 lines>...
    )
    ^
  File "C:\Users\inven\OneDrive\Documentos\GitHub\watchlist\6.Trading_Journal\backend\.venv\Lib\site-packages\httpx\_client.py", line 1657, in _send_handling_auth
    response = await self._send_handling_redirects(
               ^^^^^^^^^^^^^^^^^^^^^^^^^^^^^^^^^^^^
    ...<3 lines>...
    )
    ^
  File "C:\Users\inven\OneDrive\Documentos\GitHub\watchlist\6.Trading_Journal\backend\.venv\Lib\site-packages\httpx\_client.py", line 1694, in _send_handling_redirects
    response = await self._send_single_request(request)
               ^^^^^^^^^^^^^^^^^^^^^^^^^^^^^^^^^^^^^^^^
  File "C:\Users\inven\OneDrive\Documentos\GitHub\watchlist\6.Trading_Journal\backend\.venv\Lib\site-packages\httpx\_client.py", line 1730, in _send_single_request
    response = await transport.handle_async_request(request)
               ^^^^^^^^^^^^^^^^^^^^^^^^^^^^^^^^^^^^^^^^^^^^^
  File "C:\Users\inven\OneDrive\Documentos\GitHub\watchlist\6.Trading_Journal\backend\.venv\Lib\site-packages\httpx\_transports\default.py", line 393, in handle_async_request
    with map_httpcore_exceptions():
         ~~~~~~~~~~~~~~~~~~~~~~~^^
  File "C:\Python314\Lib\contextlib.py", line 162, in __exit__
    self.gen.throw(value)
    ~~~~~~~~~~~~~~^^^^^^^
  File "C:\Users\inven\OneDrive\Documentos\GitHub\watchlist\6.Trading_Journal\backend\.venv\Lib\site-packages\httpx\_transports\default.py", line 118, in map_httpcore_exceptions
    raise mapped_exc(message) from exc
httpx.ReadTimeout

2026-01-28 19:52:51,206 | ERROR | services.position_monitor | Error fetching positions: ReadTimeout: 
2026-01-28 19:52:51,211 | ERROR | services.position_monitor | Traceback (most recent call last):
  File "C:\Users\inven\OneDrive\Documentos\GitHub\watchlist\6.Trading_Journal\backend\.venv\Lib\site-packages\httpx\_transports\default.py", line 101, in map_httpcore_exceptions
    yield
  File "C:\Users\inven\OneDrive\Documentos\GitHub\watchlist\6.Trading_Journal\backend\.venv\Lib\site-packages\httpx\_transports\default.py", line 394, in handle_async_request
    resp = await self._pool.handle_async_request(req)
           ^^^^^^^^^^^^^^^^^^^^^^^^^^^^^^^^^^^^^^^^^^
  File "C:\Users\inven\OneDrive\Documentos\GitHub\watchlist\6.Trading_Journal\backend\.venv\Lib\site-packages\httpcore\_async\connection_pool.py", line 256, in handle_async_request
    raise exc from None
  File "C:\Users\inven\OneDrive\Documentos\GitHub\watchlist\6.Trading_Journal\backend\.venv\Lib\site-packages\httpcore\_async\connection_pool.py", line 236, in handle_async_request
    response = await connection.handle_async_request(
               ^^^^^^^^^^^^^^^^^^^^^^^^^^^^^^^^^^^^^^
        pool_request.request
        ^^^^^^^^^^^^^^^^^^^^
    )
    ^
  File "C:\Users\inven\OneDrive\Documentos\GitHub\watchlist\6.Trading_Journal\backend\.venv\Lib\site-packages\httpcore\_async\connection.py", line 103, in handle_async_request
    return await self._connection.handle_async_request(request)
           ^^^^^^^^^^^^^^^^^^^^^^^^^^^^^^^^^^^^^^^^^^^^^^^^^^^^
  File "C:\Users\inven\OneDrive\Documentos\GitHub\watchlist\6.Trading_Journal\backend\.venv\Lib\site-packages\httpcore\_async\http11.py", line 136, in handle_async_request
    raise exc
  File "C:\Users\inven\OneDrive\Documentos\GitHub\watchlist\6.Trading_Journal\backend\.venv\Lib\site-packages\httpcore\_async\http11.py", line 106, in handle_async_request
    ) = await self._receive_response_headers(**kwargs)
        ^^^^^^^^^^^^^^^^^^^^^^^^^^^^^^^^^^^^^^^^^^^^^^
  File "C:\Users\inven\OneDrive\Documentos\GitHub\watchlist\6.Trading_Journal\backend\.venv\Lib\site-packages\httpcore\_async\http11.py", line 177, in _receive_response_headers
    event = await self._receive_event(timeout=timeout)
            ^^^^^^^^^^^^^^^^^^^^^^^^^^^^^^^^^^^^^^^^^^
  File "C:\Users\inven\OneDrive\Documentos\GitHub\watchlist\6.Trading_Journal\backend\.venv\Lib\site-packages\httpcore\_async\http11.py", line 217, in _receive_event
    data = await self._network_stream.read(
           ^^^^^^^^^^^^^^^^^^^^^^^^^^^^^^^^
        self.READ_NUM_BYTES, timeout=timeout
        ^^^^^^^^^^^^^^^^^^^^^^^^^^^^^^^^^^^^
    )
    ^
  File "C:\Users\inven\OneDrive\Documentos\GitHub\watchlist\6.Trading_Journal\backend\.venv\Lib\site-packages\httpcore\_backends\anyio.py", line 32, in read
    with map_exceptions(exc_map):
         ~~~~~~~~~~~~~~^^^^^^^^^
  File "C:\Python314\Lib\contextlib.py", line 162, in __exit__
    self.gen.throw(value)
    ~~~~~~~~~~~~~~^^^^^^^
  File "C:\Users\inven\OneDrive\Documentos\GitHub\watchlist\6.Trading_Journal\backend\.venv\Lib\site-packages\httpcore\_exceptions.py", line 14, in map_exceptions
    raise to_exc(exc) from exc
httpcore.ReadTimeout

The above exception was the direct cause of the following exception:

Traceback (most recent call last):
  File "C:\Users\inven\OneDrive\Documentos\GitHub\watchlist\6.Trading_Journal\backend\services\position_monitor.py", line 186, in _fetch_positions
    response = await self._http_client.get(
               ^^^^^^^^^^^^^^^^^^^^^^^^^^^^
        f"{self.trading_bot_url}/api/positions"
        ^^^^^^^^^^^^^^^^^^^^^^^^^^^^^^^^^^^^^^^
    )
    ^
  File "C:\Users\inven\OneDrive\Documentos\GitHub\watchlist\6.Trading_Journal\backend\.venv\Lib\site-packages\httpx\_client.py", line 1768, in get
    return await self.request(
           ^^^^^^^^^^^^^^^^^^^
    ...<9 lines>...
    )
    ^
  File "C:\Users\inven\OneDrive\Documentos\GitHub\watchlist\6.Trading_Journal\backend\.venv\Lib\site-packages\httpx\_client.py", line 1540, in request
    return await self.send(request, auth=auth, follow_redirects=follow_redirects)
           ^^^^^^^^^^^^^^^^^^^^^^^^^^^^^^^^^^^^^^^^^^^^^^^^^^^^^^^^^^^^^^^^^^^^^^
  File "C:\Users\inven\OneDrive\Documentos\GitHub\watchlist\6.Trading_Journal\backend\.venv\Lib\site-packages\httpx\_client.py", line 1629, in send
    response = await self._send_handling_auth(
               ^^^^^^^^^^^^^^^^^^^^^^^^^^^^^^^
    ...<4 lines>...
    )
    ^
  File "C:\Users\inven\OneDrive\Documentos\GitHub\watchlist\6.Trading_Journal\backend\.venv\Lib\site-packages\httpx\_client.py", line 1657, in _send_handling_auth
    response = await self._send_handling_redirects(
               ^^^^^^^^^^^^^^^^^^^^^^^^^^^^^^^^^^^^
    ...<3 lines>...
    )
    ^
  File "C:\Users\inven\OneDrive\Documentos\GitHub\watchlist\6.Trading_Journal\backend\.venv\Lib\site-packages\httpx\_client.py", line 1694, in _send_handling_redirects
    response = await self._send_single_request(request)
               ^^^^^^^^^^^^^^^^^^^^^^^^^^^^^^^^^^^^^^^^
  File "C:\Users\inven\OneDrive\Documentos\GitHub\watchlist\6.Trading_Journal\backend\.venv\Lib\site-packages\httpx\_client.py", line 1730, in _send_single_request
    response = await transport.handle_async_request(request)
               ^^^^^^^^^^^^^^^^^^^^^^^^^^^^^^^^^^^^^^^^^^^^^
  File "C:\Users\inven\OneDrive\Documentos\GitHub\watchlist\6.Trading_Journal\backend\.venv\Lib\site-packages\httpx\_transports\default.py", line 393, in handle_async_request
    with map_httpcore_exceptions():
         ~~~~~~~~~~~~~~~~~~~~~~~^^
  File "C:\Python314\Lib\contextlib.py", line 162, in __exit__
    self.gen.throw(value)
    ~~~~~~~~~~~~~~^^^^^^^
  File "C:\Users\inven\OneDrive\Documentos\GitHub\watchlist\6.Trading_Journal\backend\.venv\Lib\site-packages\httpx\_transports\default.py", line 118, in map_httpcore_exceptions
    raise mapped_exc(message) from exc
httpx.ReadTimeout

2026-01-28 19:53:06,500 | ERROR | services.position_monitor | Error fetching positions: ReadTimeout: 
2026-01-28 19:53:06,505 | ERROR | services.position_monitor | Traceback (most recent call last):
  File "C:\Users\inven\OneDrive\Documentos\GitHub\watchlist\6.Trading_Journal\backend\.venv\Lib\site-packages\httpx\_transports\default.py", line 101, in map_httpcore_exceptions
    yield
  File "C:\Users\inven\OneDrive\Documentos\GitHub\watchlist\6.Trading_Journal\backend\.venv\Lib\site-packages\httpx\_transports\default.py", line 394, in handle_async_request
    resp = await self._pool.handle_async_request(req)
           ^^^^^^^^^^^^^^^^^^^^^^^^^^^^^^^^^^^^^^^^^^
  File "C:\Users\inven\OneDrive\Documentos\GitHub\watchlist\6.Trading_Journal\backend\.venv\Lib\site-packages\httpcore\_async\connection_pool.py", line 256, in handle_async_request
    raise exc from None
  File "C:\Users\inven\OneDrive\Documentos\GitHub\watchlist\6.Trading_Journal\backend\.venv\Lib\site-packages\httpcore\_async\connection_pool.py", line 236, in handle_async_request
    response = await connection.handle_async_request(
               ^^^^^^^^^^^^^^^^^^^^^^^^^^^^^^^^^^^^^^
        pool_request.request
        ^^^^^^^^^^^^^^^^^^^^
    )
    ^
  File "C:\Users\inven\OneDrive\Documentos\GitHub\watchlist\6.Trading_Journal\backend\.venv\Lib\site-packages\httpcore\_async\connection.py", line 103, in handle_async_request
    return await self._connection.handle_async_request(request)
           ^^^^^^^^^^^^^^^^^^^^^^^^^^^^^^^^^^^^^^^^^^^^^^^^^^^^
  File "C:\Users\inven\OneDrive\Documentos\GitHub\watchlist\6.Trading_Journal\backend\.venv\Lib\site-packages\httpcore\_async\http11.py", line 136, in handle_async_request
    raise exc
  File "C:\Users\inven\OneDrive\Documentos\GitHub\watchlist\6.Trading_Journal\backend\.venv\Lib\site-packages\httpcore\_async\http11.py", line 106, in handle_async_request
    ) = await self._receive_response_headers(**kwargs)
        ^^^^^^^^^^^^^^^^^^^^^^^^^^^^^^^^^^^^^^^^^^^^^^
  File "C:\Users\inven\OneDrive\Documentos\GitHub\watchlist\6.Trading_Journal\backend\.venv\Lib\site-packages\httpcore\_async\http11.py", line 177, in _receive_response_headers
    event = await self._receive_event(timeout=timeout)
            ^^^^^^^^^^^^^^^^^^^^^^^^^^^^^^^^^^^^^^^^^^
  File "C:\Users\inven\OneDrive\Documentos\GitHub\watchlist\6.Trading_Journal\backend\.venv\Lib\site-packages\httpcore\_async\http11.py", line 217, in _receive_event
    data = await self._network_stream.read(
           ^^^^^^^^^^^^^^^^^^^^^^^^^^^^^^^^
        self.READ_NUM_BYTES, timeout=timeout
        ^^^^^^^^^^^^^^^^^^^^^^^^^^^^^^^^^^^^
    )
    ^
  File "C:\Users\inven\OneDrive\Documentos\GitHub\watchlist\6.Trading_Journal\backend\.venv\Lib\site-packages\httpcore\_backends\anyio.py", line 32, in read
    with map_exceptions(exc_map):
         ~~~~~~~~~~~~~~^^^^^^^^^
  File "C:\Python314\Lib\contextlib.py", line 162, in __exit__
    self.gen.throw(value)
    ~~~~~~~~~~~~~~^^^^^^^
  File "C:\Users\inven\OneDrive\Documentos\GitHub\watchlist\6.Trading_Journal\backend\.venv\Lib\site-packages\httpcore\_exceptions.py", line 14, in map_exceptions
    raise to_exc(exc) from exc
httpcore.ReadTimeout

The above exception was the direct cause of the following exception:

Traceback (most recent call last):
  File "C:\Users\inven\OneDrive\Documentos\GitHub\watchlist\6.Trading_Journal\backend\services\position_monitor.py", line 186, in _fetch_positions
    response = await self._http_client.get(
               ^^^^^^^^^^^^^^^^^^^^^^^^^^^^
        f"{self.trading_bot_url}/api/positions"
        ^^^^^^^^^^^^^^^^^^^^^^^^^^^^^^^^^^^^^^^
    )
    ^
  File "C:\Users\inven\OneDrive\Documentos\GitHub\watchlist\6.Trading_Journal\backend\.venv\Lib\site-packages\httpx\_client.py", line 1768, in get
    return await self.request(
           ^^^^^^^^^^^^^^^^^^^
    ...<9 lines>...
    )
    ^
  File "C:\Users\inven\OneDrive\Documentos\GitHub\watchlist\6.Trading_Journal\backend\.venv\Lib\site-packages\httpx\_client.py", line 1540, in request
    return await self.send(request, auth=auth, follow_redirects=follow_redirects)
           ^^^^^^^^^^^^^^^^^^^^^^^^^^^^^^^^^^^^^^^^^^^^^^^^^^^^^^^^^^^^^^^^^^^^^^
  File "C:\Users\inven\OneDrive\Documentos\GitHub\watchlist\6.Trading_Journal\backend\.venv\Lib\site-packages\httpx\_client.py", line 1629, in send
    response = await self._send_handling_auth(
               ^^^^^^^^^^^^^^^^^^^^^^^^^^^^^^^
    ...<4 lines>...
    )
    ^
  File "C:\Users\inven\OneDrive\Documentos\GitHub\watchlist\6.Trading_Journal\backend\.venv\Lib\site-packages\httpx\_client.py", line 1657, in _send_handling_auth
    response = await self._send_handling_redirects(
               ^^^^^^^^^^^^^^^^^^^^^^^^^^^^^^^^^^^^
    ...<3 lines>...
    )
    ^
  File "C:\Users\inven\OneDrive\Documentos\GitHub\watchlist\6.Trading_Journal\backend\.venv\Lib\site-packages\httpx\_client.py", line 1694, in _send_handling_redirects
    response = await self._send_single_request(request)
               ^^^^^^^^^^^^^^^^^^^^^^^^^^^^^^^^^^^^^^^^
  File "C:\Users\inven\OneDrive\Documentos\GitHub\watchlist\6.Trading_Journal\backend\.venv\Lib\site-packages\httpx\_client.py", line 1730, in _send_single_request
    response = await transport.handle_async_request(request)
               ^^^^^^^^^^^^^^^^^^^^^^^^^^^^^^^^^^^^^^^^^^^^^
  File "C:\Users\inven\OneDrive\Documentos\GitHub\watchlist\6.Trading_Journal\backend\.venv\Lib\site-packages\httpx\_transports\default.py", line 393, in handle_async_request
    with map_httpcore_exceptions():
         ~~~~~~~~~~~~~~~~~~~~~~~^^
  File "C:\Python314\Lib\contextlib.py", line 162, in __exit__
    self.gen.throw(value)
    ~~~~~~~~~~~~~~^^^^^^^
  File "C:\Users\inven\OneDrive\Documentos\GitHub\watchlist\6.Trading_Journal\backend\.venv\Lib\site-packages\httpx\_transports\default.py", line 118, in map_httpcore_exceptions
    raise mapped_exc(message) from exc
httpx.ReadTimeout

2026-01-28 19:53:21,794 | ERROR | services.position_monitor | Error fetching positions: ReadTimeout: 
2026-01-28 19:53:21,801 | ERROR | services.position_monitor | Traceback (most recent call last):
  File "C:\Users\inven\OneDrive\Documentos\GitHub\watchlist\6.Trading_Journal\backend\.venv\Lib\site-packages\httpx\_transports\default.py", line 101, in map_httpcore_exceptions
    yield
  File "C:\Users\inven\OneDrive\Documentos\GitHub\watchlist\6.Trading_Journal\backend\.venv\Lib\site-packages\httpx\_transports\default.py", line 394, in handle_async_request
    resp = await self._pool.handle_async_request(req)
           ^^^^^^^^^^^^^^^^^^^^^^^^^^^^^^^^^^^^^^^^^^
  File "C:\Users\inven\OneDrive\Documentos\GitHub\watchlist\6.Trading_Journal\backend\.venv\Lib\site-packages\httpcore\_async\connection_pool.py", line 256, in handle_async_request
    raise exc from None
  File "C:\Users\inven\OneDrive\Documentos\GitHub\watchlist\6.Trading_Journal\backend\.venv\Lib\site-packages\httpcore\_async\connection_pool.py", line 236, in handle_async_request
    response = await connection.handle_async_request(
               ^^^^^^^^^^^^^^^^^^^^^^^^^^^^^^^^^^^^^^
        pool_request.request
        ^^^^^^^^^^^^^^^^^^^^
    )
    ^
  File "C:\Users\inven\OneDrive\Documentos\GitHub\watchlist\6.Trading_Journal\backend\.venv\Lib\site-packages\httpcore\_async\connection.py", line 103, in handle_async_request
    return await self._connection.handle_async_request(request)
           ^^^^^^^^^^^^^^^^^^^^^^^^^^^^^^^^^^^^^^^^^^^^^^^^^^^^
  File "C:\Users\inven\OneDrive\Documentos\GitHub\watchlist\6.Trading_Journal\backend\.venv\Lib\site-packages\httpcore\_async\http11.py", line 136, in handle_async_request
    raise exc
  File "C:\Users\inven\OneDrive\Documentos\GitHub\watchlist\6.Trading_Journal\backend\.venv\Lib\site-packages\httpcore\_async\http11.py", line 106, in handle_async_request
    ) = await self._receive_response_headers(**kwargs)
        ^^^^^^^^^^^^^^^^^^^^^^^^^^^^^^^^^^^^^^^^^^^^^^
  File "C:\Users\inven\OneDrive\Documentos\GitHub\watchlist\6.Trading_Journal\backend\.venv\Lib\site-packages\httpcore\_async\http11.py", line 177, in _receive_response_headers
    event = await self._receive_event(timeout=timeout)
            ^^^^^^^^^^^^^^^^^^^^^^^^^^^^^^^^^^^^^^^^^^
  File "C:\Users\inven\OneDrive\Documentos\GitHub\watchlist\6.Trading_Journal\backend\.venv\Lib\site-packages\httpcore\_async\http11.py", line 217, in _receive_event
    data = await self._network_stream.read(
           ^^^^^^^^^^^^^^^^^^^^^^^^^^^^^^^^
        self.READ_NUM_BYTES, timeout=timeout
        ^^^^^^^^^^^^^^^^^^^^^^^^^^^^^^^^^^^^
    )
    ^
  File "C:\Users\inven\OneDrive\Documentos\GitHub\watchlist\6.Trading_Journal\backend\.venv\Lib\site-packages\httpcore\_backends\anyio.py", line 32, in read
    with map_exceptions(exc_map):
         ~~~~~~~~~~~~~~^^^^^^^^^
  File "C:\Python314\Lib\contextlib.py", line 162, in __exit__
    self.gen.throw(value)
    ~~~~~~~~~~~~~~^^^^^^^
  File "C:\Users\inven\OneDrive\Documentos\GitHub\watchlist\6.Trading_Journal\backend\.venv\Lib\site-packages\httpcore\_exceptions.py", line 14, in map_exceptions
    raise to_exc(exc) from exc
httpcore.ReadTimeout

The above exception was the direct cause of the following exception:

Traceback (most recent call last):
  File "C:\Users\inven\OneDrive\Documentos\GitHub\watchlist\6.Trading_Journal\backend\services\position_monitor.py", line 186, in _fetch_positions
    response = await self._http_client.get(
               ^^^^^^^^^^^^^^^^^^^^^^^^^^^^
        f"{self.trading_bot_url}/api/positions"
        ^^^^^^^^^^^^^^^^^^^^^^^^^^^^^^^^^^^^^^^
    )
    ^
  File "C:\Users\inven\OneDrive\Documentos\GitHub\watchlist\6.Trading_Journal\backend\.venv\Lib\site-packages\httpx\_client.py", line 1768, in get
    return await self.request(
           ^^^^^^^^^^^^^^^^^^^
    ...<9 lines>...
    )
    ^
  File "C:\Users\inven\OneDrive\Documentos\GitHub\watchlist\6.Trading_Journal\backend\.venv\Lib\site-packages\httpx\_client.py", line 1540, in request
    return await self.send(request, auth=auth, follow_redirects=follow_redirects)
           ^^^^^^^^^^^^^^^^^^^^^^^^^^^^^^^^^^^^^^^^^^^^^^^^^^^^^^^^^^^^^^^^^^^^^^
  File "C:\Users\inven\OneDrive\Documentos\GitHub\watchlist\6.Trading_Journal\backend\.venv\Lib\site-packages\httpx\_client.py", line 1629, in send
    response = await self._send_handling_auth(
               ^^^^^^^^^^^^^^^^^^^^^^^^^^^^^^^
    ...<4 lines>...
    )
    ^
  File "C:\Users\inven\OneDrive\Documentos\GitHub\watchlist\6.Trading_Journal\backend\.venv\Lib\site-packages\httpx\_client.py", line 1657, in _send_handling_auth
    response = await self._send_handling_redirects(
               ^^^^^^^^^^^^^^^^^^^^^^^^^^^^^^^^^^^^
    ...<3 lines>...
    )
    ^
  File "C:\Users\inven\OneDrive\Documentos\GitHub\watchlist\6.Trading_Journal\backend\.venv\Lib\site-packages\httpx\_client.py", line 1694, in _send_handling_redirects
    response = await self._send_single_request(request)
               ^^^^^^^^^^^^^^^^^^^^^^^^^^^^^^^^^^^^^^^^
  File "C:\Users\inven\OneDrive\Documentos\GitHub\watchlist\6.Trading_Journal\backend\.venv\Lib\site-packages\httpx\_client.py", line 1730, in _send_single_request
    response = await transport.handle_async_request(request)
               ^^^^^^^^^^^^^^^^^^^^^^^^^^^^^^^^^^^^^^^^^^^^^
  File "C:\Users\inven\OneDrive\Documentos\GitHub\watchlist\6.Trading_Journal\backend\.venv\Lib\site-packages\httpx\_transports\default.py", line 393, in handle_async_request
    with map_httpcore_exceptions():
         ~~~~~~~~~~~~~~~~~~~~~~~^^
  File "C:\Python314\Lib\contextlib.py", line 162, in __exit__
    self.gen.throw(value)
    ~~~~~~~~~~~~~~^^^^^^^
  File "C:\Users\inven\OneDrive\Documentos\GitHub\watchlist\6.Trading_Journal\backend\.venv\Lib\site-packages\httpx\_transports\default.py", line 118, in map_httpcore_exceptions
    raise mapped_exc(message) from exc
httpx.ReadTimeout

2026-01-28 19:53:37,093 | ERROR | services.position_monitor | Error fetching positions: ReadTimeout: 
2026-01-28 19:53:37,098 | ERROR | services.position_monitor | Traceback (most recent call last):
  File "C:\Users\inven\OneDrive\Documentos\GitHub\watchlist\6.Trading_Journal\backend\.venv\Lib\site-packages\httpx\_transports\default.py", line 101, in map_httpcore_exceptions
    yield
  File "C:\Users\inven\OneDrive\Documentos\GitHub\watchlist\6.Trading_Journal\backend\.venv\Lib\site-packages\httpx\_transports\default.py", line 394, in handle_async_request
    resp = await self._pool.handle_async_request(req)
           ^^^^^^^^^^^^^^^^^^^^^^^^^^^^^^^^^^^^^^^^^^
  File "C:\Users\inven\OneDrive\Documentos\GitHub\watchlist\6.Trading_Journal\backend\.venv\Lib\site-packages\httpcore\_async\connection_pool.py", line 256, in handle_async_request
    raise exc from None
  File "C:\Users\inven\OneDrive\Documentos\GitHub\watchlist\6.Trading_Journal\backend\.venv\Lib\site-packages\httpcore\_async\connection_pool.py", line 236, in handle_async_request
    response = await connection.handle_async_request(
               ^^^^^^^^^^^^^^^^^^^^^^^^^^^^^^^^^^^^^^
        pool_request.request
        ^^^^^^^^^^^^^^^^^^^^
    )
    ^
  File "C:\Users\inven\OneDrive\Documentos\GitHub\watchlist\6.Trading_Journal\backend\.venv\Lib\site-packages\httpcore\_async\connection.py", line 103, in handle_async_request
    return await self._connection.handle_async_request(request)
           ^^^^^^^^^^^^^^^^^^^^^^^^^^^^^^^^^^^^^^^^^^^^^^^^^^^^
  File "C:\Users\inven\OneDrive\Documentos\GitHub\watchlist\6.Trading_Journal\backend\.venv\Lib\site-packages\httpcore\_async\http11.py", line 136, in handle_async_request
    raise exc
  File "C:\Users\inven\OneDrive\Documentos\GitHub\watchlist\6.Trading_Journal\backend\.venv\Lib\site-packages\httpcore\_async\http11.py", line 106, in handle_async_request
    ) = await self._receive_response_headers(**kwargs)
        ^^^^^^^^^^^^^^^^^^^^^^^^^^^^^^^^^^^^^^^^^^^^^^
  File "C:\Users\inven\OneDrive\Documentos\GitHub\watchlist\6.Trading_Journal\backend\.venv\Lib\site-packages\httpcore\_async\http11.py", line 177, in _receive_response_headers
    event = await self._receive_event(timeout=timeout)
            ^^^^^^^^^^^^^^^^^^^^^^^^^^^^^^^^^^^^^^^^^^
  File "C:\Users\inven\OneDrive\Documentos\GitHub\watchlist\6.Trading_Journal\backend\.venv\Lib\site-packages\httpcore\_async\http11.py", line 217, in _receive_event
    data = await self._network_stream.read(
           ^^^^^^^^^^^^^^^^^^^^^^^^^^^^^^^^
        self.READ_NUM_BYTES, timeout=timeout
        ^^^^^^^^^^^^^^^^^^^^^^^^^^^^^^^^^^^^
    )
    ^
  File "C:\Users\inven\OneDrive\Documentos\GitHub\watchlist\6.Trading_Journal\backend\.venv\Lib\site-packages\httpcore\_backends\anyio.py", line 32, in read
    with map_exceptions(exc_map):
         ~~~~~~~~~~~~~~^^^^^^^^^
  File "C:\Python314\Lib\contextlib.py", line 162, in __exit__
    self.gen.throw(value)
    ~~~~~~~~~~~~~~^^^^^^^
  File "C:\Users\inven\OneDrive\Documentos\GitHub\watchlist\6.Trading_Journal\backend\.venv\Lib\site-packages\httpcore\_exceptions.py", line 14, in map_exceptions
    raise to_exc(exc) from exc
httpcore.ReadTimeout

The above exception was the direct cause of the following exception:

Traceback (most recent call last):
  File "C:\Users\inven\OneDrive\Documentos\GitHub\watchlist\6.Trading_Journal\backend\services\position_monitor.py", line 186, in _fetch_positions
    response = await self._http_client.get(
               ^^^^^^^^^^^^^^^^^^^^^^^^^^^^
        f"{self.trading_bot_url}/api/positions"
        ^^^^^^^^^^^^^^^^^^^^^^^^^^^^^^^^^^^^^^^
    )
    ^
  File "C:\Users\inven\OneDrive\Documentos\GitHub\watchlist\6.Trading_Journal\backend\.venv\Lib\site-packages\httpx\_client.py", line 1768, in get
    return await self.request(
           ^^^^^^^^^^^^^^^^^^^
    ...<9 lines>...
    )
    ^
  File "C:\Users\inven\OneDrive\Documentos\GitHub\watchlist\6.Trading_Journal\backend\.venv\Lib\site-packages\httpx\_client.py", line 1540, in request
    return await self.send(request, auth=auth, follow_redirects=follow_redirects)
           ^^^^^^^^^^^^^^^^^^^^^^^^^^^^^^^^^^^^^^^^^^^^^^^^^^^^^^^^^^^^^^^^^^^^^^
  File "C:\Users\inven\OneDrive\Documentos\GitHub\watchlist\6.Trading_Journal\backend\.venv\Lib\site-packages\httpx\_client.py", line 1629, in send
    response = await self._send_handling_auth(
               ^^^^^^^^^^^^^^^^^^^^^^^^^^^^^^^
    ...<4 lines>...
    )
    ^
  File "C:\Users\inven\OneDrive\Documentos\GitHub\watchlist\6.Trading_Journal\backend\.venv\Lib\site-packages\httpx\_client.py", line 1657, in _send_handling_auth
    response = await self._send_handling_redirects(
               ^^^^^^^^^^^^^^^^^^^^^^^^^^^^^^^^^^^^
    ...<3 lines>...
    )
    ^
  File "C:\Users\inven\OneDrive\Documentos\GitHub\watchlist\6.Trading_Journal\backend\.venv\Lib\site-packages\httpx\_client.py", line 1694, in _send_handling_redirects
    response = await self._send_single_request(request)
               ^^^^^^^^^^^^^^^^^^^^^^^^^^^^^^^^^^^^^^^^
  File "C:\Users\inven\OneDrive\Documentos\GitHub\watchlist\6.Trading_Journal\backend\.venv\Lib\site-packages\httpx\_client.py", line 1730, in _send_single_request
    response = await transport.handle_async_request(request)
               ^^^^^^^^^^^^^^^^^^^^^^^^^^^^^^^^^^^^^^^^^^^^^
  File "C:\Users\inven\OneDrive\Documentos\GitHub\watchlist\6.Trading_Journal\backend\.venv\Lib\site-packages\httpx\_transports\default.py", line 393, in handle_async_request
    with map_httpcore_exceptions():
         ~~~~~~~~~~~~~~~~~~~~~~~^^
  File "C:\Python314\Lib\contextlib.py", line 162, in __exit__
    self.gen.throw(value)
    ~~~~~~~~~~~~~~^^^^^^^
  File "C:\Users\inven\OneDrive\Documentos\GitHub\watchlist\6.Trading_Journal\backend\.venv\Lib\site-packages\httpx\_transports\default.py", line 118, in map_httpcore_exceptions
    raise mapped_exc(message) from exc
httpx.ReadTimeout

2026-01-28 19:53:52,390 | ERROR | services.position_monitor | Error fetching positions: ReadTimeout: 
2026-01-28 19:53:52,396 | ERROR | services.position_monitor | Traceback (most recent call last):
  File "C:\Users\inven\OneDrive\Documentos\GitHub\watchlist\6.Trading_Journal\backend\.venv\Lib\site-packages\httpx\_transports\default.py", line 101, in map_httpcore_exceptions
    yield
  File "C:\Users\inven\OneDrive\Documentos\GitHub\watchlist\6.Trading_Journal\backend\.venv\Lib\site-packages\httpx\_transports\default.py", line 394, in handle_async_request
    resp = await self._pool.handle_async_request(req)
           ^^^^^^^^^^^^^^^^^^^^^^^^^^^^^^^^^^^^^^^^^^
  File "C:\Users\inven\OneDrive\Documentos\GitHub\watchlist\6.Trading_Journal\backend\.venv\Lib\site-packages\httpcore\_async\connection_pool.py", line 256, in handle_async_request
    raise exc from None
  File "C:\Users\inven\OneDrive\Documentos\GitHub\watchlist\6.Trading_Journal\backend\.venv\Lib\site-packages\httpcore\_async\connection_pool.py", line 236, in handle_async_request
    response = await connection.handle_async_request(
               ^^^^^^^^^^^^^^^^^^^^^^^^^^^^^^^^^^^^^^
        pool_request.request
        ^^^^^^^^^^^^^^^^^^^^
    )
    ^
  File "C:\Users\inven\OneDrive\Documentos\GitHub\watchlist\6.Trading_Journal\backend\.venv\Lib\site-packages\httpcore\_async\connection.py", line 103, in handle_async_request
    return await self._connection.handle_async_request(request)
           ^^^^^^^^^^^^^^^^^^^^^^^^^^^^^^^^^^^^^^^^^^^^^^^^^^^^
  File "C:\Users\inven\OneDrive\Documentos\GitHub\watchlist\6.Trading_Journal\backend\.venv\Lib\site-packages\httpcore\_async\http11.py", line 136, in handle_async_request
    raise exc
  File "C:\Users\inven\OneDrive\Documentos\GitHub\watchlist\6.Trading_Journal\backend\.venv\Lib\site-packages\httpcore\_async\http11.py", line 106, in handle_async_request
    ) = await self._receive_response_headers(**kwargs)
        ^^^^^^^^^^^^^^^^^^^^^^^^^^^^^^^^^^^^^^^^^^^^^^
  File "C:\Users\inven\OneDrive\Documentos\GitHub\watchlist\6.Trading_Journal\backend\.venv\Lib\site-packages\httpcore\_async\http11.py", line 177, in _receive_response_headers
    event = await self._receive_event(timeout=timeout)
            ^^^^^^^^^^^^^^^^^^^^^^^^^^^^^^^^^^^^^^^^^^
  File "C:\Users\inven\OneDrive\Documentos\GitHub\watchlist\6.Trading_Journal\backend\.venv\Lib\site-packages\httpcore\_async\http11.py", line 217, in _receive_event
    data = await self._network_stream.read(
           ^^^^^^^^^^^^^^^^^^^^^^^^^^^^^^^^
        self.READ_NUM_BYTES, timeout=timeout
        ^^^^^^^^^^^^^^^^^^^^^^^^^^^^^^^^^^^^
    )
    ^
  File "C:\Users\inven\OneDrive\Documentos\GitHub\watchlist\6.Trading_Journal\backend\.venv\Lib\site-packages\httpcore\_backends\anyio.py", line 32, in read
    with map_exceptions(exc_map):
         ~~~~~~~~~~~~~~^^^^^^^^^
  File "C:\Python314\Lib\contextlib.py", line 162, in __exit__
    self.gen.throw(value)
    ~~~~~~~~~~~~~~^^^^^^^
  File "C:\Users\inven\OneDrive\Documentos\GitHub\watchlist\6.Trading_Journal\backend\.venv\Lib\site-packages\httpcore\_exceptions.py", line 14, in map_exceptions
    raise to_exc(exc) from exc
httpcore.ReadTimeout

The above exception was the direct cause of the following exception:

Traceback (most recent call last):
  File "C:\Users\inven\OneDrive\Documentos\GitHub\watchlist\6.Trading_Journal\backend\services\position_monitor.py", line 186, in _fetch_positions
    response = await self._http_client.get(
               ^^^^^^^^^^^^^^^^^^^^^^^^^^^^
        f"{self.trading_bot_url}/api/positions"
        ^^^^^^^^^^^^^^^^^^^^^^^^^^^^^^^^^^^^^^^
    )
    ^
  File "C:\Users\inven\OneDrive\Documentos\GitHub\watchlist\6.Trading_Journal\backend\.venv\Lib\site-packages\httpx\_client.py", line 1768, in get
    return await self.request(
           ^^^^^^^^^^^^^^^^^^^
    ...<9 lines>...
    )
    ^
  File "C:\Users\inven\OneDrive\Documentos\GitHub\watchlist\6.Trading_Journal\backend\.venv\Lib\site-packages\httpx\_client.py", line 1540, in request
    return await self.send(request, auth=auth, follow_redirects=follow_redirects)
           ^^^^^^^^^^^^^^^^^^^^^^^^^^^^^^^^^^^^^^^^^^^^^^^^^^^^^^^^^^^^^^^^^^^^^^
  File "C:\Users\inven\OneDrive\Documentos\GitHub\watchlist\6.Trading_Journal\backend\.venv\Lib\site-packages\httpx\_client.py", line 1629, in send
    response = await self._send_handling_auth(
               ^^^^^^^^^^^^^^^^^^^^^^^^^^^^^^^
    ...<4 lines>...
    )
    ^
  File "C:\Users\inven\OneDrive\Documentos\GitHub\watchlist\6.Trading_Journal\backend\.venv\Lib\site-packages\httpx\_client.py", line 1657, in _send_handling_auth
    response = await self._send_handling_redirects(
               ^^^^^^^^^^^^^^^^^^^^^^^^^^^^^^^^^^^^
    ...<3 lines>...
    )
    ^
  File "C:\Users\inven\OneDrive\Documentos\GitHub\watchlist\6.Trading_Journal\backend\.venv\Lib\site-packages\httpx\_client.py", line 1694, in _send_handling_redirects
    response = await self._send_single_request(request)
               ^^^^^^^^^^^^^^^^^^^^^^^^^^^^^^^^^^^^^^^^
  File "C:\Users\inven\OneDrive\Documentos\GitHub\watchlist\6.Trading_Journal\backend\.venv\Lib\site-packages\httpx\_client.py", line 1730, in _send_single_request
    response = await transport.handle_async_request(request)
               ^^^^^^^^^^^^^^^^^^^^^^^^^^^^^^^^^^^^^^^^^^^^^
  File "C:\Users\inven\OneDrive\Documentos\GitHub\watchlist\6.Trading_Journal\backend\.venv\Lib\site-packages\httpx\_transports\default.py", line 393, in handle_async_request
    with map_httpcore_exceptions():
         ~~~~~~~~~~~~~~~~~~~~~~~^^
  File "C:\Python314\Lib\contextlib.py", line 162, in __exit__
    self.gen.throw(value)
    ~~~~~~~~~~~~~~^^^^^^^
  File "C:\Users\inven\OneDrive\Documentos\GitHub\watchlist\6.Trading_Journal\backend\.venv\Lib\site-packages\httpx\_transports\default.py", line 118, in map_httpcore_exceptions
    raise mapped_exc(message) from exc
httpx.ReadTimeout

2026-01-28 19:54:07,682 | ERROR | services.position_monitor | Error fetching positions: ReadTimeout: 
2026-01-28 19:54:07,689 | ERROR | services.position_monitor | Traceback (most recent call last):
  File "C:\Users\inven\OneDrive\Documentos\GitHub\watchlist\6.Trading_Journal\backend\.venv\Lib\site-packages\httpx\_transports\default.py", line 101, in map_httpcore_exceptions
    yield
  File "C:\Users\inven\OneDrive\Documentos\GitHub\watchlist\6.Trading_Journal\backend\.venv\Lib\site-packages\httpx\_transports\default.py", line 394, in handle_async_request
    resp = await self._pool.handle_async_request(req)
           ^^^^^^^^^^^^^^^^^^^^^^^^^^^^^^^^^^^^^^^^^^
  File "C:\Users\inven\OneDrive\Documentos\GitHub\watchlist\6.Trading_Journal\backend\.venv\Lib\site-packages\httpcore\_async\connection_pool.py", line 256, in handle_async_request
    raise exc from None
  File "C:\Users\inven\OneDrive\Documentos\GitHub\watchlist\6.Trading_Journal\backend\.venv\Lib\site-packages\httpcore\_async\connection_pool.py", line 236, in handle_async_request
    response = await connection.handle_async_request(
               ^^^^^^^^^^^^^^^^^^^^^^^^^^^^^^^^^^^^^^
        pool_request.request
        ^^^^^^^^^^^^^^^^^^^^
    )
    ^
  File "C:\Users\inven\OneDrive\Documentos\GitHub\watchlist\6.Trading_Journal\backend\.venv\Lib\site-packages\httpcore\_async\connection.py", line 103, in handle_async_request
    return await self._connection.handle_async_request(request)
           ^^^^^^^^^^^^^^^^^^^^^^^^^^^^^^^^^^^^^^^^^^^^^^^^^^^^
  File "C:\Users\inven\OneDrive\Documentos\GitHub\watchlist\6.Trading_Journal\backend\.venv\Lib\site-packages\httpcore\_async\http11.py", line 136, in handle_async_request
    raise exc
  File "C:\Users\inven\OneDrive\Documentos\GitHub\watchlist\6.Trading_Journal\backend\.venv\Lib\site-packages\httpcore\_async\http11.py", line 106, in handle_async_request
    ) = await self._receive_response_headers(**kwargs)
        ^^^^^^^^^^^^^^^^^^^^^^^^^^^^^^^^^^^^^^^^^^^^^^
  File "C:\Users\inven\OneDrive\Documentos\GitHub\watchlist\6.Trading_Journal\backend\.venv\Lib\site-packages\httpcore\_async\http11.py", line 177, in _receive_response_headers
    event = await self._receive_event(timeout=timeout)
            ^^^^^^^^^^^^^^^^^^^^^^^^^^^^^^^^^^^^^^^^^^
  File "C:\Users\inven\OneDrive\Documentos\GitHub\watchlist\6.Trading_Journal\backend\.venv\Lib\site-packages\httpcore\_async\http11.py", line 217, in _receive_event
    data = await self._network_stream.read(
           ^^^^^^^^^^^^^^^^^^^^^^^^^^^^^^^^
        self.READ_NUM_BYTES, timeout=timeout
        ^^^^^^^^^^^^^^^^^^^^^^^^^^^^^^^^^^^^
    )
    ^
  File "C:\Users\inven\OneDrive\Documentos\GitHub\watchlist\6.Trading_Journal\backend\.venv\Lib\site-packages\httpcore\_backends\anyio.py", line 32, in read
    with map_exceptions(exc_map):
         ~~~~~~~~~~~~~~^^^^^^^^^
  File "C:\Python314\Lib\contextlib.py", line 162, in __exit__
    self.gen.throw(value)
    ~~~~~~~~~~~~~~^^^^^^^
  File "C:\Users\inven\OneDrive\Documentos\GitHub\watchlist\6.Trading_Journal\backend\.venv\Lib\site-packages\httpcore\_exceptions.py", line 14, in map_exceptions
    raise to_exc(exc) from exc
httpcore.ReadTimeout

The above exception was the direct cause of the following exception:

Traceback (most recent call last):
  File "C:\Users\inven\OneDrive\Documentos\GitHub\watchlist\6.Trading_Journal\backend\services\position_monitor.py", line 186, in _fetch_positions
    response = await self._http_client.get(
               ^^^^^^^^^^^^^^^^^^^^^^^^^^^^
        f"{self.trading_bot_url}/api/positions"
        ^^^^^^^^^^^^^^^^^^^^^^^^^^^^^^^^^^^^^^^
    )
    ^
  File "C:\Users\inven\OneDrive\Documentos\GitHub\watchlist\6.Trading_Journal\backend\.venv\Lib\site-packages\httpx\_client.py", line 1768, in get
    return await self.request(
           ^^^^^^^^^^^^^^^^^^^
    ...<9 lines>...
    )
    ^
  File "C:\Users\inven\OneDrive\Documentos\GitHub\watchlist\6.Trading_Journal\backend\.venv\Lib\site-packages\httpx\_client.py", line 1540, in request
    return await self.send(request, auth=auth, follow_redirects=follow_redirects)
           ^^^^^^^^^^^^^^^^^^^^^^^^^^^^^^^^^^^^^^^^^^^^^^^^^^^^^^^^^^^^^^^^^^^^^^
  File "C:\Users\inven\OneDrive\Documentos\GitHub\watchlist\6.Trading_Journal\backend\.venv\Lib\site-packages\httpx\_client.py", line 1629, in send
    response = await self._send_handling_auth(
               ^^^^^^^^^^^^^^^^^^^^^^^^^^^^^^^
    ...<4 lines>...
    )
    ^
  File "C:\Users\inven\OneDrive\Documentos\GitHub\watchlist\6.Trading_Journal\backend\.venv\Lib\site-packages\httpx\_client.py", line 1657, in _send_handling_auth
    response = await self._send_handling_redirects(
               ^^^^^^^^^^^^^^^^^^^^^^^^^^^^^^^^^^^^
    ...<3 lines>...
    )
    ^
  File "C:\Users\inven\OneDrive\Documentos\GitHub\watchlist\6.Trading_Journal\backend\.venv\Lib\site-packages\httpx\_client.py", line 1694, in _send_handling_redirects
    response = await self._send_single_request(request)
               ^^^^^^^^^^^^^^^^^^^^^^^^^^^^^^^^^^^^^^^^
  File "C:\Users\inven\OneDrive\Documentos\GitHub\watchlist\6.Trading_Journal\backend\.venv\Lib\site-packages\httpx\_client.py", line 1730, in _send_single_request
    response = await transport.handle_async_request(request)
               ^^^^^^^^^^^^^^^^^^^^^^^^^^^^^^^^^^^^^^^^^^^^^
  File "C:\Users\inven\OneDrive\Documentos\GitHub\watchlist\6.Trading_Journal\backend\.venv\Lib\site-packages\httpx\_transports\default.py", line 393, in handle_async_request
    with map_httpcore_exceptions():
         ~~~~~~~~~~~~~~~~~~~~~~~^^
  File "C:\Python314\Lib\contextlib.py", line 162, in __exit__
    self.gen.throw(value)
    ~~~~~~~~~~~~~~^^^^^^^
  File "C:\Users\inven\OneDrive\Documentos\GitHub\watchlist\6.Trading_Journal\backend\.venv\Lib\site-packages\httpx\_transports\default.py", line 118, in map_httpcore_exceptions
    raise mapped_exc(message) from exc
httpx.ReadTimeout

2026-01-28 19:54:22,977 | ERROR | services.position_monitor | Error fetching positions: ReadTimeout: 
2026-01-28 19:54:22,984 | ERROR | services.position_monitor | Traceback (most recent call last):
  File "C:\Users\inven\OneDrive\Documentos\GitHub\watchlist\6.Trading_Journal\backend\.venv\Lib\site-packages\httpx\_transports\default.py", line 101, in map_httpcore_exceptions
    yield
  File "C:\Users\inven\OneDrive\Documentos\GitHub\watchlist\6.Trading_Journal\backend\.venv\Lib\site-packages\httpx\_transports\default.py", line 394, in handle_async_request
    resp = await self._pool.handle_async_request(req)
           ^^^^^^^^^^^^^^^^^^^^^^^^^^^^^^^^^^^^^^^^^^
  File "C:\Users\inven\OneDrive\Documentos\GitHub\watchlist\6.Trading_Journal\backend\.venv\Lib\site-packages\httpcore\_async\connection_pool.py", line 256, in handle_async_request
    raise exc from None
  File "C:\Users\inven\OneDrive\Documentos\GitHub\watchlist\6.Trading_Journal\backend\.venv\Lib\site-packages\httpcore\_async\connection_pool.py", line 236, in handle_async_request
    response = await connection.handle_async_request(
               ^^^^^^^^^^^^^^^^^^^^^^^^^^^^^^^^^^^^^^
        pool_request.request
        ^^^^^^^^^^^^^^^^^^^^
    )
    ^
  File "C:\Users\inven\OneDrive\Documentos\GitHub\watchlist\6.Trading_Journal\backend\.venv\Lib\site-packages\httpcore\_async\connection.py", line 103, in handle_async_request
    return await self._connection.handle_async_request(request)
           ^^^^^^^^^^^^^^^^^^^^^^^^^^^^^^^^^^^^^^^^^^^^^^^^^^^^
  File "C:\Users\inven\OneDrive\Documentos\GitHub\watchlist\6.Trading_Journal\backend\.venv\Lib\site-packages\httpcore\_async\http11.py", line 136, in handle_async_request
    raise exc
  File "C:\Users\inven\OneDrive\Documentos\GitHub\watchlist\6.Trading_Journal\backend\.venv\Lib\site-packages\httpcore\_async\http11.py", line 106, in handle_async_request
    ) = await self._receive_response_headers(**kwargs)
        ^^^^^^^^^^^^^^^^^^^^^^^^^^^^^^^^^^^^^^^^^^^^^^
  File "C:\Users\inven\OneDrive\Documentos\GitHub\watchlist\6.Trading_Journal\backend\.venv\Lib\site-packages\httpcore\_async\http11.py", line 177, in _receive_response_headers
    event = await self._receive_event(timeout=timeout)
            ^^^^^^^^^^^^^^^^^^^^^^^^^^^^^^^^^^^^^^^^^^
  File "C:\Users\inven\OneDrive\Documentos\GitHub\watchlist\6.Trading_Journal\backend\.venv\Lib\site-packages\httpcore\_async\http11.py", line 217, in _receive_event
    data = await self._network_stream.read(
           ^^^^^^^^^^^^^^^^^^^^^^^^^^^^^^^^
        self.READ_NUM_BYTES, timeout=timeout
        ^^^^^^^^^^^^^^^^^^^^^^^^^^^^^^^^^^^^
    )
    ^
  File "C:\Users\inven\OneDrive\Documentos\GitHub\watchlist\6.Trading_Journal\backend\.venv\Lib\site-packages\httpcore\_backends\anyio.py", line 32, in read
    with map_exceptions(exc_map):
         ~~~~~~~~~~~~~~^^^^^^^^^
  File "C:\Python314\Lib\contextlib.py", line 162, in __exit__
    self.gen.throw(value)
    ~~~~~~~~~~~~~~^^^^^^^
  File "C:\Users\inven\OneDrive\Documentos\GitHub\watchlist\6.Trading_Journal\backend\.venv\Lib\site-packages\httpcore\_exceptions.py", line 14, in map_exceptions
    raise to_exc(exc) from exc
httpcore.ReadTimeout

The above exception was the direct cause of the following exception:

Traceback (most recent call last):
  File "C:\Users\inven\OneDrive\Documentos\GitHub\watchlist\6.Trading_Journal\backend\services\position_monitor.py", line 186, in _fetch_positions
    response = await self._http_client.get(
               ^^^^^^^^^^^^^^^^^^^^^^^^^^^^
        f"{self.trading_bot_url}/api/positions"
        ^^^^^^^^^^^^^^^^^^^^^^^^^^^^^^^^^^^^^^^
    )
    ^
  File "C:\Users\inven\OneDrive\Documentos\GitHub\watchlist\6.Trading_Journal\backend\.venv\Lib\site-packages\httpx\_client.py", line 1768, in get
    return await self.request(
           ^^^^^^^^^^^^^^^^^^^
    ...<9 lines>...
    )
    ^
  File "C:\Users\inven\OneDrive\Documentos\GitHub\watchlist\6.Trading_Journal\backend\.venv\Lib\site-packages\httpx\_client.py", line 1540, in request
    return await self.send(request, auth=auth, follow_redirects=follow_redirects)
           ^^^^^^^^^^^^^^^^^^^^^^^^^^^^^^^^^^^^^^^^^^^^^^^^^^^^^^^^^^^^^^^^^^^^^^
  File "C:\Users\inven\OneDrive\Documentos\GitHub\watchlist\6.Trading_Journal\backend\.venv\Lib\site-packages\httpx\_client.py", line 1629, in send
    response = await self._send_handling_auth(
               ^^^^^^^^^^^^^^^^^^^^^^^^^^^^^^^
    ...<4 lines>...
    )
    ^
  File "C:\Users\inven\OneDrive\Documentos\GitHub\watchlist\6.Trading_Journal\backend\.venv\Lib\site-packages\httpx\_client.py", line 1657, in _send_handling_auth
    response = await self._send_handling_redirects(
               ^^^^^^^^^^^^^^^^^^^^^^^^^^^^^^^^^^^^
    ...<3 lines>...
    )
    ^
  File "C:\Users\inven\OneDrive\Documentos\GitHub\watchlist\6.Trading_Journal\backend\.venv\Lib\site-packages\httpx\_client.py", line 1694, in _send_handling_redirects
    response = await self._send_single_request(request)
               ^^^^^^^^^^^^^^^^^^^^^^^^^^^^^^^^^^^^^^^^
  File "C:\Users\inven\OneDrive\Documentos\GitHub\watchlist\6.Trading_Journal\backend\.venv\Lib\site-packages\httpx\_client.py", line 1730, in _send_single_request
    response = await transport.handle_async_request(request)
               ^^^^^^^^^^^^^^^^^^^^^^^^^^^^^^^^^^^^^^^^^^^^^
  File "C:\Users\inven\OneDrive\Documentos\GitHub\watchlist\6.Trading_Journal\backend\.venv\Lib\site-packages\httpx\_transports\default.py", line 393, in handle_async_request
    with map_httpcore_exceptions():
         ~~~~~~~~~~~~~~~~~~~~~~~^^
  File "C:\Python314\Lib\contextlib.py", line 162, in __exit__
    self.gen.throw(value)
    ~~~~~~~~~~~~~~^^^^^^^
  File "C:\Users\inven\OneDrive\Documentos\GitHub\watchlist\6.Trading_Journal\backend\.venv\Lib\site-packages\httpx\_transports\default.py", line 118, in map_httpcore_exceptions
    raise mapped_exc(message) from exc
httpx.ReadTimeout

2026-01-28 19:54:38,275 | ERROR | services.position_monitor | Error fetching positions: ReadTimeout: 
2026-01-28 19:54:38,280 | ERROR | services.position_monitor | Traceback (most recent call last):
  File "C:\Users\inven\OneDrive\Documentos\GitHub\watchlist\6.Trading_Journal\backend\.venv\Lib\site-packages\httpx\_transports\default.py", line 101, in map_httpcore_exceptions
    yield
  File "C:\Users\inven\OneDrive\Documentos\GitHub\watchlist\6.Trading_Journal\backend\.venv\Lib\site-packages\httpx\_transports\default.py", line 394, in handle_async_request
    resp = await self._pool.handle_async_request(req)
           ^^^^^^^^^^^^^^^^^^^^^^^^^^^^^^^^^^^^^^^^^^
  File "C:\Users\inven\OneDrive\Documentos\GitHub\watchlist\6.Trading_Journal\backend\.venv\Lib\site-packages\httpcore\_async\connection_pool.py", line 256, in handle_async_request
    raise exc from None
  File "C:\Users\inven\OneDrive\Documentos\GitHub\watchlist\6.Trading_Journal\backend\.venv\Lib\site-packages\httpcore\_async\connection_pool.py", line 236, in handle_async_request
    response = await connection.handle_async_request(
               ^^^^^^^^^^^^^^^^^^^^^^^^^^^^^^^^^^^^^^
        pool_request.request
        ^^^^^^^^^^^^^^^^^^^^
    )
    ^
  File "C:\Users\inven\OneDrive\Documentos\GitHub\watchlist\6.Trading_Journal\backend\.venv\Lib\site-packages\httpcore\_async\connection.py", line 103, in handle_async_request
    return await self._connection.handle_async_request(request)
           ^^^^^^^^^^^^^^^^^^^^^^^^^^^^^^^^^^^^^^^^^^^^^^^^^^^^
  File "C:\Users\inven\OneDrive\Documentos\GitHub\watchlist\6.Trading_Journal\backend\.venv\Lib\site-packages\httpcore\_async\http11.py", line 136, in handle_async_request
    raise exc
  File "C:\Users\inven\OneDrive\Documentos\GitHub\watchlist\6.Trading_Journal\backend\.venv\Lib\site-packages\httpcore\_async\http11.py", line 106, in handle_async_request
    ) = await self._receive_response_headers(**kwargs)
        ^^^^^^^^^^^^^^^^^^^^^^^^^^^^^^^^^^^^^^^^^^^^^^
  File "C:\Users\inven\OneDrive\Documentos\GitHub\watchlist\6.Trading_Journal\backend\.venv\Lib\site-packages\httpcore\_async\http11.py", line 177, in _receive_response_headers
    event = await self._receive_event(timeout=timeout)
            ^^^^^^^^^^^^^^^^^^^^^^^^^^^^^^^^^^^^^^^^^^
  File "C:\Users\inven\OneDrive\Documentos\GitHub\watchlist\6.Trading_Journal\backend\.venv\Lib\site-packages\httpcore\_async\http11.py", line 217, in _receive_event
    data = await self._network_stream.read(
           ^^^^^^^^^^^^^^^^^^^^^^^^^^^^^^^^
        self.READ_NUM_BYTES, timeout=timeout
        ^^^^^^^^^^^^^^^^^^^^^^^^^^^^^^^^^^^^
    )
    ^
  File "C:\Users\inven\OneDrive\Documentos\GitHub\watchlist\6.Trading_Journal\backend\.venv\Lib\site-packages\httpcore\_backends\anyio.py", line 32, in read
    with map_exceptions(exc_map):
         ~~~~~~~~~~~~~~^^^^^^^^^
  File "C:\Python314\Lib\contextlib.py", line 162, in __exit__
    self.gen.throw(value)
    ~~~~~~~~~~~~~~^^^^^^^
  File "C:\Users\inven\OneDrive\Documentos\GitHub\watchlist\6.Trading_Journal\backend\.venv\Lib\site-packages\httpcore\_exceptions.py", line 14, in map_exceptions
    raise to_exc(exc) from exc
httpcore.ReadTimeout

The above exception was the direct cause of the following exception:

Traceback (most recent call last):
  File "C:\Users\inven\OneDrive\Documentos\GitHub\watchlist\6.Trading_Journal\backend\services\position_monitor.py", line 186, in _fetch_positions
    response = await self._http_client.get(
               ^^^^^^^^^^^^^^^^^^^^^^^^^^^^
        f"{self.trading_bot_url}/api/positions"
        ^^^^^^^^^^^^^^^^^^^^^^^^^^^^^^^^^^^^^^^
    )
    ^
  File "C:\Users\inven\OneDrive\Documentos\GitHub\watchlist\6.Trading_Journal\backend\.venv\Lib\site-packages\httpx\_client.py", line 1768, in get
    return await self.request(
           ^^^^^^^^^^^^^^^^^^^
    ...<9 lines>...
    )
    ^
  File "C:\Users\inven\OneDrive\Documentos\GitHub\watchlist\6.Trading_Journal\backend\.venv\Lib\site-packages\httpx\_client.py", line 1540, in request
    return await self.send(request, auth=auth, follow_redirects=follow_redirects)
           ^^^^^^^^^^^^^^^^^^^^^^^^^^^^^^^^^^^^^^^^^^^^^^^^^^^^^^^^^^^^^^^^^^^^^^
  File "C:\Users\inven\OneDrive\Documentos\GitHub\watchlist\6.Trading_Journal\backend\.venv\Lib\site-packages\httpx\_client.py", line 1629, in send
    response = await self._send_handling_auth(
               ^^^^^^^^^^^^^^^^^^^^^^^^^^^^^^^
    ...<4 lines>...
    )
    ^
  File "C:\Users\inven\OneDrive\Documentos\GitHub\watchlist\6.Trading_Journal\backend\.venv\Lib\site-packages\httpx\_client.py", line 1657, in _send_handling_auth
    response = await self._send_handling_redirects(
               ^^^^^^^^^^^^^^^^^^^^^^^^^^^^^^^^^^^^
    ...<3 lines>...
    )
    ^
  File "C:\Users\inven\OneDrive\Documentos\GitHub\watchlist\6.Trading_Journal\backend\.venv\Lib\site-packages\httpx\_client.py", line 1694, in _send_handling_redirects
    response = await self._send_single_request(request)
               ^^^^^^^^^^^^^^^^^^^^^^^^^^^^^^^^^^^^^^^^
  File "C:\Users\inven\OneDrive\Documentos\GitHub\watchlist\6.Trading_Journal\backend\.venv\Lib\site-packages\httpx\_client.py", line 1730, in _send_single_request
    response = await transport.handle_async_request(request)
               ^^^^^^^^^^^^^^^^^^^^^^^^^^^^^^^^^^^^^^^^^^^^^
  File "C:\Users\inven\OneDrive\Documentos\GitHub\watchlist\6.Trading_Journal\backend\.venv\Lib\site-packages\httpx\_transports\default.py", line 393, in handle_async_request
    with map_httpcore_exceptions():
         ~~~~~~~~~~~~~~~~~~~~~~~^^
  File "C:\Python314\Lib\contextlib.py", line 162, in __exit__
    self.gen.throw(value)
    ~~~~~~~~~~~~~~^^^^^^^
  File "C:\Users\inven\OneDrive\Documentos\GitHub\watchlist\6.Trading_Journal\backend\.venv\Lib\site-packages\httpx\_transports\default.py", line 118, in map_httpcore_exceptions
    raise mapped_exc(message) from exc
httpx.ReadTimeout

2026-01-28 19:54:53,578 | ERROR | services.position_monitor | Error fetching positions: ReadTimeout: 
2026-01-28 19:54:53,582 | ERROR | services.position_monitor | Traceback (most recent call last):
  File "C:\Users\inven\OneDrive\Documentos\GitHub\watchlist\6.Trading_Journal\backend\.venv\Lib\site-packages\httpx\_transports\default.py", line 101, in map_httpcore_exceptions
    yield
  File "C:\Users\inven\OneDrive\Documentos\GitHub\watchlist\6.Trading_Journal\backend\.venv\Lib\site-packages\httpx\_transports\default.py", line 394, in handle_async_request
    resp = await self._pool.handle_async_request(req)
           ^^^^^^^^^^^^^^^^^^^^^^^^^^^^^^^^^^^^^^^^^^
  File "C:\Users\inven\OneDrive\Documentos\GitHub\watchlist\6.Trading_Journal\backend\.venv\Lib\site-packages\httpcore\_async\connection_pool.py", line 256, in handle_async_request
    raise exc from None
  File "C:\Users\inven\OneDrive\Documentos\GitHub\watchlist\6.Trading_Journal\backend\.venv\Lib\site-packages\httpcore\_async\connection_pool.py", line 236, in handle_async_request
    response = await connection.handle_async_request(
               ^^^^^^^^^^^^^^^^^^^^^^^^^^^^^^^^^^^^^^
        pool_request.request
        ^^^^^^^^^^^^^^^^^^^^
    )
    ^
  File "C:\Users\inven\OneDrive\Documentos\GitHub\watchlist\6.Trading_Journal\backend\.venv\Lib\site-packages\httpcore\_async\connection.py", line 103, in handle_async_request
    return await self._connection.handle_async_request(request)
           ^^^^^^^^^^^^^^^^^^^^^^^^^^^^^^^^^^^^^^^^^^^^^^^^^^^^
  File "C:\Users\inven\OneDrive\Documentos\GitHub\watchlist\6.Trading_Journal\backend\.venv\Lib\site-packages\httpcore\_async\http11.py", line 136, in handle_async_request
    raise exc
  File "C:\Users\inven\OneDrive\Documentos\GitHub\watchlist\6.Trading_Journal\backend\.venv\Lib\site-packages\httpcore\_async\http11.py", line 106, in handle_async_request
    ) = await self._receive_response_headers(**kwargs)
        ^^^^^^^^^^^^^^^^^^^^^^^^^^^^^^^^^^^^^^^^^^^^^^
  File "C:\Users\inven\OneDrive\Documentos\GitHub\watchlist\6.Trading_Journal\backend\.venv\Lib\site-packages\httpcore\_async\http11.py", line 177, in _receive_response_headers
    event = await self._receive_event(timeout=timeout)
            ^^^^^^^^^^^^^^^^^^^^^^^^^^^^^^^^^^^^^^^^^^
  File "C:\Users\inven\OneDrive\Documentos\GitHub\watchlist\6.Trading_Journal\backend\.venv\Lib\site-packages\httpcore\_async\http11.py", line 217, in _receive_event
    data = await self._network_stream.read(
           ^^^^^^^^^^^^^^^^^^^^^^^^^^^^^^^^
        self.READ_NUM_BYTES, timeout=timeout
        ^^^^^^^^^^^^^^^^^^^^^^^^^^^^^^^^^^^^
    )
    ^
  File "C:\Users\inven\OneDrive\Documentos\GitHub\watchlist\6.Trading_Journal\backend\.venv\Lib\site-packages\httpcore\_backends\anyio.py", line 32, in read
    with map_exceptions(exc_map):
         ~~~~~~~~~~~~~~^^^^^^^^^
  File "C:\Python314\Lib\contextlib.py", line 162, in __exit__
    self.gen.throw(value)
    ~~~~~~~~~~~~~~^^^^^^^
  File "C:\Users\inven\OneDrive\Documentos\GitHub\watchlist\6.Trading_Journal\backend\.venv\Lib\site-packages\httpcore\_exceptions.py", line 14, in map_exceptions
    raise to_exc(exc) from exc
httpcore.ReadTimeout

The above exception was the direct cause of the following exception:

Traceback (most recent call last):
  File "C:\Users\inven\OneDrive\Documentos\GitHub\watchlist\6.Trading_Journal\backend\services\position_monitor.py", line 186, in _fetch_positions
    response = await self._http_client.get(
               ^^^^^^^^^^^^^^^^^^^^^^^^^^^^
        f"{self.trading_bot_url}/api/positions"
        ^^^^^^^^^^^^^^^^^^^^^^^^^^^^^^^^^^^^^^^
    )
    ^
  File "C:\Users\inven\OneDrive\Documentos\GitHub\watchlist\6.Trading_Journal\backend\.venv\Lib\site-packages\httpx\_client.py", line 1768, in get
    return await self.request(
           ^^^^^^^^^^^^^^^^^^^
    ...<9 lines>...
    )
    ^
  File "C:\Users\inven\OneDrive\Documentos\GitHub\watchlist\6.Trading_Journal\backend\.venv\Lib\site-packages\httpx\_client.py", line 1540, in request
    return await self.send(request, auth=auth, follow_redirects=follow_redirects)
           ^^^^^^^^^^^^^^^^^^^^^^^^^^^^^^^^^^^^^^^^^^^^^^^^^^^^^^^^^^^^^^^^^^^^^^
  File "C:\Users\inven\OneDrive\Documentos\GitHub\watchlist\6.Trading_Journal\backend\.venv\Lib\site-packages\httpx\_client.py", line 1629, in send
    response = await self._send_handling_auth(
               ^^^^^^^^^^^^^^^^^^^^^^^^^^^^^^^
    ...<4 lines>...
    )
    ^
  File "C:\Users\inven\OneDrive\Documentos\GitHub\watchlist\6.Trading_Journal\backend\.venv\Lib\site-packages\httpx\_client.py", line 1657, in _send_handling_auth
    response = await self._send_handling_redirects(
               ^^^^^^^^^^^^^^^^^^^^^^^^^^^^^^^^^^^^
    ...<3 lines>...
    )
    ^
  File "C:\Users\inven\OneDrive\Documentos\GitHub\watchlist\6.Trading_Journal\backend\.venv\Lib\site-packages\httpx\_client.py", line 1694, in _send_handling_redirects
    response = await self._send_single_request(request)
               ^^^^^^^^^^^^^^^^^^^^^^^^^^^^^^^^^^^^^^^^
  File "C:\Users\inven\OneDrive\Documentos\GitHub\watchlist\6.Trading_Journal\backend\.venv\Lib\site-packages\httpx\_client.py", line 1730, in _send_single_request
    response = await transport.handle_async_request(request)
               ^^^^^^^^^^^^^^^^^^^^^^^^^^^^^^^^^^^^^^^^^^^^^
  File "C:\Users\inven\OneDrive\Documentos\GitHub\watchlist\6.Trading_Journal\backend\.venv\Lib\site-packages\httpx\_transports\default.py", line 393, in handle_async_request
    with map_httpcore_exceptions():
         ~~~~~~~~~~~~~~~~~~~~~~~^^
  File "C:\Python314\Lib\contextlib.py", line 162, in __exit__
    self.gen.throw(value)
    ~~~~~~~~~~~~~~^^^^^^^
  File "C:\Users\inven\OneDrive\Documentos\GitHub\watchlist\6.Trading_Journal\backend\.venv\Lib\site-packages\httpx\_transports\default.py", line 118, in map_httpcore_exceptions
    raise mapped_exc(message) from exc
httpx.ReadTimeout

2026-01-28 19:55:08,875 | ERROR | services.position_monitor | Error fetching positions: ReadTimeout: 
2026-01-28 19:55:08,880 | ERROR | services.position_monitor | Traceback (most recent call last):
  File "C:\Users\inven\OneDrive\Documentos\GitHub\watchlist\6.Trading_Journal\backend\.venv\Lib\site-packages\httpx\_transports\default.py", line 101, in map_httpcore_exceptions
    yield
  File "C:\Users\inven\OneDrive\Documentos\GitHub\watchlist\6.Trading_Journal\backend\.venv\Lib\site-packages\httpx\_transports\default.py", line 394, in handle_async_request
    resp = await self._pool.handle_async_request(req)
           ^^^^^^^^^^^^^^^^^^^^^^^^^^^^^^^^^^^^^^^^^^
  File "C:\Users\inven\OneDrive\Documentos\GitHub\watchlist\6.Trading_Journal\backend\.venv\Lib\site-packages\httpcore\_async\connection_pool.py", line 256, in handle_async_request
    raise exc from None
  File "C:\Users\inven\OneDrive\Documentos\GitHub\watchlist\6.Trading_Journal\backend\.venv\Lib\site-packages\httpcore\_async\connection_pool.py", line 236, in handle_async_request
    response = await connection.handle_async_request(
               ^^^^^^^^^^^^^^^^^^^^^^^^^^^^^^^^^^^^^^
        pool_request.request
        ^^^^^^^^^^^^^^^^^^^^
    )
    ^
  File "C:\Users\inven\OneDrive\Documentos\GitHub\watchlist\6.Trading_Journal\backend\.venv\Lib\site-packages\httpcore\_async\connection.py", line 103, in handle_async_request
    return await self._connection.handle_async_request(request)
           ^^^^^^^^^^^^^^^^^^^^^^^^^^^^^^^^^^^^^^^^^^^^^^^^^^^^
  File "C:\Users\inven\OneDrive\Documentos\GitHub\watchlist\6.Trading_Journal\backend\.venv\Lib\site-packages\httpcore\_async\http11.py", line 136, in handle_async_request
    raise exc
  File "C:\Users\inven\OneDrive\Documentos\GitHub\watchlist\6.Trading_Journal\backend\.venv\Lib\site-packages\httpcore\_async\http11.py", line 106, in handle_async_request
    ) = await self._receive_response_headers(**kwargs)
        ^^^^^^^^^^^^^^^^^^^^^^^^^^^^^^^^^^^^^^^^^^^^^^
  File "C:\Users\inven\OneDrive\Documentos\GitHub\watchlist\6.Trading_Journal\backend\.venv\Lib\site-packages\httpcore\_async\http11.py", line 177, in _receive_response_headers
    event = await self._receive_event(timeout=timeout)
            ^^^^^^^^^^^^^^^^^^^^^^^^^^^^^^^^^^^^^^^^^^
  File "C:\Users\inven\OneDrive\Documentos\GitHub\watchlist\6.Trading_Journal\backend\.venv\Lib\site-packages\httpcore\_async\http11.py", line 217, in _receive_event
    data = await self._network_stream.read(
           ^^^^^^^^^^^^^^^^^^^^^^^^^^^^^^^^
        self.READ_NUM_BYTES, timeout=timeout
        ^^^^^^^^^^^^^^^^^^^^^^^^^^^^^^^^^^^^
    )
    ^
  File "C:\Users\inven\OneDrive\Documentos\GitHub\watchlist\6.Trading_Journal\backend\.venv\Lib\site-packages\httpcore\_backends\anyio.py", line 32, in read
    with map_exceptions(exc_map):
         ~~~~~~~~~~~~~~^^^^^^^^^
  File "C:\Python314\Lib\contextlib.py", line 162, in __exit__
    self.gen.throw(value)
    ~~~~~~~~~~~~~~^^^^^^^
  File "C:\Users\inven\OneDrive\Documentos\GitHub\watchlist\6.Trading_Journal\backend\.venv\Lib\site-packages\httpcore\_exceptions.py", line 14, in map_exceptions
    raise to_exc(exc) from exc
httpcore.ReadTimeout

The above exception was the direct cause of the following exception:

Traceback (most recent call last):
  File "C:\Users\inven\OneDrive\Documentos\GitHub\watchlist\6.Trading_Journal\backend\services\position_monitor.py", line 186, in _fetch_positions
    response = await self._http_client.get(
               ^^^^^^^^^^^^^^^^^^^^^^^^^^^^
        f"{self.trading_bot_url}/api/positions"
        ^^^^^^^^^^^^^^^^^^^^^^^^^^^^^^^^^^^^^^^
    )
    ^
  File "C:\Users\inven\OneDrive\Documentos\GitHub\watchlist\6.Trading_Journal\backend\.venv\Lib\site-packages\httpx\_client.py", line 1768, in get
    return await self.request(
           ^^^^^^^^^^^^^^^^^^^
    ...<9 lines>...
    )
    ^
  File "C:\Users\inven\OneDrive\Documentos\GitHub\watchlist\6.Trading_Journal\backend\.venv\Lib\site-packages\httpx\_client.py", line 1540, in request
    return await self.send(request, auth=auth, follow_redirects=follow_redirects)
           ^^^^^^^^^^^^^^^^^^^^^^^^^^^^^^^^^^^^^^^^^^^^^^^^^^^^^^^^^^^^^^^^^^^^^^
  File "C:\Users\inven\OneDrive\Documentos\GitHub\watchlist\6.Trading_Journal\backend\.venv\Lib\site-packages\httpx\_client.py", line 1629, in send
    response = await self._send_handling_auth(
               ^^^^^^^^^^^^^^^^^^^^^^^^^^^^^^^
    ...<4 lines>...
    )
    ^
  File "C:\Users\inven\OneDrive\Documentos\GitHub\watchlist\6.Trading_Journal\backend\.venv\Lib\site-packages\httpx\_client.py", line 1657, in _send_handling_auth
    response = await self._send_handling_redirects(
               ^^^^^^^^^^^^^^^^^^^^^^^^^^^^^^^^^^^^
    ...<3 lines>...
    )
    ^
  File "C:\Users\inven\OneDrive\Documentos\GitHub\watchlist\6.Trading_Journal\backend\.venv\Lib\site-packages\httpx\_client.py", line 1694, in _send_handling_redirects
    response = await self._send_single_request(request)
               ^^^^^^^^^^^^^^^^^^^^^^^^^^^^^^^^^^^^^^^^
  File "C:\Users\inven\OneDrive\Documentos\GitHub\watchlist\6.Trading_Journal\backend\.venv\Lib\site-packages\httpx\_client.py", line 1730, in _send_single_request
    response = await transport.handle_async_request(request)
               ^^^^^^^^^^^^^^^^^^^^^^^^^^^^^^^^^^^^^^^^^^^^^
  File "C:\Users\inven\OneDrive\Documentos\GitHub\watchlist\6.Trading_Journal\backend\.venv\Lib\site-packages\httpx\_transports\default.py", line 393, in handle_async_request
    with map_httpcore_exceptions():
         ~~~~~~~~~~~~~~~~~~~~~~~^^
  File "C:\Python314\Lib\contextlib.py", line 162, in __exit__
    self.gen.throw(value)
    ~~~~~~~~~~~~~~^^^^^^^
  File "C:\Users\inven\OneDrive\Documentos\GitHub\watchlist\6.Trading_Journal\backend\.venv\Lib\site-packages\httpx\_transports\default.py", line 118, in map_httpcore_exceptions
    raise mapped_exc(message) from exc
httpx.ReadTimeout

2026-01-28 19:55:24,171 | ERROR | services.position_monitor | Error fetching positions: ReadTimeout: 
2026-01-28 19:55:24,176 | ERROR | services.position_monitor | Traceback (most recent call last):
  File "C:\Users\inven\OneDrive\Documentos\GitHub\watchlist\6.Trading_Journal\backend\.venv\Lib\site-packages\httpx\_transports\default.py", line 101, in map_httpcore_exceptions
    yield
  File "C:\Users\inven\OneDrive\Documentos\GitHub\watchlist\6.Trading_Journal\backend\.venv\Lib\site-packages\httpx\_transports\default.py", line 394, in handle_async_request
    resp = await self._pool.handle_async_request(req)
           ^^^^^^^^^^^^^^^^^^^^^^^^^^^^^^^^^^^^^^^^^^
  File "C:\Users\inven\OneDrive\Documentos\GitHub\watchlist\6.Trading_Journal\backend\.venv\Lib\site-packages\httpcore\_async\connection_pool.py", line 256, in handle_async_request
    raise exc from None
  File "C:\Users\inven\OneDrive\Documentos\GitHub\watchlist\6.Trading_Journal\backend\.venv\Lib\site-packages\httpcore\_async\connection_pool.py", line 236, in handle_async_request
    response = await connection.handle_async_request(
               ^^^^^^^^^^^^^^^^^^^^^^^^^^^^^^^^^^^^^^
        pool_request.request
        ^^^^^^^^^^^^^^^^^^^^
    )
    ^
  File "C:\Users\inven\OneDrive\Documentos\GitHub\watchlist\6.Trading_Journal\backend\.venv\Lib\site-packages\httpcore\_async\connection.py", line 103, in handle_async_request
    return await self._connection.handle_async_request(request)
           ^^^^^^^^^^^^^^^^^^^^^^^^^^^^^^^^^^^^^^^^^^^^^^^^^^^^
  File "C:\Users\inven\OneDrive\Documentos\GitHub\watchlist\6.Trading_Journal\backend\.venv\Lib\site-packages\httpcore\_async\http11.py", line 136, in handle_async_request
    raise exc
  File "C:\Users\inven\OneDrive\Documentos\GitHub\watchlist\6.Trading_Journal\backend\.venv\Lib\site-packages\httpcore\_async\http11.py", line 106, in handle_async_request
    ) = await self._receive_response_headers(**kwargs)
        ^^^^^^^^^^^^^^^^^^^^^^^^^^^^^^^^^^^^^^^^^^^^^^
  File "C:\Users\inven\OneDrive\Documentos\GitHub\watchlist\6.Trading_Journal\backend\.venv\Lib\site-packages\httpcore\_async\http11.py", line 177, in _receive_response_headers
    event = await self._receive_event(timeout=timeout)
            ^^^^^^^^^^^^^^^^^^^^^^^^^^^^^^^^^^^^^^^^^^
  File "C:\Users\inven\OneDrive\Documentos\GitHub\watchlist\6.Trading_Journal\backend\.venv\Lib\site-packages\httpcore\_async\http11.py", line 217, in _receive_event
    data = await self._network_stream.read(
           ^^^^^^^^^^^^^^^^^^^^^^^^^^^^^^^^
        self.READ_NUM_BYTES, timeout=timeout
        ^^^^^^^^^^^^^^^^^^^^^^^^^^^^^^^^^^^^
    )
    ^
  File "C:\Users\inven\OneDrive\Documentos\GitHub\watchlist\6.Trading_Journal\backend\.venv\Lib\site-packages\httpcore\_backends\anyio.py", line 32, in read
    with map_exceptions(exc_map):
         ~~~~~~~~~~~~~~^^^^^^^^^
  File "C:\Python314\Lib\contextlib.py", line 162, in __exit__
    self.gen.throw(value)
    ~~~~~~~~~~~~~~^^^^^^^
  File "C:\Users\inven\OneDrive\Documentos\GitHub\watchlist\6.Trading_Journal\backend\.venv\Lib\site-packages\httpcore\_exceptions.py", line 14, in map_exceptions
    raise to_exc(exc) from exc
httpcore.ReadTimeout

The above exception was the direct cause of the following exception:

Traceback (most recent call last):
  File "C:\Users\inven\OneDrive\Documentos\GitHub\watchlist\6.Trading_Journal\backend\services\position_monitor.py", line 186, in _fetch_positions
    response = await self._http_client.get(
               ^^^^^^^^^^^^^^^^^^^^^^^^^^^^
        f"{self.trading_bot_url}/api/positions"
        ^^^^^^^^^^^^^^^^^^^^^^^^^^^^^^^^^^^^^^^
    )
    ^
  File "C:\Users\inven\OneDrive\Documentos\GitHub\watchlist\6.Trading_Journal\backend\.venv\Lib\site-packages\httpx\_client.py", line 1768, in get
    return await self.request(
           ^^^^^^^^^^^^^^^^^^^
    ...<9 lines>...
    )
    ^
  File "C:\Users\inven\OneDrive\Documentos\GitHub\watchlist\6.Trading_Journal\backend\.venv\Lib\site-packages\httpx\_client.py", line 1540, in request
    return await self.send(request, auth=auth, follow_redirects=follow_redirects)
           ^^^^^^^^^^^^^^^^^^^^^^^^^^^^^^^^^^^^^^^^^^^^^^^^^^^^^^^^^^^^^^^^^^^^^^
  File "C:\Users\inven\OneDrive\Documentos\GitHub\watchlist\6.Trading_Journal\backend\.venv\Lib\site-packages\httpx\_client.py", line 1629, in send
    response = await self._send_handling_auth(
               ^^^^^^^^^^^^^^^^^^^^^^^^^^^^^^^
    ...<4 lines>...
    )
    ^
  File "C:\Users\inven\OneDrive\Documentos\GitHub\watchlist\6.Trading_Journal\backend\.venv\Lib\site-packages\httpx\_client.py", line 1657, in _send_handling_auth
    response = await self._send_handling_redirects(
               ^^^^^^^^^^^^^^^^^^^^^^^^^^^^^^^^^^^^
    ...<3 lines>...
    )
    ^
  File "C:\Users\inven\OneDrive\Documentos\GitHub\watchlist\6.Trading_Journal\backend\.venv\Lib\site-packages\httpx\_client.py", line 1694, in _send_handling_redirects
    response = await self._send_single_request(request)
               ^^^^^^^^^^^^^^^^^^^^^^^^^^^^^^^^^^^^^^^^
  File "C:\Users\inven\OneDrive\Documentos\GitHub\watchlist\6.Trading_Journal\backend\.venv\Lib\site-packages\httpx\_client.py", line 1730, in _send_single_request
    response = await transport.handle_async_request(request)
               ^^^^^^^^^^^^^^^^^^^^^^^^^^^^^^^^^^^^^^^^^^^^^
  File "C:\Users\inven\OneDrive\Documentos\GitHub\watchlist\6.Trading_Journal\backend\.venv\Lib\site-packages\httpx\_transports\default.py", line 393, in handle_async_request
    with map_httpcore_exceptions():
         ~~~~~~~~~~~~~~~~~~~~~~~^^
  File "C:\Python314\Lib\contextlib.py", line 162, in __exit__
    self.gen.throw(value)
    ~~~~~~~~~~~~~~^^^^^^^
  File "C:\Users\inven\OneDrive\Documentos\GitHub\watchlist\6.Trading_Journal\backend\.venv\Lib\site-packages\httpx\_transports\default.py", line 118, in map_httpcore_exceptions
    raise mapped_exc(message) from exc
httpx.ReadTimeout

2026-01-28 19:55:39,469 | ERROR | services.position_monitor | Error fetching positions: ReadTimeout: 
2026-01-28 19:55:39,475 | ERROR | services.position_monitor | Traceback (most recent call last):
  File "C:\Users\inven\OneDrive\Documentos\GitHub\watchlist\6.Trading_Journal\backend\.venv\Lib\site-packages\httpx\_transports\default.py", line 101, in map_httpcore_exceptions
    yield
  File "C:\Users\inven\OneDrive\Documentos\GitHub\watchlist\6.Trading_Journal\backend\.venv\Lib\site-packages\httpx\_transports\default.py", line 394, in handle_async_request
    resp = await self._pool.handle_async_request(req)
           ^^^^^^^^^^^^^^^^^^^^^^^^^^^^^^^^^^^^^^^^^^
  File "C:\Users\inven\OneDrive\Documentos\GitHub\watchlist\6.Trading_Journal\backend\.venv\Lib\site-packages\httpcore\_async\connection_pool.py", line 256, in handle_async_request
    raise exc from None
  File "C:\Users\inven\OneDrive\Documentos\GitHub\watchlist\6.Trading_Journal\backend\.venv\Lib\site-packages\httpcore\_async\connection_pool.py", line 236, in handle_async_request
    response = await connection.handle_async_request(
               ^^^^^^^^^^^^^^^^^^^^^^^^^^^^^^^^^^^^^^
        pool_request.request
        ^^^^^^^^^^^^^^^^^^^^
    )
    ^
  File "C:\Users\inven\OneDrive\Documentos\GitHub\watchlist\6.Trading_Journal\backend\.venv\Lib\site-packages\httpcore\_async\connection.py", line 103, in handle_async_request
    return await self._connection.handle_async_request(request)
           ^^^^^^^^^^^^^^^^^^^^^^^^^^^^^^^^^^^^^^^^^^^^^^^^^^^^
  File "C:\Users\inven\OneDrive\Documentos\GitHub\watchlist\6.Trading_Journal\backend\.venv\Lib\site-packages\httpcore\_async\http11.py", line 136, in handle_async_request
    raise exc
  File "C:\Users\inven\OneDrive\Documentos\GitHub\watchlist\6.Trading_Journal\backend\.venv\Lib\site-packages\httpcore\_async\http11.py", line 106, in handle_async_request
    ) = await self._receive_response_headers(**kwargs)
        ^^^^^^^^^^^^^^^^^^^^^^^^^^^^^^^^^^^^^^^^^^^^^^
  File "C:\Users\inven\OneDrive\Documentos\GitHub\watchlist\6.Trading_Journal\backend\.venv\Lib\site-packages\httpcore\_async\http11.py", line 177, in _receive_response_headers
    event = await self._receive_event(timeout=timeout)
            ^^^^^^^^^^^^^^^^^^^^^^^^^^^^^^^^^^^^^^^^^^
  File "C:\Users\inven\OneDrive\Documentos\GitHub\watchlist\6.Trading_Journal\backend\.venv\Lib\site-packages\httpcore\_async\http11.py", line 217, in _receive_event
    data = await self._network_stream.read(
           ^^^^^^^^^^^^^^^^^^^^^^^^^^^^^^^^
        self.READ_NUM_BYTES, timeout=timeout
        ^^^^^^^^^^^^^^^^^^^^^^^^^^^^^^^^^^^^
    )
    ^
  File "C:\Users\inven\OneDrive\Documentos\GitHub\watchlist\6.Trading_Journal\backend\.venv\Lib\site-packages\httpcore\_backends\anyio.py", line 32, in read
    with map_exceptions(exc_map):
         ~~~~~~~~~~~~~~^^^^^^^^^
  File "C:\Python314\Lib\contextlib.py", line 162, in __exit__
    self.gen.throw(value)
    ~~~~~~~~~~~~~~^^^^^^^
  File "C:\Users\inven\OneDrive\Documentos\GitHub\watchlist\6.Trading_Journal\backend\.venv\Lib\site-packages\httpcore\_exceptions.py", line 14, in map_exceptions
    raise to_exc(exc) from exc
httpcore.ReadTimeout

The above exception was the direct cause of the following exception:

Traceback (most recent call last):
  File "C:\Users\inven\OneDrive\Documentos\GitHub\watchlist\6.Trading_Journal\backend\services\position_monitor.py", line 186, in _fetch_positions
    response = await self._http_client.get(
               ^^^^^^^^^^^^^^^^^^^^^^^^^^^^
        f"{self.trading_bot_url}/api/positions"
        ^^^^^^^^^^^^^^^^^^^^^^^^^^^^^^^^^^^^^^^
    )
    ^
  File "C:\Users\inven\OneDrive\Documentos\GitHub\watchlist\6.Trading_Journal\backend\.venv\Lib\site-packages\httpx\_client.py", line 1768, in get
    return await self.request(
           ^^^^^^^^^^^^^^^^^^^
    ...<9 lines>...
    )
    ^
  File "C:\Users\inven\OneDrive\Documentos\GitHub\watchlist\6.Trading_Journal\backend\.venv\Lib\site-packages\httpx\_client.py", line 1540, in request
    return await self.send(request, auth=auth, follow_redirects=follow_redirects)
           ^^^^^^^^^^^^^^^^^^^^^^^^^^^^^^^^^^^^^^^^^^^^^^^^^^^^^^^^^^^^^^^^^^^^^^
  File "C:\Users\inven\OneDrive\Documentos\GitHub\watchlist\6.Trading_Journal\backend\.venv\Lib\site-packages\httpx\_client.py", line 1629, in send
    response = await self._send_handling_auth(
               ^^^^^^^^^^^^^^^^^^^^^^^^^^^^^^^
    ...<4 lines>...
    )
    ^
  File "C:\Users\inven\OneDrive\Documentos\GitHub\watchlist\6.Trading_Journal\backend\.venv\Lib\site-packages\httpx\_client.py", line 1657, in _send_handling_auth
    response = await self._send_handling_redirects(
               ^^^^^^^^^^^^^^^^^^^^^^^^^^^^^^^^^^^^
    ...<3 lines>...
    )
    ^
  File "C:\Users\inven\OneDrive\Documentos\GitHub\watchlist\6.Trading_Journal\backend\.venv\Lib\site-packages\httpx\_client.py", line 1694, in _send_handling_redirects
    response = await self._send_single_request(request)
               ^^^^^^^^^^^^^^^^^^^^^^^^^^^^^^^^^^^^^^^^
  File "C:\Users\inven\OneDrive\Documentos\GitHub\watchlist\6.Trading_Journal\backend\.venv\Lib\site-packages\httpx\_client.py", line 1730, in _send_single_request
    response = await transport.handle_async_request(request)
               ^^^^^^^^^^^^^^^^^^^^^^^^^^^^^^^^^^^^^^^^^^^^^
  File "C:\Users\inven\OneDrive\Documentos\GitHub\watchlist\6.Trading_Journal\backend\.venv\Lib\site-packages\httpx\_transports\default.py", line 393, in handle_async_request
    with map_httpcore_exceptions():
         ~~~~~~~~~~~~~~~~~~~~~~~^^
  File "C:\Python314\Lib\contextlib.py", line 162, in __exit__
    self.gen.throw(value)
    ~~~~~~~~~~~~~~^^^^^^^
  File "C:\Users\inven\OneDrive\Documentos\GitHub\watchlist\6.Trading_Journal\backend\.venv\Lib\site-packages\httpx\_transports\default.py", line 118, in map_httpcore_exceptions
    raise mapped_exc(message) from exc
httpx.ReadTimeout

2026-01-28 19:55:54,767 | ERROR | services.position_monitor | Error fetching positions: ReadTimeout: 
2026-01-28 19:55:54,774 | ERROR | services.position_monitor | Traceback (most recent call last):
  File "C:\Users\inven\OneDrive\Documentos\GitHub\watchlist\6.Trading_Journal\backend\.venv\Lib\site-packages\httpx\_transports\default.py", line 101, in map_httpcore_exceptions
    yield
  File "C:\Users\inven\OneDrive\Documentos\GitHub\watchlist\6.Trading_Journal\backend\.venv\Lib\site-packages\httpx\_transports\default.py", line 394, in handle_async_request
    resp = await self._pool.handle_async_request(req)
           ^^^^^^^^^^^^^^^^^^^^^^^^^^^^^^^^^^^^^^^^^^
  File "C:\Users\inven\OneDrive\Documentos\GitHub\watchlist\6.Trading_Journal\backend\.venv\Lib\site-packages\httpcore\_async\connection_pool.py", line 256, in handle_async_request
    raise exc from None
  File "C:\Users\inven\OneDrive\Documentos\GitHub\watchlist\6.Trading_Journal\backend\.venv\Lib\site-packages\httpcore\_async\connection_pool.py", line 236, in handle_async_request
    response = await connection.handle_async_request(
               ^^^^^^^^^^^^^^^^^^^^^^^^^^^^^^^^^^^^^^
        pool_request.request
        ^^^^^^^^^^^^^^^^^^^^
    )
    ^
  File "C:\Users\inven\OneDrive\Documentos\GitHub\watchlist\6.Trading_Journal\backend\.venv\Lib\site-packages\httpcore\_async\connection.py", line 103, in handle_async_request
    return await self._connection.handle_async_request(request)
           ^^^^^^^^^^^^^^^^^^^^^^^^^^^^^^^^^^^^^^^^^^^^^^^^^^^^
  File "C:\Users\inven\OneDrive\Documentos\GitHub\watchlist\6.Trading_Journal\backend\.venv\Lib\site-packages\httpcore\_async\http11.py", line 136, in handle_async_request
    raise exc
  File "C:\Users\inven\OneDrive\Documentos\GitHub\watchlist\6.Trading_Journal\backend\.venv\Lib\site-packages\httpcore\_async\http11.py", line 106, in handle_async_request
    ) = await self._receive_response_headers(**kwargs)
        ^^^^^^^^^^^^^^^^^^^^^^^^^^^^^^^^^^^^^^^^^^^^^^
  File "C:\Users\inven\OneDrive\Documentos\GitHub\watchlist\6.Trading_Journal\backend\.venv\Lib\site-packages\httpcore\_async\http11.py", line 177, in _receive_response_headers
    event = await self._receive_event(timeout=timeout)
            ^^^^^^^^^^^^^^^^^^^^^^^^^^^^^^^^^^^^^^^^^^
  File "C:\Users\inven\OneDrive\Documentos\GitHub\watchlist\6.Trading_Journal\backend\.venv\Lib\site-packages\httpcore\_async\http11.py", line 217, in _receive_event
    data = await self._network_stream.read(
           ^^^^^^^^^^^^^^^^^^^^^^^^^^^^^^^^
        self.READ_NUM_BYTES, timeout=timeout
        ^^^^^^^^^^^^^^^^^^^^^^^^^^^^^^^^^^^^
    )
    ^
  File "C:\Users\inven\OneDrive\Documentos\GitHub\watchlist\6.Trading_Journal\backend\.venv\Lib\site-packages\httpcore\_backends\anyio.py", line 32, in read
    with map_exceptions(exc_map):
         ~~~~~~~~~~~~~~^^^^^^^^^
  File "C:\Python314\Lib\contextlib.py", line 162, in __exit__
    self.gen.throw(value)
    ~~~~~~~~~~~~~~^^^^^^^
  File "C:\Users\inven\OneDrive\Documentos\GitHub\watchlist\6.Trading_Journal\backend\.venv\Lib\site-packages\httpcore\_exceptions.py", line 14, in map_exceptions
    raise to_exc(exc) from exc
httpcore.ReadTimeout

The above exception was the direct cause of the following exception:

Traceback (most recent call last):
  File "C:\Users\inven\OneDrive\Documentos\GitHub\watchlist\6.Trading_Journal\backend\services\position_monitor.py", line 186, in _fetch_positions
    response = await self._http_client.get(
               ^^^^^^^^^^^^^^^^^^^^^^^^^^^^
        f"{self.trading_bot_url}/api/positions"
        ^^^^^^^^^^^^^^^^^^^^^^^^^^^^^^^^^^^^^^^
    )
    ^
  File "C:\Users\inven\OneDrive\Documentos\GitHub\watchlist\6.Trading_Journal\backend\.venv\Lib\site-packages\httpx\_client.py", line 1768, in get
    return await self.request(
           ^^^^^^^^^^^^^^^^^^^
    ...<9 lines>...
    )
    ^
  File "C:\Users\inven\OneDrive\Documentos\GitHub\watchlist\6.Trading_Journal\backend\.venv\Lib\site-packages\httpx\_client.py", line 1540, in request
    return await self.send(request, auth=auth, follow_redirects=follow_redirects)
           ^^^^^^^^^^^^^^^^^^^^^^^^^^^^^^^^^^^^^^^^^^^^^^^^^^^^^^^^^^^^^^^^^^^^^^
  File "C:\Users\inven\OneDrive\Documentos\GitHub\watchlist\6.Trading_Journal\backend\.venv\Lib\site-packages\httpx\_client.py", line 1629, in send
    response = await self._send_handling_auth(
               ^^^^^^^^^^^^^^^^^^^^^^^^^^^^^^^
    ...<4 lines>...
    )
    ^
  File "C:\Users\inven\OneDrive\Documentos\GitHub\watchlist\6.Trading_Journal\backend\.venv\Lib\site-packages\httpx\_client.py", line 1657, in _send_handling_auth
    response = await self._send_handling_redirects(
               ^^^^^^^^^^^^^^^^^^^^^^^^^^^^^^^^^^^^
    ...<3 lines>...
    )
    ^
  File "C:\Users\inven\OneDrive\Documentos\GitHub\watchlist\6.Trading_Journal\backend\.venv\Lib\site-packages\httpx\_client.py", line 1694, in _send_handling_redirects
    response = await self._send_single_request(request)
               ^^^^^^^^^^^^^^^^^^^^^^^^^^^^^^^^^^^^^^^^
  File "C:\Users\inven\OneDrive\Documentos\GitHub\watchlist\6.Trading_Journal\backend\.venv\Lib\site-packages\httpx\_client.py", line 1730, in _send_single_request
    response = await transport.handle_async_request(request)
               ^^^^^^^^^^^^^^^^^^^^^^^^^^^^^^^^^^^^^^^^^^^^^
  File "C:\Users\inven\OneDrive\Documentos\GitHub\watchlist\6.Trading_Journal\backend\.venv\Lib\site-packages\httpx\_transports\default.py", line 393, in handle_async_request
    with map_httpcore_exceptions():
         ~~~~~~~~~~~~~~~~~~~~~~~^^
  File "C:\Python314\Lib\contextlib.py", line 162, in __exit__
    self.gen.throw(value)
    ~~~~~~~~~~~~~~^^^^^^^
  File "C:\Users\inven\OneDrive\Documentos\GitHub\watchlist\6.Trading_Journal\backend\.venv\Lib\site-packages\httpx\_transports\default.py", line 118, in map_httpcore_exceptions
    raise mapped_exc(message) from exc
httpx.ReadTimeout

2026-01-28 19:56:10,059 | ERROR | services.position_monitor | Error fetching positions: ReadTimeout: 
2026-01-28 19:56:10,064 | ERROR | services.position_monitor | Traceback (most recent call last):
  File "C:\Users\inven\OneDrive\Documentos\GitHub\watchlist\6.Trading_Journal\backend\.venv\Lib\site-packages\httpx\_transports\default.py", line 101, in map_httpcore_exceptions
    yield
  File "C:\Users\inven\OneDrive\Documentos\GitHub\watchlist\6.Trading_Journal\backend\.venv\Lib\site-packages\httpx\_transports\default.py", line 394, in handle_async_request
    resp = await self._pool.handle_async_request(req)
           ^^^^^^^^^^^^^^^^^^^^^^^^^^^^^^^^^^^^^^^^^^
  File "C:\Users\inven\OneDrive\Documentos\GitHub\watchlist\6.Trading_Journal\backend\.venv\Lib\site-packages\httpcore\_async\connection_pool.py", line 256, in handle_async_request
    raise exc from None
  File "C:\Users\inven\OneDrive\Documentos\GitHub\watchlist\6.Trading_Journal\backend\.venv\Lib\site-packages\httpcore\_async\connection_pool.py", line 236, in handle_async_request
    response = await connection.handle_async_request(
               ^^^^^^^^^^^^^^^^^^^^^^^^^^^^^^^^^^^^^^
        pool_request.request
        ^^^^^^^^^^^^^^^^^^^^
    )
    ^
  File "C:\Users\inven\OneDrive\Documentos\GitHub\watchlist\6.Trading_Journal\backend\.venv\Lib\site-packages\httpcore\_async\connection.py", line 103, in handle_async_request
    return await self._connection.handle_async_request(request)
           ^^^^^^^^^^^^^^^^^^^^^^^^^^^^^^^^^^^^^^^^^^^^^^^^^^^^
  File "C:\Users\inven\OneDrive\Documentos\GitHub\watchlist\6.Trading_Journal\backend\.venv\Lib\site-packages\httpcore\_async\http11.py", line 136, in handle_async_request
    raise exc
  File "C:\Users\inven\OneDrive\Documentos\GitHub\watchlist\6.Trading_Journal\backend\.venv\Lib\site-packages\httpcore\_async\http11.py", line 106, in handle_async_request
    ) = await self._receive_response_headers(**kwargs)
        ^^^^^^^^^^^^^^^^^^^^^^^^^^^^^^^^^^^^^^^^^^^^^^
  File "C:\Users\inven\OneDrive\Documentos\GitHub\watchlist\6.Trading_Journal\backend\.venv\Lib\site-packages\httpcore\_async\http11.py", line 177, in _receive_response_headers
    event = await self._receive_event(timeout=timeout)
            ^^^^^^^^^^^^^^^^^^^^^^^^^^^^^^^^^^^^^^^^^^
  File "C:\Users\inven\OneDrive\Documentos\GitHub\watchlist\6.Trading_Journal\backend\.venv\Lib\site-packages\httpcore\_async\http11.py", line 217, in _receive_event
    data = await self._network_stream.read(
           ^^^^^^^^^^^^^^^^^^^^^^^^^^^^^^^^
        self.READ_NUM_BYTES, timeout=timeout
        ^^^^^^^^^^^^^^^^^^^^^^^^^^^^^^^^^^^^
    )
    ^
  File "C:\Users\inven\OneDrive\Documentos\GitHub\watchlist\6.Trading_Journal\backend\.venv\Lib\site-packages\httpcore\_backends\anyio.py", line 32, in read
    with map_exceptions(exc_map):
         ~~~~~~~~~~~~~~^^^^^^^^^
  File "C:\Python314\Lib\contextlib.py", line 162, in __exit__
    self.gen.throw(value)
    ~~~~~~~~~~~~~~^^^^^^^
  File "C:\Users\inven\OneDrive\Documentos\GitHub\watchlist\6.Trading_Journal\backend\.venv\Lib\site-packages\httpcore\_exceptions.py", line 14, in map_exceptions
    raise to_exc(exc) from exc
httpcore.ReadTimeout

The above exception was the direct cause of the following exception:

Traceback (most recent call last):
  File "C:\Users\inven\OneDrive\Documentos\GitHub\watchlist\6.Trading_Journal\backend\services\position_monitor.py", line 186, in _fetch_positions
    response = await self._http_client.get(
               ^^^^^^^^^^^^^^^^^^^^^^^^^^^^
        f"{self.trading_bot_url}/api/positions"
        ^^^^^^^^^^^^^^^^^^^^^^^^^^^^^^^^^^^^^^^
    )
    ^
  File "C:\Users\inven\OneDrive\Documentos\GitHub\watchlist\6.Trading_Journal\backend\.venv\Lib\site-packages\httpx\_client.py", line 1768, in get
    return await self.request(
           ^^^^^^^^^^^^^^^^^^^
    ...<9 lines>...
    )
    ^
  File "C:\Users\inven\OneDrive\Documentos\GitHub\watchlist\6.Trading_Journal\backend\.venv\Lib\site-packages\httpx\_client.py", line 1540, in request
    return await self.send(request, auth=auth, follow_redirects=follow_redirects)
           ^^^^^^^^^^^^^^^^^^^^^^^^^^^^^^^^^^^^^^^^^^^^^^^^^^^^^^^^^^^^^^^^^^^^^^
  File "C:\Users\inven\OneDrive\Documentos\GitHub\watchlist\6.Trading_Journal\backend\.venv\Lib\site-packages\httpx\_client.py", line 1629, in send
    response = await self._send_handling_auth(
               ^^^^^^^^^^^^^^^^^^^^^^^^^^^^^^^
    ...<4 lines>...
    )
    ^
  File "C:\Users\inven\OneDrive\Documentos\GitHub\watchlist\6.Trading_Journal\backend\.venv\Lib\site-packages\httpx\_client.py", line 1657, in _send_handling_auth
    response = await self._send_handling_redirects(
               ^^^^^^^^^^^^^^^^^^^^^^^^^^^^^^^^^^^^
    ...<3 lines>...
    )
    ^
  File "C:\Users\inven\OneDrive\Documentos\GitHub\watchlist\6.Trading_Journal\backend\.venv\Lib\site-packages\httpx\_client.py", line 1694, in _send_handling_redirects
    response = await self._send_single_request(request)
               ^^^^^^^^^^^^^^^^^^^^^^^^^^^^^^^^^^^^^^^^
  File "C:\Users\inven\OneDrive\Documentos\GitHub\watchlist\6.Trading_Journal\backend\.venv\Lib\site-packages\httpx\_client.py", line 1730, in _send_single_request
    response = await transport.handle_async_request(request)
               ^^^^^^^^^^^^^^^^^^^^^^^^^^^^^^^^^^^^^^^^^^^^^
  File "C:\Users\inven\OneDrive\Documentos\GitHub\watchlist\6.Trading_Journal\backend\.venv\Lib\site-packages\httpx\_transports\default.py", line 393, in handle_async_request
    with map_httpcore_exceptions():
         ~~~~~~~~~~~~~~~~~~~~~~~^^
  File "C:\Python314\Lib\contextlib.py", line 162, in __exit__
    self.gen.throw(value)
    ~~~~~~~~~~~~~~^^^^^^^
  File "C:\Users\inven\OneDrive\Documentos\GitHub\watchlist\6.Trading_Journal\backend\.venv\Lib\site-packages\httpx\_transports\default.py", line 118, in map_httpcore_exceptions
    raise mapped_exc(message) from exc
httpx.ReadTimeout

2026-01-28 19:56:25,360 | ERROR | services.position_monitor | Error fetching positions: ReadTimeout: 
2026-01-28 19:56:25,364 | ERROR | services.position_monitor | Traceback (most recent call last):
  File "C:\Users\inven\OneDrive\Documentos\GitHub\watchlist\6.Trading_Journal\backend\.venv\Lib\site-packages\httpx\_transports\default.py", line 101, in map_httpcore_exceptions
    yield
  File "C:\Users\inven\OneDrive\Documentos\GitHub\watchlist\6.Trading_Journal\backend\.venv\Lib\site-packages\httpx\_transports\default.py", line 394, in handle_async_request
    resp = await self._pool.handle_async_request(req)
           ^^^^^^^^^^^^^^^^^^^^^^^^^^^^^^^^^^^^^^^^^^
  File "C:\Users\inven\OneDrive\Documentos\GitHub\watchlist\6.Trading_Journal\backend\.venv\Lib\site-packages\httpcore\_async\connection_pool.py", line 256, in handle_async_request
    raise exc from None
  File "C:\Users\inven\OneDrive\Documentos\GitHub\watchlist\6.Trading_Journal\backend\.venv\Lib\site-packages\httpcore\_async\connection_pool.py", line 236, in handle_async_request
    response = await connection.handle_async_request(
               ^^^^^^^^^^^^^^^^^^^^^^^^^^^^^^^^^^^^^^
        pool_request.request
        ^^^^^^^^^^^^^^^^^^^^
    )
    ^
  File "C:\Users\inven\OneDrive\Documentos\GitHub\watchlist\6.Trading_Journal\backend\.venv\Lib\site-packages\httpcore\_async\connection.py", line 103, in handle_async_request
    return await self._connection.handle_async_request(request)
           ^^^^^^^^^^^^^^^^^^^^^^^^^^^^^^^^^^^^^^^^^^^^^^^^^^^^
  File "C:\Users\inven\OneDrive\Documentos\GitHub\watchlist\6.Trading_Journal\backend\.venv\Lib\site-packages\httpcore\_async\http11.py", line 136, in handle_async_request
    raise exc
  File "C:\Users\inven\OneDrive\Documentos\GitHub\watchlist\6.Trading_Journal\backend\.venv\Lib\site-packages\httpcore\_async\http11.py", line 106, in handle_async_request
    ) = await self._receive_response_headers(**kwargs)
        ^^^^^^^^^^^^^^^^^^^^^^^^^^^^^^^^^^^^^^^^^^^^^^
  File "C:\Users\inven\OneDrive\Documentos\GitHub\watchlist\6.Trading_Journal\backend\.venv\Lib\site-packages\httpcore\_async\http11.py", line 177, in _receive_response_headers
    event = await self._receive_event(timeout=timeout)
            ^^^^^^^^^^^^^^^^^^^^^^^^^^^^^^^^^^^^^^^^^^
  File "C:\Users\inven\OneDrive\Documentos\GitHub\watchlist\6.Trading_Journal\backend\.venv\Lib\site-packages\httpcore\_async\http11.py", line 217, in _receive_event
    data = await self._network_stream.read(
           ^^^^^^^^^^^^^^^^^^^^^^^^^^^^^^^^
        self.READ_NUM_BYTES, timeout=timeout
        ^^^^^^^^^^^^^^^^^^^^^^^^^^^^^^^^^^^^
    )
    ^
  File "C:\Users\inven\OneDrive\Documentos\GitHub\watchlist\6.Trading_Journal\backend\.venv\Lib\site-packages\httpcore\_backends\anyio.py", line 32, in read
    with map_exceptions(exc_map):
         ~~~~~~~~~~~~~~^^^^^^^^^
  File "C:\Python314\Lib\contextlib.py", line 162, in __exit__
    self.gen.throw(value)
    ~~~~~~~~~~~~~~^^^^^^^
  File "C:\Users\inven\OneDrive\Documentos\GitHub\watchlist\6.Trading_Journal\backend\.venv\Lib\site-packages\httpcore\_exceptions.py", line 14, in map_exceptions
    raise to_exc(exc) from exc
httpcore.ReadTimeout

The above exception was the direct cause of the following exception:

Traceback (most recent call last):
  File "C:\Users\inven\OneDrive\Documentos\GitHub\watchlist\6.Trading_Journal\backend\services\position_monitor.py", line 186, in _fetch_positions
    response = await self._http_client.get(
               ^^^^^^^^^^^^^^^^^^^^^^^^^^^^
        f"{self.trading_bot_url}/api/positions"
        ^^^^^^^^^^^^^^^^^^^^^^^^^^^^^^^^^^^^^^^
    )
    ^
  File "C:\Users\inven\OneDrive\Documentos\GitHub\watchlist\6.Trading_Journal\backend\.venv\Lib\site-packages\httpx\_client.py", line 1768, in get
    return await self.request(
           ^^^^^^^^^^^^^^^^^^^
    ...<9 lines>...
    )
    ^
  File "C:\Users\inven\OneDrive\Documentos\GitHub\watchlist\6.Trading_Journal\backend\.venv\Lib\site-packages\httpx\_client.py", line 1540, in request
    return await self.send(request, auth=auth, follow_redirects=follow_redirects)
           ^^^^^^^^^^^^^^^^^^^^^^^^^^^^^^^^^^^^^^^^^^^^^^^^^^^^^^^^^^^^^^^^^^^^^^
  File "C:\Users\inven\OneDrive\Documentos\GitHub\watchlist\6.Trading_Journal\backend\.venv\Lib\site-packages\httpx\_client.py", line 1629, in send
    response = await self._send_handling_auth(
               ^^^^^^^^^^^^^^^^^^^^^^^^^^^^^^^
    ...<4 lines>...
    )
    ^
  File "C:\Users\inven\OneDrive\Documentos\GitHub\watchlist\6.Trading_Journal\backend\.venv\Lib\site-packages\httpx\_client.py", line 1657, in _send_handling_auth
    response = await self._send_handling_redirects(
               ^^^^^^^^^^^^^^^^^^^^^^^^^^^^^^^^^^^^
    ...<3 lines>...
    )
    ^
  File "C:\Users\inven\OneDrive\Documentos\GitHub\watchlist\6.Trading_Journal\backend\.venv\Lib\site-packages\httpx\_client.py", line 1694, in _send_handling_redirects
    response = await self._send_single_request(request)
               ^^^^^^^^^^^^^^^^^^^^^^^^^^^^^^^^^^^^^^^^
  File "C:\Users\inven\OneDrive\Documentos\GitHub\watchlist\6.Trading_Journal\backend\.venv\Lib\site-packages\httpx\_client.py", line 1730, in _send_single_request
    response = await transport.handle_async_request(request)
               ^^^^^^^^^^^^^^^^^^^^^^^^^^^^^^^^^^^^^^^^^^^^^
  File "C:\Users\inven\OneDrive\Documentos\GitHub\watchlist\6.Trading_Journal\backend\.venv\Lib\site-packages\httpx\_transports\default.py", line 393, in handle_async_request
    with map_httpcore_exceptions():
         ~~~~~~~~~~~~~~~~~~~~~~~^^
  File "C:\Python314\Lib\contextlib.py", line 162, in __exit__
    self.gen.throw(value)
    ~~~~~~~~~~~~~~^^^^^^^
  File "C:\Users\inven\OneDrive\Documentos\GitHub\watchlist\6.Trading_Journal\backend\.venv\Lib\site-packages\httpx\_transports\default.py", line 118, in map_httpcore_exceptions
    raise mapped_exc(message) from exc
httpx.ReadTimeout

2026-01-28 19:56:40,653 | ERROR | services.position_monitor | Error fetching positions: ReadTimeout: 
2026-01-28 19:56:40,659 | ERROR | services.position_monitor | Traceback (most recent call last):
  File "C:\Users\inven\OneDrive\Documentos\GitHub\watchlist\6.Trading_Journal\backend\.venv\Lib\site-packages\httpx\_transports\default.py", line 101, in map_httpcore_exceptions
    yield
  File "C:\Users\inven\OneDrive\Documentos\GitHub\watchlist\6.Trading_Journal\backend\.venv\Lib\site-packages\httpx\_transports\default.py", line 394, in handle_async_request
    resp = await self._pool.handle_async_request(req)
           ^^^^^^^^^^^^^^^^^^^^^^^^^^^^^^^^^^^^^^^^^^
  File "C:\Users\inven\OneDrive\Documentos\GitHub\watchlist\6.Trading_Journal\backend\.venv\Lib\site-packages\httpcore\_async\connection_pool.py", line 256, in handle_async_request
    raise exc from None
  File "C:\Users\inven\OneDrive\Documentos\GitHub\watchlist\6.Trading_Journal\backend\.venv\Lib\site-packages\httpcore\_async\connection_pool.py", line 236, in handle_async_request
    response = await connection.handle_async_request(
               ^^^^^^^^^^^^^^^^^^^^^^^^^^^^^^^^^^^^^^
        pool_request.request
        ^^^^^^^^^^^^^^^^^^^^
    )
    ^
  File "C:\Users\inven\OneDrive\Documentos\GitHub\watchlist\6.Trading_Journal\backend\.venv\Lib\site-packages\httpcore\_async\connection.py", line 103, in handle_async_request
    return await self._connection.handle_async_request(request)
           ^^^^^^^^^^^^^^^^^^^^^^^^^^^^^^^^^^^^^^^^^^^^^^^^^^^^
  File "C:\Users\inven\OneDrive\Documentos\GitHub\watchlist\6.Trading_Journal\backend\.venv\Lib\site-packages\httpcore\_async\http11.py", line 136, in handle_async_request
    raise exc
  File "C:\Users\inven\OneDrive\Documentos\GitHub\watchlist\6.Trading_Journal\backend\.venv\Lib\site-packages\httpcore\_async\http11.py", line 106, in handle_async_request
    ) = await self._receive_response_headers(**kwargs)
        ^^^^^^^^^^^^^^^^^^^^^^^^^^^^^^^^^^^^^^^^^^^^^^
  File "C:\Users\inven\OneDrive\Documentos\GitHub\watchlist\6.Trading_Journal\backend\.venv\Lib\site-packages\httpcore\_async\http11.py", line 177, in _receive_response_headers
    event = await self._receive_event(timeout=timeout)
            ^^^^^^^^^^^^^^^^^^^^^^^^^^^^^^^^^^^^^^^^^^
  File "C:\Users\inven\OneDrive\Documentos\GitHub\watchlist\6.Trading_Journal\backend\.venv\Lib\site-packages\httpcore\_async\http11.py", line 217, in _receive_event
    data = await self._network_stream.read(
           ^^^^^^^^^^^^^^^^^^^^^^^^^^^^^^^^
        self.READ_NUM_BYTES, timeout=timeout
        ^^^^^^^^^^^^^^^^^^^^^^^^^^^^^^^^^^^^
    )
    ^
  File "C:\Users\inven\OneDrive\Documentos\GitHub\watchlist\6.Trading_Journal\backend\.venv\Lib\site-packages\httpcore\_backends\anyio.py", line 32, in read
    with map_exceptions(exc_map):
         ~~~~~~~~~~~~~~^^^^^^^^^
  File "C:\Python314\Lib\contextlib.py", line 162, in __exit__
    self.gen.throw(value)
    ~~~~~~~~~~~~~~^^^^^^^
  File "C:\Users\inven\OneDrive\Documentos\GitHub\watchlist\6.Trading_Journal\backend\.venv\Lib\site-packages\httpcore\_exceptions.py", line 14, in map_exceptions
    raise to_exc(exc) from exc
httpcore.ReadTimeout

The above exception was the direct cause of the following exception:

Traceback (most recent call last):
  File "C:\Users\inven\OneDrive\Documentos\GitHub\watchlist\6.Trading_Journal\backend\services\position_monitor.py", line 186, in _fetch_positions
    response = await self._http_client.get(
               ^^^^^^^^^^^^^^^^^^^^^^^^^^^^
        f"{self.trading_bot_url}/api/positions"
        ^^^^^^^^^^^^^^^^^^^^^^^^^^^^^^^^^^^^^^^
    )
    ^
  File "C:\Users\inven\OneDrive\Documentos\GitHub\watchlist\6.Trading_Journal\backend\.venv\Lib\site-packages\httpx\_client.py", line 1768, in get
    return await self.request(
           ^^^^^^^^^^^^^^^^^^^
    ...<9 lines>...
    )
    ^
  File "C:\Users\inven\OneDrive\Documentos\GitHub\watchlist\6.Trading_Journal\backend\.venv\Lib\site-packages\httpx\_client.py", line 1540, in request
    return await self.send(request, auth=auth, follow_redirects=follow_redirects)
           ^^^^^^^^^^^^^^^^^^^^^^^^^^^^^^^^^^^^^^^^^^^^^^^^^^^^^^^^^^^^^^^^^^^^^^
  File "C:\Users\inven\OneDrive\Documentos\GitHub\watchlist\6.Trading_Journal\backend\.venv\Lib\site-packages\httpx\_client.py", line 1629, in send
    response = await self._send_handling_auth(
               ^^^^^^^^^^^^^^^^^^^^^^^^^^^^^^^
    ...<4 lines>...
    )
    ^
  File "C:\Users\inven\OneDrive\Documentos\GitHub\watchlist\6.Trading_Journal\backend\.venv\Lib\site-packages\httpx\_client.py", line 1657, in _send_handling_auth
    response = await self._send_handling_redirects(
               ^^^^^^^^^^^^^^^^^^^^^^^^^^^^^^^^^^^^
    ...<3 lines>...
    )
    ^
  File "C:\Users\inven\OneDrive\Documentos\GitHub\watchlist\6.Trading_Journal\backend\.venv\Lib\site-packages\httpx\_client.py", line 1694, in _send_handling_redirects
    response = await self._send_single_request(request)
               ^^^^^^^^^^^^^^^^^^^^^^^^^^^^^^^^^^^^^^^^
  File "C:\Users\inven\OneDrive\Documentos\GitHub\watchlist\6.Trading_Journal\backend\.venv\Lib\site-packages\httpx\_client.py", line 1730, in _send_single_request
    response = await transport.handle_async_request(request)
               ^^^^^^^^^^^^^^^^^^^^^^^^^^^^^^^^^^^^^^^^^^^^^
  File "C:\Users\inven\OneDrive\Documentos\GitHub\watchlist\6.Trading_Journal\backend\.venv\Lib\site-packages\httpx\_transports\default.py", line 393, in handle_async_request
    with map_httpcore_exceptions():
         ~~~~~~~~~~~~~~~~~~~~~~~^^
  File "C:\Python314\Lib\contextlib.py", line 162, in __exit__
    self.gen.throw(value)
    ~~~~~~~~~~~~~~^^^^^^^
  File "C:\Users\inven\OneDrive\Documentos\GitHub\watchlist\6.Trading_Journal\backend\.venv\Lib\site-packages\httpx\_transports\default.py", line 118, in map_httpcore_exceptions
    raise mapped_exc(message) from exc
httpx.ReadTimeout

2026-01-28 19:56:55,942 | ERROR | services.position_monitor | Error fetching positions: ReadTimeout: 
2026-01-28 19:56:55,945 | ERROR | services.position_monitor | Traceback (most recent call last):
  File "C:\Users\inven\OneDrive\Documentos\GitHub\watchlist\6.Trading_Journal\backend\.venv\Lib\site-packages\httpx\_transports\default.py", line 101, in map_httpcore_exceptions
    yield
  File "C:\Users\inven\OneDrive\Documentos\GitHub\watchlist\6.Trading_Journal\backend\.venv\Lib\site-packages\httpx\_transports\default.py", line 394, in handle_async_request
    resp = await self._pool.handle_async_request(req)
           ^^^^^^^^^^^^^^^^^^^^^^^^^^^^^^^^^^^^^^^^^^
  File "C:\Users\inven\OneDrive\Documentos\GitHub\watchlist\6.Trading_Journal\backend\.venv\Lib\site-packages\httpcore\_async\connection_pool.py", line 256, in handle_async_request
    raise exc from None
  File "C:\Users\inven\OneDrive\Documentos\GitHub\watchlist\6.Trading_Journal\backend\.venv\Lib\site-packages\httpcore\_async\connection_pool.py", line 236, in handle_async_request
    response = await connection.handle_async_request(
               ^^^^^^^^^^^^^^^^^^^^^^^^^^^^^^^^^^^^^^
        pool_request.request
        ^^^^^^^^^^^^^^^^^^^^
    )
    ^
  File "C:\Users\inven\OneDrive\Documentos\GitHub\watchlist\6.Trading_Journal\backend\.venv\Lib\site-packages\httpcore\_async\connection.py", line 103, in handle_async_request
    return await self._connection.handle_async_request(request)
           ^^^^^^^^^^^^^^^^^^^^^^^^^^^^^^^^^^^^^^^^^^^^^^^^^^^^
  File "C:\Users\inven\OneDrive\Documentos\GitHub\watchlist\6.Trading_Journal\backend\.venv\Lib\site-packages\httpcore\_async\http11.py", line 136, in handle_async_request
    raise exc
  File "C:\Users\inven\OneDrive\Documentos\GitHub\watchlist\6.Trading_Journal\backend\.venv\Lib\site-packages\httpcore\_async\http11.py", line 106, in handle_async_request
    ) = await self._receive_response_headers(**kwargs)
        ^^^^^^^^^^^^^^^^^^^^^^^^^^^^^^^^^^^^^^^^^^^^^^
  File "C:\Users\inven\OneDrive\Documentos\GitHub\watchlist\6.Trading_Journal\backend\.venv\Lib\site-packages\httpcore\_async\http11.py", line 177, in _receive_response_headers
    event = await self._receive_event(timeout=timeout)
            ^^^^^^^^^^^^^^^^^^^^^^^^^^^^^^^^^^^^^^^^^^
  File "C:\Users\inven\OneDrive\Documentos\GitHub\watchlist\6.Trading_Journal\backend\.venv\Lib\site-packages\httpcore\_async\http11.py", line 217, in _receive_event
    data = await self._network_stream.read(
           ^^^^^^^^^^^^^^^^^^^^^^^^^^^^^^^^
        self.READ_NUM_BYTES, timeout=timeout
        ^^^^^^^^^^^^^^^^^^^^^^^^^^^^^^^^^^^^
    )
    ^
  File "C:\Users\inven\OneDrive\Documentos\GitHub\watchlist\6.Trading_Journal\backend\.venv\Lib\site-packages\httpcore\_backends\anyio.py", line 32, in read
    with map_exceptions(exc_map):
         ~~~~~~~~~~~~~~^^^^^^^^^
  File "C:\Python314\Lib\contextlib.py", line 162, in __exit__
    self.gen.throw(value)
    ~~~~~~~~~~~~~~^^^^^^^
  File "C:\Users\inven\OneDrive\Documentos\GitHub\watchlist\6.Trading_Journal\backend\.venv\Lib\site-packages\httpcore\_exceptions.py", line 14, in map_exceptions
    raise to_exc(exc) from exc
httpcore.ReadTimeout

The above exception was the direct cause of the following exception:

Traceback (most recent call last):
  File "C:\Users\inven\OneDrive\Documentos\GitHub\watchlist\6.Trading_Journal\backend\services\position_monitor.py", line 186, in _fetch_positions
    response = await self._http_client.get(
               ^^^^^^^^^^^^^^^^^^^^^^^^^^^^
        f"{self.trading_bot_url}/api/positions"
        ^^^^^^^^^^^^^^^^^^^^^^^^^^^^^^^^^^^^^^^
    )
    ^
  File "C:\Users\inven\OneDrive\Documentos\GitHub\watchlist\6.Trading_Journal\backend\.venv\Lib\site-packages\httpx\_client.py", line 1768, in get
    return await self.request(
           ^^^^^^^^^^^^^^^^^^^
    ...<9 lines>...
    )
    ^
  File "C:\Users\inven\OneDrive\Documentos\GitHub\watchlist\6.Trading_Journal\backend\.venv\Lib\site-packages\httpx\_client.py", line 1540, in request
    return await self.send(request, auth=auth, follow_redirects=follow_redirects)
           ^^^^^^^^^^^^^^^^^^^^^^^^^^^^^^^^^^^^^^^^^^^^^^^^^^^^^^^^^^^^^^^^^^^^^^
  File "C:\Users\inven\OneDrive\Documentos\GitHub\watchlist\6.Trading_Journal\backend\.venv\Lib\site-packages\httpx\_client.py", line 1629, in send
    response = await self._send_handling_auth(
               ^^^^^^^^^^^^^^^^^^^^^^^^^^^^^^^
    ...<4 lines>...
    )
    ^
  File "C:\Users\inven\OneDrive\Documentos\GitHub\watchlist\6.Trading_Journal\backend\.venv\Lib\site-packages\httpx\_client.py", line 1657, in _send_handling_auth
    response = await self._send_handling_redirects(
               ^^^^^^^^^^^^^^^^^^^^^^^^^^^^^^^^^^^^
    ...<3 lines>...
    )
    ^
  File "C:\Users\inven\OneDrive\Documentos\GitHub\watchlist\6.Trading_Journal\backend\.venv\Lib\site-packages\httpx\_client.py", line 1694, in _send_handling_redirects
    response = await self._send_single_request(request)
               ^^^^^^^^^^^^^^^^^^^^^^^^^^^^^^^^^^^^^^^^
  File "C:\Users\inven\OneDrive\Documentos\GitHub\watchlist\6.Trading_Journal\backend\.venv\Lib\site-packages\httpx\_client.py", line 1730, in _send_single_request
    response = await transport.handle_async_request(request)
               ^^^^^^^^^^^^^^^^^^^^^^^^^^^^^^^^^^^^^^^^^^^^^
  File "C:\Users\inven\OneDrive\Documentos\GitHub\watchlist\6.Trading_Journal\backend\.venv\Lib\site-packages\httpx\_transports\default.py", line 393, in handle_async_request
    with map_httpcore_exceptions():
         ~~~~~~~~~~~~~~~~~~~~~~~^^
  File "C:\Python314\Lib\contextlib.py", line 162, in __exit__
    self.gen.throw(value)
    ~~~~~~~~~~~~~~^^^^^^^
  File "C:\Users\inven\OneDrive\Documentos\GitHub\watchlist\6.Trading_Journal\backend\.venv\Lib\site-packages\httpx\_transports\default.py", line 118, in map_httpcore_exceptions
    raise mapped_exc(message) from exc
httpx.ReadTimeout

2026-01-28 19:57:11,237 | ERROR | services.position_monitor | Error fetching positions: ReadTimeout: 
2026-01-28 19:57:11,242 | ERROR | services.position_monitor | Traceback (most recent call last):
  File "C:\Users\inven\OneDrive\Documentos\GitHub\watchlist\6.Trading_Journal\backend\.venv\Lib\site-packages\httpx\_transports\default.py", line 101, in map_httpcore_exceptions
    yield
  File "C:\Users\inven\OneDrive\Documentos\GitHub\watchlist\6.Trading_Journal\backend\.venv\Lib\site-packages\httpx\_transports\default.py", line 394, in handle_async_request
    resp = await self._pool.handle_async_request(req)
           ^^^^^^^^^^^^^^^^^^^^^^^^^^^^^^^^^^^^^^^^^^
  File "C:\Users\inven\OneDrive\Documentos\GitHub\watchlist\6.Trading_Journal\backend\.venv\Lib\site-packages\httpcore\_async\connection_pool.py", line 256, in handle_async_request
    raise exc from None
  File "C:\Users\inven\OneDrive\Documentos\GitHub\watchlist\6.Trading_Journal\backend\.venv\Lib\site-packages\httpcore\_async\connection_pool.py", line 236, in handle_async_request
    response = await connection.handle_async_request(
               ^^^^^^^^^^^^^^^^^^^^^^^^^^^^^^^^^^^^^^
        pool_request.request
        ^^^^^^^^^^^^^^^^^^^^
    )
    ^
  File "C:\Users\inven\OneDrive\Documentos\GitHub\watchlist\6.Trading_Journal\backend\.venv\Lib\site-packages\httpcore\_async\connection.py", line 103, in handle_async_request
    return await self._connection.handle_async_request(request)
           ^^^^^^^^^^^^^^^^^^^^^^^^^^^^^^^^^^^^^^^^^^^^^^^^^^^^
  File "C:\Users\inven\OneDrive\Documentos\GitHub\watchlist\6.Trading_Journal\backend\.venv\Lib\site-packages\httpcore\_async\http11.py", line 136, in handle_async_request
    raise exc
  File "C:\Users\inven\OneDrive\Documentos\GitHub\watchlist\6.Trading_Journal\backend\.venv\Lib\site-packages\httpcore\_async\http11.py", line 106, in handle_async_request
    ) = await self._receive_response_headers(**kwargs)
        ^^^^^^^^^^^^^^^^^^^^^^^^^^^^^^^^^^^^^^^^^^^^^^
  File "C:\Users\inven\OneDrive\Documentos\GitHub\watchlist\6.Trading_Journal\backend\.venv\Lib\site-packages\httpcore\_async\http11.py", line 177, in _receive_response_headers
    event = await self._receive_event(timeout=timeout)
            ^^^^^^^^^^^^^^^^^^^^^^^^^^^^^^^^^^^^^^^^^^
  File "C:\Users\inven\OneDrive\Documentos\GitHub\watchlist\6.Trading_Journal\backend\.venv\Lib\site-packages\httpcore\_async\http11.py", line 217, in _receive_event
    data = await self._network_stream.read(
           ^^^^^^^^^^^^^^^^^^^^^^^^^^^^^^^^
        self.READ_NUM_BYTES, timeout=timeout
        ^^^^^^^^^^^^^^^^^^^^^^^^^^^^^^^^^^^^
    )
    ^
  File "C:\Users\inven\OneDrive\Documentos\GitHub\watchlist\6.Trading_Journal\backend\.venv\Lib\site-packages\httpcore\_backends\anyio.py", line 32, in read
    with map_exceptions(exc_map):
         ~~~~~~~~~~~~~~^^^^^^^^^
  File "C:\Python314\Lib\contextlib.py", line 162, in __exit__
    self.gen.throw(value)
    ~~~~~~~~~~~~~~^^^^^^^
  File "C:\Users\inven\OneDrive\Documentos\GitHub\watchlist\6.Trading_Journal\backend\.venv\Lib\site-packages\httpcore\_exceptions.py", line 14, in map_exceptions
    raise to_exc(exc) from exc
httpcore.ReadTimeout

The above exception was the direct cause of the following exception:

Traceback (most recent call last):
  File "C:\Users\inven\OneDrive\Documentos\GitHub\watchlist\6.Trading_Journal\backend\services\position_monitor.py", line 186, in _fetch_positions
    response = await self._http_client.get(
               ^^^^^^^^^^^^^^^^^^^^^^^^^^^^
        f"{self.trading_bot_url}/api/positions"
        ^^^^^^^^^^^^^^^^^^^^^^^^^^^^^^^^^^^^^^^
    )
    ^
  File "C:\Users\inven\OneDrive\Documentos\GitHub\watchlist\6.Trading_Journal\backend\.venv\Lib\site-packages\httpx\_client.py", line 1768, in get
    return await self.request(
           ^^^^^^^^^^^^^^^^^^^
    ...<9 lines>...
    )
    ^
  File "C:\Users\inven\OneDrive\Documentos\GitHub\watchlist\6.Trading_Journal\backend\.venv\Lib\site-packages\httpx\_client.py", line 1540, in request
    return await self.send(request, auth=auth, follow_redirects=follow_redirects)
           ^^^^^^^^^^^^^^^^^^^^^^^^^^^^^^^^^^^^^^^^^^^^^^^^^^^^^^^^^^^^^^^^^^^^^^
  File "C:\Users\inven\OneDrive\Documentos\GitHub\watchlist\6.Trading_Journal\backend\.venv\Lib\site-packages\httpx\_client.py", line 1629, in send
    response = await self._send_handling_auth(
               ^^^^^^^^^^^^^^^^^^^^^^^^^^^^^^^
    ...<4 lines>...
    )
    ^
  File "C:\Users\inven\OneDrive\Documentos\GitHub\watchlist\6.Trading_Journal\backend\.venv\Lib\site-packages\httpx\_client.py", line 1657, in _send_handling_auth
    response = await self._send_handling_redirects(
               ^^^^^^^^^^^^^^^^^^^^^^^^^^^^^^^^^^^^
    ...<3 lines>...
    )
    ^
  File "C:\Users\inven\OneDrive\Documentos\GitHub\watchlist\6.Trading_Journal\backend\.venv\Lib\site-packages\httpx\_client.py", line 1694, in _send_handling_redirects
    response = await self._send_single_request(request)
               ^^^^^^^^^^^^^^^^^^^^^^^^^^^^^^^^^^^^^^^^
  File "C:\Users\inven\OneDrive\Documentos\GitHub\watchlist\6.Trading_Journal\backend\.venv\Lib\site-packages\httpx\_client.py", line 1730, in _send_single_request
    response = await transport.handle_async_request(request)
               ^^^^^^^^^^^^^^^^^^^^^^^^^^^^^^^^^^^^^^^^^^^^^
  File "C:\Users\inven\OneDrive\Documentos\GitHub\watchlist\6.Trading_Journal\backend\.venv\Lib\site-packages\httpx\_transports\default.py", line 393, in handle_async_request
    with map_httpcore_exceptions():
         ~~~~~~~~~~~~~~~~~~~~~~~^^
  File "C:\Python314\Lib\contextlib.py", line 162, in __exit__
    self.gen.throw(value)
    ~~~~~~~~~~~~~~^^^^^^^
  File "C:\Users\inven\OneDrive\Documentos\GitHub\watchlist\6.Trading_Journal\backend\.venv\Lib\site-packages\httpx\_transports\default.py", line 118, in map_httpcore_exceptions
    raise mapped_exc(message) from exc
httpx.ReadTimeout

2026-01-28 19:57:26,530 | ERROR | services.position_monitor | Error fetching positions: ReadTimeout: 
2026-01-28 19:57:26,535 | ERROR | services.position_monitor | Traceback (most recent call last):
  File "C:\Users\inven\OneDrive\Documentos\GitHub\watchlist\6.Trading_Journal\backend\.venv\Lib\site-packages\httpx\_transports\default.py", line 101, in map_httpcore_exceptions
    yield
  File "C:\Users\inven\OneDrive\Documentos\GitHub\watchlist\6.Trading_Journal\backend\.venv\Lib\site-packages\httpx\_transports\default.py", line 394, in handle_async_request
    resp = await self._pool.handle_async_request(req)
           ^^^^^^^^^^^^^^^^^^^^^^^^^^^^^^^^^^^^^^^^^^
  File "C:\Users\inven\OneDrive\Documentos\GitHub\watchlist\6.Trading_Journal\backend\.venv\Lib\site-packages\httpcore\_async\connection_pool.py", line 256, in handle_async_request
    raise exc from None
  File "C:\Users\inven\OneDrive\Documentos\GitHub\watchlist\6.Trading_Journal\backend\.venv\Lib\site-packages\httpcore\_async\connection_pool.py", line 236, in handle_async_request
    response = await connection.handle_async_request(
               ^^^^^^^^^^^^^^^^^^^^^^^^^^^^^^^^^^^^^^
        pool_request.request
        ^^^^^^^^^^^^^^^^^^^^
    )
    ^
  File "C:\Users\inven\OneDrive\Documentos\GitHub\watchlist\6.Trading_Journal\backend\.venv\Lib\site-packages\httpcore\_async\connection.py", line 103, in handle_async_request
    return await self._connection.handle_async_request(request)
           ^^^^^^^^^^^^^^^^^^^^^^^^^^^^^^^^^^^^^^^^^^^^^^^^^^^^
  File "C:\Users\inven\OneDrive\Documentos\GitHub\watchlist\6.Trading_Journal\backend\.venv\Lib\site-packages\httpcore\_async\http11.py", line 136, in handle_async_request
    raise exc
  File "C:\Users\inven\OneDrive\Documentos\GitHub\watchlist\6.Trading_Journal\backend\.venv\Lib\site-packages\httpcore\_async\http11.py", line 106, in handle_async_request
    ) = await self._receive_response_headers(**kwargs)
        ^^^^^^^^^^^^^^^^^^^^^^^^^^^^^^^^^^^^^^^^^^^^^^
  File "C:\Users\inven\OneDrive\Documentos\GitHub\watchlist\6.Trading_Journal\backend\.venv\Lib\site-packages\httpcore\_async\http11.py", line 177, in _receive_response_headers
    event = await self._receive_event(timeout=timeout)
            ^^^^^^^^^^^^^^^^^^^^^^^^^^^^^^^^^^^^^^^^^^
  File "C:\Users\inven\OneDrive\Documentos\GitHub\watchlist\6.Trading_Journal\backend\.venv\Lib\site-packages\httpcore\_async\http11.py", line 217, in _receive_event
    data = await self._network_stream.read(
           ^^^^^^^^^^^^^^^^^^^^^^^^^^^^^^^^
        self.READ_NUM_BYTES, timeout=timeout
        ^^^^^^^^^^^^^^^^^^^^^^^^^^^^^^^^^^^^
    )
    ^
  File "C:\Users\inven\OneDrive\Documentos\GitHub\watchlist\6.Trading_Journal\backend\.venv\Lib\site-packages\httpcore\_backends\anyio.py", line 32, in read
    with map_exceptions(exc_map):
         ~~~~~~~~~~~~~~^^^^^^^^^
  File "C:\Python314\Lib\contextlib.py", line 162, in __exit__
    self.gen.throw(value)
    ~~~~~~~~~~~~~~^^^^^^^
  File "C:\Users\inven\OneDrive\Documentos\GitHub\watchlist\6.Trading_Journal\backend\.venv\Lib\site-packages\httpcore\_exceptions.py", line 14, in map_exceptions
    raise to_exc(exc) from exc
httpcore.ReadTimeout

The above exception was the direct cause of the following exception:

Traceback (most recent call last):
  File "C:\Users\inven\OneDrive\Documentos\GitHub\watchlist\6.Trading_Journal\backend\services\position_monitor.py", line 186, in _fetch_positions
    response = await self._http_client.get(
               ^^^^^^^^^^^^^^^^^^^^^^^^^^^^
        f"{self.trading_bot_url}/api/positions"
        ^^^^^^^^^^^^^^^^^^^^^^^^^^^^^^^^^^^^^^^
    )
    ^
  File "C:\Users\inven\OneDrive\Documentos\GitHub\watchlist\6.Trading_Journal\backend\.venv\Lib\site-packages\httpx\_client.py", line 1768, in get
    return await self.request(
           ^^^^^^^^^^^^^^^^^^^
    ...<9 lines>...
    )
    ^
  File "C:\Users\inven\OneDrive\Documentos\GitHub\watchlist\6.Trading_Journal\backend\.venv\Lib\site-packages\httpx\_client.py", line 1540, in request
    return await self.send(request, auth=auth, follow_redirects=follow_redirects)
           ^^^^^^^^^^^^^^^^^^^^^^^^^^^^^^^^^^^^^^^^^^^^^^^^^^^^^^^^^^^^^^^^^^^^^^
  File "C:\Users\inven\OneDrive\Documentos\GitHub\watchlist\6.Trading_Journal\backend\.venv\Lib\site-packages\httpx\_client.py", line 1629, in send
    response = await self._send_handling_auth(
               ^^^^^^^^^^^^^^^^^^^^^^^^^^^^^^^
    ...<4 lines>...
    )
    ^
  File "C:\Users\inven\OneDrive\Documentos\GitHub\watchlist\6.Trading_Journal\backend\.venv\Lib\site-packages\httpx\_client.py", line 1657, in _send_handling_auth
    response = await self._send_handling_redirects(
               ^^^^^^^^^^^^^^^^^^^^^^^^^^^^^^^^^^^^
    ...<3 lines>...
    )
    ^
  File "C:\Users\inven\OneDrive\Documentos\GitHub\watchlist\6.Trading_Journal\backend\.venv\Lib\site-packages\httpx\_client.py", line 1694, in _send_handling_redirects
    response = await self._send_single_request(request)
               ^^^^^^^^^^^^^^^^^^^^^^^^^^^^^^^^^^^^^^^^
  File "C:\Users\inven\OneDrive\Documentos\GitHub\watchlist\6.Trading_Journal\backend\.venv\Lib\site-packages\httpx\_client.py", line 1730, in _send_single_request
    response = await transport.handle_async_request(request)
               ^^^^^^^^^^^^^^^^^^^^^^^^^^^^^^^^^^^^^^^^^^^^^
  File "C:\Users\inven\OneDrive\Documentos\GitHub\watchlist\6.Trading_Journal\backend\.venv\Lib\site-packages\httpx\_transports\default.py", line 393, in handle_async_request
    with map_httpcore_exceptions():
         ~~~~~~~~~~~~~~~~~~~~~~~^^
  File "C:\Python314\Lib\contextlib.py", line 162, in __exit__
    self.gen.throw(value)
    ~~~~~~~~~~~~~~^^^^^^^
  File "C:\Users\inven\OneDrive\Documentos\GitHub\watchlist\6.Trading_Journal\backend\.venv\Lib\site-packages\httpx\_transports\default.py", line 118, in map_httpcore_exceptions
    raise mapped_exc(message) from exc
httpx.ReadTimeout

2026-01-28 19:57:41,809 | ERROR | services.position_monitor | Error fetching positions: ReadTimeout: 
2026-01-28 19:57:41,813 | ERROR | services.position_monitor | Traceback (most recent call last):
  File "C:\Users\inven\OneDrive\Documentos\GitHub\watchlist\6.Trading_Journal\backend\.venv\Lib\site-packages\httpx\_transports\default.py", line 101, in map_httpcore_exceptions
    yield
  File "C:\Users\inven\OneDrive\Documentos\GitHub\watchlist\6.Trading_Journal\backend\.venv\Lib\site-packages\httpx\_transports\default.py", line 394, in handle_async_request
    resp = await self._pool.handle_async_request(req)
           ^^^^^^^^^^^^^^^^^^^^^^^^^^^^^^^^^^^^^^^^^^
  File "C:\Users\inven\OneDrive\Documentos\GitHub\watchlist\6.Trading_Journal\backend\.venv\Lib\site-packages\httpcore\_async\connection_pool.py", line 256, in handle_async_request
    raise exc from None
  File "C:\Users\inven\OneDrive\Documentos\GitHub\watchlist\6.Trading_Journal\backend\.venv\Lib\site-packages\httpcore\_async\connection_pool.py", line 236, in handle_async_request
    response = await connection.handle_async_request(
               ^^^^^^^^^^^^^^^^^^^^^^^^^^^^^^^^^^^^^^
        pool_request.request
        ^^^^^^^^^^^^^^^^^^^^
    )
    ^
  File "C:\Users\inven\OneDrive\Documentos\GitHub\watchlist\6.Trading_Journal\backend\.venv\Lib\site-packages\httpcore\_async\connection.py", line 103, in handle_async_request
    return await self._connection.handle_async_request(request)
           ^^^^^^^^^^^^^^^^^^^^^^^^^^^^^^^^^^^^^^^^^^^^^^^^^^^^
  File "C:\Users\inven\OneDrive\Documentos\GitHub\watchlist\6.Trading_Journal\backend\.venv\Lib\site-packages\httpcore\_async\http11.py", line 136, in handle_async_request
    raise exc
  File "C:\Users\inven\OneDrive\Documentos\GitHub\watchlist\6.Trading_Journal\backend\.venv\Lib\site-packages\httpcore\_async\http11.py", line 106, in handle_async_request
    ) = await self._receive_response_headers(**kwargs)
        ^^^^^^^^^^^^^^^^^^^^^^^^^^^^^^^^^^^^^^^^^^^^^^
  File "C:\Users\inven\OneDrive\Documentos\GitHub\watchlist\6.Trading_Journal\backend\.venv\Lib\site-packages\httpcore\_async\http11.py", line 177, in _receive_response_headers
    event = await self._receive_event(timeout=timeout)
            ^^^^^^^^^^^^^^^^^^^^^^^^^^^^^^^^^^^^^^^^^^
  File "C:\Users\inven\OneDrive\Documentos\GitHub\watchlist\6.Trading_Journal\backend\.venv\Lib\site-packages\httpcore\_async\http11.py", line 217, in _receive_event
    data = await self._network_stream.read(
           ^^^^^^^^^^^^^^^^^^^^^^^^^^^^^^^^
        self.READ_NUM_BYTES, timeout=timeout
        ^^^^^^^^^^^^^^^^^^^^^^^^^^^^^^^^^^^^
    )
    ^
  File "C:\Users\inven\OneDrive\Documentos\GitHub\watchlist\6.Trading_Journal\backend\.venv\Lib\site-packages\httpcore\_backends\anyio.py", line 32, in read
    with map_exceptions(exc_map):
         ~~~~~~~~~~~~~~^^^^^^^^^
  File "C:\Python314\Lib\contextlib.py", line 162, in __exit__
    self.gen.throw(value)
    ~~~~~~~~~~~~~~^^^^^^^
  File "C:\Users\inven\OneDrive\Documentos\GitHub\watchlist\6.Trading_Journal\backend\.venv\Lib\site-packages\httpcore\_exceptions.py", line 14, in map_exceptions
    raise to_exc(exc) from exc
httpcore.ReadTimeout

The above exception was the direct cause of the following exception:

Traceback (most recent call last):
  File "C:\Users\inven\OneDrive\Documentos\GitHub\watchlist\6.Trading_Journal\backend\services\position_monitor.py", line 186, in _fetch_positions
    response = await self._http_client.get(
               ^^^^^^^^^^^^^^^^^^^^^^^^^^^^
        f"{self.trading_bot_url}/api/positions"
        ^^^^^^^^^^^^^^^^^^^^^^^^^^^^^^^^^^^^^^^
    )
    ^
  File "C:\Users\inven\OneDrive\Documentos\GitHub\watchlist\6.Trading_Journal\backend\.venv\Lib\site-packages\httpx\_client.py", line 1768, in get
    return await self.request(
           ^^^^^^^^^^^^^^^^^^^
    ...<9 lines>...
    )
    ^
  File "C:\Users\inven\OneDrive\Documentos\GitHub\watchlist\6.Trading_Journal\backend\.venv\Lib\site-packages\httpx\_client.py", line 1540, in request
    return await self.send(request, auth=auth, follow_redirects=follow_redirects)
           ^^^^^^^^^^^^^^^^^^^^^^^^^^^^^^^^^^^^^^^^^^^^^^^^^^^^^^^^^^^^^^^^^^^^^^
  File "C:\Users\inven\OneDrive\Documentos\GitHub\watchlist\6.Trading_Journal\backend\.venv\Lib\site-packages\httpx\_client.py", line 1629, in send
    response = await self._send_handling_auth(
               ^^^^^^^^^^^^^^^^^^^^^^^^^^^^^^^
    ...<4 lines>...
    )
    ^
  File "C:\Users\inven\OneDrive\Documentos\GitHub\watchlist\6.Trading_Journal\backend\.venv\Lib\site-packages\httpx\_client.py", line 1657, in _send_handling_auth
    response = await self._send_handling_redirects(
               ^^^^^^^^^^^^^^^^^^^^^^^^^^^^^^^^^^^^
    ...<3 lines>...
    )
    ^
  File "C:\Users\inven\OneDrive\Documentos\GitHub\watchlist\6.Trading_Journal\backend\.venv\Lib\site-packages\httpx\_client.py", line 1694, in _send_handling_redirects
    response = await self._send_single_request(request)
               ^^^^^^^^^^^^^^^^^^^^^^^^^^^^^^^^^^^^^^^^
  File "C:\Users\inven\OneDrive\Documentos\GitHub\watchlist\6.Trading_Journal\backend\.venv\Lib\site-packages\httpx\_client.py", line 1730, in _send_single_request
    response = await transport.handle_async_request(request)
               ^^^^^^^^^^^^^^^^^^^^^^^^^^^^^^^^^^^^^^^^^^^^^
  File "C:\Users\inven\OneDrive\Documentos\GitHub\watchlist\6.Trading_Journal\backend\.venv\Lib\site-packages\httpx\_transports\default.py", line 393, in handle_async_request
    with map_httpcore_exceptions():
         ~~~~~~~~~~~~~~~~~~~~~~~^^
  File "C:\Python314\Lib\contextlib.py", line 162, in __exit__
    self.gen.throw(value)
    ~~~~~~~~~~~~~~^^^^^^^
  File "C:\Users\inven\OneDrive\Documentos\GitHub\watchlist\6.Trading_Journal\backend\.venv\Lib\site-packages\httpx\_transports\default.py", line 118, in map_httpcore_exceptions
    raise mapped_exc(message) from exc
httpx.ReadTimeout

2026-01-28 19:57:57,102 | ERROR | services.position_monitor | Error fetching positions: ReadTimeout: 
2026-01-28 19:57:57,106 | ERROR | services.position_monitor | Traceback (most recent call last):
  File "C:\Users\inven\OneDrive\Documentos\GitHub\watchlist\6.Trading_Journal\backend\.venv\Lib\site-packages\httpx\_transports\default.py", line 101, in map_httpcore_exceptions
    yield
  File "C:\Users\inven\OneDrive\Documentos\GitHub\watchlist\6.Trading_Journal\backend\.venv\Lib\site-packages\httpx\_transports\default.py", line 394, in handle_async_request
    resp = await self._pool.handle_async_request(req)
           ^^^^^^^^^^^^^^^^^^^^^^^^^^^^^^^^^^^^^^^^^^
  File "C:\Users\inven\OneDrive\Documentos\GitHub\watchlist\6.Trading_Journal\backend\.venv\Lib\site-packages\httpcore\_async\connection_pool.py", line 256, in handle_async_request
    raise exc from None
  File "C:\Users\inven\OneDrive\Documentos\GitHub\watchlist\6.Trading_Journal\backend\.venv\Lib\site-packages\httpcore\_async\connection_pool.py", line 236, in handle_async_request
    response = await connection.handle_async_request(
               ^^^^^^^^^^^^^^^^^^^^^^^^^^^^^^^^^^^^^^
        pool_request.request
        ^^^^^^^^^^^^^^^^^^^^
    )
    ^
  File "C:\Users\inven\OneDrive\Documentos\GitHub\watchlist\6.Trading_Journal\backend\.venv\Lib\site-packages\httpcore\_async\connection.py", line 103, in handle_async_request
    return await self._connection.handle_async_request(request)
           ^^^^^^^^^^^^^^^^^^^^^^^^^^^^^^^^^^^^^^^^^^^^^^^^^^^^
  File "C:\Users\inven\OneDrive\Documentos\GitHub\watchlist\6.Trading_Journal\backend\.venv\Lib\site-packages\httpcore\_async\http11.py", line 136, in handle_async_request
    raise exc
  File "C:\Users\inven\OneDrive\Documentos\GitHub\watchlist\6.Trading_Journal\backend\.venv\Lib\site-packages\httpcore\_async\http11.py", line 106, in handle_async_request
    ) = await self._receive_response_headers(**kwargs)
        ^^^^^^^^^^^^^^^^^^^^^^^^^^^^^^^^^^^^^^^^^^^^^^
  File "C:\Users\inven\OneDrive\Documentos\GitHub\watchlist\6.Trading_Journal\backend\.venv\Lib\site-packages\httpcore\_async\http11.py", line 177, in _receive_response_headers
    event = await self._receive_event(timeout=timeout)
            ^^^^^^^^^^^^^^^^^^^^^^^^^^^^^^^^^^^^^^^^^^
  File "C:\Users\inven\OneDrive\Documentos\GitHub\watchlist\6.Trading_Journal\backend\.venv\Lib\site-packages\httpcore\_async\http11.py", line 217, in _receive_event
    data = await self._network_stream.read(
           ^^^^^^^^^^^^^^^^^^^^^^^^^^^^^^^^
        self.READ_NUM_BYTES, timeout=timeout
        ^^^^^^^^^^^^^^^^^^^^^^^^^^^^^^^^^^^^
    )
    ^
  File "C:\Users\inven\OneDrive\Documentos\GitHub\watchlist\6.Trading_Journal\backend\.venv\Lib\site-packages\httpcore\_backends\anyio.py", line 32, in read
    with map_exceptions(exc_map):
         ~~~~~~~~~~~~~~^^^^^^^^^
  File "C:\Python314\Lib\contextlib.py", line 162, in __exit__
    self.gen.throw(value)
    ~~~~~~~~~~~~~~^^^^^^^
  File "C:\Users\inven\OneDrive\Documentos\GitHub\watchlist\6.Trading_Journal\backend\.venv\Lib\site-packages\httpcore\_exceptions.py", line 14, in map_exceptions
    raise to_exc(exc) from exc
httpcore.ReadTimeout

The above exception was the direct cause of the following exception:

Traceback (most recent call last):
  File "C:\Users\inven\OneDrive\Documentos\GitHub\watchlist\6.Trading_Journal\backend\services\position_monitor.py", line 186, in _fetch_positions
    response = await self._http_client.get(
               ^^^^^^^^^^^^^^^^^^^^^^^^^^^^
        f"{self.trading_bot_url}/api/positions"
        ^^^^^^^^^^^^^^^^^^^^^^^^^^^^^^^^^^^^^^^
    )
    ^
  File "C:\Users\inven\OneDrive\Documentos\GitHub\watchlist\6.Trading_Journal\backend\.venv\Lib\site-packages\httpx\_client.py", line 1768, in get
    return await self.request(
           ^^^^^^^^^^^^^^^^^^^
    ...<9 lines>...
    )
    ^
  File "C:\Users\inven\OneDrive\Documentos\GitHub\watchlist\6.Trading_Journal\backend\.venv\Lib\site-packages\httpx\_client.py", line 1540, in request
    return await self.send(request, auth=auth, follow_redirects=follow_redirects)
           ^^^^^^^^^^^^^^^^^^^^^^^^^^^^^^^^^^^^^^^^^^^^^^^^^^^^^^^^^^^^^^^^^^^^^^
  File "C:\Users\inven\OneDrive\Documentos\GitHub\watchlist\6.Trading_Journal\backend\.venv\Lib\site-packages\httpx\_client.py", line 1629, in send
    response = await self._send_handling_auth(
               ^^^^^^^^^^^^^^^^^^^^^^^^^^^^^^^
    ...<4 lines>...
    )
    ^
  File "C:\Users\inven\OneDrive\Documentos\GitHub\watchlist\6.Trading_Journal\backend\.venv\Lib\site-packages\httpx\_client.py", line 1657, in _send_handling_auth
    response = await self._send_handling_redirects(
               ^^^^^^^^^^^^^^^^^^^^^^^^^^^^^^^^^^^^
    ...<3 lines>...
    )
    ^
  File "C:\Users\inven\OneDrive\Documentos\GitHub\watchlist\6.Trading_Journal\backend\.venv\Lib\site-packages\httpx\_client.py", line 1694, in _send_handling_redirects
    response = await self._send_single_request(request)
               ^^^^^^^^^^^^^^^^^^^^^^^^^^^^^^^^^^^^^^^^
  File "C:\Users\inven\OneDrive\Documentos\GitHub\watchlist\6.Trading_Journal\backend\.venv\Lib\site-packages\httpx\_client.py", line 1730, in _send_single_request
    response = await transport.handle_async_request(request)
               ^^^^^^^^^^^^^^^^^^^^^^^^^^^^^^^^^^^^^^^^^^^^^
  File "C:\Users\inven\OneDrive\Documentos\GitHub\watchlist\6.Trading_Journal\backend\.venv\Lib\site-packages\httpx\_transports\default.py", line 393, in handle_async_request
    with map_httpcore_exceptions():
         ~~~~~~~~~~~~~~~~~~~~~~~^^
  File "C:\Python314\Lib\contextlib.py", line 162, in __exit__
    self.gen.throw(value)
    ~~~~~~~~~~~~~~^^^^^^^
  File "C:\Users\inven\OneDrive\Documentos\GitHub\watchlist\6.Trading_Journal\backend\.venv\Lib\site-packages\httpx\_transports\default.py", line 118, in map_httpcore_exceptions
    raise mapped_exc(message) from exc
httpx.ReadTimeout

2026-01-28 19:58:12,406 | ERROR | services.position_monitor | Error fetching positions: ReadTimeout: 
2026-01-28 19:58:12,411 | ERROR | services.position_monitor | Traceback (most recent call last):
  File "C:\Users\inven\OneDrive\Documentos\GitHub\watchlist\6.Trading_Journal\backend\.venv\Lib\site-packages\httpx\_transports\default.py", line 101, in map_httpcore_exceptions
    yield
  File "C:\Users\inven\OneDrive\Documentos\GitHub\watchlist\6.Trading_Journal\backend\.venv\Lib\site-packages\httpx\_transports\default.py", line 394, in handle_async_request
    resp = await self._pool.handle_async_request(req)
           ^^^^^^^^^^^^^^^^^^^^^^^^^^^^^^^^^^^^^^^^^^
  File "C:\Users\inven\OneDrive\Documentos\GitHub\watchlist\6.Trading_Journal\backend\.venv\Lib\site-packages\httpcore\_async\connection_pool.py", line 256, in handle_async_request
    raise exc from None
  File "C:\Users\inven\OneDrive\Documentos\GitHub\watchlist\6.Trading_Journal\backend\.venv\Lib\site-packages\httpcore\_async\connection_pool.py", line 236, in handle_async_request
    response = await connection.handle_async_request(
               ^^^^^^^^^^^^^^^^^^^^^^^^^^^^^^^^^^^^^^
        pool_request.request
        ^^^^^^^^^^^^^^^^^^^^
    )
    ^
  File "C:\Users\inven\OneDrive\Documentos\GitHub\watchlist\6.Trading_Journal\backend\.venv\Lib\site-packages\httpcore\_async\connection.py", line 103, in handle_async_request
    return await self._connection.handle_async_request(request)
           ^^^^^^^^^^^^^^^^^^^^^^^^^^^^^^^^^^^^^^^^^^^^^^^^^^^^
  File "C:\Users\inven\OneDrive\Documentos\GitHub\watchlist\6.Trading_Journal\backend\.venv\Lib\site-packages\httpcore\_async\http11.py", line 136, in handle_async_request
    raise exc
  File "C:\Users\inven\OneDrive\Documentos\GitHub\watchlist\6.Trading_Journal\backend\.venv\Lib\site-packages\httpcore\_async\http11.py", line 106, in handle_async_request
    ) = await self._receive_response_headers(**kwargs)
        ^^^^^^^^^^^^^^^^^^^^^^^^^^^^^^^^^^^^^^^^^^^^^^
  File "C:\Users\inven\OneDrive\Documentos\GitHub\watchlist\6.Trading_Journal\backend\.venv\Lib\site-packages\httpcore\_async\http11.py", line 177, in _receive_response_headers
    event = await self._receive_event(timeout=timeout)
            ^^^^^^^^^^^^^^^^^^^^^^^^^^^^^^^^^^^^^^^^^^
  File "C:\Users\inven\OneDrive\Documentos\GitHub\watchlist\6.Trading_Journal\backend\.venv\Lib\site-packages\httpcore\_async\http11.py", line 217, in _receive_event
    data = await self._network_stream.read(
           ^^^^^^^^^^^^^^^^^^^^^^^^^^^^^^^^
        self.READ_NUM_BYTES, timeout=timeout
        ^^^^^^^^^^^^^^^^^^^^^^^^^^^^^^^^^^^^
    )
    ^
  File "C:\Users\inven\OneDrive\Documentos\GitHub\watchlist\6.Trading_Journal\backend\.venv\Lib\site-packages\httpcore\_backends\anyio.py", line 32, in read
    with map_exceptions(exc_map):
         ~~~~~~~~~~~~~~^^^^^^^^^
  File "C:\Python314\Lib\contextlib.py", line 162, in __exit__
    self.gen.throw(value)
    ~~~~~~~~~~~~~~^^^^^^^
  File "C:\Users\inven\OneDrive\Documentos\GitHub\watchlist\6.Trading_Journal\backend\.venv\Lib\site-packages\httpcore\_exceptions.py", line 14, in map_exceptions
    raise to_exc(exc) from exc
httpcore.ReadTimeout

The above exception was the direct cause of the following exception:

Traceback (most recent call last):
  File "C:\Users\inven\OneDrive\Documentos\GitHub\watchlist\6.Trading_Journal\backend\services\position_monitor.py", line 186, in _fetch_positions
    response = await self._http_client.get(
               ^^^^^^^^^^^^^^^^^^^^^^^^^^^^
        f"{self.trading_bot_url}/api/positions"
        ^^^^^^^^^^^^^^^^^^^^^^^^^^^^^^^^^^^^^^^
    )
    ^
  File "C:\Users\inven\OneDrive\Documentos\GitHub\watchlist\6.Trading_Journal\backend\.venv\Lib\site-packages\httpx\_client.py", line 1768, in get
    return await self.request(
           ^^^^^^^^^^^^^^^^^^^
    ...<9 lines>...
    )
    ^
  File "C:\Users\inven\OneDrive\Documentos\GitHub\watchlist\6.Trading_Journal\backend\.venv\Lib\site-packages\httpx\_client.py", line 1540, in request
    return await self.send(request, auth=auth, follow_redirects=follow_redirects)
           ^^^^^^^^^^^^^^^^^^^^^^^^^^^^^^^^^^^^^^^^^^^^^^^^^^^^^^^^^^^^^^^^^^^^^^
  File "C:\Users\inven\OneDrive\Documentos\GitHub\watchlist\6.Trading_Journal\backend\.venv\Lib\site-packages\httpx\_client.py", line 1629, in send
    response = await self._send_handling_auth(
               ^^^^^^^^^^^^^^^^^^^^^^^^^^^^^^^
    ...<4 lines>...
    )
    ^
  File "C:\Users\inven\OneDrive\Documentos\GitHub\watchlist\6.Trading_Journal\backend\.venv\Lib\site-packages\httpx\_client.py", line 1657, in _send_handling_auth
    response = await self._send_handling_redirects(
               ^^^^^^^^^^^^^^^^^^^^^^^^^^^^^^^^^^^^
    ...<3 lines>...
    )
    ^
  File "C:\Users\inven\OneDrive\Documentos\GitHub\watchlist\6.Trading_Journal\backend\.venv\Lib\site-packages\httpx\_client.py", line 1694, in _send_handling_redirects
    response = await self._send_single_request(request)
               ^^^^^^^^^^^^^^^^^^^^^^^^^^^^^^^^^^^^^^^^
  File "C:\Users\inven\OneDrive\Documentos\GitHub\watchlist\6.Trading_Journal\backend\.venv\Lib\site-packages\httpx\_client.py", line 1730, in _send_single_request
    response = await transport.handle_async_request(request)
               ^^^^^^^^^^^^^^^^^^^^^^^^^^^^^^^^^^^^^^^^^^^^^
  File "C:\Users\inven\OneDrive\Documentos\GitHub\watchlist\6.Trading_Journal\backend\.venv\Lib\site-packages\httpx\_transports\default.py", line 393, in handle_async_request
    with map_httpcore_exceptions():
         ~~~~~~~~~~~~~~~~~~~~~~~^^
  File "C:\Python314\Lib\contextlib.py", line 162, in __exit__
    self.gen.throw(value)
    ~~~~~~~~~~~~~~^^^^^^^
  File "C:\Users\inven\OneDrive\Documentos\GitHub\watchlist\6.Trading_Journal\backend\.venv\Lib\site-packages\httpx\_transports\default.py", line 118, in map_httpcore_exceptions
    raise mapped_exc(message) from exc
httpx.ReadTimeout

2026-01-28 19:58:27,692 | ERROR | services.position_monitor | Error fetching positions: ReadTimeout: 
2026-01-28 19:58:27,696 | ERROR | services.position_monitor | Traceback (most recent call last):
  File "C:\Users\inven\OneDrive\Documentos\GitHub\watchlist\6.Trading_Journal\backend\.venv\Lib\site-packages\httpx\_transports\default.py", line 101, in map_httpcore_exceptions
    yield
  File "C:\Users\inven\OneDrive\Documentos\GitHub\watchlist\6.Trading_Journal\backend\.venv\Lib\site-packages\httpx\_transports\default.py", line 394, in handle_async_request
    resp = await self._pool.handle_async_request(req)
           ^^^^^^^^^^^^^^^^^^^^^^^^^^^^^^^^^^^^^^^^^^
  File "C:\Users\inven\OneDrive\Documentos\GitHub\watchlist\6.Trading_Journal\backend\.venv\Lib\site-packages\httpcore\_async\connection_pool.py", line 256, in handle_async_request
    raise exc from None
  File "C:\Users\inven\OneDrive\Documentos\GitHub\watchlist\6.Trading_Journal\backend\.venv\Lib\site-packages\httpcore\_async\connection_pool.py", line 236, in handle_async_request
    response = await connection.handle_async_request(
               ^^^^^^^^^^^^^^^^^^^^^^^^^^^^^^^^^^^^^^
        pool_request.request
        ^^^^^^^^^^^^^^^^^^^^
    )
    ^
  File "C:\Users\inven\OneDrive\Documentos\GitHub\watchlist\6.Trading_Journal\backend\.venv\Lib\site-packages\httpcore\_async\connection.py", line 103, in handle_async_request
    return await self._connection.handle_async_request(request)
           ^^^^^^^^^^^^^^^^^^^^^^^^^^^^^^^^^^^^^^^^^^^^^^^^^^^^
  File "C:\Users\inven\OneDrive\Documentos\GitHub\watchlist\6.Trading_Journal\backend\.venv\Lib\site-packages\httpcore\_async\http11.py", line 136, in handle_async_request
    raise exc
  File "C:\Users\inven\OneDrive\Documentos\GitHub\watchlist\6.Trading_Journal\backend\.venv\Lib\site-packages\httpcore\_async\http11.py", line 106, in handle_async_request
    ) = await self._receive_response_headers(**kwargs)
        ^^^^^^^^^^^^^^^^^^^^^^^^^^^^^^^^^^^^^^^^^^^^^^
  File "C:\Users\inven\OneDrive\Documentos\GitHub\watchlist\6.Trading_Journal\backend\.venv\Lib\site-packages\httpcore\_async\http11.py", line 177, in _receive_response_headers
    event = await self._receive_event(timeout=timeout)
            ^^^^^^^^^^^^^^^^^^^^^^^^^^^^^^^^^^^^^^^^^^
  File "C:\Users\inven\OneDrive\Documentos\GitHub\watchlist\6.Trading_Journal\backend\.venv\Lib\site-packages\httpcore\_async\http11.py", line 217, in _receive_event
    data = await self._network_stream.read(
           ^^^^^^^^^^^^^^^^^^^^^^^^^^^^^^^^
        self.READ_NUM_BYTES, timeout=timeout
        ^^^^^^^^^^^^^^^^^^^^^^^^^^^^^^^^^^^^
    )
    ^
  File "C:\Users\inven\OneDrive\Documentos\GitHub\watchlist\6.Trading_Journal\backend\.venv\Lib\site-packages\httpcore\_backends\anyio.py", line 32, in read
    with map_exceptions(exc_map):
         ~~~~~~~~~~~~~~^^^^^^^^^
  File "C:\Python314\Lib\contextlib.py", line 162, in __exit__
    self.gen.throw(value)
    ~~~~~~~~~~~~~~^^^^^^^
  File "C:\Users\inven\OneDrive\Documentos\GitHub\watchlist\6.Trading_Journal\backend\.venv\Lib\site-packages\httpcore\_exceptions.py", line 14, in map_exceptions
    raise to_exc(exc) from exc
httpcore.ReadTimeout

The above exception was the direct cause of the following exception:

Traceback (most recent call last):
  File "C:\Users\inven\OneDrive\Documentos\GitHub\watchlist\6.Trading_Journal\backend\services\position_monitor.py", line 186, in _fetch_positions
    response = await self._http_client.get(
               ^^^^^^^^^^^^^^^^^^^^^^^^^^^^
        f"{self.trading_bot_url}/api/positions"
        ^^^^^^^^^^^^^^^^^^^^^^^^^^^^^^^^^^^^^^^
    )
    ^
  File "C:\Users\inven\OneDrive\Documentos\GitHub\watchlist\6.Trading_Journal\backend\.venv\Lib\site-packages\httpx\_client.py", line 1768, in get
    return await self.request(
           ^^^^^^^^^^^^^^^^^^^
    ...<9 lines>...
    )
    ^
  File "C:\Users\inven\OneDrive\Documentos\GitHub\watchlist\6.Trading_Journal\backend\.venv\Lib\site-packages\httpx\_client.py", line 1540, in request
    return await self.send(request, auth=auth, follow_redirects=follow_redirects)
           ^^^^^^^^^^^^^^^^^^^^^^^^^^^^^^^^^^^^^^^^^^^^^^^^^^^^^^^^^^^^^^^^^^^^^^
  File "C:\Users\inven\OneDrive\Documentos\GitHub\watchlist\6.Trading_Journal\backend\.venv\Lib\site-packages\httpx\_client.py", line 1629, in send
    response = await self._send_handling_auth(
               ^^^^^^^^^^^^^^^^^^^^^^^^^^^^^^^
    ...<4 lines>...
    )
    ^
  File "C:\Users\inven\OneDrive\Documentos\GitHub\watchlist\6.Trading_Journal\backend\.venv\Lib\site-packages\httpx\_client.py", line 1657, in _send_handling_auth
    response = await self._send_handling_redirects(
               ^^^^^^^^^^^^^^^^^^^^^^^^^^^^^^^^^^^^
    ...<3 lines>...
    )
    ^
  File "C:\Users\inven\OneDrive\Documentos\GitHub\watchlist\6.Trading_Journal\backend\.venv\Lib\site-packages\httpx\_client.py", line 1694, in _send_handling_redirects
    response = await self._send_single_request(request)
               ^^^^^^^^^^^^^^^^^^^^^^^^^^^^^^^^^^^^^^^^
  File "C:\Users\inven\OneDrive\Documentos\GitHub\watchlist\6.Trading_Journal\backend\.venv\Lib\site-packages\httpx\_client.py", line 1730, in _send_single_request
    response = await transport.handle_async_request(request)
               ^^^^^^^^^^^^^^^^^^^^^^^^^^^^^^^^^^^^^^^^^^^^^
  File "C:\Users\inven\OneDrive\Documentos\GitHub\watchlist\6.Trading_Journal\backend\.venv\Lib\site-packages\httpx\_transports\default.py", line 393, in handle_async_request
    with map_httpcore_exceptions():
         ~~~~~~~~~~~~~~~~~~~~~~~^^
  File "C:\Python314\Lib\contextlib.py", line 162, in __exit__
    self.gen.throw(value)
    ~~~~~~~~~~~~~~^^^^^^^
  File "C:\Users\inven\OneDrive\Documentos\GitHub\watchlist\6.Trading_Journal\backend\.venv\Lib\site-packages\httpx\_transports\default.py", line 118, in map_httpcore_exceptions
    raise mapped_exc(message) from exc
httpx.ReadTimeout

2026-01-28 19:58:42,989 | ERROR | services.position_monitor | Error fetching positions: ReadTimeout: 
2026-01-28 19:58:42,995 | ERROR | services.position_monitor | Traceback (most recent call last):
  File "C:\Users\inven\OneDrive\Documentos\GitHub\watchlist\6.Trading_Journal\backend\.venv\Lib\site-packages\httpx\_transports\default.py", line 101, in map_httpcore_exceptions
    yield
  File "C:\Users\inven\OneDrive\Documentos\GitHub\watchlist\6.Trading_Journal\backend\.venv\Lib\site-packages\httpx\_transports\default.py", line 394, in handle_async_request
    resp = await self._pool.handle_async_request(req)
           ^^^^^^^^^^^^^^^^^^^^^^^^^^^^^^^^^^^^^^^^^^
  File "C:\Users\inven\OneDrive\Documentos\GitHub\watchlist\6.Trading_Journal\backend\.venv\Lib\site-packages\httpcore\_async\connection_pool.py", line 256, in handle_async_request
    raise exc from None
  File "C:\Users\inven\OneDrive\Documentos\GitHub\watchlist\6.Trading_Journal\backend\.venv\Lib\site-packages\httpcore\_async\connection_pool.py", line 236, in handle_async_request
    response = await connection.handle_async_request(
               ^^^^^^^^^^^^^^^^^^^^^^^^^^^^^^^^^^^^^^
        pool_request.request
        ^^^^^^^^^^^^^^^^^^^^
    )
    ^
  File "C:\Users\inven\OneDrive\Documentos\GitHub\watchlist\6.Trading_Journal\backend\.venv\Lib\site-packages\httpcore\_async\connection.py", line 103, in handle_async_request
    return await self._connection.handle_async_request(request)
           ^^^^^^^^^^^^^^^^^^^^^^^^^^^^^^^^^^^^^^^^^^^^^^^^^^^^
  File "C:\Users\inven\OneDrive\Documentos\GitHub\watchlist\6.Trading_Journal\backend\.venv\Lib\site-packages\httpcore\_async\http11.py", line 136, in handle_async_request
    raise exc
  File "C:\Users\inven\OneDrive\Documentos\GitHub\watchlist\6.Trading_Journal\backend\.venv\Lib\site-packages\httpcore\_async\http11.py", line 106, in handle_async_request
    ) = await self._receive_response_headers(**kwargs)
        ^^^^^^^^^^^^^^^^^^^^^^^^^^^^^^^^^^^^^^^^^^^^^^
  File "C:\Users\inven\OneDrive\Documentos\GitHub\watchlist\6.Trading_Journal\backend\.venv\Lib\site-packages\httpcore\_async\http11.py", line 177, in _receive_response_headers
    event = await self._receive_event(timeout=timeout)
            ^^^^^^^^^^^^^^^^^^^^^^^^^^^^^^^^^^^^^^^^^^
  File "C:\Users\inven\OneDrive\Documentos\GitHub\watchlist\6.Trading_Journal\backend\.venv\Lib\site-packages\httpcore\_async\http11.py", line 217, in _receive_event
    data = await self._network_stream.read(
           ^^^^^^^^^^^^^^^^^^^^^^^^^^^^^^^^
        self.READ_NUM_BYTES, timeout=timeout
        ^^^^^^^^^^^^^^^^^^^^^^^^^^^^^^^^^^^^
    )
    ^
  File "C:\Users\inven\OneDrive\Documentos\GitHub\watchlist\6.Trading_Journal\backend\.venv\Lib\site-packages\httpcore\_backends\anyio.py", line 32, in read
    with map_exceptions(exc_map):
         ~~~~~~~~~~~~~~^^^^^^^^^
  File "C:\Python314\Lib\contextlib.py", line 162, in __exit__
    self.gen.throw(value)
    ~~~~~~~~~~~~~~^^^^^^^
  File "C:\Users\inven\OneDrive\Documentos\GitHub\watchlist\6.Trading_Journal\backend\.venv\Lib\site-packages\httpcore\_exceptions.py", line 14, in map_exceptions
    raise to_exc(exc) from exc
httpcore.ReadTimeout

The above exception was the direct cause of the following exception:

Traceback (most recent call last):
  File "C:\Users\inven\OneDrive\Documentos\GitHub\watchlist\6.Trading_Journal\backend\services\position_monitor.py", line 186, in _fetch_positions
    response = await self._http_client.get(
               ^^^^^^^^^^^^^^^^^^^^^^^^^^^^
        f"{self.trading_bot_url}/api/positions"
        ^^^^^^^^^^^^^^^^^^^^^^^^^^^^^^^^^^^^^^^
    )
    ^
  File "C:\Users\inven\OneDrive\Documentos\GitHub\watchlist\6.Trading_Journal\backend\.venv\Lib\site-packages\httpx\_client.py", line 1768, in get
    return await self.request(
           ^^^^^^^^^^^^^^^^^^^
    ...<9 lines>...
    )
    ^
  File "C:\Users\inven\OneDrive\Documentos\GitHub\watchlist\6.Trading_Journal\backend\.venv\Lib\site-packages\httpx\_client.py", line 1540, in request
    return await self.send(request, auth=auth, follow_redirects=follow_redirects)
           ^^^^^^^^^^^^^^^^^^^^^^^^^^^^^^^^^^^^^^^^^^^^^^^^^^^^^^^^^^^^^^^^^^^^^^
  File "C:\Users\inven\OneDrive\Documentos\GitHub\watchlist\6.Trading_Journal\backend\.venv\Lib\site-packages\httpx\_client.py", line 1629, in send
    response = await self._send_handling_auth(
               ^^^^^^^^^^^^^^^^^^^^^^^^^^^^^^^
    ...<4 lines>...
    )
    ^
  File "C:\Users\inven\OneDrive\Documentos\GitHub\watchlist\6.Trading_Journal\backend\.venv\Lib\site-packages\httpx\_client.py", line 1657, in _send_handling_auth
    response = await self._send_handling_redirects(
               ^^^^^^^^^^^^^^^^^^^^^^^^^^^^^^^^^^^^
    ...<3 lines>...
    )
    ^
  File "C:\Users\inven\OneDrive\Documentos\GitHub\watchlist\6.Trading_Journal\backend\.venv\Lib\site-packages\httpx\_client.py", line 1694, in _send_handling_redirects
    response = await self._send_single_request(request)
               ^^^^^^^^^^^^^^^^^^^^^^^^^^^^^^^^^^^^^^^^
  File "C:\Users\inven\OneDrive\Documentos\GitHub\watchlist\6.Trading_Journal\backend\.venv\Lib\site-packages\httpx\_client.py", line 1730, in _send_single_request
    response = await transport.handle_async_request(request)
               ^^^^^^^^^^^^^^^^^^^^^^^^^^^^^^^^^^^^^^^^^^^^^
  File "C:\Users\inven\OneDrive\Documentos\GitHub\watchlist\6.Trading_Journal\backend\.venv\Lib\site-packages\httpx\_transports\default.py", line 393, in handle_async_request
    with map_httpcore_exceptions():
         ~~~~~~~~~~~~~~~~~~~~~~~^^
  File "C:\Python314\Lib\contextlib.py", line 162, in __exit__
    self.gen.throw(value)
    ~~~~~~~~~~~~~~^^^^^^^
  File "C:\Users\inven\OneDrive\Documentos\GitHub\watchlist\6.Trading_Journal\backend\.venv\Lib\site-packages\httpx\_transports\default.py", line 118, in map_httpcore_exceptions
    raise mapped_exc(message) from exc
httpx.ReadTimeout

2026-01-28 19:58:58,282 | ERROR | services.position_monitor | Error fetching positions: ReadTimeout: 
2026-01-28 19:58:58,286 | ERROR | services.position_monitor | Traceback (most recent call last):
  File "C:\Users\inven\OneDrive\Documentos\GitHub\watchlist\6.Trading_Journal\backend\.venv\Lib\site-packages\httpx\_transports\default.py", line 101, in map_httpcore_exceptions
    yield
  File "C:\Users\inven\OneDrive\Documentos\GitHub\watchlist\6.Trading_Journal\backend\.venv\Lib\site-packages\httpx\_transports\default.py", line 394, in handle_async_request
    resp = await self._pool.handle_async_request(req)
           ^^^^^^^^^^^^^^^^^^^^^^^^^^^^^^^^^^^^^^^^^^
  File "C:\Users\inven\OneDrive\Documentos\GitHub\watchlist\6.Trading_Journal\backend\.venv\Lib\site-packages\httpcore\_async\connection_pool.py", line 256, in handle_async_request
    raise exc from None
  File "C:\Users\inven\OneDrive\Documentos\GitHub\watchlist\6.Trading_Journal\backend\.venv\Lib\site-packages\httpcore\_async\connection_pool.py", line 236, in handle_async_request
    response = await connection.handle_async_request(
               ^^^^^^^^^^^^^^^^^^^^^^^^^^^^^^^^^^^^^^
        pool_request.request
        ^^^^^^^^^^^^^^^^^^^^
    )
    ^
  File "C:\Users\inven\OneDrive\Documentos\GitHub\watchlist\6.Trading_Journal\backend\.venv\Lib\site-packages\httpcore\_async\connection.py", line 103, in handle_async_request
    return await self._connection.handle_async_request(request)
           ^^^^^^^^^^^^^^^^^^^^^^^^^^^^^^^^^^^^^^^^^^^^^^^^^^^^
  File "C:\Users\inven\OneDrive\Documentos\GitHub\watchlist\6.Trading_Journal\backend\.venv\Lib\site-packages\httpcore\_async\http11.py", line 136, in handle_async_request
    raise exc
  File "C:\Users\inven\OneDrive\Documentos\GitHub\watchlist\6.Trading_Journal\backend\.venv\Lib\site-packages\httpcore\_async\http11.py", line 106, in handle_async_request
    ) = await self._receive_response_headers(**kwargs)
        ^^^^^^^^^^^^^^^^^^^^^^^^^^^^^^^^^^^^^^^^^^^^^^
  File "C:\Users\inven\OneDrive\Documentos\GitHub\watchlist\6.Trading_Journal\backend\.venv\Lib\site-packages\httpcore\_async\http11.py", line 177, in _receive_response_headers
    event = await self._receive_event(timeout=timeout)
            ^^^^^^^^^^^^^^^^^^^^^^^^^^^^^^^^^^^^^^^^^^
  File "C:\Users\inven\OneDrive\Documentos\GitHub\watchlist\6.Trading_Journal\backend\.venv\Lib\site-packages\httpcore\_async\http11.py", line 217, in _receive_event
    data = await self._network_stream.read(
           ^^^^^^^^^^^^^^^^^^^^^^^^^^^^^^^^
        self.READ_NUM_BYTES, timeout=timeout
        ^^^^^^^^^^^^^^^^^^^^^^^^^^^^^^^^^^^^
    )
    ^
  File "C:\Users\inven\OneDrive\Documentos\GitHub\watchlist\6.Trading_Journal\backend\.venv\Lib\site-packages\httpcore\_backends\anyio.py", line 32, in read
    with map_exceptions(exc_map):
         ~~~~~~~~~~~~~~^^^^^^^^^
  File "C:\Python314\Lib\contextlib.py", line 162, in __exit__
    self.gen.throw(value)
    ~~~~~~~~~~~~~~^^^^^^^
  File "C:\Users\inven\OneDrive\Documentos\GitHub\watchlist\6.Trading_Journal\backend\.venv\Lib\site-packages\httpcore\_exceptions.py", line 14, in map_exceptions
    raise to_exc(exc) from exc
httpcore.ReadTimeout

The above exception was the direct cause of the following exception:

Traceback (most recent call last):
  File "C:\Users\inven\OneDrive\Documentos\GitHub\watchlist\6.Trading_Journal\backend\services\position_monitor.py", line 186, in _fetch_positions
    response = await self._http_client.get(
               ^^^^^^^^^^^^^^^^^^^^^^^^^^^^
        f"{self.trading_bot_url}/api/positions"
        ^^^^^^^^^^^^^^^^^^^^^^^^^^^^^^^^^^^^^^^
    )
    ^
  File "C:\Users\inven\OneDrive\Documentos\GitHub\watchlist\6.Trading_Journal\backend\.venv\Lib\site-packages\httpx\_client.py", line 1768, in get
    return await self.request(
           ^^^^^^^^^^^^^^^^^^^
    ...<9 lines>...
    )
    ^
  File "C:\Users\inven\OneDrive\Documentos\GitHub\watchlist\6.Trading_Journal\backend\.venv\Lib\site-packages\httpx\_client.py", line 1540, in request
    return await self.send(request, auth=auth, follow_redirects=follow_redirects)
           ^^^^^^^^^^^^^^^^^^^^^^^^^^^^^^^^^^^^^^^^^^^^^^^^^^^^^^^^^^^^^^^^^^^^^^
  File "C:\Users\inven\OneDrive\Documentos\GitHub\watchlist\6.Trading_Journal\backend\.venv\Lib\site-packages\httpx\_client.py", line 1629, in send
    response = await self._send_handling_auth(
               ^^^^^^^^^^^^^^^^^^^^^^^^^^^^^^^
    ...<4 lines>...
    )
    ^
  File "C:\Users\inven\OneDrive\Documentos\GitHub\watchlist\6.Trading_Journal\backend\.venv\Lib\site-packages\httpx\_client.py", line 1657, in _send_handling_auth
    response = await self._send_handling_redirects(
               ^^^^^^^^^^^^^^^^^^^^^^^^^^^^^^^^^^^^
    ...<3 lines>...
    )
    ^
  File "C:\Users\inven\OneDrive\Documentos\GitHub\watchlist\6.Trading_Journal\backend\.venv\Lib\site-packages\httpx\_client.py", line 1694, in _send_handling_redirects
    response = await self._send_single_request(request)
               ^^^^^^^^^^^^^^^^^^^^^^^^^^^^^^^^^^^^^^^^
  File "C:\Users\inven\OneDrive\Documentos\GitHub\watchlist\6.Trading_Journal\backend\.venv\Lib\site-packages\httpx\_client.py", line 1730, in _send_single_request
    response = await transport.handle_async_request(request)
               ^^^^^^^^^^^^^^^^^^^^^^^^^^^^^^^^^^^^^^^^^^^^^
  File "C:\Users\inven\OneDrive\Documentos\GitHub\watchlist\6.Trading_Journal\backend\.venv\Lib\site-packages\httpx\_transports\default.py", line 393, in handle_async_request
    with map_httpcore_exceptions():
         ~~~~~~~~~~~~~~~~~~~~~~~^^
  File "C:\Python314\Lib\contextlib.py", line 162, in __exit__
    self.gen.throw(value)
    ~~~~~~~~~~~~~~^^^^^^^
  File "C:\Users\inven\OneDrive\Documentos\GitHub\watchlist\6.Trading_Journal\backend\.venv\Lib\site-packages\httpx\_transports\default.py", line 118, in map_httpcore_exceptions
    raise mapped_exc(message) from exc
httpx.ReadTimeout

2026-01-28 19:59:13,572 | ERROR | services.position_monitor | Error fetching positions: ReadTimeout: 
2026-01-28 19:59:13,577 | ERROR | services.position_monitor | Traceback (most recent call last):
  File "C:\Users\inven\OneDrive\Documentos\GitHub\watchlist\6.Trading_Journal\backend\.venv\Lib\site-packages\httpx\_transports\default.py", line 101, in map_httpcore_exceptions
    yield
  File "C:\Users\inven\OneDrive\Documentos\GitHub\watchlist\6.Trading_Journal\backend\.venv\Lib\site-packages\httpx\_transports\default.py", line 394, in handle_async_request
    resp = await self._pool.handle_async_request(req)
           ^^^^^^^^^^^^^^^^^^^^^^^^^^^^^^^^^^^^^^^^^^
  File "C:\Users\inven\OneDrive\Documentos\GitHub\watchlist\6.Trading_Journal\backend\.venv\Lib\site-packages\httpcore\_async\connection_pool.py", line 256, in handle_async_request
    raise exc from None
  File "C:\Users\inven\OneDrive\Documentos\GitHub\watchlist\6.Trading_Journal\backend\.venv\Lib\site-packages\httpcore\_async\connection_pool.py", line 236, in handle_async_request
    response = await connection.handle_async_request(
               ^^^^^^^^^^^^^^^^^^^^^^^^^^^^^^^^^^^^^^
        pool_request.request
        ^^^^^^^^^^^^^^^^^^^^
    )
    ^
  File "C:\Users\inven\OneDrive\Documentos\GitHub\watchlist\6.Trading_Journal\backend\.venv\Lib\site-packages\httpcore\_async\connection.py", line 103, in handle_async_request
    return await self._connection.handle_async_request(request)
           ^^^^^^^^^^^^^^^^^^^^^^^^^^^^^^^^^^^^^^^^^^^^^^^^^^^^
  File "C:\Users\inven\OneDrive\Documentos\GitHub\watchlist\6.Trading_Journal\backend\.venv\Lib\site-packages\httpcore\_async\http11.py", line 136, in handle_async_request
    raise exc
  File "C:\Users\inven\OneDrive\Documentos\GitHub\watchlist\6.Trading_Journal\backend\.venv\Lib\site-packages\httpcore\_async\http11.py", line 106, in handle_async_request
    ) = await self._receive_response_headers(**kwargs)
        ^^^^^^^^^^^^^^^^^^^^^^^^^^^^^^^^^^^^^^^^^^^^^^
  File "C:\Users\inven\OneDrive\Documentos\GitHub\watchlist\6.Trading_Journal\backend\.venv\Lib\site-packages\httpcore\_async\http11.py", line 177, in _receive_response_headers
    event = await self._receive_event(timeout=timeout)
            ^^^^^^^^^^^^^^^^^^^^^^^^^^^^^^^^^^^^^^^^^^
  File "C:\Users\inven\OneDrive\Documentos\GitHub\watchlist\6.Trading_Journal\backend\.venv\Lib\site-packages\httpcore\_async\http11.py", line 217, in _receive_event
    data = await self._network_stream.read(
           ^^^^^^^^^^^^^^^^^^^^^^^^^^^^^^^^
        self.READ_NUM_BYTES, timeout=timeout
        ^^^^^^^^^^^^^^^^^^^^^^^^^^^^^^^^^^^^
    )
    ^
  File "C:\Users\inven\OneDrive\Documentos\GitHub\watchlist\6.Trading_Journal\backend\.venv\Lib\site-packages\httpcore\_backends\anyio.py", line 32, in read
    with map_exceptions(exc_map):
         ~~~~~~~~~~~~~~^^^^^^^^^
  File "C:\Python314\Lib\contextlib.py", line 162, in __exit__
    self.gen.throw(value)
    ~~~~~~~~~~~~~~^^^^^^^
  File "C:\Users\inven\OneDrive\Documentos\GitHub\watchlist\6.Trading_Journal\backend\.venv\Lib\site-packages\httpcore\_exceptions.py", line 14, in map_exceptions
    raise to_exc(exc) from exc
httpcore.ReadTimeout

The above exception was the direct cause of the following exception:

Traceback (most recent call last):
  File "C:\Users\inven\OneDrive\Documentos\GitHub\watchlist\6.Trading_Journal\backend\services\position_monitor.py", line 186, in _fetch_positions
    response = await self._http_client.get(
               ^^^^^^^^^^^^^^^^^^^^^^^^^^^^
        f"{self.trading_bot_url}/api/positions"
        ^^^^^^^^^^^^^^^^^^^^^^^^^^^^^^^^^^^^^^^
    )
    ^
  File "C:\Users\inven\OneDrive\Documentos\GitHub\watchlist\6.Trading_Journal\backend\.venv\Lib\site-packages\httpx\_client.py", line 1768, in get
    return await self.request(
           ^^^^^^^^^^^^^^^^^^^
    ...<9 lines>...
    )
    ^
  File "C:\Users\inven\OneDrive\Documentos\GitHub\watchlist\6.Trading_Journal\backend\.venv\Lib\site-packages\httpx\_client.py", line 1540, in request
    return await self.send(request, auth=auth, follow_redirects=follow_redirects)
           ^^^^^^^^^^^^^^^^^^^^^^^^^^^^^^^^^^^^^^^^^^^^^^^^^^^^^^^^^^^^^^^^^^^^^^
  File "C:\Users\inven\OneDrive\Documentos\GitHub\watchlist\6.Trading_Journal\backend\.venv\Lib\site-packages\httpx\_client.py", line 1629, in send
    response = await self._send_handling_auth(
               ^^^^^^^^^^^^^^^^^^^^^^^^^^^^^^^
    ...<4 lines>...
    )
    ^
  File "C:\Users\inven\OneDrive\Documentos\GitHub\watchlist\6.Trading_Journal\backend\.venv\Lib\site-packages\httpx\_client.py", line 1657, in _send_handling_auth
    response = await self._send_handling_redirects(
               ^^^^^^^^^^^^^^^^^^^^^^^^^^^^^^^^^^^^
    ...<3 lines>...
    )
    ^
  File "C:\Users\inven\OneDrive\Documentos\GitHub\watchlist\6.Trading_Journal\backend\.venv\Lib\site-packages\httpx\_client.py", line 1694, in _send_handling_redirects
    response = await self._send_single_request(request)
               ^^^^^^^^^^^^^^^^^^^^^^^^^^^^^^^^^^^^^^^^
  File "C:\Users\inven\OneDrive\Documentos\GitHub\watchlist\6.Trading_Journal\backend\.venv\Lib\site-packages\httpx\_client.py", line 1730, in _send_single_request
    response = await transport.handle_async_request(request)
               ^^^^^^^^^^^^^^^^^^^^^^^^^^^^^^^^^^^^^^^^^^^^^
  File "C:\Users\inven\OneDrive\Documentos\GitHub\watchlist\6.Trading_Journal\backend\.venv\Lib\site-packages\httpx\_transports\default.py", line 393, in handle_async_request
    with map_httpcore_exceptions():
         ~~~~~~~~~~~~~~~~~~~~~~~^^
  File "C:\Python314\Lib\contextlib.py", line 162, in __exit__
    self.gen.throw(value)
    ~~~~~~~~~~~~~~^^^^^^^
  File "C:\Users\inven\OneDrive\Documentos\GitHub\watchlist\6.Trading_Journal\backend\.venv\Lib\site-packages\httpx\_transports\default.py", line 118, in map_httpcore_exceptions
    raise mapped_exc(message) from exc
httpx.ReadTimeout

2026-01-28 19:59:28,878 | ERROR | services.position_monitor | Error fetching positions: ReadTimeout: 
2026-01-28 19:59:28,888 | ERROR | services.position_monitor | Traceback (most recent call last):
  File "C:\Users\inven\OneDrive\Documentos\GitHub\watchlist\6.Trading_Journal\backend\.venv\Lib\site-packages\httpx\_transports\default.py", line 101, in map_httpcore_exceptions
    yield
  File "C:\Users\inven\OneDrive\Documentos\GitHub\watchlist\6.Trading_Journal\backend\.venv\Lib\site-packages\httpx\_transports\default.py", line 394, in handle_async_request
    resp = await self._pool.handle_async_request(req)
           ^^^^^^^^^^^^^^^^^^^^^^^^^^^^^^^^^^^^^^^^^^
  File "C:\Users\inven\OneDrive\Documentos\GitHub\watchlist\6.Trading_Journal\backend\.venv\Lib\site-packages\httpcore\_async\connection_pool.py", line 256, in handle_async_request
    raise exc from None
  File "C:\Users\inven\OneDrive\Documentos\GitHub\watchlist\6.Trading_Journal\backend\.venv\Lib\site-packages\httpcore\_async\connection_pool.py", line 236, in handle_async_request
    response = await connection.handle_async_request(
               ^^^^^^^^^^^^^^^^^^^^^^^^^^^^^^^^^^^^^^
        pool_request.request
        ^^^^^^^^^^^^^^^^^^^^
    )
    ^
  File "C:\Users\inven\OneDrive\Documentos\GitHub\watchlist\6.Trading_Journal\backend\.venv\Lib\site-packages\httpcore\_async\connection.py", line 103, in handle_async_request
    return await self._connection.handle_async_request(request)
           ^^^^^^^^^^^^^^^^^^^^^^^^^^^^^^^^^^^^^^^^^^^^^^^^^^^^
  File "C:\Users\inven\OneDrive\Documentos\GitHub\watchlist\6.Trading_Journal\backend\.venv\Lib\site-packages\httpcore\_async\http11.py", line 136, in handle_async_request
    raise exc
  File "C:\Users\inven\OneDrive\Documentos\GitHub\watchlist\6.Trading_Journal\backend\.venv\Lib\site-packages\httpcore\_async\http11.py", line 106, in handle_async_request
    ) = await self._receive_response_headers(**kwargs)
        ^^^^^^^^^^^^^^^^^^^^^^^^^^^^^^^^^^^^^^^^^^^^^^
  File "C:\Users\inven\OneDrive\Documentos\GitHub\watchlist\6.Trading_Journal\backend\.venv\Lib\site-packages\httpcore\_async\http11.py", line 177, in _receive_response_headers
    event = await self._receive_event(timeout=timeout)
            ^^^^^^^^^^^^^^^^^^^^^^^^^^^^^^^^^^^^^^^^^^
  File "C:\Users\inven\OneDrive\Documentos\GitHub\watchlist\6.Trading_Journal\backend\.venv\Lib\site-packages\httpcore\_async\http11.py", line 217, in _receive_event
    data = await self._network_stream.read(
           ^^^^^^^^^^^^^^^^^^^^^^^^^^^^^^^^
        self.READ_NUM_BYTES, timeout=timeout
        ^^^^^^^^^^^^^^^^^^^^^^^^^^^^^^^^^^^^
    )
    ^
  File "C:\Users\inven\OneDrive\Documentos\GitHub\watchlist\6.Trading_Journal\backend\.venv\Lib\site-packages\httpcore\_backends\anyio.py", line 32, in read
    with map_exceptions(exc_map):
         ~~~~~~~~~~~~~~^^^^^^^^^
  File "C:\Python314\Lib\contextlib.py", line 162, in __exit__
    self.gen.throw(value)
    ~~~~~~~~~~~~~~^^^^^^^
  File "C:\Users\inven\OneDrive\Documentos\GitHub\watchlist\6.Trading_Journal\backend\.venv\Lib\site-packages\httpcore\_exceptions.py", line 14, in map_exceptions
    raise to_exc(exc) from exc
httpcore.ReadTimeout

The above exception was the direct cause of the following exception:

Traceback (most recent call last):
  File "C:\Users\inven\OneDrive\Documentos\GitHub\watchlist\6.Trading_Journal\backend\services\position_monitor.py", line 186, in _fetch_positions
    response = await self._http_client.get(
               ^^^^^^^^^^^^^^^^^^^^^^^^^^^^
        f"{self.trading_bot_url}/api/positions"
        ^^^^^^^^^^^^^^^^^^^^^^^^^^^^^^^^^^^^^^^
    )
    ^
  File "C:\Users\inven\OneDrive\Documentos\GitHub\watchlist\6.Trading_Journal\backend\.venv\Lib\site-packages\httpx\_client.py", line 1768, in get
    return await self.request(
           ^^^^^^^^^^^^^^^^^^^
    ...<9 lines>...
    )
    ^
  File "C:\Users\inven\OneDrive\Documentos\GitHub\watchlist\6.Trading_Journal\backend\.venv\Lib\site-packages\httpx\_client.py", line 1540, in request
    return await self.send(request, auth=auth, follow_redirects=follow_redirects)
           ^^^^^^^^^^^^^^^^^^^^^^^^^^^^^^^^^^^^^^^^^^^^^^^^^^^^^^^^^^^^^^^^^^^^^^
  File "C:\Users\inven\OneDrive\Documentos\GitHub\watchlist\6.Trading_Journal\backend\.venv\Lib\site-packages\httpx\_client.py", line 1629, in send
    response = await self._send_handling_auth(
               ^^^^^^^^^^^^^^^^^^^^^^^^^^^^^^^
    ...<4 lines>...
    )
    ^
  File "C:\Users\inven\OneDrive\Documentos\GitHub\watchlist\6.Trading_Journal\backend\.venv\Lib\site-packages\httpx\_client.py", line 1657, in _send_handling_auth
    response = await self._send_handling_redirects(
               ^^^^^^^^^^^^^^^^^^^^^^^^^^^^^^^^^^^^
    ...<3 lines>...
    )
    ^
  File "C:\Users\inven\OneDrive\Documentos\GitHub\watchlist\6.Trading_Journal\backend\.venv\Lib\site-packages\httpx\_client.py", line 1694, in _send_handling_redirects
    response = await self._send_single_request(request)
               ^^^^^^^^^^^^^^^^^^^^^^^^^^^^^^^^^^^^^^^^
  File "C:\Users\inven\OneDrive\Documentos\GitHub\watchlist\6.Trading_Journal\backend\.venv\Lib\site-packages\httpx\_client.py", line 1730, in _send_single_request
    response = await transport.handle_async_request(request)
               ^^^^^^^^^^^^^^^^^^^^^^^^^^^^^^^^^^^^^^^^^^^^^
  File "C:\Users\inven\OneDrive\Documentos\GitHub\watchlist\6.Trading_Journal\backend\.venv\Lib\site-packages\httpx\_transports\default.py", line 393, in handle_async_request
    with map_httpcore_exceptions():
         ~~~~~~~~~~~~~~~~~~~~~~~^^
  File "C:\Python314\Lib\contextlib.py", line 162, in __exit__
    self.gen.throw(value)
    ~~~~~~~~~~~~~~^^^^^^^
  File "C:\Users\inven\OneDrive\Documentos\GitHub\watchlist\6.Trading_Journal\backend\.venv\Lib\site-packages\httpx\_transports\default.py", line 118, in map_httpcore_exceptions
    raise mapped_exc(message) from exc
httpx.ReadTimeout

2026-01-28 19:59:44,171 | ERROR | services.position_monitor | Error fetching positions: ReadTimeout: 
2026-01-28 19:59:44,177 | ERROR | services.position_monitor | Traceback (most recent call last):
  File "C:\Users\inven\OneDrive\Documentos\GitHub\watchlist\6.Trading_Journal\backend\.venv\Lib\site-packages\httpx\_transports\default.py", line 101, in map_httpcore_exceptions
    yield
  File "C:\Users\inven\OneDrive\Documentos\GitHub\watchlist\6.Trading_Journal\backend\.venv\Lib\site-packages\httpx\_transports\default.py", line 394, in handle_async_request
    resp = await self._pool.handle_async_request(req)
           ^^^^^^^^^^^^^^^^^^^^^^^^^^^^^^^^^^^^^^^^^^
  File "C:\Users\inven\OneDrive\Documentos\GitHub\watchlist\6.Trading_Journal\backend\.venv\Lib\site-packages\httpcore\_async\connection_pool.py", line 256, in handle_async_request
    raise exc from None
  File "C:\Users\inven\OneDrive\Documentos\GitHub\watchlist\6.Trading_Journal\backend\.venv\Lib\site-packages\httpcore\_async\connection_pool.py", line 236, in handle_async_request
    response = await connection.handle_async_request(
               ^^^^^^^^^^^^^^^^^^^^^^^^^^^^^^^^^^^^^^
        pool_request.request
        ^^^^^^^^^^^^^^^^^^^^
    )
    ^
  File "C:\Users\inven\OneDrive\Documentos\GitHub\watchlist\6.Trading_Journal\backend\.venv\Lib\site-packages\httpcore\_async\connection.py", line 103, in handle_async_request
    return await self._connection.handle_async_request(request)
           ^^^^^^^^^^^^^^^^^^^^^^^^^^^^^^^^^^^^^^^^^^^^^^^^^^^^
  File "C:\Users\inven\OneDrive\Documentos\GitHub\watchlist\6.Trading_Journal\backend\.venv\Lib\site-packages\httpcore\_async\http11.py", line 136, in handle_async_request
    raise exc
  File "C:\Users\inven\OneDrive\Documentos\GitHub\watchlist\6.Trading_Journal\backend\.venv\Lib\site-packages\httpcore\_async\http11.py", line 106, in handle_async_request
    ) = await self._receive_response_headers(**kwargs)
        ^^^^^^^^^^^^^^^^^^^^^^^^^^^^^^^^^^^^^^^^^^^^^^
  File "C:\Users\inven\OneDrive\Documentos\GitHub\watchlist\6.Trading_Journal\backend\.venv\Lib\site-packages\httpcore\_async\http11.py", line 177, in _receive_response_headers
    event = await self._receive_event(timeout=timeout)
            ^^^^^^^^^^^^^^^^^^^^^^^^^^^^^^^^^^^^^^^^^^
  File "C:\Users\inven\OneDrive\Documentos\GitHub\watchlist\6.Trading_Journal\backend\.venv\Lib\site-packages\httpcore\_async\http11.py", line 217, in _receive_event
    data = await self._network_stream.read(
           ^^^^^^^^^^^^^^^^^^^^^^^^^^^^^^^^
        self.READ_NUM_BYTES, timeout=timeout
        ^^^^^^^^^^^^^^^^^^^^^^^^^^^^^^^^^^^^
    )
    ^
  File "C:\Users\inven\OneDrive\Documentos\GitHub\watchlist\6.Trading_Journal\backend\.venv\Lib\site-packages\httpcore\_backends\anyio.py", line 32, in read
    with map_exceptions(exc_map):
         ~~~~~~~~~~~~~~^^^^^^^^^
  File "C:\Python314\Lib\contextlib.py", line 162, in __exit__
    self.gen.throw(value)
    ~~~~~~~~~~~~~~^^^^^^^
  File "C:\Users\inven\OneDrive\Documentos\GitHub\watchlist\6.Trading_Journal\backend\.venv\Lib\site-packages\httpcore\_exceptions.py", line 14, in map_exceptions
    raise to_exc(exc) from exc
httpcore.ReadTimeout

The above exception was the direct cause of the following exception:

Traceback (most recent call last):
  File "C:\Users\inven\OneDrive\Documentos\GitHub\watchlist\6.Trading_Journal\backend\services\position_monitor.py", line 186, in _fetch_positions
    response = await self._http_client.get(
               ^^^^^^^^^^^^^^^^^^^^^^^^^^^^
        f"{self.trading_bot_url}/api/positions"
        ^^^^^^^^^^^^^^^^^^^^^^^^^^^^^^^^^^^^^^^
    )
    ^
  File "C:\Users\inven\OneDrive\Documentos\GitHub\watchlist\6.Trading_Journal\backend\.venv\Lib\site-packages\httpx\_client.py", line 1768, in get
    return await self.request(
           ^^^^^^^^^^^^^^^^^^^
    ...<9 lines>...
    )
    ^
  File "C:\Users\inven\OneDrive\Documentos\GitHub\watchlist\6.Trading_Journal\backend\.venv\Lib\site-packages\httpx\_client.py", line 1540, in request
    return await self.send(request, auth=auth, follow_redirects=follow_redirects)
           ^^^^^^^^^^^^^^^^^^^^^^^^^^^^^^^^^^^^^^^^^^^^^^^^^^^^^^^^^^^^^^^^^^^^^^
  File "C:\Users\inven\OneDrive\Documentos\GitHub\watchlist\6.Trading_Journal\backend\.venv\Lib\site-packages\httpx\_client.py", line 1629, in send
    response = await self._send_handling_auth(
               ^^^^^^^^^^^^^^^^^^^^^^^^^^^^^^^
    ...<4 lines>...
    )
    ^
  File "C:\Users\inven\OneDrive\Documentos\GitHub\watchlist\6.Trading_Journal\backend\.venv\Lib\site-packages\httpx\_client.py", line 1657, in _send_handling_auth
    response = await self._send_handling_redirects(
               ^^^^^^^^^^^^^^^^^^^^^^^^^^^^^^^^^^^^
    ...<3 lines>...
    )
    ^
  File "C:\Users\inven\OneDrive\Documentos\GitHub\watchlist\6.Trading_Journal\backend\.venv\Lib\site-packages\httpx\_client.py", line 1694, in _send_handling_redirects
    response = await self._send_single_request(request)
               ^^^^^^^^^^^^^^^^^^^^^^^^^^^^^^^^^^^^^^^^
  File "C:\Users\inven\OneDrive\Documentos\GitHub\watchlist\6.Trading_Journal\backend\.venv\Lib\site-packages\httpx\_client.py", line 1730, in _send_single_request
    response = await transport.handle_async_request(request)
               ^^^^^^^^^^^^^^^^^^^^^^^^^^^^^^^^^^^^^^^^^^^^^
  File "C:\Users\inven\OneDrive\Documentos\GitHub\watchlist\6.Trading_Journal\backend\.venv\Lib\site-packages\httpx\_transports\default.py", line 393, in handle_async_request
    with map_httpcore_exceptions():
         ~~~~~~~~~~~~~~~~~~~~~~~^^
  File "C:\Python314\Lib\contextlib.py", line 162, in __exit__
    self.gen.throw(value)
    ~~~~~~~~~~~~~~^^^^^^^
  File "C:\Users\inven\OneDrive\Documentos\GitHub\watchlist\6.Trading_Journal\backend\.venv\Lib\site-packages\httpx\_transports\default.py", line 118, in map_httpcore_exceptions
    raise mapped_exc(message) from exc
httpx.ReadTimeout

2026-01-28 19:59:59,493 | ERROR | services.position_monitor | Error fetching positions: ReadTimeout: 
2026-01-28 19:59:59,499 | ERROR | services.position_monitor | Traceback (most recent call last):
  File "C:\Users\inven\OneDrive\Documentos\GitHub\watchlist\6.Trading_Journal\backend\.venv\Lib\site-packages\httpx\_transports\default.py", line 101, in map_httpcore_exceptions
    yield
  File "C:\Users\inven\OneDrive\Documentos\GitHub\watchlist\6.Trading_Journal\backend\.venv\Lib\site-packages\httpx\_transports\default.py", line 394, in handle_async_request
    resp = await self._pool.handle_async_request(req)
           ^^^^^^^^^^^^^^^^^^^^^^^^^^^^^^^^^^^^^^^^^^
  File "C:\Users\inven\OneDrive\Documentos\GitHub\watchlist\6.Trading_Journal\backend\.venv\Lib\site-packages\httpcore\_async\connection_pool.py", line 256, in handle_async_request
    raise exc from None
  File "C:\Users\inven\OneDrive\Documentos\GitHub\watchlist\6.Trading_Journal\backend\.venv\Lib\site-packages\httpcore\_async\connection_pool.py", line 236, in handle_async_request
    response = await connection.handle_async_request(
               ^^^^^^^^^^^^^^^^^^^^^^^^^^^^^^^^^^^^^^
        pool_request.request
        ^^^^^^^^^^^^^^^^^^^^
    )
    ^
  File "C:\Users\inven\OneDrive\Documentos\GitHub\watchlist\6.Trading_Journal\backend\.venv\Lib\site-packages\httpcore\_async\connection.py", line 103, in handle_async_request
    return await self._connection.handle_async_request(request)
           ^^^^^^^^^^^^^^^^^^^^^^^^^^^^^^^^^^^^^^^^^^^^^^^^^^^^
  File "C:\Users\inven\OneDrive\Documentos\GitHub\watchlist\6.Trading_Journal\backend\.venv\Lib\site-packages\httpcore\_async\http11.py", line 136, in handle_async_request
    raise exc
  File "C:\Users\inven\OneDrive\Documentos\GitHub\watchlist\6.Trading_Journal\backend\.venv\Lib\site-packages\httpcore\_async\http11.py", line 106, in handle_async_request
    ) = await self._receive_response_headers(**kwargs)
        ^^^^^^^^^^^^^^^^^^^^^^^^^^^^^^^^^^^^^^^^^^^^^^
  File "C:\Users\inven\OneDrive\Documentos\GitHub\watchlist\6.Trading_Journal\backend\.venv\Lib\site-packages\httpcore\_async\http11.py", line 177, in _receive_response_headers
    event = await self._receive_event(timeout=timeout)
            ^^^^^^^^^^^^^^^^^^^^^^^^^^^^^^^^^^^^^^^^^^
  File "C:\Users\inven\OneDrive\Documentos\GitHub\watchlist\6.Trading_Journal\backend\.venv\Lib\site-packages\httpcore\_async\http11.py", line 217, in _receive_event
    data = await self._network_stream.read(
           ^^^^^^^^^^^^^^^^^^^^^^^^^^^^^^^^
        self.READ_NUM_BYTES, timeout=timeout
        ^^^^^^^^^^^^^^^^^^^^^^^^^^^^^^^^^^^^
    )
    ^
  File "C:\Users\inven\OneDrive\Documentos\GitHub\watchlist\6.Trading_Journal\backend\.venv\Lib\site-packages\httpcore\_backends\anyio.py", line 32, in read
    with map_exceptions(exc_map):
         ~~~~~~~~~~~~~~^^^^^^^^^
  File "C:\Python314\Lib\contextlib.py", line 162, in __exit__
    self.gen.throw(value)
    ~~~~~~~~~~~~~~^^^^^^^
  File "C:\Users\inven\OneDrive\Documentos\GitHub\watchlist\6.Trading_Journal\backend\.venv\Lib\site-packages\httpcore\_exceptions.py", line 14, in map_exceptions
    raise to_exc(exc) from exc
httpcore.ReadTimeout

The above exception was the direct cause of the following exception:

Traceback (most recent call last):
  File "C:\Users\inven\OneDrive\Documentos\GitHub\watchlist\6.Trading_Journal\backend\services\position_monitor.py", line 186, in _fetch_positions
    response = await self._http_client.get(
               ^^^^^^^^^^^^^^^^^^^^^^^^^^^^
        f"{self.trading_bot_url}/api/positions"
        ^^^^^^^^^^^^^^^^^^^^^^^^^^^^^^^^^^^^^^^
    )
    ^
  File "C:\Users\inven\OneDrive\Documentos\GitHub\watchlist\6.Trading_Journal\backend\.venv\Lib\site-packages\httpx\_client.py", line 1768, in get
    return await self.request(
           ^^^^^^^^^^^^^^^^^^^
    ...<9 lines>...
    )
    ^
  File "C:\Users\inven\OneDrive\Documentos\GitHub\watchlist\6.Trading_Journal\backend\.venv\Lib\site-packages\httpx\_client.py", line 1540, in request
    return await self.send(request, auth=auth, follow_redirects=follow_redirects)
           ^^^^^^^^^^^^^^^^^^^^^^^^^^^^^^^^^^^^^^^^^^^^^^^^^^^^^^^^^^^^^^^^^^^^^^
  File "C:\Users\inven\OneDrive\Documentos\GitHub\watchlist\6.Trading_Journal\backend\.venv\Lib\site-packages\httpx\_client.py", line 1629, in send
    response = await self._send_handling_auth(
               ^^^^^^^^^^^^^^^^^^^^^^^^^^^^^^^
    ...<4 lines>...
    )
    ^
  File "C:\Users\inven\OneDrive\Documentos\GitHub\watchlist\6.Trading_Journal\backend\.venv\Lib\site-packages\httpx\_client.py", line 1657, in _send_handling_auth
    response = await self._send_handling_redirects(
               ^^^^^^^^^^^^^^^^^^^^^^^^^^^^^^^^^^^^
    ...<3 lines>...
    )
    ^
  File "C:\Users\inven\OneDrive\Documentos\GitHub\watchlist\6.Trading_Journal\backend\.venv\Lib\site-packages\httpx\_client.py", line 1694, in _send_handling_redirects
    response = await self._send_single_request(request)
               ^^^^^^^^^^^^^^^^^^^^^^^^^^^^^^^^^^^^^^^^
  File "C:\Users\inven\OneDrive\Documentos\GitHub\watchlist\6.Trading_Journal\backend\.venv\Lib\site-packages\httpx\_client.py", line 1730, in _send_single_request
    response = await transport.handle_async_request(request)
               ^^^^^^^^^^^^^^^^^^^^^^^^^^^^^^^^^^^^^^^^^^^^^
  File "C:\Users\inven\OneDrive\Documentos\GitHub\watchlist\6.Trading_Journal\backend\.venv\Lib\site-packages\httpx\_transports\default.py", line 393, in handle_async_request
    with map_httpcore_exceptions():
         ~~~~~~~~~~~~~~~~~~~~~~~^^
  File "C:\Python314\Lib\contextlib.py", line 162, in __exit__
    self.gen.throw(value)
    ~~~~~~~~~~~~~~^^^^^^^
  File "C:\Users\inven\OneDrive\Documentos\GitHub\watchlist\6.Trading_Journal\backend\.venv\Lib\site-packages\httpx\_transports\default.py", line 118, in map_httpcore_exceptions
    raise mapped_exc(message) from exc
httpx.ReadTimeout

2026-01-28 20:00:14,795 | ERROR | services.position_monitor | Error fetching positions: ReadTimeout: 
2026-01-28 20:00:14,802 | ERROR | services.position_monitor | Traceback (most recent call last):
  File "C:\Users\inven\OneDrive\Documentos\GitHub\watchlist\6.Trading_Journal\backend\.venv\Lib\site-packages\httpx\_transports\default.py", line 101, in map_httpcore_exceptions
    yield
  File "C:\Users\inven\OneDrive\Documentos\GitHub\watchlist\6.Trading_Journal\backend\.venv\Lib\site-packages\httpx\_transports\default.py", line 394, in handle_async_request
    resp = await self._pool.handle_async_request(req)
           ^^^^^^^^^^^^^^^^^^^^^^^^^^^^^^^^^^^^^^^^^^
  File "C:\Users\inven\OneDrive\Documentos\GitHub\watchlist\6.Trading_Journal\backend\.venv\Lib\site-packages\httpcore\_async\connection_pool.py", line 256, in handle_async_request
    raise exc from None
  File "C:\Users\inven\OneDrive\Documentos\GitHub\watchlist\6.Trading_Journal\backend\.venv\Lib\site-packages\httpcore\_async\connection_pool.py", line 236, in handle_async_request
    response = await connection.handle_async_request(
               ^^^^^^^^^^^^^^^^^^^^^^^^^^^^^^^^^^^^^^
        pool_request.request
        ^^^^^^^^^^^^^^^^^^^^
    )
    ^
  File "C:\Users\inven\OneDrive\Documentos\GitHub\watchlist\6.Trading_Journal\backend\.venv\Lib\site-packages\httpcore\_async\connection.py", line 103, in handle_async_request
    return await self._connection.handle_async_request(request)
           ^^^^^^^^^^^^^^^^^^^^^^^^^^^^^^^^^^^^^^^^^^^^^^^^^^^^
  File "C:\Users\inven\OneDrive\Documentos\GitHub\watchlist\6.Trading_Journal\backend\.venv\Lib\site-packages\httpcore\_async\http11.py", line 136, in handle_async_request
    raise exc
  File "C:\Users\inven\OneDrive\Documentos\GitHub\watchlist\6.Trading_Journal\backend\.venv\Lib\site-packages\httpcore\_async\http11.py", line 106, in handle_async_request
    ) = await self._receive_response_headers(**kwargs)
        ^^^^^^^^^^^^^^^^^^^^^^^^^^^^^^^^^^^^^^^^^^^^^^
  File "C:\Users\inven\OneDrive\Documentos\GitHub\watchlist\6.Trading_Journal\backend\.venv\Lib\site-packages\httpcore\_async\http11.py", line 177, in _receive_response_headers
    event = await self._receive_event(timeout=timeout)
            ^^^^^^^^^^^^^^^^^^^^^^^^^^^^^^^^^^^^^^^^^^
  File "C:\Users\inven\OneDrive\Documentos\GitHub\watchlist\6.Trading_Journal\backend\.venv\Lib\site-packages\httpcore\_async\http11.py", line 217, in _receive_event
    data = await self._network_stream.read(
           ^^^^^^^^^^^^^^^^^^^^^^^^^^^^^^^^
        self.READ_NUM_BYTES, timeout=timeout
        ^^^^^^^^^^^^^^^^^^^^^^^^^^^^^^^^^^^^
    )
    ^
  File "C:\Users\inven\OneDrive\Documentos\GitHub\watchlist\6.Trading_Journal\backend\.venv\Lib\site-packages\httpcore\_backends\anyio.py", line 32, in read
    with map_exceptions(exc_map):
         ~~~~~~~~~~~~~~^^^^^^^^^
  File "C:\Python314\Lib\contextlib.py", line 162, in __exit__
    self.gen.throw(value)
    ~~~~~~~~~~~~~~^^^^^^^
  File "C:\Users\inven\OneDrive\Documentos\GitHub\watchlist\6.Trading_Journal\backend\.venv\Lib\site-packages\httpcore\_exceptions.py", line 14, in map_exceptions
    raise to_exc(exc) from exc
httpcore.ReadTimeout

The above exception was the direct cause of the following exception:

Traceback (most recent call last):
  File "C:\Users\inven\OneDrive\Documentos\GitHub\watchlist\6.Trading_Journal\backend\services\position_monitor.py", line 186, in _fetch_positions
    response = await self._http_client.get(
               ^^^^^^^^^^^^^^^^^^^^^^^^^^^^
        f"{self.trading_bot_url}/api/positions"
        ^^^^^^^^^^^^^^^^^^^^^^^^^^^^^^^^^^^^^^^
    )
    ^
  File "C:\Users\inven\OneDrive\Documentos\GitHub\watchlist\6.Trading_Journal\backend\.venv\Lib\site-packages\httpx\_client.py", line 1768, in get
    return await self.request(
           ^^^^^^^^^^^^^^^^^^^
    ...<9 lines>...
    )
    ^
  File "C:\Users\inven\OneDrive\Documentos\GitHub\watchlist\6.Trading_Journal\backend\.venv\Lib\site-packages\httpx\_client.py", line 1540, in request
    return await self.send(request, auth=auth, follow_redirects=follow_redirects)
           ^^^^^^^^^^^^^^^^^^^^^^^^^^^^^^^^^^^^^^^^^^^^^^^^^^^^^^^^^^^^^^^^^^^^^^
  File "C:\Users\inven\OneDrive\Documentos\GitHub\watchlist\6.Trading_Journal\backend\.venv\Lib\site-packages\httpx\_client.py", line 1629, in send
    response = await self._send_handling_auth(
               ^^^^^^^^^^^^^^^^^^^^^^^^^^^^^^^
    ...<4 lines>...
    )
    ^
  File "C:\Users\inven\OneDrive\Documentos\GitHub\watchlist\6.Trading_Journal\backend\.venv\Lib\site-packages\httpx\_client.py", line 1657, in _send_handling_auth
    response = await self._send_handling_redirects(
               ^^^^^^^^^^^^^^^^^^^^^^^^^^^^^^^^^^^^
    ...<3 lines>...
    )
    ^
  File "C:\Users\inven\OneDrive\Documentos\GitHub\watchlist\6.Trading_Journal\backend\.venv\Lib\site-packages\httpx\_client.py", line 1694, in _send_handling_redirects
    response = await self._send_single_request(request)
               ^^^^^^^^^^^^^^^^^^^^^^^^^^^^^^^^^^^^^^^^
  File "C:\Users\inven\OneDrive\Documentos\GitHub\watchlist\6.Trading_Journal\backend\.venv\Lib\site-packages\httpx\_client.py", line 1730, in _send_single_request
    response = await transport.handle_async_request(request)
               ^^^^^^^^^^^^^^^^^^^^^^^^^^^^^^^^^^^^^^^^^^^^^
  File "C:\Users\inven\OneDrive\Documentos\GitHub\watchlist\6.Trading_Journal\backend\.venv\Lib\site-packages\httpx\_transports\default.py", line 393, in handle_async_request
    with map_httpcore_exceptions():
         ~~~~~~~~~~~~~~~~~~~~~~~^^
  File "C:\Python314\Lib\contextlib.py", line 162, in __exit__
    self.gen.throw(value)
    ~~~~~~~~~~~~~~^^^^^^^
  File "C:\Users\inven\OneDrive\Documentos\GitHub\watchlist\6.Trading_Journal\backend\.venv\Lib\site-packages\httpx\_transports\default.py", line 118, in map_httpcore_exceptions
    raise mapped_exc(message) from exc
httpx.ReadTimeout

2026-01-28 20:00:30,084 | ERROR | services.position_monitor | Error fetching positions: ReadTimeout: 
2026-01-28 20:00:30,091 | ERROR | services.position_monitor | Traceback (most recent call last):
  File "C:\Users\inven\OneDrive\Documentos\GitHub\watchlist\6.Trading_Journal\backend\.venv\Lib\site-packages\httpx\_transports\default.py", line 101, in map_httpcore_exceptions
    yield
  File "C:\Users\inven\OneDrive\Documentos\GitHub\watchlist\6.Trading_Journal\backend\.venv\Lib\site-packages\httpx\_transports\default.py", line 394, in handle_async_request
    resp = await self._pool.handle_async_request(req)
           ^^^^^^^^^^^^^^^^^^^^^^^^^^^^^^^^^^^^^^^^^^
  File "C:\Users\inven\OneDrive\Documentos\GitHub\watchlist\6.Trading_Journal\backend\.venv\Lib\site-packages\httpcore\_async\connection_pool.py", line 256, in handle_async_request
    raise exc from None
  File "C:\Users\inven\OneDrive\Documentos\GitHub\watchlist\6.Trading_Journal\backend\.venv\Lib\site-packages\httpcore\_async\connection_pool.py", line 236, in handle_async_request
    response = await connection.handle_async_request(
               ^^^^^^^^^^^^^^^^^^^^^^^^^^^^^^^^^^^^^^
        pool_request.request
        ^^^^^^^^^^^^^^^^^^^^
    )
    ^
  File "C:\Users\inven\OneDrive\Documentos\GitHub\watchlist\6.Trading_Journal\backend\.venv\Lib\site-packages\httpcore\_async\connection.py", line 103, in handle_async_request
    return await self._connection.handle_async_request(request)
           ^^^^^^^^^^^^^^^^^^^^^^^^^^^^^^^^^^^^^^^^^^^^^^^^^^^^
  File "C:\Users\inven\OneDrive\Documentos\GitHub\watchlist\6.Trading_Journal\backend\.venv\Lib\site-packages\httpcore\_async\http11.py", line 136, in handle_async_request
    raise exc
  File "C:\Users\inven\OneDrive\Documentos\GitHub\watchlist\6.Trading_Journal\backend\.venv\Lib\site-packages\httpcore\_async\http11.py", line 106, in handle_async_request
    ) = await self._receive_response_headers(**kwargs)
        ^^^^^^^^^^^^^^^^^^^^^^^^^^^^^^^^^^^^^^^^^^^^^^
  File "C:\Users\inven\OneDrive\Documentos\GitHub\watchlist\6.Trading_Journal\backend\.venv\Lib\site-packages\httpcore\_async\http11.py", line 177, in _receive_response_headers
    event = await self._receive_event(timeout=timeout)
            ^^^^^^^^^^^^^^^^^^^^^^^^^^^^^^^^^^^^^^^^^^
  File "C:\Users\inven\OneDrive\Documentos\GitHub\watchlist\6.Trading_Journal\backend\.venv\Lib\site-packages\httpcore\_async\http11.py", line 217, in _receive_event
    data = await self._network_stream.read(
           ^^^^^^^^^^^^^^^^^^^^^^^^^^^^^^^^
        self.READ_NUM_BYTES, timeout=timeout
        ^^^^^^^^^^^^^^^^^^^^^^^^^^^^^^^^^^^^
    )
    ^
  File "C:\Users\inven\OneDrive\Documentos\GitHub\watchlist\6.Trading_Journal\backend\.venv\Lib\site-packages\httpcore\_backends\anyio.py", line 32, in read
    with map_exceptions(exc_map):
         ~~~~~~~~~~~~~~^^^^^^^^^
  File "C:\Python314\Lib\contextlib.py", line 162, in __exit__
    self.gen.throw(value)
    ~~~~~~~~~~~~~~^^^^^^^
  File "C:\Users\inven\OneDrive\Documentos\GitHub\watchlist\6.Trading_Journal\backend\.venv\Lib\site-packages\httpcore\_exceptions.py", line 14, in map_exceptions
    raise to_exc(exc) from exc
httpcore.ReadTimeout

The above exception was the direct cause of the following exception:

Traceback (most recent call last):
  File "C:\Users\inven\OneDrive\Documentos\GitHub\watchlist\6.Trading_Journal\backend\services\position_monitor.py", line 186, in _fetch_positions
    response = await self._http_client.get(
               ^^^^^^^^^^^^^^^^^^^^^^^^^^^^
        f"{self.trading_bot_url}/api/positions"
        ^^^^^^^^^^^^^^^^^^^^^^^^^^^^^^^^^^^^^^^
    )
    ^
  File "C:\Users\inven\OneDrive\Documentos\GitHub\watchlist\6.Trading_Journal\backend\.venv\Lib\site-packages\httpx\_client.py", line 1768, in get
    return await self.request(
           ^^^^^^^^^^^^^^^^^^^
    ...<9 lines>...
    )
    ^
  File "C:\Users\inven\OneDrive\Documentos\GitHub\watchlist\6.Trading_Journal\backend\.venv\Lib\site-packages\httpx\_client.py", line 1540, in request
    return await self.send(request, auth=auth, follow_redirects=follow_redirects)
           ^^^^^^^^^^^^^^^^^^^^^^^^^^^^^^^^^^^^^^^^^^^^^^^^^^^^^^^^^^^^^^^^^^^^^^
  File "C:\Users\inven\OneDrive\Documentos\GitHub\watchlist\6.Trading_Journal\backend\.venv\Lib\site-packages\httpx\_client.py", line 1629, in send
    response = await self._send_handling_auth(
               ^^^^^^^^^^^^^^^^^^^^^^^^^^^^^^^
    ...<4 lines>...
    )
    ^
  File "C:\Users\inven\OneDrive\Documentos\GitHub\watchlist\6.Trading_Journal\backend\.venv\Lib\site-packages\httpx\_client.py", line 1657, in _send_handling_auth
    response = await self._send_handling_redirects(
               ^^^^^^^^^^^^^^^^^^^^^^^^^^^^^^^^^^^^
    ...<3 lines>...
    )
    ^
  File "C:\Users\inven\OneDrive\Documentos\GitHub\watchlist\6.Trading_Journal\backend\.venv\Lib\site-packages\httpx\_client.py", line 1694, in _send_handling_redirects
    response = await self._send_single_request(request)
               ^^^^^^^^^^^^^^^^^^^^^^^^^^^^^^^^^^^^^^^^
  File "C:\Users\inven\OneDrive\Documentos\GitHub\watchlist\6.Trading_Journal\backend\.venv\Lib\site-packages\httpx\_client.py", line 1730, in _send_single_request
    response = await transport.handle_async_request(request)
               ^^^^^^^^^^^^^^^^^^^^^^^^^^^^^^^^^^^^^^^^^^^^^
  File "C:\Users\inven\OneDrive\Documentos\GitHub\watchlist\6.Trading_Journal\backend\.venv\Lib\site-packages\httpx\_transports\default.py", line 393, in handle_async_request
    with map_httpcore_exceptions():
         ~~~~~~~~~~~~~~~~~~~~~~~^^
  File "C:\Python314\Lib\contextlib.py", line 162, in __exit__
    self.gen.throw(value)
    ~~~~~~~~~~~~~~^^^^^^^
  File "C:\Users\inven\OneDrive\Documentos\GitHub\watchlist\6.Trading_Journal\backend\.venv\Lib\site-packages\httpx\_transports\default.py", line 118, in map_httpcore_exceptions
    raise mapped_exc(message) from exc
httpx.ReadTimeout

2026-01-28 20:00:45,391 | ERROR | services.position_monitor | Error fetching positions: ReadTimeout: 
2026-01-28 20:00:45,399 | ERROR | services.position_monitor | Traceback (most recent call last):
  File "C:\Users\inven\OneDrive\Documentos\GitHub\watchlist\6.Trading_Journal\backend\.venv\Lib\site-packages\httpx\_transports\default.py", line 101, in map_httpcore_exceptions
    yield
  File "C:\Users\inven\OneDrive\Documentos\GitHub\watchlist\6.Trading_Journal\backend\.venv\Lib\site-packages\httpx\_transports\default.py", line 394, in handle_async_request
    resp = await self._pool.handle_async_request(req)
           ^^^^^^^^^^^^^^^^^^^^^^^^^^^^^^^^^^^^^^^^^^
  File "C:\Users\inven\OneDrive\Documentos\GitHub\watchlist\6.Trading_Journal\backend\.venv\Lib\site-packages\httpcore\_async\connection_pool.py", line 256, in handle_async_request
    raise exc from None
  File "C:\Users\inven\OneDrive\Documentos\GitHub\watchlist\6.Trading_Journal\backend\.venv\Lib\site-packages\httpcore\_async\connection_pool.py", line 236, in handle_async_request
    response = await connection.handle_async_request(
               ^^^^^^^^^^^^^^^^^^^^^^^^^^^^^^^^^^^^^^
        pool_request.request
        ^^^^^^^^^^^^^^^^^^^^
    )
    ^
  File "C:\Users\inven\OneDrive\Documentos\GitHub\watchlist\6.Trading_Journal\backend\.venv\Lib\site-packages\httpcore\_async\connection.py", line 103, in handle_async_request
    return await self._connection.handle_async_request(request)
           ^^^^^^^^^^^^^^^^^^^^^^^^^^^^^^^^^^^^^^^^^^^^^^^^^^^^
  File "C:\Users\inven\OneDrive\Documentos\GitHub\watchlist\6.Trading_Journal\backend\.venv\Lib\site-packages\httpcore\_async\http11.py", line 136, in handle_async_request
    raise exc
  File "C:\Users\inven\OneDrive\Documentos\GitHub\watchlist\6.Trading_Journal\backend\.venv\Lib\site-packages\httpcore\_async\http11.py", line 106, in handle_async_request
    ) = await self._receive_response_headers(**kwargs)
        ^^^^^^^^^^^^^^^^^^^^^^^^^^^^^^^^^^^^^^^^^^^^^^
  File "C:\Users\inven\OneDrive\Documentos\GitHub\watchlist\6.Trading_Journal\backend\.venv\Lib\site-packages\httpcore\_async\http11.py", line 177, in _receive_response_headers
    event = await self._receive_event(timeout=timeout)
            ^^^^^^^^^^^^^^^^^^^^^^^^^^^^^^^^^^^^^^^^^^
  File "C:\Users\inven\OneDrive\Documentos\GitHub\watchlist\6.Trading_Journal\backend\.venv\Lib\site-packages\httpcore\_async\http11.py", line 217, in _receive_event
    data = await self._network_stream.read(
           ^^^^^^^^^^^^^^^^^^^^^^^^^^^^^^^^
        self.READ_NUM_BYTES, timeout=timeout
        ^^^^^^^^^^^^^^^^^^^^^^^^^^^^^^^^^^^^
    )
    ^
  File "C:\Users\inven\OneDrive\Documentos\GitHub\watchlist\6.Trading_Journal\backend\.venv\Lib\site-packages\httpcore\_backends\anyio.py", line 32, in read
    with map_exceptions(exc_map):
         ~~~~~~~~~~~~~~^^^^^^^^^
  File "C:\Python314\Lib\contextlib.py", line 162, in __exit__
    self.gen.throw(value)
    ~~~~~~~~~~~~~~^^^^^^^
  File "C:\Users\inven\OneDrive\Documentos\GitHub\watchlist\6.Trading_Journal\backend\.venv\Lib\site-packages\httpcore\_exceptions.py", line 14, in map_exceptions
    raise to_exc(exc) from exc
httpcore.ReadTimeout

The above exception was the direct cause of the following exception:

Traceback (most recent call last):
  File "C:\Users\inven\OneDrive\Documentos\GitHub\watchlist\6.Trading_Journal\backend\services\position_monitor.py", line 186, in _fetch_positions
    response = await self._http_client.get(
               ^^^^^^^^^^^^^^^^^^^^^^^^^^^^
        f"{self.trading_bot_url}/api/positions"
        ^^^^^^^^^^^^^^^^^^^^^^^^^^^^^^^^^^^^^^^
    )
    ^
  File "C:\Users\inven\OneDrive\Documentos\GitHub\watchlist\6.Trading_Journal\backend\.venv\Lib\site-packages\httpx\_client.py", line 1768, in get
    return await self.request(
           ^^^^^^^^^^^^^^^^^^^
    ...<9 lines>...
    )
    ^
  File "C:\Users\inven\OneDrive\Documentos\GitHub\watchlist\6.Trading_Journal\backend\.venv\Lib\site-packages\httpx\_client.py", line 1540, in request
    return await self.send(request, auth=auth, follow_redirects=follow_redirects)
           ^^^^^^^^^^^^^^^^^^^^^^^^^^^^^^^^^^^^^^^^^^^^^^^^^^^^^^^^^^^^^^^^^^^^^^
  File "C:\Users\inven\OneDrive\Documentos\GitHub\watchlist\6.Trading_Journal\backend\.venv\Lib\site-packages\httpx\_client.py", line 1629, in send
    response = await self._send_handling_auth(
               ^^^^^^^^^^^^^^^^^^^^^^^^^^^^^^^
    ...<4 lines>...
    )
    ^
  File "C:\Users\inven\OneDrive\Documentos\GitHub\watchlist\6.Trading_Journal\backend\.venv\Lib\site-packages\httpx\_client.py", line 1657, in _send_handling_auth
    response = await self._send_handling_redirects(
               ^^^^^^^^^^^^^^^^^^^^^^^^^^^^^^^^^^^^
    ...<3 lines>...
    )
    ^
  File "C:\Users\inven\OneDrive\Documentos\GitHub\watchlist\6.Trading_Journal\backend\.venv\Lib\site-packages\httpx\_client.py", line 1694, in _send_handling_redirects
    response = await self._send_single_request(request)
               ^^^^^^^^^^^^^^^^^^^^^^^^^^^^^^^^^^^^^^^^
  File "C:\Users\inven\OneDrive\Documentos\GitHub\watchlist\6.Trading_Journal\backend\.venv\Lib\site-packages\httpx\_client.py", line 1730, in _send_single_request
    response = await transport.handle_async_request(request)
               ^^^^^^^^^^^^^^^^^^^^^^^^^^^^^^^^^^^^^^^^^^^^^
  File "C:\Users\inven\OneDrive\Documentos\GitHub\watchlist\6.Trading_Journal\backend\.venv\Lib\site-packages\httpx\_transports\default.py", line 393, in handle_async_request
    with map_httpcore_exceptions():
         ~~~~~~~~~~~~~~~~~~~~~~~^^
  File "C:\Python314\Lib\contextlib.py", line 162, in __exit__
    self.gen.throw(value)
    ~~~~~~~~~~~~~~^^^^^^^
  File "C:\Users\inven\OneDrive\Documentos\GitHub\watchlist\6.Trading_Journal\backend\.venv\Lib\site-packages\httpx\_transports\default.py", line 118, in map_httpcore_exceptions
    raise mapped_exc(message) from exc
httpx.ReadTimeout

2026-01-28 20:01:00,687 | ERROR | services.position_monitor | Error fetching positions: ReadTimeout: 
2026-01-28 20:01:00,691 | ERROR | services.position_monitor | Traceback (most recent call last):
  File "C:\Users\inven\OneDrive\Documentos\GitHub\watchlist\6.Trading_Journal\backend\.venv\Lib\site-packages\httpx\_transports\default.py", line 101, in map_httpcore_exceptions
    yield
  File "C:\Users\inven\OneDrive\Documentos\GitHub\watchlist\6.Trading_Journal\backend\.venv\Lib\site-packages\httpx\_transports\default.py", line 394, in handle_async_request
    resp = await self._pool.handle_async_request(req)
           ^^^^^^^^^^^^^^^^^^^^^^^^^^^^^^^^^^^^^^^^^^
  File "C:\Users\inven\OneDrive\Documentos\GitHub\watchlist\6.Trading_Journal\backend\.venv\Lib\site-packages\httpcore\_async\connection_pool.py", line 256, in handle_async_request
    raise exc from None
  File "C:\Users\inven\OneDrive\Documentos\GitHub\watchlist\6.Trading_Journal\backend\.venv\Lib\site-packages\httpcore\_async\connection_pool.py", line 236, in handle_async_request
    response = await connection.handle_async_request(
               ^^^^^^^^^^^^^^^^^^^^^^^^^^^^^^^^^^^^^^
        pool_request.request
        ^^^^^^^^^^^^^^^^^^^^
    )
    ^
  File "C:\Users\inven\OneDrive\Documentos\GitHub\watchlist\6.Trading_Journal\backend\.venv\Lib\site-packages\httpcore\_async\connection.py", line 103, in handle_async_request
    return await self._connection.handle_async_request(request)
           ^^^^^^^^^^^^^^^^^^^^^^^^^^^^^^^^^^^^^^^^^^^^^^^^^^^^
  File "C:\Users\inven\OneDrive\Documentos\GitHub\watchlist\6.Trading_Journal\backend\.venv\Lib\site-packages\httpcore\_async\http11.py", line 136, in handle_async_request
    raise exc
  File "C:\Users\inven\OneDrive\Documentos\GitHub\watchlist\6.Trading_Journal\backend\.venv\Lib\site-packages\httpcore\_async\http11.py", line 106, in handle_async_request
    ) = await self._receive_response_headers(**kwargs)
        ^^^^^^^^^^^^^^^^^^^^^^^^^^^^^^^^^^^^^^^^^^^^^^
  File "C:\Users\inven\OneDrive\Documentos\GitHub\watchlist\6.Trading_Journal\backend\.venv\Lib\site-packages\httpcore\_async\http11.py", line 177, in _receive_response_headers
    event = await self._receive_event(timeout=timeout)
            ^^^^^^^^^^^^^^^^^^^^^^^^^^^^^^^^^^^^^^^^^^
  File "C:\Users\inven\OneDrive\Documentos\GitHub\watchlist\6.Trading_Journal\backend\.venv\Lib\site-packages\httpcore\_async\http11.py", line 217, in _receive_event
    data = await self._network_stream.read(
           ^^^^^^^^^^^^^^^^^^^^^^^^^^^^^^^^
        self.READ_NUM_BYTES, timeout=timeout
        ^^^^^^^^^^^^^^^^^^^^^^^^^^^^^^^^^^^^
    )
    ^
  File "C:\Users\inven\OneDrive\Documentos\GitHub\watchlist\6.Trading_Journal\backend\.venv\Lib\site-packages\httpcore\_backends\anyio.py", line 32, in read
    with map_exceptions(exc_map):
         ~~~~~~~~~~~~~~^^^^^^^^^
  File "C:\Python314\Lib\contextlib.py", line 162, in __exit__
    self.gen.throw(value)
    ~~~~~~~~~~~~~~^^^^^^^
  File "C:\Users\inven\OneDrive\Documentos\GitHub\watchlist\6.Trading_Journal\backend\.venv\Lib\site-packages\httpcore\_exceptions.py", line 14, in map_exceptions
    raise to_exc(exc) from exc
httpcore.ReadTimeout

The above exception was the direct cause of the following exception:

Traceback (most recent call last):
  File "C:\Users\inven\OneDrive\Documentos\GitHub\watchlist\6.Trading_Journal\backend\services\position_monitor.py", line 186, in _fetch_positions
    response = await self._http_client.get(
               ^^^^^^^^^^^^^^^^^^^^^^^^^^^^
        f"{self.trading_bot_url}/api/positions"
        ^^^^^^^^^^^^^^^^^^^^^^^^^^^^^^^^^^^^^^^
    )
    ^
  File "C:\Users\inven\OneDrive\Documentos\GitHub\watchlist\6.Trading_Journal\backend\.venv\Lib\site-packages\httpx\_client.py", line 1768, in get
    return await self.request(
           ^^^^^^^^^^^^^^^^^^^
    ...<9 lines>...
    )
    ^
  File "C:\Users\inven\OneDrive\Documentos\GitHub\watchlist\6.Trading_Journal\backend\.venv\Lib\site-packages\httpx\_client.py", line 1540, in request
    return await self.send(request, auth=auth, follow_redirects=follow_redirects)
           ^^^^^^^^^^^^^^^^^^^^^^^^^^^^^^^^^^^^^^^^^^^^^^^^^^^^^^^^^^^^^^^^^^^^^^
  File "C:\Users\inven\OneDrive\Documentos\GitHub\watchlist\6.Trading_Journal\backend\.venv\Lib\site-packages\httpx\_client.py", line 1629, in send
    response = await self._send_handling_auth(
               ^^^^^^^^^^^^^^^^^^^^^^^^^^^^^^^
    ...<4 lines>...
    )
    ^
  File "C:\Users\inven\OneDrive\Documentos\GitHub\watchlist\6.Trading_Journal\backend\.venv\Lib\site-packages\httpx\_client.py", line 1657, in _send_handling_auth
    response = await self._send_handling_redirects(
               ^^^^^^^^^^^^^^^^^^^^^^^^^^^^^^^^^^^^
    ...<3 lines>...
    )
    ^
  File "C:\Users\inven\OneDrive\Documentos\GitHub\watchlist\6.Trading_Journal\backend\.venv\Lib\site-packages\httpx\_client.py", line 1694, in _send_handling_redirects
    response = await self._send_single_request(request)
               ^^^^^^^^^^^^^^^^^^^^^^^^^^^^^^^^^^^^^^^^
  File "C:\Users\inven\OneDrive\Documentos\GitHub\watchlist\6.Trading_Journal\backend\.venv\Lib\site-packages\httpx\_client.py", line 1730, in _send_single_request
    response = await transport.handle_async_request(request)
               ^^^^^^^^^^^^^^^^^^^^^^^^^^^^^^^^^^^^^^^^^^^^^
  File "C:\Users\inven\OneDrive\Documentos\GitHub\watchlist\6.Trading_Journal\backend\.venv\Lib\site-packages\httpx\_transports\default.py", line 393, in handle_async_request
    with map_httpcore_exceptions():
         ~~~~~~~~~~~~~~~~~~~~~~~^^
  File "C:\Python314\Lib\contextlib.py", line 162, in __exit__
    self.gen.throw(value)
    ~~~~~~~~~~~~~~^^^^^^^
  File "C:\Users\inven\OneDrive\Documentos\GitHub\watchlist\6.Trading_Journal\backend\.venv\Lib\site-packages\httpx\_transports\default.py", line 118, in map_httpcore_exceptions
    raise mapped_exc(message) from exc
httpx.ReadTimeout

2026-01-28 20:01:15,986 | ERROR | services.position_monitor | Error fetching positions: ReadTimeout: 
2026-01-28 20:01:15,993 | ERROR | services.position_monitor | Traceback (most recent call last):
  File "C:\Users\inven\OneDrive\Documentos\GitHub\watchlist\6.Trading_Journal\backend\.venv\Lib\site-packages\httpx\_transports\default.py", line 101, in map_httpcore_exceptions
    yield
  File "C:\Users\inven\OneDrive\Documentos\GitHub\watchlist\6.Trading_Journal\backend\.venv\Lib\site-packages\httpx\_transports\default.py", line 394, in handle_async_request
    resp = await self._pool.handle_async_request(req)
           ^^^^^^^^^^^^^^^^^^^^^^^^^^^^^^^^^^^^^^^^^^
  File "C:\Users\inven\OneDrive\Documentos\GitHub\watchlist\6.Trading_Journal\backend\.venv\Lib\site-packages\httpcore\_async\connection_pool.py", line 256, in handle_async_request
    raise exc from None
  File "C:\Users\inven\OneDrive\Documentos\GitHub\watchlist\6.Trading_Journal\backend\.venv\Lib\site-packages\httpcore\_async\connection_pool.py", line 236, in handle_async_request
    response = await connection.handle_async_request(
               ^^^^^^^^^^^^^^^^^^^^^^^^^^^^^^^^^^^^^^
        pool_request.request
        ^^^^^^^^^^^^^^^^^^^^
    )
    ^
  File "C:\Users\inven\OneDrive\Documentos\GitHub\watchlist\6.Trading_Journal\backend\.venv\Lib\site-packages\httpcore\_async\connection.py", line 103, in handle_async_request
    return await self._connection.handle_async_request(request)
           ^^^^^^^^^^^^^^^^^^^^^^^^^^^^^^^^^^^^^^^^^^^^^^^^^^^^
  File "C:\Users\inven\OneDrive\Documentos\GitHub\watchlist\6.Trading_Journal\backend\.venv\Lib\site-packages\httpcore\_async\http11.py", line 136, in handle_async_request
    raise exc
  File "C:\Users\inven\OneDrive\Documentos\GitHub\watchlist\6.Trading_Journal\backend\.venv\Lib\site-packages\httpcore\_async\http11.py", line 106, in handle_async_request
    ) = await self._receive_response_headers(**kwargs)
        ^^^^^^^^^^^^^^^^^^^^^^^^^^^^^^^^^^^^^^^^^^^^^^
  File "C:\Users\inven\OneDrive\Documentos\GitHub\watchlist\6.Trading_Journal\backend\.venv\Lib\site-packages\httpcore\_async\http11.py", line 177, in _receive_response_headers
    event = await self._receive_event(timeout=timeout)
            ^^^^^^^^^^^^^^^^^^^^^^^^^^^^^^^^^^^^^^^^^^
  File "C:\Users\inven\OneDrive\Documentos\GitHub\watchlist\6.Trading_Journal\backend\.venv\Lib\site-packages\httpcore\_async\http11.py", line 217, in _receive_event
    data = await self._network_stream.read(
           ^^^^^^^^^^^^^^^^^^^^^^^^^^^^^^^^
        self.READ_NUM_BYTES, timeout=timeout
        ^^^^^^^^^^^^^^^^^^^^^^^^^^^^^^^^^^^^
    )
    ^
  File "C:\Users\inven\OneDrive\Documentos\GitHub\watchlist\6.Trading_Journal\backend\.venv\Lib\site-packages\httpcore\_backends\anyio.py", line 32, in read
    with map_exceptions(exc_map):
         ~~~~~~~~~~~~~~^^^^^^^^^
  File "C:\Python314\Lib\contextlib.py", line 162, in __exit__
    self.gen.throw(value)
    ~~~~~~~~~~~~~~^^^^^^^
  File "C:\Users\inven\OneDrive\Documentos\GitHub\watchlist\6.Trading_Journal\backend\.venv\Lib\site-packages\httpcore\_exceptions.py", line 14, in map_exceptions
    raise to_exc(exc) from exc
httpcore.ReadTimeout

The above exception was the direct cause of the following exception:

Traceback (most recent call last):
  File "C:\Users\inven\OneDrive\Documentos\GitHub\watchlist\6.Trading_Journal\backend\services\position_monitor.py", line 186, in _fetch_positions
    response = await self._http_client.get(
               ^^^^^^^^^^^^^^^^^^^^^^^^^^^^
        f"{self.trading_bot_url}/api/positions"
        ^^^^^^^^^^^^^^^^^^^^^^^^^^^^^^^^^^^^^^^
    )
    ^
  File "C:\Users\inven\OneDrive\Documentos\GitHub\watchlist\6.Trading_Journal\backend\.venv\Lib\site-packages\httpx\_client.py", line 1768, in get
    return await self.request(
           ^^^^^^^^^^^^^^^^^^^
    ...<9 lines>...
    )
    ^
  File "C:\Users\inven\OneDrive\Documentos\GitHub\watchlist\6.Trading_Journal\backend\.venv\Lib\site-packages\httpx\_client.py", line 1540, in request
    return await self.send(request, auth=auth, follow_redirects=follow_redirects)
           ^^^^^^^^^^^^^^^^^^^^^^^^^^^^^^^^^^^^^^^^^^^^^^^^^^^^^^^^^^^^^^^^^^^^^^
  File "C:\Users\inven\OneDrive\Documentos\GitHub\watchlist\6.Trading_Journal\backend\.venv\Lib\site-packages\httpx\_client.py", line 1629, in send
    response = await self._send_handling_auth(
               ^^^^^^^^^^^^^^^^^^^^^^^^^^^^^^^
    ...<4 lines>...
    )
    ^
  File "C:\Users\inven\OneDrive\Documentos\GitHub\watchlist\6.Trading_Journal\backend\.venv\Lib\site-packages\httpx\_client.py", line 1657, in _send_handling_auth
    response = await self._send_handling_redirects(
               ^^^^^^^^^^^^^^^^^^^^^^^^^^^^^^^^^^^^
    ...<3 lines>...
    )
    ^
  File "C:\Users\inven\OneDrive\Documentos\GitHub\watchlist\6.Trading_Journal\backend\.venv\Lib\site-packages\httpx\_client.py", line 1694, in _send_handling_redirects
    response = await self._send_single_request(request)
               ^^^^^^^^^^^^^^^^^^^^^^^^^^^^^^^^^^^^^^^^
  File "C:\Users\inven\OneDrive\Documentos\GitHub\watchlist\6.Trading_Journal\backend\.venv\Lib\site-packages\httpx\_client.py", line 1730, in _send_single_request
    response = await transport.handle_async_request(request)
               ^^^^^^^^^^^^^^^^^^^^^^^^^^^^^^^^^^^^^^^^^^^^^
  File "C:\Users\inven\OneDrive\Documentos\GitHub\watchlist\6.Trading_Journal\backend\.venv\Lib\site-packages\httpx\_transports\default.py", line 393, in handle_async_request
    with map_httpcore_exceptions():
         ~~~~~~~~~~~~~~~~~~~~~~~^^
  File "C:\Python314\Lib\contextlib.py", line 162, in __exit__
    self.gen.throw(value)
    ~~~~~~~~~~~~~~^^^^^^^
  File "C:\Users\inven\OneDrive\Documentos\GitHub\watchlist\6.Trading_Journal\backend\.venv\Lib\site-packages\httpx\_transports\default.py", line 118, in map_httpcore_exceptions
    raise mapped_exc(message) from exc
httpx.ReadTimeout

2026-01-28 20:01:31,273 | ERROR | services.position_monitor | Error fetching positions: ReadTimeout: 
2026-01-28 20:01:31,280 | ERROR | services.position_monitor | Traceback (most recent call last):
  File "C:\Users\inven\OneDrive\Documentos\GitHub\watchlist\6.Trading_Journal\backend\.venv\Lib\site-packages\httpx\_transports\default.py", line 101, in map_httpcore_exceptions
    yield
  File "C:\Users\inven\OneDrive\Documentos\GitHub\watchlist\6.Trading_Journal\backend\.venv\Lib\site-packages\httpx\_transports\default.py", line 394, in handle_async_request
    resp = await self._pool.handle_async_request(req)
           ^^^^^^^^^^^^^^^^^^^^^^^^^^^^^^^^^^^^^^^^^^
  File "C:\Users\inven\OneDrive\Documentos\GitHub\watchlist\6.Trading_Journal\backend\.venv\Lib\site-packages\httpcore\_async\connection_pool.py", line 256, in handle_async_request
    raise exc from None
  File "C:\Users\inven\OneDrive\Documentos\GitHub\watchlist\6.Trading_Journal\backend\.venv\Lib\site-packages\httpcore\_async\connection_pool.py", line 236, in handle_async_request
    response = await connection.handle_async_request(
               ^^^^^^^^^^^^^^^^^^^^^^^^^^^^^^^^^^^^^^
        pool_request.request
        ^^^^^^^^^^^^^^^^^^^^
    )
    ^
  File "C:\Users\inven\OneDrive\Documentos\GitHub\watchlist\6.Trading_Journal\backend\.venv\Lib\site-packages\httpcore\_async\connection.py", line 103, in handle_async_request
    return await self._connection.handle_async_request(request)
           ^^^^^^^^^^^^^^^^^^^^^^^^^^^^^^^^^^^^^^^^^^^^^^^^^^^^
  File "C:\Users\inven\OneDrive\Documentos\GitHub\watchlist\6.Trading_Journal\backend\.venv\Lib\site-packages\httpcore\_async\http11.py", line 136, in handle_async_request
    raise exc
  File "C:\Users\inven\OneDrive\Documentos\GitHub\watchlist\6.Trading_Journal\backend\.venv\Lib\site-packages\httpcore\_async\http11.py", line 106, in handle_async_request
    ) = await self._receive_response_headers(**kwargs)
        ^^^^^^^^^^^^^^^^^^^^^^^^^^^^^^^^^^^^^^^^^^^^^^
  File "C:\Users\inven\OneDrive\Documentos\GitHub\watchlist\6.Trading_Journal\backend\.venv\Lib\site-packages\httpcore\_async\http11.py", line 177, in _receive_response_headers
    event = await self._receive_event(timeout=timeout)
            ^^^^^^^^^^^^^^^^^^^^^^^^^^^^^^^^^^^^^^^^^^
  File "C:\Users\inven\OneDrive\Documentos\GitHub\watchlist\6.Trading_Journal\backend\.venv\Lib\site-packages\httpcore\_async\http11.py", line 217, in _receive_event
    data = await self._network_stream.read(
           ^^^^^^^^^^^^^^^^^^^^^^^^^^^^^^^^
        self.READ_NUM_BYTES, timeout=timeout
        ^^^^^^^^^^^^^^^^^^^^^^^^^^^^^^^^^^^^
    )
    ^
  File "C:\Users\inven\OneDrive\Documentos\GitHub\watchlist\6.Trading_Journal\backend\.venv\Lib\site-packages\httpcore\_backends\anyio.py", line 32, in read
    with map_exceptions(exc_map):
         ~~~~~~~~~~~~~~^^^^^^^^^
  File "C:\Python314\Lib\contextlib.py", line 162, in __exit__
    self.gen.throw(value)
    ~~~~~~~~~~~~~~^^^^^^^
  File "C:\Users\inven\OneDrive\Documentos\GitHub\watchlist\6.Trading_Journal\backend\.venv\Lib\site-packages\httpcore\_exceptions.py", line 14, in map_exceptions
    raise to_exc(exc) from exc
httpcore.ReadTimeout

The above exception was the direct cause of the following exception:

Traceback (most recent call last):
  File "C:\Users\inven\OneDrive\Documentos\GitHub\watchlist\6.Trading_Journal\backend\services\position_monitor.py", line 186, in _fetch_positions
    response = await self._http_client.get(
               ^^^^^^^^^^^^^^^^^^^^^^^^^^^^
        f"{self.trading_bot_url}/api/positions"
        ^^^^^^^^^^^^^^^^^^^^^^^^^^^^^^^^^^^^^^^
    )
    ^
  File "C:\Users\inven\OneDrive\Documentos\GitHub\watchlist\6.Trading_Journal\backend\.venv\Lib\site-packages\httpx\_client.py", line 1768, in get
    return await self.request(
           ^^^^^^^^^^^^^^^^^^^
    ...<9 lines>...
    )
    ^
  File "C:\Users\inven\OneDrive\Documentos\GitHub\watchlist\6.Trading_Journal\backend\.venv\Lib\site-packages\httpx\_client.py", line 1540, in request
    return await self.send(request, auth=auth, follow_redirects=follow_redirects)
           ^^^^^^^^^^^^^^^^^^^^^^^^^^^^^^^^^^^^^^^^^^^^^^^^^^^^^^^^^^^^^^^^^^^^^^
  File "C:\Users\inven\OneDrive\Documentos\GitHub\watchlist\6.Trading_Journal\backend\.venv\Lib\site-packages\httpx\_client.py", line 1629, in send
    response = await self._send_handling_auth(
               ^^^^^^^^^^^^^^^^^^^^^^^^^^^^^^^
    ...<4 lines>...
    )
    ^
  File "C:\Users\inven\OneDrive\Documentos\GitHub\watchlist\6.Trading_Journal\backend\.venv\Lib\site-packages\httpx\_client.py", line 1657, in _send_handling_auth
    response = await self._send_handling_redirects(
               ^^^^^^^^^^^^^^^^^^^^^^^^^^^^^^^^^^^^
    ...<3 lines>...
    )
    ^
  File "C:\Users\inven\OneDrive\Documentos\GitHub\watchlist\6.Trading_Journal\backend\.venv\Lib\site-packages\httpx\_client.py", line 1694, in _send_handling_redirects
    response = await self._send_single_request(request)
               ^^^^^^^^^^^^^^^^^^^^^^^^^^^^^^^^^^^^^^^^
  File "C:\Users\inven\OneDrive\Documentos\GitHub\watchlist\6.Trading_Journal\backend\.venv\Lib\site-packages\httpx\_client.py", line 1730, in _send_single_request
    response = await transport.handle_async_request(request)
               ^^^^^^^^^^^^^^^^^^^^^^^^^^^^^^^^^^^^^^^^^^^^^
  File "C:\Users\inven\OneDrive\Documentos\GitHub\watchlist\6.Trading_Journal\backend\.venv\Lib\site-packages\httpx\_transports\default.py", line 393, in handle_async_request
    with map_httpcore_exceptions():
         ~~~~~~~~~~~~~~~~~~~~~~~^^
  File "C:\Python314\Lib\contextlib.py", line 162, in __exit__
    self.gen.throw(value)
    ~~~~~~~~~~~~~~^^^^^^^
  File "C:\Users\inven\OneDrive\Documentos\GitHub\watchlist\6.Trading_Journal\backend\.venv\Lib\site-packages\httpx\_transports\default.py", line 118, in map_httpcore_exceptions
    raise mapped_exc(message) from exc
httpx.ReadTimeout

2026-01-28 20:01:46,569 | ERROR | services.position_monitor | Error fetching positions: ReadTimeout: 
2026-01-28 20:01:46,575 | ERROR | services.position_monitor | Traceback (most recent call last):
  File "C:\Users\inven\OneDrive\Documentos\GitHub\watchlist\6.Trading_Journal\backend\.venv\Lib\site-packages\httpx\_transports\default.py", line 101, in map_httpcore_exceptions
    yield
  File "C:\Users\inven\OneDrive\Documentos\GitHub\watchlist\6.Trading_Journal\backend\.venv\Lib\site-packages\httpx\_transports\default.py", line 394, in handle_async_request
    resp = await self._pool.handle_async_request(req)
           ^^^^^^^^^^^^^^^^^^^^^^^^^^^^^^^^^^^^^^^^^^
  File "C:\Users\inven\OneDrive\Documentos\GitHub\watchlist\6.Trading_Journal\backend\.venv\Lib\site-packages\httpcore\_async\connection_pool.py", line 256, in handle_async_request
    raise exc from None
  File "C:\Users\inven\OneDrive\Documentos\GitHub\watchlist\6.Trading_Journal\backend\.venv\Lib\site-packages\httpcore\_async\connection_pool.py", line 236, in handle_async_request
    response = await connection.handle_async_request(
               ^^^^^^^^^^^^^^^^^^^^^^^^^^^^^^^^^^^^^^
        pool_request.request
        ^^^^^^^^^^^^^^^^^^^^
    )
    ^
  File "C:\Users\inven\OneDrive\Documentos\GitHub\watchlist\6.Trading_Journal\backend\.venv\Lib\site-packages\httpcore\_async\connection.py", line 103, in handle_async_request
    return await self._connection.handle_async_request(request)
           ^^^^^^^^^^^^^^^^^^^^^^^^^^^^^^^^^^^^^^^^^^^^^^^^^^^^
  File "C:\Users\inven\OneDrive\Documentos\GitHub\watchlist\6.Trading_Journal\backend\.venv\Lib\site-packages\httpcore\_async\http11.py", line 136, in handle_async_request
    raise exc
  File "C:\Users\inven\OneDrive\Documentos\GitHub\watchlist\6.Trading_Journal\backend\.venv\Lib\site-packages\httpcore\_async\http11.py", line 106, in handle_async_request
    ) = await self._receive_response_headers(**kwargs)
        ^^^^^^^^^^^^^^^^^^^^^^^^^^^^^^^^^^^^^^^^^^^^^^
  File "C:\Users\inven\OneDrive\Documentos\GitHub\watchlist\6.Trading_Journal\backend\.venv\Lib\site-packages\httpcore\_async\http11.py", line 177, in _receive_response_headers
    event = await self._receive_event(timeout=timeout)
            ^^^^^^^^^^^^^^^^^^^^^^^^^^^^^^^^^^^^^^^^^^
  File "C:\Users\inven\OneDrive\Documentos\GitHub\watchlist\6.Trading_Journal\backend\.venv\Lib\site-packages\httpcore\_async\http11.py", line 217, in _receive_event
    data = await self._network_stream.read(
           ^^^^^^^^^^^^^^^^^^^^^^^^^^^^^^^^
        self.READ_NUM_BYTES, timeout=timeout
        ^^^^^^^^^^^^^^^^^^^^^^^^^^^^^^^^^^^^
    )
    ^
  File "C:\Users\inven\OneDrive\Documentos\GitHub\watchlist\6.Trading_Journal\backend\.venv\Lib\site-packages\httpcore\_backends\anyio.py", line 32, in read
    with map_exceptions(exc_map):
         ~~~~~~~~~~~~~~^^^^^^^^^
  File "C:\Python314\Lib\contextlib.py", line 162, in __exit__
    self.gen.throw(value)
    ~~~~~~~~~~~~~~^^^^^^^
  File "C:\Users\inven\OneDrive\Documentos\GitHub\watchlist\6.Trading_Journal\backend\.venv\Lib\site-packages\httpcore\_exceptions.py", line 14, in map_exceptions
    raise to_exc(exc) from exc
httpcore.ReadTimeout

The above exception was the direct cause of the following exception:

Traceback (most recent call last):
  File "C:\Users\inven\OneDrive\Documentos\GitHub\watchlist\6.Trading_Journal\backend\services\position_monitor.py", line 186, in _fetch_positions
    response = await self._http_client.get(
               ^^^^^^^^^^^^^^^^^^^^^^^^^^^^
        f"{self.trading_bot_url}/api/positions"
        ^^^^^^^^^^^^^^^^^^^^^^^^^^^^^^^^^^^^^^^
    )
    ^
  File "C:\Users\inven\OneDrive\Documentos\GitHub\watchlist\6.Trading_Journal\backend\.venv\Lib\site-packages\httpx\_client.py", line 1768, in get
    return await self.request(
           ^^^^^^^^^^^^^^^^^^^
    ...<9 lines>...
    )
    ^
  File "C:\Users\inven\OneDrive\Documentos\GitHub\watchlist\6.Trading_Journal\backend\.venv\Lib\site-packages\httpx\_client.py", line 1540, in request
    return await self.send(request, auth=auth, follow_redirects=follow_redirects)
           ^^^^^^^^^^^^^^^^^^^^^^^^^^^^^^^^^^^^^^^^^^^^^^^^^^^^^^^^^^^^^^^^^^^^^^
  File "C:\Users\inven\OneDrive\Documentos\GitHub\watchlist\6.Trading_Journal\backend\.venv\Lib\site-packages\httpx\_client.py", line 1629, in send
    response = await self._send_handling_auth(
               ^^^^^^^^^^^^^^^^^^^^^^^^^^^^^^^
    ...<4 lines>...
    )
    ^
  File "C:\Users\inven\OneDrive\Documentos\GitHub\watchlist\6.Trading_Journal\backend\.venv\Lib\site-packages\httpx\_client.py", line 1657, in _send_handling_auth
    response = await self._send_handling_redirects(
               ^^^^^^^^^^^^^^^^^^^^^^^^^^^^^^^^^^^^
    ...<3 lines>...
    )
    ^
  File "C:\Users\inven\OneDrive\Documentos\GitHub\watchlist\6.Trading_Journal\backend\.venv\Lib\site-packages\httpx\_client.py", line 1694, in _send_handling_redirects
    response = await self._send_single_request(request)
               ^^^^^^^^^^^^^^^^^^^^^^^^^^^^^^^^^^^^^^^^
  File "C:\Users\inven\OneDrive\Documentos\GitHub\watchlist\6.Trading_Journal\backend\.venv\Lib\site-packages\httpx\_client.py", line 1730, in _send_single_request
    response = await transport.handle_async_request(request)
               ^^^^^^^^^^^^^^^^^^^^^^^^^^^^^^^^^^^^^^^^^^^^^
  File "C:\Users\inven\OneDrive\Documentos\GitHub\watchlist\6.Trading_Journal\backend\.venv\Lib\site-packages\httpx\_transports\default.py", line 393, in handle_async_request
    with map_httpcore_exceptions():
         ~~~~~~~~~~~~~~~~~~~~~~~^^
  File "C:\Python314\Lib\contextlib.py", line 162, in __exit__
    self.gen.throw(value)
    ~~~~~~~~~~~~~~^^^^^^^
  File "C:\Users\inven\OneDrive\Documentos\GitHub\watchlist\6.Trading_Journal\backend\.venv\Lib\site-packages\httpx\_transports\default.py", line 118, in map_httpcore_exceptions
    raise mapped_exc(message) from exc
httpx.ReadTimeout

2026-01-28 20:02:01,856 | ERROR | services.position_monitor | Error fetching positions: ReadTimeout: 
2026-01-28 20:02:01,862 | ERROR | services.position_monitor | Traceback (most recent call last):
  File "C:\Users\inven\OneDrive\Documentos\GitHub\watchlist\6.Trading_Journal\backend\.venv\Lib\site-packages\httpx\_transports\default.py", line 101, in map_httpcore_exceptions
    yield
  File "C:\Users\inven\OneDrive\Documentos\GitHub\watchlist\6.Trading_Journal\backend\.venv\Lib\site-packages\httpx\_transports\default.py", line 394, in handle_async_request
    resp = await self._pool.handle_async_request(req)
           ^^^^^^^^^^^^^^^^^^^^^^^^^^^^^^^^^^^^^^^^^^
  File "C:\Users\inven\OneDrive\Documentos\GitHub\watchlist\6.Trading_Journal\backend\.venv\Lib\site-packages\httpcore\_async\connection_pool.py", line 256, in handle_async_request
    raise exc from None
  File "C:\Users\inven\OneDrive\Documentos\GitHub\watchlist\6.Trading_Journal\backend\.venv\Lib\site-packages\httpcore\_async\connection_pool.py", line 236, in handle_async_request
    response = await connection.handle_async_request(
               ^^^^^^^^^^^^^^^^^^^^^^^^^^^^^^^^^^^^^^
        pool_request.request
        ^^^^^^^^^^^^^^^^^^^^
    )
    ^
  File "C:\Users\inven\OneDrive\Documentos\GitHub\watchlist\6.Trading_Journal\backend\.venv\Lib\site-packages\httpcore\_async\connection.py", line 103, in handle_async_request
    return await self._connection.handle_async_request(request)
           ^^^^^^^^^^^^^^^^^^^^^^^^^^^^^^^^^^^^^^^^^^^^^^^^^^^^
  File "C:\Users\inven\OneDrive\Documentos\GitHub\watchlist\6.Trading_Journal\backend\.venv\Lib\site-packages\httpcore\_async\http11.py", line 136, in handle_async_request
    raise exc
  File "C:\Users\inven\OneDrive\Documentos\GitHub\watchlist\6.Trading_Journal\backend\.venv\Lib\site-packages\httpcore\_async\http11.py", line 106, in handle_async_request
    ) = await self._receive_response_headers(**kwargs)
        ^^^^^^^^^^^^^^^^^^^^^^^^^^^^^^^^^^^^^^^^^^^^^^
  File "C:\Users\inven\OneDrive\Documentos\GitHub\watchlist\6.Trading_Journal\backend\.venv\Lib\site-packages\httpcore\_async\http11.py", line 177, in _receive_response_headers
    event = await self._receive_event(timeout=timeout)
            ^^^^^^^^^^^^^^^^^^^^^^^^^^^^^^^^^^^^^^^^^^
  File "C:\Users\inven\OneDrive\Documentos\GitHub\watchlist\6.Trading_Journal\backend\.venv\Lib\site-packages\httpcore\_async\http11.py", line 217, in _receive_event
    data = await self._network_stream.read(
           ^^^^^^^^^^^^^^^^^^^^^^^^^^^^^^^^
        self.READ_NUM_BYTES, timeout=timeout
        ^^^^^^^^^^^^^^^^^^^^^^^^^^^^^^^^^^^^
    )
    ^
  File "C:\Users\inven\OneDrive\Documentos\GitHub\watchlist\6.Trading_Journal\backend\.venv\Lib\site-packages\httpcore\_backends\anyio.py", line 32, in read
    with map_exceptions(exc_map):
         ~~~~~~~~~~~~~~^^^^^^^^^
  File "C:\Python314\Lib\contextlib.py", line 162, in __exit__
    self.gen.throw(value)
    ~~~~~~~~~~~~~~^^^^^^^
  File "C:\Users\inven\OneDrive\Documentos\GitHub\watchlist\6.Trading_Journal\backend\.venv\Lib\site-packages\httpcore\_exceptions.py", line 14, in map_exceptions
    raise to_exc(exc) from exc
httpcore.ReadTimeout

The above exception was the direct cause of the following exception:

Traceback (most recent call last):
  File "C:\Users\inven\OneDrive\Documentos\GitHub\watchlist\6.Trading_Journal\backend\services\position_monitor.py", line 186, in _fetch_positions
    response = await self._http_client.get(
               ^^^^^^^^^^^^^^^^^^^^^^^^^^^^
        f"{self.trading_bot_url}/api/positions"
        ^^^^^^^^^^^^^^^^^^^^^^^^^^^^^^^^^^^^^^^
    )
    ^
  File "C:\Users\inven\OneDrive\Documentos\GitHub\watchlist\6.Trading_Journal\backend\.venv\Lib\site-packages\httpx\_client.py", line 1768, in get
    return await self.request(
           ^^^^^^^^^^^^^^^^^^^
    ...<9 lines>...
    )
    ^
  File "C:\Users\inven\OneDrive\Documentos\GitHub\watchlist\6.Trading_Journal\backend\.venv\Lib\site-packages\httpx\_client.py", line 1540, in request
    return await self.send(request, auth=auth, follow_redirects=follow_redirects)
           ^^^^^^^^^^^^^^^^^^^^^^^^^^^^^^^^^^^^^^^^^^^^^^^^^^^^^^^^^^^^^^^^^^^^^^
  File "C:\Users\inven\OneDrive\Documentos\GitHub\watchlist\6.Trading_Journal\backend\.venv\Lib\site-packages\httpx\_client.py", line 1629, in send
    response = await self._send_handling_auth(
               ^^^^^^^^^^^^^^^^^^^^^^^^^^^^^^^
    ...<4 lines>...
    )
    ^
  File "C:\Users\inven\OneDrive\Documentos\GitHub\watchlist\6.Trading_Journal\backend\.venv\Lib\site-packages\httpx\_client.py", line 1657, in _send_handling_auth
    response = await self._send_handling_redirects(
               ^^^^^^^^^^^^^^^^^^^^^^^^^^^^^^^^^^^^
    ...<3 lines>...
    )
    ^
  File "C:\Users\inven\OneDrive\Documentos\GitHub\watchlist\6.Trading_Journal\backend\.venv\Lib\site-packages\httpx\_client.py", line 1694, in _send_handling_redirects
    response = await self._send_single_request(request)
               ^^^^^^^^^^^^^^^^^^^^^^^^^^^^^^^^^^^^^^^^
  File "C:\Users\inven\OneDrive\Documentos\GitHub\watchlist\6.Trading_Journal\backend\.venv\Lib\site-packages\httpx\_client.py", line 1730, in _send_single_request
    response = await transport.handle_async_request(request)
               ^^^^^^^^^^^^^^^^^^^^^^^^^^^^^^^^^^^^^^^^^^^^^
  File "C:\Users\inven\OneDrive\Documentos\GitHub\watchlist\6.Trading_Journal\backend\.venv\Lib\site-packages\httpx\_transports\default.py", line 393, in handle_async_request
    with map_httpcore_exceptions():
         ~~~~~~~~~~~~~~~~~~~~~~~^^
  File "C:\Python314\Lib\contextlib.py", line 162, in __exit__
    self.gen.throw(value)
    ~~~~~~~~~~~~~~^^^^^^^
  File "C:\Users\inven\OneDrive\Documentos\GitHub\watchlist\6.Trading_Journal\backend\.venv\Lib\site-packages\httpx\_transports\default.py", line 118, in map_httpcore_exceptions
    raise mapped_exc(message) from exc
httpx.ReadTimeout

2026-01-28 20:02:17,148 | ERROR | services.position_monitor | Error fetching positions: ReadTimeout: 
2026-01-28 20:02:17,154 | ERROR | services.position_monitor | Traceback (most recent call last):
  File "C:\Users\inven\OneDrive\Documentos\GitHub\watchlist\6.Trading_Journal\backend\.venv\Lib\site-packages\httpx\_transports\default.py", line 101, in map_httpcore_exceptions
    yield
  File "C:\Users\inven\OneDrive\Documentos\GitHub\watchlist\6.Trading_Journal\backend\.venv\Lib\site-packages\httpx\_transports\default.py", line 394, in handle_async_request
    resp = await self._pool.handle_async_request(req)
           ^^^^^^^^^^^^^^^^^^^^^^^^^^^^^^^^^^^^^^^^^^
  File "C:\Users\inven\OneDrive\Documentos\GitHub\watchlist\6.Trading_Journal\backend\.venv\Lib\site-packages\httpcore\_async\connection_pool.py", line 256, in handle_async_request
    raise exc from None
  File "C:\Users\inven\OneDrive\Documentos\GitHub\watchlist\6.Trading_Journal\backend\.venv\Lib\site-packages\httpcore\_async\connection_pool.py", line 236, in handle_async_request
    response = await connection.handle_async_request(
               ^^^^^^^^^^^^^^^^^^^^^^^^^^^^^^^^^^^^^^
        pool_request.request
        ^^^^^^^^^^^^^^^^^^^^
    )
    ^
  File "C:\Users\inven\OneDrive\Documentos\GitHub\watchlist\6.Trading_Journal\backend\.venv\Lib\site-packages\httpcore\_async\connection.py", line 103, in handle_async_request
    return await self._connection.handle_async_request(request)
           ^^^^^^^^^^^^^^^^^^^^^^^^^^^^^^^^^^^^^^^^^^^^^^^^^^^^
  File "C:\Users\inven\OneDrive\Documentos\GitHub\watchlist\6.Trading_Journal\backend\.venv\Lib\site-packages\httpcore\_async\http11.py", line 136, in handle_async_request
    raise exc
  File "C:\Users\inven\OneDrive\Documentos\GitHub\watchlist\6.Trading_Journal\backend\.venv\Lib\site-packages\httpcore\_async\http11.py", line 106, in handle_async_request
    ) = await self._receive_response_headers(**kwargs)
        ^^^^^^^^^^^^^^^^^^^^^^^^^^^^^^^^^^^^^^^^^^^^^^
  File "C:\Users\inven\OneDrive\Documentos\GitHub\watchlist\6.Trading_Journal\backend\.venv\Lib\site-packages\httpcore\_async\http11.py", line 177, in _receive_response_headers
    event = await self._receive_event(timeout=timeout)
            ^^^^^^^^^^^^^^^^^^^^^^^^^^^^^^^^^^^^^^^^^^
  File "C:\Users\inven\OneDrive\Documentos\GitHub\watchlist\6.Trading_Journal\backend\.venv\Lib\site-packages\httpcore\_async\http11.py", line 217, in _receive_event
    data = await self._network_stream.read(
           ^^^^^^^^^^^^^^^^^^^^^^^^^^^^^^^^
        self.READ_NUM_BYTES, timeout=timeout
        ^^^^^^^^^^^^^^^^^^^^^^^^^^^^^^^^^^^^
    )
    ^
  File "C:\Users\inven\OneDrive\Documentos\GitHub\watchlist\6.Trading_Journal\backend\.venv\Lib\site-packages\httpcore\_backends\anyio.py", line 32, in read
    with map_exceptions(exc_map):
         ~~~~~~~~~~~~~~^^^^^^^^^
  File "C:\Python314\Lib\contextlib.py", line 162, in __exit__
    self.gen.throw(value)
    ~~~~~~~~~~~~~~^^^^^^^
  File "C:\Users\inven\OneDrive\Documentos\GitHub\watchlist\6.Trading_Journal\backend\.venv\Lib\site-packages\httpcore\_exceptions.py", line 14, in map_exceptions
    raise to_exc(exc) from exc
httpcore.ReadTimeout

The above exception was the direct cause of the following exception:

Traceback (most recent call last):
  File "C:\Users\inven\OneDrive\Documentos\GitHub\watchlist\6.Trading_Journal\backend\services\position_monitor.py", line 186, in _fetch_positions
    response = await self._http_client.get(
               ^^^^^^^^^^^^^^^^^^^^^^^^^^^^
        f"{self.trading_bot_url}/api/positions"
        ^^^^^^^^^^^^^^^^^^^^^^^^^^^^^^^^^^^^^^^
    )
    ^
  File "C:\Users\inven\OneDrive\Documentos\GitHub\watchlist\6.Trading_Journal\backend\.venv\Lib\site-packages\httpx\_client.py", line 1768, in get
    return await self.request(
           ^^^^^^^^^^^^^^^^^^^
    ...<9 lines>...
    )
    ^
  File "C:\Users\inven\OneDrive\Documentos\GitHub\watchlist\6.Trading_Journal\backend\.venv\Lib\site-packages\httpx\_client.py", line 1540, in request
    return await self.send(request, auth=auth, follow_redirects=follow_redirects)
           ^^^^^^^^^^^^^^^^^^^^^^^^^^^^^^^^^^^^^^^^^^^^^^^^^^^^^^^^^^^^^^^^^^^^^^
  File "C:\Users\inven\OneDrive\Documentos\GitHub\watchlist\6.Trading_Journal\backend\.venv\Lib\site-packages\httpx\_client.py", line 1629, in send
    response = await self._send_handling_auth(
               ^^^^^^^^^^^^^^^^^^^^^^^^^^^^^^^
    ...<4 lines>...
    )
    ^
  File "C:\Users\inven\OneDrive\Documentos\GitHub\watchlist\6.Trading_Journal\backend\.venv\Lib\site-packages\httpx\_client.py", line 1657, in _send_handling_auth
    response = await self._send_handling_redirects(
               ^^^^^^^^^^^^^^^^^^^^^^^^^^^^^^^^^^^^
    ...<3 lines>...
    )
    ^
  File "C:\Users\inven\OneDrive\Documentos\GitHub\watchlist\6.Trading_Journal\backend\.venv\Lib\site-packages\httpx\_client.py", line 1694, in _send_handling_redirects
    response = await self._send_single_request(request)
               ^^^^^^^^^^^^^^^^^^^^^^^^^^^^^^^^^^^^^^^^
  File "C:\Users\inven\OneDrive\Documentos\GitHub\watchlist\6.Trading_Journal\backend\.venv\Lib\site-packages\httpx\_client.py", line 1730, in _send_single_request
    response = await transport.handle_async_request(request)
               ^^^^^^^^^^^^^^^^^^^^^^^^^^^^^^^^^^^^^^^^^^^^^
  File "C:\Users\inven\OneDrive\Documentos\GitHub\watchlist\6.Trading_Journal\backend\.venv\Lib\site-packages\httpx\_transports\default.py", line 393, in handle_async_request
    with map_httpcore_exceptions():
         ~~~~~~~~~~~~~~~~~~~~~~~^^
  File "C:\Python314\Lib\contextlib.py", line 162, in __exit__
    self.gen.throw(value)
    ~~~~~~~~~~~~~~^^^^^^^
  File "C:\Users\inven\OneDrive\Documentos\GitHub\watchlist\6.Trading_Journal\backend\.venv\Lib\site-packages\httpx\_transports\default.py", line 118, in map_httpcore_exceptions
    raise mapped_exc(message) from exc
httpx.ReadTimeout

2026-01-28 20:02:32,439 | ERROR | services.position_monitor | Error fetching positions: ReadTimeout: 
2026-01-28 20:02:32,446 | ERROR | services.position_monitor | Traceback (most recent call last):
  File "C:\Users\inven\OneDrive\Documentos\GitHub\watchlist\6.Trading_Journal\backend\.venv\Lib\site-packages\httpx\_transports\default.py", line 101, in map_httpcore_exceptions
    yield
  File "C:\Users\inven\OneDrive\Documentos\GitHub\watchlist\6.Trading_Journal\backend\.venv\Lib\site-packages\httpx\_transports\default.py", line 394, in handle_async_request
    resp = await self._pool.handle_async_request(req)
           ^^^^^^^^^^^^^^^^^^^^^^^^^^^^^^^^^^^^^^^^^^
  File "C:\Users\inven\OneDrive\Documentos\GitHub\watchlist\6.Trading_Journal\backend\.venv\Lib\site-packages\httpcore\_async\connection_pool.py", line 256, in handle_async_request
    raise exc from None
  File "C:\Users\inven\OneDrive\Documentos\GitHub\watchlist\6.Trading_Journal\backend\.venv\Lib\site-packages\httpcore\_async\connection_pool.py", line 236, in handle_async_request
    response = await connection.handle_async_request(
               ^^^^^^^^^^^^^^^^^^^^^^^^^^^^^^^^^^^^^^
        pool_request.request
        ^^^^^^^^^^^^^^^^^^^^
    )
    ^
  File "C:\Users\inven\OneDrive\Documentos\GitHub\watchlist\6.Trading_Journal\backend\.venv\Lib\site-packages\httpcore\_async\connection.py", line 103, in handle_async_request
    return await self._connection.handle_async_request(request)
           ^^^^^^^^^^^^^^^^^^^^^^^^^^^^^^^^^^^^^^^^^^^^^^^^^^^^
  File "C:\Users\inven\OneDrive\Documentos\GitHub\watchlist\6.Trading_Journal\backend\.venv\Lib\site-packages\httpcore\_async\http11.py", line 136, in handle_async_request
    raise exc
  File "C:\Users\inven\OneDrive\Documentos\GitHub\watchlist\6.Trading_Journal\backend\.venv\Lib\site-packages\httpcore\_async\http11.py", line 106, in handle_async_request
    ) = await self._receive_response_headers(**kwargs)
        ^^^^^^^^^^^^^^^^^^^^^^^^^^^^^^^^^^^^^^^^^^^^^^
  File "C:\Users\inven\OneDrive\Documentos\GitHub\watchlist\6.Trading_Journal\backend\.venv\Lib\site-packages\httpcore\_async\http11.py", line 177, in _receive_response_headers
    event = await self._receive_event(timeout=timeout)
            ^^^^^^^^^^^^^^^^^^^^^^^^^^^^^^^^^^^^^^^^^^
  File "C:\Users\inven\OneDrive\Documentos\GitHub\watchlist\6.Trading_Journal\backend\.venv\Lib\site-packages\httpcore\_async\http11.py", line 217, in _receive_event
    data = await self._network_stream.read(
           ^^^^^^^^^^^^^^^^^^^^^^^^^^^^^^^^
        self.READ_NUM_BYTES, timeout=timeout
        ^^^^^^^^^^^^^^^^^^^^^^^^^^^^^^^^^^^^
    )
    ^
  File "C:\Users\inven\OneDrive\Documentos\GitHub\watchlist\6.Trading_Journal\backend\.venv\Lib\site-packages\httpcore\_backends\anyio.py", line 32, in read
    with map_exceptions(exc_map):
         ~~~~~~~~~~~~~~^^^^^^^^^
  File "C:\Python314\Lib\contextlib.py", line 162, in __exit__
    self.gen.throw(value)
    ~~~~~~~~~~~~~~^^^^^^^
  File "C:\Users\inven\OneDrive\Documentos\GitHub\watchlist\6.Trading_Journal\backend\.venv\Lib\site-packages\httpcore\_exceptions.py", line 14, in map_exceptions
    raise to_exc(exc) from exc
httpcore.ReadTimeout

The above exception was the direct cause of the following exception:

Traceback (most recent call last):
  File "C:\Users\inven\OneDrive\Documentos\GitHub\watchlist\6.Trading_Journal\backend\services\position_monitor.py", line 186, in _fetch_positions
    response = await self._http_client.get(
               ^^^^^^^^^^^^^^^^^^^^^^^^^^^^
        f"{self.trading_bot_url}/api/positions"
        ^^^^^^^^^^^^^^^^^^^^^^^^^^^^^^^^^^^^^^^
    )
    ^
  File "C:\Users\inven\OneDrive\Documentos\GitHub\watchlist\6.Trading_Journal\backend\.venv\Lib\site-packages\httpx\_client.py", line 1768, in get
    return await self.request(
           ^^^^^^^^^^^^^^^^^^^
    ...<9 lines>...
    )
    ^
  File "C:\Users\inven\OneDrive\Documentos\GitHub\watchlist\6.Trading_Journal\backend\.venv\Lib\site-packages\httpx\_client.py", line 1540, in request
    return await self.send(request, auth=auth, follow_redirects=follow_redirects)
           ^^^^^^^^^^^^^^^^^^^^^^^^^^^^^^^^^^^^^^^^^^^^^^^^^^^^^^^^^^^^^^^^^^^^^^
  File "C:\Users\inven\OneDrive\Documentos\GitHub\watchlist\6.Trading_Journal\backend\.venv\Lib\site-packages\httpx\_client.py", line 1629, in send
    response = await self._send_handling_auth(
               ^^^^^^^^^^^^^^^^^^^^^^^^^^^^^^^
    ...<4 lines>...
    )
    ^
  File "C:\Users\inven\OneDrive\Documentos\GitHub\watchlist\6.Trading_Journal\backend\.venv\Lib\site-packages\httpx\_client.py", line 1657, in _send_handling_auth
    response = await self._send_handling_redirects(
               ^^^^^^^^^^^^^^^^^^^^^^^^^^^^^^^^^^^^
    ...<3 lines>...
    )
    ^
  File "C:\Users\inven\OneDrive\Documentos\GitHub\watchlist\6.Trading_Journal\backend\.venv\Lib\site-packages\httpx\_client.py", line 1694, in _send_handling_redirects
    response = await self._send_single_request(request)
               ^^^^^^^^^^^^^^^^^^^^^^^^^^^^^^^^^^^^^^^^
  File "C:\Users\inven\OneDrive\Documentos\GitHub\watchlist\6.Trading_Journal\backend\.venv\Lib\site-packages\httpx\_client.py", line 1730, in _send_single_request
    response = await transport.handle_async_request(request)
               ^^^^^^^^^^^^^^^^^^^^^^^^^^^^^^^^^^^^^^^^^^^^^
  File "C:\Users\inven\OneDrive\Documentos\GitHub\watchlist\6.Trading_Journal\backend\.venv\Lib\site-packages\httpx\_transports\default.py", line 393, in handle_async_request
    with map_httpcore_exceptions():
         ~~~~~~~~~~~~~~~~~~~~~~~^^
  File "C:\Python314\Lib\contextlib.py", line 162, in __exit__
    self.gen.throw(value)
    ~~~~~~~~~~~~~~^^^^^^^
  File "C:\Users\inven\OneDrive\Documentos\GitHub\watchlist\6.Trading_Journal\backend\.venv\Lib\site-packages\httpx\_transports\default.py", line 118, in map_httpcore_exceptions
    raise mapped_exc(message) from exc
httpx.ReadTimeout

2026-01-28 20:02:47,731 | ERROR | services.position_monitor | Error fetching positions: ReadTimeout: 
2026-01-28 20:02:47,735 | ERROR | services.position_monitor | Traceback (most recent call last):
  File "C:\Users\inven\OneDrive\Documentos\GitHub\watchlist\6.Trading_Journal\backend\.venv\Lib\site-packages\httpx\_transports\default.py", line 101, in map_httpcore_exceptions
    yield
  File "C:\Users\inven\OneDrive\Documentos\GitHub\watchlist\6.Trading_Journal\backend\.venv\Lib\site-packages\httpx\_transports\default.py", line 394, in handle_async_request
    resp = await self._pool.handle_async_request(req)
           ^^^^^^^^^^^^^^^^^^^^^^^^^^^^^^^^^^^^^^^^^^
  File "C:\Users\inven\OneDrive\Documentos\GitHub\watchlist\6.Trading_Journal\backend\.venv\Lib\site-packages\httpcore\_async\connection_pool.py", line 256, in handle_async_request
    raise exc from None
  File "C:\Users\inven\OneDrive\Documentos\GitHub\watchlist\6.Trading_Journal\backend\.venv\Lib\site-packages\httpcore\_async\connection_pool.py", line 236, in handle_async_request
    response = await connection.handle_async_request(
               ^^^^^^^^^^^^^^^^^^^^^^^^^^^^^^^^^^^^^^
        pool_request.request
        ^^^^^^^^^^^^^^^^^^^^
    )
    ^
  File "C:\Users\inven\OneDrive\Documentos\GitHub\watchlist\6.Trading_Journal\backend\.venv\Lib\site-packages\httpcore\_async\connection.py", line 103, in handle_async_request
    return await self._connection.handle_async_request(request)
           ^^^^^^^^^^^^^^^^^^^^^^^^^^^^^^^^^^^^^^^^^^^^^^^^^^^^
  File "C:\Users\inven\OneDrive\Documentos\GitHub\watchlist\6.Trading_Journal\backend\.venv\Lib\site-packages\httpcore\_async\http11.py", line 136, in handle_async_request
    raise exc
  File "C:\Users\inven\OneDrive\Documentos\GitHub\watchlist\6.Trading_Journal\backend\.venv\Lib\site-packages\httpcore\_async\http11.py", line 106, in handle_async_request
    ) = await self._receive_response_headers(**kwargs)
        ^^^^^^^^^^^^^^^^^^^^^^^^^^^^^^^^^^^^^^^^^^^^^^
  File "C:\Users\inven\OneDrive\Documentos\GitHub\watchlist\6.Trading_Journal\backend\.venv\Lib\site-packages\httpcore\_async\http11.py", line 177, in _receive_response_headers
    event = await self._receive_event(timeout=timeout)
            ^^^^^^^^^^^^^^^^^^^^^^^^^^^^^^^^^^^^^^^^^^
  File "C:\Users\inven\OneDrive\Documentos\GitHub\watchlist\6.Trading_Journal\backend\.venv\Lib\site-packages\httpcore\_async\http11.py", line 217, in _receive_event
    data = await self._network_stream.read(
           ^^^^^^^^^^^^^^^^^^^^^^^^^^^^^^^^
        self.READ_NUM_BYTES, timeout=timeout
        ^^^^^^^^^^^^^^^^^^^^^^^^^^^^^^^^^^^^
    )
    ^
  File "C:\Users\inven\OneDrive\Documentos\GitHub\watchlist\6.Trading_Journal\backend\.venv\Lib\site-packages\httpcore\_backends\anyio.py", line 32, in read
    with map_exceptions(exc_map):
         ~~~~~~~~~~~~~~^^^^^^^^^
  File "C:\Python314\Lib\contextlib.py", line 162, in __exit__
    self.gen.throw(value)
    ~~~~~~~~~~~~~~^^^^^^^
  File "C:\Users\inven\OneDrive\Documentos\GitHub\watchlist\6.Trading_Journal\backend\.venv\Lib\site-packages\httpcore\_exceptions.py", line 14, in map_exceptions
    raise to_exc(exc) from exc
httpcore.ReadTimeout

The above exception was the direct cause of the following exception:

Traceback (most recent call last):
  File "C:\Users\inven\OneDrive\Documentos\GitHub\watchlist\6.Trading_Journal\backend\services\position_monitor.py", line 186, in _fetch_positions
    response = await self._http_client.get(
               ^^^^^^^^^^^^^^^^^^^^^^^^^^^^
        f"{self.trading_bot_url}/api/positions"
        ^^^^^^^^^^^^^^^^^^^^^^^^^^^^^^^^^^^^^^^
    )
    ^
  File "C:\Users\inven\OneDrive\Documentos\GitHub\watchlist\6.Trading_Journal\backend\.venv\Lib\site-packages\httpx\_client.py", line 1768, in get
    return await self.request(
           ^^^^^^^^^^^^^^^^^^^
    ...<9 lines>...
    )
    ^
  File "C:\Users\inven\OneDrive\Documentos\GitHub\watchlist\6.Trading_Journal\backend\.venv\Lib\site-packages\httpx\_client.py", line 1540, in request
    return await self.send(request, auth=auth, follow_redirects=follow_redirects)
           ^^^^^^^^^^^^^^^^^^^^^^^^^^^^^^^^^^^^^^^^^^^^^^^^^^^^^^^^^^^^^^^^^^^^^^
  File "C:\Users\inven\OneDrive\Documentos\GitHub\watchlist\6.Trading_Journal\backend\.venv\Lib\site-packages\httpx\_client.py", line 1629, in send
    response = await self._send_handling_auth(
               ^^^^^^^^^^^^^^^^^^^^^^^^^^^^^^^
    ...<4 lines>...
    )
    ^
  File "C:\Users\inven\OneDrive\Documentos\GitHub\watchlist\6.Trading_Journal\backend\.venv\Lib\site-packages\httpx\_client.py", line 1657, in _send_handling_auth
    response = await self._send_handling_redirects(
               ^^^^^^^^^^^^^^^^^^^^^^^^^^^^^^^^^^^^
    ...<3 lines>...
    )
    ^
  File "C:\Users\inven\OneDrive\Documentos\GitHub\watchlist\6.Trading_Journal\backend\.venv\Lib\site-packages\httpx\_client.py", line 1694, in _send_handling_redirects
    response = await self._send_single_request(request)
               ^^^^^^^^^^^^^^^^^^^^^^^^^^^^^^^^^^^^^^^^
  File "C:\Users\inven\OneDrive\Documentos\GitHub\watchlist\6.Trading_Journal\backend\.venv\Lib\site-packages\httpx\_client.py", line 1730, in _send_single_request
    response = await transport.handle_async_request(request)
               ^^^^^^^^^^^^^^^^^^^^^^^^^^^^^^^^^^^^^^^^^^^^^
  File "C:\Users\inven\OneDrive\Documentos\GitHub\watchlist\6.Trading_Journal\backend\.venv\Lib\site-packages\httpx\_transports\default.py", line 393, in handle_async_request
    with map_httpcore_exceptions():
         ~~~~~~~~~~~~~~~~~~~~~~~^^
  File "C:\Python314\Lib\contextlib.py", line 162, in __exit__
    self.gen.throw(value)
    ~~~~~~~~~~~~~~^^^^^^^
  File "C:\Users\inven\OneDrive\Documentos\GitHub\watchlist\6.Trading_Journal\backend\.venv\Lib\site-packages\httpx\_transports\default.py", line 118, in map_httpcore_exceptions
    raise mapped_exc(message) from exc
httpx.ReadTimeout

2026-01-28 20:03:03,034 | ERROR | services.position_monitor | Error fetching positions: ReadTimeout: 
2026-01-28 20:03:03,041 | ERROR | services.position_monitor | Traceback (most recent call last):
  File "C:\Users\inven\OneDrive\Documentos\GitHub\watchlist\6.Trading_Journal\backend\.venv\Lib\site-packages\httpx\_transports\default.py", line 101, in map_httpcore_exceptions
    yield
  File "C:\Users\inven\OneDrive\Documentos\GitHub\watchlist\6.Trading_Journal\backend\.venv\Lib\site-packages\httpx\_transports\default.py", line 394, in handle_async_request
    resp = await self._pool.handle_async_request(req)
           ^^^^^^^^^^^^^^^^^^^^^^^^^^^^^^^^^^^^^^^^^^
  File "C:\Users\inven\OneDrive\Documentos\GitHub\watchlist\6.Trading_Journal\backend\.venv\Lib\site-packages\httpcore\_async\connection_pool.py", line 256, in handle_async_request
    raise exc from None
  File "C:\Users\inven\OneDrive\Documentos\GitHub\watchlist\6.Trading_Journal\backend\.venv\Lib\site-packages\httpcore\_async\connection_pool.py", line 236, in handle_async_request
    response = await connection.handle_async_request(
               ^^^^^^^^^^^^^^^^^^^^^^^^^^^^^^^^^^^^^^
        pool_request.request
        ^^^^^^^^^^^^^^^^^^^^
    )
    ^
  File "C:\Users\inven\OneDrive\Documentos\GitHub\watchlist\6.Trading_Journal\backend\.venv\Lib\site-packages\httpcore\_async\connection.py", line 103, in handle_async_request
    return await self._connection.handle_async_request(request)
           ^^^^^^^^^^^^^^^^^^^^^^^^^^^^^^^^^^^^^^^^^^^^^^^^^^^^
  File "C:\Users\inven\OneDrive\Documentos\GitHub\watchlist\6.Trading_Journal\backend\.venv\Lib\site-packages\httpcore\_async\http11.py", line 136, in handle_async_request
    raise exc
  File "C:\Users\inven\OneDrive\Documentos\GitHub\watchlist\6.Trading_Journal\backend\.venv\Lib\site-packages\httpcore\_async\http11.py", line 106, in handle_async_request
    ) = await self._receive_response_headers(**kwargs)
        ^^^^^^^^^^^^^^^^^^^^^^^^^^^^^^^^^^^^^^^^^^^^^^
  File "C:\Users\inven\OneDrive\Documentos\GitHub\watchlist\6.Trading_Journal\backend\.venv\Lib\site-packages\httpcore\_async\http11.py", line 177, in _receive_response_headers
    event = await self._receive_event(timeout=timeout)
            ^^^^^^^^^^^^^^^^^^^^^^^^^^^^^^^^^^^^^^^^^^
  File "C:\Users\inven\OneDrive\Documentos\GitHub\watchlist\6.Trading_Journal\backend\.venv\Lib\site-packages\httpcore\_async\http11.py", line 217, in _receive_event
    data = await self._network_stream.read(
           ^^^^^^^^^^^^^^^^^^^^^^^^^^^^^^^^
        self.READ_NUM_BYTES, timeout=timeout
        ^^^^^^^^^^^^^^^^^^^^^^^^^^^^^^^^^^^^
    )
    ^
  File "C:\Users\inven\OneDrive\Documentos\GitHub\watchlist\6.Trading_Journal\backend\.venv\Lib\site-packages\httpcore\_backends\anyio.py", line 32, in read
    with map_exceptions(exc_map):
         ~~~~~~~~~~~~~~^^^^^^^^^
  File "C:\Python314\Lib\contextlib.py", line 162, in __exit__
    self.gen.throw(value)
    ~~~~~~~~~~~~~~^^^^^^^
  File "C:\Users\inven\OneDrive\Documentos\GitHub\watchlist\6.Trading_Journal\backend\.venv\Lib\site-packages\httpcore\_exceptions.py", line 14, in map_exceptions
    raise to_exc(exc) from exc
httpcore.ReadTimeout

The above exception was the direct cause of the following exception:

Traceback (most recent call last):
  File "C:\Users\inven\OneDrive\Documentos\GitHub\watchlist\6.Trading_Journal\backend\services\position_monitor.py", line 186, in _fetch_positions
    response = await self._http_client.get(
               ^^^^^^^^^^^^^^^^^^^^^^^^^^^^
        f"{self.trading_bot_url}/api/positions"
        ^^^^^^^^^^^^^^^^^^^^^^^^^^^^^^^^^^^^^^^
    )
    ^
  File "C:\Users\inven\OneDrive\Documentos\GitHub\watchlist\6.Trading_Journal\backend\.venv\Lib\site-packages\httpx\_client.py", line 1768, in get
    return await self.request(
           ^^^^^^^^^^^^^^^^^^^
    ...<9 lines>...
    )
    ^
  File "C:\Users\inven\OneDrive\Documentos\GitHub\watchlist\6.Trading_Journal\backend\.venv\Lib\site-packages\httpx\_client.py", line 1540, in request
    return await self.send(request, auth=auth, follow_redirects=follow_redirects)
           ^^^^^^^^^^^^^^^^^^^^^^^^^^^^^^^^^^^^^^^^^^^^^^^^^^^^^^^^^^^^^^^^^^^^^^
  File "C:\Users\inven\OneDrive\Documentos\GitHub\watchlist\6.Trading_Journal\backend\.venv\Lib\site-packages\httpx\_client.py", line 1629, in send
    response = await self._send_handling_auth(
               ^^^^^^^^^^^^^^^^^^^^^^^^^^^^^^^
    ...<4 lines>...
    )
    ^
  File "C:\Users\inven\OneDrive\Documentos\GitHub\watchlist\6.Trading_Journal\backend\.venv\Lib\site-packages\httpx\_client.py", line 1657, in _send_handling_auth
    response = await self._send_handling_redirects(
               ^^^^^^^^^^^^^^^^^^^^^^^^^^^^^^^^^^^^
    ...<3 lines>...
    )
    ^
  File "C:\Users\inven\OneDrive\Documentos\GitHub\watchlist\6.Trading_Journal\backend\.venv\Lib\site-packages\httpx\_client.py", line 1694, in _send_handling_redirects
    response = await self._send_single_request(request)
               ^^^^^^^^^^^^^^^^^^^^^^^^^^^^^^^^^^^^^^^^
  File "C:\Users\inven\OneDrive\Documentos\GitHub\watchlist\6.Trading_Journal\backend\.venv\Lib\site-packages\httpx\_client.py", line 1730, in _send_single_request
    response = await transport.handle_async_request(request)
               ^^^^^^^^^^^^^^^^^^^^^^^^^^^^^^^^^^^^^^^^^^^^^
  File "C:\Users\inven\OneDrive\Documentos\GitHub\watchlist\6.Trading_Journal\backend\.venv\Lib\site-packages\httpx\_transports\default.py", line 393, in handle_async_request
    with map_httpcore_exceptions():
         ~~~~~~~~~~~~~~~~~~~~~~~^^
  File "C:\Python314\Lib\contextlib.py", line 162, in __exit__
    self.gen.throw(value)
    ~~~~~~~~~~~~~~^^^^^^^
  File "C:\Users\inven\OneDrive\Documentos\GitHub\watchlist\6.Trading_Journal\backend\.venv\Lib\site-packages\httpx\_transports\default.py", line 118, in map_httpcore_exceptions
    raise mapped_exc(message) from exc
httpx.ReadTimeout

2026-01-28 20:03:18,326 | ERROR | services.position_monitor | Error fetching positions: ReadTimeout: 
2026-01-28 20:03:18,332 | ERROR | services.position_monitor | Traceback (most recent call last):
  File "C:\Users\inven\OneDrive\Documentos\GitHub\watchlist\6.Trading_Journal\backend\.venv\Lib\site-packages\httpx\_transports\default.py", line 101, in map_httpcore_exceptions
    yield
  File "C:\Users\inven\OneDrive\Documentos\GitHub\watchlist\6.Trading_Journal\backend\.venv\Lib\site-packages\httpx\_transports\default.py", line 394, in handle_async_request
    resp = await self._pool.handle_async_request(req)
           ^^^^^^^^^^^^^^^^^^^^^^^^^^^^^^^^^^^^^^^^^^
  File "C:\Users\inven\OneDrive\Documentos\GitHub\watchlist\6.Trading_Journal\backend\.venv\Lib\site-packages\httpcore\_async\connection_pool.py", line 256, in handle_async_request
    raise exc from None
  File "C:\Users\inven\OneDrive\Documentos\GitHub\watchlist\6.Trading_Journal\backend\.venv\Lib\site-packages\httpcore\_async\connection_pool.py", line 236, in handle_async_request
    response = await connection.handle_async_request(
               ^^^^^^^^^^^^^^^^^^^^^^^^^^^^^^^^^^^^^^
        pool_request.request
        ^^^^^^^^^^^^^^^^^^^^
    )
    ^
  File "C:\Users\inven\OneDrive\Documentos\GitHub\watchlist\6.Trading_Journal\backend\.venv\Lib\site-packages\httpcore\_async\connection.py", line 103, in handle_async_request
    return await self._connection.handle_async_request(request)
           ^^^^^^^^^^^^^^^^^^^^^^^^^^^^^^^^^^^^^^^^^^^^^^^^^^^^
  File "C:\Users\inven\OneDrive\Documentos\GitHub\watchlist\6.Trading_Journal\backend\.venv\Lib\site-packages\httpcore\_async\http11.py", line 136, in handle_async_request
    raise exc
  File "C:\Users\inven\OneDrive\Documentos\GitHub\watchlist\6.Trading_Journal\backend\.venv\Lib\site-packages\httpcore\_async\http11.py", line 106, in handle_async_request
    ) = await self._receive_response_headers(**kwargs)
        ^^^^^^^^^^^^^^^^^^^^^^^^^^^^^^^^^^^^^^^^^^^^^^
  File "C:\Users\inven\OneDrive\Documentos\GitHub\watchlist\6.Trading_Journal\backend\.venv\Lib\site-packages\httpcore\_async\http11.py", line 177, in _receive_response_headers
    event = await self._receive_event(timeout=timeout)
            ^^^^^^^^^^^^^^^^^^^^^^^^^^^^^^^^^^^^^^^^^^
  File "C:\Users\inven\OneDrive\Documentos\GitHub\watchlist\6.Trading_Journal\backend\.venv\Lib\site-packages\httpcore\_async\http11.py", line 217, in _receive_event
    data = await self._network_stream.read(
           ^^^^^^^^^^^^^^^^^^^^^^^^^^^^^^^^
        self.READ_NUM_BYTES, timeout=timeout
        ^^^^^^^^^^^^^^^^^^^^^^^^^^^^^^^^^^^^
    )
    ^
  File "C:\Users\inven\OneDrive\Documentos\GitHub\watchlist\6.Trading_Journal\backend\.venv\Lib\site-packages\httpcore\_backends\anyio.py", line 32, in read
    with map_exceptions(exc_map):
         ~~~~~~~~~~~~~~^^^^^^^^^
  File "C:\Python314\Lib\contextlib.py", line 162, in __exit__
    self.gen.throw(value)
    ~~~~~~~~~~~~~~^^^^^^^
  File "C:\Users\inven\OneDrive\Documentos\GitHub\watchlist\6.Trading_Journal\backend\.venv\Lib\site-packages\httpcore\_exceptions.py", line 14, in map_exceptions
    raise to_exc(exc) from exc
httpcore.ReadTimeout

The above exception was the direct cause of the following exception:

Traceback (most recent call last):
  File "C:\Users\inven\OneDrive\Documentos\GitHub\watchlist\6.Trading_Journal\backend\services\position_monitor.py", line 186, in _fetch_positions
    response = await self._http_client.get(
               ^^^^^^^^^^^^^^^^^^^^^^^^^^^^
        f"{self.trading_bot_url}/api/positions"
        ^^^^^^^^^^^^^^^^^^^^^^^^^^^^^^^^^^^^^^^
    )
    ^
  File "C:\Users\inven\OneDrive\Documentos\GitHub\watchlist\6.Trading_Journal\backend\.venv\Lib\site-packages\httpx\_client.py", line 1768, in get
    return await self.request(
           ^^^^^^^^^^^^^^^^^^^
    ...<9 lines>...
    )
    ^
  File "C:\Users\inven\OneDrive\Documentos\GitHub\watchlist\6.Trading_Journal\backend\.venv\Lib\site-packages\httpx\_client.py", line 1540, in request
    return await self.send(request, auth=auth, follow_redirects=follow_redirects)
           ^^^^^^^^^^^^^^^^^^^^^^^^^^^^^^^^^^^^^^^^^^^^^^^^^^^^^^^^^^^^^^^^^^^^^^
  File "C:\Users\inven\OneDrive\Documentos\GitHub\watchlist\6.Trading_Journal\backend\.venv\Lib\site-packages\httpx\_client.py", line 1629, in send
    response = await self._send_handling_auth(
               ^^^^^^^^^^^^^^^^^^^^^^^^^^^^^^^
    ...<4 lines>...
    )
    ^
  File "C:\Users\inven\OneDrive\Documentos\GitHub\watchlist\6.Trading_Journal\backend\.venv\Lib\site-packages\httpx\_client.py", line 1657, in _send_handling_auth
    response = await self._send_handling_redirects(
               ^^^^^^^^^^^^^^^^^^^^^^^^^^^^^^^^^^^^
    ...<3 lines>...
    )
    ^
  File "C:\Users\inven\OneDrive\Documentos\GitHub\watchlist\6.Trading_Journal\backend\.venv\Lib\site-packages\httpx\_client.py", line 1694, in _send_handling_redirects
    response = await self._send_single_request(request)
               ^^^^^^^^^^^^^^^^^^^^^^^^^^^^^^^^^^^^^^^^
  File "C:\Users\inven\OneDrive\Documentos\GitHub\watchlist\6.Trading_Journal\backend\.venv\Lib\site-packages\httpx\_client.py", line 1730, in _send_single_request
    response = await transport.handle_async_request(request)
               ^^^^^^^^^^^^^^^^^^^^^^^^^^^^^^^^^^^^^^^^^^^^^
  File "C:\Users\inven\OneDrive\Documentos\GitHub\watchlist\6.Trading_Journal\backend\.venv\Lib\site-packages\httpx\_transports\default.py", line 393, in handle_async_request
    with map_httpcore_exceptions():
         ~~~~~~~~~~~~~~~~~~~~~~~^^
  File "C:\Python314\Lib\contextlib.py", line 162, in __exit__
    self.gen.throw(value)
    ~~~~~~~~~~~~~~^^^^^^^
  File "C:\Users\inven\OneDrive\Documentos\GitHub\watchlist\6.Trading_Journal\backend\.venv\Lib\site-packages\httpx\_transports\default.py", line 118, in map_httpcore_exceptions
    raise mapped_exc(message) from exc
httpx.ReadTimeout

2026-01-28 20:03:33,612 | ERROR | services.position_monitor | Error fetching positions: ReadTimeout: 
2026-01-28 20:03:33,617 | ERROR | services.position_monitor | Traceback (most recent call last):
  File "C:\Users\inven\OneDrive\Documentos\GitHub\watchlist\6.Trading_Journal\backend\.venv\Lib\site-packages\httpx\_transports\default.py", line 101, in map_httpcore_exceptions
    yield
  File "C:\Users\inven\OneDrive\Documentos\GitHub\watchlist\6.Trading_Journal\backend\.venv\Lib\site-packages\httpx\_transports\default.py", line 394, in handle_async_request
    resp = await self._pool.handle_async_request(req)
           ^^^^^^^^^^^^^^^^^^^^^^^^^^^^^^^^^^^^^^^^^^
  File "C:\Users\inven\OneDrive\Documentos\GitHub\watchlist\6.Trading_Journal\backend\.venv\Lib\site-packages\httpcore\_async\connection_pool.py", line 256, in handle_async_request
    raise exc from None
  File "C:\Users\inven\OneDrive\Documentos\GitHub\watchlist\6.Trading_Journal\backend\.venv\Lib\site-packages\httpcore\_async\connection_pool.py", line 236, in handle_async_request
    response = await connection.handle_async_request(
               ^^^^^^^^^^^^^^^^^^^^^^^^^^^^^^^^^^^^^^
        pool_request.request
        ^^^^^^^^^^^^^^^^^^^^
    )
    ^
  File "C:\Users\inven\OneDrive\Documentos\GitHub\watchlist\6.Trading_Journal\backend\.venv\Lib\site-packages\httpcore\_async\connection.py", line 103, in handle_async_request
    return await self._connection.handle_async_request(request)
           ^^^^^^^^^^^^^^^^^^^^^^^^^^^^^^^^^^^^^^^^^^^^^^^^^^^^
  File "C:\Users\inven\OneDrive\Documentos\GitHub\watchlist\6.Trading_Journal\backend\.venv\Lib\site-packages\httpcore\_async\http11.py", line 136, in handle_async_request
    raise exc
  File "C:\Users\inven\OneDrive\Documentos\GitHub\watchlist\6.Trading_Journal\backend\.venv\Lib\site-packages\httpcore\_async\http11.py", line 106, in handle_async_request
    ) = await self._receive_response_headers(**kwargs)
        ^^^^^^^^^^^^^^^^^^^^^^^^^^^^^^^^^^^^^^^^^^^^^^
  File "C:\Users\inven\OneDrive\Documentos\GitHub\watchlist\6.Trading_Journal\backend\.venv\Lib\site-packages\httpcore\_async\http11.py", line 177, in _receive_response_headers
    event = await self._receive_event(timeout=timeout)
            ^^^^^^^^^^^^^^^^^^^^^^^^^^^^^^^^^^^^^^^^^^
  File "C:\Users\inven\OneDrive\Documentos\GitHub\watchlist\6.Trading_Journal\backend\.venv\Lib\site-packages\httpcore\_async\http11.py", line 217, in _receive_event
    data = await self._network_stream.read(
           ^^^^^^^^^^^^^^^^^^^^^^^^^^^^^^^^
        self.READ_NUM_BYTES, timeout=timeout
        ^^^^^^^^^^^^^^^^^^^^^^^^^^^^^^^^^^^^
    )
    ^
  File "C:\Users\inven\OneDrive\Documentos\GitHub\watchlist\6.Trading_Journal\backend\.venv\Lib\site-packages\httpcore\_backends\anyio.py", line 32, in read
    with map_exceptions(exc_map):
         ~~~~~~~~~~~~~~^^^^^^^^^
  File "C:\Python314\Lib\contextlib.py", line 162, in __exit__
    self.gen.throw(value)
    ~~~~~~~~~~~~~~^^^^^^^
  File "C:\Users\inven\OneDrive\Documentos\GitHub\watchlist\6.Trading_Journal\backend\.venv\Lib\site-packages\httpcore\_exceptions.py", line 14, in map_exceptions
    raise to_exc(exc) from exc
httpcore.ReadTimeout

The above exception was the direct cause of the following exception:

Traceback (most recent call last):
  File "C:\Users\inven\OneDrive\Documentos\GitHub\watchlist\6.Trading_Journal\backend\services\position_monitor.py", line 186, in _fetch_positions
    response = await self._http_client.get(
               ^^^^^^^^^^^^^^^^^^^^^^^^^^^^
        f"{self.trading_bot_url}/api/positions"
        ^^^^^^^^^^^^^^^^^^^^^^^^^^^^^^^^^^^^^^^
    )
    ^
  File "C:\Users\inven\OneDrive\Documentos\GitHub\watchlist\6.Trading_Journal\backend\.venv\Lib\site-packages\httpx\_client.py", line 1768, in get
    return await self.request(
           ^^^^^^^^^^^^^^^^^^^
    ...<9 lines>...
    )
    ^
  File "C:\Users\inven\OneDrive\Documentos\GitHub\watchlist\6.Trading_Journal\backend\.venv\Lib\site-packages\httpx\_client.py", line 1540, in request
    return await self.send(request, auth=auth, follow_redirects=follow_redirects)
           ^^^^^^^^^^^^^^^^^^^^^^^^^^^^^^^^^^^^^^^^^^^^^^^^^^^^^^^^^^^^^^^^^^^^^^
  File "C:\Users\inven\OneDrive\Documentos\GitHub\watchlist\6.Trading_Journal\backend\.venv\Lib\site-packages\httpx\_client.py", line 1629, in send
    response = await self._send_handling_auth(
               ^^^^^^^^^^^^^^^^^^^^^^^^^^^^^^^
    ...<4 lines>...
    )
    ^
  File "C:\Users\inven\OneDrive\Documentos\GitHub\watchlist\6.Trading_Journal\backend\.venv\Lib\site-packages\httpx\_client.py", line 1657, in _send_handling_auth
    response = await self._send_handling_redirects(
               ^^^^^^^^^^^^^^^^^^^^^^^^^^^^^^^^^^^^
    ...<3 lines>...
    )
    ^
  File "C:\Users\inven\OneDrive\Documentos\GitHub\watchlist\6.Trading_Journal\backend\.venv\Lib\site-packages\httpx\_client.py", line 1694, in _send_handling_redirects
    response = await self._send_single_request(request)
               ^^^^^^^^^^^^^^^^^^^^^^^^^^^^^^^^^^^^^^^^
  File "C:\Users\inven\OneDrive\Documentos\GitHub\watchlist\6.Trading_Journal\backend\.venv\Lib\site-packages\httpx\_client.py", line 1730, in _send_single_request
    response = await transport.handle_async_request(request)
               ^^^^^^^^^^^^^^^^^^^^^^^^^^^^^^^^^^^^^^^^^^^^^
  File "C:\Users\inven\OneDrive\Documentos\GitHub\watchlist\6.Trading_Journal\backend\.venv\Lib\site-packages\httpx\_transports\default.py", line 393, in handle_async_request
    with map_httpcore_exceptions():
         ~~~~~~~~~~~~~~~~~~~~~~~^^
  File "C:\Python314\Lib\contextlib.py", line 162, in __exit__
    self.gen.throw(value)
    ~~~~~~~~~~~~~~^^^^^^^
  File "C:\Users\inven\OneDrive\Documentos\GitHub\watchlist\6.Trading_Journal\backend\.venv\Lib\site-packages\httpx\_transports\default.py", line 118, in map_httpcore_exceptions
    raise mapped_exc(message) from exc
httpx.ReadTimeout

2026-01-28 20:03:48,910 | ERROR | services.position_monitor | Error fetching positions: ReadTimeout: 
2026-01-28 20:03:48,915 | ERROR | services.position_monitor | Traceback (most recent call last):
  File "C:\Users\inven\OneDrive\Documentos\GitHub\watchlist\6.Trading_Journal\backend\.venv\Lib\site-packages\httpx\_transports\default.py", line 101, in map_httpcore_exceptions
    yield
  File "C:\Users\inven\OneDrive\Documentos\GitHub\watchlist\6.Trading_Journal\backend\.venv\Lib\site-packages\httpx\_transports\default.py", line 394, in handle_async_request
    resp = await self._pool.handle_async_request(req)
           ^^^^^^^^^^^^^^^^^^^^^^^^^^^^^^^^^^^^^^^^^^
  File "C:\Users\inven\OneDrive\Documentos\GitHub\watchlist\6.Trading_Journal\backend\.venv\Lib\site-packages\httpcore\_async\connection_pool.py", line 256, in handle_async_request
    raise exc from None
  File "C:\Users\inven\OneDrive\Documentos\GitHub\watchlist\6.Trading_Journal\backend\.venv\Lib\site-packages\httpcore\_async\connection_pool.py", line 236, in handle_async_request
    response = await connection.handle_async_request(
               ^^^^^^^^^^^^^^^^^^^^^^^^^^^^^^^^^^^^^^
        pool_request.request
        ^^^^^^^^^^^^^^^^^^^^
    )
    ^
  File "C:\Users\inven\OneDrive\Documentos\GitHub\watchlist\6.Trading_Journal\backend\.venv\Lib\site-packages\httpcore\_async\connection.py", line 103, in handle_async_request
    return await self._connection.handle_async_request(request)
           ^^^^^^^^^^^^^^^^^^^^^^^^^^^^^^^^^^^^^^^^^^^^^^^^^^^^
  File "C:\Users\inven\OneDrive\Documentos\GitHub\watchlist\6.Trading_Journal\backend\.venv\Lib\site-packages\httpcore\_async\http11.py", line 136, in handle_async_request
    raise exc
  File "C:\Users\inven\OneDrive\Documentos\GitHub\watchlist\6.Trading_Journal\backend\.venv\Lib\site-packages\httpcore\_async\http11.py", line 106, in handle_async_request
    ) = await self._receive_response_headers(**kwargs)
        ^^^^^^^^^^^^^^^^^^^^^^^^^^^^^^^^^^^^^^^^^^^^^^
  File "C:\Users\inven\OneDrive\Documentos\GitHub\watchlist\6.Trading_Journal\backend\.venv\Lib\site-packages\httpcore\_async\http11.py", line 177, in _receive_response_headers
    event = await self._receive_event(timeout=timeout)
            ^^^^^^^^^^^^^^^^^^^^^^^^^^^^^^^^^^^^^^^^^^
  File "C:\Users\inven\OneDrive\Documentos\GitHub\watchlist\6.Trading_Journal\backend\.venv\Lib\site-packages\httpcore\_async\http11.py", line 217, in _receive_event
    data = await self._network_stream.read(
           ^^^^^^^^^^^^^^^^^^^^^^^^^^^^^^^^
        self.READ_NUM_BYTES, timeout=timeout
        ^^^^^^^^^^^^^^^^^^^^^^^^^^^^^^^^^^^^
    )
    ^
  File "C:\Users\inven\OneDrive\Documentos\GitHub\watchlist\6.Trading_Journal\backend\.venv\Lib\site-packages\httpcore\_backends\anyio.py", line 32, in read
    with map_exceptions(exc_map):
         ~~~~~~~~~~~~~~^^^^^^^^^
  File "C:\Python314\Lib\contextlib.py", line 162, in __exit__
    self.gen.throw(value)
    ~~~~~~~~~~~~~~^^^^^^^
  File "C:\Users\inven\OneDrive\Documentos\GitHub\watchlist\6.Trading_Journal\backend\.venv\Lib\site-packages\httpcore\_exceptions.py", line 14, in map_exceptions
    raise to_exc(exc) from exc
httpcore.ReadTimeout

The above exception was the direct cause of the following exception:

Traceback (most recent call last):
  File "C:\Users\inven\OneDrive\Documentos\GitHub\watchlist\6.Trading_Journal\backend\services\position_monitor.py", line 186, in _fetch_positions
    response = await self._http_client.get(
               ^^^^^^^^^^^^^^^^^^^^^^^^^^^^
        f"{self.trading_bot_url}/api/positions"
        ^^^^^^^^^^^^^^^^^^^^^^^^^^^^^^^^^^^^^^^
    )
    ^
  File "C:\Users\inven\OneDrive\Documentos\GitHub\watchlist\6.Trading_Journal\backend\.venv\Lib\site-packages\httpx\_client.py", line 1768, in get
    return await self.request(
           ^^^^^^^^^^^^^^^^^^^
    ...<9 lines>...
    )
    ^
  File "C:\Users\inven\OneDrive\Documentos\GitHub\watchlist\6.Trading_Journal\backend\.venv\Lib\site-packages\httpx\_client.py", line 1540, in request
    return await self.send(request, auth=auth, follow_redirects=follow_redirects)
           ^^^^^^^^^^^^^^^^^^^^^^^^^^^^^^^^^^^^^^^^^^^^^^^^^^^^^^^^^^^^^^^^^^^^^^
  File "C:\Users\inven\OneDrive\Documentos\GitHub\watchlist\6.Trading_Journal\backend\.venv\Lib\site-packages\httpx\_client.py", line 1629, in send
    response = await self._send_handling_auth(
               ^^^^^^^^^^^^^^^^^^^^^^^^^^^^^^^
    ...<4 lines>...
    )
    ^
  File "C:\Users\inven\OneDrive\Documentos\GitHub\watchlist\6.Trading_Journal\backend\.venv\Lib\site-packages\httpx\_client.py", line 1657, in _send_handling_auth
    response = await self._send_handling_redirects(
               ^^^^^^^^^^^^^^^^^^^^^^^^^^^^^^^^^^^^
    ...<3 lines>...
    )
    ^
  File "C:\Users\inven\OneDrive\Documentos\GitHub\watchlist\6.Trading_Journal\backend\.venv\Lib\site-packages\httpx\_client.py", line 1694, in _send_handling_redirects
    response = await self._send_single_request(request)
               ^^^^^^^^^^^^^^^^^^^^^^^^^^^^^^^^^^^^^^^^
  File "C:\Users\inven\OneDrive\Documentos\GitHub\watchlist\6.Trading_Journal\backend\.venv\Lib\site-packages\httpx\_client.py", line 1730, in _send_single_request
    response = await transport.handle_async_request(request)
               ^^^^^^^^^^^^^^^^^^^^^^^^^^^^^^^^^^^^^^^^^^^^^
  File "C:\Users\inven\OneDrive\Documentos\GitHub\watchlist\6.Trading_Journal\backend\.venv\Lib\site-packages\httpx\_transports\default.py", line 393, in handle_async_request
    with map_httpcore_exceptions():
         ~~~~~~~~~~~~~~~~~~~~~~~^^
  File "C:\Python314\Lib\contextlib.py", line 162, in __exit__
    self.gen.throw(value)
    ~~~~~~~~~~~~~~^^^^^^^
  File "C:\Users\inven\OneDrive\Documentos\GitHub\watchlist\6.Trading_Journal\backend\.venv\Lib\site-packages\httpx\_transports\default.py", line 118, in map_httpcore_exceptions
    raise mapped_exc(message) from exc
httpx.ReadTimeout

2026-01-28 20:04:04,196 | ERROR | services.position_monitor | Error fetching positions: ReadTimeout: 
2026-01-28 20:04:04,202 | ERROR | services.position_monitor | Traceback (most recent call last):
  File "C:\Users\inven\OneDrive\Documentos\GitHub\watchlist\6.Trading_Journal\backend\.venv\Lib\site-packages\httpx\_transports\default.py", line 101, in map_httpcore_exceptions
    yield
  File "C:\Users\inven\OneDrive\Documentos\GitHub\watchlist\6.Trading_Journal\backend\.venv\Lib\site-packages\httpx\_transports\default.py", line 394, in handle_async_request
    resp = await self._pool.handle_async_request(req)
           ^^^^^^^^^^^^^^^^^^^^^^^^^^^^^^^^^^^^^^^^^^
  File "C:\Users\inven\OneDrive\Documentos\GitHub\watchlist\6.Trading_Journal\backend\.venv\Lib\site-packages\httpcore\_async\connection_pool.py", line 256, in handle_async_request
    raise exc from None
  File "C:\Users\inven\OneDrive\Documentos\GitHub\watchlist\6.Trading_Journal\backend\.venv\Lib\site-packages\httpcore\_async\connection_pool.py", line 236, in handle_async_request
    response = await connection.handle_async_request(
               ^^^^^^^^^^^^^^^^^^^^^^^^^^^^^^^^^^^^^^
        pool_request.request
        ^^^^^^^^^^^^^^^^^^^^
    )
    ^
  File "C:\Users\inven\OneDrive\Documentos\GitHub\watchlist\6.Trading_Journal\backend\.venv\Lib\site-packages\httpcore\_async\connection.py", line 103, in handle_async_request
    return await self._connection.handle_async_request(request)
           ^^^^^^^^^^^^^^^^^^^^^^^^^^^^^^^^^^^^^^^^^^^^^^^^^^^^
  File "C:\Users\inven\OneDrive\Documentos\GitHub\watchlist\6.Trading_Journal\backend\.venv\Lib\site-packages\httpcore\_async\http11.py", line 136, in handle_async_request
    raise exc
  File "C:\Users\inven\OneDrive\Documentos\GitHub\watchlist\6.Trading_Journal\backend\.venv\Lib\site-packages\httpcore\_async\http11.py", line 106, in handle_async_request
    ) = await self._receive_response_headers(**kwargs)
        ^^^^^^^^^^^^^^^^^^^^^^^^^^^^^^^^^^^^^^^^^^^^^^
  File "C:\Users\inven\OneDrive\Documentos\GitHub\watchlist\6.Trading_Journal\backend\.venv\Lib\site-packages\httpcore\_async\http11.py", line 177, in _receive_response_headers
    event = await self._receive_event(timeout=timeout)
            ^^^^^^^^^^^^^^^^^^^^^^^^^^^^^^^^^^^^^^^^^^
  File "C:\Users\inven\OneDrive\Documentos\GitHub\watchlist\6.Trading_Journal\backend\.venv\Lib\site-packages\httpcore\_async\http11.py", line 217, in _receive_event
    data = await self._network_stream.read(
           ^^^^^^^^^^^^^^^^^^^^^^^^^^^^^^^^
        self.READ_NUM_BYTES, timeout=timeout
        ^^^^^^^^^^^^^^^^^^^^^^^^^^^^^^^^^^^^
    )
    ^
  File "C:\Users\inven\OneDrive\Documentos\GitHub\watchlist\6.Trading_Journal\backend\.venv\Lib\site-packages\httpcore\_backends\anyio.py", line 32, in read
    with map_exceptions(exc_map):
         ~~~~~~~~~~~~~~^^^^^^^^^
  File "C:\Python314\Lib\contextlib.py", line 162, in __exit__
    self.gen.throw(value)
    ~~~~~~~~~~~~~~^^^^^^^
  File "C:\Users\inven\OneDrive\Documentos\GitHub\watchlist\6.Trading_Journal\backend\.venv\Lib\site-packages\httpcore\_exceptions.py", line 14, in map_exceptions
    raise to_exc(exc) from exc
httpcore.ReadTimeout

The above exception was the direct cause of the following exception:

Traceback (most recent call last):
  File "C:\Users\inven\OneDrive\Documentos\GitHub\watchlist\6.Trading_Journal\backend\services\position_monitor.py", line 186, in _fetch_positions
    response = await self._http_client.get(
               ^^^^^^^^^^^^^^^^^^^^^^^^^^^^
        f"{self.trading_bot_url}/api/positions"
        ^^^^^^^^^^^^^^^^^^^^^^^^^^^^^^^^^^^^^^^
    )
    ^
  File "C:\Users\inven\OneDrive\Documentos\GitHub\watchlist\6.Trading_Journal\backend\.venv\Lib\site-packages\httpx\_client.py", line 1768, in get
    return await self.request(
           ^^^^^^^^^^^^^^^^^^^
    ...<9 lines>...
    )
    ^
  File "C:\Users\inven\OneDrive\Documentos\GitHub\watchlist\6.Trading_Journal\backend\.venv\Lib\site-packages\httpx\_client.py", line 1540, in request
    return await self.send(request, auth=auth, follow_redirects=follow_redirects)
           ^^^^^^^^^^^^^^^^^^^^^^^^^^^^^^^^^^^^^^^^^^^^^^^^^^^^^^^^^^^^^^^^^^^^^^
  File "C:\Users\inven\OneDrive\Documentos\GitHub\watchlist\6.Trading_Journal\backend\.venv\Lib\site-packages\httpx\_client.py", line 1629, in send
    response = await self._send_handling_auth(
               ^^^^^^^^^^^^^^^^^^^^^^^^^^^^^^^
    ...<4 lines>...
    )
    ^
  File "C:\Users\inven\OneDrive\Documentos\GitHub\watchlist\6.Trading_Journal\backend\.venv\Lib\site-packages\httpx\_client.py", line 1657, in _send_handling_auth
    response = await self._send_handling_redirects(
               ^^^^^^^^^^^^^^^^^^^^^^^^^^^^^^^^^^^^
    ...<3 lines>...
    )
    ^
  File "C:\Users\inven\OneDrive\Documentos\GitHub\watchlist\6.Trading_Journal\backend\.venv\Lib\site-packages\httpx\_client.py", line 1694, in _send_handling_redirects
    response = await self._send_single_request(request)
               ^^^^^^^^^^^^^^^^^^^^^^^^^^^^^^^^^^^^^^^^
  File "C:\Users\inven\OneDrive\Documentos\GitHub\watchlist\6.Trading_Journal\backend\.venv\Lib\site-packages\httpx\_client.py", line 1730, in _send_single_request
    response = await transport.handle_async_request(request)
               ^^^^^^^^^^^^^^^^^^^^^^^^^^^^^^^^^^^^^^^^^^^^^
  File "C:\Users\inven\OneDrive\Documentos\GitHub\watchlist\6.Trading_Journal\backend\.venv\Lib\site-packages\httpx\_transports\default.py", line 393, in handle_async_request
    with map_httpcore_exceptions():
         ~~~~~~~~~~~~~~~~~~~~~~~^^
  File "C:\Python314\Lib\contextlib.py", line 162, in __exit__
    self.gen.throw(value)
    ~~~~~~~~~~~~~~^^^^^^^
  File "C:\Users\inven\OneDrive\Documentos\GitHub\watchlist\6.Trading_Journal\backend\.venv\Lib\site-packages\httpx\_transports\default.py", line 118, in map_httpcore_exceptions
    raise mapped_exc(message) from exc
httpx.ReadTimeout

2026-01-28 20:04:19,489 | ERROR | services.position_monitor | Error fetching positions: ReadTimeout: 
2026-01-28 20:04:19,493 | ERROR | services.position_monitor | Traceback (most recent call last):
  File "C:\Users\inven\OneDrive\Documentos\GitHub\watchlist\6.Trading_Journal\backend\.venv\Lib\site-packages\httpx\_transports\default.py", line 101, in map_httpcore_exceptions
    yield
  File "C:\Users\inven\OneDrive\Documentos\GitHub\watchlist\6.Trading_Journal\backend\.venv\Lib\site-packages\httpx\_transports\default.py", line 394, in handle_async_request
    resp = await self._pool.handle_async_request(req)
           ^^^^^^^^^^^^^^^^^^^^^^^^^^^^^^^^^^^^^^^^^^
  File "C:\Users\inven\OneDrive\Documentos\GitHub\watchlist\6.Trading_Journal\backend\.venv\Lib\site-packages\httpcore\_async\connection_pool.py", line 256, in handle_async_request
    raise exc from None
  File "C:\Users\inven\OneDrive\Documentos\GitHub\watchlist\6.Trading_Journal\backend\.venv\Lib\site-packages\httpcore\_async\connection_pool.py", line 236, in handle_async_request
    response = await connection.handle_async_request(
               ^^^^^^^^^^^^^^^^^^^^^^^^^^^^^^^^^^^^^^
        pool_request.request
        ^^^^^^^^^^^^^^^^^^^^
    )
    ^
  File "C:\Users\inven\OneDrive\Documentos\GitHub\watchlist\6.Trading_Journal\backend\.venv\Lib\site-packages\httpcore\_async\connection.py", line 103, in handle_async_request
    return await self._connection.handle_async_request(request)
           ^^^^^^^^^^^^^^^^^^^^^^^^^^^^^^^^^^^^^^^^^^^^^^^^^^^^
  File "C:\Users\inven\OneDrive\Documentos\GitHub\watchlist\6.Trading_Journal\backend\.venv\Lib\site-packages\httpcore\_async\http11.py", line 136, in handle_async_request
    raise exc
  File "C:\Users\inven\OneDrive\Documentos\GitHub\watchlist\6.Trading_Journal\backend\.venv\Lib\site-packages\httpcore\_async\http11.py", line 106, in handle_async_request
    ) = await self._receive_response_headers(**kwargs)
        ^^^^^^^^^^^^^^^^^^^^^^^^^^^^^^^^^^^^^^^^^^^^^^
  File "C:\Users\inven\OneDrive\Documentos\GitHub\watchlist\6.Trading_Journal\backend\.venv\Lib\site-packages\httpcore\_async\http11.py", line 177, in _receive_response_headers
    event = await self._receive_event(timeout=timeout)
            ^^^^^^^^^^^^^^^^^^^^^^^^^^^^^^^^^^^^^^^^^^
  File "C:\Users\inven\OneDrive\Documentos\GitHub\watchlist\6.Trading_Journal\backend\.venv\Lib\site-packages\httpcore\_async\http11.py", line 217, in _receive_event
    data = await self._network_stream.read(
           ^^^^^^^^^^^^^^^^^^^^^^^^^^^^^^^^
        self.READ_NUM_BYTES, timeout=timeout
        ^^^^^^^^^^^^^^^^^^^^^^^^^^^^^^^^^^^^
    )
    ^
  File "C:\Users\inven\OneDrive\Documentos\GitHub\watchlist\6.Trading_Journal\backend\.venv\Lib\site-packages\httpcore\_backends\anyio.py", line 32, in read
    with map_exceptions(exc_map):
         ~~~~~~~~~~~~~~^^^^^^^^^
  File "C:\Python314\Lib\contextlib.py", line 162, in __exit__
    self.gen.throw(value)
    ~~~~~~~~~~~~~~^^^^^^^
  File "C:\Users\inven\OneDrive\Documentos\GitHub\watchlist\6.Trading_Journal\backend\.venv\Lib\site-packages\httpcore\_exceptions.py", line 14, in map_exceptions
    raise to_exc(exc) from exc
httpcore.ReadTimeout

The above exception was the direct cause of the following exception:

Traceback (most recent call last):
  File "C:\Users\inven\OneDrive\Documentos\GitHub\watchlist\6.Trading_Journal\backend\services\position_monitor.py", line 186, in _fetch_positions
    response = await self._http_client.get(
               ^^^^^^^^^^^^^^^^^^^^^^^^^^^^
        f"{self.trading_bot_url}/api/positions"
        ^^^^^^^^^^^^^^^^^^^^^^^^^^^^^^^^^^^^^^^
    )
    ^
  File "C:\Users\inven\OneDrive\Documentos\GitHub\watchlist\6.Trading_Journal\backend\.venv\Lib\site-packages\httpx\_client.py", line 1768, in get
    return await self.request(
           ^^^^^^^^^^^^^^^^^^^
    ...<9 lines>...
    )
    ^
  File "C:\Users\inven\OneDrive\Documentos\GitHub\watchlist\6.Trading_Journal\backend\.venv\Lib\site-packages\httpx\_client.py", line 1540, in request
    return await self.send(request, auth=auth, follow_redirects=follow_redirects)
           ^^^^^^^^^^^^^^^^^^^^^^^^^^^^^^^^^^^^^^^^^^^^^^^^^^^^^^^^^^^^^^^^^^^^^^
  File "C:\Users\inven\OneDrive\Documentos\GitHub\watchlist\6.Trading_Journal\backend\.venv\Lib\site-packages\httpx\_client.py", line 1629, in send
    response = await self._send_handling_auth(
               ^^^^^^^^^^^^^^^^^^^^^^^^^^^^^^^
    ...<4 lines>...
    )
    ^
  File "C:\Users\inven\OneDrive\Documentos\GitHub\watchlist\6.Trading_Journal\backend\.venv\Lib\site-packages\httpx\_client.py", line 1657, in _send_handling_auth
    response = await self._send_handling_redirects(
               ^^^^^^^^^^^^^^^^^^^^^^^^^^^^^^^^^^^^
    ...<3 lines>...
    )
    ^
  File "C:\Users\inven\OneDrive\Documentos\GitHub\watchlist\6.Trading_Journal\backend\.venv\Lib\site-packages\httpx\_client.py", line 1694, in _send_handling_redirects
    response = await self._send_single_request(request)
               ^^^^^^^^^^^^^^^^^^^^^^^^^^^^^^^^^^^^^^^^
  File "C:\Users\inven\OneDrive\Documentos\GitHub\watchlist\6.Trading_Journal\backend\.venv\Lib\site-packages\httpx\_client.py", line 1730, in _send_single_request
    response = await transport.handle_async_request(request)
               ^^^^^^^^^^^^^^^^^^^^^^^^^^^^^^^^^^^^^^^^^^^^^
  File "C:\Users\inven\OneDrive\Documentos\GitHub\watchlist\6.Trading_Journal\backend\.venv\Lib\site-packages\httpx\_transports\default.py", line 393, in handle_async_request
    with map_httpcore_exceptions():
         ~~~~~~~~~~~~~~~~~~~~~~~^^
  File "C:\Python314\Lib\contextlib.py", line 162, in __exit__
    self.gen.throw(value)
    ~~~~~~~~~~~~~~^^^^^^^
  File "C:\Users\inven\OneDrive\Documentos\GitHub\watchlist\6.Trading_Journal\backend\.venv\Lib\site-packages\httpx\_transports\default.py", line 118, in map_httpcore_exceptions
    raise mapped_exc(message) from exc
httpx.ReadTimeout

2026-01-28 20:04:34,787 | ERROR | services.position_monitor | Error fetching positions: ReadTimeout: 
2026-01-28 20:04:34,793 | ERROR | services.position_monitor | Traceback (most recent call last):
  File "C:\Users\inven\OneDrive\Documentos\GitHub\watchlist\6.Trading_Journal\backend\.venv\Lib\site-packages\httpx\_transports\default.py", line 101, in map_httpcore_exceptions
    yield
  File "C:\Users\inven\OneDrive\Documentos\GitHub\watchlist\6.Trading_Journal\backend\.venv\Lib\site-packages\httpx\_transports\default.py", line 394, in handle_async_request
    resp = await self._pool.handle_async_request(req)
           ^^^^^^^^^^^^^^^^^^^^^^^^^^^^^^^^^^^^^^^^^^
  File "C:\Users\inven\OneDrive\Documentos\GitHub\watchlist\6.Trading_Journal\backend\.venv\Lib\site-packages\httpcore\_async\connection_pool.py", line 256, in handle_async_request
    raise exc from None
  File "C:\Users\inven\OneDrive\Documentos\GitHub\watchlist\6.Trading_Journal\backend\.venv\Lib\site-packages\httpcore\_async\connection_pool.py", line 236, in handle_async_request
    response = await connection.handle_async_request(
               ^^^^^^^^^^^^^^^^^^^^^^^^^^^^^^^^^^^^^^
        pool_request.request
        ^^^^^^^^^^^^^^^^^^^^
    )
    ^
  File "C:\Users\inven\OneDrive\Documentos\GitHub\watchlist\6.Trading_Journal\backend\.venv\Lib\site-packages\httpcore\_async\connection.py", line 103, in handle_async_request
    return await self._connection.handle_async_request(request)
           ^^^^^^^^^^^^^^^^^^^^^^^^^^^^^^^^^^^^^^^^^^^^^^^^^^^^
  File "C:\Users\inven\OneDrive\Documentos\GitHub\watchlist\6.Trading_Journal\backend\.venv\Lib\site-packages\httpcore\_async\http11.py", line 136, in handle_async_request
    raise exc
  File "C:\Users\inven\OneDrive\Documentos\GitHub\watchlist\6.Trading_Journal\backend\.venv\Lib\site-packages\httpcore\_async\http11.py", line 106, in handle_async_request
    ) = await self._receive_response_headers(**kwargs)
        ^^^^^^^^^^^^^^^^^^^^^^^^^^^^^^^^^^^^^^^^^^^^^^
  File "C:\Users\inven\OneDrive\Documentos\GitHub\watchlist\6.Trading_Journal\backend\.venv\Lib\site-packages\httpcore\_async\http11.py", line 177, in _receive_response_headers
    event = await self._receive_event(timeout=timeout)
            ^^^^^^^^^^^^^^^^^^^^^^^^^^^^^^^^^^^^^^^^^^
  File "C:\Users\inven\OneDrive\Documentos\GitHub\watchlist\6.Trading_Journal\backend\.venv\Lib\site-packages\httpcore\_async\http11.py", line 217, in _receive_event
    data = await self._network_stream.read(
           ^^^^^^^^^^^^^^^^^^^^^^^^^^^^^^^^
        self.READ_NUM_BYTES, timeout=timeout
        ^^^^^^^^^^^^^^^^^^^^^^^^^^^^^^^^^^^^
    )
    ^
  File "C:\Users\inven\OneDrive\Documentos\GitHub\watchlist\6.Trading_Journal\backend\.venv\Lib\site-packages\httpcore\_backends\anyio.py", line 32, in read
    with map_exceptions(exc_map):
         ~~~~~~~~~~~~~~^^^^^^^^^
  File "C:\Python314\Lib\contextlib.py", line 162, in __exit__
    self.gen.throw(value)
    ~~~~~~~~~~~~~~^^^^^^^
  File "C:\Users\inven\OneDrive\Documentos\GitHub\watchlist\6.Trading_Journal\backend\.venv\Lib\site-packages\httpcore\_exceptions.py", line 14, in map_exceptions
    raise to_exc(exc) from exc
httpcore.ReadTimeout

The above exception was the direct cause of the following exception:

Traceback (most recent call last):
  File "C:\Users\inven\OneDrive\Documentos\GitHub\watchlist\6.Trading_Journal\backend\services\position_monitor.py", line 186, in _fetch_positions
    response = await self._http_client.get(
               ^^^^^^^^^^^^^^^^^^^^^^^^^^^^
        f"{self.trading_bot_url}/api/positions"
        ^^^^^^^^^^^^^^^^^^^^^^^^^^^^^^^^^^^^^^^
    )
    ^
  File "C:\Users\inven\OneDrive\Documentos\GitHub\watchlist\6.Trading_Journal\backend\.venv\Lib\site-packages\httpx\_client.py", line 1768, in get
    return await self.request(
           ^^^^^^^^^^^^^^^^^^^
    ...<9 lines>...
    )
    ^
  File "C:\Users\inven\OneDrive\Documentos\GitHub\watchlist\6.Trading_Journal\backend\.venv\Lib\site-packages\httpx\_client.py", line 1540, in request
    return await self.send(request, auth=auth, follow_redirects=follow_redirects)
           ^^^^^^^^^^^^^^^^^^^^^^^^^^^^^^^^^^^^^^^^^^^^^^^^^^^^^^^^^^^^^^^^^^^^^^
  File "C:\Users\inven\OneDrive\Documentos\GitHub\watchlist\6.Trading_Journal\backend\.venv\Lib\site-packages\httpx\_client.py", line 1629, in send
    response = await self._send_handling_auth(
               ^^^^^^^^^^^^^^^^^^^^^^^^^^^^^^^
    ...<4 lines>...
    )
    ^
  File "C:\Users\inven\OneDrive\Documentos\GitHub\watchlist\6.Trading_Journal\backend\.venv\Lib\site-packages\httpx\_client.py", line 1657, in _send_handling_auth
    response = await self._send_handling_redirects(
               ^^^^^^^^^^^^^^^^^^^^^^^^^^^^^^^^^^^^
    ...<3 lines>...
    )
    ^
  File "C:\Users\inven\OneDrive\Documentos\GitHub\watchlist\6.Trading_Journal\backend\.venv\Lib\site-packages\httpx\_client.py", line 1694, in _send_handling_redirects
    response = await self._send_single_request(request)
               ^^^^^^^^^^^^^^^^^^^^^^^^^^^^^^^^^^^^^^^^
  File "C:\Users\inven\OneDrive\Documentos\GitHub\watchlist\6.Trading_Journal\backend\.venv\Lib\site-packages\httpx\_client.py", line 1730, in _send_single_request
    response = await transport.handle_async_request(request)
               ^^^^^^^^^^^^^^^^^^^^^^^^^^^^^^^^^^^^^^^^^^^^^
  File "C:\Users\inven\OneDrive\Documentos\GitHub\watchlist\6.Trading_Journal\backend\.venv\Lib\site-packages\httpx\_transports\default.py", line 393, in handle_async_request
    with map_httpcore_exceptions():
         ~~~~~~~~~~~~~~~~~~~~~~~^^
  File "C:\Python314\Lib\contextlib.py", line 162, in __exit__
    self.gen.throw(value)
    ~~~~~~~~~~~~~~^^^^^^^
  File "C:\Users\inven\OneDrive\Documentos\GitHub\watchlist\6.Trading_Journal\backend\.venv\Lib\site-packages\httpx\_transports\default.py", line 118, in map_httpcore_exceptions
    raise mapped_exc(message) from exc
httpx.ReadTimeout

2026-01-28 20:04:50,072 | ERROR | services.position_monitor | Error fetching positions: ReadTimeout: 
2026-01-28 20:04:50,078 | ERROR | services.position_monitor | Traceback (most recent call last):
  File "C:\Users\inven\OneDrive\Documentos\GitHub\watchlist\6.Trading_Journal\backend\.venv\Lib\site-packages\httpx\_transports\default.py", line 101, in map_httpcore_exceptions
    yield
  File "C:\Users\inven\OneDrive\Documentos\GitHub\watchlist\6.Trading_Journal\backend\.venv\Lib\site-packages\httpx\_transports\default.py", line 394, in handle_async_request
    resp = await self._pool.handle_async_request(req)
           ^^^^^^^^^^^^^^^^^^^^^^^^^^^^^^^^^^^^^^^^^^
  File "C:\Users\inven\OneDrive\Documentos\GitHub\watchlist\6.Trading_Journal\backend\.venv\Lib\site-packages\httpcore\_async\connection_pool.py", line 256, in handle_async_request
    raise exc from None
  File "C:\Users\inven\OneDrive\Documentos\GitHub\watchlist\6.Trading_Journal\backend\.venv\Lib\site-packages\httpcore\_async\connection_pool.py", line 236, in handle_async_request
    response = await connection.handle_async_request(
               ^^^^^^^^^^^^^^^^^^^^^^^^^^^^^^^^^^^^^^
        pool_request.request
        ^^^^^^^^^^^^^^^^^^^^
    )
    ^
  File "C:\Users\inven\OneDrive\Documentos\GitHub\watchlist\6.Trading_Journal\backend\.venv\Lib\site-packages\httpcore\_async\connection.py", line 103, in handle_async_request
    return await self._connection.handle_async_request(request)
           ^^^^^^^^^^^^^^^^^^^^^^^^^^^^^^^^^^^^^^^^^^^^^^^^^^^^
  File "C:\Users\inven\OneDrive\Documentos\GitHub\watchlist\6.Trading_Journal\backend\.venv\Lib\site-packages\httpcore\_async\http11.py", line 136, in handle_async_request
    raise exc
  File "C:\Users\inven\OneDrive\Documentos\GitHub\watchlist\6.Trading_Journal\backend\.venv\Lib\site-packages\httpcore\_async\http11.py", line 106, in handle_async_request
    ) = await self._receive_response_headers(**kwargs)
        ^^^^^^^^^^^^^^^^^^^^^^^^^^^^^^^^^^^^^^^^^^^^^^
  File "C:\Users\inven\OneDrive\Documentos\GitHub\watchlist\6.Trading_Journal\backend\.venv\Lib\site-packages\httpcore\_async\http11.py", line 177, in _receive_response_headers
    event = await self._receive_event(timeout=timeout)
            ^^^^^^^^^^^^^^^^^^^^^^^^^^^^^^^^^^^^^^^^^^
  File "C:\Users\inven\OneDrive\Documentos\GitHub\watchlist\6.Trading_Journal\backend\.venv\Lib\site-packages\httpcore\_async\http11.py", line 217, in _receive_event
    data = await self._network_stream.read(
           ^^^^^^^^^^^^^^^^^^^^^^^^^^^^^^^^
        self.READ_NUM_BYTES, timeout=timeout
        ^^^^^^^^^^^^^^^^^^^^^^^^^^^^^^^^^^^^
    )
    ^
  File "C:\Users\inven\OneDrive\Documentos\GitHub\watchlist\6.Trading_Journal\backend\.venv\Lib\site-packages\httpcore\_backends\anyio.py", line 32, in read
    with map_exceptions(exc_map):
         ~~~~~~~~~~~~~~^^^^^^^^^
  File "C:\Python314\Lib\contextlib.py", line 162, in __exit__
    self.gen.throw(value)
    ~~~~~~~~~~~~~~^^^^^^^
  File "C:\Users\inven\OneDrive\Documentos\GitHub\watchlist\6.Trading_Journal\backend\.venv\Lib\site-packages\httpcore\_exceptions.py", line 14, in map_exceptions
    raise to_exc(exc) from exc
httpcore.ReadTimeout

The above exception was the direct cause of the following exception:

Traceback (most recent call last):
  File "C:\Users\inven\OneDrive\Documentos\GitHub\watchlist\6.Trading_Journal\backend\services\position_monitor.py", line 186, in _fetch_positions
    response = await self._http_client.get(
               ^^^^^^^^^^^^^^^^^^^^^^^^^^^^
        f"{self.trading_bot_url}/api/positions"
        ^^^^^^^^^^^^^^^^^^^^^^^^^^^^^^^^^^^^^^^
    )
    ^
  File "C:\Users\inven\OneDrive\Documentos\GitHub\watchlist\6.Trading_Journal\backend\.venv\Lib\site-packages\httpx\_client.py", line 1768, in get
    return await self.request(
           ^^^^^^^^^^^^^^^^^^^
    ...<9 lines>...
    )
    ^
  File "C:\Users\inven\OneDrive\Documentos\GitHub\watchlist\6.Trading_Journal\backend\.venv\Lib\site-packages\httpx\_client.py", line 1540, in request
    return await self.send(request, auth=auth, follow_redirects=follow_redirects)
           ^^^^^^^^^^^^^^^^^^^^^^^^^^^^^^^^^^^^^^^^^^^^^^^^^^^^^^^^^^^^^^^^^^^^^^
  File "C:\Users\inven\OneDrive\Documentos\GitHub\watchlist\6.Trading_Journal\backend\.venv\Lib\site-packages\httpx\_client.py", line 1629, in send
    response = await self._send_handling_auth(
               ^^^^^^^^^^^^^^^^^^^^^^^^^^^^^^^
    ...<4 lines>...
    )
    ^
  File "C:\Users\inven\OneDrive\Documentos\GitHub\watchlist\6.Trading_Journal\backend\.venv\Lib\site-packages\httpx\_client.py", line 1657, in _send_handling_auth
    response = await self._send_handling_redirects(
               ^^^^^^^^^^^^^^^^^^^^^^^^^^^^^^^^^^^^
    ...<3 lines>...
    )
    ^
  File "C:\Users\inven\OneDrive\Documentos\GitHub\watchlist\6.Trading_Journal\backend\.venv\Lib\site-packages\httpx\_client.py", line 1694, in _send_handling_redirects
    response = await self._send_single_request(request)
               ^^^^^^^^^^^^^^^^^^^^^^^^^^^^^^^^^^^^^^^^
  File "C:\Users\inven\OneDrive\Documentos\GitHub\watchlist\6.Trading_Journal\backend\.venv\Lib\site-packages\httpx\_client.py", line 1730, in _send_single_request
    response = await transport.handle_async_request(request)
               ^^^^^^^^^^^^^^^^^^^^^^^^^^^^^^^^^^^^^^^^^^^^^
  File "C:\Users\inven\OneDrive\Documentos\GitHub\watchlist\6.Trading_Journal\backend\.venv\Lib\site-packages\httpx\_transports\default.py", line 393, in handle_async_request
    with map_httpcore_exceptions():
         ~~~~~~~~~~~~~~~~~~~~~~~^^
  File "C:\Python314\Lib\contextlib.py", line 162, in __exit__
    self.gen.throw(value)
    ~~~~~~~~~~~~~~^^^^^^^
  File "C:\Users\inven\OneDrive\Documentos\GitHub\watchlist\6.Trading_Journal\backend\.venv\Lib\site-packages\httpx\_transports\default.py", line 118, in map_httpcore_exceptions
    raise mapped_exc(message) from exc
httpx.ReadTimeout

2026-01-28 20:05:05,366 | ERROR | services.position_monitor | Error fetching positions: ReadTimeout: 
2026-01-28 20:05:05,371 | ERROR | services.position_monitor | Traceback (most recent call last):
  File "C:\Users\inven\OneDrive\Documentos\GitHub\watchlist\6.Trading_Journal\backend\.venv\Lib\site-packages\httpx\_transports\default.py", line 101, in map_httpcore_exceptions
    yield
  File "C:\Users\inven\OneDrive\Documentos\GitHub\watchlist\6.Trading_Journal\backend\.venv\Lib\site-packages\httpx\_transports\default.py", line 394, in handle_async_request
    resp = await self._pool.handle_async_request(req)
           ^^^^^^^^^^^^^^^^^^^^^^^^^^^^^^^^^^^^^^^^^^
  File "C:\Users\inven\OneDrive\Documentos\GitHub\watchlist\6.Trading_Journal\backend\.venv\Lib\site-packages\httpcore\_async\connection_pool.py", line 256, in handle_async_request
    raise exc from None
  File "C:\Users\inven\OneDrive\Documentos\GitHub\watchlist\6.Trading_Journal\backend\.venv\Lib\site-packages\httpcore\_async\connection_pool.py", line 236, in handle_async_request
    response = await connection.handle_async_request(
               ^^^^^^^^^^^^^^^^^^^^^^^^^^^^^^^^^^^^^^
        pool_request.request
        ^^^^^^^^^^^^^^^^^^^^
    )
    ^
  File "C:\Users\inven\OneDrive\Documentos\GitHub\watchlist\6.Trading_Journal\backend\.venv\Lib\site-packages\httpcore\_async\connection.py", line 103, in handle_async_request
    return await self._connection.handle_async_request(request)
           ^^^^^^^^^^^^^^^^^^^^^^^^^^^^^^^^^^^^^^^^^^^^^^^^^^^^
  File "C:\Users\inven\OneDrive\Documentos\GitHub\watchlist\6.Trading_Journal\backend\.venv\Lib\site-packages\httpcore\_async\http11.py", line 136, in handle_async_request
    raise exc
  File "C:\Users\inven\OneDrive\Documentos\GitHub\watchlist\6.Trading_Journal\backend\.venv\Lib\site-packages\httpcore\_async\http11.py", line 106, in handle_async_request
    ) = await self._receive_response_headers(**kwargs)
        ^^^^^^^^^^^^^^^^^^^^^^^^^^^^^^^^^^^^^^^^^^^^^^
  File "C:\Users\inven\OneDrive\Documentos\GitHub\watchlist\6.Trading_Journal\backend\.venv\Lib\site-packages\httpcore\_async\http11.py", line 177, in _receive_response_headers
    event = await self._receive_event(timeout=timeout)
            ^^^^^^^^^^^^^^^^^^^^^^^^^^^^^^^^^^^^^^^^^^
  File "C:\Users\inven\OneDrive\Documentos\GitHub\watchlist\6.Trading_Journal\backend\.venv\Lib\site-packages\httpcore\_async\http11.py", line 217, in _receive_event
    data = await self._network_stream.read(
           ^^^^^^^^^^^^^^^^^^^^^^^^^^^^^^^^
        self.READ_NUM_BYTES, timeout=timeout
        ^^^^^^^^^^^^^^^^^^^^^^^^^^^^^^^^^^^^
    )
    ^
  File "C:\Users\inven\OneDrive\Documentos\GitHub\watchlist\6.Trading_Journal\backend\.venv\Lib\site-packages\httpcore\_backends\anyio.py", line 32, in read
    with map_exceptions(exc_map):
         ~~~~~~~~~~~~~~^^^^^^^^^
  File "C:\Python314\Lib\contextlib.py", line 162, in __exit__
    self.gen.throw(value)
    ~~~~~~~~~~~~~~^^^^^^^
  File "C:\Users\inven\OneDrive\Documentos\GitHub\watchlist\6.Trading_Journal\backend\.venv\Lib\site-packages\httpcore\_exceptions.py", line 14, in map_exceptions
    raise to_exc(exc) from exc
httpcore.ReadTimeout

The above exception was the direct cause of the following exception:

Traceback (most recent call last):
  File "C:\Users\inven\OneDrive\Documentos\GitHub\watchlist\6.Trading_Journal\backend\services\position_monitor.py", line 186, in _fetch_positions
    response = await self._http_client.get(
               ^^^^^^^^^^^^^^^^^^^^^^^^^^^^
        f"{self.trading_bot_url}/api/positions"
        ^^^^^^^^^^^^^^^^^^^^^^^^^^^^^^^^^^^^^^^
    )
    ^
  File "C:\Users\inven\OneDrive\Documentos\GitHub\watchlist\6.Trading_Journal\backend\.venv\Lib\site-packages\httpx\_client.py", line 1768, in get
    return await self.request(
           ^^^^^^^^^^^^^^^^^^^
    ...<9 lines>...
    )
    ^
  File "C:\Users\inven\OneDrive\Documentos\GitHub\watchlist\6.Trading_Journal\backend\.venv\Lib\site-packages\httpx\_client.py", line 1540, in request
    return await self.send(request, auth=auth, follow_redirects=follow_redirects)
           ^^^^^^^^^^^^^^^^^^^^^^^^^^^^^^^^^^^^^^^^^^^^^^^^^^^^^^^^^^^^^^^^^^^^^^
  File "C:\Users\inven\OneDrive\Documentos\GitHub\watchlist\6.Trading_Journal\backend\.venv\Lib\site-packages\httpx\_client.py", line 1629, in send
    response = await self._send_handling_auth(
               ^^^^^^^^^^^^^^^^^^^^^^^^^^^^^^^
    ...<4 lines>...
    )
    ^
  File "C:\Users\inven\OneDrive\Documentos\GitHub\watchlist\6.Trading_Journal\backend\.venv\Lib\site-packages\httpx\_client.py", line 1657, in _send_handling_auth
    response = await self._send_handling_redirects(
               ^^^^^^^^^^^^^^^^^^^^^^^^^^^^^^^^^^^^
    ...<3 lines>...
    )
    ^
  File "C:\Users\inven\OneDrive\Documentos\GitHub\watchlist\6.Trading_Journal\backend\.venv\Lib\site-packages\httpx\_client.py", line 1694, in _send_handling_redirects
    response = await self._send_single_request(request)
               ^^^^^^^^^^^^^^^^^^^^^^^^^^^^^^^^^^^^^^^^
  File "C:\Users\inven\OneDrive\Documentos\GitHub\watchlist\6.Trading_Journal\backend\.venv\Lib\site-packages\httpx\_client.py", line 1730, in _send_single_request
    response = await transport.handle_async_request(request)
               ^^^^^^^^^^^^^^^^^^^^^^^^^^^^^^^^^^^^^^^^^^^^^
  File "C:\Users\inven\OneDrive\Documentos\GitHub\watchlist\6.Trading_Journal\backend\.venv\Lib\site-packages\httpx\_transports\default.py", line 393, in handle_async_request
    with map_httpcore_exceptions():
         ~~~~~~~~~~~~~~~~~~~~~~~^^
  File "C:\Python314\Lib\contextlib.py", line 162, in __exit__
    self.gen.throw(value)
    ~~~~~~~~~~~~~~^^^^^^^
  File "C:\Users\inven\OneDrive\Documentos\GitHub\watchlist\6.Trading_Journal\backend\.venv\Lib\site-packages\httpx\_transports\default.py", line 118, in map_httpcore_exceptions
    raise mapped_exc(message) from exc
httpx.ReadTimeout

2026-01-28 20:05:20,655 | ERROR | services.position_monitor | Error fetching positions: ReadTimeout: 
2026-01-28 20:05:20,659 | ERROR | services.position_monitor | Traceback (most recent call last):
  File "C:\Users\inven\OneDrive\Documentos\GitHub\watchlist\6.Trading_Journal\backend\.venv\Lib\site-packages\httpx\_transports\default.py", line 101, in map_httpcore_exceptions
    yield
  File "C:\Users\inven\OneDrive\Documentos\GitHub\watchlist\6.Trading_Journal\backend\.venv\Lib\site-packages\httpx\_transports\default.py", line 394, in handle_async_request
    resp = await self._pool.handle_async_request(req)
           ^^^^^^^^^^^^^^^^^^^^^^^^^^^^^^^^^^^^^^^^^^
  File "C:\Users\inven\OneDrive\Documentos\GitHub\watchlist\6.Trading_Journal\backend\.venv\Lib\site-packages\httpcore\_async\connection_pool.py", line 256, in handle_async_request
    raise exc from None
  File "C:\Users\inven\OneDrive\Documentos\GitHub\watchlist\6.Trading_Journal\backend\.venv\Lib\site-packages\httpcore\_async\connection_pool.py", line 236, in handle_async_request
    response = await connection.handle_async_request(
               ^^^^^^^^^^^^^^^^^^^^^^^^^^^^^^^^^^^^^^
        pool_request.request
        ^^^^^^^^^^^^^^^^^^^^
    )
    ^
  File "C:\Users\inven\OneDrive\Documentos\GitHub\watchlist\6.Trading_Journal\backend\.venv\Lib\site-packages\httpcore\_async\connection.py", line 103, in handle_async_request
    return await self._connection.handle_async_request(request)
           ^^^^^^^^^^^^^^^^^^^^^^^^^^^^^^^^^^^^^^^^^^^^^^^^^^^^
  File "C:\Users\inven\OneDrive\Documentos\GitHub\watchlist\6.Trading_Journal\backend\.venv\Lib\site-packages\httpcore\_async\http11.py", line 136, in handle_async_request
    raise exc
  File "C:\Users\inven\OneDrive\Documentos\GitHub\watchlist\6.Trading_Journal\backend\.venv\Lib\site-packages\httpcore\_async\http11.py", line 106, in handle_async_request
    ) = await self._receive_response_headers(**kwargs)
        ^^^^^^^^^^^^^^^^^^^^^^^^^^^^^^^^^^^^^^^^^^^^^^
  File "C:\Users\inven\OneDrive\Documentos\GitHub\watchlist\6.Trading_Journal\backend\.venv\Lib\site-packages\httpcore\_async\http11.py", line 177, in _receive_response_headers
    event = await self._receive_event(timeout=timeout)
            ^^^^^^^^^^^^^^^^^^^^^^^^^^^^^^^^^^^^^^^^^^
  File "C:\Users\inven\OneDrive\Documentos\GitHub\watchlist\6.Trading_Journal\backend\.venv\Lib\site-packages\httpcore\_async\http11.py", line 217, in _receive_event
    data = await self._network_stream.read(
           ^^^^^^^^^^^^^^^^^^^^^^^^^^^^^^^^
        self.READ_NUM_BYTES, timeout=timeout
        ^^^^^^^^^^^^^^^^^^^^^^^^^^^^^^^^^^^^
    )
    ^
  File "C:\Users\inven\OneDrive\Documentos\GitHub\watchlist\6.Trading_Journal\backend\.venv\Lib\site-packages\httpcore\_backends\anyio.py", line 32, in read
    with map_exceptions(exc_map):
         ~~~~~~~~~~~~~~^^^^^^^^^
  File "C:\Python314\Lib\contextlib.py", line 162, in __exit__
    self.gen.throw(value)
    ~~~~~~~~~~~~~~^^^^^^^
  File "C:\Users\inven\OneDrive\Documentos\GitHub\watchlist\6.Trading_Journal\backend\.venv\Lib\site-packages\httpcore\_exceptions.py", line 14, in map_exceptions
    raise to_exc(exc) from exc
httpcore.ReadTimeout

The above exception was the direct cause of the following exception:

Traceback (most recent call last):
  File "C:\Users\inven\OneDrive\Documentos\GitHub\watchlist\6.Trading_Journal\backend\services\position_monitor.py", line 186, in _fetch_positions
    response = await self._http_client.get(
               ^^^^^^^^^^^^^^^^^^^^^^^^^^^^
        f"{self.trading_bot_url}/api/positions"
        ^^^^^^^^^^^^^^^^^^^^^^^^^^^^^^^^^^^^^^^
    )
    ^
  File "C:\Users\inven\OneDrive\Documentos\GitHub\watchlist\6.Trading_Journal\backend\.venv\Lib\site-packages\httpx\_client.py", line 1768, in get
    return await self.request(
           ^^^^^^^^^^^^^^^^^^^
    ...<9 lines>...
    )
    ^
  File "C:\Users\inven\OneDrive\Documentos\GitHub\watchlist\6.Trading_Journal\backend\.venv\Lib\site-packages\httpx\_client.py", line 1540, in request
    return await self.send(request, auth=auth, follow_redirects=follow_redirects)
           ^^^^^^^^^^^^^^^^^^^^^^^^^^^^^^^^^^^^^^^^^^^^^^^^^^^^^^^^^^^^^^^^^^^^^^
  File "C:\Users\inven\OneDrive\Documentos\GitHub\watchlist\6.Trading_Journal\backend\.venv\Lib\site-packages\httpx\_client.py", line 1629, in send
    response = await self._send_handling_auth(
               ^^^^^^^^^^^^^^^^^^^^^^^^^^^^^^^
    ...<4 lines>...
    )
    ^
  File "C:\Users\inven\OneDrive\Documentos\GitHub\watchlist\6.Trading_Journal\backend\.venv\Lib\site-packages\httpx\_client.py", line 1657, in _send_handling_auth
    response = await self._send_handling_redirects(
               ^^^^^^^^^^^^^^^^^^^^^^^^^^^^^^^^^^^^
    ...<3 lines>...
    )
    ^
  File "C:\Users\inven\OneDrive\Documentos\GitHub\watchlist\6.Trading_Journal\backend\.venv\Lib\site-packages\httpx\_client.py", line 1694, in _send_handling_redirects
    response = await self._send_single_request(request)
               ^^^^^^^^^^^^^^^^^^^^^^^^^^^^^^^^^^^^^^^^
  File "C:\Users\inven\OneDrive\Documentos\GitHub\watchlist\6.Trading_Journal\backend\.venv\Lib\site-packages\httpx\_client.py", line 1730, in _send_single_request
    response = await transport.handle_async_request(request)
               ^^^^^^^^^^^^^^^^^^^^^^^^^^^^^^^^^^^^^^^^^^^^^
  File "C:\Users\inven\OneDrive\Documentos\GitHub\watchlist\6.Trading_Journal\backend\.venv\Lib\site-packages\httpx\_transports\default.py", line 393, in handle_async_request
    with map_httpcore_exceptions():
         ~~~~~~~~~~~~~~~~~~~~~~~^^
  File "C:\Python314\Lib\contextlib.py", line 162, in __exit__
    self.gen.throw(value)
    ~~~~~~~~~~~~~~^^^^^^^
  File "C:\Users\inven\OneDrive\Documentos\GitHub\watchlist\6.Trading_Journal\backend\.venv\Lib\site-packages\httpx\_transports\default.py", line 118, in map_httpcore_exceptions
    raise mapped_exc(message) from exc
httpx.ReadTimeout

2026-01-28 20:05:35,941 | ERROR | services.position_monitor | Error fetching positions: ReadTimeout: 
2026-01-28 20:05:35,947 | ERROR | services.position_monitor | Traceback (most recent call last):
  File "C:\Users\inven\OneDrive\Documentos\GitHub\watchlist\6.Trading_Journal\backend\.venv\Lib\site-packages\httpx\_transports\default.py", line 101, in map_httpcore_exceptions
    yield
  File "C:\Users\inven\OneDrive\Documentos\GitHub\watchlist\6.Trading_Journal\backend\.venv\Lib\site-packages\httpx\_transports\default.py", line 394, in handle_async_request
    resp = await self._pool.handle_async_request(req)
           ^^^^^^^^^^^^^^^^^^^^^^^^^^^^^^^^^^^^^^^^^^
  File "C:\Users\inven\OneDrive\Documentos\GitHub\watchlist\6.Trading_Journal\backend\.venv\Lib\site-packages\httpcore\_async\connection_pool.py", line 256, in handle_async_request
    raise exc from None
  File "C:\Users\inven\OneDrive\Documentos\GitHub\watchlist\6.Trading_Journal\backend\.venv\Lib\site-packages\httpcore\_async\connection_pool.py", line 236, in handle_async_request
    response = await connection.handle_async_request(
               ^^^^^^^^^^^^^^^^^^^^^^^^^^^^^^^^^^^^^^
        pool_request.request
        ^^^^^^^^^^^^^^^^^^^^
    )
    ^
  File "C:\Users\inven\OneDrive\Documentos\GitHub\watchlist\6.Trading_Journal\backend\.venv\Lib\site-packages\httpcore\_async\connection.py", line 103, in handle_async_request
    return await self._connection.handle_async_request(request)
           ^^^^^^^^^^^^^^^^^^^^^^^^^^^^^^^^^^^^^^^^^^^^^^^^^^^^
  File "C:\Users\inven\OneDrive\Documentos\GitHub\watchlist\6.Trading_Journal\backend\.venv\Lib\site-packages\httpcore\_async\http11.py", line 136, in handle_async_request
    raise exc
  File "C:\Users\inven\OneDrive\Documentos\GitHub\watchlist\6.Trading_Journal\backend\.venv\Lib\site-packages\httpcore\_async\http11.py", line 106, in handle_async_request
    ) = await self._receive_response_headers(**kwargs)
        ^^^^^^^^^^^^^^^^^^^^^^^^^^^^^^^^^^^^^^^^^^^^^^
  File "C:\Users\inven\OneDrive\Documentos\GitHub\watchlist\6.Trading_Journal\backend\.venv\Lib\site-packages\httpcore\_async\http11.py", line 177, in _receive_response_headers
    event = await self._receive_event(timeout=timeout)
            ^^^^^^^^^^^^^^^^^^^^^^^^^^^^^^^^^^^^^^^^^^
  File "C:\Users\inven\OneDrive\Documentos\GitHub\watchlist\6.Trading_Journal\backend\.venv\Lib\site-packages\httpcore\_async\http11.py", line 217, in _receive_event
    data = await self._network_stream.read(
           ^^^^^^^^^^^^^^^^^^^^^^^^^^^^^^^^
        self.READ_NUM_BYTES, timeout=timeout
        ^^^^^^^^^^^^^^^^^^^^^^^^^^^^^^^^^^^^
    )
    ^
  File "C:\Users\inven\OneDrive\Documentos\GitHub\watchlist\6.Trading_Journal\backend\.venv\Lib\site-packages\httpcore\_backends\anyio.py", line 32, in read
    with map_exceptions(exc_map):
         ~~~~~~~~~~~~~~^^^^^^^^^
  File "C:\Python314\Lib\contextlib.py", line 162, in __exit__
    self.gen.throw(value)
    ~~~~~~~~~~~~~~^^^^^^^
  File "C:\Users\inven\OneDrive\Documentos\GitHub\watchlist\6.Trading_Journal\backend\.venv\Lib\site-packages\httpcore\_exceptions.py", line 14, in map_exceptions
    raise to_exc(exc) from exc
httpcore.ReadTimeout

The above exception was the direct cause of the following exception:

Traceback (most recent call last):
  File "C:\Users\inven\OneDrive\Documentos\GitHub\watchlist\6.Trading_Journal\backend\services\position_monitor.py", line 186, in _fetch_positions
    response = await self._http_client.get(
               ^^^^^^^^^^^^^^^^^^^^^^^^^^^^
        f"{self.trading_bot_url}/api/positions"
        ^^^^^^^^^^^^^^^^^^^^^^^^^^^^^^^^^^^^^^^
    )
    ^
  File "C:\Users\inven\OneDrive\Documentos\GitHub\watchlist\6.Trading_Journal\backend\.venv\Lib\site-packages\httpx\_client.py", line 1768, in get
    return await self.request(
           ^^^^^^^^^^^^^^^^^^^
    ...<9 lines>...
    )
    ^
  File "C:\Users\inven\OneDrive\Documentos\GitHub\watchlist\6.Trading_Journal\backend\.venv\Lib\site-packages\httpx\_client.py", line 1540, in request
    return await self.send(request, auth=auth, follow_redirects=follow_redirects)
           ^^^^^^^^^^^^^^^^^^^^^^^^^^^^^^^^^^^^^^^^^^^^^^^^^^^^^^^^^^^^^^^^^^^^^^
  File "C:\Users\inven\OneDrive\Documentos\GitHub\watchlist\6.Trading_Journal\backend\.venv\Lib\site-packages\httpx\_client.py", line 1629, in send
    response = await self._send_handling_auth(
               ^^^^^^^^^^^^^^^^^^^^^^^^^^^^^^^
    ...<4 lines>...
    )
    ^
  File "C:\Users\inven\OneDrive\Documentos\GitHub\watchlist\6.Trading_Journal\backend\.venv\Lib\site-packages\httpx\_client.py", line 1657, in _send_handling_auth
    response = await self._send_handling_redirects(
               ^^^^^^^^^^^^^^^^^^^^^^^^^^^^^^^^^^^^
    ...<3 lines>...
    )
    ^
  File "C:\Users\inven\OneDrive\Documentos\GitHub\watchlist\6.Trading_Journal\backend\.venv\Lib\site-packages\httpx\_client.py", line 1694, in _send_handling_redirects
    response = await self._send_single_request(request)
               ^^^^^^^^^^^^^^^^^^^^^^^^^^^^^^^^^^^^^^^^
  File "C:\Users\inven\OneDrive\Documentos\GitHub\watchlist\6.Trading_Journal\backend\.venv\Lib\site-packages\httpx\_client.py", line 1730, in _send_single_request
    response = await transport.handle_async_request(request)
               ^^^^^^^^^^^^^^^^^^^^^^^^^^^^^^^^^^^^^^^^^^^^^
  File "C:\Users\inven\OneDrive\Documentos\GitHub\watchlist\6.Trading_Journal\backend\.venv\Lib\site-packages\httpx\_transports\default.py", line 393, in handle_async_request
    with map_httpcore_exceptions():
         ~~~~~~~~~~~~~~~~~~~~~~~^^
  File "C:\Python314\Lib\contextlib.py", line 162, in __exit__
    self.gen.throw(value)
    ~~~~~~~~~~~~~~^^^^^^^
  File "C:\Users\inven\OneDrive\Documentos\GitHub\watchlist\6.Trading_Journal\backend\.venv\Lib\site-packages\httpx\_transports\default.py", line 118, in map_httpcore_exceptions
    raise mapped_exc(message) from exc
httpx.ReadTimeout

2026-01-28 20:05:51,248 | ERROR | services.position_monitor | Error fetching positions: ReadTimeout: 
2026-01-28 20:05:51,252 | ERROR | services.position_monitor | Traceback (most recent call last):
  File "C:\Users\inven\OneDrive\Documentos\GitHub\watchlist\6.Trading_Journal\backend\.venv\Lib\site-packages\httpx\_transports\default.py", line 101, in map_httpcore_exceptions
    yield
  File "C:\Users\inven\OneDrive\Documentos\GitHub\watchlist\6.Trading_Journal\backend\.venv\Lib\site-packages\httpx\_transports\default.py", line 394, in handle_async_request
    resp = await self._pool.handle_async_request(req)
           ^^^^^^^^^^^^^^^^^^^^^^^^^^^^^^^^^^^^^^^^^^
  File "C:\Users\inven\OneDrive\Documentos\GitHub\watchlist\6.Trading_Journal\backend\.venv\Lib\site-packages\httpcore\_async\connection_pool.py", line 256, in handle_async_request
    raise exc from None
  File "C:\Users\inven\OneDrive\Documentos\GitHub\watchlist\6.Trading_Journal\backend\.venv\Lib\site-packages\httpcore\_async\connection_pool.py", line 236, in handle_async_request
    response = await connection.handle_async_request(
               ^^^^^^^^^^^^^^^^^^^^^^^^^^^^^^^^^^^^^^
        pool_request.request
        ^^^^^^^^^^^^^^^^^^^^
    )
    ^
  File "C:\Users\inven\OneDrive\Documentos\GitHub\watchlist\6.Trading_Journal\backend\.venv\Lib\site-packages\httpcore\_async\connection.py", line 103, in handle_async_request
    return await self._connection.handle_async_request(request)
           ^^^^^^^^^^^^^^^^^^^^^^^^^^^^^^^^^^^^^^^^^^^^^^^^^^^^
  File "C:\Users\inven\OneDrive\Documentos\GitHub\watchlist\6.Trading_Journal\backend\.venv\Lib\site-packages\httpcore\_async\http11.py", line 136, in handle_async_request
    raise exc
  File "C:\Users\inven\OneDrive\Documentos\GitHub\watchlist\6.Trading_Journal\backend\.venv\Lib\site-packages\httpcore\_async\http11.py", line 106, in handle_async_request
    ) = await self._receive_response_headers(**kwargs)
        ^^^^^^^^^^^^^^^^^^^^^^^^^^^^^^^^^^^^^^^^^^^^^^
  File "C:\Users\inven\OneDrive\Documentos\GitHub\watchlist\6.Trading_Journal\backend\.venv\Lib\site-packages\httpcore\_async\http11.py", line 177, in _receive_response_headers
    event = await self._receive_event(timeout=timeout)
            ^^^^^^^^^^^^^^^^^^^^^^^^^^^^^^^^^^^^^^^^^^
  File "C:\Users\inven\OneDrive\Documentos\GitHub\watchlist\6.Trading_Journal\backend\.venv\Lib\site-packages\httpcore\_async\http11.py", line 217, in _receive_event
    data = await self._network_stream.read(
           ^^^^^^^^^^^^^^^^^^^^^^^^^^^^^^^^
        self.READ_NUM_BYTES, timeout=timeout
        ^^^^^^^^^^^^^^^^^^^^^^^^^^^^^^^^^^^^
    )
    ^
  File "C:\Users\inven\OneDrive\Documentos\GitHub\watchlist\6.Trading_Journal\backend\.venv\Lib\site-packages\httpcore\_backends\anyio.py", line 32, in read
    with map_exceptions(exc_map):
         ~~~~~~~~~~~~~~^^^^^^^^^
  File "C:\Python314\Lib\contextlib.py", line 162, in __exit__
    self.gen.throw(value)
    ~~~~~~~~~~~~~~^^^^^^^
  File "C:\Users\inven\OneDrive\Documentos\GitHub\watchlist\6.Trading_Journal\backend\.venv\Lib\site-packages\httpcore\_exceptions.py", line 14, in map_exceptions
    raise to_exc(exc) from exc
httpcore.ReadTimeout

The above exception was the direct cause of the following exception:

Traceback (most recent call last):
  File "C:\Users\inven\OneDrive\Documentos\GitHub\watchlist\6.Trading_Journal\backend\services\position_monitor.py", line 186, in _fetch_positions
    response = await self._http_client.get(
               ^^^^^^^^^^^^^^^^^^^^^^^^^^^^
        f"{self.trading_bot_url}/api/positions"
        ^^^^^^^^^^^^^^^^^^^^^^^^^^^^^^^^^^^^^^^
    )
    ^
  File "C:\Users\inven\OneDrive\Documentos\GitHub\watchlist\6.Trading_Journal\backend\.venv\Lib\site-packages\httpx\_client.py", line 1768, in get
    return await self.request(
           ^^^^^^^^^^^^^^^^^^^
    ...<9 lines>...
    )
    ^
  File "C:\Users\inven\OneDrive\Documentos\GitHub\watchlist\6.Trading_Journal\backend\.venv\Lib\site-packages\httpx\_client.py", line 1540, in request
    return await self.send(request, auth=auth, follow_redirects=follow_redirects)
           ^^^^^^^^^^^^^^^^^^^^^^^^^^^^^^^^^^^^^^^^^^^^^^^^^^^^^^^^^^^^^^^^^^^^^^
  File "C:\Users\inven\OneDrive\Documentos\GitHub\watchlist\6.Trading_Journal\backend\.venv\Lib\site-packages\httpx\_client.py", line 1629, in send
    response = await self._send_handling_auth(
               ^^^^^^^^^^^^^^^^^^^^^^^^^^^^^^^
    ...<4 lines>...
    )
    ^
  File "C:\Users\inven\OneDrive\Documentos\GitHub\watchlist\6.Trading_Journal\backend\.venv\Lib\site-packages\httpx\_client.py", line 1657, in _send_handling_auth
    response = await self._send_handling_redirects(
               ^^^^^^^^^^^^^^^^^^^^^^^^^^^^^^^^^^^^
    ...<3 lines>...
    )
    ^
  File "C:\Users\inven\OneDrive\Documentos\GitHub\watchlist\6.Trading_Journal\backend\.venv\Lib\site-packages\httpx\_client.py", line 1694, in _send_handling_redirects
    response = await self._send_single_request(request)
               ^^^^^^^^^^^^^^^^^^^^^^^^^^^^^^^^^^^^^^^^
  File "C:\Users\inven\OneDrive\Documentos\GitHub\watchlist\6.Trading_Journal\backend\.venv\Lib\site-packages\httpx\_client.py", line 1730, in _send_single_request
    response = await transport.handle_async_request(request)
               ^^^^^^^^^^^^^^^^^^^^^^^^^^^^^^^^^^^^^^^^^^^^^
  File "C:\Users\inven\OneDrive\Documentos\GitHub\watchlist\6.Trading_Journal\backend\.venv\Lib\site-packages\httpx\_transports\default.py", line 393, in handle_async_request
    with map_httpcore_exceptions():
         ~~~~~~~~~~~~~~~~~~~~~~~^^
  File "C:\Python314\Lib\contextlib.py", line 162, in __exit__
    self.gen.throw(value)
    ~~~~~~~~~~~~~~^^^^^^^
  File "C:\Users\inven\OneDrive\Documentos\GitHub\watchlist\6.Trading_Journal\backend\.venv\Lib\site-packages\httpx\_transports\default.py", line 118, in map_httpcore_exceptions
    raise mapped_exc(message) from exc
httpx.ReadTimeout

2026-01-28 20:06:06,541 | ERROR | services.position_monitor | Error fetching positions: ReadTimeout: 
2026-01-28 20:06:06,546 | ERROR | services.position_monitor | Traceback (most recent call last):
  File "C:\Users\inven\OneDrive\Documentos\GitHub\watchlist\6.Trading_Journal\backend\.venv\Lib\site-packages\httpx\_transports\default.py", line 101, in map_httpcore_exceptions
    yield
  File "C:\Users\inven\OneDrive\Documentos\GitHub\watchlist\6.Trading_Journal\backend\.venv\Lib\site-packages\httpx\_transports\default.py", line 394, in handle_async_request
    resp = await self._pool.handle_async_request(req)
           ^^^^^^^^^^^^^^^^^^^^^^^^^^^^^^^^^^^^^^^^^^
  File "C:\Users\inven\OneDrive\Documentos\GitHub\watchlist\6.Trading_Journal\backend\.venv\Lib\site-packages\httpcore\_async\connection_pool.py", line 256, in handle_async_request
    raise exc from None
  File "C:\Users\inven\OneDrive\Documentos\GitHub\watchlist\6.Trading_Journal\backend\.venv\Lib\site-packages\httpcore\_async\connection_pool.py", line 236, in handle_async_request
    response = await connection.handle_async_request(
               ^^^^^^^^^^^^^^^^^^^^^^^^^^^^^^^^^^^^^^
        pool_request.request
        ^^^^^^^^^^^^^^^^^^^^
    )
    ^
  File "C:\Users\inven\OneDrive\Documentos\GitHub\watchlist\6.Trading_Journal\backend\.venv\Lib\site-packages\httpcore\_async\connection.py", line 103, in handle_async_request
    return await self._connection.handle_async_request(request)
           ^^^^^^^^^^^^^^^^^^^^^^^^^^^^^^^^^^^^^^^^^^^^^^^^^^^^
  File "C:\Users\inven\OneDrive\Documentos\GitHub\watchlist\6.Trading_Journal\backend\.venv\Lib\site-packages\httpcore\_async\http11.py", line 136, in handle_async_request
    raise exc
  File "C:\Users\inven\OneDrive\Documentos\GitHub\watchlist\6.Trading_Journal\backend\.venv\Lib\site-packages\httpcore\_async\http11.py", line 106, in handle_async_request
    ) = await self._receive_response_headers(**kwargs)
        ^^^^^^^^^^^^^^^^^^^^^^^^^^^^^^^^^^^^^^^^^^^^^^
  File "C:\Users\inven\OneDrive\Documentos\GitHub\watchlist\6.Trading_Journal\backend\.venv\Lib\site-packages\httpcore\_async\http11.py", line 177, in _receive_response_headers
    event = await self._receive_event(timeout=timeout)
            ^^^^^^^^^^^^^^^^^^^^^^^^^^^^^^^^^^^^^^^^^^
  File "C:\Users\inven\OneDrive\Documentos\GitHub\watchlist\6.Trading_Journal\backend\.venv\Lib\site-packages\httpcore\_async\http11.py", line 217, in _receive_event
    data = await self._network_stream.read(
           ^^^^^^^^^^^^^^^^^^^^^^^^^^^^^^^^
        self.READ_NUM_BYTES, timeout=timeout
        ^^^^^^^^^^^^^^^^^^^^^^^^^^^^^^^^^^^^
    )
    ^
  File "C:\Users\inven\OneDrive\Documentos\GitHub\watchlist\6.Trading_Journal\backend\.venv\Lib\site-packages\httpcore\_backends\anyio.py", line 32, in read
    with map_exceptions(exc_map):
         ~~~~~~~~~~~~~~^^^^^^^^^
  File "C:\Python314\Lib\contextlib.py", line 162, in __exit__
    self.gen.throw(value)
    ~~~~~~~~~~~~~~^^^^^^^
  File "C:\Users\inven\OneDrive\Documentos\GitHub\watchlist\6.Trading_Journal\backend\.venv\Lib\site-packages\httpcore\_exceptions.py", line 14, in map_exceptions
    raise to_exc(exc) from exc
httpcore.ReadTimeout

The above exception was the direct cause of the following exception:

Traceback (most recent call last):
  File "C:\Users\inven\OneDrive\Documentos\GitHub\watchlist\6.Trading_Journal\backend\services\position_monitor.py", line 186, in _fetch_positions
    response = await self._http_client.get(
               ^^^^^^^^^^^^^^^^^^^^^^^^^^^^
        f"{self.trading_bot_url}/api/positions"
        ^^^^^^^^^^^^^^^^^^^^^^^^^^^^^^^^^^^^^^^
    )
    ^
  File "C:\Users\inven\OneDrive\Documentos\GitHub\watchlist\6.Trading_Journal\backend\.venv\Lib\site-packages\httpx\_client.py", line 1768, in get
    return await self.request(
           ^^^^^^^^^^^^^^^^^^^
    ...<9 lines>...
    )
    ^
  File "C:\Users\inven\OneDrive\Documentos\GitHub\watchlist\6.Trading_Journal\backend\.venv\Lib\site-packages\httpx\_client.py", line 1540, in request
    return await self.send(request, auth=auth, follow_redirects=follow_redirects)
           ^^^^^^^^^^^^^^^^^^^^^^^^^^^^^^^^^^^^^^^^^^^^^^^^^^^^^^^^^^^^^^^^^^^^^^
  File "C:\Users\inven\OneDrive\Documentos\GitHub\watchlist\6.Trading_Journal\backend\.venv\Lib\site-packages\httpx\_client.py", line 1629, in send
    response = await self._send_handling_auth(
               ^^^^^^^^^^^^^^^^^^^^^^^^^^^^^^^
    ...<4 lines>...
    )
    ^
  File "C:\Users\inven\OneDrive\Documentos\GitHub\watchlist\6.Trading_Journal\backend\.venv\Lib\site-packages\httpx\_client.py", line 1657, in _send_handling_auth
    response = await self._send_handling_redirects(
               ^^^^^^^^^^^^^^^^^^^^^^^^^^^^^^^^^^^^
    ...<3 lines>...
    )
    ^
  File "C:\Users\inven\OneDrive\Documentos\GitHub\watchlist\6.Trading_Journal\backend\.venv\Lib\site-packages\httpx\_client.py", line 1694, in _send_handling_redirects
    response = await self._send_single_request(request)
               ^^^^^^^^^^^^^^^^^^^^^^^^^^^^^^^^^^^^^^^^
  File "C:\Users\inven\OneDrive\Documentos\GitHub\watchlist\6.Trading_Journal\backend\.venv\Lib\site-packages\httpx\_client.py", line 1730, in _send_single_request
    response = await transport.handle_async_request(request)
               ^^^^^^^^^^^^^^^^^^^^^^^^^^^^^^^^^^^^^^^^^^^^^
  File "C:\Users\inven\OneDrive\Documentos\GitHub\watchlist\6.Trading_Journal\backend\.venv\Lib\site-packages\httpx\_transports\default.py", line 393, in handle_async_request
    with map_httpcore_exceptions():
         ~~~~~~~~~~~~~~~~~~~~~~~^^
  File "C:\Python314\Lib\contextlib.py", line 162, in __exit__
    self.gen.throw(value)
    ~~~~~~~~~~~~~~^^^^^^^
  File "C:\Users\inven\OneDrive\Documentos\GitHub\watchlist\6.Trading_Journal\backend\.venv\Lib\site-packages\httpx\_transports\default.py", line 118, in map_httpcore_exceptions
    raise mapped_exc(message) from exc
httpx.ReadTimeout

2026-01-28 20:06:21,837 | ERROR | services.position_monitor | Error fetching positions: ReadTimeout: 
2026-01-28 20:06:21,841 | ERROR | services.position_monitor | Traceback (most recent call last):
  File "C:\Users\inven\OneDrive\Documentos\GitHub\watchlist\6.Trading_Journal\backend\.venv\Lib\site-packages\httpx\_transports\default.py", line 101, in map_httpcore_exceptions
    yield
  File "C:\Users\inven\OneDrive\Documentos\GitHub\watchlist\6.Trading_Journal\backend\.venv\Lib\site-packages\httpx\_transports\default.py", line 394, in handle_async_request
    resp = await self._pool.handle_async_request(req)
           ^^^^^^^^^^^^^^^^^^^^^^^^^^^^^^^^^^^^^^^^^^
  File "C:\Users\inven\OneDrive\Documentos\GitHub\watchlist\6.Trading_Journal\backend\.venv\Lib\site-packages\httpcore\_async\connection_pool.py", line 256, in handle_async_request
    raise exc from None
  File "C:\Users\inven\OneDrive\Documentos\GitHub\watchlist\6.Trading_Journal\backend\.venv\Lib\site-packages\httpcore\_async\connection_pool.py", line 236, in handle_async_request
    response = await connection.handle_async_request(
               ^^^^^^^^^^^^^^^^^^^^^^^^^^^^^^^^^^^^^^
        pool_request.request
        ^^^^^^^^^^^^^^^^^^^^
    )
    ^
  File "C:\Users\inven\OneDrive\Documentos\GitHub\watchlist\6.Trading_Journal\backend\.venv\Lib\site-packages\httpcore\_async\connection.py", line 103, in handle_async_request
    return await self._connection.handle_async_request(request)
           ^^^^^^^^^^^^^^^^^^^^^^^^^^^^^^^^^^^^^^^^^^^^^^^^^^^^
  File "C:\Users\inven\OneDrive\Documentos\GitHub\watchlist\6.Trading_Journal\backend\.venv\Lib\site-packages\httpcore\_async\http11.py", line 136, in handle_async_request
    raise exc
  File "C:\Users\inven\OneDrive\Documentos\GitHub\watchlist\6.Trading_Journal\backend\.venv\Lib\site-packages\httpcore\_async\http11.py", line 106, in handle_async_request
    ) = await self._receive_response_headers(**kwargs)
        ^^^^^^^^^^^^^^^^^^^^^^^^^^^^^^^^^^^^^^^^^^^^^^
  File "C:\Users\inven\OneDrive\Documentos\GitHub\watchlist\6.Trading_Journal\backend\.venv\Lib\site-packages\httpcore\_async\http11.py", line 177, in _receive_response_headers
    event = await self._receive_event(timeout=timeout)
            ^^^^^^^^^^^^^^^^^^^^^^^^^^^^^^^^^^^^^^^^^^
  File "C:\Users\inven\OneDrive\Documentos\GitHub\watchlist\6.Trading_Journal\backend\.venv\Lib\site-packages\httpcore\_async\http11.py", line 217, in _receive_event
    data = await self._network_stream.read(
           ^^^^^^^^^^^^^^^^^^^^^^^^^^^^^^^^
        self.READ_NUM_BYTES, timeout=timeout
        ^^^^^^^^^^^^^^^^^^^^^^^^^^^^^^^^^^^^
    )
    ^
  File "C:\Users\inven\OneDrive\Documentos\GitHub\watchlist\6.Trading_Journal\backend\.venv\Lib\site-packages\httpcore\_backends\anyio.py", line 32, in read
    with map_exceptions(exc_map):
         ~~~~~~~~~~~~~~^^^^^^^^^
  File "C:\Python314\Lib\contextlib.py", line 162, in __exit__
    self.gen.throw(value)
    ~~~~~~~~~~~~~~^^^^^^^
  File "C:\Users\inven\OneDrive\Documentos\GitHub\watchlist\6.Trading_Journal\backend\.venv\Lib\site-packages\httpcore\_exceptions.py", line 14, in map_exceptions
    raise to_exc(exc) from exc
httpcore.ReadTimeout

The above exception was the direct cause of the following exception:

Traceback (most recent call last):
  File "C:\Users\inven\OneDrive\Documentos\GitHub\watchlist\6.Trading_Journal\backend\services\position_monitor.py", line 186, in _fetch_positions
    response = await self._http_client.get(
               ^^^^^^^^^^^^^^^^^^^^^^^^^^^^
        f"{self.trading_bot_url}/api/positions"
        ^^^^^^^^^^^^^^^^^^^^^^^^^^^^^^^^^^^^^^^
    )
    ^
  File "C:\Users\inven\OneDrive\Documentos\GitHub\watchlist\6.Trading_Journal\backend\.venv\Lib\site-packages\httpx\_client.py", line 1768, in get
    return await self.request(
           ^^^^^^^^^^^^^^^^^^^
    ...<9 lines>...
    )
    ^
  File "C:\Users\inven\OneDrive\Documentos\GitHub\watchlist\6.Trading_Journal\backend\.venv\Lib\site-packages\httpx\_client.py", line 1540, in request
    return await self.send(request, auth=auth, follow_redirects=follow_redirects)
           ^^^^^^^^^^^^^^^^^^^^^^^^^^^^^^^^^^^^^^^^^^^^^^^^^^^^^^^^^^^^^^^^^^^^^^
  File "C:\Users\inven\OneDrive\Documentos\GitHub\watchlist\6.Trading_Journal\backend\.venv\Lib\site-packages\httpx\_client.py", line 1629, in send
    response = await self._send_handling_auth(
               ^^^^^^^^^^^^^^^^^^^^^^^^^^^^^^^
    ...<4 lines>...
    )
    ^
  File "C:\Users\inven\OneDrive\Documentos\GitHub\watchlist\6.Trading_Journal\backend\.venv\Lib\site-packages\httpx\_client.py", line 1657, in _send_handling_auth
    response = await self._send_handling_redirects(
               ^^^^^^^^^^^^^^^^^^^^^^^^^^^^^^^^^^^^
    ...<3 lines>...
    )
    ^
  File "C:\Users\inven\OneDrive\Documentos\GitHub\watchlist\6.Trading_Journal\backend\.venv\Lib\site-packages\httpx\_client.py", line 1694, in _send_handling_redirects
    response = await self._send_single_request(request)
               ^^^^^^^^^^^^^^^^^^^^^^^^^^^^^^^^^^^^^^^^
  File "C:\Users\inven\OneDrive\Documentos\GitHub\watchlist\6.Trading_Journal\backend\.venv\Lib\site-packages\httpx\_client.py", line 1730, in _send_single_request
    response = await transport.handle_async_request(request)
               ^^^^^^^^^^^^^^^^^^^^^^^^^^^^^^^^^^^^^^^^^^^^^
  File "C:\Users\inven\OneDrive\Documentos\GitHub\watchlist\6.Trading_Journal\backend\.venv\Lib\site-packages\httpx\_transports\default.py", line 393, in handle_async_request
    with map_httpcore_exceptions():
         ~~~~~~~~~~~~~~~~~~~~~~~^^
  File "C:\Python314\Lib\contextlib.py", line 162, in __exit__
    self.gen.throw(value)
    ~~~~~~~~~~~~~~^^^^^^^
  File "C:\Users\inven\OneDrive\Documentos\GitHub\watchlist\6.Trading_Journal\backend\.venv\Lib\site-packages\httpx\_transports\default.py", line 118, in map_httpcore_exceptions
    raise mapped_exc(message) from exc
httpx.ReadTimeout

2026-01-28 20:06:37,126 | ERROR | services.position_monitor | Error fetching positions: ReadTimeout: 
2026-01-28 20:06:37,130 | ERROR | services.position_monitor | Traceback (most recent call last):
  File "C:\Users\inven\OneDrive\Documentos\GitHub\watchlist\6.Trading_Journal\backend\.venv\Lib\site-packages\httpx\_transports\default.py", line 101, in map_httpcore_exceptions
    yield
  File "C:\Users\inven\OneDrive\Documentos\GitHub\watchlist\6.Trading_Journal\backend\.venv\Lib\site-packages\httpx\_transports\default.py", line 394, in handle_async_request
    resp = await self._pool.handle_async_request(req)
           ^^^^^^^^^^^^^^^^^^^^^^^^^^^^^^^^^^^^^^^^^^
  File "C:\Users\inven\OneDrive\Documentos\GitHub\watchlist\6.Trading_Journal\backend\.venv\Lib\site-packages\httpcore\_async\connection_pool.py", line 256, in handle_async_request
    raise exc from None
  File "C:\Users\inven\OneDrive\Documentos\GitHub\watchlist\6.Trading_Journal\backend\.venv\Lib\site-packages\httpcore\_async\connection_pool.py", line 236, in handle_async_request
    response = await connection.handle_async_request(
               ^^^^^^^^^^^^^^^^^^^^^^^^^^^^^^^^^^^^^^
        pool_request.request
        ^^^^^^^^^^^^^^^^^^^^
    )
    ^
  File "C:\Users\inven\OneDrive\Documentos\GitHub\watchlist\6.Trading_Journal\backend\.venv\Lib\site-packages\httpcore\_async\connection.py", line 103, in handle_async_request
    return await self._connection.handle_async_request(request)
           ^^^^^^^^^^^^^^^^^^^^^^^^^^^^^^^^^^^^^^^^^^^^^^^^^^^^
  File "C:\Users\inven\OneDrive\Documentos\GitHub\watchlist\6.Trading_Journal\backend\.venv\Lib\site-packages\httpcore\_async\http11.py", line 136, in handle_async_request
    raise exc
  File "C:\Users\inven\OneDrive\Documentos\GitHub\watchlist\6.Trading_Journal\backend\.venv\Lib\site-packages\httpcore\_async\http11.py", line 106, in handle_async_request
    ) = await self._receive_response_headers(**kwargs)
        ^^^^^^^^^^^^^^^^^^^^^^^^^^^^^^^^^^^^^^^^^^^^^^
  File "C:\Users\inven\OneDrive\Documentos\GitHub\watchlist\6.Trading_Journal\backend\.venv\Lib\site-packages\httpcore\_async\http11.py", line 177, in _receive_response_headers
    event = await self._receive_event(timeout=timeout)
            ^^^^^^^^^^^^^^^^^^^^^^^^^^^^^^^^^^^^^^^^^^
  File "C:\Users\inven\OneDrive\Documentos\GitHub\watchlist\6.Trading_Journal\backend\.venv\Lib\site-packages\httpcore\_async\http11.py", line 217, in _receive_event
    data = await self._network_stream.read(
           ^^^^^^^^^^^^^^^^^^^^^^^^^^^^^^^^
        self.READ_NUM_BYTES, timeout=timeout
        ^^^^^^^^^^^^^^^^^^^^^^^^^^^^^^^^^^^^
    )
    ^
  File "C:\Users\inven\OneDrive\Documentos\GitHub\watchlist\6.Trading_Journal\backend\.venv\Lib\site-packages\httpcore\_backends\anyio.py", line 32, in read
    with map_exceptions(exc_map):
         ~~~~~~~~~~~~~~^^^^^^^^^
  File "C:\Python314\Lib\contextlib.py", line 162, in __exit__
    self.gen.throw(value)
    ~~~~~~~~~~~~~~^^^^^^^
  File "C:\Users\inven\OneDrive\Documentos\GitHub\watchlist\6.Trading_Journal\backend\.venv\Lib\site-packages\httpcore\_exceptions.py", line 14, in map_exceptions
    raise to_exc(exc) from exc
httpcore.ReadTimeout

The above exception was the direct cause of the following exception:

Traceback (most recent call last):
  File "C:\Users\inven\OneDrive\Documentos\GitHub\watchlist\6.Trading_Journal\backend\services\position_monitor.py", line 186, in _fetch_positions
    response = await self._http_client.get(
               ^^^^^^^^^^^^^^^^^^^^^^^^^^^^
        f"{self.trading_bot_url}/api/positions"
        ^^^^^^^^^^^^^^^^^^^^^^^^^^^^^^^^^^^^^^^
    )
    ^
  File "C:\Users\inven\OneDrive\Documentos\GitHub\watchlist\6.Trading_Journal\backend\.venv\Lib\site-packages\httpx\_client.py", line 1768, in get
    return await self.request(
           ^^^^^^^^^^^^^^^^^^^
    ...<9 lines>...
    )
    ^
  File "C:\Users\inven\OneDrive\Documentos\GitHub\watchlist\6.Trading_Journal\backend\.venv\Lib\site-packages\httpx\_client.py", line 1540, in request
    return await self.send(request, auth=auth, follow_redirects=follow_redirects)
           ^^^^^^^^^^^^^^^^^^^^^^^^^^^^^^^^^^^^^^^^^^^^^^^^^^^^^^^^^^^^^^^^^^^^^^
  File "C:\Users\inven\OneDrive\Documentos\GitHub\watchlist\6.Trading_Journal\backend\.venv\Lib\site-packages\httpx\_client.py", line 1629, in send
    response = await self._send_handling_auth(
               ^^^^^^^^^^^^^^^^^^^^^^^^^^^^^^^
    ...<4 lines>...
    )
    ^
  File "C:\Users\inven\OneDrive\Documentos\GitHub\watchlist\6.Trading_Journal\backend\.venv\Lib\site-packages\httpx\_client.py", line 1657, in _send_handling_auth
    response = await self._send_handling_redirects(
               ^^^^^^^^^^^^^^^^^^^^^^^^^^^^^^^^^^^^
    ...<3 lines>...
    )
    ^
  File "C:\Users\inven\OneDrive\Documentos\GitHub\watchlist\6.Trading_Journal\backend\.venv\Lib\site-packages\httpx\_client.py", line 1694, in _send_handling_redirects
    response = await self._send_single_request(request)
               ^^^^^^^^^^^^^^^^^^^^^^^^^^^^^^^^^^^^^^^^
  File "C:\Users\inven\OneDrive\Documentos\GitHub\watchlist\6.Trading_Journal\backend\.venv\Lib\site-packages\httpx\_client.py", line 1730, in _send_single_request
    response = await transport.handle_async_request(request)
               ^^^^^^^^^^^^^^^^^^^^^^^^^^^^^^^^^^^^^^^^^^^^^
  File "C:\Users\inven\OneDrive\Documentos\GitHub\watchlist\6.Trading_Journal\backend\.venv\Lib\site-packages\httpx\_transports\default.py", line 393, in handle_async_request
    with map_httpcore_exceptions():
         ~~~~~~~~~~~~~~~~~~~~~~~^^
  File "C:\Python314\Lib\contextlib.py", line 162, in __exit__
    self.gen.throw(value)
    ~~~~~~~~~~~~~~^^^^^^^
  File "C:\Users\inven\OneDrive\Documentos\GitHub\watchlist\6.Trading_Journal\backend\.venv\Lib\site-packages\httpx\_transports\default.py", line 118, in map_httpcore_exceptions
    raise mapped_exc(message) from exc
httpx.ReadTimeout

2026-01-28 20:06:52,429 | ERROR | services.position_monitor | Error fetching positions: ReadTimeout: 
2026-01-28 20:06:52,433 | ERROR | services.position_monitor | Traceback (most recent call last):
  File "C:\Users\inven\OneDrive\Documentos\GitHub\watchlist\6.Trading_Journal\backend\.venv\Lib\site-packages\httpx\_transports\default.py", line 101, in map_httpcore_exceptions
    yield
  File "C:\Users\inven\OneDrive\Documentos\GitHub\watchlist\6.Trading_Journal\backend\.venv\Lib\site-packages\httpx\_transports\default.py", line 394, in handle_async_request
    resp = await self._pool.handle_async_request(req)
           ^^^^^^^^^^^^^^^^^^^^^^^^^^^^^^^^^^^^^^^^^^
  File "C:\Users\inven\OneDrive\Documentos\GitHub\watchlist\6.Trading_Journal\backend\.venv\Lib\site-packages\httpcore\_async\connection_pool.py", line 256, in handle_async_request
    raise exc from None
  File "C:\Users\inven\OneDrive\Documentos\GitHub\watchlist\6.Trading_Journal\backend\.venv\Lib\site-packages\httpcore\_async\connection_pool.py", line 236, in handle_async_request
    response = await connection.handle_async_request(
               ^^^^^^^^^^^^^^^^^^^^^^^^^^^^^^^^^^^^^^
        pool_request.request
        ^^^^^^^^^^^^^^^^^^^^
    )
    ^
  File "C:\Users\inven\OneDrive\Documentos\GitHub\watchlist\6.Trading_Journal\backend\.venv\Lib\site-packages\httpcore\_async\connection.py", line 103, in handle_async_request
    return await self._connection.handle_async_request(request)
           ^^^^^^^^^^^^^^^^^^^^^^^^^^^^^^^^^^^^^^^^^^^^^^^^^^^^
  File "C:\Users\inven\OneDrive\Documentos\GitHub\watchlist\6.Trading_Journal\backend\.venv\Lib\site-packages\httpcore\_async\http11.py", line 136, in handle_async_request
    raise exc
  File "C:\Users\inven\OneDrive\Documentos\GitHub\watchlist\6.Trading_Journal\backend\.venv\Lib\site-packages\httpcore\_async\http11.py", line 106, in handle_async_request
    ) = await self._receive_response_headers(**kwargs)
        ^^^^^^^^^^^^^^^^^^^^^^^^^^^^^^^^^^^^^^^^^^^^^^
  File "C:\Users\inven\OneDrive\Documentos\GitHub\watchlist\6.Trading_Journal\backend\.venv\Lib\site-packages\httpcore\_async\http11.py", line 177, in _receive_response_headers
    event = await self._receive_event(timeout=timeout)
            ^^^^^^^^^^^^^^^^^^^^^^^^^^^^^^^^^^^^^^^^^^
  File "C:\Users\inven\OneDrive\Documentos\GitHub\watchlist\6.Trading_Journal\backend\.venv\Lib\site-packages\httpcore\_async\http11.py", line 217, in _receive_event
    data = await self._network_stream.read(
           ^^^^^^^^^^^^^^^^^^^^^^^^^^^^^^^^
        self.READ_NUM_BYTES, timeout=timeout
        ^^^^^^^^^^^^^^^^^^^^^^^^^^^^^^^^^^^^
    )
    ^
  File "C:\Users\inven\OneDrive\Documentos\GitHub\watchlist\6.Trading_Journal\backend\.venv\Lib\site-packages\httpcore\_backends\anyio.py", line 32, in read
    with map_exceptions(exc_map):
         ~~~~~~~~~~~~~~^^^^^^^^^
  File "C:\Python314\Lib\contextlib.py", line 162, in __exit__
    self.gen.throw(value)
    ~~~~~~~~~~~~~~^^^^^^^
  File "C:\Users\inven\OneDrive\Documentos\GitHub\watchlist\6.Trading_Journal\backend\.venv\Lib\site-packages\httpcore\_exceptions.py", line 14, in map_exceptions
    raise to_exc(exc) from exc
httpcore.ReadTimeout

The above exception was the direct cause of the following exception:

Traceback (most recent call last):
  File "C:\Users\inven\OneDrive\Documentos\GitHub\watchlist\6.Trading_Journal\backend\services\position_monitor.py", line 186, in _fetch_positions
    response = await self._http_client.get(
               ^^^^^^^^^^^^^^^^^^^^^^^^^^^^
        f"{self.trading_bot_url}/api/positions"
        ^^^^^^^^^^^^^^^^^^^^^^^^^^^^^^^^^^^^^^^
    )
    ^
  File "C:\Users\inven\OneDrive\Documentos\GitHub\watchlist\6.Trading_Journal\backend\.venv\Lib\site-packages\httpx\_client.py", line 1768, in get
    return await self.request(
           ^^^^^^^^^^^^^^^^^^^
    ...<9 lines>...
    )
    ^
  File "C:\Users\inven\OneDrive\Documentos\GitHub\watchlist\6.Trading_Journal\backend\.venv\Lib\site-packages\httpx\_client.py", line 1540, in request
    return await self.send(request, auth=auth, follow_redirects=follow_redirects)
           ^^^^^^^^^^^^^^^^^^^^^^^^^^^^^^^^^^^^^^^^^^^^^^^^^^^^^^^^^^^^^^^^^^^^^^
  File "C:\Users\inven\OneDrive\Documentos\GitHub\watchlist\6.Trading_Journal\backend\.venv\Lib\site-packages\httpx\_client.py", line 1629, in send
    response = await self._send_handling_auth(
               ^^^^^^^^^^^^^^^^^^^^^^^^^^^^^^^
    ...<4 lines>...
    )
    ^
  File "C:\Users\inven\OneDrive\Documentos\GitHub\watchlist\6.Trading_Journal\backend\.venv\Lib\site-packages\httpx\_client.py", line 1657, in _send_handling_auth
    response = await self._send_handling_redirects(
               ^^^^^^^^^^^^^^^^^^^^^^^^^^^^^^^^^^^^
    ...<3 lines>...
    )
    ^
  File "C:\Users\inven\OneDrive\Documentos\GitHub\watchlist\6.Trading_Journal\backend\.venv\Lib\site-packages\httpx\_client.py", line 1694, in _send_handling_redirects
    response = await self._send_single_request(request)
               ^^^^^^^^^^^^^^^^^^^^^^^^^^^^^^^^^^^^^^^^
  File "C:\Users\inven\OneDrive\Documentos\GitHub\watchlist\6.Trading_Journal\backend\.venv\Lib\site-packages\httpx\_client.py", line 1730, in _send_single_request
    response = await transport.handle_async_request(request)
               ^^^^^^^^^^^^^^^^^^^^^^^^^^^^^^^^^^^^^^^^^^^^^
  File "C:\Users\inven\OneDrive\Documentos\GitHub\watchlist\6.Trading_Journal\backend\.venv\Lib\site-packages\httpx\_transports\default.py", line 393, in handle_async_request
    with map_httpcore_exceptions():
         ~~~~~~~~~~~~~~~~~~~~~~~^^
  File "C:\Python314\Lib\contextlib.py", line 162, in __exit__
    self.gen.throw(value)
    ~~~~~~~~~~~~~~^^^^^^^
  File "C:\Users\inven\OneDrive\Documentos\GitHub\watchlist\6.Trading_Journal\backend\.venv\Lib\site-packages\httpx\_transports\default.py", line 118, in map_httpcore_exceptions
    raise mapped_exc(message) from exc
httpx.ReadTimeout

2026-01-28 20:07:07,735 | ERROR | services.position_monitor | Error fetching positions: ReadTimeout: 
2026-01-28 20:07:07,741 | ERROR | services.position_monitor | Traceback (most recent call last):
  File "C:\Users\inven\OneDrive\Documentos\GitHub\watchlist\6.Trading_Journal\backend\.venv\Lib\site-packages\httpx\_transports\default.py", line 101, in map_httpcore_exceptions
    yield
  File "C:\Users\inven\OneDrive\Documentos\GitHub\watchlist\6.Trading_Journal\backend\.venv\Lib\site-packages\httpx\_transports\default.py", line 394, in handle_async_request
    resp = await self._pool.handle_async_request(req)
           ^^^^^^^^^^^^^^^^^^^^^^^^^^^^^^^^^^^^^^^^^^
  File "C:\Users\inven\OneDrive\Documentos\GitHub\watchlist\6.Trading_Journal\backend\.venv\Lib\site-packages\httpcore\_async\connection_pool.py", line 256, in handle_async_request
    raise exc from None
  File "C:\Users\inven\OneDrive\Documentos\GitHub\watchlist\6.Trading_Journal\backend\.venv\Lib\site-packages\httpcore\_async\connection_pool.py", line 236, in handle_async_request
    response = await connection.handle_async_request(
               ^^^^^^^^^^^^^^^^^^^^^^^^^^^^^^^^^^^^^^
        pool_request.request
        ^^^^^^^^^^^^^^^^^^^^
    )
    ^
  File "C:\Users\inven\OneDrive\Documentos\GitHub\watchlist\6.Trading_Journal\backend\.venv\Lib\site-packages\httpcore\_async\connection.py", line 103, in handle_async_request
    return await self._connection.handle_async_request(request)
           ^^^^^^^^^^^^^^^^^^^^^^^^^^^^^^^^^^^^^^^^^^^^^^^^^^^^
  File "C:\Users\inven\OneDrive\Documentos\GitHub\watchlist\6.Trading_Journal\backend\.venv\Lib\site-packages\httpcore\_async\http11.py", line 136, in handle_async_request
    raise exc
  File "C:\Users\inven\OneDrive\Documentos\GitHub\watchlist\6.Trading_Journal\backend\.venv\Lib\site-packages\httpcore\_async\http11.py", line 106, in handle_async_request
    ) = await self._receive_response_headers(**kwargs)
        ^^^^^^^^^^^^^^^^^^^^^^^^^^^^^^^^^^^^^^^^^^^^^^
  File "C:\Users\inven\OneDrive\Documentos\GitHub\watchlist\6.Trading_Journal\backend\.venv\Lib\site-packages\httpcore\_async\http11.py", line 177, in _receive_response_headers
    event = await self._receive_event(timeout=timeout)
            ^^^^^^^^^^^^^^^^^^^^^^^^^^^^^^^^^^^^^^^^^^
  File "C:\Users\inven\OneDrive\Documentos\GitHub\watchlist\6.Trading_Journal\backend\.venv\Lib\site-packages\httpcore\_async\http11.py", line 217, in _receive_event
    data = await self._network_stream.read(
           ^^^^^^^^^^^^^^^^^^^^^^^^^^^^^^^^
        self.READ_NUM_BYTES, timeout=timeout
        ^^^^^^^^^^^^^^^^^^^^^^^^^^^^^^^^^^^^
    )
    ^
  File "C:\Users\inven\OneDrive\Documentos\GitHub\watchlist\6.Trading_Journal\backend\.venv\Lib\site-packages\httpcore\_backends\anyio.py", line 32, in read
    with map_exceptions(exc_map):
         ~~~~~~~~~~~~~~^^^^^^^^^
  File "C:\Python314\Lib\contextlib.py", line 162, in __exit__
    self.gen.throw(value)
    ~~~~~~~~~~~~~~^^^^^^^
  File "C:\Users\inven\OneDrive\Documentos\GitHub\watchlist\6.Trading_Journal\backend\.venv\Lib\site-packages\httpcore\_exceptions.py", line 14, in map_exceptions
    raise to_exc(exc) from exc
httpcore.ReadTimeout

The above exception was the direct cause of the following exception:

Traceback (most recent call last):
  File "C:\Users\inven\OneDrive\Documentos\GitHub\watchlist\6.Trading_Journal\backend\services\position_monitor.py", line 186, in _fetch_positions
    response = await self._http_client.get(
               ^^^^^^^^^^^^^^^^^^^^^^^^^^^^
        f"{self.trading_bot_url}/api/positions"
        ^^^^^^^^^^^^^^^^^^^^^^^^^^^^^^^^^^^^^^^
    )
    ^
  File "C:\Users\inven\OneDrive\Documentos\GitHub\watchlist\6.Trading_Journal\backend\.venv\Lib\site-packages\httpx\_client.py", line 1768, in get
    return await self.request(
           ^^^^^^^^^^^^^^^^^^^
    ...<9 lines>...
    )
    ^
  File "C:\Users\inven\OneDrive\Documentos\GitHub\watchlist\6.Trading_Journal\backend\.venv\Lib\site-packages\httpx\_client.py", line 1540, in request
    return await self.send(request, auth=auth, follow_redirects=follow_redirects)
           ^^^^^^^^^^^^^^^^^^^^^^^^^^^^^^^^^^^^^^^^^^^^^^^^^^^^^^^^^^^^^^^^^^^^^^
  File "C:\Users\inven\OneDrive\Documentos\GitHub\watchlist\6.Trading_Journal\backend\.venv\Lib\site-packages\httpx\_client.py", line 1629, in send
    response = await self._send_handling_auth(
               ^^^^^^^^^^^^^^^^^^^^^^^^^^^^^^^
    ...<4 lines>...
    )
    ^
  File "C:\Users\inven\OneDrive\Documentos\GitHub\watchlist\6.Trading_Journal\backend\.venv\Lib\site-packages\httpx\_client.py", line 1657, in _send_handling_auth
    response = await self._send_handling_redirects(
               ^^^^^^^^^^^^^^^^^^^^^^^^^^^^^^^^^^^^
    ...<3 lines>...
    )
    ^
  File "C:\Users\inven\OneDrive\Documentos\GitHub\watchlist\6.Trading_Journal\backend\.venv\Lib\site-packages\httpx\_client.py", line 1694, in _send_handling_redirects
    response = await self._send_single_request(request)
               ^^^^^^^^^^^^^^^^^^^^^^^^^^^^^^^^^^^^^^^^
  File "C:\Users\inven\OneDrive\Documentos\GitHub\watchlist\6.Trading_Journal\backend\.venv\Lib\site-packages\httpx\_client.py", line 1730, in _send_single_request
    response = await transport.handle_async_request(request)
               ^^^^^^^^^^^^^^^^^^^^^^^^^^^^^^^^^^^^^^^^^^^^^
  File "C:\Users\inven\OneDrive\Documentos\GitHub\watchlist\6.Trading_Journal\backend\.venv\Lib\site-packages\httpx\_transports\default.py", line 393, in handle_async_request
    with map_httpcore_exceptions():
         ~~~~~~~~~~~~~~~~~~~~~~~^^
  File "C:\Python314\Lib\contextlib.py", line 162, in __exit__
    self.gen.throw(value)
    ~~~~~~~~~~~~~~^^^^^^^
  File "C:\Users\inven\OneDrive\Documentos\GitHub\watchlist\6.Trading_Journal\backend\.venv\Lib\site-packages\httpx\_transports\default.py", line 118, in map_httpcore_exceptions
    raise mapped_exc(message) from exc
httpx.ReadTimeout

2026-01-28 20:07:23,038 | ERROR | services.position_monitor | Error fetching positions: ReadTimeout: 
2026-01-28 20:07:23,043 | ERROR | services.position_monitor | Traceback (most recent call last):
  File "C:\Users\inven\OneDrive\Documentos\GitHub\watchlist\6.Trading_Journal\backend\.venv\Lib\site-packages\httpx\_transports\default.py", line 101, in map_httpcore_exceptions
    yield
  File "C:\Users\inven\OneDrive\Documentos\GitHub\watchlist\6.Trading_Journal\backend\.venv\Lib\site-packages\httpx\_transports\default.py", line 394, in handle_async_request
    resp = await self._pool.handle_async_request(req)
           ^^^^^^^^^^^^^^^^^^^^^^^^^^^^^^^^^^^^^^^^^^
  File "C:\Users\inven\OneDrive\Documentos\GitHub\watchlist\6.Trading_Journal\backend\.venv\Lib\site-packages\httpcore\_async\connection_pool.py", line 256, in handle_async_request
    raise exc from None
  File "C:\Users\inven\OneDrive\Documentos\GitHub\watchlist\6.Trading_Journal\backend\.venv\Lib\site-packages\httpcore\_async\connection_pool.py", line 236, in handle_async_request
    response = await connection.handle_async_request(
               ^^^^^^^^^^^^^^^^^^^^^^^^^^^^^^^^^^^^^^
        pool_request.request
        ^^^^^^^^^^^^^^^^^^^^
    )
    ^
  File "C:\Users\inven\OneDrive\Documentos\GitHub\watchlist\6.Trading_Journal\backend\.venv\Lib\site-packages\httpcore\_async\connection.py", line 103, in handle_async_request
    return await self._connection.handle_async_request(request)
           ^^^^^^^^^^^^^^^^^^^^^^^^^^^^^^^^^^^^^^^^^^^^^^^^^^^^
  File "C:\Users\inven\OneDrive\Documentos\GitHub\watchlist\6.Trading_Journal\backend\.venv\Lib\site-packages\httpcore\_async\http11.py", line 136, in handle_async_request
    raise exc
  File "C:\Users\inven\OneDrive\Documentos\GitHub\watchlist\6.Trading_Journal\backend\.venv\Lib\site-packages\httpcore\_async\http11.py", line 106, in handle_async_request
    ) = await self._receive_response_headers(**kwargs)
        ^^^^^^^^^^^^^^^^^^^^^^^^^^^^^^^^^^^^^^^^^^^^^^
  File "C:\Users\inven\OneDrive\Documentos\GitHub\watchlist\6.Trading_Journal\backend\.venv\Lib\site-packages\httpcore\_async\http11.py", line 177, in _receive_response_headers
    event = await self._receive_event(timeout=timeout)
            ^^^^^^^^^^^^^^^^^^^^^^^^^^^^^^^^^^^^^^^^^^
  File "C:\Users\inven\OneDrive\Documentos\GitHub\watchlist\6.Trading_Journal\backend\.venv\Lib\site-packages\httpcore\_async\http11.py", line 217, in _receive_event
    data = await self._network_stream.read(
           ^^^^^^^^^^^^^^^^^^^^^^^^^^^^^^^^
        self.READ_NUM_BYTES, timeout=timeout
        ^^^^^^^^^^^^^^^^^^^^^^^^^^^^^^^^^^^^
    )
    ^
  File "C:\Users\inven\OneDrive\Documentos\GitHub\watchlist\6.Trading_Journal\backend\.venv\Lib\site-packages\httpcore\_backends\anyio.py", line 32, in read
    with map_exceptions(exc_map):
         ~~~~~~~~~~~~~~^^^^^^^^^
  File "C:\Python314\Lib\contextlib.py", line 162, in __exit__
    self.gen.throw(value)
    ~~~~~~~~~~~~~~^^^^^^^
  File "C:\Users\inven\OneDrive\Documentos\GitHub\watchlist\6.Trading_Journal\backend\.venv\Lib\site-packages\httpcore\_exceptions.py", line 14, in map_exceptions
    raise to_exc(exc) from exc
httpcore.ReadTimeout

The above exception was the direct cause of the following exception:

Traceback (most recent call last):
  File "C:\Users\inven\OneDrive\Documentos\GitHub\watchlist\6.Trading_Journal\backend\services\position_monitor.py", line 186, in _fetch_positions
    response = await self._http_client.get(
               ^^^^^^^^^^^^^^^^^^^^^^^^^^^^
        f"{self.trading_bot_url}/api/positions"
        ^^^^^^^^^^^^^^^^^^^^^^^^^^^^^^^^^^^^^^^
    )
    ^
  File "C:\Users\inven\OneDrive\Documentos\GitHub\watchlist\6.Trading_Journal\backend\.venv\Lib\site-packages\httpx\_client.py", line 1768, in get
    return await self.request(
           ^^^^^^^^^^^^^^^^^^^
    ...<9 lines>...
    )
    ^
  File "C:\Users\inven\OneDrive\Documentos\GitHub\watchlist\6.Trading_Journal\backend\.venv\Lib\site-packages\httpx\_client.py", line 1540, in request
    return await self.send(request, auth=auth, follow_redirects=follow_redirects)
           ^^^^^^^^^^^^^^^^^^^^^^^^^^^^^^^^^^^^^^^^^^^^^^^^^^^^^^^^^^^^^^^^^^^^^^
  File "C:\Users\inven\OneDrive\Documentos\GitHub\watchlist\6.Trading_Journal\backend\.venv\Lib\site-packages\httpx\_client.py", line 1629, in send
    response = await self._send_handling_auth(
               ^^^^^^^^^^^^^^^^^^^^^^^^^^^^^^^
    ...<4 lines>...
    )
    ^
  File "C:\Users\inven\OneDrive\Documentos\GitHub\watchlist\6.Trading_Journal\backend\.venv\Lib\site-packages\httpx\_client.py", line 1657, in _send_handling_auth
    response = await self._send_handling_redirects(
               ^^^^^^^^^^^^^^^^^^^^^^^^^^^^^^^^^^^^
    ...<3 lines>...
    )
    ^
  File "C:\Users\inven\OneDrive\Documentos\GitHub\watchlist\6.Trading_Journal\backend\.venv\Lib\site-packages\httpx\_client.py", line 1694, in _send_handling_redirects
    response = await self._send_single_request(request)
               ^^^^^^^^^^^^^^^^^^^^^^^^^^^^^^^^^^^^^^^^
  File "C:\Users\inven\OneDrive\Documentos\GitHub\watchlist\6.Trading_Journal\backend\.venv\Lib\site-packages\httpx\_client.py", line 1730, in _send_single_request
    response = await transport.handle_async_request(request)
               ^^^^^^^^^^^^^^^^^^^^^^^^^^^^^^^^^^^^^^^^^^^^^
  File "C:\Users\inven\OneDrive\Documentos\GitHub\watchlist\6.Trading_Journal\backend\.venv\Lib\site-packages\httpx\_transports\default.py", line 393, in handle_async_request
    with map_httpcore_exceptions():
         ~~~~~~~~~~~~~~~~~~~~~~~^^
  File "C:\Python314\Lib\contextlib.py", line 162, in __exit__
    self.gen.throw(value)
    ~~~~~~~~~~~~~~^^^^^^^
  File "C:\Users\inven\OneDrive\Documentos\GitHub\watchlist\6.Trading_Journal\backend\.venv\Lib\site-packages\httpx\_transports\default.py", line 118, in map_httpcore_exceptions
    raise mapped_exc(message) from exc
httpx.ReadTimeout

2026-01-28 20:07:38,323 | ERROR | services.position_monitor | Error fetching positions: ReadTimeout: 
2026-01-28 20:07:38,328 | ERROR | services.position_monitor | Traceback (most recent call last):
  File "C:\Users\inven\OneDrive\Documentos\GitHub\watchlist\6.Trading_Journal\backend\.venv\Lib\site-packages\httpx\_transports\default.py", line 101, in map_httpcore_exceptions
    yield
  File "C:\Users\inven\OneDrive\Documentos\GitHub\watchlist\6.Trading_Journal\backend\.venv\Lib\site-packages\httpx\_transports\default.py", line 394, in handle_async_request
    resp = await self._pool.handle_async_request(req)
           ^^^^^^^^^^^^^^^^^^^^^^^^^^^^^^^^^^^^^^^^^^
  File "C:\Users\inven\OneDrive\Documentos\GitHub\watchlist\6.Trading_Journal\backend\.venv\Lib\site-packages\httpcore\_async\connection_pool.py", line 256, in handle_async_request
    raise exc from None
  File "C:\Users\inven\OneDrive\Documentos\GitHub\watchlist\6.Trading_Journal\backend\.venv\Lib\site-packages\httpcore\_async\connection_pool.py", line 236, in handle_async_request
    response = await connection.handle_async_request(
               ^^^^^^^^^^^^^^^^^^^^^^^^^^^^^^^^^^^^^^
        pool_request.request
        ^^^^^^^^^^^^^^^^^^^^
    )
    ^
  File "C:\Users\inven\OneDrive\Documentos\GitHub\watchlist\6.Trading_Journal\backend\.venv\Lib\site-packages\httpcore\_async\connection.py", line 103, in handle_async_request
    return await self._connection.handle_async_request(request)
           ^^^^^^^^^^^^^^^^^^^^^^^^^^^^^^^^^^^^^^^^^^^^^^^^^^^^
  File "C:\Users\inven\OneDrive\Documentos\GitHub\watchlist\6.Trading_Journal\backend\.venv\Lib\site-packages\httpcore\_async\http11.py", line 136, in handle_async_request
    raise exc
  File "C:\Users\inven\OneDrive\Documentos\GitHub\watchlist\6.Trading_Journal\backend\.venv\Lib\site-packages\httpcore\_async\http11.py", line 106, in handle_async_request
    ) = await self._receive_response_headers(**kwargs)
        ^^^^^^^^^^^^^^^^^^^^^^^^^^^^^^^^^^^^^^^^^^^^^^
  File "C:\Users\inven\OneDrive\Documentos\GitHub\watchlist\6.Trading_Journal\backend\.venv\Lib\site-packages\httpcore\_async\http11.py", line 177, in _receive_response_headers
    event = await self._receive_event(timeout=timeout)
            ^^^^^^^^^^^^^^^^^^^^^^^^^^^^^^^^^^^^^^^^^^
  File "C:\Users\inven\OneDrive\Documentos\GitHub\watchlist\6.Trading_Journal\backend\.venv\Lib\site-packages\httpcore\_async\http11.py", line 217, in _receive_event
    data = await self._network_stream.read(
           ^^^^^^^^^^^^^^^^^^^^^^^^^^^^^^^^
        self.READ_NUM_BYTES, timeout=timeout
        ^^^^^^^^^^^^^^^^^^^^^^^^^^^^^^^^^^^^
    )
    ^
  File "C:\Users\inven\OneDrive\Documentos\GitHub\watchlist\6.Trading_Journal\backend\.venv\Lib\site-packages\httpcore\_backends\anyio.py", line 32, in read
    with map_exceptions(exc_map):
         ~~~~~~~~~~~~~~^^^^^^^^^
  File "C:\Python314\Lib\contextlib.py", line 162, in __exit__
    self.gen.throw(value)
    ~~~~~~~~~~~~~~^^^^^^^
  File "C:\Users\inven\OneDrive\Documentos\GitHub\watchlist\6.Trading_Journal\backend\.venv\Lib\site-packages\httpcore\_exceptions.py", line 14, in map_exceptions
    raise to_exc(exc) from exc
httpcore.ReadTimeout

The above exception was the direct cause of the following exception:

Traceback (most recent call last):
  File "C:\Users\inven\OneDrive\Documentos\GitHub\watchlist\6.Trading_Journal\backend\services\position_monitor.py", line 186, in _fetch_positions
    response = await self._http_client.get(
               ^^^^^^^^^^^^^^^^^^^^^^^^^^^^
        f"{self.trading_bot_url}/api/positions"
        ^^^^^^^^^^^^^^^^^^^^^^^^^^^^^^^^^^^^^^^
    )
    ^
  File "C:\Users\inven\OneDrive\Documentos\GitHub\watchlist\6.Trading_Journal\backend\.venv\Lib\site-packages\httpx\_client.py", line 1768, in get
    return await self.request(
           ^^^^^^^^^^^^^^^^^^^
    ...<9 lines>...
    )
    ^
  File "C:\Users\inven\OneDrive\Documentos\GitHub\watchlist\6.Trading_Journal\backend\.venv\Lib\site-packages\httpx\_client.py", line 1540, in request
    return await self.send(request, auth=auth, follow_redirects=follow_redirects)
           ^^^^^^^^^^^^^^^^^^^^^^^^^^^^^^^^^^^^^^^^^^^^^^^^^^^^^^^^^^^^^^^^^^^^^^
  File "C:\Users\inven\OneDrive\Documentos\GitHub\watchlist\6.Trading_Journal\backend\.venv\Lib\site-packages\httpx\_client.py", line 1629, in send
    response = await self._send_handling_auth(
               ^^^^^^^^^^^^^^^^^^^^^^^^^^^^^^^
    ...<4 lines>...
    )
    ^
  File "C:\Users\inven\OneDrive\Documentos\GitHub\watchlist\6.Trading_Journal\backend\.venv\Lib\site-packages\httpx\_client.py", line 1657, in _send_handling_auth
    response = await self._send_handling_redirects(
               ^^^^^^^^^^^^^^^^^^^^^^^^^^^^^^^^^^^^
    ...<3 lines>...
    )
    ^
  File "C:\Users\inven\OneDrive\Documentos\GitHub\watchlist\6.Trading_Journal\backend\.venv\Lib\site-packages\httpx\_client.py", line 1694, in _send_handling_redirects
    response = await self._send_single_request(request)
               ^^^^^^^^^^^^^^^^^^^^^^^^^^^^^^^^^^^^^^^^
  File "C:\Users\inven\OneDrive\Documentos\GitHub\watchlist\6.Trading_Journal\backend\.venv\Lib\site-packages\httpx\_client.py", line 1730, in _send_single_request
    response = await transport.handle_async_request(request)
               ^^^^^^^^^^^^^^^^^^^^^^^^^^^^^^^^^^^^^^^^^^^^^
  File "C:\Users\inven\OneDrive\Documentos\GitHub\watchlist\6.Trading_Journal\backend\.venv\Lib\site-packages\httpx\_transports\default.py", line 393, in handle_async_request
    with map_httpcore_exceptions():
         ~~~~~~~~~~~~~~~~~~~~~~~^^
  File "C:\Python314\Lib\contextlib.py", line 162, in __exit__
    self.gen.throw(value)
    ~~~~~~~~~~~~~~^^^^^^^
  File "C:\Users\inven\OneDrive\Documentos\GitHub\watchlist\6.Trading_Journal\backend\.venv\Lib\site-packages\httpx\_transports\default.py", line 118, in map_httpcore_exceptions
    raise mapped_exc(message) from exc
httpx.ReadTimeout

2026-01-28 20:07:53,607 | ERROR | services.position_monitor | Error fetching positions: ReadTimeout: 
2026-01-28 20:07:53,612 | ERROR | services.position_monitor | Traceback (most recent call last):
  File "C:\Users\inven\OneDrive\Documentos\GitHub\watchlist\6.Trading_Journal\backend\.venv\Lib\site-packages\httpx\_transports\default.py", line 101, in map_httpcore_exceptions
    yield
  File "C:\Users\inven\OneDrive\Documentos\GitHub\watchlist\6.Trading_Journal\backend\.venv\Lib\site-packages\httpx\_transports\default.py", line 394, in handle_async_request
    resp = await self._pool.handle_async_request(req)
           ^^^^^^^^^^^^^^^^^^^^^^^^^^^^^^^^^^^^^^^^^^
  File "C:\Users\inven\OneDrive\Documentos\GitHub\watchlist\6.Trading_Journal\backend\.venv\Lib\site-packages\httpcore\_async\connection_pool.py", line 256, in handle_async_request
    raise exc from None
  File "C:\Users\inven\OneDrive\Documentos\GitHub\watchlist\6.Trading_Journal\backend\.venv\Lib\site-packages\httpcore\_async\connection_pool.py", line 236, in handle_async_request
    response = await connection.handle_async_request(
               ^^^^^^^^^^^^^^^^^^^^^^^^^^^^^^^^^^^^^^
        pool_request.request
        ^^^^^^^^^^^^^^^^^^^^
    )
    ^
  File "C:\Users\inven\OneDrive\Documentos\GitHub\watchlist\6.Trading_Journal\backend\.venv\Lib\site-packages\httpcore\_async\connection.py", line 103, in handle_async_request
    return await self._connection.handle_async_request(request)
           ^^^^^^^^^^^^^^^^^^^^^^^^^^^^^^^^^^^^^^^^^^^^^^^^^^^^
  File "C:\Users\inven\OneDrive\Documentos\GitHub\watchlist\6.Trading_Journal\backend\.venv\Lib\site-packages\httpcore\_async\http11.py", line 136, in handle_async_request
    raise exc
  File "C:\Users\inven\OneDrive\Documentos\GitHub\watchlist\6.Trading_Journal\backend\.venv\Lib\site-packages\httpcore\_async\http11.py", line 106, in handle_async_request
    ) = await self._receive_response_headers(**kwargs)
        ^^^^^^^^^^^^^^^^^^^^^^^^^^^^^^^^^^^^^^^^^^^^^^
  File "C:\Users\inven\OneDrive\Documentos\GitHub\watchlist\6.Trading_Journal\backend\.venv\Lib\site-packages\httpcore\_async\http11.py", line 177, in _receive_response_headers
    event = await self._receive_event(timeout=timeout)
            ^^^^^^^^^^^^^^^^^^^^^^^^^^^^^^^^^^^^^^^^^^
  File "C:\Users\inven\OneDrive\Documentos\GitHub\watchlist\6.Trading_Journal\backend\.venv\Lib\site-packages\httpcore\_async\http11.py", line 217, in _receive_event
    data = await self._network_stream.read(
           ^^^^^^^^^^^^^^^^^^^^^^^^^^^^^^^^
        self.READ_NUM_BYTES, timeout=timeout
        ^^^^^^^^^^^^^^^^^^^^^^^^^^^^^^^^^^^^
    )
    ^
  File "C:\Users\inven\OneDrive\Documentos\GitHub\watchlist\6.Trading_Journal\backend\.venv\Lib\site-packages\httpcore\_backends\anyio.py", line 32, in read
    with map_exceptions(exc_map):
         ~~~~~~~~~~~~~~^^^^^^^^^
  File "C:\Python314\Lib\contextlib.py", line 162, in __exit__
    self.gen.throw(value)
    ~~~~~~~~~~~~~~^^^^^^^
  File "C:\Users\inven\OneDrive\Documentos\GitHub\watchlist\6.Trading_Journal\backend\.venv\Lib\site-packages\httpcore\_exceptions.py", line 14, in map_exceptions
    raise to_exc(exc) from exc
httpcore.ReadTimeout

The above exception was the direct cause of the following exception:

Traceback (most recent call last):
  File "C:\Users\inven\OneDrive\Documentos\GitHub\watchlist\6.Trading_Journal\backend\services\position_monitor.py", line 186, in _fetch_positions
    response = await self._http_client.get(
               ^^^^^^^^^^^^^^^^^^^^^^^^^^^^
        f"{self.trading_bot_url}/api/positions"
        ^^^^^^^^^^^^^^^^^^^^^^^^^^^^^^^^^^^^^^^
    )
    ^
  File "C:\Users\inven\OneDrive\Documentos\GitHub\watchlist\6.Trading_Journal\backend\.venv\Lib\site-packages\httpx\_client.py", line 1768, in get
    return await self.request(
           ^^^^^^^^^^^^^^^^^^^
    ...<9 lines>...
    )
    ^
  File "C:\Users\inven\OneDrive\Documentos\GitHub\watchlist\6.Trading_Journal\backend\.venv\Lib\site-packages\httpx\_client.py", line 1540, in request
    return await self.send(request, auth=auth, follow_redirects=follow_redirects)
           ^^^^^^^^^^^^^^^^^^^^^^^^^^^^^^^^^^^^^^^^^^^^^^^^^^^^^^^^^^^^^^^^^^^^^^
  File "C:\Users\inven\OneDrive\Documentos\GitHub\watchlist\6.Trading_Journal\backend\.venv\Lib\site-packages\httpx\_client.py", line 1629, in send
    response = await self._send_handling_auth(
               ^^^^^^^^^^^^^^^^^^^^^^^^^^^^^^^
    ...<4 lines>...
    )
    ^
  File "C:\Users\inven\OneDrive\Documentos\GitHub\watchlist\6.Trading_Journal\backend\.venv\Lib\site-packages\httpx\_client.py", line 1657, in _send_handling_auth
    response = await self._send_handling_redirects(
               ^^^^^^^^^^^^^^^^^^^^^^^^^^^^^^^^^^^^
    ...<3 lines>...
    )
    ^
  File "C:\Users\inven\OneDrive\Documentos\GitHub\watchlist\6.Trading_Journal\backend\.venv\Lib\site-packages\httpx\_client.py", line 1694, in _send_handling_redirects
    response = await self._send_single_request(request)
               ^^^^^^^^^^^^^^^^^^^^^^^^^^^^^^^^^^^^^^^^
  File "C:\Users\inven\OneDrive\Documentos\GitHub\watchlist\6.Trading_Journal\backend\.venv\Lib\site-packages\httpx\_client.py", line 1730, in _send_single_request
    response = await transport.handle_async_request(request)
               ^^^^^^^^^^^^^^^^^^^^^^^^^^^^^^^^^^^^^^^^^^^^^
  File "C:\Users\inven\OneDrive\Documentos\GitHub\watchlist\6.Trading_Journal\backend\.venv\Lib\site-packages\httpx\_transports\default.py", line 393, in handle_async_request
    with map_httpcore_exceptions():
         ~~~~~~~~~~~~~~~~~~~~~~~^^
  File "C:\Python314\Lib\contextlib.py", line 162, in __exit__
    self.gen.throw(value)
    ~~~~~~~~~~~~~~^^^^^^^
  File "C:\Users\inven\OneDrive\Documentos\GitHub\watchlist\6.Trading_Journal\backend\.venv\Lib\site-packages\httpx\_transports\default.py", line 118, in map_httpcore_exceptions
    raise mapped_exc(message) from exc
httpx.ReadTimeout

2026-01-28 20:08:08,889 | ERROR | services.position_monitor | Error fetching positions: ReadTimeout: 
2026-01-28 20:08:08,895 | ERROR | services.position_monitor | Traceback (most recent call last):
  File "C:\Users\inven\OneDrive\Documentos\GitHub\watchlist\6.Trading_Journal\backend\.venv\Lib\site-packages\httpx\_transports\default.py", line 101, in map_httpcore_exceptions
    yield
  File "C:\Users\inven\OneDrive\Documentos\GitHub\watchlist\6.Trading_Journal\backend\.venv\Lib\site-packages\httpx\_transports\default.py", line 394, in handle_async_request
    resp = await self._pool.handle_async_request(req)
           ^^^^^^^^^^^^^^^^^^^^^^^^^^^^^^^^^^^^^^^^^^
  File "C:\Users\inven\OneDrive\Documentos\GitHub\watchlist\6.Trading_Journal\backend\.venv\Lib\site-packages\httpcore\_async\connection_pool.py", line 256, in handle_async_request
    raise exc from None
  File "C:\Users\inven\OneDrive\Documentos\GitHub\watchlist\6.Trading_Journal\backend\.venv\Lib\site-packages\httpcore\_async\connection_pool.py", line 236, in handle_async_request
    response = await connection.handle_async_request(
               ^^^^^^^^^^^^^^^^^^^^^^^^^^^^^^^^^^^^^^
        pool_request.request
        ^^^^^^^^^^^^^^^^^^^^
    )
    ^
  File "C:\Users\inven\OneDrive\Documentos\GitHub\watchlist\6.Trading_Journal\backend\.venv\Lib\site-packages\httpcore\_async\connection.py", line 103, in handle_async_request
    return await self._connection.handle_async_request(request)
           ^^^^^^^^^^^^^^^^^^^^^^^^^^^^^^^^^^^^^^^^^^^^^^^^^^^^
  File "C:\Users\inven\OneDrive\Documentos\GitHub\watchlist\6.Trading_Journal\backend\.venv\Lib\site-packages\httpcore\_async\http11.py", line 136, in handle_async_request
    raise exc
  File "C:\Users\inven\OneDrive\Documentos\GitHub\watchlist\6.Trading_Journal\backend\.venv\Lib\site-packages\httpcore\_async\http11.py", line 106, in handle_async_request
    ) = await self._receive_response_headers(**kwargs)
        ^^^^^^^^^^^^^^^^^^^^^^^^^^^^^^^^^^^^^^^^^^^^^^
  File "C:\Users\inven\OneDrive\Documentos\GitHub\watchlist\6.Trading_Journal\backend\.venv\Lib\site-packages\httpcore\_async\http11.py", line 177, in _receive_response_headers
    event = await self._receive_event(timeout=timeout)
            ^^^^^^^^^^^^^^^^^^^^^^^^^^^^^^^^^^^^^^^^^^
  File "C:\Users\inven\OneDrive\Documentos\GitHub\watchlist\6.Trading_Journal\backend\.venv\Lib\site-packages\httpcore\_async\http11.py", line 217, in _receive_event
    data = await self._network_stream.read(
           ^^^^^^^^^^^^^^^^^^^^^^^^^^^^^^^^
        self.READ_NUM_BYTES, timeout=timeout
        ^^^^^^^^^^^^^^^^^^^^^^^^^^^^^^^^^^^^
    )
    ^
  File "C:\Users\inven\OneDrive\Documentos\GitHub\watchlist\6.Trading_Journal\backend\.venv\Lib\site-packages\httpcore\_backends\anyio.py", line 32, in read
    with map_exceptions(exc_map):
         ~~~~~~~~~~~~~~^^^^^^^^^
  File "C:\Python314\Lib\contextlib.py", line 162, in __exit__
    self.gen.throw(value)
    ~~~~~~~~~~~~~~^^^^^^^
  File "C:\Users\inven\OneDrive\Documentos\GitHub\watchlist\6.Trading_Journal\backend\.venv\Lib\site-packages\httpcore\_exceptions.py", line 14, in map_exceptions
    raise to_exc(exc) from exc
httpcore.ReadTimeout

The above exception was the direct cause of the following exception:

Traceback (most recent call last):
  File "C:\Users\inven\OneDrive\Documentos\GitHub\watchlist\6.Trading_Journal\backend\services\position_monitor.py", line 186, in _fetch_positions
    response = await self._http_client.get(
               ^^^^^^^^^^^^^^^^^^^^^^^^^^^^
        f"{self.trading_bot_url}/api/positions"
        ^^^^^^^^^^^^^^^^^^^^^^^^^^^^^^^^^^^^^^^
    )
    ^
  File "C:\Users\inven\OneDrive\Documentos\GitHub\watchlist\6.Trading_Journal\backend\.venv\Lib\site-packages\httpx\_client.py", line 1768, in get
    return await self.request(
           ^^^^^^^^^^^^^^^^^^^
    ...<9 lines>...
    )
    ^
  File "C:\Users\inven\OneDrive\Documentos\GitHub\watchlist\6.Trading_Journal\backend\.venv\Lib\site-packages\httpx\_client.py", line 1540, in request
    return await self.send(request, auth=auth, follow_redirects=follow_redirects)
           ^^^^^^^^^^^^^^^^^^^^^^^^^^^^^^^^^^^^^^^^^^^^^^^^^^^^^^^^^^^^^^^^^^^^^^
  File "C:\Users\inven\OneDrive\Documentos\GitHub\watchlist\6.Trading_Journal\backend\.venv\Lib\site-packages\httpx\_client.py", line 1629, in send
    response = await self._send_handling_auth(
               ^^^^^^^^^^^^^^^^^^^^^^^^^^^^^^^
    ...<4 lines>...
    )
    ^
  File "C:\Users\inven\OneDrive\Documentos\GitHub\watchlist\6.Trading_Journal\backend\.venv\Lib\site-packages\httpx\_client.py", line 1657, in _send_handling_auth
    response = await self._send_handling_redirects(
               ^^^^^^^^^^^^^^^^^^^^^^^^^^^^^^^^^^^^
    ...<3 lines>...
    )
    ^
  File "C:\Users\inven\OneDrive\Documentos\GitHub\watchlist\6.Trading_Journal\backend\.venv\Lib\site-packages\httpx\_client.py", line 1694, in _send_handling_redirects
    response = await self._send_single_request(request)
               ^^^^^^^^^^^^^^^^^^^^^^^^^^^^^^^^^^^^^^^^
  File "C:\Users\inven\OneDrive\Documentos\GitHub\watchlist\6.Trading_Journal\backend\.venv\Lib\site-packages\httpx\_client.py", line 1730, in _send_single_request
    response = await transport.handle_async_request(request)
               ^^^^^^^^^^^^^^^^^^^^^^^^^^^^^^^^^^^^^^^^^^^^^
  File "C:\Users\inven\OneDrive\Documentos\GitHub\watchlist\6.Trading_Journal\backend\.venv\Lib\site-packages\httpx\_transports\default.py", line 393, in handle_async_request
    with map_httpcore_exceptions():
         ~~~~~~~~~~~~~~~~~~~~~~~^^
  File "C:\Python314\Lib\contextlib.py", line 162, in __exit__
    self.gen.throw(value)
    ~~~~~~~~~~~~~~^^^^^^^
  File "C:\Users\inven\OneDrive\Documentos\GitHub\watchlist\6.Trading_Journal\backend\.venv\Lib\site-packages\httpx\_transports\default.py", line 118, in map_httpcore_exceptions
    raise mapped_exc(message) from exc
httpx.ReadTimeout

2026-01-28 20:08:24,184 | ERROR | services.position_monitor | Error fetching positions: ReadTimeout: 
2026-01-28 20:08:24,188 | ERROR | services.position_monitor | Traceback (most recent call last):
  File "C:\Users\inven\OneDrive\Documentos\GitHub\watchlist\6.Trading_Journal\backend\.venv\Lib\site-packages\httpx\_transports\default.py", line 101, in map_httpcore_exceptions
    yield
  File "C:\Users\inven\OneDrive\Documentos\GitHub\watchlist\6.Trading_Journal\backend\.venv\Lib\site-packages\httpx\_transports\default.py", line 394, in handle_async_request
    resp = await self._pool.handle_async_request(req)
           ^^^^^^^^^^^^^^^^^^^^^^^^^^^^^^^^^^^^^^^^^^
  File "C:\Users\inven\OneDrive\Documentos\GitHub\watchlist\6.Trading_Journal\backend\.venv\Lib\site-packages\httpcore\_async\connection_pool.py", line 256, in handle_async_request
    raise exc from None
  File "C:\Users\inven\OneDrive\Documentos\GitHub\watchlist\6.Trading_Journal\backend\.venv\Lib\site-packages\httpcore\_async\connection_pool.py", line 236, in handle_async_request
    response = await connection.handle_async_request(
               ^^^^^^^^^^^^^^^^^^^^^^^^^^^^^^^^^^^^^^
        pool_request.request
        ^^^^^^^^^^^^^^^^^^^^
    )
    ^
  File "C:\Users\inven\OneDrive\Documentos\GitHub\watchlist\6.Trading_Journal\backend\.venv\Lib\site-packages\httpcore\_async\connection.py", line 103, in handle_async_request
    return await self._connection.handle_async_request(request)
           ^^^^^^^^^^^^^^^^^^^^^^^^^^^^^^^^^^^^^^^^^^^^^^^^^^^^
  File "C:\Users\inven\OneDrive\Documentos\GitHub\watchlist\6.Trading_Journal\backend\.venv\Lib\site-packages\httpcore\_async\http11.py", line 136, in handle_async_request
    raise exc
  File "C:\Users\inven\OneDrive\Documentos\GitHub\watchlist\6.Trading_Journal\backend\.venv\Lib\site-packages\httpcore\_async\http11.py", line 106, in handle_async_request
    ) = await self._receive_response_headers(**kwargs)
        ^^^^^^^^^^^^^^^^^^^^^^^^^^^^^^^^^^^^^^^^^^^^^^
  File "C:\Users\inven\OneDrive\Documentos\GitHub\watchlist\6.Trading_Journal\backend\.venv\Lib\site-packages\httpcore\_async\http11.py", line 177, in _receive_response_headers
    event = await self._receive_event(timeout=timeout)
            ^^^^^^^^^^^^^^^^^^^^^^^^^^^^^^^^^^^^^^^^^^
  File "C:\Users\inven\OneDrive\Documentos\GitHub\watchlist\6.Trading_Journal\backend\.venv\Lib\site-packages\httpcore\_async\http11.py", line 217, in _receive_event
    data = await self._network_stream.read(
           ^^^^^^^^^^^^^^^^^^^^^^^^^^^^^^^^
        self.READ_NUM_BYTES, timeout=timeout
        ^^^^^^^^^^^^^^^^^^^^^^^^^^^^^^^^^^^^
    )
    ^
  File "C:\Users\inven\OneDrive\Documentos\GitHub\watchlist\6.Trading_Journal\backend\.venv\Lib\site-packages\httpcore\_backends\anyio.py", line 32, in read
    with map_exceptions(exc_map):
         ~~~~~~~~~~~~~~^^^^^^^^^
  File "C:\Python314\Lib\contextlib.py", line 162, in __exit__
    self.gen.throw(value)
    ~~~~~~~~~~~~~~^^^^^^^
  File "C:\Users\inven\OneDrive\Documentos\GitHub\watchlist\6.Trading_Journal\backend\.venv\Lib\site-packages\httpcore\_exceptions.py", line 14, in map_exceptions
    raise to_exc(exc) from exc
httpcore.ReadTimeout

The above exception was the direct cause of the following exception:

Traceback (most recent call last):
  File "C:\Users\inven\OneDrive\Documentos\GitHub\watchlist\6.Trading_Journal\backend\services\position_monitor.py", line 186, in _fetch_positions
    response = await self._http_client.get(
               ^^^^^^^^^^^^^^^^^^^^^^^^^^^^
        f"{self.trading_bot_url}/api/positions"
        ^^^^^^^^^^^^^^^^^^^^^^^^^^^^^^^^^^^^^^^
    )
    ^
  File "C:\Users\inven\OneDrive\Documentos\GitHub\watchlist\6.Trading_Journal\backend\.venv\Lib\site-packages\httpx\_client.py", line 1768, in get
    return await self.request(
           ^^^^^^^^^^^^^^^^^^^
    ...<9 lines>...
    )
    ^
  File "C:\Users\inven\OneDrive\Documentos\GitHub\watchlist\6.Trading_Journal\backend\.venv\Lib\site-packages\httpx\_client.py", line 1540, in request
    return await self.send(request, auth=auth, follow_redirects=follow_redirects)
           ^^^^^^^^^^^^^^^^^^^^^^^^^^^^^^^^^^^^^^^^^^^^^^^^^^^^^^^^^^^^^^^^^^^^^^
  File "C:\Users\inven\OneDrive\Documentos\GitHub\watchlist\6.Trading_Journal\backend\.venv\Lib\site-packages\httpx\_client.py", line 1629, in send
    response = await self._send_handling_auth(
               ^^^^^^^^^^^^^^^^^^^^^^^^^^^^^^^
    ...<4 lines>...
    )
    ^
  File "C:\Users\inven\OneDrive\Documentos\GitHub\watchlist\6.Trading_Journal\backend\.venv\Lib\site-packages\httpx\_client.py", line 1657, in _send_handling_auth
    response = await self._send_handling_redirects(
               ^^^^^^^^^^^^^^^^^^^^^^^^^^^^^^^^^^^^
    ...<3 lines>...
    )
    ^
  File "C:\Users\inven\OneDrive\Documentos\GitHub\watchlist\6.Trading_Journal\backend\.venv\Lib\site-packages\httpx\_client.py", line 1694, in _send_handling_redirects
    response = await self._send_single_request(request)
               ^^^^^^^^^^^^^^^^^^^^^^^^^^^^^^^^^^^^^^^^
  File "C:\Users\inven\OneDrive\Documentos\GitHub\watchlist\6.Trading_Journal\backend\.venv\Lib\site-packages\httpx\_client.py", line 1730, in _send_single_request
    response = await transport.handle_async_request(request)
               ^^^^^^^^^^^^^^^^^^^^^^^^^^^^^^^^^^^^^^^^^^^^^
  File "C:\Users\inven\OneDrive\Documentos\GitHub\watchlist\6.Trading_Journal\backend\.venv\Lib\site-packages\httpx\_transports\default.py", line 393, in handle_async_request
    with map_httpcore_exceptions():
         ~~~~~~~~~~~~~~~~~~~~~~~^^
  File "C:\Python314\Lib\contextlib.py", line 162, in __exit__
    self.gen.throw(value)
    ~~~~~~~~~~~~~~^^^^^^^
  File "C:\Users\inven\OneDrive\Documentos\GitHub\watchlist\6.Trading_Journal\backend\.venv\Lib\site-packages\httpx\_transports\default.py", line 118, in map_httpcore_exceptions
    raise mapped_exc(message) from exc
httpx.ReadTimeout

2026-01-28 20:08:39,471 | ERROR | services.position_monitor | Error fetching positions: ReadTimeout: 
2026-01-28 20:08:39,478 | ERROR | services.position_monitor | Traceback (most recent call last):
  File "C:\Users\inven\OneDrive\Documentos\GitHub\watchlist\6.Trading_Journal\backend\.venv\Lib\site-packages\httpx\_transports\default.py", line 101, in map_httpcore_exceptions
    yield
  File "C:\Users\inven\OneDrive\Documentos\GitHub\watchlist\6.Trading_Journal\backend\.venv\Lib\site-packages\httpx\_transports\default.py", line 394, in handle_async_request
    resp = await self._pool.handle_async_request(req)
           ^^^^^^^^^^^^^^^^^^^^^^^^^^^^^^^^^^^^^^^^^^
  File "C:\Users\inven\OneDrive\Documentos\GitHub\watchlist\6.Trading_Journal\backend\.venv\Lib\site-packages\httpcore\_async\connection_pool.py", line 256, in handle_async_request
    raise exc from None
  File "C:\Users\inven\OneDrive\Documentos\GitHub\watchlist\6.Trading_Journal\backend\.venv\Lib\site-packages\httpcore\_async\connection_pool.py", line 236, in handle_async_request
    response = await connection.handle_async_request(
               ^^^^^^^^^^^^^^^^^^^^^^^^^^^^^^^^^^^^^^
        pool_request.request
        ^^^^^^^^^^^^^^^^^^^^
    )
    ^
  File "C:\Users\inven\OneDrive\Documentos\GitHub\watchlist\6.Trading_Journal\backend\.venv\Lib\site-packages\httpcore\_async\connection.py", line 103, in handle_async_request
    return await self._connection.handle_async_request(request)
           ^^^^^^^^^^^^^^^^^^^^^^^^^^^^^^^^^^^^^^^^^^^^^^^^^^^^
  File "C:\Users\inven\OneDrive\Documentos\GitHub\watchlist\6.Trading_Journal\backend\.venv\Lib\site-packages\httpcore\_async\http11.py", line 136, in handle_async_request
    raise exc
  File "C:\Users\inven\OneDrive\Documentos\GitHub\watchlist\6.Trading_Journal\backend\.venv\Lib\site-packages\httpcore\_async\http11.py", line 106, in handle_async_request
    ) = await self._receive_response_headers(**kwargs)
        ^^^^^^^^^^^^^^^^^^^^^^^^^^^^^^^^^^^^^^^^^^^^^^
  File "C:\Users\inven\OneDrive\Documentos\GitHub\watchlist\6.Trading_Journal\backend\.venv\Lib\site-packages\httpcore\_async\http11.py", line 177, in _receive_response_headers
    event = await self._receive_event(timeout=timeout)
            ^^^^^^^^^^^^^^^^^^^^^^^^^^^^^^^^^^^^^^^^^^
  File "C:\Users\inven\OneDrive\Documentos\GitHub\watchlist\6.Trading_Journal\backend\.venv\Lib\site-packages\httpcore\_async\http11.py", line 217, in _receive_event
    data = await self._network_stream.read(
           ^^^^^^^^^^^^^^^^^^^^^^^^^^^^^^^^
        self.READ_NUM_BYTES, timeout=timeout
        ^^^^^^^^^^^^^^^^^^^^^^^^^^^^^^^^^^^^
    )
    ^
  File "C:\Users\inven\OneDrive\Documentos\GitHub\watchlist\6.Trading_Journal\backend\.venv\Lib\site-packages\httpcore\_backends\anyio.py", line 32, in read
    with map_exceptions(exc_map):
         ~~~~~~~~~~~~~~^^^^^^^^^
  File "C:\Python314\Lib\contextlib.py", line 162, in __exit__
    self.gen.throw(value)
    ~~~~~~~~~~~~~~^^^^^^^
  File "C:\Users\inven\OneDrive\Documentos\GitHub\watchlist\6.Trading_Journal\backend\.venv\Lib\site-packages\httpcore\_exceptions.py", line 14, in map_exceptions
    raise to_exc(exc) from exc
httpcore.ReadTimeout

The above exception was the direct cause of the following exception:

Traceback (most recent call last):
  File "C:\Users\inven\OneDrive\Documentos\GitHub\watchlist\6.Trading_Journal\backend\services\position_monitor.py", line 186, in _fetch_positions
    response = await self._http_client.get(
               ^^^^^^^^^^^^^^^^^^^^^^^^^^^^
        f"{self.trading_bot_url}/api/positions"
        ^^^^^^^^^^^^^^^^^^^^^^^^^^^^^^^^^^^^^^^
    )
    ^
  File "C:\Users\inven\OneDrive\Documentos\GitHub\watchlist\6.Trading_Journal\backend\.venv\Lib\site-packages\httpx\_client.py", line 1768, in get
    return await self.request(
           ^^^^^^^^^^^^^^^^^^^
    ...<9 lines>...
    )
    ^
  File "C:\Users\inven\OneDrive\Documentos\GitHub\watchlist\6.Trading_Journal\backend\.venv\Lib\site-packages\httpx\_client.py", line 1540, in request
    return await self.send(request, auth=auth, follow_redirects=follow_redirects)
           ^^^^^^^^^^^^^^^^^^^^^^^^^^^^^^^^^^^^^^^^^^^^^^^^^^^^^^^^^^^^^^^^^^^^^^
  File "C:\Users\inven\OneDrive\Documentos\GitHub\watchlist\6.Trading_Journal\backend\.venv\Lib\site-packages\httpx\_client.py", line 1629, in send
    response = await self._send_handling_auth(
               ^^^^^^^^^^^^^^^^^^^^^^^^^^^^^^^
    ...<4 lines>...
    )
    ^
  File "C:\Users\inven\OneDrive\Documentos\GitHub\watchlist\6.Trading_Journal\backend\.venv\Lib\site-packages\httpx\_client.py", line 1657, in _send_handling_auth
    response = await self._send_handling_redirects(
               ^^^^^^^^^^^^^^^^^^^^^^^^^^^^^^^^^^^^
    ...<3 lines>...
    )
    ^
  File "C:\Users\inven\OneDrive\Documentos\GitHub\watchlist\6.Trading_Journal\backend\.venv\Lib\site-packages\httpx\_client.py", line 1694, in _send_handling_redirects
    response = await self._send_single_request(request)
               ^^^^^^^^^^^^^^^^^^^^^^^^^^^^^^^^^^^^^^^^
  File "C:\Users\inven\OneDrive\Documentos\GitHub\watchlist\6.Trading_Journal\backend\.venv\Lib\site-packages\httpx\_client.py", line 1730, in _send_single_request
    response = await transport.handle_async_request(request)
               ^^^^^^^^^^^^^^^^^^^^^^^^^^^^^^^^^^^^^^^^^^^^^
  File "C:\Users\inven\OneDrive\Documentos\GitHub\watchlist\6.Trading_Journal\backend\.venv\Lib\site-packages\httpx\_transports\default.py", line 393, in handle_async_request
    with map_httpcore_exceptions():
         ~~~~~~~~~~~~~~~~~~~~~~~^^
  File "C:\Python314\Lib\contextlib.py", line 162, in __exit__
    self.gen.throw(value)
    ~~~~~~~~~~~~~~^^^^^^^
  File "C:\Users\inven\OneDrive\Documentos\GitHub\watchlist\6.Trading_Journal\backend\.venv\Lib\site-packages\httpx\_transports\default.py", line 118, in map_httpcore_exceptions
    raise mapped_exc(message) from exc
httpx.ReadTimeout

2026-01-28 20:08:54,771 | ERROR | services.position_monitor | Error fetching positions: ReadTimeout: 
2026-01-28 20:08:54,780 | ERROR | services.position_monitor | Traceback (most recent call last):
  File "C:\Users\inven\OneDrive\Documentos\GitHub\watchlist\6.Trading_Journal\backend\.venv\Lib\site-packages\httpx\_transports\default.py", line 101, in map_httpcore_exceptions
    yield
  File "C:\Users\inven\OneDrive\Documentos\GitHub\watchlist\6.Trading_Journal\backend\.venv\Lib\site-packages\httpx\_transports\default.py", line 394, in handle_async_request
    resp = await self._pool.handle_async_request(req)
           ^^^^^^^^^^^^^^^^^^^^^^^^^^^^^^^^^^^^^^^^^^
  File "C:\Users\inven\OneDrive\Documentos\GitHub\watchlist\6.Trading_Journal\backend\.venv\Lib\site-packages\httpcore\_async\connection_pool.py", line 256, in handle_async_request
    raise exc from None
  File "C:\Users\inven\OneDrive\Documentos\GitHub\watchlist\6.Trading_Journal\backend\.venv\Lib\site-packages\httpcore\_async\connection_pool.py", line 236, in handle_async_request
    response = await connection.handle_async_request(
               ^^^^^^^^^^^^^^^^^^^^^^^^^^^^^^^^^^^^^^
        pool_request.request
        ^^^^^^^^^^^^^^^^^^^^
    )
    ^
  File "C:\Users\inven\OneDrive\Documentos\GitHub\watchlist\6.Trading_Journal\backend\.venv\Lib\site-packages\httpcore\_async\connection.py", line 103, in handle_async_request
    return await self._connection.handle_async_request(request)
           ^^^^^^^^^^^^^^^^^^^^^^^^^^^^^^^^^^^^^^^^^^^^^^^^^^^^
  File "C:\Users\inven\OneDrive\Documentos\GitHub\watchlist\6.Trading_Journal\backend\.venv\Lib\site-packages\httpcore\_async\http11.py", line 136, in handle_async_request
    raise exc
  File "C:\Users\inven\OneDrive\Documentos\GitHub\watchlist\6.Trading_Journal\backend\.venv\Lib\site-packages\httpcore\_async\http11.py", line 106, in handle_async_request
    ) = await self._receive_response_headers(**kwargs)
        ^^^^^^^^^^^^^^^^^^^^^^^^^^^^^^^^^^^^^^^^^^^^^^
  File "C:\Users\inven\OneDrive\Documentos\GitHub\watchlist\6.Trading_Journal\backend\.venv\Lib\site-packages\httpcore\_async\http11.py", line 177, in _receive_response_headers
    event = await self._receive_event(timeout=timeout)
            ^^^^^^^^^^^^^^^^^^^^^^^^^^^^^^^^^^^^^^^^^^
  File "C:\Users\inven\OneDrive\Documentos\GitHub\watchlist\6.Trading_Journal\backend\.venv\Lib\site-packages\httpcore\_async\http11.py", line 217, in _receive_event
    data = await self._network_stream.read(
           ^^^^^^^^^^^^^^^^^^^^^^^^^^^^^^^^
        self.READ_NUM_BYTES, timeout=timeout
        ^^^^^^^^^^^^^^^^^^^^^^^^^^^^^^^^^^^^
    )
    ^
  File "C:\Users\inven\OneDrive\Documentos\GitHub\watchlist\6.Trading_Journal\backend\.venv\Lib\site-packages\httpcore\_backends\anyio.py", line 32, in read
    with map_exceptions(exc_map):
         ~~~~~~~~~~~~~~^^^^^^^^^
  File "C:\Python314\Lib\contextlib.py", line 162, in __exit__
    self.gen.throw(value)
    ~~~~~~~~~~~~~~^^^^^^^
  File "C:\Users\inven\OneDrive\Documentos\GitHub\watchlist\6.Trading_Journal\backend\.venv\Lib\site-packages\httpcore\_exceptions.py", line 14, in map_exceptions
    raise to_exc(exc) from exc
httpcore.ReadTimeout

The above exception was the direct cause of the following exception:

Traceback (most recent call last):
  File "C:\Users\inven\OneDrive\Documentos\GitHub\watchlist\6.Trading_Journal\backend\services\position_monitor.py", line 186, in _fetch_positions
    response = await self._http_client.get(
               ^^^^^^^^^^^^^^^^^^^^^^^^^^^^
        f"{self.trading_bot_url}/api/positions"
        ^^^^^^^^^^^^^^^^^^^^^^^^^^^^^^^^^^^^^^^
    )
    ^
  File "C:\Users\inven\OneDrive\Documentos\GitHub\watchlist\6.Trading_Journal\backend\.venv\Lib\site-packages\httpx\_client.py", line 1768, in get
    return await self.request(
           ^^^^^^^^^^^^^^^^^^^
    ...<9 lines>...
    )
    ^
  File "C:\Users\inven\OneDrive\Documentos\GitHub\watchlist\6.Trading_Journal\backend\.venv\Lib\site-packages\httpx\_client.py", line 1540, in request
    return await self.send(request, auth=auth, follow_redirects=follow_redirects)
           ^^^^^^^^^^^^^^^^^^^^^^^^^^^^^^^^^^^^^^^^^^^^^^^^^^^^^^^^^^^^^^^^^^^^^^
  File "C:\Users\inven\OneDrive\Documentos\GitHub\watchlist\6.Trading_Journal\backend\.venv\Lib\site-packages\httpx\_client.py", line 1629, in send
    response = await self._send_handling_auth(
               ^^^^^^^^^^^^^^^^^^^^^^^^^^^^^^^
    ...<4 lines>...
    )
    ^
  File "C:\Users\inven\OneDrive\Documentos\GitHub\watchlist\6.Trading_Journal\backend\.venv\Lib\site-packages\httpx\_client.py", line 1657, in _send_handling_auth
    response = await self._send_handling_redirects(
               ^^^^^^^^^^^^^^^^^^^^^^^^^^^^^^^^^^^^
    ...<3 lines>...
    )
    ^
  File "C:\Users\inven\OneDrive\Documentos\GitHub\watchlist\6.Trading_Journal\backend\.venv\Lib\site-packages\httpx\_client.py", line 1694, in _send_handling_redirects
    response = await self._send_single_request(request)
               ^^^^^^^^^^^^^^^^^^^^^^^^^^^^^^^^^^^^^^^^
  File "C:\Users\inven\OneDrive\Documentos\GitHub\watchlist\6.Trading_Journal\backend\.venv\Lib\site-packages\httpx\_client.py", line 1730, in _send_single_request
    response = await transport.handle_async_request(request)
               ^^^^^^^^^^^^^^^^^^^^^^^^^^^^^^^^^^^^^^^^^^^^^
  File "C:\Users\inven\OneDrive\Documentos\GitHub\watchlist\6.Trading_Journal\backend\.venv\Lib\site-packages\httpx\_transports\default.py", line 393, in handle_async_request
    with map_httpcore_exceptions():
         ~~~~~~~~~~~~~~~~~~~~~~~^^
  File "C:\Python314\Lib\contextlib.py", line 162, in __exit__
    self.gen.throw(value)
    ~~~~~~~~~~~~~~^^^^^^^
  File "C:\Users\inven\OneDrive\Documentos\GitHub\watchlist\6.Trading_Journal\backend\.venv\Lib\site-packages\httpx\_transports\default.py", line 118, in map_httpcore_exceptions
    raise mapped_exc(message) from exc
httpx.ReadTimeout

2026-01-28 20:09:10,077 | ERROR | services.position_monitor | Error fetching positions: ReadTimeout: 
2026-01-28 20:09:10,082 | ERROR | services.position_monitor | Traceback (most recent call last):
  File "C:\Users\inven\OneDrive\Documentos\GitHub\watchlist\6.Trading_Journal\backend\.venv\Lib\site-packages\httpx\_transports\default.py", line 101, in map_httpcore_exceptions
    yield
  File "C:\Users\inven\OneDrive\Documentos\GitHub\watchlist\6.Trading_Journal\backend\.venv\Lib\site-packages\httpx\_transports\default.py", line 394, in handle_async_request
    resp = await self._pool.handle_async_request(req)
           ^^^^^^^^^^^^^^^^^^^^^^^^^^^^^^^^^^^^^^^^^^
  File "C:\Users\inven\OneDrive\Documentos\GitHub\watchlist\6.Trading_Journal\backend\.venv\Lib\site-packages\httpcore\_async\connection_pool.py", line 256, in handle_async_request
    raise exc from None
  File "C:\Users\inven\OneDrive\Documentos\GitHub\watchlist\6.Trading_Journal\backend\.venv\Lib\site-packages\httpcore\_async\connection_pool.py", line 236, in handle_async_request
    response = await connection.handle_async_request(
               ^^^^^^^^^^^^^^^^^^^^^^^^^^^^^^^^^^^^^^
        pool_request.request
        ^^^^^^^^^^^^^^^^^^^^
    )
    ^
  File "C:\Users\inven\OneDrive\Documentos\GitHub\watchlist\6.Trading_Journal\backend\.venv\Lib\site-packages\httpcore\_async\connection.py", line 103, in handle_async_request
    return await self._connection.handle_async_request(request)
           ^^^^^^^^^^^^^^^^^^^^^^^^^^^^^^^^^^^^^^^^^^^^^^^^^^^^
  File "C:\Users\inven\OneDrive\Documentos\GitHub\watchlist\6.Trading_Journal\backend\.venv\Lib\site-packages\httpcore\_async\http11.py", line 136, in handle_async_request
    raise exc
  File "C:\Users\inven\OneDrive\Documentos\GitHub\watchlist\6.Trading_Journal\backend\.venv\Lib\site-packages\httpcore\_async\http11.py", line 106, in handle_async_request
    ) = await self._receive_response_headers(**kwargs)
        ^^^^^^^^^^^^^^^^^^^^^^^^^^^^^^^^^^^^^^^^^^^^^^
  File "C:\Users\inven\OneDrive\Documentos\GitHub\watchlist\6.Trading_Journal\backend\.venv\Lib\site-packages\httpcore\_async\http11.py", line 177, in _receive_response_headers
    event = await self._receive_event(timeout=timeout)
            ^^^^^^^^^^^^^^^^^^^^^^^^^^^^^^^^^^^^^^^^^^
  File "C:\Users\inven\OneDrive\Documentos\GitHub\watchlist\6.Trading_Journal\backend\.venv\Lib\site-packages\httpcore\_async\http11.py", line 217, in _receive_event
    data = await self._network_stream.read(
           ^^^^^^^^^^^^^^^^^^^^^^^^^^^^^^^^
        self.READ_NUM_BYTES, timeout=timeout
        ^^^^^^^^^^^^^^^^^^^^^^^^^^^^^^^^^^^^
    )
    ^
  File "C:\Users\inven\OneDrive\Documentos\GitHub\watchlist\6.Trading_Journal\backend\.venv\Lib\site-packages\httpcore\_backends\anyio.py", line 32, in read
    with map_exceptions(exc_map):
         ~~~~~~~~~~~~~~^^^^^^^^^
  File "C:\Python314\Lib\contextlib.py", line 162, in __exit__
    self.gen.throw(value)
    ~~~~~~~~~~~~~~^^^^^^^
  File "C:\Users\inven\OneDrive\Documentos\GitHub\watchlist\6.Trading_Journal\backend\.venv\Lib\site-packages\httpcore\_exceptions.py", line 14, in map_exceptions
    raise to_exc(exc) from exc
httpcore.ReadTimeout

The above exception was the direct cause of the following exception:

Traceback (most recent call last):
  File "C:\Users\inven\OneDrive\Documentos\GitHub\watchlist\6.Trading_Journal\backend\services\position_monitor.py", line 186, in _fetch_positions
    response = await self._http_client.get(
               ^^^^^^^^^^^^^^^^^^^^^^^^^^^^
        f"{self.trading_bot_url}/api/positions"
        ^^^^^^^^^^^^^^^^^^^^^^^^^^^^^^^^^^^^^^^
    )
    ^
  File "C:\Users\inven\OneDrive\Documentos\GitHub\watchlist\6.Trading_Journal\backend\.venv\Lib\site-packages\httpx\_client.py", line 1768, in get
    return await self.request(
           ^^^^^^^^^^^^^^^^^^^
    ...<9 lines>...
    )
    ^
  File "C:\Users\inven\OneDrive\Documentos\GitHub\watchlist\6.Trading_Journal\backend\.venv\Lib\site-packages\httpx\_client.py", line 1540, in request
    return await self.send(request, auth=auth, follow_redirects=follow_redirects)
           ^^^^^^^^^^^^^^^^^^^^^^^^^^^^^^^^^^^^^^^^^^^^^^^^^^^^^^^^^^^^^^^^^^^^^^
  File "C:\Users\inven\OneDrive\Documentos\GitHub\watchlist\6.Trading_Journal\backend\.venv\Lib\site-packages\httpx\_client.py", line 1629, in send
    response = await self._send_handling_auth(
               ^^^^^^^^^^^^^^^^^^^^^^^^^^^^^^^
    ...<4 lines>...
    )
    ^
  File "C:\Users\inven\OneDrive\Documentos\GitHub\watchlist\6.Trading_Journal\backend\.venv\Lib\site-packages\httpx\_client.py", line 1657, in _send_handling_auth
    response = await self._send_handling_redirects(
               ^^^^^^^^^^^^^^^^^^^^^^^^^^^^^^^^^^^^
    ...<3 lines>...
    )
    ^
  File "C:\Users\inven\OneDrive\Documentos\GitHub\watchlist\6.Trading_Journal\backend\.venv\Lib\site-packages\httpx\_client.py", line 1694, in _send_handling_redirects
    response = await self._send_single_request(request)
               ^^^^^^^^^^^^^^^^^^^^^^^^^^^^^^^^^^^^^^^^
  File "C:\Users\inven\OneDrive\Documentos\GitHub\watchlist\6.Trading_Journal\backend\.venv\Lib\site-packages\httpx\_client.py", line 1730, in _send_single_request
    response = await transport.handle_async_request(request)
               ^^^^^^^^^^^^^^^^^^^^^^^^^^^^^^^^^^^^^^^^^^^^^
  File "C:\Users\inven\OneDrive\Documentos\GitHub\watchlist\6.Trading_Journal\backend\.venv\Lib\site-packages\httpx\_transports\default.py", line 393, in handle_async_request
    with map_httpcore_exceptions():
         ~~~~~~~~~~~~~~~~~~~~~~~^^
  File "C:\Python314\Lib\contextlib.py", line 162, in __exit__
    self.gen.throw(value)
    ~~~~~~~~~~~~~~^^^^^^^
  File "C:\Users\inven\OneDrive\Documentos\GitHub\watchlist\6.Trading_Journal\backend\.venv\Lib\site-packages\httpx\_transports\default.py", line 118, in map_httpcore_exceptions
    raise mapped_exc(message) from exc
httpx.ReadTimeout

2026-01-28 20:09:25,377 | ERROR | services.position_monitor | Error fetching positions: ReadTimeout: 
2026-01-28 20:09:25,383 | ERROR | services.position_monitor | Traceback (most recent call last):
  File "C:\Users\inven\OneDrive\Documentos\GitHub\watchlist\6.Trading_Journal\backend\.venv\Lib\site-packages\httpx\_transports\default.py", line 101, in map_httpcore_exceptions
    yield
  File "C:\Users\inven\OneDrive\Documentos\GitHub\watchlist\6.Trading_Journal\backend\.venv\Lib\site-packages\httpx\_transports\default.py", line 394, in handle_async_request
    resp = await self._pool.handle_async_request(req)
           ^^^^^^^^^^^^^^^^^^^^^^^^^^^^^^^^^^^^^^^^^^
  File "C:\Users\inven\OneDrive\Documentos\GitHub\watchlist\6.Trading_Journal\backend\.venv\Lib\site-packages\httpcore\_async\connection_pool.py", line 256, in handle_async_request
    raise exc from None
  File "C:\Users\inven\OneDrive\Documentos\GitHub\watchlist\6.Trading_Journal\backend\.venv\Lib\site-packages\httpcore\_async\connection_pool.py", line 236, in handle_async_request
    response = await connection.handle_async_request(
               ^^^^^^^^^^^^^^^^^^^^^^^^^^^^^^^^^^^^^^
        pool_request.request
        ^^^^^^^^^^^^^^^^^^^^
    )
    ^
  File "C:\Users\inven\OneDrive\Documentos\GitHub\watchlist\6.Trading_Journal\backend\.venv\Lib\site-packages\httpcore\_async\connection.py", line 103, in handle_async_request
    return await self._connection.handle_async_request(request)
           ^^^^^^^^^^^^^^^^^^^^^^^^^^^^^^^^^^^^^^^^^^^^^^^^^^^^
  File "C:\Users\inven\OneDrive\Documentos\GitHub\watchlist\6.Trading_Journal\backend\.venv\Lib\site-packages\httpcore\_async\http11.py", line 136, in handle_async_request
    raise exc
  File "C:\Users\inven\OneDrive\Documentos\GitHub\watchlist\6.Trading_Journal\backend\.venv\Lib\site-packages\httpcore\_async\http11.py", line 106, in handle_async_request
    ) = await self._receive_response_headers(**kwargs)
        ^^^^^^^^^^^^^^^^^^^^^^^^^^^^^^^^^^^^^^^^^^^^^^
  File "C:\Users\inven\OneDrive\Documentos\GitHub\watchlist\6.Trading_Journal\backend\.venv\Lib\site-packages\httpcore\_async\http11.py", line 177, in _receive_response_headers
    event = await self._receive_event(timeout=timeout)
            ^^^^^^^^^^^^^^^^^^^^^^^^^^^^^^^^^^^^^^^^^^
  File "C:\Users\inven\OneDrive\Documentos\GitHub\watchlist\6.Trading_Journal\backend\.venv\Lib\site-packages\httpcore\_async\http11.py", line 217, in _receive_event
    data = await self._network_stream.read(
           ^^^^^^^^^^^^^^^^^^^^^^^^^^^^^^^^
        self.READ_NUM_BYTES, timeout=timeout
        ^^^^^^^^^^^^^^^^^^^^^^^^^^^^^^^^^^^^
    )
    ^
  File "C:\Users\inven\OneDrive\Documentos\GitHub\watchlist\6.Trading_Journal\backend\.venv\Lib\site-packages\httpcore\_backends\anyio.py", line 32, in read
    with map_exceptions(exc_map):
         ~~~~~~~~~~~~~~^^^^^^^^^
  File "C:\Python314\Lib\contextlib.py", line 162, in __exit__
    self.gen.throw(value)
    ~~~~~~~~~~~~~~^^^^^^^
  File "C:\Users\inven\OneDrive\Documentos\GitHub\watchlist\6.Trading_Journal\backend\.venv\Lib\site-packages\httpcore\_exceptions.py", line 14, in map_exceptions
    raise to_exc(exc) from exc
httpcore.ReadTimeout

The above exception was the direct cause of the following exception:

Traceback (most recent call last):
  File "C:\Users\inven\OneDrive\Documentos\GitHub\watchlist\6.Trading_Journal\backend\services\position_monitor.py", line 186, in _fetch_positions
    response = await self._http_client.get(
               ^^^^^^^^^^^^^^^^^^^^^^^^^^^^
        f"{self.trading_bot_url}/api/positions"
        ^^^^^^^^^^^^^^^^^^^^^^^^^^^^^^^^^^^^^^^
    )
    ^
  File "C:\Users\inven\OneDrive\Documentos\GitHub\watchlist\6.Trading_Journal\backend\.venv\Lib\site-packages\httpx\_client.py", line 1768, in get
    return await self.request(
           ^^^^^^^^^^^^^^^^^^^
    ...<9 lines>...
    )
    ^
  File "C:\Users\inven\OneDrive\Documentos\GitHub\watchlist\6.Trading_Journal\backend\.venv\Lib\site-packages\httpx\_client.py", line 1540, in request
    return await self.send(request, auth=auth, follow_redirects=follow_redirects)
           ^^^^^^^^^^^^^^^^^^^^^^^^^^^^^^^^^^^^^^^^^^^^^^^^^^^^^^^^^^^^^^^^^^^^^^
  File "C:\Users\inven\OneDrive\Documentos\GitHub\watchlist\6.Trading_Journal\backend\.venv\Lib\site-packages\httpx\_client.py", line 1629, in send
    response = await self._send_handling_auth(
               ^^^^^^^^^^^^^^^^^^^^^^^^^^^^^^^
    ...<4 lines>...
    )
    ^
  File "C:\Users\inven\OneDrive\Documentos\GitHub\watchlist\6.Trading_Journal\backend\.venv\Lib\site-packages\httpx\_client.py", line 1657, in _send_handling_auth
    response = await self._send_handling_redirects(
               ^^^^^^^^^^^^^^^^^^^^^^^^^^^^^^^^^^^^
    ...<3 lines>...
    )
    ^
  File "C:\Users\inven\OneDrive\Documentos\GitHub\watchlist\6.Trading_Journal\backend\.venv\Lib\site-packages\httpx\_client.py", line 1694, in _send_handling_redirects
    response = await self._send_single_request(request)
               ^^^^^^^^^^^^^^^^^^^^^^^^^^^^^^^^^^^^^^^^
  File "C:\Users\inven\OneDrive\Documentos\GitHub\watchlist\6.Trading_Journal\backend\.venv\Lib\site-packages\httpx\_client.py", line 1730, in _send_single_request
    response = await transport.handle_async_request(request)
               ^^^^^^^^^^^^^^^^^^^^^^^^^^^^^^^^^^^^^^^^^^^^^
  File "C:\Users\inven\OneDrive\Documentos\GitHub\watchlist\6.Trading_Journal\backend\.venv\Lib\site-packages\httpx\_transports\default.py", line 393, in handle_async_request
    with map_httpcore_exceptions():
         ~~~~~~~~~~~~~~~~~~~~~~~^^
  File "C:\Python314\Lib\contextlib.py", line 162, in __exit__
    self.gen.throw(value)
    ~~~~~~~~~~~~~~^^^^^^^
  File "C:\Users\inven\OneDrive\Documentos\GitHub\watchlist\6.Trading_Journal\backend\.venv\Lib\site-packages\httpx\_transports\default.py", line 118, in map_httpcore_exceptions
    raise mapped_exc(message) from exc
httpx.ReadTimeout

2026-01-28 20:09:40,674 | ERROR | services.position_monitor | Error fetching positions: ReadTimeout: 
2026-01-28 20:09:40,682 | ERROR | services.position_monitor | Traceback (most recent call last):
  File "C:\Users\inven\OneDrive\Documentos\GitHub\watchlist\6.Trading_Journal\backend\.venv\Lib\site-packages\httpx\_transports\default.py", line 101, in map_httpcore_exceptions
    yield
  File "C:\Users\inven\OneDrive\Documentos\GitHub\watchlist\6.Trading_Journal\backend\.venv\Lib\site-packages\httpx\_transports\default.py", line 394, in handle_async_request
    resp = await self._pool.handle_async_request(req)
           ^^^^^^^^^^^^^^^^^^^^^^^^^^^^^^^^^^^^^^^^^^
  File "C:\Users\inven\OneDrive\Documentos\GitHub\watchlist\6.Trading_Journal\backend\.venv\Lib\site-packages\httpcore\_async\connection_pool.py", line 256, in handle_async_request
    raise exc from None
  File "C:\Users\inven\OneDrive\Documentos\GitHub\watchlist\6.Trading_Journal\backend\.venv\Lib\site-packages\httpcore\_async\connection_pool.py", line 236, in handle_async_request
    response = await connection.handle_async_request(
               ^^^^^^^^^^^^^^^^^^^^^^^^^^^^^^^^^^^^^^
        pool_request.request
        ^^^^^^^^^^^^^^^^^^^^
    )
    ^
  File "C:\Users\inven\OneDrive\Documentos\GitHub\watchlist\6.Trading_Journal\backend\.venv\Lib\site-packages\httpcore\_async\connection.py", line 103, in handle_async_request
    return await self._connection.handle_async_request(request)
           ^^^^^^^^^^^^^^^^^^^^^^^^^^^^^^^^^^^^^^^^^^^^^^^^^^^^
  File "C:\Users\inven\OneDrive\Documentos\GitHub\watchlist\6.Trading_Journal\backend\.venv\Lib\site-packages\httpcore\_async\http11.py", line 136, in handle_async_request
    raise exc
  File "C:\Users\inven\OneDrive\Documentos\GitHub\watchlist\6.Trading_Journal\backend\.venv\Lib\site-packages\httpcore\_async\http11.py", line 106, in handle_async_request
    ) = await self._receive_response_headers(**kwargs)
        ^^^^^^^^^^^^^^^^^^^^^^^^^^^^^^^^^^^^^^^^^^^^^^
  File "C:\Users\inven\OneDrive\Documentos\GitHub\watchlist\6.Trading_Journal\backend\.venv\Lib\site-packages\httpcore\_async\http11.py", line 177, in _receive_response_headers
    event = await self._receive_event(timeout=timeout)
            ^^^^^^^^^^^^^^^^^^^^^^^^^^^^^^^^^^^^^^^^^^
  File "C:\Users\inven\OneDrive\Documentos\GitHub\watchlist\6.Trading_Journal\backend\.venv\Lib\site-packages\httpcore\_async\http11.py", line 217, in _receive_event
    data = await self._network_stream.read(
           ^^^^^^^^^^^^^^^^^^^^^^^^^^^^^^^^
        self.READ_NUM_BYTES, timeout=timeout
        ^^^^^^^^^^^^^^^^^^^^^^^^^^^^^^^^^^^^
    )
    ^
  File "C:\Users\inven\OneDrive\Documentos\GitHub\watchlist\6.Trading_Journal\backend\.venv\Lib\site-packages\httpcore\_backends\anyio.py", line 32, in read
    with map_exceptions(exc_map):
         ~~~~~~~~~~~~~~^^^^^^^^^
  File "C:\Python314\Lib\contextlib.py", line 162, in __exit__
    self.gen.throw(value)
    ~~~~~~~~~~~~~~^^^^^^^
  File "C:\Users\inven\OneDrive\Documentos\GitHub\watchlist\6.Trading_Journal\backend\.venv\Lib\site-packages\httpcore\_exceptions.py", line 14, in map_exceptions
    raise to_exc(exc) from exc
httpcore.ReadTimeout

The above exception was the direct cause of the following exception:

Traceback (most recent call last):
  File "C:\Users\inven\OneDrive\Documentos\GitHub\watchlist\6.Trading_Journal\backend\services\position_monitor.py", line 186, in _fetch_positions
    response = await self._http_client.get(
               ^^^^^^^^^^^^^^^^^^^^^^^^^^^^
        f"{self.trading_bot_url}/api/positions"
        ^^^^^^^^^^^^^^^^^^^^^^^^^^^^^^^^^^^^^^^
    )
    ^
  File "C:\Users\inven\OneDrive\Documentos\GitHub\watchlist\6.Trading_Journal\backend\.venv\Lib\site-packages\httpx\_client.py", line 1768, in get
    return await self.request(
           ^^^^^^^^^^^^^^^^^^^
    ...<9 lines>...
    )
    ^
  File "C:\Users\inven\OneDrive\Documentos\GitHub\watchlist\6.Trading_Journal\backend\.venv\Lib\site-packages\httpx\_client.py", line 1540, in request
    return await self.send(request, auth=auth, follow_redirects=follow_redirects)
           ^^^^^^^^^^^^^^^^^^^^^^^^^^^^^^^^^^^^^^^^^^^^^^^^^^^^^^^^^^^^^^^^^^^^^^
  File "C:\Users\inven\OneDrive\Documentos\GitHub\watchlist\6.Trading_Journal\backend\.venv\Lib\site-packages\httpx\_client.py", line 1629, in send
    response = await self._send_handling_auth(
               ^^^^^^^^^^^^^^^^^^^^^^^^^^^^^^^
    ...<4 lines>...
    )
    ^
  File "C:\Users\inven\OneDrive\Documentos\GitHub\watchlist\6.Trading_Journal\backend\.venv\Lib\site-packages\httpx\_client.py", line 1657, in _send_handling_auth
    response = await self._send_handling_redirects(
               ^^^^^^^^^^^^^^^^^^^^^^^^^^^^^^^^^^^^
    ...<3 lines>...
    )
    ^
  File "C:\Users\inven\OneDrive\Documentos\GitHub\watchlist\6.Trading_Journal\backend\.venv\Lib\site-packages\httpx\_client.py", line 1694, in _send_handling_redirects
    response = await self._send_single_request(request)
               ^^^^^^^^^^^^^^^^^^^^^^^^^^^^^^^^^^^^^^^^
  File "C:\Users\inven\OneDrive\Documentos\GitHub\watchlist\6.Trading_Journal\backend\.venv\Lib\site-packages\httpx\_client.py", line 1730, in _send_single_request
    response = await transport.handle_async_request(request)
               ^^^^^^^^^^^^^^^^^^^^^^^^^^^^^^^^^^^^^^^^^^^^^
  File "C:\Users\inven\OneDrive\Documentos\GitHub\watchlist\6.Trading_Journal\backend\.venv\Lib\site-packages\httpx\_transports\default.py", line 393, in handle_async_request
    with map_httpcore_exceptions():
         ~~~~~~~~~~~~~~~~~~~~~~~^^
  File "C:\Python314\Lib\contextlib.py", line 162, in __exit__
    self.gen.throw(value)
    ~~~~~~~~~~~~~~^^^^^^^
  File "C:\Users\inven\OneDrive\Documentos\GitHub\watchlist\6.Trading_Journal\backend\.venv\Lib\site-packages\httpx\_transports\default.py", line 118, in map_httpcore_exceptions
    raise mapped_exc(message) from exc
httpx.ReadTimeout

2026-01-28 20:09:55,966 | ERROR | services.position_monitor | Error fetching positions: ReadTimeout: 
2026-01-28 20:09:55,972 | ERROR | services.position_monitor | Traceback (most recent call last):
  File "C:\Users\inven\OneDrive\Documentos\GitHub\watchlist\6.Trading_Journal\backend\.venv\Lib\site-packages\httpx\_transports\default.py", line 101, in map_httpcore_exceptions
    yield
  File "C:\Users\inven\OneDrive\Documentos\GitHub\watchlist\6.Trading_Journal\backend\.venv\Lib\site-packages\httpx\_transports\default.py", line 394, in handle_async_request
    resp = await self._pool.handle_async_request(req)
           ^^^^^^^^^^^^^^^^^^^^^^^^^^^^^^^^^^^^^^^^^^
  File "C:\Users\inven\OneDrive\Documentos\GitHub\watchlist\6.Trading_Journal\backend\.venv\Lib\site-packages\httpcore\_async\connection_pool.py", line 256, in handle_async_request
    raise exc from None
  File "C:\Users\inven\OneDrive\Documentos\GitHub\watchlist\6.Trading_Journal\backend\.venv\Lib\site-packages\httpcore\_async\connection_pool.py", line 236, in handle_async_request
    response = await connection.handle_async_request(
               ^^^^^^^^^^^^^^^^^^^^^^^^^^^^^^^^^^^^^^
        pool_request.request
        ^^^^^^^^^^^^^^^^^^^^
    )
    ^
  File "C:\Users\inven\OneDrive\Documentos\GitHub\watchlist\6.Trading_Journal\backend\.venv\Lib\site-packages\httpcore\_async\connection.py", line 103, in handle_async_request
    return await self._connection.handle_async_request(request)
           ^^^^^^^^^^^^^^^^^^^^^^^^^^^^^^^^^^^^^^^^^^^^^^^^^^^^
  File "C:\Users\inven\OneDrive\Documentos\GitHub\watchlist\6.Trading_Journal\backend\.venv\Lib\site-packages\httpcore\_async\http11.py", line 136, in handle_async_request
    raise exc
  File "C:\Users\inven\OneDrive\Documentos\GitHub\watchlist\6.Trading_Journal\backend\.venv\Lib\site-packages\httpcore\_async\http11.py", line 106, in handle_async_request
    ) = await self._receive_response_headers(**kwargs)
        ^^^^^^^^^^^^^^^^^^^^^^^^^^^^^^^^^^^^^^^^^^^^^^
  File "C:\Users\inven\OneDrive\Documentos\GitHub\watchlist\6.Trading_Journal\backend\.venv\Lib\site-packages\httpcore\_async\http11.py", line 177, in _receive_response_headers
    event = await self._receive_event(timeout=timeout)
            ^^^^^^^^^^^^^^^^^^^^^^^^^^^^^^^^^^^^^^^^^^
  File "C:\Users\inven\OneDrive\Documentos\GitHub\watchlist\6.Trading_Journal\backend\.venv\Lib\site-packages\httpcore\_async\http11.py", line 217, in _receive_event
    data = await self._network_stream.read(
           ^^^^^^^^^^^^^^^^^^^^^^^^^^^^^^^^
        self.READ_NUM_BYTES, timeout=timeout
        ^^^^^^^^^^^^^^^^^^^^^^^^^^^^^^^^^^^^
    )
    ^
  File "C:\Users\inven\OneDrive\Documentos\GitHub\watchlist\6.Trading_Journal\backend\.venv\Lib\site-packages\httpcore\_backends\anyio.py", line 32, in read
    with map_exceptions(exc_map):
         ~~~~~~~~~~~~~~^^^^^^^^^
  File "C:\Python314\Lib\contextlib.py", line 162, in __exit__
    self.gen.throw(value)
    ~~~~~~~~~~~~~~^^^^^^^
  File "C:\Users\inven\OneDrive\Documentos\GitHub\watchlist\6.Trading_Journal\backend\.venv\Lib\site-packages\httpcore\_exceptions.py", line 14, in map_exceptions
    raise to_exc(exc) from exc
httpcore.ReadTimeout

The above exception was the direct cause of the following exception:

Traceback (most recent call last):
  File "C:\Users\inven\OneDrive\Documentos\GitHub\watchlist\6.Trading_Journal\backend\services\position_monitor.py", line 186, in _fetch_positions
    response = await self._http_client.get(
               ^^^^^^^^^^^^^^^^^^^^^^^^^^^^
        f"{self.trading_bot_url}/api/positions"
        ^^^^^^^^^^^^^^^^^^^^^^^^^^^^^^^^^^^^^^^
    )
    ^
  File "C:\Users\inven\OneDrive\Documentos\GitHub\watchlist\6.Trading_Journal\backend\.venv\Lib\site-packages\httpx\_client.py", line 1768, in get
    return await self.request(
           ^^^^^^^^^^^^^^^^^^^
    ...<9 lines>...
    )
    ^
  File "C:\Users\inven\OneDrive\Documentos\GitHub\watchlist\6.Trading_Journal\backend\.venv\Lib\site-packages\httpx\_client.py", line 1540, in request
    return await self.send(request, auth=auth, follow_redirects=follow_redirects)
           ^^^^^^^^^^^^^^^^^^^^^^^^^^^^^^^^^^^^^^^^^^^^^^^^^^^^^^^^^^^^^^^^^^^^^^
  File "C:\Users\inven\OneDrive\Documentos\GitHub\watchlist\6.Trading_Journal\backend\.venv\Lib\site-packages\httpx\_client.py", line 1629, in send
    response = await self._send_handling_auth(
               ^^^^^^^^^^^^^^^^^^^^^^^^^^^^^^^
    ...<4 lines>...
    )
    ^
  File "C:\Users\inven\OneDrive\Documentos\GitHub\watchlist\6.Trading_Journal\backend\.venv\Lib\site-packages\httpx\_client.py", line 1657, in _send_handling_auth
    response = await self._send_handling_redirects(
               ^^^^^^^^^^^^^^^^^^^^^^^^^^^^^^^^^^^^
    ...<3 lines>...
    )
    ^
  File "C:\Users\inven\OneDrive\Documentos\GitHub\watchlist\6.Trading_Journal\backend\.venv\Lib\site-packages\httpx\_client.py", line 1694, in _send_handling_redirects
    response = await self._send_single_request(request)
               ^^^^^^^^^^^^^^^^^^^^^^^^^^^^^^^^^^^^^^^^
  File "C:\Users\inven\OneDrive\Documentos\GitHub\watchlist\6.Trading_Journal\backend\.venv\Lib\site-packages\httpx\_client.py", line 1730, in _send_single_request
    response = await transport.handle_async_request(request)
               ^^^^^^^^^^^^^^^^^^^^^^^^^^^^^^^^^^^^^^^^^^^^^
  File "C:\Users\inven\OneDrive\Documentos\GitHub\watchlist\6.Trading_Journal\backend\.venv\Lib\site-packages\httpx\_transports\default.py", line 393, in handle_async_request
    with map_httpcore_exceptions():
         ~~~~~~~~~~~~~~~~~~~~~~~^^
  File "C:\Python314\Lib\contextlib.py", line 162, in __exit__
    self.gen.throw(value)
    ~~~~~~~~~~~~~~^^^^^^^
  File "C:\Users\inven\OneDrive\Documentos\GitHub\watchlist\6.Trading_Journal\backend\.venv\Lib\site-packages\httpx\_transports\default.py", line 118, in map_httpcore_exceptions
    raise mapped_exc(message) from exc
httpx.ReadTimeout

2026-01-28 20:10:11,257 | ERROR | services.position_monitor | Error fetching positions: ReadTimeout: 
2026-01-28 20:10:11,263 | ERROR | services.position_monitor | Traceback (most recent call last):
  File "C:\Users\inven\OneDrive\Documentos\GitHub\watchlist\6.Trading_Journal\backend\.venv\Lib\site-packages\httpx\_transports\default.py", line 101, in map_httpcore_exceptions
    yield
  File "C:\Users\inven\OneDrive\Documentos\GitHub\watchlist\6.Trading_Journal\backend\.venv\Lib\site-packages\httpx\_transports\default.py", line 394, in handle_async_request
    resp = await self._pool.handle_async_request(req)
           ^^^^^^^^^^^^^^^^^^^^^^^^^^^^^^^^^^^^^^^^^^
  File "C:\Users\inven\OneDrive\Documentos\GitHub\watchlist\6.Trading_Journal\backend\.venv\Lib\site-packages\httpcore\_async\connection_pool.py", line 256, in handle_async_request
    raise exc from None
  File "C:\Users\inven\OneDrive\Documentos\GitHub\watchlist\6.Trading_Journal\backend\.venv\Lib\site-packages\httpcore\_async\connection_pool.py", line 236, in handle_async_request
    response = await connection.handle_async_request(
               ^^^^^^^^^^^^^^^^^^^^^^^^^^^^^^^^^^^^^^
        pool_request.request
        ^^^^^^^^^^^^^^^^^^^^
    )
    ^
  File "C:\Users\inven\OneDrive\Documentos\GitHub\watchlist\6.Trading_Journal\backend\.venv\Lib\site-packages\httpcore\_async\connection.py", line 103, in handle_async_request
    return await self._connection.handle_async_request(request)
           ^^^^^^^^^^^^^^^^^^^^^^^^^^^^^^^^^^^^^^^^^^^^^^^^^^^^
  File "C:\Users\inven\OneDrive\Documentos\GitHub\watchlist\6.Trading_Journal\backend\.venv\Lib\site-packages\httpcore\_async\http11.py", line 136, in handle_async_request
    raise exc
  File "C:\Users\inven\OneDrive\Documentos\GitHub\watchlist\6.Trading_Journal\backend\.venv\Lib\site-packages\httpcore\_async\http11.py", line 106, in handle_async_request
    ) = await self._receive_response_headers(**kwargs)
        ^^^^^^^^^^^^^^^^^^^^^^^^^^^^^^^^^^^^^^^^^^^^^^
  File "C:\Users\inven\OneDrive\Documentos\GitHub\watchlist\6.Trading_Journal\backend\.venv\Lib\site-packages\httpcore\_async\http11.py", line 177, in _receive_response_headers
    event = await self._receive_event(timeout=timeout)
            ^^^^^^^^^^^^^^^^^^^^^^^^^^^^^^^^^^^^^^^^^^
  File "C:\Users\inven\OneDrive\Documentos\GitHub\watchlist\6.Trading_Journal\backend\.venv\Lib\site-packages\httpcore\_async\http11.py", line 217, in _receive_event
    data = await self._network_stream.read(
           ^^^^^^^^^^^^^^^^^^^^^^^^^^^^^^^^
        self.READ_NUM_BYTES, timeout=timeout
        ^^^^^^^^^^^^^^^^^^^^^^^^^^^^^^^^^^^^
    )
    ^
  File "C:\Users\inven\OneDrive\Documentos\GitHub\watchlist\6.Trading_Journal\backend\.venv\Lib\site-packages\httpcore\_backends\anyio.py", line 32, in read
    with map_exceptions(exc_map):
         ~~~~~~~~~~~~~~^^^^^^^^^
  File "C:\Python314\Lib\contextlib.py", line 162, in __exit__
    self.gen.throw(value)
    ~~~~~~~~~~~~~~^^^^^^^
  File "C:\Users\inven\OneDrive\Documentos\GitHub\watchlist\6.Trading_Journal\backend\.venv\Lib\site-packages\httpcore\_exceptions.py", line 14, in map_exceptions
    raise to_exc(exc) from exc
httpcore.ReadTimeout

The above exception was the direct cause of the following exception:

Traceback (most recent call last):
  File "C:\Users\inven\OneDrive\Documentos\GitHub\watchlist\6.Trading_Journal\backend\services\position_monitor.py", line 186, in _fetch_positions
    response = await self._http_client.get(
               ^^^^^^^^^^^^^^^^^^^^^^^^^^^^
        f"{self.trading_bot_url}/api/positions"
        ^^^^^^^^^^^^^^^^^^^^^^^^^^^^^^^^^^^^^^^
    )
    ^
  File "C:\Users\inven\OneDrive\Documentos\GitHub\watchlist\6.Trading_Journal\backend\.venv\Lib\site-packages\httpx\_client.py", line 1768, in get
    return await self.request(
           ^^^^^^^^^^^^^^^^^^^
    ...<9 lines>...
    )
    ^
  File "C:\Users\inven\OneDrive\Documentos\GitHub\watchlist\6.Trading_Journal\backend\.venv\Lib\site-packages\httpx\_client.py", line 1540, in request
    return await self.send(request, auth=auth, follow_redirects=follow_redirects)
           ^^^^^^^^^^^^^^^^^^^^^^^^^^^^^^^^^^^^^^^^^^^^^^^^^^^^^^^^^^^^^^^^^^^^^^
  File "C:\Users\inven\OneDrive\Documentos\GitHub\watchlist\6.Trading_Journal\backend\.venv\Lib\site-packages\httpx\_client.py", line 1629, in send
    response = await self._send_handling_auth(
               ^^^^^^^^^^^^^^^^^^^^^^^^^^^^^^^
    ...<4 lines>...
    )
    ^
  File "C:\Users\inven\OneDrive\Documentos\GitHub\watchlist\6.Trading_Journal\backend\.venv\Lib\site-packages\httpx\_client.py", line 1657, in _send_handling_auth
    response = await self._send_handling_redirects(
               ^^^^^^^^^^^^^^^^^^^^^^^^^^^^^^^^^^^^
    ...<3 lines>...
    )
    ^
  File "C:\Users\inven\OneDrive\Documentos\GitHub\watchlist\6.Trading_Journal\backend\.venv\Lib\site-packages\httpx\_client.py", line 1694, in _send_handling_redirects
    response = await self._send_single_request(request)
               ^^^^^^^^^^^^^^^^^^^^^^^^^^^^^^^^^^^^^^^^
  File "C:\Users\inven\OneDrive\Documentos\GitHub\watchlist\6.Trading_Journal\backend\.venv\Lib\site-packages\httpx\_client.py", line 1730, in _send_single_request
    response = await transport.handle_async_request(request)
               ^^^^^^^^^^^^^^^^^^^^^^^^^^^^^^^^^^^^^^^^^^^^^
  File "C:\Users\inven\OneDrive\Documentos\GitHub\watchlist\6.Trading_Journal\backend\.venv\Lib\site-packages\httpx\_transports\default.py", line 393, in handle_async_request
    with map_httpcore_exceptions():
         ~~~~~~~~~~~~~~~~~~~~~~~^^
  File "C:\Python314\Lib\contextlib.py", line 162, in __exit__
    self.gen.throw(value)
    ~~~~~~~~~~~~~~^^^^^^^
  File "C:\Users\inven\OneDrive\Documentos\GitHub\watchlist\6.Trading_Journal\backend\.venv\Lib\site-packages\httpx\_transports\default.py", line 118, in map_httpcore_exceptions
    raise mapped_exc(message) from exc
httpx.ReadTimeout

2026-01-28 20:10:26,544 | ERROR | services.position_monitor | Error fetching positions: ReadTimeout: 
2026-01-28 20:10:26,552 | ERROR | services.position_monitor | Traceback (most recent call last):
  File "C:\Users\inven\OneDrive\Documentos\GitHub\watchlist\6.Trading_Journal\backend\.venv\Lib\site-packages\httpx\_transports\default.py", line 101, in map_httpcore_exceptions
    yield
  File "C:\Users\inven\OneDrive\Documentos\GitHub\watchlist\6.Trading_Journal\backend\.venv\Lib\site-packages\httpx\_transports\default.py", line 394, in handle_async_request
    resp = await self._pool.handle_async_request(req)
           ^^^^^^^^^^^^^^^^^^^^^^^^^^^^^^^^^^^^^^^^^^
  File "C:\Users\inven\OneDrive\Documentos\GitHub\watchlist\6.Trading_Journal\backend\.venv\Lib\site-packages\httpcore\_async\connection_pool.py", line 256, in handle_async_request
    raise exc from None
  File "C:\Users\inven\OneDrive\Documentos\GitHub\watchlist\6.Trading_Journal\backend\.venv\Lib\site-packages\httpcore\_async\connection_pool.py", line 236, in handle_async_request
    response = await connection.handle_async_request(
               ^^^^^^^^^^^^^^^^^^^^^^^^^^^^^^^^^^^^^^
        pool_request.request
        ^^^^^^^^^^^^^^^^^^^^
    )
    ^
  File "C:\Users\inven\OneDrive\Documentos\GitHub\watchlist\6.Trading_Journal\backend\.venv\Lib\site-packages\httpcore\_async\connection.py", line 103, in handle_async_request
    return await self._connection.handle_async_request(request)
           ^^^^^^^^^^^^^^^^^^^^^^^^^^^^^^^^^^^^^^^^^^^^^^^^^^^^
  File "C:\Users\inven\OneDrive\Documentos\GitHub\watchlist\6.Trading_Journal\backend\.venv\Lib\site-packages\httpcore\_async\http11.py", line 136, in handle_async_request
    raise exc
  File "C:\Users\inven\OneDrive\Documentos\GitHub\watchlist\6.Trading_Journal\backend\.venv\Lib\site-packages\httpcore\_async\http11.py", line 106, in handle_async_request
    ) = await self._receive_response_headers(**kwargs)
        ^^^^^^^^^^^^^^^^^^^^^^^^^^^^^^^^^^^^^^^^^^^^^^
  File "C:\Users\inven\OneDrive\Documentos\GitHub\watchlist\6.Trading_Journal\backend\.venv\Lib\site-packages\httpcore\_async\http11.py", line 177, in _receive_response_headers
    event = await self._receive_event(timeout=timeout)
            ^^^^^^^^^^^^^^^^^^^^^^^^^^^^^^^^^^^^^^^^^^
  File "C:\Users\inven\OneDrive\Documentos\GitHub\watchlist\6.Trading_Journal\backend\.venv\Lib\site-packages\httpcore\_async\http11.py", line 217, in _receive_event
    data = await self._network_stream.read(
           ^^^^^^^^^^^^^^^^^^^^^^^^^^^^^^^^
        self.READ_NUM_BYTES, timeout=timeout
        ^^^^^^^^^^^^^^^^^^^^^^^^^^^^^^^^^^^^
    )
    ^
  File "C:\Users\inven\OneDrive\Documentos\GitHub\watchlist\6.Trading_Journal\backend\.venv\Lib\site-packages\httpcore\_backends\anyio.py", line 32, in read
    with map_exceptions(exc_map):
         ~~~~~~~~~~~~~~^^^^^^^^^
  File "C:\Python314\Lib\contextlib.py", line 162, in __exit__
    self.gen.throw(value)
    ~~~~~~~~~~~~~~^^^^^^^
  File "C:\Users\inven\OneDrive\Documentos\GitHub\watchlist\6.Trading_Journal\backend\.venv\Lib\site-packages\httpcore\_exceptions.py", line 14, in map_exceptions
    raise to_exc(exc) from exc
httpcore.ReadTimeout

The above exception was the direct cause of the following exception:

Traceback (most recent call last):
  File "C:\Users\inven\OneDrive\Documentos\GitHub\watchlist\6.Trading_Journal\backend\services\position_monitor.py", line 186, in _fetch_positions
    response = await self._http_client.get(
               ^^^^^^^^^^^^^^^^^^^^^^^^^^^^
        f"{self.trading_bot_url}/api/positions"
        ^^^^^^^^^^^^^^^^^^^^^^^^^^^^^^^^^^^^^^^
    )
    ^
  File "C:\Users\inven\OneDrive\Documentos\GitHub\watchlist\6.Trading_Journal\backend\.venv\Lib\site-packages\httpx\_client.py", line 1768, in get
    return await self.request(
           ^^^^^^^^^^^^^^^^^^^
    ...<9 lines>...
    )
    ^
  File "C:\Users\inven\OneDrive\Documentos\GitHub\watchlist\6.Trading_Journal\backend\.venv\Lib\site-packages\httpx\_client.py", line 1540, in request
    return await self.send(request, auth=auth, follow_redirects=follow_redirects)
           ^^^^^^^^^^^^^^^^^^^^^^^^^^^^^^^^^^^^^^^^^^^^^^^^^^^^^^^^^^^^^^^^^^^^^^
  File "C:\Users\inven\OneDrive\Documentos\GitHub\watchlist\6.Trading_Journal\backend\.venv\Lib\site-packages\httpx\_client.py", line 1629, in send
    response = await self._send_handling_auth(
               ^^^^^^^^^^^^^^^^^^^^^^^^^^^^^^^
    ...<4 lines>...
    )
    ^
  File "C:\Users\inven\OneDrive\Documentos\GitHub\watchlist\6.Trading_Journal\backend\.venv\Lib\site-packages\httpx\_client.py", line 1657, in _send_handling_auth
    response = await self._send_handling_redirects(
               ^^^^^^^^^^^^^^^^^^^^^^^^^^^^^^^^^^^^
    ...<3 lines>...
    )
    ^
  File "C:\Users\inven\OneDrive\Documentos\GitHub\watchlist\6.Trading_Journal\backend\.venv\Lib\site-packages\httpx\_client.py", line 1694, in _send_handling_redirects
    response = await self._send_single_request(request)
               ^^^^^^^^^^^^^^^^^^^^^^^^^^^^^^^^^^^^^^^^
  File "C:\Users\inven\OneDrive\Documentos\GitHub\watchlist\6.Trading_Journal\backend\.venv\Lib\site-packages\httpx\_client.py", line 1730, in _send_single_request
    response = await transport.handle_async_request(request)
               ^^^^^^^^^^^^^^^^^^^^^^^^^^^^^^^^^^^^^^^^^^^^^
  File "C:\Users\inven\OneDrive\Documentos\GitHub\watchlist\6.Trading_Journal\backend\.venv\Lib\site-packages\httpx\_transports\default.py", line 393, in handle_async_request
    with map_httpcore_exceptions():
         ~~~~~~~~~~~~~~~~~~~~~~~^^
  File "C:\Python314\Lib\contextlib.py", line 162, in __exit__
    self.gen.throw(value)
    ~~~~~~~~~~~~~~^^^^^^^
  File "C:\Users\inven\OneDrive\Documentos\GitHub\watchlist\6.Trading_Journal\backend\.venv\Lib\site-packages\httpx\_transports\default.py", line 118, in map_httpcore_exceptions
    raise mapped_exc(message) from exc
httpx.ReadTimeout

2026-01-28 20:10:41,842 | ERROR | services.position_monitor | Error fetching positions: ReadTimeout: 
2026-01-28 20:10:41,846 | ERROR | services.position_monitor | Traceback (most recent call last):
  File "C:\Users\inven\OneDrive\Documentos\GitHub\watchlist\6.Trading_Journal\backend\.venv\Lib\site-packages\httpx\_transports\default.py", line 101, in map_httpcore_exceptions
    yield
  File "C:\Users\inven\OneDrive\Documentos\GitHub\watchlist\6.Trading_Journal\backend\.venv\Lib\site-packages\httpx\_transports\default.py", line 394, in handle_async_request
    resp = await self._pool.handle_async_request(req)
           ^^^^^^^^^^^^^^^^^^^^^^^^^^^^^^^^^^^^^^^^^^
  File "C:\Users\inven\OneDrive\Documentos\GitHub\watchlist\6.Trading_Journal\backend\.venv\Lib\site-packages\httpcore\_async\connection_pool.py", line 256, in handle_async_request
    raise exc from None
  File "C:\Users\inven\OneDrive\Documentos\GitHub\watchlist\6.Trading_Journal\backend\.venv\Lib\site-packages\httpcore\_async\connection_pool.py", line 236, in handle_async_request
    response = await connection.handle_async_request(
               ^^^^^^^^^^^^^^^^^^^^^^^^^^^^^^^^^^^^^^
        pool_request.request
        ^^^^^^^^^^^^^^^^^^^^
    )
    ^
  File "C:\Users\inven\OneDrive\Documentos\GitHub\watchlist\6.Trading_Journal\backend\.venv\Lib\site-packages\httpcore\_async\connection.py", line 103, in handle_async_request
    return await self._connection.handle_async_request(request)
           ^^^^^^^^^^^^^^^^^^^^^^^^^^^^^^^^^^^^^^^^^^^^^^^^^^^^
  File "C:\Users\inven\OneDrive\Documentos\GitHub\watchlist\6.Trading_Journal\backend\.venv\Lib\site-packages\httpcore\_async\http11.py", line 136, in handle_async_request
    raise exc
  File "C:\Users\inven\OneDrive\Documentos\GitHub\watchlist\6.Trading_Journal\backend\.venv\Lib\site-packages\httpcore\_async\http11.py", line 106, in handle_async_request
    ) = await self._receive_response_headers(**kwargs)
        ^^^^^^^^^^^^^^^^^^^^^^^^^^^^^^^^^^^^^^^^^^^^^^
  File "C:\Users\inven\OneDrive\Documentos\GitHub\watchlist\6.Trading_Journal\backend\.venv\Lib\site-packages\httpcore\_async\http11.py", line 177, in _receive_response_headers
    event = await self._receive_event(timeout=timeout)
            ^^^^^^^^^^^^^^^^^^^^^^^^^^^^^^^^^^^^^^^^^^
  File "C:\Users\inven\OneDrive\Documentos\GitHub\watchlist\6.Trading_Journal\backend\.venv\Lib\site-packages\httpcore\_async\http11.py", line 217, in _receive_event
    data = await self._network_stream.read(
           ^^^^^^^^^^^^^^^^^^^^^^^^^^^^^^^^
        self.READ_NUM_BYTES, timeout=timeout
        ^^^^^^^^^^^^^^^^^^^^^^^^^^^^^^^^^^^^
    )
    ^
  File "C:\Users\inven\OneDrive\Documentos\GitHub\watchlist\6.Trading_Journal\backend\.venv\Lib\site-packages\httpcore\_backends\anyio.py", line 32, in read
    with map_exceptions(exc_map):
         ~~~~~~~~~~~~~~^^^^^^^^^
  File "C:\Python314\Lib\contextlib.py", line 162, in __exit__
    self.gen.throw(value)
    ~~~~~~~~~~~~~~^^^^^^^
  File "C:\Users\inven\OneDrive\Documentos\GitHub\watchlist\6.Trading_Journal\backend\.venv\Lib\site-packages\httpcore\_exceptions.py", line 14, in map_exceptions
    raise to_exc(exc) from exc
httpcore.ReadTimeout

The above exception was the direct cause of the following exception:

Traceback (most recent call last):
  File "C:\Users\inven\OneDrive\Documentos\GitHub\watchlist\6.Trading_Journal\backend\services\position_monitor.py", line 186, in _fetch_positions
    response = await self._http_client.get(
               ^^^^^^^^^^^^^^^^^^^^^^^^^^^^
        f"{self.trading_bot_url}/api/positions"
        ^^^^^^^^^^^^^^^^^^^^^^^^^^^^^^^^^^^^^^^
    )
    ^
  File "C:\Users\inven\OneDrive\Documentos\GitHub\watchlist\6.Trading_Journal\backend\.venv\Lib\site-packages\httpx\_client.py", line 1768, in get
    return await self.request(
           ^^^^^^^^^^^^^^^^^^^
    ...<9 lines>...
    )
    ^
  File "C:\Users\inven\OneDrive\Documentos\GitHub\watchlist\6.Trading_Journal\backend\.venv\Lib\site-packages\httpx\_client.py", line 1540, in request
    return await self.send(request, auth=auth, follow_redirects=follow_redirects)
           ^^^^^^^^^^^^^^^^^^^^^^^^^^^^^^^^^^^^^^^^^^^^^^^^^^^^^^^^^^^^^^^^^^^^^^
  File "C:\Users\inven\OneDrive\Documentos\GitHub\watchlist\6.Trading_Journal\backend\.venv\Lib\site-packages\httpx\_client.py", line 1629, in send
    response = await self._send_handling_auth(
               ^^^^^^^^^^^^^^^^^^^^^^^^^^^^^^^
    ...<4 lines>...
    )
    ^
  File "C:\Users\inven\OneDrive\Documentos\GitHub\watchlist\6.Trading_Journal\backend\.venv\Lib\site-packages\httpx\_client.py", line 1657, in _send_handling_auth
    response = await self._send_handling_redirects(
               ^^^^^^^^^^^^^^^^^^^^^^^^^^^^^^^^^^^^
    ...<3 lines>...
    )
    ^
  File "C:\Users\inven\OneDrive\Documentos\GitHub\watchlist\6.Trading_Journal\backend\.venv\Lib\site-packages\httpx\_client.py", line 1694, in _send_handling_redirects
    response = await self._send_single_request(request)
               ^^^^^^^^^^^^^^^^^^^^^^^^^^^^^^^^^^^^^^^^
  File "C:\Users\inven\OneDrive\Documentos\GitHub\watchlist\6.Trading_Journal\backend\.venv\Lib\site-packages\httpx\_client.py", line 1730, in _send_single_request
    response = await transport.handle_async_request(request)
               ^^^^^^^^^^^^^^^^^^^^^^^^^^^^^^^^^^^^^^^^^^^^^
  File "C:\Users\inven\OneDrive\Documentos\GitHub\watchlist\6.Trading_Journal\backend\.venv\Lib\site-packages\httpx\_transports\default.py", line 393, in handle_async_request
    with map_httpcore_exceptions():
         ~~~~~~~~~~~~~~~~~~~~~~~^^
  File "C:\Python314\Lib\contextlib.py", line 162, in __exit__
    self.gen.throw(value)
    ~~~~~~~~~~~~~~^^^^^^^
  File "C:\Users\inven\OneDrive\Documentos\GitHub\watchlist\6.Trading_Journal\backend\.venv\Lib\site-packages\httpx\_transports\default.py", line 118, in map_httpcore_exceptions
    raise mapped_exc(message) from exc
httpx.ReadTimeout

2026-01-28 20:10:57,119 | ERROR | services.position_monitor | Error fetching positions: ReadTimeout: 
2026-01-28 20:10:57,123 | ERROR | services.position_monitor | Traceback (most recent call last):
  File "C:\Users\inven\OneDrive\Documentos\GitHub\watchlist\6.Trading_Journal\backend\.venv\Lib\site-packages\httpx\_transports\default.py", line 101, in map_httpcore_exceptions
    yield
  File "C:\Users\inven\OneDrive\Documentos\GitHub\watchlist\6.Trading_Journal\backend\.venv\Lib\site-packages\httpx\_transports\default.py", line 394, in handle_async_request
    resp = await self._pool.handle_async_request(req)
           ^^^^^^^^^^^^^^^^^^^^^^^^^^^^^^^^^^^^^^^^^^
  File "C:\Users\inven\OneDrive\Documentos\GitHub\watchlist\6.Trading_Journal\backend\.venv\Lib\site-packages\httpcore\_async\connection_pool.py", line 256, in handle_async_request
    raise exc from None
  File "C:\Users\inven\OneDrive\Documentos\GitHub\watchlist\6.Trading_Journal\backend\.venv\Lib\site-packages\httpcore\_async\connection_pool.py", line 236, in handle_async_request
    response = await connection.handle_async_request(
               ^^^^^^^^^^^^^^^^^^^^^^^^^^^^^^^^^^^^^^
        pool_request.request
        ^^^^^^^^^^^^^^^^^^^^
    )
    ^
  File "C:\Users\inven\OneDrive\Documentos\GitHub\watchlist\6.Trading_Journal\backend\.venv\Lib\site-packages\httpcore\_async\connection.py", line 103, in handle_async_request
    return await self._connection.handle_async_request(request)
           ^^^^^^^^^^^^^^^^^^^^^^^^^^^^^^^^^^^^^^^^^^^^^^^^^^^^
  File "C:\Users\inven\OneDrive\Documentos\GitHub\watchlist\6.Trading_Journal\backend\.venv\Lib\site-packages\httpcore\_async\http11.py", line 136, in handle_async_request
    raise exc
  File "C:\Users\inven\OneDrive\Documentos\GitHub\watchlist\6.Trading_Journal\backend\.venv\Lib\site-packages\httpcore\_async\http11.py", line 106, in handle_async_request
    ) = await self._receive_response_headers(**kwargs)
        ^^^^^^^^^^^^^^^^^^^^^^^^^^^^^^^^^^^^^^^^^^^^^^
  File "C:\Users\inven\OneDrive\Documentos\GitHub\watchlist\6.Trading_Journal\backend\.venv\Lib\site-packages\httpcore\_async\http11.py", line 177, in _receive_response_headers
    event = await self._receive_event(timeout=timeout)
            ^^^^^^^^^^^^^^^^^^^^^^^^^^^^^^^^^^^^^^^^^^
  File "C:\Users\inven\OneDrive\Documentos\GitHub\watchlist\6.Trading_Journal\backend\.venv\Lib\site-packages\httpcore\_async\http11.py", line 217, in _receive_event
    data = await self._network_stream.read(
           ^^^^^^^^^^^^^^^^^^^^^^^^^^^^^^^^
        self.READ_NUM_BYTES, timeout=timeout
        ^^^^^^^^^^^^^^^^^^^^^^^^^^^^^^^^^^^^
    )
    ^
  File "C:\Users\inven\OneDrive\Documentos\GitHub\watchlist\6.Trading_Journal\backend\.venv\Lib\site-packages\httpcore\_backends\anyio.py", line 32, in read
    with map_exceptions(exc_map):
         ~~~~~~~~~~~~~~^^^^^^^^^
  File "C:\Python314\Lib\contextlib.py", line 162, in __exit__
    self.gen.throw(value)
    ~~~~~~~~~~~~~~^^^^^^^
  File "C:\Users\inven\OneDrive\Documentos\GitHub\watchlist\6.Trading_Journal\backend\.venv\Lib\site-packages\httpcore\_exceptions.py", line 14, in map_exceptions
    raise to_exc(exc) from exc
httpcore.ReadTimeout

The above exception was the direct cause of the following exception:

Traceback (most recent call last):
  File "C:\Users\inven\OneDrive\Documentos\GitHub\watchlist\6.Trading_Journal\backend\services\position_monitor.py", line 186, in _fetch_positions
    response = await self._http_client.get(
               ^^^^^^^^^^^^^^^^^^^^^^^^^^^^
        f"{self.trading_bot_url}/api/positions"
        ^^^^^^^^^^^^^^^^^^^^^^^^^^^^^^^^^^^^^^^
    )
    ^
  File "C:\Users\inven\OneDrive\Documentos\GitHub\watchlist\6.Trading_Journal\backend\.venv\Lib\site-packages\httpx\_client.py", line 1768, in get
    return await self.request(
           ^^^^^^^^^^^^^^^^^^^
    ...<9 lines>...
    )
    ^
  File "C:\Users\inven\OneDrive\Documentos\GitHub\watchlist\6.Trading_Journal\backend\.venv\Lib\site-packages\httpx\_client.py", line 1540, in request
    return await self.send(request, auth=auth, follow_redirects=follow_redirects)
           ^^^^^^^^^^^^^^^^^^^^^^^^^^^^^^^^^^^^^^^^^^^^^^^^^^^^^^^^^^^^^^^^^^^^^^
  File "C:\Users\inven\OneDrive\Documentos\GitHub\watchlist\6.Trading_Journal\backend\.venv\Lib\site-packages\httpx\_client.py", line 1629, in send
    response = await self._send_handling_auth(
               ^^^^^^^^^^^^^^^^^^^^^^^^^^^^^^^
    ...<4 lines>...
    )
    ^
  File "C:\Users\inven\OneDrive\Documentos\GitHub\watchlist\6.Trading_Journal\backend\.venv\Lib\site-packages\httpx\_client.py", line 1657, in _send_handling_auth
    response = await self._send_handling_redirects(
               ^^^^^^^^^^^^^^^^^^^^^^^^^^^^^^^^^^^^
    ...<3 lines>...
    )
    ^
  File "C:\Users\inven\OneDrive\Documentos\GitHub\watchlist\6.Trading_Journal\backend\.venv\Lib\site-packages\httpx\_client.py", line 1694, in _send_handling_redirects
    response = await self._send_single_request(request)
               ^^^^^^^^^^^^^^^^^^^^^^^^^^^^^^^^^^^^^^^^
  File "C:\Users\inven\OneDrive\Documentos\GitHub\watchlist\6.Trading_Journal\backend\.venv\Lib\site-packages\httpx\_client.py", line 1730, in _send_single_request
    response = await transport.handle_async_request(request)
               ^^^^^^^^^^^^^^^^^^^^^^^^^^^^^^^^^^^^^^^^^^^^^
  File "C:\Users\inven\OneDrive\Documentos\GitHub\watchlist\6.Trading_Journal\backend\.venv\Lib\site-packages\httpx\_transports\default.py", line 393, in handle_async_request
    with map_httpcore_exceptions():
         ~~~~~~~~~~~~~~~~~~~~~~~^^
  File "C:\Python314\Lib\contextlib.py", line 162, in __exit__
    self.gen.throw(value)
    ~~~~~~~~~~~~~~^^^^^^^
  File "C:\Users\inven\OneDrive\Documentos\GitHub\watchlist\6.Trading_Journal\backend\.venv\Lib\site-packages\httpx\_transports\default.py", line 118, in map_httpcore_exceptions
    raise mapped_exc(message) from exc
httpx.ReadTimeout

2026-01-28 20:11:12,408 | ERROR | services.position_monitor | Error fetching positions: ReadTimeout: 
2026-01-28 20:11:12,412 | ERROR | services.position_monitor | Traceback (most recent call last):
  File "C:\Users\inven\OneDrive\Documentos\GitHub\watchlist\6.Trading_Journal\backend\.venv\Lib\site-packages\httpx\_transports\default.py", line 101, in map_httpcore_exceptions
    yield
  File "C:\Users\inven\OneDrive\Documentos\GitHub\watchlist\6.Trading_Journal\backend\.venv\Lib\site-packages\httpx\_transports\default.py", line 394, in handle_async_request
    resp = await self._pool.handle_async_request(req)
           ^^^^^^^^^^^^^^^^^^^^^^^^^^^^^^^^^^^^^^^^^^
  File "C:\Users\inven\OneDrive\Documentos\GitHub\watchlist\6.Trading_Journal\backend\.venv\Lib\site-packages\httpcore\_async\connection_pool.py", line 256, in handle_async_request
    raise exc from None
  File "C:\Users\inven\OneDrive\Documentos\GitHub\watchlist\6.Trading_Journal\backend\.venv\Lib\site-packages\httpcore\_async\connection_pool.py", line 236, in handle_async_request
    response = await connection.handle_async_request(
               ^^^^^^^^^^^^^^^^^^^^^^^^^^^^^^^^^^^^^^
        pool_request.request
        ^^^^^^^^^^^^^^^^^^^^
    )
    ^
  File "C:\Users\inven\OneDrive\Documentos\GitHub\watchlist\6.Trading_Journal\backend\.venv\Lib\site-packages\httpcore\_async\connection.py", line 103, in handle_async_request
    return await self._connection.handle_async_request(request)
           ^^^^^^^^^^^^^^^^^^^^^^^^^^^^^^^^^^^^^^^^^^^^^^^^^^^^
  File "C:\Users\inven\OneDrive\Documentos\GitHub\watchlist\6.Trading_Journal\backend\.venv\Lib\site-packages\httpcore\_async\http11.py", line 136, in handle_async_request
    raise exc
  File "C:\Users\inven\OneDrive\Documentos\GitHub\watchlist\6.Trading_Journal\backend\.venv\Lib\site-packages\httpcore\_async\http11.py", line 106, in handle_async_request
    ) = await self._receive_response_headers(**kwargs)
        ^^^^^^^^^^^^^^^^^^^^^^^^^^^^^^^^^^^^^^^^^^^^^^
  File "C:\Users\inven\OneDrive\Documentos\GitHub\watchlist\6.Trading_Journal\backend\.venv\Lib\site-packages\httpcore\_async\http11.py", line 177, in _receive_response_headers
    event = await self._receive_event(timeout=timeout)
            ^^^^^^^^^^^^^^^^^^^^^^^^^^^^^^^^^^^^^^^^^^
  File "C:\Users\inven\OneDrive\Documentos\GitHub\watchlist\6.Trading_Journal\backend\.venv\Lib\site-packages\httpcore\_async\http11.py", line 217, in _receive_event
    data = await self._network_stream.read(
           ^^^^^^^^^^^^^^^^^^^^^^^^^^^^^^^^
        self.READ_NUM_BYTES, timeout=timeout
        ^^^^^^^^^^^^^^^^^^^^^^^^^^^^^^^^^^^^
    )
    ^
  File "C:\Users\inven\OneDrive\Documentos\GitHub\watchlist\6.Trading_Journal\backend\.venv\Lib\site-packages\httpcore\_backends\anyio.py", line 32, in read
    with map_exceptions(exc_map):
         ~~~~~~~~~~~~~~^^^^^^^^^
  File "C:\Python314\Lib\contextlib.py", line 162, in __exit__
    self.gen.throw(value)
    ~~~~~~~~~~~~~~^^^^^^^
  File "C:\Users\inven\OneDrive\Documentos\GitHub\watchlist\6.Trading_Journal\backend\.venv\Lib\site-packages\httpcore\_exceptions.py", line 14, in map_exceptions
    raise to_exc(exc) from exc
httpcore.ReadTimeout

The above exception was the direct cause of the following exception:

Traceback (most recent call last):
  File "C:\Users\inven\OneDrive\Documentos\GitHub\watchlist\6.Trading_Journal\backend\services\position_monitor.py", line 186, in _fetch_positions
    response = await self._http_client.get(
               ^^^^^^^^^^^^^^^^^^^^^^^^^^^^
        f"{self.trading_bot_url}/api/positions"
        ^^^^^^^^^^^^^^^^^^^^^^^^^^^^^^^^^^^^^^^
    )
    ^
  File "C:\Users\inven\OneDrive\Documentos\GitHub\watchlist\6.Trading_Journal\backend\.venv\Lib\site-packages\httpx\_client.py", line 1768, in get
    return await self.request(
           ^^^^^^^^^^^^^^^^^^^
    ...<9 lines>...
    )
    ^
  File "C:\Users\inven\OneDrive\Documentos\GitHub\watchlist\6.Trading_Journal\backend\.venv\Lib\site-packages\httpx\_client.py", line 1540, in request
    return await self.send(request, auth=auth, follow_redirects=follow_redirects)
           ^^^^^^^^^^^^^^^^^^^^^^^^^^^^^^^^^^^^^^^^^^^^^^^^^^^^^^^^^^^^^^^^^^^^^^
  File "C:\Users\inven\OneDrive\Documentos\GitHub\watchlist\6.Trading_Journal\backend\.venv\Lib\site-packages\httpx\_client.py", line 1629, in send
    response = await self._send_handling_auth(
               ^^^^^^^^^^^^^^^^^^^^^^^^^^^^^^^
    ...<4 lines>...
    )
    ^
  File "C:\Users\inven\OneDrive\Documentos\GitHub\watchlist\6.Trading_Journal\backend\.venv\Lib\site-packages\httpx\_client.py", line 1657, in _send_handling_auth
    response = await self._send_handling_redirects(
               ^^^^^^^^^^^^^^^^^^^^^^^^^^^^^^^^^^^^
    ...<3 lines>...
    )
    ^
  File "C:\Users\inven\OneDrive\Documentos\GitHub\watchlist\6.Trading_Journal\backend\.venv\Lib\site-packages\httpx\_client.py", line 1694, in _send_handling_redirects
    response = await self._send_single_request(request)
               ^^^^^^^^^^^^^^^^^^^^^^^^^^^^^^^^^^^^^^^^
  File "C:\Users\inven\OneDrive\Documentos\GitHub\watchlist\6.Trading_Journal\backend\.venv\Lib\site-packages\httpx\_client.py", line 1730, in _send_single_request
    response = await transport.handle_async_request(request)
               ^^^^^^^^^^^^^^^^^^^^^^^^^^^^^^^^^^^^^^^^^^^^^
  File "C:\Users\inven\OneDrive\Documentos\GitHub\watchlist\6.Trading_Journal\backend\.venv\Lib\site-packages\httpx\_transports\default.py", line 393, in handle_async_request
    with map_httpcore_exceptions():
         ~~~~~~~~~~~~~~~~~~~~~~~^^
  File "C:\Python314\Lib\contextlib.py", line 162, in __exit__
    self.gen.throw(value)
    ~~~~~~~~~~~~~~^^^^^^^
  File "C:\Users\inven\OneDrive\Documentos\GitHub\watchlist\6.Trading_Journal\backend\.venv\Lib\site-packages\httpx\_transports\default.py", line 118, in map_httpcore_exceptions
    raise mapped_exc(message) from exc
httpx.ReadTimeout

2026-01-28 20:11:27,708 | ERROR | services.position_monitor | Error fetching positions: ReadTimeout: 
2026-01-28 20:11:27,714 | ERROR | services.position_monitor | Traceback (most recent call last):
  File "C:\Users\inven\OneDrive\Documentos\GitHub\watchlist\6.Trading_Journal\backend\.venv\Lib\site-packages\httpx\_transports\default.py", line 101, in map_httpcore_exceptions
    yield
  File "C:\Users\inven\OneDrive\Documentos\GitHub\watchlist\6.Trading_Journal\backend\.venv\Lib\site-packages\httpx\_transports\default.py", line 394, in handle_async_request
    resp = await self._pool.handle_async_request(req)
           ^^^^^^^^^^^^^^^^^^^^^^^^^^^^^^^^^^^^^^^^^^
  File "C:\Users\inven\OneDrive\Documentos\GitHub\watchlist\6.Trading_Journal\backend\.venv\Lib\site-packages\httpcore\_async\connection_pool.py", line 256, in handle_async_request
    raise exc from None
  File "C:\Users\inven\OneDrive\Documentos\GitHub\watchlist\6.Trading_Journal\backend\.venv\Lib\site-packages\httpcore\_async\connection_pool.py", line 236, in handle_async_request
    response = await connection.handle_async_request(
               ^^^^^^^^^^^^^^^^^^^^^^^^^^^^^^^^^^^^^^
        pool_request.request
        ^^^^^^^^^^^^^^^^^^^^
    )
    ^
  File "C:\Users\inven\OneDrive\Documentos\GitHub\watchlist\6.Trading_Journal\backend\.venv\Lib\site-packages\httpcore\_async\connection.py", line 103, in handle_async_request
    return await self._connection.handle_async_request(request)
           ^^^^^^^^^^^^^^^^^^^^^^^^^^^^^^^^^^^^^^^^^^^^^^^^^^^^
  File "C:\Users\inven\OneDrive\Documentos\GitHub\watchlist\6.Trading_Journal\backend\.venv\Lib\site-packages\httpcore\_async\http11.py", line 136, in handle_async_request
    raise exc
  File "C:\Users\inven\OneDrive\Documentos\GitHub\watchlist\6.Trading_Journal\backend\.venv\Lib\site-packages\httpcore\_async\http11.py", line 106, in handle_async_request
    ) = await self._receive_response_headers(**kwargs)
        ^^^^^^^^^^^^^^^^^^^^^^^^^^^^^^^^^^^^^^^^^^^^^^
  File "C:\Users\inven\OneDrive\Documentos\GitHub\watchlist\6.Trading_Journal\backend\.venv\Lib\site-packages\httpcore\_async\http11.py", line 177, in _receive_response_headers
    event = await self._receive_event(timeout=timeout)
            ^^^^^^^^^^^^^^^^^^^^^^^^^^^^^^^^^^^^^^^^^^
  File "C:\Users\inven\OneDrive\Documentos\GitHub\watchlist\6.Trading_Journal\backend\.venv\Lib\site-packages\httpcore\_async\http11.py", line 217, in _receive_event
    data = await self._network_stream.read(
           ^^^^^^^^^^^^^^^^^^^^^^^^^^^^^^^^
        self.READ_NUM_BYTES, timeout=timeout
        ^^^^^^^^^^^^^^^^^^^^^^^^^^^^^^^^^^^^
    )
    ^
  File "C:\Users\inven\OneDrive\Documentos\GitHub\watchlist\6.Trading_Journal\backend\.venv\Lib\site-packages\httpcore\_backends\anyio.py", line 32, in read
    with map_exceptions(exc_map):
         ~~~~~~~~~~~~~~^^^^^^^^^
  File "C:\Python314\Lib\contextlib.py", line 162, in __exit__
    self.gen.throw(value)
    ~~~~~~~~~~~~~~^^^^^^^
  File "C:\Users\inven\OneDrive\Documentos\GitHub\watchlist\6.Trading_Journal\backend\.venv\Lib\site-packages\httpcore\_exceptions.py", line 14, in map_exceptions
    raise to_exc(exc) from exc
httpcore.ReadTimeout

The above exception was the direct cause of the following exception:

Traceback (most recent call last):
  File "C:\Users\inven\OneDrive\Documentos\GitHub\watchlist\6.Trading_Journal\backend\services\position_monitor.py", line 186, in _fetch_positions
    response = await self._http_client.get(
               ^^^^^^^^^^^^^^^^^^^^^^^^^^^^
        f"{self.trading_bot_url}/api/positions"
        ^^^^^^^^^^^^^^^^^^^^^^^^^^^^^^^^^^^^^^^
    )
    ^
  File "C:\Users\inven\OneDrive\Documentos\GitHub\watchlist\6.Trading_Journal\backend\.venv\Lib\site-packages\httpx\_client.py", line 1768, in get
    return await self.request(
           ^^^^^^^^^^^^^^^^^^^
    ...<9 lines>...
    )
    ^
  File "C:\Users\inven\OneDrive\Documentos\GitHub\watchlist\6.Trading_Journal\backend\.venv\Lib\site-packages\httpx\_client.py", line 1540, in request
    return await self.send(request, auth=auth, follow_redirects=follow_redirects)
           ^^^^^^^^^^^^^^^^^^^^^^^^^^^^^^^^^^^^^^^^^^^^^^^^^^^^^^^^^^^^^^^^^^^^^^
  File "C:\Users\inven\OneDrive\Documentos\GitHub\watchlist\6.Trading_Journal\backend\.venv\Lib\site-packages\httpx\_client.py", line 1629, in send
    response = await self._send_handling_auth(
               ^^^^^^^^^^^^^^^^^^^^^^^^^^^^^^^
    ...<4 lines>...
    )
    ^
  File "C:\Users\inven\OneDrive\Documentos\GitHub\watchlist\6.Trading_Journal\backend\.venv\Lib\site-packages\httpx\_client.py", line 1657, in _send_handling_auth
    response = await self._send_handling_redirects(
               ^^^^^^^^^^^^^^^^^^^^^^^^^^^^^^^^^^^^
    ...<3 lines>...
    )
    ^
  File "C:\Users\inven\OneDrive\Documentos\GitHub\watchlist\6.Trading_Journal\backend\.venv\Lib\site-packages\httpx\_client.py", line 1694, in _send_handling_redirects
    response = await self._send_single_request(request)
               ^^^^^^^^^^^^^^^^^^^^^^^^^^^^^^^^^^^^^^^^
  File "C:\Users\inven\OneDrive\Documentos\GitHub\watchlist\6.Trading_Journal\backend\.venv\Lib\site-packages\httpx\_client.py", line 1730, in _send_single_request
    response = await transport.handle_async_request(request)
               ^^^^^^^^^^^^^^^^^^^^^^^^^^^^^^^^^^^^^^^^^^^^^
  File "C:\Users\inven\OneDrive\Documentos\GitHub\watchlist\6.Trading_Journal\backend\.venv\Lib\site-packages\httpx\_transports\default.py", line 393, in handle_async_request
    with map_httpcore_exceptions():
         ~~~~~~~~~~~~~~~~~~~~~~~^^
  File "C:\Python314\Lib\contextlib.py", line 162, in __exit__
    self.gen.throw(value)
    ~~~~~~~~~~~~~~^^^^^^^
  File "C:\Users\inven\OneDrive\Documentos\GitHub\watchlist\6.Trading_Journal\backend\.venv\Lib\site-packages\httpx\_transports\default.py", line 118, in map_httpcore_exceptions
    raise mapped_exc(message) from exc
httpx.ReadTimeout

2026-01-28 20:11:43,009 | ERROR | services.position_monitor | Error fetching positions: ReadTimeout: 
2026-01-28 20:11:43,015 | ERROR | services.position_monitor | Traceback (most recent call last):
  File "C:\Users\inven\OneDrive\Documentos\GitHub\watchlist\6.Trading_Journal\backend\.venv\Lib\site-packages\httpx\_transports\default.py", line 101, in map_httpcore_exceptions
    yield
  File "C:\Users\inven\OneDrive\Documentos\GitHub\watchlist\6.Trading_Journal\backend\.venv\Lib\site-packages\httpx\_transports\default.py", line 394, in handle_async_request
    resp = await self._pool.handle_async_request(req)
           ^^^^^^^^^^^^^^^^^^^^^^^^^^^^^^^^^^^^^^^^^^
  File "C:\Users\inven\OneDrive\Documentos\GitHub\watchlist\6.Trading_Journal\backend\.venv\Lib\site-packages\httpcore\_async\connection_pool.py", line 256, in handle_async_request
    raise exc from None
  File "C:\Users\inven\OneDrive\Documentos\GitHub\watchlist\6.Trading_Journal\backend\.venv\Lib\site-packages\httpcore\_async\connection_pool.py", line 236, in handle_async_request
    response = await connection.handle_async_request(
               ^^^^^^^^^^^^^^^^^^^^^^^^^^^^^^^^^^^^^^
        pool_request.request
        ^^^^^^^^^^^^^^^^^^^^
    )
    ^
  File "C:\Users\inven\OneDrive\Documentos\GitHub\watchlist\6.Trading_Journal\backend\.venv\Lib\site-packages\httpcore\_async\connection.py", line 103, in handle_async_request
    return await self._connection.handle_async_request(request)
           ^^^^^^^^^^^^^^^^^^^^^^^^^^^^^^^^^^^^^^^^^^^^^^^^^^^^
  File "C:\Users\inven\OneDrive\Documentos\GitHub\watchlist\6.Trading_Journal\backend\.venv\Lib\site-packages\httpcore\_async\http11.py", line 136, in handle_async_request
    raise exc
  File "C:\Users\inven\OneDrive\Documentos\GitHub\watchlist\6.Trading_Journal\backend\.venv\Lib\site-packages\httpcore\_async\http11.py", line 106, in handle_async_request
    ) = await self._receive_response_headers(**kwargs)
        ^^^^^^^^^^^^^^^^^^^^^^^^^^^^^^^^^^^^^^^^^^^^^^
  File "C:\Users\inven\OneDrive\Documentos\GitHub\watchlist\6.Trading_Journal\backend\.venv\Lib\site-packages\httpcore\_async\http11.py", line 177, in _receive_response_headers
    event = await self._receive_event(timeout=timeout)
            ^^^^^^^^^^^^^^^^^^^^^^^^^^^^^^^^^^^^^^^^^^
  File "C:\Users\inven\OneDrive\Documentos\GitHub\watchlist\6.Trading_Journal\backend\.venv\Lib\site-packages\httpcore\_async\http11.py", line 217, in _receive_event
    data = await self._network_stream.read(
           ^^^^^^^^^^^^^^^^^^^^^^^^^^^^^^^^
        self.READ_NUM_BYTES, timeout=timeout
        ^^^^^^^^^^^^^^^^^^^^^^^^^^^^^^^^^^^^
    )
    ^
  File "C:\Users\inven\OneDrive\Documentos\GitHub\watchlist\6.Trading_Journal\backend\.venv\Lib\site-packages\httpcore\_backends\anyio.py", line 32, in read
    with map_exceptions(exc_map):
         ~~~~~~~~~~~~~~^^^^^^^^^
  File "C:\Python314\Lib\contextlib.py", line 162, in __exit__
    self.gen.throw(value)
    ~~~~~~~~~~~~~~^^^^^^^
  File "C:\Users\inven\OneDrive\Documentos\GitHub\watchlist\6.Trading_Journal\backend\.venv\Lib\site-packages\httpcore\_exceptions.py", line 14, in map_exceptions
    raise to_exc(exc) from exc
httpcore.ReadTimeout

The above exception was the direct cause of the following exception:

Traceback (most recent call last):
  File "C:\Users\inven\OneDrive\Documentos\GitHub\watchlist\6.Trading_Journal\backend\services\position_monitor.py", line 186, in _fetch_positions
    response = await self._http_client.get(
               ^^^^^^^^^^^^^^^^^^^^^^^^^^^^
        f"{self.trading_bot_url}/api/positions"
        ^^^^^^^^^^^^^^^^^^^^^^^^^^^^^^^^^^^^^^^
    )
    ^
  File "C:\Users\inven\OneDrive\Documentos\GitHub\watchlist\6.Trading_Journal\backend\.venv\Lib\site-packages\httpx\_client.py", line 1768, in get
    return await self.request(
           ^^^^^^^^^^^^^^^^^^^
    ...<9 lines>...
    )
    ^
  File "C:\Users\inven\OneDrive\Documentos\GitHub\watchlist\6.Trading_Journal\backend\.venv\Lib\site-packages\httpx\_client.py", line 1540, in request
    return await self.send(request, auth=auth, follow_redirects=follow_redirects)
           ^^^^^^^^^^^^^^^^^^^^^^^^^^^^^^^^^^^^^^^^^^^^^^^^^^^^^^^^^^^^^^^^^^^^^^
  File "C:\Users\inven\OneDrive\Documentos\GitHub\watchlist\6.Trading_Journal\backend\.venv\Lib\site-packages\httpx\_client.py", line 1629, in send
    response = await self._send_handling_auth(
               ^^^^^^^^^^^^^^^^^^^^^^^^^^^^^^^
    ...<4 lines>...
    )
    ^
  File "C:\Users\inven\OneDrive\Documentos\GitHub\watchlist\6.Trading_Journal\backend\.venv\Lib\site-packages\httpx\_client.py", line 1657, in _send_handling_auth
    response = await self._send_handling_redirects(
               ^^^^^^^^^^^^^^^^^^^^^^^^^^^^^^^^^^^^
    ...<3 lines>...
    )
    ^
  File "C:\Users\inven\OneDrive\Documentos\GitHub\watchlist\6.Trading_Journal\backend\.venv\Lib\site-packages\httpx\_client.py", line 1694, in _send_handling_redirects
    response = await self._send_single_request(request)
               ^^^^^^^^^^^^^^^^^^^^^^^^^^^^^^^^^^^^^^^^
  File "C:\Users\inven\OneDrive\Documentos\GitHub\watchlist\6.Trading_Journal\backend\.venv\Lib\site-packages\httpx\_client.py", line 1730, in _send_single_request
    response = await transport.handle_async_request(request)
               ^^^^^^^^^^^^^^^^^^^^^^^^^^^^^^^^^^^^^^^^^^^^^
  File "C:\Users\inven\OneDrive\Documentos\GitHub\watchlist\6.Trading_Journal\backend\.venv\Lib\site-packages\httpx\_transports\default.py", line 393, in handle_async_request
    with map_httpcore_exceptions():
         ~~~~~~~~~~~~~~~~~~~~~~~^^
  File "C:\Python314\Lib\contextlib.py", line 162, in __exit__
    self.gen.throw(value)
    ~~~~~~~~~~~~~~^^^^^^^
  File "C:\Users\inven\OneDrive\Documentos\GitHub\watchlist\6.Trading_Journal\backend\.venv\Lib\site-packages\httpx\_transports\default.py", line 118, in map_httpcore_exceptions
    raise mapped_exc(message) from exc
httpx.ReadTimeout

2026-01-28 20:11:58,295 | ERROR | services.position_monitor | Error fetching positions: ReadTimeout: 
2026-01-28 20:11:58,299 | ERROR | services.position_monitor | Traceback (most recent call last):
  File "C:\Users\inven\OneDrive\Documentos\GitHub\watchlist\6.Trading_Journal\backend\.venv\Lib\site-packages\httpx\_transports\default.py", line 101, in map_httpcore_exceptions
    yield
  File "C:\Users\inven\OneDrive\Documentos\GitHub\watchlist\6.Trading_Journal\backend\.venv\Lib\site-packages\httpx\_transports\default.py", line 394, in handle_async_request
    resp = await self._pool.handle_async_request(req)
           ^^^^^^^^^^^^^^^^^^^^^^^^^^^^^^^^^^^^^^^^^^
  File "C:\Users\inven\OneDrive\Documentos\GitHub\watchlist\6.Trading_Journal\backend\.venv\Lib\site-packages\httpcore\_async\connection_pool.py", line 256, in handle_async_request
    raise exc from None
  File "C:\Users\inven\OneDrive\Documentos\GitHub\watchlist\6.Trading_Journal\backend\.venv\Lib\site-packages\httpcore\_async\connection_pool.py", line 236, in handle_async_request
    response = await connection.handle_async_request(
               ^^^^^^^^^^^^^^^^^^^^^^^^^^^^^^^^^^^^^^
        pool_request.request
        ^^^^^^^^^^^^^^^^^^^^
    )
    ^
  File "C:\Users\inven\OneDrive\Documentos\GitHub\watchlist\6.Trading_Journal\backend\.venv\Lib\site-packages\httpcore\_async\connection.py", line 103, in handle_async_request
    return await self._connection.handle_async_request(request)
           ^^^^^^^^^^^^^^^^^^^^^^^^^^^^^^^^^^^^^^^^^^^^^^^^^^^^
  File "C:\Users\inven\OneDrive\Documentos\GitHub\watchlist\6.Trading_Journal\backend\.venv\Lib\site-packages\httpcore\_async\http11.py", line 136, in handle_async_request
    raise exc
  File "C:\Users\inven\OneDrive\Documentos\GitHub\watchlist\6.Trading_Journal\backend\.venv\Lib\site-packages\httpcore\_async\http11.py", line 106, in handle_async_request
    ) = await self._receive_response_headers(**kwargs)
        ^^^^^^^^^^^^^^^^^^^^^^^^^^^^^^^^^^^^^^^^^^^^^^
  File "C:\Users\inven\OneDrive\Documentos\GitHub\watchlist\6.Trading_Journal\backend\.venv\Lib\site-packages\httpcore\_async\http11.py", line 177, in _receive_response_headers
    event = await self._receive_event(timeout=timeout)
            ^^^^^^^^^^^^^^^^^^^^^^^^^^^^^^^^^^^^^^^^^^
  File "C:\Users\inven\OneDrive\Documentos\GitHub\watchlist\6.Trading_Journal\backend\.venv\Lib\site-packages\httpcore\_async\http11.py", line 217, in _receive_event
    data = await self._network_stream.read(
           ^^^^^^^^^^^^^^^^^^^^^^^^^^^^^^^^
        self.READ_NUM_BYTES, timeout=timeout
        ^^^^^^^^^^^^^^^^^^^^^^^^^^^^^^^^^^^^
    )
    ^
  File "C:\Users\inven\OneDrive\Documentos\GitHub\watchlist\6.Trading_Journal\backend\.venv\Lib\site-packages\httpcore\_backends\anyio.py", line 32, in read
    with map_exceptions(exc_map):
         ~~~~~~~~~~~~~~^^^^^^^^^
  File "C:\Python314\Lib\contextlib.py", line 162, in __exit__
    self.gen.throw(value)
    ~~~~~~~~~~~~~~^^^^^^^
  File "C:\Users\inven\OneDrive\Documentos\GitHub\watchlist\6.Trading_Journal\backend\.venv\Lib\site-packages\httpcore\_exceptions.py", line 14, in map_exceptions
    raise to_exc(exc) from exc
httpcore.ReadTimeout

The above exception was the direct cause of the following exception:

Traceback (most recent call last):
  File "C:\Users\inven\OneDrive\Documentos\GitHub\watchlist\6.Trading_Journal\backend\services\position_monitor.py", line 186, in _fetch_positions
    response = await self._http_client.get(
               ^^^^^^^^^^^^^^^^^^^^^^^^^^^^
        f"{self.trading_bot_url}/api/positions"
        ^^^^^^^^^^^^^^^^^^^^^^^^^^^^^^^^^^^^^^^
    )
    ^
  File "C:\Users\inven\OneDrive\Documentos\GitHub\watchlist\6.Trading_Journal\backend\.venv\Lib\site-packages\httpx\_client.py", line 1768, in get
    return await self.request(
           ^^^^^^^^^^^^^^^^^^^
    ...<9 lines>...
    )
    ^
  File "C:\Users\inven\OneDrive\Documentos\GitHub\watchlist\6.Trading_Journal\backend\.venv\Lib\site-packages\httpx\_client.py", line 1540, in request
    return await self.send(request, auth=auth, follow_redirects=follow_redirects)
           ^^^^^^^^^^^^^^^^^^^^^^^^^^^^^^^^^^^^^^^^^^^^^^^^^^^^^^^^^^^^^^^^^^^^^^
  File "C:\Users\inven\OneDrive\Documentos\GitHub\watchlist\6.Trading_Journal\backend\.venv\Lib\site-packages\httpx\_client.py", line 1629, in send
    response = await self._send_handling_auth(
               ^^^^^^^^^^^^^^^^^^^^^^^^^^^^^^^
    ...<4 lines>...
    )
    ^
  File "C:\Users\inven\OneDrive\Documentos\GitHub\watchlist\6.Trading_Journal\backend\.venv\Lib\site-packages\httpx\_client.py", line 1657, in _send_handling_auth
    response = await self._send_handling_redirects(
               ^^^^^^^^^^^^^^^^^^^^^^^^^^^^^^^^^^^^
    ...<3 lines>...
    )
    ^
  File "C:\Users\inven\OneDrive\Documentos\GitHub\watchlist\6.Trading_Journal\backend\.venv\Lib\site-packages\httpx\_client.py", line 1694, in _send_handling_redirects
    response = await self._send_single_request(request)
               ^^^^^^^^^^^^^^^^^^^^^^^^^^^^^^^^^^^^^^^^
  File "C:\Users\inven\OneDrive\Documentos\GitHub\watchlist\6.Trading_Journal\backend\.venv\Lib\site-packages\httpx\_client.py", line 1730, in _send_single_request
    response = await transport.handle_async_request(request)
               ^^^^^^^^^^^^^^^^^^^^^^^^^^^^^^^^^^^^^^^^^^^^^
  File "C:\Users\inven\OneDrive\Documentos\GitHub\watchlist\6.Trading_Journal\backend\.venv\Lib\site-packages\httpx\_transports\default.py", line 393, in handle_async_request
    with map_httpcore_exceptions():
         ~~~~~~~~~~~~~~~~~~~~~~~^^
  File "C:\Python314\Lib\contextlib.py", line 162, in __exit__
    self.gen.throw(value)
    ~~~~~~~~~~~~~~^^^^^^^
  File "C:\Users\inven\OneDrive\Documentos\GitHub\watchlist\6.Trading_Journal\backend\.venv\Lib\site-packages\httpx\_transports\default.py", line 118, in map_httpcore_exceptions
    raise mapped_exc(message) from exc
httpx.ReadTimeout

2026-01-28 20:12:13,587 | ERROR | services.position_monitor | Error fetching positions: ReadTimeout: 
2026-01-28 20:12:13,592 | ERROR | services.position_monitor | Traceback (most recent call last):
  File "C:\Users\inven\OneDrive\Documentos\GitHub\watchlist\6.Trading_Journal\backend\.venv\Lib\site-packages\httpx\_transports\default.py", line 101, in map_httpcore_exceptions
    yield
  File "C:\Users\inven\OneDrive\Documentos\GitHub\watchlist\6.Trading_Journal\backend\.venv\Lib\site-packages\httpx\_transports\default.py", line 394, in handle_async_request
    resp = await self._pool.handle_async_request(req)
           ^^^^^^^^^^^^^^^^^^^^^^^^^^^^^^^^^^^^^^^^^^
  File "C:\Users\inven\OneDrive\Documentos\GitHub\watchlist\6.Trading_Journal\backend\.venv\Lib\site-packages\httpcore\_async\connection_pool.py", line 256, in handle_async_request
    raise exc from None
  File "C:\Users\inven\OneDrive\Documentos\GitHub\watchlist\6.Trading_Journal\backend\.venv\Lib\site-packages\httpcore\_async\connection_pool.py", line 236, in handle_async_request
    response = await connection.handle_async_request(
               ^^^^^^^^^^^^^^^^^^^^^^^^^^^^^^^^^^^^^^
        pool_request.request
        ^^^^^^^^^^^^^^^^^^^^
    )
    ^
  File "C:\Users\inven\OneDrive\Documentos\GitHub\watchlist\6.Trading_Journal\backend\.venv\Lib\site-packages\httpcore\_async\connection.py", line 103, in handle_async_request
    return await self._connection.handle_async_request(request)
           ^^^^^^^^^^^^^^^^^^^^^^^^^^^^^^^^^^^^^^^^^^^^^^^^^^^^
  File "C:\Users\inven\OneDrive\Documentos\GitHub\watchlist\6.Trading_Journal\backend\.venv\Lib\site-packages\httpcore\_async\http11.py", line 136, in handle_async_request
    raise exc
  File "C:\Users\inven\OneDrive\Documentos\GitHub\watchlist\6.Trading_Journal\backend\.venv\Lib\site-packages\httpcore\_async\http11.py", line 106, in handle_async_request
    ) = await self._receive_response_headers(**kwargs)
        ^^^^^^^^^^^^^^^^^^^^^^^^^^^^^^^^^^^^^^^^^^^^^^
  File "C:\Users\inven\OneDrive\Documentos\GitHub\watchlist\6.Trading_Journal\backend\.venv\Lib\site-packages\httpcore\_async\http11.py", line 177, in _receive_response_headers
    event = await self._receive_event(timeout=timeout)
            ^^^^^^^^^^^^^^^^^^^^^^^^^^^^^^^^^^^^^^^^^^
  File "C:\Users\inven\OneDrive\Documentos\GitHub\watchlist\6.Trading_Journal\backend\.venv\Lib\site-packages\httpcore\_async\http11.py", line 217, in _receive_event
    data = await self._network_stream.read(
           ^^^^^^^^^^^^^^^^^^^^^^^^^^^^^^^^
        self.READ_NUM_BYTES, timeout=timeout
        ^^^^^^^^^^^^^^^^^^^^^^^^^^^^^^^^^^^^
    )
    ^
  File "C:\Users\inven\OneDrive\Documentos\GitHub\watchlist\6.Trading_Journal\backend\.venv\Lib\site-packages\httpcore\_backends\anyio.py", line 32, in read
    with map_exceptions(exc_map):
         ~~~~~~~~~~~~~~^^^^^^^^^
  File "C:\Python314\Lib\contextlib.py", line 162, in __exit__
    self.gen.throw(value)
    ~~~~~~~~~~~~~~^^^^^^^
  File "C:\Users\inven\OneDrive\Documentos\GitHub\watchlist\6.Trading_Journal\backend\.venv\Lib\site-packages\httpcore\_exceptions.py", line 14, in map_exceptions
    raise to_exc(exc) from exc
httpcore.ReadTimeout

The above exception was the direct cause of the following exception:

Traceback (most recent call last):
  File "C:\Users\inven\OneDrive\Documentos\GitHub\watchlist\6.Trading_Journal\backend\services\position_monitor.py", line 186, in _fetch_positions
    response = await self._http_client.get(
               ^^^^^^^^^^^^^^^^^^^^^^^^^^^^
        f"{self.trading_bot_url}/api/positions"
        ^^^^^^^^^^^^^^^^^^^^^^^^^^^^^^^^^^^^^^^
    )
    ^
  File "C:\Users\inven\OneDrive\Documentos\GitHub\watchlist\6.Trading_Journal\backend\.venv\Lib\site-packages\httpx\_client.py", line 1768, in get
    return await self.request(
           ^^^^^^^^^^^^^^^^^^^
    ...<9 lines>...
    )
    ^
  File "C:\Users\inven\OneDrive\Documentos\GitHub\watchlist\6.Trading_Journal\backend\.venv\Lib\site-packages\httpx\_client.py", line 1540, in request
    return await self.send(request, auth=auth, follow_redirects=follow_redirects)
           ^^^^^^^^^^^^^^^^^^^^^^^^^^^^^^^^^^^^^^^^^^^^^^^^^^^^^^^^^^^^^^^^^^^^^^
  File "C:\Users\inven\OneDrive\Documentos\GitHub\watchlist\6.Trading_Journal\backend\.venv\Lib\site-packages\httpx\_client.py", line 1629, in send
    response = await self._send_handling_auth(
               ^^^^^^^^^^^^^^^^^^^^^^^^^^^^^^^
    ...<4 lines>...
    )
    ^
  File "C:\Users\inven\OneDrive\Documentos\GitHub\watchlist\6.Trading_Journal\backend\.venv\Lib\site-packages\httpx\_client.py", line 1657, in _send_handling_auth
    response = await self._send_handling_redirects(
               ^^^^^^^^^^^^^^^^^^^^^^^^^^^^^^^^^^^^
    ...<3 lines>...
    )
    ^
  File "C:\Users\inven\OneDrive\Documentos\GitHub\watchlist\6.Trading_Journal\backend\.venv\Lib\site-packages\httpx\_client.py", line 1694, in _send_handling_redirects
    response = await self._send_single_request(request)
               ^^^^^^^^^^^^^^^^^^^^^^^^^^^^^^^^^^^^^^^^
  File "C:\Users\inven\OneDrive\Documentos\GitHub\watchlist\6.Trading_Journal\backend\.venv\Lib\site-packages\httpx\_client.py", line 1730, in _send_single_request
    response = await transport.handle_async_request(request)
               ^^^^^^^^^^^^^^^^^^^^^^^^^^^^^^^^^^^^^^^^^^^^^
  File "C:\Users\inven\OneDrive\Documentos\GitHub\watchlist\6.Trading_Journal\backend\.venv\Lib\site-packages\httpx\_transports\default.py", line 393, in handle_async_request
    with map_httpcore_exceptions():
         ~~~~~~~~~~~~~~~~~~~~~~~^^
  File "C:\Python314\Lib\contextlib.py", line 162, in __exit__
    self.gen.throw(value)
    ~~~~~~~~~~~~~~^^^^^^^
  File "C:\Users\inven\OneDrive\Documentos\GitHub\watchlist\6.Trading_Journal\backend\.venv\Lib\site-packages\httpx\_transports\default.py", line 118, in map_httpcore_exceptions
    raise mapped_exc(message) from exc
httpx.ReadTimeout

2026-01-28 20:12:28,891 | ERROR | services.position_monitor | Error fetching positions: ReadTimeout: 
2026-01-28 20:12:28,900 | ERROR | services.position_monitor | Traceback (most recent call last):
  File "C:\Users\inven\OneDrive\Documentos\GitHub\watchlist\6.Trading_Journal\backend\.venv\Lib\site-packages\httpx\_transports\default.py", line 101, in map_httpcore_exceptions
    yield
  File "C:\Users\inven\OneDrive\Documentos\GitHub\watchlist\6.Trading_Journal\backend\.venv\Lib\site-packages\httpx\_transports\default.py", line 394, in handle_async_request
    resp = await self._pool.handle_async_request(req)
           ^^^^^^^^^^^^^^^^^^^^^^^^^^^^^^^^^^^^^^^^^^
  File "C:\Users\inven\OneDrive\Documentos\GitHub\watchlist\6.Trading_Journal\backend\.venv\Lib\site-packages\httpcore\_async\connection_pool.py", line 256, in handle_async_request
    raise exc from None
  File "C:\Users\inven\OneDrive\Documentos\GitHub\watchlist\6.Trading_Journal\backend\.venv\Lib\site-packages\httpcore\_async\connection_pool.py", line 236, in handle_async_request
    response = await connection.handle_async_request(
               ^^^^^^^^^^^^^^^^^^^^^^^^^^^^^^^^^^^^^^
        pool_request.request
        ^^^^^^^^^^^^^^^^^^^^
    )
    ^
  File "C:\Users\inven\OneDrive\Documentos\GitHub\watchlist\6.Trading_Journal\backend\.venv\Lib\site-packages\httpcore\_async\connection.py", line 103, in handle_async_request
    return await self._connection.handle_async_request(request)
           ^^^^^^^^^^^^^^^^^^^^^^^^^^^^^^^^^^^^^^^^^^^^^^^^^^^^
  File "C:\Users\inven\OneDrive\Documentos\GitHub\watchlist\6.Trading_Journal\backend\.venv\Lib\site-packages\httpcore\_async\http11.py", line 136, in handle_async_request
    raise exc
  File "C:\Users\inven\OneDrive\Documentos\GitHub\watchlist\6.Trading_Journal\backend\.venv\Lib\site-packages\httpcore\_async\http11.py", line 106, in handle_async_request
    ) = await self._receive_response_headers(**kwargs)
        ^^^^^^^^^^^^^^^^^^^^^^^^^^^^^^^^^^^^^^^^^^^^^^
  File "C:\Users\inven\OneDrive\Documentos\GitHub\watchlist\6.Trading_Journal\backend\.venv\Lib\site-packages\httpcore\_async\http11.py", line 177, in _receive_response_headers
    event = await self._receive_event(timeout=timeout)
            ^^^^^^^^^^^^^^^^^^^^^^^^^^^^^^^^^^^^^^^^^^
  File "C:\Users\inven\OneDrive\Documentos\GitHub\watchlist\6.Trading_Journal\backend\.venv\Lib\site-packages\httpcore\_async\http11.py", line 217, in _receive_event
    data = await self._network_stream.read(
           ^^^^^^^^^^^^^^^^^^^^^^^^^^^^^^^^
        self.READ_NUM_BYTES, timeout=timeout
        ^^^^^^^^^^^^^^^^^^^^^^^^^^^^^^^^^^^^
    )
    ^
  File "C:\Users\inven\OneDrive\Documentos\GitHub\watchlist\6.Trading_Journal\backend\.venv\Lib\site-packages\httpcore\_backends\anyio.py", line 32, in read
    with map_exceptions(exc_map):
         ~~~~~~~~~~~~~~^^^^^^^^^
  File "C:\Python314\Lib\contextlib.py", line 162, in __exit__
    self.gen.throw(value)
    ~~~~~~~~~~~~~~^^^^^^^
  File "C:\Users\inven\OneDrive\Documentos\GitHub\watchlist\6.Trading_Journal\backend\.venv\Lib\site-packages\httpcore\_exceptions.py", line 14, in map_exceptions
    raise to_exc(exc) from exc
httpcore.ReadTimeout

The above exception was the direct cause of the following exception:

Traceback (most recent call last):
  File "C:\Users\inven\OneDrive\Documentos\GitHub\watchlist\6.Trading_Journal\backend\services\position_monitor.py", line 186, in _fetch_positions
    response = await self._http_client.get(
               ^^^^^^^^^^^^^^^^^^^^^^^^^^^^
        f"{self.trading_bot_url}/api/positions"
        ^^^^^^^^^^^^^^^^^^^^^^^^^^^^^^^^^^^^^^^
    )
    ^
  File "C:\Users\inven\OneDrive\Documentos\GitHub\watchlist\6.Trading_Journal\backend\.venv\Lib\site-packages\httpx\_client.py", line 1768, in get
    return await self.request(
           ^^^^^^^^^^^^^^^^^^^
    ...<9 lines>...
    )
    ^
  File "C:\Users\inven\OneDrive\Documentos\GitHub\watchlist\6.Trading_Journal\backend\.venv\Lib\site-packages\httpx\_client.py", line 1540, in request
    return await self.send(request, auth=auth, follow_redirects=follow_redirects)
           ^^^^^^^^^^^^^^^^^^^^^^^^^^^^^^^^^^^^^^^^^^^^^^^^^^^^^^^^^^^^^^^^^^^^^^
  File "C:\Users\inven\OneDrive\Documentos\GitHub\watchlist\6.Trading_Journal\backend\.venv\Lib\site-packages\httpx\_client.py", line 1629, in send
    response = await self._send_handling_auth(
               ^^^^^^^^^^^^^^^^^^^^^^^^^^^^^^^
    ...<4 lines>...
    )
    ^
  File "C:\Users\inven\OneDrive\Documentos\GitHub\watchlist\6.Trading_Journal\backend\.venv\Lib\site-packages\httpx\_client.py", line 1657, in _send_handling_auth
    response = await self._send_handling_redirects(
               ^^^^^^^^^^^^^^^^^^^^^^^^^^^^^^^^^^^^
    ...<3 lines>...
    )
    ^
  File "C:\Users\inven\OneDrive\Documentos\GitHub\watchlist\6.Trading_Journal\backend\.venv\Lib\site-packages\httpx\_client.py", line 1694, in _send_handling_redirects
    response = await self._send_single_request(request)
               ^^^^^^^^^^^^^^^^^^^^^^^^^^^^^^^^^^^^^^^^
  File "C:\Users\inven\OneDrive\Documentos\GitHub\watchlist\6.Trading_Journal\backend\.venv\Lib\site-packages\httpx\_client.py", line 1730, in _send_single_request
    response = await transport.handle_async_request(request)
               ^^^^^^^^^^^^^^^^^^^^^^^^^^^^^^^^^^^^^^^^^^^^^
  File "C:\Users\inven\OneDrive\Documentos\GitHub\watchlist\6.Trading_Journal\backend\.venv\Lib\site-packages\httpx\_transports\default.py", line 393, in handle_async_request
    with map_httpcore_exceptions():
         ~~~~~~~~~~~~~~~~~~~~~~~^^
  File "C:\Python314\Lib\contextlib.py", line 162, in __exit__
    self.gen.throw(value)
    ~~~~~~~~~~~~~~^^^^^^^
  File "C:\Users\inven\OneDrive\Documentos\GitHub\watchlist\6.Trading_Journal\backend\.venv\Lib\site-packages\httpx\_transports\default.py", line 118, in map_httpcore_exceptions
    raise mapped_exc(message) from exc
httpx.ReadTimeout

2026-01-28 20:12:44,185 | ERROR | services.position_monitor | Error fetching positions: ReadTimeout: 
2026-01-28 20:12:44,191 | ERROR | services.position_monitor | Traceback (most recent call last):
  File "C:\Users\inven\OneDrive\Documentos\GitHub\watchlist\6.Trading_Journal\backend\.venv\Lib\site-packages\httpx\_transports\default.py", line 101, in map_httpcore_exceptions
    yield
  File "C:\Users\inven\OneDrive\Documentos\GitHub\watchlist\6.Trading_Journal\backend\.venv\Lib\site-packages\httpx\_transports\default.py", line 394, in handle_async_request
    resp = await self._pool.handle_async_request(req)
           ^^^^^^^^^^^^^^^^^^^^^^^^^^^^^^^^^^^^^^^^^^
  File "C:\Users\inven\OneDrive\Documentos\GitHub\watchlist\6.Trading_Journal\backend\.venv\Lib\site-packages\httpcore\_async\connection_pool.py", line 256, in handle_async_request
    raise exc from None
  File "C:\Users\inven\OneDrive\Documentos\GitHub\watchlist\6.Trading_Journal\backend\.venv\Lib\site-packages\httpcore\_async\connection_pool.py", line 236, in handle_async_request
    response = await connection.handle_async_request(
               ^^^^^^^^^^^^^^^^^^^^^^^^^^^^^^^^^^^^^^
        pool_request.request
        ^^^^^^^^^^^^^^^^^^^^
    )
    ^
  File "C:\Users\inven\OneDrive\Documentos\GitHub\watchlist\6.Trading_Journal\backend\.venv\Lib\site-packages\httpcore\_async\connection.py", line 103, in handle_async_request
    return await self._connection.handle_async_request(request)
           ^^^^^^^^^^^^^^^^^^^^^^^^^^^^^^^^^^^^^^^^^^^^^^^^^^^^
  File "C:\Users\inven\OneDrive\Documentos\GitHub\watchlist\6.Trading_Journal\backend\.venv\Lib\site-packages\httpcore\_async\http11.py", line 136, in handle_async_request
    raise exc
  File "C:\Users\inven\OneDrive\Documentos\GitHub\watchlist\6.Trading_Journal\backend\.venv\Lib\site-packages\httpcore\_async\http11.py", line 106, in handle_async_request
    ) = await self._receive_response_headers(**kwargs)
        ^^^^^^^^^^^^^^^^^^^^^^^^^^^^^^^^^^^^^^^^^^^^^^
  File "C:\Users\inven\OneDrive\Documentos\GitHub\watchlist\6.Trading_Journal\backend\.venv\Lib\site-packages\httpcore\_async\http11.py", line 177, in _receive_response_headers
    event = await self._receive_event(timeout=timeout)
            ^^^^^^^^^^^^^^^^^^^^^^^^^^^^^^^^^^^^^^^^^^
  File "C:\Users\inven\OneDrive\Documentos\GitHub\watchlist\6.Trading_Journal\backend\.venv\Lib\site-packages\httpcore\_async\http11.py", line 217, in _receive_event
    data = await self._network_stream.read(
           ^^^^^^^^^^^^^^^^^^^^^^^^^^^^^^^^
        self.READ_NUM_BYTES, timeout=timeout
        ^^^^^^^^^^^^^^^^^^^^^^^^^^^^^^^^^^^^
    )
    ^
  File "C:\Users\inven\OneDrive\Documentos\GitHub\watchlist\6.Trading_Journal\backend\.venv\Lib\site-packages\httpcore\_backends\anyio.py", line 32, in read
    with map_exceptions(exc_map):
         ~~~~~~~~~~~~~~^^^^^^^^^
  File "C:\Python314\Lib\contextlib.py", line 162, in __exit__
    self.gen.throw(value)
    ~~~~~~~~~~~~~~^^^^^^^
  File "C:\Users\inven\OneDrive\Documentos\GitHub\watchlist\6.Trading_Journal\backend\.venv\Lib\site-packages\httpcore\_exceptions.py", line 14, in map_exceptions
    raise to_exc(exc) from exc
httpcore.ReadTimeout

The above exception was the direct cause of the following exception:

Traceback (most recent call last):
  File "C:\Users\inven\OneDrive\Documentos\GitHub\watchlist\6.Trading_Journal\backend\services\position_monitor.py", line 186, in _fetch_positions
    response = await self._http_client.get(
               ^^^^^^^^^^^^^^^^^^^^^^^^^^^^
        f"{self.trading_bot_url}/api/positions"
        ^^^^^^^^^^^^^^^^^^^^^^^^^^^^^^^^^^^^^^^
    )
    ^
  File "C:\Users\inven\OneDrive\Documentos\GitHub\watchlist\6.Trading_Journal\backend\.venv\Lib\site-packages\httpx\_client.py", line 1768, in get
    return await self.request(
           ^^^^^^^^^^^^^^^^^^^
    ...<9 lines>...
    )
    ^
  File "C:\Users\inven\OneDrive\Documentos\GitHub\watchlist\6.Trading_Journal\backend\.venv\Lib\site-packages\httpx\_client.py", line 1540, in request
    return await self.send(request, auth=auth, follow_redirects=follow_redirects)
           ^^^^^^^^^^^^^^^^^^^^^^^^^^^^^^^^^^^^^^^^^^^^^^^^^^^^^^^^^^^^^^^^^^^^^^
  File "C:\Users\inven\OneDrive\Documentos\GitHub\watchlist\6.Trading_Journal\backend\.venv\Lib\site-packages\httpx\_client.py", line 1629, in send
    response = await self._send_handling_auth(
               ^^^^^^^^^^^^^^^^^^^^^^^^^^^^^^^
    ...<4 lines>...
    )
    ^
  File "C:\Users\inven\OneDrive\Documentos\GitHub\watchlist\6.Trading_Journal\backend\.venv\Lib\site-packages\httpx\_client.py", line 1657, in _send_handling_auth
    response = await self._send_handling_redirects(
               ^^^^^^^^^^^^^^^^^^^^^^^^^^^^^^^^^^^^
    ...<3 lines>...
    )
    ^
  File "C:\Users\inven\OneDrive\Documentos\GitHub\watchlist\6.Trading_Journal\backend\.venv\Lib\site-packages\httpx\_client.py", line 1694, in _send_handling_redirects
    response = await self._send_single_request(request)
               ^^^^^^^^^^^^^^^^^^^^^^^^^^^^^^^^^^^^^^^^
  File "C:\Users\inven\OneDrive\Documentos\GitHub\watchlist\6.Trading_Journal\backend\.venv\Lib\site-packages\httpx\_client.py", line 1730, in _send_single_request
    response = await transport.handle_async_request(request)
               ^^^^^^^^^^^^^^^^^^^^^^^^^^^^^^^^^^^^^^^^^^^^^
  File "C:\Users\inven\OneDrive\Documentos\GitHub\watchlist\6.Trading_Journal\backend\.venv\Lib\site-packages\httpx\_transports\default.py", line 393, in handle_async_request
    with map_httpcore_exceptions():
         ~~~~~~~~~~~~~~~~~~~~~~~^^
  File "C:\Python314\Lib\contextlib.py", line 162, in __exit__
    self.gen.throw(value)
    ~~~~~~~~~~~~~~^^^^^^^
  File "C:\Users\inven\OneDrive\Documentos\GitHub\watchlist\6.Trading_Journal\backend\.venv\Lib\site-packages\httpx\_transports\default.py", line 118, in map_httpcore_exceptions
    raise mapped_exc(message) from exc
httpx.ReadTimeout

2026-01-28 20:12:59,486 | ERROR | services.position_monitor | Error fetching positions: ReadTimeout: 
2026-01-28 20:12:59,492 | ERROR | services.position_monitor | Traceback (most recent call last):
  File "C:\Users\inven\OneDrive\Documentos\GitHub\watchlist\6.Trading_Journal\backend\.venv\Lib\site-packages\httpx\_transports\default.py", line 101, in map_httpcore_exceptions
    yield
  File "C:\Users\inven\OneDrive\Documentos\GitHub\watchlist\6.Trading_Journal\backend\.venv\Lib\site-packages\httpx\_transports\default.py", line 394, in handle_async_request
    resp = await self._pool.handle_async_request(req)
           ^^^^^^^^^^^^^^^^^^^^^^^^^^^^^^^^^^^^^^^^^^
  File "C:\Users\inven\OneDrive\Documentos\GitHub\watchlist\6.Trading_Journal\backend\.venv\Lib\site-packages\httpcore\_async\connection_pool.py", line 256, in handle_async_request
    raise exc from None
  File "C:\Users\inven\OneDrive\Documentos\GitHub\watchlist\6.Trading_Journal\backend\.venv\Lib\site-packages\httpcore\_async\connection_pool.py", line 236, in handle_async_request
    response = await connection.handle_async_request(
               ^^^^^^^^^^^^^^^^^^^^^^^^^^^^^^^^^^^^^^
        pool_request.request
        ^^^^^^^^^^^^^^^^^^^^
    )
    ^
  File "C:\Users\inven\OneDrive\Documentos\GitHub\watchlist\6.Trading_Journal\backend\.venv\Lib\site-packages\httpcore\_async\connection.py", line 103, in handle_async_request
    return await self._connection.handle_async_request(request)
           ^^^^^^^^^^^^^^^^^^^^^^^^^^^^^^^^^^^^^^^^^^^^^^^^^^^^
  File "C:\Users\inven\OneDrive\Documentos\GitHub\watchlist\6.Trading_Journal\backend\.venv\Lib\site-packages\httpcore\_async\http11.py", line 136, in handle_async_request
    raise exc
  File "C:\Users\inven\OneDrive\Documentos\GitHub\watchlist\6.Trading_Journal\backend\.venv\Lib\site-packages\httpcore\_async\http11.py", line 106, in handle_async_request
    ) = await self._receive_response_headers(**kwargs)
        ^^^^^^^^^^^^^^^^^^^^^^^^^^^^^^^^^^^^^^^^^^^^^^
  File "C:\Users\inven\OneDrive\Documentos\GitHub\watchlist\6.Trading_Journal\backend\.venv\Lib\site-packages\httpcore\_async\http11.py", line 177, in _receive_response_headers
    event = await self._receive_event(timeout=timeout)
            ^^^^^^^^^^^^^^^^^^^^^^^^^^^^^^^^^^^^^^^^^^
  File "C:\Users\inven\OneDrive\Documentos\GitHub\watchlist\6.Trading_Journal\backend\.venv\Lib\site-packages\httpcore\_async\http11.py", line 217, in _receive_event
    data = await self._network_stream.read(
           ^^^^^^^^^^^^^^^^^^^^^^^^^^^^^^^^
        self.READ_NUM_BYTES, timeout=timeout
        ^^^^^^^^^^^^^^^^^^^^^^^^^^^^^^^^^^^^
    )
    ^
  File "C:\Users\inven\OneDrive\Documentos\GitHub\watchlist\6.Trading_Journal\backend\.venv\Lib\site-packages\httpcore\_backends\anyio.py", line 32, in read
    with map_exceptions(exc_map):
         ~~~~~~~~~~~~~~^^^^^^^^^
  File "C:\Python314\Lib\contextlib.py", line 162, in __exit__
    self.gen.throw(value)
    ~~~~~~~~~~~~~~^^^^^^^
  File "C:\Users\inven\OneDrive\Documentos\GitHub\watchlist\6.Trading_Journal\backend\.venv\Lib\site-packages\httpcore\_exceptions.py", line 14, in map_exceptions
    raise to_exc(exc) from exc
httpcore.ReadTimeout

The above exception was the direct cause of the following exception:

Traceback (most recent call last):
  File "C:\Users\inven\OneDrive\Documentos\GitHub\watchlist\6.Trading_Journal\backend\services\position_monitor.py", line 186, in _fetch_positions
    response = await self._http_client.get(
               ^^^^^^^^^^^^^^^^^^^^^^^^^^^^
        f"{self.trading_bot_url}/api/positions"
        ^^^^^^^^^^^^^^^^^^^^^^^^^^^^^^^^^^^^^^^
    )
    ^
  File "C:\Users\inven\OneDrive\Documentos\GitHub\watchlist\6.Trading_Journal\backend\.venv\Lib\site-packages\httpx\_client.py", line 1768, in get
    return await self.request(
           ^^^^^^^^^^^^^^^^^^^
    ...<9 lines>...
    )
    ^
  File "C:\Users\inven\OneDrive\Documentos\GitHub\watchlist\6.Trading_Journal\backend\.venv\Lib\site-packages\httpx\_client.py", line 1540, in request
    return await self.send(request, auth=auth, follow_redirects=follow_redirects)
           ^^^^^^^^^^^^^^^^^^^^^^^^^^^^^^^^^^^^^^^^^^^^^^^^^^^^^^^^^^^^^^^^^^^^^^
  File "C:\Users\inven\OneDrive\Documentos\GitHub\watchlist\6.Trading_Journal\backend\.venv\Lib\site-packages\httpx\_client.py", line 1629, in send
    response = await self._send_handling_auth(
               ^^^^^^^^^^^^^^^^^^^^^^^^^^^^^^^
    ...<4 lines>...
    )
    ^
  File "C:\Users\inven\OneDrive\Documentos\GitHub\watchlist\6.Trading_Journal\backend\.venv\Lib\site-packages\httpx\_client.py", line 1657, in _send_handling_auth
    response = await self._send_handling_redirects(
               ^^^^^^^^^^^^^^^^^^^^^^^^^^^^^^^^^^^^
    ...<3 lines>...
    )
    ^
  File "C:\Users\inven\OneDrive\Documentos\GitHub\watchlist\6.Trading_Journal\backend\.venv\Lib\site-packages\httpx\_client.py", line 1694, in _send_handling_redirects
    response = await self._send_single_request(request)
               ^^^^^^^^^^^^^^^^^^^^^^^^^^^^^^^^^^^^^^^^
  File "C:\Users\inven\OneDrive\Documentos\GitHub\watchlist\6.Trading_Journal\backend\.venv\Lib\site-packages\httpx\_client.py", line 1730, in _send_single_request
    response = await transport.handle_async_request(request)
               ^^^^^^^^^^^^^^^^^^^^^^^^^^^^^^^^^^^^^^^^^^^^^
  File "C:\Users\inven\OneDrive\Documentos\GitHub\watchlist\6.Trading_Journal\backend\.venv\Lib\site-packages\httpx\_transports\default.py", line 393, in handle_async_request
    with map_httpcore_exceptions():
         ~~~~~~~~~~~~~~~~~~~~~~~^^
  File "C:\Python314\Lib\contextlib.py", line 162, in __exit__
    self.gen.throw(value)
    ~~~~~~~~~~~~~~^^^^^^^
  File "C:\Users\inven\OneDrive\Documentos\GitHub\watchlist\6.Trading_Journal\backend\.venv\Lib\site-packages\httpx\_transports\default.py", line 118, in map_httpcore_exceptions
    raise mapped_exc(message) from exc
httpx.ReadTimeout

2026-01-28 20:13:14,781 | ERROR | services.position_monitor | Error fetching positions: ReadTimeout: 
2026-01-28 20:13:14,788 | ERROR | services.position_monitor | Traceback (most recent call last):
  File "C:\Users\inven\OneDrive\Documentos\GitHub\watchlist\6.Trading_Journal\backend\.venv\Lib\site-packages\httpx\_transports\default.py", line 101, in map_httpcore_exceptions
    yield
  File "C:\Users\inven\OneDrive\Documentos\GitHub\watchlist\6.Trading_Journal\backend\.venv\Lib\site-packages\httpx\_transports\default.py", line 394, in handle_async_request
    resp = await self._pool.handle_async_request(req)
           ^^^^^^^^^^^^^^^^^^^^^^^^^^^^^^^^^^^^^^^^^^
  File "C:\Users\inven\OneDrive\Documentos\GitHub\watchlist\6.Trading_Journal\backend\.venv\Lib\site-packages\httpcore\_async\connection_pool.py", line 256, in handle_async_request
    raise exc from None
  File "C:\Users\inven\OneDrive\Documentos\GitHub\watchlist\6.Trading_Journal\backend\.venv\Lib\site-packages\httpcore\_async\connection_pool.py", line 236, in handle_async_request
    response = await connection.handle_async_request(
               ^^^^^^^^^^^^^^^^^^^^^^^^^^^^^^^^^^^^^^
        pool_request.request
        ^^^^^^^^^^^^^^^^^^^^
    )
    ^
  File "C:\Users\inven\OneDrive\Documentos\GitHub\watchlist\6.Trading_Journal\backend\.venv\Lib\site-packages\httpcore\_async\connection.py", line 103, in handle_async_request
    return await self._connection.handle_async_request(request)
           ^^^^^^^^^^^^^^^^^^^^^^^^^^^^^^^^^^^^^^^^^^^^^^^^^^^^
  File "C:\Users\inven\OneDrive\Documentos\GitHub\watchlist\6.Trading_Journal\backend\.venv\Lib\site-packages\httpcore\_async\http11.py", line 136, in handle_async_request
    raise exc
  File "C:\Users\inven\OneDrive\Documentos\GitHub\watchlist\6.Trading_Journal\backend\.venv\Lib\site-packages\httpcore\_async\http11.py", line 106, in handle_async_request
    ) = await self._receive_response_headers(**kwargs)
        ^^^^^^^^^^^^^^^^^^^^^^^^^^^^^^^^^^^^^^^^^^^^^^
  File "C:\Users\inven\OneDrive\Documentos\GitHub\watchlist\6.Trading_Journal\backend\.venv\Lib\site-packages\httpcore\_async\http11.py", line 177, in _receive_response_headers
    event = await self._receive_event(timeout=timeout)
            ^^^^^^^^^^^^^^^^^^^^^^^^^^^^^^^^^^^^^^^^^^
  File "C:\Users\inven\OneDrive\Documentos\GitHub\watchlist\6.Trading_Journal\backend\.venv\Lib\site-packages\httpcore\_async\http11.py", line 217, in _receive_event
    data = await self._network_stream.read(
           ^^^^^^^^^^^^^^^^^^^^^^^^^^^^^^^^
        self.READ_NUM_BYTES, timeout=timeout
        ^^^^^^^^^^^^^^^^^^^^^^^^^^^^^^^^^^^^
    )
    ^
  File "C:\Users\inven\OneDrive\Documentos\GitHub\watchlist\6.Trading_Journal\backend\.venv\Lib\site-packages\httpcore\_backends\anyio.py", line 32, in read
    with map_exceptions(exc_map):
         ~~~~~~~~~~~~~~^^^^^^^^^
  File "C:\Python314\Lib\contextlib.py", line 162, in __exit__
    self.gen.throw(value)
    ~~~~~~~~~~~~~~^^^^^^^
  File "C:\Users\inven\OneDrive\Documentos\GitHub\watchlist\6.Trading_Journal\backend\.venv\Lib\site-packages\httpcore\_exceptions.py", line 14, in map_exceptions
    raise to_exc(exc) from exc
httpcore.ReadTimeout

The above exception was the direct cause of the following exception:

Traceback (most recent call last):
  File "C:\Users\inven\OneDrive\Documentos\GitHub\watchlist\6.Trading_Journal\backend\services\position_monitor.py", line 186, in _fetch_positions
    response = await self._http_client.get(
               ^^^^^^^^^^^^^^^^^^^^^^^^^^^^
        f"{self.trading_bot_url}/api/positions"
        ^^^^^^^^^^^^^^^^^^^^^^^^^^^^^^^^^^^^^^^
    )
    ^
  File "C:\Users\inven\OneDrive\Documentos\GitHub\watchlist\6.Trading_Journal\backend\.venv\Lib\site-packages\httpx\_client.py", line 1768, in get
    return await self.request(
           ^^^^^^^^^^^^^^^^^^^
    ...<9 lines>...
    )
    ^
  File "C:\Users\inven\OneDrive\Documentos\GitHub\watchlist\6.Trading_Journal\backend\.venv\Lib\site-packages\httpx\_client.py", line 1540, in request
    return await self.send(request, auth=auth, follow_redirects=follow_redirects)
           ^^^^^^^^^^^^^^^^^^^^^^^^^^^^^^^^^^^^^^^^^^^^^^^^^^^^^^^^^^^^^^^^^^^^^^
  File "C:\Users\inven\OneDrive\Documentos\GitHub\watchlist\6.Trading_Journal\backend\.venv\Lib\site-packages\httpx\_client.py", line 1629, in send
    response = await self._send_handling_auth(
               ^^^^^^^^^^^^^^^^^^^^^^^^^^^^^^^
    ...<4 lines>...
    )
    ^
  File "C:\Users\inven\OneDrive\Documentos\GitHub\watchlist\6.Trading_Journal\backend\.venv\Lib\site-packages\httpx\_client.py", line 1657, in _send_handling_auth
    response = await self._send_handling_redirects(
               ^^^^^^^^^^^^^^^^^^^^^^^^^^^^^^^^^^^^
    ...<3 lines>...
    )
    ^
  File "C:\Users\inven\OneDrive\Documentos\GitHub\watchlist\6.Trading_Journal\backend\.venv\Lib\site-packages\httpx\_client.py", line 1694, in _send_handling_redirects
    response = await self._send_single_request(request)
               ^^^^^^^^^^^^^^^^^^^^^^^^^^^^^^^^^^^^^^^^
  File "C:\Users\inven\OneDrive\Documentos\GitHub\watchlist\6.Trading_Journal\backend\.venv\Lib\site-packages\httpx\_client.py", line 1730, in _send_single_request
    response = await transport.handle_async_request(request)
               ^^^^^^^^^^^^^^^^^^^^^^^^^^^^^^^^^^^^^^^^^^^^^
  File "C:\Users\inven\OneDrive\Documentos\GitHub\watchlist\6.Trading_Journal\backend\.venv\Lib\site-packages\httpx\_transports\default.py", line 393, in handle_async_request
    with map_httpcore_exceptions():
         ~~~~~~~~~~~~~~~~~~~~~~~^^
  File "C:\Python314\Lib\contextlib.py", line 162, in __exit__
    self.gen.throw(value)
    ~~~~~~~~~~~~~~^^^^^^^
  File "C:\Users\inven\OneDrive\Documentos\GitHub\watchlist\6.Trading_Journal\backend\.venv\Lib\site-packages\httpx\_transports\default.py", line 118, in map_httpcore_exceptions
    raise mapped_exc(message) from exc
httpx.ReadTimeout

2026-01-28 20:13:30,085 | ERROR | services.position_monitor | Error fetching positions: ReadTimeout: 
2026-01-28 20:13:30,092 | ERROR | services.position_monitor | Traceback (most recent call last):
  File "C:\Users\inven\OneDrive\Documentos\GitHub\watchlist\6.Trading_Journal\backend\.venv\Lib\site-packages\httpx\_transports\default.py", line 101, in map_httpcore_exceptions
    yield
  File "C:\Users\inven\OneDrive\Documentos\GitHub\watchlist\6.Trading_Journal\backend\.venv\Lib\site-packages\httpx\_transports\default.py", line 394, in handle_async_request
    resp = await self._pool.handle_async_request(req)
           ^^^^^^^^^^^^^^^^^^^^^^^^^^^^^^^^^^^^^^^^^^
  File "C:\Users\inven\OneDrive\Documentos\GitHub\watchlist\6.Trading_Journal\backend\.venv\Lib\site-packages\httpcore\_async\connection_pool.py", line 256, in handle_async_request
    raise exc from None
  File "C:\Users\inven\OneDrive\Documentos\GitHub\watchlist\6.Trading_Journal\backend\.venv\Lib\site-packages\httpcore\_async\connection_pool.py", line 236, in handle_async_request
    response = await connection.handle_async_request(
               ^^^^^^^^^^^^^^^^^^^^^^^^^^^^^^^^^^^^^^
        pool_request.request
        ^^^^^^^^^^^^^^^^^^^^
    )
    ^
  File "C:\Users\inven\OneDrive\Documentos\GitHub\watchlist\6.Trading_Journal\backend\.venv\Lib\site-packages\httpcore\_async\connection.py", line 103, in handle_async_request
    return await self._connection.handle_async_request(request)
           ^^^^^^^^^^^^^^^^^^^^^^^^^^^^^^^^^^^^^^^^^^^^^^^^^^^^
  File "C:\Users\inven\OneDrive\Documentos\GitHub\watchlist\6.Trading_Journal\backend\.venv\Lib\site-packages\httpcore\_async\http11.py", line 136, in handle_async_request
    raise exc
  File "C:\Users\inven\OneDrive\Documentos\GitHub\watchlist\6.Trading_Journal\backend\.venv\Lib\site-packages\httpcore\_async\http11.py", line 106, in handle_async_request
    ) = await self._receive_response_headers(**kwargs)
        ^^^^^^^^^^^^^^^^^^^^^^^^^^^^^^^^^^^^^^^^^^^^^^
  File "C:\Users\inven\OneDrive\Documentos\GitHub\watchlist\6.Trading_Journal\backend\.venv\Lib\site-packages\httpcore\_async\http11.py", line 177, in _receive_response_headers
    event = await self._receive_event(timeout=timeout)
            ^^^^^^^^^^^^^^^^^^^^^^^^^^^^^^^^^^^^^^^^^^
  File "C:\Users\inven\OneDrive\Documentos\GitHub\watchlist\6.Trading_Journal\backend\.venv\Lib\site-packages\httpcore\_async\http11.py", line 217, in _receive_event
    data = await self._network_stream.read(
           ^^^^^^^^^^^^^^^^^^^^^^^^^^^^^^^^
        self.READ_NUM_BYTES, timeout=timeout
        ^^^^^^^^^^^^^^^^^^^^^^^^^^^^^^^^^^^^
    )
    ^
  File "C:\Users\inven\OneDrive\Documentos\GitHub\watchlist\6.Trading_Journal\backend\.venv\Lib\site-packages\httpcore\_backends\anyio.py", line 32, in read
    with map_exceptions(exc_map):
         ~~~~~~~~~~~~~~^^^^^^^^^
  File "C:\Python314\Lib\contextlib.py", line 162, in __exit__
    self.gen.throw(value)
    ~~~~~~~~~~~~~~^^^^^^^
  File "C:\Users\inven\OneDrive\Documentos\GitHub\watchlist\6.Trading_Journal\backend\.venv\Lib\site-packages\httpcore\_exceptions.py", line 14, in map_exceptions
    raise to_exc(exc) from exc
httpcore.ReadTimeout

The above exception was the direct cause of the following exception:

Traceback (most recent call last):
  File "C:\Users\inven\OneDrive\Documentos\GitHub\watchlist\6.Trading_Journal\backend\services\position_monitor.py", line 186, in _fetch_positions
    response = await self._http_client.get(
               ^^^^^^^^^^^^^^^^^^^^^^^^^^^^
        f"{self.trading_bot_url}/api/positions"
        ^^^^^^^^^^^^^^^^^^^^^^^^^^^^^^^^^^^^^^^
    )
    ^
  File "C:\Users\inven\OneDrive\Documentos\GitHub\watchlist\6.Trading_Journal\backend\.venv\Lib\site-packages\httpx\_client.py", line 1768, in get
    return await self.request(
           ^^^^^^^^^^^^^^^^^^^
    ...<9 lines>...
    )
    ^
  File "C:\Users\inven\OneDrive\Documentos\GitHub\watchlist\6.Trading_Journal\backend\.venv\Lib\site-packages\httpx\_client.py", line 1540, in request
    return await self.send(request, auth=auth, follow_redirects=follow_redirects)
           ^^^^^^^^^^^^^^^^^^^^^^^^^^^^^^^^^^^^^^^^^^^^^^^^^^^^^^^^^^^^^^^^^^^^^^
  File "C:\Users\inven\OneDrive\Documentos\GitHub\watchlist\6.Trading_Journal\backend\.venv\Lib\site-packages\httpx\_client.py", line 1629, in send
    response = await self._send_handling_auth(
               ^^^^^^^^^^^^^^^^^^^^^^^^^^^^^^^
    ...<4 lines>...
    )
    ^
  File "C:\Users\inven\OneDrive\Documentos\GitHub\watchlist\6.Trading_Journal\backend\.venv\Lib\site-packages\httpx\_client.py", line 1657, in _send_handling_auth
    response = await self._send_handling_redirects(
               ^^^^^^^^^^^^^^^^^^^^^^^^^^^^^^^^^^^^
    ...<3 lines>...
    )
    ^
  File "C:\Users\inven\OneDrive\Documentos\GitHub\watchlist\6.Trading_Journal\backend\.venv\Lib\site-packages\httpx\_client.py", line 1694, in _send_handling_redirects
    response = await self._send_single_request(request)
               ^^^^^^^^^^^^^^^^^^^^^^^^^^^^^^^^^^^^^^^^
  File "C:\Users\inven\OneDrive\Documentos\GitHub\watchlist\6.Trading_Journal\backend\.venv\Lib\site-packages\httpx\_client.py", line 1730, in _send_single_request
    response = await transport.handle_async_request(request)
               ^^^^^^^^^^^^^^^^^^^^^^^^^^^^^^^^^^^^^^^^^^^^^
  File "C:\Users\inven\OneDrive\Documentos\GitHub\watchlist\6.Trading_Journal\backend\.venv\Lib\site-packages\httpx\_transports\default.py", line 393, in handle_async_request
    with map_httpcore_exceptions():
         ~~~~~~~~~~~~~~~~~~~~~~~^^
  File "C:\Python314\Lib\contextlib.py", line 162, in __exit__
    self.gen.throw(value)
    ~~~~~~~~~~~~~~^^^^^^^
  File "C:\Users\inven\OneDrive\Documentos\GitHub\watchlist\6.Trading_Journal\backend\.venv\Lib\site-packages\httpx\_transports\default.py", line 118, in map_httpcore_exceptions
    raise mapped_exc(message) from exc
httpx.ReadTimeout

2026-01-28 20:13:33,050 | INFO | main | Trading Journal Backend shutting down...
2026-01-28 20:13:33,052 | INFO | services.position_monitor | Position monitor stopped
2026-01-28 20:13:33,053 | INFO | services.screenshot_service | Screenshot service shut down
2026-01-28 20:13:33,053 | INFO | main | Shutdown complete
2026-01-28 20:13:34,774 | INFO | store.journal_store | Database initialized at data/journal.db
2026-01-28 20:13:34,993 | INFO | store.journal_store | Database initialized at data/journal.db
2026-01-28 20:13:35,036 | INFO | main | ============================================================
2026-01-28 20:13:35,037 | INFO | main | Trading Journal Backend starting...
2026-01-28 20:13:35,037 | INFO | main | Database: data/journal.db
2026-01-28 20:13:35,037 | INFO | main | Screenshots: screenshots/
2026-01-28 20:13:35,038 | INFO | main | ============================================================
2026-01-28 20:13:35,039 | INFO | services.screenshot_service | Screenshot service initialized (mplfinance fallback only)
2026-01-28 20:13:35,740 | INFO | services.position_monitor | Loaded 0 existing open entries
2026-01-28 20:14:06,038 | ERROR | services.position_monitor | Error fetching positions: ReadTimeout: 
2026-01-28 20:14:06,069 | ERROR | services.position_monitor | Traceback (most recent call last):
  File "C:\Users\inven\OneDrive\Documentos\GitHub\watchlist\6.Trading_Journal\backend\.venv\Lib\site-packages\httpx\_transports\default.py", line 101, in map_httpcore_exceptions
    yield
  File "C:\Users\inven\OneDrive\Documentos\GitHub\watchlist\6.Trading_Journal\backend\.venv\Lib\site-packages\httpx\_transports\default.py", line 394, in handle_async_request
    resp = await self._pool.handle_async_request(req)
           ^^^^^^^^^^^^^^^^^^^^^^^^^^^^^^^^^^^^^^^^^^
  File "C:\Users\inven\OneDrive\Documentos\GitHub\watchlist\6.Trading_Journal\backend\.venv\Lib\site-packages\httpcore\_async\connection_pool.py", line 256, in handle_async_request
    raise exc from None
  File "C:\Users\inven\OneDrive\Documentos\GitHub\watchlist\6.Trading_Journal\backend\.venv\Lib\site-packages\httpcore\_async\connection_pool.py", line 236, in handle_async_request
    response = await connection.handle_async_request(
               ^^^^^^^^^^^^^^^^^^^^^^^^^^^^^^^^^^^^^^
        pool_request.request
        ^^^^^^^^^^^^^^^^^^^^
    )
    ^
  File "C:\Users\inven\OneDrive\Documentos\GitHub\watchlist\6.Trading_Journal\backend\.venv\Lib\site-packages\httpcore\_async\connection.py", line 103, in handle_async_request
    return await self._connection.handle_async_request(request)
           ^^^^^^^^^^^^^^^^^^^^^^^^^^^^^^^^^^^^^^^^^^^^^^^^^^^^
  File "C:\Users\inven\OneDrive\Documentos\GitHub\watchlist\6.Trading_Journal\backend\.venv\Lib\site-packages\httpcore\_async\http11.py", line 136, in handle_async_request
    raise exc
  File "C:\Users\inven\OneDrive\Documentos\GitHub\watchlist\6.Trading_Journal\backend\.venv\Lib\site-packages\httpcore\_async\http11.py", line 106, in handle_async_request
    ) = await self._receive_response_headers(**kwargs)
        ^^^^^^^^^^^^^^^^^^^^^^^^^^^^^^^^^^^^^^^^^^^^^^
  File "C:\Users\inven\OneDrive\Documentos\GitHub\watchlist\6.Trading_Journal\backend\.venv\Lib\site-packages\httpcore\_async\http11.py", line 177, in _receive_response_headers
    event = await self._receive_event(timeout=timeout)
            ^^^^^^^^^^^^^^^^^^^^^^^^^^^^^^^^^^^^^^^^^^
  File "C:\Users\inven\OneDrive\Documentos\GitHub\watchlist\6.Trading_Journal\backend\.venv\Lib\site-packages\httpcore\_async\http11.py", line 217, in _receive_event
    data = await self._network_stream.read(
           ^^^^^^^^^^^^^^^^^^^^^^^^^^^^^^^^
        self.READ_NUM_BYTES, timeout=timeout
        ^^^^^^^^^^^^^^^^^^^^^^^^^^^^^^^^^^^^
    )
    ^
  File "C:\Users\inven\OneDrive\Documentos\GitHub\watchlist\6.Trading_Journal\backend\.venv\Lib\site-packages\httpcore\_backends\anyio.py", line 32, in read
    with map_exceptions(exc_map):
         ~~~~~~~~~~~~~~^^^^^^^^^
  File "C:\Python314\Lib\contextlib.py", line 162, in __exit__
    self.gen.throw(value)
    ~~~~~~~~~~~~~~^^^^^^^
  File "C:\Users\inven\OneDrive\Documentos\GitHub\watchlist\6.Trading_Journal\backend\.venv\Lib\site-packages\httpcore\_exceptions.py", line 14, in map_exceptions
    raise to_exc(exc) from exc
httpcore.ReadTimeout

The above exception was the direct cause of the following exception:

Traceback (most recent call last):
  File "C:\Users\inven\OneDrive\Documentos\GitHub\watchlist\6.Trading_Journal\backend\services\position_monitor.py", line 186, in _fetch_positions
    response = await self._http_client.get(
               ^^^^^^^^^^^^^^^^^^^^^^^^^^^^
        f"{self.trading_bot_url}/api/positions"
        ^^^^^^^^^^^^^^^^^^^^^^^^^^^^^^^^^^^^^^^
    )
    ^
  File "C:\Users\inven\OneDrive\Documentos\GitHub\watchlist\6.Trading_Journal\backend\.venv\Lib\site-packages\httpx\_client.py", line 1768, in get
    return await self.request(
           ^^^^^^^^^^^^^^^^^^^
    ...<9 lines>...
    )
    ^
  File "C:\Users\inven\OneDrive\Documentos\GitHub\watchlist\6.Trading_Journal\backend\.venv\Lib\site-packages\httpx\_client.py", line 1540, in request
    return await self.send(request, auth=auth, follow_redirects=follow_redirects)
           ^^^^^^^^^^^^^^^^^^^^^^^^^^^^^^^^^^^^^^^^^^^^^^^^^^^^^^^^^^^^^^^^^^^^^^
  File "C:\Users\inven\OneDrive\Documentos\GitHub\watchlist\6.Trading_Journal\backend\.venv\Lib\site-packages\httpx\_client.py", line 1629, in send
    response = await self._send_handling_auth(
               ^^^^^^^^^^^^^^^^^^^^^^^^^^^^^^^
    ...<4 lines>...
    )
    ^
  File "C:\Users\inven\OneDrive\Documentos\GitHub\watchlist\6.Trading_Journal\backend\.venv\Lib\site-packages\httpx\_client.py", line 1657, in _send_handling_auth
    response = await self._send_handling_redirects(
               ^^^^^^^^^^^^^^^^^^^^^^^^^^^^^^^^^^^^
    ...<3 lines>...
    )
    ^
  File "C:\Users\inven\OneDrive\Documentos\GitHub\watchlist\6.Trading_Journal\backend\.venv\Lib\site-packages\httpx\_client.py", line 1694, in _send_handling_redirects
    response = await self._send_single_request(request)
               ^^^^^^^^^^^^^^^^^^^^^^^^^^^^^^^^^^^^^^^^
  File "C:\Users\inven\OneDrive\Documentos\GitHub\watchlist\6.Trading_Journal\backend\.venv\Lib\site-packages\httpx\_client.py", line 1730, in _send_single_request
    response = await transport.handle_async_request(request)
               ^^^^^^^^^^^^^^^^^^^^^^^^^^^^^^^^^^^^^^^^^^^^^
  File "C:\Users\inven\OneDrive\Documentos\GitHub\watchlist\6.Trading_Journal\backend\.venv\Lib\site-packages\httpx\_transports\default.py", line 393, in handle_async_request
    with map_httpcore_exceptions():
         ~~~~~~~~~~~~~~~~~~~~~~~^^
  File "C:\Python314\Lib\contextlib.py", line 162, in __exit__
    self.gen.throw(value)
    ~~~~~~~~~~~~~~^^^^^^^
  File "C:\Users\inven\OneDrive\Documentos\GitHub\watchlist\6.Trading_Journal\backend\.venv\Lib\site-packages\httpx\_transports\default.py", line 118, in map_httpcore_exceptions
    raise mapped_exc(message) from exc
httpx.ReadTimeout

2026-01-28 20:14:06,069 | INFO | services.position_monitor | Position monitor started (interval: 5.0s)
2026-01-28 20:14:06,070 | INFO | main | All services started successfully
2026-01-28 20:14:07,821 | INFO | store.journal_store | Database initialized at data/journal.db
2026-01-28 20:14:07,967 | INFO | store.journal_store | Database initialized at data/journal.db
2026-01-28 20:14:07,995 | INFO | main | ============================================================
2026-01-28 20:14:07,995 | INFO | main | Trading Journal Backend starting...
2026-01-28 20:14:07,995 | INFO | main | Database: data/journal.db
2026-01-28 20:14:07,996 | INFO | main | Screenshots: screenshots/
2026-01-28 20:14:07,996 | INFO | main | ============================================================
2026-01-28 20:14:07,998 | INFO | services.screenshot_service | Screenshot service initialized (mplfinance fallback only)
2026-01-28 20:14:08,582 | INFO | services.position_monitor | Loaded 0 existing open entries
2026-01-28 20:14:38,881 | WARNING | services.position_monitor | TradingBot timeout: 
2026-01-28 20:14:38,881 | INFO | services.position_monitor | Position monitor started (interval: 5.0s)
2026-01-28 20:14:38,881 | INFO | main | All services started successfully
2026-01-28 20:15:10,661 | INFO | store.journal_store | Database initialized at data/journal.db
2026-01-28 20:15:12,422 | INFO | store.journal_store | Database initialized at data/journal.db
2026-01-28 20:15:12,610 | INFO | store.journal_store | Database initialized at data/journal.db
2026-01-28 20:15:12,641 | INFO | main | ============================================================
2026-01-28 20:15:12,642 | INFO | main | Trading Journal Backend starting...
2026-01-28 20:15:12,642 | INFO | main | Database: data/journal.db
2026-01-28 20:15:12,643 | INFO | main | Screenshots: screenshots/
2026-01-28 20:15:12,643 | INFO | main | ============================================================
2026-01-28 20:15:12,645 | INFO | services.screenshot_service | Screenshot service initialized (mplfinance fallback only)
2026-01-28 20:15:13,327 | INFO | services.position_monitor | Loaded 0 existing open entries
2026-01-28 20:15:43,622 | WARNING | services.position_monitor | TradingBot timeout: 
2026-01-28 20:15:43,623 | INFO | services.position_monitor | Position monitor started (interval: 5.0s)
2026-01-28 20:15:43,623 | INFO | main | All services started successfully
2026-01-28 20:16:13,994 | WARNING | services.position_monitor | TradingBot timeout: 
2026-01-28 20:16:49,290 | WARNING | services.position_monitor | TradingBot timeout: 
2026-01-28 20:16:53,476 | INFO | main | Trading Journal Backend shutting down...
2026-01-28 20:16:53,478 | INFO | services.position_monitor | Position monitor stopped
2026-01-28 20:16:53,479 | INFO | services.screenshot_service | Screenshot service shut down
2026-01-28 20:16:53,479 | INFO | main | Shutdown complete
2026-01-28 20:16:55,284 | INFO | store.journal_store | Database initialized at data/journal.db
2026-01-28 20:16:55,484 | INFO | store.journal_store | Database initialized at data/journal.db
2026-01-28 20:16:55,521 | INFO | main | ============================================================
2026-01-28 20:16:55,522 | INFO | main | Trading Journal Backend starting...
2026-01-28 20:16:55,522 | INFO | main | Database: data/journal.db
2026-01-28 20:16:55,523 | INFO | main | Screenshots: screenshots/
2026-01-28 20:16:55,523 | INFO | main | ============================================================
2026-01-28 20:16:55,525 | INFO | services.screenshot_service | Screenshot service initialized (mplfinance fallback only)
2026-01-28 20:16:56,270 | INFO | services.position_monitor | Loaded 0 existing open entries
2026-01-28 20:16:56,272 | ERROR | services.position_monitor | Failed to load open entries: No module named 'requests'
2026-01-28 20:16:56,273 | INFO | services.position_monitor | Position monitor started (interval: 5.0s)
2026-01-28 20:16:56,273 | INFO | main | All services started successfully
2026-01-28 20:16:56,275 | ERROR | services.position_monitor | Error checking positions: No module named 'requests'
2026-01-28 20:17:01,285 | ERROR | services.position_monitor | Error checking positions: No module named 'requests'
2026-01-28 20:17:06,300 | ERROR | services.position_monitor | Error checking positions: No module named 'requests'
2026-01-28 20:17:11,316 | ERROR | services.position_monitor | Error checking positions: No module named 'requests'
2026-01-28 20:17:16,330 | ERROR | services.position_monitor | Error checking positions: No module named 'requests'
2026-01-28 20:17:21,338 | ERROR | services.position_monitor | Error checking positions: No module named 'requests'
2026-01-28 20:17:26,340 | ERROR | services.position_monitor | Error checking positions: No module named 'requests'
2026-01-28 20:17:31,357 | ERROR | services.position_monitor | Error checking positions: No module named 'requests'
2026-01-28 20:17:36,369 | ERROR | services.position_monitor | Error checking positions: No module named 'requests'
2026-01-28 20:17:41,379 | ERROR | services.position_monitor | Error checking positions: No module named 'requests'
2026-01-28 20:17:46,382 | ERROR | services.position_monitor | Error checking positions: No module named 'requests'
2026-01-28 20:17:51,396 | ERROR | services.position_monitor | Error checking positions: No module named 'requests'
2026-01-28 20:17:56,403 | ERROR | services.position_monitor | Error checking positions: No module named 'requests'
2026-01-28 20:18:01,412 | ERROR | services.position_monitor | Error checking positions: No module named 'requests'
2026-01-28 20:18:06,414 | ERROR | services.position_monitor | Error checking positions: No module named 'requests'
2026-01-28 20:18:11,427 | ERROR | services.position_monitor | Error checking positions: No module named 'requests'
2026-01-28 20:18:16,438 | ERROR | services.position_monitor | Error checking positions: No module named 'requests'
2026-01-28 20:18:21,442 | ERROR | services.position_monitor | Error checking positions: No module named 'requests'
2026-01-28 20:18:26,446 | ERROR | services.position_monitor | Error checking positions: No module named 'requests'
2026-01-28 20:18:31,459 | ERROR | services.position_monitor | Error checking positions: No module named 'requests'
2026-01-28 20:18:36,471 | ERROR | services.position_monitor | Error checking positions: No module named 'requests'
2026-01-28 20:18:41,486 | ERROR | services.position_monitor | Error checking positions: No module named 'requests'
2026-01-28 20:18:46,502 | ERROR | services.position_monitor | Error checking positions: No module named 'requests'
2026-01-28 20:18:51,514 | ERROR | services.position_monitor | Error checking positions: No module named 'requests'
2026-01-28 20:18:56,519 | ERROR | services.position_monitor | Error checking positions: No module named 'requests'
2026-01-28 20:19:01,527 | ERROR | services.position_monitor | Error checking positions: No module named 'requests'
2026-01-28 20:19:06,536 | ERROR | services.position_monitor | Error checking positions: No module named 'requests'
2026-01-28 20:19:11,552 | ERROR | services.position_monitor | Error checking positions: No module named 'requests'
2026-01-28 20:19:16,565 | ERROR | services.position_monitor | Error checking positions: No module named 'requests'
2026-01-28 20:19:21,571 | ERROR | services.position_monitor | Error checking positions: No module named 'requests'
2026-01-28 20:19:26,575 | ERROR | services.position_monitor | Error checking positions: No module named 'requests'
2026-01-28 20:19:31,578 | ERROR | services.position_monitor | Error checking positions: No module named 'requests'
2026-01-28 20:19:36,584 | ERROR | services.position_monitor | Error checking positions: No module named 'requests'
2026-01-28 20:19:41,595 | ERROR | services.position_monitor | Error checking positions: No module named 'requests'
2026-01-28 20:19:46,602 | ERROR | services.position_monitor | Error checking positions: No module named 'requests'
2026-01-28 20:19:51,606 | ERROR | services.position_monitor | Error checking positions: No module named 'requests'
2026-01-28 20:19:56,610 | ERROR | services.position_monitor | Error checking positions: No module named 'requests'
2026-01-28 20:20:01,615 | ERROR | services.position_monitor | Error checking positions: No module named 'requests'
2026-01-28 20:20:06,619 | ERROR | services.position_monitor | Error checking positions: No module named 'requests'
2026-01-28 20:20:11,632 | ERROR | services.position_monitor | Error checking positions: No module named 'requests'
2026-01-28 20:20:16,636 | ERROR | services.position_monitor | Error checking positions: No module named 'requests'
2026-01-28 20:20:21,652 | ERROR | services.position_monitor | Error checking positions: No module named 'requests'
2026-01-28 20:20:26,662 | ERROR | services.position_monitor | Error checking positions: No module named 'requests'
2026-01-28 20:20:31,671 | ERROR | services.position_monitor | Error checking positions: No module named 'requests'
2026-01-28 20:20:36,677 | ERROR | services.position_monitor | Error checking positions: No module named 'requests'
2026-01-28 20:20:41,681 | ERROR | services.position_monitor | Error checking positions: No module named 'requests'
2026-01-28 20:20:46,698 | ERROR | services.position_monitor | Error checking positions: No module named 'requests'
2026-01-28 20:20:51,712 | ERROR | services.position_monitor | Error checking positions: No module named 'requests'
2026-01-28 20:20:56,725 | ERROR | services.position_monitor | Error checking positions: No module named 'requests'
2026-01-28 20:21:01,737 | ERROR | services.position_monitor | Error checking positions: No module named 'requests'
2026-01-28 20:21:06,749 | ERROR | services.position_monitor | Error checking positions: No module named 'requests'
2026-01-28 20:21:11,758 | ERROR | services.position_monitor | Error checking positions: No module named 'requests'
2026-01-28 20:21:16,766 | ERROR | services.position_monitor | Error checking positions: No module named 'requests'
2026-01-28 20:21:21,775 | ERROR | services.position_monitor | Error checking positions: No module named 'requests'
2026-01-28 20:21:26,778 | ERROR | services.position_monitor | Error checking positions: No module named 'requests'
2026-01-28 20:21:31,782 | ERROR | services.position_monitor | Error checking positions: No module named 'requests'
2026-01-28 20:21:36,787 | ERROR | services.position_monitor | Error checking positions: No module named 'requests'
2026-01-28 20:21:41,792 | ERROR | services.position_monitor | Error checking positions: No module named 'requests'
2026-01-28 20:21:46,801 | ERROR | services.position_monitor | Error checking positions: No module named 'requests'
2026-01-28 20:21:51,816 | ERROR | services.position_monitor | Error checking positions: No module named 'requests'
2026-01-28 20:21:56,824 | ERROR | services.position_monitor | Error checking positions: No module named 'requests'
2026-01-28 20:22:01,835 | ERROR | services.position_monitor | Error checking positions: No module named 'requests'
2026-01-28 20:22:06,847 | ERROR | services.position_monitor | Error checking positions: No module named 'requests'
2026-01-28 20:22:11,859 | ERROR | services.position_monitor | Error checking positions: No module named 'requests'
2026-01-28 20:22:16,873 | ERROR | services.position_monitor | Error checking positions: No module named 'requests'
2026-01-28 20:22:21,882 | ERROR | services.position_monitor | Error checking positions: No module named 'requests'
2026-01-28 20:22:26,893 | ERROR | services.position_monitor | Error checking positions: No module named 'requests'
2026-01-28 20:22:31,898 | ERROR | services.position_monitor | Error checking positions: No module named 'requests'
2026-01-28 20:22:36,900 | ERROR | services.position_monitor | Error checking positions: No module named 'requests'
2026-01-28 20:22:41,903 | ERROR | services.position_monitor | Error checking positions: No module named 'requests'
2026-01-28 20:22:46,919 | ERROR | services.position_monitor | Error checking positions: No module named 'requests'
2026-01-28 20:22:51,936 | ERROR | services.position_monitor | Error checking positions: No module named 'requests'
2026-01-28 20:22:56,943 | ERROR | services.position_monitor | Error checking positions: No module named 'requests'
2026-01-28 20:23:01,958 | ERROR | services.position_monitor | Error checking positions: No module named 'requests'
2026-01-28 20:23:06,966 | ERROR | services.position_monitor | Error checking positions: No module named 'requests'
2026-01-28 20:23:11,976 | ERROR | services.position_monitor | Error checking positions: No module named 'requests'
2026-01-28 20:23:16,988 | ERROR | services.position_monitor | Error checking positions: No module named 'requests'
2026-01-28 20:23:21,996 | ERROR | services.position_monitor | Error checking positions: No module named 'requests'
2026-01-28 20:23:27,012 | ERROR | services.position_monitor | Error checking positions: No module named 'requests'
2026-01-28 20:23:32,018 | ERROR | services.position_monitor | Error checking positions: No module named 'requests'
2026-01-28 20:23:37,030 | ERROR | services.position_monitor | Error checking positions: No module named 'requests'
2026-01-28 20:23:42,033 | ERROR | services.position_monitor | Error checking positions: No module named 'requests'
2026-01-28 20:23:47,047 | ERROR | services.position_monitor | Error checking positions: No module named 'requests'
2026-01-28 20:23:52,063 | ERROR | services.position_monitor | Error checking positions: No module named 'requests'
2026-01-28 20:23:57,079 | ERROR | services.position_monitor | Error checking positions: No module named 'requests'
2026-01-28 20:24:02,093 | ERROR | services.position_monitor | Error checking positions: No module named 'requests'
2026-01-28 20:24:07,107 | ERROR | services.position_monitor | Error checking positions: No module named 'requests'
2026-01-28 20:24:12,114 | ERROR | services.position_monitor | Error checking positions: No module named 'requests'
2026-01-28 20:24:17,118 | ERROR | services.position_monitor | Error checking positions: No module named 'requests'
2026-01-28 20:24:22,126 | ERROR | services.position_monitor | Error checking positions: No module named 'requests'
2026-01-28 20:24:27,129 | ERROR | services.position_monitor | Error checking positions: No module named 'requests'
2026-01-28 20:24:32,141 | ERROR | services.position_monitor | Error checking positions: No module named 'requests'
2026-01-28 20:24:37,150 | ERROR | services.position_monitor | Error checking positions: No module named 'requests'
2026-01-28 20:24:42,165 | ERROR | services.position_monitor | Error checking positions: No module named 'requests'
2026-01-28 20:24:47,173 | ERROR | services.position_monitor | Error checking positions: No module named 'requests'
2026-01-28 20:24:52,185 | ERROR | services.position_monitor | Error checking positions: No module named 'requests'
2026-01-28 20:24:57,196 | ERROR | services.position_monitor | Error checking positions: No module named 'requests'
2026-01-28 20:25:02,202 | ERROR | services.position_monitor | Error checking positions: No module named 'requests'
2026-01-28 20:25:07,214 | ERROR | services.position_monitor | Error checking positions: No module named 'requests'
2026-01-28 20:25:12,224 | ERROR | services.position_monitor | Error checking positions: No module named 'requests'
2026-01-28 20:25:17,238 | ERROR | services.position_monitor | Error checking positions: No module named 'requests'
2026-01-28 20:25:22,242 | ERROR | services.position_monitor | Error checking positions: No module named 'requests'
2026-01-28 20:25:27,256 | ERROR | services.position_monitor | Error checking positions: No module named 'requests'
2026-01-28 20:25:32,267 | ERROR | services.position_monitor | Error checking positions: No module named 'requests'
2026-01-28 20:25:37,277 | ERROR | services.position_monitor | Error checking positions: No module named 'requests'
2026-01-28 20:25:42,279 | ERROR | services.position_monitor | Error checking positions: No module named 'requests'
2026-01-28 20:25:47,291 | ERROR | services.position_monitor | Error checking positions: No module named 'requests'
2026-01-28 20:25:52,302 | ERROR | services.position_monitor | Error checking positions: No module named 'requests'
2026-01-28 20:25:57,319 | ERROR | services.position_monitor | Error checking positions: No module named 'requests'
2026-01-28 20:26:02,332 | ERROR | services.position_monitor | Error checking positions: No module named 'requests'
2026-01-28 20:26:07,339 | ERROR | services.position_monitor | Error checking positions: No module named 'requests'
2026-01-28 20:26:12,351 | ERROR | services.position_monitor | Error checking positions: No module named 'requests'
2026-01-28 20:26:17,361 | ERROR | services.position_monitor | Error checking positions: No module named 'requests'
2026-01-28 20:26:22,376 | ERROR | services.position_monitor | Error checking positions: No module named 'requests'
2026-01-28 20:26:27,380 | ERROR | services.position_monitor | Error checking positions: No module named 'requests'
2026-01-28 20:26:32,394 | ERROR | services.position_monitor | Error checking positions: No module named 'requests'
2026-01-28 20:26:37,408 | ERROR | services.position_monitor | Error checking positions: No module named 'requests'
2026-01-28 20:26:42,418 | ERROR | services.position_monitor | Error checking positions: No module named 'requests'
2026-01-28 20:26:47,432 | ERROR | services.position_monitor | Error checking positions: No module named 'requests'
2026-01-28 20:26:52,441 | ERROR | services.position_monitor | Error checking positions: No module named 'requests'
2026-01-28 20:26:57,446 | ERROR | services.position_monitor | Error checking positions: No module named 'requests'
2026-01-28 20:27:02,459 | ERROR | services.position_monitor | Error checking positions: No module named 'requests'
2026-01-28 20:27:07,470 | ERROR | services.position_monitor | Error checking positions: No module named 'requests'
2026-01-28 20:27:12,476 | ERROR | services.position_monitor | Error checking positions: No module named 'requests'
2026-01-28 20:27:17,491 | ERROR | services.position_monitor | Error checking positions: No module named 'requests'
2026-01-28 20:27:22,500 | ERROR | services.position_monitor | Error checking positions: No module named 'requests'
2026-01-28 20:27:27,508 | ERROR | services.position_monitor | Error checking positions: No module named 'requests'
2026-01-28 20:27:32,520 | ERROR | services.position_monitor | Error checking positions: No module named 'requests'
2026-01-28 20:27:37,529 | ERROR | services.position_monitor | Error checking positions: No module named 'requests'
2026-01-28 20:27:42,533 | ERROR | services.position_monitor | Error checking positions: No module named 'requests'
2026-01-28 20:27:47,550 | ERROR | services.position_monitor | Error checking positions: No module named 'requests'
2026-01-28 20:27:52,557 | ERROR | services.position_monitor | Error checking positions: No module named 'requests'
2026-01-28 20:27:57,572 | ERROR | services.position_monitor | Error checking positions: No module named 'requests'
2026-01-28 20:28:02,578 | ERROR | services.position_monitor | Error checking positions: No module named 'requests'
2026-01-28 20:28:07,593 | ERROR | services.position_monitor | Error checking positions: No module named 'requests'
2026-01-28 20:28:12,603 | ERROR | services.position_monitor | Error checking positions: No module named 'requests'
2026-01-28 20:28:17,610 | ERROR | services.position_monitor | Error checking positions: No module named 'requests'
2026-01-28 20:28:22,613 | ERROR | services.position_monitor | Error checking positions: No module named 'requests'
2026-01-28 20:28:27,630 | ERROR | services.position_monitor | Error checking positions: No module named 'requests'
2026-01-28 20:28:32,633 | ERROR | services.position_monitor | Error checking positions: No module named 'requests'
2026-01-28 20:28:37,645 | ERROR | services.position_monitor | Error checking positions: No module named 'requests'
2026-01-28 20:28:42,647 | ERROR | services.position_monitor | Error checking positions: No module named 'requests'
2026-01-28 20:28:47,663 | ERROR | services.position_monitor | Error checking positions: No module named 'requests'
2026-01-28 20:28:52,676 | ERROR | services.position_monitor | Error checking positions: No module named 'requests'
2026-01-28 20:28:57,680 | ERROR | services.position_monitor | Error checking positions: No module named 'requests'
2026-01-28 20:29:02,683 | ERROR | services.position_monitor | Error checking positions: No module named 'requests'
2026-01-28 20:29:07,689 | ERROR | services.position_monitor | Error checking positions: No module named 'requests'
2026-01-28 20:29:12,694 | ERROR | services.position_monitor | Error checking positions: No module named 'requests'
2026-01-28 20:29:17,698 | ERROR | services.position_monitor | Error checking positions: No module named 'requests'
2026-01-28 20:29:22,702 | ERROR | services.position_monitor | Error checking positions: No module named 'requests'
2026-01-28 20:29:27,717 | ERROR | services.position_monitor | Error checking positions: No module named 'requests'
2026-01-28 20:29:32,731 | ERROR | services.position_monitor | Error checking positions: No module named 'requests'
2026-01-28 20:29:37,736 | ERROR | services.position_monitor | Error checking positions: No module named 'requests'
2026-01-28 20:29:42,752 | ERROR | services.position_monitor | Error checking positions: No module named 'requests'
2026-01-28 20:29:47,759 | ERROR | services.position_monitor | Error checking positions: No module named 'requests'
2026-01-28 20:29:52,764 | ERROR | services.position_monitor | Error checking positions: No module named 'requests'
2026-01-28 20:29:57,779 | ERROR | services.position_monitor | Error checking positions: No module named 'requests'
2026-01-28 20:30:02,790 | ERROR | services.position_monitor | Error checking positions: No module named 'requests'
2026-01-28 20:30:07,806 | ERROR | services.position_monitor | Error checking positions: No module named 'requests'
2026-01-28 20:30:12,815 | ERROR | services.position_monitor | Error checking positions: No module named 'requests'
2026-01-28 20:30:17,818 | ERROR | services.position_monitor | Error checking positions: No module named 'requests'
2026-01-28 20:30:22,826 | ERROR | services.position_monitor | Error checking positions: No module named 'requests'
2026-01-28 20:30:27,836 | ERROR | services.position_monitor | Error checking positions: No module named 'requests'
2026-01-28 20:30:32,845 | ERROR | services.position_monitor | Error checking positions: No module named 'requests'
2026-01-28 20:30:37,861 | ERROR | services.position_monitor | Error checking positions: No module named 'requests'
2026-01-28 20:30:42,864 | ERROR | services.position_monitor | Error checking positions: No module named 'requests'
2026-01-28 20:30:47,876 | ERROR | services.position_monitor | Error checking positions: No module named 'requests'
2026-01-28 20:30:52,885 | ERROR | services.position_monitor | Error checking positions: No module named 'requests'
2026-01-28 20:30:57,889 | ERROR | services.position_monitor | Error checking positions: No module named 'requests'
2026-01-28 20:31:02,904 | ERROR | services.position_monitor | Error checking positions: No module named 'requests'
2026-01-28 20:31:07,907 | ERROR | services.position_monitor | Error checking positions: No module named 'requests'
2026-01-28 20:31:12,922 | ERROR | services.position_monitor | Error checking positions: No module named 'requests'
2026-01-28 20:31:17,931 | ERROR | services.position_monitor | Error checking positions: No module named 'requests'
2026-01-28 20:31:22,947 | ERROR | services.position_monitor | Error checking positions: No module named 'requests'
2026-01-28 20:31:27,962 | ERROR | services.position_monitor | Error checking positions: No module named 'requests'
2026-01-28 20:31:32,979 | ERROR | services.position_monitor | Error checking positions: No module named 'requests'
2026-01-28 20:31:37,996 | ERROR | services.position_monitor | Error checking positions: No module named 'requests'
2026-01-28 20:31:43,006 | ERROR | services.position_monitor | Error checking positions: No module named 'requests'
2026-01-28 20:31:48,021 | ERROR | services.position_monitor | Error checking positions: No module named 'requests'
2026-01-28 20:31:53,034 | ERROR | services.position_monitor | Error checking positions: No module named 'requests'
2026-01-28 20:31:58,044 | ERROR | services.position_monitor | Error checking positions: No module named 'requests'
2026-01-28 20:32:03,051 | ERROR | services.position_monitor | Error checking positions: No module named 'requests'
2026-01-28 20:32:08,061 | ERROR | services.position_monitor | Error checking positions: No module named 'requests'
2026-01-28 20:32:13,075 | ERROR | services.position_monitor | Error checking positions: No module named 'requests'
2026-01-28 20:32:18,086 | ERROR | services.position_monitor | Error checking positions: No module named 'requests'
2026-01-28 20:32:23,092 | ERROR | services.position_monitor | Error checking positions: No module named 'requests'
2026-01-28 20:32:28,097 | ERROR | services.position_monitor | Error checking positions: No module named 'requests'
2026-01-28 20:32:33,108 | ERROR | services.position_monitor | Error checking positions: No module named 'requests'
2026-01-28 20:32:38,112 | ERROR | services.position_monitor | Error checking positions: No module named 'requests'
2026-01-28 20:32:43,118 | ERROR | services.position_monitor | Error checking positions: No module named 'requests'
2026-01-28 20:32:48,130 | ERROR | services.position_monitor | Error checking positions: No module named 'requests'
2026-01-28 20:32:53,139 | ERROR | services.position_monitor | Error checking positions: No module named 'requests'
2026-01-28 20:32:58,148 | ERROR | services.position_monitor | Error checking positions: No module named 'requests'
2026-01-28 20:33:03,157 | ERROR | services.position_monitor | Error checking positions: No module named 'requests'
2026-01-28 20:33:08,164 | ERROR | services.position_monitor | Error checking positions: No module named 'requests'
2026-01-28 20:33:13,168 | ERROR | services.position_monitor | Error checking positions: No module named 'requests'
2026-01-28 20:33:18,185 | ERROR | services.position_monitor | Error checking positions: No module named 'requests'
2026-01-28 20:33:23,200 | ERROR | services.position_monitor | Error checking positions: No module named 'requests'
2026-01-28 20:33:28,206 | ERROR | services.position_monitor | Error checking positions: No module named 'requests'
2026-01-28 20:33:33,218 | ERROR | services.position_monitor | Error checking positions: No module named 'requests'
2026-01-28 20:33:38,231 | ERROR | services.position_monitor | Error checking positions: No module named 'requests'
2026-01-28 20:33:43,242 | ERROR | services.position_monitor | Error checking positions: No module named 'requests'
2026-01-28 20:33:48,246 | ERROR | services.position_monitor | Error checking positions: No module named 'requests'
2026-01-28 20:33:53,256 | ERROR | services.position_monitor | Error checking positions: No module named 'requests'
2026-01-28 20:33:58,265 | ERROR | services.position_monitor | Error checking positions: No module named 'requests'
2026-01-28 20:34:03,280 | ERROR | services.position_monitor | Error checking positions: No module named 'requests'
2026-01-28 20:34:08,296 | ERROR | services.position_monitor | Error checking positions: No module named 'requests'
2026-01-28 20:34:13,309 | ERROR | services.position_monitor | Error checking positions: No module named 'requests'
2026-01-28 20:34:18,326 | ERROR | services.position_monitor | Error checking positions: No module named 'requests'
2026-01-28 20:34:23,337 | ERROR | services.position_monitor | Error checking positions: No module named 'requests'
2026-01-28 20:34:28,345 | ERROR | services.position_monitor | Error checking positions: No module named 'requests'
2026-01-28 20:34:33,354 | ERROR | services.position_monitor | Error checking positions: No module named 'requests'
2026-01-28 20:34:38,365 | ERROR | services.position_monitor | Error checking positions: No module named 'requests'
2026-01-28 20:34:43,370 | ERROR | services.position_monitor | Error checking positions: No module named 'requests'
2026-01-28 20:34:48,380 | ERROR | services.position_monitor | Error checking positions: No module named 'requests'
2026-01-28 20:34:53,393 | ERROR | services.position_monitor | Error checking positions: No module named 'requests'
2026-01-28 20:34:58,407 | ERROR | services.position_monitor | Error checking positions: No module named 'requests'
2026-01-28 20:35:03,424 | ERROR | services.position_monitor | Error checking positions: No module named 'requests'
2026-01-28 20:35:08,430 | ERROR | services.position_monitor | Error checking positions: No module named 'requests'
2026-01-28 20:35:13,441 | ERROR | services.position_monitor | Error checking positions: No module named 'requests'
2026-01-28 20:35:18,448 | ERROR | services.position_monitor | Error checking positions: No module named 'requests'
2026-01-28 20:35:23,451 | ERROR | services.position_monitor | Error checking positions: No module named 'requests'
2026-01-28 20:35:28,463 | ERROR | services.position_monitor | Error checking positions: No module named 'requests'
2026-01-28 20:35:33,472 | ERROR | services.position_monitor | Error checking positions: No module named 'requests'
2026-01-28 20:35:38,487 | ERROR | services.position_monitor | Error checking positions: No module named 'requests'
2026-01-28 20:35:43,490 | ERROR | services.position_monitor | Error checking positions: No module named 'requests'
2026-01-28 20:35:48,494 | ERROR | services.position_monitor | Error checking positions: No module named 'requests'
2026-01-28 20:35:53,504 | ERROR | services.position_monitor | Error checking positions: No module named 'requests'
2026-01-28 20:35:58,508 | ERROR | services.position_monitor | Error checking positions: No module named 'requests'
2026-01-28 20:36:03,518 | ERROR | services.position_monitor | Error checking positions: No module named 'requests'
2026-01-28 20:36:08,526 | ERROR | services.position_monitor | Error checking positions: No module named 'requests'
2026-01-28 20:36:13,539 | ERROR | services.position_monitor | Error checking positions: No module named 'requests'
2026-01-28 20:36:18,544 | ERROR | services.position_monitor | Error checking positions: No module named 'requests'
2026-01-28 20:36:23,557 | ERROR | services.position_monitor | Error checking positions: No module named 'requests'
2026-01-28 20:36:28,572 | ERROR | services.position_monitor | Error checking positions: No module named 'requests'
2026-01-28 20:36:33,586 | ERROR | services.position_monitor | Error checking positions: No module named 'requests'
2026-01-28 20:36:38,601 | ERROR | services.position_monitor | Error checking positions: No module named 'requests'
2026-01-28 20:36:43,605 | ERROR | services.position_monitor | Error checking positions: No module named 'requests'
2026-01-28 20:36:48,612 | ERROR | services.position_monitor | Error checking positions: No module named 'requests'
2026-01-28 20:36:53,622 | ERROR | services.position_monitor | Error checking positions: No module named 'requests'
2026-01-28 20:36:58,632 | ERROR | services.position_monitor | Error checking positions: No module named 'requests'
2026-01-28 20:37:03,637 | ERROR | services.position_monitor | Error checking positions: No module named 'requests'
2026-01-28 20:37:08,644 | ERROR | services.position_monitor | Error checking positions: No module named 'requests'
2026-01-28 20:37:13,655 | ERROR | services.position_monitor | Error checking positions: No module named 'requests'
2026-01-28 20:37:18,661 | ERROR | services.position_monitor | Error checking positions: No module named 'requests'
2026-01-28 20:37:23,669 | ERROR | services.position_monitor | Error checking positions: No module named 'requests'
2026-01-28 20:37:28,672 | ERROR | services.position_monitor | Error checking positions: No module named 'requests'
2026-01-28 20:37:33,680 | ERROR | services.position_monitor | Error checking positions: No module named 'requests'
2026-01-28 20:37:38,690 | ERROR | services.position_monitor | Error checking positions: No module named 'requests'
2026-01-28 20:37:43,705 | ERROR | services.position_monitor | Error checking positions: No module named 'requests'
2026-01-28 20:37:48,721 | ERROR | services.position_monitor | Error checking positions: No module named 'requests'
2026-01-28 20:37:53,728 | ERROR | services.position_monitor | Error checking positions: No module named 'requests'
2026-01-28 20:37:58,732 | ERROR | services.position_monitor | Error checking positions: No module named 'requests'
2026-01-28 20:38:03,734 | ERROR | services.position_monitor | Error checking positions: No module named 'requests'
2026-01-28 20:38:08,748 | ERROR | services.position_monitor | Error checking positions: No module named 'requests'
2026-01-28 20:38:13,757 | ERROR | services.position_monitor | Error checking positions: No module named 'requests'
2026-01-28 20:38:18,770 | ERROR | services.position_monitor | Error checking positions: No module named 'requests'
2026-01-28 20:38:23,773 | ERROR | services.position_monitor | Error checking positions: No module named 'requests'
2026-01-28 20:38:28,781 | ERROR | services.position_monitor | Error checking positions: No module named 'requests'
2026-01-28 20:38:33,786 | ERROR | services.position_monitor | Error checking positions: No module named 'requests'
2026-01-28 20:38:38,796 | ERROR | services.position_monitor | Error checking positions: No module named 'requests'
2026-01-28 20:38:43,807 | ERROR | services.position_monitor | Error checking positions: No module named 'requests'
2026-01-28 20:38:48,819 | ERROR | services.position_monitor | Error checking positions: No module named 'requests'
2026-01-28 20:38:53,827 | ERROR | services.position_monitor | Error checking positions: No module named 'requests'
2026-01-28 20:38:58,840 | ERROR | services.position_monitor | Error checking positions: No module named 'requests'
2026-01-28 20:39:03,845 | ERROR | services.position_monitor | Error checking positions: No module named 'requests'
2026-01-28 20:39:08,847 | ERROR | services.position_monitor | Error checking positions: No module named 'requests'
2026-01-28 20:39:13,855 | ERROR | services.position_monitor | Error checking positions: No module named 'requests'
2026-01-28 20:39:18,861 | ERROR | services.position_monitor | Error checking positions: No module named 'requests'
2026-01-28 20:39:23,866 | ERROR | services.position_monitor | Error checking positions: No module named 'requests'
2026-01-28 20:39:28,876 | ERROR | services.position_monitor | Error checking positions: No module named 'requests'
2026-01-28 20:39:33,893 | ERROR | services.position_monitor | Error checking positions: No module named 'requests'
2026-01-28 20:39:38,899 | ERROR | services.position_monitor | Error checking positions: No module named 'requests'
2026-01-28 20:39:43,908 | ERROR | services.position_monitor | Error checking positions: No module named 'requests'
2026-01-28 20:39:48,915 | ERROR | services.position_monitor | Error checking positions: No module named 'requests'
2026-01-28 20:39:53,926 | ERROR | services.position_monitor | Error checking positions: No module named 'requests'
2026-01-28 20:39:58,939 | ERROR | services.position_monitor | Error checking positions: No module named 'requests'
2026-01-28 20:40:03,954 | ERROR | services.position_monitor | Error checking positions: No module named 'requests'
2026-01-28 20:40:08,968 | ERROR | services.position_monitor | Error checking positions: No module named 'requests'
2026-01-28 20:40:13,982 | ERROR | services.position_monitor | Error checking positions: No module named 'requests'
2026-01-28 20:40:18,997 | ERROR | services.position_monitor | Error checking positions: No module named 'requests'
2026-01-28 20:40:24,010 | ERROR | services.position_monitor | Error checking positions: No module named 'requests'
2026-01-28 20:40:29,019 | ERROR | services.position_monitor | Error checking positions: No module named 'requests'
2026-01-28 20:40:34,026 | ERROR | services.position_monitor | Error checking positions: No module named 'requests'
2026-01-28 20:40:39,041 | ERROR | services.position_monitor | Error checking positions: No module named 'requests'
2026-01-28 20:40:44,045 | ERROR | services.position_monitor | Error checking positions: No module named 'requests'
2026-01-28 20:40:49,052 | ERROR | services.position_monitor | Error checking positions: No module named 'requests'
2026-01-28 20:40:54,068 | ERROR | services.position_monitor | Error checking positions: No module named 'requests'
2026-01-28 20:40:59,078 | ERROR | services.position_monitor | Error checking positions: No module named 'requests'
2026-01-28 20:41:04,087 | ERROR | services.position_monitor | Error checking positions: No module named 'requests'
2026-01-28 20:41:09,098 | ERROR | services.position_monitor | Error checking positions: No module named 'requests'
2026-01-28 20:41:14,110 | ERROR | services.position_monitor | Error checking positions: No module named 'requests'
2026-01-28 20:41:19,122 | ERROR | services.position_monitor | Error checking positions: No module named 'requests'
2026-01-28 20:41:24,138 | ERROR | services.position_monitor | Error checking positions: No module named 'requests'
2026-01-28 20:41:29,147 | ERROR | services.position_monitor | Error checking positions: No module named 'requests'
2026-01-28 20:41:34,153 | ERROR | services.position_monitor | Error checking positions: No module named 'requests'
2026-01-28 20:41:39,158 | ERROR | services.position_monitor | Error checking positions: No module named 'requests'
2026-01-28 20:41:44,163 | ERROR | services.position_monitor | Error checking positions: No module named 'requests'
2026-01-28 20:41:49,175 | ERROR | services.position_monitor | Error checking positions: No module named 'requests'
2026-01-28 20:41:54,183 | ERROR | services.position_monitor | Error checking positions: No module named 'requests'
2026-01-28 20:41:59,188 | ERROR | services.position_monitor | Error checking positions: No module named 'requests'
2026-01-28 20:42:04,201 | ERROR | services.position_monitor | Error checking positions: No module named 'requests'
2026-01-28 20:42:09,214 | ERROR | services.position_monitor | Error checking positions: No module named 'requests'
2026-01-28 20:42:14,227 | ERROR | services.position_monitor | Error checking positions: No module named 'requests'
2026-01-28 20:42:32,074 | WARNING | services.position_monitor | TradingBot timeout: HTTPConnectionPool(host='localhost', port=5000): Read timed out. (read timeout=10)
2026-01-28 20:43:04,394 | INFO | store.journal_store | Database initialized at data/journal.db
2026-01-28 20:43:06,409 | INFO | store.journal_store | Database initialized at data/journal.db
2026-01-28 20:43:06,671 | INFO | store.journal_store | Database initialized at data/journal.db
2026-01-28 20:43:06,725 | INFO | main | ============================================================
2026-01-28 20:43:06,726 | INFO | main | Trading Journal Backend starting...
2026-01-28 20:43:06,726 | INFO | main | Database: data/journal.db
2026-01-28 20:43:06,726 | INFO | main | Screenshots: screenshots/
2026-01-28 20:43:06,727 | INFO | main | ============================================================
2026-01-28 20:43:06,729 | INFO | services.screenshot_service | Screenshot service initialized (mplfinance fallback only)
2026-01-28 20:43:07,635 | INFO | services.position_monitor | Loaded 0 existing open entries
2026-01-28 20:43:19,823 | WARNING | services.position_monitor | TradingBot timeout: HTTPConnectionPool(host='localhost', port=5000): Read timed out. (read timeout=10)
2026-01-28 20:43:19,824 | INFO | services.position_monitor | Position monitor started (interval: 5.0s)
2026-01-28 20:43:19,824 | INFO | main | All services started successfully
2026-01-28 20:43:31,889 | WARNING | services.position_monitor | TradingBot timeout: HTTPConnectionPool(host='localhost', port=5000): Read timed out. (read timeout=10)
2026-01-28 20:43:48,960 | WARNING | services.position_monitor | TradingBot timeout: HTTPConnectionPool(host='localhost', port=5000): Read timed out. (read timeout=10)
2026-01-28 20:44:06,033 | WARNING | services.position_monitor | TradingBot timeout: HTTPConnectionPool(host='localhost', port=5000): Read timed out. (read timeout=10)
2026-01-28 20:44:23,109 | WARNING | services.position_monitor | TradingBot timeout: HTTPConnectionPool(host='localhost', port=5000): Read timed out. (read timeout=10)
2026-01-28 20:44:40,166 | WARNING | services.position_monitor | TradingBot timeout: HTTPConnectionPool(host='localhost', port=5000): Read timed out. (read timeout=10)
2026-01-28 20:44:57,246 | WARNING | services.position_monitor | TradingBot timeout: HTTPConnectionPool(host='localhost', port=5000): Read timed out. (read timeout=10)
2026-01-28 20:45:14,308 | WARNING | services.position_monitor | TradingBot timeout: HTTPConnectionPool(host='localhost', port=5000): Read timed out. (read timeout=10)
2026-01-28 20:45:14,417 | INFO | main | Trading Journal Backend shutting down...
2026-01-28 20:45:14,448 | INFO | services.position_monitor | Position monitor stopped
2026-01-28 20:45:14,448 | INFO | services.screenshot_service | Screenshot service shut down
2026-01-28 20:45:14,449 | INFO | main | Shutdown complete
2026-01-28 20:45:16,478 | INFO | store.journal_store | Database initialized at data/journal.db
2026-01-28 20:45:16,894 | INFO | store.journal_store | Database initialized at data/journal.db
2026-01-28 20:45:16,951 | INFO | main | ============================================================
2026-01-28 20:45:16,951 | INFO | main | Trading Journal Backend starting...
2026-01-28 20:45:16,952 | INFO | main | Database: data/journal.db
2026-01-28 20:45:16,952 | INFO | main | Screenshots: screenshots/
2026-01-28 20:45:16,952 | INFO | main | ============================================================
2026-01-28 20:45:16,954 | INFO | services.screenshot_service | Screenshot service initialized (mplfinance fallback only)
2026-01-28 20:45:17,956 | INFO | services.position_monitor | Loaded 0 existing open entries
2026-01-28 20:45:28,143 | WARNING | services.position_monitor | TradingBot timeout: HTTPConnectionPool(host='127.0.0.1', port=5000): Read timed out. (read timeout=10)
2026-01-28 20:45:28,143 | INFO | services.position_monitor | Position monitor started (interval: 5.0s)
2026-01-28 20:45:28,144 | INFO | main | All services started successfully
2026-01-28 20:45:38,164 | WARNING | services.position_monitor | TradingBot timeout: HTTPConnectionPool(host='127.0.0.1', port=5000): Read timed out. (read timeout=10)
2026-01-28 20:45:53,193 | WARNING | services.position_monitor | TradingBot timeout: HTTPConnectionPool(host='127.0.0.1', port=5000): Read timed out. (read timeout=10)
2026-01-28 20:46:08,216 | WARNING | services.position_monitor | TradingBot timeout: HTTPConnectionPool(host='127.0.0.1', port=5000): Read timed out. (read timeout=10)
2026-01-28 20:46:23,253 | WARNING | services.position_monitor | TradingBot timeout: HTTPConnectionPool(host='127.0.0.1', port=5000): Read timed out. (read timeout=10)
2026-01-28 20:46:38,282 | WARNING | services.position_monitor | TradingBot timeout: HTTPConnectionPool(host='127.0.0.1', port=5000): Read timed out. (read timeout=10)
2026-01-28 20:46:53,306 | WARNING | services.position_monitor | TradingBot timeout: HTTPConnectionPool(host='127.0.0.1', port=5000): Read timed out. (read timeout=10)
2026-01-28 20:47:08,338 | WARNING | services.position_monitor | TradingBot timeout: HTTPConnectionPool(host='127.0.0.1', port=5000): Read timed out. (read timeout=10)
2026-01-28 20:47:23,349 | WARNING | services.position_monitor | TradingBot timeout: HTTPConnectionPool(host='127.0.0.1', port=5000): Read timed out. (read timeout=10)
2026-01-28 20:47:38,365 | WARNING | services.position_monitor | TradingBot timeout: HTTPConnectionPool(host='127.0.0.1', port=5000): Read timed out. (read timeout=10)
2026-01-28 20:47:53,396 | WARNING | services.position_monitor | TradingBot timeout: HTTPConnectionPool(host='127.0.0.1', port=5000): Read timed out. (read timeout=10)
2026-01-28 20:48:08,417 | WARNING | services.position_monitor | TradingBot timeout: HTTPConnectionPool(host='127.0.0.1', port=5000): Read timed out. (read timeout=10)
2026-01-28 20:48:23,431 | WARNING | services.position_monitor | TradingBot timeout: HTTPConnectionPool(host='127.0.0.1', port=5000): Read timed out. (read timeout=10)
2026-01-28 20:48:38,445 | WARNING | services.position_monitor | TradingBot timeout: HTTPConnectionPool(host='127.0.0.1', port=5000): Read timed out. (read timeout=10)
2026-01-28 20:48:53,466 | WARNING | services.position_monitor | TradingBot timeout: HTTPConnectionPool(host='127.0.0.1', port=5000): Read timed out. (read timeout=10)
2026-01-28 20:49:08,483 | WARNING | services.position_monitor | TradingBot timeout: HTTPConnectionPool(host='127.0.0.1', port=5000): Read timed out. (read timeout=10)
2026-01-28 20:49:23,501 | WARNING | services.position_monitor | TradingBot timeout: HTTPConnectionPool(host='127.0.0.1', port=5000): Read timed out. (read timeout=10)
2026-01-28 20:49:38,517 | WARNING | services.position_monitor | TradingBot timeout: HTTPConnectionPool(host='127.0.0.1', port=5000): Read timed out. (read timeout=10)
2026-01-28 20:49:53,538 | WARNING | services.position_monitor | TradingBot timeout: HTTPConnectionPool(host='127.0.0.1', port=5000): Read timed out. (read timeout=10)
2026-01-28 20:50:08,553 | WARNING | services.position_monitor | TradingBot timeout: HTTPConnectionPool(host='127.0.0.1', port=5000): Read timed out. (read timeout=10)
2026-01-28 20:50:23,560 | WARNING | services.position_monitor | TradingBot timeout: HTTPConnectionPool(host='127.0.0.1', port=5000): Read timed out. (read timeout=10)
2026-01-28 20:50:38,593 | WARNING | services.position_monitor | TradingBot timeout: HTTPConnectionPool(host='127.0.0.1', port=5000): Read timed out. (read timeout=10)
2026-01-28 20:50:53,614 | WARNING | services.position_monitor | TradingBot timeout: HTTPConnectionPool(host='127.0.0.1', port=5000): Read timed out. (read timeout=10)
2026-01-28 20:51:08,659 | WARNING | services.position_monitor | TradingBot timeout: HTTPConnectionPool(host='127.0.0.1', port=5000): Read timed out. (read timeout=10)
2026-01-28 20:51:23,688 | WARNING | services.position_monitor | TradingBot timeout: HTTPConnectionPool(host='127.0.0.1', port=5000): Read timed out. (read timeout=10)
2026-01-28 20:51:38,703 | WARNING | services.position_monitor | TradingBot timeout: HTTPConnectionPool(host='127.0.0.1', port=5000): Read timed out. (read timeout=10)
2026-01-28 20:51:53,720 | WARNING | services.position_monitor | TradingBot timeout: HTTPConnectionPool(host='127.0.0.1', port=5000): Read timed out. (read timeout=10)
2026-01-28 20:52:08,746 | WARNING | services.position_monitor | TradingBot timeout: HTTPConnectionPool(host='127.0.0.1', port=5000): Read timed out. (read timeout=10)
2026-01-28 20:52:23,774 | WARNING | services.position_monitor | TradingBot timeout: HTTPConnectionPool(host='127.0.0.1', port=5000): Read timed out. (read timeout=10)
2026-01-28 20:52:38,782 | WARNING | services.position_monitor | TradingBot timeout: HTTPConnectionPool(host='127.0.0.1', port=5000): Read timed out. (read timeout=10)
2026-01-28 20:52:53,813 | WARNING | services.position_monitor | TradingBot timeout: HTTPConnectionPool(host='127.0.0.1', port=5000): Read timed out. (read timeout=10)
2026-01-28 20:53:08,857 | WARNING | services.position_monitor | TradingBot timeout: HTTPConnectionPool(host='127.0.0.1', port=5000): Read timed out. (read timeout=10)
2026-01-28 20:53:23,885 | WARNING | services.position_monitor | TradingBot timeout: HTTPConnectionPool(host='127.0.0.1', port=5000): Read timed out. (read timeout=10)
2026-01-28 20:53:38,901 | WARNING | services.position_monitor | TradingBot timeout: HTTPConnectionPool(host='127.0.0.1', port=5000): Read timed out. (read timeout=10)
2026-01-28 20:53:53,933 | WARNING | services.position_monitor | TradingBot timeout: HTTPConnectionPool(host='127.0.0.1', port=5000): Read timed out. (read timeout=10)
2026-01-28 20:54:08,967 | WARNING | services.position_monitor | TradingBot timeout: HTTPConnectionPool(host='127.0.0.1', port=5000): Read timed out. (read timeout=10)
2026-01-28 20:54:23,992 | WARNING | services.position_monitor | TradingBot timeout: HTTPConnectionPool(host='127.0.0.1', port=5000): Read timed out. (read timeout=10)
2026-01-28 20:54:39,018 | WARNING | services.position_monitor | TradingBot timeout: HTTPConnectionPool(host='127.0.0.1', port=5000): Read timed out. (read timeout=10)
2026-01-28 20:55:10,930 | INFO | store.journal_store | Database initialized at data/journal.db
2026-01-28 20:55:12,880 | INFO | store.journal_store | Database initialized at data/journal.db
2026-01-28 20:55:13,123 | INFO | store.journal_store | Database initialized at data/journal.db
2026-01-28 20:55:13,170 | INFO | main | ============================================================
2026-01-28 20:55:13,171 | INFO | main | Trading Journal Backend starting...
2026-01-28 20:55:13,171 | INFO | main | Database: data/journal.db
2026-01-28 20:55:13,171 | INFO | main | Screenshots: screenshots/
2026-01-28 20:55:13,172 | INFO | main | ============================================================
2026-01-28 20:55:13,173 | INFO | services.screenshot_service | Screenshot service initialized (mplfinance fallback only)
2026-01-28 20:55:13,989 | INFO | services.position_monitor | Loaded 0 existing open entries
2026-01-28 20:55:24,144 | WARNING | services.position_monitor | TradingBot timeout: HTTPConnectionPool(host='127.0.0.1', port=5000): Read timed out. (read timeout=10)
2026-01-28 20:55:24,145 | INFO | services.position_monitor | Position monitor started (interval: 5.0s)
2026-01-28 20:55:24,145 | INFO | main | All services started successfully
2026-01-28 20:55:34,152 | WARNING | services.position_monitor | TradingBot timeout: HTTPConnectionPool(host='127.0.0.1', port=5000): Read timed out. (read timeout=10)
2026-01-28 20:55:49,159 | WARNING | services.position_monitor | TradingBot timeout: HTTPConnectionPool(host='127.0.0.1', port=5000): Read timed out. (read timeout=10)
2026-01-28 20:56:04,184 | WARNING | services.position_monitor | TradingBot timeout: HTTPConnectionPool(host='127.0.0.1', port=5000): Read timed out. (read timeout=10)
2026-01-28 20:56:19,217 | WARNING | services.position_monitor | TradingBot timeout: HTTPConnectionPool(host='127.0.0.1', port=5000): Read timed out. (read timeout=10)
2026-01-28 20:56:34,239 | WARNING | services.position_monitor | TradingBot timeout: HTTPConnectionPool(host='127.0.0.1', port=5000): Read timed out. (read timeout=10)
2026-01-28 20:56:49,246 | WARNING | services.position_monitor | TradingBot timeout: HTTPConnectionPool(host='127.0.0.1', port=5000): Read timed out. (read timeout=10)
2026-01-28 20:57:04,263 | WARNING | services.position_monitor | TradingBot timeout: HTTPConnectionPool(host='127.0.0.1', port=5000): Read timed out. (read timeout=10)
2026-01-28 20:57:19,294 | WARNING | services.position_monitor | TradingBot timeout: HTTPConnectionPool(host='127.0.0.1', port=5000): Read timed out. (read timeout=10)
2026-01-28 20:57:34,312 | WARNING | services.position_monitor | TradingBot timeout: HTTPConnectionPool(host='127.0.0.1', port=5000): Read timed out. (read timeout=10)
2026-01-28 20:57:49,330 | WARNING | services.position_monitor | TradingBot timeout: HTTPConnectionPool(host='127.0.0.1', port=5000): Read timed out. (read timeout=10)
2026-01-28 20:58:04,351 | WARNING | services.position_monitor | TradingBot timeout: HTTPConnectionPool(host='127.0.0.1', port=5000): Read timed out. (read timeout=10)
2026-01-28 20:58:19,379 | WARNING | services.position_monitor | TradingBot timeout: HTTPConnectionPool(host='127.0.0.1', port=5000): Read timed out. (read timeout=10)
2026-01-28 20:58:34,386 | WARNING | services.position_monitor | TradingBot timeout: HTTPConnectionPool(host='127.0.0.1', port=5000): Read timed out. (read timeout=10)
2026-01-28 20:58:49,413 | WARNING | services.position_monitor | TradingBot timeout: HTTPConnectionPool(host='127.0.0.1', port=5000): Read timed out. (read timeout=10)
2026-01-28 20:59:04,432 | WARNING | services.position_monitor | TradingBot timeout: HTTPConnectionPool(host='127.0.0.1', port=5000): Read timed out. (read timeout=10)
2026-01-28 20:59:19,457 | WARNING | services.position_monitor | TradingBot timeout: HTTPConnectionPool(host='127.0.0.1', port=5000): Read timed out. (read timeout=10)
2026-01-28 20:59:34,498 | WARNING | services.position_monitor | TradingBot timeout: HTTPConnectionPool(host='127.0.0.1', port=5000): Read timed out. (read timeout=10)
2026-01-28 21:03:09,423 | INFO | store.journal_store | Database initialized at data/journal.db
2026-01-28 21:03:11,214 | INFO | store.journal_store | Database initialized at data/journal.db
2026-01-28 21:03:11,437 | INFO | store.journal_store | Database initialized at data/journal.db
2026-01-28 21:03:11,484 | INFO | main | ============================================================
2026-01-28 21:03:11,484 | INFO | main | Trading Journal Backend starting...
2026-01-28 21:03:11,485 | INFO | main | Database: data/journal.db
2026-01-28 21:03:11,485 | INFO | main | Screenshots: screenshots/
2026-01-28 21:03:11,485 | INFO | main | ============================================================
2026-01-28 21:03:11,487 | INFO | services.screenshot_service | Screenshot service initialized (mplfinance fallback only)
2026-01-28 21:03:12,116 | INFO | services.position_monitor | Loaded 0 existing open entries
2026-01-28 21:03:22,297 | WARNING | services.position_monitor | TradingBot timeout: HTTPConnectionPool(host='127.0.0.1', port=5000): Read timed out. (read timeout=10)
2026-01-28 21:03:22,298 | INFO | services.position_monitor | Position monitor started (interval: 5.0s)
2026-01-28 21:03:22,298 | INFO | main | All services started successfully
2026-01-28 21:03:32,303 | WARNING | services.position_monitor | TradingBot timeout: HTTPConnectionPool(host='127.0.0.1', port=5000): Read timed out. (read timeout=10)
2026-01-28 21:03:47,313 | WARNING | services.position_monitor | TradingBot timeout: HTTPConnectionPool(host='127.0.0.1', port=5000): Read timed out. (read timeout=10)
2026-01-28 21:04:02,327 | WARNING | services.position_monitor | TradingBot timeout: HTTPConnectionPool(host='127.0.0.1', port=5000): Read timed out. (read timeout=10)
2026-01-28 21:04:17,347 | WARNING | services.position_monitor | TradingBot timeout: HTTPConnectionPool(host='127.0.0.1', port=5000): Read timed out. (read timeout=10)
2026-01-28 21:04:32,381 | WARNING | services.position_monitor | TradingBot timeout: HTTPConnectionPool(host='127.0.0.1', port=5000): Read timed out. (read timeout=10)
2026-01-28 21:04:47,422 | WARNING | services.position_monitor | TradingBot timeout: HTTPConnectionPool(host='127.0.0.1', port=5000): Read timed out. (read timeout=10)
2026-01-28 21:05:02,444 | WARNING | services.position_monitor | TradingBot timeout: HTTPConnectionPool(host='127.0.0.1', port=5000): Read timed out. (read timeout=10)
2026-01-28 21:05:17,458 | WARNING | services.position_monitor | TradingBot timeout: HTTPConnectionPool(host='127.0.0.1', port=5000): Read timed out. (read timeout=10)
2026-01-28 21:05:32,468 | WARNING | services.position_monitor | TradingBot timeout: HTTPConnectionPool(host='127.0.0.1', port=5000): Read timed out. (read timeout=10)
2026-01-28 21:05:47,483 | WARNING | services.position_monitor | TradingBot timeout: HTTPConnectionPool(host='127.0.0.1', port=5000): Read timed out. (read timeout=10)
2026-01-28 21:06:02,500 | WARNING | services.position_monitor | TradingBot timeout: HTTPConnectionPool(host='127.0.0.1', port=5000): Read timed out. (read timeout=10)
2026-01-28 21:06:03,365 | INFO | main | Trading Journal Backend shutting down...
2026-01-28 21:06:03,402 | INFO | services.position_monitor | Position monitor stopped
2026-01-28 21:06:03,402 | INFO | services.screenshot_service | Screenshot service shut down
2026-01-28 21:06:03,403 | INFO | main | Shutdown complete
2026-01-28 21:06:05,328 | INFO | store.journal_store | Database initialized at data/journal.db
2026-01-28 21:06:05,544 | INFO | store.journal_store | Database initialized at data/journal.db
2026-01-28 21:06:05,590 | INFO | main | ============================================================
2026-01-28 21:06:05,591 | INFO | main | Trading Journal Backend starting...
2026-01-28 21:06:05,591 | INFO | main | Database: data/journal.db
2026-01-28 21:06:05,591 | INFO | main | Screenshots: screenshots/
2026-01-28 21:06:05,592 | INFO | main | ============================================================
2026-01-28 21:06:05,593 | INFO | services.screenshot_service | Screenshot service initialized (mplfinance fallback only)
2026-01-28 21:06:06,303 | INFO | services.position_monitor | Loaded 0 existing open entries
2026-01-28 21:06:21,345 | WARNING | services.position_monitor | TradingBot timeout (curl)
2026-01-28 21:06:21,345 | INFO | services.position_monitor | Position monitor started (interval: 5.0s)
2026-01-28 21:06:21,346 | INFO | main | All services started successfully
2026-01-28 21:06:36,369 | WARNING | services.position_monitor | TradingBot timeout (curl)
2026-01-28 21:06:56,394 | WARNING | services.position_monitor | TradingBot timeout (curl)
2026-01-28 21:07:16,411 | WARNING | services.position_monitor | TradingBot timeout (curl)
2026-01-28 21:07:36,436 | WARNING | services.position_monitor | TradingBot timeout (curl)
2026-01-28 21:07:56,458 | WARNING | services.position_monitor | TradingBot timeout (curl)
2026-01-28 21:08:16,485 | WARNING | services.position_monitor | TradingBot timeout (curl)
2026-01-28 21:08:36,510 | WARNING | services.position_monitor | TradingBot timeout (curl)
2026-01-28 21:08:56,529 | WARNING | services.position_monitor | TradingBot timeout (curl)
2026-01-28 21:09:16,544 | WARNING | services.position_monitor | TradingBot timeout (curl)
2026-01-28 21:09:36,568 | WARNING | services.position_monitor | TradingBot timeout (curl)
2026-01-28 21:09:56,604 | WARNING | services.position_monitor | TradingBot timeout (curl)
2026-01-28 21:10:16,621 | WARNING | services.position_monitor | TradingBot timeout (curl)
2026-01-28 21:10:36,649 | WARNING | services.position_monitor | TradingBot timeout (curl)
2026-01-28 21:10:56,659 | WARNING | services.position_monitor | TradingBot timeout (curl)
2026-01-28 21:11:16,682 | WARNING | services.position_monitor | TradingBot timeout (curl)
2026-01-28 21:11:36,715 | WARNING | services.position_monitor | TradingBot timeout (curl)
2026-01-28 21:11:56,746 | WARNING | services.position_monitor | TradingBot timeout (curl)
2026-01-28 21:12:16,781 | WARNING | services.position_monitor | TradingBot timeout (curl)
2026-01-28 21:12:36,805 | WARNING | services.position_monitor | TradingBot timeout (curl)
2026-01-28 21:12:56,833 | WARNING | services.position_monitor | TradingBot timeout (curl)
2026-01-28 21:13:16,862 | WARNING | services.position_monitor | TradingBot timeout (curl)
2026-01-28 21:13:36,884 | WARNING | services.position_monitor | TradingBot timeout (curl)
2026-01-28 21:13:56,905 | WARNING | services.position_monitor | TradingBot timeout (curl)
2026-01-28 21:14:16,919 | WARNING | services.position_monitor | TradingBot timeout (curl)
2026-01-28 21:14:36,946 | WARNING | services.position_monitor | TradingBot timeout (curl)
2026-01-28 21:14:56,972 | WARNING | services.position_monitor | TradingBot timeout (curl)
2026-01-28 21:15:17,009 | WARNING | services.position_monitor | TradingBot timeout (curl)
2026-01-28 21:15:37,028 | WARNING | services.position_monitor | TradingBot timeout (curl)
2026-01-28 21:15:57,052 | WARNING | services.position_monitor | TradingBot timeout (curl)
2026-01-28 21:16:17,066 | WARNING | services.position_monitor | TradingBot timeout (curl)
2026-01-28 21:16:37,094 | WARNING | services.position_monitor | TradingBot timeout (curl)
2026-01-28 21:16:57,117 | WARNING | services.position_monitor | TradingBot timeout (curl)
2026-01-28 21:17:17,141 | WARNING | services.position_monitor | TradingBot timeout (curl)
2026-01-28 21:17:37,172 | WARNING | services.position_monitor | TradingBot timeout (curl)
2026-01-28 21:17:57,187 | WARNING | services.position_monitor | TradingBot timeout (curl)
2026-01-28 21:18:17,210 | WARNING | services.position_monitor | TradingBot timeout (curl)
2026-01-28 21:18:37,236 | WARNING | services.position_monitor | TradingBot timeout (curl)
2026-01-28 21:18:57,250 | WARNING | services.position_monitor | TradingBot timeout (curl)
2026-01-28 21:19:13,342 | WARNING | services.position_monitor | curl failed: 
2026-01-28 21:19:41,831 | INFO | store.journal_store | Database initialized at data/journal.db
2026-01-28 21:19:43,043 | INFO | store.journal_store | Database initialized at data/journal.db
2026-01-28 21:19:43,210 | INFO | store.journal_store | Database initialized at data/journal.db
2026-01-28 21:19:43,245 | INFO | main | ============================================================
2026-01-28 21:19:43,246 | INFO | main | Trading Journal Backend starting...
2026-01-28 21:19:43,246 | INFO | main | Database: data/journal.db
2026-01-28 21:19:43,246 | INFO | main | Screenshots: screenshots/
2026-01-28 21:19:43,246 | INFO | main | ============================================================
2026-01-28 21:19:43,248 | INFO | services.screenshot_service | Screenshot service initialized (mplfinance fallback only)
2026-01-28 21:19:43,912 | INFO | services.position_monitor | Loaded 0 existing open entries
2026-01-28 21:19:58,938 | WARNING | services.position_monitor | TradingBot timeout (curl)
2026-01-28 21:19:58,939 | INFO | services.position_monitor | Position monitor started (interval: 5.0s)
2026-01-28 21:19:58,940 | INFO | main | All services started successfully
2026-01-28 21:20:13,955 | WARNING | services.position_monitor | TradingBot timeout (curl)
2026-01-28 21:20:33,986 | WARNING | services.position_monitor | TradingBot timeout (curl)
2026-01-28 21:20:54,007 | WARNING | services.position_monitor | TradingBot timeout (curl)
2026-01-28 21:21:14,029 | WARNING | services.position_monitor | TradingBot timeout (curl)
2026-01-28 21:21:34,050 | WARNING | services.position_monitor | TradingBot timeout (curl)
2026-01-28 21:21:54,080 | WARNING | services.position_monitor | TradingBot timeout (curl)
2026-01-28 21:23:12,157 | INFO | store.journal_store | Database initialized at data/journal.db
2026-01-28 21:23:13,650 | INFO | store.journal_store | Database initialized at data/journal.db
2026-01-28 21:23:13,904 | INFO | store.journal_store | Database initialized at data/journal.db
2026-01-28 21:23:13,954 | INFO | main | ============================================================
2026-01-28 21:23:13,955 | INFO | main | Trading Journal Backend starting...
2026-01-28 21:23:13,955 | INFO | main | Database: data/journal.db
2026-01-28 21:23:13,955 | INFO | main | Screenshots: screenshots/
2026-01-28 21:23:13,956 | INFO | main | ============================================================
2026-01-28 21:23:13,958 | INFO | services.screenshot_service | Screenshot service initialized (mplfinance fallback only)
2026-01-28 21:23:13,958 | WARNING | main | Position monitor DISABLED for debugging
2026-01-28 21:23:13,958 | INFO | main | All services started successfully
2026-01-28 22:26:58,758 | INFO | store.journal_store | Database initialized at data/journal.db
2026-01-28 22:26:59,993 | INFO | store.journal_store | Database initialized at data/journal.db
2026-01-28 22:27:00,178 | INFO | store.journal_store | Database initialized at data/journal.db
2026-01-28 22:27:00,209 | INFO | main | ============================================================
2026-01-28 22:27:00,209 | INFO | main | Trading Journal Backend starting...
2026-01-28 22:27:00,209 | INFO | main | Database: data/journal.db
2026-01-28 22:27:00,210 | INFO | main | Screenshots: screenshots/
2026-01-28 22:27:00,210 | INFO | main | ============================================================
2026-01-28 22:27:00,212 | INFO | services.screenshot_service | Screenshot service initialized (mplfinance fallback only)
2026-01-28 22:27:00,213 | WARNING | main | Position monitor DISABLED for debugging
2026-01-28 22:27:00,213 | INFO | main | All services started successfully
2026-01-28 22:28:59,331 | INFO | main | Trading Journal Backend shutting down...
2026-01-28 22:28:59,332 | INFO | services.position_monitor | Position monitor stopped
2026-01-28 22:28:59,332 | INFO | services.screenshot_service | Screenshot service shut down
2026-01-28 22:28:59,332 | INFO | main | Shutdown complete
2026-01-28 22:29:00,873 | INFO | store.journal_store | Database initialized at data/journal.db
2026-01-28 22:29:01,071 | INFO | store.journal_store | Database initialized at data/journal.db
2026-01-28 22:29:01,115 | INFO | main | ============================================================
2026-01-28 22:29:01,116 | INFO | main | Trading Journal Backend starting...
2026-01-28 22:29:01,116 | INFO | main | Database: data/journal.db
2026-01-28 22:29:01,116 | INFO | main | Screenshots: screenshots/
2026-01-28 22:29:01,116 | INFO | main | ============================================================
2026-01-28 22:29:01,118 | INFO | services.screenshot_service | Screenshot service initialized (mplfinance fallback only)
2026-01-28 22:29:01,119 | WARNING | main | Position monitor DISABLED for debugging
2026-01-28 22:29:01,119 | INFO | main | All services started successfully
2026-01-28 22:29:16,961 | INFO | main | Trading Journal Backend shutting down...
2026-01-28 22:29:16,962 | INFO | services.position_monitor | Position monitor stopped
2026-01-28 22:29:16,962 | INFO | services.screenshot_service | Screenshot service shut down
2026-01-28 22:29:16,962 | INFO | main | Shutdown complete
2026-01-28 22:29:18,420 | INFO | store.journal_store | Database initialized at data/journal.db
2026-01-28 22:29:18,582 | INFO | store.journal_store | Database initialized at data/journal.db
2026-01-28 22:29:18,608 | INFO | main | ============================================================
2026-01-28 22:29:18,609 | INFO | main | Trading Journal Backend starting...
2026-01-28 22:29:18,609 | INFO | main | Database: data/journal.db
2026-01-28 22:29:18,609 | INFO | main | Screenshots: screenshots/
2026-01-28 22:29:18,609 | INFO | main | ============================================================
2026-01-28 22:29:18,611 | INFO | services.screenshot_service | Screenshot service initialized (mplfinance fallback only)
2026-01-28 22:29:18,611 | WARNING | main | Position monitor DISABLED for debugging
2026-01-28 22:29:18,612 | INFO | main | All services started successfully
2026-01-28 22:29:28,363 | INFO | main | Trading Journal Backend shutting down...
2026-01-28 22:29:28,363 | INFO | services.position_monitor | Position monitor stopped
2026-01-28 22:29:28,364 | INFO | services.screenshot_service | Screenshot service shut down
2026-01-28 22:29:28,364 | INFO | main | Shutdown complete
2026-01-28 22:29:29,842 | INFO | store.journal_store | Database initialized at data/journal.db
2026-01-28 22:29:30,023 | INFO | store.journal_store | Database initialized at data/journal.db
2026-01-28 22:29:30,055 | INFO | main | ============================================================
2026-01-28 22:29:30,055 | INFO | main | Trading Journal Backend starting...
2026-01-28 22:29:30,056 | INFO | main | Database: data/journal.db
2026-01-28 22:29:30,056 | INFO | main | Screenshots: screenshots/
2026-01-28 22:29:30,056 | INFO | main | ============================================================
2026-01-28 22:29:30,058 | INFO | services.screenshot_service | Screenshot service initialized (mplfinance fallback only)
2026-01-28 22:29:30,059 | WARNING | main | Position monitor DISABLED for debugging
2026-01-28 22:29:30,059 | INFO | main | All services started successfully
2026-01-28 22:29:44,579 | INFO | main | Trading Journal Backend shutting down...
2026-01-28 22:29:44,579 | INFO | services.position_monitor | Position monitor stopped
2026-01-28 22:29:44,580 | INFO | services.screenshot_service | Screenshot service shut down
2026-01-28 22:29:44,580 | INFO | main | Shutdown complete
2026-01-28 22:29:45,973 | INFO | store.journal_store | Database initialized at data/journal.db
2026-01-28 22:29:46,131 | INFO | store.journal_store | Database initialized at data/journal.db
2026-01-28 22:29:46,158 | INFO | main | ============================================================
2026-01-28 22:29:46,158 | INFO | main | Trading Journal Backend starting...
2026-01-28 22:29:46,158 | INFO | main | Database: data/journal.db
2026-01-28 22:29:46,158 | INFO | main | Screenshots: screenshots/
2026-01-28 22:29:46,158 | INFO | main | ============================================================
2026-01-28 22:29:46,160 | INFO | services.screenshot_service | Screenshot service initialized (mplfinance fallback only)
2026-01-28 22:29:46,160 | WARNING | main | Position monitor DISABLED for debugging
2026-01-28 22:29:46,160 | INFO | main | All services started successfully
2026-01-28 22:30:00,469 | INFO | main | Trading Journal Backend shutting down...
2026-01-28 22:30:00,469 | INFO | services.position_monitor | Position monitor stopped
2026-01-28 22:30:00,470 | INFO | services.screenshot_service | Screenshot service shut down
2026-01-28 22:30:00,470 | INFO | main | Shutdown complete
2026-01-28 22:30:02,319 | INFO | store.journal_store | Database initialized at data/journal.db
2026-01-28 22:30:02,530 | INFO | store.journal_store | Database initialized at data/journal.db
2026-01-28 22:30:02,571 | INFO | main | ============================================================
2026-01-28 22:30:02,572 | INFO | main | Trading Journal Backend starting...
2026-01-28 22:30:02,572 | INFO | main | Database: data/journal.db
2026-01-28 22:30:02,572 | INFO | main | Screenshots: screenshots/
2026-01-28 22:30:02,572 | INFO | main | ============================================================
2026-01-28 22:30:02,573 | INFO | services.screenshot_service | Screenshot service initialized (mplfinance fallback only)
2026-01-28 22:30:03,221 | INFO | services.position_monitor | Loaded 0 existing open entries from database
2026-01-28 22:30:03,221 | INFO | services.position_monitor | Position monitor started (interval: 5.0s)
2026-01-28 22:30:03,222 | INFO | main | Position monitor ENABLED
2026-01-28 22:30:03,222 | INFO | main | All services started successfully
2026-01-28 22:30:13,370 | WARNING | services.position_monitor | TradingBot read timeout
2026-01-28 22:30:13,371 | INFO | services.position_monitor | No positions found in TradingBot (or bot not running)
2026-01-28 22:30:28,386 | WARNING | services.position_monitor | TradingBot read timeout
2026-01-28 22:30:43,427 | WARNING | services.position_monitor | TradingBot read timeout
2026-01-28 22:30:43,429 | INFO | services.position_monitor | Force sync requested
2026-01-28 22:30:53,439 | WARNING | services.position_monitor | TradingBot read timeout
2026-01-28 22:31:03,450 | WARNING | services.position_monitor | TradingBot read timeout
2026-01-28 22:31:18,465 | WARNING | services.position_monitor | TradingBot read timeout
2026-01-28 22:31:33,489 | WARNING | services.position_monitor | TradingBot read timeout
2026-01-28 22:31:33,490 | INFO | main | Trading Journal Backend shutting down...
2026-01-28 22:31:33,500 | INFO | services.position_monitor | Position monitor stopped
2026-01-28 22:31:33,500 | INFO | services.screenshot_service | Screenshot service shut down
2026-01-28 22:31:33,500 | INFO | main | Shutdown complete
2026-01-28 22:31:34,848 | INFO | store.journal_store | Database initialized at data/journal.db
2026-01-28 22:31:35,012 | INFO | store.journal_store | Database initialized at data/journal.db
2026-01-28 22:31:35,043 | INFO | main | ============================================================
2026-01-28 22:31:35,044 | INFO | main | Trading Journal Backend starting...
2026-01-28 22:31:35,044 | INFO | main | Database: data/journal.db
2026-01-28 22:31:35,044 | INFO | main | Screenshots: screenshots/
2026-01-28 22:31:35,045 | INFO | main | ============================================================
2026-01-28 22:31:35,046 | INFO | services.screenshot_service | Screenshot service initialized (mplfinance fallback only)
2026-01-28 22:31:35,585 | INFO | services.position_monitor | Loaded 0 existing open entries from database
2026-01-28 22:31:35,585 | INFO | services.position_monitor | Position monitor started (interval: 5.0s)
2026-01-28 22:31:35,586 | INFO | main | Position monitor ENABLED
2026-01-28 22:31:35,586 | INFO | main | All services started successfully
2026-01-28 22:31:52,062 | INFO | services.position_monitor | Fetched 7 positions from TradingBot
2026-01-28 22:31:52,062 | INFO | services.position_monitor | Synced 7 positions from TradingBot
2026-01-28 22:31:52,062 | INFO | services.position_monitor | Found untracked position: BTCUSDT, creating entry...
2026-01-28 22:31:52,063 | INFO | services.position_monitor | New position detected: BTCUSDT Buy @ 89000.5
2026-01-28 22:31:52,184 | INFO | httpx | HTTP Request: GET http://127.0.0.1:5000/api/alerts/recent?minutes=30 "HTTP/1.1 200 OK"
2026-01-28 22:31:52,192 | INFO | store.journal_store | Created journal entry: f9a7faed-6892-4167-920e-a25c17a6fa80 - BTCUSDT long
2026-01-28 22:31:52,196 | INFO | services.position_monitor | Created journal entry f9a7faed-6892-4167-920e-a25c17a6fa80 for BTCUSDT
2026-01-28 22:31:52,200 | ERROR | services.screenshot_service | All screenshot methods failed for BTCUSDT
2026-01-28 22:31:52,201 | INFO | services.position_monitor | Found untracked position: ETHUSDT, creating entry...
2026-01-28 22:31:52,201 | INFO | services.position_monitor | New position detected: ETHUSDT Buy @ 3005.82
2026-01-28 22:31:52,222 | INFO | httpx | HTTP Request: GET http://127.0.0.1:5000/api/alerts/recent?minutes=30 "HTTP/1.1 200 OK"
2026-01-28 22:31:52,225 | INFO | services.position_monitor | Matched alert: source=analizador, pattern=SWING_LOW (LONG)
2026-01-28 22:31:52,229 | INFO | store.journal_store | Created journal entry: 0ae0b1ee-e5d8-4986-a6e7-3a5727bb1aaa - ETHUSDT long
2026-01-28 22:31:52,233 | INFO | services.position_monitor | Created journal entry 0ae0b1ee-e5d8-4986-a6e7-3a5727bb1aaa for ETHUSDT
2026-01-28 22:31:52,236 | ERROR | services.screenshot_service | All screenshot methods failed for ETHUSDT
2026-01-28 22:31:52,237 | INFO | services.position_monitor | Found untracked position: SOLUSDT, creating entry...
2026-01-28 22:31:52,237 | INFO | services.position_monitor | New position detected: SOLUSDT Sell @ 124.93
2026-01-28 22:31:52,256 | INFO | httpx | HTTP Request: GET http://127.0.0.1:5000/api/alerts/recent?minutes=30 "HTTP/1.1 200 OK"
2026-01-28 22:31:52,259 | INFO | services.position_monitor | Matched alert: source=analizador, pattern=SWING_HIGH (SHORT)
2026-01-28 22:31:52,263 | INFO | store.journal_store | Created journal entry: a797ea5e-5538-4225-bb9c-a6ee2688f571 - SOLUSDT short
2026-01-28 22:31:52,267 | INFO | services.position_monitor | Created journal entry a797ea5e-5538-4225-bb9c-a6ee2688f571 for SOLUSDT
2026-01-28 22:31:52,270 | ERROR | services.screenshot_service | All screenshot methods failed for SOLUSDT
2026-01-28 22:31:52,271 | INFO | services.position_monitor | Found untracked position: ADAUSDT, creating entry...
2026-01-28 22:31:52,271 | INFO | services.position_monitor | New position detected: ADAUSDT Sell @ 0.3561
2026-01-28 22:31:52,291 | INFO | httpx | HTTP Request: GET http://127.0.0.1:5000/api/alerts/recent?minutes=30 "HTTP/1.1 200 OK"
2026-01-28 22:31:52,294 | INFO | services.position_monitor | Matched alert: source=analizador, pattern=SWING_HIGH (SHORT)
2026-01-28 22:31:52,298 | INFO | store.journal_store | Created journal entry: d3e0664a-62ca-48af-b634-e4be9b430d4f - ADAUSDT short
2026-01-28 22:31:52,302 | INFO | services.position_monitor | Created journal entry d3e0664a-62ca-48af-b634-e4be9b430d4f for ADAUSDT
2026-01-28 22:31:52,306 | ERROR | services.screenshot_service | All screenshot methods failed for ADAUSDT
2026-01-28 22:31:52,306 | INFO | services.position_monitor | Found untracked position: TRXUSDT, creating entry...
2026-01-28 22:31:52,307 | INFO | services.position_monitor | New position detected: TRXUSDT Sell @ 0.29516
2026-01-28 22:31:52,328 | INFO | httpx | HTTP Request: GET http://127.0.0.1:5000/api/alerts/recent?minutes=30 "HTTP/1.1 200 OK"
2026-01-28 22:31:52,333 | INFO | store.journal_store | Created journal entry: 71d1c0a4-27c5-40be-9e63-ff259b9057a9 - TRXUSDT short
2026-01-28 22:31:52,337 | INFO | services.position_monitor | Created journal entry 71d1c0a4-27c5-40be-9e63-ff259b9057a9 for TRXUSDT
2026-01-28 22:31:52,341 | ERROR | services.screenshot_service | All screenshot methods failed for TRXUSDT
2026-01-28 22:31:52,342 | INFO | services.position_monitor | Found untracked position: XRPUSDT, creating entry...
2026-01-28 22:31:52,342 | INFO | services.position_monitor | New position detected: XRPUSDT Buy @ 1.876
2026-01-28 22:31:52,363 | INFO | httpx | HTTP Request: GET http://127.0.0.1:5000/api/alerts/recent?minutes=30 "HTTP/1.1 200 OK"
2026-01-28 22:31:52,367 | INFO | services.position_monitor | Matched alert: source=analizador, pattern=SWING_LOW (LONG)
2026-01-28 22:31:52,370 | INFO | store.journal_store | Created journal entry: 50130931-7708-4ba1-8133-8bd401ded3ee - XRPUSDT long
2026-01-28 22:31:52,379 | INFO | services.position_monitor | Created journal entry 50130931-7708-4ba1-8133-8bd401ded3ee for XRPUSDT
2026-01-28 22:31:52,383 | ERROR | services.screenshot_service | All screenshot methods failed for XRPUSDT
2026-01-28 22:31:52,384 | INFO | services.position_monitor | Found untracked position: POLUSDT, creating entry...
2026-01-28 22:31:52,384 | INFO | services.position_monitor | New position detected: POLUSDT Sell @ 0.11742
2026-01-28 22:31:52,403 | INFO | httpx | HTTP Request: GET http://127.0.0.1:5000/api/alerts/recent?minutes=30 "HTTP/1.1 200 OK"
2026-01-28 22:31:52,409 | INFO | store.journal_store | Created journal entry: 5e09396a-553b-495e-a8ce-205b6c061ba5 - POLUSDT short
2026-01-28 22:31:52,414 | INFO | services.position_monitor | Created journal entry 5e09396a-553b-495e-a8ce-205b6c061ba5 for POLUSDT
2026-01-28 22:31:52,417 | ERROR | services.screenshot_service | All screenshot methods failed for POLUSDT
2026-01-28 22:32:12,796 | INFO | services.position_monitor | Fetched 7 positions from TradingBot
2026-01-28 22:32:32,859 | INFO | services.position_monitor | Fetched 7 positions from TradingBot
2026-01-28 22:32:53,805 | INFO | services.position_monitor | Fetched 7 positions from TradingBot
2026-01-28 22:33:14,369 | INFO | services.position_monitor | Fetched 7 positions from TradingBot
2026-01-28 22:33:34,704 | INFO | services.position_monitor | Fetched 7 positions from TradingBot
2026-01-28 22:33:55,174 | INFO | services.position_monitor | Fetched 7 positions from TradingBot
2026-01-28 22:34:15,860 | INFO | services.position_monitor | Fetched 7 positions from TradingBot
2026-01-28 22:34:35,287 | INFO | services.position_monitor | Fetched 7 positions from TradingBot
2026-01-28 22:34:55,122 | INFO | services.position_monitor | Fetched 7 positions from TradingBot
2026-01-28 22:35:15,293 | INFO | services.position_monitor | Fetched 7 positions from TradingBot
2026-01-28 22:35:34,968 | INFO | services.position_monitor | Fetched 7 positions from TradingBot
2026-01-28 22:35:54,020 | INFO | services.position_monitor | Fetched 7 positions from TradingBot
2026-01-28 22:36:14,820 | INFO | services.position_monitor | Fetched 7 positions from TradingBot
2026-01-28 22:36:35,453 | INFO | services.position_monitor | Fetched 7 positions from TradingBot
2026-01-28 22:36:55,242 | INFO | services.position_monitor | Fetched 7 positions from TradingBot
2026-01-28 22:37:15,958 | INFO | services.position_monitor | Fetched 7 positions from TradingBot
2026-01-28 22:37:36,390 | INFO | services.position_monitor | Fetched 7 positions from TradingBot
2026-01-28 22:37:55,604 | INFO | services.position_monitor | Fetched 7 positions from TradingBot
2026-01-28 22:38:17,776 | INFO | services.position_monitor | Fetched 7 positions from TradingBot
2026-01-28 22:38:41,894 | INFO | services.position_monitor | Fetched 7 positions from TradingBot
2026-01-28 22:39:04,775 | INFO | services.position_monitor | Fetched 7 positions from TradingBot
2026-01-28 22:39:28,769 | INFO | services.position_monitor | Fetched 7 positions from TradingBot
2026-01-28 22:39:52,169 | INFO | services.position_monitor | Fetched 7 positions from TradingBot
2026-01-28 22:40:13,853 | INFO | services.position_monitor | Fetched 7 positions from TradingBot
2026-01-28 22:40:35,000 | INFO | services.position_monitor | Fetched 7 positions from TradingBot
2026-01-28 22:40:54,807 | INFO | services.position_monitor | Fetched 7 positions from TradingBot
2026-01-28 22:41:18,941 | INFO | services.position_monitor | Fetched 7 positions from TradingBot
2026-01-28 22:41:42,527 | INFO | services.position_monitor | Fetched 7 positions from TradingBot
2026-01-28 22:42:04,611 | INFO | services.position_monitor | Fetched 7 positions from TradingBot
2026-01-28 22:42:25,451 | INFO | services.position_monitor | Fetched 7 positions from TradingBot
2026-01-28 22:42:46,243 | INFO | services.position_monitor | Fetched 7 positions from TradingBot
2026-01-28 22:43:07,051 | INFO | services.position_monitor | Fetched 7 positions from TradingBot
2026-01-28 22:43:28,467 | INFO | services.position_monitor | Fetched 7 positions from TradingBot
2026-01-28 22:43:49,749 | INFO | services.position_monitor | Fetched 7 positions from TradingBot
2026-01-28 22:44:10,628 | INFO | services.position_monitor | Fetched 7 positions from TradingBot
2026-01-28 22:44:31,280 | INFO | services.position_monitor | Fetched 7 positions from TradingBot
2026-01-28 22:44:52,245 | INFO | services.position_monitor | Fetched 7 positions from TradingBot
2026-01-28 22:45:17,306 | INFO | services.position_monitor | Fetched 7 positions from TradingBot
2026-01-28 22:45:40,825 | INFO | services.position_monitor | Fetched 7 positions from TradingBot
2026-01-28 22:46:04,713 | INFO | services.position_monitor | Fetched 7 positions from TradingBot
2026-01-28 22:46:26,019 | INFO | services.position_monitor | Fetched 7 positions from TradingBot
2026-01-28 22:46:47,027 | INFO | services.position_monitor | Fetched 7 positions from TradingBot
2026-01-28 22:47:07,759 | INFO | services.position_monitor | Fetched 7 positions from TradingBot
2026-01-28 22:47:31,102 | INFO | services.position_monitor | Fetched 7 positions from TradingBot
2026-01-28 22:47:52,843 | INFO | services.position_monitor | Fetched 7 positions from TradingBot
2026-01-28 22:48:19,087 | INFO | services.position_monitor | Fetched 7 positions from TradingBot
2026-01-28 22:48:41,549 | INFO | services.position_monitor | Fetched 7 positions from TradingBot
2026-01-28 22:49:05,854 | INFO | services.position_monitor | Fetched 7 positions from TradingBot
2026-01-28 22:49:27,171 | INFO | services.position_monitor | Fetched 7 positions from TradingBot
2026-01-28 22:49:49,318 | INFO | services.position_monitor | Fetched 7 positions from TradingBot
2026-01-28 22:50:13,519 | INFO | services.position_monitor | Fetched 7 positions from TradingBot
2026-01-28 22:50:35,625 | INFO | services.position_monitor | Fetched 7 positions from TradingBot
2026-01-28 22:51:00,789 | INFO | services.position_monitor | Fetched 7 positions from TradingBot
2026-01-28 22:51:22,984 | INFO | services.position_monitor | Fetched 7 positions from TradingBot
2026-01-28 22:51:46,530 | INFO | services.position_monitor | Fetched 7 positions from TradingBot
2026-01-28 22:52:10,438 | INFO | services.position_monitor | Fetched 7 positions from TradingBot
2026-01-28 22:52:30,978 | INFO | services.position_monitor | Fetched 7 positions from TradingBot
2026-01-28 22:52:51,558 | INFO | services.position_monitor | Fetched 7 positions from TradingBot
2026-01-28 22:53:12,590 | INFO | services.position_monitor | Fetched 7 positions from TradingBot
2026-01-28 22:53:33,064 | INFO | services.position_monitor | Fetched 7 positions from TradingBot
2026-01-28 22:53:53,611 | INFO | services.position_monitor | Fetched 7 positions from TradingBot
2026-01-28 22:54:13,894 | INFO | services.position_monitor | Fetched 7 positions from TradingBot
2026-01-28 22:54:33,731 | INFO | services.position_monitor | Fetched 7 positions from TradingBot
2026-01-28 22:54:55,611 | INFO | services.position_monitor | Fetched 6 positions from TradingBot
2026-01-28 22:54:55,612 | INFO | services.position_monitor | Position closed: POLUSDT
2026-01-28 22:54:57,191 | INFO | httpx | HTTP Request: GET http://127.0.0.1:5000/api/position-history/POLUSDT?limit=1 "HTTP/1.1 200 OK"
2026-01-28 22:54:57,194 | ERROR | services.position_monitor | Error handling closed position: unsupported operand type(s) for -: 'float' and 'str'
2026-01-28 22:55:24,039 | INFO | services.position_monitor | Position closed: SOLUSDT
2026-01-28 22:55:24,869 | INFO | httpx | HTTP Request: GET http://127.0.0.1:5000/api/position-history/SOLUSDT?limit=1 "HTTP/1.1 200 OK"
2026-01-28 22:55:24,872 | ERROR | services.position_monitor | Error handling closed position: unsupported operand type(s) for -: 'float' and 'str'
2026-01-28 22:55:24,873 | INFO | services.position_monitor | Position closed: XRPUSDT
2026-01-28 22:55:25,734 | INFO | httpx | HTTP Request: GET http://127.0.0.1:5000/api/position-history/XRPUSDT?limit=1 "HTTP/1.1 200 OK"
2026-01-28 22:55:25,737 | ERROR | services.position_monitor | Error handling closed position: unsupported operand type(s) for -: 'str' and 'float'
2026-01-28 22:55:25,737 | INFO | services.position_monitor | Position closed: ETHUSDT
2026-01-28 22:55:26,586 | INFO | httpx | HTTP Request: GET http://127.0.0.1:5000/api/position-history/ETHUSDT?limit=1 "HTTP/1.1 200 OK"
2026-01-28 22:55:26,588 | ERROR | services.position_monitor | Error handling closed position: unsupported operand type(s) for -: 'str' and 'float'
2026-01-28 22:55:26,589 | INFO | services.position_monitor | Position closed: ADAUSDT
2026-01-28 22:55:27,387 | INFO | httpx | HTTP Request: GET http://127.0.0.1:5000/api/position-history/ADAUSDT?limit=1 "HTTP/1.1 200 OK"
2026-01-28 22:55:27,389 | ERROR | services.position_monitor | Error handling closed position: unsupported operand type(s) for -: 'float' and 'str'
2026-01-28 22:55:27,390 | INFO | services.position_monitor | Position closed: BTCUSDT
2026-01-28 22:55:28,672 | INFO | httpx | HTTP Request: GET http://127.0.0.1:5000/api/position-history/BTCUSDT?limit=1 "HTTP/1.1 200 OK"
2026-01-28 22:55:28,675 | ERROR | services.position_monitor | Error handling closed position: unsupported operand type(s) for -: 'str' and 'float'
2026-01-28 22:55:28,675 | INFO | services.position_monitor | Position closed: TRXUSDT
2026-01-28 22:55:29,469 | INFO | httpx | HTTP Request: GET http://127.0.0.1:5000/api/position-history/TRXUSDT?limit=1 "HTTP/1.1 200 OK"
2026-01-28 22:55:29,472 | ERROR | services.position_monitor | Error handling closed position: unsupported operand type(s) for -: 'float' and 'str'
2026-01-28 22:55:49,487 | INFO | services.position_monitor | Fetched 2 positions from TradingBot
2026-01-28 22:55:49,488 | INFO | services.position_monitor | New position detected: ADAUSDT Sell @ 0.3511
2026-01-28 22:55:49,548 | INFO | httpx | HTTP Request: GET http://127.0.0.1:5000/api/alerts/recent?minutes=30 "HTTP/1.1 200 OK"
2026-01-28 22:55:49,552 | INFO | services.position_monitor | Matched alert: source=analizador, pattern=SWING_HIGH (SHORT)
2026-01-28 22:55:49,558 | INFO | store.journal_store | Created journal entry: c786e285-43f4-40a4-8f56-1fed9a1d2226 - ADAUSDT short
2026-01-28 22:55:49,563 | INFO | services.position_monitor | Created journal entry c786e285-43f4-40a4-8f56-1fed9a1d2226 for ADAUSDT
2026-01-28 22:55:49,567 | ERROR | services.screenshot_service | All screenshot methods failed for ADAUSDT
2026-01-28 22:55:49,568 | INFO | services.position_monitor | New position detected: XRPUSDT Sell @ 1.8766
2026-01-28 22:55:49,589 | INFO | httpx | HTTP Request: GET http://127.0.0.1:5000/api/alerts/recent?minutes=30 "HTTP/1.1 200 OK"
2026-01-28 22:55:49,592 | INFO | services.position_monitor | Matched alert: source=analizador, pattern=SWING_HIGH (SHORT)
2026-01-28 22:55:49,595 | INFO | store.journal_store | Created journal entry: d335b536-d236-464a-90e1-d069bc8d2d22 - XRPUSDT short
2026-01-28 22:55:49,600 | INFO | services.position_monitor | Created journal entry d335b536-d236-464a-90e1-d069bc8d2d22 for XRPUSDT
2026-01-28 22:55:49,603 | ERROR | services.screenshot_service | All screenshot methods failed for XRPUSDT
2026-01-28 22:56:12,962 | INFO | services.position_monitor | Fetched 2 positions from TradingBot
2026-01-28 22:56:39,241 | INFO | services.position_monitor | Fetched 3 positions from TradingBot
2026-01-28 22:56:39,242 | INFO | services.position_monitor | New position detected: ETHUSDT Buy @ 2949.35
2026-01-28 22:56:39,292 | INFO | httpx | HTTP Request: GET http://127.0.0.1:5000/api/alerts/recent?minutes=30 "HTTP/1.1 200 OK"
2026-01-28 22:56:39,296 | INFO | services.position_monitor | Matched alert: source=analizador, pattern=SWING_LOW (LONG)
2026-01-28 22:56:39,299 | INFO | store.journal_store | Created journal entry: ed6455d0-2c71-4845-a4c7-f25174fbf673 - ETHUSDT long
2026-01-28 22:56:39,303 | INFO | services.position_monitor | Created journal entry ed6455d0-2c71-4845-a4c7-f25174fbf673 for ETHUSDT
2026-01-28 22:56:39,307 | ERROR | services.screenshot_service | All screenshot methods failed for ETHUSDT
2026-01-28 22:57:01,781 | INFO | services.position_monitor | Fetched 5 positions from TradingBot
2026-01-28 22:57:01,782 | INFO | services.position_monitor | New position detected: SOLUSDT Buy @ 123.02
2026-01-28 22:57:01,868 | INFO | httpx | HTTP Request: GET http://127.0.0.1:5000/api/alerts/recent?minutes=30 "HTTP/1.1 200 OK"
2026-01-28 22:57:01,873 | INFO | services.position_monitor | Matched alert: source=analizador, pattern=SWING_LOW (LONG)
2026-01-28 22:57:01,878 | INFO | store.journal_store | Created journal entry: cdee4734-0fc3-4bce-bad6-7f738f163f5b - SOLUSDT long
2026-01-28 22:57:01,886 | INFO | services.position_monitor | Created journal entry cdee4734-0fc3-4bce-bad6-7f738f163f5b for SOLUSDT
2026-01-28 22:57:01,891 | ERROR | services.screenshot_service | All screenshot methods failed for SOLUSDT
2026-01-28 22:57:01,892 | INFO | services.position_monitor | New position detected: TRXUSDT Sell @ 0.29417
2026-01-28 22:57:01,927 | INFO | httpx | HTTP Request: GET http://127.0.0.1:5000/api/alerts/recent?minutes=30 "HTTP/1.1 200 OK"
2026-01-28 22:57:01,933 | INFO | services.position_monitor | Matched alert: source=watchlist, pattern=DOUBLE TOP (ABRIR SHORT)
2026-01-28 22:57:01,938 | INFO | store.journal_store | Created journal entry: 798bc35a-1fcb-4a79-80fe-6459ee60ef7e - TRXUSDT short
2026-01-28 22:57:01,948 | INFO | services.position_monitor | Created journal entry 798bc35a-1fcb-4a79-80fe-6459ee60ef7e for TRXUSDT
2026-01-28 22:57:01,957 | ERROR | services.screenshot_service | All screenshot methods failed for TRXUSDT
2026-01-28 22:57:29,425 | INFO | services.position_monitor | Fetched 5 positions from TradingBot
2026-01-28 22:57:53,479 | INFO | services.position_monitor | Fetched 5 positions from TradingBot
2026-01-28 22:58:18,285 | INFO | services.position_monitor | Fetched 6 positions from TradingBot
2026-01-28 22:58:18,286 | INFO | services.position_monitor | New position detected: POLUSDT Sell @ 0.11664
2026-01-28 22:58:18,375 | INFO | httpx | HTTP Request: GET http://127.0.0.1:5000/api/alerts/recent?minutes=30 "HTTP/1.1 200 OK"
2026-01-28 22:58:18,380 | INFO | services.position_monitor | Matched alert: source=analizador, pattern=SWING_HIGH (SHORT)
2026-01-28 22:58:18,385 | INFO | store.journal_store | Created journal entry: 745497b5-c8d6-48e9-bbe6-804d89a6568c - POLUSDT short
2026-01-28 22:58:18,390 | INFO | services.position_monitor | Created journal entry 745497b5-c8d6-48e9-bbe6-804d89a6568c for POLUSDT
2026-01-28 22:58:18,394 | ERROR | services.screenshot_service | All screenshot methods failed for POLUSDT
2026-01-28 22:58:39,752 | INFO | services.position_monitor | Fetched 7 positions from TradingBot
2026-01-28 22:58:39,752 | INFO | services.position_monitor | New position detected: BTCUSDT Buy @ 88000.6
2026-01-28 22:58:39,814 | INFO | httpx | HTTP Request: GET http://127.0.0.1:5000/api/alerts/recent?minutes=30 "HTTP/1.1 200 OK"
2026-01-28 22:58:39,819 | INFO | services.position_monitor | Matched alert: source=analizador, pattern=SWING_LOW (LONG)
2026-01-28 22:58:39,823 | INFO | store.journal_store | Created journal entry: ab98f201-0fcc-4133-97f7-5c3d52783bdc - BTCUSDT long
2026-01-28 22:58:39,830 | INFO | services.position_monitor | Created journal entry ab98f201-0fcc-4133-97f7-5c3d52783bdc for BTCUSDT
2026-01-28 22:58:39,835 | ERROR | services.screenshot_service | All screenshot methods failed for BTCUSDT
2026-01-28 22:59:00,191 | INFO | services.position_monitor | Fetched 7 positions from TradingBot
2026-01-28 22:59:21,332 | INFO | services.position_monitor | Fetched 7 positions from TradingBot
2026-01-28 22:59:43,375 | INFO | services.position_monitor | Fetched 7 positions from TradingBot
2026-01-28 23:00:03,697 | INFO | services.position_monitor | Fetched 7 positions from TradingBot
2026-01-28 23:00:24,073 | INFO | services.position_monitor | Fetched 7 positions from TradingBot
2026-01-28 23:00:43,902 | INFO | services.position_monitor | Fetched 7 positions from TradingBot
2026-01-28 23:01:03,882 | INFO | services.position_monitor | Fetched 7 positions from TradingBot
2026-01-28 23:01:24,301 | INFO | services.position_monitor | Fetched 7 positions from TradingBot
2026-01-28 23:01:45,917 | INFO | services.position_monitor | Fetched 7 positions from TradingBot
2026-01-28 23:02:06,523 | INFO | services.position_monitor | Fetched 7 positions from TradingBot
2026-01-28 23:02:27,859 | INFO | services.position_monitor | Fetched 7 positions from TradingBot
2026-01-28 23:02:49,671 | INFO | services.position_monitor | Fetched 7 positions from TradingBot
2026-01-28 23:03:13,395 | INFO | services.position_monitor | Fetched 7 positions from TradingBot
2026-01-28 23:03:33,453 | INFO | services.position_monitor | Fetched 7 positions from TradingBot
2026-01-28 23:03:53,058 | INFO | services.position_monitor | Fetched 7 positions from TradingBot
2026-01-28 23:04:13,059 | INFO | services.position_monitor | Fetched 7 positions from TradingBot
2026-01-28 23:05:06,938 | INFO | store.journal_store | Database initialized at data/journal.db
2026-01-28 23:05:09,683 | INFO | store.journal_store | Database initialized at data/journal.db
2026-01-28 23:05:09,830 | INFO | store.journal_store | Database initialized at data/journal.db
2026-01-28 23:05:09,856 | INFO | main | ============================================================
2026-01-28 23:05:09,856 | INFO | main | Trading Journal Backend starting...
2026-01-28 23:05:09,857 | INFO | main | Database: data/journal.db
2026-01-28 23:05:09,857 | INFO | main | Screenshots: screenshots/
2026-01-28 23:05:09,857 | INFO | main | ============================================================
2026-01-28 23:05:09,858 | INFO | services.screenshot_service | Screenshot service initialized (mplfinance fallback only)
2026-01-28 23:05:10,376 | INFO | services.position_monitor | Loaded 14 existing open entries from database
2026-01-28 23:05:10,376 | INFO | services.position_monitor | Position monitor started (interval: 5.0s)
2026-01-28 23:05:10,377 | INFO | main | Position monitor ENABLED
2026-01-28 23:05:10,377 | INFO | main | All services started successfully
2026-01-28 23:05:26,939 | INFO | services.position_monitor | Fetched 7 positions from TradingBot
2026-01-28 23:05:26,939 | INFO | services.position_monitor | Synced 7 positions from TradingBot
2026-01-28 23:05:48,113 | INFO | services.position_monitor | Position closed: ADAUSDT
2026-01-28 23:05:49,015 | INFO | httpx | HTTP Request: GET http://127.0.0.1:5000/api/position-history/ADAUSDT?limit=1 "HTTP/1.1 200 OK"
2026-01-28 23:05:49,018 | ERROR | services.position_monitor | Error handling closed position: unsupported operand type(s) for -: 'float' and 'str'
2026-01-28 23:05:49,019 | INFO | services.position_monitor | Position closed: XRPUSDT
2026-01-28 23:05:49,854 | INFO | httpx | HTTP Request: GET http://127.0.0.1:5000/api/position-history/XRPUSDT?limit=1 "HTTP/1.1 200 OK"
2026-01-28 23:05:49,857 | ERROR | services.position_monitor | Error handling closed position: unsupported operand type(s) for -: 'str' and 'float'
2026-01-28 23:05:49,858 | INFO | services.position_monitor | Position closed: TRXUSDT
2026-01-28 23:05:50,705 | INFO | httpx | HTTP Request: GET http://127.0.0.1:5000/api/position-history/TRXUSDT?limit=1 "HTTP/1.1 200 OK"
2026-01-28 23:05:50,709 | ERROR | services.position_monitor | Error handling closed position: unsupported operand type(s) for -: 'float' and 'str'
2026-01-28 23:05:50,709 | INFO | services.position_monitor | Position closed: BTCUSDT
2026-01-28 23:05:51,559 | INFO | httpx | HTTP Request: GET http://127.0.0.1:5000/api/position-history/BTCUSDT?limit=1 "HTTP/1.1 200 OK"
2026-01-28 23:05:51,563 | ERROR | services.position_monitor | Error handling closed position: unsupported operand type(s) for -: 'str' and 'float'
2026-01-28 23:05:51,563 | INFO | services.position_monitor | Position closed: SOLUSDT
2026-01-28 23:05:52,376 | INFO | httpx | HTTP Request: GET http://127.0.0.1:5000/api/position-history/SOLUSDT?limit=1 "HTTP/1.1 200 OK"
2026-01-28 23:05:52,379 | ERROR | services.position_monitor | Error handling closed position: unsupported operand type(s) for -: 'float' and 'str'
2026-01-28 23:05:52,379 | INFO | services.position_monitor | Position closed: POLUSDT
2026-01-28 23:05:53,184 | INFO | httpx | HTTP Request: GET http://127.0.0.1:5000/api/position-history/POLUSDT?limit=1 "HTTP/1.1 200 OK"
2026-01-28 23:05:53,187 | ERROR | services.position_monitor | Error handling closed position: unsupported operand type(s) for -: 'float' and 'str'
2026-01-28 23:05:53,187 | INFO | services.position_monitor | Position closed: ETHUSDT
2026-01-28 23:05:54,034 | INFO | httpx | HTTP Request: GET http://127.0.0.1:5000/api/position-history/ETHUSDT?limit=1 "HTTP/1.1 200 OK"
2026-01-28 23:05:54,037 | ERROR | services.position_monitor | Error handling closed position: unsupported operand type(s) for -: 'str' and 'float'
2026-01-28 23:16:47,474 | INFO | store.journal_store | Database initialized at data/journal.db
2026-01-28 23:16:50,357 | INFO | store.journal_store | Database initialized at data/journal.db
2026-01-28 23:16:50,506 | INFO | store.journal_store | Database initialized at data/journal.db
2026-01-28 23:16:50,535 | INFO | main | ============================================================
2026-01-28 23:16:50,535 | INFO | main | Trading Journal Backend starting...
2026-01-28 23:16:50,536 | INFO | main | Database: data/journal.db
2026-01-28 23:16:50,536 | INFO | main | Screenshots: screenshots/
2026-01-28 23:16:50,536 | INFO | main | ============================================================
2026-01-28 23:16:50,538 | INFO | services.screenshot_service | Screenshot service initialized (mplfinance fallback only)
2026-01-28 23:16:51,077 | INFO | services.position_monitor | Loaded 14 existing open entries from database
2026-01-28 23:16:51,077 | INFO | services.position_monitor | Position monitor started (interval: 5.0s)
2026-01-28 23:16:51,077 | INFO | main | Position monitor ENABLED
2026-01-28 23:16:51,078 | INFO | main | All services started successfully
2026-01-28 23:17:06,102 | INFO | services.position_monitor | No positions found in TradingBot (or bot not running)
2026-01-28 23:18:31,392 | INFO | services.position_monitor | Fetched 1 positions from TradingBot
2026-01-28 23:18:31,393 | INFO | services.position_monitor | New position detected: ADAUSDT Sell @ 0.3485
2026-01-28 23:18:31,461 | INFO | httpx | HTTP Request: GET http://127.0.0.1:5000/api/alerts/recent?minutes=30 "HTTP/1.1 200 OK"
2026-01-28 23:18:31,464 | INFO | services.position_monitor | Matched alert: source=watchlist, pattern=DOUBLE TOP (ABRIR SHORT)
2026-01-28 23:18:31,468 | INFO | store.journal_store | Created journal entry: c92c46a4-0d0a-459b-b441-a39f11ae4c07 - ADAUSDT short
2026-01-28 23:18:31,473 | INFO | services.position_monitor | Created journal entry c92c46a4-0d0a-459b-b441-a39f11ae4c07 for ADAUSDT
2026-01-28 23:18:37,143 | INFO | httpx | HTTP Request: GET http://localhost:10000/api/historical/ADAUSDT?interval=1&limit=100 "HTTP/1.1 200 OK"
2026-01-28 23:18:39,126 | INFO | services.screenshot_service | mplfinance screenshot saved: screenshots\ADAUSDT\c92c46a4-0d0a-459b-b441-a39f11ae4c07_entry_20260128_231831.png
2026-01-28 23:18:39,130 | INFO | store.journal_store | Updated journal entry: c92c46a4-0d0a-459b-b441-a39f11ae4c07
2026-01-28 23:18:39,133 | INFO | services.position_monitor | Entry screenshot saved: screenshots\ADAUSDT\c92c46a4-0d0a-459b-b441-a39f11ae4c07_entry_20260128_231831.png
2026-01-28 23:18:58,932 | INFO | services.position_monitor | Fetched 1 positions from TradingBot
2026-01-28 23:19:19,760 | INFO | services.position_monitor | Fetched 1 positions from TradingBot
2026-01-28 23:19:44,164 | INFO | services.position_monitor | Fetched 1 positions from TradingBot
2026-01-28 23:20:05,001 | INFO | services.position_monitor | Fetched 1 positions from TradingBot
2026-01-28 23:20:25,795 | INFO | services.position_monitor | Fetched 1 positions from TradingBot
2026-01-28 23:20:25,901 | INFO | main | Trading Journal Backend shutting down...
2026-01-28 23:20:25,905 | INFO | services.position_monitor | Position monitor stopped
2026-01-28 23:20:25,905 | INFO | services.screenshot_service | Screenshot service shut down
2026-01-28 23:20:25,906 | INFO | main | Shutdown complete
2026-01-28 23:20:30,039 | INFO | store.journal_store | Database initialized at data/journal.db
2026-01-28 23:20:30,207 | INFO | store.journal_store | Database initialized at data/journal.db
2026-01-28 23:20:30,234 | INFO | main | ============================================================
2026-01-28 23:20:30,235 | INFO | main | Trading Journal Backend starting...
2026-01-28 23:20:30,235 | INFO | main | Database: data/journal.db
2026-01-28 23:20:30,235 | INFO | main | Screenshots: screenshots/
2026-01-28 23:20:30,235 | INFO | main | ============================================================
2026-01-28 23:20:30,236 | INFO | services.screenshot_service | Screenshot service initialized (mplfinance fallback only)
2026-01-28 23:20:30,798 | INFO | services.position_monitor | Loaded 15 existing open entries from database
2026-01-28 23:20:30,798 | INFO | services.position_monitor | Position monitor started (interval: 5.0s)
2026-01-28 23:20:30,798 | INFO | main | Position monitor ENABLED
2026-01-28 23:20:30,799 | INFO | main | All services started successfully
2026-01-28 23:20:46,386 | INFO | services.position_monitor | Fetched 1 positions from TradingBot
2026-01-28 23:20:46,387 | INFO | services.position_monitor | Synced 1 positions from TradingBot
2026-01-28 23:21:10,399 | INFO | services.position_monitor | Fetched 1 positions from TradingBot
2026-01-28 23:21:30,560 | INFO | services.position_monitor | Fetched 2 positions from TradingBot
2026-01-28 23:21:30,561 | INFO | services.position_monitor | New position detected: ETHUSDT Sell @ 2947.9
2026-01-28 23:21:30,619 | INFO | httpx | HTTP Request: GET http://127.0.0.1:5000/api/alerts/recent?minutes=30 "HTTP/1.1 200 OK"
2026-01-28 23:21:30,622 | INFO | services.position_monitor | Matched alert: source=watchlist, pattern=DOUBLE TOP (ABRIR SHORT)
2026-01-28 23:21:30,626 | INFO | store.journal_store | Created journal entry: 4521890a-318d-4211-a501-60e28d28283d - ETHUSDT short
2026-01-28 23:21:30,630 | INFO | services.position_monitor | Created journal entry 4521890a-318d-4211-a501-60e28d28283d for ETHUSDT
2026-01-28 23:21:36,272 | INFO | httpx | HTTP Request: GET http://localhost:10000/api/historical/ETHUSDT?interval=1&limit=100 "HTTP/1.1 200 OK"
2026-01-28 23:21:37,207 | INFO | services.screenshot_service | mplfinance screenshot saved: screenshots\ETHUSDT\4521890a-318d-4211-a501-60e28d28283d_entry_20260128_232130.png
2026-01-28 23:21:37,214 | INFO | store.journal_store | Updated journal entry: 4521890a-318d-4211-a501-60e28d28283d
2026-01-28 23:21:37,220 | INFO | services.position_monitor | Entry screenshot saved: screenshots\ETHUSDT\4521890a-318d-4211-a501-60e28d28283d_entry_20260128_232130.png
2026-01-28 23:22:00,292 | INFO | services.position_monitor | Fetched 2 positions from TradingBot
2026-01-28 23:22:28,936 | INFO | services.position_monitor | Fetched 2 positions from TradingBot
2026-01-28 23:22:29,052 | INFO | main | Trading Journal Backend shutting down...
2026-01-28 23:22:29,056 | INFO | services.position_monitor | Position monitor stopped
2026-01-28 23:22:29,056 | INFO | services.screenshot_service | Screenshot service shut down
2026-01-28 23:22:29,056 | INFO | main | Shutdown complete
2026-01-28 23:22:32,724 | INFO | store.journal_store | Database initialized at data/journal.db
2026-01-28 23:22:32,880 | INFO | store.journal_store | Database initialized at data/journal.db
2026-01-28 23:22:32,928 | INFO | main | ============================================================
2026-01-28 23:22:32,928 | INFO | main | Trading Journal Backend starting...
2026-01-28 23:22:32,929 | INFO | main | Database: data/journal.db
2026-01-28 23:22:32,929 | INFO | main | Screenshots: screenshots/
2026-01-28 23:22:32,929 | INFO | main | ============================================================
2026-01-28 23:22:32,931 | INFO | services.screenshot_service | Screenshot service initialized (mplfinance fallback only)
2026-01-28 23:22:33,515 | INFO | services.position_monitor | Loaded 16 existing open entries from database
2026-01-28 23:22:33,516 | INFO | services.position_monitor | Position monitor started (interval: 5.0s)
2026-01-28 23:22:33,516 | INFO | main | Position monitor ENABLED
2026-01-28 23:22:33,516 | INFO | main | All services started successfully
2026-01-28 23:22:49,044 | INFO | services.position_monitor | Fetched 2 positions from TradingBot
2026-01-28 23:22:49,045 | INFO | services.position_monitor | Synced 2 positions from TradingBot
2026-01-28 23:23:11,441 | INFO | services.position_monitor | Fetched 2 positions from TradingBot
2026-01-28 23:23:32,801 | INFO | services.position_monitor | Fetched 2 positions from TradingBot
2026-01-28 23:23:33,026 | INFO | main | Trading Journal Backend shutting down...
2026-01-28 23:23:33,038 | INFO | services.position_monitor | Position monitor stopped
2026-01-28 23:23:33,038 | INFO | services.screenshot_service | Screenshot service shut down
2026-01-28 23:23:33,038 | INFO | main | Shutdown complete
2026-01-28 23:23:36,582 | INFO | store.journal_store | Database initialized at data/journal.db
2026-01-28 23:23:36,730 | INFO | store.journal_store | Database initialized at data/journal.db
2026-01-28 23:23:36,758 | INFO | main | ============================================================
2026-01-28 23:23:36,758 | INFO | main | Trading Journal Backend starting...
2026-01-28 23:23:36,758 | INFO | main | Database: data/journal.db
2026-01-28 23:23:36,759 | INFO | main | Screenshots: screenshots/
2026-01-28 23:23:36,759 | INFO | main | ============================================================
2026-01-28 23:23:36,760 | INFO | services.screenshot_service | Screenshot service initialized (mplfinance fallback only)
2026-01-28 23:23:37,398 | INFO | services.position_monitor | Loaded 16 existing open entries from database
2026-01-28 23:23:37,399 | INFO | services.position_monitor | Position monitor started (interval: 5.0s)
2026-01-28 23:23:37,399 | INFO | main | Position monitor ENABLED
2026-01-28 23:23:37,400 | INFO | main | All services started successfully
2026-01-28 23:23:53,786 | INFO | services.position_monitor | Fetched 2 positions from TradingBot
2026-01-28 23:23:53,787 | INFO | services.position_monitor | Synced 2 positions from TradingBot
2026-01-28 23:23:53,799 | INFO | store.journal_store | Deleted journal entry: 4521890a-318d-4211-a501-60e28d28283d
2026-01-28 23:23:53,810 | INFO | store.journal_store | Deleted journal entry: c92c46a4-0d0a-459b-b441-a39f11ae4c07
2026-01-28 23:23:53,819 | INFO | store.journal_store | Deleted journal entry: ab98f201-0fcc-4133-97f7-5c3d52783bdc
2026-01-28 23:23:53,829 | INFO | store.journal_store | Deleted journal entry: 745497b5-c8d6-48e9-bbe6-804d89a6568c
2026-01-28 23:23:53,837 | INFO | store.journal_store | Deleted journal entry: 798bc35a-1fcb-4a79-80fe-6459ee60ef7e
2026-01-28 23:23:53,847 | INFO | store.journal_store | Deleted journal entry: cdee4734-0fc3-4bce-bad6-7f738f163f5b
2026-01-28 23:23:53,855 | INFO | store.journal_store | Deleted journal entry: ed6455d0-2c71-4845-a4c7-f25174fbf673
2026-01-28 23:23:53,864 | INFO | store.journal_store | Deleted journal entry: d335b536-d236-464a-90e1-d069bc8d2d22
2026-01-28 23:23:53,875 | INFO | store.journal_store | Deleted journal entry: c786e285-43f4-40a4-8f56-1fed9a1d2226
2026-01-28 23:23:53,885 | INFO | store.journal_store | Deleted journal entry: 5e09396a-553b-495e-a8ce-205b6c061ba5
2026-01-28 23:23:53,894 | INFO | store.journal_store | Deleted journal entry: 50130931-7708-4ba1-8133-8bd401ded3ee
2026-01-28 23:23:53,902 | INFO | store.journal_store | Deleted journal entry: 71d1c0a4-27c5-40be-9e63-ff259b9057a9
2026-01-28 23:23:53,911 | INFO | store.journal_store | Deleted journal entry: d3e0664a-62ca-48af-b634-e4be9b430d4f
2026-01-28 23:23:53,920 | INFO | store.journal_store | Deleted journal entry: a797ea5e-5538-4225-bb9c-a6ee2688f571
2026-01-28 23:23:53,928 | INFO | store.journal_store | Deleted journal entry: 0ae0b1ee-e5d8-4986-a6e7-3a5727bb1aaa
2026-01-28 23:23:53,937 | INFO | store.journal_store | Deleted journal entry: f9a7faed-6892-4167-920e-a25c17a6fa80
2026-01-28 23:24:14,469 | INFO | services.position_monitor | Fetched 2 positions from TradingBot
2026-01-28 23:24:14,473 | INFO | services.position_monitor | Force sync requested
2026-01-28 23:24:29,189 | INFO | services.position_monitor | Fetched 2 positions from TradingBot
2026-01-28 23:24:45,682 | INFO | services.position_monitor | Fetched 2 positions from TradingBot
2026-01-28 23:25:09,510 | INFO | services.position_monitor | Fetched 2 positions from TradingBot
2026-01-28 23:25:12,667 | INFO | main | Trading Journal Backend shutting down...
2026-01-28 23:25:12,680 | INFO | services.position_monitor | Position monitor stopped
2026-01-28 23:25:12,680 | INFO | services.screenshot_service | Screenshot service shut down
2026-01-28 23:25:12,681 | INFO | main | Shutdown complete
2026-01-28 23:25:16,307 | INFO | store.journal_store | Database initialized at data/journal.db
2026-01-28 23:25:16,469 | INFO | store.journal_store | Database initialized at data/journal.db
2026-01-28 23:25:16,503 | INFO | main | ============================================================
2026-01-28 23:25:16,504 | INFO | main | Trading Journal Backend starting...
2026-01-28 23:25:16,504 | INFO | main | Database: data/journal.db
2026-01-28 23:25:16,504 | INFO | main | Screenshots: screenshots/
2026-01-28 23:25:16,504 | INFO | main | ============================================================
2026-01-28 23:25:16,506 | INFO | services.screenshot_service | Screenshot service initialized (mplfinance fallback only)
2026-01-28 23:25:17,067 | INFO | services.position_monitor | Loaded 0 existing open entries from database
2026-01-28 23:25:17,067 | INFO | services.position_monitor | Position monitor started (interval: 5.0s)
2026-01-28 23:25:17,068 | INFO | main | Position monitor ENABLED
2026-01-28 23:25:17,068 | INFO | main | All services started successfully
2026-01-28 23:25:33,873 | INFO | services.position_monitor | Fetched 2 positions from TradingBot
2026-01-28 23:25:33,874 | INFO | services.position_monitor | Synced 2 positions from TradingBot
2026-01-28 23:25:33,875 | INFO | services.position_monitor | Found untracked position: ETHUSDT, creating entry...
2026-01-28 23:25:33,875 | INFO | services.position_monitor | New position detected: ETHUSDT Sell @ 2947.9
2026-01-28 23:25:49,411 | INFO | services.position_monitor | Fetched 2 positions from TradingBot
2026-01-28 23:25:49,412 | INFO | services.position_monitor | Synced 2 positions from TradingBot
2026-01-28 23:25:49,412 | INFO | services.position_monitor | Found untracked position: ETHUSDT, creating entry...
2026-01-28 23:25:49,413 | INFO | services.position_monitor | New position detected: ETHUSDT Sell @ 2947.9
2026-01-28 23:25:49,421 | ERROR | services.position_monitor | Error finding matching alert: 
2026-01-28 23:25:49,426 | INFO | store.journal_store | Created journal entry: a3edb6d5-6aac-4d82-a093-c2c9dd58f2e7 - ETHUSDT short
2026-01-28 23:25:49,432 | INFO | services.position_monitor | Created journal entry a3edb6d5-6aac-4d82-a093-c2c9dd58f2e7 for ETHUSDT
2026-01-28 23:25:50,025 | INFO | httpx | HTTP Request: GET http://127.0.0.1:5000/api/alerts/recent?minutes=30 "HTTP/1.1 200 OK"
2026-01-28 23:25:50,028 | INFO | services.position_monitor | Matched alert: source=watchlist, pattern=DOUBLE TOP (ABRIR SHORT)
2026-01-28 23:25:50,032 | INFO | store.journal_store | Created journal entry: 1db17312-6a5b-42de-b6ec-e1b76d8d1551 - ETHUSDT short
2026-01-28 23:25:50,036 | INFO | services.position_monitor | Created journal entry 1db17312-6a5b-42de-b6ec-e1b76d8d1551 for ETHUSDT
2026-01-28 23:25:56,588 | INFO | httpx | HTTP Request: GET http://localhost:10000/api/historical/ETHUSDT?interval=1&limit=100 "HTTP/1.1 200 OK"
2026-01-28 23:25:57,563 | INFO | services.screenshot_service | mplfinance screenshot saved: screenshots\ETHUSDT\1db17312-6a5b-42de-b6ec-e1b76d8d1551_entry_20260128_232550.png
2026-01-28 23:25:57,569 | INFO | store.journal_store | Updated journal entry: 1db17312-6a5b-42de-b6ec-e1b76d8d1551
2026-01-28 23:25:57,574 | INFO | services.position_monitor | Entry screenshot saved: screenshots\ETHUSDT\1db17312-6a5b-42de-b6ec-e1b76d8d1551_entry_20260128_232550.png
2026-01-28 23:25:57,574 | INFO | services.position_monitor | Found untracked position: ADAUSDT, creating entry...
2026-01-28 23:25:57,575 | INFO | services.position_monitor | New position detected: ADAUSDT Sell @ 0.3485
2026-01-28 23:25:57,582 | INFO | httpx | HTTP Request: GET http://localhost:10000/api/historical/ETHUSDT?interval=1&limit=100 "HTTP/1.1 200 OK"
2026-01-28 23:25:58,349 | INFO | services.screenshot_service | mplfinance screenshot saved: screenshots\ETHUSDT\a3edb6d5-6aac-4d82-a093-c2c9dd58f2e7_entry_20260128_232549.png
2026-01-28 23:25:58,359 | INFO | store.journal_store | Updated journal entry: a3edb6d5-6aac-4d82-a093-c2c9dd58f2e7
2026-01-28 23:25:58,365 | INFO | services.position_monitor | Entry screenshot saved: screenshots\ETHUSDT\a3edb6d5-6aac-4d82-a093-c2c9dd58f2e7_entry_20260128_232549.png
2026-01-28 23:25:58,365 | ERROR | services.position_monitor | Failed to sync with TradingBot: dictionary changed size during iteration
2026-01-28 23:25:58,367 | INFO | httpx | HTTP Request: GET http://127.0.0.1:5000/api/alerts/recent?minutes=30 "HTTP/1.1 200 OK"
2026-01-28 23:25:58,371 | INFO | services.position_monitor | Matched alert: source=watchlist, pattern=DOUBLE TOP (ABRIR SHORT)
2026-01-28 23:25:58,377 | INFO | store.journal_store | Created journal entry: 86882f81-22b4-49e6-8b56-9e5c66f69a77 - ADAUSDT short
2026-01-28 23:25:58,393 | INFO | services.position_monitor | Created journal entry 86882f81-22b4-49e6-8b56-9e5c66f69a77 for ADAUSDT
2026-01-28 23:26:19,490 | INFO | services.position_monitor | Fetched 2 positions from TradingBot
2026-01-28 23:26:19,494 | INFO | httpx | HTTP Request: GET http://localhost:10000/api/historical/ADAUSDT?interval=1&limit=100 "HTTP/1.1 200 OK"
2026-01-28 23:26:20,599 | INFO | services.screenshot_service | mplfinance screenshot saved: screenshots\ADAUSDT\86882f81-22b4-49e6-8b56-9e5c66f69a77_entry_20260128_232558.png
2026-01-28 23:26:20,604 | INFO | store.journal_store | Updated journal entry: 86882f81-22b4-49e6-8b56-9e5c66f69a77
2026-01-28 23:26:20,610 | INFO | services.position_monitor | Entry screenshot saved: screenshots\ADAUSDT\86882f81-22b4-49e6-8b56-9e5c66f69a77_entry_20260128_232558.png
2026-01-28 23:26:48,407 | INFO | services.position_monitor | Fetched 2 positions from TradingBot
2026-01-28 23:27:08,862 | INFO | services.position_monitor | Fetched 2 positions from TradingBot
2026-01-28 23:27:29,966 | INFO | services.position_monitor | Fetched 2 positions from TradingBot
2026-01-28 23:27:50,826 | INFO | services.position_monitor | Fetched 2 positions from TradingBot
2026-01-28 23:28:11,883 | INFO | services.position_monitor | Fetched 2 positions from TradingBot
2026-01-28 23:28:33,778 | INFO | services.position_monitor | Fetched 2 positions from TradingBot
2026-01-28 23:28:56,220 | INFO | services.position_monitor | Fetched 2 positions from TradingBot
2026-01-28 23:29:18,280 | INFO | services.position_monitor | Fetched 2 positions from TradingBot
2026-01-28 23:29:39,307 | INFO | services.position_monitor | Fetched 2 positions from TradingBot
2026-01-28 23:30:01,508 | INFO | services.position_monitor | Fetched 2 positions from TradingBot
2026-01-28 23:30:21,794 | INFO | services.position_monitor | Fetched 2 positions from TradingBot
2026-01-28 23:30:42,527 | INFO | services.position_monitor | Fetched 2 positions from TradingBot
2026-01-28 23:31:04,418 | INFO | services.position_monitor | Fetched 1 positions from TradingBot
2026-01-28 23:31:04,419 | INFO | services.position_monitor | Position closed: ADAUSDT
2026-01-28 23:31:05,250 | INFO | httpx | HTTP Request: GET http://127.0.0.1:5000/api/position-history/ADAUSDT?limit=1 "HTTP/1.1 200 OK"
2026-01-28 23:31:05,255 | INFO | store.journal_store | Updated journal entry: 86882f81-22b4-49e6-8b56-9e5c66f69a77
2026-01-28 23:31:12,605 | ERROR | services.screenshot_service | All screenshot methods failed for ADAUSDT
2026-01-28 23:31:12,605 | INFO | services.position_monitor | Closed journal entry 86882f81-22b4-49e6-8b56-9e5c66f69a77: PnL $-0.38 (-0.29%)
2026-01-28 23:31:35,743 | INFO | services.position_monitor | Fetched 1 positions from TradingBot
2026-01-28 23:31:57,225 | INFO | services.position_monitor | Fetched 1 positions from TradingBot
2026-01-28 23:32:17,463 | INFO | services.position_monitor | Position closed: ETHUSDT
2026-01-28 23:32:18,322 | INFO | httpx | HTTP Request: GET http://127.0.0.1:5000/api/position-history/ETHUSDT?limit=1 "HTTP/1.1 200 OK"
2026-01-28 23:32:18,331 | INFO | store.journal_store | Updated journal entry: 1db17312-6a5b-42de-b6ec-e1b76d8d1551
2026-01-28 23:32:25,720 | ERROR | services.screenshot_service | All screenshot methods failed for ETHUSDT
2026-01-28 23:32:25,721 | INFO | services.position_monitor | Closed journal entry 1db17312-6a5b-42de-b6ec-e1b76d8d1551: PnL $-0.17 (-0.08%)
2026-01-29 00:07:42,316 | INFO | store.journal_store | Database initialized at data/journal.db
2026-01-29 00:07:45,533 | INFO | store.journal_store | Database initialized at data/journal.db
2026-01-29 00:07:45,709 | INFO | store.journal_store | Database initialized at data/journal.db
2026-01-29 00:07:45,737 | INFO | main | ============================================================
2026-01-29 00:07:45,737 | INFO | main | Trading Journal Backend starting...
2026-01-29 00:07:45,737 | INFO | main | Database: data/journal.db
2026-01-29 00:07:45,737 | INFO | main | Screenshots: screenshots/
2026-01-29 00:07:45,737 | INFO | main | ============================================================
2026-01-29 00:07:45,739 | INFO | services.screenshot_service | Screenshot service initialized (mplfinance fallback only)
2026-01-29 00:07:46,302 | INFO | services.position_monitor | Loaded 1 existing open entries from database
2026-01-29 00:07:46,303 | INFO | services.position_monitor | Position monitor started (interval: 5.0s)
2026-01-29 00:07:46,303 | INFO | main | Position monitor ENABLED
2026-01-29 00:07:46,304 | INFO | main | All services started successfully
2026-01-29 00:08:04,022 | INFO | services.position_monitor | Fetched 2 positions from TradingBot
2026-01-29 00:08:04,023 | INFO | services.position_monitor | Synced 2 positions from TradingBot
2026-01-29 00:08:04,024 | INFO | services.position_monitor | Found untracked position: XRPUSDT, creating entry...
2026-01-29 00:08:04,024 | INFO | services.position_monitor | New position detected: XRPUSDT Sell @ 1.8782
2026-01-29 00:08:04,113 | INFO | httpx | HTTP Request: GET http://127.0.0.1:5000/api/alerts/recent?minutes=30 "HTTP/1.1 200 OK"
2026-01-29 00:08:04,118 | INFO | services.position_monitor | Matched alert: source=analizador, pattern=SWING_HIGH (SHORT)
2026-01-29 00:08:04,122 | INFO | store.journal_store | Created journal entry: aadd290a-fcd6-4b74-a386-74e2e9a395b0 - XRPUSDT short
2026-01-29 00:08:04,128 | INFO | services.position_monitor | Created journal entry aadd290a-fcd6-4b74-a386-74e2e9a395b0 for XRPUSDT
2026-01-29 00:08:19,564 | ERROR | services.screenshot_service | All screenshot methods failed for XRPUSDT
2026-01-29 00:08:44,606 | INFO | services.position_monitor | Fetched 2 positions from TradingBot
2026-01-29 00:09:06,164 | INFO | services.position_monitor | Fetched 2 positions from TradingBot
2026-01-29 00:09:34,895 | INFO | services.position_monitor | Fetched 2 positions from TradingBot
2026-01-29 00:09:56,845 | INFO | services.position_monitor | Fetched 3 positions from TradingBot
2026-01-29 00:09:56,846 | INFO | services.position_monitor | New position detected: BTCUSDT Sell @ 88249.5
2026-01-29 00:09:56,934 | INFO | httpx | HTTP Request: GET http://127.0.0.1:5000/api/alerts/recent?minutes=30 "HTTP/1.1 200 OK"
2026-01-29 00:09:56,941 | INFO | services.position_monitor | Matched alert: source=analizador, pattern=SWING_HIGH (SHORT)
2026-01-29 00:09:56,948 | INFO | store.journal_store | Created journal entry: 4a529b39-dab4-40f4-a297-93efcf809585 - BTCUSDT short
2026-01-29 00:09:56,956 | INFO | services.position_monitor | Created journal entry 4a529b39-dab4-40f4-a297-93efcf809585 for BTCUSDT
2026-01-29 00:10:12,471 | ERROR | services.screenshot_service | All screenshot methods failed for BTCUSDT
2026-01-29 00:10:34,654 | INFO | services.position_monitor | Fetched 3 positions from TradingBot
2026-01-29 00:10:55,857 | INFO | services.position_monitor | Fetched 3 positions from TradingBot
2026-01-29 00:11:17,699 | INFO | services.position_monitor | Fetched 3 positions from TradingBot
2026-01-29 00:11:42,600 | INFO | services.position_monitor | Fetched 2 positions from TradingBot
2026-01-29 00:11:42,601 | INFO | services.position_monitor | Position closed: XRPUSDT
2026-01-29 00:11:44,001 | INFO | httpx | HTTP Request: GET http://127.0.0.1:5000/api/position-history/XRPUSDT?limit=1 "HTTP/1.1 200 OK"
2026-01-29 00:11:44,009 | INFO | store.journal_store | Updated journal entry: aadd290a-fcd6-4b74-a386-74e2e9a395b0
2026-01-29 00:11:49,606 | INFO | httpx | HTTP Request: GET http://localhost:10000/api/historical/XRPUSDT?interval=1&limit=100 "HTTP/1.1 200 OK"
2026-01-29 00:11:50,377 | INFO | services.screenshot_service | mplfinance screenshot saved: screenshots\XRPUSDT\aadd290a-fcd6-4b74-a386-74e2e9a395b0_exit_20260129_001144.png
2026-01-29 00:11:50,383 | INFO | store.journal_store | Updated journal entry: aadd290a-fcd6-4b74-a386-74e2e9a395b0
2026-01-29 00:11:50,388 | INFO | services.position_monitor | Exit screenshot saved: screenshots\XRPUSDT\aadd290a-fcd6-4b74-a386-74e2e9a395b0_exit_20260129_001144.png
2026-01-29 00:11:50,388 | INFO | services.position_monitor | Closed journal entry aadd290a-fcd6-4b74-a386-74e2e9a395b0: PnL $-0.92 (-0.04%)
2026-01-29 00:12:11,563 | INFO | services.position_monitor | Fetched 1 positions from TradingBot
2026-01-29 00:12:11,564 | INFO | services.position_monitor | New position detected: SOLUSDT Buy @ 123.47
2026-01-29 00:12:11,631 | INFO | httpx | HTTP Request: GET http://127.0.0.1:5000/api/alerts/recent?minutes=30 "HTTP/1.1 200 OK"
2026-01-29 00:12:11,636 | INFO | services.position_monitor | Matched alert: source=analizador, pattern=SWING_LOW (LONG)
2026-01-29 00:12:11,643 | INFO | store.journal_store | Created journal entry: def2316f-15a1-4b3f-83c9-9db38c633b9d - SOLUSDT long
2026-01-29 00:12:11,648 | INFO | services.position_monitor | Created journal entry def2316f-15a1-4b3f-83c9-9db38c633b9d for SOLUSDT
2026-01-29 00:12:27,110 | ERROR | services.screenshot_service | All screenshot methods failed for SOLUSDT
2026-01-29 00:12:27,110 | INFO | services.position_monitor | Position closed: ETHUSDT
2026-01-29 00:12:28,717 | INFO | httpx | HTTP Request: GET http://127.0.0.1:5000/api/position-history/ETHUSDT?limit=1 "HTTP/1.1 200 OK"
2026-01-29 00:12:28,723 | INFO | store.journal_store | Updated journal entry: a3edb6d5-6aac-4d82-a093-c2c9dd58f2e7
2026-01-29 00:12:35,211 | INFO | httpx | HTTP Request: GET http://localhost:10000/api/historical/ETHUSDT?interval=1&limit=100 "HTTP/1.1 200 OK"
2026-01-29 00:12:35,762 | INFO | services.screenshot_service | mplfinance screenshot saved: screenshots\ETHUSDT\a3edb6d5-6aac-4d82-a093-c2c9dd58f2e7_exit_20260129_001228.png
2026-01-29 00:12:35,768 | INFO | store.journal_store | Updated journal entry: a3edb6d5-6aac-4d82-a093-c2c9dd58f2e7
2026-01-29 00:12:35,772 | INFO | services.position_monitor | Exit screenshot saved: screenshots\ETHUSDT\a3edb6d5-6aac-4d82-a093-c2c9dd58f2e7_exit_20260129_001228.png
2026-01-29 00:12:35,772 | INFO | services.position_monitor | Closed journal entry a3edb6d5-6aac-4d82-a093-c2c9dd58f2e7: PnL $-0.09 (-0.37%)
2026-01-29 00:12:35,773 | INFO | services.position_monitor | Position closed: BTCUSDT
2026-01-29 00:12:36,677 | INFO | httpx | HTTP Request: GET http://127.0.0.1:5000/api/position-history/BTCUSDT?limit=1 "HTTP/1.1 200 OK"
2026-01-29 00:12:36,684 | INFO | store.journal_store | Updated journal entry: 4a529b39-dab4-40f4-a297-93efcf809585
2026-01-29 00:12:44,037 | INFO | httpx | HTTP Request: GET http://localhost:10000/api/historical/BTCUSDT?interval=1&limit=100 "HTTP/1.1 200 OK"
2026-01-29 00:12:44,588 | INFO | services.screenshot_service | mplfinance screenshot saved: screenshots\BTCUSDT\4a529b39-dab4-40f4-a297-93efcf809585_exit_20260129_001236.png
2026-01-29 00:12:44,595 | INFO | store.journal_store | Updated journal entry: 4a529b39-dab4-40f4-a297-93efcf809585
2026-01-29 00:12:44,600 | INFO | services.position_monitor | Exit screenshot saved: screenshots\BTCUSDT\4a529b39-dab4-40f4-a297-93efcf809585_exit_20260129_001236.png
2026-01-29 00:12:44,600 | INFO | services.position_monitor | Closed journal entry 4a529b39-dab4-40f4-a297-93efcf809585: PnL $-0.10 (-0.01%)
2026-01-29 00:13:05,908 | INFO | services.position_monitor | Fetched 3 positions from TradingBot
2026-01-29 00:13:05,909 | INFO | services.position_monitor | New position detected: GALAUSDT Buy @ 0.005743
2026-01-29 00:13:05,976 | INFO | httpx | HTTP Request: GET http://127.0.0.1:5000/api/alerts/recent?minutes=30 "HTTP/1.1 200 OK"
2026-01-29 00:13:05,979 | INFO | services.position_monitor | Matched alert: source=watchlist, pattern=DOUBLE BOTTOM (ABRIR LONG)
2026-01-29 00:13:05,983 | INFO | store.journal_store | Created journal entry: 11fa2186-f1ec-41fe-887d-1a34528ef000 - GALAUSDT long
2026-01-29 00:13:05,989 | INFO | services.position_monitor | Created journal entry 11fa2186-f1ec-41fe-887d-1a34528ef000 for GALAUSDT
2026-01-29 00:13:21,392 | ERROR | services.screenshot_service | All screenshot methods failed for GALAUSDT
2026-01-29 00:13:21,393 | INFO | services.position_monitor | New position detected: POLUSDT Buy @ 0.11627
2026-01-29 00:13:21,418 | INFO | httpx | HTTP Request: GET http://127.0.0.1:5000/api/alerts/recent?minutes=30 "HTTP/1.1 200 OK"
2026-01-29 00:13:21,422 | INFO | services.position_monitor | Matched alert: source=analizador, pattern=SWING_LOW (LONG)
2026-01-29 00:13:21,427 | INFO | store.journal_store | Created journal entry: a37443aa-fff1-461d-a80c-eaf910b7417c - POLUSDT long
2026-01-29 00:13:21,432 | INFO | services.position_monitor | Created journal entry a37443aa-fff1-461d-a80c-eaf910b7417c for POLUSDT
2026-01-29 00:13:28,946 | INFO | httpx | HTTP Request: GET http://localhost:10000/api/historical/POLUSDT?interval=1&limit=100 "HTTP/1.1 200 OK"
2026-01-29 00:13:29,511 | INFO | services.screenshot_service | mplfinance screenshot saved: screenshots\POLUSDT\a37443aa-fff1-461d-a80c-eaf910b7417c_entry_20260129_001321.png
2026-01-29 00:13:29,518 | INFO | store.journal_store | Updated journal entry: a37443aa-fff1-461d-a80c-eaf910b7417c
2026-01-29 00:13:29,522 | INFO | services.position_monitor | Entry screenshot saved: screenshots\POLUSDT\a37443aa-fff1-461d-a80c-eaf910b7417c_entry_20260129_001321.png
2026-01-29 00:13:53,514 | INFO | services.position_monitor | Fetched 4 positions from TradingBot
2026-01-29 00:13:53,515 | INFO | services.position_monitor | New position detected: ETHUSDT Sell @ 2957.17
2026-01-29 00:13:53,561 | INFO | httpx | HTTP Request: GET http://127.0.0.1:5000/api/alerts/recent?minutes=30 "HTTP/1.1 200 OK"
2026-01-29 00:13:53,564 | INFO | services.position_monitor | Matched alert: source=analizador, pattern=SWING_HIGH (SHORT)
2026-01-29 00:13:53,568 | INFO | store.journal_store | Created journal entry: 237289b5-55bf-42d5-bfce-76b61e5b0704 - ETHUSDT short
2026-01-29 00:13:53,572 | INFO | services.position_monitor | Created journal entry 237289b5-55bf-42d5-bfce-76b61e5b0704 for ETHUSDT
2026-01-29 00:14:00,343 | INFO | httpx | HTTP Request: GET http://localhost:10000/api/historical/ETHUSDT?interval=1&limit=100 "HTTP/1.1 200 OK"
2026-01-29 00:14:01,040 | INFO | services.screenshot_service | mplfinance screenshot saved: screenshots\ETHUSDT\237289b5-55bf-42d5-bfce-76b61e5b0704_entry_20260129_001353.png
2026-01-29 00:14:01,047 | INFO | store.journal_store | Updated journal entry: 237289b5-55bf-42d5-bfce-76b61e5b0704
2026-01-29 00:14:01,052 | INFO | services.position_monitor | Entry screenshot saved: screenshots\ETHUSDT\237289b5-55bf-42d5-bfce-76b61e5b0704_entry_20260129_001353.png
