VM115 C:\Users\inven\OneDrive\Documentos\GitHub\watchlist\9.OrderFlowDesktop\electron\preload.js:59 [Preload] Order Flow Desktop - Script cargado correctamente
VM115 C:\Users\inven\OneDrive\Documentos\GitHub\watchlist\9.OrderFlowDesktop\electron\preload.js:60 [Preload] Electron: 33.4.11
VM115 C:\Users\inven\OneDrive\Documentos\GitHub\watchlist\9.OrderFlowDesktop\electron\preload.js:61 [Preload] Chrome: 130.0.6723.191
chunk-ZFBEYDM4.js?v=9c8daa37:21551 Download the React DevTools for a better development experience: https://reactjs.org/link/react-devtools
Logger.js:266 💡 Debug utilities available:
Logger.js:267    window.toggleDebugMode() - Toggle all logs
Logger.js:268    window.disableHeavyLogs() - Disable performance-heavy logs
ConfigSynchronizer.js:21 [ConfigSynchronizer] Initialized
MiniChart.jsx:222 [MiniChart UNIUSDT] 🖥️ Fullscreen effect: isFullscreen=false, hasCallback=true
MiniChart.jsx:1551 [UNIUSDT] 🚀 Componente montado, iniciando...
Logger.js:100 ✅ [7:37:32 p. m.] [VWAP] [UNIUSDT] VWAPIndicator initialized (backend native, type=session)
SwingDetectorIndicator.js:44 [UNIUSDT] SwingDetectorIndicator initialized
PollingCoordinator.js:102 [PollingCoordinator] Registered: SymbolList_PriceChanges (interval: 60000ms, priority: 10)
robustness.js:230 [HealthCheck] Started (interval: 30000ms)
robustness.js:496 [Robustness] Initialized
PollingCoordinator.js:49 [PollingCoordinator] Started
Logger.js:100 ✅ [7:37:32 p. m.] [SingleSymbolAnalyzer] [PollingCoordinator] Started
IndicatorManagerRegistry.js:7 [Registry] ✅ Registrado manager para UNIUSDT (total: 1)
Logger.js:100 ✅ [7:37:32 p. m.] [VWAP] [UNIUSDT] Config changed (vwapType=rolling), refetching...
CandleCache.js:80 [CandleCache] 💾 UNIUSDT@1 - desde IndexedDB (1530 velas)
CandleCache.js:393 [CandleCache] OK VALIDATION UNIUSDT@1: 1530 velas sin gaps
CandleCache.js:269 [CandleCache] UNIUSDT@1 - Cache valido: 1530 velas, sin gaps significativos
MiniChart.jsx:915 [UNIUSDT] Carga INCREMENTAL: desde 30/1/2026, 7:33:00 p.m. (1530 velas en cache)
robustness.js:415 [CacheCleanup] Complete: 0/8 candles, 0/9 indicators removed
PollingCoordinator.js:102 [PollingCoordinator] Registered: OrderFlow_UNIUSDT (interval: 5000ms, priority: 1)
MiniChart.jsx:1575 [UNIUSDT] 🔄 requestRedraw called (candles: 0)
WebSocketManager.js:61 WebSocket Manager conectado [1]
WebSocketManager.js:79 ✓ Suscrito: 
PollingCoordinator.js:218 [PollingCoordinator] Executing: OrderFlow_UNIUSDT
MiniChart.jsx:1575 [UNIUSDT] 🔄 requestRedraw called (candles: 0)
PollingCoordinator.js:227 [PollingCoordinator] Completed: OrderFlow_UNIUSDT
CandleCache.js:393 [CandleCache] OK CACHE-ANTES-MERGE UNIUSDT: 1530 velas sin gaps
CandleCache.js:393 [CandleCache] OK BACKEND-NUEVAS UNIUSDT: 4 velas sin gaps
CandleCache.js:197 [CandleCache] 🔄 Merge: 1530 cached + 4 new = 1533 total
MiniChart.jsx:960 [UNIUSDT] Incremental: +4 velas nuevas = 1533 total
CandleCache.js:393 [CandleCache] OK MERGED UNIUSDT: 1533 velas sin gaps
MiniChart.jsx:978 [UNIUSDT] ✅ Histórico final: 1533 velas
MiniChart.jsx:735 [UNIUSDT] 🎨 Calling renderOverlays AFTER OrderFlow (frame 1)
Logger.js:100 ✅ [7:37:42 p. m.] [Manager] [UNIUSDT] renderOverlays: VWAP found, enabled=true, dataMap.size=0
CandleCache.js:169 [CandleCache] ✅ UNIUSDT@1 - guardado (1533 velas, memoria: 1/4)
SymbolList.jsx:79 [Prefetch] Activado (10s despues de carga)
Logger.js:100 ✅ [7:37:44 p. m.] [VWAP] [UNIUSDT] VWAP loaded: 1440 points (rolling, 1 days)
Logger.js:100 ✅ [7:37:44 p. m.] [VWAP] [UNIUSDT] VWAP requestRedraw() after initial load
MiniChart.jsx:1575 [UNIUSDT] 🔄 requestRedraw called (candles: 1533)
MiniChart.jsx:1577 [UNIUSDT] 🔄 Redraw executing drawChart...
VWAPIndicator.js:330 [UNIUSDT] 🎨 VWAP renderOverlay EXECUTING: dataMap=1440, visibleCandles=794
VWAPIndicator.js:382 [UNIUSDT] 🎨 VWAP _drawVWAPLine: matched=794, missed=0 of 794 candles
VWAPIndicator.js:394 [UNIUSDT] 🎨 VWAP sample: vwap=4.2682, Y=172.1, bounds={y:25, height:400}, viewport={min:4.1360, max:4.3450}
Logger.js:100 ✅ [7:37:44 p. m.] [VWAP] [UNIUSDT] VWAP loaded: 1440 points (rolling, 1 days)
Logger.js:100 ✅ [7:37:44 p. m.] [VWAP] [UNIUSDT] VWAP requestRedraw() after initial load
MiniChart.jsx:1575 [UNIUSDT] 🔄 requestRedraw called (candles: 1533)
MiniChart.jsx:1577 [UNIUSDT] 🔄 Redraw executing drawChart...
Logger.js:100 ✅ [7:37:44 p. m.] [VWAP] [UNIUSDT] VWAP loaded: 1440 points (rolling, 1 days)
Logger.js:100 ✅ [7:37:44 p. m.] [VWAP] [UNIUSDT] VWAP requestRedraw() after initial load
MiniChart.jsx:1575 [UNIUSDT] 🔄 requestRedraw called (candles: 1533)
MiniChart.jsx:1577 [UNIUSDT] 🔄 Redraw executing drawChart...
Logger.js:100 ✅ [7:37:44 p. m.] [VWAP] [UNIUSDT] VWAP startPollingIfReady: pollingId=false, enabled=true, destroyed=false
PollingCoordinator.js:102 [PollingCoordinator] Registered: VWAP_UNIUSDT (interval: 60000ms, priority: 2)
Logger.js:100 ✅ [7:37:44 p. m.] [VWAP] [UNIUSDT] VWAP polling started (interval: 60000ms)
MiniChart.jsx:1575 [UNIUSDT] 🔄 requestRedraw called (candles: 1533)
MiniChart.jsx:1577 [UNIUSDT] 🔄 Redraw executing drawChart...
Logger.js:100 ✅ [7:37:44 p. m.] [VWAP] [UNIUSDT] VWAP loaded: 1440 points (rolling, 1 days)
Logger.js:100 ✅ [7:37:44 p. m.] [VWAP] [UNIUSDT] VWAP requestRedraw() after initial load
MiniChart.jsx:1575 [UNIUSDT] 🔄 requestRedraw called (candles: 1533)
MiniChart.jsx:1577 [UNIUSDT] 🔄 Redraw executing drawChart...
PollingCoordinator.js:218 [PollingCoordinator] Executing: OrderFlow_UNIUSDT
MiniChart.jsx:1575 [UNIUSDT] 🔄 requestRedraw called (candles: 1533)
MiniChart.jsx:1577 [UNIUSDT] 🔄 Redraw executing drawChart...
PollingCoordinator.js:227 [PollingCoordinator] Completed: OrderFlow_UNIUSDT
SwingDetectorIndicator.js:142 [UNIUSDT] SwingDetector initialized with 1 days
IndicatorCache.js:85 [IndicatorCache] 💾 swing@UNIUSDT desde IndexedDB
SwingDetectorIndicator.js:123 [UNIUSDT] SwingDetector startPollingIfReady: pollingId=false, enabled=true, config.enabled=true
PollingCoordinator.js:102 [PollingCoordinator] Registered: SwingDetector_Signals_UNIUSDT (interval: 30000ms, priority: 3)
PollingCoordinator.js:102 [PollingCoordinator] Registered: SwingDetector_Status_UNIUSDT (interval: 60000ms, priority: 8)
SwingDetectorIndicator.js:181 [UNIUSDT] SwingDetector polling started (signals: 30000ms, status: 60000ms)
MiniChart.jsx:1575 [UNIUSDT] 🔄 requestRedraw called (candles: 1533)
MiniChart.jsx:1577 [UNIUSDT] 🔄 Redraw executing drawChart...
SwingDetectorIndicator.js:142 [UNIUSDT] SwingDetector initialized with 1 days
IndicatorCache.js:71 [IndicatorCache] 💾 swing@UNIUSDT desde memoria
MiniChart.jsx:1575 [UNIUSDT] 🔄 requestRedraw called (candles: 1533)
MiniChart.jsx:1577 [UNIUSDT] 🔄 Redraw executing drawChart...
Logger.js:100 ✅ [7:37:56 p. m.] [Manager] [UNIUSDT] 🚀 startAllPolling() llamado - 3 indicadores
Logger.js:100 ✅ [7:37:56 p. m.] [Manager] [UNIUSDT] -> Llamando startPollingIfReady() para VWAP
Logger.js:100 ✅ [7:37:56 p. m.] [VWAP] [UNIUSDT] VWAP startPollingIfReady: pollingId=true, enabled=true, destroyed=false
Logger.js:100 ✅ [7:37:56 p. m.] [Manager] [UNIUSDT] -> Llamando startPollingIfReady() para Swing Detector
SwingDetectorIndicator.js:123 [UNIUSDT] SwingDetector startPollingIfReady: pollingId=true, enabled=true, config.enabled=true
Logger.js:100 ✅ [7:37:56 p. m.] [Manager] [UNIUSDT] -> Llamando startPollingIfReady() para Order Flow
Logger.js:100 ✅ [7:37:56 p. m.] [Manager] [UNIUSDT] 🚀 Polling iniciado para todos los indicadores
PollingCoordinator.js:218 [PollingCoordinator] Executing: OrderFlow_UNIUSDT
MiniChart.jsx:1575 [UNIUSDT] 🔄 requestRedraw called (candles: 1533)
MiniChart.jsx:1577 [UNIUSDT] 🔄 Redraw executing drawChart...
PollingCoordinator.js:227 [PollingCoordinator] Completed: OrderFlow_UNIUSDT
PollingCoordinator.js:218 [PollingCoordinator] Executing: OrderFlow_UNIUSDT
MiniChart.jsx:1575 [UNIUSDT] 🔄 requestRedraw called (candles: 1533)
MiniChart.jsx:1577 [UNIUSDT] 🔄 Redraw executing drawChart...
PollingCoordinator.js:227 [PollingCoordinator] Completed: OrderFlow_UNIUSDT
CandleCache.js:169 [CandleCache] ✅ UNIUSDT@1 - guardado (1534 velas, memoria: 1/4)
SwingDetectorIndicator.js:238 [UNIUSDT] SwingDetector: 198/198 signals for interval 1 (cached)
Logger.js:100 ✅ [7:38:03 p. m.] [VWAP] [UNIUSDT] VWAP updated (polling): 1440 points
MiniChart.jsx:1575 [UNIUSDT] 🔄 requestRedraw called (candles: 1534)
MiniChart.jsx:1577 [UNIUSDT] 🔄 Redraw executing drawChart...
PollingCoordinator.js:218 [PollingCoordinator] Executing: OrderFlow_UNIUSDT
MiniChart.jsx:1575 [UNIUSDT] 🔄 requestRedraw called (candles: 1534)
MiniChart.jsx:1577 [UNIUSDT] 🔄 Redraw executing drawChart...
PollingCoordinator.js:227 [PollingCoordinator] Completed: OrderFlow_UNIUSDT
MiniChart.jsx:735 [UNIUSDT] 🎨 Calling renderOverlays AFTER OrderFlow (frame 61)
Logger.js:100 ✅ [7:38:08 p. m.] [Manager] [UNIUSDT] renderOverlays: VWAP found, enabled=true, dataMap.size=1440
VWAPIndicator.js:330 [UNIUSDT] 🎨 VWAP renderOverlay EXECUTING: dataMap=1440, visibleCandles=174
VWAPIndicator.js:382 [UNIUSDT] 🎨 VWAP _drawVWAPLine: matched=173, missed=1 of 174 candles
VWAPIndicator.js:394 [UNIUSDT] 🎨 VWAP sample: vwap=4.2624, Y=292.9, bounds={y:25, height:400}, viewport={min:4.2490, max:4.2870}
VWAPIndicator.js:400 [UNIUSDT] 🔍 Sample candle.timestamp=1769809500000, dataMap first keys=[1769733480000,1769733540000,1769733600000]
MiniChart.jsx:735 [UNIUSDT] 🎨 Calling renderOverlays AFTER OrderFlow (frame 121)
Logger.js:100 ✅ [7:38:09 p. m.] [Manager] [UNIUSDT] renderOverlays: VWAP found, enabled=true, dataMap.size=1440
VWAPIndicator.js:330 [UNIUSDT] 🎨 VWAP renderOverlay EXECUTING: dataMap=1440, visibleCandles=174
VWAPIndicator.js:382 [UNIUSDT] 🎨 VWAP _drawVWAPLine: matched=173, missed=1 of 174 candles
VWAPIndicator.js:394 [UNIUSDT] 🎨 VWAP sample: vwap=4.2624, Y=400.9, bounds={y:25, height:400}, viewport={min:4.2490, max:4.2870}
VWAPIndicator.js:400 [UNIUSDT] 🔍 Sample candle.timestamp=1769809500000, dataMap first keys=[1769733480000,1769733540000,1769733600000]
PollingCoordinator.js:218 [PollingCoordinator] Executing: OrderFlow_UNIUSDT
MiniChart.jsx:1575 [UNIUSDT] 🔄 requestRedraw called (candles: 1534)
MiniChart.jsx:1577 [UNIUSDT] 🔄 Redraw executing drawChart...
PollingCoordinator.js:227 [PollingCoordinator] Completed: OrderFlow_UNIUSDT
MiniChart.jsx:735 [UNIUSDT] 🎨 Calling renderOverlays AFTER OrderFlow (frame 181)
Logger.js:100 ✅ [7:38:13 p. m.] [Manager] [UNIUSDT] renderOverlays: VWAP found, enabled=true, dataMap.size=1440
VWAPIndicator.js:330 [UNIUSDT] 🎨 VWAP renderOverlay EXECUTING: dataMap=1440, visibleCandles=121
VWAPIndicator.js:382 [UNIUSDT] 🎨 VWAP _drawVWAPLine: matched=120, missed=1 of 121 candles
VWAPIndicator.js:394 [UNIUSDT] 🎨 VWAP sample: vwap=4.2601, Y=526.6, bounds={y:25, height:400}, viewport={min:4.2600, max:4.2870}
VWAPIndicator.js:400 [UNIUSDT] 🔍 Sample candle.timestamp=1769812680000, dataMap first keys=[1769733480000,1769733540000,1769733600000]
MiniChart.jsx:735 [UNIUSDT] 🎨 Calling renderOverlays AFTER OrderFlow (frame 241)
Logger.js:100 ✅ [7:38:15 p. m.] [Manager] [UNIUSDT] renderOverlays: VWAP found, enabled=true, dataMap.size=1440
VWAPIndicator.js:330 [UNIUSDT] 🎨 VWAP renderOverlay EXECUTING: dataMap=1440, visibleCandles=121
VWAPIndicator.js:382 [UNIUSDT] 🎨 VWAP _drawVWAPLine: matched=120, missed=1 of 121 candles
VWAPIndicator.js:394 [UNIUSDT] 🎨 VWAP sample: vwap=4.2601, Y=485.6, bounds={y:25, height:400}, viewport={min:4.2600, max:4.2870}
VWAPIndicator.js:400 [UNIUSDT] 🔍 Sample candle.timestamp=1769812680000, dataMap first keys=[1769733480000,1769733540000,1769733600000]
PollingCoordinator.js:218 [PollingCoordinator] Executing: OrderFlow_UNIUSDT
MiniChart.jsx:1575 [UNIUSDT] 🔄 requestRedraw called (candles: 1534)
MiniChart.jsx:1577 [UNIUSDT] 🔄 Redraw executing drawChart...
PollingCoordinator.js:227 [PollingCoordinator] Completed: OrderFlow_UNIUSDT
PollingCoordinator.js:218 [PollingCoordinator] Executing: SwingDetector_Signals_UNIUSDT
IndicatorCache.js:71 [IndicatorCache] 💾 swing@UNIUSDT desde memoria
MiniChart.jsx:1575 [UNIUSDT] 🔄 requestRedraw called (candles: 1534)
MiniChart.jsx:1577 [UNIUSDT] 🔄 Redraw executing drawChart...
PollingCoordinator.js:227 [PollingCoordinator] Completed: SwingDetector_Signals_UNIUSDT
PollingCoordinator.js:218 [PollingCoordinator] Executing: OrderFlow_UNIUSDT
MiniChart.jsx:1575 [UNIUSDT] 🔄 requestRedraw called (candles: 1534)
MiniChart.jsx:1577 [UNIUSDT] 🔄 Redraw executing drawChart...
PollingCoordinator.js:227 [PollingCoordinator] Completed: OrderFlow_UNIUSDT
PollingCoordinator.js:218 [PollingCoordinator] Executing: OrderFlow_UNIUSDT
MiniChart.jsx:1575 [UNIUSDT] 🔄 requestRedraw called (candles: 1534)
MiniChart.jsx:1577 [UNIUSDT] 🔄 Redraw executing drawChart...
PollingCoordinator.js:227 [PollingCoordinator] Completed: OrderFlow_UNIUSDT
PollingCoordinator.js:218 [PollingCoordinator] Executing: SymbolList_PriceChanges
PollingCoordinator.js:218 [PollingCoordinator] Executing: OrderFlow_UNIUSDT
MiniChart.jsx:1575 [UNIUSDT] 🔄 requestRedraw called (candles: 1534)
MiniChart.jsx:1577 [UNIUSDT] 🔄 Redraw executing drawChart...
PollingCoordinator.js:227 [PollingCoordinator] Completed: OrderFlow_UNIUSDT
PollingCoordinator.js:227 [PollingCoordinator] Completed: SymbolList_PriceChanges
PollingCoordinator.js:218 [PollingCoordinator] Executing: OrderFlow_UNIUSDT
MiniChart.jsx:1575 [UNIUSDT] 🔄 requestRedraw called (candles: 1534)
MiniChart.jsx:1577 [UNIUSDT] 🔄 Redraw executing drawChart...
PollingCoordinator.js:227 [PollingCoordinator] Completed: OrderFlow_UNIUSDT
PollingCoordinator.js:218 [PollingCoordinator] Executing: OrderFlow_UNIUSDT
PollingCoordinator.js:218 [PollingCoordinator] Executing: VWAP_UNIUSDT
Logger.js:100 ✅ [7:38:44 p. m.] [VWAP] [UNIUSDT] VWAP updated (polling): 1440 points
MiniChart.jsx:1575 [UNIUSDT] 🔄 requestRedraw called (candles: 1534)
MiniChart.jsx:1577 [UNIUSDT] 🔄 Redraw executing drawChart...
Logger.js:100 ✅ [7:38:44 p. m.] [VWAP] [UNIUSDT] VWAP requestRedraw() called after polling
PollingCoordinator.js:227 [PollingCoordinator] Completed: VWAP_UNIUSDT
MiniChart.jsx:1575 [UNIUSDT] 🔄 requestRedraw called (candles: 1534)
MiniChart.jsx:1577 [UNIUSDT] 🔄 Redraw executing drawChart...
PollingCoordinator.js:227 [PollingCoordinator] Completed: OrderFlow_UNIUSDT
PollingCoordinator.js:218 [PollingCoordinator] Executing: OrderFlow_UNIUSDT
MiniChart.jsx:1575 [UNIUSDT] 🔄 requestRedraw called (candles: 1534)
MiniChart.jsx:1577 [UNIUSDT] 🔄 Redraw executing drawChart...
PollingCoordinator.js:227 [PollingCoordinator] Completed: OrderFlow_UNIUSDT
PollingCoordinator.js:218 [PollingCoordinator] Executing: SwingDetector_Status_UNIUSDT
PollingCoordinator.js:227 [PollingCoordinator] Completed: SwingDetector_Status_UNIUSDT
PollingCoordinator.js:218 [PollingCoordinator] Executing: SwingDetector_Signals_UNIUSDT
IndicatorCache.js:71 [IndicatorCache] 💾 swing@UNIUSDT desde memoria
MiniChart.jsx:1575 [UNIUSDT] 🔄 requestRedraw called (candles: 1534)
MiniChart.jsx:1577 [UNIUSDT] 🔄 Redraw executing drawChart...
PollingCoordinator.js:227 [PollingCoordinator] Completed: SwingDetector_Signals_UNIUSDT
PollingCoordinator.js:218 [PollingCoordinator] Executing: OrderFlow_UNIUSDT
MiniChart.jsx:1575 [UNIUSDT] 🔄 requestRedraw called (candles: 1534)
MiniChart.jsx:1577 [UNIUSDT] 🔄 Redraw executing drawChart...
PollingCoordinator.js:227 [PollingCoordinator] Completed: OrderFlow_UNIUSDT
PollingCoordinator.js:218 [PollingCoordinator] Executing: OrderFlow_UNIUSDT
MiniChart.jsx:1575 [UNIUSDT] 🔄 requestRedraw called (candles: 1534)
MiniChart.jsx:1577 [UNIUSDT] 🔄 Redraw executing drawChart...
PollingCoordinator.js:227 [PollingCoordinator] Completed: OrderFlow_UNIUSDT
CandleCache.js:169 [CandleCache] ✅ UNIUSDT@1 - guardado (1535 velas, memoria: 1/4)
SwingDetectorIndicator.js:238 [UNIUSDT] SwingDetector: 198/198 signals for interval 1 (cached)
Logger.js:100 ✅ [7:39:03 p. m.] [VWAP] [UNIUSDT] VWAP updated (polling): 1440 points
MiniChart.jsx:1575 [UNIUSDT] 🔄 requestRedraw called (candles: 1535)
MiniChart.jsx:1577 [UNIUSDT] 🔄 Redraw executing drawChart...
PollingCoordinator.js:218 [PollingCoordinator] Executing: OrderFlow_UNIUSDT
MiniChart.jsx:1575 [UNIUSDT] 🔄 requestRedraw called (candles: 1535)
MiniChart.jsx:1577 [UNIUSDT] 🔄 Redraw executing drawChart...
PollingCoordinator.js:227 [PollingCoordinator] Completed: OrderFlow_UNIUSDT
PollingCoordinator.js:218 [PollingCoordinator] Executing: OrderFlow_UNIUSDT
MiniChart.jsx:1575 [UNIUSDT] 🔄 requestRedraw called (candles: 1535)
MiniChart.jsx:1577 [UNIUSDT] 🔄 Redraw executing drawChart...
PollingCoordinator.js:227 [PollingCoordinator] Completed: OrderFlow_UNIUSDT
PollingCoordinator.js:218 [PollingCoordinator] Executing: OrderFlow_UNIUSDT
MiniChart.jsx:1575 [UNIUSDT] 🔄 requestRedraw called (candles: 1535)
MiniChart.jsx:1577 [UNIUSDT] 🔄 Redraw executing drawChart...
PollingCoordinator.js:227 [PollingCoordinator] Completed: OrderFlow_UNIUSDT
PollingCoordinator.js:218 [PollingCoordinator] Executing: OrderFlow_UNIUSDT
MiniChart.jsx:1575 [UNIUSDT] 🔄 requestRedraw called (candles: 1535)
MiniChart.jsx:1577 [UNIUSDT] 🔄 Redraw executing drawChart...
MiniChart.jsx:735 [UNIUSDT] 🎨 Calling renderOverlays AFTER OrderFlow (frame 301)
Logger.js:100 ✅ [7:39:22 p. m.] [Manager] [UNIUSDT] renderOverlays: VWAP found, enabled=true, dataMap.size=1440
PollingCoordinator.js:227 [PollingCoordinator] Completed: OrderFlow_UNIUSDT
PollingCoordinator.js:218 [PollingCoordinator] Executing: SwingDetector_Signals_UNIUSDT
IndicatorCache.js:71 [IndicatorCache] 💾 swing@UNIUSDT desde memoria
MiniChart.jsx:1575 [UNIUSDT] 🔄 requestRedraw called (candles: 1535)
MiniChart.jsx:1577 [UNIUSDT] 🔄 Redraw executing drawChart...
PollingCoordinator.js:227 [PollingCoordinator] Completed: SwingDetector_Signals_UNIUSDT
VWAPIndicator.js:330 [UNIUSDT] 🎨 VWAP renderOverlay EXECUTING: dataMap=1440, visibleCandles=123
VWAPIndicator.js:382 [UNIUSDT] 🎨 VWAP _drawVWAPLine: matched=121, missed=2 of 123 candles
VWAPIndicator.js:394 [UNIUSDT] 🎨 VWAP sample: vwap=4.2601, Y=485.6, bounds={y:25, height:400}, viewport={min:4.2600, max:4.2870}
VWAPIndicator.js:400 [UNIUSDT] 🔍 Sample candle.timestamp=1769812620000, dataMap first keys=[1769733480000,1769733540000,1769733600000]
PollingCoordinator.js:218 [PollingCoordinator] Executing: OrderFlow_UNIUSDT
MiniChart.jsx:1575 [UNIUSDT] 🔄 requestRedraw called (candles: 1535)
MiniChart.jsx:1577 [UNIUSDT] 🔄 Redraw executing drawChart...
PollingCoordinator.js:227 [PollingCoordinator] Completed: OrderFlow_UNIUSDT
PollingCoordinator.js:218 [PollingCoordinator] Executing: OrderFlow_UNIUSDT
MiniChart.jsx:1575 [UNIUSDT] 🔄 requestRedraw called (candles: 1535)
MiniChart.jsx:1577 [UNIUSDT] 🔄 Redraw executing drawChart...
PollingCoordinator.js:227 [PollingCoordinator] Completed: OrderFlow_UNIUSDT
PollingCoordinator.js:218 [PollingCoordinator] Executing: SymbolList_PriceChanges
PollingCoordinator.js:227 [PollingCoordinator] Completed: SymbolList_PriceChanges
PollingCoordinator.js:218 [PollingCoordinator] Executing: OrderFlow_UNIUSDT
MiniChart.jsx:1575 [UNIUSDT] 🔄 requestRedraw called (candles: 1535)
MiniChart.jsx:1577 [UNIUSDT] 🔄 Redraw executing drawChart...
PollingCoordinator.js:227 [PollingCoordinator] Completed: OrderFlow_UNIUSDT
PollingCoordinator.js:218 [PollingCoordinator] Executing: OrderFlow_UNIUSDT
MiniChart.jsx:1575 [UNIUSDT] 🔄 requestRedraw called (candles: 1535)
MiniChart.jsx:1577 [UNIUSDT] 🔄 Redraw executing drawChart...
PollingCoordinator.js:227 [PollingCoordinator] Completed: OrderFlow_UNIUSDT
PollingCoordinator.js:218 [PollingCoordinator] Executing: VWAP_UNIUSDT
Logger.js:100 ✅ [7:39:45 p. m.] [VWAP] [UNIUSDT] VWAP updated (polling): 1440 points
MiniChart.jsx:1575 [UNIUSDT] 🔄 requestRedraw called (candles: 1535)
MiniChart.jsx:1577 [UNIUSDT] 🔄 Redraw executing drawChart...
Logger.js:100 ✅ [7:39:45 p. m.] [VWAP] [UNIUSDT] VWAP requestRedraw() called after polling
PollingCoordinator.js:227 [PollingCoordinator] Completed: VWAP_UNIUSDT
PollingCoordinator.js:218 [PollingCoordinator] Executing: OrderFlow_UNIUSDT
MiniChart.jsx:1575 [UNIUSDT] 🔄 requestRedraw called (candles: 1535)
MiniChart.jsx:1577 [UNIUSDT] 🔄 Redraw executing drawChart...
PollingCoordinator.js:227 [PollingCoordinator] Completed: OrderFlow_UNIUSDT
PollingCoordinator.js:218 [PollingCoordinator] Executing: SwingDetector_Status_UNIUSDT
PollingCoordinator.js:227 [PollingCoordinator] Completed: SwingDetector_Status_UNIUSDT
PollingCoordinator.js:218 [PollingCoordinator] Executing: SwingDetector_Signals_UNIUSDT
IndicatorCache.js:71 [IndicatorCache] 💾 swing@UNIUSDT desde memoria
MiniChart.jsx:1575 [UNIUSDT] 🔄 requestRedraw called (candles: 1535)
MiniChart.jsx:1577 [UNIUSDT] 🔄 Redraw executing drawChart...
PollingCoordinator.js:227 [PollingCoordinator] Completed: SwingDetector_Signals_UNIUSDT
PollingCoordinator.js:218 [PollingCoordinator] Executing: OrderFlow_UNIUSDT
MiniChart.jsx:1575 [UNIUSDT] 🔄 requestRedraw called (candles: 1535)
MiniChart.jsx:1577 [UNIUSDT] 🔄 Redraw executing drawChart...
PollingCoordinator.js:227 [PollingCoordinator] Completed: OrderFlow_UNIUSDT
PollingCoordinator.js:218 [PollingCoordinator] Executing: OrderFlow_UNIUSDT
MiniChart.jsx:1575 [UNIUSDT] 🔄 requestRedraw called (candles: 1535)
MiniChart.jsx:1577 [UNIUSDT] 🔄 Redraw executing drawChart...
PollingCoordinator.js:227 [PollingCoordinator] Completed: OrderFlow_UNIUSDT
CandleCache.js:169 [CandleCache] ✅ UNIUSDT@1 - guardado (1536 velas, memoria: 1/4)
PollingCoordinator.js:218 [PollingCoordinator] Executing: OrderFlow_UNIUSDT
SwingDetectorIndicator.js:238 [UNIUSDT] SwingDetector: 198/198 signals for interval 1 (cached)
Logger.js:100 ✅ [7:40:04 p. m.] [VWAP] [UNIUSDT] VWAP updated (polling): 1440 points
MiniChart.jsx:1575 [UNIUSDT] 🔄 requestRedraw called (candles: 1536)
MiniChart.jsx:1577 [UNIUSDT] 🔄 Redraw executing drawChart...
MiniChart.jsx:1575 [UNIUSDT] 🔄 requestRedraw called (candles: 1536)
MiniChart.jsx:1577 [UNIUSDT] 🔄 Redraw executing drawChart...
PollingCoordinator.js:227 [PollingCoordinator] Completed: OrderFlow_UNIUSDT
PollingCoordinator.js:218 [PollingCoordinator] Executing: OrderFlow_UNIUSDT
MiniChart.jsx:1575 [UNIUSDT] 🔄 requestRedraw called (candles: 1536)
MiniChart.jsx:1577 [UNIUSDT] 🔄 Redraw executing drawChart...
PollingCoordinator.js:227 [PollingCoordinator] Completed: OrderFlow_UNIUSDT
PollingCoordinator.js:218 [PollingCoordinator] Executing: OrderFlow_UNIUSDT
MiniChart.jsx:1575 [UNIUSDT] 🔄 requestRedraw called (candles: 1536)
MiniChart.jsx:1577 [UNIUSDT] 🔄 Redraw executing drawChart...
PollingCoordinator.js:227 [PollingCoordinator] Completed: OrderFlow_UNIUSDT
PollingCoordinator.js:218 [PollingCoordinator] Executing: OrderFlow_UNIUSDT
MiniChart.jsx:1575 [UNIUSDT] 🔄 requestRedraw called (candles: 1536)
MiniChart.jsx:1577 [UNIUSDT] 🔄 Redraw executing drawChart...
PollingCoordinator.js:227 [PollingCoordinator] Completed: OrderFlow_UNIUSDT
PollingCoordinator.js:218 [PollingCoordinator] Executing: SwingDetector_Signals_UNIUSDT
IndicatorCache.js:71 [IndicatorCache] 💾 swing@UNIUSDT desde memoria
MiniChart.jsx:1575 [UNIUSDT] 🔄 requestRedraw called (candles: 1536)
MiniChart.jsx:1577 [UNIUSDT] 🔄 Redraw executing drawChart...
PollingCoordinator.js:227 [PollingCoordinator] Completed: SwingDetector_Signals_UNIUSDT
PollingCoordinator.js:218 [PollingCoordinator] Executing: OrderFlow_UNIUSDT
MiniChart.jsx:1575 [UNIUSDT] 🔄 requestRedraw called (candles: 1536)
MiniChart.jsx:1577 [UNIUSDT] 🔄 Redraw executing drawChart...
PollingCoordinator.js:227 [PollingCoordinator] Completed: OrderFlow_UNIUSDT
PollingCoordinator.js:218 [PollingCoordinator] Executing: OrderFlow_UNIUSDT
MiniChart.jsx:1575 [UNIUSDT] 🔄 requestRedraw called (candles: 1536)
MiniChart.jsx:1577 [UNIUSDT] 🔄 Redraw executing drawChart...
PollingCoordinator.js:227 [PollingCoordinator] Completed: OrderFlow_UNIUSDT
PollingCoordinator.js:218 [PollingCoordinator] Executing: SymbolList_PriceChanges
PollingCoordinator.js:218 [PollingCoordinator] Executing: OrderFlow_UNIUSDT
MiniChart.jsx:1575 [UNIUSDT] 🔄 requestRedraw called (candles: 1536)
MiniChart.jsx:1577 [UNIUSDT] 🔄 Redraw executing drawChart...
PollingCoordinator.js:227 [PollingCoordinator] Completed: OrderFlow_UNIUSDT
PollingCoordinator.js:227 [PollingCoordinator] Completed: SymbolList_PriceChanges
PollingCoordinator.js:218 [PollingCoordinator] Executing: OrderFlow_UNIUSDT
MiniChart.jsx:1575 [UNIUSDT] 🔄 requestRedraw called (candles: 1536)
MiniChart.jsx:1577 [UNIUSDT] 🔄 Redraw executing drawChart...
PollingCoordinator.js:227 [PollingCoordinator] Completed: OrderFlow_UNIUSDT
PollingCoordinator.js:218 [PollingCoordinator] Executing: VWAP_UNIUSDT
Logger.js:100 ✅ [7:40:45 p. m.] [VWAP] [UNIUSDT] VWAP updated (polling): 1440 points
MiniChart.jsx:1575 [UNIUSDT] 🔄 requestRedraw called (candles: 1536)
MiniChart.jsx:1577 [UNIUSDT] 🔄 Redraw executing drawChart...
Logger.js:100 ✅ [7:40:45 p. m.] [VWAP] [UNIUSDT] VWAP requestRedraw() called after polling
PollingCoordinator.js:227 [PollingCoordinator] Completed: VWAP_UNIUSDT
PollingCoordinator.js:218 [PollingCoordinator] Executing: OrderFlow_UNIUSDT
MiniChart.jsx:1575 [UNIUSDT] 🔄 requestRedraw called (candles: 1536)
MiniChart.jsx:1577 [UNIUSDT] 🔄 Redraw executing drawChart...
PollingCoordinator.js:227 [PollingCoordinator] Completed: OrderFlow_UNIUSDT
PollingCoordinator.js:218 [PollingCoordinator] Executing: OrderFlow_UNIUSDT
PollingCoordinator.js:218 [PollingCoordinator] Executing: SwingDetector_Status_UNIUSDT
PollingCoordinator.js:227 [PollingCoordinator] Completed: SwingDetector_Status_UNIUSDT
PollingCoordinator.js:218 [PollingCoordinator] Executing: SwingDetector_Signals_UNIUSDT
IndicatorCache.js:71 [IndicatorCache] 💾 swing@UNIUSDT desde memoria
MiniChart.jsx:1575 [UNIUSDT] 🔄 requestRedraw called (candles: 1536)
MiniChart.jsx:1577 [UNIUSDT] 🔄 Redraw executing drawChart...
PollingCoordinator.js:227 [PollingCoordinator] Completed: SwingDetector_Signals_UNIUSDT
MiniChart.jsx:1575 [UNIUSDT] 🔄 requestRedraw called (candles: 1536)
MiniChart.jsx:1577 [UNIUSDT] 🔄 Redraw executing drawChart...
PollingCoordinator.js:227 [PollingCoordinator] Completed: OrderFlow_UNIUSDT
PollingCoordinator.js:218 [PollingCoordinator] Executing: OrderFlow_UNIUSDT
MiniChart.jsx:1575 [UNIUSDT] 🔄 requestRedraw called (candles: 1536)
MiniChart.jsx:1577 [UNIUSDT] 🔄 Redraw executing drawChart...
PollingCoordinator.js:227 [PollingCoordinator] Completed: OrderFlow_UNIUSDT
PollingCoordinator.js:218 [PollingCoordinator] Executing: OrderFlow_UNIUSDT
MiniChart.jsx:1575 [UNIUSDT] 🔄 requestRedraw called (candles: 1536)
MiniChart.jsx:1577 [UNIUSDT] 🔄 Redraw executing drawChart...
PollingCoordinator.js:227 [PollingCoordinator] Completed: OrderFlow_UNIUSDT
CandleCache.js:169 [CandleCache] ✅ UNIUSDT@1 - guardado (1537 velas, memoria: 1/4)
Logger.js:100 ✅ [7:41:03 p. m.] [VWAP] [UNIUSDT] VWAP updated (polling): 1440 points
SwingDetectorIndicator.js:238 [UNIUSDT] SwingDetector: 199/199 signals for interval 1 (cached)
MiniChart.jsx:1575 [UNIUSDT] 🔄 requestRedraw called (candles: 1537)
MiniChart.jsx:1577 [UNIUSDT] 🔄 Redraw executing drawChart...
PollingCoordinator.js:218 [PollingCoordinator] Executing: OrderFlow_UNIUSDT
MiniChart.jsx:1575 [UNIUSDT] 🔄 requestRedraw called (candles: 1537)
MiniChart.jsx:1577 [UNIUSDT] 🔄 Redraw executing drawChart...
PollingCoordinator.js:227 [PollingCoordinator] Completed: OrderFlow_UNIUSDT
PollingCoordinator.js:218 [PollingCoordinator] Executing: OrderFlow_UNIUSDT
MiniChart.jsx:1575 [UNIUSDT] 🔄 requestRedraw called (candles: 1537)
MiniChart.jsx:1577 [UNIUSDT] 🔄 Redraw executing drawChart...
PollingCoordinator.js:227 [PollingCoordinator] Completed: OrderFlow_UNIUSDT
PollingCoordinator.js:218 [PollingCoordinator] Executing: OrderFlow_UNIUSDT
MiniChart.jsx:1575 [UNIUSDT] 🔄 requestRedraw called (candles: 1537)
MiniChart.jsx:1577 [UNIUSDT] 🔄 Redraw executing drawChart...
PollingCoordinator.js:227 [PollingCoordinator] Completed: OrderFlow_UNIUSDT
PollingCoordinator.js:218 [PollingCoordinator] Executing: SwingDetector_Signals_UNIUSDT
IndicatorCache.js:71 [IndicatorCache] 💾 swing@UNIUSDT desde memoria
MiniChart.jsx:1575 [UNIUSDT] 🔄 requestRedraw called (candles: 1537)
MiniChart.jsx:1577 [UNIUSDT] 🔄 Redraw executing drawChart...
PollingCoordinator.js:227 [PollingCoordinator] Completed: SwingDetector_Signals_UNIUSDT
PollingCoordinator.js:218 [PollingCoordinator] Executing: OrderFlow_UNIUSDT
MiniChart.jsx:1575 [UNIUSDT] 🔄 requestRedraw called (candles: 1537)
MiniChart.jsx:1577 [UNIUSDT] 🔄 Redraw executing drawChart...
PollingCoordinator.js:227 [PollingCoordinator] Completed: OrderFlow_UNIUSDT
PollingCoordinator.js:218 [PollingCoordinator] Executing: OrderFlow_UNIUSDT
MiniChart.jsx:1575 [UNIUSDT] 🔄 requestRedraw called (candles: 1537)
MiniChart.jsx:1577 [UNIUSDT] 🔄 Redraw executing drawChart...
PollingCoordinator.js:227 [PollingCoordinator] Completed: OrderFlow_UNIUSDT
PollingCoordinator.js:218 [PollingCoordinator] Executing: OrderFlow_UNIUSDT
MiniChart.jsx:1575 [UNIUSDT] 🔄 requestRedraw called (candles: 1537)
MiniChart.jsx:1577 [UNIUSDT] 🔄 Redraw executing drawChart...
PollingCoordinator.js:227 [PollingCoordinator] Completed: OrderFlow_UNIUSDT
PollingCoordinator.js:218 [PollingCoordinator] Executing: SymbolList_PriceChanges
PollingCoordinator.js:227 [PollingCoordinator] Completed: SymbolList_PriceChanges
PollingCoordinator.js:218 [PollingCoordinator] Executing: OrderFlow_UNIUSDT
MiniChart.jsx:1575 [UNIUSDT] 🔄 requestRedraw called (candles: 1537)
MiniChart.jsx:1577 [UNIUSDT] 🔄 Redraw executing drawChart...
PollingCoordinator.js:227 [PollingCoordinator] Completed: OrderFlow_UNIUSDT
PollingCoordinator.js:218 [PollingCoordinator] Executing: VWAP_UNIUSDT
Logger.js:100 ✅ [7:41:45 p. m.] [VWAP] [UNIUSDT] VWAP updated (polling): 1440 points
MiniChart.jsx:1575 [UNIUSDT] 🔄 requestRedraw called (candles: 1537)
MiniChart.jsx:1577 [UNIUSDT] 🔄 Redraw executing drawChart...
Logger.js:100 ✅ [7:41:45 p. m.] [VWAP] [UNIUSDT] VWAP requestRedraw() called after polling
PollingCoordinator.js:227 [PollingCoordinator] Completed: VWAP_UNIUSDT
PollingCoordinator.js:218 [PollingCoordinator] Executing: OrderFlow_UNIUSDT
MiniChart.jsx:1575 [UNIUSDT] 🔄 requestRedraw called (candles: 1537)
MiniChart.jsx:1577 [UNIUSDT] 🔄 Redraw executing drawChart...
PollingCoordinator.js:227 [PollingCoordinator] Completed: OrderFlow_UNIUSDT
PollingCoordinator.js:218 [PollingCoordinator] Executing: OrderFlow_UNIUSDT
MiniChart.jsx:735 [UNIUSDT] 🎨 Calling renderOverlays AFTER OrderFlow (frame 361)
Logger.js:100 ✅ [7:41:50 p. m.] [Manager] [UNIUSDT] renderOverlays: VWAP found, enabled=true, dataMap.size=1440
VWAPIndicator.js:330 [UNIUSDT] 🎨 VWAP renderOverlay EXECUTING: dataMap=1440, visibleCandles=123
VWAPIndicator.js:382 [UNIUSDT] 🎨 VWAP _drawVWAPLine: matched=119, missed=4 of 123 candles
VWAPIndicator.js:394 [UNIUSDT] 🎨 VWAP sample: vwap=4.2600, Y=486.4, bounds={y:25, height:400}, viewport={min:4.2600, max:4.2870}
VWAPIndicator.js:400 [UNIUSDT] 🔍 Sample candle.timestamp=1769812740000, dataMap first keys=[1769733480000,1769733540000,1769733600000]
MiniChart.jsx:1575 [UNIUSDT] 🔄 requestRedraw called (candles: 1537)
MiniChart.jsx:1577 [UNIUSDT] 🔄 Redraw executing drawChart...
PollingCoordinator.js:227 [PollingCoordinator] Completed: OrderFlow_UNIUSDT
PollingCoordinator.js:218 [PollingCoordinator] Executing: SwingDetector_Status_UNIUSDT
PollingCoordinator.js:227 [PollingCoordinator] Completed: SwingDetector_Status_UNIUSDT
PollingCoordinator.js:218 [PollingCoordinator] Executing: SwingDetector_Signals_UNIUSDT
IndicatorCache.js:71 [IndicatorCache] 💾 swing@UNIUSDT desde memoria
MiniChart.jsx:1575 [UNIUSDT] 🔄 requestRedraw called (candles: 1537)
MiniChart.jsx:1577 [UNIUSDT] 🔄 Redraw executing drawChart...
PollingCoordinator.js:227 [PollingCoordinator] Completed: SwingDetector_Signals_UNIUSDT
MiniChart.jsx:735 [UNIUSDT] 🎨 Calling renderOverlays AFTER OrderFlow (frame 421)
Logger.js:100 ✅ [7:41:53 p. m.] [Manager] [UNIUSDT] renderOverlays: VWAP found, enabled=true, dataMap.size=1440
VWAPIndicator.js:330 [UNIUSDT] 🎨 VWAP renderOverlay EXECUTING: dataMap=1440, visibleCandles=137
VWAPIndicator.js:382 [UNIUSDT] 🎨 VWAP _drawVWAPLine: matched=133, missed=4 of 137 candles
VWAPIndicator.js:394 [UNIUSDT] 🎨 VWAP sample: vwap=4.2602, Y=475.5, bounds={y:25, height:400}, viewport={min:4.2600, max:4.2950}
VWAPIndicator.js:400 [UNIUSDT] 🔍 Sample candle.timestamp=1769811900000, dataMap first keys=[1769733480000,1769733540000,1769733600000]
MiniChart.jsx:735 [UNIUSDT] 🎨 Calling renderOverlays AFTER OrderFlow (frame 481)
Logger.js:100 ✅ [7:41:54 p. m.] [Manager] [UNIUSDT] renderOverlays: VWAP found, enabled=true, dataMap.size=1440
VWAPIndicator.js:330 [UNIUSDT] 🎨 VWAP renderOverlay EXECUTING: dataMap=1440, visibleCandles=137
VWAPIndicator.js:382 [UNIUSDT] 🎨 VWAP _drawVWAPLine: matched=133, missed=4 of 137 candles
VWAPIndicator.js:394 [UNIUSDT] 🎨 VWAP sample: vwap=4.2602, Y=453.5, bounds={y:25, height:400}, viewport={min:4.2600, max:4.2950}
VWAPIndicator.js:400 [UNIUSDT] 🔍 Sample candle.timestamp=1769811900000, dataMap first keys=[1769733480000,1769733540000,1769733600000]
PollingCoordinator.js:218 [PollingCoordinator] Executing: OrderFlow_UNIUSDT
MiniChart.jsx:1575 [UNIUSDT] 🔄 requestRedraw called (candles: 1537)
MiniChart.jsx:1577 [UNIUSDT] 🔄 Redraw executing drawChart...
PollingCoordinator.js:227 [PollingCoordinator] Completed: OrderFlow_UNIUSDT
PollingCoordinator.js:218 [PollingCoordinator] Executing: OrderFlow_UNIUSDT
CandleCache.js:169 [CandleCache] ✅ UNIUSDT@1 - guardado (1538 velas, memoria: 1/4)
MiniChart.jsx:1575 [UNIUSDT] 🔄 requestRedraw called (candles: 1538)
MiniChart.jsx:1577 [UNIUSDT] 🔄 Redraw executing drawChart...
PollingCoordinator.js:227 [PollingCoordinator] Completed: OrderFlow_UNIUSDT
SwingDetectorIndicator.js:238 [UNIUSDT] SwingDetector: 199/199 signals for interval 1 (cached)
Logger.js:100 ✅ [7:42:17 p. m.] [VWAP] [UNIUSDT] VWAP updated (polling): 1440 points
MiniChart.jsx:1575 [UNIUSDT] 🔄 requestRedraw called (candles: 1538)
MiniChart.jsx:1577 [UNIUSDT] 🔄 Redraw executing drawChart...
PollingCoordinator.js:218 [PollingCoordinator] Executing: OrderFlow_UNIUSDT
PollingCoordinator.js:218 [PollingCoordinator] Executing: SwingDetector_Signals_UNIUSDT
IndicatorCache.js:71 [IndicatorCache] 💾 swing@UNIUSDT desde memoria
MiniChart.jsx:1575 [UNIUSDT] 🔄 requestRedraw called (candles: 1538)
MiniChart.jsx:1577 [UNIUSDT] 🔄 Redraw executing drawChart...
PollingCoordinator.js:227 [PollingCoordinator] Completed: SwingDetector_Signals_UNIUSDT
MiniChart.jsx:1575 [UNIUSDT] 🔄 requestRedraw called (candles: 1538)
MiniChart.jsx:1577 [UNIUSDT] 🔄 Redraw executing drawChart...
PollingCoordinator.js:227 [PollingCoordinator] Completed: OrderFlow_UNIUSDT
PollingCoordinator.js:218 [PollingCoordinator] Executing: OrderFlow_UNIUSDT
MiniChart.jsx:1575 [UNIUSDT] 🔄 requestRedraw called (candles: 1538)
MiniChart.jsx:1577 [UNIUSDT] 🔄 Redraw executing drawChart...
PollingCoordinator.js:227 [PollingCoordinator] Completed: OrderFlow_UNIUSDT
MiniChart.jsx:735 [UNIUSDT] 🎨 Calling renderOverlays AFTER OrderFlow (frame 541)
Logger.js:100 ✅ [7:42:32 p. m.] [Manager] [UNIUSDT] renderOverlays: VWAP found, enabled=true, dataMap.size=1440
CandleCache.js:69 [CandleCache] 💾 UNIUSDT@1 - desde memoria (1538 velas)
CandleCache.js:393 [CandleCache] OK VALIDATION UNIUSDT@1: 1538 velas sin gaps
CandleCache.js:269 [CandleCache] UNIUSDT@1 - Cache valido: 1538 velas, sin gaps significativos
MiniChart.jsx:915 [UNIUSDT] Carga INCREMENTAL: desde 30/1/2026, 7:41:00 p.m. (1538 velas en cache)
PollingCoordinator.js:218 [PollingCoordinator] Executing: OrderFlow_UNIUSDT
robustness.js:180 [HealthCheck] Backend reconnected
MiniChart.jsx:1575 [UNIUSDT] 🔄 requestRedraw called (candles: 1538)
MiniChart.jsx:1577 [UNIUSDT] 🔄 Redraw executing drawChart...
VWAPIndicator.js:330 [UNIUSDT] 🎨 VWAP renderOverlay EXECUTING: dataMap=1440, visibleCandles=137
VWAPIndicator.js:382 [UNIUSDT] 🎨 VWAP _drawVWAPLine: matched=132, missed=5 of 137 candles
VWAPIndicator.js:394 [UNIUSDT] 🎨 VWAP sample: vwap=4.2602, Y=453.6, bounds={y:25, height:400}, viewport={min:4.2600, max:4.2950}
VWAPIndicator.js:400 [UNIUSDT] 🔍 Sample candle.timestamp=1769811960000, dataMap first keys=[1769733480000,1769733540000,1769733600000]
PollingCoordinator.js:227 [PollingCoordinator] Completed: OrderFlow_UNIUSDT
CandleCache.js:393 [CandleCache] OK CACHE-ANTES-MERGE UNIUSDT: 1538 velas sin gaps
CandleCache.js:197 [CandleCache] 🔄 Merge: 1538 cached + 1 new = 1538 total
MiniChart.jsx:960 [UNIUSDT] Incremental: +1 velas nuevas = 1538 total
CandleCache.js:393 [CandleCache] OK MERGED UNIUSDT: 1538 velas sin gaps
MiniChart.jsx:978 [UNIUSDT] ✅ Histórico final: 1538 velas
CandleCache.js:169 [CandleCache] ✅ UNIUSDT@1 - guardado (1538 velas, memoria: 1/4)
PollingCoordinator.js:218 [PollingCoordinator] Executing: SymbolList_PriceChanges
PollingCoordinator.js:218 [PollingCoordinator] Executing: OrderFlow_UNIUSDT
MiniChart.jsx:1575 [UNIUSDT] 🔄 requestRedraw called (candles: 1538)
MiniChart.jsx:1577 [UNIUSDT] 🔄 Redraw executing drawChart...
PollingCoordinator.js:227 [PollingCoordinator] Completed: OrderFlow_UNIUSDT
SwingDetectorIndicator.js:142 [UNIUSDT] SwingDetector initialized with 1 days
IndicatorCache.js:71 [IndicatorCache] 💾 swing@UNIUSDT desde memoria
MiniChart.jsx:1575 [UNIUSDT] 🔄 requestRedraw called (candles: 1538)
MiniChart.jsx:1577 [UNIUSDT] 🔄 Redraw executing drawChart...
Logger.js:100 ✅ [7:42:44 p. m.] [Manager] [UNIUSDT] 🚀 startAllPolling() llamado - 3 indicadores
Logger.js:100 ✅ [7:42:44 p. m.] [Manager] [UNIUSDT] -> Llamando startPollingIfReady() para VWAP
Logger.js:100 ✅ [7:42:44 p. m.] [VWAP] [UNIUSDT] VWAP startPollingIfReady: pollingId=true, enabled=true, destroyed=false
Logger.js:100 ✅ [7:42:44 p. m.] [Manager] [UNIUSDT] -> Llamando startPollingIfReady() para Swing Detector
SwingDetectorIndicator.js:123 [UNIUSDT] SwingDetector startPollingIfReady: pollingId=true, enabled=true, config.enabled=true
Logger.js:100 ✅ [7:42:44 p. m.] [Manager] [UNIUSDT] -> Llamando startPollingIfReady() para Order Flow
Logger.js:100 ✅ [7:42:44 p. m.] [Manager] [UNIUSDT] 🚀 Polling iniciado para todos los indicadores
PollingCoordinator.js:218 [PollingCoordinator] Executing: VWAP_UNIUSDT
PollingCoordinator.js:227 [PollingCoordinator] Completed: SymbolList_PriceChanges
Logger.js:100 ✅ [7:42:45 p. m.] [VWAP] [UNIUSDT] VWAP updated (polling): 1440 points
MiniChart.jsx:1575 [UNIUSDT] 🔄 requestRedraw called (candles: 1538)
MiniChart.jsx:1577 [UNIUSDT] 🔄 Redraw executing drawChart...
Logger.js:100 ✅ [7:42:45 p. m.] [VWAP] [UNIUSDT] VWAP requestRedraw() called after polling
PollingCoordinator.js:227 [PollingCoordinator] Completed: VWAP_UNIUSDT
PollingCoordinator.js:218 [PollingCoordinator] Executing: OrderFlow_UNIUSDT
MiniChart.jsx:1575 [UNIUSDT] 🔄 requestRedraw called (candles: 1538)
MiniChart.jsx:1577 [UNIUSDT] 🔄 Redraw executing drawChart...
PollingCoordinator.js:227 [PollingCoordinator] Completed: OrderFlow_UNIUSDT
PollingCoordinator.js:218 [PollingCoordinator] Executing: OrderFlow_UNIUSDT
PollingCoordinator.js:218 [PollingCoordinator] Executing: SwingDetector_Status_UNIUSDT
PollingCoordinator.js:227 [PollingCoordinator] Completed: SwingDetector_Status_UNIUSDT
PollingCoordinator.js:218 [PollingCoordinator] Executing: SwingDetector_Signals_UNIUSDT
IndicatorCache.js:71 [IndicatorCache] 💾 swing@UNIUSDT desde memoria
MiniChart.jsx:1575 [UNIUSDT] 🔄 requestRedraw called (candles: 1538)
MiniChart.jsx:1577 [UNIUSDT] 🔄 Redraw executing drawChart...
PollingCoordinator.js:227 [PollingCoordinator] Completed: SwingDetector_Signals_UNIUSDT
MiniChart.jsx:1575 [UNIUSDT] 🔄 requestRedraw called (candles: 1538)
MiniChart.jsx:1577 [UNIUSDT] 🔄 Redraw executing drawChart...
PollingCoordinator.js:227 [PollingCoordinator] Completed: OrderFlow_UNIUSDT
IndicatorManagerRegistry.js:12 [Registry] 🗑️ Desregistrado manager para UNIUSDT (total: 0)
PollingCoordinator.js:117 [PollingCoordinator] Unregistered: VWAP_UNIUSDT
Logger.js:100 ✅ [7:42:53 p. m.] [VWAP] [UNIUSDT] VWAP polling stopped
PollingCoordinator.js:117 [PollingCoordinator] Unregistered: SwingDetector_Signals_UNIUSDT
SwingDetectorIndicator.js:191 [UNIUSDT] SwingDetector signal polling stopped
PollingCoordinator.js:117 [PollingCoordinator] Unregistered: SwingDetector_Status_UNIUSDT
SwingDetectorIndicator.js:196 [UNIUSDT] SwingDetector status polling stopped
PollingCoordinator.js:117 [PollingCoordinator] Unregistered: OrderFlow_UNIUSDT
MiniChart.jsx?t=1769820173332:222 [MiniChart UNIUSDT] 🖥️ Fullscreen effect: isFullscreen=false, hasCallback=true
MiniChart.jsx?t=1769820173332:1551 [UNIUSDT] 🚀 Componente montado, iniciando...
CandleCache.js:69 [CandleCache] 💾 UNIUSDT@1 - desde memoria (1538 velas)
Logger.js:100 ✅ [7:42:53 p. m.] [VWAP] [UNIUSDT] VWAPIndicator initialized (backend native, type=session)
SwingDetectorIndicator.js:44 [UNIUSDT] SwingDetectorIndicator initialized
CandleCache.js:393 [CandleCache] OK VALIDATION UNIUSDT@1: 1538 velas sin gaps
CandleCache.js:269 [CandleCache] UNIUSDT@1 - Cache valido: 1538 velas, sin gaps significativos
IndicatorManagerRegistry.js:7 [Registry] ✅ Registrado manager para UNIUSDT (total: 1)
Logger.js:100 ✅ [7:42:53 p. m.] [VWAP] [UNIUSDT] Config changed (vwapType=rolling), refetching...
MiniChart.jsx?t=1769820173332:915 [UNIUSDT] Carga INCREMENTAL: desde 30/1/2026, 7:41:00 p.m. (1538 velas en cache)
WebSocketManager.js:79 ✓ Suscrito: 
Logger.js:100 ✅ [7:43:01 p. m.] [VWAP] [UNIUSDT] VWAP loaded: 1440 points (rolling, 1 days)
Logger.js:100 ✅ [7:43:01 p. m.] [VWAP] [UNIUSDT] VWAP requestRedraw() after initial load
MiniChart.jsx?t=1769820173332:1575 [UNIUSDT] 🔄 requestRedraw called (candles: 0)
PollingCoordinator.js:102 [PollingCoordinator] Registered: OrderFlow_UNIUSDT (interval: 5000ms, priority: 1)
MiniChart.jsx?t=1769820173332:1575 [UNIUSDT] 🔄 requestRedraw called (candles: 0)
Logger.js:100 ✅ [7:43:04 p. m.] [VWAP] [UNIUSDT] VWAP loaded: 1440 points (rolling, 1 days)
Logger.js:100 ✅ [7:43:04 p. m.] [VWAP] [UNIUSDT] VWAP requestRedraw() after initial load
MiniChart.jsx?t=1769820173332:1575 [UNIUSDT] 🔄 requestRedraw called (candles: 0)
Logger.js:100 ✅ [7:43:04 p. m.] [VWAP] [UNIUSDT] VWAP loaded: 1440 points (rolling, 1 days)
Logger.js:100 ✅ [7:43:04 p. m.] [VWAP] [UNIUSDT] VWAP requestRedraw() after initial load
MiniChart.jsx?t=1769820173332:1575 [UNIUSDT] 🔄 requestRedraw called (candles: 0)
Logger.js:100 ✅ [7:43:04 p. m.] [VWAP] [UNIUSDT] VWAP startPollingIfReady: pollingId=false, enabled=true, destroyed=false
PollingCoordinator.js:102 [PollingCoordinator] Registered: VWAP_UNIUSDT (interval: 60000ms, priority: 2)
Logger.js:100 ✅ [7:43:04 p. m.] [VWAP] [UNIUSDT] VWAP polling started (interval: 60000ms)
MiniChart.jsx?t=1769820173332:1575 [UNIUSDT] 🔄 requestRedraw called (candles: 0)
CandleCache.js:393 [CandleCache] OK CACHE-ANTES-MERGE UNIUSDT: 1538 velas sin gaps
CandleCache.js:393 [CandleCache] OK BACKEND-NUEVAS UNIUSDT: 2 velas sin gaps
CandleCache.js:197 [CandleCache] 🔄 Merge: 1538 cached + 2 new = 1539 total
MiniChart.jsx?t=1769820173332:960 [UNIUSDT] Incremental: +2 velas nuevas = 1539 total
CandleCache.js:393 [CandleCache] OK MERGED UNIUSDT: 1539 velas sin gaps
MiniChart.jsx?t=1769820173332:978 [UNIUSDT] ✅ Histórico final: 1539 velas
Logger.js:100 ✅ [7:43:07 p. m.] [Manager] [UNIUSDT] renderOverlays: VWAP found, enabled=true, dataMap.size=1440
VWAPIndicator.js?t=1769820173332:330 [UNIUSDT] 🎨 VWAP renderOverlay EXECUTING: dataMap=1440, visibleCandles=137
VWAPIndicator.js?t=1769820173332:346 [UNIUSDT] 🔴 DEBUG: Drew red rectangle at x=60, y=75
VWAPIndicator.js?t=1769820173332:387 [UNIUSDT] 🎨 VWAP _drawVWAPLine: matched=131, missed=6 of 137 candles
VWAPIndicator.js?t=1769820173332:399 [UNIUSDT] 🎨 VWAP sample: vwap=4.2602, Y=453.8, bounds={y:25, height:400}, viewport={min:4.2600, max:4.2950}
VWAPIndicator.js?t=1769820173332:405 [UNIUSDT] 🔍 Sample candle.timestamp=1769812020000, dataMap first keys=[1769733480000,1769733540000,1769733600000]
CandleCache.js:169 [CandleCache] ✅ UNIUSDT@1 - guardado (1539 velas, memoria: 1/4)
SwingDetectorIndicator.js:142 [UNIUSDT] SwingDetector initialized with 1 days
IndicatorCache.js:71 [IndicatorCache] 💾 swing@UNIUSDT desde memoria
SwingDetectorIndicator.js:123 [UNIUSDT] SwingDetector startPollingIfReady: pollingId=false, enabled=true, config.enabled=true
PollingCoordinator.js:102 [PollingCoordinator] Registered: SwingDetector_Signals_UNIUSDT (interval: 30000ms, priority: 3)
PollingCoordinator.js:102 [PollingCoordinator] Registered: SwingDetector_Status_UNIUSDT (interval: 60000ms, priority: 8)
SwingDetectorIndicator.js:181 [UNIUSDT] SwingDetector polling started (signals: 30000ms, status: 60000ms)
MiniChart.jsx?t=1769820173332:1575 [UNIUSDT] 🔄 requestRedraw called (candles: 1539)
MiniChart.jsx?t=1769820173332:1577 [UNIUSDT] 🔄 Redraw executing drawChart...
VWAPIndicator.js?t=1769820173332:346 [UNIUSDT] 🔴 DEBUG: Drew red rectangle at x=60, y=75
PollingCoordinator.js:218 [PollingCoordinator] Executing: OrderFlow_UNIUSDT
VWAPIndicator.js?t=1769820173332:346 [UNIUSDT] 🔴 DEBUG: Drew red rectangle at x=60, y=75
CandleCache.js:169 [CandleCache] ✅ UNIUSDT@1 - guardado (1540 velas, memoria: 1/4)
SwingDetectorIndicator.js:242 [UNIUSDT] SwingDetector: Backend returned 0 signals
Logger.js:100 ✅ [7:43:15 p. m.] [VWAP] [UNIUSDT] VWAP updated (polling): 1440 points
MiniChart.jsx?t=1769820173332:1575 [UNIUSDT] 🔄 requestRedraw called (candles: 1540)
MiniChart.jsx?t=1769820173332:1577 [UNIUSDT] 🔄 Redraw executing drawChart...
VWAPIndicator.js?t=1769820173332:346 [UNIUSDT] 🔴 DEBUG: Drew red rectangle at x=60, y=75
MiniChart.jsx?t=1769820173332:1575 [UNIUSDT] 🔄 requestRedraw called (candles: 1540)
MiniChart.jsx?t=1769820173332:1577 [UNIUSDT] 🔄 Redraw executing drawChart...
VWAPIndicator.js?t=1769820173332:346 [UNIUSDT] 🔴 DEBUG: Drew red rectangle at x=60, y=75
PollingCoordinator.js:227 [PollingCoordinator] Completed: OrderFlow_UNIUSDT
SwingDetectorIndicator.js:142 [UNIUSDT] SwingDetector initialized with 1 days
SwingDetectorIndicator.js:238 [UNIUSDT] SwingDetector: 198/198 signals for interval 1 (cached)
MiniChart.jsx?t=1769820173332:1575 [UNIUSDT] 🔄 requestRedraw called (candles: 1540)
MiniChart.jsx?t=1769820173332:1577 [UNIUSDT] 🔄 Redraw executing drawChart...
VWAPIndicator.js?t=1769820173332:346 [UNIUSDT] 🔴 DEBUG: Drew red rectangle at x=60, y=75
Logger.js:100 ✅ [7:43:18 p. m.] [Manager] [UNIUSDT] 🚀 startAllPolling() llamado - 3 indicadores
Logger.js:100 ✅ [7:43:18 p. m.] [Manager] [UNIUSDT] -> Llamando startPollingIfReady() para VWAP
Logger.js:100 ✅ [7:43:18 p. m.] [VWAP] [UNIUSDT] VWAP startPollingIfReady: pollingId=true, enabled=true, destroyed=false
Logger.js:100 ✅ [7:43:18 p. m.] [Manager] [UNIUSDT] -> Llamando startPollingIfReady() para Swing Detector
SwingDetectorIndicator.js:123 [UNIUSDT] SwingDetector startPollingIfReady: pollingId=true, enabled=true, config.enabled=true
Logger.js:100 ✅ [7:43:18 p. m.] [Manager] [UNIUSDT] -> Llamando startPollingIfReady() para Order Flow
Logger.js:100 ✅ [7:43:18 p. m.] [Manager] [UNIUSDT] 🚀 Polling iniciado para todos los indicadores
VWAPIndicator.js?t=1769820173332:346 [UNIUSDT] 🔴 DEBUG: Drew red rectangle at x=60, y=75
VWAPIndicator.js?t=1769820173332:346 [UNIUSDT] 🔴 DEBUG: Drew red rectangle at x=60, y=75
PollingCoordinator.js:218 [PollingCoordinator] Executing: OrderFlow_UNIUSDT
MiniChart.jsx?t=1769820173332:1575 [UNIUSDT] 🔄 requestRedraw called (candles: 1540)
MiniChart.jsx?t=1769820173332:1577 [UNIUSDT] 🔄 Redraw executing drawChart...
VWAPIndicator.js?t=1769820173332:346 [UNIUSDT] 🔴 DEBUG: Drew red rectangle at x=60, y=75
PollingCoordinator.js:227 [PollingCoordinator] Completed: OrderFlow_UNIUSDT
VWAPIndicator.js?t=1769820173332:346 [UNIUSDT] 🔴 DEBUG: Drew red rectangle at x=60, y=75
VWAPIndicator.js?t=1769820173332:346 [UNIUSDT] 🔴 DEBUG: Drew red rectangle at x=60, y=75
PollingCoordinator.js:218 [PollingCoordinator] Executing: OrderFlow_UNIUSDT
MiniChart.jsx?t=1769820173332:1575 [UNIUSDT] 🔄 requestRedraw called (candles: 1540)
MiniChart.jsx?t=1769820173332:1577 [UNIUSDT] 🔄 Redraw executing drawChart...
VWAPIndicator.js?t=1769820173332:346 [UNIUSDT] 🔴 DEBUG: Drew red rectangle at x=60, y=75
PollingCoordinator.js:227 [PollingCoordinator] Completed: OrderFlow_UNIUSDT
PollingCoordinator.js:218 [PollingCoordinator] Executing: OrderFlow_UNIUSDT
MiniChart.jsx?t=1769820173332:1575 [UNIUSDT] 🔄 requestRedraw called (candles: 1540)
MiniChart.jsx?t=1769820173332:1577 [UNIUSDT] 🔄 Redraw executing drawChart...
VWAPIndicator.js?t=1769820173332:346 [UNIUSDT] 🔴 DEBUG: Drew red rectangle at x=60, y=75
PollingCoordinator.js:227 [PollingCoordinator] Completed: OrderFlow_UNIUSDT
PollingCoordinator.js:218 [PollingCoordinator] Executing: OrderFlow_UNIUSDT
MiniChart.jsx?t=1769820173332:1575 [UNIUSDT] 🔄 requestRedraw called (candles: 1540)
MiniChart.jsx?t=1769820173332:1577 [UNIUSDT] 🔄 Redraw executing drawChart...
VWAPIndicator.js?t=1769820173332:346 [UNIUSDT] 🔴 DEBUG: Drew red rectangle at x=60, y=75
PollingCoordinator.js:227 [PollingCoordinator] Completed: OrderFlow_UNIUSDT
PollingCoordinator.js:218 [PollingCoordinator] Executing: SwingDetector_Signals_UNIUSDT
IndicatorCache.js:71 [IndicatorCache] 💾 swing@UNIUSDT desde memoria
MiniChart.jsx?t=1769820173332:1575 [UNIUSDT] 🔄 requestRedraw called (candles: 1540)
MiniChart.jsx?t=1769820173332:1577 [UNIUSDT] 🔄 Redraw executing drawChart...
VWAPIndicator.js?t=1769820173332:346 [UNIUSDT] 🔴 DEBUG: Drew red rectangle at x=60, y=75
PollingCoordinator.js:227 [PollingCoordinator] Completed: SwingDetector_Signals_UNIUSDT
PollingCoordinator.js:218 [PollingCoordinator] Executing: OrderFlow_UNIUSDT
MiniChart.jsx?t=1769820173332:1575 [UNIUSDT] 🔄 requestRedraw called (candles: 1540)
MiniChart.jsx?t=1769820173332:1577 [UNIUSDT] 🔄 Redraw executing drawChart...
VWAPIndicator.js?t=1769820173332:346 [UNIUSDT] 🔴 DEBUG: Drew red rectangle at x=60, y=75
PollingCoordinator.js:227 [PollingCoordinator] Completed: OrderFlow_UNIUSDT
VWAPIndicator.js?t=1769820173332:346 [UNIUSDT] 🔴 DEBUG: Drew red rectangle at x=60, y=75
PollingCoordinator.js:218 [PollingCoordinator] Executing: SymbolList_PriceChanges
VWAPIndicator.js?t=1769820173332:346 [UNIUSDT] 🔴 DEBUG: Drew red rectangle at x=60, y=75
PollingCoordinator.js:218 [PollingCoordinator] Executing: OrderFlow_UNIUSDT
MiniChart.jsx?t=1769820173332:1575 [UNIUSDT] 🔄 requestRedraw called (candles: 1540)
MiniChart.jsx?t=1769820173332:1577 [UNIUSDT] 🔄 Redraw executing drawChart...
VWAPIndicator.js?t=1769820173332:346 [UNIUSDT] 🔴 DEBUG: Drew red rectangle at x=60, y=75
PollingCoordinator.js:227 [PollingCoordinator] Completed: OrderFlow_UNIUSDT
PollingCoordinator.js:227 [PollingCoordinator] Completed: SymbolList_PriceChanges
VWAPIndicator.js?t=1769820173332:346 [UNIUSDT] 🔴 DEBUG: Drew red rectangle at x=60, y=75
VWAPIndicator.js?t=1769820173332:346 [UNIUSDT] 🔴 DEBUG: Drew red rectangle at x=60, y=75
PollingCoordinator.js:218 [PollingCoordinator] Executing: OrderFlow_UNIUSDT
MiniChart.jsx?t=1769820173332:1575 [UNIUSDT] 🔄 requestRedraw called (candles: 1540)
MiniChart.jsx?t=1769820173332:1577 [UNIUSDT] 🔄 Redraw executing drawChart...
VWAPIndicator.js?t=1769820173332:346 [UNIUSDT] 🔴 DEBUG: Drew red rectangle at x=60, y=75
PollingCoordinator.js:227 [PollingCoordinator] Completed: OrderFlow_UNIUSDT
VWAPIndicator.js?t=1769820173332:346 [UNIUSDT] 🔴 DEBUG: Drew red rectangle at x=60, y=75
VWAPIndicator.js?t=1769820173332:346 [UNIUSDT] 🔴 DEBUG: Drew red rectangle at x=60, y=75
VWAPIndicator.js?t=1769820173332:346 [UNIUSDT] 🔴 DEBUG: Drew red rectangle at x=60, y=75
VWAPIndicator.js?t=1769820173332:346 [UNIUSDT] 🔴 DEBUG: Drew red rectangle at x=60, y=75
VWAPIndicator.js?t=1769820173332:346 [UNIUSDT] 🔴 DEBUG: Drew red rectangle at x=60, y=75
VWAPIndicator.js?t=1769820173332:346 [UNIUSDT] 🔴 DEBUG: Drew red rectangle at x=60, y=75
VWAPIndicator.js?t=1769820173332:346 [UNIUSDT] 🔴 DEBUG: Drew red rectangle at x=60, y=75
VWAPIndicator.js?t=1769820173332:346 [UNIUSDT] 🔴 DEBUG: Drew red rectangle at x=60, y=75
VWAPIndicator.js?t=1769820173332:346 [UNIUSDT] 🔴 DEBUG: Drew red rectangle at x=60, y=75
VWAPIndicator.js?t=1769820173332:346 [UNIUSDT] 🔴 DEBUG: Drew red rectangle at x=60, y=75
VWAPIndicator.js?t=1769820173332:346 [UNIUSDT] 🔴 DEBUG: Drew red rectangle at x=60, y=75
VWAPIndicator.js?t=1769820173332:346 [UNIUSDT] 🔴 DEBUG: Drew red rectangle at x=60, y=75
VWAPIndicator.js?t=1769820173332:346 [UNIUSDT] 🔴 DEBUG: Drew red rectangle at x=60, y=75
VWAPIndicator.js?t=1769820173332:346 [UNIUSDT] 🔴 DEBUG: Drew red rectangle at x=60, y=75
VWAPIndicator.js?t=1769820173332:346 [UNIUSDT] 🔴 DEBUG: Drew red rectangle at x=60, y=75
VWAPIndicator.js?t=1769820173332:346 [UNIUSDT] 🔴 DEBUG: Drew red rectangle at x=60, y=75
VWAPIndicator.js?t=1769820173332:346 [UNIUSDT] 🔴 DEBUG: Drew red rectangle at x=60, y=75
VWAPIndicator.js?t=1769820173332:346 [UNIUSDT] 🔴 DEBUG: Drew red rectangle at x=60, y=75
VWAPIndicator.js?t=1769820173332:346 [UNIUSDT] 🔴 DEBUG: Drew red rectangle at x=60, y=75
VWAPIndicator.js?t=1769820173332:346 [UNIUSDT] 🔴 DEBUG: Drew red rectangle at x=60, y=75
VWAPIndicator.js?t=1769820173332:346 [UNIUSDT] 🔴 DEBUG: Drew red rectangle at x=60, y=75
VWAPIndicator.js?t=1769820173332:346 [UNIUSDT] 🔴 DEBUG: Drew red rectangle at x=60, y=75
VWAPIndicator.js?t=1769820173332:346 [UNIUSDT] 🔴 DEBUG: Drew red rectangle at x=60, y=75
MiniChart.jsx?t=1769820173332:735 [UNIUSDT] 🎨 Calling renderOverlays AFTER OrderFlow (frame 601)
VWAPIndicator.js?t=1769820173332:346 [UNIUSDT] 🔴 DEBUG: Drew red rectangle at x=60, y=75
VWAPIndicator.js?t=1769820173332:346 [UNIUSDT] 🔴 DEBUG: Drew red rectangle at x=60, y=75
VWAPIndicator.js?t=1769820173332:346 [UNIUSDT] 🔴 DEBUG: Drew red rectangle at x=60, y=75
VWAPIndicator.js?t=1769820173332:346 [UNIUSDT] 🔴 DEBUG: Drew red rectangle at x=60, y=75
VWAPIndicator.js?t=1769820173332:346 [UNIUSDT] 🔴 DEBUG: Drew red rectangle at x=60, y=75
VWAPIndicator.js?t=1769820173332:346 [UNIUSDT] 🔴 DEBUG: Drew red rectangle at x=60, y=75
VWAPIndicator.js?t=1769820173332:346 [UNIUSDT] 🔴 DEBUG: Drew red rectangle at x=60, y=75
VWAPIndicator.js?t=1769820173332:346 [UNIUSDT] 🔴 DEBUG: Drew red rectangle at x=60, y=75
VWAPIndicator.js?t=1769820173332:346 [UNIUSDT] 🔴 DEBUG: Drew red rectangle at x=60, y=75
VWAPIndicator.js?t=1769820173332:346 [UNIUSDT] 🔴 DEBUG: Drew red rectangle at x=60, y=75
VWAPIndicator.js?t=1769820173332:346 [UNIUSDT] 🔴 DEBUG: Drew red rectangle at x=60, y=75
VWAPIndicator.js?t=1769820173332:346 [UNIUSDT] 🔴 DEBUG: Drew red rectangle at x=60, y=75
VWAPIndicator.js?t=1769820173332:346 [UNIUSDT] 🔴 DEBUG: Drew red rectangle at x=60, y=75
VWAPIndicator.js?t=1769820173332:346 [UNIUSDT] 🔴 DEBUG: Drew red rectangle at x=60, y=75
VWAPIndicator.js?t=1769820173332:346 [UNIUSDT] 🔴 DEBUG: Drew red rectangle at x=60, y=75
Logger.js:100 ✅ [7:43:53 p. m.] [Manager] [UNIUSDT] renderOverlays: VWAP found, enabled=true, dataMap.size=1440
VWAPIndicator.js?t=1769820173332:330 [UNIUSDT] 🎨 VWAP renderOverlay EXECUTING: dataMap=1440, visibleCandles=86
VWAPIndicator.js?t=1769820173332:346 [UNIUSDT] 🔴 DEBUG: Drew red rectangle at x=60, y=75
VWAPIndicator.js?t=1769820173332:387 [UNIUSDT] 🎨 VWAP _drawVWAPLine: matched=79, missed=7 of 86 candles
VWAPIndicator.js?t=1769820173332:399 [UNIUSDT] 🎨 VWAP sample: vwap=4.2634, Y=417.4, bounds={y:25, height:400}, viewport={min:4.2600, max:4.2950}
VWAPIndicator.js?t=1769820173332:405 [UNIUSDT] 🔍 Sample candle.timestamp=1769815140000, dataMap first keys=[1769733480000,1769733540000,1769733600000]
VWAPIndicator.js?t=1769820173332:346 [UNIUSDT] 🔴 DEBUG: Drew red rectangle at x=60, y=75
VWAPIndicator.js?t=1769820173332:346 [UNIUSDT] 🔴 DEBUG: Drew red rectangle at x=60, y=75
VWAPIndicator.js?t=1769820173332:346 [UNIUSDT] 🔴 DEBUG: Drew red rectangle at x=60, y=75
VWAPIndicator.js?t=1769820173332:346 [UNIUSDT] 🔴 DEBUG: Drew red rectangle at x=60, y=75
VWAPIndicator.js?t=1769820173332:346 [UNIUSDT] 🔴 DEBUG: Drew red rectangle at x=60, y=75
VWAPIndicator.js?t=1769820173332:346 [UNIUSDT] 🔴 DEBUG: Drew red rectangle at x=60, y=75
VWAPIndicator.js?t=1769820173332:346 [UNIUSDT] 🔴 DEBUG: Drew red rectangle at x=60, y=75
VWAPIndicator.js?t=1769820173332:346 [UNIUSDT] 🔴 DEBUG: Drew red rectangle at x=60, y=75
VWAPIndicator.js?t=1769820173332:346 [UNIUSDT] 🔴 DEBUG: Drew red rectangle at x=60, y=75
VWAPIndicator.js?t=1769820173332:346 [UNIUSDT] 🔴 DEBUG: Drew red rectangle at x=60, y=75
VWAPIndicator.js?t=1769820173332:346 [UNIUSDT] 🔴 DEBUG: Drew red rectangle at x=60, y=75
PollingCoordinator.js:218 [PollingCoordinator] Executing: OrderFlow_UNIUSDT
MiniChart.jsx?t=1769820173332:1575 [UNIUSDT] 🔄 requestRedraw called (candles: 1540)
MiniChart.jsx?t=1769820173332:1577 [UNIUSDT] 🔄 Redraw executing drawChart...
VWAPIndicator.js?t=1769820173332:346 [UNIUSDT] 🔴 DEBUG: Drew red rectangle at x=60, y=75
PollingCoordinator.js:227 [PollingCoordinator] Completed: OrderFlow_UNIUSDT
VWAPIndicator.js?t=1769820173332:346 [UNIUSDT] 🔴 DEBUG: Drew red rectangle at x=60, y=75
VWAPIndicator.js?t=1769820173332:346 [UNIUSDT] 🔴 DEBUG: Drew red rectangle at x=60, y=75
VWAPIndicator.js?t=1769820173332:346 [UNIUSDT] 🔴 DEBUG: Drew red rectangle at x=60, y=75
VWAPIndicator.js?t=1769820173332:346 [UNIUSDT] 🔴 DEBUG: Drew red rectangle at x=60, y=75
VWAPIndicator.js?t=1769820173332:346 [UNIUSDT] 🔴 DEBUG: Drew red rectangle at x=60, y=75
VWAPIndicator.js?t=1769820173332:346 [UNIUSDT] 🔴 DEBUG: Drew red rectangle at x=60, y=75
VWAPIndicator.js?t=1769820173332:346 [UNIUSDT] 🔴 DEBUG: Drew red rectangle at x=60, y=75
VWAPIndicator.js?t=1769820173332:346 [UNIUSDT] 🔴 DEBUG: Drew red rectangle at x=60, y=75
VWAPIndicator.js?t=1769820173332:346 [UNIUSDT] 🔴 DEBUG: Drew red rectangle at x=60, y=75
VWAPIndicator.js?t=1769820173332:346 [UNIUSDT] 🔴 DEBUG: Drew red rectangle at x=60, y=75
VWAPIndicator.js?t=1769820173332:346 [UNIUSDT] 🔴 DEBUG: Drew red rectangle at x=60, y=75
VWAPIndicator.js?t=1769820173332:346 [UNIUSDT] 🔴 DEBUG: Drew red rectangle at x=60, y=75
VWAPIndicator.js?t=1769820173332:346 [UNIUSDT] 🔴 DEBUG: Drew red rectangle at x=60, y=75
VWAPIndicator.js?t=1769820173332:346 [UNIUSDT] 🔴 DEBUG: Drew red rectangle at x=60, y=75
VWAPIndicator.js?t=1769820173332:346 [UNIUSDT] 🔴 DEBUG: Drew red rectangle at x=60, y=75
VWAPIndicator.js?t=1769820173332:346 [UNIUSDT] 🔴 DEBUG: Drew red rectangle at x=60, y=75
VWAPIndicator.js?t=1769820173332:346 [UNIUSDT] 🔴 DEBUG: Drew red rectangle at x=60, y=75
PollingCoordinator.js:218 [PollingCoordinator] Executing: OrderFlow_UNIUSDT
VWAPIndicator.js?t=1769820173332:346 [UNIUSDT] 🔴 DEBUG: Drew red rectangle at x=60, y=75
CandleCache.js:169 [CandleCache] ✅ UNIUSDT@1 - guardado (1541 velas, memoria: 1/4)
MiniChart.jsx?t=1769820173332:1575 [UNIUSDT] 🔄 requestRedraw called (candles: 1541)
MiniChart.jsx?t=1769820173332:1577 [UNIUSDT] 🔄 Redraw executing drawChart...
VWAPIndicator.js?t=1769820173332:346 [UNIUSDT] 🔴 DEBUG: Drew red rectangle at x=60, y=75
PollingCoordinator.js:227 [PollingCoordinator] Completed: OrderFlow_UNIUSDT
SwingDetectorIndicator.js:238 [UNIUSDT] SwingDetector: 198/198 signals for interval 1 (cached)
Logger.js:100 ✅ [7:44:03 p. m.] [VWAP] [UNIUSDT] VWAP updated (polling): 1440 points
MiniChart.jsx?t=1769820173332:1575 [UNIUSDT] 🔄 requestRedraw called (candles: 1541)
MiniChart.jsx?t=1769820173332:1577 [UNIUSDT] 🔄 Redraw executing drawChart...
VWAPIndicator.js?t=1769820173332:346 [UNIUSDT] 🔴 DEBUG: Drew red rectangle at x=60, y=75
VWAPIndicator.js?t=1769820173332:346 [UNIUSDT] 🔴 DEBUG: Drew red rectangle at x=60, y=75
PollingCoordinator.js:218 [PollingCoordinator] Executing: VWAP_UNIUSDT
Logger.js:100 ✅ [7:44:04 p. m.] [VWAP] [UNIUSDT] VWAP updated (polling): 1440 points
MiniChart.jsx?t=1769820173332:1575 [UNIUSDT] 🔄 requestRedraw called (candles: 1541)
MiniChart.jsx?t=1769820173332:1577 [UNIUSDT] 🔄 Redraw executing drawChart...
VWAPIndicator.js?t=1769820173332:346 [UNIUSDT] 🔴 DEBUG: Drew red rectangle at x=60, y=75
Logger.js:100 ✅ [7:44:04 p. m.] [VWAP] [UNIUSDT] VWAP requestRedraw() called after polling
PollingCoordinator.js:227 [PollingCoordinator] Completed: VWAP_UNIUSDT
PollingCoordinator.js:218 [PollingCoordinator] Executing: SwingDetector_Status_UNIUSDT
PollingCoordinator.js:227 [PollingCoordinator] Completed: SwingDetector_Status_UNIUSDT
PollingCoordinator.js:218 [PollingCoordinator] Executing: SwingDetector_Signals_UNIUSDT
IndicatorCache.js:71 [IndicatorCache] 💾 swing@UNIUSDT desde memoria
MiniChart.jsx?t=1769820173332:1575 [UNIUSDT] 🔄 requestRedraw called (candles: 1541)
MiniChart.jsx?t=1769820173332:1577 [UNIUSDT] 🔄 Redraw executing drawChart...
VWAPIndicator.js?t=1769820173332:346 [UNIUSDT] 🔴 DEBUG: Drew red rectangle at x=60, y=75
PollingCoordinator.js:227 [PollingCoordinator] Completed: SwingDetector_Signals_UNIUSDT
PollingCoordinator.js:218 [PollingCoordinator] Executing: OrderFlow_UNIUSDT
MiniChart.jsx?t=1769820173332:1575 [UNIUSDT] 🔄 requestRedraw called (candles: 1541)
MiniChart.jsx?t=1769820173332:1577 [UNIUSDT] 🔄 Redraw executing drawChart...
VWAPIndicator.js?t=1769820173332:346 [UNIUSDT] 🔴 DEBUG: Drew red rectangle at x=60, y=75
PollingCoordinator.js:227 [PollingCoordinator] Completed: OrderFlow_UNIUSDT
VWAPIndicator.js?t=1769820173332:346 [UNIUSDT] 🔴 DEBUG: Drew red rectangle at x=60, y=75
PollingCoordinator.js:218 [PollingCoordinator] Executing: OrderFlow_UNIUSDT
MiniChart.jsx?t=1769820173332:1575 [UNIUSDT] 🔄 requestRedraw called (candles: 1541)
MiniChart.jsx?t=1769820173332:1577 [UNIUSDT] 🔄 Redraw executing drawChart...
VWAPIndicator.js?t=1769820173332:346 [UNIUSDT] 🔴 DEBUG: Drew red rectangle at x=60, y=75
PollingCoordinator.js:227 [PollingCoordinator] Completed: OrderFlow_UNIUSDT
PollingCoordinator.js:218 [PollingCoordinator] Executing: OrderFlow_UNIUSDT
MiniChart.jsx?t=1769820173332:1575 [UNIUSDT] 🔄 requestRedraw called (candles: 1541)
MiniChart.jsx?t=1769820173332:1577 [UNIUSDT] 🔄 Redraw executing drawChart...
VWAPIndicator.js?t=1769820173332:346 [UNIUSDT] 🔴 DEBUG: Drew red rectangle at x=60, y=75
PollingCoordinator.js:227 [PollingCoordinator] Completed: OrderFlow_UNIUSDT
PollingCoordinator.js:218 [PollingCoordinator] Executing: OrderFlow_UNIUSDT
MiniChart.jsx?t=1769820173332:1575 [UNIUSDT] 🔄 requestRedraw called (candles: 1541)
MiniChart.jsx?t=1769820173332:1577 [UNIUSDT] 🔄 Redraw executing drawChart...
VWAPIndicator.js?t=1769820173332:346 [UNIUSDT] 🔴 DEBUG: Drew red rectangle at x=60, y=75
PollingCoordinator.js:227 [PollingCoordinator] Completed: OrderFlow_UNIUSDT
VWAPIndicator.js?t=1769820173332:346 [UNIUSDT] 🔴 DEBUG: Drew red rectangle at x=60, y=75
PollingCoordinator.js:218 [PollingCoordinator] Executing: OrderFlow_UNIUSDT
VWAPIndicator.js?t=1769820173332:346 [UNIUSDT] 🔴 DEBUG: Drew red rectangle at x=60, y=75
MiniChart.jsx?t=1769820173332:1575 [UNIUSDT] 🔄 requestRedraw called (candles: 1541)
MiniChart.jsx?t=1769820173332:1577 [UNIUSDT] 🔄 Redraw executing drawChart...
VWAPIndicator.js?t=1769820173332:346 [UNIUSDT] 🔴 DEBUG: Drew red rectangle at x=60, y=75
PollingCoordinator.js:227 [PollingCoordinator] Completed: OrderFlow_UNIUSDT
VWAPIndicator.js?t=1769820173332:346 [UNIUSDT] 🔴 DEBUG: Drew red rectangle at x=60, y=75
MiniChart.jsx?t=1769820173332:735 [UNIUSDT] 🎨 Calling renderOverlays AFTER OrderFlow (frame 661)
VWAPIndicator.js?t=1769820173332:346 [UNIUSDT] 🔴 DEBUG: Drew red rectangle at x=60, y=75
VWAPIndicator.js?t=1769820173332:346 [UNIUSDT] 🔴 DEBUG: Drew red rectangle at x=60, y=75
VWAPIndicator.js?t=1769820173332:346 [UNIUSDT] 🔴 DEBUG: Drew red rectangle at x=60, y=75
VWAPIndicator.js?t=1769820173332:346 [UNIUSDT] 🔴 DEBUG: Drew red rectangle at x=60, y=75
VWAPIndicator.js?t=1769820173332:346 [UNIUSDT] 🔴 DEBUG: Drew red rectangle at x=60, y=75
PollingCoordinator.js:218 [PollingCoordinator] Executing: OrderFlow_UNIUSDT
MiniChart.jsx?t=1769820173332:1575 [UNIUSDT] 🔄 requestRedraw called (candles: 1541)
MiniChart.jsx?t=1769820173332:1577 [UNIUSDT] 🔄 Redraw executing drawChart...
VWAPIndicator.js?t=1769820173332:346 [UNIUSDT] 🔴 DEBUG: Drew red rectangle at x=60, y=75
PollingCoordinator.js:227 [PollingCoordinator] Completed: OrderFlow_UNIUSDT
PollingCoordinator.js:218 [PollingCoordinator] Executing: SwingDetector_Signals_UNIUSDT
IndicatorCache.js:71 [IndicatorCache] 💾 swing@UNIUSDT desde memoria
MiniChart.jsx?t=1769820173332:1575 [UNIUSDT] 🔄 requestRedraw called (candles: 1541)
MiniChart.jsx?t=1769820173332:1577 [UNIUSDT] 🔄 Redraw executing drawChart...
VWAPIndicator.js?t=1769820173332:346 [UNIUSDT] 🔴 DEBUG: Drew red rectangle at x=60, y=75
PollingCoordinator.js:227 [PollingCoordinator] Completed: SwingDetector_Signals_UNIUSDT
VWAPIndicator.js?t=1769820173332:346 [UNIUSDT] 🔴 DEBUG: Drew red rectangle at x=60, y=75
PollingCoordinator.js:218 [PollingCoordinator] Executing: OrderFlow_UNIUSDT
MiniChart.jsx?t=1769820173332:1575 [UNIUSDT] 🔄 requestRedraw called (candles: 1541)
MiniChart.jsx?t=1769820173332:1577 [UNIUSDT] 🔄 Redraw executing drawChart...
VWAPIndicator.js?t=1769820173332:346 [UNIUSDT] 🔴 DEBUG: Drew red rectangle at x=60, y=75
PollingCoordinator.js:227 [PollingCoordinator] Completed: OrderFlow_UNIUSDT
PollingCoordinator.js:218 [PollingCoordinator] Executing: OrderFlow_UNIUSDT
MiniChart.jsx?t=1769820173332:1575 [UNIUSDT] 🔄 requestRedraw called (candles: 1541)
MiniChart.jsx?t=1769820173332:1577 [UNIUSDT] 🔄 Redraw executing drawChart...
VWAPIndicator.js?t=1769820173332:346 [UNIUSDT] 🔴 DEBUG: Drew red rectangle at x=60, y=75
PollingCoordinator.js:227 [PollingCoordinator] Completed: OrderFlow_UNIUSDT
PollingCoordinator.js:218 [PollingCoordinator] Executing: SymbolList_PriceChanges
PollingCoordinator.js:227 [PollingCoordinator] Completed: SymbolList_PriceChanges
VWAPIndicator.js?t=1769820173332:346 [UNIUSDT] 🔴 DEBUG: Drew red rectangle at x=60, y=75
PollingCoordinator.js:218 [PollingCoordinator] Executing: OrderFlow_UNIUSDT
MiniChart.jsx?t=1769820173332:1575 [UNIUSDT] 🔄 requestRedraw called (candles: 1541)
MiniChart.jsx?t=1769820173332:1577 [UNIUSDT] 🔄 Redraw executing drawChart...
VWAPIndicator.js?t=1769820173332:346 [UNIUSDT] 🔴 DEBUG: Drew red rectangle at x=60, y=75
PollingCoordinator.js:227 [PollingCoordinator] Completed: OrderFlow_UNIUSDT
VWAPIndicator.js?t=1769820173332:346 [UNIUSDT] 🔴 DEBUG: Drew red rectangle at x=60, y=75
PollingCoordinator.js:218 [PollingCoordinator] Executing: OrderFlow_UNIUSDT
MiniChart.jsx?t=1769820173332:1575 [UNIUSDT] 🔄 requestRedraw called (candles: 1541)
MiniChart.jsx?t=1769820173332:1577 [UNIUSDT] 🔄 Redraw executing drawChart...
VWAPIndicator.js?t=1769820173332:346 [UNIUSDT] 🔴 DEBUG: Drew red rectangle at x=60, y=75
PollingCoordinator.js:227 [PollingCoordinator] Completed: OrderFlow_UNIUSDT
PollingCoordinator.js:218 [PollingCoordinator] Executing: OrderFlow_UNIUSDT
VWAPIndicator.js?t=1769820173332:346 [UNIUSDT] 🔴 DEBUG: Drew red rectangle at x=60, y=75
Logger.js:100 ✅ [7:45:02 p. m.] [Manager] [UNIUSDT] renderOverlays: VWAP found, enabled=true, dataMap.size=1440
VWAPIndicator.js?t=1769820173332:330 [UNIUSDT] 🎨 VWAP renderOverlay EXECUTING: dataMap=1440, visibleCandles=183
VWAPIndicator.js?t=1769820173332:346 [UNIUSDT] 🔴 DEBUG: Drew red rectangle at x=60, y=75
VWAPIndicator.js?t=1769820173332:387 [UNIUSDT] 🎨 VWAP _drawVWAPLine: matched=174, missed=9 of 183 candles
VWAPIndicator.js?t=1769820173332:399 [UNIUSDT] 🎨 VWAP sample: vwap=4.2615, Y=323.7, bounds={y:25, height:400}, viewport={min:4.2450, max:4.2950}
VWAPIndicator.js?t=1769820173332:405 [UNIUSDT] 🔍 Sample candle.timestamp=1769809440000, dataMap first keys=[1769733480000,1769733540000,1769733600000]
CandleCache.js:169 [CandleCache] ✅ UNIUSDT@1 - guardado (1542 velas, memoria: 1/4)
VWAPIndicator.js?t=1769820173332:346 [UNIUSDT] 🔴 DEBUG: Drew red rectangle at x=60, y=75
PollingCoordinator.js:218 [PollingCoordinator] Executing: VWAP_UNIUSDT
SwingDetectorIndicator.js:238 [UNIUSDT] SwingDetector: 198/198 signals for interval 1 (cached)
MiniChart.jsx?t=1769820173332:1575 [UNIUSDT] 🔄 requestRedraw called (candles: 1542)
MiniChart.jsx?t=1769820173332:1577 [UNIUSDT] 🔄 Redraw executing drawChart...
VWAPIndicator.js?t=1769820173332:346 [UNIUSDT] 🔴 DEBUG: Drew red rectangle at x=60, y=75
PollingCoordinator.js:227 [PollingCoordinator] Completed: OrderFlow_UNIUSDT
Logger.js:100 ✅ [7:45:05 p. m.] [VWAP] [UNIUSDT] VWAP updated (polling): 1440 points
MiniChart.jsx?t=1769820173332:1575 [UNIUSDT] 🔄 requestRedraw called (candles: 1542)
MiniChart.jsx?t=1769820173332:1577 [UNIUSDT] 🔄 Redraw executing drawChart...
VWAPIndicator.js?t=1769820173332:346 [UNIUSDT] 🔴 DEBUG: Drew red rectangle at x=60, y=75
Logger.js:100 ✅ [7:45:05 p. m.] [VWAP] [UNIUSDT] VWAP updated (polling): 1440 points
MiniChart.jsx?t=1769820173332:1575 [UNIUSDT] 🔄 requestRedraw called (candles: 1542)
MiniChart.jsx?t=1769820173332:1577 [UNIUSDT] 🔄 Redraw executing drawChart...
VWAPIndicator.js?t=1769820173332:346 [UNIUSDT] 🔴 DEBUG: Drew red rectangle at x=60, y=75
Logger.js:100 ✅ [7:45:05 p. m.] [VWAP] [UNIUSDT] VWAP requestRedraw() called after polling
PollingCoordinator.js:227 [PollingCoordinator] Completed: VWAP_UNIUSDT
PollingCoordinator.js:218 [PollingCoordinator] Executing: SwingDetector_Status_UNIUSDT
PollingCoordinator.js:227 [PollingCoordinator] Completed: SwingDetector_Status_UNIUSDT
PollingCoordinator.js:218 [PollingCoordinator] Executing: SwingDetector_Signals_UNIUSDT
IndicatorCache.js:71 [IndicatorCache] 💾 swing@UNIUSDT desde memoria
MiniChart.jsx?t=1769820173332:1575 [UNIUSDT] 🔄 requestRedraw called (candles: 1542)
MiniChart.jsx?t=1769820173332:1577 [UNIUSDT] 🔄 Redraw executing drawChart...
VWAPIndicator.js?t=1769820173332:346 [UNIUSDT] 🔴 DEBUG: Drew red rectangle at x=60, y=75
PollingCoordinator.js:227 [PollingCoordinator] Completed: SwingDetector_Signals_UNIUSDT
PollingCoordinator.js:218 [PollingCoordinator] Executing: OrderFlow_UNIUSDT
VWAPIndicator.js?t=1769820173332:346 [UNIUSDT] 🔴 DEBUG: Drew red rectangle at x=60, y=75
MiniChart.jsx?t=1769820173332:1575 [UNIUSDT] 🔄 requestRedraw called (candles: 1542)
MiniChart.jsx?t=1769820173332:1577 [UNIUSDT] 🔄 Redraw executing drawChart...
VWAPIndicator.js?t=1769820173332:346 [UNIUSDT] 🔴 DEBUG: Drew red rectangle at x=60, y=75
PollingCoordinator.js:227 [PollingCoordinator] Completed: OrderFlow_UNIUSDT
VWAPIndicator.js?t=1769820173332:346 [UNIUSDT] 🔴 DEBUG: Drew red rectangle at x=60, y=75
PollingCoordinator.js:218 [PollingCoordinator] Executing: OrderFlow_UNIUSDT
MiniChart.jsx?t=1769820173332:1575 [UNIUSDT] 🔄 requestRedraw called (candles: 1542)
MiniChart.jsx?t=1769820173332:1577 [UNIUSDT] 🔄 Redraw executing drawChart...
VWAPIndicator.js?t=1769820173332:346 [UNIUSDT] 🔴 DEBUG: Drew red rectangle at x=60, y=75
PollingCoordinator.js:227 [PollingCoordinator] Completed: OrderFlow_UNIUSDT
PollingCoordinator.js:218 [PollingCoordinator] Executing: OrderFlow_UNIUSDT
MiniChart.jsx?t=1769820173332:1575 [UNIUSDT] 🔄 requestRedraw called (candles: 1542)
MiniChart.jsx?t=1769820173332:1577 [UNIUSDT] 🔄 Redraw executing drawChart...
VWAPIndicator.js?t=1769820173332:346 [UNIUSDT] 🔴 DEBUG: Drew red rectangle at x=60, y=75
PollingCoordinator.js:227 [PollingCoordinator] Completed: OrderFlow_UNIUSDT
VWAPIndicator.js?t=1769820173332:346 [UNIUSDT] 🔴 DEBUG: Drew red rectangle at x=60, y=75
VWAPIndicator.js?t=1769820173332:346 [UNIUSDT] 🔴 DEBUG: Drew red rectangle at x=60, y=75
PollingCoordinator.js:218 [PollingCoordinator] Executing: OrderFlow_UNIUSDT
MiniChart.jsx?t=1769820173332:1575 [UNIUSDT] 🔄 requestRedraw called (candles: 1542)
MiniChart.jsx?t=1769820173332:1577 [UNIUSDT] 🔄 Redraw executing drawChart...
VWAPIndicator.js?t=1769820173332:346 [UNIUSDT] 🔴 DEBUG: Drew red rectangle at x=60, y=75
PollingCoordinator.js:227 [PollingCoordinator] Completed: OrderFlow_UNIUSDT
PollingCoordinator.js:218 [PollingCoordinator] Executing: OrderFlow_UNIUSDT
MiniChart.jsx?t=1769820173332:1575 [UNIUSDT] 🔄 requestRedraw called (candles: 1542)
MiniChart.jsx?t=1769820173332:1577 [UNIUSDT] 🔄 Redraw executing drawChart...
VWAPIndicator.js?t=1769820173332:346 [UNIUSDT] 🔴 DEBUG: Drew red rectangle at x=60, y=75
PollingCoordinator.js:227 [PollingCoordinator] Completed: OrderFlow_UNIUSDT
VWAPIndicator.js?t=1769820173332:346 [UNIUSDT] 🔴 DEBUG: Drew red rectangle at x=60, y=75
VWAPIndicator.js?t=1769820173332:346 [UNIUSDT] 🔴 DEBUG: Drew red rectangle at x=60, y=75
VWAPIndicator.js?t=1769820173332:346 [UNIUSDT] 🔴 DEBUG: Drew red rectangle at x=60, y=75
PollingCoordinator.js:218 [PollingCoordinator] Executing: OrderFlow_UNIUSDT
MiniChart.jsx?t=1769820173332:1575 [UNIUSDT] 🔄 requestRedraw called (candles: 1542)
MiniChart.jsx?t=1769820173332:1577 [UNIUSDT] 🔄 Redraw executing drawChart...
VWAPIndicator.js?t=1769820173332:346 [UNIUSDT] 🔴 DEBUG: Drew red rectangle at x=60, y=75
PollingCoordinator.js:227 [PollingCoordinator] Completed: OrderFlow_UNIUSDT
PollingCoordinator.js:218 [PollingCoordinator] Executing: SwingDetector_Signals_UNIUSDT
IndicatorCache.js:71 [IndicatorCache] 💾 swing@UNIUSDT desde memoria
MiniChart.jsx?t=1769820173332:1575 [UNIUSDT] 🔄 requestRedraw called (candles: 1542)
MiniChart.jsx?t=1769820173332:1577 [UNIUSDT] 🔄 Redraw executing drawChart...
VWAPIndicator.js?t=1769820173332:346 [UNIUSDT] 🔴 DEBUG: Drew red rectangle at x=60, y=75
PollingCoordinator.js:227 [PollingCoordinator] Completed: SwingDetector_Signals_UNIUSDT
VWAPIndicator.js?t=1769820173332:346 [UNIUSDT] 🔴 DEBUG: Drew red rectangle at x=60, y=75
PollingCoordinator.js:218 [PollingCoordinator] Executing: OrderFlow_UNIUSDT
MiniChart.jsx?t=1769820173332:1575 [UNIUSDT] 🔄 requestRedraw called (candles: 1542)
MiniChart.jsx?t=1769820173332:1577 [UNIUSDT] 🔄 Redraw executing drawChart...
VWAPIndicator.js?t=1769820173332:346 [UNIUSDT] 🔴 DEBUG: Drew red rectangle at x=60, y=75
PollingCoordinator.js:227 [PollingCoordinator] Completed: OrderFlow_UNIUSDT
VWAPIndicator.js?t=1769820173332:346 [UNIUSDT] 🔴 DEBUG: Drew red rectangle at x=60, y=75
PollingCoordinator.js:218 [PollingCoordinator] Executing: SymbolList_PriceChanges
PollingCoordinator.js:218 [PollingCoordinator] Executing: OrderFlow_UNIUSDT
MiniChart.jsx?t=1769820173332:1575 [UNIUSDT] 🔄 requestRedraw called (candles: 1542)
MiniChart.jsx?t=1769820173332:1577 [UNIUSDT] 🔄 Redraw executing drawChart...
VWAPIndicator.js?t=1769820173332:346 [UNIUSDT] 🔴 DEBUG: Drew red rectangle at x=60, y=75
PollingCoordinator.js:227 [PollingCoordinator] Completed: OrderFlow_UNIUSDT
PollingCoordinator.js:227 [PollingCoordinator] Completed: SymbolList_PriceChanges
VWAPIndicator.js?t=1769820173332:346 [UNIUSDT] 🔴 DEBUG: Drew red rectangle at x=60, y=75
VWAPIndicator.js?t=1769820173332:346 [UNIUSDT] 🔴 DEBUG: Drew red rectangle at x=60, y=75
PollingCoordinator.js:218 [PollingCoordinator] Executing: OrderFlow_UNIUSDT
VWAPIndicator.js?t=1769820173332:346 [UNIUSDT] 🔴 DEBUG: Drew red rectangle at x=60, y=75
MiniChart.jsx?t=1769820173332:1575 [UNIUSDT] 🔄 requestRedraw called (candles: 1542)
MiniChart.jsx?t=1769820173332:1577 [UNIUSDT] 🔄 Redraw executing drawChart...
VWAPIndicator.js?t=1769820173332:346 [UNIUSDT] 🔴 DEBUG: Drew red rectangle at x=60, y=75
PollingCoordinator.js:227 [PollingCoordinator] Completed: OrderFlow_UNIUSDT
PollingCoordinator.js:218 [PollingCoordinator] Executing: OrderFlow_UNIUSDT
MiniChart.jsx?t=1769820173332:1575 [UNIUSDT] 🔄 requestRedraw called (candles: 1542)
MiniChart.jsx?t=1769820173332:1577 [UNIUSDT] 🔄 Redraw executing drawChart...
VWAPIndicator.js?t=1769820173332:346 [UNIUSDT] 🔴 DEBUG: Drew red rectangle at x=60, y=75
PollingCoordinator.js:227 [PollingCoordinator] Completed: OrderFlow_UNIUSDT
VWAPIndicator.js?t=1769820173332:346 [UNIUSDT] 🔴 DEBUG: Drew red rectangle at x=60, y=75
VWAPIndicator.js?t=1769820173332:346 [UNIUSDT] 🔴 DEBUG: Drew red rectangle at x=60, y=75
CandleCache.js:169 [CandleCache] ✅ UNIUSDT@1 - guardado (1543 velas, memoria: 1/4)
Logger.js:100 ✅ [7:46:02 p. m.] [VWAP] [UNIUSDT] VWAP updated (polling): 1440 points
SwingDetectorIndicator.js:238 [UNIUSDT] SwingDetector: 198/198 signals for interval 1 (cached)
MiniChart.jsx?t=1769820173332:1575 [UNIUSDT] 🔄 requestRedraw called (candles: 1543)
MiniChart.jsx?t=1769820173332:1577 [UNIUSDT] 🔄 Redraw executing drawChart...
VWAPIndicator.js?t=1769820173332:346 [UNIUSDT] 🔴 DEBUG: Drew red rectangle at x=60, y=75
VWAPIndicator.js?t=1769820173332:346 [UNIUSDT] 🔴 DEBUG: Drew red rectangle at x=60, y=75
VWAPIndicator.js?t=1769820173332:346 [UNIUSDT] 🔴 DEBUG: Drew red rectangle at x=60, y=75
PollingCoordinator.js:218 [PollingCoordinator] Executing: OrderFlow_UNIUSDT
MiniChart.jsx?t=1769820173332:1575 [UNIUSDT] 🔄 requestRedraw called (candles: 1543)
MiniChart.jsx?t=1769820173332:1577 [UNIUSDT] 🔄 Redraw executing drawChart...
VWAPIndicator.js?t=1769820173332:346 [UNIUSDT] 🔴 DEBUG: Drew red rectangle at x=60, y=75
PollingCoordinator.js:227 [PollingCoordinator] Completed: OrderFlow_UNIUSDT
VWAPIndicator.js?t=1769820173332:346 [UNIUSDT] 🔴 DEBUG: Drew red rectangle at x=60, y=75
PollingCoordinator.js:218 [PollingCoordinator] Executing: VWAP_UNIUSDT
Logger.js:100 ✅ [7:46:05 p. m.] [VWAP] [UNIUSDT] VWAP updated (polling): 1440 points
MiniChart.jsx?t=1769820173332:1575 [UNIUSDT] 🔄 requestRedraw called (candles: 1543)
MiniChart.jsx?t=1769820173332:1577 [UNIUSDT] 🔄 Redraw executing drawChart...
VWAPIndicator.js?t=1769820173332:346 [UNIUSDT] 🔴 DEBUG: Drew red rectangle at x=60, y=75
Logger.js:100 ✅ [7:46:05 p. m.] [VWAP] [UNIUSDT] VWAP requestRedraw() called after polling
PollingCoordinator.js:227 [PollingCoordinator] Completed: VWAP_UNIUSDT
PollingCoordinator.js:218 [PollingCoordinator] Executing: SwingDetector_Status_UNIUSDT
PollingCoordinator.js:227 [PollingCoordinator] Completed: SwingDetector_Status_UNIUSDT
PollingCoordinator.js:218 [PollingCoordinator] Executing: SwingDetector_Signals_UNIUSDT
IndicatorCache.js:71 [IndicatorCache] 💾 swing@UNIUSDT desde memoria
MiniChart.jsx?t=1769820173332:1575 [UNIUSDT] 🔄 requestRedraw called (candles: 1543)
MiniChart.jsx?t=1769820173332:1577 [UNIUSDT] 🔄 Redraw executing drawChart...
VWAPIndicator.js?t=1769820173332:346 [UNIUSDT] 🔴 DEBUG: Drew red rectangle at x=60, y=75
PollingCoordinator.js:227 [PollingCoordinator] Completed: SwingDetector_Signals_UNIUSDT
PollingCoordinator.js:218 [PollingCoordinator] Executing: OrderFlow_UNIUSDT
MiniChart.jsx?t=1769820173332:1575 [UNIUSDT] 🔄 requestRedraw called (candles: 1543)
MiniChart.jsx?t=1769820173332:1577 [UNIUSDT] 🔄 Redraw executing drawChart...
VWAPIndicator.js?t=1769820173332:346 [UNIUSDT] 🔴 DEBUG: Drew red rectangle at x=60, y=75
PollingCoordinator.js:227 [PollingCoordinator] Completed: OrderFlow_UNIUSDT
PollingCoordinator.js:218 [PollingCoordinator] Executing: OrderFlow_UNIUSDT
MiniChart.jsx?t=1769820173332:1575 [UNIUSDT] 🔄 requestRedraw called (candles: 1543)
MiniChart.jsx?t=1769820173332:1577 [UNIUSDT] 🔄 Redraw executing drawChart...
VWAPIndicator.js?t=1769820173332:346 [UNIUSDT] 🔴 DEBUG: Drew red rectangle at x=60, y=75
PollingCoordinator.js:227 [PollingCoordinator] Completed: OrderFlow_UNIUSDT
PollingCoordinator.js:218 [PollingCoordinator] Executing: OrderFlow_UNIUSDT
MiniChart.jsx?t=1769820173332:1575 [UNIUSDT] 🔄 requestRedraw called (candles: 1543)
MiniChart.jsx?t=1769820173332:1577 [UNIUSDT] 🔄 Redraw executing drawChart...
VWAPIndicator.js?t=1769820173332:346 [UNIUSDT] 🔴 DEBUG: Drew red rectangle at x=60, y=75
PollingCoordinator.js:227 [PollingCoordinator] Completed: OrderFlow_UNIUSDT
VWAPIndicator.js?t=1769820173332:346 [UNIUSDT] 🔴 DEBUG: Drew red rectangle at x=60, y=75
VWAPIndicator.js?t=1769820173332:346 [UNIUSDT] 🔴 DEBUG: Drew red rectangle at x=60, y=75
PollingCoordinator.js:218 [PollingCoordinator] Executing: OrderFlow_UNIUSDT
MiniChart.jsx?t=1769820173332:1575 [UNIUSDT] 🔄 requestRedraw called (candles: 1543)
MiniChart.jsx?t=1769820173332:1577 [UNIUSDT] 🔄 Redraw executing drawChart...
VWAPIndicator.js?t=1769820173332:346 [UNIUSDT] 🔴 DEBUG: Drew red rectangle at x=60, y=75
PollingCoordinator.js:227 [PollingCoordinator] Completed: OrderFlow_UNIUSDT
PollingCoordinator.js:218 [PollingCoordinator] Executing: OrderFlow_UNIUSDT
MiniChart.jsx?t=1769820173332:1575 [UNIUSDT] 🔄 requestRedraw called (candles: 1543)
MiniChart.jsx?t=1769820173332:1577 [UNIUSDT] 🔄 Redraw executing drawChart...
VWAPIndicator.js?t=1769820173332:346 [UNIUSDT] 🔴 DEBUG: Drew red rectangle at x=60, y=75
PollingCoordinator.js:227 [PollingCoordinator] Completed: OrderFlow_UNIUSDT
MiniChart.jsx?t=1769820173332:735 [UNIUSDT] 🎨 Calling renderOverlays AFTER OrderFlow (frame 721)
VWAPIndicator.js?t=1769820173332:346 [UNIUSDT] 🔴 DEBUG: Drew red rectangle at x=60, y=75
PollingCoordinator.js:218 [PollingCoordinator] Executing: OrderFlow_UNIUSDT
MiniChart.jsx?t=1769820173332:1575 [UNIUSDT] 🔄 requestRedraw called (candles: 1543)
MiniChart.jsx?t=1769820173332:1577 [UNIUSDT] 🔄 Redraw executing drawChart...
VWAPIndicator.js?t=1769820173332:346 [UNIUSDT] 🔴 DEBUG: Drew red rectangle at x=60, y=75
PollingCoordinator.js:227 [PollingCoordinator] Completed: OrderFlow_UNIUSDT
PollingCoordinator.js:218 [PollingCoordinator] Executing: SwingDetector_Signals_UNIUSDT
IndicatorCache.js:71 [IndicatorCache] 💾 swing@UNIUSDT desde memoria
MiniChart.jsx?t=1769820173332:1575 [UNIUSDT] 🔄 requestRedraw called (candles: 1543)
MiniChart.jsx?t=1769820173332:1577 [UNIUSDT] 🔄 Redraw executing drawChart...
VWAPIndicator.js?t=1769820173332:346 [UNIUSDT] 🔴 DEBUG: Drew red rectangle at x=60, y=75
PollingCoordinator.js:227 [PollingCoordinator] Completed: SwingDetector_Signals_UNIUSDT
PollingCoordinator.js:218 [PollingCoordinator] Executing: OrderFlow_UNIUSDT
MiniChart.jsx?t=1769820173332:1575 [UNIUSDT] 🔄 requestRedraw called (candles: 1543)
MiniChart.jsx?t=1769820173332:1577 [UNIUSDT] 🔄 Redraw executing drawChart...
VWAPIndicator.js?t=1769820173332:346 [UNIUSDT] 🔴 DEBUG: Drew red rectangle at x=60, y=75
PollingCoordinator.js:227 [PollingCoordinator] Completed: OrderFlow_UNIUSDT
PollingCoordinator.js:218 [PollingCoordinator] Executing: OrderFlow_UNIUSDT
VWAPIndicator.js?t=1769820173332:346 [UNIUSDT] 🔴 DEBUG: Drew red rectangle at x=60, y=75
MiniChart.jsx?t=1769820173332:1575 [UNIUSDT] 🔄 requestRedraw called (candles: 1543)
MiniChart.jsx?t=1769820173332:1577 [UNIUSDT] 🔄 Redraw executing drawChart...
VWAPIndicator.js?t=1769820173332:346 [UNIUSDT] 🔴 DEBUG: Drew red rectangle at x=60, y=75
PollingCoordinator.js:227 [PollingCoordinator] Completed: OrderFlow_UNIUSDT
PollingCoordinator.js:218 [PollingCoordinator] Executing: SymbolList_PriceChanges
PollingCoordinator.js:227 [PollingCoordinator] Completed: SymbolList_PriceChanges
PollingCoordinator.js:218 [PollingCoordinator] Executing: OrderFlow_UNIUSDT
MiniChart.jsx?t=1769820173332:1575 [UNIUSDT] 🔄 requestRedraw called (candles: 1543)
MiniChart.jsx?t=1769820173332:1577 [UNIUSDT] 🔄 Redraw executing drawChart...
VWAPIndicator.js?t=1769820173332:346 [UNIUSDT] 🔴 DEBUG: Drew red rectangle at x=60, y=75
PollingCoordinator.js:227 [PollingCoordinator] Completed: OrderFlow_UNIUSDT
PollingCoordinator.js:218 [PollingCoordinator] Executing: OrderFlow_UNIUSDT
MiniChart.jsx?t=1769820173332:1575 [UNIUSDT] 🔄 requestRedraw called (candles: 1543)
MiniChart.jsx?t=1769820173332:1577 [UNIUSDT] 🔄 Redraw executing drawChart...
VWAPIndicator.js?t=1769820173332:346 [UNIUSDT] 🔴 DEBUG: Drew red rectangle at x=60, y=75
PollingCoordinator.js:227 [PollingCoordinator] Completed: OrderFlow_UNIUSDT
VWAPIndicator.js?t=1769820173332:346 [UNIUSDT] 🔴 DEBUG: Drew red rectangle at x=60, y=75
PollingCoordinator.js:218 [PollingCoordinator] Executing: OrderFlow_UNIUSDT
MiniChart.jsx?t=1769820173332:1575 [UNIUSDT] 🔄 requestRedraw called (candles: 1543)
MiniChart.jsx?t=1769820173332:1577 [UNIUSDT] 🔄 Redraw executing drawChart...
VWAPIndicator.js?t=1769820173332:346 [UNIUSDT] 🔴 DEBUG: Drew red rectangle at x=60, y=75
PollingCoordinator.js:227 [PollingCoordinator] Completed: OrderFlow_UNIUSDT
VWAPIndicator.js?t=1769820173332:346 [UNIUSDT] 🔴 DEBUG: Drew red rectangle at x=60, y=75
CandleCache.js:169 [CandleCache] ✅ UNIUSDT@1 - guardado (1544 velas, memoria: 1/4)
Logger.js:100 ✅ [7:47:03 p. m.] [VWAP] [UNIUSDT] VWAP updated (polling): 1440 points
SwingDetectorIndicator.js:238 [UNIUSDT] SwingDetector: 198/198 signals for interval 1 (cached)
MiniChart.jsx?t=1769820173332:1575 [UNIUSDT] 🔄 requestRedraw called (candles: 1544)
MiniChart.jsx?t=1769820173332:1577 [UNIUSDT] 🔄 Redraw executing drawChart...
VWAPIndicator.js?t=1769820173332:346 [UNIUSDT] 🔴 DEBUG: Drew red rectangle at x=60, y=75
PollingCoordinator.js:218 [PollingCoordinator] Executing: VWAP_UNIUSDT
Logger.js:100 ✅ [7:47:05 p. m.] [VWAP] [UNIUSDT] VWAP updated (polling): 1440 points
MiniChart.jsx?t=1769820173332:1575 [UNIUSDT] 🔄 requestRedraw called (candles: 1544)
MiniChart.jsx?t=1769820173332:1577 [UNIUSDT] 🔄 Redraw executing drawChart...
VWAPIndicator.js?t=1769820173332:346 [UNIUSDT] 🔴 DEBUG: Drew red rectangle at x=60, y=75
Logger.js:100 ✅ [7:47:05 p. m.] [VWAP] [UNIUSDT] VWAP requestRedraw() called after polling
PollingCoordinator.js:227 [PollingCoordinator] Completed: VWAP_UNIUSDT
PollingCoordinator.js:218 [PollingCoordinator] Executing: SwingDetector_Status_UNIUSDT
PollingCoordinator.js:227 [PollingCoordinator] Completed: SwingDetector_Status_UNIUSDT
PollingCoordinator.js:218 [PollingCoordinator] Executing: SwingDetector_Signals_UNIUSDT
IndicatorCache.js:71 [IndicatorCache] 💾 swing@UNIUSDT desde memoria
MiniChart.jsx?t=1769820173332:1575 [UNIUSDT] 🔄 requestRedraw called (candles: 1544)
MiniChart.jsx?t=1769820173332:1577 [UNIUSDT] 🔄 Redraw executing drawChart...
VWAPIndicator.js?t=1769820173332:346 [UNIUSDT] 🔴 DEBUG: Drew red rectangle at x=60, y=75
PollingCoordinator.js:227 [PollingCoordinator] Completed: SwingDetector_Signals_UNIUSDT
PollingCoordinator.js:218 [PollingCoordinator] Executing: OrderFlow_UNIUSDT
MiniChart.jsx?t=1769820173332:1575 [UNIUSDT] 🔄 requestRedraw called (candles: 1544)
MiniChart.jsx?t=1769820173332:1577 [UNIUSDT] 🔄 Redraw executing drawChart...
VWAPIndicator.js?t=1769820173332:346 [UNIUSDT] 🔴 DEBUG: Drew red rectangle at x=60, y=75
PollingCoordinator.js:227 [PollingCoordinator] Completed: OrderFlow_UNIUSDT
Logger.js:100 ✅ [7:47:09 p. m.] [Manager] [UNIUSDT] renderOverlays: VWAP found, enabled=true, dataMap.size=1440
VWAPIndicator.js?t=1769820173332:330 [UNIUSDT] 🎨 VWAP renderOverlay EXECUTING: dataMap=1440, visibleCandles=183
VWAPIndicator.js?t=1769820173332:346 [UNIUSDT] 🔴 DEBUG: Drew red rectangle at x=60, y=75
VWAPIndicator.js?t=1769820173332:387 [UNIUSDT] 🎨 VWAP _drawVWAPLine: matched=172, missed=11 of 183 candles
VWAPIndicator.js?t=1769820173332:399 [UNIUSDT] 🎨 VWAP sample: vwap=4.2613, Y=325.2, bounds={y:25, height:400}, viewport={min:4.2450, max:4.2950}
VWAPIndicator.js?t=1769820173332:405 [UNIUSDT] 🔍 Sample candle.timestamp=1769809560000, dataMap first keys=[1769733480000,1769733540000,1769733600000]
VWAPIndicator.js?t=1769820173332:346 [UNIUSDT] 🔴 DEBUG: Drew red rectangle at x=60, y=75
VWAPIndicator.js?t=1769820173332:346 [UNIUSDT] 🔴 DEBUG: Drew red rectangle at x=60, y=75
PollingCoordinator.js:218 [PollingCoordinator] Executing: OrderFlow_UNIUSDT
MiniChart.jsx?t=1769820173332:1575 [UNIUSDT] 🔄 requestRedraw called (candles: 1544)
MiniChart.jsx?t=1769820173332:1577 [UNIUSDT] 🔄 Redraw executing drawChart...
VWAPIndicator.js?t=1769820173332:346 [UNIUSDT] 🔴 DEBUG: Drew red rectangle at x=60, y=75
PollingCoordinator.js:227 [PollingCoordinator] Completed: OrderFlow_UNIUSDT
PollingCoordinator.js:218 [PollingCoordinator] Executing: OrderFlow_UNIUSDT
MiniChart.jsx?t=1769820173332:1575 [UNIUSDT] 🔄 requestRedraw called (candles: 1544)
MiniChart.jsx?t=1769820173332:1577 [UNIUSDT] 🔄 Redraw executing drawChart...
VWAPIndicator.js?t=1769820173332:346 [UNIUSDT] 🔴 DEBUG: Drew red rectangle at x=60, y=75
PollingCoordinator.js:227 [PollingCoordinator] Completed: OrderFlow_UNIUSDT
VWAPIndicator.js?t=1769820173332:346 [UNIUSDT] 🔴 DEBUG: Drew red rectangle at x=60, y=75
IndicatorManagerRegistry.js:12 [Registry] 🗑️ Desregistrado manager para UNIUSDT (total: 0)
PollingCoordinator.js:117 [PollingCoordinator] Unregistered: VWAP_UNIUSDT
Logger.js:100 ✅ [7:47:20 p. m.] [VWAP] [UNIUSDT] VWAP polling stopped
PollingCoordinator.js:117 [PollingCoordinator] Unregistered: SwingDetector_Signals_UNIUSDT
SwingDetectorIndicator.js:191 [UNIUSDT] SwingDetector signal polling stopped
PollingCoordinator.js:117 [PollingCoordinator] Unregistered: SwingDetector_Status_UNIUSDT
SwingDetectorIndicator.js:196 [UNIUSDT] SwingDetector status polling stopped
PollingCoordinator.js:117 [PollingCoordinator] Unregistered: OrderFlow_UNIUSDT
MiniChart.jsx?t=1769820439739:222 [MiniChart UNIUSDT] 🖥️ Fullscreen effect: isFullscreen=false, hasCallback=true
MiniChart.jsx?t=1769820439739:1557 [UNIUSDT] 🚀 Componente montado, iniciando...
CandleCache.js:69 [CandleCache] 💾 UNIUSDT@1 - desde memoria (1544 velas)
Logger.js:100 ✅ [7:47:20 p. m.] [VWAP] [UNIUSDT] VWAPIndicator initialized (backend native, type=session)
SwingDetectorIndicator.js:44 [UNIUSDT] SwingDetectorIndicator initialized
CandleCache.js:393 [CandleCache] OK VALIDATION UNIUSDT@1: 1544 velas sin gaps
CandleCache.js:269 [CandleCache] UNIUSDT@1 - Cache valido: 1544 velas, sin gaps significativos
IndicatorManagerRegistry.js:7 [Registry] ✅ Registrado manager para UNIUSDT (total: 1)
Logger.js:100 ✅ [7:47:20 p. m.] [VWAP] [UNIUSDT] Config changed (vwapType=rolling), refetching...
MiniChart.jsx?t=1769820439739:910 [UNIUSDT] Cache tiene 1544 velas pero solo necesitamos ~1540 para 1 dias - forzando carga completa
Logger.js:100 ✅ [7:47:20 p. m.] [VWAP] [UNIUSDT] VWAP loaded: 1440 points (rolling, 1 days)
Logger.js:100 ✅ [7:47:20 p. m.] [VWAP] [UNIUSDT] VWAP requestRedraw() after initial load
MiniChart.jsx?t=1769820439739:1581 [UNIUSDT] 🔄 requestRedraw called (candles: 0)
Logger.js:100 ✅ [7:47:20 p. m.] [VWAP] [UNIUSDT] VWAP loaded: 1440 points (rolling, 1 days)
Logger.js:100 ✅ [7:47:20 p. m.] [VWAP] [UNIUSDT] VWAP requestRedraw() after initial load
MiniChart.jsx?t=1769820439739:1581 [UNIUSDT] 🔄 requestRedraw called (candles: 0)
WebSocketManager.js:79 ✓ Suscrito: 
Logger.js:100 ✅ [7:47:20 p. m.] [VWAP] [UNIUSDT] VWAP loaded: 1440 points (rolling, 1 days)
Logger.js:100 ✅ [7:47:20 p. m.] [VWAP] [UNIUSDT] VWAP requestRedraw() after initial load
MiniChart.jsx?t=1769820439739:1581 [UNIUSDT] 🔄 requestRedraw called (candles: 0)
Logger.js:100 ✅ [7:47:20 p. m.] [VWAP] [UNIUSDT] VWAP startPollingIfReady: pollingId=false, enabled=true, destroyed=false
PollingCoordinator.js:102 [PollingCoordinator] Registered: VWAP_UNIUSDT (interval: 60000ms, priority: 2)
Logger.js:100 ✅ [7:47:20 p. m.] [VWAP] [UNIUSDT] VWAP polling started (interval: 60000ms)
MiniChart.jsx?t=1769820439739:1581 [UNIUSDT] 🔄 requestRedraw called (candles: 0)
PollingCoordinator.js:102 [PollingCoordinator] Registered: OrderFlow_UNIUSDT (interval: 5000ms, priority: 1)
MiniChart.jsx?t=1769820439739:1581 [UNIUSDT] 🔄 requestRedraw called (candles: 0)
PollingCoordinator.js:218 [PollingCoordinator] Executing: OrderFlow_UNIUSDT
MiniChart.jsx?t=1769820439739:1581 [UNIUSDT] 🔄 requestRedraw called (candles: 0)
PollingCoordinator.js:227 [PollingCoordinator] Completed: OrderFlow_UNIUSDT
MiniChart.jsx?t=1769820439739:971 [UNIUSDT] Completa: 1439 velas
CandleCache.js:393 [CandleCache] OK BACKEND-COMPLETO UNIUSDT: 1439 velas sin gaps
MiniChart.jsx?t=1769820439739:984 [UNIUSDT] ✅ Histórico final: 1439 velas
Logger.js:100 ✅ [7:47:30 p. m.] [Manager] [UNIUSDT] renderOverlays: VWAP found, enabled=true, dataMap.size=1440
VWAPIndicator.js?t=1769820173332:330 [UNIUSDT] 🎨 VWAP renderOverlay EXECUTING: dataMap=1440, visibleCandles=800
VWAPIndicator.js?t=1769820173332:346 [UNIUSDT] 🔴 DEBUG: Drew red rectangle at x=60, y=75
VWAPIndicator.js?t=1769820173332:387 [UNIUSDT] 🎨 VWAP _drawVWAPLine: matched=790, missed=10 of 800 candles
VWAPIndicator.js?t=1769820173332:399 [UNIUSDT] 🎨 VWAP sample: vwap=4.2657, Y=207.8, bounds={y:25, height:400}, viewport={min:4.1360, max:4.3450}
VWAPIndicator.js?t=1769820173332:405 [UNIUSDT] 🔍 Sample candle.timestamp=1769772480000, dataMap first keys=[1769733480000,1769733540000,1769733600000]
CandleCache.js:169 [CandleCache] ✅ UNIUSDT@1 - guardado (1439 velas, memoria: 1/4)
IndicatorManagerRegistry.js:12 [Registry] 🗑️ Desregistrado manager para UNIUSDT (total: 0)
PollingCoordinator.js:117 [PollingCoordinator] Unregistered: VWAP_UNIUSDT
Logger.js:100 ✅ [7:47:31 p. m.] [VWAP] [UNIUSDT] VWAP polling stopped
PollingCoordinator.js:117 [PollingCoordinator] Unregistered: OrderFlow_UNIUSDT
MiniChart.jsx?t=1769820451620:222 [MiniChart UNIUSDT] 🖥️ Fullscreen effect: isFullscreen=false, hasCallback=true
MiniChart.jsx?t=1769820451620:1557 [UNIUSDT] 🚀 Componente montado, iniciando...
CandleCache.js:69 [CandleCache] 💾 UNIUSDT@1 - desde memoria (1439 velas)
Logger.js:100 ✅ [7:47:31 p. m.] [VWAP] [UNIUSDT] VWAPIndicator initialized (backend native, type=session)
SwingDetectorIndicator.js:44 [UNIUSDT] SwingDetectorIndicator initialized
CandleCache.js:393 [CandleCache] OK VALIDATION UNIUSDT@1: 1439 velas sin gaps
CandleCache.js:269 [CandleCache] UNIUSDT@1 - Cache valido: 1439 velas, sin gaps significativos
IndicatorManagerRegistry.js:7 [Registry] ✅ Registrado manager para UNIUSDT (total: 1)
Logger.js:100 ✅ [7:47:31 p. m.] [VWAP] [UNIUSDT] Config changed (vwapType=rolling), refetching...
IndicatorCache.js:71 [IndicatorCache] 💾 vwap@UNIUSDT desde memoria
IndicatorCache.js:71 [IndicatorCache] 💾 vwap@UNIUSDT desde memoria
IndicatorCache.js:71 [IndicatorCache] 💾 vwap@UNIUSDT desde memoria
MiniChart.jsx?t=1769820451620:921 [UNIUSDT] Carga INCREMENTAL: desde 30/1/2026, 7:46:00 p.m. (1439 velas en cache)
Logger.js:100 ✅ [7:47:31 p. m.] [VWAP] [UNIUSDT] VWAP startPollingIfReady: pollingId=false, enabled=true, destroyed=false
PollingCoordinator.js:102 [PollingCoordinator] Registered: VWAP_UNIUSDT (interval: 60000ms, priority: 2)
Logger.js:100 ✅ [7:47:31 p. m.] [VWAP] [UNIUSDT] VWAP polling started (interval: 60000ms)
MiniChart.jsx?t=1769820451620:1581 [UNIUSDT] 🔄 requestRedraw called (candles: 0)
WebSocketManager.js:79 ✓ Suscrito: 
PollingCoordinator.js:102 [PollingCoordinator] Registered: OrderFlow_UNIUSDT (interval: 5000ms, priority: 1)
MiniChart.jsx?t=1769820451620:1581 [UNIUSDT] 🔄 requestRedraw called (candles: 0)
SwingDetectorIndicator.js:142 [UNIUSDT] SwingDetector initialized with 1 days
IndicatorCache.js:71 [IndicatorCache] 💾 swing@UNIUSDT desde memoria
SwingDetectorIndicator.js:123 [UNIUSDT] SwingDetector startPollingIfReady: pollingId=false, enabled=true, config.enabled=true
PollingCoordinator.js:102 [PollingCoordinator] Registered: SwingDetector_Signals_UNIUSDT (interval: 30000ms, priority: 3)
PollingCoordinator.js:102 [PollingCoordinator] Registered: SwingDetector_Status_UNIUSDT (interval: 60000ms, priority: 8)
SwingDetectorIndicator.js:181 [UNIUSDT] SwingDetector polling started (signals: 30000ms, status: 60000ms)
MiniChart.jsx?t=1769820439739:1581 [UNIUSDT] 🔄 requestRedraw called (candles: 0)
CandleCache.js:393 [CandleCache] OK CACHE-ANTES-MERGE UNIUSDT: 1439 velas sin gaps
CandleCache.js:197 [CandleCache] 🔄 Merge: 1439 cached + 1 new = 1439 total
MiniChart.jsx?t=1769820451620:966 [UNIUSDT] Incremental: +1 velas nuevas = 1439 total
CandleCache.js:393 [CandleCache] OK MERGED UNIUSDT: 1439 velas sin gaps
MiniChart.jsx?t=1769820451620:984 [UNIUSDT] ✅ Histórico final: 1439 velas
Logger.js:100 ✅ [7:47:46 p. m.] [Manager] [UNIUSDT] renderOverlays: VWAP found, enabled=true, dataMap.size=1440
VWAPIndicator.js?t=1769820451620:330 [UNIUSDT] 🎨 VWAP renderOverlay EXECUTING: dataMap=1440, visibleCandles=800
VWAPIndicator.js?t=1769820451620:351 [UNIUSDT] 🔴 DEBUG: Drew red rectangle at x=30, y=45, bounds={x:10,y:25,w:810,h:400}
VWAPIndicator.js?t=1769820451620:352 [UNIUSDT] 🔴 DEBUG: viewport={min:4.1360, max:4.3450, priceToY:function}
VWAPIndicator.js?t=1769820451620:393 [UNIUSDT] 🎨 VWAP _drawVWAPLine: matched=790, missed=10 of 800 candles
VWAPIndicator.js?t=1769820451620:405 [UNIUSDT] 🎨 VWAP sample: vwap=4.2657, Y=207.8, bounds={y:25, height:400}, viewport={min:4.1360, max:4.3450}
VWAPIndicator.js?t=1769820451620:411 [UNIUSDT] 🔍 Sample candle.timestamp=1769772480000, dataMap first keys=[1769733480000,1769733540000,1769733600000]
CandleCache.js:169 [CandleCache] ✅ UNIUSDT@1 - guardado (1439 velas, memoria: 1/4)
PollingCoordinator.js:218 [PollingCoordinator] Executing: OrderFlow_UNIUSDT
PollingCoordinator.js:218 [PollingCoordinator] Executing: SymbolList_PriceChanges
VWAPIndicator.js?t=1769820451620:351 [UNIUSDT] 🔴 DEBUG: Drew red rectangle at x=30, y=45, bounds={x:10,y:25,w:810,h:400}
VWAPIndicator.js?t=1769820451620:352 [UNIUSDT] 🔴 DEBUG: viewport={min:4.1360, max:4.3450, priceToY:function}
VWAPIndicator.js?t=1769820451620:351 [UNIUSDT] 🔴 DEBUG: Drew red rectangle at x=30, y=45, bounds={x:10,y:25,w:810,h:400}
VWAPIndicator.js?t=1769820451620:352 [UNIUSDT] 🔴 DEBUG: viewport={min:4.1360, max:4.3450, priceToY:function}
IndicatorManagerRegistry.js:12 [Registry] 🗑️ Desregistrado manager para UNIUSDT (total: 0)
PollingCoordinator.js:117 [PollingCoordinator] Unregistered: VWAP_UNIUSDT
Logger.js:100 ✅ [7:47:52 p. m.] [VWAP] [UNIUSDT] VWAP polling stopped
PollingCoordinator.js:117 [PollingCoordinator] Unregistered: OrderFlow_UNIUSDT
MiniChart.jsx?t=1769820472299:220 [MiniChart UNIUSDT] 🖥️ Fullscreen effect: isFullscreen=false, hasCallback=true
MiniChart.jsx?t=1769820472299:1555 [UNIUSDT] 🚀 Componente montado, iniciando...
CandleCache.js:69 [CandleCache] 💾 UNIUSDT@1 - desde memoria (1439 velas)
Logger.js:100 ✅ [7:47:52 p. m.] [VWAP] [UNIUSDT] VWAPIndicator initialized (backend native, type=session)
SwingDetectorIndicator.js:44 [UNIUSDT] SwingDetectorIndicator initialized
CandleCache.js:393 [CandleCache] OK VALIDATION UNIUSDT@1: 1439 velas sin gaps
CandleCache.js:269 [CandleCache] UNIUSDT@1 - Cache valido: 1439 velas, sin gaps significativos
IndicatorManagerRegistry.js:7 [Registry] ✅ Registrado manager para UNIUSDT (total: 1)
Logger.js:100 ✅ [7:47:52 p. m.] [VWAP] [UNIUSDT] Config changed (vwapType=rolling), refetching...
IndicatorCache.js:71 [IndicatorCache] 💾 vwap@UNIUSDT desde memoria
IndicatorCache.js:71 [IndicatorCache] 💾 vwap@UNIUSDT desde memoria
IndicatorCache.js:71 [IndicatorCache] 💾 vwap@UNIUSDT desde memoria
MiniChart.jsx?t=1769820472299:919 [UNIUSDT] Carga INCREMENTAL: desde 30/1/2026, 7:46:00 p.m. (1439 velas en cache)
Logger.js:100 ✅ [7:47:52 p. m.] [VWAP] [UNIUSDT] VWAP startPollingIfReady: pollingId=false, enabled=true, destroyed=false
PollingCoordinator.js:102 [PollingCoordinator] Registered: VWAP_UNIUSDT (interval: 60000ms, priority: 2)
Logger.js:100 ✅ [7:47:52 p. m.] [VWAP] [UNIUSDT] VWAP polling started (interval: 60000ms)
MiniChart.jsx?t=1769820472299:1579 [UNIUSDT] 🔄 requestRedraw called (candles: 0)
WebSocketManager.js:79 ✓ Suscrito: 
PollingCoordinator.js:227 [PollingCoordinator] Completed: OrderFlow_UNIUSDT
PollingCoordinator.js:102 [PollingCoordinator] Registered: OrderFlow_UNIUSDT (interval: 5000ms, priority: 1)
MiniChart.jsx?t=1769820472299:1579 [UNIUSDT] 🔄 requestRedraw called (candles: 0)
PollingCoordinator.js:227 [PollingCoordinator] Completed: SymbolList_PriceChanges
robustness.js:180 [HealthCheck] Backend reconnected
SwingDetectorIndicator.js:242 [UNIUSDT] SwingDetector: Backend returned 0 signals
Logger.js:100 ✅ [7:48:04 p. m.] [VWAP] [UNIUSDT] VWAP updated (polling): 1440 points
MiniChart.jsx?t=1769820472299:1579 [UNIUSDT] 🔄 requestRedraw called (candles: 1)
MiniChart.jsx?t=1769820472299:1581 [UNIUSDT] 🔄 Redraw executing drawChart...
IndicatorManagerRegistry.js:12 [Registry] 🗑️ Desregistrado manager para UNIUSDT (total: 0)
PollingCoordinator.js:117 [PollingCoordinator] Unregistered: VWAP_UNIUSDT
Logger.js:100 ✅ [7:48:05 p. m.] [VWAP] [UNIUSDT] VWAP polling stopped
PollingCoordinator.js:117 [PollingCoordinator] Unregistered: OrderFlow_UNIUSDT
MiniChart.jsx:270 [MiniChart UNIUSDT] 🖥️ Fullscreen effect: isFullscreen=false, hasCallback=true
MiniChart.jsx:2092 [UNIUSDT] 🚀 Componente montado, iniciando...
CandleCache.js:69 [CandleCache] 💾 UNIUSDT@1 - desde memoria (1439 velas)
Logger.js:100 ✅ [7:48:05 p. m.] [VWAP] [UNIUSDT] VWAPIndicator initialized (backend native, type=session)
SwingDetectorIndicator.js:44 [UNIUSDT] SwingDetectorIndicator initialized
CandleCache.js:393 [CandleCache] OK VALIDATION UNIUSDT@1: 1439 velas sin gaps
CandleCache.js:269 [CandleCache] UNIUSDT@1 - Cache valido: 1439 velas, sin gaps significativos
IndicatorManagerRegistry.js:7 [Registry] ✅ Registrado manager para UNIUSDT (total: 1)
Logger.js:100 ✅ [7:48:05 p. m.] [VWAP] [UNIUSDT] Config changed (vwapType=rolling), refetching...
MiniChart.jsx:1200 [UNIUSDT] Carga INCREMENTAL: desde 30/1/2026, 7:46:00 p.m. (1439 velas en cache)
WebSocketManager.js:79 ✓ Suscrito: 
SwingDetectorIndicator.js:142 [UNIUSDT] SwingDetector initialized with 1 days
Logger.js:100 ✅ [7:48:12 p. m.] [VWAP] [UNIUSDT] VWAP loaded: 1440 points (rolling, 1 days)
Logger.js:100 ✅ [7:48:12 p. m.] [VWAP] [UNIUSDT] VWAP requestRedraw() after initial load
MiniChart.jsx:2130 [UNIUSDT] 🔄 requestRedraw called (candles: 0)
PollingCoordinator.js:102 [PollingCoordinator] Registered: OrderFlow_UNIUSDT (interval: 5000ms, priority: 1)
MiniChart.jsx:2130 [UNIUSDT] 🔄 requestRedraw called (candles: 0)
SwingDetectorIndicator.js:142 [UNIUSDT] SwingDetector initialized with 1 days
SwingDetectorIndicator.js:242 [UNIUSDT] SwingDetector: Backend returned 0 signals
MiniChart.jsx?t=1769820439739:1581 [UNIUSDT] 🔄 requestRedraw called (candles: 0)
SwingDetectorIndicator.js:242 [UNIUSDT] SwingDetector: Backend returned 0 signals
Logger.js:100 ✅ [7:48:13 p. m.] [VWAP] [UNIUSDT] VWAP loaded: 1440 points (rolling, 1 days)
Logger.js:100 ✅ [7:48:13 p. m.] [VWAP] [UNIUSDT] VWAP requestRedraw() after initial load
MiniChart.jsx:2130 [UNIUSDT] 🔄 requestRedraw called (candles: 0)
SwingDetectorIndicator.js:123 [UNIUSDT] SwingDetector startPollingIfReady: pollingId=false, enabled=true, config.enabled=true
PollingCoordinator.js:102 [PollingCoordinator] Registered: SwingDetector_Signals_UNIUSDT (interval: 30000ms, priority: 3)
PollingCoordinator.js:102 [PollingCoordinator] Registered: SwingDetector_Status_UNIUSDT (interval: 60000ms, priority: 8)
SwingDetectorIndicator.js:181 [UNIUSDT] SwingDetector polling started (signals: 30000ms, status: 60000ms)
MiniChart.jsx?t=1769820451620:1581 [UNIUSDT] 🔄 requestRedraw called (candles: 0)
Logger.js:100 ✅ [7:48:13 p. m.] [VWAP] [UNIUSDT] VWAP loaded: 1440 points (rolling, 1 days)
Logger.js:100 ✅ [7:48:13 p. m.] [VWAP] [UNIUSDT] VWAP requestRedraw() after initial load
MiniChart.jsx:2130 [UNIUSDT] 🔄 requestRedraw called (candles: 0)
Logger.js:100 ✅ [7:48:13 p. m.] [VWAP] [UNIUSDT] VWAP startPollingIfReady: pollingId=false, enabled=true, destroyed=false
PollingCoordinator.js:102 [PollingCoordinator] Registered: VWAP_UNIUSDT (interval: 60000ms, priority: 2)
Logger.js:100 ✅ [7:48:13 p. m.] [VWAP] [UNIUSDT] VWAP polling started (interval: 60000ms)
MiniChart.jsx:2130 [UNIUSDT] 🔄 requestRedraw called (candles: 0)
CandleCache.js:393 [CandleCache] OK CACHE-ANTES-MERGE UNIUSDT: 1439 velas sin gaps
CandleCache.js:393 [CandleCache] OK BACKEND-NUEVAS UNIUSDT: 2 velas sin gaps
CandleCache.js:197 [CandleCache] 🔄 Merge: 1439 cached + 2 new = 1440 total
MiniChart.jsx?t=1769820472299:964 [UNIUSDT] Incremental: +2 velas nuevas = 1440 total
CandleCache.js:393 [CandleCache] OK MERGED UNIUSDT: 1440 velas sin gaps
MiniChart.jsx?t=1769820472299:982 [UNIUSDT] ✅ Histórico final: 1440 velas
CandleCache.js:69 [CandleCache] 💾 UNIUSDT@1 - desde memoria (1440 velas)
CandleCache.js:169 [CandleCache] ✅ UNIUSDT@1 - guardado (1440 velas, memoria: 1/4)
PollingCoordinator.js:218 [PollingCoordinator] Executing: SwingDetector_Signals_UNIUSDT
SwingDetectorIndicator.js:242 [UNIUSDT] SwingDetector: Backend returned 0 signals
MiniChart.jsx?t=1769820439739:1581 [UNIUSDT] 🔄 requestRedraw called (candles: 0)
PollingCoordinator.js:227 [PollingCoordinator] Completed: SwingDetector_Signals_UNIUSDT
PollingCoordinator.js:218 [PollingCoordinator] Executing: OrderFlow_UNIUSDT
MiniChart.jsx:2130 [UNIUSDT] 🔄 requestRedraw called (candles: 1440)
MiniChart.jsx:2132 [UNIUSDT] 🔄 Redraw executing drawChart...
Logger.js:100 ✅ [7:48:17 p. m.] [Manager] [UNIUSDT] renderOverlays: VWAP found, enabled=true, dataMap.size=1440
VWAPIndicator.js?t=1769820451620:330 [UNIUSDT] 🎨 VWAP renderOverlay EXECUTING: dataMap=1440, visibleCandles=800
VWAPIndicator.js?t=1769820451620:351 [UNIUSDT] 🔴 DEBUG: Drew red rectangle at x=30, y=45, bounds={x:10,y:25,w:810,h:400}
VWAPIndicator.js?t=1769820451620:352 [UNIUSDT] 🔴 DEBUG: viewport={min:4.1360, max:4.3450, priceToY:function}
VWAPIndicator.js?t=1769820451620:393 [UNIUSDT] 🎨 VWAP _drawVWAPLine: matched=789, missed=11 of 800 candles
VWAPIndicator.js?t=1769820451620:405 [UNIUSDT] 🎨 VWAP sample: vwap=4.2656, Y=176.9, bounds={y:25, height:400}, viewport={min:4.1360, max:4.3450}
VWAPIndicator.js?t=1769820451620:411 [UNIUSDT] 🔍 Sample candle.timestamp=1769772540000, dataMap first keys=[1769733480000,1769733540000,1769733600000]
PollingCoordinator.js:227 [PollingCoordinator] Completed: OrderFlow_UNIUSDT
SwingDetectorIndicator.js:142 [UNIUSDT] SwingDetector initialized with 1 days
SwingDetectorIndicator.js:238 [UNIUSDT] SwingDetector: 300/300 signals for interval 1 (cached)
MiniChart.jsx?t=1769820451620:1581 [UNIUSDT] 🔄 requestRedraw called (candles: 0)
SwingDetectorIndicator.js:142 [UNIUSDT] SwingDetector initialized with 1 days
IndicatorCache.js:71 [IndicatorCache] 💾 swing@UNIUSDT desde memoria
SwingDetectorIndicator.js:123 [UNIUSDT] SwingDetector startPollingIfReady: pollingId=false, enabled=true, config.enabled=true
PollingCoordinator.js:102 [PollingCoordinator] Registered: SwingDetector_Signals_UNIUSDT (interval: 30000ms, priority: 3)
PollingCoordinator.js:102 [PollingCoordinator] Registered: SwingDetector_Status_UNIUSDT (interval: 60000ms, priority: 8)
SwingDetectorIndicator.js:181 [UNIUSDT] SwingDetector polling started (signals: 30000ms, status: 60000ms)
MiniChart.jsx?t=1769820472299:1579 [UNIUSDT] 🔄 requestRedraw called (candles: 1440)
MiniChart.jsx?t=1769820472299:1581 [UNIUSDT] 🔄 Redraw executing drawChart...
PollingCoordinator.js:218 [PollingCoordinator] Executing: OrderFlow_UNIUSDT
CandleCache.js:393 [CandleCache] OK CACHE-ANTES-MERGE UNIUSDT: 1439 velas sin gaps
CandleCache.js:393 [CandleCache] OK BACKEND-NUEVAS UNIUSDT: 2 velas sin gaps
CandleCache.js:197 [CandleCache] 🔄 Merge: 1439 cached + 2 new = 1440 total
MiniChart.jsx:1260 [UNIUSDT] Incremental: +2 velas nuevas = 1440 total
CandleCache.js:393 [CandleCache] OK MERGED UNIUSDT: 1440 velas sin gaps
MiniChart.jsx:1290 [UNIUSDT] ✅ Histórico final: 1440 velas
VWAPIndicator.js?t=1769820451620:351 [UNIUSDT] 🔴 DEBUG: Drew red rectangle at x=30, y=45, bounds={x:10,y:25,w:810,h:400}
VWAPIndicator.js?t=1769820451620:352 [UNIUSDT] 🔴 DEBUG: viewport={min:4.1360, max:4.3450, priceToY:function}
MiniChart.jsx:2130 [UNIUSDT] 🔄 requestRedraw called (candles: 1440)
MiniChart.jsx:2132 [UNIUSDT] 🔄 Redraw executing drawChart...
VWAPIndicator.js?t=1769820451620:351 [UNIUSDT] 🔴 DEBUG: Drew red rectangle at x=30, y=45, bounds={x:10,y:25,w:810,h:400}
VWAPIndicator.js?t=1769820451620:352 [UNIUSDT] 🔴 DEBUG: viewport={min:4.1360, max:4.3450, priceToY:function}
PollingCoordinator.js:227 [PollingCoordinator] Completed: OrderFlow_UNIUSDT
CandleCache.js:169 [CandleCache] ✅ UNIUSDT@1 - guardado (1440 velas, memoria: 1/4)
PollingCoordinator.js:218 [PollingCoordinator] Executing: OrderFlow_UNIUSDT
IndicatorManagerRegistry.js:12 [Registry] 🗑️ Desregistrado manager para UNIUSDT (total: 0)
PollingCoordinator.js:117 [PollingCoordinator] Unregistered: VWAP_UNIUSDT
Logger.js:100 ✅ [7:48:28 p. m.] [VWAP] [UNIUSDT] VWAP polling stopped
PollingCoordinator.js:117 [PollingCoordinator] Unregistered: OrderFlow_UNIUSDT
MiniChart.jsx:270 [MiniChart UNIUSDT] 🖥️ Fullscreen effect: isFullscreen=false, hasCallback=true
MiniChart.jsx:2092 [UNIUSDT] 🚀 Componente montado, iniciando...
CandleCache.js:69 [CandleCache] 💾 UNIUSDT@1 - desde memoria (1440 velas)
Logger.js:100 ✅ [7:48:28 p. m.] [VWAP] [UNIUSDT] VWAPIndicator initialized (backend native, type=session)
SwingDetectorIndicator.js:44 [UNIUSDT] SwingDetectorIndicator initialized
CandleCache.js:393 [CandleCache] OK VALIDATION UNIUSDT@1: 1440 velas sin gaps
CandleCache.js:269 [CandleCache] UNIUSDT@1 - Cache valido: 1440 velas, sin gaps significativos
IndicatorManagerRegistry.js:7 [Registry] ✅ Registrado manager para UNIUSDT (total: 1)
Logger.js:100 ✅ [7:48:28 p. m.] [VWAP] [UNIUSDT] Config changed (vwapType=rolling), refetching...
IndicatorCache.js:71 [IndicatorCache] 💾 vwap@UNIUSDT desde memoria
IndicatorCache.js:71 [IndicatorCache] 💾 vwap@UNIUSDT desde memoria
IndicatorCache.js:71 [IndicatorCache] 💾 vwap@UNIUSDT desde memoria
MiniChart.jsx:1200 [UNIUSDT] Carga INCREMENTAL: desde 30/1/2026, 7:47:00 p.m. (1440 velas en cache)
Logger.js:100 ✅ [7:48:28 p. m.] [VWAP] [UNIUSDT] VWAP startPollingIfReady: pollingId=false, enabled=true, destroyed=false
PollingCoordinator.js:102 [PollingCoordinator] Registered: VWAP_UNIUSDT (interval: 60000ms, priority: 2)
Logger.js:100 ✅ [7:48:28 p. m.] [VWAP] [UNIUSDT] VWAP polling started (interval: 60000ms)
MiniChart.jsx:2130 [UNIUSDT] 🔄 requestRedraw called (candles: 0)
WebSocketManager.js:79 ✓ Suscrito: 
PollingCoordinator.js:227 [PollingCoordinator] Completed: OrderFlow_UNIUSDT
PollingCoordinator.js:102 [PollingCoordinator] Registered: OrderFlow_UNIUSDT (interval: 5000ms, priority: 1)
MiniChart.jsx:2130 [UNIUSDT] 🔄 requestRedraw called (candles: 0)
SwingDetectorIndicator.js:142 [UNIUSDT] SwingDetector initialized with 1 days
IndicatorCache.js:71 [IndicatorCache] 💾 swing@UNIUSDT desde memoria
SwingDetectorIndicator.js:123 [UNIUSDT] SwingDetector startPollingIfReady: pollingId=false, enabled=true, config.enabled=true
PollingCoordinator.js:102 [PollingCoordinator] Registered: SwingDetector_Signals_UNIUSDT (interval: 30000ms, priority: 3)
PollingCoordinator.js:102 [PollingCoordinator] Registered: SwingDetector_Status_UNIUSDT (interval: 60000ms, priority: 8)
SwingDetectorIndicator.js:181 [UNIUSDT] SwingDetector polling started (signals: 30000ms, status: 60000ms)
MiniChart.jsx:2130 [UNIUSDT] 🔄 requestRedraw called (candles: 0)
CandleCache.js:393 [CandleCache] OK CACHE-ANTES-MERGE UNIUSDT: 1440 velas sin gaps
CandleCache.js:197 [CandleCache] 🔄 Merge: 1440 cached + 1 new = 1440 total
MiniChart.jsx:1260 [UNIUSDT] Incremental: +1 velas nuevas = 1440 total
CandleCache.js:393 [CandleCache] OK MERGED UNIUSDT: 1440 velas sin gaps
MiniChart.jsx:1290 [UNIUSDT] ✅ Histórico final: 1440 velas
Logger.js:100 ✅ [7:48:39 p. m.] [Manager] [UNIUSDT] renderOverlays: VWAP found, enabled=true, dataMap.size=1440
VWAPIndicator.js?t=1769820508713:330 [UNIUSDT] 🎨 VWAP renderOverlay EXECUTING: dataMap=1440, visibleCandles=800
VWAPIndicator.js?t=1769820508713:357 [UNIUSDT] 🔴 DEBUG: Drew red rectangle at x=30, y=45, bounds={x:10,y:25,w:810,h:400}
VWAPIndicator.js?t=1769820508713:358 [UNIUSDT] 🔴 DEBUG: viewport={min:4.1360, max:4.3450, priceToY:function}
VWAPIndicator.js?t=1769820508713:399 [UNIUSDT] 🎨 VWAP _drawVWAPLine: matched=789, missed=11 of 800 candles
VWAPIndicator.js?t=1769820508713:411 [UNIUSDT] 🎨 VWAP sample: vwap=4.2656, Y=176.9, bounds={y:25, height:400}, viewport={min:4.1360, max:4.3450}
VWAPIndicator.js?t=1769820508713:417 [UNIUSDT] 🔍 Sample candle.timestamp=1769772540000, dataMap first keys=[1769733480000,1769733540000,1769733600000]
CandleCache.js:169 [CandleCache] ✅ UNIUSDT@1 - guardado (1440 velas, memoria: 1/4)
PollingCoordinator.js:218 [PollingCoordinator] Executing: OrderFlow_UNIUSDT
PollingCoordinator.js:218 [PollingCoordinator] Executing: SwingDetector_Signals_UNIUSDT
IndicatorCache.js:71 [IndicatorCache] 💾 swing@UNIUSDT desde memoria
MiniChart.jsx?t=1769820451620:1581 [UNIUSDT] 🔄 requestRedraw called (candles: 0)
PollingCoordinator.js:227 [PollingCoordinator] Completed: SwingDetector_Signals_UNIUSDT
PollingCoordinator.js:218 [PollingCoordinator] Executing: SwingDetector_Status_UNIUSDT
PollingCoordinator.js:227 [PollingCoordinator] Completed: SwingDetector_Status_UNIUSDT
PollingCoordinator.js:218 [PollingCoordinator] Executing: SwingDetector_Signals_UNIUSDT
IndicatorCache.js:71 [IndicatorCache] 💾 swing@UNIUSDT desde memoria
MiniChart.jsx?t=1769820439739:1581 [UNIUSDT] 🔄 requestRedraw called (candles: 0)
PollingCoordinator.js:227 [PollingCoordinator] Completed: SwingDetector_Signals_UNIUSDT
MiniChart.jsx:2130 [UNIUSDT] 🔄 requestRedraw called (candles: 1440)
MiniChart.jsx:2132 [UNIUSDT] 🔄 Redraw executing drawChart...
VWAPIndicator.js?t=1769820508713:357 [UNIUSDT] 🔴 DEBUG: Drew red rectangle at x=30, y=45, bounds={x:10,y:25,w:810,h:400}
VWAPIndicator.js?t=1769820508713:358 [UNIUSDT] 🔴 DEBUG: viewport={min:4.1360, max:4.3450, priceToY:function}
PollingCoordinator.js:227 [PollingCoordinator] Completed: OrderFlow_UNIUSDT
SwingDetectorIndicator.js:142 [UNIUSDT] SwingDetector initialized with 1 days
IndicatorCache.js:71 [IndicatorCache] 💾 swing@UNIUSDT desde memoria
MiniChart.jsx:2130 [UNIUSDT] 🔄 requestRedraw called (candles: 1440)
MiniChart.jsx:2132 [UNIUSDT] 🔄 Redraw executing drawChart...
VWAPIndicator.js?t=1769820508713:357 [UNIUSDT] 🔴 DEBUG: Drew red rectangle at x=30, y=45, bounds={x:10,y:25,w:810,h:400}
VWAPIndicator.js?t=1769820508713:358 [UNIUSDT] 🔴 DEBUG: viewport={min:4.1360, max:4.3450, priceToY:function}
Logger.js:100 ✅ [7:48:51 p. m.] [Manager] [UNIUSDT] 🚀 startAllPolling() llamado - 3 indicadores
Logger.js:100 ✅ [7:48:51 p. m.] [Manager] [UNIUSDT] -> Llamando startPollingIfReady() para VWAP
Logger.js:100 ✅ [7:48:51 p. m.] [VWAP] [UNIUSDT] VWAP startPollingIfReady: pollingId=true, enabled=true, destroyed=false
Logger.js:100 ✅ [7:48:51 p. m.] [Manager] [UNIUSDT] -> Llamando startPollingIfReady() para Swing Detector
SwingDetectorIndicator.js:123 [UNIUSDT] SwingDetector startPollingIfReady: pollingId=false, enabled=true, config.enabled=true
PollingCoordinator.js:102 [PollingCoordinator] Registered: SwingDetector_Signals_UNIUSDT (interval: 30000ms, priority: 3)
PollingCoordinator.js:102 [PollingCoordinator] Registered: SwingDetector_Status_UNIUSDT (interval: 60000ms, priority: 8)
SwingDetectorIndicator.js:181 [UNIUSDT] SwingDetector polling started (signals: 30000ms, status: 60000ms)
Logger.js:100 ✅ [7:48:51 p. m.] [Manager] [UNIUSDT] -> Llamando startPollingIfReady() para Order Flow
Logger.js:100 ✅ [7:48:51 p. m.] [Manager] [UNIUSDT] 🚀 Polling iniciado para todos los indicadores
SwingDetectorIndicator.js:142 [UNIUSDT] SwingDetector initialized with 1 days
IndicatorCache.js:71 [IndicatorCache] 💾 swing@UNIUSDT desde memoria
SwingDetectorIndicator.js:123 [UNIUSDT] SwingDetector startPollingIfReady: pollingId=true, enabled=true, config.enabled=true
MiniChart.jsx:2130 [UNIUSDT] 🔄 requestRedraw called (candles: 1440)
MiniChart.jsx:2132 [UNIUSDT] 🔄 Redraw executing drawChart...
VWAPIndicator.js?t=1769820508713:357 [UNIUSDT] 🔴 DEBUG: Drew red rectangle at x=30, y=45, bounds={x:10,y:25,w:810,h:400}
VWAPIndicator.js?t=1769820508713:358 [UNIUSDT] 🔴 DEBUG: viewport={min:4.1360, max:4.3450, priceToY:function}
IndicatorManagerRegistry.js:12 [Registry] 🗑️ Desregistrado manager para UNIUSDT (total: 0)
PollingCoordinator.js:117 [PollingCoordinator] Unregistered: VWAP_UNIUSDT
Logger.js:100 ✅ [7:48:52 p. m.] [VWAP] [UNIUSDT] VWAP polling stopped
PollingCoordinator.js:117 [PollingCoordinator] Unregistered: SwingDetector_Signals_UNIUSDT
SwingDetectorIndicator.js:191 [UNIUSDT] SwingDetector signal polling stopped
PollingCoordinator.js:117 [PollingCoordinator] Unregistered: SwingDetector_Status_UNIUSDT
SwingDetectorIndicator.js:196 [UNIUSDT] SwingDetector status polling stopped
PollingCoordinator.js:117 [PollingCoordinator] Unregistered: OrderFlow_UNIUSDT
MiniChart.jsx:270 [MiniChart UNIUSDT] 🖥️ Fullscreen effect: isFullscreen=false, hasCallback=true
MiniChart.jsx:2092 [UNIUSDT] 🚀 Componente montado, iniciando...
CandleCache.js:69 [CandleCache] 💾 UNIUSDT@1 - desde memoria (1440 velas)
Logger.js:100 ✅ [7:48:52 p. m.] [VWAP] [UNIUSDT] VWAPIndicator initialized (backend native, type=session)
SwingDetectorIndicator.js:44 [UNIUSDT] SwingDetectorIndicator initialized
CandleCache.js:393 [CandleCache] OK VALIDATION UNIUSDT@1: 1440 velas sin gaps
CandleCache.js:269 [CandleCache] UNIUSDT@1 - Cache valido: 1440 velas, sin gaps significativos
IndicatorManagerRegistry.js:7 [Registry] ✅ Registrado manager para UNIUSDT (total: 1)
Logger.js:100 ✅ [7:48:52 p. m.] [VWAP] [UNIUSDT] Config changed (vwapType=rolling), refetching...
IndicatorCache.js:71 [IndicatorCache] 💾 vwap@UNIUSDT desde memoria
IndicatorCache.js:71 [IndicatorCache] 💾 vwap@UNIUSDT desde memoria
IndicatorCache.js:71 [IndicatorCache] 💾 vwap@UNIUSDT desde memoria
MiniChart.jsx:1200 [UNIUSDT] Carga INCREMENTAL: desde 30/1/2026, 7:47:00 p.m. (1440 velas en cache)
Logger.js:100 ✅ [7:48:52 p. m.] [VWAP] [UNIUSDT] VWAP startPollingIfReady: pollingId=false, enabled=true, destroyed=false
PollingCoordinator.js:102 [PollingCoordinator] Registered: VWAP_UNIUSDT (interval: 60000ms, priority: 2)
Logger.js:100 ✅ [7:48:52 p. m.] [VWAP] [UNIUSDT] VWAP polling started (interval: 60000ms)
MiniChart.jsx:2130 [UNIUSDT] 🔄 requestRedraw called (candles: 0)
PollingCoordinator.js:218 [PollingCoordinator] Executing: SwingDetector_Signals_UNIUSDT
IndicatorCache.js:71 [IndicatorCache] 💾 swing@UNIUSDT desde memoria
MiniChart.jsx?t=1769820472299:1579 [UNIUSDT] 🔄 requestRedraw called (candles: 0)
PollingCoordinator.js:227 [PollingCoordinator] Completed: SwingDetector_Signals_UNIUSDT
WebSocketManager.js:79 ✓ Suscrito: 
PollingCoordinator.js:102 [PollingCoordinator] Registered: OrderFlow_UNIUSDT (interval: 5000ms, priority: 1)
MiniChart.jsx:2130 [UNIUSDT] 🔄 requestRedraw called (candles: 0)
SwingDetectorIndicator.js:142 [UNIUSDT] SwingDetector initialized with 1 days
IndicatorCache.js:71 [IndicatorCache] 💾 swing@UNIUSDT desde memoria
MiniChart.jsx:2130 [UNIUSDT] 🔄 requestRedraw called (candles: 0)
Logger.js:100 ✅ [7:49:02 p. m.] [Manager] [UNIUSDT] 🚀 startAllPolling() llamado - 3 indicadores
Logger.js:100 ✅ [7:49:02 p. m.] [Manager] [UNIUSDT] -> Llamando startPollingIfReady() para VWAP
Logger.js:100 ✅ [7:49:02 p. m.] [VWAP] [UNIUSDT] VWAP startPollingIfReady: pollingId=true, enabled=true, destroyed=false
Logger.js:100 ✅ [7:49:02 p. m.] [Manager] [UNIUSDT] -> Llamando startPollingIfReady() para Swing Detector
SwingDetectorIndicator.js:123 [UNIUSDT] SwingDetector startPollingIfReady: pollingId=false, enabled=true, config.enabled=true
PollingCoordinator.js:102 [PollingCoordinator] Registered: SwingDetector_Signals_UNIUSDT (interval: 30000ms, priority: 3)
PollingCoordinator.js:102 [PollingCoordinator] Registered: SwingDetector_Status_UNIUSDT (interval: 60000ms, priority: 8)
SwingDetectorIndicator.js:181 [UNIUSDT] SwingDetector polling started (signals: 30000ms, status: 60000ms)
Logger.js:100 ✅ [7:49:02 p. m.] [Manager] [UNIUSDT] -> Llamando startPollingIfReady() para Order Flow
Logger.js:100 ✅ [7:49:02 p. m.] [Manager] [UNIUSDT] 🚀 Polling iniciado para todos los indicadores
Logger.js:100 ✅ [7:49:03 p. m.] [VWAP] [UNIUSDT] VWAP updated (polling): 1440 points
SwingDetectorIndicator.js:238 [UNIUSDT] SwingDetector: 198/198 signals for interval 1 (cached)
MiniChart.jsx:2130 [UNIUSDT] 🔄 requestRedraw called (candles: 1)
MiniChart.jsx:2132 [UNIUSDT] 🔄 Redraw executing drawChart...
Logger.js:100 ✅ [7:49:03 p. m.] [Manager] [UNIUSDT] renderOverlays: VWAP found, enabled=true, dataMap.size=1440
VWAPIndicator.js?t=1769820531932:330 [UNIUSDT] 🎨 VWAP renderOverlay EXECUTING: dataMap=1440, visibleCandles=2
VWAPIndicator.js?t=1769820531932:358 [UNIUSDT] 🔴 VWAP DEBUG RECTANGLE at (30, 45), bounds={x:10,y:25,w:810,h:400}
VWAPIndicator.js?t=1769820531932:359 [UNIUSDT] 🔴 VWAP viewport: min=4.1360, max=4.3450, hasPriceToY=true
VWAPIndicator.js?t=1769820531932:403 [UNIUSDT] 🎨 VWAP _drawVWAPLine: matched=0, missed=2 of 2 candles
VWAPIndicator.js?t=1769820531932:421 [UNIUSDT] 🔍 Sample candle.timestamp=1769820480000, dataMap first keys=[1769733480000,1769733540000,1769733600000]
SwingDetectorIndicator.js:142 [UNIUSDT] SwingDetector initialized with 1 days
IndicatorCache.js:71 [IndicatorCache] 💾 swing@UNIUSDT desde memoria
SwingDetectorIndicator.js:123 [UNIUSDT] SwingDetector startPollingIfReady: pollingId=true, enabled=true, config.enabled=true
MiniChart.jsx:2130 [UNIUSDT] 🔄 requestRedraw called (candles: 1)
MiniChart.jsx:2132 [UNIUSDT] 🔄 Redraw executing drawChart...
CandleCache.js:393 [CandleCache] OK CACHE-ANTES-MERGE UNIUSDT: 1440 velas sin gaps
CandleCache.js:393 [CandleCache] OK BACKEND-NUEVAS UNIUSDT: 2 velas sin gaps
CandleCache.js:197 [CandleCache] 🔄 Merge: 1440 cached + 2 new = 1441 total
MiniChart.jsx:1260 [UNIUSDT] Incremental: +2 velas nuevas = 1441 total
CandleCache.js:393 [CandleCache] OK MERGED UNIUSDT: 1441 velas sin gaps
MiniChart.jsx:1290 [UNIUSDT] ✅ Histórico final: 1441 velas
CandleCache.js:169 [CandleCache] ✅ UNIUSDT@1 - guardado (1441 velas, memoria: 1/4)
PollingCoordinator.js:218 [PollingCoordinator] Executing: OrderFlow_UNIUSDT
PollingCoordinator.js:227 [PollingCoordinator] Completed: OrderFlow_UNIUSDT
PollingCoordinator.js:218 [PollingCoordinator] Executing: SymbolList_PriceChanges
PollingCoordinator.js:218 [PollingCoordinator] Executing: SwingDetector_Signals_UNIUSDT
IndicatorCache.js:71 [IndicatorCache] 💾 swing@UNIUSDT desde memoria
MiniChart.jsx:2130 [UNIUSDT] 🔄 requestRedraw called (candles: 1441)
MiniChart.jsx:2132 [UNIUSDT] 🔄 Redraw executing drawChart...
PollingCoordinator.js:227 [PollingCoordinator] Completed: SwingDetector_Signals_UNIUSDT
PollingCoordinator.js:218 [PollingCoordinator] Executing: OrderFlow_UNIUSDT
MiniChart.jsx:2130 [UNIUSDT] 🔄 requestRedraw called (candles: 1441)
MiniChart.jsx:2132 [UNIUSDT] 🔄 Redraw executing drawChart...
PollingCoordinator.js:227 [PollingCoordinator] Completed: OrderFlow_UNIUSDT
PollingCoordinator.js:218 [PollingCoordinator] Executing: SwingDetector_Status_UNIUSDT
PollingCoordinator.js:227 [PollingCoordinator] Completed: SwingDetector_Status_UNIUSDT
PollingCoordinator.js:218 [PollingCoordinator] Executing: SwingDetector_Signals_UNIUSDT
IndicatorCache.js:71 [IndicatorCache] 💾 swing@UNIUSDT desde memoria
MiniChart.jsx?t=1769820451620:1581 [UNIUSDT] 🔄 requestRedraw called (candles: 0)
PollingCoordinator.js:227 [PollingCoordinator] Completed: SwingDetector_Signals_UNIUSDT
PollingCoordinator.js:227 [PollingCoordinator] Completed: SymbolList_PriceChanges
SwingDetectorIndicator.js:142 [UNIUSDT] SwingDetector initialized with 1 days
IndicatorCache.js:71 [IndicatorCache] 💾 swing@UNIUSDT desde memoria
MiniChart.jsx:2130 [UNIUSDT] 🔄 requestRedraw called (candles: 1441)
MiniChart.jsx:2132 [UNIUSDT] 🔄 Redraw executing drawChart...
Logger.js:100 ✅ [7:49:14 p. m.] [Manager] [UNIUSDT] 🚀 startAllPolling() llamado - 3 indicadores
Logger.js:100 ✅ [7:49:14 p. m.] [Manager] [UNIUSDT] -> Llamando startPollingIfReady() para VWAP
Logger.js:100 ✅ [7:49:14 p. m.] [VWAP] [UNIUSDT] VWAP startPollingIfReady: pollingId=true, enabled=true, destroyed=false
Logger.js:100 ✅ [7:49:14 p. m.] [Manager] [UNIUSDT] -> Llamando startPollingIfReady() para Swing Detector
SwingDetectorIndicator.js:123 [UNIUSDT] SwingDetector startPollingIfReady: pollingId=true, enabled=true, config.enabled=true
Logger.js:100 ✅ [7:49:14 p. m.] [Manager] [UNIUSDT] -> Llamando startPollingIfReady() para Order Flow
Logger.js:100 ✅ [7:49:14 p. m.] [Manager] [UNIUSDT] 🚀 Polling iniciado para todos los indicadores
PollingCoordinator.js:218 [PollingCoordinator] Executing: SwingDetector_Signals_UNIUSDT
IndicatorCache.js:71 [IndicatorCache] 💾 swing@UNIUSDT desde memoria
MiniChart.jsx?t=1769820439739:1581 [UNIUSDT] 🔄 requestRedraw called (candles: 0)
PollingCoordinator.js:227 [PollingCoordinator] Completed: SwingDetector_Signals_UNIUSDT
PollingCoordinator.js:218 [PollingCoordinator] Executing: OrderFlow_UNIUSDT
MiniChart.jsx:2130 [UNIUSDT] 🔄 requestRedraw called (candles: 1441)
MiniChart.jsx:2132 [UNIUSDT] 🔄 Redraw executing drawChart...
PollingCoordinator.js:227 [PollingCoordinator] Completed: OrderFlow_UNIUSDT
IndicatorManagerRegistry.js:12 [Registry] 🗑️ Desregistrado manager para UNIUSDT (total: 0)
PollingCoordinator.js:117 [PollingCoordinator] Unregistered: VWAP_UNIUSDT
Logger.js:100 ✅ [7:49:20 p. m.] [VWAP] [UNIUSDT] VWAP polling stopped
PollingCoordinator.js:117 [PollingCoordinator] Unregistered: SwingDetector_Signals_UNIUSDT
SwingDetectorIndicator.js:191 [UNIUSDT] SwingDetector signal polling stopped
PollingCoordinator.js:117 [PollingCoordinator] Unregistered: SwingDetector_Status_UNIUSDT
SwingDetectorIndicator.js:196 [UNIUSDT] SwingDetector status polling stopped
PollingCoordinator.js:117 [PollingCoordinator] Unregistered: OrderFlow_UNIUSDT
MiniChart.jsx:270 [MiniChart UNIUSDT] 🖥️ Fullscreen effect: isFullscreen=false, hasCallback=true
MiniChart.jsx:2092 [UNIUSDT] 🚀 Componente montado, iniciando...
CandleCache.js:69 [CandleCache] 💾 UNIUSDT@1 - desde memoria (1441 velas)
Logger.js:100 ✅ [7:49:20 p. m.] [VWAP] [UNIUSDT] VWAPIndicator initialized (backend native, type=session)
SwingDetectorIndicator.js:44 [UNIUSDT] SwingDetectorIndicator initialized
CandleCache.js:393 [CandleCache] OK VALIDATION UNIUSDT@1: 1441 velas sin gaps
CandleCache.js:269 [CandleCache] UNIUSDT@1 - Cache valido: 1441 velas, sin gaps significativos
IndicatorManagerRegistry.js:7 [Registry] ✅ Registrado manager para UNIUSDT (total: 1)
Logger.js:100 ✅ [7:49:20 p. m.] [VWAP] [UNIUSDT] Config changed (vwapType=rolling), refetching...
MiniChart.jsx:1200 [UNIUSDT] Carga INCREMENTAL: desde 30/1/2026, 7:48:00 p.m. (1441 velas en cache)
WebSocketManager.js:79 ✓ Suscrito: 
PollingCoordinator.js:218 [PollingCoordinator] Executing: SwingDetector_Status_UNIUSDT
PollingCoordinator.js:227 [PollingCoordinator] Completed: SwingDetector_Status_UNIUSDT
PollingCoordinator.js:218 [PollingCoordinator] Executing: SwingDetector_Signals_UNIUSDT
IndicatorCache.js:71 [IndicatorCache] 💾 swing@UNIUSDT desde memoria
MiniChart.jsx?t=1769820472299:1579 [UNIUSDT] 🔄 requestRedraw called (candles: 0)
PollingCoordinator.js:227 [PollingCoordinator] Completed: SwingDetector_Signals_UNIUSDT
PollingCoordinator.js:102 [PollingCoordinator] Registered: OrderFlow_UNIUSDT (interval: 5000ms, priority: 1)
MiniChart.jsx:2130 [UNIUSDT] 🔄 requestRedraw called (candles: 0)
Logger.js:100 ✅ [7:49:28 p. m.] [VWAP] [UNIUSDT] VWAP loaded: 1440 points (rolling, 1 days)
Logger.js:100 ✅ [7:49:28 p. m.] [VWAP] [UNIUSDT] VWAP requestRedraw() after initial load
MiniChart.jsx:2130 [UNIUSDT] 🔄 requestRedraw called (candles: 0)
Logger.js:100 ✅ [7:49:28 p. m.] [VWAP] [UNIUSDT] VWAP loaded: 1440 points (rolling, 1 days)
Logger.js:100 ✅ [7:49:28 p. m.] [VWAP] [UNIUSDT] VWAP requestRedraw() after initial load
MiniChart.jsx:2130 [UNIUSDT] 🔄 requestRedraw called (candles: 0)
Logger.js:100 ✅ [7:49:28 p. m.] [VWAP] [UNIUSDT] VWAP loaded: 1440 points (rolling, 1 days)
Logger.js:100 ✅ [7:49:28 p. m.] [VWAP] [UNIUSDT] VWAP requestRedraw() after initial load
MiniChart.jsx:2130 [UNIUSDT] 🔄 requestRedraw called (candles: 0)
Logger.js:100 ✅ [7:49:28 p. m.] [VWAP] [UNIUSDT] VWAP startPollingIfReady: pollingId=false, enabled=true, destroyed=false
PollingCoordinator.js:102 [PollingCoordinator] Registered: VWAP_UNIUSDT (interval: 60000ms, priority: 2)
Logger.js:100 ✅ [7:49:28 p. m.] [VWAP] [UNIUSDT] VWAP polling started (interval: 60000ms)
MiniChart.jsx:2130 [UNIUSDT] 🔄 requestRedraw called (candles: 0)
CandleCache.js:393 [CandleCache] OK CACHE-ANTES-MERGE UNIUSDT: 1441 velas sin gaps
CandleCache.js:197 [CandleCache] 🔄 Merge: 1441 cached + 1 new = 1441 total
MiniChart.jsx:1260 [UNIUSDT] Incremental: +1 velas nuevas = 1441 total
CandleCache.js:393 [CandleCache] OK MERGED UNIUSDT: 1441 velas sin gaps
MiniChart.jsx:1290 [UNIUSDT] ✅ Histórico final: 1441 velas
Logger.js:100 ✅ [7:49:30 p. m.] [Manager] [UNIUSDT] renderOverlays: VWAP found, enabled=true, dataMap.size=1440
VWAPIndicator.js?t=1769820560257:330 [UNIUSDT] 🎨 VWAP renderOverlay EXECUTING: dataMap=1440, visibleCandles=800
VWAPIndicator.js?t=1769820560257:360 [UNIUSDT] 🔴 VWAP DEBUG RECTANGLE at (30, 45), bounds={x:10,y:25,w:810,h:400}
VWAPIndicator.js?t=1769820560257:361 [UNIUSDT] 🔴 VWAP viewport: min=4.1360, max=4.3450, hasPriceToY=true
VWAPIndicator.js?t=1769820560257:405 [UNIUSDT] 🎨 VWAP _drawVWAPLine: matched=788, missed=12 of 800 candles
VWAPIndicator.js?t=1769820560257:417 [UNIUSDT] 🎨 VWAP sample: vwap=4.2654, Y=177.3, bounds={y:25, height:400}, viewport={min:4.1360, max:4.3450}
VWAPIndicator.js?t=1769820560257:423 [UNIUSDT] 🔍 Sample candle.timestamp=1769772600000, dataMap first keys=[1769733480000,1769733540000,1769733600000]
CandleCache.js:169 [CandleCache] ✅ UNIUSDT@1 - guardado (1441 velas, memoria: 1/4)
PollingCoordinator.js:218 [PollingCoordinator] Executing: OrderFlow_UNIUSDT
PollingCoordinator.js:218 [PollingCoordinator] Executing: SwingDetector_Status_UNIUSDT
PollingCoordinator.js:227 [PollingCoordinator] Completed: SwingDetector_Status_UNIUSDT
PollingCoordinator.js:218 [PollingCoordinator] Executing: SwingDetector_Signals_UNIUSDT
IndicatorCache.js:71 [IndicatorCache] 💾 swing@UNIUSDT desde memoria
MiniChart.jsx:2130 [UNIUSDT] 🔄 requestRedraw called (candles: 1441)
MiniChart.jsx:2132 [UNIUSDT] 🔄 Redraw executing drawChart...
PollingCoordinator.js:227 [PollingCoordinator] Completed: SwingDetector_Signals_UNIUSDT
MiniChart.jsx:2130 [UNIUSDT] 🔄 requestRedraw called (candles: 1441)
MiniChart.jsx:2132 [UNIUSDT] 🔄 Redraw executing drawChart...
PollingCoordinator.js:227 [PollingCoordinator] Completed: OrderFlow_UNIUSDT
SwingDetectorIndicator.js:142 [UNIUSDT] SwingDetector initialized with 1 days
IndicatorCache.js:71 [IndicatorCache] 💾 swing@UNIUSDT desde memoria
SwingDetectorIndicator.js:123 [UNIUSDT] SwingDetector startPollingIfReady: pollingId=false, enabled=true, config.enabled=true
PollingCoordinator.js:102 [PollingCoordinator] Registered: SwingDetector_Signals_UNIUSDT (interval: 30000ms, priority: 3)
PollingCoordinator.js:102 [PollingCoordinator] Registered: SwingDetector_Status_UNIUSDT (interval: 60000ms, priority: 8)
SwingDetectorIndicator.js:181 [UNIUSDT] SwingDetector polling started (signals: 30000ms, status: 60000ms)
MiniChart.jsx:2130 [UNIUSDT] 🔄 requestRedraw called (candles: 1441)
MiniChart.jsx:2132 [UNIUSDT] 🔄 Redraw executing drawChart...
PollingCoordinator.js:218 [PollingCoordinator] Executing: OrderFlow_UNIUSDT
MiniChart.jsx:2130 [UNIUSDT] 🔄 requestRedraw called (candles: 1441)
MiniChart.jsx:2132 [UNIUSDT] 🔄 Redraw executing drawChart...
PollingCoordinator.js:227 [PollingCoordinator] Completed: OrderFlow_UNIUSDT
SwingDetectorIndicator.js:142 [UNIUSDT] SwingDetector initialized with 1 days
IndicatorCache.js:71 [IndicatorCache] 💾 swing@UNIUSDT desde memoria
MiniChart.jsx:2130 [UNIUSDT] 🔄 requestRedraw called (candles: 1441)
MiniChart.jsx:2132 [UNIUSDT] 🔄 Redraw executing drawChart...
Logger.js:100 ✅ [7:49:42 p. m.] [Manager] [UNIUSDT] 🚀 startAllPolling() llamado - 3 indicadores
Logger.js:100 ✅ [7:49:42 p. m.] [Manager] [UNIUSDT] -> Llamando startPollingIfReady() para VWAP
Logger.js:100 ✅ [7:49:42 p. m.] [VWAP] [UNIUSDT] VWAP startPollingIfReady: pollingId=true, enabled=true, destroyed=false
Logger.js:100 ✅ [7:49:42 p. m.] [Manager] [UNIUSDT] -> Llamando startPollingIfReady() para Swing Detector
SwingDetectorIndicator.js:123 [UNIUSDT] SwingDetector startPollingIfReady: pollingId=true, enabled=true, config.enabled=true
Logger.js:100 ✅ [7:49:42 p. m.] [Manager] [UNIUSDT] -> Llamando startPollingIfReady() para Order Flow
Logger.js:100 ✅ [7:49:42 p. m.] [Manager] [UNIUSDT] 🚀 Polling iniciado para todos los indicadores
PollingCoordinator.js:218 [PollingCoordinator] Executing: SwingDetector_Signals_UNIUSDT
IndicatorCache.js:71 [IndicatorCache] 💾 swing@UNIUSDT desde memoria
MiniChart.jsx?t=1769820451620:1581 [UNIUSDT] 🔄 requestRedraw called (candles: 0)
PollingCoordinator.js:227 [PollingCoordinator] Completed: SwingDetector_Signals_UNIUSDT
PollingCoordinator.js:218 [PollingCoordinator] Executing: SwingDetector_Status_UNIUSDT
PollingCoordinator.js:227 [PollingCoordinator] Completed: SwingDetector_Status_UNIUSDT
PollingCoordinator.js:218 [PollingCoordinator] Executing: SwingDetector_Signals_UNIUSDT
IndicatorCache.js:71 [IndicatorCache] 💾 swing@UNIUSDT desde memoria
MiniChart.jsx?t=1769820439739:1581 [UNIUSDT] 🔄 requestRedraw called (candles: 0)
PollingCoordinator.js:227 [PollingCoordinator] Completed: SwingDetector_Signals_UNIUSDT
PollingCoordinator.js:218 [PollingCoordinator] Executing: OrderFlow_UNIUSDT
MiniChart.jsx:2130 [UNIUSDT] 🔄 requestRedraw called (candles: 1441)
MiniChart.jsx:2132 [UNIUSDT] 🔄 Redraw executing drawChart...
PollingCoordinator.js:227 [PollingCoordinator] Completed: OrderFlow_UNIUSDT
PollingCoordinator.js:218 [PollingCoordinator] Executing: SwingDetector_Signals_UNIUSDT
IndicatorCache.js:71 [IndicatorCache] 💾 swing@UNIUSDT desde memoria
MiniChart.jsx?t=1769820472299:1579 [UNIUSDT] 🔄 requestRedraw called (candles: 1441)
MiniChart.jsx?t=1769820472299:1581 [UNIUSDT] 🔄 Redraw executing drawChart...
PollingCoordinator.js:218 [PollingCoordinator] Executing: OrderFlow_UNIUSDT
MiniChart.jsx:2130 [UNIUSDT] 🔄 requestRedraw called (candles: 1441)
MiniChart.jsx:2132 [UNIUSDT] 🔄 Redraw executing drawChart...
PollingCoordinator.js:227 [PollingCoordinator] Completed: OrderFlow_UNIUSDT
PollingCoordinator.js:218 [PollingCoordinator] Executing: OrderFlow_UNIUSDT
MiniChart.jsx:2130 [UNIUSDT] 🔄 requestRedraw called (candles: 1441)
MiniChart.jsx:2132 [UNIUSDT] 🔄 Redraw executing drawChart...
PollingCoordinator.js:227 [PollingCoordinator] Completed: OrderFlow_UNIUSDT
PollingCoordinator.js:218 [PollingCoordinator] Executing: OrderFlow_UNIUSDT
CandleCache.js:169 [CandleCache] ✅ UNIUSDT@1 - guardado (1442 velas, memoria: 1/4)
SwingDetectorIndicator.js:238 [UNIUSDT] SwingDetector: 300/300 signals for interval 1 (cached)
Logger.js:100 ✅ [7:50:05 p. m.] [VWAP] [UNIUSDT] VWAP updated (polling): 1440 points
MiniChart.jsx:2130 [UNIUSDT] 🔄 requestRedraw called (candles: 1442)
MiniChart.jsx:2132 [UNIUSDT] 🔄 Redraw executing drawChart...
MiniChart.jsx:2130 [UNIUSDT] 🔄 requestRedraw called (candles: 1442)
MiniChart.jsx:2132 [UNIUSDT] 🔄 Redraw executing drawChart...
PollingCoordinator.js:227 [PollingCoordinator] Completed: OrderFlow_UNIUSDT
PollingCoordinator.js:218 [PollingCoordinator] Executing: SwingDetector_Signals_UNIUSDT
IndicatorCache.js:71 [IndicatorCache] 💾 swing@UNIUSDT desde memoria
MiniChart.jsx:2130 [UNIUSDT] 🔄 requestRedraw called (candles: 1442)
MiniChart.jsx:2132 [UNIUSDT] 🔄 Redraw executing drawChart...
PollingCoordinator.js:227 [PollingCoordinator] Completed: SwingDetector_Signals_UNIUSDT
PollingCoordinator.js:218 [PollingCoordinator] Executing: OrderFlow_UNIUSDT
MiniChart.jsx:2130 [UNIUSDT] 🔄 requestRedraw called (candles: 1442)
MiniChart.jsx:2132 [UNIUSDT] 🔄 Redraw executing drawChart...
PollingCoordinator.js:227 [PollingCoordinator] Completed: OrderFlow_UNIUSDT
PollingCoordinator.js:218 [PollingCoordinator] Executing: SwingDetector_Signals_UNIUSDT
IndicatorCache.js:71 [IndicatorCache] 💾 swing@UNIUSDT desde memoria
MiniChart.jsx:2130 [UNIUSDT] 🔄 requestRedraw called (candles: 1442)
MiniChart.jsx:2132 [UNIUSDT] 🔄 Redraw executing drawChart...
PollingCoordinator.js:227 [PollingCoordinator] Completed: SwingDetector_Signals_UNIUSDT
PollingCoordinator.js:218 [PollingCoordinator] Executing: SwingDetector_Status_UNIUSDT
PollingCoordinator.js:227 [PollingCoordinator] Completed: SwingDetector_Status_UNIUSDT
PollingCoordinator.js:218 [PollingCoordinator] Executing: SwingDetector_Signals_UNIUSDT
IndicatorCache.js:71 [IndicatorCache] 💾 swing@UNIUSDT desde memoria
MiniChart.jsx?t=1769820451620:1581 [UNIUSDT] 🔄 requestRedraw called (candles: 0)
PollingCoordinator.js:227 [PollingCoordinator] Completed: SwingDetector_Signals_UNIUSDT
PollingCoordinator.js:218 [PollingCoordinator] Executing: SymbolList_PriceChanges
PollingCoordinator.js:227 [PollingCoordinator] Completed: SymbolList_PriceChanges
PollingCoordinator.js:218 [PollingCoordinator] Executing: SwingDetector_Signals_UNIUSDT
IndicatorCache.js:71 [IndicatorCache] 💾 swing@UNIUSDT desde memoria
MiniChart.jsx?t=1769820439739:1581 [UNIUSDT] 🔄 requestRedraw called (candles: 0)
PollingCoordinator.js:227 [PollingCoordinator] Completed: SwingDetector_Signals_UNIUSDT
PollingCoordinator.js:218 [PollingCoordinator] Executing: OrderFlow_UNIUSDT
MiniChart.jsx:2130 [UNIUSDT] 🔄 requestRedraw called (candles: 1442)
MiniChart.jsx:2132 [UNIUSDT] 🔄 Redraw executing drawChart...
PollingCoordinator.js:227 [PollingCoordinator] Completed: OrderFlow_UNIUSDT
PollingCoordinator.js:218 [PollingCoordinator] Executing: OrderFlow_UNIUSDT
MiniChart.jsx:2130 [UNIUSDT] 🔄 requestRedraw called (candles: 1442)
MiniChart.jsx:2132 [UNIUSDT] 🔄 Redraw executing drawChart...
PollingCoordinator.js:227 [PollingCoordinator] Completed: OrderFlow_UNIUSDT
PollingCoordinator.js:218 [PollingCoordinator] Executing: SwingDetector_Status_UNIUSDT
PollingCoordinator.js:227 [PollingCoordinator] Completed: SwingDetector_Status_UNIUSDT
PollingCoordinator.js:218 [PollingCoordinator] Executing: SwingDetector_Signals_UNIUSDT
IndicatorCache.js:71 [IndicatorCache] 💾 swing@UNIUSDT desde memoria
MiniChart.jsx?t=1769820472299:1579 [UNIUSDT] 🔄 requestRedraw called (candles: 1442)
MiniChart.jsx?t=1769820472299:1581 [UNIUSDT] 🔄 Redraw executing drawChart...
PollingCoordinator.js:218 [PollingCoordinator] Executing: OrderFlow_UNIUSDT
MiniChart.jsx:2130 [UNIUSDT] 🔄 requestRedraw called (candles: 1442)
MiniChart.jsx:2132 [UNIUSDT] 🔄 Redraw executing drawChart...
PollingCoordinator.js:227 [PollingCoordinator] Completed: OrderFlow_UNIUSDT
PollingCoordinator.js:218 [PollingCoordinator] Executing: VWAP_UNIUSDT
Logger.js:100 ✅ [7:50:28 p. m.] [VWAP] [UNIUSDT] VWAP updated (polling): 1440 points
MiniChart.jsx:2130 [UNIUSDT] 🔄 requestRedraw called (candles: 1442)
MiniChart.jsx:2132 [UNIUSDT] 🔄 Redraw executing drawChart...
Logger.js:100 ✅ [7:50:28 p. m.] [VWAP] [UNIUSDT] VWAP requestRedraw() called after polling
PollingCoordinator.js:227 [PollingCoordinator] Completed: VWAP_UNIUSDT
PollingCoordinator.js:218 [PollingCoordinator] Executing: OrderFlow_UNIUSDT
MiniChart.jsx:2130 [UNIUSDT] 🔄 requestRedraw called (candles: 1442)
MiniChart.jsx:2132 [UNIUSDT] 🔄 Redraw executing drawChart...
PollingCoordinator.js:227 [PollingCoordinator] Completed: OrderFlow_UNIUSDT
PollingCoordinator.js:218 [PollingCoordinator] Executing: OrderFlow_UNIUSDT
MiniChart.jsx:2130 [UNIUSDT] 🔄 requestRedraw called (candles: 1442)
MiniChart.jsx:2132 [UNIUSDT] 🔄 Redraw executing drawChart...
PollingCoordinator.js:227 [PollingCoordinator] Completed: OrderFlow_UNIUSDT
PollingCoordinator.js:218 [PollingCoordinator] Executing: SwingDetector_Status_UNIUSDT
PollingCoordinator.js:227 [PollingCoordinator] Completed: SwingDetector_Status_UNIUSDT
PollingCoordinator.js:218 [PollingCoordinator] Executing: SwingDetector_Signals_UNIUSDT
IndicatorCache.js:71 [IndicatorCache] 💾 swing@UNIUSDT desde memoria
MiniChart.jsx:2130 [UNIUSDT] 🔄 requestRedraw called (candles: 1442)
MiniChart.jsx:2132 [UNIUSDT] 🔄 Redraw executing drawChart...
PollingCoordinator.js:227 [PollingCoordinator] Completed: SwingDetector_Signals_UNIUSDT
PollingCoordinator.js:218 [PollingCoordinator] Executing: OrderFlow_UNIUSDT
MiniChart.jsx:2130 [UNIUSDT] 🔄 requestRedraw called (candles: 1442)
MiniChart.jsx:2132 [UNIUSDT] 🔄 Redraw executing drawChart...
MiniChart.jsx:957 [UNIUSDT] 🎨 Calling renderOverlays AFTER OrderFlow (frame 781)
MiniChart.jsx:958 [UNIUSDT] 🎨 Fresh priceContext: minPrice=4.1360, maxPrice=4.3450, verticalOffset=0
PollingCoordinator.js:227 [PollingCoordinator] Completed: OrderFlow_UNIUSDT
PollingCoordinator.js:218 [PollingCoordinator] Executing: SwingDetector_Status_UNIUSDT
PollingCoordinator.js:227 [PollingCoordinator] Completed: SwingDetector_Status_UNIUSDT
PollingCoordinator.js:218 [PollingCoordinator] Executing: SwingDetector_Signals_UNIUSDT
IndicatorCache.js:71 [IndicatorCache] 💾 swing@UNIUSDT desde memoria
MiniChart.jsx:2130 [UNIUSDT] 🔄 requestRedraw called (candles: 1442)
MiniChart.jsx:2132 [UNIUSDT] 🔄 Redraw executing drawChart...
PollingCoordinator.js:227 [PollingCoordinator] Completed: SwingDetector_Signals_UNIUSDT
PollingCoordinator.js:218 [PollingCoordinator] Executing: SwingDetector_Signals_UNIUSDT
IndicatorCache.js:71 [IndicatorCache] 💾 swing@UNIUSDT desde memoria
MiniChart.jsx?t=1769820451620:1581 [UNIUSDT] 🔄 requestRedraw called (candles: 0)
PollingCoordinator.js:227 [PollingCoordinator] Completed: SwingDetector_Signals_UNIUSDT
PollingCoordinator.js:218 [PollingCoordinator] Executing: SwingDetector_Status_UNIUSDT
PollingCoordinator.js:227 [PollingCoordinator] Completed: SwingDetector_Status_UNIUSDT
PollingCoordinator.js:218 [PollingCoordinator] Executing: SwingDetector_Signals_UNIUSDT
IndicatorCache.js:71 [IndicatorCache] 💾 swing@UNIUSDT desde memoria
MiniChart.jsx?t=1769820439739:1581 [UNIUSDT] 🔄 requestRedraw called (candles: 0)
PollingCoordinator.js:227 [PollingCoordinator] Completed: SwingDetector_Signals_UNIUSDT
PollingCoordinator.js:218 [PollingCoordinator] Executing: OrderFlow_UNIUSDT
MiniChart.jsx:2130 [UNIUSDT] 🔄 requestRedraw called (candles: 1442)
MiniChart.jsx:2132 [UNIUSDT] 🔄 Redraw executing drawChart...
PollingCoordinator.js:227 [PollingCoordinator] Completed: OrderFlow_UNIUSDT
PollingCoordinator.js:218 [PollingCoordinator] Executing: OrderFlow_UNIUSDT
MiniChart.jsx:2130 [UNIUSDT] 🔄 requestRedraw called (candles: 1442)
MiniChart.jsx:2132 [UNIUSDT] 🔄 Redraw executing drawChart...
PollingCoordinator.js:227 [PollingCoordinator] Completed: OrderFlow_UNIUSDT
PollingCoordinator.js:218 [PollingCoordinator] Executing: SwingDetector_Signals_UNIUSDT
IndicatorCache.js:71 [IndicatorCache] 💾 swing@UNIUSDT desde memoria
MiniChart.jsx?t=1769820472299:1579 [UNIUSDT] 🔄 requestRedraw called (candles: 1442)
MiniChart.jsx?t=1769820472299:1581 [UNIUSDT] 🔄 Redraw executing drawChart...
PollingCoordinator.js:218 [PollingCoordinator] Executing: OrderFlow_UNIUSDT
MiniChart.jsx:2130 [UNIUSDT] 🔄 requestRedraw called (candles: 1442)
MiniChart.jsx:2132 [UNIUSDT] 🔄 Redraw executing drawChart...
PollingCoordinator.js:227 [PollingCoordinator] Completed: OrderFlow_UNIUSDT
PollingCoordinator.js:218 [PollingCoordinator] Executing: OrderFlow_UNIUSDT
MiniChart.jsx:2130 [UNIUSDT] 🔄 requestRedraw called (candles: 1442)
MiniChart.jsx:2132 [UNIUSDT] 🔄 Redraw executing drawChart...
PollingCoordinator.js:227 [PollingCoordinator] Completed: OrderFlow_UNIUSDT
CandleCache.js:169 [CandleCache] ✅ UNIUSDT@1 - guardado (1443 velas, memoria: 1/4)
SwingDetectorIndicator.js:238 [UNIUSDT] SwingDetector: 300/300 signals for interval 1 (cached)
Logger.js:100 ✅ [7:51:04 p. m.] [VWAP] [UNIUSDT] VWAP updated (polling): 1440 points
MiniChart.jsx:2130 [UNIUSDT] 🔄 requestRedraw called (candles: 1443)
MiniChart.jsx:2132 [UNIUSDT] 🔄 Redraw executing drawChart...
PollingCoordinator.js:218 [PollingCoordinator] Executing: SwingDetector_Signals_UNIUSDT
IndicatorCache.js:71 [IndicatorCache] 💾 swing@UNIUSDT desde memoria
MiniChart.jsx:2130 [UNIUSDT] 🔄 requestRedraw called (candles: 1443)
MiniChart.jsx:2132 [UNIUSDT] 🔄 Redraw executing drawChart...
PollingCoordinator.js:227 [PollingCoordinator] Completed: SwingDetector_Signals_UNIUSDT
PollingCoordinator.js:218 [PollingCoordinator] Executing: OrderFlow_UNIUSDT
MiniChart.jsx:2130 [UNIUSDT] 🔄 requestRedraw called (candles: 1443)
MiniChart.jsx:2132 [UNIUSDT] 🔄 Redraw executing drawChart...
PollingCoordinator.js:227 [PollingCoordinator] Completed: OrderFlow_UNIUSDT
PollingCoordinator.js:218 [PollingCoordinator] Executing: SwingDetector_Signals_UNIUSDT
IndicatorCache.js:71 [IndicatorCache] 💾 swing@UNIUSDT desde memoria
MiniChart.jsx:2130 [UNIUSDT] 🔄 requestRedraw called (candles: 1443)
MiniChart.jsx:2132 [UNIUSDT] 🔄 Redraw executing drawChart...
PollingCoordinator.js:227 [PollingCoordinator] Completed: SwingDetector_Signals_UNIUSDT
PollingCoordinator.js:218 [PollingCoordinator] Executing: SwingDetector_Status_UNIUSDT
PollingCoordinator.js:227 [PollingCoordinator] Completed: SwingDetector_Status_UNIUSDT
PollingCoordinator.js:218 [PollingCoordinator] Executing: SwingDetector_Signals_UNIUSDT
IndicatorCache.js:71 [IndicatorCache] 💾 swing@UNIUSDT desde memoria
MiniChart.jsx?t=1769820451620:1581 [UNIUSDT] 🔄 requestRedraw called (candles: 0)
PollingCoordinator.js:227 [PollingCoordinator] Completed: SwingDetector_Signals_UNIUSDT
PollingCoordinator.js:218 [PollingCoordinator] Executing: OrderFlow_UNIUSDT
MiniChart.jsx:2130 [UNIUSDT] 🔄 requestRedraw called (candles: 1443)
MiniChart.jsx:2132 [UNIUSDT] 🔄 Redraw executing drawChart...
PollingCoordinator.js:227 [PollingCoordinator] Completed: OrderFlow_UNIUSDT
PollingCoordinator.js:218 [PollingCoordinator] Executing: SymbolList_PriceChanges
PollingCoordinator.js:218 [PollingCoordinator] Executing: SwingDetector_Signals_UNIUSDT
IndicatorCache.js:71 [IndicatorCache] 💾 swing@UNIUSDT desde memoria
MiniChart.jsx?t=1769820439739:1581 [UNIUSDT] 🔄 requestRedraw called (candles: 0)
PollingCoordinator.js:227 [PollingCoordinator] Completed: SwingDetector_Signals_UNIUSDT
PollingCoordinator.js:227 [PollingCoordinator] Completed: SymbolList_PriceChanges
PollingCoordinator.js:218 [PollingCoordinator] Executing: OrderFlow_UNIUSDT
MiniChart.jsx:2130 [UNIUSDT] 🔄 requestRedraw called (candles: 1443)
MiniChart.jsx:2132 [UNIUSDT] 🔄 Redraw executing drawChart...
PollingCoordinator.js:227 [PollingCoordinator] Completed: OrderFlow_UNIUSDT
PollingCoordinator.js:218 [PollingCoordinator] Executing: SwingDetector_Status_UNIUSDT
PollingCoordinator.js:227 [PollingCoordinator] Completed: SwingDetector_Status_UNIUSDT
PollingCoordinator.js:218 [PollingCoordinator] Executing: SwingDetector_Signals_UNIUSDT
IndicatorCache.js:71 [IndicatorCache] 💾 swing@UNIUSDT desde memoria
MiniChart.jsx?t=1769820472299:1579 [UNIUSDT] 🔄 requestRedraw called (candles: 1443)
MiniChart.jsx?t=1769820472299:1581 [UNIUSDT] 🔄 Redraw executing drawChart...
PollingCoordinator.js:218 [PollingCoordinator] Executing: OrderFlow_UNIUSDT
MiniChart.jsx:2130 [UNIUSDT] 🔄 requestRedraw called (candles: 1443)
MiniChart.jsx:2132 [UNIUSDT] 🔄 Redraw executing drawChart...
PollingCoordinator.js:227 [PollingCoordinator] Completed: OrderFlow_UNIUSDT
PollingCoordinator.js:218 [PollingCoordinator] Executing: VWAP_UNIUSDT
Logger.js:100 ✅ [7:51:28 p. m.] [VWAP] [UNIUSDT] VWAP updated (polling): 1440 points
MiniChart.jsx:2130 [UNIUSDT] 🔄 requestRedraw called (candles: 1443)
MiniChart.jsx:2132 [UNIUSDT] 🔄 Redraw executing drawChart...
Logger.js:100 ✅ [7:51:28 p. m.] [VWAP] [UNIUSDT] VWAP requestRedraw() called after polling
PollingCoordinator.js:227 [PollingCoordinator] Completed: VWAP_UNIUSDT
PollingCoordinator.js:218 [PollingCoordinator] Executing: OrderFlow_UNIUSDT
MiniChart.jsx:2130 [UNIUSDT] 🔄 requestRedraw called (candles: 1443)
MiniChart.jsx:2132 [UNIUSDT] 🔄 Redraw executing drawChart...
PollingCoordinator.js:227 [PollingCoordinator] Completed: OrderFlow_UNIUSDT
PollingCoordinator.js:218 [PollingCoordinator] Executing: OrderFlow_UNIUSDT
MiniChart.jsx:2130 [UNIUSDT] 🔄 requestRedraw called (candles: 1443)
MiniChart.jsx:2132 [UNIUSDT] 🔄 Redraw executing drawChart...
PollingCoordinator.js:227 [PollingCoordinator] Completed: OrderFlow_UNIUSDT
PollingCoordinator.js:218 [PollingCoordinator] Executing: SwingDetector_Status_UNIUSDT
PollingCoordinator.js:227 [PollingCoordinator] Completed: SwingDetector_Status_UNIUSDT
PollingCoordinator.js:218 [PollingCoordinator] Executing: SwingDetector_Signals_UNIUSDT
IndicatorCache.js:71 [IndicatorCache] 💾 swing@UNIUSDT desde memoria
MiniChart.jsx:2130 [UNIUSDT] 🔄 requestRedraw called (candles: 1443)
MiniChart.jsx:2132 [UNIUSDT] 🔄 Redraw executing drawChart...
PollingCoordinator.js:227 [PollingCoordinator] Completed: SwingDetector_Signals_UNIUSDT
PollingCoordinator.js:218 [PollingCoordinator] Executing: OrderFlow_UNIUSDT
MiniChart.jsx:2130 [UNIUSDT] 🔄 requestRedraw called (candles: 1443)
MiniChart.jsx:2132 [UNIUSDT] 🔄 Redraw executing drawChart...
PollingCoordinator.js:227 [PollingCoordinator] Completed: OrderFlow_UNIUSDT
PollingCoordinator.js:218 [PollingCoordinator] Executing: SwingDetector_Status_UNIUSDT
PollingCoordinator.js:227 [PollingCoordinator] Completed: SwingDetector_Status_UNIUSDT
PollingCoordinator.js:218 [PollingCoordinator] Executing: SwingDetector_Signals_UNIUSDT
IndicatorCache.js:71 [IndicatorCache] 💾 swing@UNIUSDT desde memoria
MiniChart.jsx:2130 [UNIUSDT] 🔄 requestRedraw called (candles: 1443)
MiniChart.jsx:2132 [UNIUSDT] 🔄 Redraw executing drawChart...
PollingCoordinator.js:227 [PollingCoordinator] Completed: SwingDetector_Signals_UNIUSDT
PollingCoordinator.js:218 [PollingCoordinator] Executing: SwingDetector_Signals_UNIUSDT
IndicatorCache.js:71 [IndicatorCache] 💾 swing@UNIUSDT desde memoria
MiniChart.jsx?t=1769820451620:1581 [UNIUSDT] 🔄 requestRedraw called (candles: 0)
PollingCoordinator.js:227 [PollingCoordinator] Completed: SwingDetector_Signals_UNIUSDT
PollingCoordinator.js:218 [PollingCoordinator] Executing: OrderFlow_UNIUSDT
MiniChart.jsx:2130 [UNIUSDT] 🔄 requestRedraw called (candles: 1443)
MiniChart.jsx:2132 [UNIUSDT] 🔄 Redraw executing drawChart...
PollingCoordinator.js:227 [PollingCoordinator] Completed: OrderFlow_UNIUSDT
PollingCoordinator.js:218 [PollingCoordinator] Executing: SwingDetector_Status_UNIUSDT
PollingCoordinator.js:227 [PollingCoordinator] Completed: SwingDetector_Status_UNIUSDT
PollingCoordinator.js:218 [PollingCoordinator] Executing: SwingDetector_Signals_UNIUSDT
IndicatorCache.js:71 [IndicatorCache] 💾 swing@UNIUSDT desde memoria
MiniChart.jsx?t=1769820439739:1581 [UNIUSDT] 🔄 requestRedraw called (candles: 0)
PollingCoordinator.js:227 [PollingCoordinator] Completed: SwingDetector_Signals_UNIUSDT
PollingCoordinator.js:218 [PollingCoordinator] Executing: OrderFlow_UNIUSDT
MiniChart.jsx:2130 [UNIUSDT] 🔄 requestRedraw called (candles: 1443)
MiniChart.jsx:2132 [UNIUSDT] 🔄 Redraw executing drawChart...
PollingCoordinator.js:227 [PollingCoordinator] Completed: OrderFlow_UNIUSDT
PollingCoordinator.js:218 [PollingCoordinator] Executing: SwingDetector_Signals_UNIUSDT
IndicatorCache.js:71 [IndicatorCache] 💾 swing@UNIUSDT desde memoria
MiniChart.jsx?t=1769820472299:1579 [UNIUSDT] 🔄 requestRedraw called (candles: 1443)
MiniChart.jsx?t=1769820472299:1581 [UNIUSDT] 🔄 Redraw executing drawChart...
PollingCoordinator.js:218 [PollingCoordinator] Executing: OrderFlow_UNIUSDT
MiniChart.jsx:2130 [UNIUSDT] 🔄 requestRedraw called (candles: 1443)
MiniChart.jsx:2132 [UNIUSDT] 🔄 Redraw executing drawChart...
PollingCoordinator.js:227 [PollingCoordinator] Completed: OrderFlow_UNIUSDT
PollingCoordinator.js:218 [PollingCoordinator] Executing: OrderFlow_UNIUSDT
MiniChart.jsx:2130 [UNIUSDT] 🔄 requestRedraw called (candles: 1443)
MiniChart.jsx:2132 [UNIUSDT] 🔄 Redraw executing drawChart...
PollingCoordinator.js:227 [PollingCoordinator] Completed: OrderFlow_UNIUSDT
CandleCache.js:169 [CandleCache] ✅ UNIUSDT@1 - guardado (1444 velas, memoria: 1/4)
SwingDetectorIndicator.js:238 [UNIUSDT] SwingDetector: 300/300 signals for interval 1 (cached)
Logger.js:100 ✅ [7:52:05 p. m.] [VWAP] [UNIUSDT] VWAP updated (polling): 1440 points
MiniChart.jsx:2130 [UNIUSDT] 🔄 requestRedraw called (candles: 1444)
MiniChart.jsx:2132 [UNIUSDT] 🔄 Redraw executing drawChart...
PollingCoordinator.js:218 [PollingCoordinator] Executing: OrderFlow_UNIUSDT
MiniChart.jsx:2130 [UNIUSDT] 🔄 requestRedraw called (candles: 1444)
MiniChart.jsx:2132 [UNIUSDT] 🔄 Redraw executing drawChart...
PollingCoordinator.js:227 [PollingCoordinator] Completed: OrderFlow_UNIUSDT
PollingCoordinator.js:218 [PollingCoordinator] Executing: SwingDetector_Signals_UNIUSDT
IndicatorCache.js:71 [IndicatorCache] 💾 swing@UNIUSDT desde memoria
MiniChart.jsx:2130 [UNIUSDT] 🔄 requestRedraw called (candles: 1444)
MiniChart.jsx:2132 [UNIUSDT] 🔄 Redraw executing drawChart...
PollingCoordinator.js:227 [PollingCoordinator] Completed: SwingDetector_Signals_UNIUSDT
PollingCoordinator.js:218 [PollingCoordinator] Executing: OrderFlow_UNIUSDT
MiniChart.jsx:2130 [UNIUSDT] 🔄 requestRedraw called (candles: 1444)
MiniChart.jsx:2132 [UNIUSDT] 🔄 Redraw executing drawChart...
PollingCoordinator.js:227 [PollingCoordinator] Completed: OrderFlow_UNIUSDT
PollingCoordinator.js:218 [PollingCoordinator] Executing: SwingDetector_Signals_UNIUSDT
IndicatorCache.js:71 [IndicatorCache] 💾 swing@UNIUSDT desde memoria
MiniChart.jsx:2130 [UNIUSDT] 🔄 requestRedraw called (candles: 1444)
MiniChart.jsx:2132 [UNIUSDT] 🔄 Redraw executing drawChart...
PollingCoordinator.js:227 [PollingCoordinator] Completed: SwingDetector_Signals_UNIUSDT
PollingCoordinator.js:218 [PollingCoordinator] Executing: SwingDetector_Status_UNIUSDT
PollingCoordinator.js:227 [PollingCoordinator] Completed: SwingDetector_Status_UNIUSDT
PollingCoordinator.js:218 [PollingCoordinator] Executing: SwingDetector_Signals_UNIUSDT
IndicatorCache.js:71 [IndicatorCache] 💾 swing@UNIUSDT desde memoria
MiniChart.jsx?t=1769820451620:1581 [UNIUSDT] 🔄 requestRedraw called (candles: 0)
PollingCoordinator.js:227 [PollingCoordinator] Completed: SwingDetector_Signals_UNIUSDT
PollingCoordinator.js:218 [PollingCoordinator] Executing: SwingDetector_Signals_UNIUSDT
IndicatorCache.js:71 [IndicatorCache] 💾 swing@UNIUSDT desde memoria
MiniChart.jsx?t=1769820439739:1581 [UNIUSDT] 🔄 requestRedraw called (candles: 0)
PollingCoordinator.js:227 [PollingCoordinator] Completed: SwingDetector_Signals_UNIUSDT
PollingCoordinator.js:218 [PollingCoordinator] Executing: OrderFlow_UNIUSDT
MiniChart.jsx:2130 [UNIUSDT] 🔄 requestRedraw called (candles: 1444)
MiniChart.jsx:2132 [UNIUSDT] 🔄 Redraw executing drawChart...
PollingCoordinator.js:227 [PollingCoordinator] Completed: OrderFlow_UNIUSDT
PollingCoordinator.js:218 [PollingCoordinator] Executing: SymbolList_PriceChanges
PollingCoordinator.js:227 [PollingCoordinator] Completed: SymbolList_PriceChanges
PollingCoordinator.js:218 [PollingCoordinator] Executing: OrderFlow_UNIUSDT
MiniChart.jsx:2130 [UNIUSDT] 🔄 requestRedraw called (candles: 1444)
MiniChart.jsx:2132 [UNIUSDT] 🔄 Redraw executing drawChart...
PollingCoordinator.js:227 [PollingCoordinator] Completed: OrderFlow_UNIUSDT
PollingCoordinator.js:218 [PollingCoordinator] Executing: SwingDetector_Status_UNIUSDT
PollingCoordinator.js:227 [PollingCoordinator] Completed: SwingDetector_Status_UNIUSDT
PollingCoordinator.js:218 [PollingCoordinator] Executing: SwingDetector_Signals_UNIUSDT
IndicatorCache.js:71 [IndicatorCache] 💾 swing@UNIUSDT desde memoria
MiniChart.jsx?t=1769820472299:1579 [UNIUSDT] 🔄 requestRedraw called (candles: 1444)
MiniChart.jsx?t=1769820472299:1581 [UNIUSDT] 🔄 Redraw executing drawChart...
PollingCoordinator.js:218 [PollingCoordinator] Executing: OrderFlow_UNIUSDT
MiniChart.jsx:2130 [UNIUSDT] 🔄 requestRedraw called (candles: 1444)
MiniChart.jsx:2132 [UNIUSDT] 🔄 Redraw executing drawChart...
PollingCoordinator.js:227 [PollingCoordinator] Completed: OrderFlow_UNIUSDT
PollingCoordinator.js:218 [PollingCoordinator] Executing: VWAP_UNIUSDT
Logger.js:100 ✅ [7:52:28 p. m.] [VWAP] [UNIUSDT] VWAP updated (polling): 1440 points
MiniChart.jsx:2130 [UNIUSDT] 🔄 requestRedraw called (candles: 1444)
MiniChart.jsx:2132 [UNIUSDT] 🔄 Redraw executing drawChart...
Logger.js:100 ✅ [7:52:28 p. m.] [VWAP] [UNIUSDT] VWAP requestRedraw() called after polling
PollingCoordinator.js:227 [PollingCoordinator] Completed: VWAP_UNIUSDT
PollingCoordinator.js:218 [PollingCoordinator] Executing: OrderFlow_UNIUSDT
MiniChart.jsx:2130 [UNIUSDT] 🔄 requestRedraw called (candles: 1444)
MiniChart.jsx:2132 [UNIUSDT] 🔄 Redraw executing drawChart...
PollingCoordinator.js:227 [PollingCoordinator] Completed: OrderFlow_UNIUSDT
PollingCoordinator.js:218 [PollingCoordinator] Executing: OrderFlow_UNIUSDT
PollingCoordinator.js:218 [PollingCoordinator] Executing: SwingDetector_Status_UNIUSDT
PollingCoordinator.js:227 [PollingCoordinator] Completed: SwingDetector_Status_UNIUSDT
PollingCoordinator.js:218 [PollingCoordinator] Executing: SwingDetector_Signals_UNIUSDT
IndicatorCache.js:71 [IndicatorCache] 💾 swing@UNIUSDT desde memoria
MiniChart.jsx:2130 [UNIUSDT] 🔄 requestRedraw called (candles: 1444)
MiniChart.jsx:2132 [UNIUSDT] 🔄 Redraw executing drawChart...
PollingCoordinator.js:227 [PollingCoordinator] Completed: SwingDetector_Signals_UNIUSDT
MiniChart.jsx:2130 [UNIUSDT] 🔄 requestRedraw called (candles: 1444)
MiniChart.jsx:2132 [UNIUSDT] 🔄 Redraw executing drawChart...
PollingCoordinator.js:227 [PollingCoordinator] Completed: OrderFlow_UNIUSDT
PollingCoordinator.js:218 [PollingCoordinator] Executing: SwingDetector_Status_UNIUSDT
PollingCoordinator.js:227 [PollingCoordinator] Completed: SwingDetector_Status_UNIUSDT
PollingCoordinator.js:218 [PollingCoordinator] Executing: SwingDetector_Signals_UNIUSDT
IndicatorCache.js:71 [IndicatorCache] 💾 swing@UNIUSDT desde memoria
MiniChart.jsx:2130 [UNIUSDT] 🔄 requestRedraw called (candles: 1444)
MiniChart.jsx:2132 [UNIUSDT] 🔄 Redraw executing drawChart...
PollingCoordinator.js:227 [PollingCoordinator] Completed: SwingDetector_Signals_UNIUSDT
PollingCoordinator.js:218 [PollingCoordinator] Executing: OrderFlow_UNIUSDT
MiniChart.jsx:2130 [UNIUSDT] 🔄 requestRedraw called (candles: 1444)
MiniChart.jsx:2132 [UNIUSDT] 🔄 Redraw executing drawChart...
PollingCoordinator.js:227 [PollingCoordinator] Completed: OrderFlow_UNIUSDT
PollingCoordinator.js:218 [PollingCoordinator] Executing: SwingDetector_Signals_UNIUSDT
IndicatorCache.js:71 [IndicatorCache] 💾 swing@UNIUSDT desde memoria
MiniChart.jsx?t=1769820451620:1581 [UNIUSDT] 🔄 requestRedraw called (candles: 0)
PollingCoordinator.js:227 [PollingCoordinator] Completed: SwingDetector_Signals_UNIUSDT
PollingCoordinator.js:218 [PollingCoordinator] Executing: SwingDetector_Status_UNIUSDT
PollingCoordinator.js:227 [PollingCoordinator] Completed: SwingDetector_Status_UNIUSDT
PollingCoordinator.js:218 [PollingCoordinator] Executing: SwingDetector_Signals_UNIUSDT
IndicatorCache.js:71 [IndicatorCache] 💾 swing@UNIUSDT desde memoria
MiniChart.jsx?t=1769820439739:1581 [UNIUSDT] 🔄 requestRedraw called (candles: 0)
PollingCoordinator.js:227 [PollingCoordinator] Completed: SwingDetector_Signals_UNIUSDT
PollingCoordinator.js:218 [PollingCoordinator] Executing: OrderFlow_UNIUSDT
MiniChart.jsx:2130 [UNIUSDT] 🔄 requestRedraw called (candles: 1444)
MiniChart.jsx:2132 [UNIUSDT] 🔄 Redraw executing drawChart...
PollingCoordinator.js:227 [PollingCoordinator] Completed: OrderFlow_UNIUSDT
PollingCoordinator.js:218 [PollingCoordinator] Executing: SwingDetector_Signals_UNIUSDT
IndicatorCache.js:71 [IndicatorCache] 💾 swing@UNIUSDT desde memoria
MiniChart.jsx?t=1769820472299:1579 [UNIUSDT] 🔄 requestRedraw called (candles: 1444)
MiniChart.jsx?t=1769820472299:1581 [UNIUSDT] 🔄 Redraw executing drawChart...
PollingCoordinator.js:218 [PollingCoordinator] Executing: OrderFlow_UNIUSDT
MiniChart.jsx:2130 [UNIUSDT] 🔄 requestRedraw called (candles: 1444)
MiniChart.jsx:2132 [UNIUSDT] 🔄 Redraw executing drawChart...
PollingCoordinator.js:227 [PollingCoordinator] Completed: OrderFlow_UNIUSDT
PollingCoordinator.js:218 [PollingCoordinator] Executing: OrderFlow_UNIUSDT
MiniChart.jsx:2130 [UNIUSDT] 🔄 requestRedraw called (candles: 1444)
MiniChart.jsx:2132 [UNIUSDT] 🔄 Redraw executing drawChart...
Logger.js:100 ✅ [7:52:58 p. m.] [Manager] [UNIUSDT] renderOverlays: VWAP found, enabled=true, dataMap.size=1440
VWAPIndicator.js?t=1769820560257:330 [UNIUSDT] 🎨 VWAP renderOverlay EXECUTING: dataMap=1440, visibleCandles=800
VWAPIndicator.js?t=1769820560257:360 [UNIUSDT] 🔴 VWAP DEBUG RECTANGLE at (30, 45), bounds={x:10,y:25,w:810,h:400}
VWAPIndicator.js?t=1769820560257:361 [UNIUSDT] 🔴 VWAP viewport: min=4.1360, max=4.3450, hasPriceToY=true
VWAPIndicator.js?t=1769820560257:405 [UNIUSDT] 🎨 VWAP _drawVWAPLine: matched=785, missed=15 of 800 candles
VWAPIndicator.js?t=1769820560257:417 [UNIUSDT] 🎨 VWAP sample: vwap=4.2649, Y=178.3, bounds={y:25, height:400}, viewport={min:4.1360, max:4.3450}
VWAPIndicator.js?t=1769820560257:423 [UNIUSDT] 🔍 Sample candle.timestamp=1769772780000, dataMap first keys=[1769733480000,1769733540000,1769733600000]
PollingCoordinator.js:227 [PollingCoordinator] Completed: OrderFlow_UNIUSDT
PollingCoordinator.js:218 [PollingCoordinator] Executing: OrderFlow_UNIUSDT
MiniChart.jsx:2130 [UNIUSDT] 🔄 requestRedraw called (candles: 1444)
MiniChart.jsx:2132 [UNIUSDT] 🔄 Redraw executing drawChart...
PollingCoordinator.js:227 [PollingCoordinator] Completed: OrderFlow_UNIUSDT
CandleCache.js:169 [CandleCache] ✅ UNIUSDT@1 - guardado (1445 velas, memoria: 1/4)
SwingDetectorIndicator.js:238 [UNIUSDT] SwingDetector: 300/300 signals for interval 1 (cached)
Logger.js:100 ✅ [7:53:03 p. m.] [VWAP] [UNIUSDT] VWAP updated (polling): 1440 points
MiniChart.jsx:2130 [UNIUSDT] 🔄 requestRedraw called (candles: 1445)
MiniChart.jsx:2132 [UNIUSDT] 🔄 Redraw executing drawChart...
PollingCoordinator.js:218 [PollingCoordinator] Executing: SwingDetector_Signals_UNIUSDT
IndicatorCache.js:71 [IndicatorCache] 💾 swing@UNIUSDT desde memoria
MiniChart.jsx:2130 [UNIUSDT] 🔄 requestRedraw called (candles: 1445)
MiniChart.jsx:2132 [UNIUSDT] 🔄 Redraw executing drawChart...
PollingCoordinator.js:227 [PollingCoordinator] Completed: SwingDetector_Signals_UNIUSDT
PollingCoordinator.js:218 [PollingCoordinator] Executing: OrderFlow_UNIUSDT
MiniChart.jsx:2130 [UNIUSDT] 🔄 requestRedraw called (candles: 1445)
MiniChart.jsx:2132 [UNIUSDT] 🔄 Redraw executing drawChart...
PollingCoordinator.js:227 [PollingCoordinator] Completed: OrderFlow_UNIUSDT
PollingCoordinator.js:218 [PollingCoordinator] Executing: SwingDetector_Signals_UNIUSDT
IndicatorCache.js:71 [IndicatorCache] 💾 swing@UNIUSDT desde memoria
MiniChart.jsx:2130 [UNIUSDT] 🔄 requestRedraw called (candles: 1445)
MiniChart.jsx:2132 [UNIUSDT] 🔄 Redraw executing drawChart...
PollingCoordinator.js:227 [PollingCoordinator] Completed: SwingDetector_Signals_UNIUSDT
PollingCoordinator.js:218 [PollingCoordinator] Executing: SwingDetector_Status_UNIUSDT
PollingCoordinator.js:227 [PollingCoordinator] Completed: SwingDetector_Status_UNIUSDT
PollingCoordinator.js:218 [PollingCoordinator] Executing: SwingDetector_Signals_UNIUSDT
IndicatorCache.js:71 [IndicatorCache] 💾 swing@UNIUSDT desde memoria
MiniChart.jsx?t=1769820451620:1581 [UNIUSDT] 🔄 requestRedraw called (candles: 0)
PollingCoordinator.js:227 [PollingCoordinator] Completed: SwingDetector_Signals_UNIUSDT
PollingCoordinator.js:218 [PollingCoordinator] Executing: OrderFlow_UNIUSDT
MiniChart.jsx:2130 [UNIUSDT] 🔄 requestRedraw called (candles: 1445)
MiniChart.jsx:2132 [UNIUSDT] 🔄 Redraw executing drawChart...
PollingCoordinator.js:227 [PollingCoordinator] Completed: OrderFlow_UNIUSDT
PollingCoordinator.js:218 [PollingCoordinator] Executing: SwingDetector_Signals_UNIUSDT
IndicatorCache.js:71 [IndicatorCache] 💾 swing@UNIUSDT desde memoria
MiniChart.jsx?t=1769820439739:1581 [UNIUSDT] 🔄 requestRedraw called (candles: 0)
PollingCoordinator.js:227 [PollingCoordinator] Completed: SwingDetector_Signals_UNIUSDT
PollingCoordinator.js:218 [PollingCoordinator] Executing: SymbolList_PriceChanges
PollingCoordinator.js:227 [PollingCoordinator] Completed: SymbolList_PriceChanges
PollingCoordinator.js:218 [PollingCoordinator] Executing: OrderFlow_UNIUSDT
MiniChart.jsx:2130 [UNIUSDT] 🔄 requestRedraw called (candles: 1445)
MiniChart.jsx:2132 [UNIUSDT] 🔄 Redraw executing drawChart...
PollingCoordinator.js:227 [PollingCoordinator] Completed: OrderFlow_UNIUSDT
PollingCoordinator.js:218 [PollingCoordinator] Executing: SwingDetector_Status_UNIUSDT
PollingCoordinator.js:227 [PollingCoordinator] Completed: SwingDetector_Status_UNIUSDT
PollingCoordinator.js:218 [PollingCoordinator] Executing: SwingDetector_Signals_UNIUSDT
IndicatorCache.js:71 [IndicatorCache] 💾 swing@UNIUSDT desde memoria
MiniChart.jsx?t=1769820472299:1579 [UNIUSDT] 🔄 requestRedraw called (candles: 1445)
MiniChart.jsx?t=1769820472299:1581 [UNIUSDT] 🔄 Redraw executing drawChart...
PollingCoordinator.js:218 [PollingCoordinator] Executing: OrderFlow_UNIUSDT
MiniChart.jsx:2130 [UNIUSDT] 🔄 requestRedraw called (candles: 1445)
MiniChart.jsx:2132 [UNIUSDT] 🔄 Redraw executing drawChart...
PollingCoordinator.js:227 [PollingCoordinator] Completed: OrderFlow_UNIUSDT
PollingCoordinator.js:218 [PollingCoordinator] Executing: VWAP_UNIUSDT
Logger.js:100 ✅ [7:53:28 p. m.] [VWAP] [UNIUSDT] VWAP updated (polling): 1440 points
MiniChart.jsx:2130 [UNIUSDT] 🔄 requestRedraw called (candles: 1445)
MiniChart.jsx:2132 [UNIUSDT] 🔄 Redraw executing drawChart...
Logger.js:100 ✅ [7:53:28 p. m.] [VWAP] [UNIUSDT] VWAP requestRedraw() called after polling
PollingCoordinator.js:227 [PollingCoordinator] Completed: VWAP_UNIUSDT
PollingCoordinator.js:218 [PollingCoordinator] Executing: OrderFlow_UNIUSDT
MiniChart.jsx:2130 [UNIUSDT] 🔄 requestRedraw called (candles: 1445)
MiniChart.jsx:2132 [UNIUSDT] 🔄 Redraw executing drawChart...
PollingCoordinator.js:227 [PollingCoordinator] Completed: OrderFlow_UNIUSDT
PollingCoordinator.js:218 [PollingCoordinator] Executing: OrderFlow_UNIUSDT
MiniChart.jsx:2130 [UNIUSDT] 🔄 requestRedraw called (candles: 1445)
MiniChart.jsx:2132 [UNIUSDT] 🔄 Redraw executing drawChart...
PollingCoordinator.js:227 [PollingCoordinator] Completed: OrderFlow_UNIUSDT
PollingCoordinator.js:218 [PollingCoordinator] Executing: SwingDetector_Status_UNIUSDT
PollingCoordinator.js:227 [PollingCoordinator] Completed: SwingDetector_Status_UNIUSDT
PollingCoordinator.js:218 [PollingCoordinator] Executing: SwingDetector_Signals_UNIUSDT
IndicatorCache.js:71 [IndicatorCache] 💾 swing@UNIUSDT desde memoria
MiniChart.jsx:2130 [UNIUSDT] 🔄 requestRedraw called (candles: 1445)
MiniChart.jsx:2132 [UNIUSDT] 🔄 Redraw executing drawChart...
PollingCoordinator.js:227 [PollingCoordinator] Completed: SwingDetector_Signals_UNIUSDT
PollingCoordinator.js:218 [PollingCoordinator] Executing: OrderFlow_UNIUSDT
MiniChart.jsx:2130 [UNIUSDT] 🔄 requestRedraw called (candles: 1445)
MiniChart.jsx:2132 [UNIUSDT] 🔄 Redraw executing drawChart...
PollingCoordinator.js:227 [PollingCoordinator] Completed: OrderFlow_UNIUSDT
PollingCoordinator.js:218 [PollingCoordinator] Executing: SwingDetector_Status_UNIUSDT
PollingCoordinator.js:227 [PollingCoordinator] Completed: SwingDetector_Status_UNIUSDT
PollingCoordinator.js:218 [PollingCoordinator] Executing: SwingDetector_Signals_UNIUSDT
IndicatorCache.js:71 [IndicatorCache] 💾 swing@UNIUSDT desde memoria
MiniChart.jsx:2130 [UNIUSDT] 🔄 requestRedraw called (candles: 1445)
MiniChart.jsx:2132 [UNIUSDT] 🔄 Redraw executing drawChart...
PollingCoordinator.js:227 [PollingCoordinator] Completed: SwingDetector_Signals_UNIUSDT
PollingCoordinator.js:218 [PollingCoordinator] Executing: SwingDetector_Signals_UNIUSDT
IndicatorCache.js:71 [IndicatorCache] 💾 swing@UNIUSDT desde memoria
MiniChart.jsx?t=1769820451620:1581 [UNIUSDT] 🔄 requestRedraw called (candles: 0)
PollingCoordinator.js:227 [PollingCoordinator] Completed: SwingDetector_Signals_UNIUSDT
PollingCoordinator.js:218 [PollingCoordinator] Executing: OrderFlow_UNIUSDT
PollingCoordinator.js:218 [PollingCoordinator] Executing: SwingDetector_Status_UNIUSDT
PollingCoordinator.js:227 [PollingCoordinator] Completed: SwingDetector_Status_UNIUSDT
PollingCoordinator.js:218 [PollingCoordinator] Executing: SwingDetector_Signals_UNIUSDT
IndicatorCache.js:71 [IndicatorCache] 💾 swing@UNIUSDT desde memoria
MiniChart.jsx?t=1769820439739:1581 [UNIUSDT] 🔄 requestRedraw called (candles: 0)
PollingCoordinator.js:227 [PollingCoordinator] Completed: SwingDetector_Signals_UNIUSDT
MiniChart.jsx:2130 [UNIUSDT] 🔄 requestRedraw called (candles: 1445)
MiniChart.jsx:2132 [UNIUSDT] 🔄 Redraw executing drawChart...
PollingCoordinator.js:227 [PollingCoordinator] Completed: OrderFlow_UNIUSDT
PollingCoordinator.js:218 [PollingCoordinator] Executing: OrderFlow_UNIUSDT
MiniChart.jsx:2130 [UNIUSDT] 🔄 requestRedraw called (candles: 1445)
MiniChart.jsx:2132 [UNIUSDT] 🔄 Redraw executing drawChart...
PollingCoordinator.js:227 [PollingCoordinator] Completed: OrderFlow_UNIUSDT
PollingCoordinator.js:218 [PollingCoordinator] Executing: SwingDetector_Signals_UNIUSDT
IndicatorCache.js:71 [IndicatorCache] 💾 swing@UNIUSDT desde memoria
MiniChart.jsx?t=1769820472299:1579 [UNIUSDT] 🔄 requestRedraw called (candles: 1445)
MiniChart.jsx?t=1769820472299:1581 [UNIUSDT] 🔄 Redraw executing drawChart...
PollingCoordinator.js:218 [PollingCoordinator] Executing: OrderFlow_UNIUSDT
MiniChart.jsx:2130 [UNIUSDT] 🔄 requestRedraw called (candles: 1445)
MiniChart.jsx:2132 [UNIUSDT] 🔄 Redraw executing drawChart...
PollingCoordinator.js:227 [PollingCoordinator] Completed: OrderFlow_UNIUSDT
PollingCoordinator.js:218 [PollingCoordinator] Executing: OrderFlow_UNIUSDT
MiniChart.jsx:2130 [UNIUSDT] 🔄 requestRedraw called (candles: 1445)
MiniChart.jsx:2132 [UNIUSDT] 🔄 Redraw executing drawChart...
PollingCoordinator.js:227 [PollingCoordinator] Completed: OrderFlow_UNIUSDT
CandleCache.js:169 [CandleCache] ✅ UNIUSDT@1 - guardado (1446 velas, memoria: 1/4)
Logger.js:100 ✅ [7:54:03 p. m.] [VWAP] [UNIUSDT] VWAP updated (polling): 1440 points
SwingDetectorIndicator.js:238 [UNIUSDT] SwingDetector: 300/300 signals for interval 1 (cached)
MiniChart.jsx:2130 [UNIUSDT] 🔄 requestRedraw called (candles: 1446)
MiniChart.jsx:2132 [UNIUSDT] 🔄 Redraw executing drawChart...
PollingCoordinator.js:218 [PollingCoordinator] Executing: SwingDetector_Signals_UNIUSDT
IndicatorCache.js:71 [IndicatorCache] 💾 swing@UNIUSDT desde memoria
MiniChart.jsx:2130 [UNIUSDT] 🔄 requestRedraw called (candles: 1446)
MiniChart.jsx:2132 [UNIUSDT] 🔄 Redraw executing drawChart...
PollingCoordinator.js:227 [PollingCoordinator] Completed: SwingDetector_Signals_UNIUSDT
PollingCoordinator.js:218 [PollingCoordinator] Executing: OrderFlow_UNIUSDT
MiniChart.jsx:2130 [UNIUSDT] 🔄 requestRedraw called (candles: 1446)
MiniChart.jsx:2132 [UNIUSDT] 🔄 Redraw executing drawChart...
MiniChart.jsx:957 [UNIUSDT] 🎨 Calling renderOverlays AFTER OrderFlow (frame 841)
MiniChart.jsx:958 [UNIUSDT] 🎨 Fresh priceContext: minPrice=4.1360, maxPrice=4.3450, verticalOffset=0
PollingCoordinator.js:227 [PollingCoordinator] Completed: OrderFlow_UNIUSDT
PollingCoordinator.js:218 [PollingCoordinator] Executing: SwingDetector_Signals_UNIUSDT
IndicatorCache.js:71 [IndicatorCache] 💾 swing@UNIUSDT desde memoria
MiniChart.jsx:2130 [UNIUSDT] 🔄 requestRedraw called (candles: 1446)
MiniChart.jsx:2132 [UNIUSDT] 🔄 Redraw executing drawChart...
PollingCoordinator.js:227 [PollingCoordinator] Completed: SwingDetector_Signals_UNIUSDT
PollingCoordinator.js:218 [PollingCoordinator] Executing: OrderFlow_UNIUSDT
MiniChart.jsx:2130 [UNIUSDT] 🔄 requestRedraw called (candles: 1446)
MiniChart.jsx:2132 [UNIUSDT] 🔄 Redraw executing drawChart...
PollingCoordinator.js:227 [PollingCoordinator] Completed: OrderFlow_UNIUSDT
PollingCoordinator.js:218 [PollingCoordinator] Executing: SwingDetector_Status_UNIUSDT
PollingCoordinator.js:227 [PollingCoordinator] Completed: SwingDetector_Status_UNIUSDT
PollingCoordinator.js:218 [PollingCoordinator] Executing: SwingDetector_Signals_UNIUSDT
IndicatorCache.js:71 [IndicatorCache] 💾 swing@UNIUSDT desde memoria
MiniChart.jsx?t=1769820451620:1581 [UNIUSDT] 🔄 requestRedraw called (candles: 0)
PollingCoordinator.js:227 [PollingCoordinator] Completed: SwingDetector_Signals_UNIUSDT
PollingCoordinator.js:218 [PollingCoordinator] Executing: SwingDetector_Signals_UNIUSDT
IndicatorCache.js:71 [IndicatorCache] 💾 swing@UNIUSDT desde memoria
MiniChart.jsx?t=1769820439739:1581 [UNIUSDT] 🔄 requestRedraw called (candles: 0)
PollingCoordinator.js:227 [PollingCoordinator] Completed: SwingDetector_Signals_UNIUSDT
PollingCoordinator.js:218 [PollingCoordinator] Executing: OrderFlow_UNIUSDT
PollingCoordinator.js:218 [PollingCoordinator] Executing: SymbolList_PriceChanges
MiniChart.jsx:2130 [UNIUSDT] 🔄 requestRedraw called (candles: 1446)
MiniChart.jsx:2132 [UNIUSDT] 🔄 Redraw executing drawChart...
PollingCoordinator.js:227 [PollingCoordinator] Completed: OrderFlow_UNIUSDT
PollingCoordinator.js:227 [PollingCoordinator] Completed: SymbolList_PriceChanges
CandleCache.js:69 [CandleCache] 💾 UNIUSDT@1 - desde memoria (1446 velas)
CandleCache.js:393 [CandleCache] OK VALIDATION UNIUSDT@1: 1446 velas sin gaps
CandleCache.js:269 [CandleCache] UNIUSDT@1 - Cache valido: 1446 velas, sin gaps significativos
MiniChart.jsx:1200 [UNIUSDT] Carga INCREMENTAL: desde 30/1/2026, 7:53:00 p.m. (1446 velas en cache)
CandleCache.js:393 [CandleCache] OK CACHE-ANTES-MERGE UNIUSDT: 1446 velas sin gaps
CandleCache.js:197 [CandleCache] 🔄 Merge: 1446 cached + 1 new = 1446 total
MiniChart.jsx:1260 [UNIUSDT] Incremental: +1 velas nuevas = 1446 total
CandleCache.js:393 [CandleCache] OK MERGED UNIUSDT: 1446 velas sin gaps
MiniChart.jsx:1290 [UNIUSDT] ✅ Histórico final: 1446 velas
CandleCache.js:169 [CandleCache] ✅ UNIUSDT@1 - guardado (1446 velas, memoria: 1/4)
PollingCoordinator.js:218 [PollingCoordinator] Executing: SwingDetector_Status_UNIUSDT
PollingCoordinator.js:227 [PollingCoordinator] Completed: SwingDetector_Status_UNIUSDT
PollingCoordinator.js:218 [PollingCoordinator] Executing: SwingDetector_Signals_UNIUSDT
IndicatorCache.js:71 [IndicatorCache] 💾 swing@UNIUSDT desde memoria
MiniChart.jsx?t=1769820472299:1579 [UNIUSDT] 🔄 requestRedraw called (candles: 1446)
MiniChart.jsx?t=1769820472299:1581 [UNIUSDT] 🔄 Redraw executing drawChart...
PollingCoordinator.js:218 [PollingCoordinator] Executing: OrderFlow_UNIUSDT
PollingCoordinator.js:218 [PollingCoordinator] Executing: VWAP_UNIUSDT
MiniChart.jsx:2130 [UNIUSDT] 🔄 requestRedraw called (candles: 1446)
MiniChart.jsx:2132 [UNIUSDT] 🔄 Redraw executing drawChart...
PollingCoordinator.js:227 [PollingCoordinator] Completed: OrderFlow_UNIUSDT
Logger.js:100 ✅ [7:54:29 p. m.] [VWAP] [UNIUSDT] VWAP updated (polling): 1440 points
MiniChart.jsx:2130 [UNIUSDT] 🔄 requestRedraw called (candles: 1446)
MiniChart.jsx:2132 [UNIUSDT] 🔄 Redraw executing drawChart...
Logger.js:100 ✅ [7:54:29 p. m.] [VWAP] [UNIUSDT] VWAP requestRedraw() called after polling
PollingCoordinator.js:227 [PollingCoordinator] Completed: VWAP_UNIUSDT
SwingDetectorIndicator.js:142 [UNIUSDT] SwingDetector initialized with 1 days
IndicatorCache.js:71 [IndicatorCache] 💾 swing@UNIUSDT desde memoria
MiniChart.jsx:2130 [UNIUSDT] 🔄 requestRedraw called (candles: 1446)
MiniChart.jsx:2132 [UNIUSDT] 🔄 Redraw executing drawChart...
Logger.js:100 ✅ [7:54:34 p. m.] [Manager] [UNIUSDT] 🚀 startAllPolling() llamado - 3 indicadores
Logger.js:100 ✅ [7:54:34 p. m.] [Manager] [UNIUSDT] -> Llamando startPollingIfReady() para VWAP
Logger.js:100 ✅ [7:54:34 p. m.] [VWAP] [UNIUSDT] VWAP startPollingIfReady: pollingId=true, enabled=true, destroyed=false
Logger.js:100 ✅ [7:54:34 p. m.] [Manager] [UNIUSDT] -> Llamando startPollingIfReady() para Swing Detector
SwingDetectorIndicator.js:123 [UNIUSDT] SwingDetector startPollingIfReady: pollingId=true, enabled=true, config.enabled=true
Logger.js:100 ✅ [7:54:34 p. m.] [Manager] [UNIUSDT] -> Llamando startPollingIfReady() para Order Flow
Logger.js:100 ✅ [7:54:34 p. m.] [Manager] [UNIUSDT] 🚀 Polling iniciado para todos los indicadores
PollingCoordinator.js:218 [PollingCoordinator] Executing: OrderFlow_UNIUSDT
MiniChart.jsx:2130 [UNIUSDT] 🔄 requestRedraw called (candles: 1446)
MiniChart.jsx:2132 [UNIUSDT] 🔄 Redraw executing drawChart...
PollingCoordinator.js:227 [PollingCoordinator] Completed: OrderFlow_UNIUSDT
PollingCoordinator.js:218 [PollingCoordinator] Executing: SwingDetector_Status_UNIUSDT
PollingCoordinator.js:227 [PollingCoordinator] Completed: SwingDetector_Status_UNIUSDT
PollingCoordinator.js:218 [PollingCoordinator] Executing: SwingDetector_Signals_UNIUSDT
IndicatorCache.js:71 [IndicatorCache] 💾 swing@UNIUSDT desde memoria
MiniChart.jsx:2130 [UNIUSDT] 🔄 requestRedraw called (candles: 1446)
MiniChart.jsx:2132 [UNIUSDT] 🔄 Redraw executing drawChart...
PollingCoordinator.js:227 [PollingCoordinator] Completed: SwingDetector_Signals_UNIUSDT
PollingCoordinator.js:218 [PollingCoordinator] Executing: OrderFlow_UNIUSDT
MiniChart.jsx:2130 [UNIUSDT] 🔄 requestRedraw called (candles: 1446)
MiniChart.jsx:2132 [UNIUSDT] 🔄 Redraw executing drawChart...
PollingCoordinator.js:227 [PollingCoordinator] Completed: OrderFlow_UNIUSDT
PollingCoordinator.js:218 [PollingCoordinator] Executing: SwingDetector_Status_UNIUSDT
PollingCoordinator.js:227 [PollingCoordinator] Completed: SwingDetector_Status_UNIUSDT
PollingCoordinator.js:218 [PollingCoordinator] Executing: SwingDetector_Signals_UNIUSDT
IndicatorCache.js:71 [IndicatorCache] 💾 swing@UNIUSDT desde memoria
MiniChart.jsx:2130 [UNIUSDT] 🔄 requestRedraw called (candles: 1446)
MiniChart.jsx:2132 [UNIUSDT] 🔄 Redraw executing drawChart...
PollingCoordinator.js:227 [PollingCoordinator] Completed: SwingDetector_Signals_UNIUSDT
PollingCoordinator.js:218 [PollingCoordinator] Executing: SwingDetector_Signals_UNIUSDT
IndicatorCache.js:71 [IndicatorCache] 💾 swing@UNIUSDT desde memoria
MiniChart.jsx?t=1769820451620:1581 [UNIUSDT] 🔄 requestRedraw called (candles: 0)
PollingCoordinator.js:227 [PollingCoordinator] Completed: SwingDetector_Signals_UNIUSDT
PollingCoordinator.js:218 [PollingCoordinator] Executing: OrderFlow_UNIUSDT
MiniChart.jsx:2130 [UNIUSDT] 🔄 requestRedraw called (candles: 1446)
MiniChart.jsx:2132 [UNIUSDT] 🔄 Redraw executing drawChart...
PollingCoordinator.js:227 [PollingCoordinator] Completed: OrderFlow_UNIUSDT
PollingCoordinator.js:218 [PollingCoordinator] Executing: SwingDetector_Status_UNIUSDT
PollingCoordinator.js:227 [PollingCoordinator] Completed: SwingDetector_Status_UNIUSDT
PollingCoordinator.js:218 [PollingCoordinator] Executing: SwingDetector_Signals_UNIUSDT
IndicatorCache.js:71 [IndicatorCache] 💾 swing@UNIUSDT desde memoria
MiniChart.jsx?t=1769820439739:1581 [UNIUSDT] 🔄 requestRedraw called (candles: 0)
PollingCoordinator.js:227 [PollingCoordinator] Completed: SwingDetector_Signals_UNIUSDT
PollingCoordinator.js:218 [PollingCoordinator] Executing: OrderFlow_UNIUSDT
MiniChart.jsx:2130 [UNIUSDT] 🔄 requestRedraw called (candles: 1446)
MiniChart.jsx:2132 [UNIUSDT] 🔄 Redraw executing drawChart...
PollingCoordinator.js:227 [PollingCoordinator] Completed: OrderFlow_UNIUSDT
PollingCoordinator.js:218 [PollingCoordinator] Executing: SwingDetector_Signals_UNIUSDT
IndicatorCache.js:71 [IndicatorCache] 💾 swing@UNIUSDT desde memoria
MiniChart.jsx?t=1769820472299:1579 [UNIUSDT] 🔄 requestRedraw called (candles: 1446)
MiniChart.jsx?t=1769820472299:1581 [UNIUSDT] 🔄 Redraw executing drawChart...
PollingCoordinator.js:218 [PollingCoordinator] Executing: OrderFlow_UNIUSDT
MiniChart.jsx:2130 [UNIUSDT] 🔄 requestRedraw called (candles: 1446)
MiniChart.jsx:2132 [UNIUSDT] 🔄 Redraw executing drawChart...
PollingCoordinator.js:227 [PollingCoordinator] Completed: OrderFlow_UNIUSDT
PollingCoordinator.js:218 [PollingCoordinator] Executing: OrderFlow_UNIUSDT
CandleCache.js:169 [CandleCache] ✅ UNIUSDT@1 - guardado (1447 velas, memoria: 1/4)
MiniChart.jsx:2130 [UNIUSDT] 🔄 requestRedraw called (candles: 1447)
MiniChart.jsx:2132 [UNIUSDT] 🔄 Redraw executing drawChart...
PollingCoordinator.js:227 [PollingCoordinator] Completed: OrderFlow_UNIUSDT
SwingDetectorIndicator.js:238 [UNIUSDT] SwingDetector: 199/199 signals for interval 1 (cached)
Logger.js:100 ✅ [7:55:04 p. m.] [VWAP] [UNIUSDT] VWAP updated (polling): 1440 points
MiniChart.jsx:2130 [UNIUSDT] 🔄 requestRedraw called (candles: 1447)
MiniChart.jsx:2132 [UNIUSDT] 🔄 Redraw executing drawChart...
PollingCoordinator.js:218 [PollingCoordinator] Executing: SwingDetector_Signals_UNIUSDT
IndicatorCache.js:71 [IndicatorCache] 💾 swing@UNIUSDT desde memoria
MiniChart.jsx:2130 [UNIUSDT] 🔄 requestRedraw called (candles: 1447)
MiniChart.jsx:2132 [UNIUSDT] 🔄 Redraw executing drawChart...
PollingCoordinator.js:227 [PollingCoordinator] Completed: SwingDetector_Signals_UNIUSDT
PollingCoordinator.js:218 [PollingCoordinator] Executing: OrderFlow_UNIUSDT
MiniChart.jsx:2130 [UNIUSDT] 🔄 requestRedraw called (candles: 1447)
MiniChart.jsx:2132 [UNIUSDT] 🔄 Redraw executing drawChart...
PollingCoordinator.js:227 [PollingCoordinator] Completed: OrderFlow_UNIUSDT
PollingCoordinator.js:218 [PollingCoordinator] Executing: SwingDetector_Signals_UNIUSDT
IndicatorCache.js:71 [IndicatorCache] 💾 swing@UNIUSDT desde memoria
MiniChart.jsx:2130 [UNIUSDT] 🔄 requestRedraw called (candles: 1447)
MiniChart.jsx:2132 [UNIUSDT] 🔄 Redraw executing drawChart...
PollingCoordinator.js:227 [PollingCoordinator] Completed: SwingDetector_Signals_UNIUSDT
PollingCoordinator.js:218 [PollingCoordinator] Executing: SwingDetector_Status_UNIUSDT
PollingCoordinator.js:227 [PollingCoordinator] Completed: SwingDetector_Status_UNIUSDT
PollingCoordinator.js:218 [PollingCoordinator] Executing: SwingDetector_Signals_UNIUSDT
IndicatorCache.js:71 [IndicatorCache] 💾 swing@UNIUSDT desde memoria
MiniChart.jsx?t=1769820451620:1581 [UNIUSDT] 🔄 requestRedraw called (candles: 0)
PollingCoordinator.js:227 [PollingCoordinator] Completed: SwingDetector_Signals_UNIUSDT
PollingCoordinator.js:218 [PollingCoordinator] Executing: OrderFlow_UNIUSDT
MiniChart.jsx:2130 [UNIUSDT] 🔄 requestRedraw called (candles: 1447)
MiniChart.jsx:2132 [UNIUSDT] 🔄 Redraw executing drawChart...
PollingCoordinator.js:227 [PollingCoordinator] Completed: OrderFlow_UNIUSDT
PollingCoordinator.js:218 [PollingCoordinator] Executing: SwingDetector_Signals_UNIUSDT
IndicatorCache.js:71 [IndicatorCache] 💾 swing@UNIUSDT desde memoria
MiniChart.jsx?t=1769820439739:1581 [UNIUSDT] 🔄 requestRedraw called (candles: 0)
PollingCoordinator.js:227 [PollingCoordinator] Completed: SwingDetector_Signals_UNIUSDT
PollingCoordinator.js:218 [PollingCoordinator] Executing: OrderFlow_UNIUSDT
PollingCoordinator.js:218 [PollingCoordinator] Executing: SymbolList_PriceChanges
MiniChart.jsx:2130 [UNIUSDT] 🔄 requestRedraw called (candles: 1447)
MiniChart.jsx:2132 [UNIUSDT] 🔄 Redraw executing drawChart...
PollingCoordinator.js:227 [PollingCoordinator] Completed: OrderFlow_UNIUSDT
PollingCoordinator.js:227 [PollingCoordinator] Completed: SymbolList_PriceChanges
PollingCoordinator.js:218 [PollingCoordinator] Executing: SwingDetector_Status_UNIUSDT
PollingCoordinator.js:227 [PollingCoordinator] Completed: SwingDetector_Status_UNIUSDT
PollingCoordinator.js:218 [PollingCoordinator] Executing: SwingDetector_Signals_UNIUSDT
IndicatorCache.js:71 [IndicatorCache] 💾 swing@UNIUSDT desde memoria
MiniChart.jsx?t=1769820472299:1579 [UNIUSDT] 🔄 requestRedraw called (candles: 1447)
MiniChart.jsx?t=1769820472299:1581 [UNIUSDT] 🔄 Redraw executing drawChart...
PollingCoordinator.js:218 [PollingCoordinator] Executing: OrderFlow_UNIUSDT
MiniChart.jsx:2130 [UNIUSDT] 🔄 requestRedraw called (candles: 1447)
MiniChart.jsx:2132 [UNIUSDT] 🔄 Redraw executing drawChart...
PollingCoordinator.js:227 [PollingCoordinator] Completed: OrderFlow_UNIUSDT
PollingCoordinator.js:218 [PollingCoordinator] Executing: VWAP_UNIUSDT
Logger.js:100 ✅ [7:55:29 p. m.] [VWAP] [UNIUSDT] VWAP updated (polling): 1440 points
MiniChart.jsx:2130 [UNIUSDT] 🔄 requestRedraw called (candles: 1447)
MiniChart.jsx:2132 [UNIUSDT] 🔄 Redraw executing drawChart...
Logger.js:100 ✅ [7:55:29 p. m.] [VWAP] [UNIUSDT] VWAP requestRedraw() called after polling
PollingCoordinator.js:227 [PollingCoordinator] Completed: VWAP_UNIUSDT
PollingCoordinator.js:218 [PollingCoordinator] Executing: OrderFlow_UNIUSDT
MiniChart.jsx:2130 [UNIUSDT] 🔄 requestRedraw called (candles: 1447)
MiniChart.jsx:2132 [UNIUSDT] 🔄 Redraw executing drawChart...
PollingCoordinator.js:227 [PollingCoordinator] Completed: OrderFlow_UNIUSDT
PollingCoordinator.js:218 [PollingCoordinator] Executing: OrderFlow_UNIUSDT
MiniChart.jsx:2130 [UNIUSDT] 🔄 requestRedraw called (candles: 1447)
MiniChart.jsx:2132 [UNIUSDT] 🔄 Redraw executing drawChart...
PollingCoordinator.js:227 [PollingCoordinator] Completed: OrderFlow_UNIUSDT
PollingCoordinator.js:218 [PollingCoordinator] Executing: SwingDetector_Status_UNIUSDT
PollingCoordinator.js:227 [PollingCoordinator] Completed: SwingDetector_Status_UNIUSDT
PollingCoordinator.js:218 [PollingCoordinator] Executing: SwingDetector_Signals_UNIUSDT
IndicatorCache.js:71 [IndicatorCache] 💾 swing@UNIUSDT desde memoria
MiniChart.jsx:2130 [UNIUSDT] 🔄 requestRedraw called (candles: 1447)
MiniChart.jsx:2132 [UNIUSDT] 🔄 Redraw executing drawChart...
PollingCoordinator.js:227 [PollingCoordinator] Completed: SwingDetector_Signals_UNIUSDT
PollingCoordinator.js:218 [PollingCoordinator] Executing: OrderFlow_UNIUSDT
MiniChart.jsx:2130 [UNIUSDT] 🔄 requestRedraw called (candles: 1447)
MiniChart.jsx:2132 [UNIUSDT] 🔄 Redraw executing drawChart...
PollingCoordinator.js:227 [PollingCoordinator] Completed: OrderFlow_UNIUSDT
PollingCoordinator.js:218 [PollingCoordinator] Executing: SwingDetector_Status_UNIUSDT
PollingCoordinator.js:227 [PollingCoordinator] Completed: SwingDetector_Status_UNIUSDT
PollingCoordinator.js:218 [PollingCoordinator] Executing: SwingDetector_Signals_UNIUSDT
IndicatorCache.js:71 [IndicatorCache] 💾 swing@UNIUSDT desde memoria
MiniChart.jsx:2130 [UNIUSDT] 🔄 requestRedraw called (candles: 1447)
MiniChart.jsx:2132 [UNIUSDT] 🔄 Redraw executing drawChart...
PollingCoordinator.js:227 [PollingCoordinator] Completed: SwingDetector_Signals_UNIUSDT
PollingCoordinator.js:218 [PollingCoordinator] Executing: SwingDetector_Signals_UNIUSDT
IndicatorCache.js:71 [IndicatorCache] 💾 swing@UNIUSDT desde memoria
MiniChart.jsx?t=1769820451620:1581 [UNIUSDT] 🔄 requestRedraw called (candles: 0)
PollingCoordinator.js:227 [PollingCoordinator] Completed: SwingDetector_Signals_UNIUSDT
PollingCoordinator.js:218 [PollingCoordinator] Executing: SwingDetector_Status_UNIUSDT
PollingCoordinator.js:227 [PollingCoordinator] Completed: SwingDetector_Status_UNIUSDT
PollingCoordinator.js:218 [PollingCoordinator] Executing: SwingDetector_Signals_UNIUSDT
IndicatorCache.js:71 [IndicatorCache] 💾 swing@UNIUSDT desde memoria
MiniChart.jsx?t=1769820439739:1581 [UNIUSDT] 🔄 requestRedraw called (candles: 0)
PollingCoordinator.js:227 [PollingCoordinator] Completed: SwingDetector_Signals_UNIUSDT
PollingCoordinator.js:218 [PollingCoordinator] Executing: OrderFlow_UNIUSDT
MiniChart.jsx:2130 [UNIUSDT] 🔄 requestRedraw called (candles: 1447)
MiniChart.jsx:2132 [UNIUSDT] 🔄 Redraw executing drawChart...
PollingCoordinator.js:227 [PollingCoordinator] Completed: OrderFlow_UNIUSDT
PollingCoordinator.js:218 [PollingCoordinator] Executing: OrderFlow_UNIUSDT
MiniChart.jsx:2130 [UNIUSDT] 🔄 requestRedraw called (candles: 1447)
MiniChart.jsx:2132 [UNIUSDT] 🔄 Redraw executing drawChart...
PollingCoordinator.js:227 [PollingCoordinator] Completed: OrderFlow_UNIUSDT
PollingCoordinator.js:218 [PollingCoordinator] Executing: SwingDetector_Signals_UNIUSDT
IndicatorCache.js:71 [IndicatorCache] 💾 swing@UNIUSDT desde memoria
MiniChart.jsx?t=1769820472299:1579 [UNIUSDT] 🔄 requestRedraw called (candles: 1447)
MiniChart.jsx?t=1769820472299:1581 [UNIUSDT] 🔄 Redraw executing drawChart...
PollingCoordinator.js:218 [PollingCoordinator] Executing: OrderFlow_UNIUSDT
MiniChart.jsx:2130 [UNIUSDT] 🔄 requestRedraw called (candles: 1447)
MiniChart.jsx:2132 [UNIUSDT] 🔄 Redraw executing drawChart...
PollingCoordinator.js:227 [PollingCoordinator] Completed: OrderFlow_UNIUSDT
PollingCoordinator.js:218 [PollingCoordinator] Executing: OrderFlow_UNIUSDT
MiniChart.jsx:2130 [UNIUSDT] 🔄 requestRedraw called (candles: 1447)
MiniChart.jsx:2132 [UNIUSDT] 🔄 Redraw executing drawChart...
PollingCoordinator.js:227 [PollingCoordinator] Completed: OrderFlow_UNIUSDT
CandleCache.js:169 [CandleCache] ✅ UNIUSDT@1 - guardado (1448 velas, memoria: 1/4)
Logger.js:100 ✅ [7:56:03 p. m.] [VWAP] [UNIUSDT] VWAP updated (polling): 1440 points
SwingDetectorIndicator.js:238 [UNIUSDT] SwingDetector: 199/199 signals for interval 1 (cached)
MiniChart.jsx:2130 [UNIUSDT] 🔄 requestRedraw called (candles: 1448)
MiniChart.jsx:2132 [UNIUSDT] 🔄 Redraw executing drawChart...
PollingCoordinator.js:218 [PollingCoordinator] Executing: SwingDetector_Signals_UNIUSDT
IndicatorCache.js:71 [IndicatorCache] 💾 swing@UNIUSDT desde memoria
MiniChart.jsx:2130 [UNIUSDT] 🔄 requestRedraw called (candles: 1448)
MiniChart.jsx:2132 [UNIUSDT] 🔄 Redraw executing drawChart...
PollingCoordinator.js:227 [PollingCoordinator] Completed: SwingDetector_Signals_UNIUSDT
PollingCoordinator.js:218 [PollingCoordinator] Executing: OrderFlow_UNIUSDT
MiniChart.jsx:2130 [UNIUSDT] 🔄 requestRedraw called (candles: 1448)
MiniChart.jsx:2132 [UNIUSDT] 🔄 Redraw executing drawChart...
PollingCoordinator.js:227 [PollingCoordinator] Completed: OrderFlow_UNIUSDT
PollingCoordinator.js:218 [PollingCoordinator] Executing: SwingDetector_Signals_UNIUSDT
IndicatorCache.js:71 [IndicatorCache] 💾 swing@UNIUSDT desde memoria
MiniChart.jsx:2130 [UNIUSDT] 🔄 requestRedraw called (candles: 1448)
MiniChart.jsx:2132 [UNIUSDT] 🔄 Redraw executing drawChart...
PollingCoordinator.js:227 [PollingCoordinator] Completed: SwingDetector_Signals_UNIUSDT
PollingCoordinator.js:218 [PollingCoordinator] Executing: OrderFlow_UNIUSDT
MiniChart.jsx:2130 [UNIUSDT] 🔄 requestRedraw called (candles: 1448)
MiniChart.jsx:2132 [UNIUSDT] 🔄 Redraw executing drawChart...
PollingCoordinator.js:227 [PollingCoordinator] Completed: OrderFlow_UNIUSDT
PollingCoordinator.js:218 [PollingCoordinator] Executing: SwingDetector_Status_UNIUSDT
PollingCoordinator.js:227 [PollingCoordinator] Completed: SwingDetector_Status_UNIUSDT
PollingCoordinator.js:218 [PollingCoordinator] Executing: SwingDetector_Signals_UNIUSDT
IndicatorCache.js:71 [IndicatorCache] 💾 swing@UNIUSDT desde memoria
MiniChart.jsx?t=1769820451620:1581 [UNIUSDT] 🔄 requestRedraw called (candles: 0)
PollingCoordinator.js:227 [PollingCoordinator] Completed: SwingDetector_Signals_UNIUSDT
PollingCoordinator.js:218 [PollingCoordinator] Executing: SwingDetector_Signals_UNIUSDT
IndicatorCache.js:71 [IndicatorCache] 💾 swing@UNIUSDT desde memoria
MiniChart.jsx?t=1769820439739:1581 [UNIUSDT] 🔄 requestRedraw called (candles: 0)
PollingCoordinator.js:227 [PollingCoordinator] Completed: SwingDetector_Signals_UNIUSDT
PollingCoordinator.js:218 [PollingCoordinator] Executing: OrderFlow_UNIUSDT
MiniChart.jsx:2130 [UNIUSDT] 🔄 requestRedraw called (candles: 1448)
MiniChart.jsx:2132 [UNIUSDT] 🔄 Redraw executing drawChart...
PollingCoordinator.js:227 [PollingCoordinator] Completed: OrderFlow_UNIUSDT
PollingCoordinator.js:218 [PollingCoordinator] Executing: SymbolList_PriceChanges
PollingCoordinator.js:227 [PollingCoordinator] Completed: SymbolList_PriceChanges
PollingCoordinator.js:218 [PollingCoordinator] Executing: SwingDetector_Status_UNIUSDT
PollingCoordinator.js:227 [PollingCoordinator] Completed: SwingDetector_Status_UNIUSDT
PollingCoordinator.js:218 [PollingCoordinator] Executing: SwingDetector_Signals_UNIUSDT
IndicatorCache.js:71 [IndicatorCache] 💾 swing@UNIUSDT desde memoria
MiniChart.jsx?t=1769820472299:1579 [UNIUSDT] 🔄 requestRedraw called (candles: 1448)
MiniChart.jsx?t=1769820472299:1581 [UNIUSDT] 🔄 Redraw executing drawChart...
PollingCoordinator.js:218 [PollingCoordinator] Executing: OrderFlow_UNIUSDT
MiniChart.jsx:2130 [UNIUSDT] 🔄 requestRedraw called (candles: 1448)
MiniChart.jsx:2132 [UNIUSDT] 🔄 Redraw executing drawChart...
Logger.js:100 ✅ [7:56:23 p. m.] [Manager] [UNIUSDT] renderOverlays: VWAP found, enabled=true, dataMap.size=1440
VWAPIndicator.js?t=1769820560257:330 [UNIUSDT] 🎨 VWAP renderOverlay EXECUTING: dataMap=1440, visibleCandles=800
VWAPIndicator.js?t=1769820560257:360 [UNIUSDT] 🔴 VWAP DEBUG RECTANGLE at (30, 45), bounds={x:10,y:25,w:810,h:400}
VWAPIndicator.js?t=1769820560257:361 [UNIUSDT] 🔴 VWAP viewport: min=4.1360, max=4.3450, hasPriceToY=true
VWAPIndicator.js?t=1769820560257:405 [UNIUSDT] 🎨 VWAP _drawVWAPLine: matched=781, missed=19 of 800 candles
VWAPIndicator.js?t=1769820560257:417 [UNIUSDT] 🎨 VWAP sample: vwap=4.2634, Y=181.1, bounds={y:25, height:400}, viewport={min:4.1360, max:4.3450}
VWAPIndicator.js?t=1769820560257:423 [UNIUSDT] 🔍 Sample candle.timestamp=1769773020000, dataMap first keys=[1769733480000,1769733540000,1769733600000]
PollingCoordinator.js:227 [PollingCoordinator] Completed: OrderFlow_UNIUSDT
PollingCoordinator.js:218 [PollingCoordinator] Executing: OrderFlow_UNIUSDT
MiniChart.jsx:2130 [UNIUSDT] 🔄 requestRedraw called (candles: 1448)
MiniChart.jsx:2132 [UNIUSDT] 🔄 Redraw executing drawChart...
PollingCoordinator.js:227 [PollingCoordinator] Completed: OrderFlow_UNIUSDT
PollingCoordinator.js:218 [PollingCoordinator] Executing: VWAP_UNIUSDT
Logger.js:100 ✅ [7:56:29 p. m.] [VWAP] [UNIUSDT] VWAP updated (polling): 1440 points
MiniChart.jsx:2130 [UNIUSDT] 🔄 requestRedraw called (candles: 1448)
MiniChart.jsx:2132 [UNIUSDT] 🔄 Redraw executing drawChart...
Logger.js:100 ✅ [7:56:29 p. m.] [VWAP] [UNIUSDT] VWAP requestRedraw() called after polling
PollingCoordinator.js:227 [PollingCoordinator] Completed: VWAP_UNIUSDT
PollingCoordinator.js:218 [PollingCoordinator] Executing: OrderFlow_UNIUSDT
MiniChart.jsx:2130 [UNIUSDT] 🔄 requestRedraw called (candles: 1448)
MiniChart.jsx:2132 [UNIUSDT] 🔄 Redraw executing drawChart...
PollingCoordinator.js:227 [PollingCoordinator] Completed: OrderFlow_UNIUSDT
PollingCoordinator.js:218 [PollingCoordinator] Executing: SwingDetector_Status_UNIUSDT
PollingCoordinator.js:227 [PollingCoordinator] Completed: SwingDetector_Status_UNIUSDT
PollingCoordinator.js:218 [PollingCoordinator] Executing: SwingDetector_Signals_UNIUSDT
IndicatorCache.js:71 [IndicatorCache] 💾 swing@UNIUSDT desde memoria
MiniChart.jsx:2130 [UNIUSDT] 🔄 requestRedraw called (candles: 1448)
MiniChart.jsx:2132 [UNIUSDT] 🔄 Redraw executing drawChart...
PollingCoordinator.js:227 [PollingCoordinator] Completed: SwingDetector_Signals_UNIUSDT
PollingCoordinator.js:218 [PollingCoordinator] Executing: OrderFlow_UNIUSDT
MiniChart.jsx:2130 [UNIUSDT] 🔄 requestRedraw called (candles: 1448)
MiniChart.jsx:2132 [UNIUSDT] 🔄 Redraw executing drawChart...
PollingCoordinator.js:227 [PollingCoordinator] Completed: OrderFlow_UNIUSDT
PollingCoordinator.js:218 [PollingCoordinator] Executing: SwingDetector_Status_UNIUSDT
PollingCoordinator.js:227 [PollingCoordinator] Completed: SwingDetector_Status_UNIUSDT
PollingCoordinator.js:218 [PollingCoordinator] Executing: SwingDetector_Signals_UNIUSDT
IndicatorCache.js:71 [IndicatorCache] 💾 swing@UNIUSDT desde memoria
MiniChart.jsx:2130 [UNIUSDT] 🔄 requestRedraw called (candles: 1448)
MiniChart.jsx:2132 [UNIUSDT] 🔄 Redraw executing drawChart...
PollingCoordinator.js:227 [PollingCoordinator] Completed: SwingDetector_Signals_UNIUSDT
PollingCoordinator.js:218 [PollingCoordinator] Executing: SwingDetector_Signals_UNIUSDT
IndicatorCache.js:71 [IndicatorCache] 💾 swing@UNIUSDT desde memoria
MiniChart.jsx?t=1769820451620:1581 [UNIUSDT] 🔄 requestRedraw called (candles: 0)
PollingCoordinator.js:227 [PollingCoordinator] Completed: SwingDetector_Signals_UNIUSDT
PollingCoordinator.js:218 [PollingCoordinator] Executing: OrderFlow_UNIUSDT
MiniChart.jsx:2130 [UNIUSDT] 🔄 requestRedraw called (candles: 1448)
MiniChart.jsx:2132 [UNIUSDT] 🔄 Redraw executing drawChart...
PollingCoordinator.js:227 [PollingCoordinator] Completed: OrderFlow_UNIUSDT
PollingCoordinator.js:218 [PollingCoordinator] Executing: SwingDetector_Status_UNIUSDT
PollingCoordinator.js:227 [PollingCoordinator] Completed: SwingDetector_Status_UNIUSDT
PollingCoordinator.js:218 [PollingCoordinator] Executing: SwingDetector_Signals_UNIUSDT
IndicatorCache.js:71 [IndicatorCache] 💾 swing@UNIUSDT desde memoria
MiniChart.jsx?t=1769820439739:1581 [UNIUSDT] 🔄 requestRedraw called (candles: 0)
PollingCoordinator.js:227 [PollingCoordinator] Completed: SwingDetector_Signals_UNIUSDT
PollingCoordinator.js:218 [PollingCoordinator] Executing: OrderFlow_UNIUSDT
MiniChart.jsx:2130 [UNIUSDT] 🔄 requestRedraw called (candles: 1448)
MiniChart.jsx:2132 [UNIUSDT] 🔄 Redraw executing drawChart...
PollingCoordinator.js:227 [PollingCoordinator] Completed: OrderFlow_UNIUSDT
PollingCoordinator.js:218 [PollingCoordinator] Executing: SwingDetector_Signals_UNIUSDT
IndicatorCache.js:71 [IndicatorCache] 💾 swing@UNIUSDT desde memoria
MiniChart.jsx?t=1769820472299:1579 [UNIUSDT] 🔄 requestRedraw called (candles: 1448)
MiniChart.jsx?t=1769820472299:1581 [UNIUSDT] 🔄 Redraw executing drawChart...
PollingCoordinator.js:218 [PollingCoordinator] Executing: OrderFlow_UNIUSDT
MiniChart.jsx:2130 [UNIUSDT] 🔄 requestRedraw called (candles: 1448)
MiniChart.jsx:2132 [UNIUSDT] 🔄 Redraw executing drawChart...
PollingCoordinator.js:227 [PollingCoordinator] Completed: OrderFlow_UNIUSDT
PollingCoordinator.js:218 [PollingCoordinator] Executing: OrderFlow_UNIUSDT
MiniChart.jsx:2130 [UNIUSDT] 🔄 requestRedraw called (candles: 1448)
MiniChart.jsx:2132 [UNIUSDT] 🔄 Redraw executing drawChart...
PollingCoordinator.js:227 [PollingCoordinator] Completed: OrderFlow_UNIUSDT
CandleCache.js:169 [CandleCache] ✅ UNIUSDT@1 - guardado (1449 velas, memoria: 1/4)
SwingDetectorIndicator.js:238 [UNIUSDT] SwingDetector: 199/199 signals for interval 1 (cached)
Logger.js:100 ✅ [7:57:03 p. m.] [VWAP] [UNIUSDT] VWAP updated (polling): 1440 points
MiniChart.jsx:2130 [UNIUSDT] 🔄 requestRedraw called (candles: 1449)
MiniChart.jsx:2132 [UNIUSDT] 🔄 Redraw executing drawChart...
PollingCoordinator.js:218 [PollingCoordinator] Executing: OrderFlow_UNIUSDT
MiniChart.jsx:2130 [UNIUSDT] 🔄 requestRedraw called (candles: 1449)
MiniChart.jsx:2132 [UNIUSDT] 🔄 Redraw executing drawChart...
PollingCoordinator.js:227 [PollingCoordinator] Completed: OrderFlow_UNIUSDT
PollingCoordinator.js:218 [PollingCoordinator] Executing: SwingDetector_Signals_UNIUSDT
IndicatorCache.js:71 [IndicatorCache] 💾 swing@UNIUSDT desde memoria
MiniChart.jsx:2130 [UNIUSDT] 🔄 requestRedraw called (candles: 1449)
MiniChart.jsx:2132 [UNIUSDT] 🔄 Redraw executing drawChart...
PollingCoordinator.js:227 [PollingCoordinator] Completed: SwingDetector_Signals_UNIUSDT
PollingCoordinator.js:218 [PollingCoordinator] Executing: OrderFlow_UNIUSDT
MiniChart.jsx:2130 [UNIUSDT] 🔄 requestRedraw called (candles: 1449)
MiniChart.jsx:2132 [UNIUSDT] 🔄 Redraw executing drawChart...
PollingCoordinator.js:227 [PollingCoordinator] Completed: OrderFlow_UNIUSDT
PollingCoordinator.js:218 [PollingCoordinator] Executing: SwingDetector_Signals_UNIUSDT
IndicatorCache.js:71 [IndicatorCache] 💾 swing@UNIUSDT desde memoria
MiniChart.jsx:2130 [UNIUSDT] 🔄 requestRedraw called (candles: 1449)
MiniChart.jsx:2132 [UNIUSDT] 🔄 Redraw executing drawChart...
PollingCoordinator.js:227 [PollingCoordinator] Completed: SwingDetector_Signals_UNIUSDT
PollingCoordinator.js:218 [PollingCoordinator] Executing: SwingDetector_Status_UNIUSDT
PollingCoordinator.js:227 [PollingCoordinator] Completed: SwingDetector_Status_UNIUSDT
PollingCoordinator.js:218 [PollingCoordinator] Executing: SwingDetector_Signals_UNIUSDT
IndicatorCache.js:71 [IndicatorCache] 💾 swing@UNIUSDT desde memoria
MiniChart.jsx?t=1769820451620:1581 [UNIUSDT] 🔄 requestRedraw called (candles: 0)
PollingCoordinator.js:227 [PollingCoordinator] Completed: SwingDetector_Signals_UNIUSDT
PollingCoordinator.js:218 [PollingCoordinator] Executing: SwingDetector_Signals_UNIUSDT
IndicatorCache.js:71 [IndicatorCache] 💾 swing@UNIUSDT desde memoria
MiniChart.jsx?t=1769820439739:1581 [UNIUSDT] 🔄 requestRedraw called (candles: 0)
PollingCoordinator.js:227 [PollingCoordinator] Completed: SwingDetector_Signals_UNIUSDT
PollingCoordinator.js:218 [PollingCoordinator] Executing: OrderFlow_UNIUSDT
MiniChart.jsx:2130 [UNIUSDT] 🔄 requestRedraw called (candles: 1449)
MiniChart.jsx:2132 [UNIUSDT] 🔄 Redraw executing drawChart...
PollingCoordinator.js:227 [PollingCoordinator] Completed: OrderFlow_UNIUSDT
PollingCoordinator.js:218 [PollingCoordinator] Executing: SymbolList_PriceChanges
PollingCoordinator.js:218 [PollingCoordinator] Executing: OrderFlow_UNIUSDT
MiniChart.jsx:2130 [UNIUSDT] 🔄 requestRedraw called (candles: 1449)
MiniChart.jsx:2132 [UNIUSDT] 🔄 Redraw executing drawChart...
PollingCoordinator.js:227 [PollingCoordinator] Completed: OrderFlow_UNIUSDT
PollingCoordinator.js:218 [PollingCoordinator] Executing: SwingDetector_Status_UNIUSDT
PollingCoordinator.js:227 [PollingCoordinator] Completed: SwingDetector_Status_UNIUSDT
PollingCoordinator.js:218 [PollingCoordinator] Executing: SwingDetector_Signals_UNIUSDT
IndicatorCache.js:71 [IndicatorCache] 💾 swing@UNIUSDT desde memoria
MiniChart.jsx?t=1769820472299:1579 [UNIUSDT] 🔄 requestRedraw called (candles: 1449)
MiniChart.jsx?t=1769820472299:1581 [UNIUSDT] 🔄 Redraw executing drawChart...
PollingCoordinator.js:227 [PollingCoordinator] Completed: SymbolList_PriceChanges
PollingCoordinator.js:218 [PollingCoordinator] Executing: OrderFlow_UNIUSDT
MiniChart.jsx:2130 [UNIUSDT] 🔄 requestRedraw called (candles: 1449)
MiniChart.jsx:2132 [UNIUSDT] 🔄 Redraw executing drawChart...
PollingCoordinator.js:227 [PollingCoordinator] Completed: OrderFlow_UNIUSDT
PollingCoordinator.js:218 [PollingCoordinator] Executing: VWAP_UNIUSDT
Logger.js:100 ✅ [7:57:29 p. m.] [VWAP] [UNIUSDT] VWAP updated (polling): 1440 points
MiniChart.jsx:2130 [UNIUSDT] 🔄 requestRedraw called (candles: 1449)
MiniChart.jsx:2132 [UNIUSDT] 🔄 Redraw executing drawChart...
Logger.js:100 ✅ [7:57:29 p. m.] [VWAP] [UNIUSDT] VWAP requestRedraw() called after polling
PollingCoordinator.js:227 [PollingCoordinator] Completed: VWAP_UNIUSDT
PollingCoordinator.js:218 [PollingCoordinator] Executing: OrderFlow_UNIUSDT
MiniChart.jsx:2130 [UNIUSDT] 🔄 requestRedraw called (candles: 1449)
MiniChart.jsx:2132 [UNIUSDT] 🔄 Redraw executing drawChart...
PollingCoordinator.js:227 [PollingCoordinator] Completed: OrderFlow_UNIUSDT
PollingCoordinator.js:218 [PollingCoordinator] Executing: SwingDetector_Status_UNIUSDT
PollingCoordinator.js:227 [PollingCoordinator] Completed: SwingDetector_Status_UNIUSDT
PollingCoordinator.js:218 [PollingCoordinator] Executing: SwingDetector_Signals_UNIUSDT
IndicatorCache.js:71 [IndicatorCache] 💾 swing@UNIUSDT desde memoria
MiniChart.jsx:2130 [UNIUSDT] 🔄 requestRedraw called (candles: 1449)
MiniChart.jsx:2132 [UNIUSDT] 🔄 Redraw executing drawChart...
MiniChart.jsx:957 [UNIUSDT] 🎨 Calling renderOverlays AFTER OrderFlow (frame 901)
MiniChart.jsx:958 [UNIUSDT] 🎨 Fresh priceContext: minPrice=4.1360, maxPrice=4.3450, verticalOffset=0
PollingCoordinator.js:227 [PollingCoordinator] Completed: SwingDetector_Signals_UNIUSDT
PollingCoordinator.js:218 [PollingCoordinator] Executing: OrderFlow_UNIUSDT
MiniChart.jsx:2130 [UNIUSDT] 🔄 requestRedraw called (candles: 1449)
MiniChart.jsx:2132 [UNIUSDT] 🔄 Redraw executing drawChart...
PollingCoordinator.js:227 [PollingCoordinator] Completed: OrderFlow_UNIUSDT
PollingCoordinator.js:218 [PollingCoordinator] Executing: SwingDetector_Status_UNIUSDT
PollingCoordinator.js:227 [PollingCoordinator] Completed: SwingDetector_Status_UNIUSDT
PollingCoordinator.js:218 [PollingCoordinator] Executing: SwingDetector_Signals_UNIUSDT
IndicatorCache.js:71 [IndicatorCache] 💾 swing@UNIUSDT desde memoria
MiniChart.jsx:2130 [UNIUSDT] 🔄 requestRedraw called (candles: 1449)
MiniChart.jsx:2132 [UNIUSDT] 🔄 Redraw executing drawChart...
PollingCoordinator.js:227 [PollingCoordinator] Completed: SwingDetector_Signals_UNIUSDT
PollingCoordinator.js:218 [PollingCoordinator] Executing: OrderFlow_UNIUSDT
MiniChart.jsx:2130 [UNIUSDT] 🔄 requestRedraw called (candles: 1449)
MiniChart.jsx:2132 [UNIUSDT] 🔄 Redraw executing drawChart...
PollingCoordinator.js:227 [PollingCoordinator] Completed: OrderFlow_UNIUSDT
PollingCoordinator.js:218 [PollingCoordinator] Executing: SwingDetector_Signals_UNIUSDT
IndicatorCache.js:71 [IndicatorCache] 💾 swing@UNIUSDT desde memoria
MiniChart.jsx?t=1769820451620:1581 [UNIUSDT] 🔄 requestRedraw called (candles: 0)
PollingCoordinator.js:227 [PollingCoordinator] Completed: SwingDetector_Signals_UNIUSDT
PollingCoordinator.js:218 [PollingCoordinator] Executing: SwingDetector_Status_UNIUSDT
PollingCoordinator.js:227 [PollingCoordinator] Completed: SwingDetector_Status_UNIUSDT
PollingCoordinator.js:218 [PollingCoordinator] Executing: SwingDetector_Signals_UNIUSDT
IndicatorCache.js:71 [IndicatorCache] 💾 swing@UNIUSDT desde memoria
MiniChart.jsx?t=1769820439739:1581 [UNIUSDT] 🔄 requestRedraw called (candles: 0)
PollingCoordinator.js:227 [PollingCoordinator] Completed: SwingDetector_Signals_UNIUSDT
PollingCoordinator.js:218 [PollingCoordinator] Executing: OrderFlow_UNIUSDT
MiniChart.jsx:2130 [UNIUSDT] 🔄 requestRedraw called (candles: 1449)
MiniChart.jsx:2132 [UNIUSDT] 🔄 Redraw executing drawChart...
PollingCoordinator.js:227 [PollingCoordinator] Completed: OrderFlow_UNIUSDT
PollingCoordinator.js:218 [PollingCoordinator] Executing: SwingDetector_Signals_UNIUSDT
IndicatorCache.js:71 [IndicatorCache] 💾 swing@UNIUSDT desde memoria
MiniChart.jsx?t=1769820472299:1579 [UNIUSDT] 🔄 requestRedraw called (candles: 1449)
MiniChart.jsx?t=1769820472299:1581 [UNIUSDT] 🔄 Redraw executing drawChart...
PollingCoordinator.js:218 [PollingCoordinator] Executing: OrderFlow_UNIUSDT
MiniChart.jsx:2130 [UNIUSDT] 🔄 requestRedraw called (candles: 1449)
MiniChart.jsx:2132 [UNIUSDT] 🔄 Redraw executing drawChart...
PollingCoordinator.js:227 [PollingCoordinator] Completed: OrderFlow_UNIUSDT
PollingCoordinator.js:218 [PollingCoordinator] Executing: OrderFlow_UNIUSDT
MiniChart.jsx:2130 [UNIUSDT] 🔄 requestRedraw called (candles: 1449)
MiniChart.jsx:2132 [UNIUSDT] 🔄 Redraw executing drawChart...
PollingCoordinator.js:227 [PollingCoordinator] Completed: OrderFlow_UNIUSDT
CandleCache.js:169 [CandleCache] ✅ UNIUSDT@1 - guardado (1450 velas, memoria: 1/4)
PollingCoordinator.js:218 [PollingCoordinator] Executing: OrderFlow_UNIUSDT
SwingDetectorIndicator.js:238 [UNIUSDT] SwingDetector: 199/199 signals for interval 1 (cached)
MiniChart.jsx:2130 [UNIUSDT] 🔄 requestRedraw called (candles: 1450)
MiniChart.jsx:2132 [UNIUSDT] 🔄 Redraw executing drawChart...
PollingCoordinator.js:227 [PollingCoordinator] Completed: OrderFlow_UNIUSDT
Logger.js:100 ✅ [7:58:04 p. m.] [VWAP] [UNIUSDT] VWAP updated (polling): 1440 points
MiniChart.jsx:2130 [UNIUSDT] 🔄 requestRedraw called (candles: 1450)
MiniChart.jsx:2132 [UNIUSDT] 🔄 Redraw executing drawChart...
PollingCoordinator.js:218 [PollingCoordinator] Executing: SwingDetector_Signals_UNIUSDT
IndicatorCache.js:71 [IndicatorCache] 💾 swing@UNIUSDT desde memoria
MiniChart.jsx:2130 [UNIUSDT] 🔄 requestRedraw called (candles: 1450)
MiniChart.jsx:2132 [UNIUSDT] 🔄 Redraw executing drawChart...
PollingCoordinator.js:227 [PollingCoordinator] Completed: SwingDetector_Signals_UNIUSDT
PollingCoordinator.js:218 [PollingCoordinator] Executing: OrderFlow_UNIUSDT
MiniChart.jsx:2130 [UNIUSDT] 🔄 requestRedraw called (candles: 1450)
MiniChart.jsx:2132 [UNIUSDT] 🔄 Redraw executing drawChart...
PollingCoordinator.js:227 [PollingCoordinator] Completed: OrderFlow_UNIUSDT
PollingCoordinator.js:218 [PollingCoordinator] Executing: SwingDetector_Signals_UNIUSDT
IndicatorCache.js:71 [IndicatorCache] 💾 swing@UNIUSDT desde memoria
MiniChart.jsx:2130 [UNIUSDT] 🔄 requestRedraw called (candles: 1450)
MiniChart.jsx:2132 [UNIUSDT] 🔄 Redraw executing drawChart...
PollingCoordinator.js:227 [PollingCoordinator] Completed: SwingDetector_Signals_UNIUSDT
PollingCoordinator.js:218 [PollingCoordinator] Executing: SwingDetector_Status_UNIUSDT
PollingCoordinator.js:227 [PollingCoordinator] Completed: SwingDetector_Status_UNIUSDT
PollingCoordinator.js:218 [PollingCoordinator] Executing: SwingDetector_Signals_UNIUSDT
IndicatorCache.js:71 [IndicatorCache] 💾 swing@UNIUSDT desde memoria
MiniChart.jsx?t=1769820451620:1581 [UNIUSDT] 🔄 requestRedraw called (candles: 0)
PollingCoordinator.js:227 [PollingCoordinator] Completed: SwingDetector_Signals_UNIUSDT
PollingCoordinator.js:218 [PollingCoordinator] Executing: OrderFlow_UNIUSDT
MiniChart.jsx:2130 [UNIUSDT] 🔄 requestRedraw called (candles: 1450)
MiniChart.jsx:2132 [UNIUSDT] 🔄 Redraw executing drawChart...
PollingCoordinator.js:227 [PollingCoordinator] Completed: OrderFlow_UNIUSDT
PollingCoordinator.js:218 [PollingCoordinator] Executing: SwingDetector_Signals_UNIUSDT
IndicatorCache.js:71 [IndicatorCache] 💾 swing@UNIUSDT desde memoria
MiniChart.jsx?t=1769820439739:1581 [UNIUSDT] 🔄 requestRedraw called (candles: 0)
PollingCoordinator.js:227 [PollingCoordinator] Completed: SwingDetector_Signals_UNIUSDT
PollingCoordinator.js:218 [PollingCoordinator] Executing: OrderFlow_UNIUSDT
MiniChart.jsx:2130 [UNIUSDT] 🔄 requestRedraw called (candles: 1450)
MiniChart.jsx:2132 [UNIUSDT] 🔄 Redraw executing drawChart...
PollingCoordinator.js:227 [PollingCoordinator] Completed: OrderFlow_UNIUSDT
PollingCoordinator.js:218 [PollingCoordinator] Executing: SwingDetector_Status_UNIUSDT
PollingCoordinator.js:227 [PollingCoordinator] Completed: SwingDetector_Status_UNIUSDT
PollingCoordinator.js:218 [PollingCoordinator] Executing: SwingDetector_Signals_UNIUSDT
IndicatorCache.js:71 [IndicatorCache] 💾 swing@UNIUSDT desde memoria
MiniChart.jsx?t=1769820472299:1579 [UNIUSDT] 🔄 requestRedraw called (candles: 1450)
MiniChart.jsx?t=1769820472299:1581 [UNIUSDT] 🔄 Redraw executing drawChart...
PollingCoordinator.js:218 [PollingCoordinator] Executing: SymbolList_PriceChanges
PollingCoordinator.js:218 [PollingCoordinator] Executing: OrderFlow_UNIUSDT
MiniChart.jsx:2130 [UNIUSDT] 🔄 requestRedraw called (candles: 1450)
MiniChart.jsx:2132 [UNIUSDT] 🔄 Redraw executing drawChart...
PollingCoordinator.js:227 [PollingCoordinator] Completed: OrderFlow_UNIUSDT
PollingCoordinator.js:227 [PollingCoordinator] Completed: SymbolList_PriceChanges
PollingCoordinator.js:218 [PollingCoordinator] Executing: VWAP_UNIUSDT
Logger.js:100 ✅ [7:58:29 p. m.] [VWAP] [UNIUSDT] VWAP updated (polling): 1440 points
MiniChart.jsx:2130 [UNIUSDT] 🔄 requestRedraw called (candles: 1450)
MiniChart.jsx:2132 [UNIUSDT] 🔄 Redraw executing drawChart...
Logger.js:100 ✅ [7:58:29 p. m.] [VWAP] [UNIUSDT] VWAP requestRedraw() called after polling
PollingCoordinator.js:227 [PollingCoordinator] Completed: VWAP_UNIUSDT
PollingCoordinator.js:218 [PollingCoordinator] Executing: OrderFlow_UNIUSDT
MiniChart.jsx:2130 [UNIUSDT] 🔄 requestRedraw called (candles: 1450)
MiniChart.jsx:2132 [UNIUSDT] 🔄 Redraw executing drawChart...
PollingCoordinator.js:227 [PollingCoordinator] Completed: OrderFlow_UNIUSDT
PollingCoordinator.js:218 [PollingCoordinator] Executing: OrderFlow_UNIUSDT
MiniChart.jsx:2130 [UNIUSDT] 🔄 requestRedraw called (candles: 1450)
MiniChart.jsx:2132 [UNIUSDT] 🔄 Redraw executing drawChart...
PollingCoordinator.js:227 [PollingCoordinator] Completed: OrderFlow_UNIUSDT
PollingCoordinator.js:218 [PollingCoordinator] Executing: SwingDetector_Status_UNIUSDT
PollingCoordinator.js:227 [PollingCoordinator] Completed: SwingDetector_Status_UNIUSDT
PollingCoordinator.js:218 [PollingCoordinator] Executing: SwingDetector_Signals_UNIUSDT
IndicatorCache.js:71 [IndicatorCache] 💾 swing@UNIUSDT desde memoria
MiniChart.jsx:2130 [UNIUSDT] 🔄 requestRedraw called (candles: 1450)
MiniChart.jsx:2132 [UNIUSDT] 🔄 Redraw executing drawChart...
PollingCoordinator.js:227 [PollingCoordinator] Completed: SwingDetector_Signals_UNIUSDT
PollingCoordinator.js:218 [PollingCoordinator] Executing: OrderFlow_UNIUSDT
MiniChart.jsx:2130 [UNIUSDT] 🔄 requestRedraw called (candles: 1450)
MiniChart.jsx:2132 [UNIUSDT] 🔄 Redraw executing drawChart...
PollingCoordinator.js:227 [PollingCoordinator] Completed: OrderFlow_UNIUSDT
PollingCoordinator.js:218 [PollingCoordinator] Executing: SwingDetector_Status_UNIUSDT
PollingCoordinator.js:227 [PollingCoordinator] Completed: SwingDetector_Status_UNIUSDT
PollingCoordinator.js:218 [PollingCoordinator] Executing: SwingDetector_Signals_UNIUSDT
IndicatorCache.js:71 [IndicatorCache] 💾 swing@UNIUSDT desde memoria
MiniChart.jsx:2130 [UNIUSDT] 🔄 requestRedraw called (candles: 1450)
MiniChart.jsx:2132 [UNIUSDT] 🔄 Redraw executing drawChart...
PollingCoordinator.js:227 [PollingCoordinator] Completed: SwingDetector_Signals_UNIUSDT
PollingCoordinator.js:218 [PollingCoordinator] Executing: SwingDetector_Signals_UNIUSDT
IndicatorCache.js:71 [IndicatorCache] 💾 swing@UNIUSDT desde memoria
MiniChart.jsx?t=1769820451620:1581 [UNIUSDT] 🔄 requestRedraw called (candles: 0)
PollingCoordinator.js:227 [PollingCoordinator] Completed: SwingDetector_Signals_UNIUSDT
PollingCoordinator.js:218 [PollingCoordinator] Executing: SwingDetector_Status_UNIUSDT
PollingCoordinator.js:227 [PollingCoordinator] Completed: SwingDetector_Status_UNIUSDT
PollingCoordinator.js:218 [PollingCoordinator] Executing: SwingDetector_Signals_UNIUSDT
IndicatorCache.js:71 [IndicatorCache] 💾 swing@UNIUSDT desde memoria
MiniChart.jsx?t=1769820439739:1581 [UNIUSDT] 🔄 requestRedraw called (candles: 0)
PollingCoordinator.js:227 [PollingCoordinator] Completed: SwingDetector_Signals_UNIUSDT
PollingCoordinator.js:218 [PollingCoordinator] Executing: OrderFlow_UNIUSDT
MiniChart.jsx:2130 [UNIUSDT] 🔄 requestRedraw called (candles: 1450)
MiniChart.jsx:2132 [UNIUSDT] 🔄 Redraw executing drawChart...
PollingCoordinator.js:227 [PollingCoordinator] Completed: OrderFlow_UNIUSDT
PollingCoordinator.js:218 [PollingCoordinator] Executing: OrderFlow_UNIUSDT
MiniChart.jsx:2130 [UNIUSDT] 🔄 requestRedraw called (candles: 1450)
MiniChart.jsx:2132 [UNIUSDT] 🔄 Redraw executing drawChart...
PollingCoordinator.js:227 [PollingCoordinator] Completed: OrderFlow_UNIUSDT
PollingCoordinator.js:218 [PollingCoordinator] Executing: SwingDetector_Signals_UNIUSDT
IndicatorCache.js:71 [IndicatorCache] 💾 swing@UNIUSDT desde memoria
MiniChart.jsx?t=1769820472299:1579 [UNIUSDT] 🔄 requestRedraw called (candles: 1450)
MiniChart.jsx?t=1769820472299:1581 [UNIUSDT] 🔄 Redraw executing drawChart...
PollingCoordinator.js:218 [PollingCoordinator] Executing: OrderFlow_UNIUSDT
MiniChart.jsx:2130 [UNIUSDT] 🔄 requestRedraw called (candles: 1450)
MiniChart.jsx:2132 [UNIUSDT] 🔄 Redraw executing drawChart...
PollingCoordinator.js:227 [PollingCoordinator] Completed: OrderFlow_UNIUSDT
PollingCoordinator.js:218 [PollingCoordinator] Executing: OrderFlow_UNIUSDT
MiniChart.jsx:2130 [UNIUSDT] 🔄 requestRedraw called (candles: 1450)
MiniChart.jsx:2132 [UNIUSDT] 🔄 Redraw executing drawChart...
PollingCoordinator.js:227 [PollingCoordinator] Completed: OrderFlow_UNIUSDT
CandleCache.js:169 [CandleCache] ✅ UNIUSDT@1 - guardado (1451 velas, memoria: 1/4)
Logger.js:100 ✅ [7:59:03 p. m.] [VWAP] [UNIUSDT] VWAP updated (polling): 1440 points
SwingDetectorIndicator.js:238 [UNIUSDT] SwingDetector: 200/200 signals for interval 1 (cached)
MiniChart.jsx:2130 [UNIUSDT] 🔄 requestRedraw called (candles: 1451)
MiniChart.jsx:2132 [UNIUSDT] 🔄 Redraw executing drawChart...
PollingCoordinator.js:218 [PollingCoordinator] Executing: SwingDetector_Signals_UNIUSDT
IndicatorCache.js:71 [IndicatorCache] 💾 swing@UNIUSDT desde memoria
MiniChart.jsx:2130 [UNIUSDT] 🔄 requestRedraw called (candles: 1451)
MiniChart.jsx:2132 [UNIUSDT] 🔄 Redraw executing drawChart...
PollingCoordinator.js:227 [PollingCoordinator] Completed: SwingDetector_Signals_UNIUSDT
PollingCoordinator.js:218 [PollingCoordinator] Executing: OrderFlow_UNIUSDT
MiniChart.jsx:2130 [UNIUSDT] 🔄 requestRedraw called (candles: 1451)
MiniChart.jsx:2132 [UNIUSDT] 🔄 Redraw executing drawChart...
PollingCoordinator.js:227 [PollingCoordinator] Completed: OrderFlow_UNIUSDT
PollingCoordinator.js:218 [PollingCoordinator] Executing: SwingDetector_Signals_UNIUSDT
IndicatorCache.js:71 [IndicatorCache] 💾 swing@UNIUSDT desde memoria
MiniChart.jsx:2130 [UNIUSDT] 🔄 requestRedraw called (candles: 1451)
MiniChart.jsx:2132 [UNIUSDT] 🔄 Redraw executing drawChart...
PollingCoordinator.js:227 [PollingCoordinator] Completed: SwingDetector_Signals_UNIUSDT
PollingCoordinator.js:218 [PollingCoordinator] Executing: OrderFlow_UNIUSDT
PollingCoordinator.js:218 [PollingCoordinator] Executing: SwingDetector_Status_UNIUSDT
PollingCoordinator.js:227 [PollingCoordinator] Completed: SwingDetector_Status_UNIUSDT
PollingCoordinator.js:218 [PollingCoordinator] Executing: SwingDetector_Signals_UNIUSDT
IndicatorCache.js:71 [IndicatorCache] 💾 swing@UNIUSDT desde memoria
MiniChart.jsx?t=1769820451620:1581 [UNIUSDT] 🔄 requestRedraw called (candles: 0)
PollingCoordinator.js:227 [PollingCoordinator] Completed: SwingDetector_Signals_UNIUSDT
MiniChart.jsx:2130 [UNIUSDT] 🔄 requestRedraw called (candles: 1451)
MiniChart.jsx:2132 [UNIUSDT] 🔄 Redraw executing drawChart...
PollingCoordinator.js:227 [PollingCoordinator] Completed: OrderFlow_UNIUSDT
PollingCoordinator.js:218 [PollingCoordinator] Executing: SwingDetector_Signals_UNIUSDT
IndicatorCache.js:71 [IndicatorCache] 💾 swing@UNIUSDT desde memoria
MiniChart.jsx?t=1769820439739:1581 [UNIUSDT] 🔄 requestRedraw called (candles: 0)
PollingCoordinator.js:227 [PollingCoordinator] Completed: SwingDetector_Signals_UNIUSDT
PollingCoordinator.js:218 [PollingCoordinator] Executing: OrderFlow_UNIUSDT
MiniChart.jsx:2130 [UNIUSDT] 🔄 requestRedraw called (candles: 1451)
MiniChart.jsx:2132 [UNIUSDT] 🔄 Redraw executing drawChart...
PollingCoordinator.js:227 [PollingCoordinator] Completed: OrderFlow_UNIUSDT
CandleCache.js:69 [CandleCache] 💾 UNIUSDT@1 - desde memoria (1451 velas)
CandleCache.js:393 [CandleCache] OK VALIDATION UNIUSDT@1: 1451 velas sin gaps
CandleCache.js:269 [CandleCache] UNIUSDT@1 - Cache valido: 1451 velas, sin gaps significativos
MiniChart.jsx:1200 [UNIUSDT] Carga INCREMENTAL: desde 30/1/2026, 7:58:00 p.m. (1451 velas en cache)
CandleCache.js:393 [CandleCache] OK CACHE-ANTES-MERGE UNIUSDT: 1451 velas sin gaps
CandleCache.js:197 [CandleCache] 🔄 Merge: 1451 cached + 1 new = 1451 total
MiniChart.jsx:1260 [UNIUSDT] Incremental: +1 velas nuevas = 1451 total
CandleCache.js:393 [CandleCache] OK MERGED UNIUSDT: 1451 velas sin gaps
MiniChart.jsx:1290 [UNIUSDT] ✅ Histórico final: 1451 velas
CandleCache.js:169 [CandleCache] ✅ UNIUSDT@1 - guardado (1451 velas, memoria: 1/4)
PollingCoordinator.js:218 [PollingCoordinator] Executing: SwingDetector_Status_UNIUSDT
PollingCoordinator.js:227 [PollingCoordinator] Completed: SwingDetector_Status_UNIUSDT
PollingCoordinator.js:218 [PollingCoordinator] Executing: SwingDetector_Signals_UNIUSDT
IndicatorCache.js:71 [IndicatorCache] 💾 swing@UNIUSDT desde memoria
MiniChart.jsx?t=1769820472299:1579 [UNIUSDT] 🔄 requestRedraw called (candles: 1451)
MiniChart.jsx?t=1769820472299:1581 [UNIUSDT] 🔄 Redraw executing drawChart...
PollingCoordinator.js:218 [PollingCoordinator] Executing: OrderFlow_UNIUSDT
PollingCoordinator.js:218 [PollingCoordinator] Executing: SymbolList_PriceChanges
MiniChart.jsx:2130 [UNIUSDT] 🔄 requestRedraw called (candles: 1451)
MiniChart.jsx:2132 [UNIUSDT] 🔄 Redraw executing drawChart...
PollingCoordinator.js:227 [PollingCoordinator] Completed: OrderFlow_UNIUSDT
PollingCoordinator.js:218 [PollingCoordinator] Executing: VWAP_UNIUSDT
Logger.js:100 ✅ [7:59:29 p. m.] [VWAP] [UNIUSDT] VWAP updated (polling): 1440 points
MiniChart.jsx:2130 [UNIUSDT] 🔄 requestRedraw called (candles: 1451)
MiniChart.jsx:2132 [UNIUSDT] 🔄 Redraw executing drawChart...
Logger.js:100 ✅ [7:59:29 p. m.] [VWAP] [UNIUSDT] VWAP requestRedraw() called after polling
PollingCoordinator.js:227 [PollingCoordinator] Completed: VWAP_UNIUSDT
PollingCoordinator.js:227 [PollingCoordinator] Completed: SymbolList_PriceChanges
PollingCoordinator.js:218 [PollingCoordinator] Executing: OrderFlow_UNIUSDT
MiniChart.jsx:2130 [UNIUSDT] 🔄 requestRedraw called (candles: 1451)
MiniChart.jsx:2132 [UNIUSDT] 🔄 Redraw executing drawChart...
PollingCoordinator.js:227 [PollingCoordinator] Completed: OrderFlow_UNIUSDT
SwingDetectorIndicator.js:142 [UNIUSDT] SwingDetector initialized with 1 days
IndicatorCache.js:71 [IndicatorCache] 💾 swing@UNIUSDT desde memoria
MiniChart.jsx:2130 [UNIUSDT] 🔄 requestRedraw called (candles: 1451)
MiniChart.jsx:2132 [UNIUSDT] 🔄 Redraw executing drawChart...
Logger.js:100 ✅ [7:59:34 p. m.] [Manager] [UNIUSDT] 🚀 startAllPolling() llamado - 3 indicadores
Logger.js:100 ✅ [7:59:34 p. m.] [Manager] [UNIUSDT] -> Llamando startPollingIfReady() para VWAP
Logger.js:100 ✅ [7:59:34 p. m.] [VWAP] [UNIUSDT] VWAP startPollingIfReady: pollingId=true, enabled=true, destroyed=false
Logger.js:100 ✅ [7:59:34 p. m.] [Manager] [UNIUSDT] -> Llamando startPollingIfReady() para Swing Detector
SwingDetectorIndicator.js:123 [UNIUSDT] SwingDetector startPollingIfReady: pollingId=true, enabled=true, config.enabled=true
Logger.js:100 ✅ [7:59:34 p. m.] [Manager] [UNIUSDT] -> Llamando startPollingIfReady() para Order Flow
Logger.js:100 ✅ [7:59:34 p. m.] [Manager] [UNIUSDT] 🚀 Polling iniciado para todos los indicadores
PollingCoordinator.js:218 [PollingCoordinator] Executing: SwingDetector_Status_UNIUSDT
PollingCoordinator.js:227 [PollingCoordinator] Completed: SwingDetector_Status_UNIUSDT
PollingCoordinator.js:218 [PollingCoordinator] Executing: SwingDetector_Signals_UNIUSDT
IndicatorCache.js:71 [IndicatorCache] 💾 swing@UNIUSDT desde memoria
MiniChart.jsx:2130 [UNIUSDT] 🔄 requestRedraw called (candles: 1451)
MiniChart.jsx:2132 [UNIUSDT] 🔄 Redraw executing drawChart...
PollingCoordinator.js:227 [PollingCoordinator] Completed: SwingDetector_Signals_UNIUSDT
PollingCoordinator.js:218 [PollingCoordinator] Executing: OrderFlow_UNIUSDT
MiniChart.jsx:2130 [UNIUSDT] 🔄 requestRedraw called (candles: 1451)
MiniChart.jsx:2132 [UNIUSDT] 🔄 Redraw executing drawChart...
PollingCoordinator.js:227 [PollingCoordinator] Completed: OrderFlow_UNIUSDT
PollingCoordinator.js:218 [PollingCoordinator] Executing: SwingDetector_Status_UNIUSDT
PollingCoordinator.js:227 [PollingCoordinator] Completed: SwingDetector_Status_UNIUSDT
PollingCoordinator.js:218 [PollingCoordinator] Executing: SwingDetector_Signals_UNIUSDT
IndicatorCache.js:71 [IndicatorCache] 💾 swing@UNIUSDT desde memoria
MiniChart.jsx:2130 [UNIUSDT] 🔄 requestRedraw called (candles: 1451)
MiniChart.jsx:2132 [UNIUSDT] 🔄 Redraw executing drawChart...
PollingCoordinator.js:227 [PollingCoordinator] Completed: SwingDetector_Signals_UNIUSDT
PollingCoordinator.js:218 [PollingCoordinator] Executing: SwingDetector_Signals_UNIUSDT
IndicatorCache.js:71 [IndicatorCache] 💾 swing@UNIUSDT desde memoria
MiniChart.jsx?t=1769820451620:1581 [UNIUSDT] 🔄 requestRedraw called (candles: 0)
PollingCoordinator.js:227 [PollingCoordinator] Completed: SwingDetector_Signals_UNIUSDT
PollingCoordinator.js:218 [PollingCoordinator] Executing: OrderFlow_UNIUSDT
MiniChart.jsx:2130 [UNIUSDT] 🔄 requestRedraw called (candles: 1451)
MiniChart.jsx:2132 [UNIUSDT] 🔄 Redraw executing drawChart...
Logger.js:100 ✅ [7:59:44 p. m.] [Manager] [UNIUSDT] renderOverlays: VWAP found, enabled=true, dataMap.size=1440
VWAPIndicator.js?t=1769820560257:330 [UNIUSDT] 🎨 VWAP renderOverlay EXECUTING: dataMap=1440, visibleCandles=800
VWAPIndicator.js?t=1769820560257:360 [UNIUSDT] 🔴 VWAP DEBUG RECTANGLE at (30, 45), bounds={x:10,y:25,w:810,h:400}
VWAPIndicator.js?t=1769820560257:361 [UNIUSDT] 🔴 VWAP viewport: min=4.1360, max=4.3450, hasPriceToY=true
VWAPIndicator.js?t=1769820560257:405 [UNIUSDT] 🎨 VWAP _drawVWAPLine: matched=778, missed=22 of 800 candles
VWAPIndicator.js?t=1769820560257:417 [UNIUSDT] 🎨 VWAP sample: vwap=4.2450, Y=216.4, bounds={y:25, height:400}, viewport={min:4.1360, max:4.3450}
VWAPIndicator.js?t=1769820560257:423 [UNIUSDT] 🔍 Sample candle.timestamp=1769773200000, dataMap first keys=[1769733480000,1769733540000,1769733600000]
PollingCoordinator.js:227 [PollingCoordinator] Completed: OrderFlow_UNIUSDT
PollingCoordinator.js:218 [PollingCoordinator] Executing: SwingDetector_Status_UNIUSDT
PollingCoordinator.js:227 [PollingCoordinator] Completed: SwingDetector_Status_UNIUSDT
PollingCoordinator.js:218 [PollingCoordinator] Executing: SwingDetector_Signals_UNIUSDT
IndicatorCache.js:71 [IndicatorCache] 💾 swing@UNIUSDT desde memoria
MiniChart.jsx?t=1769820439739:1581 [UNIUSDT] 🔄 requestRedraw called (candles: 0)
PollingCoordinator.js:227 [PollingCoordinator] Completed: SwingDetector_Signals_UNIUSDT
PollingCoordinator.js:218 [PollingCoordinator] Executing: OrderFlow_UNIUSDT
MiniChart.jsx:2130 [UNIUSDT] 🔄 requestRedraw called (candles: 1451)
MiniChart.jsx:2132 [UNIUSDT] 🔄 Redraw executing drawChart...
PollingCoordinator.js:227 [PollingCoordinator] Completed: OrderFlow_UNIUSDT
PollingCoordinator.js:218 [PollingCoordinator] Executing: SwingDetector_Signals_UNIUSDT
IndicatorCache.js:71 [IndicatorCache] 💾 swing@UNIUSDT desde memoria
MiniChart.jsx?t=1769820472299:1579 [UNIUSDT] 🔄 requestRedraw called (candles: 1451)
MiniChart.jsx?t=1769820472299:1581 [UNIUSDT] 🔄 Redraw executing drawChart...
PollingCoordinator.js:218 [PollingCoordinator] Executing: OrderFlow_UNIUSDT
MiniChart.jsx:2130 [UNIUSDT] 🔄 requestRedraw called (candles: 1451)
MiniChart.jsx:2132 [UNIUSDT] 🔄 Redraw executing drawChart...
PollingCoordinator.js:227 [PollingCoordinator] Completed: OrderFlow_UNIUSDT
PollingCoordinator.js:218 [PollingCoordinator] Executing: OrderFlow_UNIUSDT
CandleCache.js:169 [CandleCache] ✅ UNIUSDT@1 - guardado (1452 velas, memoria: 1/4)
MiniChart.jsx:2130 [UNIUSDT] 🔄 requestRedraw called (candles: 1452)
MiniChart.jsx:2132 [UNIUSDT] 🔄 Redraw executing drawChart...
PollingCoordinator.js:227 [PollingCoordinator] Completed: OrderFlow_UNIUSDT
Logger.js:100 ✅ [8:00:04 p. m.] [VWAP] [UNIUSDT] VWAP updated (polling): 1440 points
SwingDetectorIndicator.js:238 [UNIUSDT] SwingDetector: 200/200 signals for interval 1 (cached)
MiniChart.jsx:2130 [UNIUSDT] 🔄 requestRedraw called (candles: 1452)
MiniChart.jsx:2132 [UNIUSDT] 🔄 Redraw executing drawChart...
PollingCoordinator.js:218 [PollingCoordinator] Executing: SwingDetector_Signals_UNIUSDT
IndicatorCache.js:71 [IndicatorCache] 💾 swing@UNIUSDT desde memoria
MiniChart.jsx:2130 [UNIUSDT] 🔄 requestRedraw called (candles: 1452)
MiniChart.jsx:2132 [UNIUSDT] 🔄 Redraw executing drawChart...
PollingCoordinator.js:227 [PollingCoordinator] Completed: SwingDetector_Signals_UNIUSDT
PollingCoordinator.js:218 [PollingCoordinator] Executing: OrderFlow_UNIUSDT
MiniChart.jsx:2130 [UNIUSDT] 🔄 requestRedraw called (candles: 1452)
MiniChart.jsx:2132 [UNIUSDT] 🔄 Redraw executing drawChart...
PollingCoordinator.js:227 [PollingCoordinator] Completed: OrderFlow_UNIUSDT
PollingCoordinator.js:218 [PollingCoordinator] Executing: SwingDetector_Signals_UNIUSDT
IndicatorCache.js:71 [IndicatorCache] 💾 swing@UNIUSDT desde memoria
MiniChart.jsx:2130 [UNIUSDT] 🔄 requestRedraw called (candles: 1452)
MiniChart.jsx:2132 [UNIUSDT] 🔄 Redraw executing drawChart...
PollingCoordinator.js:227 [PollingCoordinator] Completed: SwingDetector_Signals_UNIUSDT
PollingCoordinator.js:218 [PollingCoordinator] Executing: SwingDetector_Status_UNIUSDT
PollingCoordinator.js:227 [PollingCoordinator] Completed: SwingDetector_Status_UNIUSDT
PollingCoordinator.js:218 [PollingCoordinator] Executing: SwingDetector_Signals_UNIUSDT
IndicatorCache.js:71 [IndicatorCache] 💾 swing@UNIUSDT desde memoria
MiniChart.jsx?t=1769820451620:1581 [UNIUSDT] 🔄 requestRedraw called (candles: 0)
PollingCoordinator.js:227 [PollingCoordinator] Completed: SwingDetector_Signals_UNIUSDT
PollingCoordinator.js:218 [PollingCoordinator] Executing: OrderFlow_UNIUSDT
MiniChart.jsx:2130 [UNIUSDT] 🔄 requestRedraw called (candles: 1452)
MiniChart.jsx:2132 [UNIUSDT] 🔄 Redraw executing drawChart...
PollingCoordinator.js:227 [PollingCoordinator] Completed: OrderFlow_UNIUSDT
PollingCoordinator.js:218 [PollingCoordinator] Executing: SwingDetector_Signals_UNIUSDT
IndicatorCache.js:71 [IndicatorCache] 💾 swing@UNIUSDT desde memoria
MiniChart.jsx?t=1769820439739:1581 [UNIUSDT] 🔄 requestRedraw called (candles: 0)
PollingCoordinator.js:227 [PollingCoordinator] Completed: SwingDetector_Signals_UNIUSDT
PollingCoordinator.js:218 [PollingCoordinator] Executing: OrderFlow_UNIUSDT
MiniChart.jsx:2130 [UNIUSDT] 🔄 requestRedraw called (candles: 1452)
MiniChart.jsx:2132 [UNIUSDT] 🔄 Redraw executing drawChart...
PollingCoordinator.js:227 [PollingCoordinator] Completed: OrderFlow_UNIUSDT
PollingCoordinator.js:218 [PollingCoordinator] Executing: SwingDetector_Status_UNIUSDT
PollingCoordinator.js:227 [PollingCoordinator] Completed: SwingDetector_Status_UNIUSDT
PollingCoordinator.js:218 [PollingCoordinator] Executing: SwingDetector_Signals_UNIUSDT
IndicatorCache.js:71 [IndicatorCache] 💾 swing@UNIUSDT desde memoria
MiniChart.jsx?t=1769820472299:1579 [UNIUSDT] 🔄 requestRedraw called (candles: 1452)
MiniChart.jsx?t=1769820472299:1581 [UNIUSDT] 🔄 Redraw executing drawChart...
PollingCoordinator.js:218 [PollingCoordinator] Executing: OrderFlow_UNIUSDT
MiniChart.jsx:2130 [UNIUSDT] 🔄 requestRedraw called (candles: 1452)
MiniChart.jsx:2132 [UNIUSDT] 🔄 Redraw executing drawChart...
PollingCoordinator.js:227 [PollingCoordinator] Completed: OrderFlow_UNIUSDT
PollingCoordinator.js:218 [PollingCoordinator] Executing: VWAP_UNIUSDT
Logger.js:100 ✅ [8:00:29 p. m.] [VWAP] [UNIUSDT] VWAP updated (polling): 1440 points
MiniChart.jsx:2130 [UNIUSDT] 🔄 requestRedraw called (candles: 1452)
MiniChart.jsx:2132 [UNIUSDT] 🔄 Redraw executing drawChart...
Logger.js:100 ✅ [8:00:29 p. m.] [VWAP] [UNIUSDT] VWAP requestRedraw() called after polling
PollingCoordinator.js:227 [PollingCoordinator] Completed: VWAP_UNIUSDT
PollingCoordinator.js:218 [PollingCoordinator] Executing: OrderFlow_UNIUSDT
MiniChart.jsx:2130 [UNIUSDT] 🔄 requestRedraw called (candles: 1452)
MiniChart.jsx:2132 [UNIUSDT] 🔄 Redraw executing drawChart...
PollingCoordinator.js:227 [PollingCoordinator] Completed: OrderFlow_UNIUSDT
PollingCoordinator.js:218 [PollingCoordinator] Executing: SymbolList_PriceChanges
PollingCoordinator.js:227 [PollingCoordinator] Completed: SymbolList_PriceChanges
PollingCoordinator.js:218 [PollingCoordinator] Executing: OrderFlow_UNIUSDT
MiniChart.jsx:2130 [UNIUSDT] 🔄 requestRedraw called (candles: 1452)
MiniChart.jsx:2132 [UNIUSDT] 🔄 Redraw executing drawChart...
PollingCoordinator.js:227 [PollingCoordinator] Completed: OrderFlow_UNIUSDT
PollingCoordinator.js:218 [PollingCoordinator] Executing: SwingDetector_Status_UNIUSDT
PollingCoordinator.js:227 [PollingCoordinator] Completed: SwingDetector_Status_UNIUSDT
PollingCoordinator.js:218 [PollingCoordinator] Executing: SwingDetector_Signals_UNIUSDT
IndicatorCache.js:71 [IndicatorCache] 💾 swing@UNIUSDT desde memoria
MiniChart.jsx:2130 [UNIUSDT] 🔄 requestRedraw called (candles: 1452)
MiniChart.jsx:2132 [UNIUSDT] 🔄 Redraw executing drawChart...
PollingCoordinator.js:227 [PollingCoordinator] Completed: SwingDetector_Signals_UNIUSDT
PollingCoordinator.js:218 [PollingCoordinator] Executing: OrderFlow_UNIUSDT
MiniChart.jsx:2130 [UNIUSDT] 🔄 requestRedraw called (candles: 1452)
MiniChart.jsx:2132 [UNIUSDT] 🔄 Redraw executing drawChart...
PollingCoordinator.js:227 [PollingCoordinator] Completed: OrderFlow_UNIUSDT
PollingCoordinator.js:218 [PollingCoordinator] Executing: SwingDetector_Status_UNIUSDT
PollingCoordinator.js:227 [PollingCoordinator] Completed: SwingDetector_Status_UNIUSDT
PollingCoordinator.js:218 [PollingCoordinator] Executing: SwingDetector_Signals_UNIUSDT
IndicatorCache.js:71 [IndicatorCache] 💾 swing@UNIUSDT desde memoria
MiniChart.jsx:2130 [UNIUSDT] 🔄 requestRedraw called (candles: 1452)
MiniChart.jsx:2132 [UNIUSDT] 🔄 Redraw executing drawChart...
PollingCoordinator.js:227 [PollingCoordinator] Completed: SwingDetector_Signals_UNIUSDT
PollingCoordinator.js:218 [PollingCoordinator] Executing: SwingDetector_Signals_UNIUSDT
IndicatorCache.js:71 [IndicatorCache] 💾 swing@UNIUSDT desde memoria
MiniChart.jsx?t=1769820451620:1581 [UNIUSDT] 🔄 requestRedraw called (candles: 0)
PollingCoordinator.js:227 [PollingCoordinator] Completed: SwingDetector_Signals_UNIUSDT
PollingCoordinator.js:218 [PollingCoordinator] Executing: SwingDetector_Status_UNIUSDT
PollingCoordinator.js:227 [PollingCoordinator] Completed: SwingDetector_Status_UNIUSDT
PollingCoordinator.js:218 [PollingCoordinator] Executing: SwingDetector_Signals_UNIUSDT
IndicatorCache.js:71 [IndicatorCache] 💾 swing@UNIUSDT desde memoria
MiniChart.jsx?t=1769820439739:1581 [UNIUSDT] 🔄 requestRedraw called (candles: 0)
PollingCoordinator.js:227 [PollingCoordinator] Completed: SwingDetector_Signals_UNIUSDT
PollingCoordinator.js:218 [PollingCoordinator] Executing: OrderFlow_UNIUSDT
MiniChart.jsx:2130 [UNIUSDT] 🔄 requestRedraw called (candles: 1452)
MiniChart.jsx:2132 [UNIUSDT] 🔄 Redraw executing drawChart...
PollingCoordinator.js:227 [PollingCoordinator] Completed: OrderFlow_UNIUSDT
PollingCoordinator.js:218 [PollingCoordinator] Executing: OrderFlow_UNIUSDT
MiniChart.jsx:2130 [UNIUSDT] 🔄 requestRedraw called (candles: 1452)
MiniChart.jsx:2132 [UNIUSDT] 🔄 Redraw executing drawChart...
PollingCoordinator.js:227 [PollingCoordinator] Completed: OrderFlow_UNIUSDT
PollingCoordinator.js:218 [PollingCoordinator] Executing: SwingDetector_Signals_UNIUSDT
IndicatorCache.js:71 [IndicatorCache] 💾 swing@UNIUSDT desde memoria
MiniChart.jsx?t=1769820472299:1579 [UNIUSDT] 🔄 requestRedraw called (candles: 1452)
MiniChart.jsx?t=1769820472299:1581 [UNIUSDT] 🔄 Redraw executing drawChart...
PollingCoordinator.js:218 [PollingCoordinator] Executing: OrderFlow_UNIUSDT
MiniChart.jsx:2130 [UNIUSDT] 🔄 requestRedraw called (candles: 1452)
MiniChart.jsx:2132 [UNIUSDT] 🔄 Redraw executing drawChart...
PollingCoordinator.js:227 [PollingCoordinator] Completed: OrderFlow_UNIUSDT
PollingCoordinator.js:218 [PollingCoordinator] Executing: OrderFlow_UNIUSDT
MiniChart.jsx:2130 [UNIUSDT] 🔄 requestRedraw called (candles: 1452)
MiniChart.jsx:2132 [UNIUSDT] 🔄 Redraw executing drawChart...
PollingCoordinator.js:227 [PollingCoordinator] Completed: OrderFlow_UNIUSDT
CandleCache.js:169 [CandleCache] ✅ UNIUSDT@1 - guardado (1453 velas, memoria: 1/4)
SwingDetectorIndicator.js:238 [UNIUSDT] SwingDetector: 200/200 signals for interval 1 (cached)
Logger.js:100 ✅ [8:01:03 p. m.] [VWAP] [UNIUSDT] VWAP updated (polling): 1440 points
MiniChart.jsx:2130 [UNIUSDT] 🔄 requestRedraw called (candles: 1453)
MiniChart.jsx:2132 [UNIUSDT] 🔄 Redraw executing drawChart...
MiniChart.jsx:957 [UNIUSDT] 🎨 Calling renderOverlays AFTER OrderFlow (frame 961)
MiniChart.jsx:958 [UNIUSDT] 🎨 Fresh priceContext: minPrice=4.1360, maxPrice=4.3450, verticalOffset=0
PollingCoordinator.js:218 [PollingCoordinator] Executing: OrderFlow_UNIUSDT
MiniChart.jsx:2130 [UNIUSDT] 🔄 requestRedraw called (candles: 1453)
MiniChart.jsx:2132 [UNIUSDT] 🔄 Redraw executing drawChart...
PollingCoordinator.js:227 [PollingCoordinator] Completed: OrderFlow_UNIUSDT
PollingCoordinator.js:218 [PollingCoordinator] Executing: SwingDetector_Signals_UNIUSDT
IndicatorCache.js:71 [IndicatorCache] 💾 swing@UNIUSDT desde memoria
MiniChart.jsx:2130 [UNIUSDT] 🔄 requestRedraw called (candles: 1453)
MiniChart.jsx:2132 [UNIUSDT] 🔄 Redraw executing drawChart...
PollingCoordinator.js:227 [PollingCoordinator] Completed: SwingDetector_Signals_UNIUSDT
PollingCoordinator.js:218 [PollingCoordinator] Executing: OrderFlow_UNIUSDT
PollingCoordinator.js:218 [PollingCoordinator] Executing: SwingDetector_Signals_UNIUSDT
IndicatorCache.js:71 [IndicatorCache] 💾 swing@UNIUSDT desde memoria
MiniChart.jsx:2130 [UNIUSDT] 🔄 requestRedraw called (candles: 1453)
MiniChart.jsx:2132 [UNIUSDT] 🔄 Redraw executing drawChart...
PollingCoordinator.js:227 [PollingCoordinator] Completed: SwingDetector_Signals_UNIUSDT
MiniChart.jsx:2130 [UNIUSDT] 🔄 requestRedraw called (candles: 1453)
MiniChart.jsx:2132 [UNIUSDT] 🔄 Redraw executing drawChart...
PollingCoordinator.js:227 [PollingCoordinator] Completed: OrderFlow_UNIUSDT
PollingCoordinator.js:218 [PollingCoordinator] Executing: SwingDetector_Status_UNIUSDT
PollingCoordinator.js:227 [PollingCoordinator] Completed: SwingDetector_Status_UNIUSDT
PollingCoordinator.js:218 [PollingCoordinator] Executing: SwingDetector_Signals_UNIUSDT
IndicatorCache.js:71 [IndicatorCache] 💾 swing@UNIUSDT desde memoria
MiniChart.jsx?t=1769820451620:1581 [UNIUSDT] 🔄 requestRedraw called (candles: 0)
PollingCoordinator.js:227 [PollingCoordinator] Completed: SwingDetector_Signals_UNIUSDT
PollingCoordinator.js:218 [PollingCoordinator] Executing: SwingDetector_Signals_UNIUSDT
IndicatorCache.js:71 [IndicatorCache] 💾 swing@UNIUSDT desde memoria
MiniChart.jsx?t=1769820439739:1581 [UNIUSDT] 🔄 requestRedraw called (candles: 0)
PollingCoordinator.js:227 [PollingCoordinator] Completed: SwingDetector_Signals_UNIUSDT
PollingCoordinator.js:218 [PollingCoordinator] Executing: OrderFlow_UNIUSDT
MiniChart.jsx:2130 [UNIUSDT] 🔄 requestRedraw called (candles: 1453)
MiniChart.jsx:2132 [UNIUSDT] 🔄 Redraw executing drawChart...
PollingCoordinator.js:227 [PollingCoordinator] Completed: OrderFlow_UNIUSDT
PollingCoordinator.js:218 [PollingCoordinator] Executing: SwingDetector_Status_UNIUSDT
PollingCoordinator.js:227 [PollingCoordinator] Completed: SwingDetector_Status_UNIUSDT
PollingCoordinator.js:218 [PollingCoordinator] Executing: SwingDetector_Signals_UNIUSDT
IndicatorCache.js:71 [IndicatorCache] 💾 swing@UNIUSDT desde memoria
MiniChart.jsx?t=1769820472299:1579 [UNIUSDT] 🔄 requestRedraw called (candles: 1453)
MiniChart.jsx?t=1769820472299:1581 [UNIUSDT] 🔄 Redraw executing drawChart...
PollingCoordinator.js:218 [PollingCoordinator] Executing: OrderFlow_UNIUSDT
MiniChart.jsx:2130 [UNIUSDT] 🔄 requestRedraw called (candles: 1453)
MiniChart.jsx:2132 [UNIUSDT] 🔄 Redraw executing drawChart...
PollingCoordinator.js:227 [PollingCoordinator] Completed: OrderFlow_UNIUSDT
PollingCoordinator.js:218 [PollingCoordinator] Executing: OrderFlow_UNIUSDT
MiniChart.jsx:2130 [UNIUSDT] 🔄 requestRedraw called (candles: 1453)
MiniChart.jsx:2132 [UNIUSDT] 🔄 Redraw executing drawChart...
PollingCoordinator.js:227 [PollingCoordinator] Completed: OrderFlow_UNIUSDT
PollingCoordinator.js:218 [PollingCoordinator] Executing: VWAP_UNIUSDT
Logger.js:100 ✅ [8:01:29 p. m.] [VWAP] [UNIUSDT] VWAP updated (polling): 1440 points
MiniChart.jsx:2130 [UNIUSDT] 🔄 requestRedraw called (candles: 1453)
MiniChart.jsx:2132 [UNIUSDT] 🔄 Redraw executing drawChart...
Logger.js:100 ✅ [8:01:29 p. m.] [VWAP] [UNIUSDT] VWAP requestRedraw() called after polling
PollingCoordinator.js:227 [PollingCoordinator] Completed: VWAP_UNIUSDT
PollingCoordinator.js:218 [PollingCoordinator] Executing: OrderFlow_UNIUSDT
MiniChart.jsx:2130 [UNIUSDT] 🔄 requestRedraw called (candles: 1453)
MiniChart.jsx:2132 [UNIUSDT] 🔄 Redraw executing drawChart...
PollingCoordinator.js:227 [PollingCoordinator] Completed: OrderFlow_UNIUSDT
PollingCoordinator.js:218 [PollingCoordinator] Executing: SymbolList_PriceChanges
PollingCoordinator.js:218 [PollingCoordinator] Executing: SwingDetector_Status_UNIUSDT
PollingCoordinator.js:227 [PollingCoordinator] Completed: SwingDetector_Status_UNIUSDT
PollingCoordinator.js:218 [PollingCoordinator] Executing: SwingDetector_Signals_UNIUSDT
IndicatorCache.js:71 [IndicatorCache] 💾 swing@UNIUSDT desde memoria
MiniChart.jsx:2130 [UNIUSDT] 🔄 requestRedraw called (candles: 1453)
MiniChart.jsx:2132 [UNIUSDT] 🔄 Redraw executing drawChart...
PollingCoordinator.js:227 [PollingCoordinator] Completed: SwingDetector_Signals_UNIUSDT
PollingCoordinator.js:227 [PollingCoordinator] Completed: SymbolList_PriceChanges
PollingCoordinator.js:218 [PollingCoordinator] Executing: OrderFlow_UNIUSDT
MiniChart.jsx:2130 [UNIUSDT] 🔄 requestRedraw called (candles: 1453)
MiniChart.jsx:2132 [UNIUSDT] 🔄 Redraw executing drawChart...
PollingCoordinator.js:227 [PollingCoordinator] Completed: OrderFlow_UNIUSDT
PollingCoordinator.js:218 [PollingCoordinator] Executing: SwingDetector_Status_UNIUSDT
PollingCoordinator.js:227 [PollingCoordinator] Completed: SwingDetector_Status_UNIUSDT
PollingCoordinator.js:218 [PollingCoordinator] Executing: SwingDetector_Signals_UNIUSDT
IndicatorCache.js:71 [IndicatorCache] 💾 swing@UNIUSDT desde memoria
MiniChart.jsx:2130 [UNIUSDT] 🔄 requestRedraw called (candles: 1453)
MiniChart.jsx:2132 [UNIUSDT] 🔄 Redraw executing drawChart...
PollingCoordinator.js:227 [PollingCoordinator] Completed: SwingDetector_Signals_UNIUSDT
PollingCoordinator.js:218 [PollingCoordinator] Executing: SwingDetector_Signals_UNIUSDT
IndicatorCache.js:71 [IndicatorCache] 💾 swing@UNIUSDT desde memoria
MiniChart.jsx?t=1769820451620:1581 [UNIUSDT] 🔄 requestRedraw called (candles: 0)
PollingCoordinator.js:227 [PollingCoordinator] Completed: SwingDetector_Signals_UNIUSDT
PollingCoordinator.js:218 [PollingCoordinator] Executing: OrderFlow_UNIUSDT
MiniChart.jsx:2130 [UNIUSDT] 🔄 requestRedraw called (candles: 1453)
MiniChart.jsx:2132 [UNIUSDT] 🔄 Redraw executing drawChart...
PollingCoordinator.js:227 [PollingCoordinator] Completed: OrderFlow_UNIUSDT
PollingCoordinator.js:218 [PollingCoordinator] Executing: SwingDetector_Status_UNIUSDT
PollingCoordinator.js:227 [PollingCoordinator] Completed: SwingDetector_Status_UNIUSDT
PollingCoordinator.js:218 [PollingCoordinator] Executing: SwingDetector_Signals_UNIUSDT
IndicatorCache.js:71 [IndicatorCache] 💾 swing@UNIUSDT desde memoria
MiniChart.jsx?t=1769820439739:1581 [UNIUSDT] 🔄 requestRedraw called (candles: 0)
PollingCoordinator.js:227 [PollingCoordinator] Completed: SwingDetector_Signals_UNIUSDT
PollingCoordinator.js:218 [PollingCoordinator] Executing: OrderFlow_UNIUSDT
MiniChart.jsx:2130 [UNIUSDT] 🔄 requestRedraw called (candles: 1453)
MiniChart.jsx:2132 [UNIUSDT] 🔄 Redraw executing drawChart...
PollingCoordinator.js:227 [PollingCoordinator] Completed: OrderFlow_UNIUSDT
PollingCoordinator.js:218 [PollingCoordinator] Executing: SwingDetector_Signals_UNIUSDT
IndicatorCache.js:71 [IndicatorCache] 💾 swing@UNIUSDT desde memoria
MiniChart.jsx?t=1769820472299:1579 [UNIUSDT] 🔄 requestRedraw called (candles: 1453)
MiniChart.jsx?t=1769820472299:1581 [UNIUSDT] 🔄 Redraw executing drawChart...
PollingCoordinator.js:218 [PollingCoordinator] Executing: OrderFlow_UNIUSDT
MiniChart.jsx:2130 [UNIUSDT] 🔄 requestRedraw called (candles: 1453)
MiniChart.jsx:2132 [UNIUSDT] 🔄 Redraw executing drawChart...
PollingCoordinator.js:227 [PollingCoordinator] Completed: OrderFlow_UNIUSDT
PollingCoordinator.js:218 [PollingCoordinator] Executing: OrderFlow_UNIUSDT
MiniChart.jsx:2130 [UNIUSDT] 🔄 requestRedraw called (candles: 1453)
MiniChart.jsx:2132 [UNIUSDT] 🔄 Redraw executing drawChart...
PollingCoordinator.js:227 [PollingCoordinator] Completed: OrderFlow_UNIUSDT
CandleCache.js:169 [CandleCache] ✅ UNIUSDT@1 - guardado (1454 velas, memoria: 1/4)
SwingDetectorIndicator.js:238 [UNIUSDT] SwingDetector: 200/200 signals for interval 1 (cached)
Logger.js:100 ✅ [8:02:03 p. m.] [VWAP] [UNIUSDT] VWAP updated (polling): 1440 points
MiniChart.jsx:2130 [UNIUSDT] 🔄 requestRedraw called (candles: 1454)
MiniChart.jsx:2132 [UNIUSDT] 🔄 Redraw executing drawChart...
PollingCoordinator.js:218 [PollingCoordinator] Executing: OrderFlow_UNIUSDT
MiniChart.jsx:2130 [UNIUSDT] 🔄 requestRedraw called (candles: 1454)
MiniChart.jsx:2132 [UNIUSDT] 🔄 Redraw executing drawChart...
PollingCoordinator.js:227 [PollingCoordinator] Completed: OrderFlow_UNIUSDT
PollingCoordinator.js:218 [PollingCoordinator] Executing: SwingDetector_Signals_UNIUSDT
IndicatorCache.js:71 [IndicatorCache] 💾 swing@UNIUSDT desde memoria
MiniChart.jsx:2130 [UNIUSDT] 🔄 requestRedraw called (candles: 1454)
MiniChart.jsx:2132 [UNIUSDT] 🔄 Redraw executing drawChart...
PollingCoordinator.js:227 [PollingCoordinator] Completed: SwingDetector_Signals_UNIUSDT
PollingCoordinator.js:218 [PollingCoordinator] Executing: OrderFlow_UNIUSDT
MiniChart.jsx:2130 [UNIUSDT] 🔄 requestRedraw called (candles: 1454)
MiniChart.jsx:2132 [UNIUSDT] 🔄 Redraw executing drawChart...
PollingCoordinator.js:227 [PollingCoordinator] Completed: OrderFlow_UNIUSDT
PollingCoordinator.js:218 [PollingCoordinator] Executing: SwingDetector_Signals_UNIUSDT
IndicatorCache.js:71 [IndicatorCache] 💾 swing@UNIUSDT desde memoria
MiniChart.jsx:2130 [UNIUSDT] 🔄 requestRedraw called (candles: 1454)
MiniChart.jsx:2132 [UNIUSDT] 🔄 Redraw executing drawChart...
PollingCoordinator.js:227 [PollingCoordinator] Completed: SwingDetector_Signals_UNIUSDT
PollingCoordinator.js:218 [PollingCoordinator] Executing: SwingDetector_Status_UNIUSDT
PollingCoordinator.js:227 [PollingCoordinator] Completed: SwingDetector_Status_UNIUSDT
PollingCoordinator.js:218 [PollingCoordinator] Executing: SwingDetector_Signals_UNIUSDT
IndicatorCache.js:71 [IndicatorCache] 💾 swing@UNIUSDT desde memoria
MiniChart.jsx?t=1769820451620:1581 [UNIUSDT] 🔄 requestRedraw called (candles: 0)
PollingCoordinator.js:227 [PollingCoordinator] Completed: SwingDetector_Signals_UNIUSDT
PollingCoordinator.js:218 [PollingCoordinator] Executing: SwingDetector_Signals_UNIUSDT
IndicatorCache.js:71 [IndicatorCache] 💾 swing@UNIUSDT desde memoria
MiniChart.jsx?t=1769820439739:1581 [UNIUSDT] 🔄 requestRedraw called (candles: 0)
PollingCoordinator.js:227 [PollingCoordinator] Completed: SwingDetector_Signals_UNIUSDT
PollingCoordinator.js:218 [PollingCoordinator] Executing: OrderFlow_UNIUSDT
MiniChart.jsx:2130 [UNIUSDT] 🔄 requestRedraw called (candles: 1454)
MiniChart.jsx:2132 [UNIUSDT] 🔄 Redraw executing drawChart...
PollingCoordinator.js:227 [PollingCoordinator] Completed: OrderFlow_UNIUSDT
PollingCoordinator.js:218 [PollingCoordinator] Executing: OrderFlow_UNIUSDT
MiniChart.jsx:2130 [UNIUSDT] 🔄 requestRedraw called (candles: 1454)
MiniChart.jsx:2132 [UNIUSDT] 🔄 Redraw executing drawChart...
PollingCoordinator.js:227 [PollingCoordinator] Completed: OrderFlow_UNIUSDT
PollingCoordinator.js:218 [PollingCoordinator] Executing: SwingDetector_Status_UNIUSDT
PollingCoordinator.js:227 [PollingCoordinator] Completed: SwingDetector_Status_UNIUSDT
PollingCoordinator.js:218 [PollingCoordinator] Executing: SwingDetector_Signals_UNIUSDT
IndicatorCache.js:71 [IndicatorCache] 💾 swing@UNIUSDT desde memoria
MiniChart.jsx?t=1769820472299:1579 [UNIUSDT] 🔄 requestRedraw called (candles: 1454)
MiniChart.jsx?t=1769820472299:1581 [UNIUSDT] 🔄 Redraw executing drawChart...
PollingCoordinator.js:218 [PollingCoordinator] Executing: OrderFlow_UNIUSDT
MiniChart.jsx:2130 [UNIUSDT] 🔄 requestRedraw called (candles: 1454)
MiniChart.jsx:2132 [UNIUSDT] 🔄 Redraw executing drawChart...
PollingCoordinator.js:227 [PollingCoordinator] Completed: OrderFlow_UNIUSDT
PollingCoordinator.js:218 [PollingCoordinator] Executing: VWAP_UNIUSDT
Logger.js:100 ✅ [8:02:29 p. m.] [VWAP] [UNIUSDT] VWAP updated (polling): 1440 points
MiniChart.jsx:2130 [UNIUSDT] 🔄 requestRedraw called (candles: 1454)
MiniChart.jsx:2132 [UNIUSDT] 🔄 Redraw executing drawChart...
Logger.js:100 ✅ [8:02:30 p. m.] [VWAP] [UNIUSDT] VWAP requestRedraw() called after polling
PollingCoordinator.js:227 [PollingCoordinator] Completed: VWAP_UNIUSDT
PollingCoordinator.js:218 [PollingCoordinator] Executing: OrderFlow_UNIUSDT
MiniChart.jsx:2130 [UNIUSDT] 🔄 requestRedraw called (candles: 1454)
MiniChart.jsx:2132 [UNIUSDT] 🔄 Redraw executing drawChart...
PollingCoordinator.js:227 [PollingCoordinator] Completed: OrderFlow_UNIUSDT
PollingCoordinator.js:218 [PollingCoordinator] Executing: OrderFlow_UNIUSDT
MiniChart.jsx:2130 [UNIUSDT] 🔄 requestRedraw called (candles: 1454)
MiniChart.jsx:2132 [UNIUSDT] 🔄 Redraw executing drawChart...
PollingCoordinator.js:227 [PollingCoordinator] Completed: OrderFlow_UNIUSDT
PollingCoordinator.js:218 [PollingCoordinator] Executing: SwingDetector_Status_UNIUSDT
PollingCoordinator.js:227 [PollingCoordinator] Completed: SwingDetector_Status_UNIUSDT
PollingCoordinator.js:218 [PollingCoordinator] Executing: SwingDetector_Signals_UNIUSDT
IndicatorCache.js:71 [IndicatorCache] 💾 swing@UNIUSDT desde memoria
MiniChart.jsx:2130 [UNIUSDT] 🔄 requestRedraw called (candles: 1454)
MiniChart.jsx:2132 [UNIUSDT] 🔄 Redraw executing drawChart...
PollingCoordinator.js:227 [PollingCoordinator] Completed: SwingDetector_Signals_UNIUSDT
PollingCoordinator.js:218 [PollingCoordinator] Executing: SymbolList_PriceChanges
PollingCoordinator.js:227 [PollingCoordinator] Completed: SymbolList_PriceChanges
PollingCoordinator.js:218 [PollingCoordinator] Executing: OrderFlow_UNIUSDT
MiniChart.jsx:2130 [UNIUSDT] 🔄 requestRedraw called (candles: 1454)
MiniChart.jsx:2132 [UNIUSDT] 🔄 Redraw executing drawChart...
PollingCoordinator.js:227 [PollingCoordinator] Completed: OrderFlow_UNIUSDT
PollingCoordinator.js:218 [PollingCoordinator] Executing: SwingDetector_Status_UNIUSDT
PollingCoordinator.js:227 [PollingCoordinator] Completed: SwingDetector_Status_UNIUSDT
PollingCoordinator.js:218 [PollingCoordinator] Executing: SwingDetector_Signals_UNIUSDT
IndicatorCache.js:71 [IndicatorCache] 💾 swing@UNIUSDT desde memoria
MiniChart.jsx:2130 [UNIUSDT] 🔄 requestRedraw called (candles: 1454)
MiniChart.jsx:2132 [UNIUSDT] 🔄 Redraw executing drawChart...
PollingCoordinator.js:227 [PollingCoordinator] Completed: SwingDetector_Signals_UNIUSDT
PollingCoordinator.js:218 [PollingCoordinator] Executing: SwingDetector_Signals_UNIUSDT
IndicatorCache.js:71 [IndicatorCache] 💾 swing@UNIUSDT desde memoria
MiniChart.jsx?t=1769820451620:1581 [UNIUSDT] 🔄 requestRedraw called (candles: 0)
PollingCoordinator.js:227 [PollingCoordinator] Completed: SwingDetector_Signals_UNIUSDT
PollingCoordinator.js:218 [PollingCoordinator] Executing: SwingDetector_Status_UNIUSDT
PollingCoordinator.js:227 [PollingCoordinator] Completed: SwingDetector_Status_UNIUSDT
PollingCoordinator.js:218 [PollingCoordinator] Executing: SwingDetector_Signals_UNIUSDT
IndicatorCache.js:71 [IndicatorCache] 💾 swing@UNIUSDT desde memoria
MiniChart.jsx?t=1769820439739:1581 [UNIUSDT] 🔄 requestRedraw called (candles: 0)
PollingCoordinator.js:227 [PollingCoordinator] Completed: SwingDetector_Signals_UNIUSDT
PollingCoordinator.js:218 [PollingCoordinator] Executing: OrderFlow_UNIUSDT
MiniChart.jsx:2130 [UNIUSDT] 🔄 requestRedraw called (candles: 1454)
MiniChart.jsx:2132 [UNIUSDT] 🔄 Redraw executing drawChart...
PollingCoordinator.js:227 [PollingCoordinator] Completed: OrderFlow_UNIUSDT
PollingCoordinator.js:218 [PollingCoordinator] Executing: OrderFlow_UNIUSDT
MiniChart.jsx:2130 [UNIUSDT] 🔄 requestRedraw called (candles: 1454)
MiniChart.jsx:2132 [UNIUSDT] 🔄 Redraw executing drawChart...
PollingCoordinator.js:227 [PollingCoordinator] Completed: OrderFlow_UNIUSDT
PollingCoordinator.js:218 [PollingCoordinator] Executing: SwingDetector_Signals_UNIUSDT
IndicatorCache.js:71 [IndicatorCache] 💾 swing@UNIUSDT desde memoria
MiniChart.jsx?t=1769820472299:1579 [UNIUSDT] 🔄 requestRedraw called (candles: 1454)
MiniChart.jsx?t=1769820472299:1581 [UNIUSDT] 🔄 Redraw executing drawChart...
Logger.js:100 ✅ [8:02:56 p. m.] [Manager] [UNIUSDT] renderOverlays: VWAP found, enabled=true, dataMap.size=1440
VWAPIndicator.js?t=1769820560257:330 [UNIUSDT] 🎨 VWAP renderOverlay EXECUTING: dataMap=1440, visibleCandles=800
VWAPIndicator.js?t=1769820560257:360 [UNIUSDT] 🔴 VWAP DEBUG RECTANGLE at (30, 45), bounds={x:10,y:25,w:810,h:400}
VWAPIndicator.js?t=1769820560257:361 [UNIUSDT] 🔴 VWAP viewport: min=4.1360, max=4.3450, hasPriceToY=true
VWAPIndicator.js?t=1769820560257:405 [UNIUSDT] 🎨 VWAP _drawVWAPLine: matched=775, missed=25 of 800 candles
VWAPIndicator.js?t=1769820560257:417 [UNIUSDT] 🎨 VWAP sample: vwap=4.2323, Y=240.7, bounds={y:25, height:400}, viewport={min:4.1360, max:4.3450}
VWAPIndicator.js?t=1769820560257:423 [UNIUSDT] 🔍 Sample candle.timestamp=1769773380000, dataMap first keys=[1769733480000,1769733540000,1769733600000]
PollingCoordinator.js:218 [PollingCoordinator] Executing: OrderFlow_UNIUSDT
MiniChart.jsx:2130 [UNIUSDT] 🔄 requestRedraw called (candles: 1454)
MiniChart.jsx:2132 [UNIUSDT] 🔄 Redraw executing drawChart...
PollingCoordinator.js:227 [PollingCoordinator] Completed: OrderFlow_UNIUSDT
MiniChart.jsx:957 [UNIUSDT] 🎨 Calling renderOverlays AFTER OrderFlow (frame 1021)
MiniChart.jsx:958 [UNIUSDT] 🎨 Fresh priceContext: minPrice=4.1360, maxPrice=4.3450, verticalOffset=0
Logger.js:100 ✅ [8:03:01 p. m.] [Manager] [UNIUSDT] renderOverlays: VWAP found, enabled=true, dataMap.size=1440
VWAPIndicator.js?t=1769820560257:330 [UNIUSDT] 🎨 VWAP renderOverlay EXECUTING: dataMap=1440, visibleCandles=280
VWAPIndicator.js?t=1769820560257:360 [UNIUSDT] 🔴 VWAP DEBUG RECTANGLE at (30, 45), bounds={x:10,y:25,w:810,h:400}
VWAPIndicator.js?t=1769820560257:361 [UNIUSDT] 🔴 VWAP viewport: min=4.2200, max=4.2950, hasPriceToY=true
VWAPIndicator.js?t=1769820560257:405 [UNIUSDT] 🎨 VWAP _drawVWAPLine: matched=255, missed=25 of 280 candles
VWAPIndicator.js?t=1769820560257:417 [UNIUSDT] 🎨 VWAP sample: vwap=4.2749, Y=180.2, bounds={y:25, height:400}, viewport={min:4.2200, max:4.2950}
VWAPIndicator.js?t=1769820560257:423 [UNIUSDT] 🔍 Sample candle.timestamp=1769804580000, dataMap first keys=[1769733480000,1769733540000,1769733600000]
MiniChart.jsx:957 [UNIUSDT] 🎨 Calling renderOverlays AFTER OrderFlow (frame 1081)
MiniChart.jsx:958 [UNIUSDT] 🎨 Fresh priceContext: minPrice=4.2200, maxPrice=4.2950, verticalOffset=78
CandleCache.js:169 [CandleCache] ✅ UNIUSDT@1 - guardado (1455 velas, memoria: 1/4)
PollingCoordinator.js:218 [PollingCoordinator] Executing: OrderFlow_UNIUSDT
Logger.js:100 ✅ [8:03:03 p. m.] [VWAP] [UNIUSDT] VWAP updated (polling): 1440 points
SwingDetectorIndicator.js:238 [UNIUSDT] SwingDetector: 200/200 signals for interval 1 (cached)
MiniChart.jsx:2130 [UNIUSDT] 🔄 requestRedraw called (candles: 1455)
MiniChart.jsx:2132 [UNIUSDT] 🔄 Redraw executing drawChart...
MiniChart.jsx:2130 [UNIUSDT] 🔄 requestRedraw called (candles: 1455)
MiniChart.jsx:2132 [UNIUSDT] 🔄 Redraw executing drawChart...
PollingCoordinator.js:227 [PollingCoordinator] Completed: OrderFlow_UNIUSDT
Logger.js:100 ✅ [8:03:06 p. m.] [Manager] [UNIUSDT] renderOverlays: VWAP found, enabled=true, dataMap.size=1440
VWAPIndicator.js?t=1769820560257:330 [UNIUSDT] 🎨 VWAP renderOverlay EXECUTING: dataMap=1440, visibleCandles=280
VWAPIndicator.js?t=1769820560257:360 [UNIUSDT] 🔴 VWAP DEBUG RECTANGLE at (30, 45), bounds={x:10,y:25,w:810,h:400}
VWAPIndicator.js?t=1769820560257:361 [UNIUSDT] 🔴 VWAP viewport: min=4.2200, max=4.2950, hasPriceToY=true
VWAPIndicator.js?t=1769820560257:405 [UNIUSDT] 🎨 VWAP _drawVWAPLine: matched=254, missed=26 of 280 candles
VWAPIndicator.js?t=1769820560257:417 [UNIUSDT] 🎨 VWAP sample: vwap=4.2737, Y=220.5, bounds={y:25, height:400}, viewport={min:4.2200, max:4.2950}
VWAPIndicator.js?t=1769820560257:423 [UNIUSDT] 🔍 Sample candle.timestamp=1769804640000, dataMap first keys=[1769733480000,1769733540000,1769733600000]
PollingCoordinator.js:218 [PollingCoordinator] Executing: SwingDetector_Signals_UNIUSDT
IndicatorCache.js:71 [IndicatorCache] 💾 swing@UNIUSDT desde memoria
MiniChart.jsx:2130 [UNIUSDT] 🔄 requestRedraw called (candles: 1455)
MiniChart.jsx:2132 [UNIUSDT] 🔄 Redraw executing drawChart...
PollingCoordinator.js:227 [PollingCoordinator] Completed: SwingDetector_Signals_UNIUSDT
PollingCoordinator.js:218 [PollingCoordinator] Executing: OrderFlow_UNIUSDT
MiniChart.jsx:2130 [UNIUSDT] 🔄 requestRedraw called (candles: 1455)
MiniChart.jsx:2132 [UNIUSDT] 🔄 Redraw executing drawChart...
PollingCoordinator.js:227 [PollingCoordinator] Completed: OrderFlow_UNIUSDT
MiniChart.jsx:957 [UNIUSDT] 🎨 Calling renderOverlays AFTER OrderFlow (frame 1141)
MiniChart.jsx:958 [UNIUSDT] 🎨 Fresh priceContext: minPrice=4.2200, maxPrice=4.2950, verticalOffset=82
PollingCoordinator.js:218 [PollingCoordinator] Executing: SwingDetector_Signals_UNIUSDT
IndicatorCache.js:71 [IndicatorCache] 💾 swing@UNIUSDT desde memoria
MiniChart.jsx:2130 [UNIUSDT] 🔄 requestRedraw called (candles: 1455)
MiniChart.jsx:2132 [UNIUSDT] 🔄 Redraw executing drawChart...
PollingCoordinator.js:227 [PollingCoordinator] Completed: SwingDetector_Signals_UNIUSDT
PollingCoordinator.js:218 [PollingCoordinator] Executing: SwingDetector_Status_UNIUSDT
PollingCoordinator.js:227 [PollingCoordinator] Completed: SwingDetector_Status_UNIUSDT
PollingCoordinator.js:218 [PollingCoordinator] Executing: SwingDetector_Signals_UNIUSDT
IndicatorCache.js:71 [IndicatorCache] 💾 swing@UNIUSDT desde memoria
MiniChart.jsx?t=1769820451620:1581 [UNIUSDT] 🔄 requestRedraw called (candles: 0)
PollingCoordinator.js:227 [PollingCoordinator] Completed: SwingDetector_Signals_UNIUSDT
PollingCoordinator.js:218 [PollingCoordinator] Executing: OrderFlow_UNIUSDT
MiniChart.jsx:2130 [UNIUSDT] 🔄 requestRedraw called (candles: 1455)
MiniChart.jsx:2132 [UNIUSDT] 🔄 Redraw executing drawChart...
PollingCoordinator.js:227 [PollingCoordinator] Completed: OrderFlow_UNIUSDT
PollingCoordinator.js:218 [PollingCoordinator] Executing: SwingDetector_Signals_UNIUSDT
IndicatorCache.js:71 [IndicatorCache] 💾 swing@UNIUSDT desde memoria
MiniChart.jsx?t=1769820439739:1581 [UNIUSDT] 🔄 requestRedraw called (candles: 0)
PollingCoordinator.js:227 [PollingCoordinator] Completed: SwingDetector_Signals_UNIUSDT
PollingCoordinator.js:218 [PollingCoordinator] Executing: OrderFlow_UNIUSDT
MiniChart.jsx:2130 [UNIUSDT] 🔄 requestRedraw called (candles: 1455)
MiniChart.jsx:2132 [UNIUSDT] 🔄 Redraw executing drawChart...
PollingCoordinator.js:227 [PollingCoordinator] Completed: OrderFlow_UNIUSDT
PollingCoordinator.js:218 [PollingCoordinator] Executing: SwingDetector_Status_UNIUSDT
PollingCoordinator.js:227 [PollingCoordinator] Completed: SwingDetector_Status_UNIUSDT
PollingCoordinator.js:218 [PollingCoordinator] Executing: SwingDetector_Signals_UNIUSDT
IndicatorCache.js:71 [IndicatorCache] 💾 swing@UNIUSDT desde memoria
MiniChart.jsx?t=1769820472299:1579 [UNIUSDT] 🔄 requestRedraw called (candles: 1455)
MiniChart.jsx?t=1769820472299:1581 [UNIUSDT] 🔄 Redraw executing drawChart...
PollingCoordinator.js:218 [PollingCoordinator] Executing: OrderFlow_UNIUSDT
MiniChart.jsx:2130 [UNIUSDT] 🔄 requestRedraw called (candles: 1455)
MiniChart.jsx:2132 [UNIUSDT] 🔄 Redraw executing drawChart...
PollingCoordinator.js:227 [PollingCoordinator] Completed: OrderFlow_UNIUSDT
PollingCoordinator.js:218 [PollingCoordinator] Executing: OrderFlow_UNIUSDT
PollingCoordinator.js:218 [PollingCoordinator] Executing: VWAP_UNIUSDT
Logger.js:100 ✅ [8:03:30 p. m.] [VWAP] [UNIUSDT] VWAP updated (polling): 1440 points
MiniChart.jsx:2130 [UNIUSDT] 🔄 requestRedraw called (candles: 1455)
MiniChart.jsx:2132 [UNIUSDT] 🔄 Redraw executing drawChart...
Logger.js:100 ✅ [8:03:30 p. m.] [VWAP] [UNIUSDT] VWAP requestRedraw() called after polling
PollingCoordinator.js:227 [PollingCoordinator] Completed: VWAP_UNIUSDT
MiniChart.jsx:2130 [UNIUSDT] 🔄 requestRedraw called (candles: 1455)
MiniChart.jsx:2132 [UNIUSDT] 🔄 Redraw executing drawChart...
PollingCoordinator.js:227 [PollingCoordinator] Completed: OrderFlow_UNIUSDT
PollingCoordinator.js:218 [PollingCoordinator] Executing: OrderFlow_UNIUSDT
PollingCoordinator.js:218 [PollingCoordinator] Executing: SwingDetector_Status_UNIUSDT
PollingCoordinator.js:227 [PollingCoordinator] Completed: SwingDetector_Status_UNIUSDT
PollingCoordinator.js:218 [PollingCoordinator] Executing: SwingDetector_Signals_UNIUSDT
IndicatorCache.js:71 [IndicatorCache] 💾 swing@UNIUSDT desde memoria
MiniChart.jsx:2130 [UNIUSDT] 🔄 requestRedraw called (candles: 1455)
MiniChart.jsx:2132 [UNIUSDT] 🔄 Redraw executing drawChart...
PollingCoordinator.js:227 [PollingCoordinator] Completed: SwingDetector_Signals_UNIUSDT
PollingCoordinator.js:218 [PollingCoordinator] Executing: SymbolList_PriceChanges
PollingCoordinator.js:218 [PollingCoordinator] Executing: SwingDetector_Status_UNIUSDT
PollingCoordinator.js:227 [PollingCoordinator] Completed: SwingDetector_Status_UNIUSDT
PollingCoordinator.js:218 [PollingCoordinator] Executing: SwingDetector_Signals_UNIUSDT
IndicatorCache.js:71 [IndicatorCache] 💾 swing@UNIUSDT desde memoria
MiniChart.jsx:2130 [UNIUSDT] 🔄 requestRedraw called (candles: 1455)
MiniChart.jsx:2132 [UNIUSDT] 🔄 Redraw executing drawChart...
PollingCoordinator.js:227 [PollingCoordinator] Completed: SwingDetector_Signals_UNIUSDT
PollingCoordinator.js:218 [PollingCoordinator] Executing: SwingDetector_Signals_UNIUSDT
IndicatorCache.js:71 [IndicatorCache] 💾 swing@UNIUSDT desde memoria
MiniChart.jsx?t=1769820451620:1581 [UNIUSDT] 🔄 requestRedraw called (candles: 0)
PollingCoordinator.js:227 [PollingCoordinator] Completed: SwingDetector_Signals_UNIUSDT
PollingCoordinator.js:218 [PollingCoordinator] Executing: SwingDetector_Status_UNIUSDT
PollingCoordinator.js:227 [PollingCoordinator] Completed: SwingDetector_Status_UNIUSDT
PollingCoordinator.js:218 [PollingCoordinator] Executing: SwingDetector_Signals_UNIUSDT
IndicatorCache.js:71 [IndicatorCache] 💾 swing@UNIUSDT desde memoria
MiniChart.jsx?t=1769820439739:1581 [UNIUSDT] 🔄 requestRedraw called (candles: 0)
PollingCoordinator.js:227 [PollingCoordinator] Completed: SwingDetector_Signals_UNIUSDT
 [UNIUSDT] 🔄 requestRedraw called (candles: 1455)
 [UNIUSDT] 🔄 Redraw executing drawChart...
 [PollingCoordinator] Completed: OrderFlow_UNIUSDT
 [PollingCoordinator] Completed: SymbolList_PriceChanges
 ✅ [8:03:49 p. m.] [Manager] [UNIUSDT] renderOverlays: VWAP found, enabled=true, dataMap.size=1440
 [UNIUSDT] 🎨 VWAP renderOverlay EXECUTING: dataMap=1440, visibleCandles=280
 [UNIUSDT] 🔴 VWAP DEBUG RECTANGLE at (30, 45), bounds={x:10,y:25,w:810,h:400}
 [UNIUSDT] 🔴 VWAP viewport: min=4.2200, max=4.2950, hasPriceToY=true
 [UNIUSDT] 🎨 VWAP _drawVWAPLine: matched=254, missed=26 of 280 candles
 [UNIUSDT] 🎨 VWAP sample: vwap=4.2737, Y=220.5, bounds={y:25, height:400}, viewport={min:4.2200, max:4.2950}
 [UNIUSDT] 🔍 Sample candle.timestamp=1769804640000, dataMap first keys=[1769733480000,1769733540000,1769733600000]
 [PollingCoordinator] Executing: OrderFlow_UNIUSDT
 [UNIUSDT] 🔄 requestRedraw called (candles: 1455)
 [UNIUSDT] 🔄 Redraw executing drawChart...
 [PollingCoordinator] Completed: OrderFlow_UNIUSDT
 [PollingCoordinator] Executing: SwingDetector_Signals_UNIUSDT
 [IndicatorCache] 💾 swing@UNIUSDT desde memoria
 [UNIUSDT] 🔄 requestRedraw called (candles: 1455)
 [UNIUSDT] 🔄 Redraw executing drawChart...
 [PollingCoordinator] Executing: OrderFlow_UNIUSDT
 [UNIUSDT] 🔄 requestRedraw called (candles: 1455)
 [UNIUSDT] 🔄 Redraw executing drawChart...
 [PollingCoordinator] Completed: OrderFlow_UNIUSDT
 [PollingCoordinator] Executing: OrderFlow_UNIUSDT
 [CandleCache] ✅ UNIUSDT@1 - guardado (1456 velas, memoria: 1/4)
 [UNIUSDT] 🔄 requestRedraw called (candles: 1456)
 [UNIUSDT] 🔄 Redraw executing drawChart...
 [PollingCoordinator] Completed: OrderFlow_UNIUSDT
 [UNIUSDT] SwingDetector: 200/200 signals for interval 1 (cached)
 ✅ [8:04:02 p. m.] [VWAP] [UNIUSDT] VWAP updated (polling): 1440 points
 [UNIUSDT] 🔄 requestRedraw called (candles: 1456)
 [UNIUSDT] 🔄 Redraw executing drawChart...
 [HealthCheck] Backend reconnected
 [PollingCoordinator] Executing: SwingDetector_Signals_UNIUSDT
 [IndicatorCache] 💾 swing@UNIUSDT desde memoria
 [UNIUSDT] 🔄 requestRedraw called (candles: 1456)
 [UNIUSDT] 🔄 Redraw executing drawChart...
 [PollingCoordinator] Completed: SwingDetector_Signals_UNIUSDT
 [PollingCoordinator] Executing: OrderFlow_UNIUSDT
 [UNIUSDT] 🔄 requestRedraw called (candles: 1456)
 [UNIUSDT] 🔄 Redraw executing drawChart...
 [PollingCoordinator] Completed: OrderFlow_UNIUSDT
 [PollingCoordinator] Executing: SwingDetector_Signals_UNIUSDT
 [IndicatorCache] 💾 swing@UNIUSDT desde memoria
 [UNIUSDT] 🔄 requestRedraw called (candles: 1456)
 [UNIUSDT] 🔄 Redraw executing drawChart...
 [PollingCoordinator] Completed: SwingDetector_Signals_UNIUSDT
 [PollingCoordinator] Executing: OrderFlow_UNIUSDT
 [UNIUSDT] 🔄 requestRedraw called (candles: 1456)
 [UNIUSDT] 🔄 Redraw executing drawChart...
 [PollingCoordinator] Completed: OrderFlow_UNIUSDT
 [PollingCoordinator] Executing: SwingDetector_Status_UNIUSDT
 [PollingCoordinator] Completed: SwingDetector_Status_UNIUSDT
 [PollingCoordinator] Executing: SwingDetector_Signals_UNIUSDT
 [IndicatorCache] 💾 swing@UNIUSDT desde memoria
 [UNIUSDT] 🔄 requestRedraw called (candles: 0)
 [PollingCoordinator] Completed: SwingDetector_Signals_UNIUSDT
 [PollingCoordinator] Executing: SwingDetector_Signals_UNIUSDT
 [IndicatorCache] 💾 swing@UNIUSDT desde memoria
 [UNIUSDT] 🔄 requestRedraw called (candles: 0)
 [PollingCoordinator] Completed: SwingDetector_Signals_UNIUSDT
 [PollingCoordinator] Executing: OrderFlow_UNIUSDT
 [UNIUSDT] 🔄 requestRedraw called (candles: 1456)
 [UNIUSDT] 🔄 Redraw executing drawChart...
 [PollingCoordinator] Completed: OrderFlow_UNIUSDT
 [CandleCache] 💾 UNIUSDT@1 - desde memoria (1456 velas)
 [CandleCache] OK VALIDATION UNIUSDT@1: 1456 velas sin gaps
 [CandleCache] UNIUSDT@1 - Cache valido: 1456 velas, sin gaps significativos
 [UNIUSDT] Carga INCREMENTAL: desde 30/1/2026, 8:03:00 p.m. (1456 velas en cache)
 [CandleCache] OK CACHE-ANTES-MERGE UNIUSDT: 1456 velas sin gaps
 [CandleCache] 🔄 Merge: 1456 cached + 1 new = 1456 total
 [UNIUSDT] Incremental: +1 velas nuevas = 1456 total
 [CandleCache] OK MERGED UNIUSDT: 1456 velas sin gaps
 [UNIUSDT] ✅ Histórico final: 1456 velas
 [CandleCache] ✅ UNIUSDT@1 - guardado (1456 velas, memoria: 1/4)
 [PollingCoordinator] Executing: SwingDetector_Status_UNIUSDT
 [PollingCoordinator] Completed: SwingDetector_Status_UNIUSDT
 [PollingCoordinator] Executing: SwingDetector_Signals_UNIUSDT
 [IndicatorCache] 💾 swing@UNIUSDT desde memoria
 [UNIUSDT] 🔄 requestRedraw called (candles: 1456)
 [UNIUSDT] 🔄 Redraw executing drawChart...
 [PollingCoordinator] Executing: OrderFlow_UNIUSDT
 [UNIUSDT] 🔄 requestRedraw called (candles: 1456)
 [UNIUSDT] 🔄 Redraw executing drawChart...
 [PollingCoordinator] Completed: OrderFlow_UNIUSDT
 [PollingCoordinator] Executing: VWAP_UNIUSDT
 ✅ [8:04:30 p. m.] [VWAP] [UNIUSDT] VWAP updated (polling): 1440 points
 [UNIUSDT] 🔄 requestRedraw called (candles: 1456)
 [UNIUSDT] 🔄 Redraw executing drawChart...
 ✅ [8:04:30 p. m.] [VWAP] [UNIUSDT] VWAP requestRedraw() called after polling
 [PollingCoordinator] Completed: VWAP_UNIUSDT
 [PollingCoordinator] Executing: OrderFlow_UNIUSDT
 [UNIUSDT] 🔄 requestRedraw called (candles: 1456)
 [UNIUSDT] 🔄 Redraw executing drawChart...
 [PollingCoordinator] Completed: OrderFlow_UNIUSDT
 [PollingCoordinator] Executing: SwingDetector_Status_UNIUSDT
 [PollingCoordinator] Completed: SwingDetector_Status_UNIUSDT
 [PollingCoordinator] Executing: SwingDetector_Signals_UNIUSDT
 [IndicatorCache] 💾 swing@UNIUSDT desde memoria
 [UNIUSDT] 🔄 requestRedraw called (candles: 1456)
 [UNIUSDT] 🔄 Redraw executing drawChart...
 [PollingCoordinator] Completed: SwingDetector_Signals_UNIUSDT
 [UNIUSDT] SwingDetector initialized with 1 days
 [IndicatorCache] 💾 swing@UNIUSDT desde memoria
 [UNIUSDT] 🔄 requestRedraw called (candles: 1456)
 [UNIUSDT] 🔄 Redraw executing drawChart...
 ✅ [8:04:37 p. m.] [Manager] [UNIUSDT] 🚀 startAllPolling() llamado - 3 indicadores
 ✅ [8:04:37 p. m.] [Manager] [UNIUSDT] -> Llamando startPollingIfReady() para VWAP
 ✅ [8:04:37 p. m.] [VWAP] [UNIUSDT] VWAP startPollingIfReady: pollingId=true, enabled=true, destroyed=false
 ✅ [8:04:37 p. m.] [Manager] [UNIUSDT] -> Llamando startPollingIfReady() para Swing Detector
 [UNIUSDT] SwingDetector startPollingIfReady: pollingId=true, enabled=true, config.enabled=true
 ✅ [8:04:37 p. m.] [Manager] [UNIUSDT] -> Llamando startPollingIfReady() para Order Flow
 ✅ [8:04:37 p. m.] [Manager] [UNIUSDT] 🚀 Polling iniciado para todos los indicadores
 [PollingCoordinator] Executing: OrderFlow_UNIUSDT
 [UNIUSDT] 🔄 requestRedraw called (candles: 1456)
 [UNIUSDT] 🔄 Redraw executing drawChart...
 [PollingCoordinator] Completed: OrderFlow_UNIUSDT
 [PollingCoordinator] Executing: SwingDetector_Status_UNIUSDT
 [PollingCoordinator] Completed: SwingDetector_Status_UNIUSDT
 [PollingCoordinator] Executing: SwingDetector_Signals_UNIUSDT
 [IndicatorCache] 💾 swing@UNIUSDT desde memoria
 [UNIUSDT] 🔄 requestRedraw called (candles: 1456)
 [UNIUSDT] 🔄 Redraw executing drawChart...
 [PollingCoordinator] Completed: SwingDetector_Signals_UNIUSDT
 [PollingCoordinator] Executing: SwingDetector_Signals_UNIUSDT
 [IndicatorCache] 💾 swing@UNIUSDT desde memoria
 [UNIUSDT] 🔄 requestRedraw called (candles: 0)
 [PollingCoordinator] Completed: SwingDetector_Signals_UNIUSDT
 [PollingCoordinator] Executing: OrderFlow_UNIUSDT
 [UNIUSDT] 🔄 requestRedraw called (candles: 1456)
 [UNIUSDT] 🔄 Redraw executing drawChart...
 [PollingCoordinator] Completed: OrderFlow_UNIUSDT
 [PollingCoordinator] Executing: SwingDetector_Status_UNIUSDT
 [PollingCoordinator] Completed: SwingDetector_Status_UNIUSDT
 [PollingCoordinator] Executing: SwingDetector_Signals_UNIUSDT
 [IndicatorCache] 💾 swing@UNIUSDT desde memoria
 [UNIUSDT] 🔄 requestRedraw called (candles: 0)
 [PollingCoordinator] Completed: SwingDetector_Signals_UNIUSDT
 [PollingCoordinator] Executing: SymbolList_PriceChanges
 [PollingCoordinator] Completed: SymbolList_PriceChanges
 [PollingCoordinator] Executing: OrderFlow_UNIUSDT
 [UNIUSDT] 🔄 requestRedraw called (candles: 1456)
 [UNIUSDT] 🔄 Redraw executing drawChart...
 [PollingCoordinator] Completed: OrderFlow_UNIUSDT
 [PollingCoordinator] Executing: SwingDetector_Signals_UNIUSDT
 [IndicatorCache] 💾 swing@UNIUSDT desde memoria
 [UNIUSDT] 🔄 requestRedraw called (candles: 1456)
 [UNIUSDT] 🔄 Redraw executing drawChart...
 [PollingCoordinator] Executing: OrderFlow_UNIUSDT
 [UNIUSDT] 🔄 requestRedraw called (candles: 1456)
 [UNIUSDT] 🔄 Redraw executing drawChart...
 [UNIUSDT] 🎨 Calling renderOverlays AFTER OrderFlow (frame 1201)
 [UNIUSDT] 🎨 Fresh priceContext: minPrice=4.2200, maxPrice=4.2950, verticalOffset=82
 [PollingCoordinator] Completed: OrderFlow_UNIUSDT
 [PollingCoordinator] Executing: OrderFlow_UNIUSDT
 [CandleCache] ✅ UNIUSDT@1 - guardado (1457 velas, memoria: 1/4)
 [UNIUSDT] 🔄 requestRedraw called (candles: 1457)
 [UNIUSDT] 🔄 Redraw executing drawChart...
 [PollingCoordinator] Completed: OrderFlow_UNIUSDT
 ✅ [8:05:04 p. m.] [VWAP] [UNIUSDT] VWAP updated (polling): 1440 points
 [UNIUSDT] SwingDetector: 200/200 signals for interval 1 (cached)
 [UNIUSDT] 🔄 requestRedraw called (candles: 1457)
 [UNIUSDT] 🔄 Redraw executing drawChart...
 [PollingCoordinator] Executing: SwingDetector_Signals_UNIUSDT
 [IndicatorCache] 💾 swing@UNIUSDT desde memoria
 [UNIUSDT] 🔄 requestRedraw called (candles: 1457)
 [UNIUSDT] 🔄 Redraw executing drawChart...
 [PollingCoordinator] Completed: SwingDetector_Signals_UNIUSDT
 [PollingCoordinator] Executing: OrderFlow_UNIUSDT
 [UNIUSDT] 🔄 requestRedraw called (candles: 1457)
 [UNIUSDT] 🔄 Redraw executing drawChart...
 [PollingCoordinator] Completed: OrderFlow_UNIUSDT
 [PollingCoordinator] Executing: SwingDetector_Signals_UNIUSDT
 [IndicatorCache] 💾 swing@UNIUSDT desde memoria
 [UNIUSDT] 🔄 requestRedraw called (candles: 1457)
 [UNIUSDT] 🔄 Redraw executing drawChart...
 [PollingCoordinator] Completed: SwingDetector_Signals_UNIUSDT
 [PollingCoordinator] Executing: SwingDetector_Status_UNIUSDT
 [PollingCoordinator] Completed: SwingDetector_Status_UNIUSDT
 [PollingCoordinator] Executing: SwingDetector_Signals_UNIUSDT
 [IndicatorCache] 💾 swing@UNIUSDT desde memoria
 [UNIUSDT] 🔄 requestRedraw called (candles: 0)
 [PollingCoordinator] Completed: SwingDetector_Signals_UNIUSDT
 [PollingCoordinator] Executing: OrderFlow_UNIUSDT
 [UNIUSDT] 🔄 requestRedraw called (candles: 1457)
 [UNIUSDT] 🔄 Redraw executing drawChart...
 [PollingCoordinator] Completed: OrderFlow_UNIUSDT
 [PollingCoordinator] Executing: SwingDetector_Signals_UNIUSDT
 [IndicatorCache] 💾 swing@UNIUSDT desde memoria
 [UNIUSDT] 🔄 requestRedraw called (candles: 0)
 [PollingCoordinator] Completed: SwingDetector_Signals_UNIUSDT
 [PollingCoordinator] Executing: OrderFlow_UNIUSDT
 [UNIUSDT] 🔄 requestRedraw called (candles: 1457)
 [UNIUSDT] 🔄 Redraw executing drawChart...
 [PollingCoordinator] Completed: OrderFlow_UNIUSDT
 [PollingCoordinator] Executing: SwingDetector_Status_UNIUSDT
 [PollingCoordinator] Completed: SwingDetector_Status_UNIUSDT
 [PollingCoordinator] Executing: SwingDetector_Signals_UNIUSDT
 [IndicatorCache] 💾 swing@UNIUSDT desde memoria
 [UNIUSDT] 🔄 requestRedraw called (candles: 1457)
 [UNIUSDT] 🔄 Redraw executing drawChart...
 [PollingCoordinator] Executing: OrderFlow_UNIUSDT
 [UNIUSDT] 🔄 requestRedraw called (candles: 1457)
 [UNIUSDT] 🔄 Redraw executing drawChart...
 [PollingCoordinator] Completed: OrderFlow_UNIUSDT
 [PollingCoordinator] Executing: VWAP_UNIUSDT
 ✅ [8:05:30 p. m.] [VWAP] [UNIUSDT] VWAP updated (polling): 1440 points
 [UNIUSDT] 🔄 requestRedraw called (candles: 1457)
 [UNIUSDT] 🔄 Redraw executing drawChart...
 ✅ [8:05:30 p. m.] [VWAP] [UNIUSDT] VWAP requestRedraw() called after polling
 [PollingCoordinator] Completed: VWAP_UNIUSDT
 [PollingCoordinator] Executing: OrderFlow_UNIUSDT
 [UNIUSDT] 🔄 requestRedraw called (candles: 1457)
 [UNIUSDT] 🔄 Redraw executing drawChart...
 [PollingCoordinator] Completed: OrderFlow_UNIUSDT
 [PollingCoordinator] Executing: OrderFlow_UNIUSDT
 [UNIUSDT] 🔄 requestRedraw called (candles: 1457)
 [UNIUSDT] 🔄 Redraw executing drawChart...
 [PollingCoordinator] Completed: OrderFlow_UNIUSDT
 [PollingCoordinator] Executing: SwingDetector_Status_UNIUSDT
 [PollingCoordinator] Completed: SwingDetector_Status_UNIUSDT
 [PollingCoordinator] Executing: SwingDetector_Signals_UNIUSDT
 [IndicatorCache] 💾 swing@UNIUSDT desde memoria
 [UNIUSDT] 🔄 requestRedraw called (candles: 1457)
 [UNIUSDT] 🔄 Redraw executing drawChart...
 [PollingCoordinator] Completed: SwingDetector_Signals_UNIUSDT
 [PollingCoordinator] Executing: OrderFlow_UNIUSDT
 [UNIUSDT] 🔄 requestRedraw called (candles: 1457)
 [UNIUSDT] 🔄 Redraw executing drawChart...
 [PollingCoordinator] Completed: OrderFlow_UNIUSDT
 [PollingCoordinator] Executing: SwingDetector_Status_UNIUSDT
 [PollingCoordinator] Completed: SwingDetector_Status_UNIUSDT
 [PollingCoordinator] Executing: SwingDetector_Signals_UNIUSDT
 [IndicatorCache] 💾 swing@UNIUSDT desde memoria
 [UNIUSDT] 🔄 requestRedraw called (candles: 1457)
 [UNIUSDT] 🔄 Redraw executing drawChart...
 ✅ [8:05:42 p. m.] [Manager] [UNIUSDT] renderOverlays: VWAP found, enabled=true, dataMap.size=1440
 [UNIUSDT] 🎨 VWAP renderOverlay EXECUTING: dataMap=1440, visibleCandles=280
 [UNIUSDT] 🔴 VWAP DEBUG RECTANGLE at (30, 45), bounds={x:10,y:25,w:810,h:400}
 [UNIUSDT] 🔴 VWAP viewport: min=4.2200, max=4.2950, hasPriceToY=true
 [UNIUSDT] 🎨 VWAP _drawVWAPLine: matched=252, missed=28 of 280 candles
 [UNIUSDT] 🎨 VWAP sample: vwap=4.2717, Y=231.2, bounds={y:25, height:400}, viewport={min:4.2200, max:4.2950}
 [UNIUSDT] 🔍 Sample candle.timestamp=1769804760000, dataMap first keys=[1769733480000,1769733540000,1769733600000]
 [PollingCoordinator] Completed: SwingDetector_Signals_UNIUSDT
 [PollingCoordinator] Executing: SwingDetector_Signals_UNIUSDT
 [IndicatorCache] 💾 swing@UNIUSDT desde memoria
 [UNIUSDT] 🔄 requestRedraw called (candles: 0)
 [PollingCoordinator] Completed: SwingDetector_Signals_UNIUSDT
 [PollingCoordinator] Executing: SwingDetector_Status_UNIUSDT
 [PollingCoordinator] Completed: SwingDetector_Status_UNIUSDT
 [PollingCoordinator] Executing: SwingDetector_Signals_UNIUSDT
 [IndicatorCache] 💾 swing@UNIUSDT desde memoria
 [UNIUSDT] 🔄 requestRedraw called (candles: 0)
 [PollingCoordinator] Completed: SwingDetector_Signals_UNIUSDT
 [PollingCoordinator] Executing: OrderFlow_UNIUSDT
 [UNIUSDT] 🔄 requestRedraw called (candles: 1457)
 [UNIUSDT] 🔄 Redraw executing drawChart...
 [PollingCoordinator] Completed: OrderFlow_UNIUSDT
 [PollingCoordinator] Executing: SymbolList_PriceChanges
 [PollingCoordinator] Completed: SymbolList_PriceChanges
 [PollingCoordinator] Executing: OrderFlow_UNIUSDT
 [UNIUSDT] 🔄 requestRedraw called (candles: 1457)
 [UNIUSDT] 🔄 Redraw executing drawChart...
 [PollingCoordinator] Completed: OrderFlow_UNIUSDT
 [PollingCoordinator] Executing: SwingDetector_Signals_UNIUSDT
 [IndicatorCache] 💾 swing@UNIUSDT desde memoria
 [UNIUSDT] 🔄 requestRedraw called (candles: 1457)
 [UNIUSDT] 🔄 Redraw executing drawChart...
 [PollingCoordinator] Executing: OrderFlow_UNIUSDT
 [UNIUSDT] 🔄 requestRedraw called (candles: 1457)
 [UNIUSDT] 🔄 Redraw executing drawChart...
 [PollingCoordinator] Completed: OrderFlow_UNIUSDT
 [CandleCache] ✅ UNIUSDT@1 - guardado (1458 velas, memoria: 1/4)
 [PollingCoordinator] Executing: OrderFlow_UNIUSDT
 [UNIUSDT] SwingDetector: 200/200 signals for interval 1 (cached)
 ✅ [8:06:02 p. m.] [VWAP] [UNIUSDT] VWAP updated (polling): 1440 points
 [UNIUSDT] 🔄 requestRedraw called (candles: 1458)
 [UNIUSDT] 🔄 Redraw executing drawChart...
 [UNIUSDT] 🔄 requestRedraw called (candles: 1458)
 [UNIUSDT] 🔄 Redraw executing drawChart...
 [PollingCoordinator] Completed: OrderFlow_UNIUSDT
 [PollingCoordinator] Executing: SwingDetector_Signals_UNIUSDT
 [IndicatorCache] 💾 swing@UNIUSDT desde memoria
 [UNIUSDT] 🔄 requestRedraw called (candles: 1458)
 [UNIUSDT] 🔄 Redraw executing drawChart...
 [PollingCoordinator] Completed: SwingDetector_Signals_UNIUSDT
 [PollingCoordinator] Executing: OrderFlow_UNIUSDT
 [UNIUSDT] 🔄 requestRedraw called (candles: 1458)
 [UNIUSDT] 🔄 Redraw executing drawChart...
 [PollingCoordinator] Completed: OrderFlow_UNIUSDT
 [PollingCoordinator] Executing: SwingDetector_Signals_UNIUSDT
 [IndicatorCache] 💾 swing@UNIUSDT desde memoria
 [UNIUSDT] 🔄 requestRedraw called (candles: 1458)
 [UNIUSDT] 🔄 Redraw executing drawChart...
 [PollingCoordinator] Completed: SwingDetector_Signals_UNIUSDT
 [PollingCoordinator] Executing: SwingDetector_Status_UNIUSDT
 [PollingCoordinator] Completed: SwingDetector_Status_UNIUSDT
 [PollingCoordinator] Executing: OrderFlow_UNIUSDT
 [PollingCoordinator] Executing: SwingDetector_Signals_UNIUSDT
 [IndicatorCache] 💾 swing@UNIUSDT desde memoria
 [UNIUSDT] 🔄 requestRedraw called (candles: 0)
 [PollingCoordinator] Completed: SwingDetector_Signals_UNIUSDT
 [UNIUSDT] 🔄 requestRedraw called (candles: 1458)
 [UNIUSDT] 🔄 Redraw executing drawChart...
 [PollingCoordinator] Completed: OrderFlow_UNIUSDT
 [PollingCoordinator] Executing: SwingDetector_Signals_UNIUSDT
 [IndicatorCache] 💾 swing@UNIUSDT desde memoria
 [UNIUSDT] 🔄 requestRedraw called (candles: 0)
 [PollingCoordinator] Completed: SwingDetector_Signals_UNIUSDT
 [PollingCoordinator] Executing: OrderFlow_UNIUSDT
 [UNIUSDT] 🔄 requestRedraw called (candles: 1458)
 [UNIUSDT] 🔄 Redraw executing drawChart...
 [PollingCoordinator] Completed: OrderFlow_UNIUSDT
 [PollingCoordinator] Executing: SwingDetector_Status_UNIUSDT
 [PollingCoordinator] Completed: SwingDetector_Status_UNIUSDT
 [PollingCoordinator] Executing: SwingDetector_Signals_UNIUSDT
 [IndicatorCache] 💾 swing@UNIUSDT desde memoria
 [UNIUSDT] 🔄 requestRedraw called (candles: 1458)
 [UNIUSDT] 🔄 Redraw executing drawChart...
 [PollingCoordinator] Executing: OrderFlow_UNIUSDT
 [UNIUSDT] 🔄 requestRedraw called (candles: 1458)
 [UNIUSDT] 🔄 Redraw executing drawChart...
 [PollingCoordinator] Completed: OrderFlow_UNIUSDT
 [PollingCoordinator] Executing: OrderFlow_UNIUSDT
 [UNIUSDT] 🔄 requestRedraw called (candles: 1458)
 [UNIUSDT] 🔄 Redraw executing drawChart...
 [PollingCoordinator] Completed: OrderFlow_UNIUSDT
 [PollingCoordinator] Executing: VWAP_UNIUSDT
 ✅ [8:06:30 p. m.] [VWAP] [UNIUSDT] VWAP updated (polling): 1440 points
 [UNIUSDT] 🔄 requestRedraw called (candles: 1458)
 [UNIUSDT] 🔄 Redraw executing drawChart...
 ✅ [8:06:30 p. m.] [VWAP] [UNIUSDT] VWAP requestRedraw() called after polling
 [PollingCoordinator] Completed: VWAP_UNIUSDT
 [PollingCoordinator] Executing: OrderFlow_UNIUSDT
 [UNIUSDT] 🔄 requestRedraw called (candles: 1458)
 [UNIUSDT] 🔄 Redraw executing drawChart...
 [PollingCoordinator] Completed: OrderFlow_UNIUSDT
 [PollingCoordinator] Executing: SwingDetector_Status_UNIUSDT
 [PollingCoordinator] Completed: SwingDetector_Status_UNIUSDT
 [PollingCoordinator] Executing: SwingDetector_Signals_UNIUSDT
 [IndicatorCache] 💾 swing@UNIUSDT desde memoria
 [UNIUSDT] 🔄 requestRedraw called (candles: 1458)
 [UNIUSDT] 🔄 Redraw executing drawChart...
 [PollingCoordinator] Completed: SwingDetector_Signals_UNIUSDT
 [PollingCoordinator] Executing: OrderFlow_UNIUSDT
 [UNIUSDT] 🔄 requestRedraw called (candles: 1458)
 [UNIUSDT] 🔄 Redraw executing drawChart...
 [PollingCoordinator] Completed: OrderFlow_UNIUSDT
 [PollingCoordinator] Executing: SwingDetector_Status_UNIUSDT
 [PollingCoordinator] Completed: SwingDetector_Status_UNIUSDT
 [PollingCoordinator] Executing: SwingDetector_Signals_UNIUSDT
 [IndicatorCache] 💾 swing@UNIUSDT desde memoria
 [UNIUSDT] 🔄 requestRedraw called (candles: 1458)
 [UNIUSDT] 🔄 Redraw executing drawChart...
 [PollingCoordinator] Completed: SwingDetector_Signals_UNIUSDT
 [PollingCoordinator] Executing: SwingDetector_Signals_UNIUSDT
 [IndicatorCache] 💾 swing@UNIUSDT desde memoria
 [UNIUSDT] 🔄 requestRedraw called (candles: 0)
 [PollingCoordinator] Completed: SwingDetector_Signals_UNIUSDT
 [PollingCoordinator] Executing: OrderFlow_UNIUSDT
 [UNIUSDT] 🔄 requestRedraw called (candles: 1458)
 [UNIUSDT] 🔄 Redraw executing drawChart...
 [PollingCoordinator] Completed: OrderFlow_UNIUSDT
 [PollingCoordinator] Executing: SwingDetector_Status_UNIUSDT
 [PollingCoordinator] Completed: SwingDetector_Status_UNIUSDT
 [PollingCoordinator] Executing: SwingDetector_Signals_UNIUSDT
 [IndicatorCache] 💾 swing@UNIUSDT desde memoria
 [UNIUSDT] 🔄 requestRedraw called (candles: 0)
 [PollingCoordinator] Completed: SwingDetector_Signals_UNIUSDT
 [PollingCoordinator] Executing: OrderFlow_UNIUSDT
 [UNIUSDT] 🔄 requestRedraw called (candles: 1458)
 [UNIUSDT] 🔄 Redraw executing drawChart...
 [UNIUSDT] 🎨 Calling renderOverlays AFTER OrderFlow (frame 1261)
 [UNIUSDT] 🎨 Fresh priceContext: minPrice=4.2200, maxPrice=4.2950, verticalOffset=82
 [PollingCoordinator] Completed: OrderFlow_UNIUSDT
 [PollingCoordinator] Executing: SymbolList_PriceChanges
 [PollingCoordinator] Completed: SymbolList_PriceChanges
 [PollingCoordinator] Executing: SwingDetector_Signals_UNIUSDT
 [IndicatorCache] 💾 swing@UNIUSDT desde memoria
 [UNIUSDT] 🔄 requestRedraw called (candles: 1458)
 [UNIUSDT] 🔄 Redraw executing drawChart...
 [PollingCoordinator] Executing: OrderFlow_UNIUSDT
 [UNIUSDT] 🔄 requestRedraw called (candles: 1458)
 [UNIUSDT] 🔄 Redraw executing drawChart...
 [PollingCoordinator] Completed: OrderFlow_UNIUSDT
 [PollingCoordinator] Executing: OrderFlow_UNIUSDT
 [UNIUSDT] 🔄 requestRedraw called (candles: 1458)
 [UNIUSDT] 🔄 Redraw executing drawChart...
 [PollingCoordinator] Completed: OrderFlow_UNIUSDT
 [CandleCache] ✅ UNIUSDT@1 - guardado (1459 velas, memoria: 1/4)
 [UNIUSDT] SwingDetector: 200/200 signals for interval 1 (cached)
 ✅ [8:07:03 p. m.] [VWAP] [UNIUSDT] VWAP updated (polling): 1440 points
 [UNIUSDT] 🔄 requestRedraw called (candles: 1459)
 [UNIUSDT] 🔄 Redraw executing drawChart...
 [PollingCoordinator] Executing: OrderFlow_UNIUSDT
 [UNIUSDT] 🔄 requestRedraw called (candles: 1459)
 [UNIUSDT] 🔄 Redraw executing drawChart...
 [PollingCoordinator] Completed: OrderFlow_UNIUSDT
 [PollingCoordinator] Executing: SwingDetector_Signals_UNIUSDT
 [IndicatorCache] 💾 swing@UNIUSDT desde memoria
 [UNIUSDT] 🔄 requestRedraw called (candles: 1459)
 [UNIUSDT] 🔄 Redraw executing drawChart...
 [PollingCoordinator] Completed: SwingDetector_Signals_UNIUSDT
 [PollingCoordinator] Executing: OrderFlow_UNIUSDT
 [UNIUSDT] 🔄 requestRedraw called (candles: 1459)
 [UNIUSDT] 🔄 Redraw executing drawChart...
 [PollingCoordinator] Completed: OrderFlow_UNIUSDT
 [PollingCoordinator] Executing: SwingDetector_Signals_UNIUSDT
 [IndicatorCache] 💾 swing@UNIUSDT desde memoria
 [UNIUSDT] 🔄 requestRedraw called (candles: 1459)
 [UNIUSDT] 🔄 Redraw executing drawChart...
 [PollingCoordinator] Completed: SwingDetector_Signals_UNIUSDT
 [PollingCoordinator] Executing: SwingDetector_Status_UNIUSDT
 [PollingCoordinator] Completed: SwingDetector_Status_UNIUSDT
 [PollingCoordinator] Executing: SwingDetector_Signals_UNIUSDT
 [IndicatorCache] 💾 swing@UNIUSDT desde memoria
 [UNIUSDT] 🔄 requestRedraw called (candles: 0)
 [PollingCoordinator] Completed: SwingDetector_Signals_UNIUSDT
 [PollingCoordinator] Executing: SwingDetector_Signals_UNIUSDT
 [IndicatorCache] 💾 swing@UNIUSDT desde memoria
 [UNIUSDT] 🔄 requestRedraw called (candles: 0)
 [PollingCoordinator] Completed: SwingDetector_Signals_UNIUSDT
 [PollingCoordinator] Executing: OrderFlow_UNIUSDT
 [UNIUSDT] 🔄 requestRedraw called (candles: 1459)
 [UNIUSDT] 🔄 Redraw executing drawChart...
 [PollingCoordinator] Completed: OrderFlow_UNIUSDT
 [PollingCoordinator] Executing: OrderFlow_UNIUSDT
 [UNIUSDT] 🔄 requestRedraw called (candles: 1459)
 [UNIUSDT] 🔄 Redraw executing drawChart...
 [PollingCoordinator] Completed: OrderFlow_UNIUSDT
 [PollingCoordinator] Executing: SwingDetector_Status_UNIUSDT
 [PollingCoordinator] Completed: SwingDetector_Status_UNIUSDT
 [PollingCoordinator] Executing: SwingDetector_Signals_UNIUSDT
 [IndicatorCache] 💾 swing@UNIUSDT desde memoria
 [UNIUSDT] 🔄 requestRedraw called (candles: 1459)
 [UNIUSDT] 🔄 Redraw executing drawChart...
 [PollingCoordinator] Executing: OrderFlow_UNIUSDT
 [UNIUSDT] 🔄 requestRedraw called (candles: 1459)
 [UNIUSDT] 🔄 Redraw executing drawChart...
 [PollingCoordinator] Completed: OrderFlow_UNIUSDT
 [PollingCoordinator] Executing: VWAP_UNIUSDT
 ✅ [8:07:30 p. m.] [VWAP] [UNIUSDT] VWAP updated (polling): 1440 points
 [UNIUSDT] 🔄 requestRedraw called (candles: 1459)
 [UNIUSDT] 🔄 Redraw executing drawChart...
 ✅ [8:07:30 p. m.] [VWAP] [UNIUSDT] VWAP requestRedraw() called after polling
 [PollingCoordinator] Completed: VWAP_UNIUSDT
 [PollingCoordinator] Executing: OrderFlow_UNIUSDT
 [UNIUSDT] 🔄 requestRedraw called (candles: 1459)
 [UNIUSDT] 🔄 Redraw executing drawChart...
 [PollingCoordinator] Completed: OrderFlow_UNIUSDT
 [PollingCoordinator] Executing: SwingDetector_Status_UNIUSDT
 [PollingCoordinator] Completed: SwingDetector_Status_UNIUSDT
 [PollingCoordinator] Executing: OrderFlow_UNIUSDT
 [UNIUSDT] 🔄 requestRedraw called (candles: 1459)
 [UNIUSDT] 🔄 Redraw executing drawChart...
 [PollingCoordinator] Completed: OrderFlow_UNIUSDT
 [PollingCoordinator] Executing: SwingDetector_Signals_UNIUSDT
 [IndicatorCache] 💾 swing@UNIUSDT desde memoria
 [UNIUSDT] 🔄 requestRedraw called (candles: 1459)
 [UNIUSDT] 🔄 Redraw executing drawChart...
 [PollingCoordinator] Completed: SwingDetector_Signals_UNIUSDT
 [PollingCoordinator] Executing: SwingDetector_Status_UNIUSDT
 [PollingCoordinator] Completed: SwingDetector_Status_UNIUSDT
 [PollingCoordinator] Executing: SwingDetector_Signals_UNIUSDT
 [IndicatorCache] 💾 swing@UNIUSDT desde memoria
 [UNIUSDT] 🔄 requestRedraw called (candles: 1459)
 [UNIUSDT] 🔄 Redraw executing drawChart...
 [PollingCoordinator] Completed: SwingDetector_Signals_UNIUSDT
 [PollingCoordinator] Executing: OrderFlow_UNIUSDT
 [UNIUSDT] 🔄 requestRedraw called (candles: 1459)
 [UNIUSDT] 🔄 Redraw executing drawChart...
 [PollingCoordinator] Completed: OrderFlow_UNIUSDT
 [PollingCoordinator] Executing: SwingDetector_Signals_UNIUSDT
 [IndicatorCache] 💾 swing@UNIUSDT desde memoria
 [UNIUSDT] 🔄 requestRedraw called (candles: 0)
 [PollingCoordinator] Completed: SwingDetector_Signals_UNIUSDT
 [PollingCoordinator] Executing: SwingDetector_Status_UNIUSDT
 [PollingCoordinator] Completed: SwingDetector_Status_UNIUSDT
 [PollingCoordinator] Executing: SwingDetector_Signals_UNIUSDT
 [IndicatorCache] 💾 swing@UNIUSDT desde memoria
 [UNIUSDT] 🔄 requestRedraw called (candles: 0)
 [PollingCoordinator] Completed: SwingDetector_Signals_UNIUSDT
 [PollingCoordinator] Executing: OrderFlow_UNIUSDT
 [UNIUSDT] 🔄 requestRedraw called (candles: 1459)
 [UNIUSDT] 🔄 Redraw executing drawChart...
 [PollingCoordinator] Completed: OrderFlow_UNIUSDT
 [Registry] 🗑️ Desregistrado manager para UNIUSDT (total: 0)
 [PollingCoordinator] Unregistered: VWAP_UNIUSDT
 ✅ [8:07:49 p. m.] [VWAP] [UNIUSDT] VWAP polling stopped
 [PollingCoordinator] Unregistered: SwingDetector_Signals_UNIUSDT
 [UNIUSDT] SwingDetector signal polling stopped
 [PollingCoordinator] Unregistered: SwingDetector_Status_UNIUSDT
 [UNIUSDT] SwingDetector status polling stopped
 [PollingCoordinator] Unregistered: OrderFlow_UNIUSDT
 [MiniChart UNIUSDT] 🖥️ Fullscreen effect: isFullscreen=false, hasCallback=true
 [UNIUSDT] 🚀 Componente montado, iniciando...
 [CandleCache] 💾 UNIUSDT@1 - desde memoria (1459 velas)
 ✅ [8:07:49 p. m.] [VWAP] [UNIUSDT] VWAPIndicator initialized (backend native, type=session)
 [UNIUSDT] SwingDetectorIndicator initialized
 [CandleCache] OK VALIDATION UNIUSDT@1: 1459 velas sin gaps
 [CandleCache] UNIUSDT@1 - Cache valido: 1459 velas, sin gaps significativos
 [Registry] ✅ Registrado manager para UNIUSDT (total: 1)
 ✅ [8:07:49 p. m.] [VWAP] [UNIUSDT] Config changed (vwapType=rolling), refetching...
 [UNIUSDT] Carga INCREMENTAL: desde 30/1/2026, 8:06:00 p.m. (1459 velas en cache)
 ✓ Suscrito: 
 [PollingCoordinator] Executing: SymbolList_PriceChanges
 [PollingCoordinator] Executing: SwingDetector_Signals_UNIUSDT
 [IndicatorCache] 💾 swing@UNIUSDT desde memoria
 [UNIUSDT] 🔄 requestRedraw called (candles: 0)
 [PollingCoordinator] Completed: SwingDetector_Signals_UNIUSDT
 ✅ [8:07:56 p. m.] [VWAP] [UNIUSDT] VWAP loaded: 1440 points (rolling, 1 days)
 ✅ [8:07:56 p. m.] [VWAP] [UNIUSDT] VWAP requestRedraw() after initial load
 [UNIUSDT] 🔄 requestRedraw called (candles: 0)
 [PollingCoordinator] Registered: OrderFlow_UNIUSDT (interval: 5000ms, priority: 1)
 [UNIUSDT] 🔄 requestRedraw called (candles: 0)
 ✅ [8:07:56 p. m.] [VWAP] [UNIUSDT] VWAP loaded: 1440 points (rolling, 1 days)
 ✅ [8:07:56 p. m.] [VWAP] [UNIUSDT] VWAP requestRedraw() after initial load
 [UNIUSDT] 🔄 requestRedraw called (candles: 0)
 ✅ [8:07:57 p. m.] [VWAP] [UNIUSDT] VWAP loaded: 1440 points (rolling, 1 days)
 ✅ [8:07:57 p. m.] [VWAP] [UNIUSDT] VWAP requestRedraw() after initial load
 [UNIUSDT] 🔄 requestRedraw called (candles: 0)
 ✅ [8:07:57 p. m.] [VWAP] [UNIUSDT] VWAP startPollingIfReady: pollingId=false, enabled=true, destroyed=false
 [PollingCoordinator] Registered: VWAP_UNIUSDT (interval: 60000ms, priority: 2)
 ✅ [8:07:57 p. m.] [VWAP] [UNIUSDT] VWAP polling started (interval: 60000ms)
 [UNIUSDT] 🔄 requestRedraw called (candles: 0)
 [CandleCache] OK CACHE-ANTES-MERGE UNIUSDT: 1459 velas sin gaps
 [CandleCache] 🔄 Merge: 1459 cached + 1 new = 1459 total
 [UNIUSDT] Incremental: +1 velas nuevas = 1459 total
 [CandleCache] OK MERGED UNIUSDT: 1459 velas sin gaps
 [UNIUSDT] ✅ Histórico final: 1459 velas
 ✅ [8:07:58 p. m.] [Manager] [UNIUSDT] renderOverlays: VWAP found, enabled=true, dataMap.size=1440
 [UNIUSDT] 🎨 VWAP renderOverlay EXECUTING: dataMap=1440, visibleCandles=280
 [UNIUSDT] 🔴 VWAP DEBUG RECTANGLE at (30, 45), bounds={x:10,y:25,w:810,h:400}
 [UNIUSDT] 🔴 VWAP viewport: min=4.2200, max=4.2950, hasPriceToY=true
 [UNIUSDT] 🟢 VWAP First point: (11.4, 276.5)
 [UNIUSDT] 🔵 VWAP Last point: (731.8, 249.5)
 [UNIUSDT] 📐 VWAP Visible area: y=25 to y=425
 [UNIUSDT] 🎨 VWAP _drawVWAPLine: matched=250, missed=30 of 280 candles
 [UNIUSDT] 🎨 VWAP sample: vwap=4.2712, Y=234.0, bounds={y:25, height:400}, viewport={min:4.2200, max:4.2950}
 [UNIUSDT] 🔍 Sample candle.timestamp=1769804880000, dataMap first keys=[1769733480000,1769733540000,1769733600000]
 [CandleCache] ✅ UNIUSDT@1 - guardado (1459 velas, memoria: 1/4)
 [PollingCoordinator] Executing: OrderFlow_UNIUSDT
 [UNIUSDT] 🔄 requestRedraw called (candles: 1459)
 [UNIUSDT] 🔄 Redraw executing drawChart...
 [PollingCoordinator] Completed: OrderFlow_UNIUSDT
 [PollingCoordinator] Completed: SymbolList_PriceChanges
 [PollingCoordinator] Executing: SwingDetector_Signals_UNIUSDT
 [IndicatorCache] 💾 swing@UNIUSDT desde memoria
 [UNIUSDT] 🔄 requestRedraw called (candles: 1459)
 [UNIUSDT] 🔄 Redraw executing drawChart...
 [PollingCoordinator] Completed: SwingDetector_Signals_UNIUSDT
 [UNIUSDT] SwingDetector initialized with 1 days
 [IndicatorCache] 💾 swing@UNIUSDT desde memoria
 [UNIUSDT] SwingDetector startPollingIfReady: pollingId=false, enabled=true, config.enabled=true
 [PollingCoordinator] Registered: SwingDetector_Signals_UNIUSDT (interval: 30000ms, priority: 3)
 [PollingCoordinator] Registered: SwingDetector_Status_UNIUSDT (interval: 60000ms, priority: 8)
 [UNIUSDT] SwingDetector polling started (signals: 30000ms, status: 60000ms)
 [UNIUSDT] 🔄 requestRedraw called (candles: 1459)
 [UNIUSDT] 🔄 Redraw executing drawChart...
 [UNIUSDT] SwingDetector initialized with 1 days
 [IndicatorCache] 💾 swing@UNIUSDT desde memoria
 [UNIUSDT] 🔄 requestRedraw called (candles: 1459)
 [UNIUSDT] 🔄 Redraw executing drawChart...
 ✅ [8:08:11 p. m.] [Manager] [UNIUSDT] 🚀 startAllPolling() llamado - 3 indicadores
 ✅ [8:08:11 p. m.] [Manager] [UNIUSDT] -> Llamando startPollingIfReady() para VWAP
 ✅ [8:08:11 p. m.] [VWAP] [UNIUSDT] VWAP startPollingIfReady: pollingId=true, enabled=true, destroyed=false
 ✅ [8:08:11 p. m.] [Manager] [UNIUSDT] -> Llamando startPollingIfReady() para Swing Detector
 [UNIUSDT] SwingDetector startPollingIfReady: pollingId=true, enabled=true, config.enabled=true
 ✅ [8:08:11 p. m.] [Manager] [UNIUSDT] -> Llamando startPollingIfReady() para Order Flow
 ✅ [8:08:11 p. m.] [Manager] [UNIUSDT] 🚀 Polling iniciado para todos los indicadores
 [PollingCoordinator] Executing: OrderFlow_UNIUSDT
 [UNIUSDT] 🔄 requestRedraw called (candles: 1459)
 [UNIUSDT] 🔄 Redraw executing drawChart...
 [PollingCoordinator] Completed: OrderFlow_UNIUSDT
 [CandleCache] ✅ UNIUSDT@1 - guardado (1460 velas, memoria: 1/4)
 ✅ [8:08:12 p. m.] [VWAP] [UNIUSDT] VWAP updated (polling): 1440 points
 [UNIUSDT] SwingDetector: 300/300 signals for interval 1 (cached)
 [UNIUSDT] 🔄 requestRedraw called (candles: 1460)
 [UNIUSDT] 🔄 Redraw executing drawChart...
 [PollingCoordinator] Executing: SwingDetector_Status_UNIUSDT
 [PollingCoordinator] Completed: SwingDetector_Status_UNIUSDT
 [PollingCoordinator] Executing: SwingDetector_Signals_UNIUSDT
 [IndicatorCache] 💾 swing@UNIUSDT desde memoria
 [UNIUSDT] 🔄 requestRedraw called (candles: 0)
 [PollingCoordinator] Completed: SwingDetector_Signals_UNIUSDT
 [PollingCoordinator] Executing: SwingDetector_Signals_UNIUSDT
 [IndicatorCache] 💾 swing@UNIUSDT desde memoria
 [UNIUSDT] 🔄 requestRedraw called (candles: 0)
 [PollingCoordinator] Completed: SwingDetector_Signals_UNIUSDT
 [PollingCoordinator] Executing: OrderFlow_UNIUSDT
 [UNIUSDT] 🔄 requestRedraw called (candles: 1460)
 [UNIUSDT] 🔄 Redraw executing drawChart...
 [PollingCoordinator] Completed: OrderFlow_UNIUSDT
 [PollingCoordinator] Executing: SwingDetector_Status_UNIUSDT
 [PollingCoordinator] Completed: SwingDetector_Status_UNIUSDT
 [PollingCoordinator] Executing: OrderFlow_UNIUSDT
 [PollingCoordinator] Executing: SwingDetector_Signals_UNIUSDT
 [IndicatorCache] 💾 swing@UNIUSDT desde memoria
 [UNIUSDT] 🔄 requestRedraw called (candles: 1460)
 [UNIUSDT] 🔄 Redraw executing drawChart...
 [UNIUSDT] 🔄 requestRedraw called (candles: 1460)
 [UNIUSDT] 🔄 Redraw executing drawChart...
 [PollingCoordinator] Completed: OrderFlow_UNIUSDT
 [PollingCoordinator] Executing: OrderFlow_UNIUSDT
 [UNIUSDT] 🔄 requestRedraw called (candles: 1460)
 [UNIUSDT] 🔄 Redraw executing drawChart...
 [PollingCoordinator] Completed: OrderFlow_UNIUSDT
 [Registry] 🗑️ Desregistrado manager para UNIUSDT (total: 0)
 [PollingCoordinator] Unregistered: VWAP_UNIUSDT
 ✅ [8:08:32 p. m.] [VWAP] [UNIUSDT] VWAP polling stopped
 [PollingCoordinator] Unregistered: SwingDetector_Signals_UNIUSDT
 [UNIUSDT] SwingDetector signal polling stopped
 [PollingCoordinator] Unregistered: SwingDetector_Status_UNIUSDT
 [UNIUSDT] SwingDetector status polling stopped
 [PollingCoordinator] Unregistered: OrderFlow_UNIUSDT
 [MiniChart UNIUSDT] 🖥️ Fullscreen effect: isFullscreen=false, hasCallback=true
 [UNIUSDT] 🚀 Componente montado, iniciando...
 [CandleCache] 💾 UNIUSDT@1 - desde memoria (1460 velas)
 ✅ [8:08:32 p. m.] [VWAP] [UNIUSDT] VWAPIndicator initialized (backend native, type=session)
 [UNIUSDT] SwingDetectorIndicator initialized
 [CandleCache] OK VALIDATION UNIUSDT@1: 1460 velas sin gaps
 [CandleCache] UNIUSDT@1 - Cache valido: 1460 velas, sin gaps significativos
 [Registry] ✅ Registrado manager para UNIUSDT (total: 1)
 ✅ [8:08:32 p. m.] [VWAP] [UNIUSDT] Config changed (vwapType=rolling), refetching...
 [UNIUSDT] Carga INCREMENTAL: desde 30/1/2026, 8:07:00 p.m. (1460 velas en cache)
 ✓ Suscrito: 
 [PollingCoordinator] Executing: SwingDetector_Status_UNIUSDT
 [PollingCoordinator] Completed: SwingDetector_Status_UNIUSDT
 [PollingCoordinator] Executing: SwingDetector_Signals_UNIUSDT
 [IndicatorCache] 💾 swing@UNIUSDT desde memoria
 [UNIUSDT] 🔄 requestRedraw called (candles: 0)
 [PollingCoordinator] Completed: SwingDetector_Signals_UNIUSDT
 ✅ [8:08:39 p. m.] [VWAP] [UNIUSDT] VWAP loaded: 1440 points (rolling, 1 days)
 ✅ [8:08:39 p. m.] [VWAP] [UNIUSDT] VWAP requestRedraw() after initial load
 [UNIUSDT] 🔄 requestRedraw called (candles: 0)
 [PollingCoordinator] Registered: OrderFlow_UNIUSDT (interval: 5000ms, priority: 1)
 [UNIUSDT] 🔄 requestRedraw called (candles: 0)
 ✅ [8:08:39 p. m.] [VWAP] [UNIUSDT] VWAP loaded: 1440 points (rolling, 1 days)
 ✅ [8:08:39 p. m.] [VWAP] [UNIUSDT] VWAP requestRedraw() after initial load
 [UNIUSDT] 🔄 requestRedraw called (candles: 0)
 ✅ [8:08:39 p. m.] [VWAP] [UNIUSDT] VWAP loaded: 1440 points (rolling, 1 days)
 ✅ [8:08:39 p. m.] [VWAP] [UNIUSDT] VWAP requestRedraw() after initial load
 [UNIUSDT] 🔄 requestRedraw called (candles: 0)
 ✅ [8:08:39 p. m.] [VWAP] [UNIUSDT] VWAP startPollingIfReady: pollingId=false, enabled=true, destroyed=false
 [PollingCoordinator] Registered: VWAP_UNIUSDT (interval: 60000ms, priority: 2)
 ✅ [8:08:39 p. m.] [VWAP] [UNIUSDT] VWAP polling started (interval: 60000ms)
 [UNIUSDT] 🔄 requestRedraw called (candles: 0)
 [CandleCache] OK CACHE-ANTES-MERGE UNIUSDT: 1460 velas sin gaps
 [CandleCache] 🔄 Merge: 1460 cached + 1 new = 1460 total
 [UNIUSDT] Incremental: +1 velas nuevas = 1460 total
 [CandleCache] OK MERGED UNIUSDT: 1460 velas sin gaps
 [UNIUSDT] ✅ Histórico final: 1460 velas
 ✅ [8:08:42 p. m.] [Manager] [UNIUSDT] renderOverlays: VWAP found, enabled=true, dataMap.size=1440
 [UNIUSDT] 🎨 VWAP renderOverlay EXECUTING: dataMap=1440, visibleCandles=280
 [UNIUSDT] 🔴 VWAP DEBUG RECTANGLE at (30, 45), bounds={x:10,y:25,w:810,h:400}
 [UNIUSDT] 🔴 VWAP viewport: min=4.2200, max=4.2950, hasPriceToY=true
 [UNIUSDT] 🟢 VWAP First point: (11.4, 276.5)
 [UNIUSDT] 🔵 VWAP Last point: (728.9, 249.5)
 [UNIUSDT] 📐 VWAP Visible area: y=25 to y=425
 [UNIUSDT] 🎨 VWAP _drawVWAPLine: matched=249, missed=31 of 280 candles
 [UNIUSDT] 🎨 VWAP sample: vwap=4.2680, Y=251.1, bounds={y:25, height:400}, viewport={min:4.2200, max:4.2950}
 [UNIUSDT] 🔍 Sample candle.timestamp=1769804940000, dataMap first keys=[1769733480000,1769733540000,1769733600000]
 [CandleCache] ✅ UNIUSDT@1 - guardado (1460 velas, memoria: 1/4)
 [PollingCoordinator] Executing: SwingDetector_Signals_UNIUSDT
 [IndicatorCache] 💾 swing@UNIUSDT desde memoria
 [UNIUSDT] 🔄 requestRedraw called (candles: 0)
 [PollingCoordinator] Completed: SwingDetector_Signals_UNIUSDT
 [PollingCoordinator] Executing: OrderFlow_UNIUSDT
 [PollingCoordinator] Executing: SwingDetector_Status_UNIUSDT
 [PollingCoordinator] Completed: SwingDetector_Status_UNIUSDT
 [PollingCoordinator] Executing: SwingDetector_Signals_UNIUSDT
 [IndicatorCache] 💾 swing@UNIUSDT desde memoria
 [UNIUSDT] 🔄 requestRedraw called (candles: 0)
 [PollingCoordinator] Completed: SwingDetector_Signals_UNIUSDT
 [UNIUSDT] 🔄 requestRedraw called (candles: 1460)
 [UNIUSDT] 🔄 Redraw executing drawChart...
 [PollingCoordinator] Completed: OrderFlow_UNIUSDT
 [UNIUSDT] SwingDetector initialized with 1 days
 [IndicatorCache] 💾 swing@UNIUSDT desde memoria
 [UNIUSDT] SwingDetector startPollingIfReady: pollingId=false, enabled=true, config.enabled=true
 [PollingCoordinator] Registered: SwingDetector_Signals_UNIUSDT (interval: 30000ms, priority: 3)
 [PollingCoordinator] Registered: SwingDetector_Status_UNIUSDT (interval: 60000ms, priority: 8)
 [UNIUSDT] SwingDetector polling started (signals: 30000ms, status: 60000ms)
 [UNIUSDT] 🔄 requestRedraw called (candles: 1460)
 [UNIUSDT] 🔄 Redraw executing drawChart...
 [PollingCoordinator] Executing: SwingDetector_Signals_UNIUSDT
 [IndicatorCache] 💾 swing@UNIUSDT desde memoria
 [UNIUSDT] 🔄 requestRedraw called (candles: 1460)
 [UNIUSDT] 🔄 Redraw executing drawChart...
 [UNIUSDT] SwingDetector initialized with 1 days
 [IndicatorCache] 💾 swing@UNIUSDT desde memoria
 [UNIUSDT] 🔄 requestRedraw called (candles: 1460)
 [UNIUSDT] 🔄 Redraw executing drawChart...
 ✅ [8:08:52 p. m.] [Manager] [UNIUSDT] 🚀 startAllPolling() llamado - 3 indicadores
 ✅ [8:08:52 p. m.] [Manager] [UNIUSDT] -> Llamando startPollingIfReady() para VWAP
 ✅ [8:08:52 p. m.] [VWAP] [UNIUSDT] VWAP startPollingIfReady: pollingId=true, enabled=true, destroyed=false
 ✅ [8:08:52 p. m.] [Manager] [UNIUSDT] -> Llamando startPollingIfReady() para Swing Detector
 [UNIUSDT] SwingDetector startPollingIfReady: pollingId=true, enabled=true, config.enabled=true
 ✅ [8:08:52 p. m.] [Manager] [UNIUSDT] -> Llamando startPollingIfReady() para Order Flow
 ✅ [8:08:52 p. m.] [Manager] [UNIUSDT] 🚀 Polling iniciado para todos los indicadores
 [PollingCoordinator] Executing: OrderFlow_UNIUSDT
 [UNIUSDT] 🔄 requestRedraw called (candles: 1460)
 [UNIUSDT] 🔄 Redraw executing drawChart...
 [PollingCoordinator] Completed: OrderFlow_UNIUSDT
 [PollingCoordinator] Executing: OrderFlow_UNIUSDT
 [UNIUSDT] 🔄 requestRedraw called (candles: 1460)
 [UNIUSDT] 🔄 Redraw executing drawChart...
 [PollingCoordinator] Completed: OrderFlow_UNIUSDT
 [HealthCheck] Backend reconnected
 [PollingCoordinator] Executing: OrderFlow_UNIUSDT
 [UNIUSDT] 🔄 requestRedraw called (candles: 1460)
 [UNIUSDT] 🔄 Redraw executing drawChart...
 [PollingCoordinator] Completed: OrderFlow_UNIUSDT
 [PollingCoordinator] Executing: SymbolList_PriceChanges
 [CandleCache] ✅ UNIUSDT@1 - guardado (1461 velas, memoria: 1/4)
 [PollingCoordinator] Executing: SwingDetector_Signals_UNIUSDT
 [UNIUSDT] SwingDetector: 199/199 signals for interval 1 (cached)
 ✅ [8:09:07 p. m.] [VWAP] [UNIUSDT] VWAP updated (polling): 1440 points
 [UNIUSDT] 🔄 requestRedraw called (candles: 1461)
 [UNIUSDT] 🔄 Redraw executing drawChart...
 [UNIUSDT] SwingDetector: 199/199 signals for interval 1 (cached)
 [UNIUSDT] 🔄 requestRedraw called (candles: 1461)
 [UNIUSDT] 🔄 Redraw executing drawChart...
 [PollingCoordinator] Completed: SwingDetector_Signals_UNIUSDT
 [PollingCoordinator] Completed: SymbolList_PriceChanges
 [PollingCoordinator] Executing: OrderFlow_UNIUSDT
 [UNIUSDT] 🔄 requestRedraw called (candles: 1461)
 [UNIUSDT] 🔄 Redraw executing drawChart...
 [PollingCoordinator] Completed: OrderFlow_UNIUSDT
 [PollingCoordinator] Executing: SwingDetector_Status_UNIUSDT
 [PollingCoordinator] Completed: SwingDetector_Status_UNIUSDT
 [PollingCoordinator] Executing: SwingDetector_Signals_UNIUSDT
 [IndicatorCache] 💾 swing@UNIUSDT desde memoria
 [UNIUSDT] 🔄 requestRedraw called (candles: 0)
 [PollingCoordinator] Completed: SwingDetector_Signals_UNIUSDT
 [PollingCoordinator] Executing: SwingDetector_Signals_UNIUSDT
 [IndicatorCache] 💾 swing@UNIUSDT desde memoria
 [UNIUSDT] 🔄 requestRedraw called (candles: 0)
 [PollingCoordinator] Completed: SwingDetector_Signals_UNIUSDT
 [PollingCoordinator] Executing: OrderFlow_UNIUSDT
 [UNIUSDT] 🔄 requestRedraw called (candles: 1461)
 [UNIUSDT] 🔄 Redraw executing drawChart...
 [PollingCoordinator] Completed: OrderFlow_UNIUSDT
 [PollingCoordinator] Executing: SwingDetector_Signals_UNIUSDT
 [IndicatorCache] 💾 swing@UNIUSDT desde memoria
 [UNIUSDT] 🔄 requestRedraw called (candles: 1461)
 [UNIUSDT] 🔄 Redraw executing drawChart...
 [PollingCoordinator] Completed: SwingDetector_Signals_UNIUSDT
 [PollingCoordinator] Executing: OrderFlow_UNIUSDT
 [UNIUSDT] 🔄 requestRedraw called (candles: 1461)
 [UNIUSDT] 🔄 Redraw executing drawChart...
 [PollingCoordinator] Completed: OrderFlow_UNIUSDT
 [PollingCoordinator] Executing: SwingDetector_Status_UNIUSDT
 [PollingCoordinator] Completed: SwingDetector_Status_UNIUSDT
 [PollingCoordinator] Executing: SwingDetector_Signals_UNIUSDT
 [IndicatorCache] 💾 swing@UNIUSDT desde memoria
 [UNIUSDT] 🔄 requestRedraw called (candles: 1461)
 [UNIUSDT] 🔄 Redraw executing drawChart...
 [PollingCoordinator] Executing: OrderFlow_UNIUSDT
 [UNIUSDT] 🔄 requestRedraw called (candles: 1461)
 [UNIUSDT] 🔄 Redraw executing drawChart...
 [PollingCoordinator] Completed: OrderFlow_UNIUSDT
 [PollingCoordinator] Executing: OrderFlow_UNIUSDT
 [UNIUSDT] 🔄 requestRedraw called (candles: 1461)
 [UNIUSDT] 🔄 Redraw executing drawChart...
 [PollingCoordinator] Completed: OrderFlow_UNIUSDT
 [PollingCoordinator] Executing: OrderFlow_UNIUSDT
 [UNIUSDT] 🔄 requestRedraw called (candles: 1461)
 [UNIUSDT] 🔄 Redraw executing drawChart...
 [PollingCoordinator] Completed: OrderFlow_UNIUSDT
 [PollingCoordinator] Executing: SwingDetector_Status_UNIUSDT
 [PollingCoordinator] Completed: SwingDetector_Status_UNIUSDT
 [PollingCoordinator] Executing: SwingDetector_Signals_UNIUSDT
 [IndicatorCache] 💾 swing@UNIUSDT desde memoria
 [UNIUSDT] 🔄 requestRedraw called (candles: 1461)
 [UNIUSDT] 🔄 Redraw executing drawChart...
 [PollingCoordinator] Completed: SwingDetector_Signals_UNIUSDT
 [PollingCoordinator] Executing: VWAP_UNIUSDT
 ✅ [8:09:39 p. m.] [VWAP] [UNIUSDT] VWAP updated (polling): 1440 points
 [UNIUSDT] 🔄 requestRedraw called (candles: 1461)
 [UNIUSDT] 🔄 Redraw executing drawChart...
 ✅ [8:09:39 p. m.] [VWAP] [UNIUSDT] VWAP requestRedraw() called after polling
 [PollingCoordinator] Completed: VWAP_UNIUSDT
 [PollingCoordinator] Executing: OrderFlow_UNIUSDT
 [UNIUSDT] 🔄 requestRedraw called (candles: 1461)
 [UNIUSDT] 🔄 Redraw executing drawChart...
 [PollingCoordinator] Completed: OrderFlow_UNIUSDT
 [PollingCoordinator] Executing: SwingDetector_Signals_UNIUSDT
 [IndicatorCache] 💾 swing@UNIUSDT desde memoria
 [UNIUSDT] 🔄 requestRedraw called (candles: 0)
 [PollingCoordinator] Completed: SwingDetector_Signals_UNIUSDT
 [PollingCoordinator] Executing: SwingDetector_Status_UNIUSDT
 [PollingCoordinator] Completed: SwingDetector_Status_UNIUSDT
 [PollingCoordinator] Executing: SwingDetector_Signals_UNIUSDT
 [IndicatorCache] 💾 swing@UNIUSDT desde memoria
 [UNIUSDT] 🔄 requestRedraw called (candles: 0)
 [PollingCoordinator] Completed: SwingDetector_Signals_UNIUSDT
 [PollingCoordinator] Executing: OrderFlow_UNIUSDT
 [UNIUSDT] 🔄 requestRedraw called (candles: 1461)
 [UNIUSDT] 🔄 Redraw executing drawChart...
 [PollingCoordinator] Completed: OrderFlow_UNIUSDT
 [PollingCoordinator] Executing: SwingDetector_Status_UNIUSDT
 [PollingCoordinator] Completed: SwingDetector_Status_UNIUSDT
 [PollingCoordinator] Executing: SwingDetector_Signals_UNIUSDT
 [IndicatorCache] 💾 swing@UNIUSDT desde memoria
 [UNIUSDT] 🔄 requestRedraw called (candles: 1461)
 [UNIUSDT] 🔄 Redraw executing drawChart...
 [PollingCoordinator] Completed: SwingDetector_Signals_UNIUSDT
 [PollingCoordinator] Executing: OrderFlow_UNIUSDT
 [UNIUSDT] 🔄 requestRedraw called (candles: 1461)
 [UNIUSDT] 🔄 Redraw executing drawChart...
 [PollingCoordinator] Completed: OrderFlow_UNIUSDT
 [PollingCoordinator] Executing: SwingDetector_Signals_UNIUSDT
 [IndicatorCache] 💾 swing@UNIUSDT desde memoria
 [UNIUSDT] 🔄 requestRedraw called (candles: 1461)
 [UNIUSDT] 🔄 Redraw executing drawChart...
 [PollingCoordinator] Executing: OrderFlow_UNIUSDT
 [UNIUSDT] 🔄 requestRedraw called (candles: 1461)
 [UNIUSDT] 🔄 Redraw executing drawChart...
 [PollingCoordinator] Completed: OrderFlow_UNIUSDT
 [CandleCache] ✅ UNIUSDT@1 - guardado (1462 velas, memoria: 1/4)
 [PollingCoordinator] Executing: OrderFlow_UNIUSDT
 ✅ [8:10:04 p. m.] [VWAP] [UNIUSDT] VWAP updated (polling): 1440 points
 [UNIUSDT] SwingDetector: 199/199 signals for interval 1 (cached)
 [UNIUSDT] 🔄 requestRedraw called (candles: 1462)
 [UNIUSDT] 🔄 Redraw executing drawChart...
 [UNIUSDT] 🔄 requestRedraw called (candles: 1462)
 [UNIUSDT] 🔄 Redraw executing drawChart...
 [PollingCoordinator] Completed: OrderFlow_UNIUSDT
 [PollingCoordinator] Executing: SwingDetector_Signals_UNIUSDT
 [IndicatorCache] 💾 swing@UNIUSDT desde memoria
 [UNIUSDT] 🔄 requestRedraw called (candles: 1462)
 [UNIUSDT] 🔄 Redraw executing drawChart...
 [PollingCoordinator] Completed: SwingDetector_Signals_UNIUSDT
 [PollingCoordinator] Executing: SymbolList_PriceChanges
 [PollingCoordinator] Executing: OrderFlow_UNIUSDT
 [UNIUSDT] 🔄 requestRedraw called (candles: 1462)
 [UNIUSDT] 🔄 Redraw executing drawChart...
 [PollingCoordinator] Completed: OrderFlow_UNIUSDT
 [PollingCoordinator] Completed: SymbolList_PriceChanges
 [PollingCoordinator] Executing: SwingDetector_Status_UNIUSDT
 [PollingCoordinator] Completed: SwingDetector_Status_UNIUSDT
 [PollingCoordinator] Executing: SwingDetector_Signals_UNIUSDT
 [IndicatorCache] 💾 swing@UNIUSDT desde memoria
 [UNIUSDT] 🔄 requestRedraw called (candles: 0)
 [PollingCoordinator] Completed: SwingDetector_Signals_UNIUSDT
 [PollingCoordinator] Executing: OrderFlow_UNIUSDT
 [PollingCoordinator] Executing: SwingDetector_Signals_UNIUSDT
 [IndicatorCache] 💾 swing@UNIUSDT desde memoria
 [UNIUSDT] 🔄 requestRedraw called (candles: 0)
 [PollingCoordinator] Completed: SwingDetector_Signals_UNIUSDT
 [UNIUSDT] 🔄 requestRedraw called (candles: 1462)
 [UNIUSDT] 🔄 Redraw executing drawChart...
 [PollingCoordinator] Completed: OrderFlow_UNIUSDT
 [PollingCoordinator] Executing: SwingDetector_Signals_UNIUSDT
 [IndicatorCache] 💾 swing@UNIUSDT desde memoria
 [UNIUSDT] 🔄 requestRedraw called (candles: 1462)
 [UNIUSDT] 🔄 Redraw executing drawChart...
 [PollingCoordinator] Completed: SwingDetector_Signals_UNIUSDT
 [PollingCoordinator] Executing: OrderFlow_UNIUSDT
 [UNIUSDT] 🔄 requestRedraw called (candles: 1462)
 [UNIUSDT] 🔄 Redraw executing drawChart...
 [PollingCoordinator] Completed: OrderFlow_UNIUSDT
 [PollingCoordinator] Executing: SwingDetector_Status_UNIUSDT
 [PollingCoordinator] Completed: SwingDetector_Status_UNIUSDT
 [PollingCoordinator] Executing: SwingDetector_Signals_UNIUSDT
 [IndicatorCache] 💾 swing@UNIUSDT desde memoria
 [UNIUSDT] 🔄 requestRedraw called (candles: 1462)
 [UNIUSDT] 🔄 Redraw executing drawChart...
 [PollingCoordinator] Executing: OrderFlow_UNIUSDT
 [UNIUSDT] 🔄 requestRedraw called (candles: 1462)
 [UNIUSDT] 🔄 Redraw executing drawChart...
 [PollingCoordinator] Completed: OrderFlow_UNIUSDT
 [PollingCoordinator] Executing: OrderFlow_UNIUSDT
 [UNIUSDT] 🔄 requestRedraw called (candles: 1462)
 [UNIUSDT] 🔄 Redraw executing drawChart...
 [PollingCoordinator] Completed: OrderFlow_UNIUSDT
 [PollingCoordinator] Executing: OrderFlow_UNIUSDT
 [UNIUSDT] 🔄 requestRedraw called (candles: 1462)
 [UNIUSDT] 🔄 Redraw executing drawChart...
 [UNIUSDT] 🎨 Calling renderOverlays AFTER OrderFlow (frame 1321)
 [UNIUSDT] 🎨 Fresh priceContext: minPrice=4.2200, maxPrice=4.2950, verticalOffset=82
 [PollingCoordinator] Completed: OrderFlow_UNIUSDT
 [PollingCoordinator] Executing: SwingDetector_Status_UNIUSDT
 [PollingCoordinator] Completed: SwingDetector_Status_UNIUSDT
 [PollingCoordinator] Executing: SwingDetector_Signals_UNIUSDT
 [IndicatorCache] 💾 swing@UNIUSDT desde memoria
 [UNIUSDT] 🔄 requestRedraw called (candles: 1462)
 [UNIUSDT] 🔄 Redraw executing drawChart...
 [PollingCoordinator] Completed: SwingDetector_Signals_UNIUSDT
 [PollingCoordinator] Executing: VWAP_UNIUSDT
 ✅ [8:10:39 p. m.] [VWAP] [UNIUSDT] VWAP updated (polling): 1440 points
 [UNIUSDT] 🔄 requestRedraw called (candles: 1462)
 [UNIUSDT] 🔄 Redraw executing drawChart...
 ✅ [8:10:39 p. m.] [VWAP] [UNIUSDT] VWAP requestRedraw() called after polling
 [PollingCoordinator] Completed: VWAP_UNIUSDT
 [PollingCoordinator] Executing: OrderFlow_UNIUSDT
 [UNIUSDT] 🔄 requestRedraw called (candles: 1462)
 [UNIUSDT] 🔄 Redraw executing drawChart...
 [PollingCoordinator] Completed: OrderFlow_UNIUSDT
 [PollingCoordinator] Executing: SwingDetector_Signals_UNIUSDT
 [IndicatorCache] 💾 swing@UNIUSDT desde memoria
 [UNIUSDT] 🔄 requestRedraw called (candles: 0)
 [PollingCoordinator] Completed: SwingDetector_Signals_UNIUSDT
 [PollingCoordinator] Executing: SwingDetector_Status_UNIUSDT
 [PollingCoordinator] Completed: SwingDetector_Status_UNIUSDT
 [PollingCoordinator] Executing: SwingDetector_Signals_UNIUSDT
 [IndicatorCache] 💾 swing@UNIUSDT desde memoria
 [UNIUSDT] 🔄 requestRedraw called (candles: 0)
 [PollingCoordinator] Completed: SwingDetector_Signals_UNIUSDT
 [PollingCoordinator] Executing: OrderFlow_UNIUSDT
 [UNIUSDT] 🔄 requestRedraw called (candles: 1462)
 [UNIUSDT] 🔄 Redraw executing drawChart...
 [PollingCoordinator] Completed: OrderFlow_UNIUSDT
 [PollingCoordinator] Executing: SwingDetector_Status_UNIUSDT
 [PollingCoordinator] Completed: SwingDetector_Status_UNIUSDT
 [PollingCoordinator] Executing: SwingDetector_Signals_UNIUSDT
 [IndicatorCache] 💾 swing@UNIUSDT desde memoria
 [UNIUSDT] 🔄 requestRedraw called (candles: 1462)
 [UNIUSDT] 🔄 Redraw executing drawChart...
 [PollingCoordinator] Completed: SwingDetector_Signals_UNIUSDT
 [PollingCoordinator] Executing: OrderFlow_UNIUSDT
 [UNIUSDT] 🔄 requestRedraw called (candles: 1462)
 [UNIUSDT] 🔄 Redraw executing drawChart...
 [PollingCoordinator] Completed: OrderFlow_UNIUSDT
 [PollingCoordinator] Executing: SwingDetector_Signals_UNIUSDT
 [IndicatorCache] 💾 swing@UNIUSDT desde memoria
 [UNIUSDT] 🔄 requestRedraw called (candles: 1462)
 [UNIUSDT] 🔄 Redraw executing drawChart...
 [PollingCoordinator] Executing: OrderFlow_UNIUSDT
 [UNIUSDT] 🔄 requestRedraw called (candles: 1462)
 [UNIUSDT] 🔄 Redraw executing drawChart...
 [PollingCoordinator] Completed: OrderFlow_UNIUSDT
 [CandleCache] ✅ UNIUSDT@1 - guardado (1463 velas, memoria: 1/4)
 ✅ [8:11:02 p. m.] [VWAP] [UNIUSDT] VWAP updated (polling): 1440 points
 [UNIUSDT] SwingDetector: 200/200 signals for interval 1 (cached)
 [UNIUSDT] 🔄 requestRedraw called (candles: 1463)
 [UNIUSDT] 🔄 Redraw executing drawChart...
 [PollingCoordinator] Executing: OrderFlow_UNIUSDT
 [UNIUSDT] 🔄 requestRedraw called (candles: 1463)
 [UNIUSDT] 🔄 Redraw executing drawChart...
 [PollingCoordinator] Completed: OrderFlow_UNIUSDT
 [PollingCoordinator] Executing: SwingDetector_Signals_UNIUSDT
 [IndicatorCache] 💾 swing@UNIUSDT desde memoria
 [UNIUSDT] 🔄 requestRedraw called (candles: 1463)
 [UNIUSDT] 🔄 Redraw executing drawChart...
 [PollingCoordinator] Completed: SwingDetector_Signals_UNIUSDT
 [PollingCoordinator] Executing: OrderFlow_UNIUSDT
 [UNIUSDT] 🔄 requestRedraw called (candles: 1463)
 [UNIUSDT] 🔄 Redraw executing drawChart...
 [PollingCoordinator] Completed: OrderFlow_UNIUSDT
 [PollingCoordinator] Executing: SymbolList_PriceChanges
 [PollingCoordinator] Completed: SymbolList_PriceChanges
 [PollingCoordinator] Executing: OrderFlow_UNIUSDT
 [PollingCoordinator] Executing: SwingDetector_Status_UNIUSDT
 [PollingCoordinator] Completed: SwingDetector_Status_UNIUSDT
 [UNIUSDT] 🔄 requestRedraw called (candles: 1463)
 [UNIUSDT] 🔄 Redraw executing drawChart...
 [PollingCoordinator] Completed: OrderFlow_UNIUSDT
 [PollingCoordinator] Executing: SwingDetector_Signals_UNIUSDT
 [IndicatorCache] 💾 swing@UNIUSDT desde memoria
 [UNIUSDT] 🔄 requestRedraw called (candles: 0)
 [PollingCoordinator] Completed: SwingDetector_Signals_UNIUSDT
 [PollingCoordinator] Executing: SwingDetector_Signals_UNIUSDT
 [IndicatorCache] 💾 swing@UNIUSDT desde memoria
 [UNIUSDT] 🔄 requestRedraw called (candles: 0)
 [PollingCoordinator] Completed: SwingDetector_Signals_UNIUSDT
 [PollingCoordinator] Executing: OrderFlow_UNIUSDT
 [UNIUSDT] 🔄 requestRedraw called (candles: 1463)
 [UNIUSDT] 🔄 Redraw executing drawChart...
 [PollingCoordinator] Completed: OrderFlow_UNIUSDT
 [PollingCoordinator] Executing: SwingDetector_Signals_UNIUSDT
 [IndicatorCache] 💾 swing@UNIUSDT desde memoria
 [UNIUSDT] 🔄 requestRedraw called (candles: 1463)
 [UNIUSDT] 🔄 Redraw executing drawChart...
 [PollingCoordinator] Completed: SwingDetector_Signals_UNIUSDT
 [PollingCoordinator] Executing: SwingDetector_Status_UNIUSDT
 [PollingCoordinator] Completed: SwingDetector_Status_UNIUSDT
 [PollingCoordinator] Executing: SwingDetector_Signals_UNIUSDT
 [IndicatorCache] 💾 swing@UNIUSDT desde memoria
 [UNIUSDT] 🔄 requestRedraw called (candles: 1463)
 [UNIUSDT] 🔄 Redraw executing drawChart...
 [PollingCoordinator] Executing: OrderFlow_UNIUSDT
 [UNIUSDT] 🔄 requestRedraw called (candles: 1463)
 [UNIUSDT] 🔄 Redraw executing drawChart...
 [PollingCoordinator] Completed: OrderFlow_UNIUSDT
 [PollingCoordinator] Executing: OrderFlow_UNIUSDT
 [UNIUSDT] 🔄 requestRedraw called (candles: 1463)
 [UNIUSDT] 🔄 Redraw executing drawChart...
 [PollingCoordinator] Completed: OrderFlow_UNIUSDT
 [PollingCoordinator] Executing: OrderFlow_UNIUSDT
 [UNIUSDT] 🔄 requestRedraw called (candles: 1463)
 [UNIUSDT] 🔄 Redraw executing drawChart...
 [PollingCoordinator] Completed: OrderFlow_UNIUSDT
 [PollingCoordinator] Executing: SwingDetector_Status_UNIUSDT
 [PollingCoordinator] Completed: SwingDetector_Status_UNIUSDT
 [PollingCoordinator] Executing: SwingDetector_Signals_UNIUSDT
 [IndicatorCache] 💾 swing@UNIUSDT desde memoria
 [UNIUSDT] 🔄 requestRedraw called (candles: 1463)
 [UNIUSDT] 🔄 Redraw executing drawChart...
 [PollingCoordinator] Completed: SwingDetector_Signals_UNIUSDT
 [PollingCoordinator] Executing: OrderFlow_UNIUSDT
 [PollingCoordinator] Executing: VWAP_UNIUSDT
 [UNIUSDT] 🔄 requestRedraw called (candles: 1463)
 [UNIUSDT] 🔄 Redraw executing drawChart...
 [PollingCoordinator] Completed: OrderFlow_UNIUSDT
 ✅ [8:11:40 p. m.] [VWAP] [UNIUSDT] VWAP updated (polling): 1440 points
 [UNIUSDT] 🔄 requestRedraw called (candles: 1463)
 [UNIUSDT] 🔄 Redraw executing drawChart...
 ✅ [8:11:40 p. m.] [VWAP] [UNIUSDT] VWAP requestRedraw() called after polling
 [PollingCoordinator] Completed: VWAP_UNIUSDT
 [PollingCoordinator] Executing: SwingDetector_Signals_UNIUSDT
 [IndicatorCache] 💾 swing@UNIUSDT desde memoria
 [UNIUSDT] 🔄 requestRedraw called (candles: 0)
 [PollingCoordinator] Completed: SwingDetector_Signals_UNIUSDT
 [PollingCoordinator] Executing: OrderFlow_UNIUSDT
 [UNIUSDT] 🔄 requestRedraw called (candles: 1463)
 [UNIUSDT] 🔄 Redraw executing drawChart...
 [PollingCoordinator] Completed: OrderFlow_UNIUSDT
 [PollingCoordinator] Executing: SwingDetector_Status_UNIUSDT
 [PollingCoordinator] Completed: SwingDetector_Status_UNIUSDT
 [PollingCoordinator] Executing: SwingDetector_Signals_UNIUSDT
 [IndicatorCache] 💾 swing@UNIUSDT desde memoria
 [UNIUSDT] 🔄 requestRedraw called (candles: 0)
 [PollingCoordinator] Completed: SwingDetector_Signals_UNIUSDT
 [PollingCoordinator] Executing: SwingDetector_Status_UNIUSDT
 [PollingCoordinator] Completed: SwingDetector_Status_UNIUSDT
 [PollingCoordinator] Executing: SwingDetector_Signals_UNIUSDT
 [IndicatorCache] 💾 swing@UNIUSDT desde memoria
 [UNIUSDT] 🔄 requestRedraw called (candles: 1463)
 [UNIUSDT] 🔄 Redraw executing drawChart...
 [PollingCoordinator] Completed: SwingDetector_Signals_UNIUSDT
 [PollingCoordinator] Executing: OrderFlow_UNIUSDT
 [UNIUSDT] 🔄 requestRedraw called (candles: 1463)
 [UNIUSDT] 🔄 Redraw executing drawChart...
 [PollingCoordinator] Completed: OrderFlow_UNIUSDT
 [PollingCoordinator] Executing: SwingDetector_Signals_UNIUSDT
 [IndicatorCache] 💾 swing@UNIUSDT desde memoria
 [UNIUSDT] 🔄 requestRedraw called (candles: 1463)
 [UNIUSDT] 🔄 Redraw executing drawChart...
 [PollingCoordinator] Executing: OrderFlow_UNIUSDT
 [UNIUSDT] 🔄 requestRedraw called (candles: 1463)
 [UNIUSDT] 🔄 Redraw executing drawChart...
 [PollingCoordinator] Completed: OrderFlow_UNIUSDT
 [PollingCoordinator] Executing: OrderFlow_UNIUSDT
 [UNIUSDT] 🔄 requestRedraw called (candles: 1463)
 [UNIUSDT] 🔄 Redraw executing drawChart...
 [PollingCoordinator] Completed: OrderFlow_UNIUSDT
 [CandleCache] ✅ UNIUSDT@1 - guardado (1464 velas, memoria: 1/4)
 ✅ [8:12:03 p. m.] [VWAP] [UNIUSDT] VWAP updated (polling): 1440 points
 [UNIUSDT] SwingDetector: 200/200 signals for interval 1 (cached)
 [UNIUSDT] 🔄 requestRedraw called (candles: 1464)
 [UNIUSDT] 🔄 Redraw executing drawChart...
 [PollingCoordinator] Executing: OrderFlow_UNIUSDT
 [UNIUSDT] 🔄 requestRedraw called (candles: 1464)
 [UNIUSDT] 🔄 Redraw executing drawChart...
 [PollingCoordinator] Completed: OrderFlow_UNIUSDT
 [PollingCoordinator] Executing: SwingDetector_Signals_UNIUSDT
 [IndicatorCache] 💾 swing@UNIUSDT desde memoria
 [UNIUSDT] 🔄 requestRedraw called (candles: 1464)
 [UNIUSDT] 🔄 Redraw executing drawChart...
 ✅ [8:12:07 p. m.] [Manager] [UNIUSDT] renderOverlays: VWAP found, enabled=true, dataMap.size=1440
 [UNIUSDT] 🎨 VWAP renderOverlay EXECUTING: dataMap=1440, visibleCandles=280
 [UNIUSDT] 🔴 VWAP DEBUG RECTANGLE at (30, 45), bounds={x:10,y:25,w:810,h:400}
 [UNIUSDT] 🔴 VWAP viewport: min=4.2200, max=4.2950, hasPriceToY=true
 [UNIUSDT] 🟢 VWAP First point: (11.4, 276.3)
 [UNIUSDT] 🔵 VWAP Last point: (717.3, 249.5)
 [UNIUSDT] 📐 VWAP Visible area: y=25 to y=425
 [UNIUSDT] 🎨 VWAP _drawVWAPLine: matched=245, missed=35 of 280 candles
 [UNIUSDT] 🎨 VWAP sample: vwap=4.2647, Y=268.5, bounds={y:25, height:400}, viewport={min:4.2200, max:4.2950}
 [UNIUSDT] 🔍 Sample candle.timestamp=1769805180000, dataMap first keys=[1769733480000,1769733540000,1769733600000]
 [PollingCoordinator] Completed: SwingDetector_Signals_UNIUSDT
 [PollingCoordinator] Executing: OrderFlow_UNIUSDT
 [UNIUSDT] 🔄 requestRedraw called (candles: 1464)
 [UNIUSDT] 🔄 Redraw executing drawChart...
 [PollingCoordinator] Completed: OrderFlow_UNIUSDT
 [PollingCoordinator] Executing: SymbolList_PriceChanges
 [PollingCoordinator] Executing: SwingDetector_Status_UNIUSDT
 [PollingCoordinator] Completed: SwingDetector_Status_UNIUSDT
 [PollingCoordinator] Executing: SwingDetector_Signals_UNIUSDT
 [IndicatorCache] 💾 swing@UNIUSDT desde memoria
 [UNIUSDT] 🔄 requestRedraw called (candles: 0)
 [PollingCoordinator] Completed: SwingDetector_Signals_UNIUSDT
 [PollingCoordinator] Completed: SymbolList_PriceChanges
 [PollingCoordinator] Executing: SwingDetector_Signals_UNIUSDT
 [IndicatorCache] 💾 swing@UNIUSDT desde memoria
 [UNIUSDT] 🔄 requestRedraw called (candles: 0)
 [PollingCoordinator] Completed: SwingDetector_Signals_UNIUSDT
 [PollingCoordinator] Executing: OrderFlow_UNIUSDT
 [UNIUSDT] 🔄 requestRedraw called (candles: 1464)
 [UNIUSDT] 🔄 Redraw executing drawChart...
 [PollingCoordinator] Completed: OrderFlow_UNIUSDT
 [PollingCoordinator] Executing: SwingDetector_Signals_UNIUSDT
 [IndicatorCache] 💾 swing@UNIUSDT desde memoria
 [UNIUSDT] 🔄 requestRedraw called (candles: 1464)
 [UNIUSDT] 🔄 Redraw executing drawChart...
 [PollingCoordinator] Completed: SwingDetector_Signals_UNIUSDT
 [PollingCoordinator] Executing: OrderFlow_UNIUSDT
 [PollingCoordinator] Executing: SwingDetector_Status_UNIUSDT
 [PollingCoordinator] Completed: SwingDetector_Status_UNIUSDT
 [UNIUSDT] 🔄 requestRedraw called (candles: 1464)
 [UNIUSDT] 🔄 Redraw executing drawChart...
 [PollingCoordinator] Completed: OrderFlow_UNIUSDT
 [PollingCoordinator] Executing: SwingDetector_Signals_UNIUSDT
 [IndicatorCache] 💾 swing@UNIUSDT desde memoria
 [UNIUSDT] 🔄 requestRedraw called (candles: 1464)
 [UNIUSDT] 🔄 Redraw executing drawChart...
 [PollingCoordinator] Executing: OrderFlow_UNIUSDT
 [UNIUSDT] 🔄 requestRedraw called (candles: 1464)
 [UNIUSDT] 🔄 Redraw executing drawChart...
 [PollingCoordinator] Completed: OrderFlow_UNIUSDT
 [PollingCoordinator] Executing: OrderFlow_UNIUSDT
 [UNIUSDT] 🔄 requestRedraw called (candles: 1464)
 [UNIUSDT] 🔄 Redraw executing drawChart...
 [PollingCoordinator] Completed: OrderFlow_UNIUSDT
 [PollingCoordinator] Executing: SwingDetector_Status_UNIUSDT
 [PollingCoordinator] Completed: SwingDetector_Status_UNIUSDT
 [PollingCoordinator] Executing: SwingDetector_Signals_UNIUSDT
 [IndicatorCache] 💾 swing@UNIUSDT desde memoria
 [UNIUSDT] 🔄 requestRedraw called (candles: 1464)
 [UNIUSDT] 🔄 Redraw executing drawChart...
 [PollingCoordinator] Completed: SwingDetector_Signals_UNIUSDT
 [PollingCoordinator] Executing: OrderFlow_UNIUSDT
 [UNIUSDT] 🔄 requestRedraw called (candles: 1464)
 [UNIUSDT] 🔄 Redraw executing drawChart...
 [PollingCoordinator] Completed: OrderFlow_UNIUSDT
 [PollingCoordinator] Executing: VWAP_UNIUSDT
 ✅ [8:12:40 p. m.] [VWAP] [UNIUSDT] VWAP updated (polling): 1440 points
 [UNIUSDT] 🔄 requestRedraw called (candles: 1464)
 [UNIUSDT] 🔄 Redraw executing drawChart...
 ✅ [8:12:40 p. m.] [VWAP] [UNIUSDT] VWAP requestRedraw() called after polling
 [PollingCoordinator] Completed: VWAP_UNIUSDT
 [PollingCoordinator] Executing: OrderFlow_UNIUSDT
 [UNIUSDT] 🔄 requestRedraw called (candles: 1464)
 [UNIUSDT] 🔄 Redraw executing drawChart...
 [PollingCoordinator] Completed: OrderFlow_UNIUSDT
 [PollingCoordinator] Executing: SwingDetector_Signals_UNIUSDT
 [IndicatorCache] 💾 swing@UNIUSDT desde memoria
 [UNIUSDT] 🔄 requestRedraw called (candles: 0)
 [PollingCoordinator] Completed: SwingDetector_Signals_UNIUSDT
 [PollingCoordinator] Executing: SwingDetector_Status_UNIUSDT
 [PollingCoordinator] Completed: SwingDetector_Status_UNIUSDT
 [PollingCoordinator] Executing: SwingDetector_Signals_UNIUSDT
 [IndicatorCache] 💾 swing@UNIUSDT desde memoria
 [UNIUSDT] 🔄 requestRedraw called (candles: 0)
 [PollingCoordinator] Completed: SwingDetector_Signals_UNIUSDT
 [PollingCoordinator] Executing: OrderFlow_UNIUSDT
 [UNIUSDT] 🔄 requestRedraw called (candles: 1464)
 [UNIUSDT] 🔄 Redraw executing drawChart...
 [PollingCoordinator] Completed: OrderFlow_UNIUSDT
 [PollingCoordinator] Executing: SwingDetector_Status_UNIUSDT
 [PollingCoordinator] Completed: SwingDetector_Status_UNIUSDT
 [PollingCoordinator] Executing: SwingDetector_Signals_UNIUSDT
 [IndicatorCache] 💾 swing@UNIUSDT desde memoria
 [UNIUSDT] 🔄 requestRedraw called (candles: 1464)
 [UNIUSDT] 🔄 Redraw executing drawChart...
 [PollingCoordinator] Completed: SwingDetector_Signals_UNIUSDT
 [PollingCoordinator] Executing: SwingDetector_Signals_UNIUSDT
 [IndicatorCache] 💾 swing@UNIUSDT desde memoria
 [UNIUSDT] 🔄 requestRedraw called (candles: 1464)
 [UNIUSDT] 🔄 Redraw executing drawChart...
 [PollingCoordinator] Executing: OrderFlow_UNIUSDT
 [UNIUSDT] 🔄 requestRedraw called (candles: 1464)
 [UNIUSDT] 🔄 Redraw executing drawChart...
 [PollingCoordinator] Completed: OrderFlow_UNIUSDT
 [PollingCoordinator] Executing: OrderFlow_UNIUSDT
 [UNIUSDT] 🔄 requestRedraw called (candles: 1464)
 [UNIUSDT] 🔄 Redraw executing drawChart...
 [PollingCoordinator] Completed: OrderFlow_UNIUSDT
 [CandleCache] ✅ UNIUSDT@1 - guardado (1465 velas, memoria: 1/4)
 ✅ [8:13:03 p. m.] [VWAP] [UNIUSDT] VWAP updated (polling): 1440 points
 [UNIUSDT] SwingDetector: 201/201 signals for interval 1 (cached)
 [UNIUSDT] 🔄 requestRedraw called (candles: 1465)
 [UNIUSDT] 🔄 Redraw executing drawChart...
 [PollingCoordinator] Executing: OrderFlow_UNIUSDT
 [UNIUSDT] 🔄 requestRedraw called (candles: 1465)
 [UNIUSDT] 🔄 Redraw executing drawChart...
 [PollingCoordinator] Completed: OrderFlow_UNIUSDT
 [PollingCoordinator] Executing: SwingDetector_Signals_UNIUSDT
 [IndicatorCache] 💾 swing@UNIUSDT desde memoria
 [UNIUSDT] 🔄 requestRedraw called (candles: 1465)
 [UNIUSDT] 🔄 Redraw executing drawChart...
 [PollingCoordinator] Completed: SwingDetector_Signals_UNIUSDT
 [PollingCoordinator] Executing: OrderFlow_UNIUSDT
 [UNIUSDT] 🔄 requestRedraw called (candles: 1465)
 [UNIUSDT] 🔄 Redraw executing drawChart...
 [PollingCoordinator] Completed: OrderFlow_UNIUSDT
 [PollingCoordinator] Executing: SwingDetector_Status_UNIUSDT
 [PollingCoordinator] Completed: SwingDetector_Status_UNIUSDT
 [PollingCoordinator] Executing: SwingDetector_Signals_UNIUSDT
 [IndicatorCache] 💾 swing@UNIUSDT desde memoria
 [UNIUSDT] 🔄 requestRedraw called (candles: 0)
 [PollingCoordinator] Completed: SwingDetector_Signals_UNIUSDT
 [PollingCoordinator] Executing: SymbolList_PriceChanges
 [PollingCoordinator] Executing: OrderFlow_UNIUSDT
 [UNIUSDT] 🔄 requestRedraw called (candles: 1465)
 [UNIUSDT] 🔄 Redraw executing drawChart...
 [PollingCoordinator] Completed: OrderFlow_UNIUSDT
 [PollingCoordinator] Executing: SwingDetector_Signals_UNIUSDT
 [IndicatorCache] 💾 swing@UNIUSDT desde memoria
 [UNIUSDT] 🔄 requestRedraw called (candles: 0)
 [PollingCoordinator] Completed: SwingDetector_Signals_UNIUSDT
 [PollingCoordinator] Completed: SymbolList_PriceChanges
 [PollingCoordinator] Executing: SwingDetector_Signals_UNIUSDT
 [IndicatorCache] 💾 swing@UNIUSDT desde memoria
 [UNIUSDT] 🔄 requestRedraw called (candles: 1465)
 [UNIUSDT] 🔄 Redraw executing drawChart...
 [PollingCoordinator] Completed: SwingDetector_Signals_UNIUSDT
 [PollingCoordinator] Executing: OrderFlow_UNIUSDT
 [UNIUSDT] 🔄 requestRedraw called (candles: 1465)
 [UNIUSDT] 🔄 Redraw executing drawChart...
 [PollingCoordinator] Completed: OrderFlow_UNIUSDT
 [PollingCoordinator] Executing: SwingDetector_Status_UNIUSDT
 [PollingCoordinator] Completed: SwingDetector_Status_UNIUSDT
 [PollingCoordinator] Executing: SwingDetector_Signals_UNIUSDT
 [IndicatorCache] 💾 swing@UNIUSDT desde memoria
 [UNIUSDT] 🔄 requestRedraw called (candles: 1465)
 [UNIUSDT] 🔄 Redraw executing drawChart...
 [PollingCoordinator] Executing: OrderFlow_UNIUSDT
 [UNIUSDT] 🔄 requestRedraw called (candles: 1465)
 [UNIUSDT] 🔄 Redraw executing drawChart...
 [PollingCoordinator] Completed: OrderFlow_UNIUSDT
 [PollingCoordinator] Executing: OrderFlow_UNIUSDT
 [UNIUSDT] 🔄 requestRedraw called (candles: 1465)
 [UNIUSDT] 🔄 Redraw executing drawChart...
 [PollingCoordinator] Completed: OrderFlow_UNIUSDT
 [CandleCache] 💾 UNIUSDT@1 - desde memoria (1465 velas)
 [CandleCache] OK VALIDATION UNIUSDT@1: 1465 velas sin gaps
 [CandleCache] UNIUSDT@1 - Cache valido: 1465 velas, sin gaps significativos
 [UNIUSDT] Carga INCREMENTAL: desde 30/1/2026, 8:12:00 p.m. (1465 velas en cache)
 [CandleCache] OK CACHE-ANTES-MERGE UNIUSDT: 1465 velas sin gaps
 [CandleCache] 🔄 Merge: 1465 cached + 1 new = 1465 total
 [UNIUSDT] Incremental: +1 velas nuevas = 1465 total
 [CandleCache] OK MERGED UNIUSDT: 1465 velas sin gaps
 [UNIUSDT] ✅ Histórico final: 1465 velas
 [CandleCache] ✅ UNIUSDT@1 - guardado (1465 velas, memoria: 1/4)
 [PollingCoordinator] Executing: OrderFlow_UNIUSDT
 [PollingCoordinator] Executing: SwingDetector_Status_UNIUSDT
 [PollingCoordinator] Completed: SwingDetector_Status_UNIUSDT
 [PollingCoordinator] Executing: SwingDetector_Signals_UNIUSDT
 [IndicatorCache] 💾 swing@UNIUSDT desde memoria
 [UNIUSDT] 🔄 requestRedraw called (candles: 1465)
 [UNIUSDT] 🔄 Redraw executing drawChart...
 [PollingCoordinator] Completed: SwingDetector_Signals_UNIUSDT
 [PollingCoordinator] Executing: VWAP_UNIUSDT
 ✅ [8:13:40 p. m.] [VWAP] [UNIUSDT] VWAP updated (polling): 1440 points
 [UNIUSDT] 🔄 requestRedraw called (candles: 1465)
 [UNIUSDT] 🔄 Redraw executing drawChart...
 ✅ [8:13:40 p. m.] [VWAP] [UNIUSDT] VWAP requestRedraw() called after polling
 [PollingCoordinator] Completed: VWAP_UNIUSDT
 [UNIUSDT] 🔄 requestRedraw called (candles: 1465)
 [UNIUSDT] 🔄 Redraw executing drawChart...
 [PollingCoordinator] Completed: OrderFlow_UNIUSDT
 [PollingCoordinator] Executing: SwingDetector_Signals_UNIUSDT
 [IndicatorCache] 💾 swing@UNIUSDT desde memoria
 [UNIUSDT] 🔄 requestRedraw called (candles: 0)
 [PollingCoordinator] Completed: SwingDetector_Signals_UNIUSDT
 [UNIUSDT] SwingDetector initialized with 1 days
 [IndicatorCache] 💾 swing@UNIUSDT desde memoria
 [UNIUSDT] 🔄 requestRedraw called (candles: 1465)
 [UNIUSDT] 🔄 Redraw executing drawChart...
 ✅ [8:13:44 p. m.] [Manager] [UNIUSDT] 🚀 startAllPolling() llamado - 3 indicadores
 ✅ [8:13:44 p. m.] [Manager] [UNIUSDT] -> Llamando startPollingIfReady() para VWAP
 ✅ [8:13:44 p. m.] [VWAP] [UNIUSDT] VWAP startPollingIfReady: pollingId=true, enabled=true, destroyed=false
 ✅ [8:13:44 p. m.] [Manager] [UNIUSDT] -> Llamando startPollingIfReady() para Swing Detector
 [UNIUSDT] SwingDetector startPollingIfReady: pollingId=true, enabled=true, config.enabled=true
 ✅ [8:13:44 p. m.] [Manager] [UNIUSDT] -> Llamando startPollingIfReady() para Order Flow
 ✅ [8:13:44 p. m.] [Manager] [UNIUSDT] 🚀 Polling iniciado para todos los indicadores
 [PollingCoordinator] Executing: SwingDetector_Status_UNIUSDT
 [PollingCoordinator] Completed: SwingDetector_Status_UNIUSDT
 [PollingCoordinator] Executing: SwingDetector_Signals_UNIUSDT
 [IndicatorCache] 💾 swing@UNIUSDT desde memoria
 [UNIUSDT] 🔄 requestRedraw called (candles: 0)
 [PollingCoordinator] Completed: SwingDetector_Signals_UNIUSDT
 [PollingCoordinator] Executing: OrderFlow_UNIUSDT
 [UNIUSDT] 🔄 requestRedraw called (candles: 1465)
 [UNIUSDT] 🔄 Redraw executing drawChart...
 [PollingCoordinator] Completed: OrderFlow_UNIUSDT
 [PollingCoordinator] Executing: SwingDetector_Status_UNIUSDT
 [PollingCoordinator] Completed: SwingDetector_Status_UNIUSDT
 [PollingCoordinator] Executing: SwingDetector_Signals_UNIUSDT
 [IndicatorCache] 💾 swing@UNIUSDT desde memoria
 [UNIUSDT] 🔄 requestRedraw called (candles: 1465)
 [UNIUSDT] 🔄 Redraw executing drawChart...
 [PollingCoordinator] Completed: SwingDetector_Signals_UNIUSDT
 [PollingCoordinator] Executing: OrderFlow_UNIUSDT
 [UNIUSDT] 🔄 requestRedraw called (candles: 1465)
 [UNIUSDT] 🔄 Redraw executing drawChart...
 [PollingCoordinator] Completed: OrderFlow_UNIUSDT
 [PollingCoordinator] Executing: SwingDetector_Signals_UNIUSDT
 [IndicatorCache] 💾 swing@UNIUSDT desde memoria
 [UNIUSDT] 🔄 requestRedraw called (candles: 1465)
 [UNIUSDT] 🔄 Redraw executing drawChart...
 [PollingCoordinator] Executing: OrderFlow_UNIUSDT
 [UNIUSDT] 🔄 requestRedraw called (candles: 1465)
 [UNIUSDT] 🔄 Redraw executing drawChart...
 [UNIUSDT] 🎨 Calling renderOverlays AFTER OrderFlow (frame 1381)
 [UNIUSDT] 🎨 Fresh priceContext: minPrice=4.2200, maxPrice=4.2950, verticalOffset=82
 [PollingCoordinator] Completed: OrderFlow_UNIUSDT
 [PollingCoordinator] Executing: OrderFlow_UNIUSDT
 [UNIUSDT] 🔄 requestRedraw called (candles: 1465)
 [UNIUSDT] 🔄 Redraw executing drawChart...
 [PollingCoordinator] Completed: OrderFlow_UNIUSDT
 [CandleCache] ✅ UNIUSDT@1 - guardado (1466 velas, memoria: 1/4)
 ✅ [8:14:03 p. m.] [VWAP] [UNIUSDT] VWAP updated (polling): 1440 points
 [UNIUSDT] SwingDetector: 200/200 signals for interval 1 (cached)
 [UNIUSDT] 🔄 requestRedraw called (candles: 1466)
 [UNIUSDT] 🔄 Redraw executing drawChart...
 [PollingCoordinator] Executing: OrderFlow_UNIUSDT
 [UNIUSDT] 🔄 requestRedraw called (candles: 1466)
 [UNIUSDT] 🔄 Redraw executing drawChart...
 [PollingCoordinator] Completed: OrderFlow_UNIUSDT
 [PollingCoordinator] Executing: SwingDetector_Signals_UNIUSDT
 [IndicatorCache] 💾 swing@UNIUSDT desde memoria
 [UNIUSDT] 🔄 requestRedraw called (candles: 1466)
 [UNIUSDT] 🔄 Redraw executing drawChart...
 [PollingCoordinator] Completed: SwingDetector_Signals_UNIUSDT
 [PollingCoordinator] Executing: OrderFlow_UNIUSDT
 [UNIUSDT] 🔄 requestRedraw called (candles: 1466)
 [UNIUSDT] 🔄 Redraw executing drawChart...
 [PollingCoordinator] Completed: OrderFlow_UNIUSDT
 [PollingCoordinator] Executing: SwingDetector_Status_UNIUSDT
 [PollingCoordinator] Completed: SwingDetector_Status_UNIUSDT
 [PollingCoordinator] Executing: SwingDetector_Signals_UNIUSDT
 [IndicatorCache] 💾 swing@UNIUSDT desde memoria
 [UNIUSDT] 🔄 requestRedraw called (candles: 0)
 [PollingCoordinator] Completed: SwingDetector_Signals_UNIUSDT
 [PollingCoordinator] Executing: SwingDetector_Signals_UNIUSDT
 [IndicatorCache] 💾 swing@UNIUSDT desde memoria
 [UNIUSDT] 🔄 requestRedraw called (candles: 0)
 [PollingCoordinator] Completed: SwingDetector_Signals_UNIUSDT
 [PollingCoordinator] Executing: SymbolList_PriceChanges
 [PollingCoordinator] Executing: OrderFlow_UNIUSDT
 [UNIUSDT] 🔄 requestRedraw called (candles: 1466)
 [UNIUSDT] 🔄 Redraw executing drawChart...
 [PollingCoordinator] Completed: OrderFlow_UNIUSDT
 [PollingCoordinator] Completed: SymbolList_PriceChanges
 [PollingCoordinator] Executing: SwingDetector_Signals_UNIUSDT
 [IndicatorCache] 💾 swing@UNIUSDT desde memoria
 [UNIUSDT] 🔄 requestRedraw called (candles: 1466)
 [UNIUSDT] 🔄 Redraw executing drawChart...
 [PollingCoordinator] Completed: SwingDetector_Signals_UNIUSDT
 [PollingCoordinator] Executing: SwingDetector_Status_UNIUSDT
 [PollingCoordinator] Completed: SwingDetector_Status_UNIUSDT
 [PollingCoordinator] Executing: SwingDetector_Signals_UNIUSDT
 [IndicatorCache] 💾 swing@UNIUSDT desde memoria
 [UNIUSDT] 🔄 requestRedraw called (candles: 1466)
 [UNIUSDT] 🔄 Redraw executing drawChart...
 [PollingCoordinator] Executing: OrderFlow_UNIUSDT
 [UNIUSDT] 🔄 requestRedraw called (candles: 1466)
 [UNIUSDT] 🔄 Redraw executing drawChart...
 [PollingCoordinator] Completed: OrderFlow_UNIUSDT
 [PollingCoordinator] Executing: OrderFlow_UNIUSDT
 [UNIUSDT] 🔄 requestRedraw called (candles: 1466)
 [UNIUSDT] 🔄 Redraw executing drawChart...
 [PollingCoordinator] Completed: OrderFlow_UNIUSDT
 [PollingCoordinator] Executing: OrderFlow_UNIUSDT
 [UNIUSDT] 🔄 requestRedraw called (candles: 1466)
 [UNIUSDT] 🔄 Redraw executing drawChart...
 [PollingCoordinator] Completed: OrderFlow_UNIUSDT
 [PollingCoordinator] Executing: SwingDetector_Status_UNIUSDT
 [PollingCoordinator] Completed: SwingDetector_Status_UNIUSDT
 [PollingCoordinator] Executing: SwingDetector_Signals_UNIUSDT
 [IndicatorCache] 💾 swing@UNIUSDT desde memoria
 [UNIUSDT] 🔄 requestRedraw called (candles: 1466)
 [UNIUSDT] 🔄 Redraw executing drawChart...
 [PollingCoordinator] Completed: SwingDetector_Signals_UNIUSDT
 [PollingCoordinator] Executing: OrderFlow_UNIUSDT
 [UNIUSDT] 🔄 requestRedraw called (candles: 1466)
 [UNIUSDT] 🔄 Redraw executing drawChart...
 [PollingCoordinator] Completed: OrderFlow_UNIUSDT
 [PollingCoordinator] Executing: VWAP_UNIUSDT
 ✅ [8:14:40 p. m.] [VWAP] [UNIUSDT] VWAP updated (polling): 1440 points
 [UNIUSDT] 🔄 requestRedraw called (candles: 1466)
 [UNIUSDT] 🔄 Redraw executing drawChart...
 ✅ [8:14:40 p. m.] [VWAP] [UNIUSDT] VWAP requestRedraw() called after polling
 [PollingCoordinator] Completed: VWAP_UNIUSDT
 [PollingCoordinator] Executing: SwingDetector_Signals_UNIUSDT
 [IndicatorCache] 💾 swing@UNIUSDT desde memoria
 [UNIUSDT] 🔄 requestRedraw called (candles: 0)
 [PollingCoordinator] Completed: SwingDetector_Signals_UNIUSDT
 [PollingCoordinator] Executing: OrderFlow_UNIUSDT
 [UNIUSDT] 🔄 requestRedraw called (candles: 1466)
 [UNIUSDT] 🔄 Redraw executing drawChart...
 [PollingCoordinator] Completed: OrderFlow_UNIUSDT
 [PollingCoordinator] Executing: SwingDetector_Status_UNIUSDT
 [PollingCoordinator] Completed: SwingDetector_Status_UNIUSDT
 [PollingCoordinator] Executing: SwingDetector_Signals_UNIUSDT
 [IndicatorCache] 💾 swing@UNIUSDT desde memoria
 [UNIUSDT] 🔄 requestRedraw called (candles: 0)
 [PollingCoordinator] Completed: SwingDetector_Signals_UNIUSDT
 [PollingCoordinator] Executing: SwingDetector_Status_UNIUSDT
 [PollingCoordinator] Completed: SwingDetector_Status_UNIUSDT
 [PollingCoordinator] Executing: SwingDetector_Signals_UNIUSDT
 [IndicatorCache] 💾 swing@UNIUSDT desde memoria
 [UNIUSDT] 🔄 requestRedraw called (candles: 1466)
 [UNIUSDT] 🔄 Redraw executing drawChart...
 [PollingCoordinator] Completed: SwingDetector_Signals_UNIUSDT
 [PollingCoordinator] Executing: OrderFlow_UNIUSDT
 [UNIUSDT] 🔄 requestRedraw called (candles: 1466)
 [UNIUSDT] 🔄 Redraw executing drawChart...
 [PollingCoordinator] Completed: OrderFlow_UNIUSDT
 [PollingCoordinator] Executing: SwingDetector_Signals_UNIUSDT
 [IndicatorCache] 💾 swing@UNIUSDT desde memoria
 [UNIUSDT] 🔄 requestRedraw called (candles: 1466)
 [UNIUSDT] 🔄 Redraw executing drawChart...
 [PollingCoordinator] Executing: OrderFlow_UNIUSDT
 [UNIUSDT] 🔄 requestRedraw called (candles: 1466)
 [UNIUSDT] 🔄 Redraw executing drawChart...
 [PollingCoordinator] Completed: OrderFlow_UNIUSDT
 [PollingCoordinator] Executing: OrderFlow_UNIUSDT
 [UNIUSDT] 🔄 requestRedraw called (candles: 1466)
 [UNIUSDT] 🔄 Redraw executing drawChart...
 [PollingCoordinator] Completed: OrderFlow_UNIUSDT
 [CandleCache] ✅ UNIUSDT@1 - guardado (1467 velas, memoria: 1/4)
 [UNIUSDT] SwingDetector: 200/200 signals for interval 1 (cached)
 ✅ [8:15:04 p. m.] [VWAP] [UNIUSDT] VWAP updated (polling): 1440 points
 [UNIUSDT] 🔄 requestRedraw called (candles: 1467)
 [UNIUSDT] 🔄 Redraw executing drawChart...
 [PollingCoordinator] Executing: OrderFlow_UNIUSDT
 [UNIUSDT] 🔄 requestRedraw called (candles: 1467)
 [UNIUSDT] 🔄 Redraw executing drawChart...
 [PollingCoordinator] Completed: OrderFlow_UNIUSDT
 [PollingCoordinator] Executing: SwingDetector_Signals_UNIUSDT
 [IndicatorCache] 💾 swing@UNIUSDT desde memoria
 [UNIUSDT] 🔄 requestRedraw called (candles: 1467)
 [UNIUSDT] 🔄 Redraw executing drawChart...
 [PollingCoordinator] Completed: SwingDetector_Signals_UNIUSDT
 [PollingCoordinator] Executing: OrderFlow_UNIUSDT
 [UNIUSDT] 🔄 requestRedraw called (candles: 1467)
 [UNIUSDT] 🔄 Redraw executing drawChart...
 [PollingCoordinator] Completed: OrderFlow_UNIUSDT
 [PollingCoordinator] Executing: SwingDetector_Status_UNIUSDT
 [PollingCoordinator] Completed: SwingDetector_Status_UNIUSDT
 [PollingCoordinator] Executing: SwingDetector_Signals_UNIUSDT
 [IndicatorCache] 💾 swing@UNIUSDT desde memoria
 [UNIUSDT] 🔄 requestRedraw called (candles: 0)
 [PollingCoordinator] Completed: SwingDetector_Signals_UNIUSDT
 [PollingCoordinator] Executing: SwingDetector_Signals_UNIUSDT
 [IndicatorCache] 💾 swing@UNIUSDT desde memoria
 [UNIUSDT] 🔄 requestRedraw called (candles: 0)
 [PollingCoordinator] Completed: SwingDetector_Signals_UNIUSDT
 [PollingCoordinator] Executing: OrderFlow_UNIUSDT
 [UNIUSDT] 🔄 requestRedraw called (candles: 1467)
 [UNIUSDT] 🔄 Redraw executing drawChart...
 [PollingCoordinator] Completed: OrderFlow_UNIUSDT
 [PollingCoordinator] Executing: SymbolList_PriceChanges
 [PollingCoordinator] Executing: SwingDetector_Signals_UNIUSDT
 [IndicatorCache] 💾 swing@UNIUSDT desde memoria
 [UNIUSDT] 🔄 requestRedraw called (candles: 1467)
 [UNIUSDT] 🔄 Redraw executing drawChart...
 [PollingCoordinator] Completed: SwingDetector_Signals_UNIUSDT
 [PollingCoordinator] Completed: SymbolList_PriceChanges
 [PollingCoordinator] Executing: OrderFlow_UNIUSDT
 [UNIUSDT] 🔄 requestRedraw called (candles: 1467)
 [UNIUSDT] 🔄 Redraw executing drawChart...
 [PollingCoordinator] Completed: OrderFlow_UNIUSDT
 [PollingCoordinator] Executing: SwingDetector_Status_UNIUSDT
 [PollingCoordinator] Completed: SwingDetector_Status_UNIUSDT
 [PollingCoordinator] Executing: SwingDetector_Signals_UNIUSDT
 [IndicatorCache] 💾 swing@UNIUSDT desde memoria
 [UNIUSDT] 🔄 requestRedraw called (candles: 1467)
 [UNIUSDT] 🔄 Redraw executing drawChart...
 [PollingCoordinator] Executing: OrderFlow_UNIUSDT
 [UNIUSDT] 🔄 requestRedraw called (candles: 1467)
 [UNIUSDT] 🔄 Redraw executing drawChart...
 [PollingCoordinator] Completed: OrderFlow_UNIUSDT
 [PollingCoordinator] Executing: OrderFlow_UNIUSDT
 [UNIUSDT] 🔄 requestRedraw called (candles: 1467)
 [UNIUSDT] 🔄 Redraw executing drawChart...
 [PollingCoordinator] Completed: OrderFlow_UNIUSDT
 [PollingCoordinator] Executing: SwingDetector_Status_UNIUSDT
 [PollingCoordinator] Completed: SwingDetector_Status_UNIUSDT
 [PollingCoordinator] Executing: OrderFlow_UNIUSDT
 [UNIUSDT] 🔄 requestRedraw called (candles: 1467)
 [UNIUSDT] 🔄 Redraw executing drawChart...
 ✅ [8:15:37 p. m.] [Manager] [UNIUSDT] renderOverlays: VWAP found, enabled=true, dataMap.size=1440
 [UNIUSDT] 🎨 VWAP renderOverlay EXECUTING: dataMap=1440, visibleCandles=280
 [UNIUSDT] 🔴 VWAP DEBUG RECTANGLE at (30, 45), bounds={x:10,y:25,w:810,h:400}
 [UNIUSDT] 🔴 VWAP viewport: min=4.2200, max=4.2950, hasPriceToY=true
 [UNIUSDT] 🟢 VWAP First point: (11.4, 281.5)
 [UNIUSDT] 🔵 VWAP Last point: (708.6, 249.5)
 [UNIUSDT] 📐 VWAP Visible area: y=25 to y=425
 [UNIUSDT] 🎨 VWAP _drawVWAPLine: matched=242, missed=38 of 280 candles
 [UNIUSDT] 🎨 VWAP sample: vwap=4.2640, Y=272.1, bounds={y:25, height:400}, viewport={min:4.2200, max:4.2950}
 [UNIUSDT] 🔍 Sample candle.timestamp=1769805360000, dataMap first keys=[1769733480000,1769733540000,1769733600000]
 [PollingCoordinator] Completed: OrderFlow_UNIUSDT
 [PollingCoordinator] Executing: SwingDetector_Signals_UNIUSDT
 [IndicatorCache] 💾 swing@UNIUSDT desde memoria
 [UNIUSDT] 🔄 requestRedraw called (candles: 1467)
 [UNIUSDT] 🔄 Redraw executing drawChart...
 [PollingCoordinator] Completed: SwingDetector_Signals_UNIUSDT
 [PollingCoordinator] Executing: VWAP_UNIUSDT
 ✅ [8:15:40 p. m.] [VWAP] [UNIUSDT] VWAP updated (polling): 1440 points
 [UNIUSDT] 🔄 requestRedraw called (candles: 1467)
 [UNIUSDT] 🔄 Redraw executing drawChart...
 ✅ [8:15:40 p. m.] [VWAP] [UNIUSDT] VWAP requestRedraw() called after polling
 [PollingCoordinator] Completed: VWAP_UNIUSDT
 [PollingCoordinator] Executing: OrderFlow_UNIUSDT
 [UNIUSDT] 🔄 requestRedraw called (candles: 1467)
 [UNIUSDT] 🔄 Redraw executing drawChart...
 [PollingCoordinator] Completed: OrderFlow_UNIUSDT
 [PollingCoordinator] Executing: SwingDetector_Signals_UNIUSDT
 [IndicatorCache] 💾 swing@UNIUSDT desde memoria
 [UNIUSDT] 🔄 requestRedraw called (candles: 0)
 [PollingCoordinator] Completed: SwingDetector_Signals_UNIUSDT
 [PollingCoordinator] Executing: SwingDetector_Status_UNIUSDT
 [PollingCoordinator] Completed: SwingDetector_Status_UNIUSDT
 [PollingCoordinator] Executing: SwingDetector_Signals_UNIUSDT
 [IndicatorCache] 💾 swing@UNIUSDT desde memoria
 [UNIUSDT] 🔄 requestRedraw called (candles: 0)
 [PollingCoordinator] Completed: SwingDetector_Signals_UNIUSDT
 [PollingCoordinator] Executing: OrderFlow_UNIUSDT
 [UNIUSDT] 🔄 requestRedraw called (candles: 1467)
 [UNIUSDT] 🔄 Redraw executing drawChart...
 [PollingCoordinator] Completed: OrderFlow_UNIUSDT
 [PollingCoordinator] Executing: SwingDetector_Status_UNIUSDT
 [PollingCoordinator] Completed: SwingDetector_Status_UNIUSDT
 [PollingCoordinator] Executing: SwingDetector_Signals_UNIUSDT
 [IndicatorCache] 💾 swing@UNIUSDT desde memoria
 [UNIUSDT] 🔄 requestRedraw called (candles: 1467)
 [UNIUSDT] 🔄 Redraw executing drawChart...
 [PollingCoordinator] Completed: SwingDetector_Signals_UNIUSDT
 [PollingCoordinator] Executing: SwingDetector_Signals_UNIUSDT
 [IndicatorCache] 💾 swing@UNIUSDT desde memoria
 [UNIUSDT] 🔄 requestRedraw called (candles: 1467)
 [UNIUSDT] 🔄 Redraw executing drawChart...
 [PollingCoordinator] Executing: OrderFlow_UNIUSDT
 [UNIUSDT] 🔄 requestRedraw called (candles: 1467)
 [UNIUSDT] 🔄 Redraw executing drawChart...
 [PollingCoordinator] Completed: OrderFlow_UNIUSDT
 [PollingCoordinator] Executing: OrderFlow_UNIUSDT
 [UNIUSDT] 🔄 requestRedraw called (candles: 1467)
 [UNIUSDT] 🔄 Redraw executing drawChart...
 [PollingCoordinator] Completed: OrderFlow_UNIUSDT
 [CandleCache] ✅ UNIUSDT@1 - guardado (1468 velas, memoria: 1/4)
 [UNIUSDT] SwingDetector: 200/200 signals for interval 1 (cached)
 ✅ [8:16:02 p. m.] [VWAP] [UNIUSDT] VWAP updated (polling): 1440 points
 [UNIUSDT] 🔄 requestRedraw called (candles: 1468)
 [UNIUSDT] 🔄 Redraw executing drawChart...
 [PollingCoordinator] Executing: OrderFlow_UNIUSDT
 [UNIUSDT] 🔄 requestRedraw called (candles: 1468)
 [UNIUSDT] 🔄 Redraw executing drawChart...
 [PollingCoordinator] Completed: OrderFlow_UNIUSDT
 [PollingCoordinator] Executing: SwingDetector_Signals_UNIUSDT
 [IndicatorCache] 💾 swing@UNIUSDT desde memoria
 [UNIUSDT] 🔄 requestRedraw called (candles: 1468)
 [UNIUSDT] 🔄 Redraw executing drawChart...
 [PollingCoordinator] Completed: SwingDetector_Signals_UNIUSDT
 [PollingCoordinator] Executing: OrderFlow_UNIUSDT
 [UNIUSDT] 🔄 requestRedraw called (candles: 1468)
 [UNIUSDT] 🔄 Redraw executing drawChart...
 [PollingCoordinator] Completed: OrderFlow_UNIUSDT
 [PollingCoordinator] Executing: SwingDetector_Status_UNIUSDT
 [PollingCoordinator] Completed: SwingDetector_Status_UNIUSDT
 [PollingCoordinator] Executing: SwingDetector_Signals_UNIUSDT
 [IndicatorCache] 💾 swing@UNIUSDT desde memoria
 [UNIUSDT] 🔄 requestRedraw called (candles: 0)
 [PollingCoordinator] Completed: SwingDetector_Signals_UNIUSDT
 [PollingCoordinator] Executing: OrderFlow_UNIUSDT
 [UNIUSDT] 🔄 requestRedraw called (candles: 1468)
 [UNIUSDT] 🔄 Redraw executing drawChart...
 [PollingCoordinator] Completed: OrderFlow_UNIUSDT
 [PollingCoordinator] Executing: SwingDetector_Signals_UNIUSDT
 [IndicatorCache] 💾 swing@UNIUSDT desde memoria
 [UNIUSDT] 🔄 requestRedraw called (candles: 0)
 [PollingCoordinator] Completed: SwingDetector_Signals_UNIUSDT
 [PollingCoordinator] Executing: SwingDetector_Signals_UNIUSDT
 [IndicatorCache] 💾 swing@UNIUSDT desde memoria
 [UNIUSDT] 🔄 requestRedraw called (candles: 1468)
 [UNIUSDT] 🔄 Redraw executing drawChart...
 [PollingCoordinator] Completed: SwingDetector_Signals_UNIUSDT
 [PollingCoordinator] Executing: OrderFlow_UNIUSDT
 [UNIUSDT] 🔄 requestRedraw called (candles: 1468)
 [UNIUSDT] 🔄 Redraw executing drawChart...
 [PollingCoordinator] Completed: OrderFlow_UNIUSDT
 [PollingCoordinator] Executing: SymbolList_PriceChanges
 [PollingCoordinator] Completed: SymbolList_PriceChanges
 [PollingCoordinator] Executing: SwingDetector_Status_UNIUSDT
 [PollingCoordinator] Completed: SwingDetector_Status_UNIUSDT
 [PollingCoordinator] Executing: SwingDetector_Signals_UNIUSDT
 [IndicatorCache] 💾 swing@UNIUSDT desde memoria
 [UNIUSDT] 🔄 requestRedraw called (candles: 1468)
 [UNIUSDT] 🔄 Redraw executing drawChart...
 [PollingCoordinator] Executing: OrderFlow_UNIUSDT
 [UNIUSDT] 🔄 requestRedraw called (candles: 1468)
 [UNIUSDT] 🔄 Redraw executing drawChart...
 [PollingCoordinator] Completed: OrderFlow_UNIUSDT
 [PollingCoordinator] Executing: OrderFlow_UNIUSDT
 [UNIUSDT] 🔄 requestRedraw called (candles: 1468)
 [UNIUSDT] 🔄 Redraw executing drawChart...
 [PollingCoordinator] Completed: OrderFlow_UNIUSDT
 [PollingCoordinator] Executing: OrderFlow_UNIUSDT
 [UNIUSDT] 🔄 requestRedraw called (candles: 1468)
 [UNIUSDT] 🔄 Redraw executing drawChart...
 [PollingCoordinator] Completed: OrderFlow_UNIUSDT
 [PollingCoordinator] Executing: SwingDetector_Status_UNIUSDT
 [PollingCoordinator] Completed: SwingDetector_Status_UNIUSDT
 [PollingCoordinator] Executing: SwingDetector_Signals_UNIUSDT
 [IndicatorCache] 💾 swing@UNIUSDT desde memoria
 [UNIUSDT] 🔄 requestRedraw called (candles: 1468)
 [UNIUSDT] 🔄 Redraw executing drawChart...
 [PollingCoordinator] Completed: SwingDetector_Signals_UNIUSDT
 [PollingCoordinator] Executing: VWAP_UNIUSDT
 ✅ [8:16:40 p. m.] [VWAP] [UNIUSDT] VWAP updated (polling): 1440 points
 [UNIUSDT] 🔄 requestRedraw called (candles: 1468)
 [UNIUSDT] 🔄 Redraw executing drawChart...
 ✅ [8:16:40 p. m.] [VWAP] [UNIUSDT] VWAP requestRedraw() called after polling
 [PollingCoordinator] Completed: VWAP_UNIUSDT
 [PollingCoordinator] Executing: OrderFlow_UNIUSDT
 [UNIUSDT] 🔄 requestRedraw called (candles: 1468)
 [UNIUSDT] 🔄 Redraw executing drawChart...
 [PollingCoordinator] Completed: OrderFlow_UNIUSDT
 [PollingCoordinator] Executing: SwingDetector_Signals_UNIUSDT
 [IndicatorCache] 💾 swing@UNIUSDT desde memoria
 [UNIUSDT] 🔄 requestRedraw called (candles: 0)
 [PollingCoordinator] Completed: SwingDetector_Signals_UNIUSDT
 [PollingCoordinator] Executing: SwingDetector_Status_UNIUSDT
 [PollingCoordinator] Completed: SwingDetector_Status_UNIUSDT
 [PollingCoordinator] Executing: SwingDetector_Signals_UNIUSDT
 [IndicatorCache] 💾 swing@UNIUSDT desde memoria
 [UNIUSDT] 🔄 requestRedraw called (candles: 0)
 [PollingCoordinator] Completed: SwingDetector_Signals_UNIUSDT
 [PollingCoordinator] Executing: OrderFlow_UNIUSDT
 [UNIUSDT] 🔄 requestRedraw called (candles: 1468)
 [UNIUSDT] 🔄 Redraw executing drawChart...
 [PollingCoordinator] Completed: OrderFlow_UNIUSDT
 [PollingCoordinator] Executing: SwingDetector_Status_UNIUSDT
 [PollingCoordinator] Completed: SwingDetector_Status_UNIUSDT
 [PollingCoordinator] Executing: SwingDetector_Signals_UNIUSDT
 [IndicatorCache] 💾 swing@UNIUSDT desde memoria
 [UNIUSDT] 🔄 requestRedraw called (candles: 1468)
 [UNIUSDT] 🔄 Redraw executing drawChart...
 [PollingCoordinator] Completed: SwingDetector_Signals_UNIUSDT
 [PollingCoordinator] Executing: OrderFlow_UNIUSDT
 [UNIUSDT] 🔄 requestRedraw called (candles: 1468)
 [UNIUSDT] 🔄 Redraw executing drawChart...
 [PollingCoordinator] Completed: OrderFlow_UNIUSDT
 [PollingCoordinator] Executing: SwingDetector_Signals_UNIUSDT
 [IndicatorCache] 💾 swing@UNIUSDT desde memoria
 [UNIUSDT] 🔄 requestRedraw called (candles: 1468)
 [UNIUSDT] 🔄 Redraw executing drawChart...
 [PollingCoordinator] Executing: OrderFlow_UNIUSDT
 [UNIUSDT] 🔄 requestRedraw called (candles: 1468)
 [UNIUSDT] 🔄 Redraw executing drawChart...
 [PollingCoordinator] Completed: OrderFlow_UNIUSDT
 [PollingCoordinator] Executing: OrderFlow_UNIUSDT
 [UNIUSDT] 🔄 requestRedraw called (candles: 1468)
 [UNIUSDT] 🔄 Redraw executing drawChart...
 [PollingCoordinator] Completed: OrderFlow_UNIUSDT
 [CandleCache] ✅ UNIUSDT@1 - guardado (1469 velas, memoria: 1/4)
 ✅ [8:17:03 p. m.] [VWAP] [UNIUSDT] VWAP updated (polling): 1440 points
 [UNIUSDT] SwingDetector: 200/200 signals for interval 1 (cached)
 [UNIUSDT] 🔄 requestRedraw called (candles: 1469)
 [UNIUSDT] 🔄 Redraw executing drawChart...
 [PollingCoordinator] Executing: OrderFlow_UNIUSDT
 [UNIUSDT] 🔄 requestRedraw called (candles: 1469)
 [UNIUSDT] 🔄 Redraw executing drawChart...
 [PollingCoordinator] Completed: OrderFlow_UNIUSDT
 [PollingCoordinator] Executing: SwingDetector_Signals_UNIUSDT
 [IndicatorCache] 💾 swing@UNIUSDT desde memoria
 [UNIUSDT] 🔄 requestRedraw called (candles: 1469)
 [UNIUSDT] 🔄 Redraw executing drawChart...
 [PollingCoordinator] Completed: SwingDetector_Signals_UNIUSDT
 [PollingCoordinator] Executing: OrderFlow_UNIUSDT
 [UNIUSDT] 🔄 requestRedraw called (candles: 1469)
 [UNIUSDT] 🔄 Redraw executing drawChart...
 [PollingCoordinator] Completed: OrderFlow_UNIUSDT
 [PollingCoordinator] Executing: SwingDetector_Status_UNIUSDT
 [PollingCoordinator] Completed: SwingDetector_Status_UNIUSDT
 [PollingCoordinator] Executing: SwingDetector_Signals_UNIUSDT
 [IndicatorCache] 💾 swing@UNIUSDT desde memoria
 [UNIUSDT] 🔄 requestRedraw called (candles: 0)
 [PollingCoordinator] Completed: SwingDetector_Signals_UNIUSDT
 [PollingCoordinator] Executing: SwingDetector_Signals_UNIUSDT
 [IndicatorCache] 💾 swing@UNIUSDT desde memoria
 [UNIUSDT] 🔄 requestRedraw called (candles: 0)
 [PollingCoordinator] Completed: SwingDetector_Signals_UNIUSDT
 [PollingCoordinator] Executing: OrderFlow_UNIUSDT
 [UNIUSDT] 🔄 requestRedraw called (candles: 1469)
 [UNIUSDT] 🔄 Redraw executing drawChart...
 [PollingCoordinator] Completed: OrderFlow_UNIUSDT
 [PollingCoordinator] Executing: SwingDetector_Signals_UNIUSDT
 [IndicatorCache] 💾 swing@UNIUSDT desde memoria
 [UNIUSDT] 🔄 requestRedraw called (candles: 1469)
 [UNIUSDT] 🔄 Redraw executing drawChart...
 [PollingCoordinator] Completed: SwingDetector_Signals_UNIUSDT
 [PollingCoordinator] Executing: SymbolList_PriceChanges
 [PollingCoordinator] Executing: SwingDetector_Status_UNIUSDT
 [PollingCoordinator] Completed: SwingDetector_Status_UNIUSDT
 [PollingCoordinator] Executing: SwingDetector_Signals_UNIUSDT
 [IndicatorCache] 💾 swing@UNIUSDT desde memoria
 [UNIUSDT] 🔄 requestRedraw called (candles: 1469)
 [UNIUSDT] 🔄 Redraw executing drawChart...
 [PollingCoordinator] Completed: SymbolList_PriceChanges
 [PollingCoordinator] Executing: OrderFlow_UNIUSDT
 [UNIUSDT] 🔄 requestRedraw called (candles: 1469)
 [UNIUSDT] 🔄 Redraw executing drawChart...
 [UNIUSDT] 🎨 Calling renderOverlays AFTER OrderFlow (frame 1441)
 [UNIUSDT] 🎨 Fresh priceContext: minPrice=4.2200, maxPrice=4.2950, verticalOffset=82
 [PollingCoordinator] Completed: OrderFlow_UNIUSDT
 [PollingCoordinator] Executing: OrderFlow_UNIUSDT
 [UNIUSDT] 🔄 requestRedraw called (candles: 1469)
 [UNIUSDT] 🔄 Redraw executing drawChart...
 [PollingCoordinator] Completed: OrderFlow_UNIUSDT
 [PollingCoordinator] Executing: OrderFlow_UNIUSDT
 [UNIUSDT] 🔄 requestRedraw called (candles: 1469)
 [UNIUSDT] 🔄 Redraw executing drawChart...
 [PollingCoordinator] Completed: OrderFlow_UNIUSDT
 [PollingCoordinator] Executing: SwingDetector_Status_UNIUSDT
 [PollingCoordinator] Completed: SwingDetector_Status_UNIUSDT
 [PollingCoordinator] Executing: SwingDetector_Signals_UNIUSDT
 [IndicatorCache] 💾 swing@UNIUSDT desde memoria
 [UNIUSDT] 🔄 requestRedraw called (candles: 1469)
 [UNIUSDT] 🔄 Redraw executing drawChart...
 [PollingCoordinator] Completed: SwingDetector_Signals_UNIUSDT
 [PollingCoordinator] Executing: OrderFlow_UNIUSDT
 [UNIUSDT] 🔄 requestRedraw called (candles: 1469)
 [UNIUSDT] 🔄 Redraw executing drawChart...
 [PollingCoordinator] Completed: OrderFlow_UNIUSDT
 [PollingCoordinator] Executing: VWAP_UNIUSDT
 ✅ [8:17:40 p. m.] [VWAP] [UNIUSDT] VWAP updated (polling): 1440 points
 [UNIUSDT] 🔄 requestRedraw called (candles: 1469)
 [UNIUSDT] 🔄 Redraw executing drawChart...
 ✅ [8:17:40 p. m.] [VWAP] [UNIUSDT] VWAP requestRedraw() called after polling
 [PollingCoordinator] Completed: VWAP_UNIUSDT
 [PollingCoordinator] Executing: SwingDetector_Signals_UNIUSDT
 [IndicatorCache] 💾 swing@UNIUSDT desde memoria
 [UNIUSDT] 🔄 requestRedraw called (candles: 0)
 [PollingCoordinator] Completed: SwingDetector_Signals_UNIUSDT
 [PollingCoordinator] Executing: OrderFlow_UNIUSDT
 [UNIUSDT] 🔄 requestRedraw called (candles: 1469)
 [UNIUSDT] 🔄 Redraw executing drawChart...
 [PollingCoordinator] Completed: OrderFlow_UNIUSDT
 [PollingCoordinator] Executing: SwingDetector_Status_UNIUSDT
 [PollingCoordinator] Completed: SwingDetector_Status_UNIUSDT
 [PollingCoordinator] Executing: SwingDetector_Signals_UNIUSDT
 [IndicatorCache] 💾 swing@UNIUSDT desde memoria
 [UNIUSDT] 🔄 requestRedraw called (candles: 0)
 [PollingCoordinator] Completed: SwingDetector_Signals_UNIUSDT
 [PollingCoordinator] Executing: OrderFlow_UNIUSDT
 [PollingCoordinator] Executing: SwingDetector_Status_UNIUSDT
 [PollingCoordinator] Completed: SwingDetector_Status_UNIUSDT
 [UNIUSDT] 🔄 requestRedraw called (candles: 1469)
 [UNIUSDT] 🔄 Redraw executing drawChart...
 [PollingCoordinator] Completed: OrderFlow_UNIUSDT
 [PollingCoordinator] Executing: SwingDetector_Signals_UNIUSDT
 [IndicatorCache] 💾 swing@UNIUSDT desde memoria
 [UNIUSDT] 🔄 requestRedraw called (candles: 1469)
 [UNIUSDT] 🔄 Redraw executing drawChart...
 [PollingCoordinator] Completed: SwingDetector_Signals_UNIUSDT
 [PollingCoordinator] Executing: SwingDetector_Signals_UNIUSDT
 [IndicatorCache] 💾 swing@UNIUSDT desde memoria
 [UNIUSDT] 🔄 requestRedraw called (candles: 1469)
 [UNIUSDT] 🔄 Redraw executing drawChart...
 [PollingCoordinator] Executing: OrderFlow_UNIUSDT
 [UNIUSDT] 🔄 requestRedraw called (candles: 1469)
 [UNIUSDT] 🔄 Redraw executing drawChart...
 [PollingCoordinator] Completed: OrderFlow_UNIUSDT
 [PollingCoordinator] Executing: OrderFlow_UNIUSDT
 [UNIUSDT] 🔄 requestRedraw called (candles: 1469)
 [UNIUSDT] 🔄 Redraw executing drawChart...
 [PollingCoordinator] Completed: OrderFlow_UNIUSDT
 [CandleCache] ✅ UNIUSDT@1 - guardado (1470 velas, memoria: 1/4)
 ✅ [8:18:03 p. m.] [VWAP] [UNIUSDT] VWAP updated (polling): 1440 points
 [UNIUSDT] SwingDetector: 201/201 signals for interval 1 (cached)
 [UNIUSDT] 🔄 requestRedraw called (candles: 1470)
 [UNIUSDT] 🔄 Redraw executing drawChart...
 [PollingCoordinator] Executing: OrderFlow_UNIUSDT
 [UNIUSDT] 🔄 requestRedraw called (candles: 1470)
 [UNIUSDT] 🔄 Redraw executing drawChart...
 [PollingCoordinator] Completed: OrderFlow_UNIUSDT
 [PollingCoordinator] Executing: SwingDetector_Signals_UNIUSDT
 [IndicatorCache] 💾 swing@UNIUSDT desde memoria
 [UNIUSDT] 🔄 requestRedraw called (candles: 1470)
 [UNIUSDT] 🔄 Redraw executing drawChart...
 [PollingCoordinator] Completed: SwingDetector_Signals_UNIUSDT
 [PollingCoordinator] Executing: OrderFlow_UNIUSDT
 [UNIUSDT] 🔄 requestRedraw called (candles: 1470)
 [UNIUSDT] 🔄 Redraw executing drawChart...
 [PollingCoordinator] Completed: OrderFlow_UNIUSDT
 [PollingCoordinator] Executing: SwingDetector_Status_UNIUSDT
 [PollingCoordinator] Completed: SwingDetector_Status_UNIUSDT
 [PollingCoordinator] Executing: SwingDetector_Signals_UNIUSDT
 [IndicatorCache] 💾 swing@UNIUSDT desde memoria
 [UNIUSDT] 🔄 requestRedraw called (candles: 0)
 [PollingCoordinator] Completed: SwingDetector_Signals_UNIUSDT
 [PollingCoordinator] Executing: SwingDetector_Signals_UNIUSDT
 [IndicatorCache] 💾 swing@UNIUSDT desde memoria
 [UNIUSDT] 🔄 requestRedraw called (candles: 0)
 [PollingCoordinator] Completed: SwingDetector_Signals_UNIUSDT
 [PollingCoordinator] Executing: OrderFlow_UNIUSDT
 [UNIUSDT] 🔄 requestRedraw called (candles: 1470)
 [UNIUSDT] 🔄 Redraw executing drawChart...
 [PollingCoordinator] Completed: OrderFlow_UNIUSDT
 [PollingCoordinator] Executing: SwingDetector_Signals_UNIUSDT
 [IndicatorCache] 💾 swing@UNIUSDT desde memoria
 [UNIUSDT] 🔄 requestRedraw called (candles: 1470)
 [UNIUSDT] 🔄 Redraw executing drawChart...
 [PollingCoordinator] Completed: SwingDetector_Signals_UNIUSDT
 [PollingCoordinator] Executing: OrderFlow_UNIUSDT
 [UNIUSDT] 🔄 requestRedraw called (candles: 1470)
 [UNIUSDT] 🔄 Redraw executing drawChart...
 [PollingCoordinator] Completed: OrderFlow_UNIUSDT
 [PollingCoordinator] Executing: SwingDetector_Status_UNIUSDT
 [PollingCoordinator] Completed: SwingDetector_Status_UNIUSDT
 [PollingCoordinator] Executing: SwingDetector_Signals_UNIUSDT
 [IndicatorCache] 💾 swing@UNIUSDT desde memoria
 [UNIUSDT] 🔄 requestRedraw called (candles: 1470)
 [UNIUSDT] 🔄 Redraw executing drawChart...
 [PollingCoordinator] Executing: SymbolList_PriceChanges
 [PollingCoordinator] Completed: SymbolList_PriceChanges
 [PollingCoordinator] Executing: OrderFlow_UNIUSDT
 [UNIUSDT] 🔄 requestRedraw called (candles: 1470)
 [UNIUSDT] 🔄 Redraw executing drawChart...
 [PollingCoordinator] Completed: OrderFlow_UNIUSDT
 [PollingCoordinator] Executing: OrderFlow_UNIUSDT
 [CandleCache] 💾 UNIUSDT@1 - desde memoria (1470 velas)
 [CandleCache] OK VALIDATION UNIUSDT@1: 1470 velas sin gaps
 [CandleCache] UNIUSDT@1 - Cache valido: 1470 velas, sin gaps significativos
 [UNIUSDT] Carga INCREMENTAL: desde 30/1/2026, 8:17:00 p.m. (1470 velas en cache)
 [UNIUSDT] 🔄 requestRedraw called (candles: 1470)
 [UNIUSDT] 🔄 Redraw executing drawChart...
 [PollingCoordinator] Completed: OrderFlow_UNIUSDT
 [CandleCache] OK CACHE-ANTES-MERGE UNIUSDT: 1470 velas sin gaps
 [CandleCache] 🔄 Merge: 1470 cached + 1 new = 1470 total
 [UNIUSDT] Incremental: +1 velas nuevas = 1470 total
 [CandleCache] OK MERGED UNIUSDT: 1470 velas sin gaps
 [UNIUSDT] ✅ Histórico final: 1470 velas
 [CandleCache] ✅ UNIUSDT@1 - guardado (1470 velas, memoria: 1/4)
 [PollingCoordinator] Executing: SwingDetector_Status_UNIUSDT
 [PollingCoordinator] Completed: SwingDetector_Status_UNIUSDT
 [PollingCoordinator] Executing: OrderFlow_UNIUSDT
 [PollingCoordinator] Executing: SwingDetector_Signals_UNIUSDT
 [IndicatorCache] 💾 swing@UNIUSDT desde memoria
 [UNIUSDT] 🔄 requestRedraw called (candles: 1470)
 [UNIUSDT] 🔄 Redraw executing drawChart...
 [PollingCoordinator] Completed: SwingDetector_Signals_UNIUSDT
 [UNIUSDT] 🔄 requestRedraw called (candles: 1470)
 [UNIUSDT] 🔄 Redraw executing drawChart...
 [PollingCoordinator] Completed: OrderFlow_UNIUSDT
 [PollingCoordinator] Executing: VWAP_UNIUSDT
 ✅ [8:18:41 p. m.] [VWAP] [UNIUSDT] VWAP updated (polling): 1440 points
 [UNIUSDT] 🔄 requestRedraw called (candles: 1470)
 [UNIUSDT] 🔄 Redraw executing drawChart...
 ✅ [8:18:41 p. m.] [VWAP] [UNIUSDT] VWAP requestRedraw() called after polling
 [PollingCoordinator] Completed: VWAP_UNIUSDT
 [UNIUSDT] SwingDetector initialized with 1 days
 [IndicatorCache] 💾 swing@UNIUSDT desde memoria
 [PollingCoordinator] Executing: SwingDetector_Signals_UNIUSDT
 [IndicatorCache] 💾 swing@UNIUSDT desde memoria
 [UNIUSDT] 🔄 requestRedraw called (candles: 0)
 [PollingCoordinator] Completed: SwingDetector_Signals_UNIUSDT
 [UNIUSDT] 🔄 requestRedraw called (candles: 1470)
 [UNIUSDT] 🔄 Redraw executing drawChart...
 ✅ [8:18:43 p. m.] [Manager] [UNIUSDT] 🚀 startAllPolling() llamado - 3 indicadores
 ✅ [8:18:43 p. m.] [Manager] [UNIUSDT] -> Llamando startPollingIfReady() para VWAP
 ✅ [8:18:43 p. m.] [VWAP] [UNIUSDT] VWAP startPollingIfReady: pollingId=true, enabled=true, destroyed=false
 ✅ [8:18:43 p. m.] [Manager] [UNIUSDT] -> Llamando startPollingIfReady() para Swing Detector
 [UNIUSDT] SwingDetector startPollingIfReady: pollingId=true, enabled=true, config.enabled=true
 ✅ [8:18:43 p. m.] [Manager] [UNIUSDT] -> Llamando startPollingIfReady() para Order Flow
 ✅ [8:18:43 p. m.] [Manager] [UNIUSDT] 🚀 Polling iniciado para todos los indicadores
 [PollingCoordinator] Executing: SwingDetector_Status_UNIUSDT
 [PollingCoordinator] Completed: SwingDetector_Status_UNIUSDT
 [PollingCoordinator] Executing: SwingDetector_Signals_UNIUSDT
 [IndicatorCache] 💾 swing@UNIUSDT desde memoria
 [UNIUSDT] 🔄 requestRedraw called (candles: 0)
 [PollingCoordinator] Completed: SwingDetector_Signals_UNIUSDT
 [PollingCoordinator] Executing: OrderFlow_UNIUSDT
 [UNIUSDT] 🔄 requestRedraw called (candles: 1470)
 [UNIUSDT] 🔄 Redraw executing drawChart...
 [PollingCoordinator] Completed: OrderFlow_UNIUSDT
 [PollingCoordinator] Executing: SwingDetector_Status_UNIUSDT
 [PollingCoordinator] Completed: SwingDetector_Status_UNIUSDT
 [PollingCoordinator] Executing: SwingDetector_Signals_UNIUSDT
 [IndicatorCache] 💾 swing@UNIUSDT desde memoria
 [UNIUSDT] 🔄 requestRedraw called (candles: 1470)
 [UNIUSDT] 🔄 Redraw executing drawChart...
 [PollingCoordinator] Completed: SwingDetector_Signals_UNIUSDT
 [PollingCoordinator] Executing: OrderFlow_UNIUSDT
 [UNIUSDT] 🔄 requestRedraw called (candles: 1470)
 [UNIUSDT] 🔄 Redraw executing drawChart...
 [PollingCoordinator] Completed: OrderFlow_UNIUSDT
 [PollingCoordinator] Executing: SwingDetector_Signals_UNIUSDT
 [IndicatorCache] 💾 swing@UNIUSDT desde memoria
 [UNIUSDT] 🔄 requestRedraw called (candles: 1470)
 [UNIUSDT] 🔄 Redraw executing drawChart...
 [PollingCoordinator] Executing: OrderFlow_UNIUSDT
 [UNIUSDT] 🔄 requestRedraw called (candles: 1470)
 [UNIUSDT] 🔄 Redraw executing drawChart...
 ✅ [8:18:56 p. m.] [Manager] [UNIUSDT] renderOverlays: VWAP found, enabled=true, dataMap.size=1440
 [UNIUSDT] 🎨 VWAP renderOverlay EXECUTING: dataMap=1440, visibleCandles=280
 [UNIUSDT] 🔴 VWAP DEBUG RECTANGLE at (30, 45), bounds={x:10,y:25,w:810,h:400}
 [UNIUSDT] 🔴 VWAP viewport: min=4.2200, max=4.2950, hasPriceToY=true
 [UNIUSDT] 🟢 VWAP First point: (11.4, 285.9)
 [UNIUSDT] 🔵 VWAP Last point: (699.9, 249.5)
 [UNIUSDT] 📐 VWAP Visible area: y=25 to y=425
 [UNIUSDT] 🎨 VWAP _drawVWAPLine: matched=239, missed=41 of 280 candles
 [UNIUSDT] 🎨 VWAP sample: vwap=4.2637, Y=273.9, bounds={y:25, height:400}, viewport={min:4.2200, max:4.2950}
 [UNIUSDT] 🔍 Sample candle.timestamp=1769805540000, dataMap first keys=[1769733480000,1769733540000,1769733600000]
 [PollingCoordinator] Completed: OrderFlow_UNIUSDT
 [PollingCoordinator] Executing: OrderFlow_UNIUSDT
 [UNIUSDT] 🔄 requestRedraw called (candles: 1470)
 [UNIUSDT] 🔄 Redraw executing drawChart...
 [PollingCoordinator] Completed: OrderFlow_UNIUSDT
 [CandleCache] ✅ UNIUSDT@1 - guardado (1471 velas, memoria: 1/4)
 [UNIUSDT] SwingDetector: 201/201 signals for interval 1 (cached)
 ✅ [8:19:03 p. m.] [VWAP] [UNIUSDT] VWAP updated (polling): 1440 points
 [UNIUSDT] 🔄 requestRedraw called (candles: 1471)
 [UNIUSDT] 🔄 Redraw executing drawChart...
 [PollingCoordinator] Executing: OrderFlow_UNIUSDT
 [UNIUSDT] 🔄 requestRedraw called (candles: 1471)
 [UNIUSDT] 🔄 Redraw executing drawChart...
 [PollingCoordinator] Completed: OrderFlow_UNIUSDT
 [PollingCoordinator] Executing: SwingDetector_Signals_UNIUSDT
 [IndicatorCache] 💾 swing@UNIUSDT desde memoria
 [UNIUSDT] 🔄 requestRedraw called (candles: 1471)
 [UNIUSDT] 🔄 Redraw executing drawChart...
 [PollingCoordinator] Completed: SwingDetector_Signals_UNIUSDT
 [PollingCoordinator] Executing: OrderFlow_UNIUSDT
 [UNIUSDT] 🔄 requestRedraw called (candles: 1471)
 [UNIUSDT] 🔄 Redraw executing drawChart...
 [PollingCoordinator] Completed: OrderFlow_UNIUSDT
 [PollingCoordinator] Executing: SwingDetector_Status_UNIUSDT
 [PollingCoordinator] Completed: SwingDetector_Status_UNIUSDT
 [PollingCoordinator] Executing: SwingDetector_Signals_UNIUSDT
 [IndicatorCache] 💾 swing@UNIUSDT desde memoria
 [UNIUSDT] 🔄 requestRedraw called (candles: 0)
 [PollingCoordinator] Completed: SwingDetector_Signals_UNIUSDT
 [PollingCoordinator] Executing: SwingDetector_Signals_UNIUSDT
 [IndicatorCache] 💾 swing@UNIUSDT desde memoria
 [UNIUSDT] 🔄 requestRedraw called (candles: 0)
 [PollingCoordinator] Completed: SwingDetector_Signals_UNIUSDT
 [PollingCoordinator] Executing: OrderFlow_UNIUSDT
 [UNIUSDT] 🔄 requestRedraw called (candles: 1471)
 [UNIUSDT] 🔄 Redraw executing drawChart...
 [PollingCoordinator] Completed: OrderFlow_UNIUSDT
 [PollingCoordinator] Executing: SwingDetector_Signals_UNIUSDT
 [IndicatorCache] 💾 swing@UNIUSDT desde memoria
 [UNIUSDT] 🔄 requestRedraw called (candles: 1471)
 [UNIUSDT] 🔄 Redraw executing drawChart...
 [PollingCoordinator] Completed: SwingDetector_Signals_UNIUSDT
 [PollingCoordinator] Executing: SwingDetector_Status_UNIUSDT
 [PollingCoordinator] Completed: SwingDetector_Status_UNIUSDT
 [PollingCoordinator] Executing: SwingDetector_Signals_UNIUSDT
 [IndicatorCache] 💾 swing@UNIUSDT desde memoria
 [UNIUSDT] 🔄 requestRedraw called (candles: 1471)
 [UNIUSDT] 🔄 Redraw executing drawChart...
 [PollingCoordinator] Executing: OrderFlow_UNIUSDT
 [UNIUSDT] 🔄 requestRedraw called (candles: 1471)
 [UNIUSDT] 🔄 Redraw executing drawChart...
 [PollingCoordinator] Completed: OrderFlow_UNIUSDT
 [PollingCoordinator] Executing: SymbolList_PriceChanges
 [PollingCoordinator] Completed: SymbolList_PriceChanges
 [PollingCoordinator] Executing: OrderFlow_UNIUSDT
 [UNIUSDT] 🔄 requestRedraw called (candles: 1471)
 [UNIUSDT] 🔄 Redraw executing drawChart...
 [PollingCoordinator] Completed: OrderFlow_UNIUSDT
 [PollingCoordinator] Executing: OrderFlow_UNIUSDT
 [UNIUSDT] 🔄 requestRedraw called (candles: 1471)
 [UNIUSDT] 🔄 Redraw executing drawChart...
 [PollingCoordinator] Completed: OrderFlow_UNIUSDT
 [PollingCoordinator] Executing: SwingDetector_Status_UNIUSDT
 [PollingCoordinator] Completed: SwingDetector_Status_UNIUSDT
 [PollingCoordinator] Executing: SwingDetector_Signals_UNIUSDT
 [IndicatorCache] 💾 swing@UNIUSDT desde memoria
 [UNIUSDT] 🔄 requestRedraw called (candles: 1471)
 [UNIUSDT] 🔄 Redraw executing drawChart...
 [PollingCoordinator] Completed: SwingDetector_Signals_UNIUSDT
 [PollingCoordinator] Executing: OrderFlow_UNIUSDT
 [UNIUSDT] 🔄 requestRedraw called (candles: 1471)
 [UNIUSDT] 🔄 Redraw executing drawChart...
 [PollingCoordinator] Completed: OrderFlow_UNIUSDT
 [PollingCoordinator] Executing: VWAP_UNIUSDT
 ✅ [8:19:41 p. m.] [VWAP] [UNIUSDT] VWAP updated (polling): 1440 points
 [UNIUSDT] 🔄 requestRedraw called (candles: 1471)
 [UNIUSDT] 🔄 Redraw executing drawChart...
 ✅ [8:19:41 p. m.] [VWAP] [UNIUSDT] VWAP requestRedraw() called after polling
 [PollingCoordinator] Completed: VWAP_UNIUSDT
 [PollingCoordinator] Executing: SwingDetector_Signals_UNIUSDT
 [IndicatorCache] 💾 swing@UNIUSDT desde memoria
 [UNIUSDT] 🔄 requestRedraw called (candles: 0)
 [PollingCoordinator] Completed: SwingDetector_Signals_UNIUSDT
 [PollingCoordinator] Executing: OrderFlow_UNIUSDT
 [UNIUSDT] 🔄 requestRedraw called (candles: 1471)
 [UNIUSDT] 🔄 Redraw executing drawChart...
 [PollingCoordinator] Completed: OrderFlow_UNIUSDT
 [PollingCoordinator] Executing: SwingDetector_Status_UNIUSDT
 [PollingCoordinator] Completed: SwingDetector_Status_UNIUSDT
 [PollingCoordinator] Executing: SwingDetector_Signals_UNIUSDT
 [IndicatorCache] 💾 swing@UNIUSDT desde memoria
 [UNIUSDT] 🔄 requestRedraw called (candles: 0)
 [PollingCoordinator] Completed: SwingDetector_Signals_UNIUSDT
 [PollingCoordinator] Executing: OrderFlow_UNIUSDT
 [UNIUSDT] 🔄 requestRedraw called (candles: 1471)
 [UNIUSDT] 🔄 Redraw executing drawChart...
 [PollingCoordinator] Completed: OrderFlow_UNIUSDT
 [PollingCoordinator] Executing: SwingDetector_Status_UNIUSDT
 [PollingCoordinator] Completed: SwingDetector_Status_UNIUSDT
 [PollingCoordinator] Executing: SwingDetector_Signals_UNIUSDT
 [IndicatorCache] 💾 swing@UNIUSDT desde memoria
 [UNIUSDT] 🔄 requestRedraw called (candles: 1471)
 [UNIUSDT] 🔄 Redraw executing drawChart...
 [PollingCoordinator] Completed: SwingDetector_Signals_UNIUSDT
 [PollingCoordinator] Executing: SwingDetector_Signals_UNIUSDT
 [IndicatorCache] 💾 swing@UNIUSDT desde memoria
 [UNIUSDT] 🔄 requestRedraw called (candles: 1471)
 [UNIUSDT] 🔄 Redraw executing drawChart...
 [PollingCoordinator] Executing: OrderFlow_UNIUSDT
 [UNIUSDT] 🔄 requestRedraw called (candles: 1471)
 [UNIUSDT] 🔄 Redraw executing drawChart...
 [PollingCoordinator] Completed: OrderFlow_UNIUSDT
 [PollingCoordinator] Executing: OrderFlow_UNIUSDT
 [UNIUSDT] 🔄 requestRedraw called (candles: 1471)
 [UNIUSDT] 🔄 Redraw executing drawChart...
 [PollingCoordinator] Completed: OrderFlow_UNIUSDT
 [CandleCache] ✅ UNIUSDT@1 - guardado (1472 velas, memoria: 1/4)
 [PollingCoordinator] Executing: OrderFlow_UNIUSDT
 [UNIUSDT] SwingDetector: 201/201 signals for interval 1 (cached)
 ✅ [8:20:05 p. m.] [VWAP] [UNIUSDT] VWAP updated (polling): 1440 points
 [UNIUSDT] 🔄 requestRedraw called (candles: 1472)
 [UNIUSDT] 🔄 Redraw executing drawChart...
 [UNIUSDT] 🔄 requestRedraw called (candles: 1472)
 [UNIUSDT] 🔄 Redraw executing drawChart...
 [PollingCoordinator] Completed: OrderFlow_UNIUSDT
 [PollingCoordinator] Executing: SwingDetector_Signals_UNIUSDT
 [IndicatorCache] 💾 swing@UNIUSDT desde memoria
 [UNIUSDT] 🔄 requestRedraw called (candles: 1472)
 [UNIUSDT] 🔄 Redraw executing drawChart...
 [PollingCoordinator] Completed: SwingDetector_Signals_UNIUSDT
 [PollingCoordinator] Executing: OrderFlow_UNIUSDT
 [UNIUSDT] 🔄 requestRedraw called (candles: 1472)
 [UNIUSDT] 🔄 Redraw executing drawChart...
 [PollingCoordinator] Completed: OrderFlow_UNIUSDT
 [PollingCoordinator] Executing: SwingDetector_Status_UNIUSDT
 [PollingCoordinator] Completed: SwingDetector_Status_UNIUSDT
 [PollingCoordinator] Executing: SwingDetector_Signals_UNIUSDT
 [IndicatorCache] 💾 swing@UNIUSDT desde memoria
 [UNIUSDT] 🔄 requestRedraw called (candles: 0)
 [PollingCoordinator] Completed: SwingDetector_Signals_UNIUSDT
 [PollingCoordinator] Executing: SwingDetector_Signals_UNIUSDT
 [IndicatorCache] 💾 swing@UNIUSDT desde memoria
 [UNIUSDT] 🔄 requestRedraw called (candles: 0)
 [PollingCoordinator] Completed: SwingDetector_Signals_UNIUSDT
 [PollingCoordinator] Executing: OrderFlow_UNIUSDT
 [UNIUSDT] 🔄 requestRedraw called (candles: 1472)
 [UNIUSDT] 🔄 Redraw executing drawChart...
 [PollingCoordinator] Completed: OrderFlow_UNIUSDT
 [PollingCoordinator] Executing: SwingDetector_Signals_UNIUSDT
 [IndicatorCache] 💾 swing@UNIUSDT desde memoria
 [UNIUSDT] 🔄 requestRedraw called (candles: 1472)
 [UNIUSDT] 🔄 Redraw executing drawChart...
 [PollingCoordinator] Completed: SwingDetector_Signals_UNIUSDT
 [PollingCoordinator] Executing: OrderFlow_UNIUSDT
 [UNIUSDT] 🔄 requestRedraw called (candles: 1472)
 [UNIUSDT] 🔄 Redraw executing drawChart...
 [PollingCoordinator] Completed: OrderFlow_UNIUSDT
 [PollingCoordinator] Executing: SwingDetector_Status_UNIUSDT
 [PollingCoordinator] Completed: SwingDetector_Status_UNIUSDT
 [PollingCoordinator] Executing: SwingDetector_Signals_UNIUSDT
 [IndicatorCache] 💾 swing@UNIUSDT desde memoria
 [UNIUSDT] 🔄 requestRedraw called (candles: 1472)
 [UNIUSDT] 🔄 Redraw executing drawChart...
 [PollingCoordinator] Executing: SymbolList_PriceChanges
 [PollingCoordinator] Executing: OrderFlow_UNIUSDT
 [UNIUSDT] 🔄 requestRedraw called (candles: 1472)
 [UNIUSDT] 🔄 Redraw executing drawChart...
 [PollingCoordinator] Completed: OrderFlow_UNIUSDT
 [PollingCoordinator] Completed: SymbolList_PriceChanges
 [PollingCoordinator] Executing: OrderFlow_UNIUSDT
 [UNIUSDT] 🔄 requestRedraw called (candles: 1472)
 [UNIUSDT] 🔄 Redraw executing drawChart...
 [PollingCoordinator] Completed: OrderFlow_UNIUSDT
 [PollingCoordinator] Executing: OrderFlow_UNIUSDT
 [UNIUSDT] 🔄 requestRedraw called (candles: 1472)
 [UNIUSDT] 🔄 Redraw executing drawChart...
 [PollingCoordinator] Completed: OrderFlow_UNIUSDT
 [PollingCoordinator] Executing: SwingDetector_Status_UNIUSDT
 [PollingCoordinator] Completed: SwingDetector_Status_UNIUSDT
 [PollingCoordinator] Executing: SwingDetector_Signals_UNIUSDT
 [IndicatorCache] 💾 swing@UNIUSDT desde memoria
 [UNIUSDT] 🔄 requestRedraw called (candles: 1472)
 [UNIUSDT] 🔄 Redraw executing drawChart...
 [PollingCoordinator] Completed: SwingDetector_Signals_UNIUSDT
 [PollingCoordinator] Executing: VWAP_UNIUSDT
 ✅ [8:20:41 p. m.] [VWAP] [UNIUSDT] VWAP updated (polling): 1440 points
 [UNIUSDT] 🔄 requestRedraw called (candles: 1472)
 [UNIUSDT] 🔄 Redraw executing drawChart...
 ✅ [8:20:41 p. m.] [VWAP] [UNIUSDT] VWAP requestRedraw() called after polling
 [PollingCoordinator] Completed: VWAP_UNIUSDT
 [PollingCoordinator] Executing: OrderFlow_UNIUSDT
 [UNIUSDT] 🔄 requestRedraw called (candles: 1472)
 [UNIUSDT] 🔄 Redraw executing drawChart...
 [PollingCoordinator] Completed: OrderFlow_UNIUSDT
 [PollingCoordinator] Executing: SwingDetector_Signals_UNIUSDT
 [IndicatorCache] 💾 swing@UNIUSDT desde memoria
 [UNIUSDT] 🔄 requestRedraw called (candles: 0)
 [PollingCoordinator] Completed: SwingDetector_Signals_UNIUSDT
 [PollingCoordinator] Executing: SwingDetector_Status_UNIUSDT
 [PollingCoordinator] Completed: SwingDetector_Status_UNIUSDT
 [PollingCoordinator] Executing: SwingDetector_Signals_UNIUSDT
 [IndicatorCache] 💾 swing@UNIUSDT desde memoria
 [UNIUSDT] 🔄 requestRedraw called (candles: 0)
 [PollingCoordinator] Completed: SwingDetector_Signals_UNIUSDT
 [PollingCoordinator] Executing: OrderFlow_UNIUSDT
 [UNIUSDT] 🔄 requestRedraw called (candles: 1472)
 [UNIUSDT] 🔄 Redraw executing drawChart...
 [UNIUSDT] 🎨 Calling renderOverlays AFTER OrderFlow (frame 1501)
 [UNIUSDT] 🎨 Fresh priceContext: minPrice=4.2200, maxPrice=4.2950, verticalOffset=82
 [PollingCoordinator] Completed: OrderFlow_UNIUSDT
 [PollingCoordinator] Executing: SwingDetector_Status_UNIUSDT
 [PollingCoordinator] Completed: SwingDetector_Status_UNIUSDT
 [PollingCoordinator] Executing: SwingDetector_Signals_UNIUSDT
 [IndicatorCache] 💾 swing@UNIUSDT desde memoria
 [UNIUSDT] 🔄 requestRedraw called (candles: 1472)
 [UNIUSDT] 🔄 Redraw executing drawChart...
 [PollingCoordinator] Completed: SwingDetector_Signals_UNIUSDT
 [PollingCoordinator] Executing: OrderFlow_UNIUSDT
 [UNIUSDT] 🔄 requestRedraw called (candles: 1472)
 [UNIUSDT] 🔄 Redraw executing drawChart...
 [PollingCoordinator] Completed: OrderFlow_UNIUSDT
 [PollingCoordinator] Executing: SwingDetector_Signals_UNIUSDT
 [IndicatorCache] 💾 swing@UNIUSDT desde memoria
 [UNIUSDT] 🔄 requestRedraw called (candles: 1472)
 [UNIUSDT] 🔄 Redraw executing drawChart...
 [PollingCoordinator] Executing: OrderFlow_UNIUSDT
 [UNIUSDT] 🔄 requestRedraw called (candles: 1472)
 [UNIUSDT] 🔄 Redraw executing drawChart...
 [PollingCoordinator] Completed: OrderFlow_UNIUSDT
 [CandleCache] ✅ UNIUSDT@1 - guardado (1473 velas, memoria: 1/4)
 [PollingCoordinator] Executing: OrderFlow_UNIUSDT
 ✅ [8:21:03 p. m.] [VWAP] [UNIUSDT] VWAP updated (polling): 1440 points
 [UNIUSDT] SwingDetector: 201/201 signals for interval 1 (cached)
 [UNIUSDT] 🔄 requestRedraw called (candles: 1473)
 [UNIUSDT] 🔄 Redraw executing drawChart...
 [UNIUSDT] 🔄 requestRedraw called (candles: 1473)
 [UNIUSDT] 🔄 Redraw executing drawChart...
 [PollingCoordinator] Completed: OrderFlow_UNIUSDT
 [PollingCoordinator] Executing: SwingDetector_Signals_UNIUSDT
 [IndicatorCache] 💾 swing@UNIUSDT desde memoria
 [UNIUSDT] 🔄 requestRedraw called (candles: 1473)
 [UNIUSDT] 🔄 Redraw executing drawChart...
 [PollingCoordinator] Completed: SwingDetector_Signals_UNIUSDT
 [PollingCoordinator] Executing: OrderFlow_UNIUSDT
 [UNIUSDT] 🔄 requestRedraw called (candles: 1473)
 [UNIUSDT] 🔄 Redraw executing drawChart...
 [PollingCoordinator] Completed: OrderFlow_UNIUSDT
 [PollingCoordinator] Executing: SwingDetector_Status_UNIUSDT
 [PollingCoordinator] Completed: SwingDetector_Status_UNIUSDT
 [PollingCoordinator] Executing: SwingDetector_Signals_UNIUSDT
 [IndicatorCache] 💾 swing@UNIUSDT desde memoria
 [UNIUSDT] 🔄 requestRedraw called (candles: 0)
 [PollingCoordinator] Completed: SwingDetector_Signals_UNIUSDT
 [PollingCoordinator] Executing: OrderFlow_UNIUSDT
 [UNIUSDT] 🔄 requestRedraw called (candles: 1473)
 [UNIUSDT] 🔄 Redraw executing drawChart...
 [PollingCoordinator] Completed: OrderFlow_UNIUSDT
 [PollingCoordinator] Executing: SwingDetector_Signals_UNIUSDT
 [IndicatorCache] 💾 swing@UNIUSDT desde memoria
 [UNIUSDT] 🔄 requestRedraw called (candles: 0)
 [PollingCoordinator] Completed: SwingDetector_Signals_UNIUSDT
 [PollingCoordinator] Executing: OrderFlow_UNIUSDT
 [PollingCoordinator] Executing: SwingDetector_Signals_UNIUSDT
 [IndicatorCache] 💾 swing@UNIUSDT desde memoria
 [UNIUSDT] 🔄 requestRedraw called (candles: 1473)
 [UNIUSDT] 🔄 Redraw executing drawChart...
 [PollingCoordinator] Completed: SwingDetector_Signals_UNIUSDT
 [UNIUSDT] 🔄 requestRedraw called (candles: 1473)
 [UNIUSDT] 🔄 Redraw executing drawChart...
 [PollingCoordinator] Completed: OrderFlow_UNIUSDT
 [PollingCoordinator] Executing: SwingDetector_Status_UNIUSDT
 [PollingCoordinator] Completed: SwingDetector_Status_UNIUSDT
 [PollingCoordinator] Executing: SwingDetector_Signals_UNIUSDT
 [IndicatorCache] 💾 swing@UNIUSDT desde memoria
 [UNIUSDT] 🔄 requestRedraw called (candles: 1473)
 [UNIUSDT] 🔄 Redraw executing drawChart...
 [PollingCoordinator] Executing: OrderFlow_UNIUSDT
 [UNIUSDT] 🔄 requestRedraw called (candles: 1473)
 [UNIUSDT] 🔄 Redraw executing drawChart...
 [PollingCoordinator] Completed: OrderFlow_UNIUSDT
 [PollingCoordinator] Executing: SymbolList_PriceChanges
 [PollingCoordinator] Completed: SymbolList_PriceChanges
 [PollingCoordinator] Executing: OrderFlow_UNIUSDT
 [UNIUSDT] 🔄 requestRedraw called (candles: 1473)
 [UNIUSDT] 🔄 Redraw executing drawChart...
 [PollingCoordinator] Completed: OrderFlow_UNIUSDT
 [PollingCoordinator] Executing: OrderFlow_UNIUSDT
 [UNIUSDT] 🔄 requestRedraw called (candles: 1473)
 [UNIUSDT] 🔄 Redraw executing drawChart...
 [PollingCoordinator] Completed: OrderFlow_UNIUSDT
 [PollingCoordinator] Executing: SwingDetector_Status_UNIUSDT
 [PollingCoordinator] Completed: SwingDetector_Status_UNIUSDT
 [PollingCoordinator] Executing: SwingDetector_Signals_UNIUSDT
 [IndicatorCache] 💾 swing@UNIUSDT desde memoria
 [UNIUSDT] 🔄 requestRedraw called (candles: 1473)
 [UNIUSDT] 🔄 Redraw executing drawChart...
 [PollingCoordinator] Completed: SwingDetector_Signals_UNIUSDT
 [PollingCoordinator] Executing: OrderFlow_UNIUSDT
 [UNIUSDT] 🔄 requestRedraw called (candles: 1473)
 [UNIUSDT] 🔄 Redraw executing drawChart...
 [PollingCoordinator] Completed: OrderFlow_UNIUSDT
 [PollingCoordinator] Executing: VWAP_UNIUSDT
 ✅ [8:21:41 p. m.] [VWAP] [UNIUSDT] VWAP updated (polling): 1440 points
 [UNIUSDT] 🔄 requestRedraw called (candles: 1473)
 [UNIUSDT] 🔄 Redraw executing drawChart...
 ✅ [8:21:41 p. m.] [VWAP] [UNIUSDT] VWAP requestRedraw() called after polling
 [PollingCoordinator] Completed: VWAP_UNIUSDT
 [PollingCoordinator] Executing: SwingDetector_Signals_UNIUSDT
 [IndicatorCache] 💾 swing@UNIUSDT desde memoria
 [UNIUSDT] 🔄 requestRedraw called (candles: 0)
 [PollingCoordinator] Completed: SwingDetector_Signals_UNIUSDT
 [PollingCoordinator] Executing: SwingDetector_Status_UNIUSDT
 [PollingCoordinator] Completed: SwingDetector_Status_UNIUSDT
 [PollingCoordinator] Executing: SwingDetector_Signals_UNIUSDT
 [IndicatorCache] 💾 swing@UNIUSDT desde memoria
 [UNIUSDT] 🔄 requestRedraw called (candles: 0)
 [PollingCoordinator] Completed: SwingDetector_Signals_UNIUSDT
 [PollingCoordinator] Executing: OrderFlow_UNIUSDT
 [UNIUSDT] 🔄 requestRedraw called (candles: 1473)
 [UNIUSDT] 🔄 Redraw executing drawChart...
 [PollingCoordinator] Completed: OrderFlow_UNIUSDT
 [PollingCoordinator] Executing: SwingDetector_Status_UNIUSDT
 [PollingCoordinator] Completed: SwingDetector_Status_UNIUSDT
 [PollingCoordinator] Executing: SwingDetector_Signals_UNIUSDT
 [IndicatorCache] 💾 swing@UNIUSDT desde memoria
 [UNIUSDT] 🔄 requestRedraw called (candles: 1473)
 [UNIUSDT] 🔄 Redraw executing drawChart...
 [PollingCoordinator] Completed: SwingDetector_Signals_UNIUSDT
 [PollingCoordinator] Executing: OrderFlow_UNIUSDT
 [UNIUSDT] 🔄 requestRedraw called (candles: 1473)
 [UNIUSDT] 🔄 Redraw executing drawChart...
 [PollingCoordinator] Completed: OrderFlow_UNIUSDT
 [PollingCoordinator] Executing: SwingDetector_Signals_UNIUSDT
 [IndicatorCache] 💾 swing@UNIUSDT desde memoria
 [UNIUSDT] 🔄 requestRedraw called (candles: 1473)
 [UNIUSDT] 🔄 Redraw executing drawChart...
 [PollingCoordinator] Executing: OrderFlow_UNIUSDT
 [UNIUSDT] 🔄 requestRedraw called (candles: 1473)
 [UNIUSDT] 🔄 Redraw executing drawChart...
 [PollingCoordinator] Completed: OrderFlow_UNIUSDT
 [PollingCoordinator] Executing: OrderFlow_UNIUSDT
 [UNIUSDT] 🔄 requestRedraw called (candles: 1473)
 [UNIUSDT] 🔄 Redraw executing drawChart...
 [PollingCoordinator] Completed: OrderFlow_UNIUSDT
 [CandleCache] ✅ UNIUSDT@1 - guardado (1474 velas, memoria: 1/4)
 [UNIUSDT] SwingDetector: 201/201 signals for interval 1 (cached)
 ✅ [8:22:03 p. m.] [VWAP] [UNIUSDT] VWAP updated (polling): 1440 points
 [UNIUSDT] 🔄 requestRedraw called (candles: 1474)
 [UNIUSDT] 🔄 Redraw executing drawChart...
 [PollingCoordinator] Executing: OrderFlow_UNIUSDT
 [UNIUSDT] 🔄 requestRedraw called (candles: 1474)
 [UNIUSDT] 🔄 Redraw executing drawChart...
 [PollingCoordinator] Completed: OrderFlow_UNIUSDT
 [PollingCoordinator] Executing: SwingDetector_Signals_UNIUSDT
 [IndicatorCache] 💾 swing@UNIUSDT desde memoria
 [UNIUSDT] 🔄 requestRedraw called (candles: 1474)
 [UNIUSDT] 🔄 Redraw executing drawChart...
 [PollingCoordinator] Completed: SwingDetector_Signals_UNIUSDT
 [PollingCoordinator] Executing: OrderFlow_UNIUSDT
 [UNIUSDT] 🔄 requestRedraw called (candles: 1474)
 [UNIUSDT] 🔄 Redraw executing drawChart...
 [PollingCoordinator] Completed: OrderFlow_UNIUSDT
 [PollingCoordinator] Executing: SwingDetector_Status_UNIUSDT
 [PollingCoordinator] Completed: SwingDetector_Status_UNIUSDT
 [PollingCoordinator] Executing: SwingDetector_Signals_UNIUSDT
 [IndicatorCache] 💾 swing@UNIUSDT desde memoria
 [UNIUSDT] 🔄 requestRedraw called (candles: 0)
 [PollingCoordinator] Completed: SwingDetector_Signals_UNIUSDT
 [PollingCoordinator] Executing: SwingDetector_Signals_UNIUSDT
 [IndicatorCache] 💾 swing@UNIUSDT desde memoria
 [UNIUSDT] 🔄 requestRedraw called (candles: 0)
 [PollingCoordinator] Completed: SwingDetector_Signals_UNIUSDT
 [PollingCoordinator] Executing: OrderFlow_UNIUSDT
 [UNIUSDT] 🔄 requestRedraw called (candles: 1474)
 [UNIUSDT] 🔄 Redraw executing drawChart...
 [PollingCoordinator] Completed: OrderFlow_UNIUSDT
 [PollingCoordinator] Executing: SwingDetector_Signals_UNIUSDT
 [IndicatorCache] 💾 swing@UNIUSDT desde memoria
 [UNIUSDT] 🔄 requestRedraw called (candles: 1474)
 [UNIUSDT] 🔄 Redraw executing drawChart...
 [PollingCoordinator] Completed: SwingDetector_Signals_UNIUSDT
 [PollingCoordinator] Executing: SwingDetector_Status_UNIUSDT
 [PollingCoordinator] Completed: SwingDetector_Status_UNIUSDT
 [PollingCoordinator] Executing: SwingDetector_Signals_UNIUSDT
 [IndicatorCache] 💾 swing@UNIUSDT desde memoria
 [UNIUSDT] 🔄 requestRedraw called (candles: 1474)
 [UNIUSDT] 🔄 Redraw executing drawChart...
 [PollingCoordinator] Executing: OrderFlow_UNIUSDT
 [UNIUSDT] 🔄 requestRedraw called (candles: 1474)
 [UNIUSDT] 🔄 Redraw executing drawChart...
 ✅ [8:22:23 p. m.] [Manager] [UNIUSDT] renderOverlays: VWAP found, enabled=true, dataMap.size=1440
 [UNIUSDT] 🎨 VWAP renderOverlay EXECUTING: dataMap=1440, visibleCandles=280
 [UNIUSDT] 🔴 VWAP DEBUG RECTANGLE at (30, 45), bounds={x:10,y:25,w:810,h:400}
 [UNIUSDT] 🔴 VWAP viewport: min=4.2200, max=4.2950, hasPriceToY=true
 [UNIUSDT] 🟢 VWAP First point: (11.4, 287.8)
 [UNIUSDT] 🔵 VWAP Last point: (688.4, 249.5)
 [UNIUSDT] 📐 VWAP Visible area: y=25 to y=425
 [UNIUSDT] 🎨 VWAP _drawVWAPLine: matched=235, missed=45 of 280 candles
 [UNIUSDT] 🎨 VWAP sample: vwap=4.2634, Y=275.6, bounds={y:25, height:400}, viewport={min:4.2200, max:4.2950}
 [UNIUSDT] 🔍 Sample candle.timestamp=1769805780000, dataMap first keys=[1769733480000,1769733540000,1769733600000]
 [PollingCoordinator] Completed: OrderFlow_UNIUSDT
 [PollingCoordinator] Executing: OrderFlow_UNIUSDT
 [UNIUSDT] 🔄 requestRedraw called (candles: 1474)
 [UNIUSDT] 🔄 Redraw executing drawChart...
 [PollingCoordinator] Completed: OrderFlow_UNIUSDT
 [PollingCoordinator] Executing: SymbolList_PriceChanges
 [PollingCoordinator] Completed: SymbolList_PriceChanges
 [PollingCoordinator] Executing: OrderFlow_UNIUSDT
 [UNIUSDT] 🔄 requestRedraw called (candles: 1474)
 [UNIUSDT] 🔄 Redraw executing drawChart...
 [PollingCoordinator] Completed: OrderFlow_UNIUSDT
 [PollingCoordinator] Executing: SwingDetector_Status_UNIUSDT
 [PollingCoordinator] Completed: SwingDetector_Status_UNIUSDT
 [PollingCoordinator] Executing: SwingDetector_Signals_UNIUSDT
 [IndicatorCache] 💾 swing@UNIUSDT desde memoria
 [UNIUSDT] 🔄 requestRedraw called (candles: 1474)
 [UNIUSDT] 🔄 Redraw executing drawChart...
 [PollingCoordinator] Completed: SwingDetector_Signals_UNIUSDT
 [PollingCoordinator] Executing: OrderFlow_UNIUSDT
 [UNIUSDT] 🔄 requestRedraw called (candles: 1474)
 [UNIUSDT] 🔄 Redraw executing drawChart...
 [PollingCoordinator] Completed: OrderFlow_UNIUSDT
 [PollingCoordinator] Executing: VWAP_UNIUSDT
 ✅ [8:22:41 p. m.] [VWAP] [UNIUSDT] VWAP updated (polling): 1440 points
 [UNIUSDT] 🔄 requestRedraw called (candles: 1474)
 [UNIUSDT] 🔄 Redraw executing drawChart...
 ✅ [8:22:41 p. m.] [VWAP] [UNIUSDT] VWAP requestRedraw() called after polling
 [PollingCoordinator] Completed: VWAP_UNIUSDT
 [PollingCoordinator] Executing: SwingDetector_Signals_UNIUSDT
 [IndicatorCache] 💾 swing@UNIUSDT desde memoria
 [UNIUSDT] 🔄 requestRedraw called (candles: 0)
 [PollingCoordinator] Completed: SwingDetector_Signals_UNIUSDT
 [PollingCoordinator] Executing: OrderFlow_UNIUSDT
 [UNIUSDT] 🔄 requestRedraw called (candles: 1474)
 [UNIUSDT] 🔄 Redraw executing drawChart...
 [PollingCoordinator] Completed: OrderFlow_UNIUSDT
 [PollingCoordinator] Executing: SwingDetector_Status_UNIUSDT
 [PollingCoordinator] Completed: SwingDetector_Status_UNIUSDT
 [PollingCoordinator] Executing: SwingDetector_Signals_UNIUSDT
 [IndicatorCache] 💾 swing@UNIUSDT desde memoria
 [UNIUSDT] 🔄 requestRedraw called (candles: 0)
 [PollingCoordinator] Completed: SwingDetector_Signals_UNIUSDT
 [PollingCoordinator] Executing: SwingDetector_Status_UNIUSDT
 [PollingCoordinator] Completed: SwingDetector_Status_UNIUSDT
 [PollingCoordinator] Executing: OrderFlow_UNIUSDT
 [PollingCoordinator] Executing: SwingDetector_Signals_UNIUSDT
 [IndicatorCache] 💾 swing@UNIUSDT desde memoria
 [UNIUSDT] 🔄 requestRedraw called (candles: 1474)
 [UNIUSDT] 🔄 Redraw executing drawChart...
 [PollingCoordinator] Completed: SwingDetector_Signals_UNIUSDT
 [UNIUSDT] 🔄 requestRedraw called (candles: 1474)
 [UNIUSDT] 🔄 Redraw executing drawChart...
 [PollingCoordinator] Completed: OrderFlow_UNIUSDT
 [PollingCoordinator] Executing: SwingDetector_Signals_UNIUSDT
 [IndicatorCache] 💾 swing@UNIUSDT desde memoria
 [UNIUSDT] 🔄 requestRedraw called (candles: 1474)
 [UNIUSDT] 🔄 Redraw executing drawChart...
 [PollingCoordinator] Executing: OrderFlow_UNIUSDT
 [UNIUSDT] 🔄 requestRedraw called (candles: 1474)
 [UNIUSDT] 🔄 Redraw executing drawChart...
 [PollingCoordinator] Completed: OrderFlow_UNIUSDT
 [PollingCoordinator] Executing: OrderFlow_UNIUSDT
 [UNIUSDT] 🔄 requestRedraw called (candles: 1474)
 [UNIUSDT] 🔄 Redraw executing drawChart...
 [PollingCoordinator] Completed: OrderFlow_UNIUSDT
 [CandleCache] ✅ UNIUSDT@1 - guardado (1475 velas, memoria: 1/4)
 [UNIUSDT] SwingDetector: 201/201 signals for interval 1 (cached)
 ✅ [8:23:02 p. m.] [VWAP] [UNIUSDT] VWAP updated (polling): 1440 points
 [UNIUSDT] 🔄 requestRedraw called (candles: 1475)
 [UNIUSDT] 🔄 Redraw executing drawChart...
 [PollingCoordinator] Executing: OrderFlow_UNIUSDT
 [UNIUSDT] 🔄 requestRedraw called (candles: 1475)
 [UNIUSDT] 🔄 Redraw executing drawChart...
 [PollingCoordinator] Completed: OrderFlow_UNIUSDT
 [PollingCoordinator] Executing: SwingDetector_Signals_UNIUSDT
 [IndicatorCache] 💾 swing@UNIUSDT desde memoria
 [UNIUSDT] 🔄 requestRedraw called (candles: 1475)
 [UNIUSDT] 🔄 Redraw executing drawChart...
 [PollingCoordinator] Completed: SwingDetector_Signals_UNIUSDT
 [PollingCoordinator] Executing: OrderFlow_UNIUSDT
 [UNIUSDT] 🔄 requestRedraw called (candles: 1475)
 [UNIUSDT] 🔄 Redraw executing drawChart...
 [PollingCoordinator] Completed: OrderFlow_UNIUSDT
 [PollingCoordinator] Executing: SwingDetector_Status_UNIUSDT
 [PollingCoordinator] Completed: SwingDetector_Status_UNIUSDT
 [PollingCoordinator] Executing: SwingDetector_Signals_UNIUSDT
 [IndicatorCache] 💾 swing@UNIUSDT desde memoria
 [UNIUSDT] 🔄 requestRedraw called (candles: 0)
 [PollingCoordinator] Completed: SwingDetector_Signals_UNIUSDT
 [PollingCoordinator] Executing: SwingDetector_Signals_UNIUSDT
 [IndicatorCache] 💾 swing@UNIUSDT desde memoria
 [UNIUSDT] 🔄 requestRedraw called (candles: 0)
 [PollingCoordinator] Completed: SwingDetector_Signals_UNIUSDT
 [PollingCoordinator] Executing: OrderFlow_UNIUSDT
 [UNIUSDT] 🔄 requestRedraw called (candles: 1475)
 [UNIUSDT] 🔄 Redraw executing drawChart...
 [PollingCoordinator] Completed: OrderFlow_UNIUSDT
 [PollingCoordinator] Executing: SwingDetector_Signals_UNIUSDT
 [IndicatorCache] 💾 swing@UNIUSDT desde memoria
 [UNIUSDT] 🔄 requestRedraw called (candles: 1475)
 [UNIUSDT] 🔄 Redraw executing drawChart...
 [PollingCoordinator] Completed: SwingDetector_Signals_UNIUSDT
 [PollingCoordinator] Executing: OrderFlow_UNIUSDT
 [UNIUSDT] 🔄 requestRedraw called (candles: 1475)
 [UNIUSDT] 🔄 Redraw executing drawChart...
 [PollingCoordinator] Completed: OrderFlow_UNIUSDT
 [PollingCoordinator] Executing: SwingDetector_Status_UNIUSDT
 [PollingCoordinator] Completed: SwingDetector_Status_UNIUSDT
 [PollingCoordinator] Executing: SwingDetector_Signals_UNIUSDT
 [IndicatorCache] 💾 swing@UNIUSDT desde memoria
 [UNIUSDT] 🔄 requestRedraw called (candles: 1475)
 [UNIUSDT] 🔄 Redraw executing drawChart...
 [PollingCoordinator] Executing: OrderFlow_UNIUSDT
 [UNIUSDT] 🔄 requestRedraw called (candles: 1475)
 [UNIUSDT] 🔄 Redraw executing drawChart...
 [PollingCoordinator] Completed: OrderFlow_UNIUSDT
 [PollingCoordinator] Executing: SymbolList_PriceChanges
 [PollingCoordinator] Completed: SymbolList_PriceChanges
 [PollingCoordinator] Executing: OrderFlow_UNIUSDT
 [UNIUSDT] 🔄 requestRedraw called (candles: 1475)
 [UNIUSDT] 🔄 Redraw executing drawChart...
 [PollingCoordinator] Completed: OrderFlow_UNIUSDT
 [CandleCache] 💾 UNIUSDT@1 - desde memoria (1475 velas)
 [CandleCache] OK VALIDATION UNIUSDT@1: 1475 velas sin gaps
 [CandleCache] UNIUSDT@1 - Cache valido: 1475 velas, sin gaps significativos
 [UNIUSDT] Carga INCREMENTAL: desde 30/1/2026, 8:22:00 p.m. (1475 velas en cache)
 [CandleCache] OK CACHE-ANTES-MERGE UNIUSDT: 1475 velas sin gaps
 [CandleCache] 🔄 Merge: 1475 cached + 1 new = 1475 total
 [UNIUSDT] Incremental: +1 velas nuevas = 1475 total
 [CandleCache] OK MERGED UNIUSDT: 1475 velas sin gaps
 [UNIUSDT] ✅ Histórico final: 1475 velas
 [CandleCache] ✅ UNIUSDT@1 - guardado (1475 velas, memoria: 1/4)
 [PollingCoordinator] Executing: OrderFlow_UNIUSDT
 [PollingCoordinator] Executing: SwingDetector_Status_UNIUSDT
 [PollingCoordinator] Completed: SwingDetector_Status_UNIUSDT
 [PollingCoordinator] Executing: SwingDetector_Signals_UNIUSDT
 [IndicatorCache] 💾 swing@UNIUSDT desde memoria
 [UNIUSDT] 🔄 requestRedraw called (candles: 1475)
 [UNIUSDT] 🔄 Redraw executing drawChart...
 [PollingCoordinator] Completed: SwingDetector_Signals_UNIUSDT
 [UNIUSDT] 🔄 requestRedraw called (candles: 1475)
 [UNIUSDT] 🔄 Redraw executing drawChart...
 [PollingCoordinator] Completed: OrderFlow_UNIUSDT
 [PollingCoordinator] Executing: VWAP_UNIUSDT
 ✅ [8:23:41 p. m.] [VWAP] [UNIUSDT] VWAP updated (polling): 1440 points
 [UNIUSDT] 🔄 requestRedraw called (candles: 1475)
 [UNIUSDT] 🔄 Redraw executing drawChart...
 ✅ [8:23:41 p. m.] [VWAP] [UNIUSDT] VWAP requestRedraw() called after polling
 [PollingCoordinator] Completed: VWAP_UNIUSDT
 [PollingCoordinator] Executing: SwingDetector_Signals_UNIUSDT
 [IndicatorCache] 💾 swing@UNIUSDT desde memoria
 [UNIUSDT] 🔄 requestRedraw called (candles: 0)
 [PollingCoordinator] Completed: SwingDetector_Signals_UNIUSDT
 [UNIUSDT] SwingDetector initialized with 1 days
 [IndicatorCache] 💾 swing@UNIUSDT desde memoria
 [UNIUSDT] 🔄 requestRedraw called (candles: 1475)
 [UNIUSDT] 🔄 Redraw executing drawChart...
 ✅ [8:23:43 p. m.] [Manager] [UNIUSDT] 🚀 startAllPolling() llamado - 3 indicadores
 ✅ [8:23:43 p. m.] [Manager] [UNIUSDT] -> Llamando startPollingIfReady() para VWAP
 ✅ [8:23:43 p. m.] [VWAP] [UNIUSDT] VWAP startPollingIfReady: pollingId=true, enabled=true, destroyed=false
 ✅ [8:23:43 p. m.] [Manager] [UNIUSDT] -> Llamando startPollingIfReady() para Swing Detector
 [UNIUSDT] SwingDetector startPollingIfReady: pollingId=true, enabled=true, config.enabled=true
 ✅ [8:23:43 p. m.] [Manager] [UNIUSDT] -> Llamando startPollingIfReady() para Order Flow
 ✅ [8:23:43 p. m.] [Manager] [UNIUSDT] 🚀 Polling iniciado para todos los indicadores
 [PollingCoordinator] Executing: SwingDetector_Status_UNIUSDT
 [PollingCoordinator] Completed: SwingDetector_Status_UNIUSDT
 [PollingCoordinator] Executing: OrderFlow_UNIUSDT
 [UNIUSDT] 🔄 requestRedraw called (candles: 1475)
 [UNIUSDT] 🔄 Redraw executing drawChart...
 [PollingCoordinator] Completed: OrderFlow_UNIUSDT
 [PollingCoordinator] Executing: SwingDetector_Signals_UNIUSDT
 [IndicatorCache] 💾 swing@UNIUSDT desde memoria
 [UNIUSDT] 🔄 requestRedraw called (candles: 0)
 [PollingCoordinator] Completed: SwingDetector_Signals_UNIUSDT
 [PollingCoordinator] Executing: SwingDetector_Status_UNIUSDT
 [PollingCoordinator] Completed: SwingDetector_Status_UNIUSDT
 [PollingCoordinator] Executing: SwingDetector_Signals_UNIUSDT
 [IndicatorCache] 💾 swing@UNIUSDT desde memoria
 [UNIUSDT] 🔄 requestRedraw called (candles: 1475)
 [UNIUSDT] 🔄 Redraw executing drawChart...
 [PollingCoordinator] Completed: SwingDetector_Signals_UNIUSDT
 [PollingCoordinator] Executing: OrderFlow_UNIUSDT
 [UNIUSDT] 🔄 requestRedraw called (candles: 1475)
 [UNIUSDT] 🔄 Redraw executing drawChart...
 [PollingCoordinator] Completed: OrderFlow_UNIUSDT
 [PollingCoordinator] Executing: SwingDetector_Signals_UNIUSDT
 [IndicatorCache] 💾 swing@UNIUSDT desde memoria
 [UNIUSDT] 🔄 requestRedraw called (candles: 1475)
 [UNIUSDT] 🔄 Redraw executing drawChart...
 [PollingCoordinator] Executing: OrderFlow_UNIUSDT
 [UNIUSDT] 🔄 requestRedraw called (candles: 1475)
 [UNIUSDT] 🔄 Redraw executing drawChart...
 [PollingCoordinator] Completed: OrderFlow_UNIUSDT
 [PollingCoordinator] Executing: OrderFlow_UNIUSDT
 [CandleCache] ✅ UNIUSDT@1 - guardado (1476 velas, memoria: 1/4)
 [UNIUSDT] 🔄 requestRedraw called (candles: 1476)
 [UNIUSDT] 🔄 Redraw executing drawChart...
 [PollingCoordinator] Completed: OrderFlow_UNIUSDT
 [UNIUSDT] SwingDetector: 200/200 signals for interval 1 (cached)
 ✅ [8:24:03 p. m.] [VWAP] [UNIUSDT] VWAP updated (polling): 1440 points
 [UNIUSDT] 🔄 requestRedraw called (candles: 1476)
 [UNIUSDT] 🔄 Redraw executing drawChart...
 [PollingCoordinator] Executing: OrderFlow_UNIUSDT
 [PollingCoordinator] Executing: SwingDetector_Signals_UNIUSDT
 [IndicatorCache] 💾 swing@UNIUSDT desde memoria
 [UNIUSDT] 🔄 requestRedraw called (candles: 1476)
 [UNIUSDT] 🔄 Redraw executing drawChart...
 [PollingCoordinator] Completed: SwingDetector_Signals_UNIUSDT
 [UNIUSDT] 🔄 requestRedraw called (candles: 1476)
 [UNIUSDT] 🔄 Redraw executing drawChart...
 [UNIUSDT] 🎨 Calling renderOverlays AFTER OrderFlow (frame 1561)
 [UNIUSDT] 🎨 Fresh priceContext: minPrice=4.2200, maxPrice=4.2950, verticalOffset=82
 [PollingCoordinator] Completed: OrderFlow_UNIUSDT
 [PollingCoordinator] Executing: OrderFlow_UNIUSDT
 [PollingCoordinator] Executing: SwingDetector_Status_UNIUSDT
 [PollingCoordinator] Completed: SwingDetector_Status_UNIUSDT
 [UNIUSDT] 🔄 requestRedraw called (candles: 1476)
 [UNIUSDT] 🔄 Redraw executing drawChart...
 [PollingCoordinator] Completed: OrderFlow_UNIUSDT
 [PollingCoordinator] Executing: SwingDetector_Signals_UNIUSDT
 [IndicatorCache] 💾 swing@UNIUSDT desde memoria
 [UNIUSDT] 🔄 requestRedraw called (candles: 0)
 [PollingCoordinator] Completed: SwingDetector_Signals_UNIUSDT
 [PollingCoordinator] Executing: SwingDetector_Signals_UNIUSDT
 [IndicatorCache] 💾 swing@UNIUSDT desde memoria
 [UNIUSDT] 🔄 requestRedraw called (candles: 0)
 [PollingCoordinator] Completed: SwingDetector_Signals_UNIUSDT
 [PollingCoordinator] Executing: OrderFlow_UNIUSDT
 [UNIUSDT] 🔄 requestRedraw called (candles: 1476)
 [UNIUSDT] 🔄 Redraw executing drawChart...
 [PollingCoordinator] Completed: OrderFlow_UNIUSDT
 [PollingCoordinator] Executing: SwingDetector_Signals_UNIUSDT
 [IndicatorCache] 💾 swing@UNIUSDT desde memoria
 [UNIUSDT] 🔄 requestRedraw called (candles: 1476)
 [UNIUSDT] 🔄 Redraw executing drawChart...
 [PollingCoordinator] Completed: SwingDetector_Signals_UNIUSDT
 [PollingCoordinator] Executing: SwingDetector_Status_UNIUSDT
 [PollingCoordinator] Completed: SwingDetector_Status_UNIUSDT
 [PollingCoordinator] Executing: SwingDetector_Signals_UNIUSDT
 [IndicatorCache] 💾 swing@UNIUSDT desde memoria
 [UNIUSDT] 🔄 requestRedraw called (candles: 1476)
 [UNIUSDT] 🔄 Redraw executing drawChart...
 [PollingCoordinator] Executing: OrderFlow_UNIUSDT
 [UNIUSDT] 🔄 requestRedraw called (candles: 1476)
 [UNIUSDT] 🔄 Redraw executing drawChart...
 [PollingCoordinator] Completed: OrderFlow_UNIUSDT
 [PollingCoordinator] Executing: OrderFlow_UNIUSDT
 [UNIUSDT] 🔄 requestRedraw called (candles: 1476)
 [UNIUSDT] 🔄 Redraw executing drawChart...
 [PollingCoordinator] Completed: OrderFlow_UNIUSDT
 [PollingCoordinator] Executing: SymbolList_PriceChanges
 [PollingCoordinator] Completed: SymbolList_PriceChanges
 [PollingCoordinator] Executing: OrderFlow_UNIUSDT
 [UNIUSDT] 🔄 requestRedraw called (candles: 1476)
 [UNIUSDT] 🔄 Redraw executing drawChart...
 [PollingCoordinator] Completed: OrderFlow_UNIUSDT
 [PollingCoordinator] Executing: SwingDetector_Status_UNIUSDT
 [PollingCoordinator] Completed: SwingDetector_Status_UNIUSDT
 [PollingCoordinator] Executing: SwingDetector_Signals_UNIUSDT
 [IndicatorCache] 💾 swing@UNIUSDT desde memoria
 [UNIUSDT] 🔄 requestRedraw called (candles: 1476)
 [UNIUSDT] 🔄 Redraw executing drawChart...
 [PollingCoordinator] Completed: SwingDetector_Signals_UNIUSDT
 [PollingCoordinator] Executing: OrderFlow_UNIUSDT
 [UNIUSDT] 🔄 requestRedraw called (candles: 1476)
 [UNIUSDT] 🔄 Redraw executing drawChart...
 [PollingCoordinator] Completed: OrderFlow_UNIUSDT
 [PollingCoordinator] Executing: VWAP_UNIUSDT
 ✅ [8:24:41 p. m.] [VWAP] [UNIUSDT] VWAP updated (polling): 1440 points
 [UNIUSDT] 🔄 requestRedraw called (candles: 1476)
 [UNIUSDT] 🔄 Redraw executing drawChart...
 ✅ [8:24:41 p. m.] [VWAP] [UNIUSDT] VWAP requestRedraw() called after polling
 [PollingCoordinator] Completed: VWAP_UNIUSDT
 [PollingCoordinator] Executing: SwingDetector_Signals_UNIUSDT
 [IndicatorCache] 💾 swing@UNIUSDT desde memoria
 [UNIUSDT] 🔄 requestRedraw called (candles: 0)
 [PollingCoordinator] Completed: SwingDetector_Signals_UNIUSDT
 [PollingCoordinator] Executing: OrderFlow_UNIUSDT
 [UNIUSDT] 🔄 requestRedraw called (candles: 1476)
 [UNIUSDT] 🔄 Redraw executing drawChart...
 [PollingCoordinator] Completed: OrderFlow_UNIUSDT
 [PollingCoordinator] Executing: SwingDetector_Status_UNIUSDT
 [PollingCoordinator] Completed: SwingDetector_Status_UNIUSDT
 [PollingCoordinator] Executing: SwingDetector_Signals_UNIUSDT
 [IndicatorCache] 💾 swing@UNIUSDT desde memoria
 [UNIUSDT] 🔄 requestRedraw called (candles: 0)
 [PollingCoordinator] Completed: SwingDetector_Signals_UNIUSDT
 [PollingCoordinator] Executing: SwingDetector_Status_UNIUSDT
 [PollingCoordinator] Completed: SwingDetector_Status_UNIUSDT
 [PollingCoordinator] Executing: SwingDetector_Signals_UNIUSDT
 [IndicatorCache] 💾 swing@UNIUSDT desde memoria
 [UNIUSDT] 🔄 requestRedraw called (candles: 1476)
 [UNIUSDT] 🔄 Redraw executing drawChart...
 [PollingCoordinator] Completed: SwingDetector_Signals_UNIUSDT
 [PollingCoordinator] Executing: OrderFlow_UNIUSDT
 [UNIUSDT] 🔄 requestRedraw called (candles: 1476)
 [UNIUSDT] 🔄 Redraw executing drawChart...
 [PollingCoordinator] Completed: OrderFlow_UNIUSDT
 [PollingCoordinator] Executing: SwingDetector_Signals_UNIUSDT
 [IndicatorCache] 💾 swing@UNIUSDT desde memoria
 [UNIUSDT] 🔄 requestRedraw called (candles: 1476)
 [UNIUSDT] 🔄 Redraw executing drawChart...
 [PollingCoordinator] Executing: OrderFlow_UNIUSDT
 [UNIUSDT] 🔄 requestRedraw called (candles: 1476)
 [UNIUSDT] 🔄 Redraw executing drawChart...
 [PollingCoordinator] Completed: OrderFlow_UNIUSDT
 [PollingCoordinator] Executing: OrderFlow_UNIUSDT
 [UNIUSDT] 🔄 requestRedraw called (candles: 1476)
 [UNIUSDT] 🔄 Redraw executing drawChart...
 [PollingCoordinator] Completed: OrderFlow_UNIUSDT
 [CandleCache] ✅ UNIUSDT@1 - guardado (1477 velas, memoria: 1/4)
 [UNIUSDT] SwingDetector: 200/200 signals for interval 1 (cached)
 ✅ [8:25:04 p. m.] [VWAP] [UNIUSDT] VWAP updated (polling): 1440 points
 [UNIUSDT] 🔄 requestRedraw called (candles: 1477)
 [UNIUSDT] 🔄 Redraw executing drawChart...
 [PollingCoordinator] Executing: OrderFlow_UNIUSDT
 [UNIUSDT] 🔄 requestRedraw called (candles: 1477)
 [UNIUSDT] 🔄 Redraw executing drawChart...
 [PollingCoordinator] Completed: OrderFlow_UNIUSDT
 [PollingCoordinator] Executing: SwingDetector_Signals_UNIUSDT
 [IndicatorCache] 💾 swing@UNIUSDT desde memoria
 [UNIUSDT] 🔄 requestRedraw called (candles: 1477)
 [UNIUSDT] 🔄 Redraw executing drawChart...
 [PollingCoordinator] Completed: SwingDetector_Signals_UNIUSDT
 [PollingCoordinator] Executing: OrderFlow_UNIUSDT
 [UNIUSDT] 🔄 requestRedraw called (candles: 1477)
 [UNIUSDT] 🔄 Redraw executing drawChart...
 [PollingCoordinator] Completed: OrderFlow_UNIUSDT
 [PollingCoordinator] Executing: SwingDetector_Status_UNIUSDT
 [PollingCoordinator] Completed: SwingDetector_Status_UNIUSDT
 [PollingCoordinator] Executing: SwingDetector_Signals_UNIUSDT
 [IndicatorCache] 💾 swing@UNIUSDT desde memoria
 [UNIUSDT] 🔄 requestRedraw called (candles: 0)
 [PollingCoordinator] Completed: SwingDetector_Signals_UNIUSDT
 [PollingCoordinator] Executing: SwingDetector_Signals_UNIUSDT
 [IndicatorCache] 💾 swing@UNIUSDT desde memoria
 [UNIUSDT] 🔄 requestRedraw called (candles: 0)
 [PollingCoordinator] Completed: SwingDetector_Signals_UNIUSDT
 [PollingCoordinator] Executing: OrderFlow_UNIUSDT
 [UNIUSDT] 🔄 requestRedraw called (candles: 1477)
 [UNIUSDT] 🔄 Redraw executing drawChart...
 [PollingCoordinator] Completed: OrderFlow_UNIUSDT
 [PollingCoordinator] Executing: SwingDetector_Signals_UNIUSDT
 [IndicatorCache] 💾 swing@UNIUSDT desde memoria
 [UNIUSDT] 🔄 requestRedraw called (candles: 1477)
 [UNIUSDT] 🔄 Redraw executing drawChart...
 [PollingCoordinator] Completed: SwingDetector_Signals_UNIUSDT
 [PollingCoordinator] Executing: SwingDetector_Status_UNIUSDT
 [PollingCoordinator] Completed: SwingDetector_Status_UNIUSDT
 [PollingCoordinator] Executing: SwingDetector_Signals_UNIUSDT
 [IndicatorCache] 💾 swing@UNIUSDT desde memoria
 [UNIUSDT] 🔄 requestRedraw called (candles: 1477)
 [UNIUSDT] 🔄 Redraw executing drawChart...
 [PollingCoordinator] Executing: OrderFlow_UNIUSDT
 [UNIUSDT] 🔄 requestRedraw called (candles: 1477)
 [UNIUSDT] 🔄 Redraw executing drawChart...
 [PollingCoordinator] Completed: OrderFlow_UNIUSDT
 [PollingCoordinator] Executing: OrderFlow_UNIUSDT
 [UNIUSDT] 🔄 requestRedraw called (candles: 1477)
 [UNIUSDT] 🔄 Redraw executing drawChart...
 [PollingCoordinator] Completed: OrderFlow_UNIUSDT
 [PollingCoordinator] Executing: SymbolList_PriceChanges
 [PollingCoordinator] Executing: OrderFlow_UNIUSDT
 [UNIUSDT] 🔄 requestRedraw called (candles: 1477)
 [UNIUSDT] 🔄 Redraw executing drawChart...
 [PollingCoordinator] Completed: OrderFlow_UNIUSDT
 [PollingCoordinator] Completed: SymbolList_PriceChanges
 [PollingCoordinator] Executing: SwingDetector_Status_UNIUSDT
 [PollingCoordinator] Completed: SwingDetector_Status_UNIUSDT
 [PollingCoordinator] Executing: SwingDetector_Signals_UNIUSDT
 [IndicatorCache] 💾 swing@UNIUSDT desde memoria
 [UNIUSDT] 🔄 requestRedraw called (candles: 1477)
 [UNIUSDT] 🔄 Redraw executing drawChart...
 [PollingCoordinator] Completed: SwingDetector_Signals_UNIUSDT
 [PollingCoordinator] Executing: OrderFlow_UNIUSDT
 [UNIUSDT] 🔄 requestRedraw called (candles: 1477)
 [UNIUSDT] 🔄 Redraw executing drawChart...
 [PollingCoordinator] Completed: OrderFlow_UNIUSDT
 [PollingCoordinator] Executing: VWAP_UNIUSDT
 ✅ [8:25:41 p. m.] [VWAP] [UNIUSDT] VWAP updated (polling): 1440 points
 [UNIUSDT] 🔄 requestRedraw called (candles: 1477)
 [UNIUSDT] 🔄 Redraw executing drawChart...
 ✅ [8:25:41 p. m.] [VWAP] [UNIUSDT] VWAP requestRedraw() called after polling
 [PollingCoordinator] Completed: VWAP_UNIUSDT
 [PollingCoordinator] Executing: SwingDetector_Signals_UNIUSDT
 [IndicatorCache] 💾 swing@UNIUSDT desde memoria
 [UNIUSDT] 🔄 requestRedraw called (candles: 0)
 [PollingCoordinator] Completed: SwingDetector_Signals_UNIUSDT
 [PollingCoordinator] Executing: OrderFlow_UNIUSDT
 [UNIUSDT] 🔄 requestRedraw called (candles: 1477)
 [UNIUSDT] 🔄 Redraw executing drawChart...
 [PollingCoordinator] Completed: OrderFlow_UNIUSDT
 [PollingCoordinator] Executing: SwingDetector_Status_UNIUSDT
 [PollingCoordinator] Completed: SwingDetector_Status_UNIUSDT
 [PollingCoordinator] Executing: SwingDetector_Signals_UNIUSDT
 [IndicatorCache] 💾 swing@UNIUSDT desde memoria
 [UNIUSDT] 🔄 requestRedraw called (candles: 0)
 [PollingCoordinator] Completed: SwingDetector_Signals_UNIUSDT
 [PollingCoordinator] Executing: SwingDetector_Status_UNIUSDT
 [PollingCoordinator] Completed: SwingDetector_Status_UNIUSDT
 [PollingCoordinator] Executing: OrderFlow_UNIUSDT
 [PollingCoordinator] Executing: SwingDetector_Signals_UNIUSDT
 [IndicatorCache] 💾 swing@UNIUSDT desde memoria
 [UNIUSDT] 🔄 requestRedraw called (candles: 1477)
 [UNIUSDT] 🔄 Redraw executing drawChart...
 ✅ [8:25:49 p. m.] [Manager] [UNIUSDT] renderOverlays: VWAP found, enabled=true, dataMap.size=1440
 [UNIUSDT] 🎨 VWAP renderOverlay EXECUTING: dataMap=1440, visibleCandles=280
 [UNIUSDT] 🔴 VWAP DEBUG RECTANGLE at (30, 45), bounds={x:10,y:25,w:810,h:400}
 [UNIUSDT] 🔴 VWAP viewport: min=4.2200, max=4.2950, hasPriceToY=true
 [UNIUSDT] 🟢 VWAP First point: (11.4, 288.7)
 [UNIUSDT] 🔵 VWAP Last point: (679.7, 249.5)
 [UNIUSDT] 📐 VWAP Visible area: y=25 to y=425
 [UNIUSDT] 🎨 VWAP _drawVWAPLine: matched=232, missed=48 of 280 candles
 [UNIUSDT] 🎨 VWAP sample: vwap=4.2628, Y=278.5, bounds={y:25, height:400}, viewport={min:4.2200, max:4.2950}
 [UNIUSDT] 🔍 Sample candle.timestamp=1769805960000, dataMap first keys=[1769733480000,1769733540000,1769733600000]
 [PollingCoordinator] Completed: SwingDetector_Signals_UNIUSDT
 [UNIUSDT] 🔄 requestRedraw called (candles: 1477)
 [UNIUSDT] 🔄 Redraw executing drawChart...
 [PollingCoordinator] Completed: OrderFlow_UNIUSDT
 [PollingCoordinator] Executing: SwingDetector_Signals_UNIUSDT
 [IndicatorCache] 💾 swing@UNIUSDT desde memoria
 [UNIUSDT] 🔄 requestRedraw called (candles: 1477)
 [UNIUSDT] 🔄 Redraw executing drawChart...
 [PollingCoordinator] Executing: OrderFlow_UNIUSDT
 [UNIUSDT] 🔄 requestRedraw called (candles: 1477)
 [UNIUSDT] 🔄 Redraw executing drawChart...
 [PollingCoordinator] Completed: OrderFlow_UNIUSDT
 [PollingCoordinator] Executing: OrderFlow_UNIUSDT
 [UNIUSDT] 🔄 requestRedraw called (candles: 1477)
 [UNIUSDT] 🔄 Redraw executing drawChart...
 [PollingCoordinator] Completed: OrderFlow_UNIUSDT
 [CandleCache] ✅ UNIUSDT@1 - guardado (1478 velas, memoria: 1/4)
 ✅ [8:26:02 p. m.] [VWAP] [UNIUSDT] VWAP updated (polling): 1440 points
 [UNIUSDT] SwingDetector: 200/200 signals for interval 1 (cached)
 [UNIUSDT] 🔄 requestRedraw called (candles: 1478)
 [UNIUSDT] 🔄 Redraw executing drawChart...
 [PollingCoordinator] Executing: OrderFlow_UNIUSDT
 [UNIUSDT] 🔄 requestRedraw called (candles: 1478)
 [UNIUSDT] 🔄 Redraw executing drawChart...
 [PollingCoordinator] Completed: OrderFlow_UNIUSDT
 [PollingCoordinator] Executing: SwingDetector_Signals_UNIUSDT
 [IndicatorCache] 💾 swing@UNIUSDT desde memoria
 [UNIUSDT] 🔄 requestRedraw called (candles: 1478)
 [UNIUSDT] 🔄 Redraw executing drawChart...
 [PollingCoordinator] Completed: SwingDetector_Signals_UNIUSDT
 [PollingCoordinator] Executing: OrderFlow_UNIUSDT
 [UNIUSDT] 🔄 requestRedraw called (candles: 1478)
 [UNIUSDT] 🔄 Redraw executing drawChart...
 [PollingCoordinator] Completed: OrderFlow_UNIUSDT
 [PollingCoordinator] Executing: SwingDetector_Status_UNIUSDT
 [PollingCoordinator] Completed: SwingDetector_Status_UNIUSDT
 [PollingCoordinator] Executing: SwingDetector_Signals_UNIUSDT
 [IndicatorCache] 💾 swing@UNIUSDT desde memoria
 [UNIUSDT] 🔄 requestRedraw called (candles: 0)
 [PollingCoordinator] Completed: SwingDetector_Signals_UNIUSDT
 [PollingCoordinator] Executing: SwingDetector_Signals_UNIUSDT
 [IndicatorCache] 💾 swing@UNIUSDT desde memoria
 [UNIUSDT] 🔄 requestRedraw called (candles: 0)
 [PollingCoordinator] Completed: SwingDetector_Signals_UNIUSDT
 [PollingCoordinator] Executing: OrderFlow_UNIUSDT
 [UNIUSDT] 🔄 requestRedraw called (candles: 1478)
 [UNIUSDT] 🔄 Redraw executing drawChart...
 [PollingCoordinator] Completed: OrderFlow_UNIUSDT
 [PollingCoordinator] Executing: SwingDetector_Signals_UNIUSDT
 [IndicatorCache] 💾 swing@UNIUSDT desde memoria
 [UNIUSDT] 🔄 requestRedraw called (candles: 1478)
 [UNIUSDT] 🔄 Redraw executing drawChart...
 [PollingCoordinator] Completed: SwingDetector_Signals_UNIUSDT
 [PollingCoordinator] Executing: OrderFlow_UNIUSDT
 [UNIUSDT] 🔄 requestRedraw called (candles: 1478)
 [UNIUSDT] 🔄 Redraw executing drawChart...
 [PollingCoordinator] Completed: OrderFlow_UNIUSDT
 [PollingCoordinator] Executing: SwingDetector_Status_UNIUSDT
 [PollingCoordinator] Completed: SwingDetector_Status_UNIUSDT
 [PollingCoordinator] Executing: SwingDetector_Signals_UNIUSDT
 [IndicatorCache] 💾 swing@UNIUSDT desde memoria
 [UNIUSDT] 🔄 requestRedraw called (candles: 1478)
 [UNIUSDT] 🔄 Redraw executing drawChart...
 [PollingCoordinator] Executing: OrderFlow_UNIUSDT
 [UNIUSDT] 🔄 requestRedraw called (candles: 1478)
 [UNIUSDT] 🔄 Redraw executing drawChart...
 [PollingCoordinator] Completed: OrderFlow_UNIUSDT
 [PollingCoordinator] Executing: OrderFlow_UNIUSDT
 [UNIUSDT] 🔄 requestRedraw called (candles: 1478)
 [UNIUSDT] 🔄 Redraw executing drawChart...
 [PollingCoordinator] Completed: OrderFlow_UNIUSDT
 [PollingCoordinator] Executing: SymbolList_PriceChanges
 [PollingCoordinator] Completed: SymbolList_PriceChanges
 [PollingCoordinator] Executing: SwingDetector_Status_UNIUSDT
 [PollingCoordinator] Completed: SwingDetector_Status_UNIUSDT
 [PollingCoordinator] Executing: OrderFlow_UNIUSDT
 [PollingCoordinator] Executing: SwingDetector_Signals_UNIUSDT
 [IndicatorCache] 💾 swing@UNIUSDT desde memoria
 [UNIUSDT] 🔄 requestRedraw called (candles: 1478)
 [UNIUSDT] 🔄 Redraw executing drawChart...
 [PollingCoordinator] Completed: SwingDetector_Signals_UNIUSDT
 [UNIUSDT] 🔄 requestRedraw called (candles: 1478)
 [UNIUSDT] 🔄 Redraw executing drawChart...
 [PollingCoordinator] Completed: OrderFlow_UNIUSDT
 [PollingCoordinator] Executing: VWAP_UNIUSDT
 ✅ [8:26:41 p. m.] [VWAP] [UNIUSDT] VWAP updated (polling): 1440 points
 [UNIUSDT] 🔄 requestRedraw called (candles: 1478)
 [UNIUSDT] 🔄 Redraw executing drawChart...
 ✅ [8:26:41 p. m.] [VWAP] [UNIUSDT] VWAP requestRedraw() called after polling
 [PollingCoordinator] Completed: VWAP_UNIUSDT
 [PollingCoordinator] Executing: OrderFlow_UNIUSDT
 [UNIUSDT] 🔄 requestRedraw called (candles: 1478)
 [UNIUSDT] 🔄 Redraw executing drawChart...
 [PollingCoordinator] Completed: OrderFlow_UNIUSDT
 [PollingCoordinator] Executing: SwingDetector_Signals_UNIUSDT
 [IndicatorCache] 💾 swing@UNIUSDT desde memoria
 [UNIUSDT] 🔄 requestRedraw called (candles: 0)
 [PollingCoordinator] Completed: SwingDetector_Signals_UNIUSDT
 [PollingCoordinator] Executing: SwingDetector_Status_UNIUSDT
 [PollingCoordinator] Completed: SwingDetector_Status_UNIUSDT
 [PollingCoordinator] Executing: SwingDetector_Signals_UNIUSDT
 [IndicatorCache] 💾 swing@UNIUSDT desde memoria
 [UNIUSDT] 🔄 requestRedraw called (candles: 0)
 [PollingCoordinator] Completed: SwingDetector_Signals_UNIUSDT
 [PollingCoordinator] Executing: OrderFlow_UNIUSDT
 [UNIUSDT] 🔄 requestRedraw called (candles: 1478)
 [UNIUSDT] 🔄 Redraw executing drawChart...
 [PollingCoordinator] Completed: OrderFlow_UNIUSDT
 [PollingCoordinator] Executing: SwingDetector_Status_UNIUSDT
 [PollingCoordinator] Completed: SwingDetector_Status_UNIUSDT
 [PollingCoordinator] Executing: SwingDetector_Signals_UNIUSDT
 [IndicatorCache] 💾 swing@UNIUSDT desde memoria
 [UNIUSDT] 🔄 requestRedraw called (candles: 1478)
 [UNIUSDT] 🔄 Redraw executing drawChart...
 [PollingCoordinator] Completed: SwingDetector_Signals_UNIUSDT
 [PollingCoordinator] Executing: SwingDetector_Signals_UNIUSDT
 [IndicatorCache] 💾 swing@UNIUSDT desde memoria
 [UNIUSDT] 🔄 requestRedraw called (candles: 1478)
 [UNIUSDT] 🔄 Redraw executing drawChart...
 [PollingCoordinator] Executing: OrderFlow_UNIUSDT
 [UNIUSDT] 🔄 requestRedraw called (candles: 1478)
 [UNIUSDT] 🔄 Redraw executing drawChart...
 [PollingCoordinator] Completed: OrderFlow_UNIUSDT
 [PollingCoordinator] Executing: OrderFlow_UNIUSDT
 [UNIUSDT] 🔄 requestRedraw called (candles: 1478)
 [UNIUSDT] 🔄 Redraw executing drawChart...
 [PollingCoordinator] Completed: OrderFlow_UNIUSDT
 [CandleCache] ✅ UNIUSDT@1 - guardado (1479 velas, memoria: 1/4)
 ✅ [8:27:02 p. m.] [VWAP] [UNIUSDT] VWAP updated (polling): 1440 points
 [UNIUSDT] SwingDetector: 200/200 signals for interval 1 (cached)
 [UNIUSDT] 🔄 requestRedraw called (candles: 1479)
 [UNIUSDT] 🔄 Redraw executing drawChart...
 [PollingCoordinator] Executing: OrderFlow_UNIUSDT
 [UNIUSDT] 🔄 requestRedraw called (candles: 1479)
 [UNIUSDT] 🔄 Redraw executing drawChart...
 [PollingCoordinator] Completed: OrderFlow_UNIUSDT
 [PollingCoordinator] Executing: SwingDetector_Signals_UNIUSDT
 [IndicatorCache] 💾 swing@UNIUSDT desde memoria
 [UNIUSDT] 🔄 requestRedraw called (candles: 1479)
 [UNIUSDT] 🔄 Redraw executing drawChart...
 [PollingCoordinator] Completed: SwingDetector_Signals_UNIUSDT
 [PollingCoordinator] Executing: OrderFlow_UNIUSDT
 [UNIUSDT] 🔄 requestRedraw called (candles: 1479)
 [UNIUSDT] 🔄 Redraw executing drawChart...
 [PollingCoordinator] Completed: OrderFlow_UNIUSDT
 [PollingCoordinator] Executing: SwingDetector_Status_UNIUSDT
 [PollingCoordinator] Completed: SwingDetector_Status_UNIUSDT
 [PollingCoordinator] Executing: SwingDetector_Signals_UNIUSDT
 [IndicatorCache] 💾 swing@UNIUSDT desde memoria
 [UNIUSDT] 🔄 requestRedraw called (candles: 0)
 [PollingCoordinator] Completed: SwingDetector_Signals_UNIUSDT
 [PollingCoordinator] Executing: OrderFlow_UNIUSDT
 [UNIUSDT] 🔄 requestRedraw called (candles: 1479)
 [UNIUSDT] 🔄 Redraw executing drawChart...
 [PollingCoordinator] Completed: OrderFlow_UNIUSDT
 [PollingCoordinator] Executing: SwingDetector_Signals_UNIUSDT
 [IndicatorCache] 💾 swing@UNIUSDT desde memoria
 [UNIUSDT] 🔄 requestRedraw called (candles: 0)
 [PollingCoordinator] Completed: SwingDetector_Signals_UNIUSDT
 [PollingCoordinator] Executing: SwingDetector_Signals_UNIUSDT
 [IndicatorCache] 💾 swing@UNIUSDT desde memoria
 [UNIUSDT] 🔄 requestRedraw called (candles: 1479)
 [UNIUSDT] 🔄 Redraw executing drawChart...
 [PollingCoordinator] Completed: SwingDetector_Signals_UNIUSDT
 [PollingCoordinator] Executing: OrderFlow_UNIUSDT
 [UNIUSDT] 🔄 requestRedraw called (candles: 1479)
 [UNIUSDT] 🔄 Redraw executing drawChart...
 [PollingCoordinator] Completed: OrderFlow_UNIUSDT
 [PollingCoordinator] Executing: SwingDetector_Status_UNIUSDT
 [PollingCoordinator] Completed: SwingDetector_Status_UNIUSDT
 [PollingCoordinator] Executing: SwingDetector_Signals_UNIUSDT
 [IndicatorCache] 💾 swing@UNIUSDT desde memoria
 [UNIUSDT] 🔄 requestRedraw called (candles: 1479)
 [UNIUSDT] 🔄 Redraw executing drawChart...
 [PollingCoordinator] Executing: OrderFlow_UNIUSDT
 [UNIUSDT] 🔄 requestRedraw called (candles: 1479)
 [UNIUSDT] 🔄 Redraw executing drawChart...
 [PollingCoordinator] Completed: OrderFlow_UNIUSDT
 [PollingCoordinator] Executing: OrderFlow_UNIUSDT
 [UNIUSDT] 🔄 requestRedraw called (candles: 1479)
 [UNIUSDT] 🔄 Redraw executing drawChart...
 [PollingCoordinator] Completed: OrderFlow_UNIUSDT
 [PollingCoordinator] Executing: OrderFlow_UNIUSDT
 [UNIUSDT] 🔄 requestRedraw called (candles: 1479)
 [UNIUSDT] 🔄 Redraw executing drawChart...
 [PollingCoordinator] Completed: OrderFlow_UNIUSDT
 [PollingCoordinator] Executing: SymbolList_PriceChanges
 [PollingCoordinator] Executing: SwingDetector_Status_UNIUSDT
 [PollingCoordinator] Completed: SwingDetector_Status_UNIUSDT
 [PollingCoordinator] Executing: SwingDetector_Signals_UNIUSDT
 [IndicatorCache] 💾 swing@UNIUSDT desde memoria
 [UNIUSDT] 🔄 requestRedraw called (candles: 1479)
 [UNIUSDT] 🔄 Redraw executing drawChart...
 [PollingCoordinator] Completed: SwingDetector_Signals_UNIUSDT
 [PollingCoordinator] Completed: SymbolList_PriceChanges
 [PollingCoordinator] Executing: OrderFlow_UNIUSDT
 [UNIUSDT] 🔄 requestRedraw called (candles: 1479)
 [UNIUSDT] 🔄 Redraw executing drawChart...
 [UNIUSDT] 🎨 Calling renderOverlays AFTER OrderFlow (frame 1621)
 [UNIUSDT] 🎨 Fresh priceContext: minPrice=4.2200, maxPrice=4.2950, verticalOffset=82
 [PollingCoordinator] Completed: OrderFlow_UNIUSDT
 [PollingCoordinator] Executing: VWAP_UNIUSDT
 ✅ [8:27:41 p. m.] [VWAP] [UNIUSDT] VWAP updated (polling): 1440 points
 [UNIUSDT] 🔄 requestRedraw called (candles: 1479)
 [UNIUSDT] 🔄 Redraw executing drawChart...
 ✅ [8:27:41 p. m.] [VWAP] [UNIUSDT] VWAP requestRedraw() called after polling
 [PollingCoordinator] Completed: VWAP_UNIUSDT
 [PollingCoordinator] Executing: SwingDetector_Signals_UNIUSDT
 [IndicatorCache] 💾 swing@UNIUSDT desde memoria
 [UNIUSDT] 🔄 requestRedraw called (candles: 0)
 [PollingCoordinator] Completed: SwingDetector_Signals_UNIUSDT
 [PollingCoordinator] Executing: SwingDetector_Status_UNIUSDT
 [PollingCoordinator] Completed: SwingDetector_Status_UNIUSDT
 [PollingCoordinator] Executing: SwingDetector_Signals_UNIUSDT
 [IndicatorCache] 💾 swing@UNIUSDT desde memoria
 [UNIUSDT] 🔄 requestRedraw called (candles: 0)
 [PollingCoordinator] Completed: SwingDetector_Signals_UNIUSDT
 [PollingCoordinator] Executing: OrderFlow_UNIUSDT
 [UNIUSDT] 🔄 requestRedraw called (candles: 1479)
 [UNIUSDT] 🔄 Redraw executing drawChart...
 [PollingCoordinator] Completed: OrderFlow_UNIUSDT
 [PollingCoordinator] Executing: SwingDetector_Status_UNIUSDT
 [PollingCoordinator] Completed: SwingDetector_Status_UNIUSDT
 [PollingCoordinator] Executing: SwingDetector_Signals_UNIUSDT
 [IndicatorCache] 💾 swing@UNIUSDT desde memoria
 [UNIUSDT] 🔄 requestRedraw called (candles: 1479)
 [UNIUSDT] 🔄 Redraw executing drawChart...
 [PollingCoordinator] Completed: SwingDetector_Signals_UNIUSDT
 [PollingCoordinator] Executing: OrderFlow_UNIUSDT
 [UNIUSDT] 🔄 requestRedraw called (candles: 1479)
 [UNIUSDT] 🔄 Redraw executing drawChart...
 [PollingCoordinator] Completed: OrderFlow_UNIUSDT
 [PollingCoordinator] Executing: SwingDetector_Signals_UNIUSDT
 [IndicatorCache] 💾 swing@UNIUSDT desde memoria
 [UNIUSDT] 🔄 requestRedraw called (candles: 1479)
 [UNIUSDT] 🔄 Redraw executing drawChart...
 [PollingCoordinator] Executing: OrderFlow_UNIUSDT
 [UNIUSDT] 🔄 requestRedraw called (candles: 1479)
 [UNIUSDT] 🔄 Redraw executing drawChart...
 [PollingCoordinator] Completed: OrderFlow_UNIUSDT
 [PollingCoordinator] Executing: OrderFlow_UNIUSDT
 [UNIUSDT] 🔄 requestRedraw called (candles: 1479)
 [UNIUSDT] 🔄 Redraw executing drawChart...
 [PollingCoordinator] Completed: OrderFlow_UNIUSDT
 [CandleCache] ✅ UNIUSDT@1 - guardado (1480 velas, memoria: 1/4)
 [UNIUSDT] SwingDetector: 200/200 signals for interval 1 (cached)
 ✅ [8:28:03 p. m.] [VWAP] [UNIUSDT] VWAP updated (polling): 1440 points
 [UNIUSDT] 🔄 requestRedraw called (candles: 1480)
 [UNIUSDT] 🔄 Redraw executing drawChart...
 [PollingCoordinator] Executing: OrderFlow_UNIUSDT
 [UNIUSDT] 🔄 requestRedraw called (candles: 1480)
 [UNIUSDT] 🔄 Redraw executing drawChart...
 [PollingCoordinator] Completed: OrderFlow_UNIUSDT
 [PollingCoordinator] Executing: SwingDetector_Signals_UNIUSDT
 [IndicatorCache] 💾 swing@UNIUSDT desde memoria
 [UNIUSDT] 🔄 requestRedraw called (candles: 1480)
 [UNIUSDT] 🔄 Redraw executing drawChart...
 [PollingCoordinator] Completed: SwingDetector_Signals_UNIUSDT
 [PollingCoordinator] Executing: OrderFlow_UNIUSDT
 [UNIUSDT] 🔄 requestRedraw called (candles: 1480)
 [UNIUSDT] 🔄 Redraw executing drawChart...
 [PollingCoordinator] Completed: OrderFlow_UNIUSDT
 [PollingCoordinator] Executing: SwingDetector_Status_UNIUSDT
 [PollingCoordinator] Completed: SwingDetector_Status_UNIUSDT
 [PollingCoordinator] Executing: SwingDetector_Signals_UNIUSDT
 [IndicatorCache] 💾 swing@UNIUSDT desde memoria
 [UNIUSDT] 🔄 requestRedraw called (candles: 0)
 [PollingCoordinator] Completed: SwingDetector_Signals_UNIUSDT
 [PollingCoordinator] Executing: SwingDetector_Signals_UNIUSDT
 [IndicatorCache] 💾 swing@UNIUSDT desde memoria
 [UNIUSDT] 🔄 requestRedraw called (candles: 0)
 [PollingCoordinator] Completed: SwingDetector_Signals_UNIUSDT
 [PollingCoordinator] Executing: OrderFlow_UNIUSDT
 [UNIUSDT] 🔄 requestRedraw called (candles: 1480)
 [UNIUSDT] 🔄 Redraw executing drawChart...
 [PollingCoordinator] Completed: OrderFlow_UNIUSDT
 [PollingCoordinator] Executing: SwingDetector_Signals_UNIUSDT
 [IndicatorCache] 💾 swing@UNIUSDT desde memoria
 [UNIUSDT] 🔄 requestRedraw called (candles: 1480)
 [UNIUSDT] 🔄 Redraw executing drawChart...
 [PollingCoordinator] Completed: SwingDetector_Signals_UNIUSDT
 [PollingCoordinator] Executing: SwingDetector_Status_UNIUSDT
 [PollingCoordinator] Completed: SwingDetector_Status_UNIUSDT
 [PollingCoordinator] Executing: SwingDetector_Signals_UNIUSDT
 [IndicatorCache] 💾 swing@UNIUSDT desde memoria
 [UNIUSDT] 🔄 requestRedraw called (candles: 1480)
 [UNIUSDT] 🔄 Redraw executing drawChart...
 [PollingCoordinator] Executing: OrderFlow_UNIUSDT
 [UNIUSDT] 🔄 requestRedraw called (candles: 1480)
 [UNIUSDT] 🔄 Redraw executing drawChart...
 [PollingCoordinator] Completed: OrderFlow_UNIUSDT
 [PollingCoordinator] Executing: OrderFlow_UNIUSDT
 [UNIUSDT] 🔄 requestRedraw called (candles: 1480)
 [UNIUSDT] 🔄 Redraw executing drawChart...
 [PollingCoordinator] Completed: OrderFlow_UNIUSDT
 [CandleCache] 💾 UNIUSDT@1 - desde memoria (1480 velas)
 [CandleCache] OK VALIDATION UNIUSDT@1: 1480 velas sin gaps
 [CandleCache] UNIUSDT@1 - Cache valido: 1480 velas, sin gaps significativos
 [UNIUSDT] Carga INCREMENTAL: desde 30/1/2026, 8:27:00 p.m. (1480 velas en cache)
 [CandleCache] OK CACHE-ANTES-MERGE UNIUSDT: 1480 velas sin gaps
 [CandleCache] 🔄 Merge: 1480 cached + 1 new = 1480 total
 [UNIUSDT] Incremental: +1 velas nuevas = 1480 total
 [CandleCache] OK MERGED UNIUSDT: 1480 velas sin gaps
 [UNIUSDT] ✅ Histórico final: 1480 velas
 [CandleCache] ✅ UNIUSDT@1 - guardado (1480 velas, memoria: 1/4)
 [PollingCoordinator] Executing: OrderFlow_UNIUSDT
 [PollingCoordinator] Executing: SwingDetector_Status_UNIUSDT
 [PollingCoordinator] Completed: SwingDetector_Status_UNIUSDT
 [PollingCoordinator] Executing: SwingDetector_Signals_UNIUSDT
 [IndicatorCache] 💾 swing@UNIUSDT desde memoria
 [UNIUSDT] 🔄 requestRedraw called (candles: 1480)
 [UNIUSDT] 🔄 Redraw executing drawChart...
 [PollingCoordinator] Completed: SwingDetector_Signals_UNIUSDT
 [PollingCoordinator] Executing: SymbolList_PriceChanges
 [UNIUSDT] 🔄 requestRedraw called (candles: 1480)
 [UNIUSDT] 🔄 Redraw executing drawChart...
 [PollingCoordinator] Completed: OrderFlow_UNIUSDT
 [PollingCoordinator] Executing: VWAP_UNIUSDT
 ✅ [8:28:41 p. m.] [VWAP] [UNIUSDT] VWAP updated (polling): 1440 points
 [UNIUSDT] 🔄 requestRedraw called (candles: 1480)
 [UNIUSDT] 🔄 Redraw executing drawChart...
 ✅ [8:28:41 p. m.] [VWAP] [UNIUSDT] VWAP requestRedraw() called after polling
 [PollingCoordinator] Completed: VWAP_UNIUSDT
 [PollingCoordinator] Completed: SymbolList_PriceChanges
 [PollingCoordinator] Executing: SwingDetector_Signals_UNIUSDT
 [IndicatorCache] 💾 swing@UNIUSDT desde memoria
 [UNIUSDT] 🔄 requestRedraw called (candles: 0)
 [PollingCoordinator] Completed: SwingDetector_Signals_UNIUSDT
 [UNIUSDT] SwingDetector initialized with 1 days
 [IndicatorCache] 💾 swing@UNIUSDT desde memoria
 [UNIUSDT] 🔄 requestRedraw called (candles: 1480)
 [UNIUSDT] 🔄 Redraw executing drawChart...
 ✅ [8:28:44 p. m.] [Manager] [UNIUSDT] 🚀 startAllPolling() llamado - 3 indicadores
 ✅ [8:28:44 p. m.] [Manager] [UNIUSDT] -> Llamando startPollingIfReady() para VWAP
 ✅ [8:28:44 p. m.] [VWAP] [UNIUSDT] VWAP startPollingIfReady: pollingId=true, enabled=true, destroyed=false
 ✅ [8:28:44 p. m.] [Manager] [UNIUSDT] -> Llamando startPollingIfReady() para Swing Detector
 [UNIUSDT] SwingDetector startPollingIfReady: pollingId=true, enabled=true, config.enabled=true
 ✅ [8:28:44 p. m.] [Manager] [UNIUSDT] -> Llamando startPollingIfReady() para Order Flow
 ✅ [8:28:44 p. m.] [Manager] [UNIUSDT] 🚀 Polling iniciado para todos los indicadores
 [PollingCoordinator] Executing: SwingDetector_Status_UNIUSDT
 [PollingCoordinator] Completed: SwingDetector_Status_UNIUSDT
 [PollingCoordinator] Executing: OrderFlow_UNIUSDT
 [PollingCoordinator] Executing: SwingDetector_Signals_UNIUSDT
 [IndicatorCache] 💾 swing@UNIUSDT desde memoria
 [UNIUSDT] 🔄 requestRedraw called (candles: 0)
 [PollingCoordinator] Completed: SwingDetector_Signals_UNIUSDT
 [UNIUSDT] 🔄 requestRedraw called (candles: 1480)
 [UNIUSDT] 🔄 Redraw executing drawChart...
 [PollingCoordinator] Completed: OrderFlow_UNIUSDT
 [PollingCoordinator] Executing: SwingDetector_Status_UNIUSDT
 [PollingCoordinator] Completed: SwingDetector_Status_UNIUSDT
 [PollingCoordinator] Executing: SwingDetector_Signals_UNIUSDT
 [IndicatorCache] 💾 swing@UNIUSDT desde memoria
 [UNIUSDT] 🔄 requestRedraw called (candles: 1480)
 [UNIUSDT] 🔄 Redraw executing drawChart...
 [PollingCoordinator] Completed: SwingDetector_Signals_UNIUSDT
 [PollingCoordinator] Executing: OrderFlow_UNIUSDT
 [UNIUSDT] 🔄 requestRedraw called (candles: 1480)
 [UNIUSDT] 🔄 Redraw executing drawChart...
 [PollingCoordinator] Completed: OrderFlow_UNIUSDT
 [PollingCoordinator] Executing: SwingDetector_Signals_UNIUSDT
 [IndicatorCache] 💾 swing@UNIUSDT desde memoria
 [UNIUSDT] 🔄 requestRedraw called (candles: 1480)
 [UNIUSDT] 🔄 Redraw executing drawChart...
 [PollingCoordinator] Executing: OrderFlow_UNIUSDT
 [UNIUSDT] 🔄 requestRedraw called (candles: 1480)
 [UNIUSDT] 🔄 Redraw executing drawChart...
 [PollingCoordinator] Completed: OrderFlow_UNIUSDT
 [PollingCoordinator] Executing: OrderFlow_UNIUSDT
 [UNIUSDT] 🔄 requestRedraw called (candles: 1480)
 [UNIUSDT] 🔄 Redraw executing drawChart...
 [PollingCoordinator] Completed: OrderFlow_UNIUSDT
 [CandleCache] ✅ UNIUSDT@1 - guardado (1481 velas, memoria: 1/4)
 ✅ [8:29:02 p. m.] [VWAP] [UNIUSDT] VWAP updated (polling): 1440 points
 [UNIUSDT] SwingDetector: 199/199 signals for interval 1 (cached)
 [UNIUSDT] 🔄 requestRedraw called (candles: 1481)
 [UNIUSDT] 🔄 Redraw executing drawChart...
 [PollingCoordinator] Executing: OrderFlow_UNIUSDT
 [UNIUSDT] 🔄 requestRedraw called (candles: 1481)
 [UNIUSDT] 🔄 Redraw executing drawChart...
 [PollingCoordinator] Completed: OrderFlow_UNIUSDT
 [PollingCoordinator] Executing: SwingDetector_Signals_UNIUSDT
 [IndicatorCache] 💾 swing@UNIUSDT desde memoria
 [UNIUSDT] 🔄 requestRedraw called (candles: 1481)
 [UNIUSDT] 🔄 Redraw executing drawChart...
 [PollingCoordinator] Completed: SwingDetector_Signals_UNIUSDT
 [PollingCoordinator] Executing: OrderFlow_UNIUSDT
 [UNIUSDT] 🔄 requestRedraw called (candles: 1481)
 [UNIUSDT] 🔄 Redraw executing drawChart...
 ✅ [8:29:12 p. m.] [Manager] [UNIUSDT] renderOverlays: VWAP found, enabled=true, dataMap.size=1440
 [UNIUSDT] 🎨 VWAP renderOverlay EXECUTING: dataMap=1440, visibleCandles=280
 [UNIUSDT] 🔴 VWAP DEBUG RECTANGLE at (30, 45), bounds={x:10,y:25,w:810,h:400}
 [UNIUSDT] 🔴 VWAP viewport: min=4.2200, max=4.2950, hasPriceToY=true
 [UNIUSDT] 🟢 VWAP First point: (11.4, 291.3)
 [UNIUSDT] 🔵 VWAP Last point: (668.1, 249.5)
 [UNIUSDT] 📐 VWAP Visible area: y=25 to y=425
 [UNIUSDT] 🎨 VWAP _drawVWAPLine: matched=228, missed=52 of 280 candles
 [UNIUSDT] 🎨 VWAP sample: vwap=4.2625, Y=280.2, bounds={y:25, height:400}, viewport={min:4.2200, max:4.2950}
 [UNIUSDT] 🔍 Sample candle.timestamp=1769806200000, dataMap first keys=[1769733480000,1769733540000,1769733600000]
 [PollingCoordinator] Completed: OrderFlow_UNIUSDT
 [PollingCoordinator] Executing: SwingDetector_Status_UNIUSDT
 [PollingCoordinator] Completed: SwingDetector_Status_UNIUSDT
 [PollingCoordinator] Executing: SwingDetector_Signals_UNIUSDT
 [IndicatorCache] 💾 swing@UNIUSDT desde memoria
 [UNIUSDT] 🔄 requestRedraw called (candles: 0)
 [PollingCoordinator] Completed: SwingDetector_Signals_UNIUSDT
 [PollingCoordinator] Executing: SwingDetector_Signals_UNIUSDT
 [IndicatorCache] 💾 swing@UNIUSDT desde memoria
 [UNIUSDT] 🔄 requestRedraw called (candles: 0)
 [PollingCoordinator] Completed: SwingDetector_Signals_UNIUSDT
 [PollingCoordinator] Executing: OrderFlow_UNIUSDT
 [UNIUSDT] 🔄 requestRedraw called (candles: 1481)
 [UNIUSDT] 🔄 Redraw executing drawChart...
 [PollingCoordinator] Completed: OrderFlow_UNIUSDT
 [PollingCoordinator] Executing: SwingDetector_Signals_UNIUSDT
 [IndicatorCache] 💾 swing@UNIUSDT desde memoria
 [UNIUSDT] 🔄 requestRedraw called (candles: 1481)
 [UNIUSDT] 🔄 Redraw executing drawChart...
 [PollingCoordinator] Completed: SwingDetector_Signals_UNIUSDT
 [PollingCoordinator] Executing: SwingDetector_Status_UNIUSDT
 [PollingCoordinator] Completed: SwingDetector_Status_UNIUSDT
 [PollingCoordinator] Executing: OrderFlow_UNIUSDT
 [PollingCoordinator] Executing: SwingDetector_Signals_UNIUSDT
 [IndicatorCache] 💾 swing@UNIUSDT desde memoria
 [UNIUSDT] 🔄 requestRedraw called (candles: 1481)
 [UNIUSDT] 🔄 Redraw executing drawChart...
 [UNIUSDT] 🔄 requestRedraw called (candles: 1481)
 [UNIUSDT] 🔄 Redraw executing drawChart...
 [PollingCoordinator] Completed: OrderFlow_UNIUSDT
 [PollingCoordinator] Executing: OrderFlow_UNIUSDT
 [UNIUSDT] 🔄 requestRedraw called (candles: 1481)
 [UNIUSDT] 🔄 Redraw executing drawChart...
 [PollingCoordinator] Completed: OrderFlow_UNIUSDT
 [PollingCoordinator] Executing: OrderFlow_UNIUSDT
 [UNIUSDT] 🔄 requestRedraw called (candles: 1481)
 [UNIUSDT] 🔄 Redraw executing drawChart...
 [PollingCoordinator] Completed: OrderFlow_UNIUSDT
 [PollingCoordinator] Executing: SwingDetector_Status_UNIUSDT
 [PollingCoordinator] Completed: SwingDetector_Status_UNIUSDT
 [PollingCoordinator] Executing: SwingDetector_Signals_UNIUSDT
 [IndicatorCache] 💾 swing@UNIUSDT desde memoria
 [UNIUSDT] 🔄 requestRedraw called (candles: 1481)
 [UNIUSDT] 🔄 Redraw executing drawChart...
 [PollingCoordinator] Completed: SwingDetector_Signals_UNIUSDT
 [PollingCoordinator] Executing: OrderFlow_UNIUSDT
 [UNIUSDT] 🔄 requestRedraw called (candles: 1481)
 [UNIUSDT] 🔄 Redraw executing drawChart...
 [PollingCoordinator] Completed: OrderFlow_UNIUSDT
 [PollingCoordinator] Executing: VWAP_UNIUSDT
 ✅ [8:29:41 p. m.] [VWAP] [UNIUSDT] VWAP updated (polling): 1440 points
 [UNIUSDT] 🔄 requestRedraw called (candles: 1481)
 [UNIUSDT] 🔄 Redraw executing drawChart...
 ✅ [8:29:41 p. m.] [VWAP] [UNIUSDT] VWAP requestRedraw() called after polling
 [PollingCoordinator] Completed: VWAP_UNIUSDT
 [PollingCoordinator] Executing: SymbolList_PriceChanges
 [PollingCoordinator] Completed: SymbolList_PriceChanges
 [PollingCoordinator] Executing: SwingDetector_Signals_UNIUSDT
 [IndicatorCache] 💾 swing@UNIUSDT desde memoria
 [UNIUSDT] 🔄 requestRedraw called (candles: 0)
 [PollingCoordinator] Completed: SwingDetector_Signals_UNIUSDT
 [PollingCoordinator] Executing: OrderFlow_UNIUSDT
 [UNIUSDT] 🔄 requestRedraw called (candles: 1481)
 [UNIUSDT] 🔄 Redraw executing drawChart...
 [PollingCoordinator] Completed: OrderFlow_UNIUSDT
 [PollingCoordinator] Executing: SwingDetector_Status_UNIUSDT
 [PollingCoordinator] Completed: SwingDetector_Status_UNIUSDT
 [PollingCoordinator] Executing: SwingDetector_Signals_UNIUSDT
 [IndicatorCache] 💾 swing@UNIUSDT desde memoria
 [UNIUSDT] 🔄 requestRedraw called (candles: 0)
 [PollingCoordinator] Completed: SwingDetector_Signals_UNIUSDT
 [PollingCoordinator] Executing: OrderFlow_UNIUSDT
 [UNIUSDT] 🔄 requestRedraw called (candles: 1481)
 [UNIUSDT] 🔄 Redraw executing drawChart...
 [PollingCoordinator] Completed: OrderFlow_UNIUSDT
 [PollingCoordinator] Executing: SwingDetector_Status_UNIUSDT
 [PollingCoordinator] Completed: SwingDetector_Status_UNIUSDT
 [PollingCoordinator] Executing: SwingDetector_Signals_UNIUSDT
 [IndicatorCache] 💾 swing@UNIUSDT desde memoria
 [UNIUSDT] 🔄 requestRedraw called (candles: 1481)
 [UNIUSDT] 🔄 Redraw executing drawChart...
 [PollingCoordinator] Completed: SwingDetector_Signals_UNIUSDT
 [PollingCoordinator] Executing: SwingDetector_Signals_UNIUSDT
 [IndicatorCache] 💾 swing@UNIUSDT desde memoria
 [UNIUSDT] 🔄 requestRedraw called (candles: 1481)
 [UNIUSDT] 🔄 Redraw executing drawChart...
 [PollingCoordinator] Executing: OrderFlow_UNIUSDT
 [UNIUSDT] 🔄 requestRedraw called (candles: 1481)
 [UNIUSDT] 🔄 Redraw executing drawChart...
 [PollingCoordinator] Completed: OrderFlow_UNIUSDT
 [PollingCoordinator] Executing: OrderFlow_UNIUSDT
 [UNIUSDT] 🔄 requestRedraw called (candles: 1481)
 [UNIUSDT] 🔄 Redraw executing drawChart...
 [PollingCoordinator] Completed: OrderFlow_UNIUSDT
 [CandleCache] ✅ UNIUSDT@1 - guardado (1482 velas, memoria: 1/4)
 [UNIUSDT] SwingDetector: 200/200 signals for interval 1 (cached)
 ✅ [8:30:04 p. m.] [VWAP] [UNIUSDT] VWAP updated (polling): 1440 points
 [UNIUSDT] 🔄 requestRedraw called (candles: 1482)
 [UNIUSDT] 🔄 Redraw executing drawChart...
 [PollingCoordinator] Executing: OrderFlow_UNIUSDT
 [UNIUSDT] 🔄 requestRedraw called (candles: 1482)
 [UNIUSDT] 🔄 Redraw executing drawChart...
 [PollingCoordinator] Completed: OrderFlow_UNIUSDT
 [PollingCoordinator] Executing: SwingDetector_Signals_UNIUSDT
 [IndicatorCache] 💾 swing@UNIUSDT desde memoria
 [UNIUSDT] 🔄 requestRedraw called (candles: 1482)
 [UNIUSDT] 🔄 Redraw executing drawChart...
 [PollingCoordinator] Completed: SwingDetector_Signals_UNIUSDT
 [PollingCoordinator] Executing: OrderFlow_UNIUSDT
 [UNIUSDT] 🔄 requestRedraw called (candles: 1482)
 [UNIUSDT] 🔄 Redraw executing drawChart...
 [PollingCoordinator] Completed: OrderFlow_UNIUSDT
 [PollingCoordinator] Executing: SwingDetector_Status_UNIUSDT
 [PollingCoordinator] Completed: SwingDetector_Status_UNIUSDT
 [PollingCoordinator] Executing: SwingDetector_Signals_UNIUSDT
 [IndicatorCache] 💾 swing@UNIUSDT desde memoria
 [UNIUSDT] 🔄 requestRedraw called (candles: 0)
 [PollingCoordinator] Completed: SwingDetector_Signals_UNIUSDT
 [PollingCoordinator] Executing: SwingDetector_Signals_UNIUSDT
 [IndicatorCache] 💾 swing@UNIUSDT desde memoria
 [UNIUSDT] 🔄 requestRedraw called (candles: 0)
 [PollingCoordinator] Completed: SwingDetector_Signals_UNIUSDT
 [PollingCoordinator] Executing: OrderFlow_UNIUSDT
 [UNIUSDT] 🔄 requestRedraw called (candles: 1482)
 [UNIUSDT] 🔄 Redraw executing drawChart...
 [PollingCoordinator] Completed: OrderFlow_UNIUSDT
 [PollingCoordinator] Executing: SwingDetector_Signals_UNIUSDT
 [IndicatorCache] 💾 swing@UNIUSDT desde memoria
 [UNIUSDT] 🔄 requestRedraw called (candles: 1482)
 [UNIUSDT] 🔄 Redraw executing drawChart...
 [PollingCoordinator] Completed: SwingDetector_Signals_UNIUSDT
 [PollingCoordinator] Executing: OrderFlow_UNIUSDT
 [UNIUSDT] 🔄 requestRedraw called (candles: 1482)
 [UNIUSDT] 🔄 Redraw executing drawChart...
 [PollingCoordinator] Completed: OrderFlow_UNIUSDT
 [PollingCoordinator] Executing: SwingDetector_Status_UNIUSDT
 [PollingCoordinator] Completed: SwingDetector_Status_UNIUSDT
 [PollingCoordinator] Executing: SwingDetector_Signals_UNIUSDT
 [IndicatorCache] 💾 swing@UNIUSDT desde memoria
 [UNIUSDT] 🔄 requestRedraw called (candles: 1482)
 [UNIUSDT] 🔄 Redraw executing drawChart...
 [PollingCoordinator] Executing: OrderFlow_UNIUSDT
 [UNIUSDT] 🔄 requestRedraw called (candles: 1482)
 [UNIUSDT] 🔄 Redraw executing drawChart...
 [PollingCoordinator] Completed: OrderFlow_UNIUSDT
 [PollingCoordinator] Executing: OrderFlow_UNIUSDT
 [UNIUSDT] 🔄 requestRedraw called (candles: 1482)
 [UNIUSDT] 🔄 Redraw executing drawChart...
 [PollingCoordinator] Completed: OrderFlow_UNIUSDT
 [PollingCoordinator] Executing: OrderFlow_UNIUSDT
 [UNIUSDT] 🔄 requestRedraw called (candles: 1482)
 [UNIUSDT] 🔄 Redraw executing drawChart...
 [PollingCoordinator] Completed: OrderFlow_UNIUSDT
 [PollingCoordinator] Executing: SwingDetector_Status_UNIUSDT
 [PollingCoordinator] Completed: SwingDetector_Status_UNIUSDT
 [PollingCoordinator] Executing: SwingDetector_Signals_UNIUSDT
 [IndicatorCache] 💾 swing@UNIUSDT desde memoria
 [UNIUSDT] 🔄 requestRedraw called (candles: 1482)
 [UNIUSDT] 🔄 Redraw executing drawChart...
 [PollingCoordinator] Completed: SwingDetector_Signals_UNIUSDT
 [PollingCoordinator] Executing: VWAP_UNIUSDT
 ✅ [8:30:42 p. m.] [VWAP] [UNIUSDT] VWAP updated (polling): 1440 points
 [UNIUSDT] 🔄 requestRedraw called (candles: 1482)
 [UNIUSDT] 🔄 Redraw executing drawChart...
 ✅ [8:30:42 p. m.] [VWAP] [UNIUSDT] VWAP requestRedraw() called after polling
 [PollingCoordinator] Completed: VWAP_UNIUSDT
 [PollingCoordinator] Executing: OrderFlow_UNIUSDT
 [UNIUSDT] 🔄 requestRedraw called (candles: 1482)
 [UNIUSDT] 🔄 Redraw executing drawChart...
 [PollingCoordinator] Completed: OrderFlow_UNIUSDT
 [PollingCoordinator] Executing: SymbolList_PriceChanges
 [PollingCoordinator] Completed: SymbolList_PriceChanges
 [PollingCoordinator] Executing: SwingDetector_Signals_UNIUSDT
 [IndicatorCache] 💾 swing@UNIUSDT desde memoria
 [UNIUSDT] 🔄 requestRedraw called (candles: 0)
 [PollingCoordinator] Completed: SwingDetector_Signals_UNIUSDT
 [PollingCoordinator] Executing: SwingDetector_Status_UNIUSDT
 [PollingCoordinator] Completed: SwingDetector_Status_UNIUSDT
 [PollingCoordinator] Executing: SwingDetector_Signals_UNIUSDT
 [IndicatorCache] 💾 swing@UNIUSDT desde memoria
 [UNIUSDT] 🔄 requestRedraw called (candles: 0)
 [PollingCoordinator] Completed: SwingDetector_Signals_UNIUSDT
 [PollingCoordinator] Executing: OrderFlow_UNIUSDT
 [UNIUSDT] 🔄 requestRedraw called (candles: 1482)
 [UNIUSDT] 🔄 Redraw executing drawChart...
 [PollingCoordinator] Completed: OrderFlow_UNIUSDT
 [PollingCoordinator] Executing: SwingDetector_Status_UNIUSDT
 [PollingCoordinator] Completed: SwingDetector_Status_UNIUSDT
 [PollingCoordinator] Executing: SwingDetector_Signals_UNIUSDT
 [IndicatorCache] 💾 swing@UNIUSDT desde memoria
 [UNIUSDT] 🔄 requestRedraw called (candles: 1482)
 [UNIUSDT] 🔄 Redraw executing drawChart...
 [PollingCoordinator] Completed: SwingDetector_Signals_UNIUSDT
 [PollingCoordinator] Executing: OrderFlow_UNIUSDT
 [UNIUSDT] 🔄 requestRedraw called (candles: 1482)
 [UNIUSDT] 🔄 Redraw executing drawChart...
 [PollingCoordinator] Completed: OrderFlow_UNIUSDT
 [PollingCoordinator] Executing: SwingDetector_Signals_UNIUSDT
 [IndicatorCache] 💾 swing@UNIUSDT desde memoria
 [UNIUSDT] 🔄 requestRedraw called (candles: 1482)
 [UNIUSDT] 🔄 Redraw executing drawChart...
 [PollingCoordinator] Executing: OrderFlow_UNIUSDT
 [UNIUSDT] 🔄 requestRedraw called (candles: 1482)
 [UNIUSDT] 🔄 Redraw executing drawChart...
 [PollingCoordinator] Completed: OrderFlow_UNIUSDT
 [CandleCache] ✅ UNIUSDT@1 - guardado (1483 velas, memoria: 1/4)
 [PollingCoordinator] Executing: OrderFlow_UNIUSDT
 [UNIUSDT] 🔄 requestRedraw called (candles: 1483)
 [UNIUSDT] 🔄 Redraw executing drawChart...
 [PollingCoordinator] Completed: OrderFlow_UNIUSDT
 [UNIUSDT] SwingDetector: 200/200 signals for interval 1 (cached)
 ✅ [8:31:04 p. m.] [VWAP] [UNIUSDT] VWAP updated (polling): 1440 points
 [UNIUSDT] 🔄 requestRedraw called (candles: 1483)
 [UNIUSDT] 🔄 Redraw executing drawChart...
 [UNIUSDT] 🎨 Calling renderOverlays AFTER OrderFlow (frame 1681)
 [UNIUSDT] 🎨 Fresh priceContext: minPrice=4.2200, maxPrice=4.2950, verticalOffset=82
 [PollingCoordinator] Executing: SwingDetector_Signals_UNIUSDT
 [IndicatorCache] 💾 swing@UNIUSDT desde memoria
 [UNIUSDT] 🔄 requestRedraw called (candles: 1483)
 [UNIUSDT] 🔄 Redraw executing drawChart...
 [PollingCoordinator] Completed: SwingDetector_Signals_UNIUSDT
 [PollingCoordinator] Executing: OrderFlow_UNIUSDT
 [UNIUSDT] 🔄 requestRedraw called (candles: 1483)
 [UNIUSDT] 🔄 Redraw executing drawChart...
 [PollingCoordinator] Completed: OrderFlow_UNIUSDT
 [PollingCoordinator] Executing: SwingDetector_Status_UNIUSDT
 [PollingCoordinator] Completed: SwingDetector_Status_UNIUSDT
 [PollingCoordinator] Executing: SwingDetector_Signals_UNIUSDT
 [IndicatorCache] 💾 swing@UNIUSDT desde memoria
 [UNIUSDT] 🔄 requestRedraw called (candles: 0)
 [PollingCoordinator] Completed: SwingDetector_Signals_UNIUSDT
 [PollingCoordinator] Executing: OrderFlow_UNIUSDT
 [UNIUSDT] 🔄 requestRedraw called (candles: 1483)
 [UNIUSDT] 🔄 Redraw executing drawChart...
 [PollingCoordinator] Completed: OrderFlow_UNIUSDT
 [PollingCoordinator] Executing: SwingDetector_Signals_UNIUSDT
 [IndicatorCache] 💾 swing@UNIUSDT desde memoria
 [UNIUSDT] 🔄 requestRedraw called (candles: 0)
 [PollingCoordinator] Completed: SwingDetector_Signals_UNIUSDT
 [PollingCoordinator] Executing: OrderFlow_UNIUSDT
 [UNIUSDT] 🔄 requestRedraw called (candles: 1483)
 [UNIUSDT] 🔄 Redraw executing drawChart...
 [PollingCoordinator] Completed: OrderFlow_UNIUSDT
 [PollingCoordinator] Executing: SwingDetector_Signals_UNIUSDT
 [IndicatorCache] 💾 swing@UNIUSDT desde memoria
 [UNIUSDT] 🔄 requestRedraw called (candles: 1483)
 [UNIUSDT] 🔄 Redraw executing drawChart...
 [PollingCoordinator] Completed: SwingDetector_Signals_UNIUSDT
 [PollingCoordinator] Executing: SwingDetector_Status_UNIUSDT
 [PollingCoordinator] Completed: SwingDetector_Status_UNIUSDT
 [PollingCoordinator] Executing: SwingDetector_Signals_UNIUSDT
 [IndicatorCache] 💾 swing@UNIUSDT desde memoria
 [UNIUSDT] 🔄 requestRedraw called (candles: 1483)
 [UNIUSDT] 🔄 Redraw executing drawChart...
 [PollingCoordinator] Executing: OrderFlow_UNIUSDT
 [UNIUSDT] 🔄 requestRedraw called (candles: 1483)
 [UNIUSDT] 🔄 Redraw executing drawChart...
 [PollingCoordinator] Completed: OrderFlow_UNIUSDT
 [PollingCoordinator] Executing: OrderFlow_UNIUSDT
 [UNIUSDT] 🔄 requestRedraw called (candles: 1483)
 [UNIUSDT] 🔄 Redraw executing drawChart...
 [PollingCoordinator] Completed: OrderFlow_UNIUSDT
 [PollingCoordinator] Executing: OrderFlow_UNIUSDT
 [UNIUSDT] 🔄 requestRedraw called (candles: 1483)
 [UNIUSDT] 🔄 Redraw executing drawChart...
 [PollingCoordinator] Completed: OrderFlow_UNIUSDT
 [PollingCoordinator] Executing: SwingDetector_Status_UNIUSDT
 [PollingCoordinator] Completed: SwingDetector_Status_UNIUSDT
 [PollingCoordinator] Executing: SwingDetector_Signals_UNIUSDT
 [IndicatorCache] 💾 swing@UNIUSDT desde memoria
 [UNIUSDT] 🔄 requestRedraw called (candles: 1483)
 [UNIUSDT] 🔄 Redraw executing drawChart...
 [PollingCoordinator] Completed: SwingDetector_Signals_UNIUSDT
 [PollingCoordinator] Executing: OrderFlow_UNIUSDT
 [UNIUSDT] 🔄 requestRedraw called (candles: 1483)
 [UNIUSDT] 🔄 Redraw executing drawChart...
 [PollingCoordinator] Completed: OrderFlow_UNIUSDT
 [PollingCoordinator] Executing: VWAP_UNIUSDT
 ✅ [8:31:42 p. m.] [VWAP] [UNIUSDT] VWAP updated (polling): 1440 points
 [UNIUSDT] 🔄 requestRedraw called (candles: 1483)
 [UNIUSDT] 🔄 Redraw executing drawChart...
 ✅ [8:31:42 p. m.] [VWAP] [UNIUSDT] VWAP requestRedraw() called after polling
 [PollingCoordinator] Completed: VWAP_UNIUSDT
 [PollingCoordinator] Executing: SymbolList_PriceChanges
 [PollingCoordinator] Executing: SwingDetector_Signals_UNIUSDT
 [IndicatorCache] 💾 swing@UNIUSDT desde memoria
 [UNIUSDT] 🔄 requestRedraw called (candles: 0)
 [PollingCoordinator] Completed: SwingDetector_Signals_UNIUSDT
 [PollingCoordinator] Executing: SwingDetector_Status_UNIUSDT
 [PollingCoordinator] Completed: SwingDetector_Status_UNIUSDT
 [PollingCoordinator] Executing: OrderFlow_UNIUSDT
 [UNIUSDT] 🔄 requestRedraw called (candles: 1483)
 [UNIUSDT] 🔄 Redraw executing drawChart...
 [PollingCoordinator] Completed: OrderFlow_UNIUSDT
 [PollingCoordinator] Completed: SymbolList_PriceChanges
 [PollingCoordinator] Executing: SwingDetector_Signals_UNIUSDT
 [IndicatorCache] 💾 swing@UNIUSDT desde memoria
 [UNIUSDT] 🔄 requestRedraw called (candles: 0)
 [PollingCoordinator] Completed: SwingDetector_Signals_UNIUSDT
 [PollingCoordinator] Executing: SwingDetector_Status_UNIUSDT
 [PollingCoordinator] Completed: SwingDetector_Status_UNIUSDT
 [PollingCoordinator] Executing: SwingDetector_Signals_UNIUSDT
 [IndicatorCache] 💾 swing@UNIUSDT desde memoria
 [UNIUSDT] 🔄 requestRedraw called (candles: 1483)
 [UNIUSDT] 🔄 Redraw executing drawChart...
 [PollingCoordinator] Completed: SwingDetector_Signals_UNIUSDT
 [PollingCoordinator] Executing: OrderFlow_UNIUSDT
 [UNIUSDT] 🔄 requestRedraw called (candles: 1483)
 [UNIUSDT] 🔄 Redraw executing drawChart...
 [PollingCoordinator] Completed: OrderFlow_UNIUSDT
 [PollingCoordinator] Executing: SwingDetector_Signals_UNIUSDT
 [IndicatorCache] 💾 swing@UNIUSDT desde memoria
 [UNIUSDT] 🔄 requestRedraw called (candles: 1483)
 [UNIUSDT] 🔄 Redraw executing drawChart...
 [PollingCoordinator] Executing: OrderFlow_UNIUSDT
 [UNIUSDT] 🔄 requestRedraw called (candles: 1483)
 [UNIUSDT] 🔄 Redraw executing drawChart...
 [PollingCoordinator] Completed: OrderFlow_UNIUSDT
 [PollingCoordinator] Executing: OrderFlow_UNIUSDT
 [UNIUSDT] 🔄 requestRedraw called (candles: 1483)
 [UNIUSDT] 🔄 Redraw executing drawChart...
 [PollingCoordinator] Completed: OrderFlow_UNIUSDT
 [CandleCache] ✅ UNIUSDT@1 - guardado (1484 velas, memoria: 1/4)
 ✅ [8:32:03 p. m.] [VWAP] [UNIUSDT] VWAP updated (polling): 1440 points
 [UNIUSDT] SwingDetector: 200/200 signals for interval 1 (cached)
 [UNIUSDT] 🔄 requestRedraw called (candles: 1484)
 [UNIUSDT] 🔄 Redraw executing drawChart...
 [PollingCoordinator] Executing: OrderFlow_UNIUSDT
 [UNIUSDT] 🔄 requestRedraw called (candles: 1484)
 [UNIUSDT] 🔄 Redraw executing drawChart...
 [PollingCoordinator] Completed: OrderFlow_UNIUSDT
 [PollingCoordinator] Executing: SwingDetector_Signals_UNIUSDT
 [IndicatorCache] 💾 swing@UNIUSDT desde memoria
 [UNIUSDT] 🔄 requestRedraw called (candles: 1484)
 [UNIUSDT] 🔄 Redraw executing drawChart...
 [PollingCoordinator] Completed: SwingDetector_Signals_UNIUSDT
 [PollingCoordinator] Executing: OrderFlow_UNIUSDT
 [UNIUSDT] 🔄 requestRedraw called (candles: 1484)
 [UNIUSDT] 🔄 Redraw executing drawChart...
 [PollingCoordinator] Completed: OrderFlow_UNIUSDT
 [PollingCoordinator] Executing: SwingDetector_Status_UNIUSDT
 [PollingCoordinator] Completed: SwingDetector_Status_UNIUSDT
 [PollingCoordinator] Executing: SwingDetector_Signals_UNIUSDT
 [IndicatorCache] 💾 swing@UNIUSDT desde memoria
 [UNIUSDT] 🔄 requestRedraw called (candles: 0)
 [PollingCoordinator] Completed: SwingDetector_Signals_UNIUSDT
 [PollingCoordinator] Executing: SwingDetector_Signals_UNIUSDT
 [IndicatorCache] 💾 swing@UNIUSDT desde memoria
 [UNIUSDT] 🔄 requestRedraw called (candles: 0)
 [PollingCoordinator] Completed: SwingDetector_Signals_UNIUSDT
 [PollingCoordinator] Executing: OrderFlow_UNIUSDT
 [UNIUSDT] 🔄 requestRedraw called (candles: 1484)
 [UNIUSDT] 🔄 Redraw executing drawChart...
 [PollingCoordinator] Completed: OrderFlow_UNIUSDT
 [PollingCoordinator] Executing: SwingDetector_Signals_UNIUSDT
 [IndicatorCache] 💾 swing@UNIUSDT desde memoria
 [UNIUSDT] 🔄 requestRedraw called (candles: 1484)
 [UNIUSDT] 🔄 Redraw executing drawChart...
 [PollingCoordinator] Completed: SwingDetector_Signals_UNIUSDT
 [PollingCoordinator] Executing: SwingDetector_Status_UNIUSDT
 [PollingCoordinator] Completed: SwingDetector_Status_UNIUSDT
 [PollingCoordinator] Executing: SwingDetector_Signals_UNIUSDT
 [IndicatorCache] 💾 swing@UNIUSDT desde memoria
 [UNIUSDT] 🔄 requestRedraw called (candles: 1484)
 [UNIUSDT] 🔄 Redraw executing drawChart...
 [PollingCoordinator] Executing: OrderFlow_UNIUSDT
 [UNIUSDT] 🔄 requestRedraw called (candles: 1484)
 [UNIUSDT] 🔄 Redraw executing drawChart...
 [PollingCoordinator] Completed: OrderFlow_UNIUSDT
 [PollingCoordinator] Executing: OrderFlow_UNIUSDT
 [UNIUSDT] 🔄 requestRedraw called (candles: 1484)
 [UNIUSDT] 🔄 Redraw executing drawChart...
 [PollingCoordinator] Completed: OrderFlow_UNIUSDT
 [PollingCoordinator] Executing: OrderFlow_UNIUSDT
 [UNIUSDT] 🔄 requestRedraw called (candles: 1484)
 [UNIUSDT] 🔄 Redraw executing drawChart...
 [PollingCoordinator] Completed: OrderFlow_UNIUSDT
 [PollingCoordinator] Executing: SwingDetector_Status_UNIUSDT
 [PollingCoordinator] Completed: SwingDetector_Status_UNIUSDT
 [PollingCoordinator] Executing: SwingDetector_Signals_UNIUSDT
 [IndicatorCache] 💾 swing@UNIUSDT desde memoria
 [UNIUSDT] 🔄 requestRedraw called (candles: 1484)
 [UNIUSDT] 🔄 Redraw executing drawChart...
 [PollingCoordinator] Completed: SwingDetector_Signals_UNIUSDT
 [PollingCoordinator] Executing: OrderFlow_UNIUSDT
 [UNIUSDT] 🔄 requestRedraw called (candles: 1484)
 [UNIUSDT] 🔄 Redraw executing drawChart...
 [PollingCoordinator] Completed: OrderFlow_UNIUSDT
 [PollingCoordinator] Executing: VWAP_UNIUSDT
 ✅ [8:32:42 p. m.] [VWAP] [UNIUSDT] VWAP updated (polling): 1440 points
 [UNIUSDT] 🔄 requestRedraw called (candles: 1484)
 [UNIUSDT] 🔄 Redraw executing drawChart...
 ✅ [8:32:42 p. m.] [Manager] [UNIUSDT] renderOverlays: VWAP found, enabled=true, dataMap.size=1440
 [UNIUSDT] 🎨 VWAP renderOverlay EXECUTING: dataMap=1440, visibleCandles=280
 [UNIUSDT] 🔴 VWAP DEBUG RECTANGLE at (30, 45), bounds={x:10,y:25,w:810,h:400}
 [UNIUSDT] 🔴 VWAP viewport: min=4.2200, max=4.2950, hasPriceToY=true
 [UNIUSDT] 🟢 VWAP First point: (11.4, 293.9)
 [UNIUSDT] 🔵 VWAP Last point: (659.4, 249.5)
 [UNIUSDT] 📐 VWAP Visible area: y=25 to y=425
 [UNIUSDT] 🎨 VWAP _drawVWAPLine: matched=225, missed=55 of 280 candles
 [UNIUSDT] 🎨 VWAP sample: vwap=4.2622, Y=281.7, bounds={y:25, height:400}, viewport={min:4.2200, max:4.2950}
 [UNIUSDT] 🔍 Sample candle.timestamp=1769806380000, dataMap first keys=[1769733480000,1769733540000,1769733600000]
 ✅ [8:32:42 p. m.] [VWAP] [UNIUSDT] VWAP requestRedraw() called after polling
 [PollingCoordinator] Completed: VWAP_UNIUSDT
 [PollingCoordinator] Executing: SwingDetector_Signals_UNIUSDT
 [IndicatorCache] 💾 swing@UNIUSDT desde memoria
 [UNIUSDT] 🔄 requestRedraw called (candles: 0)
 [PollingCoordinator] Completed: SwingDetector_Signals_UNIUSDT
 [UNIUSDT] 🎨 Calling renderOverlays AFTER OrderFlow (frame 1741)
 [UNIUSDT] 🎨 Fresh priceContext: minPrice=4.2200, maxPrice=4.2950, verticalOffset=82
 [PollingCoordinator] Executing: SwingDetector_Status_UNIUSDT
 [PollingCoordinator] Completed: SwingDetector_Status_UNIUSDT
 [PollingCoordinator] Executing: OrderFlow_UNIUSDT
 [PollingCoordinator] Executing: SymbolList_PriceChanges
 [PollingCoordinator] Executing: SwingDetector_Signals_UNIUSDT
 [IndicatorCache] 💾 swing@UNIUSDT desde memoria
 [UNIUSDT] 🔄 requestRedraw called (candles: 0)
 [PollingCoordinator] Completed: SwingDetector_Signals_UNIUSDT
 [UNIUSDT] 🔄 requestRedraw called (candles: 1484)
 [UNIUSDT] 🔄 Redraw executing drawChart...
 [PollingCoordinator] Completed: OrderFlow_UNIUSDT
 ✅ [8:32:47 p. m.] [Manager] [UNIUSDT] renderOverlays: VWAP found, enabled=true, dataMap.size=1440
 [UNIUSDT] 🎨 VWAP renderOverlay EXECUTING: dataMap=1440, visibleCandles=280
 [UNIUSDT] 🔴 VWAP DEBUG RECTANGLE at (30, 45), bounds={x:10,y:25,w:810,h:400}
 [UNIUSDT] 🔴 VWAP viewport: min=4.2200, max=4.2950, hasPriceToY=true
 [UNIUSDT] 🟢 VWAP First point: (11.4, 352.1)
 [UNIUSDT] 🔵 VWAP Last point: (691.3, 314.5)
 [UNIUSDT] 📐 VWAP Visible area: y=25 to y=425
 [UNIUSDT] 🎨 VWAP _drawVWAPLine: matched=236, missed=44 of 280 candles
 [UNIUSDT] 🎨 VWAP sample: vwap=4.2634, Y=340.3, bounds={y:25, height:400}, viewport={min:4.2200, max:4.2950}
 [UNIUSDT] 🔍 Sample candle.timestamp=1769805720000, dataMap first keys=[1769733480000,1769733540000,1769733600000]
 [PollingCoordinator] Completed: SymbolList_PriceChanges
 [UNIUSDT] 🎨 Calling renderOverlays AFTER OrderFlow (frame 1801)
 [UNIUSDT] 🎨 Fresh priceContext: minPrice=4.2200, maxPrice=4.2950, verticalOffset=231
 ✅ [8:32:48 p. m.] [Manager] [UNIUSDT] renderOverlays: VWAP found, enabled=true, dataMap.size=1440
 [UNIUSDT] 🎨 VWAP renderOverlay EXECUTING: dataMap=1440, visibleCandles=280
 [UNIUSDT] 🔴 VWAP DEBUG RECTANGLE at (30, 45), bounds={x:10,y:25,w:810,h:400}
 [UNIUSDT] 🔴 VWAP viewport: min=4.2200, max=4.2950, hasPriceToY=true
 [UNIUSDT] 🟢 VWAP First point: (11.4, 311.9)
 [UNIUSDT] 🔵 VWAP Last point: (659.4, 267.5)
 [UNIUSDT] 📐 VWAP Visible area: y=25 to y=425
 [UNIUSDT] 🎨 VWAP _drawVWAPLine: matched=225, missed=55 of 280 candles
 [UNIUSDT] 🎨 VWAP sample: vwap=4.2622, Y=299.7, bounds={y:25, height:400}, viewport={min:4.2200, max:4.2950}
 [UNIUSDT] 🔍 Sample candle.timestamp=1769806380000, dataMap first keys=[1769733480000,1769733540000,1769733600000]
 [UNIUSDT] 🎨 Calling renderOverlays AFTER OrderFlow (frame 1861)
 [UNIUSDT] 🎨 Fresh priceContext: minPrice=4.2200, maxPrice=4.2950, verticalOffset=81
 ✅ [8:32:48 p. m.] [Manager] [UNIUSDT] renderOverlays: VWAP found, enabled=true, dataMap.size=1440
 [UNIUSDT] 🎨 VWAP renderOverlay EXECUTING: dataMap=1440, visibleCandles=280
 [UNIUSDT] 🔴 VWAP DEBUG RECTANGLE at (30, 45), bounds={x:10,y:25,w:810,h:400}
 [UNIUSDT] 🔴 VWAP viewport: min=4.2200, max=4.2950, hasPriceToY=true
 [UNIUSDT] 🟢 VWAP First point: (11.4, 430.9)
 [UNIUSDT] 🔵 VWAP Last point: (659.4, 386.5)
 [UNIUSDT] 📐 VWAP Visible area: y=25 to y=425
 [UNIUSDT] 🎨 VWAP _drawVWAPLine: matched=225, missed=55 of 280 candles
 [UNIUSDT] 🎨 VWAP sample: vwap=4.2622, Y=418.7, bounds={y:25, height:400}, viewport={min:4.2200, max:4.2950}
 [UNIUSDT] 🔍 Sample candle.timestamp=1769806380000, dataMap first keys=[1769733480000,1769733540000,1769733600000]
 [UNIUSDT] 🎨 Calling renderOverlays AFTER OrderFlow (frame 1921)
 [UNIUSDT] 🎨 Fresh priceContext: minPrice=4.2200, maxPrice=4.2950, verticalOffset=298
 ✅ [8:32:49 p. m.] [Manager] [UNIUSDT] renderOverlays: VWAP found, enabled=true, dataMap.size=1440
 [UNIUSDT] 🎨 VWAP renderOverlay EXECUTING: dataMap=1440, visibleCandles=280
 [UNIUSDT] 🔴 VWAP DEBUG RECTANGLE at (30, 45), bounds={x:10,y:25,w:810,h:400}
 [UNIUSDT] 🔴 VWAP viewport: min=4.2200, max=4.2950, hasPriceToY=true
 [UNIUSDT] 🟢 VWAP First point: (11.4, 537.9)
 [UNIUSDT] 🔵 VWAP Last point: (659.4, 493.5)
 [UNIUSDT] 📐 VWAP Visible area: y=25 to y=425
 [UNIUSDT] 🎨 VWAP _drawVWAPLine: matched=225, missed=55 of 280 candles
 [UNIUSDT] 🎨 VWAP sample: vwap=4.2622, Y=525.7, bounds={y:25, height:400}, viewport={min:4.2200, max:4.2950}
 [UNIUSDT] 🔍 Sample candle.timestamp=1769806380000, dataMap first keys=[1769733480000,1769733540000,1769733600000]
 [PollingCoordinator] Executing: SwingDetector_Status_UNIUSDT
 [PollingCoordinator] Completed: SwingDetector_Status_UNIUSDT
 [PollingCoordinator] Executing: SwingDetector_Signals_UNIUSDT
 [IndicatorCache] 💾 swing@UNIUSDT desde memoria
 [UNIUSDT] 🔄 requestRedraw called (candles: 1484)
 [UNIUSDT] 🔄 Redraw executing drawChart...
 [PollingCoordinator] Completed: SwingDetector_Signals_UNIUSDT
 [UNIUSDT] 🎨 Calling renderOverlays AFTER OrderFlow (frame 1981)
 [UNIUSDT] 🎨 Fresh priceContext: minPrice=4.2200, maxPrice=4.2950, verticalOffset=309
 ✅ [8:32:50 p. m.] [Manager] [UNIUSDT] renderOverlays: VWAP found, enabled=true, dataMap.size=1440
 [UNIUSDT] 🎨 VWAP renderOverlay EXECUTING: dataMap=1440, visibleCandles=280
 [UNIUSDT] 🔴 VWAP DEBUG RECTANGLE at (30, 45), bounds={x:10,y:25,w:810,h:400}
 [UNIUSDT] 🔴 VWAP viewport: min=4.2200, max=4.2950, hasPriceToY=true
 [UNIUSDT] 🟢 VWAP First point: (11.4, 396.9)
 [UNIUSDT] 🔵 VWAP Last point: (659.4, 352.5)
 [UNIUSDT] 📐 VWAP Visible area: y=25 to y=425
 [UNIUSDT] 🎨 VWAP _drawVWAPLine: matched=225, missed=55 of 280 candles
 [UNIUSDT] 🎨 VWAP sample: vwap=4.2622, Y=384.7, bounds={y:25, height:400}, viewport={min:4.2200, max:4.2950}
 [UNIUSDT] 🔍 Sample candle.timestamp=1769806380000, dataMap first keys=[1769733480000,1769733540000,1769733600000]
 [PollingCoordinator] Executing: OrderFlow_UNIUSDT
 [UNIUSDT] 🎨 Calling renderOverlays AFTER OrderFlow (frame 2041)
 [UNIUSDT] 🎨 Fresh priceContext: minPrice=4.2200, maxPrice=4.2950, verticalOffset=47
 [UNIUSDT] 🔄 requestRedraw called (candles: 1484)
 [UNIUSDT] 🔄 Redraw executing drawChart...
 [PollingCoordinator] Completed: OrderFlow_UNIUSDT
 ✅ [8:32:51 p. m.] [Manager] [UNIUSDT] renderOverlays: VWAP found, enabled=true, dataMap.size=1440
 [UNIUSDT] 🎨 VWAP renderOverlay EXECUTING: dataMap=1440, visibleCandles=280
 [UNIUSDT] 🔴 VWAP DEBUG RECTANGLE at (30, 45), bounds={x:10,y:25,w:810,h:400}
 [UNIUSDT] 🔴 VWAP viewport: min=4.2200, max=4.2950, hasPriceToY=true
 [UNIUSDT] 🟢 VWAP First point: (11.4, 312.9)
 [UNIUSDT] 🔵 VWAP Last point: (659.4, 268.5)
 [UNIUSDT] 📐 VWAP Visible area: y=25 to y=425
 [UNIUSDT] 🎨 VWAP _drawVWAPLine: matched=225, missed=55 of 280 candles
 [UNIUSDT] 🎨 VWAP sample: vwap=4.2622, Y=300.7, bounds={y:25, height:400}, viewport={min:4.2200, max:4.2950}
 [UNIUSDT] 🔍 Sample candle.timestamp=1769806380000, dataMap first keys=[1769733480000,1769733540000,1769733600000]
 [UNIUSDT] 🎨 Calling renderOverlays AFTER OrderFlow (frame 2101)
 [UNIUSDT] 🎨 Fresh priceContext: minPrice=4.2200, maxPrice=4.2950, verticalOffset=116
 [PollingCoordinator] Executing: SwingDetector_Signals_UNIUSDT
 [IndicatorCache] 💾 swing@UNIUSDT desde memoria
 [UNIUSDT] 🔄 requestRedraw called (candles: 1484)
 [UNIUSDT] 🔄 Redraw executing drawChart...
 ✅ [8:32:54 p. m.] [Manager] [UNIUSDT] renderOverlays: VWAP found, enabled=true, dataMap.size=1440
 [UNIUSDT] 🎨 VWAP renderOverlay EXECUTING: dataMap=1440, visibleCandles=280
 [UNIUSDT] 🔴 VWAP DEBUG RECTANGLE at (30, 45), bounds={x:10,y:25,w:810,h:400}
 [UNIUSDT] 🔴 VWAP viewport: min=4.2200, max=4.2950, hasPriceToY=true
 [UNIUSDT] 🟢 VWAP First point: (11.4, 327.9)
 [UNIUSDT] 🔵 VWAP Last point: (659.4, 283.5)
 [UNIUSDT] 📐 VWAP Visible area: y=25 to y=425
 [UNIUSDT] 🎨 VWAP _drawVWAPLine: matched=225, missed=55 of 280 candles
 [UNIUSDT] 🎨 VWAP sample: vwap=4.2622, Y=315.7, bounds={y:25, height:400}, viewport={min:4.2200, max:4.2950}
 [UNIUSDT] 🔍 Sample candle.timestamp=1769806380000, dataMap first keys=[1769733480000,1769733540000,1769733600000]
 [PollingCoordinator] Executing: OrderFlow_UNIUSDT
 [UNIUSDT] 🔄 requestRedraw called (candles: 1484)
 [UNIUSDT] 🔄 Redraw executing drawChart...
 [PollingCoordinator] Completed: OrderFlow_UNIUSDT
 [PollingCoordinator] Executing: OrderFlow_UNIUSDT
 [UNIUSDT] 🔄 requestRedraw called (candles: 1484)
 [UNIUSDT] 🔄 Redraw executing drawChart...
 [PollingCoordinator] Completed: OrderFlow_UNIUSDT
 [CandleCache] ✅ UNIUSDT@1 - guardado (1485 velas, memoria: 1/4)
 ✅ [8:33:03 p. m.] [VWAP] [UNIUSDT] VWAP updated (polling): 1440 points
 [UNIUSDT] SwingDetector: 200/200 signals for interval 1 (cached)
 [UNIUSDT] 🔄 requestRedraw called (candles: 1485)
 [UNIUSDT] 🔄 Redraw executing drawChart...
 [PollingCoordinator] Executing: OrderFlow_UNIUSDT
 [UNIUSDT] 🔄 requestRedraw called (candles: 1485)
 [UNIUSDT] 🔄 Redraw executing drawChart...
 [PollingCoordinator] Completed: OrderFlow_UNIUSDT
 [PollingCoordinator] Executing: SwingDetector_Signals_UNIUSDT
 [IndicatorCache] 💾 swing@UNIUSDT desde memoria
 [UNIUSDT] 🔄 requestRedraw called (candles: 1485)
 [UNIUSDT] 🔄 Redraw executing drawChart...
 [PollingCoordinator] Completed: SwingDetector_Signals_UNIUSDT
 [PollingCoordinator] Executing: OrderFlow_UNIUSDT
 [UNIUSDT] 🔄 requestRedraw called (candles: 1485)
 [UNIUSDT] 🔄 Redraw executing drawChart...
 [PollingCoordinator] Completed: OrderFlow_UNIUSDT
 [PollingCoordinator] Executing: SwingDetector_Status_UNIUSDT
 [PollingCoordinator] Completed: SwingDetector_Status_UNIUSDT
 [PollingCoordinator] Executing: SwingDetector_Signals_UNIUSDT
 [IndicatorCache] 💾 swing@UNIUSDT desde memoria
 [UNIUSDT] 🔄 requestRedraw called (candles: 0)
 [PollingCoordinator] Completed: SwingDetector_Signals_UNIUSDT
 [PollingCoordinator] Executing: SwingDetector_Signals_UNIUSDT
 [IndicatorCache] 💾 swing@UNIUSDT desde memoria
 [UNIUSDT] 🔄 requestRedraw called (candles: 0)
 [PollingCoordinator] Completed: SwingDetector_Signals_UNIUSDT
 [PollingCoordinator] Executing: OrderFlow_UNIUSDT
 [UNIUSDT] 🔄 requestRedraw called (candles: 1485)
 [UNIUSDT] 🔄 Redraw executing drawChart...
 [PollingCoordinator] Completed: OrderFlow_UNIUSDT
 [PollingCoordinator] Executing: SwingDetector_Signals_UNIUSDT
 [IndicatorCache] 💾 swing@UNIUSDT desde memoria
 [UNIUSDT] 🔄 requestRedraw called (candles: 1485)
 [UNIUSDT] 🔄 Redraw executing drawChart...
 [PollingCoordinator] Completed: SwingDetector_Signals_UNIUSDT
 [PollingCoordinator] Executing: SwingDetector_Status_UNIUSDT
 [PollingCoordinator] Completed: SwingDetector_Status_UNIUSDT
 [PollingCoordinator] Executing: SwingDetector_Signals_UNIUSDT
 [IndicatorCache] 💾 swing@UNIUSDT desde memoria
 [UNIUSDT] 🔄 requestRedraw called (candles: 1485)
 [UNIUSDT] 🔄 Redraw executing drawChart...
 [PollingCoordinator] Executing: OrderFlow_UNIUSDT
 [UNIUSDT] 🔄 requestRedraw called (candles: 1485)
 [UNIUSDT] 🔄 Redraw executing drawChart...
 [PollingCoordinator] Completed: OrderFlow_UNIUSDT
 [PollingCoordinator] Executing: OrderFlow_UNIUSDT
 [UNIUSDT] 🔄 requestRedraw called (candles: 1485)
 [UNIUSDT] 🔄 Redraw executing drawChart...
 [PollingCoordinator] Completed: OrderFlow_UNIUSDT
 [CandleCache] 💾 UNIUSDT@1 - desde memoria (1485 velas)
 [CandleCache] OK VALIDATION UNIUSDT@1: 1485 velas sin gaps
 [CandleCache] UNIUSDT@1 - Cache valido: 1485 velas, sin gaps significativos
 [UNIUSDT] Carga INCREMENTAL: desde 30/1/2026, 8:32:00 p.m. (1485 velas en cache)
 [CandleCache] OK CACHE-ANTES-MERGE UNIUSDT: 1485 velas sin gaps
 [CandleCache] 🔄 Merge: 1485 cached + 1 new = 1485 total
 [UNIUSDT] Incremental: +1 velas nuevas = 1485 total
 [CandleCache] OK MERGED UNIUSDT: 1485 velas sin gaps
 [UNIUSDT] ✅ Histórico final: 1485 velas
 [CandleCache] ✅ UNIUSDT@1 - guardado (1485 velas, memoria: 1/4)
 [PollingCoordinator] Executing: OrderFlow_UNIUSDT
 [UNIUSDT] 🎨 Calling renderOverlays AFTER OrderFlow (frame 2161)
 [UNIUSDT] 🎨 Fresh priceContext: minPrice=4.2200, maxPrice=4.2950, verticalOffset=116
 [PollingCoordinator] Executing: SwingDetector_Status_UNIUSDT
 [PollingCoordinator] Completed: SwingDetector_Status_UNIUSDT
 [PollingCoordinator] Executing: SwingDetector_Signals_UNIUSDT
 [IndicatorCache] 💾 swing@UNIUSDT desde memoria
 [UNIUSDT] 🔄 requestRedraw called (candles: 1485)
 [UNIUSDT] 🔄 Redraw executing drawChart...
 [PollingCoordinator] Completed: SwingDetector_Signals_UNIUSDT
 [UNIUSDT] 🔄 requestRedraw called (candles: 1485)
 [UNIUSDT] 🔄 Redraw executing drawChart...
 [PollingCoordinator] Completed: OrderFlow_UNIUSDT
 [PollingCoordinator] Executing: VWAP_UNIUSDT
 ✅ [8:33:42 p. m.] [VWAP] [UNIUSDT] VWAP updated (polling): 1440 points
 [UNIUSDT] 🔄 requestRedraw called (candles: 1485)
 [UNIUSDT] 🔄 Redraw executing drawChart...
 ✅ [8:33:42 p. m.] [VWAP] [UNIUSDT] VWAP requestRedraw() called after polling
 [PollingCoordinator] Completed: VWAP_UNIUSDT
 [PollingCoordinator] Executing: SwingDetector_Signals_UNIUSDT
 [IndicatorCache] 💾 swing@UNIUSDT desde memoria
 [UNIUSDT] 🔄 requestRedraw called (candles: 0)
 [PollingCoordinator] Completed: SwingDetector_Signals_UNIUSDT
 [UNIUSDT] SwingDetector initialized with 1 days
 [IndicatorCache] 💾 swing@UNIUSDT desde memoria
 [UNIUSDT] 🔄 requestRedraw called (candles: 1485)
 [UNIUSDT] 🔄 Redraw executing drawChart...
 ✅ [8:33:44 p. m.] [Manager] [UNIUSDT] 🚀 startAllPolling() llamado - 3 indicadores
 ✅ [8:33:44 p. m.] [Manager] [UNIUSDT] -> Llamando startPollingIfReady() para VWAP
 ✅ [8:33:44 p. m.] [VWAP] [UNIUSDT] VWAP startPollingIfReady: pollingId=true, enabled=true, destroyed=false
 ✅ [8:33:44 p. m.] [Manager] [UNIUSDT] -> Llamando startPollingIfReady() para Swing Detector
 [UNIUSDT] SwingDetector startPollingIfReady: pollingId=true, enabled=true, config.enabled=true
 ✅ [8:33:44 p. m.] [Manager] [UNIUSDT] -> Llamando startPollingIfReady() para Order Flow
 ✅ [8:33:44 p. m.] [Manager] [UNIUSDT] 🚀 Polling iniciado para todos los indicadores
 [PollingCoordinator] Executing: SwingDetector_Status_UNIUSDT
 [PollingCoordinator] Completed: SwingDetector_Status_UNIUSDT
 [PollingCoordinator] Executing: OrderFlow_UNIUSDT
 [PollingCoordinator] Executing: SwingDetector_Signals_UNIUSDT
 [IndicatorCache] 💾 swing@UNIUSDT desde memoria
 [UNIUSDT] 🔄 requestRedraw called (candles: 0)
 [PollingCoordinator] Completed: SwingDetector_Signals_UNIUSDT
 [UNIUSDT] 🔄 requestRedraw called (candles: 1485)
 [UNIUSDT] 🔄 Redraw executing drawChart...
 [PollingCoordinator] Completed: OrderFlow_UNIUSDT
 [PollingCoordinator] Executing: SymbolList_PriceChanges
 [PollingCoordinator] Completed: SymbolList_PriceChanges
 [PollingCoordinator] Executing: SwingDetector_Status_UNIUSDT
 [PollingCoordinator] Completed: SwingDetector_Status_UNIUSDT
 [PollingCoordinator] Executing: SwingDetector_Signals_UNIUSDT
 [IndicatorCache] 💾 swing@UNIUSDT desde memoria
 [UNIUSDT] 🔄 requestRedraw called (candles: 1485)
 [UNIUSDT] 🔄 Redraw executing drawChart...
 [PollingCoordinator] Completed: SwingDetector_Signals_UNIUSDT
 [PollingCoordinator] Executing: OrderFlow_UNIUSDT
 [UNIUSDT] 🔄 requestRedraw called (candles: 1485)
 [UNIUSDT] 🔄 Redraw executing drawChart...
 ✅ [8:33:51 p. m.] [Manager] [UNIUSDT] renderOverlays: VWAP found, enabled=true, dataMap.size=1440
 [UNIUSDT] 🎨 VWAP renderOverlay EXECUTING: dataMap=1440, visibleCandles=280
 [UNIUSDT] 🔴 VWAP DEBUG RECTANGLE at (30, 45), bounds={x:10,y:25,w:810,h:400}
 [UNIUSDT] 🔴 VWAP viewport: min=4.2200, max=4.2950, hasPriceToY=true
 [UNIUSDT] 🟢 VWAP First point: (11.4, 328.1)
 [UNIUSDT] 🔵 VWAP Last point: (656.6, 283.5)
 [UNIUSDT] 📐 VWAP Visible area: y=25 to y=425
 [UNIUSDT] 🎨 VWAP _drawVWAPLine: matched=224, missed=56 of 280 candles
 [UNIUSDT] 🎨 VWAP sample: vwap=4.2622, Y=315.8, bounds={y:25, height:400}, viewport={min:4.2200, max:4.2950}
 [UNIUSDT] 🔍 Sample candle.timestamp=1769806440000, dataMap first keys=[1769733480000,1769733540000,1769733600000]
 [PollingCoordinator] Completed: OrderFlow_UNIUSDT
 [PollingCoordinator] Executing: SwingDetector_Signals_UNIUSDT
 [IndicatorCache] 💾 swing@UNIUSDT desde memoria
 [UNIUSDT] 🔄 requestRedraw called (candles: 1485)
 [UNIUSDT] 🔄 Redraw executing drawChart...
 [PollingCoordinator] Executing: OrderFlow_UNIUSDT
 [UNIUSDT] 🔄 requestRedraw called (candles: 1485)
 [UNIUSDT] 🔄 Redraw executing drawChart...
 [PollingCoordinator] Completed: OrderFlow_UNIUSDT
 [UNIUSDT] 🎨 Calling renderOverlays AFTER OrderFlow (frame 2221)
 [UNIUSDT] 🎨 Fresh priceContext: minPrice=4.2200, maxPrice=4.2950, verticalOffset=116
 ✅ [8:34:00 p. m.] [Manager] [UNIUSDT] renderOverlays: VWAP found, enabled=true, dataMap.size=1440
 [UNIUSDT] 🎨 VWAP renderOverlay EXECUTING: dataMap=1440, visibleCandles=280
 [UNIUSDT] 🔴 VWAP DEBUG RECTANGLE at (30, 45), bounds={x:10,y:25,w:810,h:400}
 [UNIUSDT] 🔴 VWAP viewport: min=4.2200, max=4.2950, hasPriceToY=true
 [UNIUSDT] 🟢 VWAP First point: (11.4, 328.1)
 [UNIUSDT] 🔵 VWAP Last point: (656.6, 283.5)
 [UNIUSDT] 📐 VWAP Visible area: y=25 to y=425
 [UNIUSDT] 🎨 VWAP _drawVWAPLine: matched=224, missed=56 of 280 candles
 [UNIUSDT] 🎨 VWAP sample: vwap=4.2622, Y=315.8, bounds={y:25, height:400}, viewport={min:4.2200, max:4.2950}
 [UNIUSDT] 🔍 Sample candle.timestamp=1769806440000, dataMap first keys=[1769733480000,1769733540000,1769733600000]
 [PollingCoordinator] Executing: OrderFlow_UNIUSDT
 [UNIUSDT] 🔄 requestRedraw called (candles: 1485)
 [UNIUSDT] 🔄 Redraw executing drawChart...
 [PollingCoordinator] Completed: OrderFlow_UNIUSDT
 [CandleCache] ✅ UNIUSDT@1 - guardado (1486 velas, memoria: 1/4)
 [UNIUSDT] SwingDetector: 198/198 signals for interval 1 (cached)
 ✅ [8:34:03 p. m.] [VWAP] [UNIUSDT] VWAP updated (polling): 1440 points
 [UNIUSDT] 🔄 requestRedraw called (candles: 1486)
 [UNIUSDT] 🔄 Redraw executing drawChart...
 [PollingCoordinator] Executing: OrderFlow_UNIUSDT
 [UNIUSDT] 🔄 requestRedraw called (candles: 1486)
 [UNIUSDT] 🔄 Redraw executing drawChart...
 [PollingCoordinator] Completed: OrderFlow_UNIUSDT
 [PollingCoordinator] Executing: SwingDetector_Signals_UNIUSDT
 [IndicatorCache] 💾 swing@UNIUSDT desde memoria
 [UNIUSDT] 🔄 requestRedraw called (candles: 1486)
 [UNIUSDT] 🔄 Redraw executing drawChart...
 [PollingCoordinator] Completed: SwingDetector_Signals_UNIUSDT
 [PollingCoordinator] Executing: OrderFlow_UNIUSDT
 [UNIUSDT] 🔄 requestRedraw called (candles: 1486)
 [UNIUSDT] 🔄 Redraw executing drawChart...
 [PollingCoordinator] Completed: OrderFlow_UNIUSDT
 [PollingCoordinator] Executing: SwingDetector_Status_UNIUSDT
 [PollingCoordinator] Completed: SwingDetector_Status_UNIUSDT
 [PollingCoordinator] Executing: SwingDetector_Signals_UNIUSDT
 [IndicatorCache] 💾 swing@UNIUSDT desde memoria
 [UNIUSDT] 🔄 requestRedraw called (candles: 0)
 [PollingCoordinator] Completed: SwingDetector_Signals_UNIUSDT
 [PollingCoordinator] Executing: SwingDetector_Signals_UNIUSDT
 [IndicatorCache] 💾 swing@UNIUSDT desde memoria
 [UNIUSDT] 🔄 requestRedraw called (candles: 0)
 [PollingCoordinator] Completed: SwingDetector_Signals_UNIUSDT
 [PollingCoordinator] Executing: OrderFlow_UNIUSDT
 [UNIUSDT] 🔄 requestRedraw called (candles: 1486)
 [UNIUSDT] 🔄 Redraw executing drawChart...
 [PollingCoordinator] Completed: OrderFlow_UNIUSDT
 [PollingCoordinator] Executing: SwingDetector_Signals_UNIUSDT
 [IndicatorCache] 💾 swing@UNIUSDT desde memoria
 [UNIUSDT] 🔄 requestRedraw called (candles: 1486)
 [UNIUSDT] 🔄 Redraw executing drawChart...
 [PollingCoordinator] Completed: SwingDetector_Signals_UNIUSDT
 [UNIUSDT] 🎨 Calling renderOverlays AFTER OrderFlow (frame 2281)
 [UNIUSDT] 🎨 Fresh priceContext: minPrice=4.2200, maxPrice=4.2950, verticalOffset=116
 ✅ [8:34:21 p. m.] [Manager] [UNIUSDT] renderOverlays: VWAP found, enabled=true, dataMap.size=1440
 [UNIUSDT] 🎨 VWAP renderOverlay EXECUTING: dataMap=1440, visibleCandles=280
 [UNIUSDT] 🔴 VWAP DEBUG RECTANGLE at (30, 45), bounds={x:10,y:25,w:810,h:400}
 [UNIUSDT] 🔴 VWAP viewport: min=4.2200, max=4.2950, hasPriceToY=true
 [UNIUSDT] 🟢 VWAP First point: (11.4, 278.5)
 [UNIUSDT] 🔵 VWAP Last point: (653.7, 233.5)
 [UNIUSDT] 📐 VWAP Visible area: y=25 to y=425
 [UNIUSDT] 🎨 VWAP _drawVWAPLine: matched=223, missed=57 of 280 candles
 [UNIUSDT] 🎨 VWAP sample: vwap=4.2615, Y=269.5, bounds={y:25, height:400}, viewport={min:4.2200, max:4.2950}
 [UNIUSDT] 🔍 Sample candle.timestamp=1769806500000, dataMap first keys=[1769733480000,1769733540000,1769733600000]
 [UNIUSDT] 🎨 Calling renderOverlays AFTER OrderFlow (frame 2341)
 [UNIUSDT] 🎨 Fresh priceContext: minPrice=4.2200, maxPrice=4.2950, verticalOffset=90
 ✅ [8:34:22 p. m.] [Manager] [UNIUSDT] renderOverlays: VWAP found, enabled=true, dataMap.size=1440
 [UNIUSDT] 🎨 VWAP renderOverlay EXECUTING: dataMap=1440, visibleCandles=280
 [UNIUSDT] 🔴 VWAP DEBUG RECTANGLE at (30, 45), bounds={x:10,y:25,w:810,h:400}
 [UNIUSDT] 🔴 VWAP viewport: min=4.2200, max=4.2950, hasPriceToY=true
 [UNIUSDT] 🟢 VWAP First point: (11.4, 334.5)
 [UNIUSDT] 🔵 VWAP Last point: (653.7, 289.5)
 [UNIUSDT] 📐 VWAP Visible area: y=25 to y=425
 [UNIUSDT] 🎨 VWAP _drawVWAPLine: matched=223, missed=57 of 280 candles
 [UNIUSDT] 🎨 VWAP sample: vwap=4.2615, Y=325.5, bounds={y:25, height:400}, viewport={min:4.2200, max:4.2950}
 [UNIUSDT] 🔍 Sample candle.timestamp=1769806500000, dataMap first keys=[1769733480000,1769733540000,1769733600000]
 [UNIUSDT] 🎨 Calling renderOverlays AFTER OrderFlow (frame 2401)
 [UNIUSDT] 🎨 Fresh priceContext: minPrice=4.2200, maxPrice=4.2950, verticalOffset=96
 [PollingCoordinator] Executing: SwingDetector_Status_UNIUSDT
 [PollingCoordinator] Completed: SwingDetector_Status_UNIUSDT
 ✅ [8:34:22 p. m.] [Manager] [UNIUSDT] renderOverlays: VWAP found, enabled=true, dataMap.size=1440
 [UNIUSDT] 🎨 VWAP renderOverlay EXECUTING: dataMap=1440, visibleCandles=280
 [UNIUSDT] 🔴 VWAP DEBUG RECTANGLE at (30, 45), bounds={x:10,y:25,w:810,h:400}
 [UNIUSDT] 🔴 VWAP viewport: min=4.2200, max=4.2950, hasPriceToY=true
 [UNIUSDT] 🟢 VWAP First point: (11.4, 226.5)
 [UNIUSDT] 🔵 VWAP Last point: (653.7, 181.5)
 [UNIUSDT] 📐 VWAP Visible area: y=25 to y=425
 [UNIUSDT] 🎨 VWAP _drawVWAPLine: matched=223, missed=57 of 280 candles
 [UNIUSDT] 🎨 VWAP sample: vwap=4.2615, Y=217.5, bounds={y:25, height:400}, viewport={min:4.2200, max:4.2950}
 [UNIUSDT] 🔍 Sample candle.timestamp=1769806500000, dataMap first keys=[1769733480000,1769733540000,1769733600000]
 [PollingCoordinator] Executing: SwingDetector_Signals_UNIUSDT
 [IndicatorCache] 💾 swing@UNIUSDT desde memoria
 [UNIUSDT] 🔄 requestRedraw called (candles: 1486)
 [UNIUSDT] 🔄 Redraw executing drawChart...
 [UNIUSDT] 🎨 Calling renderOverlays AFTER OrderFlow (frame 2461)
 [UNIUSDT] 🎨 Fresh priceContext: minPrice=4.2200, maxPrice=4.2950, verticalOffset=-76
 [PollingCoordinator] Executing: OrderFlow_UNIUSDT
 [UNIUSDT] 🔄 requestRedraw called (candles: 1486)
 [UNIUSDT] 🔄 Redraw executing drawChart...
 [PollingCoordinator] Completed: OrderFlow_UNIUSDT
 ✅ [8:34:24 p. m.] [Manager] [UNIUSDT] renderOverlays: VWAP found, enabled=true, dataMap.size=1440
 [UNIUSDT] 🎨 VWAP renderOverlay EXECUTING: dataMap=1440, visibleCandles=280
 [UNIUSDT] 🔴 VWAP DEBUG RECTANGLE at (30, 45), bounds={x:10,y:25,w:810,h:400}
 [UNIUSDT] 🔴 VWAP viewport: min=4.2200, max=4.2950, hasPriceToY=true
 [UNIUSDT] 🟢 VWAP First point: (11.4, 192.5)
 [UNIUSDT] 🔵 VWAP Last point: (653.7, 147.5)
 [UNIUSDT] 📐 VWAP Visible area: y=25 to y=425
 [UNIUSDT] 🎨 VWAP _drawVWAPLine: matched=223, missed=57 of 280 candles
 [UNIUSDT] 🎨 VWAP sample: vwap=4.2615, Y=183.5, bounds={y:25, height:400}, viewport={min:4.2200, max:4.2950}
 [UNIUSDT] 🔍 Sample candle.timestamp=1769806500000, dataMap first keys=[1769733480000,1769733540000,1769733600000]
 [UNIUSDT] 🎨 Calling renderOverlays AFTER OrderFlow (frame 2521)
 [UNIUSDT] 🎨 Fresh priceContext: minPrice=4.2200, maxPrice=4.2950, verticalOffset=123
 ✅ [8:34:24 p. m.] [Manager] [UNIUSDT] renderOverlays: VWAP found, enabled=true, dataMap.size=1440
 [UNIUSDT] 🎨 VWAP renderOverlay EXECUTING: dataMap=1440, visibleCandles=280
 [UNIUSDT] 🔴 VWAP DEBUG RECTANGLE at (30, 45), bounds={x:10,y:25,w:810,h:400}
 [UNIUSDT] 🔴 VWAP viewport: min=4.2200, max=4.2950, hasPriceToY=true
 [UNIUSDT] 🟢 VWAP First point: (11.4, 426.5)
 [UNIUSDT] 🔵 VWAP Last point: (653.7, 381.5)
 [UNIUSDT] 📐 VWAP Visible area: y=25 to y=425
 [UNIUSDT] 🎨 VWAP _drawVWAPLine: matched=223, missed=57 of 280 candles
 [UNIUSDT] 🎨 VWAP sample: vwap=4.2615, Y=417.5, bounds={y:25, height:400}, viewport={min:4.2200, max:4.2950}
 [UNIUSDT] 🔍 Sample candle.timestamp=1769806500000, dataMap first keys=[1769733480000,1769733540000,1769733600000]
 [UNIUSDT] 🎨 Calling renderOverlays AFTER OrderFlow (frame 2581)
 [UNIUSDT] 🎨 Fresh priceContext: minPrice=4.2200, maxPrice=4.2950, verticalOffset=-60
 ✅ [8:34:25 p. m.] [Manager] [UNIUSDT] renderOverlays: VWAP found, enabled=true, dataMap.size=1440
 [UNIUSDT] 🎨 VWAP renderOverlay EXECUTING: dataMap=1440, visibleCandles=280
 [UNIUSDT] 🔴 VWAP DEBUG RECTANGLE at (30, 45), bounds={x:10,y:25,w:810,h:400}
 [UNIUSDT] 🔴 VWAP viewport: min=4.2200, max=4.2950, hasPriceToY=true
 [UNIUSDT] 🟢 VWAP First point: (11.4, 46.5)
 [UNIUSDT] 🔵 VWAP Last point: (653.7, 1.5)
 [UNIUSDT] 📐 VWAP Visible area: y=25 to y=425
 [UNIUSDT] 🎨 VWAP _drawVWAPLine: matched=223, missed=57 of 280 candles
 [UNIUSDT] 🎨 VWAP sample: vwap=4.2615, Y=37.5, bounds={y:25, height:400}, viewport={min:4.2200, max:4.2950}
 [UNIUSDT] 🔍 Sample candle.timestamp=1769806500000, dataMap first keys=[1769733480000,1769733540000,1769733600000]
 [UNIUSDT] 🎨 Calling renderOverlays AFTER OrderFlow (frame 2641)
 [UNIUSDT] 🎨 Fresh priceContext: minPrice=4.2200, maxPrice=4.2950, verticalOffset=-329
 ✅ [8:34:25 p. m.] [Manager] [UNIUSDT] renderOverlays: VWAP found, enabled=true, dataMap.size=1440
 [UNIUSDT] 🎨 VWAP renderOverlay EXECUTING: dataMap=1440, visibleCandles=280
 [UNIUSDT] 🔴 VWAP DEBUG RECTANGLE at (30, 45), bounds={x:10,y:25,w:810,h:400}
 [UNIUSDT] 🔴 VWAP viewport: min=4.2200, max=4.2950, hasPriceToY=true
 [UNIUSDT] 🟢 VWAP First point: (11.4, -186.9)
 [UNIUSDT] 🔵 VWAP Last point: (656.6, -231.5)
 [UNIUSDT] 📐 VWAP Visible area: y=25 to y=425
 [UNIUSDT] 🎨 VWAP _drawVWAPLine: matched=224, missed=56 of 280 candles
 [UNIUSDT] 🎨 VWAP sample: vwap=4.2622, Y=-199.2, bounds={y:25, height:400}, viewport={min:4.2200, max:4.2950}
 [UNIUSDT] 🔍 Sample candle.timestamp=1769806440000, dataMap first keys=[1769733480000,1769733540000,1769733600000]
 [UNIUSDT] 🎨 Calling renderOverlays AFTER OrderFlow (frame 2701)
 [UNIUSDT] 🎨 Fresh priceContext: minPrice=4.2200, maxPrice=4.2950, verticalOffset=-311
 ✅ [8:34:26 p. m.] [Manager] [UNIUSDT] renderOverlays: VWAP found, enabled=true, dataMap.size=1440
 [UNIUSDT] 🎨 VWAP renderOverlay EXECUTING: dataMap=1440, visibleCandles=280
 [UNIUSDT] 🔴 VWAP DEBUG RECTANGLE at (30, 45), bounds={x:10,y:25,w:810,h:400}
 [UNIUSDT] 🔴 VWAP viewport: min=4.2200, max=4.2950, hasPriceToY=true
 [UNIUSDT] 🟢 VWAP First point: (11.4, 150.5)
 [UNIUSDT] 🔵 VWAP Last point: (653.7, 105.5)
 [UNIUSDT] 📐 VWAP Visible area: y=25 to y=425
 [UNIUSDT] 🎨 VWAP _drawVWAPLine: matched=223, missed=57 of 280 candles
 [UNIUSDT] 🎨 VWAP sample: vwap=4.2615, Y=141.5, bounds={y:25, height:400}, viewport={min:4.2200, max:4.2950}
 [UNIUSDT] 🔍 Sample candle.timestamp=1769806500000, dataMap first keys=[1769733480000,1769733540000,1769733600000]
 [UNIUSDT] 🎨 Calling renderOverlays AFTER OrderFlow (frame 2761)
 [UNIUSDT] 🎨 Fresh priceContext: minPrice=4.2200, maxPrice=4.2950, verticalOffset=1
 ✅ [8:34:27 p. m.] [Manager] [UNIUSDT] renderOverlays: VWAP found, enabled=true, dataMap.size=1440
 [UNIUSDT] 🎨 VWAP renderOverlay EXECUTING: dataMap=1440, visibleCandles=280
 [UNIUSDT] 🔴 VWAP DEBUG RECTANGLE at (30, 45), bounds={x:10,y:25,w:810,h:400}
 [UNIUSDT] 🔴 VWAP viewport: min=4.2200, max=4.2950, hasPriceToY=true
 [UNIUSDT] 🟢 VWAP First point: (11.4, 338.9)
 [UNIUSDT] 🔵 VWAP Last point: (659.4, 294.5)
 [UNIUSDT] 📐 VWAP Visible area: y=25 to y=425
 [UNIUSDT] 🎨 VWAP _drawVWAPLine: matched=225, missed=55 of 280 candles
 [UNIUSDT] 🎨 VWAP sample: vwap=4.2622, Y=326.7, bounds={y:25, height:400}, viewport={min:4.2200, max:4.2950}
 [UNIUSDT] 🔍 Sample candle.timestamp=1769806380000, dataMap first keys=[1769733480000,1769733540000,1769733600000]
 [UNIUSDT] 🎨 Calling renderOverlays AFTER OrderFlow (frame 2821)
 [UNIUSDT] 🎨 Fresh priceContext: minPrice=4.2200, maxPrice=4.2950, verticalOffset=267
 ✅ [8:34:28 p. m.] [Manager] [UNIUSDT] renderOverlays: VWAP found, enabled=true, dataMap.size=1440
 [UNIUSDT] 🎨 VWAP renderOverlay EXECUTING: dataMap=1440, visibleCandles=280
 [UNIUSDT] 🔴 VWAP DEBUG RECTANGLE at (30, 45), bounds={x:10,y:25,w:810,h:400}
 [UNIUSDT] 🔴 VWAP viewport: min=4.2200, max=4.2950, hasPriceToY=true
 [UNIUSDT] 🟢 VWAP First point: (11.4, 487.5)
 [UNIUSDT] 🔵 VWAP Last point: (653.7, 442.5)
 [UNIUSDT] 📐 VWAP Visible area: y=25 to y=425
 [UNIUSDT] 🎨 VWAP _drawVWAPLine: matched=223, missed=57 of 280 candles
 [UNIUSDT] 🎨 VWAP sample: vwap=4.2615, Y=478.5, bounds={y:25, height:400}, viewport={min:4.2200, max:4.2950}
 [UNIUSDT] 🔍 Sample candle.timestamp=1769806500000, dataMap first keys=[1769733480000,1769733540000,1769733600000]
 [UNIUSDT] 🎨 Calling renderOverlays AFTER OrderFlow (frame 2881)
 [UNIUSDT] 🎨 Fresh priceContext: minPrice=4.2200, maxPrice=4.2950, verticalOffset=436
 ✅ [8:34:28 p. m.] [Manager] [UNIUSDT] renderOverlays: VWAP found, enabled=true, dataMap.size=1440
 [UNIUSDT] 🎨 VWAP renderOverlay EXECUTING: dataMap=1440, visibleCandles=280
 [UNIUSDT] 🔴 VWAP DEBUG RECTANGLE at (30, 45), bounds={x:10,y:25,w:810,h:400}
 [UNIUSDT] 🔴 VWAP viewport: min=4.2200, max=4.2950, hasPriceToY=true
 [UNIUSDT] 🟢 VWAP First point: (11.4, 701.2)
 [UNIUSDT] 🔵 VWAP Last point: (665.2, 658.5)
 [UNIUSDT] 📐 VWAP Visible area: y=25 to y=425
 [UNIUSDT] 🎨 VWAP _drawVWAPLine: matched=227, missed=53 of 280 candles
 [UNIUSDT] 🎨 VWAP sample: vwap=4.2625, Y=689.5, bounds={y:25, height:400}, viewport={min:4.2200, max:4.2950}
 [UNIUSDT] 🔍 Sample candle.timestamp=1769806260000, dataMap first keys=[1769733480000,1769733540000,1769733600000]
 [PollingCoordinator] Executing: OrderFlow_UNIUSDT
 [UNIUSDT] 🎨 Calling renderOverlays AFTER OrderFlow (frame 2941)
 [UNIUSDT] 🎨 Fresh priceContext: minPrice=4.2200, maxPrice=4.2950, verticalOffset=487
 ✅ [8:34:28 p. m.] [Manager] [UNIUSDT] renderOverlays: VWAP found, enabled=true, dataMap.size=1440
 [UNIUSDT] 🎨 VWAP renderOverlay EXECUTING: dataMap=1440, visibleCandles=280
 [UNIUSDT] 🔴 VWAP DEBUG RECTANGLE at (30, 45), bounds={x:10,y:25,w:810,h:400}
 [UNIUSDT] 🔴 VWAP viewport: min=4.2200, max=4.2950, hasPriceToY=true
 [UNIUSDT] 🟢 VWAP First point: (11.4, 607.5)
 [UNIUSDT] 🔵 VWAP Last point: (653.7, 562.5)
 [UNIUSDT] 📐 VWAP Visible area: y=25 to y=425
 [UNIUSDT] 🎨 VWAP _drawVWAPLine: matched=223, missed=57 of 280 candles
 [UNIUSDT] 🎨 VWAP sample: vwap=4.2615, Y=598.5, bounds={y:25, height:400}, viewport={min:4.2200, max:4.2950}
 [UNIUSDT] 🔍 Sample candle.timestamp=1769806500000, dataMap first keys=[1769733480000,1769733540000,1769733600000]
 [UNIUSDT] 🎨 Calling renderOverlays AFTER OrderFlow (frame 3001)
 [UNIUSDT] 🎨 Fresh priceContext: minPrice=4.2200, maxPrice=4.2950, verticalOffset=261
 [UNIUSDT] 🔄 requestRedraw called (candles: 1486)
 [UNIUSDT] 🔄 Redraw executing drawChart...
 [PollingCoordinator] Completed: OrderFlow_UNIUSDT
 ✅ [8:34:29 p. m.] [Manager] [UNIUSDT] renderOverlays: VWAP found, enabled=true, dataMap.size=1440
 [UNIUSDT] 🎨 VWAP renderOverlay EXECUTING: dataMap=1440, visibleCandles=280
 [UNIUSDT] 🔴 VWAP DEBUG RECTANGLE at (30, 45), bounds={x:10,y:25,w:810,h:400}
 [UNIUSDT] 🔴 VWAP viewport: min=4.2200, max=4.2950, hasPriceToY=true
 [UNIUSDT] 🟢 VWAP First point: (11.4, 370.5)
 [UNIUSDT] 🔵 VWAP Last point: (653.7, 325.5)
 [UNIUSDT] 📐 VWAP Visible area: y=25 to y=425
 [UNIUSDT] 🎨 VWAP _drawVWAPLine: matched=223, missed=57 of 280 candles
 [UNIUSDT] 🎨 VWAP sample: vwap=4.2615, Y=361.5, bounds={y:25, height:400}, viewport={min:4.2200, max:4.2950}
 [UNIUSDT] 🔍 Sample candle.timestamp=1769806500000, dataMap first keys=[1769733480000,1769733540000,1769733600000]
 [UNIUSDT] 🎨 Calling renderOverlays AFTER OrderFlow (frame 3061)
 [UNIUSDT] 🎨 Fresh priceContext: minPrice=4.2200, maxPrice=4.2950, verticalOffset=118
 ✅ [8:34:30 p. m.] [Manager] [UNIUSDT] renderOverlays: VWAP found, enabled=true, dataMap.size=1440
 [UNIUSDT] 🎨 VWAP renderOverlay EXECUTING: dataMap=1440, visibleCandles=280
 [UNIUSDT] 🔴 VWAP DEBUG RECTANGLE at (30, 45), bounds={x:10,y:25,w:810,h:400}
 [UNIUSDT] 🔴 VWAP viewport: min=4.2200, max=4.2950, hasPriceToY=true
 [UNIUSDT] 🟢 VWAP First point: (11.4, 296.5)
 [UNIUSDT] 🔵 VWAP Last point: (653.7, 251.5)
 [UNIUSDT] 📐 VWAP Visible area: y=25 to y=425
 [UNIUSDT] 🎨 VWAP _drawVWAPLine: matched=223, missed=57 of 280 candles
 [UNIUSDT] 🎨 VWAP sample: vwap=4.2615, Y=287.5, bounds={y:25, height:400}, viewport={min:4.2200, max:4.2950}
 [UNIUSDT] 🔍 Sample candle.timestamp=1769806500000, dataMap first keys=[1769733480000,1769733540000,1769733600000]
 [UNIUSDT] 🎨 Calling renderOverlays AFTER OrderFlow (frame 3121)
 [UNIUSDT] 🎨 Fresh priceContext: minPrice=4.2200, maxPrice=4.2950, verticalOffset=75
 ✅ [8:34:30 p. m.] [Manager] [UNIUSDT] renderOverlays: VWAP found, enabled=true, dataMap.size=1440
 [UNIUSDT] 🎨 VWAP renderOverlay EXECUTING: dataMap=1440, visibleCandles=280
 [UNIUSDT] 🔴 VWAP DEBUG RECTANGLE at (30, 45), bounds={x:10,y:25,w:810,h:400}
 [UNIUSDT] 🔴 VWAP viewport: min=4.2200, max=4.2950, hasPriceToY=true
 [UNIUSDT] 🟢 VWAP First point: (11.4, 313.5)
 [UNIUSDT] 🔵 VWAP Last point: (653.7, 268.5)
 [UNIUSDT] 📐 VWAP Visible area: y=25 to y=425
 [UNIUSDT] 🎨 VWAP _drawVWAPLine: matched=223, missed=57 of 280 candles
 [UNIUSDT] 🎨 VWAP sample: vwap=4.2615, Y=304.5, bounds={y:25, height:400}, viewport={min:4.2200, max:4.2950}
 [UNIUSDT] 🔍 Sample candle.timestamp=1769806500000, dataMap first keys=[1769733480000,1769733540000,1769733600000]
 [UNIUSDT] 🎨 Calling renderOverlays AFTER OrderFlow (frame 3181)
 [UNIUSDT] 🎨 Fresh priceContext: minPrice=4.2200, maxPrice=4.2950, verticalOffset=130
 ✅ [8:34:31 p. m.] [Manager] [UNIUSDT] renderOverlays: VWAP found, enabled=true, dataMap.size=1440
 [UNIUSDT] 🎨 VWAP renderOverlay EXECUTING: dataMap=1440, visibleCandles=280
 [UNIUSDT] 🔴 VWAP DEBUG RECTANGLE at (30, 45), bounds={x:10,y:25,w:810,h:400}
 [UNIUSDT] 🔴 VWAP viewport: min=4.2200, max=4.2950, hasPriceToY=true
 [UNIUSDT] 🟢 VWAP First point: (11.4, 372.5)
 [UNIUSDT] 🔵 VWAP Last point: (653.7, 327.5)
 [UNIUSDT] 📐 VWAP Visible area: y=25 to y=425
 [UNIUSDT] 🎨 VWAP _drawVWAPLine: matched=223, missed=57 of 280 candles
 [UNIUSDT] 🎨 VWAP sample: vwap=4.2615, Y=363.5, bounds={y:25, height:400}, viewport={min:4.2200, max:4.2950}
 [UNIUSDT] 🔍 Sample candle.timestamp=1769806500000, dataMap first keys=[1769733480000,1769733540000,1769733600000]
 [UNIUSDT] 🎨 Calling renderOverlays AFTER OrderFlow (frame 3241)
 [UNIUSDT] 🎨 Fresh priceContext: minPrice=4.2200, maxPrice=4.2950, verticalOffset=172
 [PollingCoordinator] Executing: OrderFlow_UNIUSDT
 [UNIUSDT] 🔄 requestRedraw called (candles: 1486)
 [UNIUSDT] 🔄 Redraw executing drawChart...
 [PollingCoordinator] Completed: OrderFlow_UNIUSDT
 [PollingCoordinator] Executing: SwingDetector_Status_UNIUSDT
 [PollingCoordinator] Completed: SwingDetector_Status_UNIUSDT
 [PollingCoordinator] Executing: SwingDetector_Signals_UNIUSDT
 [IndicatorCache] 💾 swing@UNIUSDT desde memoria
 [UNIUSDT] 🔄 requestRedraw called (candles: 1486)
 [UNIUSDT] 🔄 Redraw executing drawChart...
 [PollingCoordinator] Completed: SwingDetector_Signals_UNIUSDT
 [PollingCoordinator] Executing: OrderFlow_UNIUSDT
 [PollingCoordinator] Executing: VWAP_UNIUSDT
 [PollingCoordinator] Executing: SwingDetector_Signals_UNIUSDT
 [IndicatorCache] 💾 swing@UNIUSDT desde memoria
 [UNIUSDT] 🔄 requestRedraw called (candles: 0)
 [PollingCoordinator] Completed: SwingDetector_Signals_UNIUSDT
 [PollingCoordinator] Executing: SwingDetector_Status_UNIUSDT
 [PollingCoordinator] Completed: SwingDetector_Status_UNIUSDT
 [PollingCoordinator] Executing: SwingDetector_Signals_UNIUSDT
 [IndicatorCache] 💾 swing@UNIUSDT desde memoria
 [UNIUSDT] 🔄 requestRedraw called (candles: 0)
 [PollingCoordinator] Completed: SwingDetector_Signals_UNIUSDT
 [PollingCoordinator] Executing: SymbolList_PriceChanges
 [PollingCoordinator] Executing: SwingDetector_Status_UNIUSDT
 [PollingCoordinator] Completed: SwingDetector_Status_UNIUSDT
 [PollingCoordinator] Executing: SwingDetector_Signals_UNIUSDT
 [IndicatorCache] 💾 swing@UNIUSDT desde memoria
 [UNIUSDT] 🔄 requestRedraw called (candles: 1486)
 [UNIUSDT] 🔄 Redraw executing drawChart...
 [PollingCoordinator] Completed: SwingDetector_Signals_UNIUSDT
 [UNIUSDT] 🔄 requestRedraw called (candles: 1486)
 [UNIUSDT] 🔄 Redraw executing drawChart...
 [PollingCoordinator] Completed: OrderFlow_UNIUSDT
 ✅ [8:34:52 p. m.] [VWAP] [UNIUSDT] VWAP updated (polling): 1440 points
 [UNIUSDT] 🔄 requestRedraw called (candles: 1486)
 [UNIUSDT] 🔄 Redraw executing drawChart...
 ✅ [8:34:52 p. m.] [VWAP] [UNIUSDT] VWAP requestRedraw() called after polling
 [PollingCoordinator] Completed: VWAP_UNIUSDT
