sep=;
# Multi-simbolo: ETHUSDT, XRPUSDT, BTCUSDT, TRXUSDT, GALAUSDT, SUIUSDT, TRBUSDT, SOLUSDT, ADAUSDT, DOGEUSDT
# Parametros: {"detection_method": "atr_dynamic", "consol_min_bars": 8, "consol_max_bars": 50, "consol_max_range_pct": 6, "consol_atr_ratio": 0.6, "consol_body_ratio": 0.5, "consol_max_outside_bars": 3, "lookforward_bars": 100, "max_price_range_pct": 6, "entry_mode": "va_breakout", "position_mode": "concurrent", "swing_bars": 5, "sl_mode": "zone_opposite", "atr_dyn_period": 100, "atr_dyn_ma_period": 20, "atr_dyn_multiplier": 1.5, "atr_dyn_min_bars": 20, "atr_dyn_max_breakout": 5, "atr_dyn_merge_overlap": true, "use_atr_band": false, "atr_band_period": 200, "atr_band_multiplier": 1, "atr_band_ma_period": 20, "use_reentry": true, "max_reentry_bars": 3, "use_ttm_prefilter": true, "ttm_atr_length": 30, "ttm_kc_multiplier": 1, "ttm_min_squeeze_bars": 10, "use_bbwp_scoring": false, "bbwp_lookback": 252, "bbwp_squeeze_threshold": 20, "use_inside_pct_filter": false, "min_inside_pct": 70, "min_score_filter": 30, "use_continuation_score": false, "sl_poc_buffer_pct": 50, "vp_bins_per_zone": 30, "tp_rr_ratio": 1}
# Fecha: 2026-02-08T08:53:30.852824
zona_num;simbolo;fecha_entrada;fecha_cierre;precio_min;precio_max;rango_pct;direccion;precio_breakout;modo_entrada;precio_entrada;offset_barras;sl_price;tp_price;resultado;pnl_r;equity_r;r_multiple;alcanzo_2r;alcanzo_3r;barras_cierre;velas_en_zona;duracion_horas;score
1;BTCUSDT;2026-02-01 10:47;2026-02-01 10:57;76820,273;77295,746;0,62;UP;77236,5;VA Breakout;77236,5;0;76832,89;77640,11;WIN;2,0;2,0;5,33;Si;Si;11;23;0,4;42.0
2;TRBUSDT;2026-02-01 11:23;2026-02-01 11:23;15,74729;15,941;1,22;UP;15,95;VA Breakout;15,95;0;15,84;16,06;LOSS;-1,0;1,0;6,89;Si;Si;1;34;0,6;63.0
3;DOGEUSDT;2026-02-01 11:24;2026-02-01 11:41;0,103;0,10444245000000002;1,39;UP;0,1044;VA Breakout;0,1044;0;0,1;0,11;LOSS;-1,0;0,0;7,24;Si;Si;18;38;0,6;50.0
4;TRBUSDT;2026-02-01 12:00;2026-02-01 12:10;15,84571;16,034;1,18;UP;16,02;VA Breakout;16,02;0;15,87;16,17;WIN;2,0;2,0;4,39;Si;Si;11;38;0,6;45.0
5;TRXUSDT;2026-02-01 12:58;2026-02-01 13:01;0,28410975000000005;0,284518;0,14;UP;0,28456;VA Breakout;0,28456;0;0,28;0,28;WIN;2,0;4,0;8,14;Si;Si;4;25;0,4;66.0
6;ADAUSDT;2026-02-01 12:58;2026-02-01 13:03;0,28427199999999997;0,291;2,34;DOWN;0,2863;VA Breakout;0,2863;0;0,29;0,28;LOSS;-1,0;3,0;16,0;Si;Si;6;132;2,2;36.0
7;XRPUSDT;2026-02-01 12:59;2026-02-01 13:02;1,576403;1,6029;1,67;UP;1,6011;VA Breakout;1,6011;0;1,59;1,61;WIN;2,0;5,0;4,61;Si;Si;4;155;2,6;60.0
8;BTCUSDT;2026-02-01 12:59;2026-02-01 13:08;77058,54300000002;77785,609;0,94;UP;77719,0;VA Breakout;77719,0;0;77296,94;78141,06;WIN;2,0;7,0;3,95;Si;Si;10;114;1,9;61.0
9;GALAUSDT;2026-02-01 12:59;2026-02-01 13:02;0,004641;0,004722;1,73;UP;0,004704;VA Breakout;0,004704;0;0,0;0,0;WIN;2,0;9,0;8,12;Si;Si;4;133;2,2;60.0
10;SUIUSDT;2026-02-01 12:59;2026-02-01 13:01;1,0924075;1,1101509999999999;1,61;UP;1,1079;VA Breakout;1,1079;0;1,1;1,11;WIN;2,0;11,0;9,54;Si;Si;3;133;2,2;60.0
11;SOLUSDT;2026-02-01 12:59;2026-02-01 13:08;100,33189999999999;102,67415000000001;2,31;UP;102,36;VA Breakout;102,36;0;100,82;103,9;WIN;2,0;13,0;2,41;Si;No;10;155;2,6;57.0
12;DOGEUSDT;2026-02-01 12:59;2026-02-01 13:02;0,10281404999999998;0,10439530000000001;1,53;UP;0,10413;VA Breakout;0,10413;0;0,1;0,1;WIN;2,0;15,0;7,99;Si;Si;4;82;1,4;60.0
13;ETHUSDT;2026-02-01 13:01;2026-02-01 13:08;2292,2799499999996;2332,2793;1,73;UP;2321,39;VA Breakout;2321,39;0;2291,3;2351,48;WIN;2,0;17,0;2,47;Si;No;8;97;1,6;60.0
14;BTCUSDT;2026-02-01 13:45;2026-02-01 13:49;77946,0235;78248,0125;0,39;DOWN;77966,2;VA Breakout;77966,2;0;78163,96;77768,44;WIN;2,0;19,0;91,42;Si;Si;5;23;0,4;38.0
15;TRBUSDT;2026-02-01 13:45;2026-02-01 13:52;16,099;16,232264999999998;0,82;DOWN;16,128;VA Breakout;16,128;0;16,21;16,05;WIN;2,0;21,0;49,82;Si;Si;8;23;0,4;58.0
16;XRPUSDT;2026-02-01 14:44;2026-02-01 15:15;1,6002;1,6229819999999995;1,41;DOWN;1,6022;VA Breakout;1,6022;0;1,62;1,59;WIN;2,0;23,0;33,86;Si;Si;32;84;1,4;43.0
17;BTCUSDT;2026-02-01 14:44;2026-02-01 14:46;77470,0;77879,891;0,53;DOWN;77511,0;VA Breakout;77511,0;0;77835,29;77186,71;WIN;2,0;25,0;54,34;Si;Si;3;43;0,7;36.0
18;TRXUSDT;2026-02-01 14:44;2026-02-01 15:07;0,28587;0,28671;0,29;UP;0,28657;VA Breakout;0,28657;0;0,29;0,29;LOSS;-1,0;24,0;1,21;No;No;24;91;1,5;36.0
19;SOLUSDT;2026-02-01 14:44;2026-02-01 15:26;102,37720000000002;103,96619999999999;1,54;DOWN;102,41;VA Breakout;102,41;0;104,12;100,7;WIN;2,0;26,0;20,51;Si;Si;43;84;1,4;35.0
20;DOGEUSDT;2026-02-01 14:44;2026-02-01 14:45;0,1045355;0,10583055000000001;1,23;DOWN;0,1046;VA Breakout;0,1046;0;0,11;0,1;WIN;2,0;28,0;52,52;Si;Si;2;84;1,4;39.0
21;ETHUSDT;2026-02-01 14:45;2026-02-01 15:40;2329,7592500000005;2363,70195;1,45;DOWN;2322,38;VA Breakout;2322,38;0;2347,61;2297,15;LOSS;-1,0;27,0;23,07;Si;Si;56;82;1,4;61.0
22;GALAUSDT;2026-02-01 14:45;2026-02-01 14:56;0,004729515;0,00479795;1,44;DOWN;0,004735;VA Breakout;0,004735;0;0,0;0,0;WIN;2,0;29,0;52,74;Si;Si;12;84;1,4;60.0
23;SUIUSDT;2026-02-01 14:45;2026-02-01 15:26;1,1134499999999998;1,1289765;1,38;DOWN;1,1139;VA Breakout;1,1139;0;1,12;1,1;WIN;2,0;31,0;32,6;Si;Si;42;84;1,4;60.0
24;TRBUSDT;2026-02-01 14:45;2026-02-01 15:27;16,0;16,131659999999997;0,82;DOWN;15,967;VA Breakout;15,967;0;16,13;15,8;WIN;2,0;33,0;23,61;Si;Si;43;59;1,0;63.0
25;ADAUSDT;2026-02-01 14:45;2026-02-01 15:27;0,28747;0,29139849999999995;1,36;DOWN;0,2869;VA Breakout;0,2869;0;0,29;0,28;WIN;2,0;35,0;28,99;Si;Si;43;82;1,4;61.0
26;SOLUSDT;2026-02-01 15:24;2026-02-01 15:26;101,13;102,01205;0,87;DOWN;101,1;VA Breakout;101,1;0;101,46;100,74;WIN;2,0;37,0;93,86;Si;Si;3;38;0,6;63.0
27;TRBUSDT;2026-02-01 15:25;2026-02-01 15:26;15,861;15,963;0,64;DOWN;15,892;VA Breakout;15,892;0;15,93;15,86;WIN;2,0;39,0;107,64;Si;Si;2;39;0,6;53.0
28;SUIUSDT;2026-02-01 15:26;2026-02-01 15:36;1,1066;1,1141;0,68;DOWN;1,1035;VA Breakout;1,1035;0;1,11;1,09;LOSS;-1,0;38,0;29,57;Si;Si;11;39;0,6;64.0
29;ADAUSDT;2026-02-01 15:26;2026-02-01 15:36;0,2855235;0,2875;0,69;DOWN;0,285;VA Breakout;0,285;0;0,29;0,28;LOSS;-1,0;37,0;30,63;Si;Si;11;41;0,7;64.0
30;XRPUSDT;2026-02-01 15:36;2026-02-01 15:40;1,5827;1,5965645;0,87;UP;1,5996;VA Breakout;1,5996;0;1,59;1,61;WIN;2,0;39,0;5,52;Si;Si;5;35;0,6;63.0
31;DOGEUSDT;2026-02-01 16:34;2026-02-01 16:36;0,10329874999999998;0,10404540000000001;0,72;UP;0,10394;VA Breakout;0,10394;0;0,1;0,1;WIN;2,0;41,0;14,55;Si;Si;3;30;0,5;64.0
32;SUIUSDT;2026-02-01 16:35;2026-02-01 16:45;1,100374;1,1082850000000002;0,72;UP;1,1088;VA Breakout;1,1088;0;1,1;1,12;LOSS;-1,0;40,0;8,34;Si;Si;11;22;0,3;63.0
33;SOLUSDT;2026-02-01 16:35;2026-02-01 17:09;100,14495000000001;100,89104999999999;0,74;UP;101,05;VA Breakout;101,05;0;100,3;101,8;WIN;2,0;42,0;6,72;Si;Si;35;21;0,3;63.0
34;ADAUSDT;2026-02-01 16:35;2026-02-01 16:56;0,2849115;0,28685600000000006;0,68;UP;0,2871;VA Breakout;0,2871;0;0,29;0,29;LOSS;-1,0;41,0;8,54;Si;Si;22;31;0,5;64.0
35;ETHUSDT;2026-02-01 16:55;2026-02-01 17:08;2290,0849999999996;2318,83;1,25;DOWN;2288,95;VA Breakout;2288,95;0;2303,37;2274,53;LOSS;-1,0;40,0;38,05;Si;Si;14;50;0,8;62.0
36;SUIUSDT;2026-02-01 17:08;2026-02-01 17:11;1,1005475000000002;1,1094574999999998;0,81;UP;1,1087;VA Breakout;1,1087;0;1,1;1,12;WIN;2,0;42,0;7,78;Si;Si;4;28;0,5;57.0
37;SOLUSDT;2026-02-01 17:08;2026-02-01 17:10;100,51;101,62389999999999;1,1;UP;101,54;VA Breakout;101,54;0;101,09;101,99;WIN;2,0;44,0;10,15;Si;Si;3;33;0,5;51.0
38;ADAUSDT;2026-02-01 17:08;2026-02-01 17:11;0,2851535;0,287251;0,73;UP;0,287;VA Breakout;0,287;0;0,29;0,29;WIN;2,0;46,0;11,19;Si;Si;4;28;0,5;51.0
39;DOGEUSDT;2026-02-01 17:08;2026-02-01 17:11;0,10336064999999998;0,10420460000000001;0,81;UP;0,10412;VA Breakout;0,10412;0;0,1;0,1;WIN;2,0;48,0;10,33;Si;Si;4;28;0,5;51.0
40;XRPUSDT;2026-02-01 17:09;2026-02-01 17:11;1,5822;1,597218;0,94;UP;1,5952;VA Breakout;1,5952;0;1,59;1,6;WIN;2,0;50,0;7,27;Si;Si;3;66;1,1;49.0
41;GALAUSDT;2026-02-01 17:11;2026-02-01 18:02;0,004682;0,004742;1,27;UP;0,004754;VA Breakout;0,004754;0;0,0;0,0;LOSS;-1,0;49,0;3,64;Si;Si;52;69;1,1;61.0
42;ETHUSDT;2026-02-01 18:00;2026-02-01 18:02;2308,6121;2328,7899;0,87;DOWN;2310,27;VA Breakout;2310,27;0;2321,1;2299,44;WIN;2,0;51,0;52,62;Si;Si;3;32;0,5;63.0
43;SOLUSDT;2026-02-01 18:00;2026-02-01 18:05;101,52565;102,41915;0,88;DOWN;101,35;VA Breakout;101,35;0;102,25;100,45;WIN;2,0;53,0;37,81;Si;Si;6;31;0,5;62.0
44;DOGEUSDT;2026-02-01 18:00;2026-02-01 18:01;0,1044543;0,10531595;0,82;DOWN;0,10436;VA Breakout;0,10436;0;0,1;0,1;WIN;2,0;55,0;40,15;Si;Si;2;31;0,5;62.0
45;BTCUSDT;2026-02-01 18:04;2026-02-01 18:05;76956,6;77595,36950000002;0,83;DOWN;77030,7;VA Breakout;77030,7;0;77443,89;76617,51;WIN;2,0;57,0;41,49;Si;Si;2;34;0,6;57.0
46;TRXUSDT;2026-02-01 19:58;2026-02-01 19:59;0,28478715;0,2854149;0,22;DOWN;0,28494;VA Breakout;0,28494;0;0,29;0,28;WIN;2,0;59,0;221,28;Si;Si;2;51;0,8;52.0
47;ETHUSDT;2026-02-01 20:07;2026-02-01 22:11;2285,3633;2329,2841;1,9;DOWN;2285,87;VA Breakout;2285,87;0;2323,96;2247,78;WIN;2,0;61,0;14,32;Si;Si;125;52;0,8;59.0
48;BTCUSDT;2026-02-01 20:07;2026-02-01 20:13;77405,38299999999;78215,82749999998;1,04;DOWN;77471,8;VA Breakout;77471,8;0;78094,14;76849,46;WIN;2,0;63,0;28,25;Si;Si;7;60;1,0;62.0
49;GALAUSDT;2026-02-01 20:07;2026-02-01 20:12;0,0047538599999999995;0,004821715;1,42;DOWN;0,004754;VA Breakout;0,004754;0;0,0;0,0;WIN;2,0;65,0;34,02;Si;Si;6;48;0,8;61.0
50;SUIUSDT;2026-02-01 20:07;2026-02-01 20:12;1,1091199999999999;1,1286975000000001;1,75;DOWN;1,1135;VA Breakout;1,1135;0;1,12;1,1;WIN;2,0;67,0;29,47;Si;Si;6;59;1,0;59.0
51;TRBUSDT;2026-02-01 20:07;2026-02-01 20:18;15,90331;16,140015;1,48;DOWN;15,925;VA Breakout;15,925;0;16,06;15,79;LOSS;-1,0;66,0;28,22;Si;Si;12;56;0,9;61.0
52;ADAUSDT;2026-02-01 20:07;2026-02-01 20:15;0,2884795;0,29233650000000005;1,33;DOWN;0,2884;VA Breakout;0,2884;0;0,29;0,29;WIN;2,0;68,0;21,99;Si;Si;9;51;0,8;62.0
53;DOGEUSDT;2026-02-01 20:09;2026-02-01 20:23;0,10322;0,10629969999999997;2,94;DOWN;0,10426;VA Breakout;0,10426;0;0,11;0,1;LOSS;-1,0;67,0;23,47;Si;Si;15;95;1,6;55.0
54;XRPUSDT;2026-02-01 20:10;2026-02-01 22:16;1,5777;1,6200995;2,65;DOWN;1,5894;VA Breakout;1,5894;0;1,62;1,56;WIN;2,0;69,0;15,89;Si;Si;127;90;1,5;55.0
55;SOLUSDT;2026-02-01 20:11;2026-02-01 20:29;99,61;102,98804999999999;3,33;DOWN;100,96;VA Breakout;100,96;0;103,06;98,86;LOSS;-1,0;68,0;16,05;Si;Si;19;90;1,5;36.0
56;TRBUSDT;2026-02-01 21:27;2026-02-01 21:35;16,0;16,22842;1,42;UP;16,189;VA Breakout;16,189;0;16,08;16,3;LOSS;-1,0;67,0;4,63;Si;Si;9;60;1,0;61.0
57;BTCUSDT;2026-02-01 21:56;2026-02-01 22:15;76605,7;77888,5305;1,66;DOWN;76623,0;VA Breakout;76623,0;0;77479,41;75766,59;WIN;2,0;69,0;19,54;Si;Si;20;95;1,6;34.0
58;SUIUSDT;2026-02-01 22:09;2026-02-01 22:21;1,1050245;1,1314459999999997;2,36;DOWN;1,1068;VA Breakout;1,1068;0;1,13;1,08;WIN;2,0;71,0;11,47;Si;Si;13;108;1,8;33.0
59;DOGEUSDT;2026-02-01 22:09;2026-02-01 22:21;0,1033915;0,10610220000000002;2,59;DOWN;0,10371;VA Breakout;0,10371;0;0,11;0,1;WIN;2,0;73,0;9,31;Si;Si;13;107;1,8;31.0
60;ETHUSDT;2026-02-02 00:05;2026-02-02 00:26;2229,7708500000003;2272,8718999999996;1,91;DOWN;2232,24;VA Breakout;2232,24;0;2271,47;2193,01;WIN;2,0;75,0;12,54;Si;Si;22;44;0,7;59.0
61;TRXUSDT;2026-02-02 00:05;2026-02-02 00:09;0,2825622;0,28312954999999995;0,2;DOWN;0,28266;VA Breakout;0,28266;0;0,28;0,28;WIN;2,0;77,0;44,35;Si;Si;5;29;0,5;67.0
62;DOGEUSDT;2026-02-02 00:05;2026-02-02 00:26;0,10297;0,10508315000000001;2,03;DOWN;0,10301;VA Breakout;0,10301;0;0,11;0,1;WIN;2,0;79,0;11,5;Si;Si;22;41;0,7;58.0
63;BTCUSDT;2026-02-02 00:14;2026-02-02 02:09;75422,9;76628,64600000001;1,59;DOWN;75481,1;VA Breakout;75481,1;0;76808,68;74153,52;LOSS;-1,0;78,0;11,75;Si;Si;116;53;0,9;45.0
64;BTCUSDT;2026-02-02 01:14;2026-02-02 01:37;74856,2;75650,928;1,06;UP;75595,5;VA Breakout;75595,5;0;75006,88;76184,12;LOSS;-1,0;77,0;6,44;Si;Si;24;60;1,0;58.0
65;SOLUSDT;2026-02-02 01:15;2026-02-02 01:16;97,53;98,74;1,23;UP;98,65;VA Breakout;98,65;0;97,94;99,36;WIN;2,0;79,0;10,46;Si;Si;2;37;0,6;44.0
66;XRPUSDT;2026-02-02 01:16;2026-02-02 01:37;1,5324;1,5540965;1,41;UP;1,5645;VA Breakout;1,5645;0;1,54;1,59;LOSS;-1,0;78,0;3,42;Si;Si;22;37;0,6;62.0
67;TRXUSDT;2026-02-02 01:16;2026-02-02 01:25;0,28131609999999996;0,28177175000000004;0,16;UP;0,28207;VA Breakout;0,28207;0;0,28;0,28;LOSS;-1,0;77,0;8,4;Si;Si;10;36;0,6;68.0
68;GALAUSDT;2026-02-02 01:16;2026-02-02 01:36;0,004564;0,004635;1,54;UP;0,004654;VA Breakout;0,004654;0;0,0;0,0;LOSS;-1,0;76,0;3,21;Si;Si;21;50;0,8;61.0
69;ADAUSDT;2026-02-02 01:16;2026-02-02 01:37;0,2768805;0,2813;1,58;UP;0,2817;VA Breakout;0,2817;0;0,28;0,29;LOSS;-1,0;75,0;4,15;Si;Si;22;50;0,8;62.0
70;DOGEUSDT;2026-02-02 01:16;2026-02-02 01:35;0,10020574999999998;0,10121334999999998;1,0;UP;0,10175;VA Breakout;0,10175;0;0,1;0,1;LOSS;-1,0;74,0;6,3;Si;Si;20;25;0,4;64.0
71;ETHUSDT;2026-02-02 01:34;2026-02-02 01:37;2182,26625;2211,71625;1,34;DOWN;2181,67;VA Breakout;2181,67;0;2200,74;2162,6;WIN;2,0;76,0;23,15;Si;Si;4;56;0,9;62.0
72;TRXUSDT;2026-02-02 03:22;2026-02-02 07:34;0,28301395;0,28462;0,57;UP;0,28404;VA Breakout;0,28404;0;0,28;0,29;LOSS;-1,0;75,0;3,2;Si;Si;253;77;1,3;56.0
73;TRXUSDT;2026-02-02 04:02;2026-02-02 04:40;0,28339695;0,28412;0,25;UP;0,28391;VA Breakout;0,28391;0;0,28;0,28;LOSS;-1,0;74,0;6,9;Si;Si;39;40;0,7;53.0
74;ETHUSDT;2026-02-02 04:25;2026-02-02 04:29;2205,92275;2258,5222999999996;2,36;UP;2253,88;VA Breakout;2253,88;0;2233,99;2273,77;WIN;2,0;76,0;7,13;Si;Si;5;164;2,7;47.0
75;BTCUSDT;2026-02-02 04:25;2026-02-02 04:33;76043,32299999999;77146,9;1,44;UP;77003,5;VA Breakout;77003,5;0;76571,91;77435,09;WIN;2,0;78,0;5,52;Si;Si;9;164;2,7;51.0
76;TRXUSDT;2026-02-02 06:17;2026-02-02 06:17;0,28349320000000006;0,28391275;0,15;UP;0,28386;VA Breakout;0,28386;0;0,28;0,28;LOSS;-1,0;77,0;12,85;Si;Si;1;43;0,7;65.0
77;TRBUSDT;2026-02-02 06:29;2026-02-02 06:30;15,893935000000003;16,158619999999996;1,65;DOWN;16,02;VA Breakout;16,02;0;16,07;15,97;LOSS;-1,0;76,0;73,88;Si;Si;2;267;4,4;60.0
78;ETHUSDT;2026-02-02 07:15;2026-02-02 07:25;2268,45905;2301,9824;1,47;UP;2293,65;VA Breakout;2293,65;0;2271,62;2315,68;WIN;2,0;78,0;4,63;Si;Si;11;146;2,4;61.0
79;ADAUSDT;2026-02-02 07:18;2026-02-04 17:06;0,2817005000000001;0,2946295;4,49;UP;0,2939;VA Breakout;0,2939;0;0,28;0,31;LOSS;-1,0;77,0;0,84;No;No;3469;337;5,6;49.0
80;BTCUSDT;2026-02-02 07:20;2026-02-02 07:25;77353,142;77994,2;0,83;UP;77973,9;VA Breakout;77973,9;0;77594,02;78353,78;WIN;2,0;79,0;3,72;Si;Si;6;156;2,6;56.0
81;SUIUSDT;2026-02-02 07:20;2026-02-02 09:35;1,0930084999999998;1,1303;3,35;UP;1,1254;VA Breakout;1,1254;0;1,1;1,15;WIN;2,0;81,0;1,58;No;No;136;338;5,6;36.0
82;DOGEUSDT;2026-02-02 07:20;2026-02-02 10:17;0,10217419999999999;0,10556;3,26;UP;0,10551;VA Breakout;0,10551;0;0,1;0,11;WIN;2,0;83,0;1,5;No;No;178;339;5,6;47.0
83;SUIUSDT;2026-02-02 07:52;2026-02-02 07:56;1,1269680000000002;1,1321509999999997;0,46;UP;1,1317;VA Breakout;1,1317;0;1,13;1,14;WIN;2,0;85,0;9,59;Si;Si;5;27;0,4;43.0
84;GALAUSDT;2026-02-02 07:54;2026-02-02 09:22;0,004639855000000001;0,004766;2,68;UP;0,004766;VA Breakout;0,004766;0;0,0;0,0;WIN;2,0;87,0;5,17;Si;Si;89;366;6,1;56.0
85;DOGEUSDT;2026-02-02 08:18;2026-02-02 08:20;0,10555989999999997;0,10617;0,58;UP;0,10604;VA Breakout;0,10604;0;0,11;0,11;WIN;2,0;89,0;21,49;Si;Si;3;50;0,8;64.0
86;XRPUSDT;2026-02-02 08:19;2026-02-02 08:36;1,6364;1,6462269999999997;0,6;UP;1,6456;VA Breakout;1,6456;0;1,64;1,66;LOSS;-1,0;88,0;1,17;No;No;18;34;0,6;63.0
87;ADAUSDT;2026-02-02 08:19;2026-02-02 08:59;0,2944;0,2961;0,58;UP;0,2956;VA Breakout;0,2956;0;0,29;0,3;WIN;2,0;90,0;7,11;Si;Si;41;59;1,0;64.0
88;SOLUSDT;2026-02-02 08:33;2026-02-02 08:52;99,72755000000001;103,62;3,83;UP;103,32;VA Breakout;103,32;0;102,97;103,67;LOSS;-1,0;89,0;7,75;Si;Si;20;409;6,8;50.0
89;BTCUSDT;2026-02-02 08:54;2026-02-02 08:56;77709,38449999999;78058,5;0,45;UP;77967,7;VA Breakout;77967,7;0;77786,73;78148,67;WIN;2,0;91,0;7,85;Si;Si;3;83;1,4;40.0
90;XRPUSDT;2026-02-02 09:06;2026-02-02 09:10;1,6318;1,6449505;0,8;DOWN;1,6344;VA Breakout;1,6344;0;1,64;1,63;WIN;2,0;93,0;73,63;Si;Si;5;41;0,7;36.0
91;DOGEUSDT;2026-02-02 09:09;2026-02-02 09:10;0,10620399999999999;0,10685;0,61;DOWN;0,10627;VA Breakout;0,10627;0;0,11;0,11;WIN;2,0;95,0;95,75;Si;Si;2;34;0,6;42.0
92;SUIUSDT;2026-02-02 09:10;2026-02-02 09:30;1,130168;1,1443;1,24;DOWN;1,1327;VA Breakout;1,1327;0;1,14;1,13;LOSS;-1,0;94,0;47,14;Si;Si;21;69;1,1;61.0
93;ETHUSDT;2026-02-02 09:11;2026-02-02 09:30;2294,2637;2334,49;1,74;DOWN;2301,73;VA Breakout;2301,73;0;2328,78;2274,68;LOSS;-1,0;93,0;20,76;Si;Si;20;97;1,6;60.0
94;ADAUSDT;2026-02-02 09:26;2026-02-02 09:30;0,2950979999999999;0,2973;0,74;UP;0,2971;VA Breakout;0,2971;0;0,3;0,3;WIN;2,0;95,0;4,99;Si;Si;5;64;1,1;47.0
95;GALAUSDT;2026-02-02 09:29;2026-02-02 09:30;0,004753;0,004806;1,11;UP;0,00479;VA Breakout;0,00479;0;0,0;0,0;WIN;2,0;97,0;12,34;Si;Si;2;95;1,6;49.0
96;TRXUSDT;2026-02-02 11:37;2026-02-02 11:45;0,2843131;0,28467489999999995;0,13;DOWN;0,28421;VA Breakout;0,28421;0;0,28;0,28;WIN;2,0;99,0;68,21;Si;Si;9;21;0,3;67.0
97;ETHUSDT;2026-02-02 11:45;2026-02-02 12:41;2357,0894999999996;2389,6274000000003;1,37;DOWN;2363,63;VA Breakout;2363,63;0;2382,48;2344,78;WIN;2,0;101,0;33,07;Si;Si;57;74;1,2;62.0
98;GALAUSDT;2026-02-02 12:35;2026-02-02 14:52;0,004847205;0,004917005;1,43;DOWN;0,004854;VA Breakout;0,004854;0;0,0;0,0;WIN;2,0;103,0;32,55;Si;Si;138;115;1,9;48.0
99;ETHUSDT;2026-02-02 12:38;2026-02-02 12:41;2358,69;2381,08625;0,95;DOWN;2363,44;VA Breakout;2363,44;0;2375,53;2351,35;WIN;2,0;105,0;51,55;Si;Si;4;38;0,6;52.0
100;DOGEUSDT;2026-02-02 12:38;2026-02-02 13:22;0,10830070000000001;0,11009935;1,65;DOWN;0,10864;VA Breakout;0,10864;0;0,11;0,11;WIN;2,0;107,0;30,29;Si;Si;45;118;1,9;58.0
101;XRPUSDT;2026-02-02 12:41;2026-02-02 14:54;1,6257439999999999;1,6557;1,83;DOWN;1,6378;VA Breakout;1,6378;0;1,65;1,62;WIN;2,0;109,0;40,33;Si;Si;134;171;2,8;58.0
102;GALAUSDT;2026-02-02 13:31;2026-02-02 13:32;0,0048171;0,004842465;0,53;UP;0,004842;VA Breakout;0,004842;0;0,0;0,0;WIN;2,0;111,0;9,17;Si;Si;2;37;0,6;64.0
103;SUIUSDT;2026-02-02 13:31;2026-02-02 15:35;1,1411;1,1614229999999999;1,77;DOWN;1,147;VA Breakout;1,147;0;1,16;1,14;WIN;2,0;113,0;36,4;Si;Si;125;183;3,0;59.0
104;ADAUSDT;2026-02-02 13:32;2026-02-02 15:39;0,297717;0,3026825;1,65;UP;0,3022;VA Breakout;0,3022;0;0,3;0,31;LOSS;-1,0;112,0;0,87;No;No;128;215;3,6;60.0
105;DOGEUSDT;2026-02-02 13:32;2026-02-02 14:37;0,10779;0,10870755;0,85;UP;0,10854;VA Breakout;0,10854;0;0,11;0,11;LOSS;-1,0;111,0;2,57;Si;No;66;53;0,9;63.0
106;ADAUSDT;2026-02-02 14:24;2026-02-02 14:34;0,30113899999999993;0,303068;0,64;DOWN;0,3013;VA Breakout;0,3013;0;0,3;0,3;WIN;2,0;113,0;112,11;Si;Si;11;48;0,8;57.0
107;XRPUSDT;2026-02-02 14:29;2026-02-02 14:47;1,6341;1,6464405000000002;0,75;DOWN;1,6348;VA Breakout;1,6348;0;1,64;1,63;WIN;2,0;115,0;56,34;Si;Si;19;112;1,9;32.0
108;XRPUSDT;2026-02-02 15:33;2026-02-02 15:59;1,6187;1,6331445;0,89;DOWN;1,621;VA Breakout;1,621;0;1,63;1,61;WIN;2,0;117,0;60,5;Si;Si;27;61;1,0;59.0
109;GALAUSDT;2026-02-02 15:33;2026-02-02 16:01;0,004792;0,004865345;1,52;DOWN;0,004795;VA Breakout;0,004795;0;0,0;0,0;LOSS;-1,0;116,0;49,63;Si;Si;29;120;2,0;60.0
110;SUIUSDT;2026-02-02 15:33;2026-02-02 16:03;1,1387;1,1526985;1,22;DOWN;1,1393;VA Breakout;1,1393;0;1,15;1,13;LOSS;-1,0;115,0;51,15;Si;Si;31;120;2,0;57.0
111;ADAUSDT;2026-02-02 15:33;2026-02-02 15:39;0,29961299999999996;0,3012;0,53;DOWN;0,2997;VA Breakout;0,2997;0;0,3;0,3;WIN;2,0;117,0;77,27;Si;Si;7;64;1,1;54.0
112;ETHUSDT;2026-02-02 15:59;2026-02-02 17:07;2309,8611499999997;2360,6387999999997;2,17;DOWN;2319,86;VA Breakout;2319,86;0;2349,97;2289,75;LOSS;-1,0;116,0;19,25;Si;Si;69;201;3,3;32.0
113;SUIUSDT;2026-02-02 15:59;2026-02-02 16:03;1,1353520000000001;1,1415;0,54;UP;1,1407;VA Breakout;1,1407;0;1,14;1,15;WIN;2,0;118,0;4,86;Si;Si;5;27;0,4;51.0
114;SOLUSDT;2026-02-02 15:59;2026-02-03 09:51;103,19125;105,88719999999999;2,58;DOWN;103,75;VA Breakout;103,75;0;106,02;101,48;WIN;2,0;120,0;16,03;Si;Si;1073;339;5,6;55.0
115;GALAUSDT;2026-02-02 16:00;2026-02-02 16:01;0,0047848000000000005;0,004811;0,55;UP;0,004807;VA Breakout;0,004807;0;0,0;0,0;WIN;2,0;122,0;11,96;Si;Si;2;28;0,5;64.0
116;TRBUSDT;2026-02-02 16:00;2026-02-02 16:02;16,02553;16,09;0,4;UP;16,078;VA Breakout;16,078;0;16,04;16,11;WIN;2,0;124,0;17,96;Si;Si;3;29;0,5;65.0
117;DOGEUSDT;2026-02-02 16:06;2026-02-02 17:12;0,10691175;0,1085626;1,53;UP;0,10793;VA Breakout;0,10793;0;0,11;0,11;WIN;2,0;126,0;4,2;Si;Si;67;139;2,3;45.0
118;XRPUSDT;2026-02-02 16:35;2026-02-02 17:06;1,6125;1,62243;0,61;UP;1,6221;VA Breakout;1,6221;0;1,62;1,63;WIN;2,0;128,0;2,32;Si;No;32;33;0,5;63.0
119;XRPUSDT;2026-02-02 17:05;2026-02-02 17:11;1,619153;1,6265319999999999;0,45;UP;1,6262;VA Breakout;1,6262;0;1,62;1,63;WIN;2,0;130,0;1,83;No;No;7;33;0,5;60.0
120;ETHUSDT;2026-02-02 17:31;2026-02-02 19:04;2325,588849999999;2351,55;1,11;UP;2346,32;VA Breakout;2346,32;0;2335,68;2356,96;LOSS;-1,0;129,0;1,14;No;No;94;90;1,5;62.0
121;ADAUSDT;2026-02-02 18:00;2026-02-02 19:07;0,29934249999999996;0,3012655;0,64;DOWN;0,2995;VA Breakout;0,2995;0;0,3;0,3;WIN;2,0;131,0;54,72;Si;Si;68;119;2,0;63.0
122;SOLUSDT;2026-02-02 18:21;2026-02-02 19:01;104,2338;105,103;0,83;DOWN;104,55;VA Breakout;104,55;0;104,87;104,23;WIN;2,0;133,0;115,2;Si;Si;41;137;2,3;62.0
123;DOGEUSDT;2026-02-02 18:22;2026-02-02 19:07;0,10763640000000001;0,1086;0,89;DOWN;0,10801;VA Breakout;0,10801;0;0,11;0,11;WIN;2,0;135,0;64,83;Si;Si;46;138;2,3;59.0
124;BTCUSDT;2026-02-02 18:35;2026-02-02 18:36;78543,795;78835,6065;0,37;UP;78780,3;VA Breakout;78780,3;0;78724,12;78836,48;WIN;2,0;137,0;7,07;Si;Si;2;81;1,3;63.0
125;SUIUSDT;2026-02-02 18:35;2026-02-02 19:05;1,141593;1,1511;0,83;UP;1,1499;VA Breakout;1,1499;0;1,15;1,15;LOSS;-1,0;136,0;3,51;Si;Si;31;141;2,3;62.0
126;ETHUSDT;2026-02-02 18:38;2026-02-02 18:42;2339,1;2354,08;0,64;UP;2352,49;VA Breakout;2352,49;0;2348,55;2356,43;LOSS;-1,0;135,0;1,53;No;No;5;64;1,1;56.0
127;XRPUSDT;2026-02-02 19:00;2026-02-02 19:02;1,6164650000000003;1,6280335;0,71;DOWN;1,6192;VA Breakout;1,6192;0;1,62;1,62;WIN;2,0;137,0;168,1;Si;Si;3;106;1,8;51.0
128;GALAUSDT;2026-02-02 19:00;2026-02-02 19:07;0,004793;0,00484;0,98;DOWN;0,0048;VA Breakout;0,0048;0;0,0;0,0;WIN;2,0;139,0;42,94;Si;Si;8;180;3,0;62.0
129;TRBUSDT;2026-02-02 19:03;2026-02-02 19:04;16,125;16,161210000000004;0,22;DOWN;16,132;VA Breakout;16,132;0;16,16;16,11;WIN;2,0;141,0;152,02;Si;Si;2;24;0,4;64.0
130;ADAUSDT;2026-02-02 19:05;2026-02-02 19:12;0,29839800000000005;0,2998085;0,47;DOWN;0,2984;VA Breakout;0,2984;0;0,3;0,3;WIN;2,0;143,0;104,83;Si;Si;8;66;1,1;61.0
131;BTCUSDT;2026-02-02 19:57;2026-02-02 20:02;78743,963;78965,2;0,28;UP;78984,5;VA Breakout;78984,5;0;78835,42;79133,58;WIN;2,0;145,0;1,3;No;No;6;31;0,5;63.0
132;ADAUSDT;2026-02-02 21:05;2026-02-02 21:11;0,29783400000000004;0,2998;0,66;DOWN;0,2985;VA Breakout;0,2985;0;0,3;0,3;WIN;2,0;147,0;58,14;Si;Si;7;45;0,7;61.0
133;DOGEUSDT;2026-02-02 21:06;2026-02-02 21:10;0,10744;0,10790649999999999;0,43;DOWN;0,10755;VA Breakout;0,10755;0;0,11;0,11;WIN;2,0;149,0;136,59;Si;Si;5;29;0,5;39.0
134;ETHUSDT;2026-02-02 21:07;2026-02-02 21:11;2341,5596999999993;2355,5283499999996;0,59;DOWN;2340,75;VA Breakout;2340,75;0;2351,6;2329,9;WIN;2,0;151,0;55,34;Si;Si;5;41;0,7;64.0
135;BTCUSDT;2026-02-02 21:07;2026-02-02 21:10;78703,3975;79016,99399999999;0,4;DOWN;78733,1;VA Breakout;78733,1;0;78908,46;78557,74;WIN;2,0;153,0;107,47;Si;Si;4;51;0,8;63.0
136;XRPUSDT;2026-02-02 21:10;2026-02-02 21:10;1,6071805;1,6171;0,62;DOWN;1,6078;VA Breakout;1,6078;0;1,61;1,61;LOSS;-1,0;152,0;256,63;Si;Si;1;40;0,7;63.0
137;TRXUSDT;2026-02-02 22:55;2026-02-02 22:57;0,28272955;0,28308;0,12;UP;0,28303;VA Breakout;0,28303;0;0,28;0,28;WIN;2,0;154,0;17,01;Si;Si;3;40;0,7;66.0
138;DOGEUSDT;2026-02-02 23:39;2026-02-02 23:41;0,10679185;0,107508;0,67;UP;0,10746;VA Breakout;0,10746;0;0,11;0,11;WIN;2,0;156,0;12,48;Si;Si;3;65;1,1;63.0
139;ETHUSDT;2026-02-02 23:40;2026-02-02 23:42;2331,3457;2348,4570499999995;0,73;UP;2346,09;VA Breakout;2346,09;0;2339,12;2353,06;WIN;2,0;158,0;1,14;No;No;3;43;0,7;64.0
140;XRPUSDT;2026-02-02 23:40;2026-02-03 00:19;1,6027959999999999;1,6161429999999999;0,83;UP;1,6181;VA Breakout;1,6181;0;1,61;1,63;LOSS;-1,0;157,0;1,61;No;No;40;68;1,1;62.0
141;ADAUSDT;2026-02-03 00:09;2026-02-03 00:12;0,3002;0,30184550000000004;0,55;DOWN;0,3004;VA Breakout;0,3004;0;0,3;0,3;WIN;2,0;159,0;65,25;Si;Si;4;29;0,5;60.0
142;ADAUSDT;2026-02-03 00:53;2026-02-03 00:55;0,29844000000000004;0,2997445;0,44;DOWN;0,2986;VA Breakout;0,2986;0;0,3;0,3;WIN;2,0;161,0;122,82;Si;Si;3;30;0,5;48.0
143;DOGEUSDT;2026-02-03 00:53;2026-02-03 00:55;0,1068781;0,10729525000000002;0,39;DOWN;0,1069;VA Breakout;0,1069;0;0,11;0,11;WIN;2,0;163,0;115,55;Si;Si;3;42;0,7;52.0
144;GALAUSDT;2026-02-03 00:54;2026-02-03 00:58;0,004777915;0,0047942950000000005;0,34;DOWN;0,004775;VA Breakout;0,004775;0;0,0;0,0;WIN;2,0;165,0;91,88;Si;Si;5;29;0,5;65.0
145;TRBUSDT;2026-02-03 00:54;2026-02-03 01:07;16,105869999999996;16,191;0,53;DOWN;16,11;VA Breakout;16,11;0;16,19;16,03;WIN;2,0;167,0;52,11;Si;Si;14;39;0,6;65.0
146;ETHUSDT;2026-02-03 00:55;2026-02-03 01:07;2319,42405;2328,5285;0,39;DOWN;2317,82;VA Breakout;2317,82;0;2329,08;2306,56;WIN;2,0;169,0;51,27;Si;Si;13;23;0,4;65.0
147;XRPUSDT;2026-02-03 00:55;2026-02-03 01:07;1,6082764999999999;1,6154045;0,44;DOWN;1,6071;VA Breakout;1,6071;0;1,62;1,6;WIN;2,0;171,0;60,17;Si;Si;13;43;0,7;63.0
148;SOLUSDT;2026-02-03 00:55;2026-02-03 01:05;103,75005000000002;104,15645;0,39;DOWN;103,74;VA Breakout;103,74;0;103,98;103,5;WIN;2,0;173,0;154,2;Si;Si;11;33;0,5;63.0
149;BTCUSDT;2026-02-03 00:56;2026-02-03 00:57;78281,837;78485,66849999999;0,26;DOWN;78317,6;VA Breakout;78317,6;0;78409,99;78225,22;WIN;2,0;175,0;199,49;Si;Si;2;35;0,6;55.0
150;SUIUSDT;2026-02-03 01:03;2026-02-03 01:07;1,1367;1,142493;0,51;DOWN;1,1372;VA Breakout;1,1372;0;1,14;1,13;WIN;2,0;177,0;78,89;Si;Si;5;43;0,7;37.0
151;XRPUSDT;2026-02-03 02:30;2026-02-03 02:32;1,6058814999999997;1,6165;0,66;UP;1,6135;VA Breakout;1,6135;0;1,61;1,62;WIN;2,0;179,0;4,36;Si;Si;3;63;1,0;40.0
152;SOLUSDT;2026-02-03 02:32;2026-02-03 04:11;103,59980000000002;104,3625;0,73;UP;104,36;VA Breakout;104,36;0;103,63;105,09;LOSS;-1,0;178,0;0,87;No;No;100;65;1,1;51.0
153;GALAUSDT;2026-02-03 02:34;2026-02-03 02:36;0,004766;0,004793;0,56;UP;0,004791;VA Breakout;0,004791;0;0,0;0,0;WIN;2,0;180,0;12,09;Si;Si;3;64;1,1;64.0
154;GALAUSDT;2026-02-03 03:09;2026-02-03 03:25;0,00477;0,004794339999999999;0,51;DOWN;0,004774;VA Breakout;0,004774;0;0,0;0,0;LOSS;-1,0;179,0;64,2;Si;Si;17;34;0,6;64.0
155;BTCUSDT;2026-02-03 03:10;2026-02-03 03:25;78398,40650000001;78886,81250000001;0,62;DOWN;78596,0;VA Breakout;78596,0;0;78803,45;78388,55;LOSS;-1,0;178,0;90,18;Si;Si;16;98;1,6;62.0
156;XRPUSDT;2026-02-03 03:23;2026-02-03 03:23;1,612019;1,6202699999999999;0,51;UP;1,6189;VA Breakout;1,6189;0;1,62;1,62;LOSS;-1,0;177,0;9,61;Si;Si;1;47;0,8;53.0
157;DOGEUSDT;2026-02-03 03:23;2026-02-03 03:25;0,10781;0,1084494;0,59;UP;0,10845;VA Breakout;0,10845;0;0,11;0,11;WIN;2,0;179,0;4,39;Si;Si;3;47;0,8;62.0
158;SUIUSDT;2026-02-03 03:25;2026-02-03 03:32;1,1417;1,1507650000000003;0,79;UP;1,1507;VA Breakout;1,1507;0;1,15;1,15;LOSS;-1,0;178,0;3,79;Si;Si;8;72;1,2;63.0
159;TRBUSDT;2026-02-03 03:25;2026-02-03 04:11;16,17033;16,261305;0,56;UP;16,299;VA Breakout;16,299;0;16,2;16,39;LOSS;-1,0;177,0;4,09;Si;Si;47;47;0,8;64.0
160;ETHUSDT;2026-02-03 03:26;2026-02-03 03:55;2311,81;2332,29;0,88;UP;2328,54;VA Breakout;2328,54;0;2315,35;2341,73;LOSS;-1,0;176,0;1,14;No;No;30;120;2,0;51.0
161;TRXUSDT;2026-02-03 03:43;2026-02-03 03:56;0,28344;0,28375;0,11;UP;0,28391;VA Breakout;0,28391;0;0,28;0,28;LOSS;-1,0;175,0;8,17;Si;Si;14;75;1,2;65.0
162;SOLUSDT;2026-02-03 03:49;2026-02-03 03:55;104,16;104,93635;0,74;DOWN;104,42;VA Breakout;104,42;0;104,7;104,14;WIN;2,0;177,0;132,54;Si;Si;7;76;1,2;62.0
163;ETHUSDT;2026-02-03 03:51;2026-02-03 03:58;2319,8533;2330,785999999999;0,47;DOWN;2321,59;VA Breakout;2321,59;0;2330,1;2313,08;WIN;2,0;179,0;68,31;Si;Si;8;28;0,5;41.0
164;XRPUSDT;2026-02-03 03:51;2026-02-03 04:11;1,618665;1,6249535;0,39;DOWN;1,619;VA Breakout;1,619;0;1,62;1,61;WIN;2,0;181,0;101,62;Si;Si;21;29;0,5;48.0
165;ADAUSDT;2026-02-03 03:51;2026-02-03 04:13;0,2979;0,3004415;0,85;DOWN;0,2985;VA Breakout;0,2985;0;0,3;0,3;WIN;2,0;183,0;37,06;Si;Si;23;73;1,2;63.0
166;BTCUSDT;2026-02-03 04:10;2026-02-03 04:11;78624,15400000001;78823,666;0,25;DOWN;78554,8;VA Breakout;78554,8;0;78769,14;78340,46;WIN;2,0;185,0;87,09;Si;Si;2;20;0,3;63.0
167;GALAUSDT;2026-02-03 05:02;2026-02-03 06:48;0,004732279999999999;0,004755235;0,48;UP;0,004759;VA Breakout;0,004759;0;0,0;0,0;WIN;2,0;187,0;7,35;Si;Si;107;27;0,4;64.0
168;TRBUSDT;2026-02-03 05:02;2026-02-03 05:09;16,093125000000004;16,17129;0,48;UP;16,163;VA Breakout;16,163;0;16,11;16,21;WIN;2,0;189,0;10,68;Si;Si;8;28;0,5;65.0
169;BTCUSDT;2026-02-03 05:32;2026-02-03 06:32;78131,03700000001;78563,1495;0,55;DOWN;78229,5;VA Breakout;78229,5;0;78499,37;77959,63;WIN;2,0;191,0;67,96;Si;Si;61;57;0,9;62.0
170;DOGEUSDT;2026-02-03 05:33;2026-02-03 07:02;0,10668975;0,10754854999999999;0,8;DOWN;0,10678;VA Breakout;0,10678;0;0,11;0,11;WIN;2,0;193,0;69,48;Si;Si;90;61;1,0;63.0
171;ADAUSDT;2026-02-03 06:04;2026-02-03 07:13;0,2943675;0,2970925;0,92;UP;0,2963;VA Breakout;0,2963;0;0,29;0,3;WIN;2,0;195,0;4,04;Si;Si;70;84;1,4;63.0
172;GALAUSDT;2026-02-03 06:32;2026-02-03 06:48;0,004737544999999999;0,0047772199999999996;0,83;UP;0,004762;VA Breakout;0,004762;0;0,0;0,0;WIN;2,0;197,0;10,12;Si;Si;17;82;1,4;63.0
173;SUIUSDT;2026-02-03 06:33;2026-02-03 07:02;1,1273784999999998;1,1381095000000003;0,95;UP;1,136;VA Breakout;1,136;0;1,13;1,14;LOSS;-1,0;196,0;6,02;Si;Si;30;117;1,9;62.0
174;XRPUSDT;2026-02-03 06:35;2026-02-03 07:02;1,595746;1,6073;0,72;UP;1,6035;VA Breakout;1,6035;0;1,6;1,61;LOSS;-1,0;195,0;6,57;Si;Si;28;118;1,9;62.0
175;XRPUSDT;2026-02-03 06:59;2026-02-03 07:02;1,602027;1,6063230000000002;0,27;DOWN;1,6022;VA Breakout;1,6022;0;1,6;1,6;WIN;2,0;197,0;207,57;Si;Si;4;20;0,3;49.0
176;BTCUSDT;2026-02-03 06:59;2026-02-03 07:13;77945,4;78298,9;0,45;DOWN;78034,7;VA Breakout;78034,7;0;78206,0;77863,4;LOSS;-1,0;196,0;105,94;Si;Si;15;86;1,4;60.0
177;SOLUSDT;2026-02-03 07:02;2026-02-03 07:55;102,43;103,3619;0,91;DOWN;102,68;VA Breakout;102,68;0;103,26;102,1;LOSS;-1,0;195,0;61,09;Si;Si;54;146;2,4;62.0
178;TRBUSDT;2026-02-03 07:12;2026-02-03 07:12;16,117;16,26;0,88;UP;16,247;VA Breakout;16,247;0;16,18;16,32;LOSS;-1,0;194,0;6,47;Si;Si;1;129;2,1;64.0
179;ADAUSDT;2026-02-03 07:12;2026-02-03 07:55;0,29595449999999995;0,29777000000000003;0,61;UP;0,2982;VA Breakout;0,2982;0;0,3;0,3;WIN;2,0;196,0;4,47;Si;Si;44;71;1,2;64.0
180;DOGEUSDT;2026-02-03 07:18;2026-02-03 07:21;0,10627;0,1069768;0,66;UP;0,1069;VA Breakout;0,1069;0;0,11;0,11;WIN;2,0;198,0;24,13;Si;Si;4;99;1,6;42.0
181;ETHUSDT;2026-02-03 07:27;2026-02-03 08:37;2269,57;2300,0405499999997;1,33;UP;2291,41;VA Breakout;2291,41;0;2273,45;2309,37;WIN;2,0;200,0;2,9;Si;No;71;157;2,6;54.0
182;XRPUSDT;2026-02-03 08:20;2026-02-03 08:23;1,6013660000000003;1,6109;0,59;UP;1,607;VA Breakout;1,607;0;1,6;1,61;LOSS;-1,0;199,0;8,37;Si;Si;4;63;1,0;61.0
183;SOLUSDT;2026-02-03 08:22;2026-02-03 08:37;102,75104999999999;103,35;0,58;DOWN;102,85;VA Breakout;102,85;0;103,24;102,46;LOSS;-1,0;198,0;90,84;Si;Si;16;68;1,1;60.0
184;SUIUSDT;2026-02-03 08:29;2026-02-03 08:38;1,135787;1,1429;0,62;UP;1,1432;VA Breakout;1,1432;0;1,14;1,15;WIN;2,0;200,0;6,71;Si;Si;10;70;1,1;63.0
185;TRXUSDT;2026-02-03 08:44;2026-02-03 09:28;0,28265920000000005;0,28288;0,08;UP;0,28289;VA Breakout;0,28289;0;0,28;0,28;WIN;2,0;202,0;18,54;Si;Si;45;68;1,1;65.0
186;GALAUSDT;2026-02-03 08:56;2026-02-03 08:58;0,004785739999999999;0,0048032050000000005;0,36;UP;0,0048;VA Breakout;0,0048;0;0,0;0,0;WIN;2,0;204,0;11,32;Si;Si;3;32;0,5;35.0
187;DOGEUSDT;2026-02-03 08:56;2026-02-03 08:58;0,10751264999999999;0,10797510000000002;0,43;UP;0,10795;VA Breakout;0,10795;0;0,11;0,11;WIN;2,0;206,0;6,97;Si;Si;3;34;0,6;52.0
188;XRPUSDT;2026-02-03 09:00;2026-02-03 09:33;1,6050974999999996;1,6119;0,42;UP;1,6108;VA Breakout;1,6108;0;1,61;1,62;LOSS;-1,0;205,0;4,11;Si;Si;34;35;0,6;57.0
189;BTCUSDT;2026-02-03 09:17;2026-02-03 09:17;78039,42700000001;78407,6;0,47;DOWN;78083,4;VA Breakout;78083,4;0;78298,17;77868,63;LOSS;-1,0;204,0;84,72;Si;Si;1;130;2,1;63.0
190;GALAUSDT;2026-02-03 09:17;2026-02-03 09:39;0,00480564;0,00482106;0,32;DOWN;0,004796;VA Breakout;0,004796;0;0,0;0,0;WIN;2,0;206,0;48,76;Si;Si;23;20;0,3;65.0
191;SUIUSDT;2026-02-03 09:17;2026-02-03 09:26;1,1439894999999998;1,1478504999999999;0,34;DOWN;1,1419;VA Breakout;1,1419;0;1,15;1,14;LOSS;-1,0;205,0;61,37;Si;Si;10;20;0,3;65.0
192;SOLUSDT;2026-02-03 09:17;2026-02-03 09:36;102,90599999999999;103,45;0,53;DOWN;102,81;VA Breakout;102,81;0;103,28;102,34;WIN;2,0;207,0;75,25;Si;Si;20;43;0,7;63.0
193;ETHUSDT;2026-02-03 09:33;2026-02-03 09:43;2284,3652500000003;2314,8423000000003;1,33;DOWN;2289,55;VA Breakout;2289,55;0;2304,59;2274,51;WIN;2,0;209,0;36,53;Si;Si;11;125;2,1;62.0
194;ADAUSDT;2026-02-03 09:49;2026-02-03 09:54;0,2967;0,3001;1,14;DOWN;0,2974;VA Breakout;0,2974;0;0,3;0,3;WIN;2,0;211,0;33,52;Si;Si;6;134;2,2;39.0
195;ETHUSDT;2026-02-03 10:26;2026-02-03 11:30;2256,35585;2275,1001499999998;0,83;UP;2306,97;VA Breakout;2306,97;0;2245,92;2368,02;LOSS;-1,0;210,0;0,6;No;No;65;23;0,4;64.0
196;SOLUSDT;2026-02-03 11:13;2026-02-03 11:24;101,36;102,6152;1,23;DOWN;101,49;VA Breakout;101,49;0;102,51;100,47;WIN;2,0;212,0;33,62;Si;Si;12;24;0,4;33.0
197;BTCUSDT;2026-02-03 12:04;2026-02-03 12:11;76331,59150000001;77024,34550000001;0,9;DOWN;76372,9;VA Breakout;76372,9;0;76878,19;75867,61;WIN;2,0;214,0;32,62;Si;Si;8;42;0,7;38.0
198;ADAUSDT;2026-02-03 12:06;2026-02-03 12:14;0,2937485000000001;0,29858349999999995;1,63;DOWN;0,2945;VA Breakout;0,2945;0;0,3;0,29;WIN;2,0;216,0;20,23;Si;Si;9;44;0,7;38.0
199;SUIUSDT;2026-02-03 12:08;2026-02-03 12:17;1,1231155;1,1374315;1,27;DOWN;1,1237;VA Breakout;1,1237;0;1,13;1,11;WIN;2,0;218,0;33,84;Si;Si;10;52;0,8;36.0
200;XRPUSDT;2026-02-03 12:10;2026-02-03 12:17;1,5761;1,59575;1,24;DOWN;1,5785;VA Breakout;1,5785;0;1,59;1,57;WIN;2,0;220,0;38,53;Si;Si;8;49;0,8;54.0
201;TRBUSDT;2026-02-03 12:11;2026-02-03 12:36;15,884;16,03845;0,97;DOWN;15,897;VA Breakout;15,897;0;16,0;15,8;WIN;2,0;222,0;37,94;Si;Si;26;44;0,7;47.0
202;DOGEUSDT;2026-02-03 12:11;2026-02-03 12:16;0,10575824999999998;0,1073836;1,53;DOWN;0,10587;VA Breakout;0,10587;0;0,11;0,1;WIN;2,0;224,0;26,85;Si;Si;6;50;0,8;47.0
203;GALAUSDT;2026-02-03 12:36;2026-02-03 13:04;0,004638;0,004747425;2,33;DOWN;0,004654;VA Breakout;0,004654;0;0,0;0,0;WIN;2,0;226,0;16,44;Si;Si;29;81;1,3;56.0
204;BTCUSDT;2026-02-03 12:37;2026-02-03 12:43;75640,938;76075,597;0,57;DOWN;75588,3;VA Breakout;75588,3;0;75985,73;75190,87;WIN;2,0;228,0;39,5;Si;Si;7;27;0,4;69.0
205;SOLUSDT;2026-02-03 12:38;2026-02-03 13:13;99,6;101,2804;1,67;DOWN;99,74;VA Breakout;99,74;0;100,89;98,59;WIN;2,0;230,0;28,26;Si;Si;36;83;1,4;40.0
206;ETHUSDT;2026-02-03 12:39;2026-02-03 12:39;2216,0522;2268,9485499999996;2,36;DOWN;2218,83;VA Breakout;2218,83;0;2225,87;2211,79;LOSS;-1,0;229,0;67,94;Si;Si;1;82;1,4;58.0
207;DOGEUSDT;2026-02-03 12:40;2026-02-03 12:55;0,1049519;0,10590045;0,9;DOWN;0,10493;VA Breakout;0,10493;0;0,11;0,1;WIN;2,0;231,0;37,58;Si;Si;16;22;0,3;63.0
208;DOGEUSDT;2026-02-03 13:13;2026-02-03 13:19;0,1041097;0,1049533;0,81;DOWN;0,10418;VA Breakout;0,10418;0;0,1;0,1;WIN;2,0;233,0;33,76;Si;Si;7;23;0,4;57.0
209;SUIUSDT;2026-02-03 13:16;2026-02-03 13:21;1,0944435000000001;1,1046509999999998;0,93;DOWN;1,0951;VA Breakout;1,0951;0;1,1;1,09;WIN;2,0;235,0;41,78;Si;Si;6;24;0,4;40.0
210;SOLUSDT;2026-02-03 13:16;2026-02-03 13:21;98,42;99,5778;1,17;DOWN;98,67;VA Breakout;98,67;0;99,47;97,87;WIN;2,0;237,0;39,21;Si;Si;6;37;0,6;39.0
211;GALAUSDT;2026-02-03 13:17;2026-02-03 13:21;0,004571904999999999;0,004615035;0,94;DOWN;0,004572;VA Breakout;0,004572;0;0,0;0,0;WIN;2,0;239,0;28,3;Si;Si;5;26;0,4;49.0
212;TRBUSDT;2026-02-03 13:17;2026-02-03 13:21;15,501;15,65087;0,96;DOWN;15,539;VA Breakout;15,539;0;15,66;15,42;WIN;2,0;241,0;28,82;Si;Si;5;25;0,4;37.0
213;ADAUSDT;2026-02-03 13:17;2026-02-03 13:21;0,2859;0,28898599999999997;1,07;DOWN;0,2862;VA Breakout;0,2862;0;0,29;0,28;WIN;2,0;243,0;25,54;Si;Si;5;27;0,4;47.0
214;BTCUSDT;2026-02-03 13:19;2026-02-03 13:25;74522,1;75275,96099999998;1,01;DOWN;74714,1;VA Breakout;74714,1;0;75253,29;74174,91;WIN;2,0;245,0;27,5;Si;Si;7;39;0,6;43.0
215;XRPUSDT;2026-02-03 13:20;2026-02-03 13:46;1,5465;1,5651785000000003;1,2;DOWN;1,5495;VA Breakout;1,5495;0;1,56;1,53;WIN;2,0;247,0;29,38;Si;Si;27;29;0,5;61.0
216;TRBUSDT;2026-02-03 14:05;2026-02-03 14:06;15,264414999999998;15,406884999999997;0,93;UP;15,375;VA Breakout;15,375;0;15,3;15,45;WIN;2,0;249,0;17,84;Si;Si;2;24;0,4;42.0
217;GALAUSDT;2026-02-03 14:06;2026-02-03 14:10;0,004497;0,00455514;1,28;UP;0,004558;VA Breakout;0,004558;0;0,0;0,0;WIN;2,0;251,0;10,03;Si;Si;5;46;0,8;64.0
218;DOGEUSDT;2026-02-03 14:08;2026-02-03 14:10;0,10205865000000001;0,10362900000000001;1,53;UP;0,10351;VA Breakout;0,10351;0;0,1;0,1;WIN;2,0;253,0;12,83;Si;Si;3;46;0,8;62.0
219;XRPUSDT;2026-02-03 14:09;2026-02-03 14:10;1,526529;1,5472295;1,35;UP;1,5462;VA Breakout;1,5462;0;1,54;1,55;WIN;2,0;255,0;13,95;Si;Si;2;45;0,7;56.0
220;SUIUSDT;2026-02-03 14:09;2026-02-03 14:10;1,0722;1,0902535;1,67;UP;1,0891;VA Breakout;1,0891;0;1,08;1,09;WIN;2,0;257,0;16,54;Si;Si;2;45;0,7;46.0
221;ETHUSDT;2026-02-03 14:10;2026-02-03 14:11;2107,78245;2150,23115;1,99;UP;2147,61;VA Breakout;2147,61;0;2137,2;2158,02;WIN;2,0;259,0;18,83;Si;Si;2;48;0,8;57.0
222;ADAUSDT;2026-02-03 14:10;2026-02-03 14:11;0,28112;0,28604199999999996;1,74;UP;0,2863;VA Breakout;0,2863;0;0,28;0,29;WIN;2,0;261,0;7,96;Si;Si;2;48;0,8;57.0
223;SOLUSDT;2026-02-03 14:11;2026-02-03 14:19;96,61;98,27375;1,71;UP;98,53;VA Breakout;98,53;0;97,52;99,54;WIN;2,0;263,0;3,49;Si;Si;9;47;0,8;62.0
224;TRBUSDT;2026-02-03 15:03;2026-02-03 15:25;15,892055000000001;16,074585;1,14;DOWN;15,893;VA Breakout;15,893;0;16,05;15,74;LOSS;-1,0;262,0;23,88;Si;Si;23;30;0,5;62.0
225;DOGEUSDT;2026-02-03 15:04;2026-02-03 15:23;0,10564029999999998;0,10688149999999999;1,17;DOWN;0,10568;VA Breakout;0,10568;0;0,11;0,1;LOSS;-1,0;261,0;31,87;Si;Si;20;36;0,6;63.0
226;ETHUSDT;2026-02-03 15:17;2026-02-03 15:19;2166,7615;2213,4552;2,13;UP;2201,32;VA Breakout;2201,32;0;2187,87;2214,77;WIN;2,0;263,0;10,57;Si;Si;3;66;1,1;59.0
227;TRXUSDT;2026-02-03 15:18;2026-02-03 15:27;0,28334580000000004;0,28377275;0,15;UP;0,28381;VA Breakout;0,28381;0;0,28;0,28;WIN;2,0;265,0;9,5;Si;Si;10;28;0,5;66.0
228;BTCUSDT;2026-02-03 15:22;2026-02-03 15:25;74407,24299999999;75223,18800000001;1,09;UP;75168,5;VA Breakout;75168,5;0;74774,57;75562,43;WIN;2,0;267,0;4,63;Si;Si;4;65;1,1;65.0
229;XRPUSDT;2026-02-03 15:24;2026-02-03 15:27;1,5667;1,5859610000000002;1,22;UP;1,5849;VA Breakout;1,5849;0;1,58;1,59;WIN;2,0;269,0;9,53;Si;Si;4;50;0,8;53.0
230;GALAUSDT;2026-02-03 15:24;2026-02-03 15:26;0,004691;0,004771495000000001;1,7;UP;0,004755;VA Breakout;0,004755;0;0,0;0,0;WIN;2,0;271,0;8,06;Si;Si;3;54;0,9;56.0
231;SOLUSDT;2026-02-03 15:24;2026-02-03 15:30;98,10885000000002;99,80125000000001;1,71;UP;99,57;VA Breakout;99,57;0;98,6;100,54;WIN;2,0;273,0;2,58;Si;No;7;71;1,2;61.0
232;SUIUSDT;2026-02-03 15:25;2026-02-03 15:27;1,1111835;1,130906;1,76;UP;1,1289;VA Breakout;1,1289;0;1,12;1,14;WIN;2,0;275,0;3,78;Si;Si;3;54;0,9;60.0
233;ADAUSDT;2026-02-03 15:26;2026-02-03 15:31;0,290411;0,29560650000000005;1,77;UP;0,2955;VA Breakout;0,2955;0;0,29;0,3;WIN;2,0;277,0;2,55;Si;No;6;54;0,9;61.0
234;ETHUSDT;2026-02-03 16:03;2026-02-03 16:04;2281,7359;2311,1108;1,28;UP;2307,75;VA Breakout;2307,75;0;2291,67;2323,83;WIN;2,0;279,0;1,8;No;No;2;32;0,5;42.0
235;GALAUSDT;2026-02-03 16:17;2026-02-03 16:21;0,00487165;0,004937;1,33;DOWN;0,004888;VA Breakout;0,004888;0;0,0;0,0;WIN;2,0;281,0;64,89;Si;Si;5;40;0,7;48.0
236;TRBUSDT;2026-02-03 16:27;2026-02-03 16:47;16,416840000000004;16,646;1,39;DOWN;16,399;VA Breakout;16,399;0;16,56;16,23;WIN;2,0;283,0;25,82;Si;Si;21;47;0,8;63.0
237;XRPUSDT;2026-02-03 17:01;2026-02-03 18:04;1,5989;1,6293544999999996;1,89;DOWN;1,5993;VA Breakout;1,5993;0;1,62;1,58;WIN;2,0;285,0;20,82;Si;Si;64;91;1,5;60.0
238;SOLUSDT;2026-02-03 17:03;2026-02-03 17:50;99,66;101,70555000000002;2,03;DOWN;99,82;VA Breakout;99,82;0;101,57;98,07;WIN;2,0;287,0;18,6;Si;Si;48;92;1,5;35.0
239;ETHUSDT;2026-02-03 17:05;2026-02-03 17:47;2271,1591000000003;2314,7581499999997;1,9;DOWN;2271,58;VA Breakout;2271,58;0;2302,82;2240,34;WIN;2,0;289,0;17,01;Si;Si;43;50;0,8;59.0
240;SUIUSDT;2026-02-03 17:05;2026-02-04 09:33;1,1241689999999998;1,1555;2,75;DOWN;1,1249;VA Breakout;1,1249;0;1,16;1,09;WIN;2,0;291,0;9,5;Si;Si;989;94;1,6;56.0
241;BTCUSDT;2026-02-03 17:12;2026-02-03 17:50;75773,9;76892,1;1,46;DOWN;75951,9;VA Breakout;75951,9;0;76522,29;75381,51;WIN;2,0;293,0;28,16;Si;Si;39;102;1,7;62.0
242;ADAUSDT;2026-02-03 17:12;2026-02-04 09:59;0,2947;0,3037;3,01;DOWN;0,2951;VA Breakout;0,2951;0;0,3;0,29;WIN;2,0;295,0;8,83;Si;Si;1008;101;1,7;55.0
243;DOGEUSDT;2026-02-03 17:12;2026-02-04 09:58;0,10691;0,10969610000000003;2,57;DOWN;0,10707;VA Breakout;0,10707;0;0,11;0,1;WIN;2,0;297,0;9,12;Si;Si;1007;101;1,7;57.0
244;ETHUSDT;2026-02-03 17:43;2026-02-03 17:46;2254,4434;2272,36685;0,79;DOWN;2256,09;VA Breakout;2256,09;0;2265,57;2246,61;WIN;2,0;299,0;54,39;Si;Si;4;23;0,4;45.0
245;SOLUSDT;2026-02-03 17:43;2026-02-03 17:46;99,09164999999999;99,74405;0,66;DOWN;99,12;VA Breakout;99,12;0;99,61;98,63;WIN;2,0;301,0;65,55;Si;Si;4;23;0,4;40.0
246;ADAUSDT;2026-02-03 17:45;2026-02-03 17:48;0,2935935;0,2956015;0,68;DOWN;0,294;VA Breakout;0,294;0;0,3;0,29;WIN;2,0;303,0;57,8;Si;Si;4;28;0,5;63.0
247;DOGEUSDT;2026-02-03 17:45;2026-02-03 17:46;0,10676245000000001;0,10739769999999997;0,59;DOWN;0,10684;VA Breakout;0,10684;0;0,11;0,11;WIN;2,0;305,0;77,67;Si;Si;2;26;0,4;60.0
248;TRXUSDT;2026-02-03 18:02;2026-02-03 18:04;0,28589;0,28638395;0,17;DOWN;0,28594;VA Breakout;0,28594;0;0,29;0,29;WIN;2,0;307,0;116,05;Si;Si;3;40;0,7;60.0
249;ETHUSDT;2026-02-03 19:16;2026-02-03 19:33;2219,21865;2236,1965999999998;0,76;UP;2236,02;VA Breakout;2236,02;0;2223,35;2248,69;WIN;2,0;309,0;4,65;Si;Si;18;32;0,5;64.0
250;ADAUSDT;2026-02-03 19:19;2026-02-03 19:33;0,2898;0,29288649999999994;1,06;UP;0,2924;VA Breakout;0,2924;0;0,29;0,29;WIN;2,0;311,0;5,45;Si;Si;15;70;1,1;62.0
251;BTCUSDT;2026-02-03 19:20;2026-02-03 19:29;75382,5;75999,931;0,82;UP;75796,7;VA Breakout;75796,7;0;75624,7;75968,7;WIN;2,0;313,0;6,94;Si;Si;10;94;1,6;54.0
252;SUIUSDT;2026-02-03 19:31;2026-02-03 19:33;1,1031;1,114981;1,07;UP;1,1133;VA Breakout;1,1133;0;1,11;1,12;WIN;2,0;315,0;7,94;Si;Si;3;83;1,4;56.0
253;TRBUSDT;2026-02-03 19:31;2026-02-03 20:02;15,85699;15,974;0,74;UP;15,97;VA Breakout;15,97;0;15,86;16,08;WIN;2,0;317,0;3,77;Si;Si;32;44;0,7;49.0
254;GALAUSDT;2026-02-03 19:32;2026-02-03 20:03;0,004689;0,004745835;1,2;UP;0,004744;VA Breakout;0,004744;0;0,0;0,0;WIN;2,0;319,0;1,58;No;No;32;83;1,4;62.0
255;SOLUSDT;2026-02-03 19:32;2026-02-03 20:03;97,09;98,29899999999999;1,24;UP;98,19;VA Breakout;98,19;0;97,39;98,99;WIN;2,0;321,0;1,75;No;No;32;68;1,1;62.0
256;DOGEUSDT;2026-02-03 19:32;2026-02-03 19:35;0,10536925000000001;0,10632655000000002;0,9;UP;0,1062;VA Breakout;0,1062;0;0,11;0,11;WIN;2,0;323,0;7,27;Si;Si;4;84;1,4;62.0
257;XRPUSDT;2026-02-03 19:33;2026-02-03 20:03;1,566;1,5846979999999997;1,19;UP;1,5818;VA Breakout;1,5818;0;1,57;1,59;WIN;2,0;325,0;3,63;Si;Si;31;83;1,4;61.0
258;ETHUSDT;2026-02-03 19:53;2026-02-03 19:56;2241,82325;2256,8262;0,67;DOWN;2246,13;VA Breakout;2246,13;0;2254,05;2238,21;WIN;2,0;327,0;63,83;Si;Si;4;31;0,5;59.0
259;GALAUSDT;2026-02-03 20:01;2026-02-03 20:03;0,004742230000000001;0,004766470000000001;0,51;UP;0,004765;VA Breakout;0,004765;0;0,0;0,0;WIN;2,0;329,0;3,78;Si;Si;3;22;0,3;59.0
260;SUIUSDT;2026-02-03 20:01;2026-02-03 20:03;1,1140715;1,1204415000000003;0,57;UP;1,1196;VA Breakout;1,1196;0;1,12;1,12;WIN;2,0;331,0;6,63;Si;Si;3;30;0,5;63.0
261;DOGEUSDT;2026-02-03 20:01;2026-02-03 20:03;0,10637;0,10690985000000001;0,51;UP;0,10683;VA Breakout;0,10683;0;0,11;0,11;WIN;2,0;333,0;9,48;Si;Si;3;29;0,5;58.0
262;XRPUSDT;2026-02-03 20:32;2026-02-03 20:48;1,5897965;1,597258;0,47;UP;1,5964;VA Breakout;1,5964;0;1,59;1,6;LOSS;-1,0;332,0;3,51;Si;Si;17;23;0,4;56.0
263;BTCUSDT;2026-02-03 20:32;2026-02-03 20:48;76311,0475;76562,76899999997;0,33;UP;76610,7;VA Breakout;76610,7;0;76406,59;76814,81;LOSS;-1,0;331,0;1,86;No;No;17;24;0,4;63.0
264;GALAUSDT;2026-02-03 20:44;2026-02-03 20:45;0,004784745;0,004809585;0,52;DOWN;0,004789;VA Breakout;0,004789;0;0,0;0,0;WIN;2,0;333,0;173,18;Si;Si;2;26;0,4;48.0
265;SUIUSDT;2026-02-03 20:44;2026-02-03 20:45;1,1292754999999999;1,1348930000000002;0,5;DOWN;1,1307;VA Breakout;1,1307;0;1,13;1,13;WIN;2,0;335,0;164,21;Si;Si;2;26;0,4;64.0
266;ADAUSDT;2026-02-03 20:44;2026-02-03 20:45;0,2975215000000001;0,29888000000000003;0,46;DOWN;0,298;VA Breakout;0,298;0;0,3;0,3;WIN;2,0;337,0;159,38;Si;Si;2;26;0,4;58.0
267;ETHUSDT;2026-02-03 20:45;2026-02-03 20:45;2263,11755;2280,97;0,79;DOWN;2264,13;VA Breakout;2264,13;0;2270,11;2258,15;LOSS;-1,0;336,0;87,6;Si;Si;1;37;0,6;64.0
268;SOLUSDT;2026-02-03 20:47;2026-02-03 21:27;98,87409999999998;99,63189999999999;0,76;DOWN;98,85;VA Breakout;98,85;0;99,37;98,33;WIN;2,0;338,0;60,95;Si;Si;41;44;0,7;63.0
269;XRPUSDT;2026-02-03 21:26;2026-02-03 21:27;1,5852;1,593501;0,52;DOWN;1,5863;VA Breakout;1,5863;0;1,59;1,58;WIN;2,0;340,0;90,6;Si;Si;2;27;0,4;53.0
270;ETHUSDT;2026-02-03 21:27;2026-02-03 21:41;2261,6271;2275,1992;0,6;DOWN;2258,96;VA Breakout;2258,96;0;2272,21;2245,71;WIN;2,0;342,0;39,14;Si;Si;15;34;0,6;64.0
271;BTCUSDT;2026-02-03 21:27;2026-02-03 21:41;76258,0615;76561,655;0,4;DOWN;76204,4;VA Breakout;76204,4;0;76477,58;75931,22;WIN;2,0;344,0;59,73;Si;Si;15;40;0,7;63.0
272;SOLUSDT;2026-02-03 21:27;2026-02-03 21:41;98,5;99,21435;0,72;DOWN;98,29;VA Breakout;98,29;0;98,93;97,65;WIN;2,0;346,0;48,26;Si;Si;15;35;0,6;63.0
273;ADAUSDT;2026-02-03 22:01;2026-02-03 22:11;0,2941;0,29762450000000007;1,19;DOWN;0,2949;VA Breakout;0,2949;0;0,3;0,29;LOSS;-1,0;345,0;24,4;Si;Si;11;77;1,3;31.0
274;DOGEUSDT;2026-02-03 22:03;2026-02-03 22:11;0,10668;0,10799;1,22;DOWN;0,10716;VA Breakout;0,10716;0;0,11;0,11;LOSS;-1,0;344,0;28,58;Si;Si;9;105;1,7;40.0
275;SUIUSDT;2026-02-03 22:04;2026-02-03 22:11;1,1163764999999999;1,1289465;1,12;DOWN;1,1203;VA Breakout;1,1203;0;1,13;1,11;LOSS;-1,0;343,0;38,2;Si;Si;8;80;1,3;60.0
276;GALAUSDT;2026-02-03 22:11;2026-02-04 00:52;0,004736;0,004782815;0,98;UP;0,004793;VA Breakout;0,004793;0;0,0;0,0;LOSS;-1,0;342,0;0,99;No;No;162;79;1,3;62.0
277;ADAUSDT;2026-02-03 22:33;2026-02-03 22:37;0,29749749999999997;0,2987425;0,42;UP;0,2989;VA Breakout;0,2989;0;0,3;0,3;WIN;2,0;344,0;3,06;Si;Si;5;20;0,3;65.0
278;TRBUSDT;2026-02-03 23:40;2026-02-03 23:44;16,319345000000002;16,370855000000002;0,32;DOWN;16,321;VA Breakout;16,321;0;16,35;16,29;WIN;2,0;346,0;132,1;Si;Si;5;20;0,3;65.0
279;SOLUSDT;2026-02-03 23:44;2026-02-04 00:41;98,4911;99,29589999999997;0,81;DOWN;98,5;VA Breakout;98,5;0;99,36;97,64;WIN;2,0;348,0;36,3;Si;Si;58;62;1,0;61.0
280;TRBUSDT;2026-02-04 00:15;2026-02-04 00:41;16,25295;16,303325;0,31;DOWN;16,236;VA Breakout;16,236;0;16,3;16,18;WIN;2,0;350,0;67,34;Si;Si;27;33;0,5;65.0
281;XRPUSDT;2026-02-04 00:38;2026-02-04 01:45;1,58987;1,603031;0,82;DOWN;1,5907;VA Breakout;1,5907;0;1,6;1,58;LOSS;-1,0;349,0;43,2;Si;Si;68;122;2,0;51.0
282;GALAUSDT;2026-02-04 00:38;2026-02-04 00:52;0,004774;0,00481435;0,84;DOWN;0,004782;VA Breakout;0,004782;0;0,0;0,0;WIN;2,0;351,0;45,14;Si;Si;15;115;1,9;33.0
283;SUIUSDT;2026-02-04 00:38;2026-02-04 00:39;1,1237434999999998;1,1320895000000004;0,74;DOWN;1,1251;VA Breakout;1,1251;0;1,13;1,12;WIN;2,0;353,0;177,92;Si;Si;2;102;1,7;49.0
284;DOGEUSDT;2026-02-04 00:38;2026-02-04 00:52;0,10797;0,10913915000000002;1,08;DOWN;0,10803;VA Breakout;0,10803;0;0,11;0,11;WIN;2,0;355,0;49,63;Si;Si;15;116;1,9;35.0
285;BTCUSDT;2026-02-04 00:39;2026-02-04 06:06;76306,7;76805,7305;0,65;DOWN;76313,4;VA Breakout;76313,4;0;76818,93;75807,87;WIN;2,0;357,0;32,49;Si;Si;328;117;1,9;53.0
286;ETHUSDT;2026-02-04 01:04;2026-02-04 01:10;2257,54;2288,7404;1,37;DOWN;2263,73;VA Breakout;2263,73;0;2276,99;2250,47;LOSS;-1,0;356,0;39,48;Si;Si;7;142;2,4;41.0
287;SOLUSDT;2026-02-04 01:36;2026-02-04 03:25;97,0935;97,5676;0,49;UP;97,85;VA Breakout;97,85;0;97,0;98,7;LOSS;-1,0;355,0;0,98;No;No;110;22;0,3;64.0
288;ETHUSDT;2026-02-04 02:39;2026-02-04 03:04;2272,99775;2283,9;0,48;UP;2288,82;VA Breakout;2288,82;0;2273,56;2304,08;LOSS;-1,0;354,0;0,3;No;No;26;27;0,4;65.0
289;SOLUSDT;2026-02-04 03:02;2026-02-04 03:26;97,30640000000001;98,14795000000001;0,86;DOWN;97,41;VA Breakout;97,41;0;97,94;96,88;WIN;2,0;356,0;56,85;Si;Si;25;59;1,0;62.0
290;XRPUSDT;2026-02-04 03:41;2026-02-04 03:46;1,5988864999999999;1,6072209999999998;0,52;UP;1,6058;VA Breakout;1,6058;0;1,6;1,61;WIN;2,0;358,0;1,24;No;No;6;90;1,5;63.0
291;SUIUSDT;2026-02-04 03:44;2026-02-04 03:47;1,1301;1,1363;0,55;UP;1,1355;VA Breakout;1,1355;0;1,13;1,14;WIN;2,0;360,0;1,29;No;No;4;65;1,1;64.0
292;ADAUSDT;2026-02-04 03:45;2026-02-04 04:38;0,2988;0,3007145;0,64;UP;0,3009;VA Breakout;0,3009;0;0,3;0,3;LOSS;-1,0;359,0;0,96;No;No;54;68;1,1;63.0
293;ADAUSDT;2026-02-04 04:41;2026-02-04 06:03;0,2992;0,302368;1,05;DOWN;0,2998;VA Breakout;0,2998;0;0,3;0,3;WIN;2,0;361,0;29,44;Si;Si;83;56;0,9;62.0
294;XRPUSDT;2026-02-04 05:59;2026-02-04 06:03;1,5941275;1,6033745000000001;0,58;DOWN;1,595;VA Breakout;1,595;0;1,6;1,59;WIN;2,0;363,0;57,25;Si;Si;5;104;1,7;33.0
295;SUIUSDT;2026-02-04 05:59;2026-02-04 06:03;1,1214665000000001;1,1296459999999997;0,73;DOWN;1,1225;VA Breakout;1,1225;0;1,13;1,12;WIN;2,0;365,0;75,71;Si;Si;5;104;1,7;43.0
296;BTCUSDT;2026-02-04 06:00;2026-02-04 06:03;76004,80300000001;76338,808;0,44;UP;76219,6;VA Breakout;76219,6;0;76060,41;76378,79;LOSS;-1,0;364,0;0,29;No;No;4;82;1,4;63.0
297;ADAUSDT;2026-02-04 06:00;2026-02-04 06:02;0,29908599999999996;0,3008295;0,58;DOWN;0,2993;VA Breakout;0,2993;0;0,3;0,3;WIN;2,0;366,0;100,96;Si;Si;3;71;1,2;64.0
298;DOGEUSDT;2026-02-04 06:01;2026-02-04 06:03;0,10745;0,10809255000000001;0,6;DOWN;0,10742;VA Breakout;0,10742;0;0,11;0,11;WIN;2,0;368,0;73,66;Si;Si;3;105;1,7;63.0
299;GALAUSDT;2026-02-04 06:02;2026-02-04 06:03;0,004745;0,004777;0,67;DOWN;0,004747;VA Breakout;0,004747;0;0,0;0,0;WIN;2,0;370,0;54,4;Si;Si;2;109;1,8;62.0
300;TRBUSDT;2026-02-04 06:02;2026-02-04 06:03;16,150025000000003;16,218745000000002;0,42;DOWN;16,133;VA Breakout;16,133;0;16,21;16,06;WIN;2,0;372,0;53,07;Si;Si;2;82;1,4;65.0
301;SOLUSDT;2026-02-04 06:02;2026-02-04 06:03;96,66664999999999;97,28150000000001;0,63;DOWN;96,79;VA Breakout;96,79;0;97,07;96,51;WIN;2,0;374,0;104,54;Si;Si;2;106;1,8;38.0
302;ETHUSDT;2026-02-04 06:03;2026-02-04 06:06;2250,3498499999996;2263,8304;0,6;DOWN;2248,1;VA Breakout;2248,1;0;2262,25;2233,95;WIN;2,0;376,0;35,88;Si;Si;4;90;1,5;64.0
303;ETHUSDT;2026-02-04 07:25;2026-02-04 07:27;2249,3179500000006;2262,1098500000003;0,57;DOWN;2250,42;VA Breakout;2250,42;0;2258,43;2242,41;WIN;2,0;378,0;63,69;Si;Si;3;49;0,8;65.0
304;GALAUSDT;2026-02-04 07:26;2026-02-04 07:30;0,0047347249999999995;0,00476128;0,56;DOWN;0,004738;VA Breakout;0,004738;0;0,0;0,0;WIN;2,0;380,0;84,53;Si;Si;5;49;0,8;64.0
305;XRPUSDT;2026-02-04 08:15;2026-02-04 08:16;1,587366;1,5976445000000001;0,65;DOWN;1,5881;VA Breakout;1,5881;0;1,59;1,59;WIN;2,0;382,0;229,25;Si;Si;2;99;1,6;50.0
306;TRBUSDT;2026-02-04 08:15;2026-02-04 08:16;16,083879999999997;16,191;0,66;UP;16,17;VA Breakout;16,17;0;16,12;16,22;LOSS;-1,0;381,0;3,28;Si;Si;2;99;1,6;64.0
307;ETHUSDT;2026-02-04 08:16;2026-02-04 08:34;2233,5398500000006;2247,5225499999997;0,62;DOWN;2234,15;VA Breakout;2234,15;0;2244,57;2223,73;WIN;2,0;383,0;47,38;Si;Si;19;50;0,8;64.0
308;BTCUSDT;2026-02-04 08:16;2026-02-04 08:19;75974,9575;76244,47649999999;0,35;DOWN;76006,3;VA Breakout;76006,3;0;76112,0;75900,6;WIN;2,0;385,0;152,49;Si;Si;4;92;1,5;64.0
309;ADAUSDT;2026-02-04 08:16;2026-02-04 08:38;0,295298;0,29788200000000004;0,87;DOWN;0,295;VA Breakout;0,295;0;0,3;0,29;WIN;2,0;387,0;45,27;Si;Si;23;99;1,6;62.0
310;DOGEUSDT;2026-02-04 08:16;2026-02-04 08:20;0,10702020000000001;0,10769624999999997;0,63;DOWN;0,10707;VA Breakout;0,10707;0;0,11;0,11;WIN;2,0;389,0;101,51;Si;Si;5;99;1,6;63.0
311;SOLUSDT;2026-02-04 08:19;2026-02-04 08:22;95,72879999999999;96,55;0,85;DOWN;95,91;VA Breakout;95,91;0;96,26;95,56;WIN;2,0;391,0;82,54;Si;Si;4;103;1,7;53.0
312;GALAUSDT;2026-02-04 08:20;2026-02-04 08:41;0,004719175;0,004749;0,63;DOWN;0,004719;VA Breakout;0,004719;0;0,0;0,0;WIN;2,0;393,0;88,96;Si;Si;22;50;0,8;64.0
313;SUIUSDT;2026-02-04 08:33;2026-02-04 08:45;1,1146;1,122508;0,71;DOWN;1,1158;VA Breakout;1,1158;0;1,12;1,11;WIN;2,0;395,0;60,27;Si;Si;13;117;1,9;60.0
314;TRBUSDT;2026-02-04 08:46;2026-02-04 08:48;16,05318;16,098955;0,28;UP;16,108;VA Breakout;16,108;0;16,06;16,16;LOSS;-1,0;394,0;4,17;Si;Si;3;28;0,5;66.0
315;XRPUSDT;2026-02-04 09:51;2026-02-04 09:58;1,5503;1,5722;1,4;DOWN;1,5565;VA Breakout;1,5565;0;1,57;1,55;WIN;2,0;396,0;41,21;Si;Si;8;42;0,7;61.0
316;ADAUSDT;2026-02-04 09:51;2026-02-04 09:58;0,2887;0,2933;1,58;DOWN;0,29;VA Breakout;0,29;0;0,29;0,29;WIN;2,0;398,0;25,72;Si;Si;8;45;0,7;60.0
317;SUIUSDT;2026-02-04 09:56;2026-02-04 10:00;1,089;1,1089;1,81;DOWN;1,0944;VA Breakout;1,0944;0;1,11;1,08;WIN;2,0;400,0;26,43;Si;Si;5;46;0,8;60.0
318;TRBUSDT;2026-02-04 10:31;2026-02-04 10:33;15,908;16,081;1,08;DOWN;15,939;VA Breakout;15,939;0;16,04;15,83;WIN;2,0;402,0;36,02;Si;Si;3;27;0,4;48.0
319;GALAUSDT;2026-02-04 10:32;2026-02-04 10:36;0,004623;0,004676115;1,14;DOWN;0,004623;VA Breakout;0,004623;0;0,0;0,0;WIN;2,0;404,0;19,38;Si;Si;5;25;0,4;63.0
320;SUIUSDT;2026-02-04 10:32;2026-02-04 10:34;1,0837405000000002;1,0972;1,23;DOWN;1,0848;VA Breakout;1,0848;0;1,1;1,07;WIN;2,0;406,0;27,06;Si;Si;3;30;0,5;63.0
321;SOLUSDT;2026-02-04 10:32;2026-02-04 10:33;92,87185000000001;94,02435;1,23;DOWN;93,08;VA Breakout;93,08;0;93,52;92,64;WIN;2,0;408,0;59,21;Si;Si;2;26;0,4;63.0
322;ADAUSDT;2026-02-04 10:32;2026-02-04 10:36;0,28744099999999995;0,29061499999999996;1,1;DOWN;0,2873;VA Breakout;0,2873;0;0,29;0,28;WIN;2,0;410,0;17,5;Si;Si;5;25;0,4;63.0
323;BTCUSDT;2026-02-04 10:33;2026-02-04 11:09;74490,60850000002;75102,86250000002;0,82;DOWN;74370,5;VA Breakout;74370,5;0;75028,38;73712,62;WIN;2,0;412,0;22,01;Si;Si;37;26;0,4;67.0
324;DOGEUSDT;2026-02-04 10:33;2026-02-04 11:37;0,10397859999999999;0,10526;1,22;DOWN;0,10361;VA Breakout;0,10361;0;0,11;0,1;WIN;2,0;414,0;15,96;Si;Si;65;30;0,5;63.0
325;ETHUSDT;2026-02-04 11:16;2026-02-04 12:40;2130,01;2188,2016;2,7;DOWN;2127,08;VA Breakout;2127,08;0;2159,83;2094,33;WIN;2,0;416,0;11,81;Si;Si;85;62;1,0;56.0
326;SOLUSDT;2026-02-04 11:35;2026-02-04 12:27;91,51;93,15684999999999;1,78;DOWN;91,7;VA Breakout;91,7;0;92,87;90,53;WIN;2,0;418,0;20,81;Si;Si;53;63;1,0;46.0
327;TRXUSDT;2026-02-04 11:37;2026-02-04 12:27;0,28322434999999996;0,28404;0,29;DOWN;0,28329;VA Breakout;0,28329;0;0,28;0,28;WIN;2,0;420,0;21,89;Si;Si;51;63;1,0;46.0
328;GALAUSDT;2026-02-04 11:55;2026-02-04 12:02;0,004541925;0,004652;2,39;UP;0,004621;VA Breakout;0,004621;0;0,0;0,0;LOSS;-1,0;419,0;5,2;Si;Si;8;74;1,2;58.0
329;BTCUSDT;2026-02-04 12:06;2026-02-04 12:28;72958,173;74451,915;2,03;DOWN;73179,7;VA Breakout;73179,7;0;73906,78;72452,62;WIN;2,0;421,0;18,28;Si;Si;23;84;1,4;61.0
330;TRXUSDT;2026-02-04 12:27;2026-02-04 12:29;0,28252;0,28321364999999993;0,25;DOWN;0,28266;VA Breakout;0,28266;0;0,28;0,28;WIN;2,0;423,0;29,83;Si;Si;3;50;0,8;68.0
331;ETHUSDT;2026-02-04 13:12;2026-02-04 13:29;2087,64;2151,94;3,03;DOWN;2094,26;VA Breakout;2094,26;0;2124,66;2063,86;LOSS;-1,0;422,0;11,64;Si;Si;18;116;1,9;55.0
332;TRBUSDT;2026-02-04 13:14;2026-02-04 13:29;15,616445;15,95;2,11;DOWN;15,666;VA Breakout;15,666;0;15,83;15,5;LOSS;-1,0;421,0;21,48;Si;Si;16;155;2,6;53.0
333;BTCUSDT;2026-02-04 13:27;2026-02-04 13:39;72150,472;73273,2;1,54;UP;73106,8;VA Breakout;73106,8;0;72321,45;73892,15;WIN;2,0;423,0;1,31;No;No;13;65;1,1;66.0
334;GALAUSDT;2026-02-04 13:29;2026-02-04 13:37;0,004557595000000001;0,004649;1,99;UP;0,004627;VA Breakout;0,004627;0;0,0;0,0;WIN;2,0;425,0;2,97;Si;No;9;69;1,1;61.0
335;SOLUSDT;2026-02-04 13:29;2026-02-04 13:40;90,14800000000001;92,34;2,4;UP;91,7;VA Breakout;91,7;0;90,71;92,69;WIN;2,0;427,0;3,03;Si;Si;12;107;1,8;59.0
336;SUIUSDT;2026-02-04 13:31;2026-02-04 14:46;1,053103;1,0848435;2,97;UP;1,0755;VA Breakout;1,0755;0;1,05;1,1;WIN;2,0;429,0;1,59;No;No;76;171;2,8;56.0
337;ADAUSDT;2026-02-04 13:31;2026-02-04 13:40;0,2811;0,288185;2,49;UP;0,2869;VA Breakout;0,2869;0;0,28;0,29;WIN;2,0;431,0;2,01;Si;No;10;171;2,8;58.0
338;DOGEUSDT;2026-02-04 13:37;2026-02-04 13:39;0,10146;0,10405345;2,52;UP;0,10353;VA Breakout;0,10353;0;0,1;0,1;WIN;2,0;433,0;4,86;Si;Si;3;176;2,9;58.0
339;XRPUSDT;2026-02-04 13:38;2026-02-04 16:44;1,5029649999999999;1,550318;3,1;UP;1,5417;VA Breakout;1,5417;0;1,52;1,57;LOSS;-1,0;432,0;0,55;No;No;187;177;2,9;46.0
340;SOLUSDT;2026-02-04 14:01;2026-02-04 14:04;92,02430000000001;93,0963;1,16;UP;92,96;VA Breakout;92,96;0;92,15;93,77;WIN;2,0;434,0;2,17;Si;No;4;25;0,4;67.0
341;TRXUSDT;2026-02-04 14:21;2026-02-04 16:26;0,2839672;0,28456850000000006;0,21;DOWN;0,28386;VA Breakout;0,28386;0;0,28;0,28;WIN;2,0;436,0;25,1;Si;Si;126;42;0,7;67.0
342;BTCUSDT;2026-02-04 14:40;2026-02-04 14:46;72951,95149999998;74065,9445;1,52;DOWN;73276,4;VA Breakout;73276,4;0;73623,69;72929,11;LOSS;-1,0;435,0;38,55;Si;Si;7;70;1,1;61.0
343;TRBUSDT;2026-02-04 14:40;2026-02-04 14:43;15,929235000000002;16,127745;1,24;DOWN;16,009;VA Breakout;16,009;0;16,11;15,91;LOSS;-1,0;434,0;39,94;Si;Si;4;55;0,9;62.0
344;SUIUSDT;2026-02-04 14:42;2026-02-04 14:43;1,075479;1,0911805000000003;1,45;UP;1,0887;VA Breakout;1,0887;0;1,09;1,09;WIN;2,0;436,0;11,36;Si;Si;2;63;1,0;53.0
345;ADAUSDT;2026-02-04 14:43;2026-02-04 14:46;0,28615949999999996;0,29010499999999995;1,37;UP;0,2895;VA Breakout;0,2895;0;0,29;0,29;WIN;2,0;438,0;3,62;Si;Si;4;56;0,9;45.0
346;DOGEUSDT;2026-02-04 14:43;2026-02-04 14:53;0,10326489999999999;0,1044907;1,18;UP;0,10436;VA Breakout;0,10436;0;0,1;0,11;WIN;2,0;440,0;1,2;No;No;11;65;1,1;52.0
347;GALAUSDT;2026-02-04 14:46;2026-02-04 14:56;0,004637305000000001;0,0047114999999999995;1,59;UP;0,004706;VA Breakout;0,004706;0;0,0;0,0;WIN;2,0;442,0;1,11;No;No;11;56;0,9;60.0
348;XRPUSDT;2026-02-04 14:47;2026-02-04 16:02;1,5223015;1,5474915;1,64;UP;1,5457;VA Breakout;1,5457;0;1,53;1,56;LOSS;-1,0;441,0;0,89;No;No;76;58;0,9;36.0
349;ETHUSDT;2026-02-04 14:52;2026-02-04 16:21;2125,0023499999998;2173,78;2,27;UP;2169,9;VA Breakout;2169,9;0;2146,08;2193,72;LOSS;-1,0;440,0;0,99;No;No;90;78;1,3;57.0
350;TRXUSDT;2026-02-04 15:27;2026-02-04 15:42;0,2839462;0,28448014999999993;0,19;DOWN;0,28403;VA Breakout;0,28403;0;0,28;0,28;WIN;2,0;442,0;45,81;Si;Si;16;45;0,7;65.0
351;XRPUSDT;2026-02-04 16:02;2026-02-04 16:44;1,5334675;1,547059;0,88;DOWN;1,5318;VA Breakout;1,5318;0;1,55;1,52;WIN;2,0;444,0;26,4;Si;Si;43;55;0,9;62.0
352;SOLUSDT;2026-02-04 16:06;2026-02-04 16:44;92,80930000000001;94,72510000000001;2,04;DOWN;92,56;VA Breakout;92,56;0;93,61;91,51;WIN;2,0;446,0;23,97;Si;Si;39;107;1,8;58.0
353;DOGEUSDT;2026-02-04 16:14;2026-02-04 16:44;0,10387;0,1051395;1,21;DOWN;0,10401;VA Breakout;0,10401;0;0,1;0,1;WIN;2,0;448,0;26,54;Si;Si;31;70;1,1;42.0
354;ETHUSDT;2026-02-04 16:15;2026-02-04 16:21;2158,4;2182,49205;1,11;DOWN;2160,61;VA Breakout;2160,61;0;2175,13;2146,09;WIN;2,0;450,0;28,95;Si;Si;7;72;1,2;46.0
355;TRBUSDT;2026-02-04 16:15;2026-02-04 16:43;16,1;16,284665;1,14;DOWN;16,135;VA Breakout;16,135;0;16,23;16,04;WIN;2,0;452,0;41,43;Si;Si;29;72;1,2;45.0
356;ADAUSDT;2026-02-04 16:15;2026-02-04 16:48;0,2877;0,2918274999999999;1,42;DOWN;0,2881;VA Breakout;0,2881;0;0,29;0,28;WIN;2,0;454,0;15,32;Si;Si;34;69;1,1;42.0
357;BTCUSDT;2026-02-04 16:42;2026-02-04 16:48;73020,4095;73859,14249999999;1,14;DOWN;73025,2;VA Breakout;73025,2;0;73782,6;72267,8;WIN;2,0;456,0;17,35;Si;Si;7;96;1,6;61.0
358;GALAUSDT;2026-02-04 16:42;2026-02-04 17:05;0,004665765;0,004757475;1,95;DOWN;0,004677;VA Breakout;0,004677;0;0,0;0,0;WIN;2,0;458,0;16,36;Si;Si;24;111;1,8;55.0
359;SUIUSDT;2026-02-04 16:42;2026-02-04 17:05;1,0831685000000002;1,1045435;1,95;DOWN;1,0856;VA Breakout;1,0856;0;1,1;1,07;WIN;2,0;460,0;15,97;Si;Si;24;97;1,6;58.0
360;TRBUSDT;2026-02-04 16:43;2026-02-04 16:48;16,042535;16,114839999999997;0,45;DOWN;16,031;VA Breakout;16,031;0;16,1;15,96;WIN;2,0;462,0;57,05;Si;Si;6;23;0,4;65.0
361;ADAUSDT;2026-02-04 16:43;2026-02-04 16:48;0,28583449999999994;0,287527;0,59;DOWN;0,2855;VA Breakout;0,2855;0;0,29;0,28;WIN;2,0;464,0;39,64;Si;Si;6;27;0,4;64.0
362;ETHUSDT;2026-02-04 18:24;2026-02-04 20:10;2113,014;2146,9080499999995;1,59;UP;2147,55;VA Breakout;2147,55;0;2126,45;2168,65;WIN;2,0;466,0;1,3;No;No;107;49;0,8;58.0
363;BTCUSDT;2026-02-04 19:08;2026-02-04 19:14;73021,2;73561,3745;0,74;DOWN;73102,4;VA Breakout;73102,4;0;73473,06;72731,74;WIN;2,0;468,0;35,65;Si;Si;7;45;0,7;62.0
364;XRPUSDT;2026-02-04 19:32;2026-02-04 19:36;1,5002645;1,5269290000000002;1,76;DOWN;1,5043;VA Breakout;1,5043;0;1,51;1,5;WIN;2,0;470,0;47,42;Si;Si;5;103;1,7;38.0
365;SOLUSDT;2026-02-04 19:32;2026-02-04 19:33;91,66779999999999;92,94170000000001;1,38;DOWN;91,88;VA Breakout;91,88;0;92,14;91,62;WIN;2,0;472,0;94,59;Si;Si;2;68;1,1;61.0
366;TRBUSDT;2026-02-04 19:47;2026-02-04 19:50;15,992955000000002;16,161525;1,05;DOWN;16,062;VA Breakout;16,062;0;16,11;16,02;LOSS;-1,0;471,0;90,7;Si;Si;4;84;1,4;50.0
367;ETHUSDT;2026-02-04 20:08;2026-02-04 20:09;2134,1879499999995;2166,69155;1,51;UP;2160,48;VA Breakout;2160,48;0;2154,44;2166,52;WIN;2,0;473,0;2,4;Si;No;2;104;1,7;59.0
368;SOLUSDT;2026-02-04 20:08;2026-02-04 20:09;91,53225;92,17975;0,7;UP;92,09;VA Breakout;92,09;0;91,93;92,25;WIN;2,0;475,0;8,68;Si;Si;2;30;0,5;51.0
369;ADAUSDT;2026-02-04 20:08;2026-02-04 20:16;0,2846929999999999;0,2882925;1,26;UP;0,288;VA Breakout;0,288;0;0,29;0,29;LOSS;-1,0;474,0;1,25;No;No;9;104;1,7;61.0
370;DOGEUSDT;2026-02-04 20:10;2026-02-04 20:15;0,10320295;0,10461445000000003;1,36;UP;0,10435;VA Breakout;0,10435;0;0,1;0,1;LOSS;-1,0;473,0;1,5;No;No;6;104;1,7;61.0
371;SUIUSDT;2026-02-04 20:16;2026-02-04 21:17;1,0774;1,093821;1,51;DOWN;1,0798;VA Breakout;1,0798;0;1,09;1,07;WIN;2,0;475,0;22,46;Si;Si;62;105;1,7;60.0
372;GALAUSDT;2026-02-04 20:17;2026-02-04 20:27;0,004631;0,004699845000000001;1,48;DOWN;0,004627;VA Breakout;0,004627;0;0,0;0,0;LOSS;-1,0;474,0;27,02;Si;Si;11;112;1,9;60.0
373;ETHUSDT;2026-02-04 21:02;2026-02-04 21:02;2143,0118;2159,88135;0,78;DOWN;2142,86;VA Breakout;2142,86;0;2152,04;2133,68;LOSS;-1,0;473,0;43,83;Si;Si;1;22;0,3;64.0
374;BTCUSDT;2026-02-04 21:02;2026-02-04 21:15;72315,31149999998;72717,18849999999;0,55;DOWN;72239,3;VA Breakout;72239,3;0;72600,16;71878,44;WIN;2,0;475,0;34,23;Si;Si;14;20;0,3;64.0
375;SOLUSDT;2026-02-04 21:11;2026-02-04 21:13;91,26;92,339;1,18;DOWN;91,62;VA Breakout;91,62;0;92,08;91,16;WIN;2,0;477,0;52,65;Si;Si;3;32;0,5;40.0
376;XRPUSDT;2026-02-04 21:47;2026-02-04 22:40;1,4556;1,4828225000000002;1,85;DOWN;1,4643;VA Breakout;1,4643;0;1,49;1,44;WIN;2,0;479,0;16,52;Si;Si;54;68;1,1;58.0
377;GALAUSDT;2026-02-04 21:47;2026-02-04 21:51;0,004589;0,004668040000000001;1,71;DOWN;0,004624;VA Breakout;0,004624;0;0,0;0,0;WIN;2,0;481,0;46,07;Si;Si;5;67;1,1;60.0
378;ADAUSDT;2026-02-04 21:48;2026-02-04 21:59;0,2835;0,2887295;1,83;DOWN;0,2855;VA Breakout;0,2855;0;0,29;0,28;WIN;2,0;483,0;76,93;Si;Si;12;67;1,1;60.0
379;DOGEUSDT;2026-02-04 21:54;2026-02-04 21:59;0,1026;0,10419;1,54;DOWN;0,10313;VA Breakout;0,10313;0;0,1;0,1;WIN;2,0;485,0;51,08;Si;Si;6;74;1,2;56.0
380;SUIUSDT;2026-02-04 21:59;2026-02-04 22:10;1,0667;1,0881349999999999;1,99;DOWN;1,069;VA Breakout;1,069;0;1,08;1,06;LOSS;-1,0;484,0;32,05;Si;Si;12;67;1,1;59.0
381;TRBUSDT;2026-02-04 23:40;2026-02-05 00:22;15,843;15,98148;0,87;UP;15,989;VA Breakout;15,989;0;15,88;16,1;LOSS;-1,0;483,0;1,53;No;No;43;82;1,4;63.0
382;DOGEUSDT;2026-02-04 23:40;2026-02-04 23:44;0,10155;0,10338214999999998;1,79;DOWN;0,10211;VA Breakout;0,10211;0;0,1;0,1;LOSS;-1,0;482,0;29,68;Si;Si;5;83;1,4;59.0
383;ETHUSDT;2026-02-04 23:41;2026-02-05 00:20;2077,09;2124,4856;2,26;UP;2117,5;VA Breakout;2117,5;0;2087,69;2147,31;LOSS;-1,0;481,0;1,38;No;No;40;84;1,4;58.0
384;SOLUSDT;2026-02-04 23:41;2026-02-05 00:20;90,28;91,62;1,47;UP;91,43;VA Breakout;91,43;0;90,77;92,09;LOSS;-1,0;480,0;3,08;Si;Si;40;83;1,4;61.0
385;ADAUSDT;2026-02-04 23:41;2026-02-05 00:08;0,2812;0,28511949999999997;1,38;UP;0,284;VA Breakout;0,284;0;0,28;0,29;LOSS;-1,0;479,0;1,16;No;No;28;74;1,2;61.0
386;BTCUSDT;2026-02-04 23:55;2026-02-05 00:20;70646,2;71945,98400000003;1,82;DOWN;70887,7;VA Breakout;70887,7;0;71260,47;70514,93;WIN;2,0;481,0;29,51;Si;Si;26;113;1,9;55.0
387;ADAUSDT;2026-02-05 00:18;2026-02-05 00:22;0,2818;0,28390649999999995;0,74;DOWN;0,2821;VA Breakout;0,2821;0;0,28;0,28;WIN;2,0;483,0;42,69;Si;Si;5;27;0,4;63.0
388;GALAUSDT;2026-02-05 00:19;2026-02-05 00:41;0,004527125000000001;0,004601;1,62;DOWN;0,004529;VA Breakout;0,004529;0;0,0;0,0;LOSS;-1,0;482,0;22,06;Si;Si;23;110;1,8;46.0
389;SUIUSDT;2026-02-05 00:20;2026-02-05 00:24;1,0519;1,071788;1,87;DOWN;1,0552;VA Breakout;1,0552;0;1,07;1,04;WIN;2,0;484,0;25,51;Si;Si;5;113;1,9;49.0
390;XRPUSDT;2026-02-05 00:21;2026-02-05 00:37;1,4359465;1,456;1,39;DOWN;1,437;VA Breakout;1,437;0;1,45;1,43;LOSS;-1,0;483,0;30,23;Si;Si;17;113;1,9;61.0
391;BTCUSDT;2026-02-05 02:00;2026-02-05 02:02;70353,13100000001;71013,01250000001;0,93;UP;70983,1;VA Breakout;70983,1;0;70580,09;71386,11;WIN;2,0;485,0;2,37;Si;No;3;76;1,2;56.0
392;ETHUSDT;2026-02-05 02:01;2026-02-05 04:08;2075,18;2097,4992500000008;1,07;UP;2104,3;VA Breakout;2104,3;0;2074,79;2133,81;WIN;2,0;487,0;1,84;No;No;128;58;0,9;63.0
393;TRXUSDT;2026-02-05 02:01;2026-02-05 03:02;0,27988209999999997;0,2806546;0,28;UP;0,28087;VA Breakout;0,28087;0;0,28;0,28;LOSS;-1,0;486,0;0,84;No;No;62;55;0,9;66.0
394;SOLUSDT;2026-02-05 02:01;2026-02-05 04:08;89,61179999999997;90,56894999999999;1,06;UP;91,1;VA Breakout;91,1;0;89,36;92,84;WIN;2,0;488,0;1,35;No;No;128;58;0,9;63.0
395;DOGEUSDT;2026-02-05 02:01;2026-02-05 05:06;0,10083;0,1016832;0,84;UP;0,10192;VA Breakout;0,10192;0;0,1;0,1;LOSS;-1,0;487,0;0,86;No;No;186;56;0,9;64.0
396;SOLUSDT;2026-02-05 03:26;2026-02-05 03:27;90,51;91,6538;1,26;UP;91,49;VA Breakout;91,49;0;91,05;91,93;WIN;2,0;489,0;4,42;Si;Si;2;67;1,1;61.0
397;GALAUSDT;2026-02-05 03:28;2026-02-05 03:31;0,004501705;0,004541855;0,89;UP;0,004537;VA Breakout;0,004537;0;0,0;0,0;WIN;2,0;491,0;2,1;Si;No;4;48;0,8;44.0
398;SUIUSDT;2026-02-05 03:30;2026-02-05 03:59;1,0410285;1,0570565;1,53;UP;1,0508;VA Breakout;1,0508;0;1,04;1,06;LOSS;-1,0;490,0;0,57;No;No;30;74;1,2;60.0
399;DOGEUSDT;2026-02-05 03:30;2026-02-05 04:16;0,10101244999999999;0,1026605;1,62;UP;0,10191;VA Breakout;0,10191;0;0,1;0,1;WIN;2,0;492,0;1,03;No;No;47;70;1,1;60.0
400;ADAUSDT;2026-02-05 03:31;2026-02-05 05:05;0,2788;0,2827685000000001;1,41;UP;0,2821;VA Breakout;0,2821;0;0,28;0,29;LOSS;-1,0;491,0;0,62;No;No;95;71;1,2;61.0
401;TRXUSDT;2026-02-05 04:02;2026-02-05 04:07;0,2799008;0,28046;0,2;UP;0,28058;VA Breakout;0,28058;0;0,28;0,28;WIN;2,0;493,0;1,68;No;No;6;60;1,0;66.0
402;ETHUSDT;2026-02-05 04:05;2026-02-05 04:08;2090,39;2122,9384;1,55;UP;2118,11;VA Breakout;2118,11;0;2112,49;2123,73;WIN;2,0;495,0;7,19;Si;Si;4;125;2,1;54.0
403;BTCUSDT;2026-02-05 04:06;2026-02-05 04:16;70978,804;71488,26500000001;0,72;UP;71428,5;VA Breakout;71428,5;0;70985,62;71871,38;WIN;2,0;497,0;1,15;No;No;11;45;0,7;48.0
404;GALAUSDT;2026-02-05 04:06;2026-02-05 04:06;0,0045375549999999995;0,004561740000000001;0,53;UP;0,004557;VA Breakout;0,004557;0;0,0;0,0;WIN;2,0;499,0;14,07;Si;Si;1;26;0,4;57.0
405;SOLUSDT;2026-02-05 04:06;2026-02-05 04:06;91,6081;92,33064999999999;0,79;UP;92,25;VA Breakout;92,25;0;92,06;92,44;LOSS;-1,0;498,0;6,19;Si;Si;1;36;0,6;63.0
406;XRPUSDT;2026-02-05 04:08;2026-02-05 04:32;1,4258105;1,4477385;1,53;UP;1,4407;VA Breakout;1,4407;0;1,43;1,45;LOSS;-1,0;497,0;7,69;Si;Si;25;100;1,6;60.0
407;ADAUSDT;2026-02-05 04:08;2026-02-05 04:33;0,28030800000000006;0,28254599999999996;0,8;UP;0,2827;VA Breakout;0,2827;0;0,28;0,29;LOSS;-1,0;496,0;0,58;No;No;26;38;0,6;63.0
408;DOGEUSDT;2026-02-05 04:08;2026-02-05 04:38;0,10167;0,10226864999999999;0,59;UP;0,10253;VA Breakout;0,10253;0;0,1;0,1;LOSS;-1,0;495,0;0,5;No;No;31;25;0,4;64.0
409;SUIUSDT;2026-02-05 04:21;2026-02-05 05:05;1,0422029999999998;1,0518;0,92;DOWN;1,0428;VA Breakout;1,0428;0;1,05;1,04;WIN;2,0;497,0;40,3;Si;Si;45;33;0,5;63.0
410;XRPUSDT;2026-02-05 05:02;2026-02-05 05:05;1,4098380000000001;1,4214265000000001;0,82;DOWN;1,4109;VA Breakout;1,4109;0;1,42;1,4;WIN;2,0;499,0;44,28;Si;Si;4;28;0,5;51.0
411;DOGEUSDT;2026-02-05 05:02;2026-02-05 05:05;0,1013727;0,10203665;0,65;DOWN;0,1014;VA Breakout;0,1014;0;0,1;0,1;WIN;2,0;501,0;51,58;Si;Si;4;30;0,5;63.0
412;SOLUSDT;2026-02-05 05:03;2026-02-05 05:08;92,17594999999999;92,92875;0,81;DOWN;92,13;VA Breakout;92,13;0;92,57;91,69;WIN;2,0;503,0;56,57;Si;Si;6;42;0,7;62.0
413;ADAUSDT;2026-02-05 05:03;2026-02-05 05:06;0,27901750000000003;0,280704;0,6;DOWN;0,2793;VA Breakout;0,2793;0;0,28;0,28;WIN;2,0;505,0;53,15;Si;Si;4;32;0,5;64.0
414;GALAUSDT;2026-02-05 05:04;2026-02-05 05:06;0,004516;0,004544840000000001;0,64;DOWN;0,00452;VA Breakout;0,00452;0;0,0;0,0;WIN;2,0;507,0;57,74;Si;Si;3;33;0,5;50.0
415;SUIUSDT;2026-02-05 05:04;2026-02-05 05:05;1,03572;1,043213;0,72;DOWN;1,0374;VA Breakout;1,0374;0;1,04;1,04;WIN;2,0;509,0;222,63;Si;Si;2;33;0,5;42.0
416;ETHUSDT;2026-02-05 05:41;2026-02-05 05:52;2121,3515;2144,1256500000004;1,07;DOWN;2124,5;VA Breakout;2124,5;0;2142,62;2106,38;WIN;2,0;511,0;21,2;Si;Si;12;84;1,4;63.0
417;BTCUSDT;2026-02-05 05:41;2026-02-05 05:48;71261,531;71905,134;0,9;DOWN;71397,6;VA Breakout;71397,6;0;71624,82;71170,38;WIN;2,0;513,0;50,65;Si;Si;8;90;1,5;62.0
418;TRBUSDT;2026-02-05 05:41;2026-02-05 05:48;15,977;16,064065000000003;0,54;DOWN;15,977;VA Breakout;15,977;0;16,04;15,91;WIN;2,0;515,0;56,89;Si;Si;8;59;1,0;65.0
419;BTCUSDT;2026-02-05 07:10;2026-02-05 07:16;70089,6;70567,63450000001;0,68;DOWN;70144,9;VA Breakout;70144,9;0;70653,74;69636,06;WIN;2,0;517,0;20,16;Si;Si;7;28;0,5;47.0
420;ETHUSDT;2026-02-05 07:14;2026-02-05 07:15;2070,87;2090,7770500000006;0,96;DOWN;2070,6;VA Breakout;2070,6;0;2082,31;2058,89;WIN;2,0;519,0;28,2;Si;Si;2;28;0,5;63.0
421;GALAUSDT;2026-02-05 07:15;2026-02-05 07:28;0,0043976300000000005;0,004436239999999999;0,87;DOWN;0,004396;VA Breakout;0,004396;0;0,0;0,0;LOSS;-1,0;518,0;32,62;Si;Si;14;26;0,4;64.0
422;ADAUSDT;2026-02-05 07:15;2026-02-05 07:28;0,27076;0,27342900000000003;0,98;DOWN;0,2708;VA Breakout;0,2708;0;0,27;0,27;LOSS;-1,0;517,0;23,22;Si;Si;14;30;0,5;63.0
423;DOGEUSDT;2026-02-05 07:15;2026-02-05 08:07;0,09828879999999998;0,0991605;0,88;DOWN;0,09818;VA Breakout;0,09818;0;0,1;0,1;LOSS;-1,0;516,0;20,84;Si;Si;53;29;0,5;63.0
424;TRBUSDT;2026-02-05 07:16;2026-02-05 07:20;15,541150000000002;15,66257;0,78;DOWN;15,524;VA Breakout;15,524;0;15,64;15,41;WIN;2,0;518,0;29,35;Si;Si;5;27;0,4;64.0
425;TRXUSDT;2026-02-05 08:05;2026-02-05 09:32;0,27722115;0,27797009999999994;0,27;UP;0,27815;VA Breakout;0,27815;0;0,28;0,28;WIN;2,0;520,0;1,74;No;No;88;45;0,7;69.0
426;XRPUSDT;2026-02-05 08:15;2026-02-05 08:23;1,3532;1,3771;1,75;DOWN;1,3574;VA Breakout;1,3574;0;1,36;1,35;WIN;2,0;522,0;32,05;Si;Si;9;93;1,5;41.0
427;TRBUSDT;2026-02-05 08:45;2026-02-05 08:46;15,391;15,58;1,22;DOWN;15,417;VA Breakout;15,417;0;15,49;15,35;WIN;2,0;524,0;47,28;Si;Si;2;80;1,3;51.0
428;SOLUSDT;2026-02-05 08:59;2026-02-05 09:03;88,01190000000003;89,96680000000002;2,2;DOWN;88,45;VA Breakout;88,45;0;89,99;86,91;LOSS;-1,0;523,0;13,7;Si;Si;5;94;1,6;36.0
429;DOGEUSDT;2026-02-05 09:23;2026-02-05 09:31;0,09783195;0,0992;1,39;UP;0,09895;VA Breakout;0,09895;0;0,1;0,1;WIN;2,0;525,0;4,33;Si;Si;9;118;1,9;53.0
430;TRXUSDT;2026-02-05 09:25;2026-02-05 09:33;0,277531;0,27842;0,32;UP;0,27839;VA Breakout;0,27839;0;0,28;0,28;WIN;2,0;527,0;1,74;No;No;9;57;0,9;67.0
431;ADAUSDT;2026-02-05 09:25;2026-02-05 09:33;0,26917699999999994;0,2739;1,74;UP;0,273;VA Breakout;0,273;0;0,27;0,28;WIN;2,0;529,0;5,07;Si;Si;9;118;1,9;56.0
432;BTCUSDT;2026-02-05 09:31;2026-02-05 09:39;69152,55900000001;70413,8;1,81;UP;69986,0;VA Breakout;69986,0;0;69280,73;70691,27;WIN;2,0;531,0;2,46;Si;No;9;123;2,0;60.0
433;ETHUSDT;2026-02-05 09:33;2026-02-05 09:39;2045,7653999999998;2090,91;2,18;UP;2076,14;VA Breakout;2076,14;0;2052,13;2100,15;WIN;2,0;533,0;3,43;Si;Si;7;125;2,1;41.0
434;GALAUSDT;2026-02-05 09:33;2026-02-05 09:35;0,004369425;0,004461;2,07;UP;0,004428;VA Breakout;0,004428;0;0,0;0,0;WIN;2,0;535,0;1,39;No;No;3;128;2,1;49.0
435;XRPUSDT;2026-02-05 09:34;2026-02-05 09:39;1,3469725000000001;1,3727;1,89;UP;1,3688;VA Breakout;1,3688;0;1,35;1,38;WIN;2,0;537,0;12,11;Si;Si;6;64;1,1;60.0
436;SOLUSDT;2026-02-05 09:34;2026-02-05 09:55;88,92770000000002;90,53;1,79;UP;90,42;VA Breakout;90,42;0;89,31;91,53;LOSS;-1,0;536,0;0,89;No;No;22;31;0,5;60.0
437;SUIUSDT;2026-02-05 09:37;2026-02-05 09:57;0,9835280000000001;1,0149009999999998;3,14;UP;1,0154;VA Breakout;1,0154;0;0,99;1,04;LOSS;-1,0;535,0;0,56;No;No;21;164;2,7;57.0
438;XRPUSDT;2026-02-05 12:01;2026-02-05 12:09;1,2701;1,3114;3,2;DOWN;1,2715;VA Breakout;1,2715;0;1,3;1,24;WIN;2,0;537,0;5,17;Si;Si;9;68;1,1;42.0
439;TRBUSDT;2026-02-05 12:05;2026-02-05 12:12;14,68228;15,12761;2,99;DOWN;14,734;VA Breakout;14,734;0;14,94;14,53;WIN;2,0;539,0;12,58;Si;Si;8;70;1,1;41.0
440;GALAUSDT;2026-02-05 12:06;2026-02-05 12:19;0,004158475000000001;0,004292735;3,18;DOWN;0,004179;VA Breakout;0,004179;0;0,0;0,0;WIN;2,0;541,0;13,69;Si;Si;14;70;1,1;51.0
441;SUIUSDT;2026-02-05 12:06;2026-02-05 12:10;0,9481185;0,980371;3,34;DOWN;0,953;VA Breakout;0,953;0;0,96;0,95;WIN;2,0;543,0;22,99;Si;Si;5;72;1,2;57.0
442;SOLUSDT;2026-02-05 12:06;2026-02-05 12:19;83,5078;86,06835;3,02;DOWN;84,53;VA Breakout;84,53;0;85,92;83,14;WIN;2,0;545,0;12,4;Si;Si;14;90;1,5;58.0
443;DOGEUSDT;2026-02-05 12:06;2026-02-05 12:20;0,09273634999999998;0,09544470000000001;2,88;DOWN;0,09303;VA Breakout;0,09303;0;0,09;0,09;WIN;2,0;547,0;8,75;Si;Si;15;70;1,1;59.0
444;BTCUSDT;2026-02-05 12:09;2026-02-05 12:57;66836,18900000001;68548,0;2,53;DOWN;67346,6;VA Breakout;67346,6;0;68398,6;66294,6;WIN;2,0;549,0;7,09;Si;Si;49;73;1,2;62.0
445;ADAUSDT;2026-02-05 12:09;2026-02-05 12:26;0,2588125;0,267339;3,24;DOWN;0,2591;VA Breakout;0,2591;0;0,26;0,25;LOSS;-1,0;548,0;9,21;Si;Si;18;72;1,2;57.0
446;TRBUSDT;2026-02-05 13:17;2026-02-05 13:23;14,398;14,727850000000004;2,26;DOWN;14,414;VA Breakout;14,414;0;14,58;14,25;WIN;2,0;550,0;14,16;Si;Si;7;46;0,8;33.0
447;TRBUSDT;2026-02-05 13:53;2026-02-05 15:15;14,212545000000002;14,419655000000002;1,45;UP;14,485;VA Breakout;14,485;0;14,26;14,71;LOSS;-1,0;549,0;4,47;Si;Si;83;28;0,5;61.0
448;SUIUSDT;2026-02-05 13:55;2026-02-05 14:51;0,920598;0,9565405000000002;3,83;UP;0,9457;VA Breakout;0,9457;0;0,92;0,97;LOSS;-1,0;548,0;3,65;Si;Si;57;83;1,4;54.0
449;DOGEUSDT;2026-02-05 13:56;2026-02-05 15:15;0,0902994;0,09358545;3,57;UP;0,09247;VA Breakout;0,09247;0;0,09;0,09;LOSS;-1,0;547,0;4,18;Si;Si;80;83;1,4;54.0
450;GALAUSDT;2026-02-05 15:13;2026-02-05 15:15;0,004036345;0,004187425;3,67;DOWN;0,004054;VA Breakout;0,004054;0;0,0;0,0;WIN;2,0;549,0;14,43;Si;Si;3;164;2,7;50.0
451;TRBUSDT;2026-02-05 15:13;2026-02-05 15:16;14,337;14,600795;1,82;DOWN;14,353;VA Breakout;14,353;0;14,5;14,21;WIN;2,0;551,0;15,12;Si;Si;4;81;1,3;60.0
452;DOGEUSDT;2026-02-05 15:13;2026-02-05 15:22;0,0906746;0,0928065;2,32;DOWN;0,09081;VA Breakout;0,09081;0;0,09;0,09;WIN;2,0;553,0;5,58;Si;Si;10;81;1,3;58.0
453;ETHUSDT;2026-02-05 15:14;2026-02-05 15:22;1912,9181999999998;2008,03;4,85;DOWN;1921,2;VA Breakout;1921,2;0;1972,84;1869,56;WIN;2,0;555,0;3,5;Si;Si;9;262;4,3;37.0
454;BTCUSDT;2026-02-05 15:14;2026-02-05 15:22;64881,6;67300,2585;3,66;DOWN;65013,8;VA Breakout;65013,8;0;66211,89;63815,71;WIN;2,0;557,0;4,28;Si;Si;9;163;2,7;45.0
455;SUIUSDT;2026-02-05 15:14;2026-02-05 15:16;0,9182054999999997;0,948006;3,19;DOWN;0,9178;VA Breakout;0,9178;0;0,93;0,91;WIN;2,0;559,0;13,62;Si;Si;3;74;1,2;53.0
456;SOLUSDT;2026-02-05 15:14;2026-02-05 15:16;80,94105;84,2013;3,95;DOWN;81,22;VA Breakout;81,22;0;82,0;80,44;WIN;2,0;561,0;17,82;Si;Si;3;166;2,8;52.0
457;ADAUSDT;2026-02-05 15:14;2026-02-05 15:16;0,2523695;0,26178450000000003;3,66;DOWN;0,2535;VA Breakout;0,2535;0;0,26;0,25;WIN;2,0;563,0;13,5;Si;Si;3;165;2,7;40.0
458;TRXUSDT;2026-02-05 15:15;2026-02-05 15:36;0,27228929999999996;0,27321;0,34;DOWN;0,27218;VA Breakout;0,27218;0;0,27;0,27;WIN;2,0;565,0;5,92;Si;Si;22;53;0,9;65.0
459;ETHUSDT;2026-02-05 15:49;2026-02-05 16:00;1849,0285500000002;1880,5685500000002;1,69;DOWN;1849,26;VA Breakout;1849,26;0;1877,05;1821,47;LOSS;-1,0;564,0;3,92;Si;Si;12;28;0,5;41.0
460;BTCUSDT;2026-02-05 15:49;2026-02-05 15:53;63088,8;64147,36299999999;1,66;DOWN;63248,4;VA Breakout;63248,4;0;63899,19;62597,61;WIN;2,0;566,0;5,16;Si;Si;5;29;0,5;47.0
461;XRPUSDT;2026-02-05 16:13;2026-02-05 16:18;1,1735145;1,2004534999999998;2,27;DOWN;1,1737;VA Breakout;1,1737;0;1,19;1,16;WIN;2,0;568,0;3,04;Si;Si;6;35;0,6;46.0
462;TRXUSDT;2026-02-05 17:16;2026-02-05 17:18;0,27006205;0,27153554999999996;0,54;DOWN;0,27013;VA Breakout;0,27013;0;0,27;0,27;WIN;2,0;570,0;7,67;Si;Si;3;62;1,0;47.0
463;TRBUSDT;2026-02-05 17:27;2026-02-05 17:28;13,695;14,11174;3,0;DOWN;13,79;VA Breakout;13,79;0;13,94;13,64;LOSS;-1,0;569,0;11,42;Si;Si;2;66;1,1;55.0
464;XRPUSDT;2026-02-05 17:28;2026-02-05 17:51;1,1513;1,191438;3,43;UP;1,1905;VA Breakout;1,1905;0;1,16;1,22;WIN;2,0;571,0;11,66;Si;Si;24;67;1,1;58.0
465;SOLUSDT;2026-02-05 18:03;2026-02-05 18:34;77,66;80,6158;3,73;UP;80,49;VA Breakout;80,49;0;79,36;81,62;LOSS;-1,0;570,0;8,27;Si;Si;32;92;1,5;53.0
466;GALAUSDT;2026-02-05 18:08;2026-02-05 18:41;0,003855;0,003991;3,47;UP;0,003979;VA Breakout;0,003979;0;0,0;0,0;LOSS;-1,0;569,0;6,13;Si;Si;34;107;1,8;53.0
467;ADAUSDT;2026-02-05 18:08;2026-02-05 18:41;0,2445;0,2527;3,3;UP;0,2522;VA Breakout;0,2522;0;0,25;0,26;LOSS;-1,0;568,0;5,56;Si;Si;34;108;1,8;44.0
468;TRXUSDT;2026-02-05 18:15;2026-02-05 18:18;0,27011;0,27095;0,31;DOWN;0,2704;VA Breakout;0,2704;0;0,27;0,27;WIN;2,0;570,0;9,64;Si;Si;4;38;0,6;42.0
469;SUIUSDT;2026-02-05 18:20;2026-02-05 18:35;0,8815;0,9151;3,74;UP;0,9039;VA Breakout;0,9039;0;0,9;0,91;LOSS;-1,0;569,0;15,28;Si;Si;16;120;2,0;54.0
470;TRBUSDT;2026-02-05 18:35;2026-02-05 18:41;13,902925000000002;14,218;2,24;DOWN;13,932;VA Breakout;13,932;0;14,04;13,83;WIN;2,0;571,0;17,0;Si;Si;7;52;0,8;58.0
471;DOGEUSDT;2026-02-05 18:38;2026-02-05 18:38;0,08736;0,09114;4,24;UP;0,08941;VA Breakout;0,08941;0;0,09;0,09;LOSS;-1,0;570,0;99,77;Si;Si;1;138;2,3;35.0
472;ETHUSDT;2026-02-05 18:41;2026-02-05 19:05;1818,4;1903,14;4,55;DOWN;1842,83;VA Breakout;1842,83;0;1890,35;1795,31;WIN;2,0;572,0;2,16;Si;No;25;147;2,4;49.0
473;BTCUSDT;2026-02-05 18:52;2026-02-05 19:08;62709,28750000001;64868,0;3,38;DOWN;62905,0;VA Breakout;62905,0;0;64456,75;61353,25;WIN;2,0;574,0;1,94;No;No;17;133;2,2;58.0
474;BTCUSDT;2026-02-05 20:45;2026-02-05 20:47;63672,239;64843,339499999995;1,82;UP;64655,3;VA Breakout;64655,3;0;64227,41;65083,19;WIN;2,0;576,0;16,51;Si;Si;3;43;0,7;39.0
475;XRPUSDT;2026-02-05 20:46;2026-02-06 00:06;1,203063;1,2633625;4,89;UP;1,2631;VA Breakout;1,2631;0;1,22;1,3;WIN;2,0;578,0;7,03;Si;Si;201;65;1,1;49.0
476;TRXUSDT;2026-02-05 20:47;2026-02-05 21:01;0,26916855;0,27072355000000003;0,58;UP;0,27066;VA Breakout;0,27066;0;0,27;0,27;WIN;2,0;580,0;5,86;Si;Si;15;58;0,9;48.0
477;GALAUSDT;2026-02-05 21:11;2026-02-05 21:20;0,00376679;0,0039502949999999995;4,76;UP;0,003904;VA Breakout;0,003904;0;0,0;0,0;LOSS;-1,0;579,0;7,94;Si;Si;10;95;1,6;39.0
478;SUIUSDT;2026-02-05 21:12;2026-02-06 00:54;0,8628329999999999;0,9154614999999999;5,92;UP;0,8989;VA Breakout;0,8989;0;0,86;0,94;WIN;2,0;581,0;3,59;Si;Si;223;96;1,6;47.0
479;TRBUSDT;2026-02-05 21:24;2026-02-06 00:06;13,407004999999998;14,10776;5,09;DOWN;13,595;VA Breakout;13,595;0;13,99;13,2;LOSS;-1,0;580,0;0,09;No;No;163;97;1,6;46.0
480;BTCUSDT;2026-02-05 22:45;2026-02-05 22:52;64294,9835;65222,496999999996;1,43;DOWN;64444,4;VA Breakout;64444,4;0;65031,42;63857,38;WIN;2,0;582,0;1,23;No;No;8;62;1,0;40.0
481;XRPUSDT;2026-02-05 23:17;2026-02-06 00:06;1,2433215;1,2770050000000004;2,67;UP;1,2746;VA Breakout;1,2746;0;1,25;1,3;WIN;2,0;584,0;12,07;Si;Si;50;126;2,1;36.0
482;TRXUSDT;2026-02-05 23:18;2026-02-06 00:14;0,26906;0,27037194999999997;0,49;UP;0,26987;VA Breakout;0,26987;0;0,27;0,27;WIN;2,0;586,0;10,8;Si;Si;57;89;1,5;66.0
483;DOGEUSDT;2026-02-05 23:24;2026-02-06 00:54;0,08638115000000002;0,09135;5,59;UP;0,09103;VA Breakout;0,09103;0;0,09;0,09;WIN;2,0;588,0;4,59;Si;Si;91;218;3,6;45.0
484;SUIUSDT;2026-02-05 23:31;2026-02-05 23:39;0,881967;0,9003925000000002;2,07;DOWN;0,8857;VA Breakout;0,8857;0;0,89;0,88;WIN;2,0;590,0;1,56;No;No;9;121;2,0;58.0
485;GALAUSDT;2026-02-06 00:02;2026-02-06 00:51;0,0037750649999999998;0,003876;2,64;UP;0,003874;VA Breakout;0,003874;0;0,0;0,0;WIN;2,0;592,0;6,62;Si;Si;50;117;1,9;46.0
486;ADAUSDT;2026-02-06 00:02;2026-02-06 00:05;0,2493545;0,25239049999999996;1,21;UP;0,2518;VA Breakout;0,2518;0;0,25;0,25;WIN;2,0;594,0;23,79;Si;Si;4;47;0,8;60.0
487;BTCUSDT;2026-02-06 00:10;2026-02-06 00:12;64527,57400000001;65392,1;1,33;UP;65078,4;VA Breakout;65078,4;0;64732,71;65424,09;WIN;2,0;596,0;19,21;Si;Si;3;54;0,9;45.0
488;SOLUSDT;2026-02-06 00:10;2026-02-06 00:50;75,69;78,38;3,49;UP;78,17;VA Breakout;78,17;0;76,24;80,1;WIN;2,0;598,0;6,02;Si;Si;41;179;3,0;35.0
489;DOGEUSDT;2026-02-06 00:31;2026-02-06 00:41;0,09097;0,09170435;0,8;UP;0,09162;VA Breakout;0,09162;0;0,09;0,09;WIN;2,0;600,0;17,92;Si;Si;11;29;0,5;63.0
490;ETHUSDT;2026-02-06 00:32;2026-02-06 00:50;1898,6964;1926,1;1,43;UP;1923,54;VA Breakout;1923,54;0;1900,54;1946,54;WIN;2,0;602,0;10,22;Si;Si;19;77;1,3;51.0
491;ADAUSDT;2026-02-06 00:57;2026-02-06 01:44;0,25337800000000005;0,2587;2,08;UP;0,2571;VA Breakout;0,2571;0;0,25;0,26;LOSS;-1,0;601,0;9,94;Si;Si;48;47;0,8;33.0
492;SUIUSDT;2026-02-06 01:19;2026-02-06 02:00;0,9296880000000002;0,9384565000000001;0,94;DOWN;0,9274;VA Breakout;0,9274;0;0,94;0,92;WIN;2,0;603,0;2,35;Si;No;42;23;0,4;64.0
493;TRBUSDT;2026-02-06 01:19;2026-02-06 01:23;14,056;14,1536;0,69;DOWN;14,049;VA Breakout;14,049;0;14,09;14,01;WIN;2,0;605,0;12,1;Si;Si;5;23;0,4;65.0
494;DOGEUSDT;2026-02-06 01:23;2026-02-06 01:35;0,09251;0,09342960000000002;0,99;DOWN;0,09258;VA Breakout;0,09258;0;0,09;0,09;WIN;2,0;607,0;3,48;Si;Si;13;28;0,5;64.0
495;GALAUSDT;2026-02-06 01:31;2026-02-06 01:46;0,003932;0,003984949999999999;1,34;DOWN;0,003934;VA Breakout;0,003934;0;0,0;0,0;WIN;2,0;609,0;1,6;No;No;16;36;0,6;36.0
496;XRPUSDT;2026-02-06 02:06;2026-02-06 03:30;1,2958;1,3176965;1,68;DOWN;1,3004;VA Breakout;1,3004;0;1,31;1,29;WIN;2,0;611,0;1,15;No;No;85;42;0,7;55.0
497;ADAUSDT;2026-02-06 02:06;2026-02-06 05:20;0,253;0,259333;2,47;DOWN;0,2541;VA Breakout;0,2541;0;0,26;0,25;LOSS;-1,0;610,0;0,93;No;No;195;69;1,1;40.0
498;DOGEUSDT;2026-02-06 02:06;2026-02-06 02:08;0,09102;0,0923492;1,45;DOWN;0,09117;VA Breakout;0,09117;0;0,09;0,09;WIN;2,0;612,0;2,15;Si;No;3;41;0,7;41.0
499;GALAUSDT;2026-02-06 02:07;2026-02-06 02:32;0,003874;0,003919745;1,17;DOWN;0,003869;VA Breakout;0,003869;0;0,0;0,0;LOSS;-1,0;611,0;0,49;No;No;26;31;0,5;63.0
500;SOLUSDT;2026-02-06 02:29;2026-02-06 05:19;78,63705;81,58015000000002;3,67;DOWN;79,45;VA Breakout;79,45;0;81,69;77,21;LOSS;-1,0;610,0;0,37;No;No;171;99;1,6;39.0
501;XRPUSDT;2026-02-06 02:30;2026-02-06 02:41;1,28555;1,3005225;1,16;UP;1,2991;VA Breakout;1,2991;0;1,29;1,31;WIN;2,0;612,0;18,27;Si;Si;12;22;0,3;36.0
502;TRXUSDT;2026-02-06 03:52;2026-02-06 03:52;0,26832;0,26891040000000005;0,22;UP;0,26908;VA Breakout;0,26908;0;0,27;0,27;LOSS;-1,0;611,0;17,16;Si;Si;1;38;0,6;69.0
503;BTCUSDT;2026-02-06 04:22;2026-02-06 04:32;64461,6;65521,5;1,63;UP;65293,0;VA Breakout;65293,0;0;64738,65;65847,35;WIN;2,0;613,0;11,59;Si;Si;11;165;2,7;61.0
504;XRPUSDT;2026-02-06 04:23;2026-02-06 04:32;1,2841449999999996;1,3056210000000001;1,66;UP;1,3024;VA Breakout;1,3024;0;1,29;1,32;WIN;2,0;615,0;14,05;Si;Si;10;95;1,6;49.0
505;SOLUSDT;2026-02-06 04:23;2026-02-06 04:32;78,60574999999999;80,12;1,91;UP;79,64;VA Breakout;79,64;0;78,84;80,44;WIN;2,0;617,0;12,64;Si;Si;10;95;1,6;57.0
506;ETHUSDT;2026-02-06 04:24;2026-02-06 08:20;1864,5;1914,9266499999999;2,67;UP;1902,63;VA Breakout;1902,63;0;1856,62;1948,64;WIN;2,0;619,0;5,56;Si;Si;237;115;1,9;56.0
507;ADAUSDT;2026-02-06 04:24;2026-02-06 04:35;0,2486;0,2545;2,35;UP;0,2529;VA Breakout;0,2529;0;0,25;0,26;WIN;2,0;621,0;9,31;Si;Si;12;136;2,2;57.0
508;GALAUSDT;2026-02-06 04:25;2026-02-06 04:32;0,003857739999999999;0,003906;1,24;UP;0,003895;VA Breakout;0,003895;0;0,0;0,0;WIN;2,0;623,0;19,29;Si;Si;8;58;0,9;63.0
509;DOGEUSDT;2026-02-06 04:25;2026-02-06 04:32;0,09009;0,09156;1,62;UP;0,09116;VA Breakout;0,09116;0;0,09;0,09;WIN;2,0;625,0;15,84;Si;Si;8;139;2,3;59.0
510;TRBUSDT;2026-02-06 04:27;2026-02-06 04:32;13,619130000000002;13,764;1,06;UP;13,752;VA Breakout;13,752;0;13,64;13,86;WIN;2,0;627,0;15,58;Si;Si;6;60;1,0;63.0
511;SUIUSDT;2026-02-06 04:32;2026-02-06 06:34;0,9063250000000003;0,9315;2,74;UP;0,9286;VA Breakout;0,9286;0;0,9;0,95;WIN;2,0;629,0;4,13;Si;Si;123;183;3,0;56.0
512;XRPUSDT;2026-02-06 05:14;2026-02-06 05:18;1,3229885000000001;1,3409;1,34;UP;1,3361;VA Breakout;1,3361;0;1,32;1,35;WIN;2,0;631,0;16,84;Si;Si;5;27;0,4;62.0
513;SUIUSDT;2026-02-06 05:14;2026-02-06 05:16;0,9303084999999999;0,9418;1,23;UP;0,9375;VA Breakout;0,9375;0;0,93;0,94;WIN;2,0;633,0;22,3;Si;Si;3;27;0,4;62.0
514;GALAUSDT;2026-02-06 05:15;2026-02-06 05:16;0,0039615;0,003995515000000001;0,85;UP;0,00399;VA Breakout;0,00399;0;0,0;0,0;WIN;2,0;635,0;31,78;Si;Si;2;28;0,5;64.0
515;ADAUSDT;2026-02-06 05:15;2026-02-06 05:19;0,25579300000000005;0,2579295;0,83;UP;0,2579;VA Breakout;0,2579;0;0,26;0,26;WIN;2,0;637,0;15,32;Si;Si;5;28;0,5;63.0
516;TRBUSDT;2026-02-06 06:26;2026-02-06 08:04;14,0676;14,254175000000004;1,32;DOWN;14,102;VA Breakout;14,102;0;14,25;13,95;LOSS;-1,0;636,0;0,0;No;No;99;57;0,9;47.0
517;BTCUSDT;2026-02-06 06:49;2026-02-06 06:56;65682,13750000003;66400,0;1,09;UP;66244,6;VA Breakout;66244,6;0;65805,65;66683,55;WIN;2,0;638,0;12,47;Si;Si;8;96;1,6;46.0
518;ADAUSDT;2026-02-06 07:00;2026-02-06 07:32;0,2601075;0,2635;1,3;DOWN;0,2602;VA Breakout;0,2602;0;0,26;0,26;LOSS;-1,0;637,0;0,36;No;No;33;88;1,4;61.0
519;SUIUSDT;2026-02-06 07:04;2026-02-06 08:03;0,9420260000000001;0,9538;1,24;DOWN;0,9429;VA Breakout;0,9429;0;0,95;0,94;LOSS;-1,0;636,0;0,63;No;No;60;98;1,6;61.0
520;XRPUSDT;2026-02-06 07:21;2026-02-06 07:23;1,3488015;1,3708630000000002;1,62;UP;1,3657;VA Breakout;1,3657;0;1,36;1,37;WIN;2,0;638,0;26,06;Si;Si;3;86;1,4;39.0
521;SOLUSDT;2026-02-06 07:22;2026-02-06 08:04;80,38;81,8599;1,82;UP;81,63;VA Breakout;81,63;0;80,98;82,28;WIN;2,0;640,0;12,59;Si;Si;43;153;2,5;59.0
522;TRBUSDT;2026-02-06 08:01;2026-02-06 08:04;14,099124999999999;14,229;0,92;UP;14,2;VA Breakout;14,2;0;14,14;14,26;WIN;2,0;642,0;21,63;Si;Si;4;89;1,5;63.0
523;GALAUSDT;2026-02-06 08:02;2026-02-06 08:04;0,004005254999999999;0,00406;1,36;UP;0,004053;VA Breakout;0,004053;0;0,0;0,0;WIN;2,0;644,0;16,16;Si;Si;3;159;2,6;47.0
524;SOLUSDT;2026-02-06 08:03;2026-02-06 08:12;81,17129999999999;81,85190000000001;0,83;UP;81,93;VA Breakout;81,93;0;81,46;82,4;WIN;2,0;646,0;16,6;Si;Si;10;38;0,6;63.0
525;XRPUSDT;2026-02-06 08:09;2026-02-06 08:11;1,3680534999999998;1,3863;1,32;UP;1,3836;VA Breakout;1,3836;0;1,37;1,4;WIN;2,0;648,0;12,43;Si;Si;3;48;0,8;44.0
526;BTCUSDT;2026-02-06 08:09;2026-02-06 08:12;66080,0;66837,9;1,14;UP;66596,5;VA Breakout;66596,5;0;66159,28;67033,72;WIN;2,0;650,0;11,72;Si;Si;4;66;1,1;40.0
527;ETHUSDT;2026-02-06 08:10;2026-02-06 08:14;1909,51;1943,58;1,77;UP;1930,66;VA Breakout;1930,66;0;1921,59;1939,73;WIN;2,0;652,0;25,14;Si;Si;5;202;3,4;60.0
528;SUIUSDT;2026-02-06 08:10;2026-02-06 08:21;0,9413125;0,9534;1,28;UP;0,9519;VA Breakout;0,9519;0;0,94;0,96;WIN;2,0;654,0;7,89;Si;Si;12;51;0,8;61.0
529;DOGEUSDT;2026-02-06 08:12;2026-02-06 08:50;0,0921;0,09424;2,3;UP;0,09412;VA Breakout;0,09412;0;0,09;0,1;WIN;2,0;656,0;6,19;Si;Si;39;203;3,4;57.0
530;TRXUSDT;2026-02-06 08:19;2026-02-06 09:38;0,26847;0,26894;0,17;UP;0,26935;VA Breakout;0,26935;0;0,27;0,27;WIN;2,0;658,0;10,96;Si;Si;80;67;1,1;65.0
531;ADAUSDT;2026-02-06 08:19;2026-02-06 09:34;0,2605805;0,2636;1,15;UP;0,2637;VA Breakout;0,2637;0;0,26;0,27;WIN;2,0;660,0;6,04;Si;Si;76;60;1,0;62.0
532;XRPUSDT;2026-02-06 09:01;2026-02-06 09:08;1,4239734999999998;1,4401505;1,13;DOWN;1,4214;VA Breakout;1,4214;0;1,44;1,41;WIN;2,0;662,0;2,23;Si;No;8;22;0,3;67.0
533;SOLUSDT;2026-02-06 09:02;2026-02-06 09:21;82,88;83,71874999999999;1,01;DOWN;82,82;VA Breakout;82,82;0;83,64;82,0;WIN;2,0;664,0;1,23;No;No;20;23;0,4;64.0
534;DOGEUSDT;2026-02-06 09:02;2026-02-06 09:05;0,09464;0,0953884;0,79;DOWN;0,09461;VA Breakout;0,09461;0;0,1;0,09;WIN;2,0;666,0;1,38;No;No;4;25;0,4;64.0
535;ADAUSDT;2026-02-06 09:20;2026-02-06 09:30;0,26292899999999997;0,264825;0,72;DOWN;0,2631;VA Breakout;0,2631;0;0,26;0,26;LOSS;-1,0;665,0;0,71;No;No;11;24;0,4;64.0
536;DOGEUSDT;2026-02-06 09:29;2026-02-06 09:30;0,0936962;0,09437859999999998;0,73;UP;0,09432;VA Breakout;0,09432;0;0,09;0,09;WIN;2,0;667,0;29,97;Si;Si;2;25;0,4;61.0
537;GALAUSDT;2026-02-06 09:30;2026-02-06 09:31;0,004078;0,00412265;1,09;UP;0,004121;VA Breakout;0,004121;0;0,0;0,0;WIN;2,0;669,0;13,05;Si;Si;2;57;0,9;62.0
538;SUIUSDT;2026-02-06 09:30;2026-02-06 09:30;0,9438;0,9555455;1,24;UP;0,9552;VA Breakout;0,9552;0;0,95;0,96;WIN;2,0;671,0;14,22;Si;Si;1;57;0,9;62.0
539;ETHUSDT;2026-02-06 09:31;2026-02-06 09:45;1932,97;1959,71965;1,37;UP;1963,38;VA Breakout;1963,38;0;1932,05;1994,71;WIN;2,0;673,0;6,23;Si;Si;15;54;0,9;61.0
540;XRPUSDT;2026-02-06 10:32;2026-02-06 10:39;1,456544;1,4905345;2,31;UP;1,489;VA Breakout;1,489;0;1,46;1,52;WIN;2,0;675,0;1,69;No;No;8;48;0,8;56.0
541;TRXUSDT;2026-02-06 10:33;2026-02-06 10:40;0,27094234999999994;0,27138155;0,16;UP;0,27144;VA Breakout;0,27144;0;0,27;0,27;WIN;2,0;677,0;18,36;Si;Si;8;29;0,5;67.0
542;TRBUSDT;2026-02-06 11:02;2026-02-06 11:06;14,689759999999998;14,82683;0,93;UP;14,818;VA Breakout;14,818;0;14,74;14,89;WIN;2,0;679,0;9,41;Si;Si;5;29;0,5;62.0
543;GALAUSDT;2026-02-06 11:05;2026-02-06 11:10;0,004156;0,00422512;1,65;UP;0,004213;VA Breakout;0,004213;0;0,0;0,0;WIN;2,0;681,0;7,51;Si;Si;6;77;1,3;39.0
544;ADAUSDT;2026-02-06 11:05;2026-02-06 11:10;0,2687845;0,274953;2,27;UP;0,2745;VA Breakout;0,2745;0;0,27;0,28;WIN;2,0;683,0;4,3;Si;Si;6;64;1,1;33.0
545;DOGEUSDT;2026-02-06 11:05;2026-02-06 11:10;0,09529925;0,09700615;1,78;UP;0,09682;VA Breakout;0,09682;0;0,1;0,1;WIN;2,0;685,0;6,15;Si;Si;6;83;1,4;39.0
546;SUIUSDT;2026-02-06 11:08;2026-02-06 11:10;0,974909;0,988946;1,43;UP;0,9859;VA Breakout;0,9859;0;0,98;0,99;WIN;2,0;687,0;6,64;Si;Si;3;37;0,6;47.0
547;SOLUSDT;2026-02-06 11:18;2026-02-06 11:38;83,35070000000002;85,26;2,26;UP;85,35;VA Breakout;85,35;0;83,81;86,89;WIN;2,0;689,0;2,89;Si;No;21;66;1,1;59.0
548;ETHUSDT;2026-02-06 11:25;2026-02-06 12:27;1959,7;2013,0;2,68;UP;2011,93;VA Breakout;2011,93;0;1957,43;2066,43;WIN;2,0;691,0;2,69;Si;No;63;93;1,5;32.0
549;GALAUSDT;2026-02-06 12:14;2026-02-06 12:27;0,004290455000000001;0,004347;1,31;UP;0,004344;VA Breakout;0,004344;0;0,0;0,0;WIN;2,0;693,0;1,92;No;No;14;49;0,8;39.0
550;ETHUSDT;2026-02-06 12:15;2026-02-06 12:27;2020,2917500000003;2049,43;1,43;UP;2046,58;VA Breakout;2046,58;0;2023,96;2069,2;WIN;2,0;695,0;4,95;Si;Si;13;50;0,8;62.0
551;BTCUSDT;2026-02-06 12:15;2026-02-06 12:31;67838,43950000001;70264,4;3,51;UP;70233,0;VA Breakout;70233,0;0;69257,71;71208,29;WIN;2,0;697,0;1,52;No;No;17;122;2,0;38.0
552;SUIUSDT;2026-02-06 12:16;2026-02-06 12:18;1,001657;1,0149915;1,32;UP;1,0114;VA Breakout;1,0114;0;1,01;1,02;WIN;2,0;699,0;2,8;Si;No;3;51;0,8;41.0
553;ADAUSDT;2026-02-06 12:17;2026-02-06 12:31;0,2765315;0,2804025;1,39;UP;0,2803;VA Breakout;0,2803;0;0,28;0,28;WIN;2,0;701,0;1,45;No;No;15;58;0,9;62.0
554;DOGEUSDT;2026-02-06 12:17;2026-02-06 12:21;0,09855405;0,1000484;1,5;UP;0,09979;VA Breakout;0,09979;0;0,1;0,1;WIN;2,0;703,0;3,73;Si;Si;5;51;0,8;63.0
555;SOLUSDT;2026-02-06 12:26;2026-02-06 13:05;85,9536;87,58;1,87;UP;87,52;VA Breakout;87,52;0;86,02;89,02;LOSS;-1,0;702,0;1,52;No;No;40;59;1,0;56.0
556;SUIUSDT;2026-02-06 13:00;2026-02-06 13:07;1,012893;1,024583;1,15;DOWN;1,0134;VA Breakout;1,0134;0;1,03;1,0;WIN;2,0;704,0;4,29;Si;Si;8;26;0,4;43.0
557;ETHUSDT;2026-02-06 13:03;2026-02-06 13:06;2058,27;2080,0635;1,05;DOWN;2059,79;VA Breakout;2059,79;0;2069,73;2049,85;WIN;2,0;706,0;9,1;Si;Si;4;21;0,3;50.0
558;XRPUSDT;2026-02-06 13:03;2026-02-06 14:14;1,4785975;1,5352740000000002;3,76;DOWN;1,4857;VA Breakout;1,4857;0;1,53;1,44;WIN;2,0;708,0;2,16;Si;No;72;135;2,2;52.0
559;SOLUSDT;2026-02-06 13:04;2026-02-06 13:06;86,16;87,30534999999999;1,32;DOWN;86,28;VA Breakout;86,28;0;86,91;85,65;WIN;2,0;710,0;3,42;Si;Si;3;22;0,3;48.0
560;XRPUSDT;2026-02-06 14:09;2026-02-06 14:13;1,4500905000000002;1,4687634999999999;1,28;DOWN;1,4521;VA Breakout;1,4521;0;1,46;1,44;WIN;2,0;712,0;5,98;Si;Si;5;30;0,5;62.0
561;DOGEUSDT;2026-02-06 14:11;2026-02-06 14:16;0,09806320000000002;0,09994925;1,9;DOWN;0,09891;VA Breakout;0,09891;0;0,1;0,1;WIN;2,0;714,0;8,35;Si;Si;6;66;1,1;60.0
562;GALAUSDT;2026-02-06 15:05;2026-02-06 15:35;0,004259585;0,0043263400000000014;1,55;UP;0,004301;VA Breakout;0,004301;0;0,0;0,0;WIN;2,0;716,0;1,99;No;No;31;108;1,8;42.0
563;SUIUSDT;2026-02-06 15:13;2026-02-06 15:34;0,9924404999999998;1,010869;1,84;DOWN;0,9978;VA Breakout;0,9978;0;1,0;0,99;LOSS;-1,0;715,0;6,96;Si;Si;22;120;2,0;59.0
564;ADAUSDT;2026-02-06 15:13;2026-02-06 15:35;0,274668;0,27926799999999996;1,66;DOWN;0,2757;VA Breakout;0,2757;0;0,28;0,27;LOSS;-1,0;714,0;4,78;Si;Si;23;122;2,0;60.0
565;TRXUSDT;2026-02-06 15:20;2026-02-06 15:34;0,27212;0,27282;0,26;UP;0,2728;VA Breakout;0,2728;0;0,27;0,27;WIN;2,0;716,0;15,56;Si;Si;15;61;1,0;66.0
566;ETHUSDT;2026-02-06 15:33;2026-02-06 15:35;2028,2874999999997;2070,9641;2,08;UP;2062,33;VA Breakout;2062,33;0;2043,84;2080,82;WIN;2,0;718,0;5,2;Si;Si;3;148;2,5;59.0
567;BTCUSDT;2026-02-06 15:39;2026-02-06 15:56;69335,306;70890,41399999999;2,22;UP;70403,2;VA Breakout;70403,2;0;69975,98;70830,42;LOSS;-1,0;717,0;3,08;Si;Si;18;144;2,4;31.0
568;SOLUSDT;2026-02-06 16:17;2026-02-06 16:25;85,09974999999999;87,72;3,03;UP;87,44;VA Breakout;87,44;0;86,85;88,03;WIN;2,0;719,0;3,97;Si;Si;9;192;3,2;56.0
569;BTCUSDT;2026-02-06 16:22;2026-02-06 17:04;69804,71699999999;70235,5675;0,62;UP;70230,6;VA Breakout;70230,6;0;69974,23;70486,97;WIN;2,0;721,0;5,81;Si;Si;43;28;0,5;35.0
570;XRPUSDT;2026-02-06 16:23;2026-02-06 17:26;1,4391;1,4618829999999998;1,57;UP;1,4593;VA Breakout;1,4593;0;1,45;1,47;WIN;2,0;723,0;2,75;Si;No;64;124;2,0;61.0
571;ETHUSDT;2026-02-06 17:03;2026-02-06 17:13;2042,6632000000004;2060,5923500000004;0,87;UP;2057,99;VA Breakout;2057,99;0;2044,71;2071,27;LOSS;-1,0;722,0;7,57;Si;Si;11;60;1,0;63.0
572;BTCUSDT;2026-02-06 17:03;2026-02-06 17:06;70039,73449999999;70471,39449999998;0,61;UP;70415,8;VA Breakout;70415,8;0;70166,42;70665,18;WIN;2,0;724,0;5,23;Si;Si;4;35;0,6;62.0
573;SUIUSDT;2026-02-06 17:04;2026-02-06 17:34;1,0031039999999998;1,011178;0,8;UP;1,0119;VA Breakout;1,0119;0;1,01;1,02;WIN;2,0;726,0;2,52;Si;No;31;45;0,7;63.0
574;DOGEUSDT;2026-02-06 17:04;2026-02-06 17:36;0,09804;0,0992;1,18;UP;0,09898;VA Breakout;0,09898;0;0,1;0,1;WIN;2,0;728,0;1,4;No;No;33;164;2,7;61.0
575;XRPUSDT;2026-02-06 17:23;2026-02-06 17:34;1,4475805;1,4675220000000002;1,37;UP;1,4673;VA Breakout;1,4673;0;1,45;1,48;WIN;2,0;730,0;2,03;Si;No;12;53;0,9;45.0
576;SOLUSDT;2026-02-06 17:32;2026-02-06 17:35;87,4417;88,98;1,74;UP;88,96;VA Breakout;88,96;0;88,55;89,37;WIN;2,0;732,0;2,05;Si;No;4;65;1,1;59.0
577;ADAUSDT;2026-02-06 17:34;2026-02-06 18:03;0,276455;0,277745;0,47;UP;0,2783;VA Breakout;0,2783;0;0,28;0,28;WIN;2,0;734,0;1,37;No;No;30;20;0,3;64.0
578;SOLUSDT;2026-02-06 18:08;2026-02-06 18:12;88,95;89,62425;0,76;DOWN;89,01;VA Breakout;89,01;0;89,64;88,38;WIN;2,0;736,0;7,79;Si;Si;5;30;0,5;63.0
579;XRPUSDT;2026-02-06 18:11;2026-02-06 18:11;1,4759705000000003;1,4959;1,34;DOWN;1,4787;VA Breakout;1,4787;0;1,49;1,47;LOSS;-1,0;735,0;13,15;Si;Si;1;40;0,7;62.0
580;DOGEUSDT;2026-02-06 18:11;2026-02-06 18:15;0,09882609999999999;0,09973;0,91;DOWN;0,09902;VA Breakout;0,09902;0;0,1;0,1;WIN;2,0;737,0;15,04;Si;Si;5;67;1,1;48.0
581;ETHUSDT;2026-02-06 18:14;2026-02-06 18:17;2066,99;2084,34;0,84;DOWN;2067,32;VA Breakout;2067,32;0;2074,76;2059,88;WIN;2,0;739,0;13,18;Si;Si;4;35;0,6;64.0
582;DOGEUSDT;2026-02-06 18:59;2026-02-06 19:00;0,09835;0,0990482;0,71;DOWN;0,09843;VA Breakout;0,09843;0;0,1;0,1;WIN;2,0;741,0;14,6;Si;Si;2;40;0,7;41.0
583;XRPUSDT;2026-02-06 19:00;2026-02-06 19:13;1,463613;1,4782980000000001;1,0;DOWN;1,4586;VA Breakout;1,4586;0;1,47;1,44;LOSS;-1,0;740,0;4,71;Si;Si;14;45;0,7;63.0
584;BTCUSDT;2026-02-06 19:00;2026-02-06 19:42;70425,50600000001;70879,74750000003;0,64;DOWN;70300,7;VA Breakout;70300,7;0;70881,05;69720,35;WIN;2,0;742,0;5,16;Si;Si;43;42;0,7;63.0
585;SUIUSDT;2026-02-06 19:00;2026-02-06 19:08;1,0127439999999996;1,0209490000000003;0,81;DOWN;1,0129;VA Breakout;1,0129;0;1,02;1,0;WIN;2,0;744,0;5,36;Si;Si;9;31;0,5;64.0
586;ADAUSDT;2026-02-06 19:27;2026-02-06 19:33;0,27393399999999996;0,27549099999999993;0,57;DOWN;0,2741;VA Breakout;0,2741;0;0,28;0,27;WIN;2,0;746,0;6,48;Si;Si;7;27;0,4;64.0
587;BTCUSDT;2026-02-06 19:31;2026-02-06 19:43;69987,48100000001;70397,27899999998;0,58;DOWN;70008,1;VA Breakout;70008,1;0;70309,38;69706,82;WIN;2,0;748,0;8,96;Si;Si;13;31;0,5;63.0
588;XRPUSDT;2026-02-06 20:08;2026-02-06 20:12;1,446251;1,4638;1,21;DOWN;1,447;VA Breakout;1,447;0;1,46;1,44;WIN;2,0;750,0;5,68;Si;Si;5;41;0,7;63.0
589;BTCUSDT;2026-02-06 20:44;2026-02-06 22:11;69797,2885;70294,0;0,71;UP;70243,2;VA Breakout;70243,2;0;69802,08;70684,32;WIN;2,0;752,0;3,2;Si;Si;88;31;0,5;38.0
590;TRBUSDT;2026-02-06 20:44;2026-02-06 20:47;14,902455;15,011;0,73;UP;14,991;VA Breakout;14,991;0;14,93;15,06;WIN;2,0;754,0;4,37;Si;Si;4;29;0,5;34.0
591;DOGEUSDT;2026-02-06 20:44;2026-02-06 20:45;0,09724;0,0982;0,98;UP;0,09801;VA Breakout;0,09801;0;0,1;0,1;WIN;2,0;756,0;4,03;Si;Si;2;78;1,3;45.0
592;GALAUSDT;2026-02-06 20:45;2026-02-06 20:51;0,004240975;0,004271;0,71;UP;0,004277;VA Breakout;0,004277;0;0,0;0,0;WIN;2,0;758,0;4,99;Si;Si;7;27;0,4;64.0
593;SOLUSDT;2026-02-06 20:45;2026-02-06 22:12;85,92;87,04384999999999;1,3;UP;87,04;VA Breakout;87,04;0;86,01;88,07;WIN;2,0;760,0;2,07;Si;No;88;104;1,7;61.0
594;GALAUSDT;2026-02-06 21:35;2026-02-06 21:47;0,00427;0,0043044;0,8;DOWN;0,004275;VA Breakout;0,004275;0;0,0;0,0;WIN;2,0;762,0;9,78;Si;Si;13;47;0,8;63.0
595;TRXUSDT;2026-02-06 21:40;2026-02-06 21:53;0,27353;0,27382415;0,11;DOWN;0,27368;VA Breakout;0,27368;0;0,27;0,27;WIN;2,0;764,0;1,79;No;No;14;54;0,9;57.0
596;SUIUSDT;2026-02-06 21:44;2026-02-06 21:46;1,0072884999999998;1,0141495;0,68;DOWN;1,0089;VA Breakout;1,0089;0;1,01;1,01;WIN;2,0;766,0;26,37;Si;Si;3;60;1,0;63.0
597;DOGEUSDT;2026-02-06 21:44;2026-02-06 21:46;0,0979916;0,09863709999999999;0,66;DOWN;0,09802;VA Breakout;0,09802;0;0,1;0,1;WIN;2,0;768,0;13,21;Si;Si;3;54;0,9;64.0
598;BTCUSDT;2026-02-06 21:45;2026-02-06 21:50;70241,664;70629,231;0,55;DOWN;70304,0;VA Breakout;70304,0;0;70485,02;70122,98;WIN;2,0;770,0;16,55;Si;Si;6;60;1,0;62.0
599;ADAUSDT;2026-02-06 22:00;2026-02-06 22:11;0,271856;0,27491600000000005;1,12;DOWN;0,2726;VA Breakout;0,2726;0;0,28;0,27;LOSS;-1,0;769,0;2,38;Si;No;12;76;1,2;45.0
600;ETHUSDT;2026-02-06 22:01;2026-02-06 23:04;2031,89;2071,4451500000005;1,93;UP;2062,4;VA Breakout;2062,4;0;2031,44;2093,36;WIN;2,0;771,0;3,1;Si;Si;64;205;3,4;59.0
601;SOLUSDT;2026-02-06 22:01;2026-02-06 22:11;86,7293;87,54;0,93;UP;87,41;VA Breakout;87,41;0;86,89;87,93;WIN;2,0;773,0;3,39;Si;Si;11;72;1,2;62.0
602;XRPUSDT;2026-02-06 22:11;2026-02-06 22:29;1,4535850000000001;1,4755705000000003;1,5;UP;1,471;VA Breakout;1,471;0;1,46;1,48;WIN;2,0;775,0;1,29;No;No;19;83;1,4;56.0
603;ETHUSDT;2026-02-06 23:01;2026-02-06 23:04;2068,9795499999996;2082,14;0,63;UP;2084,6;VA Breakout;2084,6;0;2074,15;2095,05;WIN;2,0;777,0;7,08;Si;Si;4;36;0,6;64.0
604;SOLUSDT;2026-02-06 23:10;2026-02-06 23:11;87,72;88,46;0,84;UP;88,21;VA Breakout;88,21;0;88,04;88,38;WIN;2,0;779,0;5,75;Si;Si;2;47;0,8;36.0
605;GALAUSDT;2026-02-06 23:17;2026-02-06 23:22;0,004296;0,004326;0,7;UP;0,004319;VA Breakout;0,004319;0;0,0;0,0;WIN;2,0;781,0;3,04;Si;Si;6;49;0,8;64.0
606;XRPUSDT;2026-02-06 23:35;2026-02-06 23:38;1,466317;1,4816;1,04;DOWN;1,4673;VA Breakout;1,4673;0;1,47;1,46;WIN;2,0;783,0;14,05;Si;Si;4;50;0,8;53.0
607;ADAUSDT;2026-02-06 23:35;2026-02-06 23:41;0,27468750000000003;0,2772;0,91;DOWN;0,2752;VA Breakout;0,2752;0;0,28;0,27;WIN;2,0;785,0;10,73;Si;Si;7;82;1,4;59.0
608;SUIUSDT;2026-02-06 23:36;2026-02-06 23:40;1,004413;1,0138;0,93;DOWN;1,0076;VA Breakout;1,0076;0;1,01;1,0;WIN;2,0;787,0;13,71;Si;Si;5;109;1,8;47.0
609;DOGEUSDT;2026-02-06 23:36;2026-02-06 23:42;0,09818;0,099;0,83;DOWN;0,09835;VA Breakout;0,09835;0;0,1;0,1;WIN;2,0;789,0;9,01;Si;Si;7;85;1,4;45.0
610;BTCUSDT;2026-02-07 00:28;2026-02-07 01:16;70532,15299999998;71090,9;0,79;DOWN;70391,3;VA Breakout;70391,3;0;70866,61;69915,99;WIN;2,0;791,0;6,49;Si;Si;49;45;0,7;62.0
611;XRPUSDT;2026-02-07 00:29;2026-02-07 01:27;1,4526189999999999;1,4687279999999998;1,1;DOWN;1,4529;VA Breakout;1,4529;0;1,47;1,44;LOSS;-1,0;790,0;5,49;Si;Si;59;50;0,8;62.0
612;GALAUSDT;2026-02-07 01:05;2026-02-07 01:12;0,004277;0,004296900000000001;0,46;UP;0,004295;VA Breakout;0,004295;0;0,0;0,0;LOSS;-1,0;789,0;6,22;Si;Si;8;37;0,6;61.0
613;ADAUSDT;2026-02-07 01:07;2026-02-07 01:16;0,2728;0,274665;0,68;UP;0,2749;VA Breakout;0,2749;0;0,27;0,28;LOSS;-1,0;788,0;2,98;Si;No;10;37;0,6;64.0
614;ETHUSDT;2026-02-07 01:16;2026-02-07 01:57;2076,73045;2102,23;1,22;DOWN;2072,15;VA Breakout;2072,15;0;2090,03;2054,27;WIN;2,0;790,0;5,75;Si;Si;42;97;1,6;62.0
615;SUIUSDT;2026-02-07 01:16;2026-02-07 01:26;1,0008;1,0071;0,63;DOWN;1,0023;VA Breakout;1,0023;0;1,01;1,0;LOSS;-1,0;789,0;11,9;Si;Si;11;48;0,8;55.0
616;ETHUSDT;2026-02-07 01:44;2026-02-07 01:52;2074,4776000000006;2085,6966;0,54;DOWN;2076,35;VA Breakout;2076,35;0;2085,64;2067,06;WIN;2,0;791,0;11,52;Si;Si;9;25;0,4;36.0
617;BTCUSDT;2026-02-07 01:45;2026-02-07 01:56;69893,8;70372,96050000002;0,68;DOWN;69810,9;VA Breakout;69810,9;0;70396,8;69225,0;WIN;2,0;793,0;4,27;Si;Si;12;74;1,2;63.0
618;SOLUSDT;2026-02-07 01:45;2026-02-07 01:57;87,23125;88,55;1,5;DOWN;87,34;VA Breakout;87,34;0;88,19;86,49;WIN;2,0;795,0;3,76;Si;Si;13;122;2,0;60.0
619;DOGEUSDT;2026-02-07 01:45;2026-02-07 01:54;0,09805;0,09881;0,77;DOWN;0,098;VA Breakout;0,098;0;0,1;0,1;WIN;2,0;797,0;6,0;Si;Si;10;77;1,3;63.0
620;XRPUSDT;2026-02-07 01:53;2026-02-07 01:56;1,451138;1,4689475;1,22;DOWN;1,4513;VA Breakout;1,4513;0;1,46;1,44;WIN;2,0;799,0;10,09;Si;Si;4;79;1,3;61.0
621;TRXUSDT;2026-02-07 03:49;2026-02-07 07:17;0,27339965;0,2742919;0,33;UP;0,27426;VA Breakout;0,27426;0;0,27;0,28;WIN;2,0;801,0;5,53;Si;Si;209;65;1,1;35.0
622;DOGEUSDT;2026-02-07 04:27;2026-02-07 04:32;0,09552275;0,09638259999999998;0,9;DOWN;0,09578;VA Breakout;0,09578;0;0,1;0,1;WIN;2,0;803,0;2,92;Si;No;6;85;1,4;63.0
623;BTCUSDT;2026-02-07 04:29;2026-02-07 04:29;67604,36699999998;68801,788;1,76;UP;68444,7;VA Breakout;68444,7;0;68409,72;68479,68;WIN;2,0;805,0;86,32;Si;Si;1;132;2,2;61.0
624;ETHUSDT;2026-02-07 04:31;2026-02-07 04:32;2013,16445;2035,6846;1,11;DOWN;2018,8;VA Breakout;2018,8;0;2024,92;2012,68;WIN;2,0;807,0;8,08;Si;Si;2;108;1,8;42.0
625;XRPUSDT;2026-02-07 04:32;2026-02-07 05:32;1,4025144999999997;1,429377;1,9;DOWN;1,4102;VA Breakout;1,4102;0;1,42;1,4;WIN;2,0;809,0;2,61;Si;No;61;107;1,8;59.0
626;SUIUSDT;2026-02-07 04:47;2026-02-07 05:01;0,9693415000000001;0,9859865000000001;1,7;DOWN;0,9749;VA Breakout;0,9749;0;0,98;0,97;LOSS;-1,0;808,0;1,3;No;No;15;96;1,6;38.0
627;XRPUSDT;2026-02-07 05:31;2026-02-07 05:36;1,4044065;1,4174;0,92;DOWN;1,4035;VA Breakout;1,4035;0;1,41;1,39;WIN;2,0;810,0;2,08;Si;No;6;59;1,0;63.0
628;SOLUSDT;2026-02-07 05:34;2026-02-07 07:01;84,6485;85,73245;1,27;DOWN;84,84;VA Breakout;84,84;0;85,26;84,42;LOSS;-1,0;809,0;0,9;No;No;88;164;2,7;61.0
629;DOGEUSDT;2026-02-07 05:50;2026-02-07 07:01;0,09475;0,09562;0,91;UP;0,09543;VA Breakout;0,09543;0;0,1;0,1;WIN;2,0;811,0;12,17;Si;Si;72;78;1,3;62.0
630;ETHUSDT;2026-02-07 06:56;2026-02-07 06:58;1999,8;2019,18;0,96;UP;2013,61;VA Breakout;2013,61;0;2006,96;2020,26;WIN;2,0;813,0;21,81;Si;Si;3;144;2,4;61.0
631;BTCUSDT;2026-02-07 07:00;2026-02-07 07:07;67577,3;68281,7;1,04;UP;68177,2;VA Breakout;68177,2;0;67868,21;68486,19;WIN;2,0;815,0;10,64;Si;Si;8;146;2,4;61.0
632;XRPUSDT;2026-02-07 07:02;2026-02-07 07:08;1,3845394999999998;1,402711;1,3;UP;1,3968;VA Breakout;1,3968;0;1,39;1,41;WIN;2,0;817,0;6,51;Si;Si;7;72;1,2;62.0
633;SOLUSDT;2026-02-07 07:02;2026-02-07 07:08;84,51265000000001;85,33;0,96;UP;85,12;VA Breakout;85,12;0;84,7;85,54;WIN;2,0;819,0;9,77;Si;Si;7;72;1,2;62.0
634;DOGEUSDT;2026-02-07 07:02;2026-02-07 07:02;0,0950984;0,09579;0,72;UP;0,09559;VA Breakout;0,09559;0;0,1;0,1;LOSS;-1,0;818,0;16,25;Si;Si;1;72;1,2;63.0
635;GALAUSDT;2026-02-07 07:03;2026-02-07 07:09;0,004120614999999999;0,00418777;1,62;UP;0,004161;VA Breakout;0,004161;0;0,0;0,0;WIN;2,0;820,0;6,98;Si;Si;7;240;4,0;60.0
636;SUIUSDT;2026-02-07 07:03;2026-02-07 07:08;0,970126;0,9798;0,99;UP;0,9786;VA Breakout;0,9786;0;0,98;0,98;WIN;2,0;822,0;12,57;Si;Si;6;143;2,4;56.0
637;ADAUSDT;2026-02-07 07:06;2026-02-07 07:15;0,266;0,27051899999999995;1,68;UP;0,2689;VA Breakout;0,2689;0;0,27;0,27;WIN;2,0;824,0;4,18;Si;Si;10;249;4,1;37.0
638;TRXUSDT;2026-02-07 08:50;2026-02-07 09:48;0,2750251;0,2753231;0,11;UP;0,27575;VA Breakout;0,27575;0;0,27;0,28;LOSS;-1,0;823,0;3,74;Si;Si;59;56;0,9;65.0
639;TRBUSDT;2026-02-07 09:34;2026-02-07 09:38;14,782879999999997;15,026;1,63;DOWN;14,788;VA Breakout;14,788;0;14,86;14,72;WIN;2,0;825,0;2,25;Si;No;5;118;1,9;60.0
640;SUIUSDT;2026-02-07 09:36;2026-02-07 09:39;0,98569;0,9989095;1,33;DOWN;0,9899;VA Breakout;0,9899;0;1,0;0,98;WIN;2,0;827,0;1,34;No;No;4;118;1,9;60.0
641;DOGEUSDT;2026-02-07 09:36;2026-02-07 10:33;0,09572554999999999;0,09699044999999999;1,31;DOWN;0,09611;VA Breakout;0,09611;0;0,1;0,1;LOSS;-1,0;826,0;0,92;No;No;58;120;2,0;61.0
642;ETHUSDT;2026-02-07 09:37;2026-02-07 09:48;2029,6095500000001;2051,0061499999997;1,05;DOWN;2031,29;VA Breakout;2031,29;0;2045,56;2017,02;WIN;2,0;828,0;4,34;Si;Si;12;114;1,9;63.0
643;BTCUSDT;2026-02-07 09:37;2026-02-07 09:38;68731,92950000001;69347,1375;0,89;DOWN;68829,1;VA Breakout;68829,1;0;69042,11;68616,09;WIN;2,0;830,0;2,58;Si;No;2;109;1,8;62.0
644;GALAUSDT;2026-02-07 09:37;2026-02-07 10:21;0,0042003399999999995;0,004263794999999999;1,5;DOWN;0,004209;VA Breakout;0,004209;0;0,0;0,0;LOSS;-1,0;829,0;2,2;Si;No;45;114;1,9;60.0
645;ADAUSDT;2026-02-07 09:53;2026-02-07 10:05;0,2686;0,27250699999999994;1,44;DOWN;0,2688;VA Breakout;0,2688;0;0,27;0,27;LOSS;-1,0;828,0;0,23;No;No;13;134;2,2;37.0
646;XRPUSDT;2026-02-07 10:00;2026-02-07 10:00;1,3923;1,4302689999999998;2,69;DOWN;1,4006;VA Breakout;1,4006;0;1,4;1,4;LOSS;-1,0;827,0;98,67;Si;Si;1;161;2,7;39.0
647;SOLUSDT;2026-02-07 10:20;2026-02-07 11:05;85,51324999999999;86,56;1,22;UP;86,44;VA Breakout;86,44;0;85,85;87,03;WIN;2,0;829,0;4,68;Si;Si;46;147;2,4;61.0
648;SUIUSDT;2026-02-07 11:05;2026-02-07 22:49;0,9909394999999999;0,9964475;0,55;UP;1,0087;VA Breakout;1,0087;0;0,99;1,03;LOSS;-1,0;828,0;0,61;No;No;705;29;0,5;64.0
649;TRXUSDT;2026-02-07 11:57;2026-02-07 12:37;0,2755092;0,27588275000000007;0,14;UP;0,27591;VA Breakout;0,27591;0;0,28;0,28;WIN;2,0;830,0;21,15;Si;Si;41;38;0,6;65.0
650;DOGEUSDT;2026-02-07 13:14;2026-02-07 13:35;0,09642880000000001;0,0984;2,02;UP;0,09828;VA Breakout;0,09828;0;0,1;0,1;WIN;2,0;832,0;1,03;No;No;22;167;2,8;45.0
651;TRBUSDT;2026-02-07 13:16;2026-02-07 13:20;14,861810000000004;15,076220000000001;1,43;UP;14,987;VA Breakout;14,987;0;14,9;15,07;WIN;2,0;834,0;2,36;Si;No;5;113;1,9;52.0
652;GALAUSDT;2026-02-07 13:17;2026-02-07 13:20;0,004237635;0,004308575000000001;1,66;UP;0,00429;VA Breakout;0,00429;0;0,0;0,0;WIN;2,0;836,0;4,23;Si;Si;4;119;2,0;60.0
653;SOLUSDT;2026-02-07 13:18;2026-02-07 13:49;86,10695;87,83679999999998;1,99;UP;87,78;VA Breakout;87,78;0;86,53;89,03;WIN;2,0;838,0;1,12;No;No;32;179;3,0;46.0
654;XRPUSDT;2026-02-07 13:19;2026-02-07 18:07;1,4037345;1,4324;2,02;UP;1,4314;VA Breakout;1,4314;0;1,41;1,45;LOSS;-1,0;837,0;2,01;Si;No;289;163;2,7;65.0
655;SUIUSDT;2026-02-07 13:19;2026-02-07 13:35;0,9917395000000002;1,0073;1,56;UP;1,0072;VA Breakout;1,0072;0;1,0;1,02;WIN;2,0;839,0;1,5;No;No;17;122;2,0;60.0
656;ADAUSDT;2026-02-07 13:35;2026-02-07 16:45;0,2709015;0,27581549999999994;1,8;UP;0,2777;VA Breakout;0,2777;0;0,27;0,28;LOSS;-1,0;838,0;0,16;No;No;191;122;2,0;57.0
657;TRXUSDT;2026-02-07 14:43;2026-02-07 14:52;0,2771762;0,27753;0,13;UP;0,27749;VA Breakout;0,27749;0;0,28;0,28;LOSS;-1,0;837,0;23,87;Si;Si;10;74;1,2;66.0
658;SOLUSDT;2026-02-07 15:27;2026-02-07 15:51;87,94925000000002;88,57544999999998;0,71;UP;88,49;VA Breakout;88,49;0;88,11;88,87;WIN;2,0;839,0;1,82;No;No;25;51;0,8;63.0
659;SUIUSDT;2026-02-07 15:32;2026-02-07 15:34;1,0056450000000001;1,0136;0,79;DOWN;1,0087;VA Breakout;1,0087;0;1,01;1,01;LOSS;-1,0;838,0;13,29;Si;Si;3;94;1,6;40.0
660;XRPUSDT;2026-02-07 15:33;2026-02-07 15:35;1,4267545000000001;1,434658;0,55;UP;1,4332;VA Breakout;1,4332;0;1,43;1,44;WIN;2,0;840,0;7,93;Si;Si;3;64;1,1;63.0
661;GALAUSDT;2026-02-07 15:36;2026-02-07 15:52;0,004267620000000001;0,00429779;0,7;UP;0,004288;VA Breakout;0,004288;0;0,0;0,0;WIN;2,0;842,0;1,11;No;No;17;84;1,4;43.0
662;BTCUSDT;2026-02-07 15:51;2026-02-07 18:01;68489,4;69671,4;1,71;UP;69619,9;VA Breakout;69619,9;0;69275,2;69964,6;LOSS;-1,0;841,0;5,35;Si;Si;131;269;4,5;59.0
663;XRPUSDT;2026-02-07 16:01;2026-02-07 17:13;1,4322;1,4399174999999997;0,54;DOWN;1,4325;VA Breakout;1,4325;0;1,44;1,43;WIN;2,0;843,0;3,71;Si;Si;73;27;0,4;64.0
664;GALAUSDT;2026-02-07 16:39;2026-02-07 16:45;0,004274830000000001;0,004287070000000001;0,29;DOWN;0,004275;VA Breakout;0,004275;0;0,0;0,0;WIN;2,0;845,0;12,72;Si;Si;7;21;0,3;65.0
665;SUIUSDT;2026-02-07 16:39;2026-02-07 17:13;1,0152105000000002;1,018839;0,36;DOWN;1,0127;VA Breakout;1,0127;0;1,02;1,01;WIN;2,0;847,0;6,04;Si;Si;35;26;0,4;64.0
666;SOLUSDT;2026-02-07 16:41;2026-02-07 16:45;88,52;88,90519999999998;0,43;DOWN;88,56;VA Breakout;88,56;0;88,88;88,24;WIN;2,0;849,0;6,95;Si;Si;5;41;0,7;42.0
667;XRPUSDT;2026-02-07 16:44;2026-02-07 16:45;1,4295645;1,437343;0,54;DOWN;1,431;VA Breakout;1,431;0;1,43;1,43;WIN;2,0;851,0;10,55;Si;Si;2;43;0,7;63.0
668;DOGEUSDT;2026-02-07 16:44;2026-02-07 17:07;0,0983883;0,09874089999999999;0,36;DOWN;0,0984;VA Breakout;0,0984;0;0,1;0,1;LOSS;-1,0;850,0;9,21;Si;Si;24;43;0,7;64.0
669;XRPUSDT;2026-02-07 17:45;2026-02-07 18:06;1,4227;1,4321;0,66;DOWN;1,4223;VA Breakout;1,4223;0;1,43;1,41;WIN;2,0;852,0;1,74;No;No;22;61;1,0;63.0
670;BTCUSDT;2026-02-07 18:01;2026-02-07 18:05;69281,3;69620,88149999999;0,49;DOWN;69309,0;VA Breakout;69309,0;0;69519,54;69098,46;WIN;2,0;854,0;2,69;Si;No;5;121;2,0;49.0
671;SOLUSDT;2026-02-07 18:01;2026-02-07 18:03;88,1039;88,51355;0,46;DOWN;88,14;VA Breakout;88,14;0;88,4;87,88;WIN;2,0;856,0;6,93;Si;Si;3;47;0,8;49.0
672;ETHUSDT;2026-02-07 18:03;2026-02-07 18:07;2083,6369999999997;2109,5893499999997;1,24;DOWN;2086,07;VA Breakout;2086,07;0;2095,13;2077,01;WIN;2,0;858,0;2,55;Si;No;5;236;3,9;61.0
673;GALAUSDT;2026-02-07 18:04;2026-02-07 18:21;0,004242;0,004273;0,73;DOWN;0,004245;VA Breakout;0,004245;0;0,0;0,0;WIN;2,0;860,0;4,29;Si;Si;18;83;1,4;47.0
674;SUIUSDT;2026-02-07 18:05;2026-02-07 18:21;1,0056;1,0136;0,79;DOWN;1,0065;VA Breakout;1,0065;0;1,01;1,0;WIN;2,0;862,0;4,66;Si;Si;17;85;1,4;62.0
675;ADAUSDT;2026-02-07 18:05;2026-02-08 03:34;0,2716;0,2759545;1,59;DOWN;0,2718;VA Breakout;0,2718;0;0,28;0,27;LOSS;-1,0;861,0;0,83;No;No;570;237;3,9;53.0
676;ADAUSDT;2026-02-07 18:45;2026-02-07 18:47;0,2708854999999999;0,2718244999999999;0,35;UP;0,2717;VA Breakout;0,2717;0;0,27;0,27;WIN;2,0;863,0;9,94;Si;Si;3;20;0,3;64.0
677;DOGEUSDT;2026-02-07 18:47;2026-02-07 19:19;0,09783665;0,09814155;0,31;UP;0,09819;VA Breakout;0,09819;0;0,1;0,1;LOSS;-1,0;862,0;1,27;No;No;33;24;0,4;64.0
678;ETHUSDT;2026-02-07 19:16;2026-02-07 19:19;2085,072;2093,5602;0,41;DOWN;2084,84;VA Breakout;2084,84;0;2089,12;2080,56;WIN;2,0;864,0;5,1;Si;Si;4;25;0,4;60.0
679;XRPUSDT;2026-02-07 19:17;2026-02-07 20:04;1,4186600000000003;1,4283;0,68;DOWN;1,4194;VA Breakout;1,4194;0;1,43;1,41;LOSS;-1,0;863,0;1,48;No;No;48;52;0,8;62.0
680;BTCUSDT;2026-02-07 19:17;2026-02-07 19:22;69182,68500000001;69400,4;0,31;DOWN;69213,8;VA Breakout;69213,8;0;69382,23;69045,37;WIN;2,0;865,0;2,23;Si;No;6;34;0,6;53.0
681;ADAUSDT;2026-02-07 19:40;2026-02-07 20:03;0,270972;0,2724404999999999;0,54;DOWN;0,2709;VA Breakout;0,2709;0;0,27;0,27;LOSS;-1,0;864,0;2,15;Si;No;24;47;0,8;64.0
682;ETHUSDT;2026-02-07 19:59;2026-02-07 19:59;2075,42;2085,66;0,49;UP;2083,17;VA Breakout;2083,17;0;2079,94;2086,4;LOSS;-1,0;863,0;18,93;Si;Si;1;42;0,7;65.0
683;DOGEUSDT;2026-02-07 19:59;2026-02-07 20:02;0,09756;0,09789300000000001;0,34;UP;0,09782;VA Breakout;0,09782;0;0,1;0,1;WIN;2,0;865,0;5,2;Si;Si;4;44;0,7;64.0
684;SOLUSDT;2026-02-07 20:04;2026-02-07 20:51;86,9963;87,77334999999998;0,89;UP;87,51;VA Breakout;87,51;0;87,11;87,91;WIN;2,0;867,0;3,49;Si;Si;48;100;1,6;56.0
685;XRPUSDT;2026-02-07 20:37;2026-02-07 21:35;1,4255604999999998;1,4314980000000002;0,42;UP;1,4347;VA Breakout;1,4347;0;1,43;1,44;LOSS;-1,0;866,0;4,41;Si;Si;59;22;0,3;64.0
686;BTCUSDT;2026-02-07 21:18;2026-02-07 21:21;69085,862;69460,7;0,54;UP;69407,3;VA Breakout;69407,3;0;69245,46;69569,14;WIN;2,0;868,0;12,71;Si;Si;4;77;1,3;47.0
687;TRBUSDT;2026-02-07 21:27;2026-02-07 21:35;14,834;14,99688;1,09;DOWN;14,853;VA Breakout;14,853;0;14,94;14,77;WIN;2,0;870,0;1,97;No;No;9;174;2,9;63.0
688;ADAUSDT;2026-02-07 21:27;2026-02-07 21:35;0,2712105;0,2727;0,55;DOWN;0,2714;VA Breakout;0,2714;0;0,27;0,27;WIN;2,0;872,0;3,85;Si;Si;9;64;1,1;64.0
689;DOGEUSDT;2026-02-07 21:27;2026-02-07 21:54;0,09786895000000001;0,09839;0,53;DOWN;0,09788;VA Breakout;0,09788;0;0,1;0,1;WIN;2,0;874,0;3,53;Si;Si;28;47;0,8;63.0
690;SOLUSDT;2026-02-07 21:32;2026-02-07 21:35;87,58255;87,99;0,46;DOWN;87,6;VA Breakout;87,6;0;87,84;87,36;WIN;2,0;876,0;5,24;Si;Si;4;62;1,0;63.0
691;XRPUSDT;2026-02-07 21:33;2026-02-07 21:35;1,4286525;1,4405;0,83;DOWN;1,4321;VA Breakout;1,4321;0;1,44;1,43;WIN;2,0;878,0;5,15;Si;Si;3;52;0,8;49.0
692;ETHUSDT;2026-02-07 21:34;2026-02-07 21:36;2090,2027;2102,4;0,58;DOWN;2091,01;VA Breakout;2091,01;0;2096,22;2085,8;WIN;2,0;880,0;5,37;Si;Si;3;42;0,7;52.0
693;XRPUSDT;2026-02-07 22:38;2026-02-07 22:39;1,4231989999999999;1,4321;0,62;DOWN;1,4241;VA Breakout;1,4241;0;1,43;1,42;WIN;2,0;882,0;6,1;Si;Si;2;64;1,1;45.0
694;GALAUSDT;2026-02-07 22:39;2026-02-07 22:41;0,00419703;0,004207365;0,25;DOWN;0,004197;VA Breakout;0,004197;0;0,0;0,0;WIN;2,0;884,0;7,56;Si;Si;3;29;0,5;65.0
695;SUIUSDT;2026-02-07 22:39;2026-02-07 22:42;0,9922869999999999;0,9951129999999999;0,28;DOWN;0,9925;VA Breakout;0,9925;0;0,99;0,99;WIN;2,0;886,0;5,45;Si;Si;4;20;0,3;50.0
696;SOLUSDT;2026-02-07 22:46;2026-02-07 22:48;87,01279999999998;87,4751;0,53;DOWN;87,14;VA Breakout;87,14;0;87,36;86,92;WIN;2,0;888,0;3,68;Si;Si;3;46;0,8;55.0
697;BTCUSDT;2026-02-07 22:48;2026-02-07 22:50;69142,0835;69405,7;0,38;DOWN;69194,1;VA Breakout;69194,1;0;69271,68;69116,52;WIN;2,0;890,0;3,45;Si;Si;3;76;1,2;49.0
698;DOGEUSDT;2026-02-07 22:48;2026-02-07 22:52;0,09728;0,09772270000000002;0,45;DOWN;0,09728;VA Breakout;0,09728;0;0,1;0,1;WIN;2,0;892,0;7,8;Si;Si;5;74;1,2;64.0
699;ETHUSDT;2026-02-07 22:54;2026-02-07 23:13;2080,12845;2091,7668999999996;0,56;DOWN;2080,21;VA Breakout;2080,21;0;2085,13;2075,29;WIN;2,0;894,0;3,5;Si;Si;20;55;0,9;65.0
700;TRBUSDT;2026-02-07 23:30;2026-02-08 02:09;14,709;14,851739999999998;0,97;UP;14,818;VA Breakout;14,818;0;14,74;14,9;LOSS;-1,0;893,0;3,18;Si;Si;160;98;1,6;44.0
701;ADAUSDT;2026-02-08 00:11;2026-02-08 02:20;0,26938249999999997;0,2706;0,45;UP;0,2704;VA Breakout;0,2704;0;0,27;0,27;LOSS;-1,0;892,0;6,23;Si;Si;130;40;0,7;34.0
702;SOLUSDT;2026-02-08 00:32;2026-02-08 01:18;86,97509999999997;87,39;0,48;DOWN;87,03;VA Breakout;87,03;0;87,29;86,77;LOSS;-1,0;891,0;2,68;Si;No;47;53;0,9;63.0
703;SOLUSDT;2026-02-08 01:04;2026-02-08 01:14;86,95344999999999;87,22;0,31;DOWN;86,95;VA Breakout;86,95;0;87,14;86,76;LOSS;-1,0;890,0;3,26;Si;Si;11;33;0,5;64.0
704;BTCUSDT;2026-02-08 01:12;2026-02-08 01:14;69075,4;69365,0;0,42;DOWN;69129,5;VA Breakout;69129,5;0;69287,7;68971,3;LOSS;-1,0;889,0;0,09;No;No;3;96;1,6;44.0
705;XRPUSDT;2026-02-08 01:13;2026-02-08 01:18;1,4142;1,4253;0,78;DOWN;1,4166;VA Breakout;1,4166;0;1,42;1,41;LOSS;-1,0;888,0;1,61;No;No;6;103;1,7;62.0
706;TRBUSDT;2026-02-08 01:13;2026-02-08 02:09;14,737970000000002;14,85786;0,81;UP;14,806;VA Breakout;14,806;0;14,75;14,86;LOSS;-1,0;887,0;5,32;Si;Si;57;102;1,7;64.0
707;ADAUSDT;2026-02-08 01:13;2026-02-08 01:52;0,2695;0,2703;0,3;UP;0,2704;VA Breakout;0,2704;0;0,27;0,27;LOSS;-1,0;886,0;6,4;Si;Si;40;33;0,5;65.0
708;ETHUSDT;2026-02-08 01:14;2026-02-08 01:48;2074,7171499999995;2086,99785;0,59;UP;2085,55;VA Breakout;2085,55;0;2077,82;2093,28;LOSS;-1,0;885,0;7,61;Si;Si;35;113;1,9;64.0
709;ETHUSDT;2026-02-08 01:46;2026-02-08 02:08;2080,18;2087,96315;0,37;DOWN;2081,0;VA Breakout;2081,0;0;2087,77;2074,23;WIN;2,0;887,0;2,05;Si;No;23;33;0,5;53.0
710;SOLUSDT;2026-02-08 02:19;2026-02-08 02:20;86,92;87,4284;0,58;DOWN;86,86;VA Breakout;86,86;0;87,07;86,65;WIN;2,0;889,0;2,53;Si;No;2;65;1,1;61.0
711;SUIUSDT;2026-02-08 02:33;2026-02-08 02:54;0,9827;0,9878229999999999;0,52;UP;0,9862;VA Breakout;0,9862;0;0,98;0,99;WIN;2,0;891,0;8,92;Si;Si;22;65;1,1;64.0
712;SOLUSDT;2026-02-08 02:54;2026-02-08 03:00;86,8534;87,11634999999998;0,3;UP;87,15;VA Breakout;87,15;0;86,95;87,35;WIN;2,0;893,0;8,74;Si;Si;7;21;0,3;64.0
713;XRPUSDT;2026-02-08 03:02;2026-02-08 03:04;1,4131;1,4208;0,54;UP;1,4195;VA Breakout;1,4195;0;1,41;1,43;WIN;2,0;895,0;7,79;Si;Si;3;91;1,5;46.0
714;TRBUSDT;2026-02-08 03:03;2026-02-08 03:25;14,732;14,852170000000001;0,81;UP;14,86;VA Breakout;14,86;0;14,77;14,95;WIN;2,0;897,0;2,35;Si;No;23;110;1,8;64.0
715;ADAUSDT;2026-02-08 03:20;2026-02-08 03:22;0,2695;0,2715;0,74;UP;0,2711;VA Breakout;0,2711;0;0,27;0,27;WIN;2,0;899,0;6,1;Si;Si;3;128;2,1;63.0
716;ETHUSDT;2026-02-08 03:21;2026-02-08 03:24;2075,3468000000003;2085,83;0,5;UP;2085,85;VA Breakout;2085,85;0;2076,41;2095,29;WIN;2,0;901,0;6,2;Si;Si;4;49;0,8;65.0
717;BTCUSDT;2026-02-08 03:21;2026-02-08 03:28;69194,9;69722,0;0,76;UP;69764,0;VA Breakout;69764,0;0;69400,23;70127,77;WIN;2,0;903,0;4,67;Si;Si;8;111;1,8;61.0
718;SUIUSDT;2026-02-08 04:11;2026-02-08 04:35;1,0028105;1,007313;0,45;DOWN;1,0011;VA Breakout;1,0011;0;1,01;1,0;WIN;2,0;905,0;3,18;Si;Si;25;24;0,4;64.0
719;ADAUSDT;2026-02-08 04:11;2026-02-08 04:35;0,274293;0,2756;0,48;DOWN;0,2741;VA Breakout;0,2741;0;0,28;0,27;WIN;2,0;907,0;4,12;Si;Si;25;34;0,6;64.0
720;SUIUSDT;2026-02-08 04:34;2026-02-08 04:35;0,9981095000000001;1,0027775;0,47;DOWN;0,9977;VA Breakout;0,9977;0;1,0;0,99;WIN;2,0;909,0;3,48;Si;Si;2;23;0,4;64.0
721;SOLUSDT;2026-02-08 04:34;2026-02-08 04:35;88,14580000000001;88,74;0,67;DOWN;88,2;VA Breakout;88,2;0;88,48;87,92;WIN;2,0;911,0;6,67;Si;Si;2;58;0,9;63.0
722;ADAUSDT;2026-02-08 04:34;2026-02-08 04:34;0,273303;0,27455500000000005;0,46;DOWN;0,2735;VA Breakout;0,2735;0;0,27;0,27;LOSS;-1,0;910,0;7,36;Si;Si;1;24;0,4;64.0
723;DOGEUSDT;2026-02-08 04:34;2026-02-08 04:41;0,09777400000000001;0,09865;0,89;DOWN;0,09797;VA Breakout;0,09797;0;0,1;0,1;WIN;2,0;912,0;3,21;Si;Si;8;58;0,9;63.0
724;XRPUSDT;2026-02-08 04:40;2026-02-08 05:22;1,4411;1,4571;1,1;DOWN;1,4403;VA Breakout;1,4403;0;1,45;1,43;WIN;2,0;914,0;1,82;No;No;43;52;0,8;62.0
725;TRBUSDT;2026-02-08 05:05;2026-02-08 05:22;14,889;15,047780000000003;1,06;UP;15,032;VA Breakout;15,032;0;14,95;15,12;LOSS;-1,0;913,0;0,56;No;No;18;81;1,3;63.0
726;XRPUSDT;2026-02-08 05:20;2026-02-08 05:21;1,4330105;1,445787;0,89;UP;1,4428;VA Breakout;1,4428;0;1,44;1,45;LOSS;-1,0;912,0;3,36;Si;Si;2;41;0,7;63.0
727;ETHUSDT;2026-02-08 05:21;2026-02-08 05:22;2093,49735;2117,9741499999996;1,16;DOWN;2099,51;VA Breakout;2099,51;0;2111,41;2087,61;WIN;2,0;914,0;1,47;No;No;2;104;1,7;62.0
728;BTCUSDT;2026-02-08 05:21;2026-02-08 06:16;69990,417;70672,27949999999;0,97;DOWN;70037,6;VA Breakout;70037,6;0;70736,38;69338,82;LOSS;-1,0;913,0;0,28;No;No;56;94;1,6;61.0
729;SOLUSDT;2026-02-08 05:21;2026-02-08 05:21;87,39489999999999;88,05;0,75;DOWN;87,4;VA Breakout;87,4;0;87,82;86,98;LOSS;-1,0;912,0;2,55;Si;No;1;41;0,7;62.0
730;ADAUSDT;2026-02-08 05:21;2026-02-08 06:17;0,2716795;0,27316950000000007;0,55;DOWN;0,2712;VA Breakout;0,2712;0;0,27;0,27;LOSS;-1,0;911,0;0,98;No;No;57;45;0,7;64.0
731;DOGEUSDT;2026-02-08 05:21;2026-02-08 05:25;0,0972077;0,09786;0,67;DOWN;0,09704;VA Breakout;0,09704;0;0,1;0,1;WIN;2,0;913,0;1,22;No;No;5;45;0,7;63.0
732;GALAUSDT;2026-02-08 06:01;2026-02-08 06:04;0,00413959;0,004159899999999999;0,49;UP;0,004161;VA Breakout;0,004161;0;0,0;0,0;WIN;2,0;915,0;4,91;Si;Si;4;39;0,6;64.0
733;ETHUSDT;2026-02-08 06:11;2026-02-08 06:16;2087,1464499999993;2104,37;0,82;UP;2102,91;VA Breakout;2102,91;0;2090,99;2114,83;WIN;2,0;917,0;3,48;Si;Si;6;46;0,8;48.0
734;BTCUSDT;2026-02-08 06:11;2026-02-08 06:16;70120,4365;70457,2;0,48;UP;70388,5;VA Breakout;70388,5;0;70157,46;70619,54;WIN;2,0;919,0;4,65;Si;Si;6;37;0,6;54.0
735;DOGEUSDT;2026-02-08 06:11;2026-02-08 06:31;0,0963564;0,097;0,67;UP;0,09697;VA Breakout;0,09697;0;0,1;0,1;WIN;2,0;921,0;1,97;No;No;21;46;0,8;63.0
736;SUIUSDT;2026-02-08 06:12;2026-02-08 06:17;0,9832125000000002;0,9909;0,78;UP;0,9905;VA Breakout;0,9905;0;0,98;1,0;WIN;2,0;923,0;2,34;Si;No;6;51;0,8;62.0
737;SOLUSDT;2026-02-08 06:12;2026-02-08 06:16;86,65500000000002;87,18;0,6;UP;87,06;VA Breakout;87,06;0;86,69;87,43;WIN;2,0;925,0;4,8;Si;Si;5;38;0,6;57.0
738;ADAUSDT;2026-02-08 06:12;2026-02-08 06:16;0,27018450000000005;0,27162149999999996;0,53;UP;0,2716;VA Breakout;0,2716;0;0,27;0,27;WIN;2,0;927,0;3,24;Si;Si;5;39;0,6;59.0
739;TRBUSDT;2026-02-08 06:30;2026-02-08 06:33;14,82574;14,962;0,91;UP;14,942;VA Breakout;14,942;0;14,83;15,05;WIN;2,0;929,0;1,01;No;No;4;66;1,1;40.0
740;TRXUSDT;2026-02-08 07:06;2026-02-08 07:07;0,27835229999999994;0,27847514999999995;0,04;UP;0,27846;VA Breakout;0,27846;0;0,28;0,28;WIN;2,0;931,0;9,71;Si;Si;2;32;0,5;36.0
741;DOGEUSDT;2026-02-08 07:11;2026-02-08 08:01;0,09785;0,09847225;0,63;DOWN;0,09791;VA Breakout;0,09791;0;0,1;0,1;LOSS;-1,0;930,0;0,92;No;No;51;39;0,6;49.0
742;ETHUSDT;2026-02-08 07:28;2026-02-08 07:55;2122,5048000000006;2133,5196499999997;0,52;UP;2136,52;VA Breakout;2136,52;0;2124,35;2148,69;LOSS;-1,0;929,0;0,64;No;No;28;41;0,7;65.0
743;BTCUSDT;2026-02-08 07:51;2026-02-08 07:54;70693,0;71051,735;0,51;UP;70987,4;VA Breakout;70987,4;0;70864,87;71109,93;WIN;2,0;931,0;3,89;Si;Si;4;60;1,0;34.0
744;XRPUSDT;2026-02-08 07:56;2026-02-08 08:22;1,4263584999999996;1,453;1,85;UP;1,4534;VA Breakout;1,4534;0;1,45;1,46;WIN;2,0;933,0;2,35;Si;No;27;154;2,5;52.0
745;SUIUSDT;2026-02-08 08:04;2026-02-08 08:05;0,9933;1,0019215;0,86;DOWN;0,9967;VA Breakout;0,9967;0;1,0;0,99;WIN;2,0;935,0;2,17;Si;No;2;88;1,4;48.0
746;SOLUSDT;2026-02-08 08:18;2026-02-08 08:21;87,63194999999999;88,33;0,79;UP;88,22;VA Breakout;88,22;0;87,88;88,56;WIN;2,0;937,0;1,78;No;No;4;105;1,7;63.0
747;ADAUSDT;2026-02-08 08:19;2026-02-08 08:53;0,2728385;0,275;0,79;UP;0,2747;VA Breakout;0,2747;0;0,27;0,28;OPEN;-0,4965530939395844;-;0,39;No;No;35;101;1,7;63.0
748;GALAUSDT;2026-02-08 08:21;2026-02-08 08:38;0,004188;0,004217;0,69;UP;0,00421;VA Breakout;0,00421;0;0,0;0,0;LOSS;-1,0;936,0;0,85;No;No;18;103;1,7;55.0
749;TRBUSDT;2026-02-08 08:38;2026-02-08 08:52;14,8892;15,05014;1,08;DOWN;14,888;VA Breakout;14,888;0;15,06;14,72;OPEN;0,13913043478260342;-;0,23;No;No;15;127;2,1;63.0
750;XRPUSDT;2026-02-08 08:52;2026-02-08 08:52;1,4560140000000001;1,4640035;0,55;DOWN;1,4595;VA Breakout;1,4595;0;1,46;1,46;LOSS;-1,0;935,0;0,0;No;No;1;27;0,4;41.0
751;BTCUSDT;2026-02-08 08:52;2026-02-08 08:52;71157,2;71453,1665;0,42;UP;71354,2;VA Breakout;71354,2;0;71322,93;71385,47;OPEN;0,0;-;0,34;No;No;1;35;0,6;36.0
752;SUIUSDT;2026-02-08 08:52;2026-02-08 08:52;0,9966264999999999;1,001233;0,46;UP;1,0003;VA Breakout;1,0003;0;1,0;1,0;OPEN;0,0;-;0,0;No;No;1;32;0,5;38.0
753;SOLUSDT;2026-02-08 08:53;2026-02-08 08:53;88,13399999999999;88,60354999999998;0,53;DOWN;88,35;VA Breakout;88,35;0;88,49;88,21;OPEN;0,0;-;0,44;No;No;1;27;0,4;56.0
754;DOGEUSDT;2026-02-08 08:53;2026-02-08 08:53;0,09792125;0,0982881;0,37;UP;0,09819;VA Breakout;0,09819;0;0,1;0,1;OPEN;0,0;-;0,25;No;No;1;24;0,4;63.0
