2026-02-16 20:23:05 | INFO | SIGNAL | BTCUSDT | LONG | price_touch | entry=68920.00 sl=68680.11 tp=69399.77 | level_src=vp_poc
2026-02-16 20:23:07 | ERROR | ALERT_CONNECT_ERROR | BTCUSDT | LONG | TradingBot no disponible
2026-02-16 20:24:04 | INFO | BLOCKED_COOLDOWN | BTCUSDT | LONG | remaining=1740s
2026-02-16 20:25:03 | INFO | BLOCKED_COOLDOWN | BTCUSDT | LONG | remaining=1681s
2026-02-16 20:26:03 | INFO | BLOCKED_COOLDOWN | BTCUSDT | LONG | remaining=1621s
2026-02-16 20:27:04 | INFO | BLOCKED_COOLDOWN | BTCUSDT | LONG | remaining=1561s
2026-02-16 20:28:03 | INFO | SIGNAL | BTCUSDT | SHORT | price_touch | entry=68834.90 sl=69108.64 tp=68287.41 | level_src=vp_vah
2026-02-16 20:28:06 | ERROR | ALERT_CONNECT_ERROR | BTCUSDT | SHORT | TradingBot no disponible
2026-02-16 20:29:03 | INFO | BLOCKED_COOLDOWN | BTCUSDT | SHORT | remaining=1740s
2026-02-16 20:30:04 | INFO | BLOCKED_COOLDOWN | BTCUSDT | SHORT | remaining=1679s
2026-02-16 20:31:04 | INFO | BLOCKED_COOLDOWN | BTCUSDT | SHORT | remaining=1619s
2026-02-16 20:32:04 | INFO | BLOCKED_COOLDOWN | BTCUSDT | SHORT | remaining=1559s
2026-02-16 20:33:04 | INFO | BLOCKED_COOLDOWN | BTCUSDT | SHORT | remaining=1499s
2026-02-16 20:34:04 | INFO | BLOCKED_COOLDOWN | BTCUSDT | SHORT | remaining=1439s
2026-02-16 20:35:04 | INFO | BLOCKED_COOLDOWN | BTCUSDT | LONG | remaining=1081s
2026-02-16 20:36:03 | INFO | BLOCKED_COOLDOWN | BTCUSDT | LONG | remaining=1022s
2026-02-16 20:37:03 | INFO | BLOCKED_COOLDOWN | BTCUSDT | LONG | remaining=961s
2026-02-16 20:38:04 | INFO | BLOCKED_COOLDOWN | BTCUSDT | LONG | remaining=900s
2026-02-16 20:39:04 | INFO | BLOCKED_COOLDOWN | BTCUSDT | LONG | remaining=840s
2026-02-16 20:40:04 | INFO | BLOCKED_COOLDOWN | BTCUSDT | LONG | remaining=780s
2026-02-16 20:41:05 | INFO | BLOCKED_COOLDOWN | BTCUSDT | LONG | remaining=720s
2026-02-16 20:42:08 | INFO | BLOCKED_COOLDOWN | BTCUSDT | LONG | remaining=656s
2026-02-16 20:43:08 | INFO | BLOCKED_COOLDOWN | BTCUSDT | SHORT | remaining=895s
2026-02-16 20:44:10 | INFO | BLOCKED_COOLDOWN | BTCUSDT | SHORT | remaining=833s
2026-02-16 20:45:09 | INFO | BLOCKED_COOLDOWN | BTCUSDT | SHORT | remaining=774s
2026-02-16 20:46:08 | INFO | BLOCKED_COOLDOWN | BTCUSDT | SHORT | remaining=715s
2026-02-16 20:47:10 | INFO | BLOCKED_COOLDOWN | BTCUSDT | SHORT | remaining=653s
2026-02-16 20:48:39 | INFO | ================================================================================
2026-02-16 20:48:39 | INFO | SERVICE_STARTED | symbols=['BTCUSDT'] | interval=1
2026-02-16 20:48:39 | INFO | STRATEGY | name=Sin nombre
2026-02-16 20:48:39 | INFO | ENTRY | signal_type=price_touch
2026-02-16 20:48:39 | INFO | LEVELS | sources=['vp_periodic']
2026-02-16 20:48:39 | INFO | FILTERS | context=['vwap_position', 'dtb_bias']
2026-02-16 20:48:39 | INFO | EXIT_RULES | rules=[]
2026-02-16 20:48:39 | INFO | RISK | sl_method=below_level tp_method=rr_fixed max_trades_per_seg=1 trailing=False
2026-02-16 20:48:39 | INFO | ALERTS | enabled=True target=http://localhost:5000/api/watchlist-alert cooldown=30min
2026-02-16 20:48:39 | INFO | ================================================================================
2026-02-16 20:50:07 | INFO | CANDLE_CLOSE | BTCUSDT | #1 | 20:49:00 | O=68849.60 H=68849.60 L=68784.10 C=68784.10 V=17
2026-02-16 20:50:08 | INFO | SIGNAL_GENERATED | BTCUSDT | SHORT | price_touch | entry_price=68784.10 | level_source=vp_poc | level_price=68855.97 | active_levels=6
2026-02-16 20:50:08 | INFO | SIGNAL_PASSED_ALL_FILTERS | BTCUSDT | SHORT | entry=68784.10 | computing SL/TP...
2026-02-16 20:50:08 | INFO | SIGNAL_SL_TP_COMPUTED | BTCUSDT | SHORT | entry=68784.10 sl=69035.00 tp=68282.31 | risk=250.90 reward=501.79 | RR=2.00
2026-02-16 20:50:08 | INFO | >>> TRADE_OPENED | BTCUSDT | SHORT | price_touch | entry=68784.10 sl=69035.00 tp=68282.31 | level_src=vp_poc level_price=68855.97 | candle_time=2026-02-16 20:49:00 | cooldown_until=21:20:08 | total_trades_opened=1
2026-02-16 20:50:08 | INFO | SENDING_ALERT | BTCUSDT | SHORT | target=http://localhost:5000/api/watchlist-alert
2026-02-16 20:50:08 | INFO | ALERT_HTTP_REQUEST | BTCUSDT | SHORT | url=http://localhost:5000/api/watchlist-alert | payload={"source": "STRATEGY_BUILDER", "symbol": "BTCUSDT", "interval": "1", "pattern": {"patternType": "SB_PRICE_TOUCH", "price": 68784.1, "confidence": 75, "direction": "SHORT"}, "sl_distance": 250.9, "tp_distance": 501.79}
2026-02-16 20:50:13 | INFO | ALERT_SENT_OK | BTCUSDT | SHORT | entry=68784.10 sl=69035.00 tp=68282.31 | response={"success": true, "symbol": "BTCUSDT", "side": "Sell", "price": 68784.1, "quantity": 0.018, "pattern": "SB_PRICE_TOUCH (SHORT)", "confidence": 75, "source": "STRATEGY_BUILDER", "result": {"symbol": "B
2026-02-16 20:50:13 | INFO | ALERT_RESULT | BTCUSDT | SHORT | sent=OK | alerts_sent_total=1
2026-02-16 20:50:13 | INFO | SUMMARY | BTCUSDT | #1 | niveles_activos=6 | open_trades=1 | signals=1 | filtered=0 | alerts_sent=1 | cooldown_blocked=0
2026-02-16 20:51:07 | INFO | CANDLE_CLOSE | BTCUSDT | #2 | 20:50:00 | O=68784.10 H=68804.70 L=68770.30 C=68789.90 V=21
2026-02-16 20:51:07 | INFO | TRADE_MONITOR | BTCUSDT | SHORT | OPEN | entry=68784.10 sl=69035.00 tp=68282.31 | close=68789.90 partial_pnl_r=-0.02 | sl_dist=245.10 tp_dist=507.59
2026-02-16 20:51:07 | INFO | SIGNAL_GENERATED | BTCUSDT | SHORT | price_touch | entry_price=68789.90 | level_source=vp_poc | level_price=68855.97 | active_levels=3
2026-02-16 20:51:07 | INFO | SIGNAL_PASSED_ALL_FILTERS | BTCUSDT | SHORT | entry=68789.90 | computing SL/TP...
2026-02-16 20:51:07 | INFO | BLOCKED_COOLDOWN | BTCUSDT | SHORT | remaining=1740s
2026-02-16 20:51:07 | INFO | SUMMARY | BTCUSDT | #2 | niveles_activos=3 | open_trades=1 | signals=2 | filtered=0 | alerts_sent=1 | cooldown_blocked=1
2026-02-16 20:52:07 | INFO | CANDLE_CLOSE | BTCUSDT | #3 | 20:51:00 | O=68789.90 H=68789.90 L=68700.30 C=68717.80 V=38
2026-02-16 20:52:08 | INFO | TRADE_MONITOR | BTCUSDT | SHORT | OPEN | entry=68784.10 sl=69035.00 tp=68282.31 | close=68717.80 partial_pnl_r=0.26 | sl_dist=317.20 tp_dist=435.49
2026-02-16 20:52:08 | INFO | SIGNAL_GENERATED | BTCUSDT | SHORT | price_touch | entry_price=68717.80 | level_source=vp_poc | level_price=68855.97 | active_levels=3
2026-02-16 20:52:08 | INFO | SIGNAL_PASSED_ALL_FILTERS | BTCUSDT | SHORT | entry=68717.80 | computing SL/TP...
2026-02-16 20:52:08 | INFO | BLOCKED_COOLDOWN | BTCUSDT | SHORT | remaining=1679s
2026-02-16 20:52:08 | INFO | SUMMARY | BTCUSDT | #3 | niveles_activos=3 | open_trades=1 | signals=3 | filtered=0 | alerts_sent=1 | cooldown_blocked=2
2026-02-16 20:53:07 | INFO | CANDLE_CLOSE | BTCUSDT | #4 | 20:52:00 | O=68717.80 H=68738.40 L=68687.00 C=68687.00 V=27
2026-02-16 20:53:08 | INFO | TRADE_MONITOR | BTCUSDT | SHORT | OPEN | entry=68784.10 sl=69035.00 tp=68282.31 | close=68687.00 partial_pnl_r=0.39 | sl_dist=348.00 tp_dist=404.69
2026-02-16 20:53:08 | INFO | SIGNAL_GENERATED | BTCUSDT | SHORT | price_touch | entry_price=68687.00 | level_source=vp_poc | level_price=68855.97 | active_levels=3
2026-02-16 20:53:08 | INFO | SIGNAL_PASSED_ALL_FILTERS | BTCUSDT | SHORT | entry=68687.00 | computing SL/TP...
2026-02-16 20:53:08 | INFO | BLOCKED_COOLDOWN | BTCUSDT | SHORT | remaining=1619s
2026-02-16 20:53:08 | INFO | SUMMARY | BTCUSDT | #4 | niveles_activos=3 | open_trades=1 | signals=4 | filtered=0 | alerts_sent=1 | cooldown_blocked=3
2026-02-16 20:54:07 | INFO | CANDLE_CLOSE | BTCUSDT | #5 | 20:53:00 | O=68687.00 H=68702.00 L=68606.40 C=68610.40 V=121
2026-02-16 20:54:08 | INFO | TRADE_MONITOR | BTCUSDT | SHORT | OPEN | entry=68784.10 sl=69035.00 tp=68282.31 | close=68610.40 partial_pnl_r=0.69 | sl_dist=424.60 tp_dist=328.09
2026-02-16 20:54:08 | INFO | SIGNAL_GENERATED | BTCUSDT | SHORT | price_touch | entry_price=68610.40 | level_source=vp_poc | level_price=68855.97 | active_levels=3
2026-02-16 20:54:08 | INFO | SIGNAL_PASSED_ALL_FILTERS | BTCUSDT | SHORT | entry=68610.40 | computing SL/TP...
2026-02-16 20:54:08 | INFO | BLOCKED_COOLDOWN | BTCUSDT | SHORT | remaining=1559s
2026-02-16 20:54:08 | INFO | SUMMARY | BTCUSDT | #5 | niveles_activos=3 | open_trades=1 | signals=5 | filtered=0 | alerts_sent=1 | cooldown_blocked=4
2026-02-16 20:55:08 | INFO | CANDLE_CLOSE | BTCUSDT | #6 | 20:54:00 | O=68610.40 H=68644.10 L=68600.00 C=68608.20 V=41
2026-02-16 20:55:09 | INFO | TRADE_MONITOR | BTCUSDT | SHORT | OPEN | entry=68784.10 sl=69035.00 tp=68282.31 | close=68608.20 partial_pnl_r=0.7 | sl_dist=426.80 tp_dist=325.89
2026-02-16 20:55:09 | INFO | EVAL_ENTRY | BTCUSDT | idx=2005 | NO_SIGNAL | signal_type=price_touch | active_levels=3 | close=68608.20
2026-02-16 20:55:09 | INFO | SUMMARY | BTCUSDT | #6 | niveles_activos=3 | open_trades=1 | signals=5 | filtered=0 | alerts_sent=1 | cooldown_blocked=4
2026-02-16 20:56:09 | INFO | CANDLE_CLOSE | BTCUSDT | #7 | 20:55:00 | O=68608.20 H=68663.00 L=68596.40 C=68596.40 V=38
2026-02-16 20:56:10 | INFO | TRADE_MONITOR | BTCUSDT | SHORT | OPEN | entry=68784.10 sl=69035.00 tp=68282.31 | close=68596.40 partial_pnl_r=0.75 | sl_dist=438.60 tp_dist=314.09
2026-02-16 20:56:10 | INFO | SIGNAL_GENERATED | BTCUSDT | SHORT | price_touch | entry_price=68596.40 | level_source=vp_poc | level_price=68855.97 | active_levels=3
2026-02-16 20:56:10 | INFO | SIGNAL_PASSED_ALL_FILTERS | BTCUSDT | SHORT | entry=68596.40 | computing SL/TP...
2026-02-16 20:56:10 | INFO | BLOCKED_COOLDOWN | BTCUSDT | SHORT | remaining=1437s
2026-02-16 20:56:10 | INFO | SUMMARY | BTCUSDT | #7 | niveles_activos=3 | open_trades=1 | signals=6 | filtered=0 | alerts_sent=1 | cooldown_blocked=5
2026-02-16 20:57:07 | INFO | CANDLE_CLOSE | BTCUSDT | #8 | 20:56:00 | O=68596.40 H=68624.70 L=68545.00 C=68584.20 V=103
2026-02-16 20:57:08 | INFO | TRADE_MONITOR | BTCUSDT | SHORT | OPEN | entry=68784.10 sl=69035.00 tp=68282.31 | close=68584.20 partial_pnl_r=0.8 | sl_dist=450.80 tp_dist=301.89
2026-02-16 20:57:08 | INFO | EVAL_ENTRY | BTCUSDT | idx=2007 | NO_SIGNAL | signal_type=price_touch | active_levels=3 | close=68584.20
2026-02-16 20:57:08 | INFO | SUMMARY | BTCUSDT | #8 | niveles_activos=3 | open_trades=1 | signals=6 | filtered=0 | alerts_sent=1 | cooldown_blocked=5
2026-02-16 20:58:07 | INFO | CANDLE_CLOSE | BTCUSDT | #9 | 20:57:00 | O=68584.20 H=68591.00 L=68534.00 C=68590.00 V=42
2026-02-16 20:58:08 | INFO | TRADE_MONITOR | BTCUSDT | SHORT | OPEN | entry=68784.10 sl=69035.00 tp=68282.31 | close=68590.00 partial_pnl_r=0.77 | sl_dist=445.00 tp_dist=307.69
2026-02-16 20:58:08 | INFO | EVAL_ENTRY | BTCUSDT | idx=2008 | NO_SIGNAL | signal_type=price_touch | active_levels=3 | close=68590.00
2026-02-16 20:58:08 | INFO | SUMMARY | BTCUSDT | #9 | niveles_activos=3 | open_trades=1 | signals=6 | filtered=0 | alerts_sent=1 | cooldown_blocked=5
2026-02-16 20:59:07 | INFO | CANDLE_CLOSE | BTCUSDT | #10 | 20:58:00 | O=68590.00 H=68640.00 L=68590.00 C=68600.10 V=14
2026-02-16 20:59:08 | INFO | TRADE_MONITOR | BTCUSDT | SHORT | OPEN | entry=68784.10 sl=69035.00 tp=68282.31 | close=68600.10 partial_pnl_r=0.73 | sl_dist=434.90 tp_dist=317.79
2026-02-16 20:59:08 | INFO | EVAL_ENTRY | BTCUSDT | idx=2009 | NO_SIGNAL | signal_type=price_touch | active_levels=3 | close=68600.10
2026-02-16 20:59:08 | INFO | SUMMARY | BTCUSDT | #10 | niveles_activos=3 | open_trades=1 | signals=6 | filtered=0 | alerts_sent=1 | cooldown_blocked=5
2026-02-16 21:00:07 | INFO | CANDLE_CLOSE | BTCUSDT | #11 | 20:59:00 | O=68600.10 H=68618.40 L=68576.40 C=68584.90 V=34
2026-02-16 21:00:08 | INFO | TRADE_MONITOR | BTCUSDT | SHORT | OPEN | entry=68784.10 sl=69035.00 tp=68282.31 | close=68584.90 partial_pnl_r=0.79 | sl_dist=450.10 tp_dist=302.59
2026-02-16 21:00:08 | INFO | EVAL_ENTRY | BTCUSDT | idx=2010 | NO_SIGNAL | signal_type=price_touch | active_levels=3 | close=68584.90
2026-02-16 21:00:08 | INFO | SUMMARY | BTCUSDT | #11 | niveles_activos=3 | open_trades=1 | signals=6 | filtered=0 | alerts_sent=1 | cooldown_blocked=5
2026-02-16 21:01:07 | INFO | CANDLE_CLOSE | BTCUSDT | #12 | 21:00:00 | O=68584.90 H=68622.00 L=68574.00 C=68574.00 V=36
2026-02-16 21:01:08 | INFO | TRADE_MONITOR | BTCUSDT | SHORT | OPEN | entry=68784.10 sl=69035.00 tp=68282.31 | close=68574.00 partial_pnl_r=0.84 | sl_dist=461.00 tp_dist=291.69
2026-02-16 21:01:08 | INFO | EVAL_ENTRY | BTCUSDT | idx=2011 | NO_SIGNAL | signal_type=price_touch | active_levels=3 | close=68574.00
2026-02-16 21:01:08 | INFO | SUMMARY | BTCUSDT | #12 | niveles_activos=3 | open_trades=1 | signals=6 | filtered=0 | alerts_sent=1 | cooldown_blocked=5
2026-02-16 21:02:06 | INFO | CANDLE_CLOSE | BTCUSDT | #13 | 21:01:00 | O=68574.00 H=68598.60 L=68543.40 C=68594.70 V=13
2026-02-16 21:02:07 | INFO | TRADE_MONITOR | BTCUSDT | SHORT | OPEN | entry=68784.10 sl=69035.00 tp=68282.31 | close=68594.70 partial_pnl_r=0.75 | sl_dist=440.30 tp_dist=312.39
2026-02-16 21:02:07 | INFO | EVAL_ENTRY | BTCUSDT | idx=2012 | NO_SIGNAL | signal_type=price_touch | active_levels=3 | close=68594.70
2026-02-16 21:02:07 | INFO | SUMMARY | BTCUSDT | #13 | niveles_activos=3 | open_trades=1 | signals=6 | filtered=0 | alerts_sent=1 | cooldown_blocked=5
2026-02-16 21:03:08 | INFO | CANDLE_CLOSE | BTCUSDT | #14 | 21:02:00 | O=68594.70 H=68594.70 L=68452.90 C=68469.20 V=173
2026-02-16 21:03:08 | INFO | TRADE_MONITOR | BTCUSDT | SHORT | OPEN | entry=68784.10 sl=69035.00 tp=68282.31 | close=68469.20 partial_pnl_r=1.26 | sl_dist=565.80 tp_dist=186.89
2026-02-16 21:03:08 | INFO | EVAL_ENTRY | BTCUSDT | idx=2013 | NO_SIGNAL | signal_type=price_touch | active_levels=3 | close=68469.20
2026-02-16 21:03:08 | INFO | SUMMARY | BTCUSDT | #14 | niveles_activos=3 | open_trades=1 | signals=6 | filtered=0 | alerts_sent=1 | cooldown_blocked=5
2026-02-16 21:04:07 | INFO | CANDLE_CLOSE | BTCUSDT | #15 | 21:03:00 | O=68469.20 H=68469.20 L=68321.60 C=68391.00 V=558
2026-02-16 21:04:07 | INFO | TRADE_MONITOR | BTCUSDT | SHORT | OPEN | entry=68784.10 sl=69035.00 tp=68282.31 | close=68391.00 partial_pnl_r=1.57 | sl_dist=644.00 tp_dist=108.69
2026-02-16 21:04:07 | INFO | EVAL_ENTRY | BTCUSDT | idx=2014 | NO_SIGNAL | signal_type=price_touch | active_levels=3 | close=68391.00
2026-02-16 21:04:07 | INFO | SUMMARY | BTCUSDT | #15 | niveles_activos=3 | open_trades=1 | signals=6 | filtered=0 | alerts_sent=1 | cooldown_blocked=5
2026-02-16 21:05:07 | INFO | CANDLE_CLOSE | BTCUSDT | #16 | 21:04:00 | O=68391.00 H=68512.90 L=68364.20 C=68512.90 V=90
2026-02-16 21:05:07 | INFO | TRADE_MONITOR | BTCUSDT | SHORT | OPEN | entry=68784.10 sl=69035.00 tp=68282.31 | close=68512.90 partial_pnl_r=1.08 | sl_dist=522.10 tp_dist=230.59
2026-02-16 21:05:07 | INFO | EVAL_ENTRY | BTCUSDT | idx=2015 | NO_SIGNAL | signal_type=price_touch | active_levels=3 | close=68512.90
2026-02-16 21:05:07 | INFO | SUMMARY | BTCUSDT | #16 | niveles_activos=3 | open_trades=1 | signals=6 | filtered=0 | alerts_sent=1 | cooldown_blocked=5
2026-02-16 21:06:07 | INFO | CANDLE_CLOSE | BTCUSDT | #17 | 21:05:00 | O=68512.90 H=68541.50 L=68473.60 C=68490.10 V=58
2026-02-16 21:06:08 | INFO | TRADE_MONITOR | BTCUSDT | SHORT | OPEN | entry=68784.10 sl=69035.00 tp=68282.31 | close=68490.10 partial_pnl_r=1.17 | sl_dist=544.90 tp_dist=207.79
2026-02-16 21:06:08 | INFO | EVAL_ENTRY | BTCUSDT | idx=2016 | NO_SIGNAL | signal_type=price_touch | active_levels=3 | close=68490.10
2026-02-16 21:06:08 | INFO | SUMMARY | BTCUSDT | #17 | niveles_activos=3 | open_trades=1 | signals=6 | filtered=0 | alerts_sent=1 | cooldown_blocked=5
2026-02-16 21:07:07 | INFO | CANDLE_CLOSE | BTCUSDT | #18 | 21:06:00 | O=68490.10 H=68550.00 L=68490.10 C=68528.60 V=45
2026-02-16 21:07:07 | INFO | TRADE_MONITOR | BTCUSDT | SHORT | OPEN | entry=68784.10 sl=69035.00 tp=68282.31 | close=68528.60 partial_pnl_r=1.02 | sl_dist=506.40 tp_dist=246.29
2026-02-16 21:07:07 | INFO | EVAL_ENTRY | BTCUSDT | idx=2017 | NO_SIGNAL | signal_type=price_touch | active_levels=3 | close=68528.60
2026-02-16 21:07:07 | INFO | SUMMARY | BTCUSDT | #18 | niveles_activos=3 | open_trades=1 | signals=6 | filtered=0 | alerts_sent=1 | cooldown_blocked=5
2026-02-16 21:08:07 | INFO | CANDLE_CLOSE | BTCUSDT | #19 | 21:07:00 | O=68528.60 H=68697.50 L=68527.10 C=68667.40 V=149
2026-02-16 21:08:08 | INFO | TRADE_MONITOR | BTCUSDT | SHORT | OPEN | entry=68784.10 sl=69035.00 tp=68282.31 | close=68667.40 partial_pnl_r=0.47 | sl_dist=367.60 tp_dist=385.09
2026-02-16 21:08:08 | INFO | SIGNAL_GENERATED | BTCUSDT | SHORT | price_touch | entry_price=68667.40 | level_source=vp_poc | level_price=68855.97 | active_levels=3
2026-02-16 21:08:08 | INFO | SIGNAL_PASSED_ALL_FILTERS | BTCUSDT | SHORT | entry=68667.40 | computing SL/TP...
2026-02-16 21:08:08 | INFO | BLOCKED_COOLDOWN | BTCUSDT | SHORT | remaining=719s
2026-02-16 21:08:08 | INFO | SUMMARY | BTCUSDT | #19 | niveles_activos=3 | open_trades=1 | signals=7 | filtered=0 | alerts_sent=1 | cooldown_blocked=6
2026-02-16 21:09:08 | INFO | CANDLE_CLOSE | BTCUSDT | #20 | 21:08:00 | O=68667.40 H=68732.20 L=68656.00 C=68720.80 V=142
2026-02-16 21:09:09 | INFO | TRADE_MONITOR | BTCUSDT | SHORT | OPEN | entry=68784.10 sl=69035.00 tp=68282.31 | close=68720.80 partial_pnl_r=0.25 | sl_dist=314.20 tp_dist=438.49
2026-02-16 21:09:09 | INFO | SIGNAL_GENERATED | BTCUSDT | SHORT | price_touch | entry_price=68720.80 | level_source=vp_poc | level_price=68855.97 | active_levels=3
2026-02-16 21:09:09 | INFO | SIGNAL_PASSED_ALL_FILTERS | BTCUSDT | SHORT | entry=68720.80 | computing SL/TP...
2026-02-16 21:09:09 | INFO | BLOCKED_COOLDOWN | BTCUSDT | SHORT | remaining=658s
2026-02-16 21:09:09 | INFO | SUMMARY | BTCUSDT | #20 | niveles_activos=3 | open_trades=1 | signals=8 | filtered=0 | alerts_sent=1 | cooldown_blocked=7
2026-02-16 21:10:07 | INFO | CANDLE_CLOSE | BTCUSDT | #21 | 21:09:00 | O=68720.80 H=68772.70 L=68716.20 C=68756.30 V=100
2026-02-16 21:10:08 | INFO | TRADE_MONITOR | BTCUSDT | SHORT | OPEN | entry=68784.10 sl=69035.00 tp=68282.31 | close=68756.30 partial_pnl_r=0.11 | sl_dist=278.70 tp_dist=473.99
2026-02-16 21:10:08 | INFO | SIGNAL_GENERATED | BTCUSDT | SHORT | price_touch | entry_price=68756.30 | level_source=vp_poc | level_price=68855.97 | active_levels=3
2026-02-16 21:10:08 | INFO | SIGNAL_PASSED_ALL_FILTERS | BTCUSDT | SHORT | entry=68756.30 | computing SL/TP...
2026-02-16 21:10:08 | INFO | BLOCKED_COOLDOWN | BTCUSDT | SHORT | remaining=599s
2026-02-16 21:10:08 | INFO | SUMMARY | BTCUSDT | #21 | niveles_activos=3 | open_trades=1 | signals=9 | filtered=0 | alerts_sent=1 | cooldown_blocked=8
2026-02-16 21:11:07 | INFO | CANDLE_CLOSE | BTCUSDT | #22 | 21:10:00 | O=68756.30 H=68925.10 L=68756.30 C=68904.40 V=127
2026-02-16 21:11:08 | INFO | TRADE_MONITOR | BTCUSDT | SHORT | OPEN | entry=68784.10 sl=69035.00 tp=68282.31 | close=68904.40 partial_pnl_r=-0.48 | sl_dist=130.60 tp_dist=622.09
2026-02-16 21:11:08 | INFO | SIGNAL_GENERATED | BTCUSDT | SHORT | price_touch | entry_price=68904.40 | level_source=vp_vah | level_price=68943.08 | active_levels=3
2026-02-16 21:11:08 | INFO | SIGNAL_PASSED_ALL_FILTERS | BTCUSDT | SHORT | entry=68904.40 | computing SL/TP...
2026-02-16 21:11:08 | INFO | BLOCKED_COOLDOWN | BTCUSDT | SHORT | remaining=540s
2026-02-16 21:11:08 | INFO | SUMMARY | BTCUSDT | #22 | niveles_activos=3 | open_trades=1 | signals=10 | filtered=0 | alerts_sent=1 | cooldown_blocked=9
2026-02-16 21:12:42 | INFO | ================================================================================
2026-02-16 21:12:42 | INFO | SERVICE_STARTED | symbols=['BTCUSDT'] | interval=1
2026-02-16 21:12:42 | INFO | STRATEGY | name=Sin nombre
2026-02-16 21:12:42 | INFO | ENTRY | signal_type=price_touch
2026-02-16 21:12:42 | INFO | LEVELS | sources=['vp_periodic']
2026-02-16 21:12:42 | INFO | FILTERS | context=['vwap_position', 'dtb_bias']
2026-02-16 21:12:42 | INFO | EXIT_RULES | rules=[]
2026-02-16 21:12:42 | INFO | RISK | sl_method=below_level tp_method=rr_fixed max_trades_per_seg=1 trailing=False
2026-02-16 21:12:42 | INFO | ALERTS | enabled=True target=http://localhost:5000/api/watchlist-alert cooldown=30min
2026-02-16 21:12:42 | INFO | ================================================================================
2026-02-16 21:14:07 | INFO | CANDLE_CLOSE | BTCUSDT | #1 | 21:13:00 | O=69181.40 H=69181.50 L=69009.30 C=69058.40 V=119
2026-02-16 21:14:07 | INFO | SIGNAL_GENERATED | BTCUSDT | LONG | price_touch | entry_price=69058.40 | level_source=vp_poc | level_price=68906.85 | active_levels=6
2026-02-16 21:14:07 | INFO | SIGNAL_PASSED_ALL_FILTERS | BTCUSDT | LONG | entry=69058.40 | computing SL/TP...
2026-02-16 21:14:07 | INFO | SIGNAL_SL_TP_COMPUTED | BTCUSDT | LONG | entry=69058.40 sl=68727.69 tp=69719.82 | risk=330.71 reward=661.42 | RR=2.00
2026-02-16 21:14:07 | INFO | >>> TRADE_OPENED | BTCUSDT | LONG | price_touch | entry=69058.40 sl=68727.69 tp=69719.82 | level_src=vp_poc level_price=68906.85 | candle_time=2026-02-16 21:13:00 | cooldown_until=21:44:07 | total_trades_opened=1
2026-02-16 21:14:07 | INFO | SENDING_ALERT | BTCUSDT | LONG | target=http://localhost:5000/api/watchlist-alert
2026-02-16 21:14:07 | INFO | ALERT_HTTP_REQUEST | BTCUSDT | LONG | url=http://localhost:5000/api/watchlist-alert | payload={"source": "STRATEGY_BUILDER", "symbol": "BTCUSDT", "interval": "1", "pattern": {"patternType": "SB_PRICE_TOUCH", "price": 69058.4, "confidence": 75, "direction": "LONG"}, "sl_distance": 330.71, "tp_distance": 661.42}
2026-02-16 21:14:12 | INFO | ALERT_SENT_OK | BTCUSDT | LONG | entry=69058.40 sl=68727.69 tp=69719.82 | response={"success": true, "symbol": "BTCUSDT", "side": "Buy", "price": 69058.4, "quantity": 0.014, "pattern": "SB_PRICE_TOUCH (LONG)", "confidence": 75, "source": "STRATEGY_BUILDER", "result": {"symbol": "BTC
2026-02-16 21:14:12 | INFO | ALERT_RESULT | BTCUSDT | LONG | sent=OK | alerts_sent_total=1
2026-02-16 21:14:12 | INFO | SUMMARY | BTCUSDT | #1 | niveles_activos=6 | open_trades=1 | signals=1 | filtered=0 | alerts_sent=1 | cooldown_blocked=0
2026-02-16 21:15:07 | INFO | CANDLE_CLOSE | BTCUSDT | #2 | 21:14:00 | O=69058.40 H=69109.90 L=69044.90 C=69095.50 V=56
2026-02-16 21:15:08 | INFO | TRADE_MONITOR | BTCUSDT | LONG | OPEN | entry=69058.40 sl=68727.69 tp=69719.82 | close=69095.50 partial_pnl_r=0.11 | sl_dist=367.81 tp_dist=624.32
2026-02-16 21:15:08 | INFO | SIGNAL_GENERATED | BTCUSDT | LONG | price_touch | entry_price=69095.50 | level_source=vp_poc | level_price=68906.85 | active_levels=3
2026-02-16 21:15:08 | INFO | BLOCKED_COOLDOWN | BTCUSDT | LONG | remaining=1739s
2026-02-16 21:15:08 | INFO | SUMMARY | BTCUSDT | #2 | niveles_activos=3 | open_trades=1 | signals=2 | filtered=0 | alerts_sent=1 | cooldown_blocked=1
2026-02-16 21:16:07 | INFO | CANDLE_CLOSE | BTCUSDT | #3 | 21:15:00 | O=69095.50 H=69151.80 L=69081.50 C=69149.50 V=104
2026-02-16 21:16:08 | INFO | TRADE_MONITOR | BTCUSDT | LONG | OPEN | entry=69058.40 sl=68727.69 tp=69719.82 | close=69149.50 partial_pnl_r=0.28 | sl_dist=421.81 tp_dist=570.32
2026-02-16 21:16:08 | INFO | SIGNAL_GENERATED | BTCUSDT | LONG | price_touch | entry_price=69149.50 | level_source=vp_poc | level_price=68906.85 | active_levels=3
2026-02-16 21:16:08 | INFO | BLOCKED_COOLDOWN | BTCUSDT | LONG | remaining=1679s
2026-02-16 21:16:08 | INFO | SUMMARY | BTCUSDT | #3 | niveles_activos=3 | open_trades=1 | signals=3 | filtered=0 | alerts_sent=1 | cooldown_blocked=2
2026-02-16 21:17:07 | INFO | CANDLE_CLOSE | BTCUSDT | #4 | 21:16:00 | O=69149.50 H=69150.00 L=69056.90 C=69063.90 V=40
2026-02-16 21:17:08 | INFO | TRADE_MONITOR | BTCUSDT | LONG | OPEN | entry=69058.40 sl=68727.69 tp=69719.82 | close=69063.90 partial_pnl_r=0.02 | sl_dist=336.21 tp_dist=655.92
2026-02-16 21:17:08 | INFO | SIGNAL_GENERATED | BTCUSDT | LONG | price_touch | entry_price=69063.90 | level_source=vp_poc | level_price=68906.85 | active_levels=3
2026-02-16 21:17:08 | INFO | BLOCKED_COOLDOWN | BTCUSDT | LONG | remaining=1619s
2026-02-16 21:17:08 | INFO | SUMMARY | BTCUSDT | #4 | niveles_activos=3 | open_trades=1 | signals=4 | filtered=0 | alerts_sent=1 | cooldown_blocked=3
2026-02-16 21:18:07 | INFO | CANDLE_CLOSE | BTCUSDT | #5 | 21:17:00 | O=69063.90 H=69086.10 L=69009.50 C=69043.20 V=58
2026-02-16 21:18:08 | INFO | TRADE_MONITOR | BTCUSDT | LONG | OPEN | entry=69058.40 sl=68727.69 tp=69719.82 | close=69043.20 partial_pnl_r=-0.05 | sl_dist=315.51 tp_dist=676.62
2026-02-16 21:18:08 | INFO | SIGNAL_GENERATED | BTCUSDT | LONG | price_touch | entry_price=69043.20 | level_source=vp_poc | level_price=68906.85 | active_levels=3
2026-02-16 21:18:08 | INFO | BLOCKED_COOLDOWN | BTCUSDT | LONG | remaining=1559s
2026-02-16 21:18:08 | INFO | SUMMARY | BTCUSDT | #5 | niveles_activos=3 | open_trades=1 | signals=5 | filtered=0 | alerts_sent=1 | cooldown_blocked=4
2026-02-16 21:19:07 | INFO | CANDLE_CLOSE | BTCUSDT | #6 | 21:18:00 | O=69043.20 H=69061.20 L=69014.90 C=69033.70 V=112
2026-02-16 21:19:08 | INFO | TRADE_MONITOR | BTCUSDT | LONG | OPEN | entry=69058.40 sl=68727.69 tp=69719.82 | close=69033.70 partial_pnl_r=-0.07 | sl_dist=306.01 tp_dist=686.12
2026-02-16 21:19:08 | INFO | SIGNAL_GENERATED | BTCUSDT | LONG | price_touch | entry_price=69033.70 | level_source=vp_poc | level_price=68906.85 | active_levels=3
2026-02-16 21:19:08 | INFO | BLOCKED_COOLDOWN | BTCUSDT | LONG | remaining=1499s
2026-02-16 21:19:08 | INFO | SUMMARY | BTCUSDT | #6 | niveles_activos=3 | open_trades=1 | signals=6 | filtered=0 | alerts_sent=1 | cooldown_blocked=5
2026-02-16 21:20:07 | INFO | CANDLE_CLOSE | BTCUSDT | #7 | 21:19:00 | O=69033.70 H=69033.70 L=68961.30 C=68978.90 V=43
2026-02-16 21:20:08 | INFO | TRADE_MONITOR | BTCUSDT | LONG | OPEN | entry=69058.40 sl=68727.69 tp=69719.82 | close=68978.90 partial_pnl_r=-0.24 | sl_dist=251.21 tp_dist=740.92
2026-02-16 21:20:08 | INFO | SIGNAL_GENERATED | BTCUSDT | LONG | price_touch | entry_price=68978.90 | level_source=vp_poc | level_price=68906.85 | active_levels=3
2026-02-16 21:20:08 | INFO | BLOCKED_COOLDOWN | BTCUSDT | LONG | remaining=1439s
2026-02-16 21:20:08 | INFO | SUMMARY | BTCUSDT | #7 | niveles_activos=3 | open_trades=1 | signals=7 | filtered=0 | alerts_sent=1 | cooldown_blocked=6
2026-02-16 21:21:07 | INFO | CANDLE_CLOSE | BTCUSDT | #8 | 21:20:00 | O=68978.90 H=69025.60 L=68962.50 C=69000.00 V=68
2026-02-16 21:21:08 | INFO | TRADE_MONITOR | BTCUSDT | LONG | OPEN | entry=69058.40 sl=68727.69 tp=69719.82 | close=69000.00 partial_pnl_r=-0.18 | sl_dist=272.31 tp_dist=719.82
2026-02-16 21:21:08 | INFO | SIGNAL_GENERATED | BTCUSDT | LONG | price_touch | entry_price=69000.00 | level_source=vp_poc | level_price=68906.85 | active_levels=3
2026-02-16 21:21:08 | INFO | BLOCKED_COOLDOWN | BTCUSDT | LONG | remaining=1379s
2026-02-16 21:21:08 | INFO | SUMMARY | BTCUSDT | #8 | niveles_activos=3 | open_trades=1 | signals=8 | filtered=0 | alerts_sent=1 | cooldown_blocked=7
2026-02-16 21:22:07 | INFO | CANDLE_CLOSE | BTCUSDT | #9 | 21:21:00 | O=69000.00 H=69034.10 L=68991.20 C=69006.00 V=10
2026-02-16 21:22:08 | INFO | TRADE_MONITOR | BTCUSDT | LONG | OPEN | entry=69058.40 sl=68727.69 tp=69719.82 | close=69006.00 partial_pnl_r=-0.16 | sl_dist=278.31 tp_dist=713.82
2026-02-16 21:22:08 | INFO | SIGNAL_GENERATED | BTCUSDT | LONG | price_touch | entry_price=69006.00 | level_source=vp_poc | level_price=68906.85 | active_levels=3
2026-02-16 21:22:08 | INFO | BLOCKED_COOLDOWN | BTCUSDT | LONG | remaining=1319s
2026-02-16 21:22:08 | INFO | SUMMARY | BTCUSDT | #9 | niveles_activos=3 | open_trades=1 | signals=9 | filtered=0 | alerts_sent=1 | cooldown_blocked=8
2026-02-16 21:23:07 | INFO | CANDLE_CLOSE | BTCUSDT | #10 | 21:22:00 | O=69006.00 H=69042.40 L=69005.90 C=69020.00 V=15
2026-02-16 21:23:08 | INFO | TRADE_MONITOR | BTCUSDT | LONG | OPEN | entry=69058.40 sl=68727.69 tp=69719.82 | close=69020.00 partial_pnl_r=-0.12 | sl_dist=292.31 tp_dist=699.82
2026-02-16 21:23:08 | INFO | SIGNAL_GENERATED | BTCUSDT | LONG | price_touch | entry_price=69020.00 | level_source=vp_poc | level_price=68906.85 | active_levels=3
2026-02-16 21:23:08 | INFO | BLOCKED_COOLDOWN | BTCUSDT | LONG | remaining=1259s
2026-02-16 21:23:08 | INFO | SUMMARY | BTCUSDT | #10 | niveles_activos=3 | open_trades=1 | signals=10 | filtered=0 | alerts_sent=1 | cooldown_blocked=9
2026-02-16 21:24:07 | INFO | CANDLE_CLOSE | BTCUSDT | #11 | 21:23:00 | O=69020.00 H=69025.20 L=68980.00 C=69024.90 V=10
2026-02-16 21:24:08 | INFO | TRADE_MONITOR | BTCUSDT | LONG | OPEN | entry=69058.40 sl=68727.69 tp=69719.82 | close=69024.90 partial_pnl_r=-0.1 | sl_dist=297.21 tp_dist=694.92
2026-02-16 21:24:08 | INFO | SIGNAL_GENERATED | BTCUSDT | LONG | price_touch | entry_price=69024.90 | level_source=vp_poc | level_price=68906.85 | active_levels=3
2026-02-16 21:24:08 | INFO | BLOCKED_COOLDOWN | BTCUSDT | LONG | remaining=1199s
2026-02-16 21:24:08 | INFO | SUMMARY | BTCUSDT | #11 | niveles_activos=3 | open_trades=1 | signals=11 | filtered=0 | alerts_sent=1 | cooldown_blocked=10
2026-02-16 21:25:07 | INFO | CANDLE_CLOSE | BTCUSDT | #12 | 21:24:00 | O=69024.90 H=69093.20 L=69022.80 C=69093.10 V=20
2026-02-16 21:25:08 | INFO | TRADE_MONITOR | BTCUSDT | LONG | OPEN | entry=69058.40 sl=68727.69 tp=69719.82 | close=69093.10 partial_pnl_r=0.1 | sl_dist=365.41 tp_dist=626.72
2026-02-16 21:25:08 | INFO | SIGNAL_GENERATED | BTCUSDT | LONG | price_touch | entry_price=69093.10 | level_source=vp_poc | level_price=68906.85 | active_levels=3
2026-02-16 21:25:08 | INFO | BLOCKED_COOLDOWN | BTCUSDT | LONG | remaining=1139s
2026-02-16 21:25:08 | INFO | SUMMARY | BTCUSDT | #12 | niveles_activos=3 | open_trades=1 | signals=12 | filtered=0 | alerts_sent=1 | cooldown_blocked=11
2026-02-16 21:26:09 | INFO | CANDLE_CLOSE | BTCUSDT | #13 | 21:25:00 | O=69093.10 H=69093.10 L=69001.70 C=69004.40 V=18
2026-02-16 21:26:10 | INFO | TRADE_MONITOR | BTCUSDT | LONG | OPEN | entry=69058.40 sl=68727.69 tp=69719.82 | close=69004.40 partial_pnl_r=-0.16 | sl_dist=276.71 tp_dist=715.42
2026-02-16 21:26:10 | INFO | SIGNAL_GENERATED | BTCUSDT | LONG | price_touch | entry_price=69004.40 | level_source=vp_poc | level_price=68906.85 | active_levels=3
2026-02-16 21:26:10 | INFO | BLOCKED_COOLDOWN | BTCUSDT | LONG | remaining=1077s
2026-02-16 21:26:10 | INFO | SUMMARY | BTCUSDT | #13 | niveles_activos=3 | open_trades=1 | signals=13 | filtered=0 | alerts_sent=1 | cooldown_blocked=12
2026-02-16 21:27:07 | INFO | CANDLE_CLOSE | BTCUSDT | #14 | 21:26:00 | O=69004.40 H=69056.90 L=68998.50 C=69020.20 V=18
2026-02-16 21:27:08 | INFO | TRADE_MONITOR | BTCUSDT | LONG | OPEN | entry=69058.40 sl=68727.69 tp=69719.82 | close=69020.20 partial_pnl_r=-0.12 | sl_dist=292.51 tp_dist=699.62
2026-02-16 21:27:08 | INFO | SIGNAL_GENERATED | BTCUSDT | LONG | price_touch | entry_price=69020.20 | level_source=vp_poc | level_price=68906.85 | active_levels=3
2026-02-16 21:27:08 | INFO | BLOCKED_COOLDOWN | BTCUSDT | LONG | remaining=1019s
2026-02-16 21:27:08 | INFO | SUMMARY | BTCUSDT | #14 | niveles_activos=3 | open_trades=1 | signals=14 | filtered=0 | alerts_sent=1 | cooldown_blocked=13
2026-02-16 21:28:07 | INFO | CANDLE_CLOSE | BTCUSDT | #15 | 21:27:00 | O=69020.20 H=69020.50 L=68990.00 C=68990.10 V=11
2026-02-16 21:28:08 | INFO | TRADE_MONITOR | BTCUSDT | LONG | OPEN | entry=69058.40 sl=68727.69 tp=69719.82 | close=68990.10 partial_pnl_r=-0.21 | sl_dist=262.41 tp_dist=729.72
2026-02-16 21:28:08 | INFO | SIGNAL_GENERATED | BTCUSDT | LONG | price_touch | entry_price=68990.10 | level_source=vp_poc | level_price=68906.85 | active_levels=3
2026-02-16 21:28:08 | INFO | BLOCKED_COOLDOWN | BTCUSDT | LONG | remaining=959s
2026-02-16 21:28:08 | INFO | SUMMARY | BTCUSDT | #15 | niveles_activos=3 | open_trades=1 | signals=15 | filtered=0 | alerts_sent=1 | cooldown_blocked=14
2026-02-16 21:29:08 | INFO | CANDLE_CLOSE | BTCUSDT | #16 | 21:28:00 | O=68990.10 H=69011.80 L=68990.00 C=68995.30 V=8
2026-02-16 21:29:08 | INFO | TRADE_MONITOR | BTCUSDT | LONG | OPEN | entry=69058.40 sl=68727.69 tp=69719.82 | close=68995.30 partial_pnl_r=-0.19 | sl_dist=267.61 tp_dist=724.52
2026-02-16 21:29:08 | INFO | SIGNAL_GENERATED | BTCUSDT | LONG | price_touch | entry_price=68995.30 | level_source=vp_poc | level_price=68906.85 | active_levels=3
2026-02-16 21:29:08 | INFO | BLOCKED_COOLDOWN | BTCUSDT | LONG | remaining=899s
2026-02-16 21:29:08 | INFO | SUMMARY | BTCUSDT | #16 | niveles_activos=3 | open_trades=1 | signals=16 | filtered=0 | alerts_sent=1 | cooldown_blocked=15
2026-02-16 21:30:07 | INFO | CANDLE_CLOSE | BTCUSDT | #17 | 21:29:00 | O=68995.30 H=69019.50 L=68989.50 C=69019.40 V=7
2026-02-16 21:30:08 | INFO | TRADE_MONITOR | BTCUSDT | LONG | OPEN | entry=69058.40 sl=68727.69 tp=69719.82 | close=69019.40 partial_pnl_r=-0.12 | sl_dist=291.71 tp_dist=700.42
2026-02-16 21:30:08 | INFO | SIGNAL_GENERATED | BTCUSDT | LONG | price_touch | entry_price=69019.40 | level_source=vp_poc | level_price=68906.85 | active_levels=3
2026-02-16 21:30:08 | INFO | BLOCKED_COOLDOWN | BTCUSDT | LONG | remaining=839s
2026-02-16 21:30:08 | INFO | SUMMARY | BTCUSDT | #17 | niveles_activos=3 | open_trades=1 | signals=17 | filtered=0 | alerts_sent=1 | cooldown_blocked=16
2026-02-16 21:31:07 | INFO | CANDLE_CLOSE | BTCUSDT | #18 | 21:30:00 | O=69019.40 H=69051.10 L=69007.40 C=69007.50 V=12
2026-02-16 21:31:07 | INFO | TRADE_MONITOR | BTCUSDT | LONG | OPEN | entry=69058.40 sl=68727.69 tp=69719.82 | close=69007.50 partial_pnl_r=-0.15 | sl_dist=279.81 tp_dist=712.32
2026-02-16 21:31:07 | INFO | SIGNAL_GENERATED | BTCUSDT | LONG | price_touch | entry_price=69007.50 | level_source=vp_poc | level_price=68906.85 | active_levels=3
2026-02-16 21:31:07 | INFO | BLOCKED_COOLDOWN | BTCUSDT | LONG | remaining=779s
2026-02-16 21:31:07 | INFO | SUMMARY | BTCUSDT | #18 | niveles_activos=3 | open_trades=1 | signals=18 | filtered=0 | alerts_sent=1 | cooldown_blocked=17
2026-02-16 21:32:07 | INFO | CANDLE_CLOSE | BTCUSDT | #19 | 21:31:00 | O=69007.50 H=69007.50 L=68939.50 C=68967.90 V=24
2026-02-16 21:32:07 | INFO | TRADE_MONITOR | BTCUSDT | LONG | OPEN | entry=69058.40 sl=68727.69 tp=69719.82 | close=68967.90 partial_pnl_r=-0.27 | sl_dist=240.21 tp_dist=751.92
2026-02-16 21:32:07 | INFO | SIGNAL_GENERATED | BTCUSDT | LONG | price_touch | entry_price=68967.90 | level_source=vp_poc | level_price=68906.85 | active_levels=3
2026-02-16 21:32:07 | INFO | BLOCKED_COOLDOWN | BTCUSDT | LONG | remaining=719s
2026-02-16 21:32:07 | INFO | SUMMARY | BTCUSDT | #19 | niveles_activos=3 | open_trades=1 | signals=19 | filtered=0 | alerts_sent=1 | cooldown_blocked=18
2026-02-16 21:33:07 | INFO | CANDLE_CLOSE | BTCUSDT | #20 | 21:32:00 | O=68967.90 H=69015.70 L=68964.00 C=68964.00 V=36
2026-02-16 21:33:08 | INFO | TRADE_MONITOR | BTCUSDT | LONG | OPEN | entry=69058.40 sl=68727.69 tp=69719.82 | close=68964.00 partial_pnl_r=-0.29 | sl_dist=236.31 tp_dist=755.82
2026-02-16 21:33:08 | INFO | SIGNAL_GENERATED | BTCUSDT | LONG | price_touch | entry_price=68964.00 | level_source=vp_poc | level_price=68906.85 | active_levels=3
2026-02-16 21:33:08 | INFO | BLOCKED_COOLDOWN | BTCUSDT | LONG | remaining=659s
2026-02-16 21:33:08 | INFO | SUMMARY | BTCUSDT | #20 | niveles_activos=3 | open_trades=1 | signals=20 | filtered=0 | alerts_sent=1 | cooldown_blocked=19
2026-02-16 21:34:07 | INFO | CANDLE_CLOSE | BTCUSDT | #21 | 21:33:00 | O=68964.00 H=69011.20 L=68963.90 C=69005.10 V=7
2026-02-16 21:34:08 | INFO | TRADE_MONITOR | BTCUSDT | LONG | OPEN | entry=69058.40 sl=68727.69 tp=69719.82 | close=69005.10 partial_pnl_r=-0.16 | sl_dist=277.41 tp_dist=714.72
2026-02-16 21:34:08 | INFO | SIGNAL_GENERATED | BTCUSDT | LONG | price_touch | entry_price=69005.10 | level_source=vp_poc | level_price=68906.85 | active_levels=3
2026-02-16 21:34:08 | INFO | BLOCKED_COOLDOWN | BTCUSDT | LONG | remaining=599s
2026-02-16 21:34:08 | INFO | SUMMARY | BTCUSDT | #21 | niveles_activos=3 | open_trades=1 | signals=21 | filtered=0 | alerts_sent=1 | cooldown_blocked=20
2026-02-16 21:35:06 | INFO | CANDLE_CLOSE | BTCUSDT | #22 | 21:34:00 | O=69005.10 H=69037.10 L=68983.60 C=69037.10 V=33
2026-02-16 21:35:07 | INFO | TRADE_MONITOR | BTCUSDT | LONG | OPEN | entry=69058.40 sl=68727.69 tp=69719.82 | close=69037.10 partial_pnl_r=-0.06 | sl_dist=309.41 tp_dist=682.72
2026-02-16 21:35:07 | INFO | SIGNAL_GENERATED | BTCUSDT | LONG | price_touch | entry_price=69037.10 | level_source=vp_poc | level_price=68906.85 | active_levels=3
2026-02-16 21:35:07 | INFO | BLOCKED_COOLDOWN | BTCUSDT | LONG | remaining=540s
2026-02-16 21:35:07 | INFO | SUMMARY | BTCUSDT | #22 | niveles_activos=3 | open_trades=1 | signals=22 | filtered=0 | alerts_sent=1 | cooldown_blocked=21
2026-02-16 21:36:06 | INFO | CANDLE_CLOSE | BTCUSDT | #23 | 21:35:00 | O=69037.10 H=69038.40 L=68945.00 C=68947.10 V=14
2026-02-16 21:36:07 | INFO | TRADE_MONITOR | BTCUSDT | LONG | OPEN | entry=69058.40 sl=68727.69 tp=69719.82 | close=68947.10 partial_pnl_r=-0.34 | sl_dist=219.41 tp_dist=772.72
2026-02-16 21:36:07 | INFO | SIGNAL_GENERATED | BTCUSDT | LONG | price_touch | entry_price=68947.10 | level_source=vp_poc | level_price=68906.85 | active_levels=3
2026-02-16 21:36:07 | INFO | BLOCKED_COOLDOWN | BTCUSDT | LONG | remaining=480s
2026-02-16 21:36:07 | INFO | SUMMARY | BTCUSDT | #23 | niveles_activos=3 | open_trades=1 | signals=23 | filtered=0 | alerts_sent=1 | cooldown_blocked=22
2026-02-16 21:37:06 | INFO | CANDLE_CLOSE | BTCUSDT | #24 | 21:36:00 | O=68947.10 H=68971.90 L=68941.30 C=68964.00 V=9
2026-02-16 21:37:07 | INFO | TRADE_MONITOR | BTCUSDT | LONG | OPEN | entry=69058.40 sl=68727.69 tp=69719.82 | close=68964.00 partial_pnl_r=-0.29 | sl_dist=236.31 tp_dist=755.82
2026-02-16 21:37:07 | INFO | SIGNAL_GENERATED | BTCUSDT | LONG | price_touch | entry_price=68964.00 | level_source=vp_poc | level_price=68906.85 | active_levels=3
2026-02-16 21:37:07 | INFO | BLOCKED_COOLDOWN | BTCUSDT | LONG | remaining=420s
2026-02-16 21:37:07 | INFO | SUMMARY | BTCUSDT | #24 | niveles_activos=3 | open_trades=1 | signals=24 | filtered=0 | alerts_sent=1 | cooldown_blocked=23
2026-02-16 21:38:06 | INFO | CANDLE_CLOSE | BTCUSDT | #25 | 21:37:00 | O=68964.00 H=68991.50 L=68910.00 C=68915.70 V=16
2026-02-16 21:38:07 | INFO | TRADE_MONITOR | BTCUSDT | LONG | OPEN | entry=69058.40 sl=68727.69 tp=69719.82 | close=68915.70 partial_pnl_r=-0.43 | sl_dist=188.01 tp_dist=804.12
2026-02-16 21:38:07 | INFO | SIGNAL_GENERATED | BTCUSDT | LONG | price_touch | entry_price=68915.70 | level_source=vp_poc | level_price=68906.85 | active_levels=3
2026-02-16 21:38:07 | INFO | BLOCKED_COOLDOWN | BTCUSDT | LONG | remaining=360s
2026-02-16 21:38:07 | INFO | SUMMARY | BTCUSDT | #25 | niveles_activos=3 | open_trades=1 | signals=25 | filtered=0 | alerts_sent=1 | cooldown_blocked=24
2026-02-16 21:39:53 | INFO | ================================================================================
2026-02-16 21:39:53 | INFO | SERVICE_STARTED | symbols=['BTCUSDT'] | interval=1
2026-02-16 21:39:53 | INFO | STRATEGY | name=Sin nombre
2026-02-16 21:39:53 | INFO | ENTRY | signal_type=price_touch
2026-02-16 21:39:53 | INFO | LEVELS | sources=['vp_periodic']
2026-02-16 21:39:53 | INFO | FILTERS | context=['vwap_position', 'dtb_bias']
2026-02-16 21:39:53 | INFO | EXIT_RULES | rules=[]
2026-02-16 21:39:53 | INFO | RISK | sl_method=below_level tp_method=rr_fixed max_trades_per_seg=1 trailing=False
2026-02-16 21:39:53 | INFO | ALERTS | enabled=True target=http://localhost:5000/api/watchlist-alert cooldown=30min
2026-02-16 21:39:53 | INFO | ================================================================================
2026-02-16 21:41:07 | INFO | CANDLE_CLOSE | BTCUSDT | #1 | 21:40:00 | O=68893.70 H=68921.60 L=68892.40 C=68919.70 V=23
2026-02-16 21:41:08 | INFO | SIGNAL_GENERATED | BTCUSDT | SHORT | price_touch | entry_price=68919.70 | level_source=vp_poc | level_price=69019.91 | active_levels=6
2026-02-16 21:41:08 | INFO | SIGNAL_PASSED_ALL_FILTERS | BTCUSDT | SHORT | entry=68919.70 | computing SL/TP...
2026-02-16 21:41:08 | INFO | SIGNAL_SL_TP_COMPUTED | BTCUSDT | SHORT | entry=68919.70 sl=69199.36 tp=67801.04 | risk=279.66 reward=1118.66 | RR=4.00
2026-02-16 21:41:08 | INFO | >>> TRADE_OPENED | BTCUSDT | SHORT | price_touch | entry=68919.70 sl=69199.36 tp=67801.04 | level_src=vp_poc level_price=69019.91 | candle_time=2026-02-16 21:40:00 | cooldown_until=22:11:08 | total_trades_opened=1
2026-02-16 21:41:08 | INFO | SENDING_ALERT | BTCUSDT | SHORT | target=http://localhost:5000/api/watchlist-alert
2026-02-16 21:41:08 | INFO | ALERT_HTTP_REQUEST | BTCUSDT | SHORT | url=http://localhost:5000/api/watchlist-alert | payload={"source": "STRATEGY_BUILDER", "symbol": "BTCUSDT", "interval": "1", "pattern": {"patternType": "SB_PRICE_TOUCH", "price": 68919.7, "confidence": 75, "direction": "SHORT"}, "sl_distance": 279.66, "tp_distance": 1118.66}
2026-02-16 21:41:10 | INFO | ALERT_REJECTED_BY_BOT | BTCUSDT | SHORT | reason=Position already exists for BTCUSDT Sell | response={"success": false, "message": "Position already exists for BTCUSDT Sell", "symbol": "BTCUSDT", "skipped": true}
2026-02-16 21:41:10 | INFO | ALERT_RESULT | BTCUSDT | SHORT | sent=FAILED | alerts_sent_total=0
2026-02-16 21:41:10 | INFO | SUMMARY | BTCUSDT | #1 | niveles_activos=6 | open_trades=1 | signals=1 | filtered=0 | alerts_sent=0 | cooldown_blocked=0
2026-02-16 21:42:07 | INFO | CANDLE_CLOSE | BTCUSDT | #2 | 21:41:00 | O=68919.70 H=68942.00 L=68919.70 C=68933.00 V=5
2026-02-16 21:42:07 | INFO | TRADE_MONITOR | BTCUSDT | SHORT | OPEN | entry=68919.70 sl=69199.36 tp=67801.04 | close=68933.00 partial_pnl_r=-0.05 | sl_dist=266.36 tp_dist=1131.96
2026-02-16 21:42:07 | INFO | SIGNAL_GENERATED | BTCUSDT | SHORT | price_touch | entry_price=68933.00 | level_source=vp_poc | level_price=69019.91 | active_levels=3
2026-02-16 21:42:07 | INFO | BLOCKED_COOLDOWN | BTCUSDT | SHORT | remaining=1740s
2026-02-16 21:42:07 | INFO | SUMMARY | BTCUSDT | #2 | niveles_activos=3 | open_trades=1 | signals=2 | filtered=0 | alerts_sent=0 | cooldown_blocked=1
2026-02-16 21:43:16 | INFO | CANDLE_CLOSE | BTCUSDT | #3 | 21:42:00 | O=68933.00 H=68956.40 L=68926.50 C=68939.30 V=15
2026-02-16 21:43:18 | INFO | TRADE_MONITOR | BTCUSDT | SHORT | OPEN | entry=68919.70 sl=69199.36 tp=67801.04 | close=68939.30 partial_pnl_r=-0.07 | sl_dist=260.06 tp_dist=1138.26
2026-02-16 21:43:18 | INFO | SIGNAL_GENERATED | BTCUSDT | SHORT | price_touch | entry_price=68939.30 | level_source=vp_poc | level_price=69019.91 | active_levels=3
2026-02-16 21:43:18 | INFO | BLOCKED_COOLDOWN | BTCUSDT | SHORT | remaining=1669s
2026-02-16 21:43:18 | INFO | SUMMARY | BTCUSDT | #3 | niveles_activos=3 | open_trades=1 | signals=3 | filtered=0 | alerts_sent=0 | cooldown_blocked=2
2026-02-16 21:44:10 | INFO | CANDLE_CLOSE | BTCUSDT | #4 | 21:43:00 | O=68939.30 H=68960.00 L=68904.70 C=68917.30 V=15
2026-02-16 21:44:11 | INFO | TRADE_MONITOR | BTCUSDT | SHORT | OPEN | entry=68919.70 sl=69199.36 tp=67801.04 | close=68917.30 partial_pnl_r=0.01 | sl_dist=282.06 tp_dist=1116.26
2026-02-16 21:44:11 | INFO | SIGNAL_GENERATED | BTCUSDT | SHORT | price_touch | entry_price=68917.30 | level_source=vp_poc | level_price=69019.91 | active_levels=3
2026-02-16 21:44:11 | INFO | BLOCKED_COOLDOWN | BTCUSDT | SHORT | remaining=1616s
2026-02-16 21:44:11 | INFO | SUMMARY | BTCUSDT | #4 | niveles_activos=3 | open_trades=1 | signals=4 | filtered=0 | alerts_sent=0 | cooldown_blocked=3
2026-02-16 21:45:07 | INFO | CANDLE_CLOSE | BTCUSDT | #5 | 21:44:00 | O=68917.30 H=68942.70 L=68906.00 C=68918.20 V=7
2026-02-16 21:45:08 | INFO | TRADE_MONITOR | BTCUSDT | SHORT | OPEN | entry=68919.70 sl=69199.36 tp=67801.04 | close=68918.20 partial_pnl_r=0.01 | sl_dist=281.16 tp_dist=1117.16
2026-02-16 21:45:08 | INFO | SIGNAL_GENERATED | BTCUSDT | SHORT | price_touch | entry_price=68918.20 | level_source=vp_poc | level_price=69019.91 | active_levels=3
2026-02-16 21:45:08 | INFO | BLOCKED_COOLDOWN | BTCUSDT | SHORT | remaining=1559s
2026-02-16 21:45:08 | INFO | SUMMARY | BTCUSDT | #5 | niveles_activos=3 | open_trades=1 | signals=5 | filtered=0 | alerts_sent=0 | cooldown_blocked=4
2026-02-16 21:46:07 | INFO | CANDLE_CLOSE | BTCUSDT | #6 | 21:45:00 | O=68918.20 H=68956.40 L=68905.40 C=68956.40 V=7
2026-02-16 21:46:08 | INFO | TRADE_MONITOR | BTCUSDT | SHORT | OPEN | entry=68919.70 sl=69199.36 tp=67801.04 | close=68956.40 partial_pnl_r=-0.13 | sl_dist=242.96 tp_dist=1155.36
2026-02-16 21:46:08 | INFO | SIGNAL_GENERATED | BTCUSDT | SHORT | price_touch | entry_price=68956.40 | level_source=vp_poc | level_price=69019.91 | active_levels=3
2026-02-16 21:46:08 | INFO | BLOCKED_COOLDOWN | BTCUSDT | SHORT | remaining=1500s
2026-02-16 21:46:08 | INFO | SUMMARY | BTCUSDT | #6 | niveles_activos=3 | open_trades=1 | signals=6 | filtered=0 | alerts_sent=0 | cooldown_blocked=5
2026-02-16 21:47:07 | INFO | CANDLE_CLOSE | BTCUSDT | #7 | 21:46:00 | O=68956.40 H=68986.20 L=68914.40 C=68914.40 V=17
2026-02-16 21:47:07 | INFO | TRADE_MONITOR | BTCUSDT | SHORT | OPEN | entry=68919.70 sl=69199.36 tp=67801.04 | close=68914.40 partial_pnl_r=0.02 | sl_dist=284.96 tp_dist=1113.36
2026-02-16 21:47:07 | INFO | SIGNAL_GENERATED | BTCUSDT | SHORT | price_touch | entry_price=68914.40 | level_source=vp_poc | level_price=69019.91 | active_levels=3
2026-02-16 21:47:07 | INFO | BLOCKED_COOLDOWN | BTCUSDT | SHORT | remaining=1440s
2026-02-16 21:47:07 | INFO | SUMMARY | BTCUSDT | #7 | niveles_activos=3 | open_trades=1 | signals=7 | filtered=0 | alerts_sent=0 | cooldown_blocked=6
2026-02-16 21:48:07 | INFO | CANDLE_CLOSE | BTCUSDT | #8 | 21:47:00 | O=68914.40 H=68949.70 L=68902.20 C=68949.70 V=9
2026-02-16 21:48:07 | INFO | TRADE_MONITOR | BTCUSDT | SHORT | OPEN | entry=68919.70 sl=69199.36 tp=67801.04 | close=68949.70 partial_pnl_r=-0.11 | sl_dist=249.66 tp_dist=1148.66
2026-02-16 21:48:07 | INFO | SIGNAL_GENERATED | BTCUSDT | SHORT | price_touch | entry_price=68949.70 | level_source=vp_poc | level_price=69019.91 | active_levels=3
2026-02-16 21:48:07 | INFO | BLOCKED_COOLDOWN | BTCUSDT | SHORT | remaining=1380s
2026-02-16 21:48:07 | INFO | SUMMARY | BTCUSDT | #8 | niveles_activos=3 | open_trades=1 | signals=8 | filtered=0 | alerts_sent=0 | cooldown_blocked=7
2026-02-16 21:49:07 | INFO | CANDLE_CLOSE | BTCUSDT | #9 | 21:48:00 | O=68949.70 H=68949.70 L=68904.80 C=68925.20 V=5
2026-02-16 21:49:07 | INFO | TRADE_MONITOR | BTCUSDT | SHORT | OPEN | entry=68919.70 sl=69199.36 tp=67801.04 | close=68925.20 partial_pnl_r=-0.02 | sl_dist=274.16 tp_dist=1124.16
2026-02-16 21:49:07 | INFO | SIGNAL_GENERATED | BTCUSDT | SHORT | price_touch | entry_price=68925.20 | level_source=vp_poc | level_price=69019.91 | active_levels=3
2026-02-16 21:49:07 | INFO | BLOCKED_COOLDOWN | BTCUSDT | SHORT | remaining=1320s
2026-02-16 21:49:07 | INFO | SUMMARY | BTCUSDT | #9 | niveles_activos=3 | open_trades=1 | signals=9 | filtered=0 | alerts_sent=0 | cooldown_blocked=8
2026-02-16 21:50:07 | INFO | CANDLE_CLOSE | BTCUSDT | #10 | 21:49:00 | O=68925.20 H=68961.80 L=68924.40 C=68947.30 V=6
2026-02-16 21:50:07 | INFO | TRADE_MONITOR | BTCUSDT | SHORT | OPEN | entry=68919.70 sl=69199.36 tp=67801.04 | close=68947.30 partial_pnl_r=-0.1 | sl_dist=252.06 tp_dist=1146.26
2026-02-16 21:50:07 | INFO | SIGNAL_GENERATED | BTCUSDT | SHORT | price_touch | entry_price=68947.30 | level_source=vp_poc | level_price=69019.91 | active_levels=3
2026-02-16 21:50:07 | INFO | BLOCKED_COOLDOWN | BTCUSDT | SHORT | remaining=1260s
2026-02-16 21:50:07 | INFO | SUMMARY | BTCUSDT | #10 | niveles_activos=3 | open_trades=1 | signals=10 | filtered=0 | alerts_sent=0 | cooldown_blocked=9
2026-02-16 21:51:30 | INFO | ================================================================================
2026-02-16 21:51:30 | INFO | SERVICE_STARTED | symbols=['BTCUSDT'] | interval=1
2026-02-16 21:51:30 | INFO | STRATEGY | name=Sin nombre
2026-02-16 21:51:30 | INFO | ENTRY | signal_type=price_touch
2026-02-16 21:51:30 | INFO | LEVELS | sources=['vp_periodic']
2026-02-16 21:51:30 | INFO | FILTERS | context=['vwap_position', 'dtb_bias']
2026-02-16 21:51:30 | INFO | EXIT_RULES | rules=[]
2026-02-16 21:51:30 | INFO | RISK | sl_method=below_level tp_method=rr_fixed max_trades_per_seg=1 trailing=False
2026-02-16 21:51:30 | INFO | ALERTS | enabled=True target=http://localhost:5000/api/watchlist-alert cooldown=30min
2026-02-16 21:51:30 | INFO | ================================================================================
2026-02-16 21:53:07 | INFO | CANDLE_CLOSE | BTCUSDT | #1 | 21:52:00 | O=69001.70 H=69020.10 L=68975.00 C=68989.00 V=9
2026-02-16 21:53:08 | INFO | SIGNAL_GENERATED | BTCUSDT | SHORT | price_touch | entry_price=68989.00 | level_source=vp_poc | level_price=69019.91 | active_levels=6
2026-02-16 21:53:08 | INFO | SIGNAL_PASSED_ALL_FILTERS | BTCUSDT | SHORT | entry=68989.00 | computing SL/TP...
2026-02-16 21:53:08 | INFO | SIGNAL_SL_TP_COMPUTED | BTCUSDT | SHORT | entry=68989.00 sl=69199.36 tp=68147.54 | risk=210.36 reward=841.46 | RR=4.00
2026-02-16 21:53:08 | INFO | >>> TRADE_OPENED | BTCUSDT | SHORT | price_touch | entry=68989.00 sl=69199.36 tp=68147.54 | level_src=vp_poc level_price=69019.91 | candle_time=2026-02-16 21:52:00 | cooldown_until=22:23:08 | total_trades_opened=1
2026-02-16 21:53:08 | INFO | SENDING_ALERT | BTCUSDT | SHORT | target=http://localhost:5000/api/watchlist-alert
2026-02-16 21:53:08 | INFO | ALERT_HTTP_REQUEST | BTCUSDT | SHORT | url=http://localhost:5000/api/watchlist-alert | payload={"source": "STRATEGY_BUILDER", "symbol": "BTCUSDT", "interval": "1", "pattern": {"patternType": "SB_PRICE_TOUCH", "price": 68989.0, "confidence": 75, "direction": "SHORT"}, "sl_distance": 210.36, "tp_distance": 841.46}
2026-02-16 21:53:10 | INFO | ALERT_REJECTED_BY_BOT | BTCUSDT | SHORT | reason=Position already exists for BTCUSDT Sell | response={"success": false, "message": "Position already exists for BTCUSDT Sell", "symbol": "BTCUSDT", "skipped": true}
2026-02-16 21:53:10 | INFO | ALERT_RESULT | BTCUSDT | SHORT | sent=FAILED | alerts_sent_total=0
2026-02-16 21:53:10 | INFO | SUMMARY | BTCUSDT | #1 | niveles_activos=6 | open_trades=1 | signals=1 | filtered=0 | alerts_sent=0 | cooldown_blocked=0
2026-02-16 21:54:14 | INFO | CANDLE_CLOSE | BTCUSDT | #2 | 21:53:00 | O=68989.00 H=68989.00 L=68945.60 C=68947.20 V=3
2026-02-16 21:54:16 | INFO | TRADE_MONITOR | BTCUSDT | SHORT | OPEN | entry=68989.00 sl=69199.36 tp=68147.54 | close=68947.20 partial_pnl_r=0.2 | sl_dist=252.16 tp_dist=799.66
2026-02-16 21:54:16 | INFO | SIGNAL_GENERATED | BTCUSDT | SHORT | price_touch | entry_price=68947.20 | level_source=vp_poc | level_price=69019.91 | active_levels=3
2026-02-16 21:54:16 | INFO | BLOCKED_COOLDOWN | BTCUSDT | SHORT | remaining=1731s
2026-02-16 21:54:16 | INFO | SUMMARY | BTCUSDT | #2 | niveles_activos=3 | open_trades=1 | signals=2 | filtered=0 | alerts_sent=0 | cooldown_blocked=1
2026-02-16 21:55:14 | INFO | CANDLE_CLOSE | BTCUSDT | #3 | 21:54:00 | O=68947.20 H=68956.10 L=68914.40 C=68921.50 V=76
2026-02-16 21:55:16 | INFO | TRADE_MONITOR | BTCUSDT | SHORT | OPEN | entry=68989.00 sl=69199.36 tp=68147.54 | close=68921.50 partial_pnl_r=0.32 | sl_dist=277.86 tp_dist=773.96
2026-02-16 21:55:16 | INFO | SIGNAL_GENERATED | BTCUSDT | SHORT | price_touch | entry_price=68921.50 | level_source=vp_poc | level_price=69019.91 | active_levels=3
2026-02-16 21:55:16 | INFO | BLOCKED_COOLDOWN | BTCUSDT | SHORT | remaining=1671s
2026-02-16 21:55:16 | INFO | SUMMARY | BTCUSDT | #3 | niveles_activos=3 | open_trades=1 | signals=3 | filtered=0 | alerts_sent=0 | cooldown_blocked=2
2026-02-16 21:56:07 | INFO | CANDLE_CLOSE | BTCUSDT | #4 | 21:55:00 | O=68921.50 H=68956.80 L=68921.50 C=68947.20 V=11
2026-02-16 21:56:08 | INFO | TRADE_MONITOR | BTCUSDT | SHORT | OPEN | entry=68989.00 sl=69199.36 tp=68147.54 | close=68947.20 partial_pnl_r=0.2 | sl_dist=252.16 tp_dist=799.66
2026-02-16 21:56:08 | INFO | SIGNAL_GENERATED | BTCUSDT | SHORT | price_touch | entry_price=68947.20 | level_source=vp_poc | level_price=69019.91 | active_levels=3
2026-02-16 21:56:08 | INFO | BLOCKED_COOLDOWN | BTCUSDT | SHORT | remaining=1620s
2026-02-16 21:56:08 | INFO | SUMMARY | BTCUSDT | #4 | niveles_activos=3 | open_trades=1 | signals=4 | filtered=0 | alerts_sent=0 | cooldown_blocked=3
2026-02-16 21:57:07 | INFO | CANDLE_CLOSE | BTCUSDT | #5 | 21:56:00 | O=68947.20 H=68988.10 L=68928.10 C=68968.30 V=7
2026-02-16 21:57:08 | INFO | TRADE_MONITOR | BTCUSDT | SHORT | OPEN | entry=68989.00 sl=69199.36 tp=68147.54 | close=68968.30 partial_pnl_r=0.1 | sl_dist=231.06 tp_dist=820.76
2026-02-16 21:57:08 | INFO | SIGNAL_GENERATED | BTCUSDT | SHORT | price_touch | entry_price=68968.30 | level_source=vp_poc | level_price=69019.91 | active_levels=3
2026-02-16 21:57:08 | INFO | BLOCKED_COOLDOWN | BTCUSDT | SHORT | remaining=1560s
2026-02-16 21:57:08 | INFO | SUMMARY | BTCUSDT | #5 | niveles_activos=3 | open_trades=1 | signals=5 | filtered=0 | alerts_sent=0 | cooldown_blocked=4
2026-02-16 21:58:06 | INFO | CANDLE_CLOSE | BTCUSDT | #6 | 21:57:00 | O=68968.30 H=68984.80 L=68934.70 C=68937.90 V=5
2026-02-16 21:58:07 | INFO | TRADE_MONITOR | BTCUSDT | SHORT | OPEN | entry=68989.00 sl=69199.36 tp=68147.54 | close=68937.90 partial_pnl_r=0.24 | sl_dist=261.46 tp_dist=790.36
2026-02-16 21:58:07 | INFO | SIGNAL_GENERATED | BTCUSDT | SHORT | price_touch | entry_price=68937.90 | level_source=vp_poc | level_price=69019.91 | active_levels=3
2026-02-16 21:58:07 | INFO | BLOCKED_COOLDOWN | BTCUSDT | SHORT | remaining=1500s
2026-02-16 21:58:07 | INFO | SUMMARY | BTCUSDT | #6 | niveles_activos=3 | open_trades=1 | signals=6 | filtered=0 | alerts_sent=0 | cooldown_blocked=5
2026-02-16 21:59:07 | INFO | CANDLE_CLOSE | BTCUSDT | #7 | 21:58:00 | O=68937.90 H=68938.00 L=68914.80 C=68930.50 V=7
2026-02-16 21:59:07 | INFO | TRADE_MONITOR | BTCUSDT | SHORT | OPEN | entry=68989.00 sl=69199.36 tp=68147.54 | close=68930.50 partial_pnl_r=0.28 | sl_dist=268.86 tp_dist=782.96
2026-02-16 21:59:07 | INFO | SIGNAL_GENERATED | BTCUSDT | SHORT | price_touch | entry_price=68930.50 | level_source=vp_poc | level_price=69019.91 | active_levels=3
2026-02-16 21:59:07 | INFO | BLOCKED_COOLDOWN | BTCUSDT | SHORT | remaining=1440s
2026-02-16 21:59:07 | INFO | SUMMARY | BTCUSDT | #7 | niveles_activos=3 | open_trades=1 | signals=7 | filtered=0 | alerts_sent=0 | cooldown_blocked=6
2026-02-16 22:00:06 | INFO | CANDLE_CLOSE | BTCUSDT | #8 | 21:59:00 | O=68930.50 H=68930.90 L=68800.60 C=68800.60 V=56
2026-02-16 22:00:07 | INFO | TRADE_MONITOR | BTCUSDT | SHORT | OPEN | entry=68989.00 sl=69199.36 tp=68147.54 | close=68800.60 partial_pnl_r=0.9 | sl_dist=398.76 tp_dist=653.06
2026-02-16 22:00:07 | INFO | SIGNAL_GENERATED | BTCUSDT | SHORT | price_touch | entry_price=68800.60 | level_source=vp_poc | level_price=69019.91 | active_levels=3
2026-02-16 22:00:07 | INFO | BLOCKED_COOLDOWN | BTCUSDT | SHORT | remaining=1380s
2026-02-16 22:00:07 | INFO | SUMMARY | BTCUSDT | #8 | niveles_activos=3 | open_trades=1 | signals=8 | filtered=0 | alerts_sent=0 | cooldown_blocked=7
2026-02-16 22:01:07 | INFO | CANDLE_CLOSE | BTCUSDT | #9 | 22:00:00 | O=68800.60 H=68833.90 L=68800.00 C=68800.90 V=14
2026-02-16 22:01:08 | INFO | TRADE_MONITOR | BTCUSDT | SHORT | OPEN | entry=68989.00 sl=69199.36 tp=68147.54 | close=68800.90 partial_pnl_r=0.89 | sl_dist=398.46 tp_dist=653.36
2026-02-16 22:01:08 | INFO | SIGNAL_GENERATED | BTCUSDT | SHORT | price_touch | entry_price=68800.90 | level_source=vp_poc | level_price=69019.91 | active_levels=3
2026-02-16 22:01:08 | INFO | BLOCKED_COOLDOWN | BTCUSDT | SHORT | remaining=1319s
2026-02-16 22:01:08 | INFO | SUMMARY | BTCUSDT | #9 | niveles_activos=3 | open_trades=1 | signals=9 | filtered=0 | alerts_sent=0 | cooldown_blocked=8
2026-02-16 22:02:06 | INFO | CANDLE_CLOSE | BTCUSDT | #10 | 22:01:00 | O=68800.90 H=68803.40 L=68772.40 C=68793.80 V=62
2026-02-16 22:02:07 | INFO | TRADE_MONITOR | BTCUSDT | SHORT | OPEN | entry=68989.00 sl=69199.36 tp=68147.54 | close=68793.80 partial_pnl_r=0.93 | sl_dist=405.56 tp_dist=646.26
2026-02-16 22:02:07 | INFO | SIGNAL_GENERATED | BTCUSDT | LONG | price_touch | entry_price=68793.80 | level_source=vp_val | level_price=68575.53 | active_levels=3
2026-02-16 22:02:07 | INFO | SIGNAL_PASSED_ALL_FILTERS | BTCUSDT | LONG | entry=68793.80 | computing SL/TP...
2026-02-16 22:02:07 | INFO | SIGNAL_SL_TP_COMPUTED | BTCUSDT | LONG | entry=68793.80 sl=68397.24 tp=70380.06 | risk=396.56 reward=1586.26 | RR=4.00
2026-02-16 22:02:07 | INFO | >>> TRADE_OPENED | BTCUSDT | LONG | price_touch | entry=68793.80 sl=68397.24 tp=70380.06 | level_src=vp_val level_price=68575.53 | candle_time=2026-02-16 22:01:00 | cooldown_until=22:32:07 | total_trades_opened=2
2026-02-16 22:02:07 | INFO | SENDING_ALERT | BTCUSDT | LONG | target=http://localhost:5000/api/watchlist-alert
2026-02-16 22:02:07 | INFO | ALERT_HTTP_REQUEST | BTCUSDT | LONG | url=http://localhost:5000/api/watchlist-alert | payload={"source": "STRATEGY_BUILDER", "symbol": "BTCUSDT", "interval": "1", "pattern": {"patternType": "SB_PRICE_TOUCH", "price": 68793.8, "confidence": 75, "direction": "LONG"}, "sl_distance": 396.56, "tp_distance": 1586.26}
2026-02-16 22:02:10 | INFO | ALERT_REJECTED_BY_BOT | BTCUSDT | LONG | reason=Position already exists for BTCUSDT Buy | response={"success": false, "message": "Position already exists for BTCUSDT Buy", "symbol": "BTCUSDT", "skipped": true}
2026-02-16 22:02:10 | INFO | ALERT_RESULT | BTCUSDT | LONG | sent=FAILED | alerts_sent_total=0
2026-02-16 22:02:10 | INFO | SUMMARY | BTCUSDT | #10 | niveles_activos=3 | open_trades=2 | signals=10 | filtered=0 | alerts_sent=0 | cooldown_blocked=8
2026-02-16 22:03:07 | INFO | CANDLE_CLOSE | BTCUSDT | #11 | 22:02:00 | O=68793.80 H=68793.80 L=68750.10 C=68785.00 V=11
2026-02-16 22:03:07 | INFO | TRADE_MONITOR | BTCUSDT | SHORT | OPEN | entry=68989.00 sl=69199.36 tp=68147.54 | close=68785.00 partial_pnl_r=0.97 | sl_dist=414.36 tp_dist=637.46
2026-02-16 22:03:07 | INFO | TRADE_MONITOR | BTCUSDT | LONG | OPEN | entry=68793.80 sl=68397.24 tp=70380.06 | close=68785.00 partial_pnl_r=-0.02 | sl_dist=387.76 tp_dist=1595.06
2026-02-16 22:03:07 | INFO | SIGNAL_GENERATED | BTCUSDT | LONG | price_touch | entry_price=68785.00 | level_source=vp_val | level_price=68575.53 | active_levels=3
2026-02-16 22:03:07 | INFO | BLOCKED_COOLDOWN | BTCUSDT | LONG | remaining=1739s
2026-02-16 22:03:07 | INFO | SUMMARY | BTCUSDT | #11 | niveles_activos=3 | open_trades=2 | signals=11 | filtered=0 | alerts_sent=0 | cooldown_blocked=9
2026-02-16 22:04:07 | INFO | CANDLE_CLOSE | BTCUSDT | #12 | 22:03:00 | O=68785.00 H=68790.00 L=68740.30 C=68747.60 V=18
2026-02-16 22:04:07 | INFO | TRADE_MONITOR | BTCUSDT | SHORT | OPEN | entry=68989.00 sl=69199.36 tp=68147.54 | close=68747.60 partial_pnl_r=1.15 | sl_dist=451.76 tp_dist=600.06
2026-02-16 22:04:07 | INFO | TRADE_MONITOR | BTCUSDT | LONG | OPEN | entry=68793.80 sl=68397.24 tp=70380.06 | close=68747.60 partial_pnl_r=-0.12 | sl_dist=350.36 tp_dist=1632.46
2026-02-16 22:04:07 | INFO | SIGNAL_GENERATED | BTCUSDT | LONG | price_touch | entry_price=68747.60 | level_source=vp_val | level_price=68575.53 | active_levels=3
2026-02-16 22:04:07 | INFO | BLOCKED_COOLDOWN | BTCUSDT | LONG | remaining=1679s
2026-02-16 22:04:07 | INFO | SUMMARY | BTCUSDT | #12 | niveles_activos=3 | open_trades=2 | signals=12 | filtered=0 | alerts_sent=0 | cooldown_blocked=10
2026-02-16 22:05:07 | INFO | CANDLE_CLOSE | BTCUSDT | #13 | 22:04:00 | O=68747.60 H=68747.60 L=68613.10 C=68630.10 V=210
2026-02-16 22:05:08 | INFO | TRADE_MONITOR | BTCUSDT | SHORT | OPEN | entry=68989.00 sl=69199.36 tp=68147.54 | close=68630.10 partial_pnl_r=1.71 | sl_dist=569.26 tp_dist=482.56
2026-02-16 22:05:08 | INFO | TRADE_MONITOR | BTCUSDT | LONG | OPEN | entry=68793.80 sl=68397.24 tp=70380.06 | close=68630.10 partial_pnl_r=-0.41 | sl_dist=232.86 tp_dist=1749.96
2026-02-16 22:05:08 | INFO | SIGNAL_GENERATED | BTCUSDT | LONG | price_touch | entry_price=68630.10 | level_source=vp_val | level_price=68575.53 | active_levels=3
2026-02-16 22:05:08 | INFO | BLOCKED_COOLDOWN | BTCUSDT | LONG | remaining=1619s
2026-02-16 22:05:08 | INFO | SUMMARY | BTCUSDT | #13 | niveles_activos=3 | open_trades=2 | signals=13 | filtered=0 | alerts_sent=0 | cooldown_blocked=11
2026-02-16 22:06:07 | INFO | CANDLE_CLOSE | BTCUSDT | #14 | 22:05:00 | O=68630.10 H=68671.00 L=68600.10 C=68617.90 V=36
2026-02-16 22:06:08 | INFO | TRADE_MONITOR | BTCUSDT | SHORT | OPEN | entry=68989.00 sl=69199.36 tp=68147.54 | close=68617.90 partial_pnl_r=1.76 | sl_dist=581.46 tp_dist=470.36
2026-02-16 22:06:08 | INFO | TRADE_MONITOR | BTCUSDT | LONG | OPEN | entry=68793.80 sl=68397.24 tp=70380.06 | close=68617.90 partial_pnl_r=-0.44 | sl_dist=220.66 tp_dist=1762.16
2026-02-16 22:06:08 | INFO | SIGNAL_GENERATED | BTCUSDT | LONG | price_touch | entry_price=68617.90 | level_source=vp_val | level_price=68575.53 | active_levels=3
2026-02-16 22:06:08 | INFO | BLOCKED_COOLDOWN | BTCUSDT | LONG | remaining=1559s
2026-02-16 22:06:08 | INFO | SUMMARY | BTCUSDT | #14 | niveles_activos=3 | open_trades=2 | signals=14 | filtered=0 | alerts_sent=0 | cooldown_blocked=12
2026-02-16 22:07:07 | INFO | CANDLE_CLOSE | BTCUSDT | #15 | 22:06:00 | O=68617.90 H=68668.70 L=68615.10 C=68648.10 V=31
2026-02-16 22:07:08 | INFO | TRADE_MONITOR | BTCUSDT | SHORT | OPEN | entry=68989.00 sl=69199.36 tp=68147.54 | close=68648.10 partial_pnl_r=1.62 | sl_dist=551.26 tp_dist=500.56
2026-02-16 22:07:08 | INFO | TRADE_MONITOR | BTCUSDT | LONG | OPEN | entry=68793.80 sl=68397.24 tp=70380.06 | close=68648.10 partial_pnl_r=-0.37 | sl_dist=250.86 tp_dist=1731.96
2026-02-16 22:07:08 | INFO | SIGNAL_GENERATED | BTCUSDT | LONG | price_touch | entry_price=68648.10 | level_source=vp_val | level_price=68575.53 | active_levels=3
2026-02-16 22:07:08 | INFO | BLOCKED_COOLDOWN | BTCUSDT | LONG | remaining=1499s
2026-02-16 22:07:08 | INFO | SUMMARY | BTCUSDT | #15 | niveles_activos=3 | open_trades=2 | signals=15 | filtered=0 | alerts_sent=0 | cooldown_blocked=13
2026-02-16 22:08:08 | INFO | CANDLE_CLOSE | BTCUSDT | #16 | 22:07:00 | O=68648.10 H=68656.30 L=68621.60 C=68637.90 V=85
2026-02-16 22:08:09 | INFO | TRADE_MONITOR | BTCUSDT | SHORT | OPEN | entry=68989.00 sl=69199.36 tp=68147.54 | close=68637.90 partial_pnl_r=1.67 | sl_dist=561.46 tp_dist=490.36
2026-02-16 22:08:09 | INFO | TRADE_MONITOR | BTCUSDT | LONG | OPEN | entry=68793.80 sl=68397.24 tp=70380.06 | close=68637.90 partial_pnl_r=-0.39 | sl_dist=240.66 tp_dist=1742.16
2026-02-16 22:08:09 | INFO | SIGNAL_GENERATED | BTCUSDT | LONG | price_touch | entry_price=68637.90 | level_source=vp_val | level_price=68575.53 | active_levels=3
2026-02-16 22:08:09 | INFO | BLOCKED_COOLDOWN | BTCUSDT | LONG | remaining=1438s
2026-02-16 22:08:09 | INFO | SUMMARY | BTCUSDT | #16 | niveles_activos=3 | open_trades=2 | signals=16 | filtered=0 | alerts_sent=0 | cooldown_blocked=14
2026-02-16 22:09:08 | INFO | CANDLE_CLOSE | BTCUSDT | #17 | 22:08:00 | O=68637.90 H=68659.90 L=68632.00 C=68645.60 V=38
2026-02-16 22:09:09 | INFO | TRADE_MONITOR | BTCUSDT | SHORT | OPEN | entry=68989.00 sl=69199.36 tp=68147.54 | close=68645.60 partial_pnl_r=1.63 | sl_dist=553.76 tp_dist=498.06
2026-02-16 22:09:09 | INFO | TRADE_MONITOR | BTCUSDT | LONG | OPEN | entry=68793.80 sl=68397.24 tp=70380.06 | close=68645.60 partial_pnl_r=-0.37 | sl_dist=248.36 tp_dist=1734.46
2026-02-16 22:09:09 | INFO | SIGNAL_GENERATED | BTCUSDT | LONG | price_touch | entry_price=68645.60 | level_source=vp_val | level_price=68575.53 | active_levels=3
2026-02-16 22:09:09 | INFO | BLOCKED_COOLDOWN | BTCUSDT | LONG | remaining=1378s
2026-02-16 22:09:09 | INFO | SUMMARY | BTCUSDT | #17 | niveles_activos=3 | open_trades=2 | signals=17 | filtered=0 | alerts_sent=0 | cooldown_blocked=15
2026-02-16 22:10:07 | INFO | CANDLE_CLOSE | BTCUSDT | #18 | 22:09:00 | O=68645.60 H=68694.50 L=68645.60 C=68677.80 V=20
2026-02-16 22:10:08 | INFO | TRADE_MONITOR | BTCUSDT | SHORT | OPEN | entry=68989.00 sl=69199.36 tp=68147.54 | close=68677.80 partial_pnl_r=1.48 | sl_dist=521.56 tp_dist=530.26
2026-02-16 22:10:08 | INFO | TRADE_MONITOR | BTCUSDT | LONG | OPEN | entry=68793.80 sl=68397.24 tp=70380.06 | close=68677.80 partial_pnl_r=-0.29 | sl_dist=280.56 tp_dist=1702.26
2026-02-16 22:10:08 | INFO | SIGNAL_GENERATED | BTCUSDT | LONG | price_touch | entry_price=68677.80 | level_source=vp_val | level_price=68575.53 | active_levels=3
2026-02-16 22:10:08 | INFO | BLOCKED_COOLDOWN | BTCUSDT | LONG | remaining=1319s
2026-02-16 22:10:08 | INFO | SUMMARY | BTCUSDT | #18 | niveles_activos=3 | open_trades=2 | signals=18 | filtered=0 | alerts_sent=0 | cooldown_blocked=16
2026-02-16 22:11:07 | INFO | CANDLE_CLOSE | BTCUSDT | #19 | 22:10:00 | O=68677.80 H=68687.60 L=68645.40 C=68648.10 V=16
2026-02-16 22:11:08 | INFO | TRADE_MONITOR | BTCUSDT | SHORT | OPEN | entry=68989.00 sl=69199.36 tp=68147.54 | close=68648.10 partial_pnl_r=1.62 | sl_dist=551.26 tp_dist=500.56
2026-02-16 22:11:08 | INFO | TRADE_MONITOR | BTCUSDT | LONG | OPEN | entry=68793.80 sl=68397.24 tp=70380.06 | close=68648.10 partial_pnl_r=-0.37 | sl_dist=250.86 tp_dist=1731.96
2026-02-16 22:11:08 | INFO | SIGNAL_GENERATED | BTCUSDT | LONG | price_touch | entry_price=68648.10 | level_source=vp_val | level_price=68575.53 | active_levels=3
2026-02-16 22:11:08 | INFO | BLOCKED_COOLDOWN | BTCUSDT | LONG | remaining=1259s
2026-02-16 22:11:08 | INFO | SUMMARY | BTCUSDT | #19 | niveles_activos=3 | open_trades=2 | signals=19 | filtered=0 | alerts_sent=0 | cooldown_blocked=17
2026-02-16 22:12:07 | INFO | CANDLE_CLOSE | BTCUSDT | #20 | 22:11:00 | O=68648.10 H=68648.20 L=68600.90 C=68610.80 V=23
2026-02-16 22:12:07 | INFO | TRADE_MONITOR | BTCUSDT | SHORT | OPEN | entry=68989.00 sl=69199.36 tp=68147.54 | close=68610.80 partial_pnl_r=1.8 | sl_dist=588.56 tp_dist=463.26
2026-02-16 22:12:07 | INFO | TRADE_MONITOR | BTCUSDT | LONG | OPEN | entry=68793.80 sl=68397.24 tp=70380.06 | close=68610.80 partial_pnl_r=-0.46 | sl_dist=213.56 tp_dist=1769.26
2026-02-16 22:12:07 | INFO | SIGNAL_GENERATED | BTCUSDT | LONG | price_touch | entry_price=68610.80 | level_source=vp_val | level_price=68575.53 | active_levels=3
2026-02-16 22:12:07 | INFO | BLOCKED_COOLDOWN | BTCUSDT | LONG | remaining=1199s
2026-02-16 22:12:07 | INFO | SUMMARY | BTCUSDT | #20 | niveles_activos=3 | open_trades=2 | signals=20 | filtered=0 | alerts_sent=0 | cooldown_blocked=18
2026-02-16 22:13:07 | INFO | CANDLE_CLOSE | BTCUSDT | #21 | 22:12:00 | O=68610.80 H=68633.10 L=68610.80 C=68622.50 V=17
2026-02-16 22:13:07 | INFO | TRADE_MONITOR | BTCUSDT | SHORT | OPEN | entry=68989.00 sl=69199.36 tp=68147.54 | close=68622.50 partial_pnl_r=1.74 | sl_dist=576.86 tp_dist=474.96
2026-02-16 22:13:07 | INFO | TRADE_MONITOR | BTCUSDT | LONG | OPEN | entry=68793.80 sl=68397.24 tp=70380.06 | close=68622.50 partial_pnl_r=-0.43 | sl_dist=225.26 tp_dist=1757.56
2026-02-16 22:13:07 | INFO | SIGNAL_GENERATED | BTCUSDT | LONG | price_touch | entry_price=68622.50 | level_source=vp_val | level_price=68575.53 | active_levels=3
2026-02-16 22:13:07 | INFO | BLOCKED_COOLDOWN | BTCUSDT | LONG | remaining=1139s
2026-02-16 22:13:07 | INFO | SUMMARY | BTCUSDT | #21 | niveles_activos=3 | open_trades=2 | signals=21 | filtered=0 | alerts_sent=0 | cooldown_blocked=19
2026-02-16 22:14:07 | INFO | CANDLE_CLOSE | BTCUSDT | #22 | 22:13:00 | O=68622.50 H=68659.80 L=68622.50 C=68652.10 V=4
2026-02-16 22:14:07 | INFO | TRADE_MONITOR | BTCUSDT | SHORT | OPEN | entry=68989.00 sl=69199.36 tp=68147.54 | close=68652.10 partial_pnl_r=1.6 | sl_dist=547.26 tp_dist=504.56
2026-02-16 22:14:07 | INFO | TRADE_MONITOR | BTCUSDT | LONG | OPEN | entry=68793.80 sl=68397.24 tp=70380.06 | close=68652.10 partial_pnl_r=-0.36 | sl_dist=254.86 tp_dist=1727.96
2026-02-16 22:14:07 | INFO | SIGNAL_GENERATED | BTCUSDT | LONG | price_touch | entry_price=68652.10 | level_source=vp_val | level_price=68575.53 | active_levels=3
2026-02-16 22:14:07 | INFO | BLOCKED_COOLDOWN | BTCUSDT | LONG | remaining=1079s
2026-02-16 22:14:07 | INFO | SUMMARY | BTCUSDT | #22 | niveles_activos=3 | open_trades=2 | signals=22 | filtered=0 | alerts_sent=0 | cooldown_blocked=20
2026-02-16 22:15:07 | INFO | CANDLE_CLOSE | BTCUSDT | #23 | 22:14:00 | O=68652.10 H=68700.00 L=68634.50 C=68691.00 V=11
2026-02-16 22:15:07 | INFO | TRADE_MONITOR | BTCUSDT | SHORT | OPEN | entry=68989.00 sl=69199.36 tp=68147.54 | close=68691.00 partial_pnl_r=1.42 | sl_dist=508.36 tp_dist=543.46
2026-02-16 22:15:07 | INFO | TRADE_MONITOR | BTCUSDT | LONG | OPEN | entry=68793.80 sl=68397.24 tp=70380.06 | close=68691.00 partial_pnl_r=-0.26 | sl_dist=293.76 tp_dist=1689.06
2026-02-16 22:15:07 | INFO | SIGNAL_GENERATED | BTCUSDT | LONG | price_touch | entry_price=68691.00 | level_source=vp_val | level_price=68575.53 | active_levels=3
2026-02-16 22:15:07 | INFO | BLOCKED_COOLDOWN | BTCUSDT | LONG | remaining=1019s
2026-02-16 22:15:07 | INFO | SUMMARY | BTCUSDT | #23 | niveles_activos=3 | open_trades=2 | signals=23 | filtered=0 | alerts_sent=0 | cooldown_blocked=21
2026-02-16 22:16:07 | INFO | CANDLE_CLOSE | BTCUSDT | #24 | 22:15:00 | O=68691.00 H=68691.00 L=68640.00 C=68640.10 V=8
2026-02-16 22:16:07 | INFO | TRADE_MONITOR | BTCUSDT | SHORT | OPEN | entry=68989.00 sl=69199.36 tp=68147.54 | close=68640.10 partial_pnl_r=1.66 | sl_dist=559.26 tp_dist=492.56
2026-02-16 22:16:07 | INFO | TRADE_MONITOR | BTCUSDT | LONG | OPEN | entry=68793.80 sl=68397.24 tp=70380.06 | close=68640.10 partial_pnl_r=-0.39 | sl_dist=242.86 tp_dist=1739.96
2026-02-16 22:16:07 | INFO | SIGNAL_GENERATED | BTCUSDT | LONG | price_touch | entry_price=68640.10 | level_source=vp_val | level_price=68575.53 | active_levels=3
2026-02-16 22:16:07 | INFO | BLOCKED_COOLDOWN | BTCUSDT | LONG | remaining=959s
2026-02-16 22:16:07 | INFO | SUMMARY | BTCUSDT | #24 | niveles_activos=3 | open_trades=2 | signals=24 | filtered=0 | alerts_sent=0 | cooldown_blocked=22
2026-02-16 22:17:07 | INFO | CANDLE_CLOSE | BTCUSDT | #25 | 22:16:00 | O=68640.10 H=68699.90 L=68640.10 C=68687.00 V=14
2026-02-16 22:17:07 | INFO | TRADE_MONITOR | BTCUSDT | SHORT | OPEN | entry=68989.00 sl=69199.36 tp=68147.54 | close=68687.00 partial_pnl_r=1.44 | sl_dist=512.36 tp_dist=539.46
2026-02-16 22:17:07 | INFO | TRADE_MONITOR | BTCUSDT | LONG | OPEN | entry=68793.80 sl=68397.24 tp=70380.06 | close=68687.00 partial_pnl_r=-0.27 | sl_dist=289.76 tp_dist=1693.06
2026-02-16 22:17:07 | INFO | SIGNAL_GENERATED | BTCUSDT | LONG | price_touch | entry_price=68687.00 | level_source=vp_val | level_price=68575.53 | active_levels=3
2026-02-16 22:17:07 | INFO | BLOCKED_COOLDOWN | BTCUSDT | LONG | remaining=899s
2026-02-16 22:17:07 | INFO | SUMMARY | BTCUSDT | #25 | niveles_activos=3 | open_trades=2 | signals=25 | filtered=0 | alerts_sent=0 | cooldown_blocked=23
2026-02-16 22:18:07 | INFO | CANDLE_CLOSE | BTCUSDT | #26 | 22:17:00 | O=68687.00 H=68741.40 L=68687.00 C=68723.20 V=21
2026-02-16 22:18:07 | INFO | TRADE_MONITOR | BTCUSDT | SHORT | OPEN | entry=68989.00 sl=69199.36 tp=68147.54 | close=68723.20 partial_pnl_r=1.26 | sl_dist=476.16 tp_dist=575.66
2026-02-16 22:18:07 | INFO | TRADE_MONITOR | BTCUSDT | LONG | OPEN | entry=68793.80 sl=68397.24 tp=70380.06 | close=68723.20 partial_pnl_r=-0.18 | sl_dist=325.96 tp_dist=1656.86
2026-02-16 22:18:07 | INFO | SIGNAL_GENERATED | BTCUSDT | LONG | price_touch | entry_price=68723.20 | level_source=vp_val | level_price=68575.53 | active_levels=3
2026-02-16 22:18:07 | INFO | BLOCKED_COOLDOWN | BTCUSDT | LONG | remaining=839s
2026-02-16 22:18:07 | INFO | SUMMARY | BTCUSDT | #26 | niveles_activos=3 | open_trades=2 | signals=26 | filtered=0 | alerts_sent=0 | cooldown_blocked=24
2026-02-16 22:19:07 | INFO | CANDLE_CLOSE | BTCUSDT | #27 | 22:18:00 | O=68723.20 H=68738.00 L=68703.30 C=68707.70 V=10
2026-02-16 22:19:07 | INFO | TRADE_MONITOR | BTCUSDT | SHORT | OPEN | entry=68989.00 sl=69199.36 tp=68147.54 | close=68707.70 partial_pnl_r=1.34 | sl_dist=491.66 tp_dist=560.16
2026-02-16 22:19:07 | INFO | TRADE_MONITOR | BTCUSDT | LONG | OPEN | entry=68793.80 sl=68397.24 tp=70380.06 | close=68707.70 partial_pnl_r=-0.22 | sl_dist=310.46 tp_dist=1672.36
2026-02-16 22:19:07 | INFO | SIGNAL_GENERATED | BTCUSDT | LONG | price_touch | entry_price=68707.70 | level_source=vp_val | level_price=68575.53 | active_levels=3
2026-02-16 22:19:07 | INFO | BLOCKED_COOLDOWN | BTCUSDT | LONG | remaining=779s
2026-02-16 22:19:07 | INFO | SUMMARY | BTCUSDT | #27 | niveles_activos=3 | open_trades=2 | signals=27 | filtered=0 | alerts_sent=0 | cooldown_blocked=25
2026-02-16 22:20:07 | INFO | CANDLE_CLOSE | BTCUSDT | #28 | 22:19:00 | O=68707.70 H=68707.70 L=68640.60 C=68644.10 V=13
2026-02-16 22:20:08 | INFO | TRADE_MONITOR | BTCUSDT | SHORT | OPEN | entry=68989.00 sl=69199.36 tp=68147.54 | close=68644.10 partial_pnl_r=1.64 | sl_dist=555.26 tp_dist=496.56
2026-02-16 22:20:08 | INFO | TRADE_MONITOR | BTCUSDT | LONG | OPEN | entry=68793.80 sl=68397.24 tp=70380.06 | close=68644.10 partial_pnl_r=-0.38 | sl_dist=246.86 tp_dist=1735.96
2026-02-16 22:20:08 | INFO | SIGNAL_GENERATED | BTCUSDT | LONG | price_touch | entry_price=68644.10 | level_source=vp_val | level_price=68575.53 | active_levels=3
2026-02-16 22:20:08 | INFO | BLOCKED_COOLDOWN | BTCUSDT | LONG | remaining=719s
2026-02-16 22:20:08 | INFO | SUMMARY | BTCUSDT | #28 | niveles_activos=3 | open_trades=2 | signals=28 | filtered=0 | alerts_sent=0 | cooldown_blocked=26
2026-02-16 22:21:07 | INFO | CANDLE_CLOSE | BTCUSDT | #29 | 22:20:00 | O=68644.10 H=68696.90 L=68644.10 C=68696.90 V=7
2026-02-16 22:21:08 | INFO | TRADE_MONITOR | BTCUSDT | SHORT | OPEN | entry=68989.00 sl=69199.36 tp=68147.54 | close=68696.90 partial_pnl_r=1.39 | sl_dist=502.46 tp_dist=549.36
2026-02-16 22:21:08 | INFO | TRADE_MONITOR | BTCUSDT | LONG | OPEN | entry=68793.80 sl=68397.24 tp=70380.06 | close=68696.90 partial_pnl_r=-0.24 | sl_dist=299.66 tp_dist=1683.16
2026-02-16 22:21:08 | INFO | SIGNAL_GENERATED | BTCUSDT | LONG | price_touch | entry_price=68696.90 | level_source=vp_val | level_price=68575.53 | active_levels=3
2026-02-16 22:21:08 | INFO | BLOCKED_COOLDOWN | BTCUSDT | LONG | remaining=659s
2026-02-16 22:21:08 | INFO | SUMMARY | BTCUSDT | #29 | niveles_activos=3 | open_trades=2 | signals=29 | filtered=0 | alerts_sent=0 | cooldown_blocked=27
2026-02-16 22:22:08 | INFO | CANDLE_CLOSE | BTCUSDT | #30 | 22:21:00 | O=68696.90 H=68724.00 L=68682.20 C=68709.80 V=8
2026-02-16 22:22:08 | INFO | TRADE_MONITOR | BTCUSDT | SHORT | OPEN | entry=68989.00 sl=69199.36 tp=68147.54 | close=68709.80 partial_pnl_r=1.33 | sl_dist=489.56 tp_dist=562.26
2026-02-16 22:22:08 | INFO | TRADE_MONITOR | BTCUSDT | LONG | OPEN | entry=68793.80 sl=68397.24 tp=70380.06 | close=68709.80 partial_pnl_r=-0.21 | sl_dist=312.56 tp_dist=1670.26
2026-02-16 22:22:08 | INFO | SIGNAL_GENERATED | BTCUSDT | LONG | price_touch | entry_price=68709.80 | level_source=vp_val | level_price=68575.53 | active_levels=3
2026-02-16 22:22:08 | INFO | BLOCKED_COOLDOWN | BTCUSDT | LONG | remaining=598s
2026-02-16 22:22:08 | INFO | SUMMARY | BTCUSDT | #30 | niveles_activos=3 | open_trades=2 | signals=30 | filtered=0 | alerts_sent=0 | cooldown_blocked=28
2026-02-16 22:23:07 | INFO | CANDLE_CLOSE | BTCUSDT | #31 | 22:22:00 | O=68709.80 H=68733.00 L=68664.50 C=68671.40 V=5
2026-02-16 22:23:08 | INFO | TRADE_MONITOR | BTCUSDT | SHORT | OPEN | entry=68989.00 sl=69199.36 tp=68147.54 | close=68671.40 partial_pnl_r=1.51 | sl_dist=527.96 tp_dist=523.86
2026-02-16 22:23:08 | INFO | TRADE_MONITOR | BTCUSDT | LONG | OPEN | entry=68793.80 sl=68397.24 tp=70380.06 | close=68671.40 partial_pnl_r=-0.31 | sl_dist=274.16 tp_dist=1708.66
2026-02-16 22:23:08 | INFO | SIGNAL_GENERATED | BTCUSDT | LONG | price_touch | entry_price=68671.40 | level_source=vp_val | level_price=68575.53 | active_levels=3
2026-02-16 22:23:08 | INFO | BLOCKED_COOLDOWN | BTCUSDT | LONG | remaining=539s
2026-02-16 22:23:08 | INFO | SUMMARY | BTCUSDT | #31 | niveles_activos=3 | open_trades=2 | signals=31 | filtered=0 | alerts_sent=0 | cooldown_blocked=29
2026-02-16 22:24:31 | INFO | ================================================================================
2026-02-16 22:24:31 | INFO | SERVICE_STARTED | symbols=['BTCUSDT'] | interval=1
2026-02-16 22:24:31 | INFO | STRATEGY | name=Sin nombre
2026-02-16 22:24:31 | INFO | ENTRY | signal_type=price_touch
2026-02-16 22:24:31 | INFO | LEVELS | sources=['vp_periodic']
2026-02-16 22:24:31 | INFO | FILTERS | context=['vwap_position', 'dtb_bias']
2026-02-16 22:24:31 | INFO | EXIT_RULES | rules=[]
2026-02-16 22:24:31 | INFO | RISK | sl_method=below_level tp_method=rr_fixed max_trades_per_seg=1 trailing=False
2026-02-16 22:24:31 | INFO | ALERTS | enabled=True target=http://localhost:5000/api/watchlist-alert cooldown=30min
2026-02-16 22:24:31 | INFO | ================================================================================
2026-02-16 22:26:07 | INFO | CANDLE_CLOSE | BTCUSDT | #1 | 22:25:00 | O=68575.40 H=68619.80 L=68551.00 C=68619.80 V=19
2026-02-16 22:26:08 | INFO | SIGNAL_GENERATED | BTCUSDT | SHORT | price_touch | entry_price=68619.80 | level_source=vp_poc | level_price=68647.23 | active_levels=6
2026-02-16 22:26:08 | INFO | SIGNAL_PASSED_ALL_FILTERS | BTCUSDT | SHORT | entry=68619.80 | computing SL/TP...
2026-02-16 22:26:08 | INFO | SIGNAL_SL_TP_COMPUTED | BTCUSDT | SHORT | entry=68619.80 sl=68825.71 tp=67796.16 | risk=205.91 reward=823.64 | RR=4.00
2026-02-16 22:26:08 | INFO | >>> TRADE_OPENED | BTCUSDT | SHORT | price_touch | entry=68619.80 sl=68825.71 tp=67796.16 | level_src=vp_poc level_price=68647.23 | candle_time=2026-02-16 22:25:00 | cooldown_until=22:56:08 | total_trades_opened=1
2026-02-16 22:26:08 | INFO | SENDING_ALERT | BTCUSDT | SHORT | target=http://localhost:5000/api/watchlist-alert
2026-02-16 22:26:08 | INFO | ALERT_HTTP_REQUEST | BTCUSDT | SHORT | url=http://localhost:5000/api/watchlist-alert | payload={"source": "STRATEGY_BUILDER", "symbol": "BTCUSDT", "interval": "1", "pattern": {"patternType": "SB_PRICE_TOUCH", "price": 68619.8, "confidence": 75, "direction": "SHORT"}, "sl_distance": 205.91, "tp_distance": 823.64}
2026-02-16 22:26:12 | INFO | ALERT_SENT_OK | BTCUSDT | SHORT | entry=68619.80 sl=68825.71 tp=67796.16 | response={"success": true, "symbol": "BTCUSDT", "side": "Sell", "price": 68619.8, "quantity": 0.022, "pattern": "SB_PRICE_TOUCH (SHORT)", "confidence": 75, "source": "STRATEGY_BUILDER", "result": {"symbol": "B
2026-02-16 22:26:12 | INFO | ALERT_RESULT | BTCUSDT | SHORT | sent=OK | alerts_sent_total=1
2026-02-16 22:26:12 | INFO | SUMMARY | BTCUSDT | #1 | niveles_activos=6 | open_trades=1 | signals=1 | filtered=0 | alerts_sent=1 | cooldown_blocked=0
2026-02-16 22:27:07 | INFO | CANDLE_CLOSE | BTCUSDT | #2 | 22:26:00 | O=68619.80 H=68620.00 L=68595.90 C=68610.00 V=11
2026-02-16 22:27:08 | INFO | TRADE_MONITOR | BTCUSDT | SHORT | OPEN | entry=68619.80 sl=68825.71 tp=67796.16 | close=68610.00 partial_pnl_r=0.05 | sl_dist=215.71 tp_dist=813.84
2026-02-16 22:27:08 | INFO | SIGNAL_GENERATED | BTCUSDT | SHORT | price_touch | entry_price=68610.00 | level_source=vp_poc | level_price=68647.23 | active_levels=3
2026-02-16 22:27:08 | INFO | BLOCKED_COOLDOWN | BTCUSDT | SHORT | remaining=1740s
2026-02-16 22:27:08 | INFO | SUMMARY | BTCUSDT | #2 | niveles_activos=3 | open_trades=1 | signals=2 | filtered=0 | alerts_sent=1 | cooldown_blocked=1
2026-02-16 22:28:07 | INFO | CANDLE_CLOSE | BTCUSDT | #3 | 22:27:00 | O=68610.00 H=68626.40 L=68588.90 C=68626.30 V=14
2026-02-16 22:28:08 | INFO | TRADE_MONITOR | BTCUSDT | SHORT | OPEN | entry=68619.80 sl=68825.71 tp=67796.16 | close=68626.30 partial_pnl_r=-0.03 | sl_dist=199.41 tp_dist=830.14
2026-02-16 22:28:08 | INFO | SIGNAL_GENERATED | BTCUSDT | SHORT | price_touch | entry_price=68626.30 | level_source=vp_poc | level_price=68647.23 | active_levels=3
2026-02-16 22:28:08 | INFO | BLOCKED_COOLDOWN | BTCUSDT | SHORT | remaining=1680s
2026-02-16 22:28:08 | INFO | SUMMARY | BTCUSDT | #3 | niveles_activos=3 | open_trades=1 | signals=3 | filtered=0 | alerts_sent=1 | cooldown_blocked=2
2026-02-16 22:29:07 | INFO | CANDLE_CLOSE | BTCUSDT | #4 | 22:28:00 | O=68626.30 H=68634.10 L=68588.20 C=68597.00 V=14
2026-02-16 22:29:08 | INFO | TRADE_MONITOR | BTCUSDT | SHORT | OPEN | entry=68619.80 sl=68825.71 tp=67796.16 | close=68597.00 partial_pnl_r=0.11 | sl_dist=228.71 tp_dist=800.84
2026-02-16 22:29:08 | INFO | SIGNAL_GENERATED | BTCUSDT | SHORT | price_touch | entry_price=68597.00 | level_source=vp_poc | level_price=68647.23 | active_levels=3
2026-02-16 22:29:08 | INFO | BLOCKED_COOLDOWN | BTCUSDT | SHORT | remaining=1620s
2026-02-16 22:29:08 | INFO | SUMMARY | BTCUSDT | #4 | niveles_activos=3 | open_trades=1 | signals=4 | filtered=0 | alerts_sent=1 | cooldown_blocked=3
2026-02-16 22:30:07 | INFO | CANDLE_CLOSE | BTCUSDT | #5 | 22:29:00 | O=68597.00 H=68626.60 L=68596.90 C=68615.60 V=5
2026-02-16 22:30:08 | INFO | TRADE_MONITOR | BTCUSDT | SHORT | OPEN | entry=68619.80 sl=68825.71 tp=67796.16 | close=68615.60 partial_pnl_r=0.02 | sl_dist=210.11 tp_dist=819.44
2026-02-16 22:30:08 | INFO | SIGNAL_GENERATED | BTCUSDT | SHORT | price_touch | entry_price=68615.60 | level_source=vp_poc | level_price=68647.23 | active_levels=3
2026-02-16 22:30:08 | INFO | BLOCKED_COOLDOWN | BTCUSDT | SHORT | remaining=1560s
2026-02-16 22:30:08 | INFO | SUMMARY | BTCUSDT | #5 | niveles_activos=3 | open_trades=1 | signals=5 | filtered=0 | alerts_sent=1 | cooldown_blocked=4
2026-02-16 22:31:07 | INFO | CANDLE_CLOSE | BTCUSDT | #6 | 22:30:00 | O=68615.60 H=68625.60 L=68580.40 C=68584.10 V=10
2026-02-16 22:31:07 | INFO | TRADE_MONITOR | BTCUSDT | SHORT | OPEN | entry=68619.80 sl=68825.71 tp=67796.16 | close=68584.10 partial_pnl_r=0.17 | sl_dist=241.61 tp_dist=787.94
2026-02-16 22:31:07 | INFO | SIGNAL_GENERATED | BTCUSDT | SHORT | price_touch | entry_price=68584.10 | level_source=vp_poc | level_price=68647.23 | active_levels=3
2026-02-16 22:31:07 | INFO | BLOCKED_COOLDOWN | BTCUSDT | SHORT | remaining=1500s
2026-02-16 22:31:07 | INFO | SUMMARY | BTCUSDT | #6 | niveles_activos=3 | open_trades=1 | signals=6 | filtered=0 | alerts_sent=1 | cooldown_blocked=5
2026-02-16 22:32:07 | INFO | CANDLE_CLOSE | BTCUSDT | #7 | 22:31:00 | O=68584.10 H=68593.00 L=68515.60 C=68543.10 V=32
2026-02-16 22:32:07 | INFO | TRADE_MONITOR | BTCUSDT | SHORT | OPEN | entry=68619.80 sl=68825.71 tp=67796.16 | close=68543.10 partial_pnl_r=0.37 | sl_dist=282.61 tp_dist=746.94
2026-02-16 22:32:07 | INFO | SIGNAL_GENERATED | BTCUSDT | SHORT | price_touch | entry_price=68543.10 | level_source=vp_poc | level_price=68647.23 | active_levels=3
2026-02-16 22:32:07 | INFO | BLOCKED_COOLDOWN | BTCUSDT | SHORT | remaining=1440s
2026-02-16 22:32:07 | INFO | SUMMARY | BTCUSDT | #7 | niveles_activos=3 | open_trades=1 | signals=7 | filtered=0 | alerts_sent=1 | cooldown_blocked=6
2026-02-16 22:33:06 | INFO | CANDLE_CLOSE | BTCUSDT | #8 | 22:32:00 | O=68543.10 H=68568.10 L=68511.20 C=68567.10 V=46
2026-02-16 22:33:07 | INFO | TRADE_MONITOR | BTCUSDT | SHORT | OPEN | entry=68619.80 sl=68825.71 tp=67796.16 | close=68567.10 partial_pnl_r=0.26 | sl_dist=258.61 tp_dist=770.94
2026-02-16 22:33:07 | INFO | SIGNAL_GENERATED | BTCUSDT | SHORT | price_touch | entry_price=68567.10 | level_source=vp_poc | level_price=68647.23 | active_levels=3
2026-02-16 22:33:07 | INFO | BLOCKED_COOLDOWN | BTCUSDT | SHORT | remaining=1380s
2026-02-16 22:33:07 | INFO | SUMMARY | BTCUSDT | #8 | niveles_activos=3 | open_trades=1 | signals=8 | filtered=0 | alerts_sent=1 | cooldown_blocked=7
2026-02-16 22:34:07 | INFO | CANDLE_CLOSE | BTCUSDT | #9 | 22:33:00 | O=68567.10 H=68610.70 L=68567.10 C=68610.70 V=14
2026-02-16 22:34:07 | INFO | TRADE_MONITOR | BTCUSDT | SHORT | OPEN | entry=68619.80 sl=68825.71 tp=67796.16 | close=68610.70 partial_pnl_r=0.04 | sl_dist=215.01 tp_dist=814.54
2026-02-16 22:34:07 | INFO | SIGNAL_GENERATED | BTCUSDT | SHORT | price_touch | entry_price=68610.70 | level_source=vp_poc | level_price=68647.23 | active_levels=3
2026-02-16 22:34:07 | INFO | BLOCKED_COOLDOWN | BTCUSDT | SHORT | remaining=1320s
2026-02-16 22:34:07 | INFO | SUMMARY | BTCUSDT | #9 | niveles_activos=3 | open_trades=1 | signals=9 | filtered=0 | alerts_sent=1 | cooldown_blocked=8
2026-02-16 22:35:13 | INFO | CANDLE_CLOSE | BTCUSDT | #10 | 22:34:00 | O=68610.70 H=68633.10 L=68586.40 C=68629.70 V=48
2026-02-16 22:35:15 | INFO | TRADE_MONITOR | BTCUSDT | SHORT | OPEN | entry=68619.80 sl=68825.71 tp=67796.16 | close=68629.70 partial_pnl_r=-0.05 | sl_dist=196.01 tp_dist=833.54
2026-02-16 22:35:15 | INFO | SIGNAL_GENERATED | BTCUSDT | SHORT | price_touch | entry_price=68629.70 | level_source=vp_poc | level_price=68647.23 | active_levels=3
2026-02-16 22:35:15 | INFO | BLOCKED_COOLDOWN | BTCUSDT | SHORT | remaining=1252s
2026-02-16 22:35:15 | INFO | SUMMARY | BTCUSDT | #10 | niveles_activos=3 | open_trades=1 | signals=10 | filtered=0 | alerts_sent=1 | cooldown_blocked=9
2026-02-16 22:36:13 | INFO | CANDLE_CLOSE | BTCUSDT | #11 | 22:35:00 | O=68629.70 H=68633.20 L=68546.60 C=68546.70 V=14
2026-02-16 22:36:15 | INFO | TRADE_MONITOR | BTCUSDT | SHORT | OPEN | entry=68619.80 sl=68825.71 tp=67796.16 | close=68546.70 partial_pnl_r=0.36 | sl_dist=279.01 tp_dist=750.54
2026-02-16 22:36:15 | INFO | SIGNAL_GENERATED | BTCUSDT | SHORT | price_touch | entry_price=68546.70 | level_source=vp_poc | level_price=68647.23 | active_levels=3
2026-02-16 22:36:15 | INFO | BLOCKED_COOLDOWN | BTCUSDT | SHORT | remaining=1192s
2026-02-16 22:36:15 | INFO | SUMMARY | BTCUSDT | #11 | niveles_activos=3 | open_trades=1 | signals=11 | filtered=0 | alerts_sent=1 | cooldown_blocked=10
2026-02-16 22:37:13 | INFO | CANDLE_CLOSE | BTCUSDT | #12 | 22:36:00 | O=68546.70 H=68546.90 L=68479.30 C=68499.00 V=83
2026-02-16 22:37:15 | INFO | TRADE_MONITOR | BTCUSDT | SHORT | OPEN | entry=68619.80 sl=68825.71 tp=67796.16 | close=68499.00 partial_pnl_r=0.59 | sl_dist=326.71 tp_dist=702.84
2026-02-16 22:37:15 | INFO | SIGNAL_GENERATED | BTCUSDT | SHORT | price_touch | entry_price=68499.00 | level_source=vp_poc | level_price=68647.23 | active_levels=3
2026-02-16 22:37:15 | INFO | BLOCKED_COOLDOWN | BTCUSDT | SHORT | remaining=1132s
2026-02-16 22:37:15 | INFO | SUMMARY | BTCUSDT | #12 | niveles_activos=3 | open_trades=1 | signals=12 | filtered=0 | alerts_sent=1 | cooldown_blocked=11
2026-02-16 22:38:13 | INFO | CANDLE_CLOSE | BTCUSDT | #13 | 22:37:00 | O=68499.00 H=68506.60 L=68454.40 C=68484.60 V=94
2026-02-16 22:38:15 | INFO | TRADE_MONITOR | BTCUSDT | SHORT | OPEN | entry=68619.80 sl=68825.71 tp=67796.16 | close=68484.60 partial_pnl_r=0.66 | sl_dist=341.11 tp_dist=688.44
2026-02-16 22:38:15 | INFO | SIGNAL_GENERATED | BTCUSDT | SHORT | price_touch | entry_price=68484.60 | level_source=vp_poc | level_price=68647.23 | active_levels=3
2026-02-16 22:38:15 | INFO | BLOCKED_COOLDOWN | BTCUSDT | SHORT | remaining=1072s
2026-02-16 22:38:15 | INFO | SUMMARY | BTCUSDT | #13 | niveles_activos=3 | open_trades=1 | signals=13 | filtered=0 | alerts_sent=1 | cooldown_blocked=12
2026-02-16 22:39:13 | INFO | CANDLE_CLOSE | BTCUSDT | #14 | 22:38:00 | O=68484.60 H=68536.40 L=68484.60 C=68534.10 V=17
2026-02-16 22:39:15 | INFO | TRADE_MONITOR | BTCUSDT | SHORT | OPEN | entry=68619.80 sl=68825.71 tp=67796.16 | close=68534.10 partial_pnl_r=0.42 | sl_dist=291.61 tp_dist=737.94
2026-02-16 22:39:15 | INFO | SIGNAL_GENERATED | BTCUSDT | SHORT | price_touch | entry_price=68534.10 | level_source=vp_poc | level_price=68647.23 | active_levels=3
2026-02-16 22:39:15 | INFO | BLOCKED_COOLDOWN | BTCUSDT | SHORT | remaining=1012s
2026-02-16 22:39:15 | INFO | SUMMARY | BTCUSDT | #14 | niveles_activos=3 | open_trades=1 | signals=14 | filtered=0 | alerts_sent=1 | cooldown_blocked=13
2026-02-16 22:40:13 | INFO | CANDLE_CLOSE | BTCUSDT | #15 | 22:39:00 | O=68534.10 H=68534.10 L=68500.00 C=68502.50 V=18
2026-02-16 22:40:15 | INFO | TRADE_MONITOR | BTCUSDT | SHORT | OPEN | entry=68619.80 sl=68825.71 tp=67796.16 | close=68502.50 partial_pnl_r=0.57 | sl_dist=323.21 tp_dist=706.34
2026-02-16 22:40:15 | INFO | SIGNAL_GENERATED | BTCUSDT | SHORT | price_touch | entry_price=68502.50 | level_source=vp_poc | level_price=68647.23 | active_levels=3
2026-02-16 22:40:15 | INFO | BLOCKED_COOLDOWN | BTCUSDT | SHORT | remaining=952s
2026-02-16 22:40:15 | INFO | SUMMARY | BTCUSDT | #15 | niveles_activos=3 | open_trades=1 | signals=15 | filtered=0 | alerts_sent=1 | cooldown_blocked=14
2026-02-16 22:41:13 | INFO | CANDLE_CLOSE | BTCUSDT | #16 | 22:40:00 | O=68502.50 H=68513.00 L=68489.70 C=68513.00 V=9
2026-02-16 22:41:15 | INFO | TRADE_MONITOR | BTCUSDT | SHORT | OPEN | entry=68619.80 sl=68825.71 tp=67796.16 | close=68513.00 partial_pnl_r=0.52 | sl_dist=312.71 tp_dist=716.84
2026-02-16 22:41:15 | INFO | SIGNAL_GENERATED | BTCUSDT | SHORT | price_touch | entry_price=68513.00 | level_source=vp_poc | level_price=68647.23 | active_levels=3
2026-02-16 22:41:15 | INFO | BLOCKED_COOLDOWN | BTCUSDT | SHORT | remaining=892s
2026-02-16 22:41:15 | INFO | SUMMARY | BTCUSDT | #16 | niveles_activos=3 | open_trades=1 | signals=16 | filtered=0 | alerts_sent=1 | cooldown_blocked=15
2026-02-16 22:42:13 | INFO | CANDLE_CLOSE | BTCUSDT | #17 | 22:41:00 | O=68513.00 H=68523.60 L=68466.70 C=68522.10 V=22
2026-02-16 22:42:15 | INFO | TRADE_MONITOR | BTCUSDT | SHORT | OPEN | entry=68619.80 sl=68825.71 tp=67796.16 | close=68522.10 partial_pnl_r=0.47 | sl_dist=303.61 tp_dist=725.94
2026-02-16 22:42:15 | INFO | SIGNAL_GENERATED | BTCUSDT | SHORT | price_touch | entry_price=68522.10 | level_source=vp_poc | level_price=68647.23 | active_levels=3
2026-02-16 22:42:15 | INFO | BLOCKED_COOLDOWN | BTCUSDT | SHORT | remaining=832s
2026-02-16 22:42:15 | INFO | SUMMARY | BTCUSDT | #17 | niveles_activos=3 | open_trades=1 | signals=17 | filtered=0 | alerts_sent=1 | cooldown_blocked=16
2026-02-16 22:43:06 | INFO | CANDLE_CLOSE | BTCUSDT | #18 | 22:42:00 | O=68522.10 H=68570.90 L=68519.80 C=68560.30 V=8
2026-02-16 22:43:07 | INFO | TRADE_MONITOR | BTCUSDT | SHORT | OPEN | entry=68619.80 sl=68825.71 tp=67796.16 | close=68560.30 partial_pnl_r=0.29 | sl_dist=265.41 tp_dist=764.14
2026-02-16 22:43:07 | INFO | SIGNAL_GENERATED | BTCUSDT | SHORT | price_touch | entry_price=68560.30 | level_source=vp_poc | level_price=68647.23 | active_levels=3
2026-02-16 22:43:07 | INFO | BLOCKED_COOLDOWN | BTCUSDT | SHORT | remaining=780s
2026-02-16 22:43:07 | INFO | SUMMARY | BTCUSDT | #18 | niveles_activos=3 | open_trades=1 | signals=18 | filtered=0 | alerts_sent=1 | cooldown_blocked=17
2026-02-16 22:44:06 | INFO | CANDLE_CLOSE | BTCUSDT | #19 | 22:43:00 | O=68560.30 H=68566.30 L=68518.60 C=68536.80 V=9
2026-02-16 22:44:07 | INFO | TRADE_MONITOR | BTCUSDT | SHORT | OPEN | entry=68619.80 sl=68825.71 tp=67796.16 | close=68536.80 partial_pnl_r=0.4 | sl_dist=288.91 tp_dist=740.64
2026-02-16 22:44:07 | INFO | SIGNAL_GENERATED | BTCUSDT | SHORT | price_touch | entry_price=68536.80 | level_source=vp_poc | level_price=68647.23 | active_levels=3
2026-02-16 22:44:07 | INFO | BLOCKED_COOLDOWN | BTCUSDT | SHORT | remaining=720s
2026-02-16 22:44:07 | INFO | SUMMARY | BTCUSDT | #19 | niveles_activos=3 | open_trades=1 | signals=19 | filtered=0 | alerts_sent=1 | cooldown_blocked=18
2026-02-16 22:45:06 | INFO | CANDLE_CLOSE | BTCUSDT | #20 | 22:44:00 | O=68536.80 H=68540.30 L=68520.50 C=68540.30 V=6
2026-02-16 22:45:07 | INFO | TRADE_MONITOR | BTCUSDT | SHORT | OPEN | entry=68619.80 sl=68825.71 tp=67796.16 | close=68540.30 partial_pnl_r=0.39 | sl_dist=285.41 tp_dist=744.14
2026-02-16 22:45:07 | INFO | SIGNAL_GENERATED | BTCUSDT | SHORT | price_touch | entry_price=68540.30 | level_source=vp_poc | level_price=68647.23 | active_levels=3
2026-02-16 22:45:07 | INFO | BLOCKED_COOLDOWN | BTCUSDT | SHORT | remaining=660s
2026-02-16 22:45:07 | INFO | SUMMARY | BTCUSDT | #20 | niveles_activos=3 | open_trades=1 | signals=20 | filtered=0 | alerts_sent=1 | cooldown_blocked=19
2026-02-16 22:46:07 | INFO | CANDLE_CLOSE | BTCUSDT | #21 | 22:45:00 | O=68540.30 H=68559.40 L=68510.00 C=68540.60 V=79
2026-02-16 22:46:07 | INFO | TRADE_MONITOR | BTCUSDT | SHORT | OPEN | entry=68619.80 sl=68825.71 tp=67796.16 | close=68540.60 partial_pnl_r=0.38 | sl_dist=285.11 tp_dist=744.44
2026-02-16 22:46:07 | INFO | SIGNAL_GENERATED | BTCUSDT | SHORT | price_touch | entry_price=68540.60 | level_source=vp_poc | level_price=68647.23 | active_levels=3
2026-02-16 22:46:07 | INFO | BLOCKED_COOLDOWN | BTCUSDT | SHORT | remaining=600s
2026-02-16 22:46:07 | INFO | SUMMARY | BTCUSDT | #21 | niveles_activos=3 | open_trades=1 | signals=21 | filtered=0 | alerts_sent=1 | cooldown_blocked=20
2026-02-16 22:47:06 | INFO | CANDLE_CLOSE | BTCUSDT | #22 | 22:46:00 | O=68540.60 H=68549.30 L=68500.00 C=68500.10 V=12
2026-02-16 22:47:07 | INFO | TRADE_MONITOR | BTCUSDT | SHORT | OPEN | entry=68619.80 sl=68825.71 tp=67796.16 | close=68500.10 partial_pnl_r=0.58 | sl_dist=325.61 tp_dist=703.94
2026-02-16 22:47:07 | INFO | SIGNAL_GENERATED | BTCUSDT | SHORT | price_touch | entry_price=68500.10 | level_source=vp_poc | level_price=68647.23 | active_levels=3
2026-02-16 22:47:07 | INFO | BLOCKED_COOLDOWN | BTCUSDT | SHORT | remaining=540s
2026-02-16 22:47:07 | INFO | SUMMARY | BTCUSDT | #22 | niveles_activos=3 | open_trades=1 | signals=22 | filtered=0 | alerts_sent=1 | cooldown_blocked=21
2026-02-16 22:48:06 | INFO | CANDLE_CLOSE | BTCUSDT | #23 | 22:47:00 | O=68500.10 H=68515.00 L=68485.10 C=68510.10 V=7
2026-02-16 22:48:07 | INFO | TRADE_MONITOR | BTCUSDT | SHORT | OPEN | entry=68619.80 sl=68825.71 tp=67796.16 | close=68510.10 partial_pnl_r=0.53 | sl_dist=315.61 tp_dist=713.94
2026-02-16 22:48:07 | INFO | SIGNAL_GENERATED | BTCUSDT | SHORT | price_touch | entry_price=68510.10 | level_source=vp_poc | level_price=68647.23 | active_levels=3
2026-02-16 22:48:07 | INFO | BLOCKED_COOLDOWN | BTCUSDT | SHORT | remaining=480s
2026-02-16 22:48:07 | INFO | SUMMARY | BTCUSDT | #23 | niveles_activos=3 | open_trades=1 | signals=23 | filtered=0 | alerts_sent=1 | cooldown_blocked=22
2026-02-16 22:49:07 | INFO | CANDLE_CLOSE | BTCUSDT | #24 | 22:48:00 | O=68510.10 H=68510.10 L=68499.00 C=68510.00 V=14
2026-02-16 22:49:07 | INFO | TRADE_MONITOR | BTCUSDT | SHORT | OPEN | entry=68619.80 sl=68825.71 tp=67796.16 | close=68510.00 partial_pnl_r=0.53 | sl_dist=315.71 tp_dist=713.84
2026-02-16 22:49:07 | INFO | SIGNAL_GENERATED | BTCUSDT | SHORT | price_touch | entry_price=68510.00 | level_source=vp_poc | level_price=68647.23 | active_levels=3
2026-02-16 22:49:07 | INFO | BLOCKED_COOLDOWN | BTCUSDT | SHORT | remaining=420s
2026-02-16 22:49:07 | INFO | SUMMARY | BTCUSDT | #24 | niveles_activos=3 | open_trades=1 | signals=24 | filtered=0 | alerts_sent=1 | cooldown_blocked=23
2026-02-16 22:50:06 | INFO | CANDLE_CLOSE | BTCUSDT | #25 | 22:49:00 | O=68510.00 H=68523.60 L=68467.10 C=68474.40 V=23
2026-02-16 22:50:07 | INFO | TRADE_MONITOR | BTCUSDT | SHORT | OPEN | entry=68619.80 sl=68825.71 tp=67796.16 | close=68474.40 partial_pnl_r=0.71 | sl_dist=351.31 tp_dist=678.24
2026-02-16 22:50:07 | INFO | SIGNAL_GENERATED | BTCUSDT | SHORT | price_touch | entry_price=68474.40 | level_source=vp_poc | level_price=68647.23 | active_levels=3
2026-02-16 22:50:07 | INFO | BLOCKED_COOLDOWN | BTCUSDT | SHORT | remaining=360s
2026-02-16 22:50:07 | INFO | SUMMARY | BTCUSDT | #25 | niveles_activos=3 | open_trades=1 | signals=25 | filtered=0 | alerts_sent=1 | cooldown_blocked=24
2026-02-16 22:51:06 | INFO | CANDLE_CLOSE | BTCUSDT | #26 | 22:50:00 | O=68474.40 H=68522.90 L=68474.40 C=68521.30 V=4
2026-02-16 22:51:07 | INFO | TRADE_MONITOR | BTCUSDT | SHORT | OPEN | entry=68619.80 sl=68825.71 tp=67796.16 | close=68521.30 partial_pnl_r=0.48 | sl_dist=304.41 tp_dist=725.14
2026-02-16 22:51:07 | INFO | SIGNAL_GENERATED | BTCUSDT | SHORT | price_touch | entry_price=68521.30 | level_source=vp_poc | level_price=68647.23 | active_levels=3
2026-02-16 22:51:07 | INFO | BLOCKED_COOLDOWN | BTCUSDT | SHORT | remaining=300s
2026-02-16 22:51:07 | INFO | SUMMARY | BTCUSDT | #26 | niveles_activos=3 | open_trades=1 | signals=26 | filtered=0 | alerts_sent=1 | cooldown_blocked=25
2026-02-16 22:52:06 | INFO | CANDLE_CLOSE | BTCUSDT | #27 | 22:51:00 | O=68521.30 H=68539.10 L=68521.20 C=68530.90 V=5
2026-02-16 22:52:07 | INFO | TRADE_MONITOR | BTCUSDT | SHORT | OPEN | entry=68619.80 sl=68825.71 tp=67796.16 | close=68530.90 partial_pnl_r=0.43 | sl_dist=294.81 tp_dist=734.74
2026-02-16 22:52:07 | INFO | SIGNAL_GENERATED | BTCUSDT | SHORT | price_touch | entry_price=68530.90 | level_source=vp_poc | level_price=68647.23 | active_levels=3
2026-02-16 22:52:07 | INFO | BLOCKED_COOLDOWN | BTCUSDT | SHORT | remaining=240s
2026-02-16 22:52:07 | INFO | SUMMARY | BTCUSDT | #27 | niveles_activos=3 | open_trades=1 | signals=27 | filtered=0 | alerts_sent=1 | cooldown_blocked=26
2026-02-16 22:53:07 | INFO | CANDLE_CLOSE | BTCUSDT | #28 | 22:52:00 | O=68530.90 H=68530.90 L=68504.90 C=68517.80 V=44
2026-02-16 22:53:07 | INFO | TRADE_MONITOR | BTCUSDT | SHORT | OPEN | entry=68619.80 sl=68825.71 tp=67796.16 | close=68517.80 partial_pnl_r=0.5 | sl_dist=307.91 tp_dist=721.64
2026-02-16 22:53:07 | INFO | SIGNAL_GENERATED | BTCUSDT | SHORT | price_touch | entry_price=68517.80 | level_source=vp_poc | level_price=68647.23 | active_levels=3
2026-02-16 22:53:07 | INFO | BLOCKED_COOLDOWN | BTCUSDT | SHORT | remaining=180s
2026-02-16 22:53:07 | INFO | SUMMARY | BTCUSDT | #28 | niveles_activos=3 | open_trades=1 | signals=28 | filtered=0 | alerts_sent=1 | cooldown_blocked=27
2026-02-16 22:54:06 | INFO | CANDLE_CLOSE | BTCUSDT | #29 | 22:53:00 | O=68517.80 H=68548.40 L=68517.80 C=68548.40 V=11
2026-02-16 22:54:07 | INFO | TRADE_MONITOR | BTCUSDT | SHORT | OPEN | entry=68619.80 sl=68825.71 tp=67796.16 | close=68548.40 partial_pnl_r=0.35 | sl_dist=277.31 tp_dist=752.24
2026-02-16 22:54:07 | INFO | SIGNAL_GENERATED | BTCUSDT | SHORT | price_touch | entry_price=68548.40 | level_source=vp_poc | level_price=68647.23 | active_levels=3
2026-02-16 22:54:07 | INFO | BLOCKED_COOLDOWN | BTCUSDT | SHORT | remaining=120s
2026-02-16 22:54:07 | INFO | SUMMARY | BTCUSDT | #29 | niveles_activos=3 | open_trades=1 | signals=29 | filtered=0 | alerts_sent=1 | cooldown_blocked=28
2026-02-16 22:55:07 | INFO | CANDLE_CLOSE | BTCUSDT | #30 | 22:54:00 | O=68548.40 H=68551.70 L=68524.00 C=68551.60 V=10
2026-02-16 22:55:07 | INFO | TRADE_MONITOR | BTCUSDT | SHORT | OPEN | entry=68619.80 sl=68825.71 tp=67796.16 | close=68551.60 partial_pnl_r=0.33 | sl_dist=274.11 tp_dist=755.44
2026-02-16 22:55:07 | INFO | SIGNAL_GENERATED | BTCUSDT | SHORT | price_touch | entry_price=68551.60 | level_source=vp_poc | level_price=68647.23 | active_levels=3
2026-02-16 22:55:07 | INFO | BLOCKED_COOLDOWN | BTCUSDT | SHORT | remaining=60s
2026-02-16 22:55:07 | INFO | SUMMARY | BTCUSDT | #30 | niveles_activos=3 | open_trades=1 | signals=30 | filtered=0 | alerts_sent=1 | cooldown_blocked=29
2026-02-16 22:56:07 | INFO | CANDLE_CLOSE | BTCUSDT | #31 | 22:55:00 | O=68551.60 H=68551.70 L=68493.40 C=68500.00 V=28
2026-02-16 22:56:07 | INFO | TRADE_MONITOR | BTCUSDT | SHORT | OPEN | entry=68619.80 sl=68825.71 tp=67796.16 | close=68500.00 partial_pnl_r=0.58 | sl_dist=325.71 tp_dist=703.84
2026-02-16 22:56:07 | INFO | SIGNAL_GENERATED | BTCUSDT | SHORT | price_touch | entry_price=68500.00 | level_source=vp_poc | level_price=68647.23 | active_levels=3
2026-02-16 22:56:07 | INFO | BLOCKED_COOLDOWN | BTCUSDT | SHORT | remaining=0s
2026-02-16 22:56:07 | INFO | SUMMARY | BTCUSDT | #31 | niveles_activos=3 | open_trades=1 | signals=31 | filtered=0 | alerts_sent=1 | cooldown_blocked=30
2026-02-16 22:57:07 | INFO | CANDLE_CLOSE | BTCUSDT | #32 | 22:56:00 | O=68500.00 H=68500.00 L=68434.70 C=68434.70 V=29
2026-02-16 22:57:07 | INFO | TRADE_MONITOR | BTCUSDT | SHORT | OPEN | entry=68619.80 sl=68825.71 tp=67796.16 | close=68434.70 partial_pnl_r=0.9 | sl_dist=391.01 tp_dist=638.54
2026-02-16 22:57:07 | INFO | SIGNAL_GENERATED | BTCUSDT | SHORT | price_touch | entry_price=68434.70 | level_source=vp_poc | level_price=68647.23 | active_levels=3
2026-02-16 22:57:07 | INFO | SIGNAL_BLOCKED | BTCUSDT | SHORT | EXISTING_TRADE | open_trades=1 same_dir=1
2026-02-16 22:57:07 | INFO | SUMMARY | BTCUSDT | #32 | niveles_activos=3 | open_trades=1 | signals=32 | filtered=0 | alerts_sent=1 | cooldown_blocked=30
2026-02-16 22:58:06 | INFO | CANDLE_CLOSE | BTCUSDT | #33 | 22:57:00 | O=68434.70 H=68469.80 L=68434.70 C=68442.40 V=7
2026-02-16 22:58:07 | INFO | TRADE_MONITOR | BTCUSDT | SHORT | OPEN | entry=68619.80 sl=68825.71 tp=67796.16 | close=68442.40 partial_pnl_r=0.86 | sl_dist=383.31 tp_dist=646.24
2026-02-16 22:58:07 | INFO | SIGNAL_GENERATED | BTCUSDT | SHORT | price_touch | entry_price=68442.40 | level_source=vp_poc | level_price=68647.23 | active_levels=3
2026-02-16 22:58:07 | INFO | SIGNAL_BLOCKED | BTCUSDT | SHORT | EXISTING_TRADE | open_trades=1 same_dir=1
2026-02-16 22:58:07 | INFO | SUMMARY | BTCUSDT | #33 | niveles_activos=3 | open_trades=1 | signals=33 | filtered=0 | alerts_sent=1 | cooldown_blocked=30
2026-02-16 22:59:06 | INFO | CANDLE_CLOSE | BTCUSDT | #34 | 22:58:00 | O=68442.40 H=68475.90 L=68442.40 C=68475.90 V=5
2026-02-16 22:59:07 | INFO | TRADE_MONITOR | BTCUSDT | SHORT | OPEN | entry=68619.80 sl=68825.71 tp=67796.16 | close=68475.90 partial_pnl_r=0.7 | sl_dist=349.81 tp_dist=679.74
2026-02-16 22:59:07 | INFO | SIGNAL_GENERATED | BTCUSDT | SHORT | price_touch | entry_price=68475.90 | level_source=vp_poc | level_price=68647.23 | active_levels=3
2026-02-16 22:59:07 | INFO | SIGNAL_BLOCKED | BTCUSDT | SHORT | EXISTING_TRADE | open_trades=1 same_dir=1
2026-02-16 22:59:07 | INFO | SUMMARY | BTCUSDT | #34 | niveles_activos=3 | open_trades=1 | signals=34 | filtered=0 | alerts_sent=1 | cooldown_blocked=30
2026-02-16 23:00:07 | INFO | CANDLE_CLOSE | BTCUSDT | #35 | 22:59:00 | O=68475.90 H=68475.90 L=68435.40 C=68440.90 V=10
2026-02-16 23:00:07 | INFO | TRADE_MONITOR | BTCUSDT | SHORT | OPEN | entry=68619.80 sl=68825.71 tp=67796.16 | close=68440.90 partial_pnl_r=0.87 | sl_dist=384.81 tp_dist=644.74
2026-02-16 23:00:07 | INFO | SIGNAL_GENERATED | BTCUSDT | SHORT | price_touch | entry_price=68440.90 | level_source=vp_poc | level_price=68647.23 | active_levels=3
2026-02-16 23:00:07 | INFO | SIGNAL_BLOCKED | BTCUSDT | SHORT | EXISTING_TRADE | open_trades=1 same_dir=1
2026-02-16 23:00:07 | INFO | SUMMARY | BTCUSDT | #35 | niveles_activos=3 | open_trades=1 | signals=35 | filtered=0 | alerts_sent=1 | cooldown_blocked=30
2026-02-16 23:01:07 | INFO | CANDLE_CLOSE | BTCUSDT | #36 | 23:00:00 | O=68440.90 H=68455.80 L=68410.10 C=68453.00 V=25
2026-02-16 23:01:07 | INFO | TRADE_MONITOR | BTCUSDT | SHORT | OPEN | entry=68619.80 sl=68825.71 tp=67796.16 | close=68453.00 partial_pnl_r=0.81 | sl_dist=372.71 tp_dist=656.84
2026-02-16 23:01:07 | INFO | SIGNAL_GENERATED | BTCUSDT | SHORT | price_touch | entry_price=68453.00 | level_source=vp_poc | level_price=68647.23 | active_levels=3
2026-02-16 23:01:07 | INFO | SIGNAL_BLOCKED | BTCUSDT | SHORT | EXISTING_TRADE | open_trades=1 same_dir=1
2026-02-16 23:01:07 | INFO | SUMMARY | BTCUSDT | #36 | niveles_activos=3 | open_trades=1 | signals=36 | filtered=0 | alerts_sent=1 | cooldown_blocked=30
2026-02-16 23:02:07 | INFO | CANDLE_CLOSE | BTCUSDT | #37 | 23:01:00 | O=68453.00 H=68494.10 L=68448.30 C=68487.10 V=15
2026-02-16 23:02:08 | INFO | TRADE_MONITOR | BTCUSDT | SHORT | OPEN | entry=68619.80 sl=68825.71 tp=67796.16 | close=68487.10 partial_pnl_r=0.64 | sl_dist=338.61 tp_dist=690.94
2026-02-16 23:02:08 | INFO | SIGNAL_GENERATED | BTCUSDT | SHORT | price_touch | entry_price=68487.10 | level_source=vp_poc | level_price=68647.23 | active_levels=3
2026-02-16 23:02:08 | INFO | SIGNAL_BLOCKED | BTCUSDT | SHORT | EXISTING_TRADE | open_trades=1 same_dir=1
2026-02-16 23:02:08 | INFO | SUMMARY | BTCUSDT | #37 | niveles_activos=3 | open_trades=1 | signals=37 | filtered=0 | alerts_sent=1 | cooldown_blocked=30
2026-02-16 23:03:07 | INFO | CANDLE_CLOSE | BTCUSDT | #38 | 23:02:00 | O=68487.10 H=68490.10 L=68450.00 C=68475.90 V=23
2026-02-16 23:03:08 | INFO | TRADE_MONITOR | BTCUSDT | SHORT | OPEN | entry=68619.80 sl=68825.71 tp=67796.16 | close=68475.90 partial_pnl_r=0.7 | sl_dist=349.81 tp_dist=679.74
2026-02-16 23:03:08 | INFO | SIGNAL_GENERATED | BTCUSDT | SHORT | price_touch | entry_price=68475.90 | level_source=vp_poc | level_price=68647.23 | active_levels=3
2026-02-16 23:03:08 | INFO | SIGNAL_BLOCKED | BTCUSDT | SHORT | EXISTING_TRADE | open_trades=1 same_dir=1
2026-02-16 23:03:08 | INFO | SUMMARY | BTCUSDT | #38 | niveles_activos=3 | open_trades=1 | signals=38 | filtered=0 | alerts_sent=1 | cooldown_blocked=30
2026-02-16 23:04:15 | INFO | CANDLE_CLOSE | BTCUSDT | #39 | 23:03:00 | O=68475.90 H=68500.00 L=68475.90 C=68476.40 V=20
2026-02-16 23:04:17 | INFO | TRADE_MONITOR | BTCUSDT | SHORT | OPEN | entry=68619.80 sl=68825.71 tp=67796.16 | close=68476.40 partial_pnl_r=0.7 | sl_dist=349.31 tp_dist=680.24
2026-02-16 23:04:17 | INFO | SIGNAL_GENERATED | BTCUSDT | SHORT | price_touch | entry_price=68476.40 | level_source=vp_poc | level_price=68647.23 | active_levels=3
2026-02-16 23:04:17 | INFO | SIGNAL_BLOCKED | BTCUSDT | SHORT | EXISTING_TRADE | open_trades=1 same_dir=1
2026-02-16 23:04:17 | INFO | SUMMARY | BTCUSDT | #39 | niveles_activos=3 | open_trades=1 | signals=39 | filtered=0 | alerts_sent=1 | cooldown_blocked=30
2026-02-16 23:05:14 | INFO | CANDLE_CLOSE | BTCUSDT | #40 | 23:04:00 | O=68476.40 H=68497.40 L=68474.20 C=68491.70 V=3
2026-02-16 23:05:15 | INFO | TRADE_MONITOR | BTCUSDT | SHORT | OPEN | entry=68619.80 sl=68825.71 tp=67796.16 | close=68491.70 partial_pnl_r=0.62 | sl_dist=334.01 tp_dist=695.54
2026-02-16 23:05:15 | INFO | SIGNAL_GENERATED | BTCUSDT | SHORT | price_touch | entry_price=68491.70 | level_source=vp_poc | level_price=68647.23 | active_levels=3
2026-02-16 23:05:16 | INFO | SIGNAL_BLOCKED | BTCUSDT | SHORT | EXISTING_TRADE | open_trades=1 same_dir=1
2026-02-16 23:05:16 | INFO | SUMMARY | BTCUSDT | #40 | niveles_activos=3 | open_trades=1 | signals=40 | filtered=0 | alerts_sent=1 | cooldown_blocked=30
2026-02-16 23:06:14 | INFO | CANDLE_CLOSE | BTCUSDT | #41 | 23:05:00 | O=68491.70 H=68497.20 L=68476.10 C=68476.10 V=9
2026-02-16 23:06:16 | INFO | TRADE_MONITOR | BTCUSDT | SHORT | OPEN | entry=68619.80 sl=68825.71 tp=67796.16 | close=68476.10 partial_pnl_r=0.7 | sl_dist=349.61 tp_dist=679.94
2026-02-16 23:06:16 | INFO | SIGNAL_GENERATED | BTCUSDT | SHORT | price_touch | entry_price=68476.10 | level_source=vp_poc | level_price=68647.23 | active_levels=3
2026-02-16 23:06:16 | INFO | SIGNAL_BLOCKED | BTCUSDT | SHORT | EXISTING_TRADE | open_trades=1 same_dir=1
2026-02-16 23:06:16 | INFO | SUMMARY | BTCUSDT | #41 | niveles_activos=3 | open_trades=1 | signals=41 | filtered=0 | alerts_sent=1 | cooldown_blocked=30
2026-02-16 23:07:16 | INFO | CANDLE_CLOSE | BTCUSDT | #42 | 23:06:00 | O=68476.10 H=68496.30 L=68467.00 C=68472.80 V=8
2026-02-16 23:07:18 | INFO | TRADE_MONITOR | BTCUSDT | SHORT | OPEN | entry=68619.80 sl=68825.71 tp=67796.16 | close=68472.80 partial_pnl_r=0.71 | sl_dist=352.91 tp_dist=676.64
2026-02-16 23:07:19 | INFO | SIGNAL_GENERATED | BTCUSDT | SHORT | price_touch | entry_price=68472.80 | level_source=vp_poc | level_price=68647.23 | active_levels=3
2026-02-16 23:07:19 | INFO | SIGNAL_BLOCKED | BTCUSDT | SHORT | EXISTING_TRADE | open_trades=1 same_dir=1
2026-02-16 23:07:19 | INFO | SUMMARY | BTCUSDT | #42 | niveles_activos=3 | open_trades=1 | signals=42 | filtered=0 | alerts_sent=1 | cooldown_blocked=30
2026-02-16 23:08:16 | INFO | CANDLE_CLOSE | BTCUSDT | #43 | 23:07:00 | O=68472.80 H=68475.80 L=68360.00 C=68380.10 V=130
2026-02-16 23:08:18 | INFO | TRADE_MONITOR | BTCUSDT | SHORT | OPEN | entry=68619.80 sl=68825.71 tp=67796.16 | close=68380.10 partial_pnl_r=1.16 | sl_dist=445.61 tp_dist=583.94
2026-02-16 23:08:18 | INFO | SIGNAL_GENERATED | BTCUSDT | SHORT | price_touch | entry_price=68380.10 | level_source=vp_poc | level_price=68647.23 | active_levels=3
2026-02-16 23:08:18 | INFO | SIGNAL_BLOCKED | BTCUSDT | SHORT | EXISTING_TRADE | open_trades=1 same_dir=1
2026-02-16 23:08:18 | INFO | SUMMARY | BTCUSDT | #43 | niveles_activos=3 | open_trades=1 | signals=43 | filtered=0 | alerts_sent=1 | cooldown_blocked=30
2026-02-16 23:09:16 | INFO | CANDLE_CLOSE | BTCUSDT | #44 | 23:08:00 | O=68380.10 H=68427.80 L=68350.00 C=68422.00 V=29
2026-02-16 23:09:18 | INFO | TRADE_MONITOR | BTCUSDT | SHORT | OPEN | entry=68619.80 sl=68825.71 tp=67796.16 | close=68422.00 partial_pnl_r=0.96 | sl_dist=403.71 tp_dist=625.84
2026-02-16 23:09:18 | INFO | EVAL_ENTRY | BTCUSDT | idx=2043 | NO_SIGNAL | signal_type=price_touch | active_levels=3 | close=68422.00
2026-02-16 23:09:18 | INFO | SUMMARY | BTCUSDT | #44 | niveles_activos=3 | open_trades=1 | signals=43 | filtered=0 | alerts_sent=1 | cooldown_blocked=30
2026-02-16 23:10:18 | INFO | CANDLE_CLOSE | BTCUSDT | #45 | 23:09:00 | O=68422.00 H=68471.50 L=68422.00 C=68466.20 V=14
2026-02-16 23:10:20 | INFO | TRADE_MONITOR | BTCUSDT | SHORT | OPEN | entry=68619.80 sl=68825.71 tp=67796.16 | close=68466.20 partial_pnl_r=0.75 | sl_dist=359.51 tp_dist=670.04
2026-02-16 23:10:20 | INFO | SIGNAL_GENERATED | BTCUSDT | SHORT | price_touch | entry_price=68466.20 | level_source=vp_poc | level_price=68647.23 | active_levels=3
2026-02-16 23:10:20 | INFO | SIGNAL_BLOCKED | BTCUSDT | SHORT | EXISTING_TRADE | open_trades=1 same_dir=1
2026-02-16 23:10:20 | INFO | SUMMARY | BTCUSDT | #45 | niveles_activos=3 | open_trades=1 | signals=44 | filtered=0 | alerts_sent=1 | cooldown_blocked=30
2026-02-16 23:11:16 | INFO | CANDLE_CLOSE | BTCUSDT | #46 | 23:10:00 | O=68466.20 H=68545.70 L=68466.10 C=68531.30 V=33
2026-02-16 23:11:18 | INFO | TRADE_MONITOR | BTCUSDT | SHORT | OPEN | entry=68619.80 sl=68825.71 tp=67796.16 | close=68531.30 partial_pnl_r=0.43 | sl_dist=294.41 tp_dist=735.14
2026-02-16 23:11:18 | INFO | SIGNAL_GENERATED | BTCUSDT | SHORT | price_touch | entry_price=68531.30 | level_source=vp_poc | level_price=68647.23 | active_levels=3
2026-02-16 23:11:18 | INFO | SIGNAL_BLOCKED | BTCUSDT | SHORT | EXISTING_TRADE | open_trades=1 same_dir=1
2026-02-16 23:11:18 | INFO | SUMMARY | BTCUSDT | #46 | niveles_activos=3 | open_trades=1 | signals=45 | filtered=0 | alerts_sent=1 | cooldown_blocked=30
2026-02-16 23:12:16 | INFO | CANDLE_CLOSE | BTCUSDT | #47 | 23:11:00 | O=68531.30 H=68575.50 L=68529.30 C=68569.70 V=21
2026-02-16 23:12:18 | INFO | TRADE_MONITOR | BTCUSDT | SHORT | OPEN | entry=68619.80 sl=68825.71 tp=67796.16 | close=68569.70 partial_pnl_r=0.24 | sl_dist=256.01 tp_dist=773.54
2026-02-16 23:12:18 | INFO | SIGNAL_GENERATED | BTCUSDT | SHORT | price_touch | entry_price=68569.70 | level_source=vp_poc | level_price=68647.23 | active_levels=3
2026-02-16 23:12:18 | INFO | SIGNAL_BLOCKED | BTCUSDT | SHORT | EXISTING_TRADE | open_trades=1 same_dir=1
2026-02-16 23:12:18 | INFO | SUMMARY | BTCUSDT | #47 | niveles_activos=3 | open_trades=1 | signals=46 | filtered=0 | alerts_sent=1 | cooldown_blocked=30
2026-02-16 23:13:09 | INFO | CANDLE_CLOSE | BTCUSDT | #48 | 23:12:00 | O=68569.70 H=68595.20 L=68551.60 C=68593.00 V=8
2026-02-16 23:13:10 | INFO | TRADE_MONITOR | BTCUSDT | SHORT | OPEN | entry=68619.80 sl=68825.71 tp=67796.16 | close=68593.00 partial_pnl_r=0.13 | sl_dist=232.71 tp_dist=796.84
2026-02-16 23:13:10 | INFO | SIGNAL_GENERATED | BTCUSDT | SHORT | price_touch | entry_price=68593.00 | level_source=vp_poc | level_price=68647.23 | active_levels=3
2026-02-16 23:13:10 | INFO | SIGNAL_BLOCKED | BTCUSDT | SHORT | EXISTING_TRADE | open_trades=1 same_dir=1
2026-02-16 23:13:10 | INFO | SUMMARY | BTCUSDT | #48 | niveles_activos=3 | open_trades=1 | signals=47 | filtered=0 | alerts_sent=1 | cooldown_blocked=30
2026-02-16 23:14:07 | INFO | CANDLE_CLOSE | BTCUSDT | #49 | 23:13:00 | O=68593.00 H=68594.80 L=68541.30 C=68546.60 V=15
2026-02-16 23:14:08 | INFO | TRADE_MONITOR | BTCUSDT | SHORT | OPEN | entry=68619.80 sl=68825.71 tp=67796.16 | close=68546.60 partial_pnl_r=0.36 | sl_dist=279.11 tp_dist=750.44
2026-02-16 23:14:08 | INFO | SIGNAL_GENERATED | BTCUSDT | SHORT | price_touch | entry_price=68546.60 | level_source=vp_poc | level_price=68647.23 | active_levels=3
2026-02-16 23:14:08 | INFO | SIGNAL_BLOCKED | BTCUSDT | SHORT | EXISTING_TRADE | open_trades=1 same_dir=1
2026-02-16 23:14:08 | INFO | SUMMARY | BTCUSDT | #49 | niveles_activos=3 | open_trades=1 | signals=48 | filtered=0 | alerts_sent=1 | cooldown_blocked=30
2026-02-16 23:15:07 | INFO | CANDLE_CLOSE | BTCUSDT | #50 | 23:14:00 | O=68546.60 H=68563.80 L=68546.60 C=68552.00 V=8
2026-02-16 23:15:08 | INFO | TRADE_MONITOR | BTCUSDT | SHORT | OPEN | entry=68619.80 sl=68825.71 tp=67796.16 | close=68552.00 partial_pnl_r=0.33 | sl_dist=273.71 tp_dist=755.84
2026-02-16 23:15:08 | INFO | SIGNAL_GENERATED | BTCUSDT | SHORT | price_touch | entry_price=68552.00 | level_source=vp_poc | level_price=68647.23 | active_levels=3
2026-02-16 23:15:08 | INFO | SIGNAL_BLOCKED | BTCUSDT | SHORT | EXISTING_TRADE | open_trades=1 same_dir=1
2026-02-16 23:15:08 | INFO | SUMMARY | BTCUSDT | #50 | niveles_activos=3 | open_trades=1 | signals=49 | filtered=0 | alerts_sent=1 | cooldown_blocked=30
2026-02-16 23:17:39 | INFO | CANDLE_CLOSE | BTCUSDT | #51 | 23:15:00 | O=68552.00 H=68561.70 L=68466.80 C=68485.80 V=18
2026-02-16 23:17:40 | INFO | TRADE_MONITOR | BTCUSDT | SHORT | OPEN | entry=68619.80 sl=68825.71 tp=67796.16 | close=68485.80 partial_pnl_r=0.65 | sl_dist=339.91 tp_dist=689.64
2026-02-16 23:17:40 | INFO | SIGNAL_GENERATED | BTCUSDT | SHORT | price_touch | entry_price=68485.80 | level_source=vp_poc | level_price=68647.23 | active_levels=3
2026-02-16 23:17:40 | INFO | SIGNAL_BLOCKED | BTCUSDT | SHORT | EXISTING_TRADE | open_trades=1 same_dir=1
2026-02-16 23:17:40 | INFO | SUMMARY | BTCUSDT | #51 | niveles_activos=3 | open_trades=1 | signals=50 | filtered=0 | alerts_sent=1 | cooldown_blocked=30
2026-02-16 23:18:42 | INFO | ================================================================================
2026-02-16 23:18:42 | INFO | SERVICE_STARTED | symbols=['BTCUSDT'] | interval=1
2026-02-16 23:18:42 | INFO | STRATEGY | name=Sin nombre
2026-02-16 23:18:42 | INFO | ENTRY | signal_type=price_touch
2026-02-16 23:18:42 | INFO | LEVELS | sources=['vp_periodic']
2026-02-16 23:18:42 | INFO | FILTERS | context=['vwap_position', 'dtb_bias']
2026-02-16 23:18:42 | INFO | EXIT_RULES | rules=[]
2026-02-16 23:18:42 | INFO | RISK | sl_method=below_level tp_method=rr_fixed max_trades_per_seg=1 trailing=False
2026-02-16 23:18:42 | INFO | ALERTS | enabled=True target=http://localhost:5000/api/watchlist-alert cooldown=30min
2026-02-16 23:18:42 | INFO | ================================================================================
2026-02-16 23:20:00 | INFO | CANDLE_CLOSE | BTCUSDT | #1 | 23:19:00 | O=68506.20 H=68544.70 L=68505.10 C=68544.60 V=11
2026-02-16 23:20:01 | INFO | SIGNAL_GENERATED | BTCUSDT | SHORT | price_touch | entry_price=68544.60 | level_source=vp_vah | level_price=68663.69 | active_levels=6
2026-02-16 23:20:01 | INFO | SIGNAL_PASSED_ALL_FILTERS | BTCUSDT | SHORT | entry=68544.60 | computing SL/TP...
2026-02-16 23:20:01 | INFO | SIGNAL_SL_TP_COMPUTED | BTCUSDT | SHORT | entry=68544.60 sl=68842.21 tp=67354.15 | risk=297.61 reward=1190.45 | RR=4.00
2026-02-16 23:20:01 | INFO | >>> TRADE_OPENED | BTCUSDT | SHORT | price_touch | entry=68544.60 sl=68842.21 tp=67354.15 | level_src=vp_vah level_price=68663.69 | candle_time=2026-02-16 23:19:00 | cooldown_until=23:50:01 | total_trades_opened=1
2026-02-16 23:20:01 | INFO | SENDING_ALERT | BTCUSDT | SHORT | target=http://localhost:5000/api/watchlist-alert
2026-02-16 23:20:01 | INFO | ALERT_HTTP_REQUEST | BTCUSDT | SHORT | url=http://localhost:5000/api/watchlist-alert | payload={"source": "STRATEGY_BUILDER", "symbol": "BTCUSDT", "interval": "1", "pattern": {"patternType": "SB_PRICE_TOUCH", "price": 68544.6, "confidence": 75, "direction": "SHORT"}, "sl_distance": 297.61, "tp_distance": 1190.45}
2026-02-16 23:20:03 | INFO | ALERT_REJECTED_BY_BOT | BTCUSDT | SHORT | reason=Position already exists for BTCUSDT Sell | response={"success": false, "message": "Position already exists for BTCUSDT Sell", "symbol": "BTCUSDT", "skipped": true}
2026-02-16 23:20:03 | INFO | ALERT_RESULT | BTCUSDT | SHORT | sent=FAILED | alerts_sent_total=0
2026-02-16 23:20:03 | INFO | SUMMARY | BTCUSDT | #1 | niveles_activos=6 | open_trades=1 | signals=1 | filtered=0 | alerts_sent=0 | cooldown_blocked=0
2026-02-16 23:21:00 | INFO | CANDLE_CLOSE | BTCUSDT | #2 | 23:20:00 | O=68544.60 H=68645.30 L=68544.60 C=68634.30 V=39
2026-02-16 23:21:01 | INFO | TRADE_MONITOR | BTCUSDT | SHORT | OPEN | entry=68544.60 sl=68842.21 tp=67354.15 | close=68634.30 partial_pnl_r=-0.3 | sl_dist=207.91 tp_dist=1280.15
2026-02-16 23:21:01 | INFO | SIGNAL_GENERATED | BTCUSDT | SHORT | price_touch | entry_price=68634.30 | level_source=vp_vah | level_price=68663.69 | active_levels=3
2026-02-16 23:21:01 | INFO | BLOCKED_COOLDOWN | BTCUSDT | SHORT | remaining=1740s
2026-02-16 23:21:01 | INFO | SUMMARY | BTCUSDT | #2 | niveles_activos=3 | open_trades=1 | signals=2 | filtered=0 | alerts_sent=0 | cooldown_blocked=1
2026-02-16 23:22:00 | INFO | CANDLE_CLOSE | BTCUSDT | #3 | 23:21:00 | O=68634.30 H=68641.40 L=68597.50 C=68618.50 V=20
2026-02-16 23:22:01 | INFO | TRADE_MONITOR | BTCUSDT | SHORT | OPEN | entry=68544.60 sl=68842.21 tp=67354.15 | close=68618.50 partial_pnl_r=-0.25 | sl_dist=223.71 tp_dist=1264.35
2026-02-16 23:22:01 | INFO | SIGNAL_GENERATED | BTCUSDT | SHORT | price_touch | entry_price=68618.50 | level_source=vp_vah | level_price=68663.69 | active_levels=3
2026-02-16 23:22:01 | INFO | BLOCKED_COOLDOWN | BTCUSDT | SHORT | remaining=1680s
2026-02-16 23:22:01 | INFO | SUMMARY | BTCUSDT | #3 | niveles_activos=3 | open_trades=1 | signals=3 | filtered=0 | alerts_sent=0 | cooldown_blocked=2
2026-02-16 23:23:01 | INFO | CANDLE_CLOSE | BTCUSDT | #4 | 23:22:00 | O=68618.50 H=68623.30 L=68602.00 C=68620.10 V=8
2026-02-16 23:23:02 | INFO | TRADE_MONITOR | BTCUSDT | SHORT | OPEN | entry=68544.60 sl=68842.21 tp=67354.15 | close=68620.10 partial_pnl_r=-0.25 | sl_dist=222.11 tp_dist=1265.95
2026-02-16 23:23:02 | INFO | SIGNAL_GENERATED | BTCUSDT | SHORT | price_touch | entry_price=68620.10 | level_source=vp_vah | level_price=68663.69 | active_levels=3
2026-02-16 23:23:02 | INFO | BLOCKED_COOLDOWN | BTCUSDT | SHORT | remaining=1619s
2026-02-16 23:23:02 | INFO | SUMMARY | BTCUSDT | #4 | niveles_activos=3 | open_trades=1 | signals=4 | filtered=0 | alerts_sent=0 | cooldown_blocked=3
2026-02-16 23:24:00 | INFO | CANDLE_CLOSE | BTCUSDT | #5 | 23:23:00 | O=68620.10 H=68657.80 L=68612.70 C=68631.70 V=22
2026-02-16 23:24:01 | INFO | TRADE_MONITOR | BTCUSDT | SHORT | OPEN | entry=68544.60 sl=68842.21 tp=67354.15 | close=68631.70 partial_pnl_r=-0.29 | sl_dist=210.51 tp_dist=1277.55
2026-02-16 23:24:01 | INFO | SIGNAL_GENERATED | BTCUSDT | SHORT | price_touch | entry_price=68631.70 | level_source=vp_vah | level_price=68663.69 | active_levels=3
2026-02-16 23:24:01 | INFO | BLOCKED_COOLDOWN | BTCUSDT | SHORT | remaining=1559s
2026-02-16 23:24:01 | INFO | SUMMARY | BTCUSDT | #5 | niveles_activos=3 | open_trades=1 | signals=5 | filtered=0 | alerts_sent=0 | cooldown_blocked=4
2026-02-16 23:25:00 | INFO | CANDLE_CLOSE | BTCUSDT | #6 | 23:24:00 | O=68631.70 H=68677.70 L=68618.30 C=68648.20 V=25
2026-02-16 23:25:01 | INFO | TRADE_MONITOR | BTCUSDT | SHORT | OPEN | entry=68544.60 sl=68842.21 tp=67354.15 | close=68648.20 partial_pnl_r=-0.35 | sl_dist=194.01 tp_dist=1294.05
2026-02-16 23:25:01 | INFO | SIGNAL_GENERATED | BTCUSDT | SHORT | price_touch | entry_price=68648.20 | level_source=vp_vah | level_price=68663.69 | active_levels=3
2026-02-16 23:25:01 | INFO | BLOCKED_COOLDOWN | BTCUSDT | SHORT | remaining=1499s
2026-02-16 23:25:01 | INFO | SUMMARY | BTCUSDT | #6 | niveles_activos=3 | open_trades=1 | signals=6 | filtered=0 | alerts_sent=0 | cooldown_blocked=5
2026-02-16 23:30:21 | INFO | CANDLE_CLOSE | BTCUSDT | #7 | 23:25:00 | O=68648.20 H=68648.20 L=68591.60 C=68591.60 V=16
2026-02-16 23:30:22 | INFO | TRADE_MONITOR | BTCUSDT | SHORT | OPEN | entry=68544.60 sl=68842.21 tp=67354.15 | close=68591.60 partial_pnl_r=-0.16 | sl_dist=250.61 tp_dist=1237.45
2026-02-16 23:30:22 | INFO | SIGNAL_GENERATED | BTCUSDT | SHORT | price_touch | entry_price=68591.60 | level_source=vp_vah | level_price=68663.69 | active_levels=3
2026-02-16 23:30:22 | INFO | BLOCKED_COOLDOWN | BTCUSDT | SHORT | remaining=1178s
2026-02-16 23:30:22 | INFO | SUMMARY | BTCUSDT | #7 | niveles_activos=3 | open_trades=1 | signals=7 | filtered=0 | alerts_sent=0 | cooldown_blocked=6
2026-02-16 23:32:51 | INFO | CANDLE_CLOSE | BTCUSDT | #8 | 23:26:00 | O=68591.60 H=68606.00 L=68567.00 C=68571.30 V=7
2026-02-16 23:32:52 | INFO | TRADE_MONITOR | BTCUSDT | SHORT | OPEN | entry=68544.60 sl=68842.21 tp=67354.15 | close=68571.30 partial_pnl_r=-0.09 | sl_dist=270.91 tp_dist=1217.15
2026-02-16 23:32:52 | INFO | SIGNAL_GENERATED | BTCUSDT | SHORT | price_touch | entry_price=68571.30 | level_source=vp_vah | level_price=68663.69 | active_levels=3
2026-02-16 23:32:52 | INFO | BLOCKED_COOLDOWN | BTCUSDT | SHORT | remaining=1028s
2026-02-16 23:32:52 | INFO | SUMMARY | BTCUSDT | #8 | niveles_activos=3 | open_trades=1 | signals=8 | filtered=0 | alerts_sent=0 | cooldown_blocked=7
2026-02-16 23:35:25 | INFO | CANDLE_CLOSE | BTCUSDT | #9 | 23:27:00 | O=68571.30 H=68572.50 L=68560.00 C=68569.20 V=5
2026-02-16 23:35:26 | INFO | TRADE_MONITOR | BTCUSDT | SHORT | OPEN | entry=68544.60 sl=68842.21 tp=67354.15 | close=68569.20 partial_pnl_r=-0.08 | sl_dist=273.01 tp_dist=1215.05
2026-02-16 23:35:26 | INFO | SIGNAL_GENERATED | BTCUSDT | SHORT | price_touch | entry_price=68569.20 | level_source=vp_vah | level_price=68663.69 | active_levels=3
2026-02-16 23:35:26 | INFO | BLOCKED_COOLDOWN | BTCUSDT | SHORT | remaining=874s
2026-02-16 23:35:26 | INFO | SUMMARY | BTCUSDT | #9 | niveles_activos=3 | open_trades=1 | signals=9 | filtered=0 | alerts_sent=0 | cooldown_blocked=8
2026-02-16 23:37:48 | INFO | CANDLE_CLOSE | BTCUSDT | #10 | 23:28:00 | O=68569.20 H=68577.20 L=68562.40 C=68569.40 V=4
2026-02-16 23:37:48 | INFO | TRADE_MONITOR | BTCUSDT | SHORT | OPEN | entry=68544.60 sl=68842.21 tp=67354.15 | close=68569.40 partial_pnl_r=-0.08 | sl_dist=272.81 tp_dist=1215.25
2026-02-16 23:37:48 | INFO | SIGNAL_GENERATED | BTCUSDT | SHORT | price_touch | entry_price=68569.40 | level_source=vp_vah | level_price=68663.69 | active_levels=3
2026-02-16 23:37:48 | INFO | BLOCKED_COOLDOWN | BTCUSDT | SHORT | remaining=732s
2026-02-16 23:37:48 | INFO | SUMMARY | BTCUSDT | #10 | niveles_activos=3 | open_trades=1 | signals=10 | filtered=0 | alerts_sent=0 | cooldown_blocked=9
2026-02-16 23:40:05 | INFO | CANDLE_CLOSE | BTCUSDT | #11 | 23:29:00 | O=68569.40 H=68580.70 L=68569.30 C=68570.00 V=6
2026-02-16 23:40:06 | INFO | TRADE_MONITOR | BTCUSDT | SHORT | OPEN | entry=68544.60 sl=68842.21 tp=67354.15 | close=68570.00 partial_pnl_r=-0.09 | sl_dist=272.21 tp_dist=1215.85
2026-02-16 23:40:06 | INFO | SIGNAL_GENERATED | BTCUSDT | SHORT | price_touch | entry_price=68570.00 | level_source=vp_vah | level_price=68663.69 | active_levels=3
2026-02-16 23:40:06 | INFO | BLOCKED_COOLDOWN | BTCUSDT | SHORT | remaining=594s
2026-02-16 23:40:06 | INFO | SUMMARY | BTCUSDT | #11 | niveles_activos=3 | open_trades=1 | signals=11 | filtered=0 | alerts_sent=0 | cooldown_blocked=10
2026-02-16 23:42:24 | INFO | CANDLE_CLOSE | BTCUSDT | #12 | 23:30:00 | O=68570.00 H=68570.10 L=68481.20 C=68481.20 V=12
2026-02-16 23:42:25 | INFO | TRADE_MONITOR | BTCUSDT | SHORT | OPEN | entry=68544.60 sl=68842.21 tp=67354.15 | close=68481.20 partial_pnl_r=0.21 | sl_dist=361.01 tp_dist=1127.05
2026-02-16 23:42:25 | INFO | SIGNAL_GENERATED | BTCUSDT | SHORT | price_touch | entry_price=68481.20 | level_source=vp_poc | level_price=68518.46 | active_levels=3
2026-02-16 23:42:25 | INFO | BLOCKED_COOLDOWN | BTCUSDT | SHORT | remaining=455s
2026-02-16 23:42:25 | INFO | SUMMARY | BTCUSDT | #12 | niveles_activos=3 | open_trades=1 | signals=12 | filtered=0 | alerts_sent=0 | cooldown_blocked=11
2026-02-16 23:49:48 | INFO | CANDLE_CLOSE | BTCUSDT | #13 | 23:47:00 | O=68394.00 H=68454.30 L=68394.00 C=68450.90 V=18
2026-02-16 23:49:49 | INFO | TRADE_MONITOR | BTCUSDT | SHORT | OPEN | entry=68544.60 sl=68842.21 tp=67354.15 | close=68450.90 partial_pnl_r=0.31 | sl_dist=391.31 tp_dist=1096.75
2026-02-16 23:49:49 | INFO | SIGNAL_GENERATED | BTCUSDT | SHORT | price_touch | entry_price=68450.90 | level_source=vp_poc | level_price=68518.46 | active_levels=3
2026-02-16 23:49:49 | INFO | BLOCKED_COOLDOWN | BTCUSDT | SHORT | remaining=12s
2026-02-16 23:49:49 | INFO | SUMMARY | BTCUSDT | #13 | niveles_activos=3 | open_trades=1 | signals=13 | filtered=0 | alerts_sent=0 | cooldown_blocked=12
2026-02-16 23:51:39 | INFO | CANDLE_CLOSE | BTCUSDT | #14 | 23:48:00 | O=68450.90 H=68472.30 L=68436.70 C=68446.00 V=28
2026-02-16 23:51:40 | INFO | TRADE_MONITOR | BTCUSDT | SHORT | OPEN | entry=68544.60 sl=68842.21 tp=67354.15 | close=68446.00 partial_pnl_r=0.33 | sl_dist=396.21 tp_dist=1091.85
2026-02-16 23:51:40 | INFO | SIGNAL_GENERATED | BTCUSDT | SHORT | price_touch | entry_price=68446.00 | level_source=vp_poc | level_price=68518.46 | active_levels=3
2026-02-16 23:51:40 | INFO | SIGNAL_BLOCKED | BTCUSDT | SHORT | EXISTING_TRADE | open_trades=1 same_dir=1
2026-02-16 23:51:40 | INFO | SUMMARY | BTCUSDT | #14 | niveles_activos=3 | open_trades=1 | signals=14 | filtered=0 | alerts_sent=0 | cooldown_blocked=12
2026-02-16 23:53:13 | INFO | CANDLE_CLOSE | BTCUSDT | #15 | 23:49:00 | O=68446.00 H=68460.80 L=68432.40 C=68435.30 V=7
2026-02-16 23:53:14 | INFO | TRADE_MONITOR | BTCUSDT | SHORT | OPEN | entry=68544.60 sl=68842.21 tp=67354.15 | close=68435.30 partial_pnl_r=0.37 | sl_dist=406.91 tp_dist=1081.15
2026-02-16 23:53:14 | INFO | SIGNAL_GENERATED | BTCUSDT | SHORT | price_touch | entry_price=68435.30 | level_source=vp_poc | level_price=68518.46 | active_levels=3
2026-02-16 23:53:14 | INFO | SIGNAL_BLOCKED | BTCUSDT | SHORT | EXISTING_TRADE | open_trades=1 same_dir=1
2026-02-16 23:53:14 | INFO | SUMMARY | BTCUSDT | #15 | niveles_activos=3 | open_trades=1 | signals=15 | filtered=0 | alerts_sent=0 | cooldown_blocked=12
2026-02-16 23:54:37 | INFO | CANDLE_CLOSE | BTCUSDT | #16 | 23:50:00 | O=68435.30 H=68443.50 L=68407.10 C=68410.50 V=7
2026-02-16 23:54:38 | INFO | TRADE_MONITOR | BTCUSDT | SHORT | OPEN | entry=68544.60 sl=68842.21 tp=67354.15 | close=68410.50 partial_pnl_r=0.45 | sl_dist=431.71 tp_dist=1056.35
2026-02-16 23:54:38 | INFO | SIGNAL_GENERATED | BTCUSDT | SHORT | price_touch | entry_price=68410.50 | level_source=vp_poc | level_price=68518.46 | active_levels=3
2026-02-16 23:54:38 | INFO | SIGNAL_BLOCKED | BTCUSDT | SHORT | EXISTING_TRADE | open_trades=1 same_dir=1
2026-02-16 23:54:38 | INFO | SUMMARY | BTCUSDT | #16 | niveles_activos=3 | open_trades=1 | signals=16 | filtered=0 | alerts_sent=0 | cooldown_blocked=12
2026-02-16 23:56:00 | INFO | CANDLE_CLOSE | BTCUSDT | #17 | 23:51:00 | O=68410.50 H=68416.80 L=68387.50 C=68387.50 V=17
2026-02-16 23:56:01 | INFO | TRADE_MONITOR | BTCUSDT | SHORT | OPEN | entry=68544.60 sl=68842.21 tp=67354.15 | close=68387.50 partial_pnl_r=0.53 | sl_dist=454.71 tp_dist=1033.35
2026-02-16 23:56:01 | INFO | SIGNAL_GENERATED | BTCUSDT | SHORT | price_touch | entry_price=68387.50 | level_source=vp_poc | level_price=68518.46 | active_levels=3
2026-02-16 23:56:01 | INFO | SIGNAL_BLOCKED | BTCUSDT | SHORT | EXISTING_TRADE | open_trades=1 same_dir=1
2026-02-16 23:56:01 | INFO | SUMMARY | BTCUSDT | #17 | niveles_activos=3 | open_trades=1 | signals=17 | filtered=0 | alerts_sent=0 | cooldown_blocked=12
2026-02-16 23:57:30 | INFO | CANDLE_CLOSE | BTCUSDT | #18 | 23:52:00 | O=68387.50 H=68433.50 L=68387.50 C=68393.50 V=16
2026-02-16 23:57:31 | INFO | TRADE_MONITOR | BTCUSDT | SHORT | OPEN | entry=68544.60 sl=68842.21 tp=67354.15 | close=68393.50 partial_pnl_r=0.51 | sl_dist=448.71 tp_dist=1039.35
2026-02-16 23:57:31 | INFO | SIGNAL_GENERATED | BTCUSDT | SHORT | price_touch | entry_price=68393.50 | level_source=vp_poc | level_price=68518.46 | active_levels=3
2026-02-16 23:57:31 | INFO | SIGNAL_BLOCKED | BTCUSDT | SHORT | EXISTING_TRADE | open_trades=1 same_dir=1
2026-02-16 23:57:31 | INFO | SUMMARY | BTCUSDT | #18 | niveles_activos=3 | open_trades=1 | signals=18 | filtered=0 | alerts_sent=0 | cooldown_blocked=12
2026-02-16 23:59:00 | INFO | CANDLE_CLOSE | BTCUSDT | #19 | 23:53:00 | O=68393.50 H=68414.60 L=68393.50 C=68404.90 V=8
2026-02-16 23:59:01 | INFO | TRADE_MONITOR | BTCUSDT | SHORT | OPEN | entry=68544.60 sl=68842.21 tp=67354.15 | close=68404.90 partial_pnl_r=0.47 | sl_dist=437.31 tp_dist=1050.75
2026-02-16 23:59:01 | INFO | SIGNAL_GENERATED | BTCUSDT | SHORT | price_touch | entry_price=68404.90 | level_source=vp_poc | level_price=68518.46 | active_levels=3
2026-02-16 23:59:01 | INFO | SIGNAL_BLOCKED | BTCUSDT | SHORT | EXISTING_TRADE | open_trades=1 same_dir=1
2026-02-16 23:59:01 | INFO | SUMMARY | BTCUSDT | #19 | niveles_activos=3 | open_trades=1 | signals=19 | filtered=0 | alerts_sent=0 | cooldown_blocked=12
2026-02-17 00:00:31 | INFO | CANDLE_CLOSE | BTCUSDT | #20 | 23:54:00 | O=68404.90 H=68414.40 L=68385.90 C=68385.90 V=8
2026-02-17 00:00:32 | INFO | TRADE_MONITOR | BTCUSDT | SHORT | OPEN | entry=68544.60 sl=68842.21 tp=67354.15 | close=68385.90 partial_pnl_r=0.53 | sl_dist=456.31 tp_dist=1031.75
2026-02-17 00:00:32 | INFO | SIGNAL_GENERATED | BTCUSDT | SHORT | price_touch | entry_price=68385.90 | level_source=vp_poc | level_price=68518.46 | active_levels=3
2026-02-17 00:00:32 | INFO | SIGNAL_BLOCKED | BTCUSDT | SHORT | EXISTING_TRADE | open_trades=1 same_dir=1
2026-02-17 00:00:32 | INFO | SUMMARY | BTCUSDT | #20 | niveles_activos=3 | open_trades=1 | signals=20 | filtered=0 | alerts_sent=0 | cooldown_blocked=12
2026-02-17 00:01:43 | INFO | CANDLE_CLOSE | BTCUSDT | #21 | 23:55:00 | O=68385.90 H=68390.50 L=68360.00 C=68360.00 V=5
2026-02-17 00:01:44 | INFO | TRADE_MONITOR | BTCUSDT | SHORT | OPEN | entry=68544.60 sl=68842.21 tp=67354.15 | close=68360.00 partial_pnl_r=0.62 | sl_dist=482.21 tp_dist=1005.85
2026-02-17 00:01:44 | INFO | SIGNAL_GENERATED | BTCUSDT | SHORT | price_touch | entry_price=68360.00 | level_source=vp_poc | level_price=68518.46 | active_levels=3
2026-02-17 00:01:44 | INFO | SIGNAL_BLOCKED | BTCUSDT | SHORT | EXISTING_TRADE | open_trades=1 same_dir=1
2026-02-17 00:01:44 | INFO | SUMMARY | BTCUSDT | #21 | niveles_activos=3 | open_trades=1 | signals=21 | filtered=0 | alerts_sent=0 | cooldown_blocked=12
2026-02-17 00:01:56 | INFO | CANDLE_CLOSE | BTCUSDT | #22 | 23:56:00 | O=68360.00 H=68400.00 L=68352.90 C=68383.50 V=25
2026-02-17 00:01:57 | INFO | TRADE_MONITOR | BTCUSDT | SHORT | OPEN | entry=68544.60 sl=68842.21 tp=67354.15 | close=68383.50 partial_pnl_r=0.54 | sl_dist=458.71 tp_dist=1029.35
2026-02-17 00:01:57 | INFO | SIGNAL_GENERATED | BTCUSDT | SHORT | price_touch | entry_price=68383.50 | level_source=vp_poc | level_price=68518.46 | active_levels=3
2026-02-17 00:01:57 | INFO | SIGNAL_BLOCKED | BTCUSDT | SHORT | EXISTING_TRADE | open_trades=1 same_dir=1
2026-02-17 00:01:57 | INFO | SUMMARY | BTCUSDT | #22 | niveles_activos=3 | open_trades=1 | signals=22 | filtered=0 | alerts_sent=0 | cooldown_blocked=12
2026-02-17 00:19:13 | INFO | ================================================================================
2026-02-17 00:19:13 | INFO | SERVICE_STARTED | symbols=['BTCUSDT'] | interval=1
2026-02-17 00:19:13 | INFO | STRATEGY | name=Sin nombre
2026-02-17 00:19:13 | INFO | ENTRY | signal_type=price_touch
2026-02-17 00:19:13 | INFO | LEVELS | sources=['vp_periodic']
2026-02-17 00:19:13 | INFO | FILTERS | context=['vwap_position', 'dtb_bias']
2026-02-17 00:19:13 | INFO | EXIT_RULES | rules=[]
2026-02-17 00:19:13 | INFO | RISK | sl_method=below_level tp_method=rr_fixed max_trades_per_seg=1 trailing=False
2026-02-17 00:19:13 | INFO | ALERTS | enabled=True target=http://localhost:5000/api/watchlist-alert cooldown=30min
2026-02-17 00:19:13 | INFO | ================================================================================
2026-02-17 00:21:00 | INFO | CANDLE_CLOSE | BTCUSDT | #1 | 00:20:00 | O=68168.00 H=68177.90 L=68100.00 C=68137.30 V=99
2026-02-17 00:21:01 | INFO | EVAL_ENTRY | BTCUSDT | idx=2000 | NO_SIGNAL | signal_type=price_touch | active_levels=6 | close=68137.30
2026-02-17 00:21:01 | INFO | SUMMARY | BTCUSDT | #1 | niveles_activos=6 | open_trades=0 | signals=0 | filtered=0 | alerts_sent=0 | cooldown_blocked=0
2026-02-17 00:22:00 | INFO | CANDLE_CLOSE | BTCUSDT | #2 | 00:21:00 | O=68137.30 H=68183.50 L=68120.00 C=68158.20 V=36
2026-02-17 00:22:01 | INFO | EVAL_ENTRY | BTCUSDT | idx=2001 | NO_SIGNAL | signal_type=price_touch | active_levels=3 | close=68158.20
2026-02-17 00:22:01 | INFO | SUMMARY | BTCUSDT | #2 | niveles_activos=3 | open_trades=0 | signals=0 | filtered=0 | alerts_sent=0 | cooldown_blocked=0
2026-02-17 00:23:00 | INFO | CANDLE_CLOSE | BTCUSDT | #3 | 00:22:00 | O=68158.20 H=68179.20 L=68142.00 C=68179.20 V=52
2026-02-17 00:23:01 | INFO | EVAL_ENTRY | BTCUSDT | idx=2002 | NO_SIGNAL | signal_type=price_touch | active_levels=3 | close=68179.20
2026-02-17 00:23:01 | INFO | SUMMARY | BTCUSDT | #3 | niveles_activos=3 | open_trades=0 | signals=0 | filtered=0 | alerts_sent=0 | cooldown_blocked=0
2026-02-17 00:24:00 | INFO | CANDLE_CLOSE | BTCUSDT | #4 | 00:23:00 | O=68179.20 H=68179.20 L=67890.00 C=67929.00 V=502
2026-02-17 00:24:01 | INFO | EVAL_ENTRY | BTCUSDT | idx=2003 | NO_SIGNAL | signal_type=price_touch | active_levels=3 | close=67929.00
2026-02-17 00:24:01 | INFO | SUMMARY | BTCUSDT | #4 | niveles_activos=3 | open_trades=0 | signals=0 | filtered=0 | alerts_sent=0 | cooldown_blocked=0
2026-02-17 00:25:00 | INFO | CANDLE_CLOSE | BTCUSDT | #5 | 00:24:00 | O=67929.00 H=67991.90 L=67929.00 C=67988.70 V=71
2026-02-17 00:25:01 | INFO | EVAL_ENTRY | BTCUSDT | idx=2004 | NO_SIGNAL | signal_type=price_touch | active_levels=3 | close=67988.70
2026-02-17 00:25:01 | INFO | SUMMARY | BTCUSDT | #5 | niveles_activos=3 | open_trades=0 | signals=0 | filtered=0 | alerts_sent=0 | cooldown_blocked=0
2026-02-17 00:30:25 | INFO | CANDLE_CLOSE | BTCUSDT | #6 | 00:25:00 | O=67988.70 H=67988.80 L=67954.00 C=67973.40 V=28
2026-02-17 00:30:26 | INFO | EVAL_ENTRY | BTCUSDT | idx=2005 | NO_SIGNAL | signal_type=price_touch | active_levels=3 | close=67973.40
2026-02-17 00:30:26 | INFO | SUMMARY | BTCUSDT | #6 | niveles_activos=3 | open_trades=0 | signals=0 | filtered=0 | alerts_sent=0 | cooldown_blocked=0
2026-02-17 00:32:48 | INFO | CANDLE_CLOSE | BTCUSDT | #7 | 00:26:00 | O=67973.40 H=68025.80 L=67973.40 C=68004.00 V=42
2026-02-17 00:32:49 | INFO | EVAL_ENTRY | BTCUSDT | idx=2006 | NO_SIGNAL | signal_type=price_touch | active_levels=3 | close=68004.00
2026-02-17 00:32:49 | INFO | SUMMARY | BTCUSDT | #7 | niveles_activos=3 | open_trades=0 | signals=0 | filtered=0 | alerts_sent=0 | cooldown_blocked=0
2026-02-17 00:35:11 | INFO | CANDLE_CLOSE | BTCUSDT | #8 | 00:27:00 | O=68004.00 H=68051.90 L=68000.90 C=68046.30 V=21
2026-02-17 00:35:12 | INFO | EVAL_ENTRY | BTCUSDT | idx=2007 | NO_SIGNAL | signal_type=price_touch | active_levels=3 | close=68046.30
2026-02-17 00:35:12 | INFO | SUMMARY | BTCUSDT | #8 | niveles_activos=3 | open_trades=0 | signals=0 | filtered=0 | alerts_sent=0 | cooldown_blocked=0
2026-02-17 00:37:30 | INFO | CANDLE_CLOSE | BTCUSDT | #9 | 00:28:00 | O=68046.30 H=68088.00 L=68024.10 C=68027.10 V=46
2026-02-17 00:37:31 | INFO | EVAL_ENTRY | BTCUSDT | idx=2008 | NO_SIGNAL | signal_type=price_touch | active_levels=3 | close=68027.10
2026-02-17 00:37:31 | INFO | SUMMARY | BTCUSDT | #9 | niveles_activos=3 | open_trades=0 | signals=0 | filtered=0 | alerts_sent=0 | cooldown_blocked=0
2026-02-17 00:39:41 | INFO | CANDLE_CLOSE | BTCUSDT | #10 | 00:29:00 | O=68027.10 H=68042.80 L=68009.60 C=68017.70 V=19
2026-02-17 00:39:41 | INFO | EVAL_ENTRY | BTCUSDT | idx=2009 | NO_SIGNAL | signal_type=price_touch | active_levels=3 | close=68017.70
2026-02-17 00:39:41 | INFO | SUMMARY | BTCUSDT | #10 | niveles_activos=3 | open_trades=0 | signals=0 | filtered=0 | alerts_sent=0 | cooldown_blocked=0
2026-02-17 00:49:58 | INFO | CANDLE_CLOSE | BTCUSDT | #11 | 00:45:00 | O=68131.10 H=68158.40 L=68102.00 C=68109.00 V=32
2026-02-17 00:50:00 | INFO | EVAL_ENTRY | BTCUSDT | idx=2010 | NO_SIGNAL | signal_type=price_touch | active_levels=3 | close=68109.00
2026-02-17 00:50:00 | INFO | SUMMARY | BTCUSDT | #11 | niveles_activos=3 | open_trades=0 | signals=0 | filtered=0 | alerts_sent=0 | cooldown_blocked=0
2026-02-17 00:54:10 | INFO | CANDLE_CLOSE | BTCUSDT | #12 | 00:46:00 | O=68109.00 H=68128.00 L=68081.10 C=68110.70 V=33
2026-02-17 00:54:11 | INFO | EVAL_ENTRY | BTCUSDT | idx=2011 | NO_SIGNAL | signal_type=price_touch | active_levels=3 | close=68110.70
2026-02-17 00:54:11 | INFO | SUMMARY | BTCUSDT | #12 | niveles_activos=3 | open_trades=0 | signals=0 | filtered=0 | alerts_sent=0 | cooldown_blocked=0
2026-02-17 00:57:51 | INFO | CANDLE_CLOSE | BTCUSDT | #13 | 00:47:00 | O=68110.70 H=68120.00 L=68076.60 C=68119.90 V=18
2026-02-17 00:57:53 | INFO | EVAL_ENTRY | BTCUSDT | idx=2012 | NO_SIGNAL | signal_type=price_touch | active_levels=3 | close=68119.90
2026-02-17 00:57:53 | INFO | SUMMARY | BTCUSDT | #13 | niveles_activos=3 | open_trades=0 | signals=0 | filtered=0 | alerts_sent=0 | cooldown_blocked=0
2026-02-17 00:58:32 | INFO | CANDLE_CLOSE | BTCUSDT | #14 | 00:48:00 | O=68119.90 H=68193.10 L=68112.00 C=68174.00 V=25
2026-02-17 00:58:34 | INFO | SIGNAL_GENERATED | BTCUSDT | SHORT | price_touch | entry_price=68174.00 | level_source=vp_poc | level_price=68392.35 | active_levels=3
2026-02-17 00:58:34 | INFO | SIGNAL_PASSED_ALL_FILTERS | BTCUSDT | SHORT | entry=68174.00 | computing SL/TP...
2026-02-17 00:58:34 | INFO | SIGNAL_SL_TP_COMPUTED | BTCUSDT | SHORT | entry=68174.00 sl=68570.17 tp=66589.32 | risk=396.17 reward=1584.68 | RR=4.00
2026-02-17 00:58:34 | INFO | >>> TRADE_OPENED | BTCUSDT | SHORT | price_touch | entry=68174.00 sl=68570.17 tp=66589.32 | level_src=vp_poc level_price=68392.35 | candle_time=2026-02-17 00:48:00 | cooldown_until=01:28:34 | total_trades_opened=1
2026-02-17 00:58:34 | INFO | SENDING_ALERT | BTCUSDT | SHORT | target=http://localhost:5000/api/watchlist-alert
2026-02-17 00:58:34 | INFO | ALERT_HTTP_REQUEST | BTCUSDT | SHORT | url=http://localhost:5000/api/watchlist-alert | payload={"source": "STRATEGY_BUILDER", "symbol": "BTCUSDT", "interval": "1", "pattern": {"patternType": "SB_PRICE_TOUCH", "price": 68174.0, "confidence": 75, "direction": "SHORT"}, "sl_distance": 396.17, "tp_distance": 1584.68}
2026-02-17 00:58:46 | INFO | CANDLE_CLOSE | BTCUSDT | #15 | 00:49:00 | O=68174.00 H=68197.80 L=68165.90 C=68170.00 V=45
2026-02-17 00:58:48 | INFO | TRADE_MONITOR | BTCUSDT | SHORT | OPEN | entry=68174.00 sl=68570.17 tp=66589.32 | close=68170.00 partial_pnl_r=0.01 | sl_dist=400.17 tp_dist=1580.68
2026-02-17 00:58:48 | INFO | SIGNAL_GENERATED | BTCUSDT | SHORT | price_touch | entry_price=68170.00 | level_source=vp_poc | level_price=68392.35 | active_levels=3
2026-02-17 00:58:48 | INFO | BLOCKED_COOLDOWN | BTCUSDT | SHORT | remaining=1785s
2026-02-17 00:58:48 | INFO | SUMMARY | BTCUSDT | #15 | niveles_activos=3 | open_trades=1 | signals=2 | filtered=0 | alerts_sent=0 | cooldown_blocked=1
2026-02-17 00:59:15 | INFO | CANDLE_CLOSE | BTCUSDT | #16 | 00:50:00 | O=68170.00 H=68190.00 L=68145.00 C=68189.90 V=8
2026-02-17 00:59:17 | INFO | TRADE_MONITOR | BTCUSDT | SHORT | OPEN | entry=68174.00 sl=68570.17 tp=66589.32 | close=68189.90 partial_pnl_r=-0.04 | sl_dist=380.27 tp_dist=1600.58
2026-02-17 00:59:17 | INFO | SIGNAL_GENERATED | BTCUSDT | SHORT | price_touch | entry_price=68189.90 | level_source=vp_poc | level_price=68392.35 | active_levels=3
2026-02-17 00:59:17 | INFO | BLOCKED_COOLDOWN | BTCUSDT | SHORT | remaining=1756s
2026-02-17 00:59:17 | INFO | SUMMARY | BTCUSDT | #16 | niveles_activos=3 | open_trades=1 | signals=3 | filtered=0 | alerts_sent=0 | cooldown_blocked=2
2026-02-17 00:59:57 | ERROR | ALERT_TIMEOUT | BTCUSDT | SHORT | url=http://localhost:5000/api/watchlist-alert timeout=15s
2026-02-17 00:59:57 | INFO | ALERT_RESULT | BTCUSDT | SHORT | sent=FAILED | alerts_sent_total=0
2026-02-17 00:59:57 | INFO | SUMMARY | BTCUSDT | #14 | niveles_activos=3 | open_trades=1 | signals=3 | filtered=0 | alerts_sent=0 | cooldown_blocked=2
2026-02-17 01:00:08 | INFO | CANDLE_CLOSE | BTCUSDT | #17 | 00:59:00 | O=68188.00 H=68211.50 L=68180.90 C=68209.00 V=15
2026-02-17 01:00:09 | INFO | TRADE_MONITOR | BTCUSDT | SHORT | OPEN | entry=68174.00 sl=68570.17 tp=66589.32 | close=68209.00 partial_pnl_r=-0.09 | sl_dist=361.17 tp_dist=1619.68
2026-02-17 01:00:09 | INFO | SIGNAL_GENERATED | BTCUSDT | SHORT | price_touch | entry_price=68209.00 | level_source=vp_poc | level_price=68392.35 | active_levels=3
2026-02-17 01:00:09 | INFO | BLOCKED_COOLDOWN | BTCUSDT | SHORT | remaining=1705s
2026-02-17 01:00:09 | INFO | SUMMARY | BTCUSDT | #17 | niveles_activos=3 | open_trades=1 | signals=4 | filtered=0 | alerts_sent=0 | cooldown_blocked=3
2026-02-17 01:01:02 | INFO | CANDLE_CLOSE | BTCUSDT | #18 | 01:00:00 | O=68209.00 H=68245.00 L=68191.20 C=68222.60 V=46
2026-02-17 01:01:03 | INFO | TRADE_MONITOR | BTCUSDT | SHORT | OPEN | entry=68174.00 sl=68570.17 tp=66589.32 | close=68222.60 partial_pnl_r=-0.12 | sl_dist=347.57 tp_dist=1633.28
2026-02-17 01:01:03 | INFO | SIGNAL_GENERATED | BTCUSDT | SHORT | price_touch | entry_price=68222.60 | level_source=vp_poc | level_price=68392.35 | active_levels=3
2026-02-17 01:01:03 | INFO | BLOCKED_COOLDOWN | BTCUSDT | SHORT | remaining=1650s
2026-02-17 01:01:03 | INFO | SUMMARY | BTCUSDT | #18 | niveles_activos=3 | open_trades=1 | signals=5 | filtered=0 | alerts_sent=0 | cooldown_blocked=4
2026-02-17 01:02:02 | INFO | CANDLE_CLOSE | BTCUSDT | #19 | 01:01:00 | O=68222.60 H=68228.40 L=68201.80 C=68216.90 V=7
2026-02-17 01:02:03 | INFO | TRADE_MONITOR | BTCUSDT | SHORT | OPEN | entry=68174.00 sl=68570.17 tp=66589.32 | close=68216.90 partial_pnl_r=-0.11 | sl_dist=353.27 tp_dist=1627.58
2026-02-17 01:02:03 | INFO | SIGNAL_GENERATED | BTCUSDT | SHORT | price_touch | entry_price=68216.90 | level_source=vp_poc | level_price=68392.35 | active_levels=3
2026-02-17 01:02:03 | INFO | BLOCKED_COOLDOWN | BTCUSDT | SHORT | remaining=1590s
2026-02-17 01:02:03 | INFO | SUMMARY | BTCUSDT | #19 | niveles_activos=3 | open_trades=1 | signals=6 | filtered=0 | alerts_sent=0 | cooldown_blocked=5
2026-02-17 01:03:02 | INFO | CANDLE_CLOSE | BTCUSDT | #20 | 01:02:00 | O=68216.90 H=68250.00 L=68216.80 C=68237.60 V=19
2026-02-17 01:03:03 | INFO | TRADE_MONITOR | BTCUSDT | SHORT | OPEN | entry=68174.00 sl=68570.17 tp=66589.32 | close=68237.60 partial_pnl_r=-0.16 | sl_dist=332.57 tp_dist=1648.28
2026-02-17 01:03:03 | INFO | SIGNAL_GENERATED | BTCUSDT | SHORT | price_touch | entry_price=68237.60 | level_source=vp_poc | level_price=68392.35 | active_levels=3
2026-02-17 01:03:03 | INFO | BLOCKED_COOLDOWN | BTCUSDT | SHORT | remaining=1530s
2026-02-17 01:03:03 | INFO | SUMMARY | BTCUSDT | #20 | niveles_activos=3 | open_trades=1 | signals=7 | filtered=0 | alerts_sent=0 | cooldown_blocked=6
2026-02-17 01:04:02 | INFO | CANDLE_CLOSE | BTCUSDT | #21 | 01:03:00 | O=68237.60 H=68239.90 L=68219.20 C=68239.90 V=15
2026-02-17 01:04:03 | INFO | TRADE_MONITOR | BTCUSDT | SHORT | OPEN | entry=68174.00 sl=68570.17 tp=66589.32 | close=68239.90 partial_pnl_r=-0.17 | sl_dist=330.27 tp_dist=1650.58
2026-02-17 01:04:03 | INFO | SIGNAL_GENERATED | BTCUSDT | SHORT | price_touch | entry_price=68239.90 | level_source=vp_poc | level_price=68392.35 | active_levels=3
2026-02-17 01:04:03 | INFO | BLOCKED_COOLDOWN | BTCUSDT | SHORT | remaining=1470s
2026-02-17 01:04:03 | INFO | SUMMARY | BTCUSDT | #21 | niveles_activos=3 | open_trades=1 | signals=8 | filtered=0 | alerts_sent=0 | cooldown_blocked=7
2026-02-17 01:05:02 | INFO | CANDLE_CLOSE | BTCUSDT | #22 | 01:04:00 | O=68239.90 H=68242.70 L=68218.00 C=68224.10 V=11
2026-02-17 01:05:03 | INFO | TRADE_MONITOR | BTCUSDT | SHORT | OPEN | entry=68174.00 sl=68570.17 tp=66589.32 | close=68224.10 partial_pnl_r=-0.13 | sl_dist=346.07 tp_dist=1634.78
2026-02-17 01:05:03 | INFO | SIGNAL_GENERATED | BTCUSDT | SHORT | price_touch | entry_price=68224.10 | level_source=vp_poc | level_price=68392.35 | active_levels=3
2026-02-17 01:05:03 | INFO | BLOCKED_COOLDOWN | BTCUSDT | SHORT | remaining=1410s
2026-02-17 01:05:03 | INFO | SUMMARY | BTCUSDT | #22 | niveles_activos=3 | open_trades=1 | signals=9 | filtered=0 | alerts_sent=0 | cooldown_blocked=8
2026-02-17 01:10:11 | INFO | CANDLE_CLOSE | BTCUSDT | #23 | 01:05:00 | O=68224.10 H=68270.00 L=68224.00 C=68257.00 V=26
2026-02-17 01:10:12 | INFO | TRADE_MONITOR | BTCUSDT | SHORT | OPEN | entry=68174.00 sl=68570.17 tp=66589.32 | close=68257.00 partial_pnl_r=-0.21 | sl_dist=313.17 tp_dist=1667.68
2026-02-17 01:10:12 | INFO | SIGNAL_GENERATED | BTCUSDT | SHORT | price_touch | entry_price=68257.00 | level_source=vp_poc | level_price=68392.35 | active_levels=3
2026-02-17 01:10:12 | INFO | BLOCKED_COOLDOWN | BTCUSDT | SHORT | remaining=1102s
2026-02-17 01:10:12 | INFO | SUMMARY | BTCUSDT | #23 | niveles_activos=3 | open_trades=1 | signals=10 | filtered=0 | alerts_sent=0 | cooldown_blocked=9
2026-02-17 01:12:26 | INFO | CANDLE_CLOSE | BTCUSDT | #24 | 01:06:00 | O=68257.00 H=68299.80 L=68246.80 C=68293.80 V=38
2026-02-17 01:12:27 | INFO | TRADE_MONITOR | BTCUSDT | SHORT | OPEN | entry=68174.00 sl=68570.17 tp=66589.32 | close=68293.80 partial_pnl_r=-0.3 | sl_dist=276.37 tp_dist=1704.48
2026-02-17 01:12:27 | INFO | SIGNAL_GENERATED | BTCUSDT | SHORT | price_touch | entry_price=68293.80 | level_source=vp_poc | level_price=68392.35 | active_levels=3
2026-02-17 01:12:27 | INFO | BLOCKED_COOLDOWN | BTCUSDT | SHORT | remaining=967s
2026-02-17 01:12:27 | INFO | SUMMARY | BTCUSDT | #24 | niveles_activos=3 | open_trades=1 | signals=11 | filtered=0 | alerts_sent=0 | cooldown_blocked=10
2026-02-17 01:14:43 | INFO | CANDLE_CLOSE | BTCUSDT | #25 | 01:07:00 | O=68293.80 H=68324.80 L=68278.50 C=68322.40 V=20
2026-02-17 01:14:44 | INFO | TRADE_MONITOR | BTCUSDT | SHORT | OPEN | entry=68174.00 sl=68570.17 tp=66589.32 | close=68322.40 partial_pnl_r=-0.37 | sl_dist=247.77 tp_dist=1733.08
2026-02-17 01:14:44 | INFO | SIGNAL_GENERATED | BTCUSDT | SHORT | price_touch | entry_price=68322.40 | level_source=vp_poc | level_price=68392.35 | active_levels=3
2026-02-17 01:14:44 | INFO | BLOCKED_COOLDOWN | BTCUSDT | SHORT | remaining=829s
2026-02-17 01:14:44 | INFO | SUMMARY | BTCUSDT | #25 | niveles_activos=3 | open_trades=1 | signals=12 | filtered=0 | alerts_sent=0 | cooldown_blocked=11
2026-02-17 04:18:51 | INFO | CANDLE_CLOSE | BTCUSDT | #26 | 01:08:00 | O=68322.40 H=68343.90 L=68322.30 C=68325.40 V=51
2026-02-17 04:18:52 | INFO | TRADE_MONITOR | BTCUSDT | SHORT | OPEN | entry=68174.00 sl=68570.17 tp=66589.32 | close=68325.40 partial_pnl_r=-0.38 | sl_dist=244.77 tp_dist=1736.08
2026-02-17 04:18:52 | INFO | SIGNAL_GENERATED | BTCUSDT | SHORT | price_touch | entry_price=68325.40 | level_source=vp_poc | level_price=68392.35 | active_levels=3
2026-02-17 04:18:52 | INFO | SIGNAL_BLOCKED | BTCUSDT | SHORT | EXISTING_TRADE | open_trades=1 same_dir=1
2026-02-17 04:18:52 | INFO | SUMMARY | BTCUSDT | #26 | niveles_activos=3 | open_trades=1 | signals=13 | filtered=0 | alerts_sent=0 | cooldown_blocked=11
2026-02-17 07:33:28 | INFO | ================================================================================
2026-02-17 07:33:28 | INFO | SERVICE_STARTED | symbols=['BTCUSDT'] | interval=1
2026-02-17 07:33:28 | INFO | STRATEGY | name=Sin nombre
2026-02-17 07:33:28 | INFO | ENTRY | signal_type=price_touch
2026-02-17 07:33:28 | INFO | LEVELS | sources=['vp_periodic']
2026-02-17 07:33:28 | INFO | FILTERS | context=['vwap_position', 'dtb_bias']
2026-02-17 07:33:28 | INFO | EXIT_RULES | rules=[]
2026-02-17 07:33:28 | INFO | RISK | sl_method=below_level tp_method=rr_fixed max_trades_per_seg=1 trailing=False
2026-02-17 07:33:28 | INFO | ALERTS | enabled=True target=http://localhost:5000/api/watchlist-alert cooldown=30min
2026-02-17 07:33:28 | INFO | ================================================================================
2026-02-17 07:35:01 | INFO | CANDLE_CLOSE | BTCUSDT | #1 | 07:34:00 | O=68073.10 H=68092.50 L=68050.00 C=68088.00 V=19
2026-02-17 07:35:01 | INFO | SIGNAL_GENERATED | BTCUSDT | LONG | price_touch | entry_price=68088.00 | level_source=vp_poc | level_price=68076.61 | active_levels=6
2026-02-17 07:35:01 | INFO | SIGNAL_PASSED_ALL_FILTERS | BTCUSDT | LONG | entry=68088.00 | computing SL/TP...
2026-02-17 07:35:01 | INFO | SIGNAL_SL_TP_COMPUTED | BTCUSDT | LONG | entry=68088.00 sl=67899.61 tp=68841.56 | risk=188.39 reward=753.56 | RR=4.00
2026-02-17 07:35:01 | INFO | >>> TRADE_OPENED | BTCUSDT | LONG | price_touch | entry=68088.00 sl=67899.61 tp=68841.56 | level_src=vp_poc level_price=68076.61 | candle_time=2026-02-17 07:34:00 | cooldown_until=08:05:01 | total_trades_opened=1
2026-02-17 07:35:01 | INFO | SENDING_ALERT | BTCUSDT | LONG | target=http://localhost:5000/api/watchlist-alert
2026-02-17 07:35:01 | INFO | ALERT_HTTP_REQUEST | BTCUSDT | LONG | url=http://localhost:5000/api/watchlist-alert | payload={"source": "STRATEGY_BUILDER", "symbol": "BTCUSDT", "interval": "1", "pattern": {"patternType": "SB_PRICE_TOUCH", "price": 68088.0, "confidence": 75, "direction": "LONG"}, "sl_distance": 188.39, "tp_distance": 753.56}
2026-02-17 07:35:08 | INFO | ALERT_SENT_OK | BTCUSDT | LONG | entry=68088.00 sl=67899.61 tp=68841.56 | response={"success": true, "symbol": "BTCUSDT", "side": "Buy", "price": 68088.0, "quantity": 0.024, "pattern": "SB_PRICE_TOUCH (LONG)", "confidence": 75, "source": "STRATEGY_BUILDER", "result": {"symbol": "BTC
2026-02-17 07:35:08 | INFO | ALERT_RESULT | BTCUSDT | LONG | sent=OK | alerts_sent_total=1
2026-02-17 07:35:08 | INFO | SUMMARY | BTCUSDT | #1 | niveles_activos=6 | open_trades=1 | signals=1 | filtered=0 | alerts_sent=1 | cooldown_blocked=0
2026-02-17 07:36:02 | INFO | CANDLE_CLOSE | BTCUSDT | #2 | 07:35:00 | O=68088.00 H=68243.80 L=68074.90 C=68218.40 V=237
2026-02-17 07:36:04 | INFO | TRADE_MONITOR | BTCUSDT | LONG | OPEN | entry=68088.00 sl=67899.61 tp=68841.56 | close=68218.40 partial_pnl_r=0.69 | sl_dist=318.79 tp_dist=623.16
2026-02-17 07:36:04 | INFO | SIGNAL_GENERATED | BTCUSDT | LONG | price_touch | entry_price=68218.40 | level_source=vp_poc | level_price=68076.61 | active_levels=3
2026-02-17 07:36:04 | INFO | BLOCKED_COOLDOWN | BTCUSDT | LONG | remaining=1737s
2026-02-17 07:36:04 | INFO | SUMMARY | BTCUSDT | #2 | niveles_activos=3 | open_trades=1 | signals=2 | filtered=0 | alerts_sent=1 | cooldown_blocked=1
2026-02-17 07:37:02 | INFO | CANDLE_CLOSE | BTCUSDT | #3 | 07:36:00 | O=68218.40 H=68253.00 L=68195.10 C=68246.60 V=75
2026-02-17 07:37:03 | INFO | TRADE_MONITOR | BTCUSDT | LONG | OPEN | entry=68088.00 sl=67899.61 tp=68841.56 | close=68246.60 partial_pnl_r=0.84 | sl_dist=346.99 tp_dist=594.96
2026-02-17 07:37:03 | INFO | SIGNAL_GENERATED | BTCUSDT | LONG | price_touch | entry_price=68246.60 | level_source=vp_poc | level_price=68076.61 | active_levels=3
2026-02-17 07:37:03 | INFO | BLOCKED_COOLDOWN | BTCUSDT | LONG | remaining=1678s
2026-02-17 07:37:03 | INFO | SUMMARY | BTCUSDT | #3 | niveles_activos=3 | open_trades=1 | signals=3 | filtered=0 | alerts_sent=1 | cooldown_blocked=2
2026-02-17 07:38:01 | INFO | CANDLE_CLOSE | BTCUSDT | #4 | 07:37:00 | O=68246.60 H=68274.90 L=68231.20 C=68239.70 V=46
2026-02-17 07:38:03 | INFO | TRADE_MONITOR | BTCUSDT | LONG | OPEN | entry=68088.00 sl=67899.61 tp=68841.56 | close=68239.70 partial_pnl_r=0.81 | sl_dist=340.09 tp_dist=601.86
2026-02-17 07:38:03 | INFO | SIGNAL_GENERATED | BTCUSDT | LONG | price_touch | entry_price=68239.70 | level_source=vp_poc | level_price=68076.61 | active_levels=3
2026-02-17 07:38:03 | INFO | BLOCKED_COOLDOWN | BTCUSDT | LONG | remaining=1618s
2026-02-17 07:38:03 | INFO | SUMMARY | BTCUSDT | #4 | niveles_activos=3 | open_trades=1 | signals=4 | filtered=0 | alerts_sent=1 | cooldown_blocked=3
2026-02-17 07:39:02 | INFO | CANDLE_CLOSE | BTCUSDT | #5 | 07:38:00 | O=68239.70 H=68239.80 L=68200.00 C=68200.00 V=31
2026-02-17 07:39:03 | INFO | TRADE_MONITOR | BTCUSDT | LONG | OPEN | entry=68088.00 sl=67899.61 tp=68841.56 | close=68200.00 partial_pnl_r=0.59 | sl_dist=300.39 tp_dist=641.56
2026-02-17 07:39:03 | INFO | SIGNAL_GENERATED | BTCUSDT | LONG | price_touch | entry_price=68200.00 | level_source=vp_poc | level_price=68076.61 | active_levels=3
2026-02-17 07:39:03 | INFO | BLOCKED_COOLDOWN | BTCUSDT | LONG | remaining=1558s
2026-02-17 07:39:03 | INFO | SUMMARY | BTCUSDT | #5 | niveles_activos=3 | open_trades=1 | signals=5 | filtered=0 | alerts_sent=1 | cooldown_blocked=4
2026-02-17 07:40:01 | INFO | CANDLE_CLOSE | BTCUSDT | #6 | 07:39:00 | O=68200.00 H=68212.10 L=68145.50 C=68166.00 V=32
2026-02-17 07:40:02 | INFO | TRADE_MONITOR | BTCUSDT | LONG | OPEN | entry=68088.00 sl=67899.61 tp=68841.56 | close=68166.00 partial_pnl_r=0.41 | sl_dist=266.39 tp_dist=675.56
2026-02-17 07:40:02 | INFO | SIGNAL_GENERATED | BTCUSDT | LONG | price_touch | entry_price=68166.00 | level_source=vp_poc | level_price=68076.61 | active_levels=3
2026-02-17 07:40:02 | INFO | BLOCKED_COOLDOWN | BTCUSDT | LONG | remaining=1499s
2026-02-17 07:40:02 | INFO | SUMMARY | BTCUSDT | #6 | niveles_activos=3 | open_trades=1 | signals=6 | filtered=0 | alerts_sent=1 | cooldown_blocked=5
2026-02-17 07:41:01 | INFO | CANDLE_CLOSE | BTCUSDT | #7 | 07:40:00 | O=68166.00 H=68172.10 L=68142.20 C=68172.10 V=24
2026-02-17 07:41:02 | INFO | TRADE_MONITOR | BTCUSDT | LONG | OPEN | entry=68088.00 sl=67899.61 tp=68841.56 | close=68172.10 partial_pnl_r=0.45 | sl_dist=272.49 tp_dist=669.46
2026-02-17 07:41:02 | INFO | SIGNAL_GENERATED | BTCUSDT | LONG | price_touch | entry_price=68172.10 | level_source=vp_poc | level_price=68076.61 | active_levels=3
2026-02-17 07:41:02 | INFO | BLOCKED_COOLDOWN | BTCUSDT | LONG | remaining=1439s
2026-02-17 07:41:02 | INFO | SUMMARY | BTCUSDT | #7 | niveles_activos=3 | open_trades=1 | signals=7 | filtered=0 | alerts_sent=1 | cooldown_blocked=6
2026-02-17 07:42:01 | INFO | CANDLE_CLOSE | BTCUSDT | #8 | 07:41:00 | O=68172.10 H=68186.70 L=68164.50 C=68166.60 V=10
2026-02-17 07:42:02 | INFO | TRADE_MONITOR | BTCUSDT | LONG | OPEN | entry=68088.00 sl=67899.61 tp=68841.56 | close=68166.60 partial_pnl_r=0.42 | sl_dist=266.99 tp_dist=674.96
2026-02-17 07:42:02 | INFO | SIGNAL_GENERATED | BTCUSDT | LONG | price_touch | entry_price=68166.60 | level_source=vp_poc | level_price=68076.61 | active_levels=3
2026-02-17 07:42:02 | INFO | BLOCKED_COOLDOWN | BTCUSDT | LONG | remaining=1379s
2026-02-17 07:42:02 | INFO | SUMMARY | BTCUSDT | #8 | niveles_activos=3 | open_trades=1 | signals=8 | filtered=0 | alerts_sent=1 | cooldown_blocked=7
2026-02-17 07:43:02 | INFO | CANDLE_CLOSE | BTCUSDT | #9 | 07:42:00 | O=68166.60 H=68183.20 L=68164.10 C=68166.70 V=20
2026-02-17 07:43:03 | INFO | TRADE_MONITOR | BTCUSDT | LONG | OPEN | entry=68088.00 sl=67899.61 tp=68841.56 | close=68166.70 partial_pnl_r=0.42 | sl_dist=267.09 tp_dist=674.86
2026-02-17 07:43:03 | INFO | SIGNAL_GENERATED | BTCUSDT | LONG | price_touch | entry_price=68166.70 | level_source=vp_poc | level_price=68076.61 | active_levels=3
2026-02-17 07:43:03 | INFO | BLOCKED_COOLDOWN | BTCUSDT | LONG | remaining=1318s
2026-02-17 07:43:03 | INFO | SUMMARY | BTCUSDT | #9 | niveles_activos=3 | open_trades=1 | signals=9 | filtered=0 | alerts_sent=1 | cooldown_blocked=8
2026-02-17 07:45:45 | INFO | ================================================================================
2026-02-17 07:45:45 | INFO | SERVICE_STARTED | symbols=['BTCUSDT'] | interval=1
2026-02-17 07:45:45 | INFO | STRATEGY | name=Sin nombre
2026-02-17 07:45:45 | INFO | ENTRY | signal_type=price_touch
2026-02-17 07:45:45 | INFO | LEVELS | sources=['vp_periodic']
2026-02-17 07:45:45 | INFO | FILTERS | context=['vwap_position', 'dtb_bias']
2026-02-17 07:45:45 | INFO | EXIT_RULES | rules=[]
2026-02-17 07:45:45 | INFO | RISK | sl_method=below_level tp_method=rr_fixed max_trades_per_seg=1 trailing=False
2026-02-17 07:45:45 | INFO | ALERTS | enabled=True target=http://localhost:5000/api/watchlist-alert cooldown=30min
2026-02-17 07:45:45 | INFO | ================================================================================
2026-02-17 07:47:03 | INFO | CANDLE_CLOSE | BTCUSDT | #1 | 07:46:00 | O=68100.90 H=68112.90 L=68070.00 C=68070.00 V=18
2026-02-17 07:47:05 | INFO | SIGNAL_GENERATED | BTCUSDT | SHORT | price_touch | entry_price=68070.00 | level_source=vp_vah | level_price=68251.02 | active_levels=6
2026-02-17 07:47:05 | INFO | SIGNAL_PASSED_ALL_FILTERS | BTCUSDT | SHORT | entry=68070.00 | computing SL/TP...
2026-02-17 07:47:05 | INFO | SIGNAL_SL_TP_COMPUTED | BTCUSDT | SHORT | entry=68070.00 sl=68428.47 tp=66636.13 | risk=358.47 reward=1433.87 | RR=4.00
2026-02-17 07:47:05 | INFO | >>> TRADE_OPENED | BTCUSDT | SHORT | price_touch | entry=68070.00 sl=68428.47 tp=66636.13 | level_src=vp_vah level_price=68251.02 | candle_time=2026-02-17 07:46:00 | cooldown_until=08:17:05 | total_trades_opened=1
2026-02-17 07:47:05 | INFO | SENDING_ALERT | BTCUSDT | SHORT | target=http://localhost:5000/api/watchlist-alert
2026-02-17 07:47:05 | INFO | ALERT_HTTP_REQUEST | BTCUSDT | SHORT | url=http://localhost:5000/api/watchlist-alert | payload={"source": "STRATEGY_BUILDER", "symbol": "BTCUSDT", "interval": "1", "pattern": {"patternType": "SB_PRICE_TOUCH", "price": 68070.0, "confidence": 75, "direction": "SHORT"}, "sl_distance": 358.47, "tp_distance": 1433.87}
2026-02-17 07:47:13 | INFO | ALERT_REJECTED_BY_BOT | BTCUSDT | SHORT | reason=Position already exists for BTCUSDT Sell | response={"success": false, "message": "Position already exists for BTCUSDT Sell", "symbol": "BTCUSDT", "skipped": true}
2026-02-17 07:47:13 | INFO | ALERT_RESULT | BTCUSDT | SHORT | sent=FAILED | alerts_sent_total=0
2026-02-17 07:47:13 | INFO | SUMMARY | BTCUSDT | #1 | niveles_activos=6 | open_trades=1 | signals=1 | filtered=0 | alerts_sent=0 | cooldown_blocked=0
2026-02-17 07:48:01 | INFO | CANDLE_CLOSE | BTCUSDT | #2 | 07:47:00 | O=68070.00 H=68093.30 L=68055.00 C=68055.00 V=20
2026-02-17 07:48:03 | INFO | TRADE_MONITOR | BTCUSDT | SHORT | OPEN | entry=68070.00 sl=68428.47 tp=66636.13 | close=68055.00 partial_pnl_r=0.04 | sl_dist=373.47 tp_dist=1418.87
2026-02-17 07:48:03 | INFO | SIGNAL_GENERATED | BTCUSDT | SHORT | price_touch | entry_price=68055.00 | level_source=vp_vah | level_price=68251.02 | active_levels=3
2026-02-17 07:48:03 | INFO | BLOCKED_COOLDOWN | BTCUSDT | SHORT | remaining=1741s
2026-02-17 07:48:03 | INFO | SUMMARY | BTCUSDT | #2 | niveles_activos=3 | open_trades=1 | signals=2 | filtered=0 | alerts_sent=0 | cooldown_blocked=1
2026-02-17 07:49:01 | INFO | CANDLE_CLOSE | BTCUSDT | #3 | 07:48:00 | O=68055.00 H=68071.10 L=68055.00 C=68064.30 V=14
2026-02-17 07:49:03 | INFO | TRADE_MONITOR | BTCUSDT | SHORT | OPEN | entry=68070.00 sl=68428.47 tp=66636.13 | close=68064.30 partial_pnl_r=0.02 | sl_dist=364.17 tp_dist=1428.17
2026-02-17 07:49:03 | INFO | SIGNAL_GENERATED | BTCUSDT | SHORT | price_touch | entry_price=68064.30 | level_source=vp_vah | level_price=68251.02 | active_levels=3
2026-02-17 07:49:03 | INFO | BLOCKED_COOLDOWN | BTCUSDT | SHORT | remaining=1681s
2026-02-17 07:49:03 | INFO | SUMMARY | BTCUSDT | #3 | niveles_activos=3 | open_trades=1 | signals=3 | filtered=0 | alerts_sent=0 | cooldown_blocked=2
2026-02-17 07:50:02 | INFO | CANDLE_CLOSE | BTCUSDT | #4 | 07:49:00 | O=68064.30 H=68067.00 L=68041.90 C=68048.10 V=15
2026-02-17 07:50:03 | INFO | TRADE_MONITOR | BTCUSDT | SHORT | OPEN | entry=68070.00 sl=68428.47 tp=66636.13 | close=68048.10 partial_pnl_r=0.06 | sl_dist=380.37 tp_dist=1411.97
2026-02-17 07:50:03 | INFO | SIGNAL_GENERATED | BTCUSDT | SHORT | price_touch | entry_price=68048.10 | level_source=vp_vah | level_price=68251.02 | active_levels=3
2026-02-17 07:50:03 | INFO | BLOCKED_COOLDOWN | BTCUSDT | SHORT | remaining=1621s
2026-02-17 07:50:03 | INFO | SUMMARY | BTCUSDT | #4 | niveles_activos=3 | open_trades=1 | signals=4 | filtered=0 | alerts_sent=0 | cooldown_blocked=3
2026-02-17 07:51:01 | INFO | CANDLE_CLOSE | BTCUSDT | #5 | 07:50:00 | O=68048.10 H=68048.10 L=68004.50 C=68004.50 V=58
2026-02-17 07:51:02 | INFO | TRADE_MONITOR | BTCUSDT | SHORT | OPEN | entry=68070.00 sl=68428.47 tp=66636.13 | close=68004.50 partial_pnl_r=0.18 | sl_dist=423.97 tp_dist=1368.37
2026-02-17 07:51:02 | INFO | SIGNAL_GENERATED | BTCUSDT | SHORT | price_touch | entry_price=68004.50 | level_source=vp_vah | level_price=68251.02 | active_levels=3
2026-02-17 07:51:02 | INFO | BLOCKED_COOLDOWN | BTCUSDT | SHORT | remaining=1563s
2026-02-17 07:51:02 | INFO | SUMMARY | BTCUSDT | #5 | niveles_activos=3 | open_trades=1 | signals=5 | filtered=0 | alerts_sent=0 | cooldown_blocked=4
2026-02-17 07:52:01 | INFO | CANDLE_CLOSE | BTCUSDT | #6 | 07:51:00 | O=68004.50 H=68017.30 L=67933.70 C=67952.50 V=103
2026-02-17 07:52:02 | INFO | TRADE_MONITOR | BTCUSDT | SHORT | OPEN | entry=68070.00 sl=68428.47 tp=66636.13 | close=67952.50 partial_pnl_r=0.33 | sl_dist=475.97 tp_dist=1316.37
2026-02-17 07:52:02 | INFO | SIGNAL_GENERATED | BTCUSDT | LONG | price_touch | entry_price=67952.50 | level_source=vp_val | level_price=67868.87 | active_levels=3
2026-02-17 07:52:02 | INFO | SIGNAL_PASSED_ALL_FILTERS | BTCUSDT | LONG | entry=67952.50 | computing SL/TP...
2026-02-17 07:52:02 | INFO | SIGNAL_SL_TP_COMPUTED | BTCUSDT | LONG | entry=67952.50 sl=67692.41 tp=68992.85 | risk=260.09 reward=1040.35 | RR=4.00
2026-02-17 07:52:02 | INFO | >>> TRADE_OPENED | BTCUSDT | LONG | price_touch | entry=67952.50 sl=67692.41 tp=68992.85 | level_src=vp_val level_price=67868.87 | candle_time=2026-02-17 07:51:00 | cooldown_until=08:22:02 | total_trades_opened=2
2026-02-17 07:52:02 | INFO | SENDING_ALERT | BTCUSDT | LONG | target=http://localhost:5000/api/watchlist-alert
2026-02-17 07:52:02 | INFO | ALERT_HTTP_REQUEST | BTCUSDT | LONG | url=http://localhost:5000/api/watchlist-alert | payload={"source": "STRATEGY_BUILDER", "symbol": "BTCUSDT", "interval": "1", "pattern": {"patternType": "SB_PRICE_TOUCH", "price": 67952.5, "confidence": 75, "direction": "LONG"}, "sl_distance": 260.09, "tp_distance": 1040.35}
2026-02-17 07:52:05 | INFO | ALERT_REJECTED_BY_BOT | BTCUSDT | LONG | reason=Position already exists for BTCUSDT Buy | response={"success": false, "message": "Position already exists for BTCUSDT Buy", "symbol": "BTCUSDT", "skipped": true}
2026-02-17 07:52:05 | INFO | ALERT_RESULT | BTCUSDT | LONG | sent=FAILED | alerts_sent_total=0
2026-02-17 07:52:05 | INFO | SUMMARY | BTCUSDT | #6 | niveles_activos=3 | open_trades=2 | signals=6 | filtered=0 | alerts_sent=0 | cooldown_blocked=4
2026-02-17 07:53:01 | INFO | CANDLE_CLOSE | BTCUSDT | #7 | 07:52:00 | O=67952.50 H=67999.90 L=67952.50 C=67988.70 V=30
2026-02-17 07:53:02 | INFO | TRADE_MONITOR | BTCUSDT | SHORT | OPEN | entry=68070.00 sl=68428.47 tp=66636.13 | close=67988.70 partial_pnl_r=0.23 | sl_dist=439.77 tp_dist=1352.57
2026-02-17 07:53:02 | INFO | TRADE_MONITOR | BTCUSDT | LONG | OPEN | entry=67952.50 sl=67692.41 tp=68992.85 | close=67988.70 partial_pnl_r=0.14 | sl_dist=296.29 tp_dist=1004.15
2026-02-17 07:53:02 | INFO | SIGNAL_GENERATED | BTCUSDT | LONG | price_touch | entry_price=67988.70 | level_source=vp_val | level_price=67868.87 | active_levels=3
2026-02-17 07:53:02 | INFO | BLOCKED_COOLDOWN | BTCUSDT | LONG | remaining=1740s
2026-02-17 07:53:02 | INFO | SUMMARY | BTCUSDT | #7 | niveles_activos=3 | open_trades=2 | signals=7 | filtered=0 | alerts_sent=0 | cooldown_blocked=5
2026-02-17 07:54:01 | INFO | CANDLE_CLOSE | BTCUSDT | #8 | 07:53:00 | O=67988.70 H=68014.30 L=67987.70 C=68006.00 V=38
2026-02-17 07:54:02 | INFO | TRADE_MONITOR | BTCUSDT | SHORT | OPEN | entry=68070.00 sl=68428.47 tp=66636.13 | close=68006.00 partial_pnl_r=0.18 | sl_dist=422.47 tp_dist=1369.87
2026-02-17 07:54:02 | INFO | TRADE_MONITOR | BTCUSDT | LONG | OPEN | entry=67952.50 sl=67692.41 tp=68992.85 | close=68006.00 partial_pnl_r=0.21 | sl_dist=313.59 tp_dist=986.85
2026-02-17 07:54:02 | INFO | SIGNAL_GENERATED | BTCUSDT | LONG | price_touch | entry_price=68006.00 | level_source=vp_val | level_price=67868.87 | active_levels=3
2026-02-17 07:54:02 | INFO | BLOCKED_COOLDOWN | BTCUSDT | LONG | remaining=1680s
2026-02-17 07:54:02 | INFO | SUMMARY | BTCUSDT | #8 | niveles_activos=3 | open_trades=2 | signals=8 | filtered=0 | alerts_sent=0 | cooldown_blocked=6
2026-02-17 07:59:53 | INFO | CANDLE_CLOSE | BTCUSDT | #9 | 07:54:00 | O=68006.00 H=68026.80 L=67990.80 C=68013.10 V=16
2026-02-17 07:59:54 | INFO | TRADE_MONITOR | BTCUSDT | SHORT | OPEN | entry=68070.00 sl=68428.47 tp=66636.13 | close=68013.10 partial_pnl_r=0.16 | sl_dist=415.37 tp_dist=1376.97
2026-02-17 07:59:54 | INFO | TRADE_MONITOR | BTCUSDT | LONG | OPEN | entry=67952.50 sl=67692.41 tp=68992.85 | close=68013.10 partial_pnl_r=0.23 | sl_dist=320.69 tp_dist=979.75
2026-02-17 07:59:54 | INFO | SIGNAL_GENERATED | BTCUSDT | LONG | price_touch | entry_price=68013.10 | level_source=vp_val | level_price=67868.87 | active_levels=3
2026-02-17 07:59:54 | INFO | BLOCKED_COOLDOWN | BTCUSDT | LONG | remaining=1327s
2026-02-17 07:59:54 | INFO | SUMMARY | BTCUSDT | #9 | niveles_activos=3 | open_trades=2 | signals=9 | filtered=0 | alerts_sent=0 | cooldown_blocked=7
2026-02-17 08:02:19 | INFO | CANDLE_CLOSE | BTCUSDT | #10 | 07:55:00 | O=68013.10 H=68013.10 L=67980.00 C=68004.60 V=18
2026-02-17 08:02:19 | INFO | TRADE_MONITOR | BTCUSDT | SHORT | OPEN | entry=68070.00 sl=68428.47 tp=66636.13 | close=68004.60 partial_pnl_r=0.18 | sl_dist=423.87 tp_dist=1368.47
2026-02-17 08:02:19 | INFO | TRADE_MONITOR | BTCUSDT | LONG | OPEN | entry=67952.50 sl=67692.41 tp=68992.85 | close=68004.60 partial_pnl_r=0.2 | sl_dist=312.19 tp_dist=988.25
2026-02-17 08:02:19 | INFO | SIGNAL_GENERATED | BTCUSDT | LONG | price_touch | entry_price=68004.60 | level_source=vp_val | level_price=67868.87 | active_levels=3
2026-02-17 08:02:19 | INFO | BLOCKED_COOLDOWN | BTCUSDT | LONG | remaining=1182s
2026-02-17 08:02:19 | INFO | SUMMARY | BTCUSDT | #10 | niveles_activos=3 | open_trades=2 | signals=10 | filtered=0 | alerts_sent=0 | cooldown_blocked=8
2026-02-17 08:04:38 | INFO | CANDLE_CLOSE | BTCUSDT | #11 | 07:56:00 | O=68004.60 H=68026.00 L=67980.00 C=67989.20 V=29
2026-02-17 08:04:39 | INFO | TRADE_MONITOR | BTCUSDT | SHORT | OPEN | entry=68070.00 sl=68428.47 tp=66636.13 | close=67989.20 partial_pnl_r=0.23 | sl_dist=439.27 tp_dist=1353.07
2026-02-17 08:04:39 | INFO | TRADE_MONITOR | BTCUSDT | LONG | OPEN | entry=67952.50 sl=67692.41 tp=68992.85 | close=67989.20 partial_pnl_r=0.14 | sl_dist=296.79 tp_dist=1003.65
2026-02-17 08:04:39 | INFO | SIGNAL_GENERATED | BTCUSDT | LONG | price_touch | entry_price=67989.20 | level_source=vp_val | level_price=67868.87 | active_levels=3
2026-02-17 08:04:39 | INFO | BLOCKED_COOLDOWN | BTCUSDT | LONG | remaining=1043s
2026-02-17 08:04:39 | INFO | SUMMARY | BTCUSDT | #11 | niveles_activos=3 | open_trades=2 | signals=11 | filtered=0 | alerts_sent=0 | cooldown_blocked=9
2026-02-17 08:06:48 | INFO | CANDLE_CLOSE | BTCUSDT | #12 | 07:57:00 | O=67989.20 H=67990.00 L=67853.30 C=67878.00 V=140
2026-02-17 08:06:49 | INFO | TRADE_MONITOR | BTCUSDT | SHORT | OPEN | entry=68070.00 sl=68428.47 tp=66636.13 | close=67878.00 partial_pnl_r=0.54 | sl_dist=550.47 tp_dist=1241.87
2026-02-17 08:06:49 | INFO | TRADE_MONITOR | BTCUSDT | LONG | OPEN | entry=67952.50 sl=67692.41 tp=68992.85 | close=67878.00 partial_pnl_r=-0.29 | sl_dist=185.59 tp_dist=1114.85
2026-02-17 08:06:49 | INFO | SIGNAL_GENERATED | BTCUSDT | LONG | price_touch | entry_price=67878.00 | level_source=vp_val | level_price=67868.87 | active_levels=3
2026-02-17 08:06:49 | INFO | BLOCKED_COOLDOWN | BTCUSDT | LONG | remaining=912s
2026-02-17 08:06:49 | INFO | SUMMARY | BTCUSDT | #12 | niveles_activos=3 | open_trades=2 | signals=12 | filtered=0 | alerts_sent=0 | cooldown_blocked=10
2026-02-17 08:08:55 | INFO | CANDLE_CLOSE | BTCUSDT | #13 | 07:58:00 | O=67878.00 H=67878.10 L=67823.00 C=67848.80 V=85
2026-02-17 08:08:56 | INFO | TRADE_MONITOR | BTCUSDT | SHORT | OPEN | entry=68070.00 sl=68428.47 tp=66636.13 | close=67848.80 partial_pnl_r=0.62 | sl_dist=579.67 tp_dist=1212.67
2026-02-17 08:08:56 | INFO | TRADE_MONITOR | BTCUSDT | LONG | OPEN | entry=67952.50 sl=67692.41 tp=68992.85 | close=67848.80 partial_pnl_r=-0.4 | sl_dist=156.39 tp_dist=1144.05
2026-02-17 08:08:56 | INFO | EVAL_ENTRY | BTCUSDT | idx=2012 | NO_SIGNAL | signal_type=price_touch | active_levels=3 | close=67848.80
2026-02-17 08:08:56 | INFO | SUMMARY | BTCUSDT | #13 | niveles_activos=3 | open_trades=2 | signals=12 | filtered=0 | alerts_sent=0 | cooldown_blocked=10
2026-02-17 08:12:49 | INFO | ================================================================================
2026-02-17 08:12:49 | INFO | SERVICE_STARTED | symbols=['BTCUSDT'] | interval=1
2026-02-17 08:12:49 | INFO | STRATEGY | name=Sin nombre
2026-02-17 08:12:49 | INFO | ENTRY | signal_type=price_touch
2026-02-17 08:12:49 | INFO | LEVELS | sources=['vp_periodic']
2026-02-17 08:12:49 | INFO | FILTERS | context=['vwap_position', 'dtb_bias']
2026-02-17 08:12:49 | INFO | EXIT_RULES | rules=[]
2026-02-17 08:12:49 | INFO | RISK | sl_method=below_level tp_method=rr_fixed max_trades_per_seg=1 trailing=False
2026-02-17 08:12:49 | INFO | ALERTS | enabled=True target=http://localhost:5000/api/watchlist-alert cooldown=30min
2026-02-17 08:12:49 | INFO | ================================================================================
2026-02-17 08:14:01 | INFO | CANDLE_CLOSE | BTCUSDT | #1 | 08:13:00 | O=68039.10 H=68063.60 L=68029.50 C=68046.20 V=27
2026-02-17 08:14:02 | INFO | SIGNAL_GENERATED | BTCUSDT | SHORT | price_touch | entry_price=68046.20 | level_source=vp_poc | level_price=68079.90 | active_levels=6
2026-02-17 08:14:02 | INFO | SIGNAL_PASSED_ALL_FILTERS | BTCUSDT | SHORT | entry=68046.20 | computing SL/TP...
2026-02-17 08:14:02 | INFO | SIGNAL_SL_TP_COMPUTED | BTCUSDT | SHORT | entry=68046.20 sl=68256.91 tp=67203.36 | risk=210.71 reward=842.84 | RR=4.00
2026-02-17 08:14:02 | INFO | >>> TRADE_OPENED | BTCUSDT | SHORT | price_touch | entry=68046.20 sl=68256.91 tp=67203.36 | level_src=vp_poc level_price=68079.90 | candle_time=2026-02-17 08:13:00 | cooldown_until=08:44:02 | total_trades_opened=1
2026-02-17 08:14:02 | INFO | SENDING_ALERT | BTCUSDT | SHORT | target=http://localhost:5000/api/watchlist-alert
2026-02-17 08:14:02 | INFO | ALERT_HTTP_REQUEST | BTCUSDT | SHORT | url=http://localhost:5000/api/watchlist-alert | payload={"source": "STRATEGY_BUILDER", "symbol": "BTCUSDT", "interval": "1", "pattern": {"patternType": "SB_PRICE_TOUCH", "price": 68046.2, "confidence": 75, "direction": "SHORT"}, "sl_distance": 210.71, "tp_distance": 842.84}
2026-02-17 08:14:06 | INFO | ALERT_SENT_OK | BTCUSDT | SHORT | entry=68046.20 sl=68256.91 tp=67203.36 | response={"success": true, "symbol": "BTCUSDT", "side": "Sell", "price": 68046.2, "quantity": 0.022, "pattern": "SB_PRICE_TOUCH (SHORT)", "confidence": 75, "source": "STRATEGY_BUILDER", "result": {"symbol": "B
2026-02-17 08:14:06 | INFO | ALERT_RESULT | BTCUSDT | SHORT | sent=OK | alerts_sent_total=1
2026-02-17 08:14:06 | INFO | SUMMARY | BTCUSDT | #1 | niveles_activos=6 | open_trades=1 | signals=1 | filtered=0 | alerts_sent=1 | cooldown_blocked=0
2026-02-17 08:15:01 | INFO | CANDLE_CLOSE | BTCUSDT | #2 | 08:14:00 | O=68046.20 H=68085.30 L=68046.10 C=68061.50 V=20
2026-02-17 08:15:02 | INFO | TRADE_MONITOR | BTCUSDT | SHORT | OPEN | entry=68046.20 sl=68256.91 tp=67203.36 | close=68061.50 partial_pnl_r=-0.07 | sl_dist=195.41 tp_dist=858.14
2026-02-17 08:15:02 | INFO | SIGNAL_GENERATED | BTCUSDT | SHORT | price_touch | entry_price=68061.50 | level_source=vp_poc | level_price=68079.90 | active_levels=3
2026-02-17 08:15:02 | INFO | BLOCKED_COOLDOWN | BTCUSDT | SHORT | remaining=1739s
2026-02-17 08:15:02 | INFO | SUMMARY | BTCUSDT | #2 | niveles_activos=3 | open_trades=1 | signals=2 | filtered=0 | alerts_sent=1 | cooldown_blocked=1
2026-02-17 08:16:01 | INFO | CANDLE_CLOSE | BTCUSDT | #3 | 08:15:00 | O=68061.50 H=68099.70 L=68038.90 C=68038.90 V=73
2026-02-17 08:16:02 | INFO | TRADE_MONITOR | BTCUSDT | SHORT | OPEN | entry=68046.20 sl=68256.91 tp=67203.36 | close=68038.90 partial_pnl_r=0.03 | sl_dist=218.01 tp_dist=835.54
2026-02-17 08:16:02 | INFO | SIGNAL_GENERATED | BTCUSDT | SHORT | price_touch | entry_price=68038.90 | level_source=vp_poc | level_price=68079.90 | active_levels=3
2026-02-17 08:16:02 | INFO | BLOCKED_COOLDOWN | BTCUSDT | SHORT | remaining=1679s
2026-02-17 08:16:02 | INFO | SUMMARY | BTCUSDT | #3 | niveles_activos=3 | open_trades=1 | signals=3 | filtered=0 | alerts_sent=1 | cooldown_blocked=2
2026-02-17 08:17:01 | INFO | CANDLE_CLOSE | BTCUSDT | #4 | 08:16:00 | O=68038.90 H=68045.90 L=67960.00 C=67991.50 V=40
2026-02-17 08:17:02 | INFO | TRADE_MONITOR | BTCUSDT | SHORT | OPEN | entry=68046.20 sl=68256.91 tp=67203.36 | close=67991.50 partial_pnl_r=0.26 | sl_dist=265.41 tp_dist=788.14
2026-02-17 08:17:02 | INFO | SIGNAL_GENERATED | BTCUSDT | SHORT | price_touch | entry_price=67991.50 | level_source=vp_poc | level_price=68079.90 | active_levels=3
2026-02-17 08:17:02 | INFO | BLOCKED_COOLDOWN | BTCUSDT | SHORT | remaining=1620s
2026-02-17 08:17:02 | INFO | SUMMARY | BTCUSDT | #4 | niveles_activos=3 | open_trades=1 | signals=4 | filtered=0 | alerts_sent=1 | cooldown_blocked=3
2026-02-17 08:18:01 | INFO | CANDLE_CLOSE | BTCUSDT | #5 | 08:17:00 | O=67991.50 H=68013.90 L=67950.10 C=67969.70 V=53
2026-02-17 08:18:02 | INFO | TRADE_MONITOR | BTCUSDT | SHORT | OPEN | entry=68046.20 sl=68256.91 tp=67203.36 | close=67969.70 partial_pnl_r=0.36 | sl_dist=287.21 tp_dist=766.34
2026-02-17 08:18:02 | INFO | SIGNAL_GENERATED | BTCUSDT | SHORT | price_touch | entry_price=67969.70 | level_source=vp_poc | level_price=68079.90 | active_levels=3
2026-02-17 08:18:02 | INFO | BLOCKED_COOLDOWN | BTCUSDT | SHORT | remaining=1559s
2026-02-17 08:18:02 | INFO | SUMMARY | BTCUSDT | #5 | niveles_activos=3 | open_trades=1 | signals=5 | filtered=0 | alerts_sent=1 | cooldown_blocked=4
2026-02-17 08:19:02 | INFO | CANDLE_CLOSE | BTCUSDT | #6 | 08:18:00 | O=67969.70 H=68008.80 L=67958.80 C=67985.50 V=13
2026-02-17 08:19:03 | INFO | TRADE_MONITOR | BTCUSDT | SHORT | OPEN | entry=68046.20 sl=68256.91 tp=67203.36 | close=67985.50 partial_pnl_r=0.29 | sl_dist=271.41 tp_dist=782.14
2026-02-17 08:19:03 | INFO | SIGNAL_GENERATED | BTCUSDT | SHORT | price_touch | entry_price=67985.50 | level_source=vp_poc | level_price=68079.90 | active_levels=3
2026-02-17 08:19:03 | INFO | BLOCKED_COOLDOWN | BTCUSDT | SHORT | remaining=1499s
2026-02-17 08:19:03 | INFO | SUMMARY | BTCUSDT | #6 | niveles_activos=3 | open_trades=1 | signals=6 | filtered=0 | alerts_sent=1 | cooldown_blocked=5
2026-02-17 08:20:01 | INFO | CANDLE_CLOSE | BTCUSDT | #7 | 08:19:00 | O=67985.50 H=68020.20 L=67978.70 C=68012.10 V=24
2026-02-17 08:20:02 | INFO | TRADE_MONITOR | BTCUSDT | SHORT | OPEN | entry=68046.20 sl=68256.91 tp=67203.36 | close=68012.10 partial_pnl_r=0.16 | sl_dist=244.81 tp_dist=808.74
2026-02-17 08:20:02 | INFO | SIGNAL_GENERATED | BTCUSDT | SHORT | price_touch | entry_price=68012.10 | level_source=vp_poc | level_price=68079.90 | active_levels=3
2026-02-17 08:20:02 | INFO | BLOCKED_COOLDOWN | BTCUSDT | SHORT | remaining=1439s
2026-02-17 08:20:02 | INFO | SUMMARY | BTCUSDT | #7 | niveles_activos=3 | open_trades=1 | signals=7 | filtered=0 | alerts_sent=1 | cooldown_blocked=6
2026-02-17 08:21:01 | INFO | CANDLE_CLOSE | BTCUSDT | #8 | 08:20:00 | O=68012.10 H=68048.90 L=68008.70 C=68048.90 V=26
2026-02-17 08:21:02 | INFO | TRADE_MONITOR | BTCUSDT | SHORT | OPEN | entry=68046.20 sl=68256.91 tp=67203.36 | close=68048.90 partial_pnl_r=-0.01 | sl_dist=208.01 tp_dist=845.54
2026-02-17 08:21:02 | INFO | SIGNAL_GENERATED | BTCUSDT | SHORT | price_touch | entry_price=68048.90 | level_source=vp_poc | level_price=68079.90 | active_levels=3
2026-02-17 08:21:02 | INFO | BLOCKED_COOLDOWN | BTCUSDT | SHORT | remaining=1379s
2026-02-17 08:21:02 | INFO | SUMMARY | BTCUSDT | #8 | niveles_activos=3 | open_trades=1 | signals=8 | filtered=0 | alerts_sent=1 | cooldown_blocked=7
2026-02-17 08:22:01 | INFO | CANDLE_CLOSE | BTCUSDT | #9 | 08:21:00 | O=68048.90 H=68075.10 L=68040.50 C=68069.80 V=45
2026-02-17 08:22:02 | INFO | TRADE_MONITOR | BTCUSDT | SHORT | OPEN | entry=68046.20 sl=68256.91 tp=67203.36 | close=68069.80 partial_pnl_r=-0.11 | sl_dist=187.11 tp_dist=866.44
2026-02-17 08:22:02 | INFO | SIGNAL_GENERATED | BTCUSDT | SHORT | price_touch | entry_price=68069.80 | level_source=vp_poc | level_price=68079.90 | active_levels=3
2026-02-17 08:22:02 | INFO | BLOCKED_COOLDOWN | BTCUSDT | SHORT | remaining=1320s
2026-02-17 08:22:02 | INFO | SUMMARY | BTCUSDT | #9 | niveles_activos=3 | open_trades=1 | signals=9 | filtered=0 | alerts_sent=1 | cooldown_blocked=8
2026-02-17 08:23:01 | INFO | CANDLE_CLOSE | BTCUSDT | #10 | 08:22:00 | O=68069.80 H=68097.60 L=68042.90 C=68086.30 V=24
2026-02-17 08:23:02 | INFO | TRADE_MONITOR | BTCUSDT | SHORT | OPEN | entry=68046.20 sl=68256.91 tp=67203.36 | close=68086.30 partial_pnl_r=-0.19 | sl_dist=170.61 tp_dist=882.94
2026-02-17 08:23:02 | INFO | SIGNAL_GENERATED | BTCUSDT | SHORT | price_touch | entry_price=68086.30 | level_source=vp_vah | level_price=68121.27 | active_levels=3
2026-02-17 08:23:02 | INFO | BLOCKED_COOLDOWN | BTCUSDT | SHORT | remaining=1260s
2026-02-17 08:23:02 | INFO | SUMMARY | BTCUSDT | #10 | niveles_activos=3 | open_trades=1 | signals=10 | filtered=0 | alerts_sent=1 | cooldown_blocked=9
2026-02-17 08:24:01 | INFO | CANDLE_CLOSE | BTCUSDT | #11 | 08:23:00 | O=68086.30 H=68160.10 L=68077.20 C=68138.90 V=74
2026-02-17 08:24:02 | INFO | TRADE_MONITOR | BTCUSDT | SHORT | OPEN | entry=68046.20 sl=68256.91 tp=67203.36 | close=68138.90 partial_pnl_r=-0.44 | sl_dist=118.01 tp_dist=935.54
2026-02-17 08:24:02 | INFO | EVAL_ENTRY | BTCUSDT | idx=2010 | NO_SIGNAL | signal_type=price_touch | active_levels=3 | close=68138.90
2026-02-17 08:24:02 | INFO | SUMMARY | BTCUSDT | #11 | niveles_activos=3 | open_trades=1 | signals=10 | filtered=0 | alerts_sent=1 | cooldown_blocked=9
2026-02-17 08:25:01 | INFO | CANDLE_CLOSE | BTCUSDT | #12 | 08:24:00 | O=68138.90 H=68326.90 L=68123.80 C=68303.50 V=378
2026-02-17 08:25:02 | INFO | TRADE_CLOSED | BTCUSDT | SHORT | LOSS | pnl_r=-1.0 | entry=68046.20 sl=68256.91 tp=67203.36 | close_price=68303.50
2026-02-17 08:25:02 | INFO | EVAL_ENTRY | BTCUSDT | idx=2011 | NO_SIGNAL | signal_type=price_touch | active_levels=3 | close=68303.50
2026-02-17 08:25:02 | INFO | SUMMARY | BTCUSDT | #12 | niveles_activos=3 | open_trades=0 | signals=10 | filtered=0 | alerts_sent=1 | cooldown_blocked=9
2026-02-17 08:26:01 | INFO | CANDLE_CLOSE | BTCUSDT | #13 | 08:25:00 | O=68303.50 H=68323.50 L=68205.60 C=68208.00 V=158
2026-02-17 08:26:02 | INFO | EVAL_ENTRY | BTCUSDT | idx=2012 | NO_SIGNAL | signal_type=price_touch | active_levels=3 | close=68208.00
2026-02-17 08:26:02 | INFO | SUMMARY | BTCUSDT | #13 | niveles_activos=3 | open_trades=0 | signals=10 | filtered=0 | alerts_sent=1 | cooldown_blocked=9
2026-02-17 08:27:01 | INFO | CANDLE_CLOSE | BTCUSDT | #14 | 08:26:00 | O=68208.00 H=68219.30 L=68175.90 C=68198.40 V=39
2026-02-17 08:27:02 | INFO | EVAL_ENTRY | BTCUSDT | idx=2013 | NO_SIGNAL | signal_type=price_touch | active_levels=3 | close=68198.40
2026-02-17 08:27:02 | INFO | SUMMARY | BTCUSDT | #14 | niveles_activos=3 | open_trades=0 | signals=10 | filtered=0 | alerts_sent=1 | cooldown_blocked=9
2026-02-17 08:28:01 | INFO | CANDLE_CLOSE | BTCUSDT | #15 | 08:27:00 | O=68198.40 H=68200.00 L=68142.60 C=68151.90 V=66
2026-02-17 08:28:02 | INFO | EVAL_ENTRY | BTCUSDT | idx=2014 | NO_SIGNAL | signal_type=price_touch | active_levels=3 | close=68151.90
2026-02-17 08:28:02 | INFO | SUMMARY | BTCUSDT | #15 | niveles_activos=3 | open_trades=0 | signals=10 | filtered=0 | alerts_sent=1 | cooldown_blocked=9
2026-02-17 08:29:01 | INFO | CANDLE_CLOSE | BTCUSDT | #16 | 08:28:00 | O=68151.90 H=68152.00 L=68092.90 C=68092.90 V=34
2026-02-17 08:29:02 | INFO | SIGNAL_GENERATED | BTCUSDT | SHORT | price_touch | entry_price=68092.90 | level_source=vp_vah | level_price=68121.27 | active_levels=3
2026-02-17 08:29:02 | INFO | BLOCKED_COOLDOWN | BTCUSDT | SHORT | remaining=899s
2026-02-17 08:29:02 | INFO | SUMMARY | BTCUSDT | #16 | niveles_activos=3 | open_trades=0 | signals=11 | filtered=0 | alerts_sent=1 | cooldown_blocked=10
2026-02-17 08:37:31 | INFO | ================================================================================
2026-02-17 08:37:31 | INFO | SERVICE_STARTED | symbols=['BTCUSDT'] | interval=1
2026-02-17 08:37:31 | INFO | STRATEGY | name=Sin nombre
2026-02-17 08:37:31 | INFO | ENTRY | signal_type=price_touch
2026-02-17 08:37:31 | INFO | LEVELS | sources=['vp_periodic']
2026-02-17 08:37:31 | INFO | FILTERS | context=['vwap_position', 'dtb_bias']
2026-02-17 08:37:31 | INFO | EXIT_RULES | rules=[]
2026-02-17 08:37:31 | INFO | RISK | sl_method=below_level tp_method=rr_fixed max_trades_per_seg=1 trailing=False
2026-02-17 08:37:31 | INFO | ALERTS | enabled=True target=http://localhost:5000/api/watchlist-alert cooldown=30min
2026-02-17 08:37:31 | INFO | ================================================================================
2026-02-17 08:39:01 | INFO | CANDLE_CLOSE | BTCUSDT | #1 | 08:38:00 | O=67996.80 H=68043.10 L=67990.00 C=68019.00 V=22
2026-02-17 08:39:02 | INFO | SIGNAL_GENERATED | BTCUSDT | SHORT | price_touch | entry_price=68019.00 | level_source=vp_poc | level_price=68063.31 | active_levels=6
2026-02-17 08:39:02 | INFO | SIGNAL_PASSED_ALL_FILTERS | BTCUSDT | SHORT | entry=68019.00 | computing SL/TP...
2026-02-17 08:39:02 | INFO | SIGNAL_SL_TP_COMPUTED | BTCUSDT | SHORT | entry=68019.00 sl=68240.28 tp=67133.90 | risk=221.28 reward=885.10 | RR=4.00
2026-02-17 08:39:02 | INFO | >>> TRADE_OPENED | BTCUSDT | SHORT | price_touch | entry=68019.00 sl=68240.28 tp=67133.90 | level_src=vp_poc level_price=68063.31 | candle_time=2026-02-17 08:38:00 | cooldown_until=09:09:02 | total_trades_opened=1
2026-02-17 08:39:02 | INFO | SENDING_ALERT | BTCUSDT | SHORT | target=http://localhost:5000/api/watchlist-alert
2026-02-17 08:39:02 | INFO | ALERT_HTTP_REQUEST | BTCUSDT | SHORT | url=http://localhost:5000/api/watchlist-alert | payload={"source": "STRATEGY_BUILDER", "symbol": "BTCUSDT", "interval": "1", "pattern": {"patternType": "SB_PRICE_TOUCH", "price": 68019.0, "confidence": 75, "direction": "SHORT"}, "sl_distance": 221.28, "tp_distance": 885.1}
2026-02-17 08:39:06 | INFO | ALERT_SENT_OK | BTCUSDT | SHORT | entry=68019.00 sl=68240.28 tp=67133.90 | response={"success": true, "symbol": "BTCUSDT", "side": "Sell", "price": 68019.0, "quantity": 0.021, "pattern": "SB_PRICE_TOUCH (SHORT)", "confidence": 75, "source": "STRATEGY_BUILDER", "result": {"symbol": "B
2026-02-17 08:39:06 | INFO | ALERT_RESULT | BTCUSDT | SHORT | sent=OK | alerts_sent_total=1
2026-02-17 08:39:06 | INFO | SUMMARY | BTCUSDT | #1 | niveles_activos=6 | open_trades=1 | signals=1 | filtered=0 | alerts_sent=1 | cooldown_blocked=0
2026-02-17 08:40:01 | INFO | CANDLE_CLOSE | BTCUSDT | #2 | 08:39:00 | O=68019.00 H=68025.90 L=67999.90 C=68023.50 V=12
2026-02-17 08:40:02 | INFO | TRADE_MONITOR | BTCUSDT | SHORT | OPEN | entry=68019.00 sl=68240.28 tp=67133.90 | close=68023.50 partial_pnl_r=-0.02 | sl_dist=216.78 tp_dist=889.60
2026-02-17 08:40:02 | INFO | SIGNAL_GENERATED | BTCUSDT | SHORT | price_touch | entry_price=68023.50 | level_source=vp_poc | level_price=68063.31 | active_levels=3
2026-02-17 08:40:02 | INFO | BLOCKED_COOLDOWN | BTCUSDT | SHORT | remaining=1739s
2026-02-17 08:40:02 | INFO | SUMMARY | BTCUSDT | #2 | niveles_activos=3 | open_trades=1 | signals=2 | filtered=0 | alerts_sent=1 | cooldown_blocked=1
2026-02-17 08:41:01 | INFO | CANDLE_CLOSE | BTCUSDT | #3 | 08:40:00 | O=68023.50 H=68025.10 L=67959.80 C=67987.50 V=32
2026-02-17 08:41:02 | INFO | TRADE_MONITOR | BTCUSDT | SHORT | OPEN | entry=68019.00 sl=68240.28 tp=67133.90 | close=67987.50 partial_pnl_r=0.14 | sl_dist=252.78 tp_dist=853.60
2026-02-17 08:41:02 | INFO | SIGNAL_GENERATED | BTCUSDT | SHORT | price_touch | entry_price=67987.50 | level_source=vp_poc | level_price=68063.31 | active_levels=3
2026-02-17 08:41:02 | INFO | BLOCKED_COOLDOWN | BTCUSDT | SHORT | remaining=1679s
2026-02-17 08:41:02 | INFO | SUMMARY | BTCUSDT | #3 | niveles_activos=3 | open_trades=1 | signals=3 | filtered=0 | alerts_sent=1 | cooldown_blocked=2
2026-02-17 08:42:01 | INFO | CANDLE_CLOSE | BTCUSDT | #4 | 08:41:00 | O=67987.50 H=67992.40 L=67936.10 C=67942.00 V=18
2026-02-17 08:42:02 | INFO | TRADE_MONITOR | BTCUSDT | SHORT | OPEN | entry=68019.00 sl=68240.28 tp=67133.90 | close=67942.00 partial_pnl_r=0.35 | sl_dist=298.28 tp_dist=808.10
2026-02-17 08:42:02 | INFO | SIGNAL_GENERATED | BTCUSDT | SHORT | price_touch | entry_price=67942.00 | level_source=vp_poc | level_price=68063.31 | active_levels=3
2026-02-17 08:42:02 | INFO | BLOCKED_COOLDOWN | BTCUSDT | SHORT | remaining=1619s
2026-02-17 08:42:02 | INFO | SUMMARY | BTCUSDT | #4 | niveles_activos=3 | open_trades=1 | signals=4 | filtered=0 | alerts_sent=1 | cooldown_blocked=3
2026-02-17 08:43:01 | INFO | CANDLE_CLOSE | BTCUSDT | #5 | 08:42:00 | O=67942.00 H=67971.50 L=67935.00 C=67954.80 V=18
2026-02-17 08:43:02 | INFO | TRADE_MONITOR | BTCUSDT | SHORT | OPEN | entry=68019.00 sl=68240.28 tp=67133.90 | close=67954.80 partial_pnl_r=0.29 | sl_dist=285.48 tp_dist=820.90
2026-02-17 08:43:02 | INFO | SIGNAL_GENERATED | BTCUSDT | SHORT | price_touch | entry_price=67954.80 | level_source=vp_poc | level_price=68063.31 | active_levels=3
2026-02-17 08:43:02 | INFO | BLOCKED_COOLDOWN | BTCUSDT | SHORT | remaining=1560s
2026-02-17 08:43:02 | INFO | SUMMARY | BTCUSDT | #5 | niveles_activos=3 | open_trades=1 | signals=5 | filtered=0 | alerts_sent=1 | cooldown_blocked=4
2026-02-17 08:44:01 | INFO | CANDLE_CLOSE | BTCUSDT | #6 | 08:43:00 | O=67954.80 H=67985.90 L=67954.80 C=67985.80 V=5
2026-02-17 08:44:02 | INFO | TRADE_MONITOR | BTCUSDT | SHORT | OPEN | entry=68019.00 sl=68240.28 tp=67133.90 | close=67985.80 partial_pnl_r=0.15 | sl_dist=254.48 tp_dist=851.90
2026-02-17 08:44:02 | INFO | SIGNAL_GENERATED | BTCUSDT | SHORT | price_touch | entry_price=67985.80 | level_source=vp_poc | level_price=68063.31 | active_levels=3
2026-02-17 08:44:02 | INFO | BLOCKED_COOLDOWN | BTCUSDT | SHORT | remaining=1500s
2026-02-17 08:44:02 | INFO | SUMMARY | BTCUSDT | #6 | niveles_activos=3 | open_trades=1 | signals=6 | filtered=0 | alerts_sent=1 | cooldown_blocked=5
2026-02-17 08:45:01 | INFO | CANDLE_CLOSE | BTCUSDT | #7 | 08:44:00 | O=67985.80 H=67985.80 L=67971.00 C=67983.90 V=4
2026-02-17 08:45:02 | INFO | TRADE_MONITOR | BTCUSDT | SHORT | OPEN | entry=68019.00 sl=68240.28 tp=67133.90 | close=67983.90 partial_pnl_r=0.16 | sl_dist=256.38 tp_dist=850.00
2026-02-17 08:45:02 | INFO | SIGNAL_GENERATED | BTCUSDT | SHORT | price_touch | entry_price=67983.90 | level_source=vp_poc | level_price=68063.31 | active_levels=3
2026-02-17 08:45:02 | INFO | BLOCKED_COOLDOWN | BTCUSDT | SHORT | remaining=1439s
2026-02-17 08:45:02 | INFO | SUMMARY | BTCUSDT | #7 | niveles_activos=3 | open_trades=1 | signals=7 | filtered=0 | alerts_sent=1 | cooldown_blocked=6
2026-02-17 08:46:01 | INFO | CANDLE_CLOSE | BTCUSDT | #8 | 08:45:00 | O=67983.90 H=68004.20 L=67978.10 C=67993.80 V=12
2026-02-17 08:46:02 | INFO | TRADE_MONITOR | BTCUSDT | SHORT | OPEN | entry=68019.00 sl=68240.28 tp=67133.90 | close=67993.80 partial_pnl_r=0.11 | sl_dist=246.48 tp_dist=859.90
2026-02-17 08:46:02 | INFO | SIGNAL_GENERATED | BTCUSDT | SHORT | price_touch | entry_price=67993.80 | level_source=vp_poc | level_price=68063.31 | active_levels=3
2026-02-17 08:46:02 | INFO | BLOCKED_COOLDOWN | BTCUSDT | SHORT | remaining=1379s
2026-02-17 08:46:02 | INFO | SUMMARY | BTCUSDT | #8 | niveles_activos=3 | open_trades=1 | signals=8 | filtered=0 | alerts_sent=1 | cooldown_blocked=7
2026-02-17 08:47:01 | INFO | CANDLE_CLOSE | BTCUSDT | #9 | 08:46:00 | O=67993.80 H=68003.00 L=67952.50 C=68003.00 V=23
2026-02-17 08:47:02 | INFO | TRADE_MONITOR | BTCUSDT | SHORT | OPEN | entry=68019.00 sl=68240.28 tp=67133.90 | close=68003.00 partial_pnl_r=0.07 | sl_dist=237.28 tp_dist=869.10
2026-02-17 08:47:02 | INFO | SIGNAL_GENERATED | BTCUSDT | SHORT | price_touch | entry_price=68003.00 | level_source=vp_poc | level_price=68063.31 | active_levels=3
2026-02-17 08:47:02 | INFO | BLOCKED_COOLDOWN | BTCUSDT | SHORT | remaining=1319s
2026-02-17 08:47:02 | INFO | SUMMARY | BTCUSDT | #9 | niveles_activos=3 | open_trades=1 | signals=9 | filtered=0 | alerts_sent=1 | cooldown_blocked=8
2026-02-17 08:48:01 | INFO | CANDLE_CLOSE | BTCUSDT | #10 | 08:47:00 | O=68003.00 H=68010.20 L=67984.40 C=67989.30 V=30
2026-02-17 08:48:02 | INFO | TRADE_MONITOR | BTCUSDT | SHORT | OPEN | entry=68019.00 sl=68240.28 tp=67133.90 | close=67989.30 partial_pnl_r=0.13 | sl_dist=250.98 tp_dist=855.40
2026-02-17 08:48:02 | INFO | SIGNAL_GENERATED | BTCUSDT | SHORT | price_touch | entry_price=67989.30 | level_source=vp_poc | level_price=68063.31 | active_levels=3
2026-02-17 08:48:02 | INFO | BLOCKED_COOLDOWN | BTCUSDT | SHORT | remaining=1259s
2026-02-17 08:48:02 | INFO | SUMMARY | BTCUSDT | #10 | niveles_activos=3 | open_trades=1 | signals=10 | filtered=0 | alerts_sent=1 | cooldown_blocked=9
2026-02-17 08:49:01 | INFO | CANDLE_CLOSE | BTCUSDT | #11 | 08:48:00 | O=67989.30 H=68007.90 L=67978.10 C=67984.90 V=13
2026-02-17 08:49:02 | INFO | TRADE_MONITOR | BTCUSDT | SHORT | OPEN | entry=68019.00 sl=68240.28 tp=67133.90 | close=67984.90 partial_pnl_r=0.15 | sl_dist=255.38 tp_dist=851.00
2026-02-17 08:49:02 | INFO | SIGNAL_GENERATED | BTCUSDT | SHORT | price_touch | entry_price=67984.90 | level_source=vp_poc | level_price=68063.31 | active_levels=3
2026-02-17 08:49:02 | INFO | BLOCKED_COOLDOWN | BTCUSDT | SHORT | remaining=1200s
2026-02-17 08:49:02 | INFO | SUMMARY | BTCUSDT | #11 | niveles_activos=3 | open_trades=1 | signals=11 | filtered=0 | alerts_sent=1 | cooldown_blocked=10
2026-02-17 08:50:01 | INFO | CANDLE_CLOSE | BTCUSDT | #12 | 08:49:00 | O=67984.90 H=68003.40 L=67982.70 C=67992.10 V=10
2026-02-17 08:50:02 | INFO | TRADE_MONITOR | BTCUSDT | SHORT | OPEN | entry=68019.00 sl=68240.28 tp=67133.90 | close=67992.10 partial_pnl_r=0.12 | sl_dist=248.18 tp_dist=858.20
2026-02-17 08:50:02 | INFO | SIGNAL_GENERATED | BTCUSDT | SHORT | price_touch | entry_price=67992.10 | level_source=vp_poc | level_price=68063.31 | active_levels=3
2026-02-17 08:50:02 | INFO | BLOCKED_COOLDOWN | BTCUSDT | SHORT | remaining=1140s
2026-02-17 08:50:02 | INFO | SUMMARY | BTCUSDT | #12 | niveles_activos=3 | open_trades=1 | signals=12 | filtered=0 | alerts_sent=1 | cooldown_blocked=11
2026-02-17 08:51:01 | INFO | CANDLE_CLOSE | BTCUSDT | #13 | 08:50:00 | O=67992.10 H=68181.90 L=67983.30 C=68155.90 V=210
2026-02-17 08:51:02 | INFO | TRADE_MONITOR | BTCUSDT | SHORT | OPEN | entry=68019.00 sl=68240.28 tp=67133.90 | close=68155.90 partial_pnl_r=-0.62 | sl_dist=84.38 tp_dist=1022.00
2026-02-17 08:51:02 | INFO | SIGNAL_GENERATED | BTCUSDT | SHORT | price_touch | entry_price=68155.90 | level_source=vp_vah | level_price=68275.47 | active_levels=3
2026-02-17 08:51:02 | INFO | BLOCKED_COOLDOWN | BTCUSDT | SHORT | remaining=1079s
2026-02-17 08:51:02 | INFO | SUMMARY | BTCUSDT | #13 | niveles_activos=3 | open_trades=1 | signals=13 | filtered=0 | alerts_sent=1 | cooldown_blocked=12
2026-02-17 08:52:01 | INFO | CANDLE_CLOSE | BTCUSDT | #14 | 08:51:00 | O=68155.90 H=68286.40 L=68132.40 C=68228.50 V=216
2026-02-17 08:52:02 | INFO | TRADE_CLOSED | BTCUSDT | SHORT | LOSS | pnl_r=-1.0 | entry=68019.00 sl=68240.28 tp=67133.90 | close_price=68228.50
2026-02-17 08:52:02 | INFO | SIGNAL_GENERATED | BTCUSDT | SHORT | price_touch | entry_price=68228.50 | level_source=vp_vah | level_price=68275.47 | active_levels=3
2026-02-17 08:52:02 | INFO | BLOCKED_COOLDOWN | BTCUSDT | SHORT | remaining=1020s
2026-02-17 08:52:02 | INFO | SUMMARY | BTCUSDT | #14 | niveles_activos=3 | open_trades=0 | signals=14 | filtered=0 | alerts_sent=1 | cooldown_blocked=13
2026-02-17 08:53:02 | INFO | CANDLE_CLOSE | BTCUSDT | #15 | 08:52:00 | O=68228.50 H=68340.20 L=68212.90 C=68229.00 V=142
2026-02-17 08:53:03 | INFO | SIGNAL_GENERATED | BTCUSDT | SHORT | price_touch | entry_price=68229.00 | level_source=vp_vah | level_price=68275.47 | active_levels=3
2026-02-17 08:53:03 | INFO | BLOCKED_COOLDOWN | BTCUSDT | SHORT | remaining=958s
2026-02-17 08:53:03 | INFO | SUMMARY | BTCUSDT | #15 | niveles_activos=3 | open_trades=0 | signals=15 | filtered=0 | alerts_sent=1 | cooldown_blocked=14
2026-02-17 08:54:01 | INFO | CANDLE_CLOSE | BTCUSDT | #16 | 08:53:00 | O=68229.00 H=68250.00 L=68124.40 C=68136.10 V=65
2026-02-17 08:54:02 | INFO | SIGNAL_GENERATED | BTCUSDT | SHORT | price_touch | entry_price=68136.10 | level_source=vp_vah | level_price=68275.47 | active_levels=3
2026-02-17 08:54:02 | INFO | BLOCKED_COOLDOWN | BTCUSDT | SHORT | remaining=899s
2026-02-17 08:54:02 | INFO | SUMMARY | BTCUSDT | #16 | niveles_activos=3 | open_trades=0 | signals=16 | filtered=0 | alerts_sent=1 | cooldown_blocked=15
2026-02-17 08:55:01 | INFO | CANDLE_CLOSE | BTCUSDT | #17 | 08:54:00 | O=68136.10 H=68186.00 L=68099.20 C=68177.80 V=61
2026-02-17 08:55:02 | INFO | SIGNAL_GENERATED | BTCUSDT | SHORT | price_touch | entry_price=68177.80 | level_source=vp_vah | level_price=68275.47 | active_levels=3
2026-02-17 08:55:02 | INFO | BLOCKED_COOLDOWN | BTCUSDT | SHORT | remaining=839s
2026-02-17 08:55:02 | INFO | SUMMARY | BTCUSDT | #17 | niveles_activos=3 | open_trades=0 | signals=17 | filtered=0 | alerts_sent=1 | cooldown_blocked=16
2026-02-17 08:56:01 | INFO | CANDLE_CLOSE | BTCUSDT | #18 | 08:55:00 | O=68177.80 H=68213.60 L=68116.60 C=68125.80 V=51
2026-02-17 08:56:02 | INFO | SIGNAL_GENERATED | BTCUSDT | SHORT | price_touch | entry_price=68125.80 | level_source=vp_vah | level_price=68275.47 | active_levels=3
2026-02-17 08:56:02 | INFO | BLOCKED_COOLDOWN | BTCUSDT | SHORT | remaining=779s
2026-02-17 08:56:02 | INFO | SUMMARY | BTCUSDT | #18 | niveles_activos=3 | open_trades=0 | signals=18 | filtered=0 | alerts_sent=1 | cooldown_blocked=17
2026-02-17 08:57:01 | INFO | CANDLE_CLOSE | BTCUSDT | #19 | 08:56:00 | O=68125.80 H=68169.50 L=68119.20 C=68128.00 V=28
2026-02-17 08:57:02 | INFO | SIGNAL_GENERATED | BTCUSDT | SHORT | price_touch | entry_price=68128.00 | level_source=vp_vah | level_price=68275.47 | active_levels=3
2026-02-17 08:57:02 | INFO | BLOCKED_COOLDOWN | BTCUSDT | SHORT | remaining=719s
2026-02-17 08:57:02 | INFO | SUMMARY | BTCUSDT | #19 | niveles_activos=3 | open_trades=0 | signals=19 | filtered=0 | alerts_sent=1 | cooldown_blocked=18
2026-02-17 08:58:01 | INFO | CANDLE_CLOSE | BTCUSDT | #20 | 08:57:00 | O=68128.00 H=68171.80 L=68125.10 C=68134.50 V=24
2026-02-17 08:58:02 | INFO | SIGNAL_GENERATED | BTCUSDT | SHORT | price_touch | entry_price=68134.50 | level_source=vp_vah | level_price=68275.47 | active_levels=3
2026-02-17 08:58:02 | INFO | BLOCKED_COOLDOWN | BTCUSDT | SHORT | remaining=659s
2026-02-17 08:58:02 | INFO | SUMMARY | BTCUSDT | #20 | niveles_activos=3 | open_trades=0 | signals=20 | filtered=0 | alerts_sent=1 | cooldown_blocked=19
2026-02-17 08:59:01 | INFO | CANDLE_CLOSE | BTCUSDT | #21 | 08:58:00 | O=68134.50 H=68143.50 L=68062.90 C=68072.10 V=28
2026-02-17 08:59:02 | INFO | SIGNAL_GENERATED | BTCUSDT | SHORT | price_touch | entry_price=68072.10 | level_source=vp_vah | level_price=68275.47 | active_levels=3
2026-02-17 08:59:02 | INFO | BLOCKED_COOLDOWN | BTCUSDT | SHORT | remaining=599s
2026-02-17 08:59:02 | INFO | SUMMARY | BTCUSDT | #21 | niveles_activos=3 | open_trades=0 | signals=21 | filtered=0 | alerts_sent=1 | cooldown_blocked=20
2026-02-17 09:00:01 | INFO | CANDLE_CLOSE | BTCUSDT | #22 | 08:59:00 | O=68072.10 H=68106.80 L=68064.60 C=68099.50 V=19
2026-02-17 09:00:02 | INFO | SIGNAL_GENERATED | BTCUSDT | SHORT | price_touch | entry_price=68099.50 | level_source=vp_vah | level_price=68275.47 | active_levels=3
2026-02-17 09:00:02 | INFO | BLOCKED_COOLDOWN | BTCUSDT | SHORT | remaining=539s
2026-02-17 09:00:02 | INFO | SUMMARY | BTCUSDT | #22 | niveles_activos=3 | open_trades=0 | signals=22 | filtered=0 | alerts_sent=1 | cooldown_blocked=21
2026-02-17 09:01:01 | INFO | CANDLE_CLOSE | BTCUSDT | #23 | 09:00:00 | O=68099.50 H=68110.60 L=68075.30 C=68082.30 V=34
2026-02-17 09:01:02 | INFO | SIGNAL_GENERATED | BTCUSDT | SHORT | price_touch | entry_price=68082.30 | level_source=vp_vah | level_price=68275.47 | active_levels=3
2026-02-17 09:01:02 | INFO | BLOCKED_COOLDOWN | BTCUSDT | SHORT | remaining=479s
2026-02-17 09:01:02 | INFO | SUMMARY | BTCUSDT | #23 | niveles_activos=3 | open_trades=0 | signals=23 | filtered=0 | alerts_sent=1 | cooldown_blocked=22
2026-02-17 09:02:01 | INFO | CANDLE_CLOSE | BTCUSDT | #24 | 09:01:00 | O=68082.30 H=68124.90 L=68072.00 C=68090.80 V=43
2026-02-17 09:02:02 | INFO | SIGNAL_GENERATED | BTCUSDT | SHORT | price_touch | entry_price=68090.80 | level_source=vp_vah | level_price=68275.47 | active_levels=3
2026-02-17 09:02:02 | INFO | BLOCKED_COOLDOWN | BTCUSDT | SHORT | remaining=419s
2026-02-17 09:02:02 | INFO | SUMMARY | BTCUSDT | #24 | niveles_activos=3 | open_trades=0 | signals=24 | filtered=0 | alerts_sent=1 | cooldown_blocked=23
2026-02-17 09:03:01 | INFO | CANDLE_CLOSE | BTCUSDT | #25 | 09:02:00 | O=68090.80 H=68090.80 L=68020.10 C=68025.50 V=33
2026-02-17 09:03:02 | INFO | SIGNAL_GENERATED | BTCUSDT | SHORT | price_touch | entry_price=68025.50 | level_source=vp_poc | level_price=68063.31 | active_levels=3
2026-02-17 09:03:02 | INFO | BLOCKED_COOLDOWN | BTCUSDT | SHORT | remaining=359s
2026-02-17 09:03:02 | INFO | SUMMARY | BTCUSDT | #25 | niveles_activos=3 | open_trades=0 | signals=25 | filtered=0 | alerts_sent=1 | cooldown_blocked=24
2026-02-17 09:04:01 | INFO | CANDLE_CLOSE | BTCUSDT | #26 | 09:03:00 | O=68025.50 H=68099.40 L=68025.50 C=68099.40 V=34
2026-02-17 09:04:02 | INFO | SIGNAL_GENERATED | BTCUSDT | SHORT | price_touch | entry_price=68099.40 | level_source=vp_vah | level_price=68275.47 | active_levels=3
2026-02-17 09:04:02 | INFO | BLOCKED_COOLDOWN | BTCUSDT | SHORT | remaining=299s
2026-02-17 09:04:02 | INFO | SUMMARY | BTCUSDT | #26 | niveles_activos=3 | open_trades=0 | signals=26 | filtered=0 | alerts_sent=1 | cooldown_blocked=25
2026-02-17 09:05:01 | INFO | CANDLE_CLOSE | BTCUSDT | #27 | 09:04:00 | O=68099.40 H=68167.10 L=68099.40 C=68167.10 V=38
2026-02-17 09:05:03 | INFO | SIGNAL_GENERATED | BTCUSDT | SHORT | price_touch | entry_price=68167.10 | level_source=vp_vah | level_price=68275.47 | active_levels=3
2026-02-17 09:05:03 | INFO | BLOCKED_COOLDOWN | BTCUSDT | SHORT | remaining=239s
2026-02-17 09:05:03 | INFO | SUMMARY | BTCUSDT | #27 | niveles_activos=3 | open_trades=0 | signals=27 | filtered=0 | alerts_sent=1 | cooldown_blocked=26
2026-02-17 09:15:00 | INFO | ================================================================================
2026-02-17 09:15:00 | INFO | SERVICE_STARTED | symbols=['BTCUSDT'] | interval=1
2026-02-17 09:15:00 | INFO | STRATEGY | name=Sin nombre
2026-02-17 09:15:00 | INFO | ENTRY | signal_type=price_touch
2026-02-17 09:15:00 | INFO | LEVELS | sources=['vp_periodic']
2026-02-17 09:15:00 | INFO | FILTERS | context=['vwap_position', 'dtb_bias']
2026-02-17 09:15:00 | INFO | EXIT_RULES | rules=[]
2026-02-17 09:15:00 | INFO | RISK | sl_method=below_level tp_method=rr_fixed max_trades_per_seg=1 trailing=False
2026-02-17 09:15:00 | INFO | ALERTS | enabled=True target=http://localhost:5000/api/watchlist-alert cooldown=30min
2026-02-17 09:15:00 | INFO | ================================================================================
2026-02-17 09:17:05 | INFO | CANDLE_CLOSE | BTCUSDT | #1 | 09:16:00 | O=68094.10 H=68133.90 L=68094.10 C=68124.70 V=23
2026-02-17 09:17:06 | INFO | SIGNAL_GENERATED | BTCUSDT | LONG | price_touch | entry_price=68124.70 | level_source=vp_poc | level_price=67992.41 | active_levels=6
2026-02-17 09:17:06 | INFO | SIGNAL_PASSED_ALL_FILTERS | BTCUSDT | LONG | entry=68124.70 | computing SL/TP...
2026-02-17 09:17:06 | INFO | SIGNAL_SL_TP_COMPUTED | BTCUSDT | LONG | entry=68124.70 sl=67815.63 tp=69360.97 | risk=309.07 reward=1236.27 | RR=4.00
2026-02-17 09:17:06 | INFO | >>> TRADE_OPENED | BTCUSDT | LONG | price_touch | entry=68124.70 sl=67815.63 tp=69360.97 | level_src=vp_poc level_price=67992.41 | candle_time=2026-02-17 09:16:00 | cooldown_until=09:47:06 | total_trades_opened=1
2026-02-17 09:17:06 | INFO | SENDING_ALERT | BTCUSDT | LONG | target=http://localhost:5000/api/watchlist-alert
2026-02-17 09:17:06 | INFO | ALERT_HTTP_REQUEST | BTCUSDT | LONG | url=http://localhost:5000/api/watchlist-alert | payload={"source": "STRATEGY_BUILDER", "symbol": "BTCUSDT", "interval": "1", "pattern": {"patternType": "SB_PRICE_TOUCH", "price": 68124.7, "confidence": 75, "direction": "LONG"}, "sl_distance": 309.07, "tp_distance": 1236.27}
2026-02-17 09:17:09 | INFO | ALERT_SENT_OK | BTCUSDT | LONG | entry=68124.70 sl=67815.63 tp=69360.97 | response={"success": true, "symbol": "BTCUSDT", "side": "Buy", "price": 68124.7, "quantity": 0.015, "pattern": "SB_PRICE_TOUCH (LONG)", "confidence": 75, "source": "STRATEGY_BUILDER", "result": {"symbol": "BTC
2026-02-17 09:17:09 | INFO | ALERT_RESULT | BTCUSDT | LONG | sent=OK | alerts_sent_total=1
2026-02-17 09:17:09 | INFO | SUMMARY | BTCUSDT | #1 | niveles_activos=6 | open_trades=1 | signals=1 | filtered=0 | alerts_sent=1 | cooldown_blocked=0
2026-02-17 09:18:06 | INFO | CANDLE_CLOSE | BTCUSDT | #2 | 09:17:00 | O=68124.70 H=68163.20 L=68104.10 C=68123.30 V=60
2026-02-17 09:18:07 | INFO | TRADE_MONITOR | BTCUSDT | LONG | OPEN | entry=68124.70 sl=67815.63 tp=69360.97 | close=68123.30 partial_pnl_r=-0.0 | sl_dist=307.67 tp_dist=1237.67
2026-02-17 09:18:07 | INFO | SIGNAL_GENERATED | BTCUSDT | LONG | price_touch | entry_price=68123.30 | level_source=vp_poc | level_price=67992.41 | active_levels=3
2026-02-17 09:18:07 | INFO | BLOCKED_COOLDOWN | BTCUSDT | LONG | remaining=1738s
2026-02-17 09:18:07 | INFO | SUMMARY | BTCUSDT | #2 | niveles_activos=3 | open_trades=1 | signals=2 | filtered=0 | alerts_sent=1 | cooldown_blocked=1
2026-02-17 09:19:06 | INFO | CANDLE_CLOSE | BTCUSDT | #3 | 09:18:00 | O=68123.30 H=68137.90 L=68100.00 C=68101.00 V=16
2026-02-17 09:19:07 | INFO | TRADE_MONITOR | BTCUSDT | LONG | OPEN | entry=68124.70 sl=67815.63 tp=69360.97 | close=68101.00 partial_pnl_r=-0.08 | sl_dist=285.37 tp_dist=1259.97
2026-02-17 09:19:07 | INFO | SIGNAL_GENERATED | BTCUSDT | LONG | price_touch | entry_price=68101.00 | level_source=vp_poc | level_price=67992.41 | active_levels=3
2026-02-17 09:19:07 | INFO | BLOCKED_COOLDOWN | BTCUSDT | LONG | remaining=1679s
2026-02-17 09:19:07 | INFO | SUMMARY | BTCUSDT | #3 | niveles_activos=3 | open_trades=1 | signals=3 | filtered=0 | alerts_sent=1 | cooldown_blocked=2
2026-02-17 09:20:05 | INFO | CANDLE_CLOSE | BTCUSDT | #4 | 09:19:00 | O=68101.00 H=68145.90 L=68100.00 C=68117.90 V=13
2026-02-17 09:20:06 | INFO | TRADE_MONITOR | BTCUSDT | LONG | OPEN | entry=68124.70 sl=67815.63 tp=69360.97 | close=68117.90 partial_pnl_r=-0.02 | sl_dist=302.27 tp_dist=1243.07
2026-02-17 09:20:06 | INFO | SIGNAL_GENERATED | BTCUSDT | LONG | price_touch | entry_price=68117.90 | level_source=vp_poc | level_price=67992.41 | active_levels=3
2026-02-17 09:20:06 | INFO | BLOCKED_COOLDOWN | BTCUSDT | LONG | remaining=1619s
2026-02-17 09:20:06 | INFO | SUMMARY | BTCUSDT | #4 | niveles_activos=3 | open_trades=1 | signals=4 | filtered=0 | alerts_sent=1 | cooldown_blocked=3
2026-02-17 09:21:05 | INFO | CANDLE_CLOSE | BTCUSDT | #5 | 09:20:00 | O=68117.90 H=68128.50 L=68100.00 C=68111.30 V=18
2026-02-17 09:21:06 | INFO | TRADE_MONITOR | BTCUSDT | LONG | OPEN | entry=68124.70 sl=67815.63 tp=69360.97 | close=68111.30 partial_pnl_r=-0.04 | sl_dist=295.67 tp_dist=1249.67
2026-02-17 09:21:06 | INFO | SIGNAL_GENERATED | BTCUSDT | LONG | price_touch | entry_price=68111.30 | level_source=vp_poc | level_price=67992.41 | active_levels=3
2026-02-17 09:21:06 | INFO | BLOCKED_COOLDOWN | BTCUSDT | LONG | remaining=1559s
2026-02-17 09:21:06 | INFO | SUMMARY | BTCUSDT | #5 | niveles_activos=3 | open_trades=1 | signals=5 | filtered=0 | alerts_sent=1 | cooldown_blocked=4
2026-02-17 09:22:05 | INFO | CANDLE_CLOSE | BTCUSDT | #6 | 09:21:00 | O=68111.30 H=68112.30 L=68068.80 C=68083.00 V=11
2026-02-17 09:22:06 | INFO | TRADE_MONITOR | BTCUSDT | LONG | OPEN | entry=68124.70 sl=67815.63 tp=69360.97 | close=68083.00 partial_pnl_r=-0.13 | sl_dist=267.37 tp_dist=1277.97
2026-02-17 09:22:06 | INFO | SIGNAL_GENERATED | BTCUSDT | LONG | price_touch | entry_price=68083.00 | level_source=vp_poc | level_price=67992.41 | active_levels=3
2026-02-17 09:22:06 | INFO | BLOCKED_COOLDOWN | BTCUSDT | LONG | remaining=1499s
2026-02-17 09:22:06 | INFO | SUMMARY | BTCUSDT | #6 | niveles_activos=3 | open_trades=1 | signals=6 | filtered=0 | alerts_sent=1 | cooldown_blocked=5
2026-02-17 09:28:01 | INFO | CANDLE_CLOSE | BTCUSDT | #7 | 09:22:00 | O=68083.00 H=68100.00 L=68044.80 C=68044.80 V=25
2026-02-17 09:28:02 | INFO | TRADE_MONITOR | BTCUSDT | LONG | OPEN | entry=68124.70 sl=67815.63 tp=69360.97 | close=68044.80 partial_pnl_r=-0.26 | sl_dist=229.17 tp_dist=1316.17
2026-02-17 09:28:02 | INFO | SIGNAL_GENERATED | BTCUSDT | LONG | price_touch | entry_price=68044.80 | level_source=vp_poc | level_price=67992.41 | active_levels=3
2026-02-17 09:28:02 | INFO | BLOCKED_COOLDOWN | BTCUSDT | LONG | remaining=1144s
2026-02-17 09:28:02 | INFO | SUMMARY | BTCUSDT | #7 | niveles_activos=3 | open_trades=1 | signals=7 | filtered=0 | alerts_sent=1 | cooldown_blocked=6
2026-02-17 09:30:30 | INFO | CANDLE_CLOSE | BTCUSDT | #8 | 09:23:00 | O=68044.80 H=68044.80 L=67971.30 C=67980.70 V=67
2026-02-17 09:30:31 | INFO | TRADE_MONITOR | BTCUSDT | LONG | OPEN | entry=68124.70 sl=67815.63 tp=69360.97 | close=67980.70 partial_pnl_r=-0.47 | sl_dist=165.07 tp_dist=1380.27
2026-02-17 09:30:31 | INFO | SIGNAL_GENERATED | BTCUSDT | LONG | price_touch | entry_price=67980.70 | level_source=vp_val | level_price=67933.36 | active_levels=3
2026-02-17 09:30:31 | INFO | BLOCKED_COOLDOWN | BTCUSDT | LONG | remaining=995s
2026-02-17 09:30:31 | INFO | SUMMARY | BTCUSDT | #8 | niveles_activos=3 | open_trades=1 | signals=8 | filtered=0 | alerts_sent=1 | cooldown_blocked=7
2026-02-17 09:32:59 | INFO | CANDLE_CLOSE | BTCUSDT | #9 | 09:24:00 | O=67980.70 H=67994.10 L=67947.80 C=67990.80 V=58
2026-02-17 09:33:00 | INFO | TRADE_MONITOR | BTCUSDT | LONG | OPEN | entry=68124.70 sl=67815.63 tp=69360.97 | close=67990.80 partial_pnl_r=-0.43 | sl_dist=175.17 tp_dist=1370.17
2026-02-17 09:33:00 | INFO | SIGNAL_GENERATED | BTCUSDT | LONG | price_touch | entry_price=67990.80 | level_source=vp_val | level_price=67933.36 | active_levels=3
2026-02-17 09:33:00 | INFO | BLOCKED_COOLDOWN | BTCUSDT | LONG | remaining=846s
2026-02-17 09:33:00 | INFO | SUMMARY | BTCUSDT | #9 | niveles_activos=3 | open_trades=1 | signals=9 | filtered=0 | alerts_sent=1 | cooldown_blocked=8
2026-02-17 09:35:43 | INFO | CANDLE_CLOSE | BTCUSDT | #10 | 09:25:00 | O=67990.80 H=68031.40 L=67981.40 C=67992.30 V=10
2026-02-17 09:35:44 | INFO | TRADE_MONITOR | BTCUSDT | LONG | OPEN | entry=68124.70 sl=67815.63 tp=69360.97 | close=67992.30 partial_pnl_r=-0.43 | sl_dist=176.67 tp_dist=1368.67
2026-02-17 09:35:44 | INFO | SIGNAL_GENERATED | BTCUSDT | LONG | price_touch | entry_price=67992.30 | level_source=vp_val | level_price=67933.36 | active_levels=3
2026-02-17 09:35:44 | INFO | BLOCKED_COOLDOWN | BTCUSDT | LONG | remaining=682s
2026-02-17 09:35:44 | INFO | SUMMARY | BTCUSDT | #10 | niveles_activos=3 | open_trades=1 | signals=10 | filtered=0 | alerts_sent=1 | cooldown_blocked=9
2026-02-17 09:38:22 | INFO | CANDLE_CLOSE | BTCUSDT | #11 | 09:26:00 | O=67992.30 H=68027.80 L=67985.40 C=68012.00 V=21
2026-02-17 09:38:23 | INFO | TRADE_MONITOR | BTCUSDT | LONG | OPEN | entry=68124.70 sl=67815.63 tp=69360.97 | close=68012.00 partial_pnl_r=-0.36 | sl_dist=196.37 tp_dist=1348.97
2026-02-17 09:38:23 | INFO | SIGNAL_GENERATED | BTCUSDT | LONG | price_touch | entry_price=68012.00 | level_source=vp_poc | level_price=67992.41 | active_levels=3
2026-02-17 09:38:23 | INFO | BLOCKED_COOLDOWN | BTCUSDT | LONG | remaining=523s
2026-02-17 09:38:23 | INFO | SUMMARY | BTCUSDT | #11 | niveles_activos=3 | open_trades=1 | signals=11 | filtered=0 | alerts_sent=1 | cooldown_blocked=10
2026-02-17 09:41:03 | INFO | CANDLE_CLOSE | BTCUSDT | #12 | 09:27:00 | O=68012.00 H=68034.90 L=68012.00 C=68029.50 V=4
2026-02-17 09:41:04 | INFO | TRADE_MONITOR | BTCUSDT | LONG | OPEN | entry=68124.70 sl=67815.63 tp=69360.97 | close=68029.50 partial_pnl_r=-0.31 | sl_dist=213.87 tp_dist=1331.47
2026-02-17 09:41:04 | INFO | SIGNAL_GENERATED | BTCUSDT | LONG | price_touch | entry_price=68029.50 | level_source=vp_poc | level_price=67992.41 | active_levels=3
2026-02-17 09:41:04 | INFO | BLOCKED_COOLDOWN | BTCUSDT | LONG | remaining=361s
2026-02-17 09:41:04 | INFO | SUMMARY | BTCUSDT | #12 | niveles_activos=3 | open_trades=1 | signals=12 | filtered=0 | alerts_sent=1 | cooldown_blocked=11
2026-02-17 09:43:38 | INFO | CANDLE_CLOSE | BTCUSDT | #13 | 09:28:00 | O=68029.50 H=68050.70 L=68026.00 C=68050.60 V=24
2026-02-17 09:43:39 | INFO | TRADE_MONITOR | BTCUSDT | LONG | OPEN | entry=68124.70 sl=67815.63 tp=69360.97 | close=68050.60 partial_pnl_r=-0.24 | sl_dist=234.97 tp_dist=1310.37
2026-02-17 09:43:39 | INFO | SIGNAL_GENERATED | BTCUSDT | LONG | price_touch | entry_price=68050.60 | level_source=vp_poc | level_price=67992.41 | active_levels=3
2026-02-17 09:43:39 | INFO | BLOCKED_COOLDOWN | BTCUSDT | LONG | remaining=207s
2026-02-17 09:43:39 | INFO | SUMMARY | BTCUSDT | #13 | niveles_activos=3 | open_trades=1 | signals=13 | filtered=0 | alerts_sent=1 | cooldown_blocked=12
2026-02-17 09:52:23 | INFO | CANDLE_CLOSE | BTCUSDT | #14 | 09:50:00 | O=67056.90 H=67085.90 L=66700.00 C=66806.80 V=563
2026-02-17 09:52:24 | INFO | TRADE_CLOSED | BTCUSDT | LONG | LOSS | pnl_r=-1.0 | entry=68124.70 sl=67815.63 tp=69360.97 | close_price=66806.80
2026-02-17 09:52:24 | INFO | EVAL_ENTRY | BTCUSDT | idx=2013 | NO_SIGNAL | signal_type=price_touch | active_levels=3 | close=66806.80
2026-02-17 09:52:24 | INFO | SUMMARY | BTCUSDT | #14 | niveles_activos=3 | open_trades=0 | signals=13 | filtered=0 | alerts_sent=1 | cooldown_blocked=12
2026-02-17 09:53:43 | INFO | CANDLE_CLOSE | BTCUSDT | #15 | 09:51:00 | O=66806.80 H=66917.60 L=66726.20 C=66876.40 V=258
2026-02-17 09:53:44 | INFO | EVAL_ENTRY | BTCUSDT | idx=2014 | NO_SIGNAL | signal_type=price_touch | active_levels=3 | close=66876.40
2026-02-17 09:53:44 | INFO | SUMMARY | BTCUSDT | #15 | niveles_activos=3 | open_trades=0 | signals=13 | filtered=0 | alerts_sent=1 | cooldown_blocked=12
2026-02-17 09:55:09 | INFO | CANDLE_CLOSE | BTCUSDT | #16 | 09:52:00 | O=66876.40 H=66957.20 L=66826.50 C=66826.50 V=153
2026-02-17 09:55:10 | INFO | EVAL_ENTRY | BTCUSDT | idx=2015 | NO_SIGNAL | signal_type=price_touch | active_levels=3 | close=66826.50
2026-02-17 09:55:10 | INFO | SUMMARY | BTCUSDT | #16 | niveles_activos=3 | open_trades=0 | signals=13 | filtered=0 | alerts_sent=1 | cooldown_blocked=12
